{
  "test_name": "Anomaly Detection",
  "n_stars_analyzed": 9851,
  "n_features": 7,
  "anomalies": {
    "isolation_forest": 99,
    "statistical_zscore": 531,
    "hr_position": 9486,
    "high_confidence": 115
  },
  "anomaly_types": {
    "Statistical+HR_Position+RedFaint+HighPM": 17,
    "Statistical+HR_Position+RedFaint": 47,
    "IsolationForest+Statistical+BlueBright": 13,
    "IsolationForest+Statistical+HR_Position+HighPM": 13,
    "IsolationForest+Statistical+HR_Position+BlueBright": 14,
    "IsolationForest+Statistical+BlueBright+HighPM": 1,
    "IsolationForest+Statistical+HR_Position+RedFaint+HighPM": 6,
    "IsolationForest+Statistical+HR_Position": 3,
    "IsolationForest+Statistical+HR_Position+RedFaint": 1
  },
  "anomaly_indices": [
    58,
    99,
    224,
    298,
    623,
    636,
    1177,
    1218,
    1652,
    1688,
    1753,
    1796,
    2096,
    2159,
    2194,
    2304,
    2413,
    2441,
    2456,
    2608,
    2675,
    2679,
    2766,
    2845,
    2854,
    2874,
    3213,
    3261,
    3355,
    3402,
    3451,
    3672,
    3704,
    3706,
    3714,
    3933,
    4301,
    4347,
    4369,
    4392,
    4414,
    4482,
    4572,
    4592,
    4874,
    4888,
    4981,
    4986,
    5051,
    5114,
    5129,
    5164,
    5176,
    5300,
    5304,
    5393,
    5414,
    5459,
    5467,
    5740,
    5903,
    5914,
    6041,
    6043,
    6225,
    6284,
    6363,
    6396,
    6461,
    6462,
    6474,
    6496,
    6595,
    6750,
    6886,
    6946,
    6964,
    7003,
    7059,
    7097,
    7127,
    7131,
    7179,
    7446,
    7456,
    7584,
    7587,
    7659,
    7668,
    7684,
    7899,
    8018,
    8078,
    8138,
    8197,
    8446,
    8526,
    8580,
    8664,
    8740,
    8766,
    8830,
    9007,
    9177,
    9198,
    9223,
    9237,
    9339,
    9411,
    9447,
    9488,
    9489,
    9572,
    9662,
    9816
  ],
  "anomaly_data": [
    {
      "parallax": 5.714708812584817,
      "phot_g_mean_mag": 18.47717,
      "bp_rp": 2.9642353,
      "pmra": 152.90213066349926,
      "pmdec": -119.43575338983828,
      "absolute_mag": 12.262141475429942,
      "luminosity_lsun": 0.0009798134794687,
      "anomaly_score": 6.0
    },
    {
      "parallax": 8.446158864174194,
      "phot_g_mean_mag": 17.781084,
      "bp_rp": 3.314743,
      "pmra": 121.42238896457192,
      "pmdec": -43.134586529153694,
      "absolute_mag": 12.414380289817728,
      "luminosity_lsun": 0.0008516239844801,
      "anomaly_score": 6.0
    },
    {
      "parallax": 6.904314398745259,
      "phot_g_mean_mag": 19.549717,
      "bp_rp": 3.81629,
      "pmra": -5.127275165429633,
      "pmdec": -190.4336725678456,
      "absolute_mag": 13.74531974663953,
      "luminosity_lsun": 0.0002499609124557,
      "anomaly_score": 6.0
    },
    {
      "parallax": 13.800400364030894,
      "phot_g_mean_mag": 17.01803,
      "bp_rp": 3.4907064,
      "pmra": 27.177102100661912,
      "pmdec": -42.29592728811356,
      "absolute_mag": 12.717488596228964,
      "luminosity_lsun": 0.0006441760314288,
      "anomaly_score": 6.0
    },
    {
      "parallax": 6.973506483573425,
      "phot_g_mean_mag": 18.813828,
      "bp_rp": 4.575716,
      "pmra": -19.567219259787244,
      "pmdec": -20.241296828287226,
      "absolute_mag": 13.031083559755915,
      "luminosity_lsun": 0.0004825769520514,
      "anomaly_score": 6.0
    },
    {
      "parallax": 8.655255805517355,
      "phot_g_mean_mag": 7.483755,
      "bp_rp": 0.37617254,
      "pmra": -14.87715707961865,
      "pmdec": -5.963941390997941,
      "absolute_mag": 2.170154651424369,
      "luminosity_lsun": 10.664442069241028,
      "anomaly_score": 7.0
    },
    {
      "parallax": 7.190542251138622,
      "phot_g_mean_mag": 18.529566,
      "bp_rp": 3.230978,
      "pmra": 2.101655156721886,
      "pmdec": -166.9669292370548,
      "absolute_mag": 12.813374023709663,
      "luminosity_lsun": 0.0005897261561893,
      "anomaly_score": 6.0
    },
    {
      "parallax": 11.920417836186092,
      "phot_g_mean_mag": 6.935085,
      "bp_rp": 0.39289045,
      "pmra": -4.33583480554791,
      "pmdec": -21.638680930112063,
      "absolute_mag": 2.3165422129094075,
      "luminosity_lsun": 9.319296188792771,
      "anomaly_score": 7.0
    },
    {
      "parallax": 12.685814730296933,
      "phot_g_mean_mag": 17.619764,
      "bp_rp": 0.43748093,
      "pmra": -78.08768139822214,
      "pmdec": 134.91592809626772,
      "absolute_mag": 13.13635615032054,
      "luminosity_lsun": 0.0004379832883013,
      "anomaly_score": 7.0
    },
    {
      "parallax": 7.081911731752878,
      "phot_g_mean_mag": 18.698368,
      "bp_rp": 3.6248932,
      "pmra": -11.55087036582259,
      "pmdec": -101.84544425184528,
      "absolute_mag": 12.949120619771632,
      "luminosity_lsun": 0.0005204173322394,
      "anomaly_score": 6.0
    },
    {
      "parallax": 10.041617432389936,
      "phot_g_mean_mag": 19.857027,
      "bp_rp": 3.127945,
      "pmra": -25.51942408280469,
      "pmdec": 22.967297043265415,
      "absolute_mag": 14.866045411397224,
      "luminosity_lsun": 8.903932017252373e-05,
      "anomaly_score": 6.0
    },
    {
      "parallax": 5.592976853265303,
      "phot_g_mean_mag": 19.375898,
      "bp_rp": 2.5885658,
      "pmra": -133.01945912155114,
      "pmdec": 19.630547182441827,
      "absolute_mag": 13.11411347114968,
      "luminosity_lsun": 0.0004470484686323,
      "anomaly_score": 6.0
    },
    {
      "parallax": 11.761499486949274,
      "phot_g_mean_mag": 16.878124,
      "bp_rp": 3.078024,
      "pmra": -114.95210870146816,
      "pmdec": -128.8014513913972,
      "absolute_mag": 12.230437706897913,
      "luminosity_lsun": 0.0010088460948926,
      "anomaly_score": 6.0
    },
    {
      "parallax": 6.05149253497529,
      "phot_g_mean_mag": 19.556393,
      "bp_rp": 4.217148,
      "pmra": 8.670485877571283,
      "pmdec": -18.446888902406325,
      "absolute_mag": 13.465705179106632,
      "luminosity_lsun": 0.000323383553042,
      "anomaly_score": 6.0
    },
    {
      "parallax": 10.362162335434505,
      "phot_g_mean_mag": 18.416758,
      "bp_rp": 3.3395367,
      "pmra": -7.255113418082394,
      "pmdec": 24.76647234921853,
      "absolute_mag": 13.494009542303989,
      "luminosity_lsun": 0.0003150621142713,
      "anomaly_score": 6.0
    },
    {
      "parallax": 2.37045362348603,
      "phot_g_mean_mag": 8.338779,
      "bp_rp": 0.15585709,
      "pmra": -6.131533894612033,
      "pmdec": -12.182979387383735,
      "absolute_mag": 0.2129367645883704,
      "luminosity_lsun": 64.68823387740733,
      "anomaly_score": 9.0
    },
    {
      "parallax": 16.171230698454313,
      "phot_g_mean_mag": 9.841554,
      "bp_rp": 1.0621605,
      "pmra": -139.1335144361625,
      "pmdec": -178.23077925549012,
      "absolute_mag": 5.885269052024359,
      "luminosity_lsun": 0.3482510056286073,
      "anomaly_score": 7.0
    },
    {
      "parallax": 14.39960996537543,
      "phot_g_mean_mag": 16.801176,
      "bp_rp": 0.11074066,
      "pmra": -203.99304777766076,
      "pmdec": -27.03309125548263,
      "absolute_mag": 12.592929714914328,
      "luminosity_lsun": 0.0007224838008797,
      "anomaly_score": 7.0
    },
    {
      "parallax": 14.133400592028066,
      "phot_g_mean_mag": 6.9416575,
      "bp_rp": 0.4496131,
      "pmra": -166.5727255827083,
      "pmdec": -13.291562167821036,
      "absolute_mag": 2.692890886277846,
      "luminosity_lsun": 6.589366224582472,
      "anomaly_score": 7.0
    },
    {
      "parallax": 4.328678491027289,
      "phot_g_mean_mag": 7.7333975,
      "bp_rp": 0.32149458,
      "pmra": -20.983501293022545,
      "pmdec": 8.588459045968301,
      "absolute_mag": 0.9151741345846548,
      "luminosity_lsun": 33.87898153566975,
      "anomaly_score": 9.0
    }
  ],