{
  "fil_rc5_0_b0_5_s42": {
    "key": "fil_rc5_0_b0_5_s42",
    "rho_c": 5.0,
    "beta": 0.5,
    "seed": 42,
    "last_step": 6,
    "sim_time": 3.0,
    "rho_max": 517.6712036132812,
    "rho_mean": 0.6061911389467949,
    "n_peaks": 1,
    "lambda": 19.895833015441895,
    "lambda_std": 0.0,
    "W": 0.4166666604578495,
    "lambda_W": 47.74999994859099,
    "lambda_fft": 19.999969482421875,
    "note": "only 1 peak \u2014 lambda is lower limit (box length)"
  },
  "fil_rc5_0_b0_5_s137": {
    "key": "fil_rc5_0_b0_5_s137",
    "rho_c": 5.0,
    "beta": 0.5,
    "seed": 137,
    "last_step": 6,
    "sim_time": 3.0,
    "rho_max": 505.4486083984375,
    "rho_mean": 0.6015544589571012,
    "n_peaks": 0,
    "lambda": null,
    "lambda_std": null,
    "W": 0.4166666604578495,
    "lambda_W": null,
    "lambda_fft": 19.999969482421875,
    "note": "no peaks found"
  },
  "fil_rc5_0_b1_0_s42": {
    "key": "fil_rc5_0_b1_0_s42",
    "rho_c": 5.0,
    "beta": 1.0,
    "seed": 42,
    "last_step": 6,
    "sim_time": 3.0,
    "rho_max": 525.9153442382812,
    "rho_mean": 0.6294691587672787,
    "n_peaks": 1,
    "lambda": 19.895833015441895,
    "lambda_std": 0.0,
    "W": 0.8333333134651184,
    "lambda_W": 23.875000187754637,
    "lambda_fft": 19.999969482421875,
    "note": "only 1 peak \u2014 lambda is lower limit (box length)"
  },
  "fil_rc5_0_b1_0_s137": {
    "key": "fil_rc5_0_b1_0_s137",
    "rho_c": 5.0,
    "beta": 1.0,
    "seed": 137,
    "last_step": 6,
    "sim_time": 3.0,
    "rho_max": 516.1458740234375,
    "rho_mean": 0.6364178194331813,
    "n_peaks": 0,
    "lambda": null,
    "lambda_std": null,
    "W": 1.041666641831398,
    "lambda_W": null,
    "lambda_fft": 19.999969482421875,
    "note": "no peaks found"
  },
  "fil_rc5_0_b2_0_s42": {
    "key": "fil_rc5_0_b2_0_s42",
    "rho_c": 5.0,
    "beta": 2.0,
    "seed": 42,
    "last_step": 6,
    "sim_time": 3.0,
    "rho_max": 526.3109741210938,
    "rho_mean": 0.5928807969973806,
    "n_peaks": 1,
    "lambda": 19.895833015441895,
    "lambda_std": 0.0,
    "W": 0.6249999925494194,
    "lambda_W": 31.833333204189934,
    "lambda_fft": 19.999969482421875,
    "note": "only 1 peak \u2014 lambda is lower limit (box length)"
  },
  "fil_rc5_0_b2_0_s137": {
    "key": "fil_rc5_0_b2_0_s137",
    "rho_c": 5.0,
    "beta": 2.0,
    "seed": 137,
    "last_step": 6,
    "sim_time": 3.0,
    "rho_max": 529.33740234375,
    "rho_mean": 0.5944123971238763,
    "n_peaks": 1,
    "lambda": 19.895833015441895,
    "lambda_std": 0.0,
    "W": 0.6249999925494194,
    "lambda_W": 31.833333204189934,
    "lambda_fft": 19.999969482421875,
    "note": "only 1 peak \u2014 lambda is lower limit (box length)"
  },
  "fil_rc3_0_b0_5_s42": {
    "key": "fil_rc3_0_b0_5_s42",
    "rho_c": 3.0,
    "beta": 0.5,
    "seed": 42,
    "last_step": 8,
    "sim_time": 4.000291,
    "rho_max": 501.27740478515625,
    "rho_mean": 0.31151487655515414,
    "n_peaks": 1,
    "lambda": 19.895833015441895,
    "lambda_std": 0.0,
    "W": 0.5208333246409893,
    "lambda_W": 38.20000002717972,
    "lambda_fft": 19.999969482421875,
    "note": "only 1 peak \u2014 lambda is lower limit (box length)"
  },
  "fil_rc3_0_b0_5_s137": {
    "key": "fil_rc3_0_b0_5_s137",
    "rho_c": 3.0,
    "beta": 0.5,
    "seed": 137,
    "last_step": 9,
    "sim_time": 4.500134,
    "rho_max": 504.4532165527344,
    "rho_mean": 0.26869279627078835,
    "n_peaks": 1,
    "lambda": 19.895833015441895,
    "lambda_std": 0.0,
    "W": 1.6666666641831398,
    "lambda_W": 11.937499827053397,
    "lambda_fft": 19.999969482421875,
    "note": "only 1 peak \u2014 lambda is lower limit (box length)"
  },
  "fil_rc3_0_b1_0_s42": {
    "key": "fil_rc3_0_b1_0_s42",
    "rho_c": 3.0,
    "beta": 1.0,
    "seed": 42,
    "last_step": 10,
    "sim_time": 5.0,
    "rho_max": 500.0054016113281,
    "rho_mean": 0.2406147613897255,
    "n_peaks": 1,
    "lambda": 19.895833015441895,
    "lambda_std": 0.0,
    "W": 0.4166666604578495,
    "lambda_W": 47.74999994859099,
    "lambda_fft": 19.999969482421875,
    "note": "only 1 peak \u2014 lambda is lower limit (box length)"
  },
  "fil_rc3_0_b1_0_s137": {
    "key": "fil_rc3_0_b1_0_s137",
    "rho_c": 3.0,
    "beta": 1.0,
    "seed": 137,
    "last_step": 10,
    "sim_time": 5.0,
    "rho_max": 504.1089172363281,
    "rho_mean": 0.19429846026627762,
    "n_peaks": 1,
    "lambda": 19.895833015441895,
    "lambda_std": 0.0,
    "W": 0.4166666604578495,
    "lambda_W": 47.74999994859099,
    "lambda_fft": 19.999969482421875,
    "note": "only 1 peak \u2014 lambda is lower limit (box length)"
  },
  "fil_rc3_0_b2_0_s42": {
    "key": "fil_rc3_0_b2_0_s42",
    "rho_c": 3.0,
    "beta": 2.0,
    "seed": 42,
    "last_step": 10,
    "sim_time": 5.0,
    "rho_max": 519.5633544921875,
    "rho_mean": 0.22543540358304248,
    "n_peaks": 1,
    "lambda": 19.895833015441895,
    "lambda_std": 0.0,
    "W": 0.5208333246409893,
    "lambda_W": 38.20000002717972,
    "lambda_fft": 19.999969482421875,
    "note": "only 1 peak \u2014 lambda is lower limit (box length)"
  },
  "fil_rc3_0_b2_0_s137": {
    "key": "fil_rc3_0_b2_0_s137",
    "rho_c": 3.0,
    "beta": 2.0,
    "seed": 137,
    "last_step": 10,
    "sim_time": 5.0,
    "rho_max": 519.3635864257812,
    "rho_mean": 0.2055798889431765,
    "n_peaks": 1,
    "lambda": 19.895833015441895,
    "lambda_std": 0.0,
    "W": 0.5208333246409893,
    "lambda_W": 38.20000002717972,
    "lambda_fft": 19.999969482421875,
    "note": "only 1 peak \u2014 lambda is lower limit (box length)"
  },
  "fil_rc2_0_b0_5_s42": {
    "key": "fil_rc2_0_b0_5_s42",
    "rho_c": 2.0,
    "beta": 0.5,
    "seed": 42,
    "last_step": 9,
    "sim_time": 4.500122,
    "rho_max": 508.3636474609375,
    "rho_mean": 0.22276954942919003,
    "n_peaks": 1,
    "lambda": 19.895833015441895,
    "lambda_std": 0.0,
    "W": 0.5208333171904087,
    "lambda_W": 38.200000573635116,
    "lambda_fft": 19.999969482421875,
    "note": "only 1 peak \u2014 lambda is lower limit (box length)"
  },
  "fil_rc2_0_b0_5_s137": {
    "key": "fil_rc2_0_b0_5_s137",
    "rho_c": 2.0,
    "beta": 0.5,
    "seed": 137,
    "last_step": 10,
    "sim_time": 5.0,
    "rho_max": 500.17913818359375,
    "rho_mean": 0.21205464955744024,
    "n_peaks": 1,
    "lambda": 19.895833015441895,
    "lambda_std": 0.0,
    "W": 0.5208333246409893,
    "lambda_W": 38.20000002717972,
    "lambda_fft": 19.999969482421875,
    "note": "only 1 peak \u2014 lambda is lower limit (box length)"
  },
  "fil_rc2_0_b1_0_s42": {
    "key": "fil_rc2_0_b1_0_s42",
    "rho_c": 2.0,
    "beta": 1.0,
    "seed": 42,
    "last_step": 10,
    "sim_time": 5.0,
    "rho_max": 506.2915344238281,
    "rho_mean": 0.1839428465240863,
    "n_peaks": 1,
    "lambda": 19.895833015441895,
    "lambda_std": 0.0,
    "W": 0.4166666604578495,
    "lambda_W": 47.74999994859099,
    "lambda_fft": 19.999969482421875,
    "note": "only 1 peak \u2014 lambda is lower limit (box length)"
  },
  "fil_rc2_0_b1_0_s137": {
    "key": "fil_rc2_0_b1_0_s137",
    "rho_c": 2.0,
    "beta": 1.0,
    "seed": 137,
    "last_step": 3,
    "sim_time": 1.500701,
    "rho_max": 305.62109375,
    "rho_mean": 1.2511253566478477,
    "n_peaks": 1,
    "lambda": 19.895833015441895,
    "lambda_std": 0.0,
    "W": 1.8749999701976776,
    "lambda_W": 10.61111111022808,
    "lambda_fft": 19.999969482421875,
    "note": "only 1 peak \u2014 lambda is lower limit (box length)"
  },
  "fil_rc2_0_b2_0_s42": {
    "key": "fil_rc2_0_b2_0_s42",
    "rho_c": 2.0,
    "beta": 2.0,
    "seed": 42,
    "last_step": 10,
    "sim_time": 5.0,
    "rho_max": 500.5679016113281,
    "rho_mean": 0.2001516320852143,
    "n_peaks": 1,
    "lambda": 19.895833015441895,
    "lambda_std": 0.0,
    "W": 0.4166666604578495,
    "lambda_W": 47.74999994859099,
    "lambda_fft": 19.999969482421875,
    "note": "only 1 peak \u2014 lambda is lower limit (box length)"
  },
  "fil_rc2_0_b2_0_s137": {
    "key": "fil_rc2_0_b2_0_s137",