No data_format specified in output block 'output1', using default
No data_format specified in output block 'output1', using default
No data_format specified in output block 'output1', using default
No data_format specified in output block 'output1', using default
No data_format specified in output block 'output1', using default
No data_format specified in output block 'output1', using default
No data_format specified in output block 'output1', using default
No data_format specified in output block 'output1', using default

Setup complete, entering main loop...

cycle=0 time=0.0000000000000000e+00 dt=2.5053468429498370e-03
cycle=1 time=2.5053468429498370e-03 dt=2.5053122350606185e-03
cycle=2 time=5.0106590780104555e-03 dt=2.5049888693083216e-03
cycle=3 time=7.5156479473187775e-03 dt=2.5043315708200304e-03
cycle=4 time=1.0019979518138808e-02 dt=2.5034104281744349e-03
cycle=5 time=1.2523389946313242e-02 dt=2.5020146021611195e-03
cycle=6 time=1.5025404548474362e-02 dt=2.5002476197459843e-03
cycle=7 time=1.7525652168220347e-02 dt=2.4981448055983319e-03
cycle=8 time=2.0023796973818678e-02 dt=2.4957018644854861e-03
cycle=9 time=2.2519498838304165e-02 dt=2.4928055523431004e-03
cycle=10 time=2.5012304390647264e-02 dt=2.4894894618128689e-03
cycle=11 time=2.7501793852460134e-02 dt=2.4857693362063892e-03
cycle=12 time=2.9987563188666522e-02 dt=2.4816377761135607e-03
cycle=13 time=3.2469200964780079e-02 dt=2.4770877657751085e-03
cycle=14 time=3.4946288730555185e-02 dt=2.4720218747358194e-03
cycle=15 time=3.7418310605291001e-02 dt=2.4663770951916732e-03
cycle=16 time=3.9884687700482674e-02 dt=2.4602130881967821e-03
cycle=17 time=4.2344900788679453e-02 dt=2.4535123335468392e-03
cycle=18 time=4.4798413122226294e-02 dt=2.4462594024505938e-03
cycle=19 time=4.7244672524676887e-02 dt=2.4384432389599050e-03
cycle=20 time=4.9683115763636793e-02 dt=2.4149468186750534e-03
cycle=21 time=5.2098062582311845e-02 dt=2.2759985344412291e-03
cycle=22 time=5.4374061116753074e-02 dt=2.1472955913257440e-03
cycle=23 time=5.6521356708078820e-02 dt=2.0282062056824119e-03
cycle=24 time=5.8549562913761233e-02 dt=1.9180033001988306e-03
cycle=25 time=6.0467566213960065e-02 dt=1.8158832619001137e-03
cycle=26 time=6.2283449475860182e-02 dt=1.7210577902900023e-03
cycle=27 time=6.4004507266150187e-02 dt=1.6328936624396657e-03
cycle=28 time=6.5637400928589856e-02 dt=1.5507058314452790e-03
cycle=29 time=6.7188106760035129e-02 dt=1.4738531964188135e-03
cycle=30 time=6.8661959956453938e-02 dt=1.4017373457503523e-03
cycle=31 time=7.0063697302204297e-02 dt=1.3337989636047840e-03
cycle=32 time=7.1397496265809088e-02 dt=1.2714071272567102e-03
cycle=33 time=7.2668903393065795e-02 dt=1.2144011390590947e-03
cycle=34 time=7.3883304532124897e-02 dt=1.1578506552636326e-03
cycle=35 time=7.5041155187388534e-02 dt=1.1046011517091840e-03
cycle=36 time=7.6145756339097717e-02 dt=1.0551043630546916e-03
cycle=37 time=7.7200860702152402e-02 dt=1.0089441414108259e-03
cycle=38 time=7.8209804843563227e-02 dt=9.6609660731323882e-04
cycle=39 time=7.9175901450876468e-02 dt=9.2627936025819764e-04
cycle=40 time=8.0102180811134668e-02 dt=8.8907593134765115e-04
cycle=41 time=8.0991256742482323e-02 dt=8.5419947517140617e-04
cycle=42 time=8.1845456217653725e-02 dt=8.2147593201397045e-04
cycle=43 time=8.2666932149667693e-02 dt=7.9088776556267379e-04
cycle=44 time=8.3457819915230366e-02 dt=7.6282030046140640e-04
cycle=45 time=8.4220640215691769e-02 dt=7.3701610142867704e-04
cycle=46 time=8.4957656317120447e-02 dt=7.1325396762763943e-04
cycle=47 time=8.5670910284748089e-02 dt=6.9149560529085919e-04
cycle=48 time=8.6362405890038949e-02 dt=6.7159995200999280e-04
cycle=49 time=8.7034005842048942e-02 dt=6.5321435063932741e-04
cycle=50 time=8.7687220192688264e-02 dt=6.3336175457421565e-04
cycle=51 time=8.8320581947262486e-02 dt=6.1318084118184104e-04
cycle=52 time=8.8933762788444323e-02 dt=5.9411976531038879e-04
cycle=53 time=8.9527882553754712e-02 dt=5.7616685969030801e-04
cycle=54 time=9.0104049413445020e-02 dt=5.5930833061629097e-04
cycle=55 time=9.0663357744061313e-02 dt=5.4351246435994439e-04
cycle=56 time=9.1206870208421262e-02 dt=5.2873941269689258e-04
cycle=57 time=9.1735609621118153e-02 dt=5.1492587285802962e-04
cycle=58 time=9.2250535493976188e-02 dt=5.0201882146172331e-04
cycle=59 time=9.2752554315437913e-02 dt=4.8999350496137424e-04
cycle=60 time=9.3242547820399285e-02 dt=4.7878791019175166e-04
cycle=61 time=9.3721335730591035e-02 dt=4.6833667178890724e-04
cycle=62 time=9.4189672402379937e-02 dt=4.5856824263433598e-04
cycle=63 time=9.4648240645014273e-02 dt=4.4942032781360413e-04
cycle=64 time=9.5097660972827874e-02 dt=4.4082039208473699e-04
cycle=65 time=9.5538481364912609e-02 dt=4.3280543016056112e-04
cycle=66 time=9.5971286795073163e-02 dt=4.2520462497499986e-04
cycle=67 time=9.6396491420048164e-02 dt=4.1564297995898492e-04
cycle=68 time=9.6812134400007147e-02 dt=4.0644228247554265e-04
cycle=69 time=9.7218576682482682e-02 dt=3.9761493109004346e-04
cycle=70 time=9.7616191613572725e-02 dt=3.8916870383580817e-04
cycle=71 time=9.8005360317408530e-02 dt=3.8111105184338349e-04
cycle=72 time=9.8386471369251910e-02 dt=3.7344705332246857e-04
cycle=73 time=9.8759918422574380e-02 dt=3.6617937635510946e-04
cycle=74 time=9.9126097798929488e-02 dt=3.5930795338823772e-04
cycle=75 time=9.9485405752317721e-02 dt=3.5283025287436700e-04
cycle=76 time=9.9838236005192094e-02 dt=3.4674017739765722e-04
cycle=77 time=1.0018497618258976e-01 dt=3.4102598914819836e-04
cycle=78 time=1.0052600217173796e-01 dt=3.3567354919899632e-04
cycle=79 time=1.0086167572093696e-01 dt=3.3065890391598059e-04
cycle=80 time=1.0119233462485294e-01 dt=3.2596174597222018e-04
cycle=81 time=1.0151829637082516e-01 dt=3.2161752644765073e-04
cycle=82 time=1.0183991389727280e-01 dt=3.1654589826309097e-04
cycle=83 time=1.0215645979553589e-01 dt=3.1099067730506493e-04
cycle=84 time=1.0246745047284096e-01 dt=3.0560502326652377e-04
cycle=85 time=1.0277305549610749e-01 dt=3.0039950596553414e-04
cycle=86 time=1.0307345500207303e-01 dt=2.9538548930188780e-04
cycle=87 time=1.0336884049137492e-01 dt=2.9057299698933658e-04
cycle=88 time=1.0365941348836426e-01 dt=2.8597098021651698e-04
cycle=89 time=1.0394538446858077e-01 dt=2.8158467799136024e-04
cycle=90 time=1.0422696914657213e-01 dt=2.7742094173692841e-04
cycle=91 time=1.0450439008830906e-01 dt=2.7348384460840284e-04
cycle=92 time=1.0477787393291746e-01 dt=2.6977514634038218e-04
cycle=93 time=1.0504764907925784e-01 dt=2.6629341620514329e-04
cycle=94 time=1.0531394249546298e-01 dt=2.6303164883595252e-04
cycle=95 time=1.0557697414429894e-01 dt=2.5997839129083286e-04
cycle=96 time=1.0583695253558977e-01 dt=2.5715442280651804e-04
cycle=97 time=1.0609410695839629e-01 dt=2.5417010162729503e-04
cycle=98 time=1.0634827706002359e-01 dt=2.5045641968579418e-04
cycle=99 time=1.0659873347970938e-01 dt=2.4683376652068055e-04
cycle=100 time=1.0684556724623007e-01 dt=2.4331143339365719e-04
cycle=101 time=1.0708887867962372e-01 dt=2.3989877994572926e-04
cycle=102 time=1.0732877745956945e-01 dt=2.3660457045471329e-04
cycle=103 time=1.0756538203002416e-01 dt=2.3343735926949276e-04
cycle=104 time=1.0779881938929366e-01 dt=2.3040104372327769e-04
cycle=105 time=1.0802922043301694e-01 dt=2.2750387586443729e-04
cycle=106 time=1.0825672430888138e-01 dt=2.2475205272130174e-04
cycle=107 time=1.0848147636160269e-01 dt=2.2214943500675245e-04
cycle=108 time=1.0870362579660944e-01 dt=2.1969909616625574e-04
cycle=109 time=1.0892332489277570e-01 dt=2.1740124392599888e-04
cycle=110 time=1.0914072613670170e-01 dt=2.1525150381499278e-04
cycle=111 time=1.0935597764051669e-01 dt=2.1326029909661572e-04
cycle=112 time=1.0956923793961330e-01 dt=2.1142831331454246e-04
cycle=113 time=1.0978066625292784e-01 dt=2.0894938026297304e-04
cycle=114 time=1.0998961563319082e-01 dt=2.0634671771158840e-04
cycle=115 time=1.1019596235090241e-01 dt=2.0380427212155581e-04
cycle=116 time=1.1039976662302396e-01 dt=2.0132979554933432e-04
cycle=117 time=1.1060109641857330e-01 dt=1.9892805959089905e-04
cycle=118 time=1.1080002447816420e-01 dt=1.9660717344910646e-04
cycle=119 time=1.1099663165161330e-01 dt=1.9437345795236154e-04
cycle=120 time=1.1119100510956567e-01 dt=1.9223140266196877e-04
cycle=121 time=1.1138323651222765e-01 dt=1.9018517480699567e-04
cycle=122 time=1.1157342168703464e-01 dt=1.8823970324839711e-04
cycle=123 time=1.1176166139028304e-01 dt=1.8639935751502116e-04
cycle=124 time=1.1194806074779806e-01 dt=1.8466749738827145e-04
cycle=125 time=1.1213272824518633e-01 dt=1.8304506089227476e-04
cycle=126 time=1.1231577330607860e-01 dt=1.8152938961577260e-04
cycle=127 time=1.1249730269569437e-01 dt=1.8013999612891471e-04
cycle=128 time=1.1267744269182328e-01 dt=1.7886967922188795e-04
cycle=129 time=1.1285631237104517e-01 dt=1.7692942488436975e-04
cycle=130 time=1.1303324179592954e-01 dt=1.7500092306053832e-04
cycle=131 time=1.1320824271899008e-01 dt=1.7311476751734944e-04
cycle=132 time=1.1338135748650742e-01 dt=1.7127714942613730e-04
cycle=133 time=1.1355263463593356e-01 dt=1.6949316628540398e-04
cycle=134 time=1.1372212780221896e-01 dt=1.6776747602924104e-04
cycle=135 time=1.1388989527824821e-01 dt=1.6610422428056009e-04
cycle=136 time=1.1405599950252877e-01 dt=1.6450729225512466e-04
cycle=137 time=1.1422050679478390e-01 dt=1.6298038852583969e-04
cycle=138 time=1.1438348718330975e-01 dt=1.6152741474270398e-04
cycle=139 time=1.1454501459805246e-01 dt=1.6015229290331030e-04
cycle=140 time=1.1470516689095576e-01 dt=1.5885833034279742e-04
cycle=141 time=1.1486402522129856e-01 dt=1.5764725734584997e-04
cycle=142 time=1.1502167247864441e-01 dt=1.5651761286255772e-04
cycle=143 time=1.1517819009150697e-01 dt=1.5548957058756125e-04
cycle=144 time=1.1533367966209453e-01 dt=1.5455766862971650e-04
cycle=145 time=1.1548823733072425e-01 dt=1.5309663092291103e-04
cycle=146 time=1.1564133396164716e-01 dt=1.5160568301967852e-04
cycle=147 time=1.1579293964466685e-01 dt=1.5014580240026870e-04
cycle=148 time=1.1594308544706712e-01 dt=1.4872050189332982e-04
cycle=149 time=1.1609180594896044e-01 dt=1.4733632461408914e-04
cycle=150 time=1.1623914227357453e-01 dt=1.4599695590695823e-04
cycle=151 time=1.1638513922948149e-01 dt=1.4470566891284736e-04
cycle=152 time=1.1652984489839434e-01 dt=1.4346544478382361e-04
cycle=153 time=1.1667331034317817e-01 dt=1.4227946404414625e-04
cycle=154 time=1.1681558980722231e-01 dt=1.4115040126223201e-04
cycle=155 time=1.1695674020848455e-01 dt=1.4007987735514579e-04
cycle=156 time=1.1709682008583970e-01 dt=1.3907282258343907e-04
cycle=157 time=1.1723589290842314e-01 dt=1.3813117643308279e-04
cycle=158 time=1.1737402408485621e-01 dt=1.3725603765467047e-04
cycle=159 time=1.1751128012251089e-01 dt=1.3646360476281843e-04
cycle=160 time=1.1764774372727370e-01 dt=1.3574882454095552e-04
cycle=161 time=1.1778349255181465e-01 dt=1.3463004304261066e-04
cycle=162 time=1.1791812259485726e-01 dt=1.3343617448932361e-04
cycle=163 time=1.1805155876934659e-01 dt=1.3226740441436984e-04
cycle=164 time=1.1818382617376096e-01 dt=1.3112757645964665e-04
cycle=165 time=1.1831495375022061e-01 dt=1.3002022221240514e-04
cycle=166 time=1.1844497397243302e-01 dt=1.2894841600124938e-04
cycle=167 time=1.1857392238843427e-01 dt=1.2791487353056729e-04
cycle=168 time=1.1870183726196484e-01 dt=1.2692211968882300e-04
cycle=169 time=1.1882875938165367e-01 dt=1.2597270963596074e-04
cycle=170 time=1.1895473209128964e-01 dt=1.2506939437561702e-04
cycle=171 time=1.1907980148566526e-01 dt=1.2421508277837208e-04
cycle=172 time=1.1920401656844364e-01 dt=1.2341253159981673e-04
cycle=173 time=1.1932742910004346e-01 dt=1.2266348364360524e-04
cycle=174 time=1.1945009258368706e-01 dt=1.2197076504519562e-04
cycle=175 time=1.1957206334873226e-01 dt=1.2134747934235462e-04
cycle=176 time=1.1969341082807461e-01 dt=1.2078326523546530e-04
cycle=177 time=1.1981419409331008e-01 dt=1.1989413865313197e-04
cycle=178 time=1.1993408823196321e-01 dt=1.1891627874267258e-04
cycle=179 time=1.2005300451070589e-01 dt=1.1795877769135075e-04
cycle=180 time=1.2017096328839724e-01 dt=1.1702491933222512e-04
cycle=181 time=1.2028798820772947e-01 dt=1.1611783438553869e-04
cycle=182 time=1.2040410604211500e-01 dt=1.1524008232509833e-04
cycle=183 time=1.2051934612444010e-01 dt=1.1439395924134006e-04
cycle=184 time=1.2063374008368144e-01 dt=1.1358160615033252e-04
cycle=185 time=1.2074732168983177e-01 dt=1.1280518877099229e-04
cycle=186 time=1.2086012687860276e-01 dt=1.1206706301426492e-04
cycle=187 time=1.2097219394161703e-01 dt=1.1136974993384684e-04
cycle=188 time=1.2108356369155088e-01 dt=1.1071567185192064e-04
cycle=189 time=1.2119427936340280e-01 dt=1.1010641728063776e-04
cycle=190 time=1.2130438578068344e-01 dt=1.0954651364839672e-04
cycle=191 time=1.2141393229433184e-01 dt=1.0904520483491305e-04
cycle=192 time=1.2152297749916675e-01 dt=1.0858401253194189e-04
cycle=193 time=1.2163156151169870e-01 dt=1.0786582029835492e-04
cycle=194 time=1.2173942733199705e-01 dt=1.0704916318759427e-04
cycle=195 time=1.2184647649518465e-01 dt=1.0624966826106284e-04
cycle=196 time=1.2195272616344571e-01 dt=1.0547021790996643e-04
cycle=197 time=1.2205819638135568e-01 dt=1.0471339980653345e-04
cycle=198 time=1.2216290978116220e-01 dt=1.0398146948011969e-04
cycle=199 time=1.2226689125064233e-01 dt=1.0327643003799734e-04
cycle=200 time=1.2237016768068032e-01 dt=1.0260012581003432e-04
cycle=201 time=1.2247276780649036e-01 dt=1.0195443525620980e-04
cycle=202 time=1.2257472224174656e-01 dt=1.0134140401700532e-04
cycle=203 time=1.2267606364576357e-01 dt=1.0076325703146585e-04
cycle=204 time=1.2277682690279504e-01 dt=1.0022210285534577e-04
cycle=205 time=1.2287704900565039e-01 dt=9.9719292032356900e-05
cycle=206 time=1.2297676829768274e-01 dt=9.9260870877629730e-05
cycle=207 time=1.2307602916856036e-01 dt=9.8852406333877117e-05
cycle=208 time=1.2317488157489424e-01 dt=9.8436584345921779e-05
cycle=209 time=1.2327331815924017e-01 dt=9.7865401022659144e-05
cycle=210 time=1.2337118356026283e-01 dt=9.7172828370160495e-05
cycle=211 time=1.2346835638863299e-01 dt=9.6495119910547722e-05
cycle=212 time=1.2356485150854353e-01 dt=9.5834859497915891e-05
cycle=213 time=1.2366068636804145e-01 dt=9.5194242887112370e-05
cycle=214 time=1.2375588061092856e-01 dt=9.4575218365286324e-05
cycle=215 time=1.2385045582929384e-01 dt=9.3979490239826181e-05
cycle=216 time=1.2394443531953367e-01 dt=9.3408651010516556e-05
cycle=217 time=1.2403784397054418e-01 dt=9.2864361334603620e-05
cycle=218 time=1.2413070833187878e-01 dt=9.2348445750020232e-05
cycle=219 time=1.2422305677762881e-01 dt=9.1862872256268349e-05
cycle=220 time=1.2431491964988507e-01 dt=9.1409467459419255e-05
cycle=221 time=1.2440632911734449e-01 dt=9.0989319913910337e-05
cycle=222 time=1.2449731843725841e-01 dt=9.0607082770837122e-05
cycle=223 time=1.2458792552002924e-01 dt=9.0255443267521127e-05
cycle=224 time=1.2467818096329676e-01 dt=8.9876888564780001e-05
cycle=225 time=1.2476805785186154e-01 dt=8.9426472630635916e-05
cycle=226 time=1.2485748432449217e-01 dt=8.8831612747108265e-05
cycle=227 time=1.2494631593723929e-01 dt=8.8249956238022035e-05
cycle=228 time=1.2503456589347731e-01 dt=8.7683717343501420e-05
cycle=229 time=1.2512224961082080e-01 dt=8.7134851485331228e-05
cycle=230 time=1.2520938446230614e-01 dt=8.6604975052634214e-05
cycle=231 time=1.2529598943735878e-01 dt=8.6095523964068363e-05
cycle=232 time=1.2538208496132286e-01 dt=8.5607915905730404e-05
cycle=233 time=1.2546769287722859e-01 dt=8.5143627205053324e-05
cycle=234 time=1.2555283650443363e-01 dt=8.4704297263061220e-05
cycle=235 time=1.2563754080169670e-01 dt=8.4286265502476543e-05
cycle=236 time=1.2572182706719917e-01 dt=8.3895460717652487e-05
cycle=237 time=1.2580572252791683e-01 dt=8.3533619388187795e-05
cycle=238 time=1.2588925614730501e-01 dt=8.3196084892771192e-05
cycle=239 time=1.2597245223219777e-01 dt=8.2879116634559043e-05
cycle=240 time=1.2605533134883234e-01 dt=8.2536012288069959e-05
cycle=241 time=1.2613786736112043e-01 dt=8.2212316338781265e-05
cycle=242 time=1.2622007967745921e-01 dt=8.1696188776600185e-05
cycle=243 time=1.2630177586623581e-01 dt=8.1191838752639421e-05
cycle=244 time=1.2638296770498844e-01 dt=8.0701205676094820e-05
cycle=245 time=1.2646366891066455e-01 dt=8.0225582029546167e-05
cycle=246 time=1.2654389449269410e-01 dt=7.9763886708727346e-05
cycle=247 time=1.2662365837940281e-01 dt=7.9319693025880244e-05
cycle=248 time=1.2670297807242870e-01 dt=7.8894402432995775e-05
cycle=249 time=1.2678187247486170e-01 dt=7.8489333695089912e-05
cycle=250 time=1.2686036180855678e-01 dt=7.8105934348125385e-05
cycle=251 time=1.2693846774290490e-01 dt=7.7745775030003738e-05
cycle=252 time=1.2701621351793491e-01 dt=7.7410146373233866e-05
cycle=253 time=1.2709362366430815e-01 dt=7.7082585906395563e-05
cycle=254 time=1.2717070625021454e-01 dt=7.6781545615785702e-05
cycle=255 time=1.2724748779583031e-01 dt=7.6497897653950408e-05
cycle=256 time=1.2732398569348427e-01 dt=7.6192716535256400e-05
cycle=257 time=1.2740017841001952e-01 dt=7.5917135534361307e-05
cycle=258 time=1.2747609554555389e-01 dt=7.5508705534204338e-05
cycle=259 time=1.2755160425108811e-01 dt=7.5066572862727445e-05
cycle=260 time=1.2762667082395082e-01 dt=7.4635873886545084e-05
cycle=261 time=1.2770130669783736e-01 dt=7.4218110594189134e-05
cycle=262 time=1.2777552480843155e-01 dt=7.3814626908254606e-05
cycle=263 time=1.2784933943533980e-01 dt=7.3426630115764672e-05
cycle=264 time=1.2792276606545555e-01 dt=7.3055377975896700e-05
cycle=265 time=1.2799582144343144e-01 dt=7.2702157997765285e-05
cycle=266 time=1.2806852360142920e-01 dt=7.2368282872276610e-05
cycle=267 time=1.2814089188430147e-01 dt=7.2045042879079809e-05
cycle=268 time=1.2821293692718055e-01 dt=7.1736652964663329e-05
cycle=269 time=1.2828467358014523e-01 dt=7.1450334652094693e-05
cycle=270 time=1.2835612391479731e-01 dt=7.1189368162897804e-05
cycle=271 time=1.2842731328296020e-01 dt=7.0921369767378237e-05
cycle=272 time=1.2849823465272758e-01 dt=7.0656049315520061e-05
cycle=273 time=1.2856889070204311e-01 dt=7.0389257944016874e-05
cycle=274 time=1.2863927995998711e-01 dt=7.0096977949060112e-05
cycle=275 time=1.2870937693793616e-01 dt=6.9707150700686320e-05
cycle=276 time=1.2877908408863684e-01 dt=6.9327515084134926e-05
cycle=277 time=1.2884841160372096e-01 dt=6.8959400643112546e-05
cycle=278 time=1.2891737100436407e-01 dt=6.8604014465338862e-05
cycle=279 time=1.2898597501882941e-01 dt=6.8262450846925132e-05
cycle=280 time=1.2905423746967634e-01 dt=6.7935748437034956e-05
cycle=281 time=1.2912217321811337e-01 dt=6.7615423730395222e-05
cycle=282 time=1.2918978864184377e-01 dt=6.7309231439973931e-05
cycle=283 time=1.2925709787328374e-01 dt=6.7020001390527700e-05
cycle=284 time=1.2932411787467427e-01 dt=6.6748903966020912e-05
cycle=285 time=1.2939086677864028e-01 dt=6.6497979881600025e-05
cycle=286 time=1.2945736475852188e-01 dt=6.6245764672646709e-05
cycle=287 time=1.2952361052319453e-01 dt=6.6010079011278436e-05
cycle=288 time=1.2958962060220580e-01 dt=6.5766695097903410e-05
cycle=289 time=1.2965538729730369e-01 dt=6.5517834035819225e-05
cycle=290 time=1.2972090513133952e-01 dt=6.5288811399543504e-05
cycle=291 time=1.2978619394273908e-01 dt=6.4979105028747298e-05
cycle=292 time=1.2985117304776783e-01 dt=6.4642174070351824e-05
cycle=293 time=1.2991581522183818e-01 dt=6.4315383872562803e-05
cycle=294 time=1.2998013060571073e-01 dt=6.3993090626563229e-05
cycle=295 time=1.3004412369633730e-01 dt=6.3681973834705247e-05
cycle=296 time=1.3010780567017202e-01 dt=6.3383034120618683e-05
cycle=297 time=1.3017118870429265e-01 dt=6.3097269214037072e-05
cycle=298 time=1.3023428597350667e-01 dt=6.2825682657992386e-05
cycle=299 time=1.3029711165616467e-01 dt=6.2569323628420602e-05
cycle=300 time=1.3035968097979309e-01 dt=6.2329259420351431e-05
cycle=301 time=1.3042201023921343e-01 dt=6.2089110128491824e-05
cycle=302 time=1.3048409934934194e-01 dt=6.1861281939586962e-05
cycle=303 time=1.3054596063128152e-01 dt=6.1652056061867468e-05
cycle=304 time=1.3060761268734339e-01 dt=6.1414246344804681e-05
cycle=305 time=1.3066902693368820e-01 dt=6.1193139742070693e-05
cycle=306 time=1.3073022007343027e-01 dt=6.0989860216721566e-05
cycle=307 time=1.3079120993364698e-01 dt=6.0759475540209538e-05
cycle=308 time=1.3085196940918720e-01 dt=6.0454674149598810e-05
cycle=309 time=1.3091242408333681e-01 dt=6.0157832703950505e-05
cycle=310 time=1.3097258191604075e-01 dt=5.9869970768807638e-05
cycle=311 time=1.3103245188680956e-01 dt=5.9592062720068486e-05
cycle=312 time=1.3109204394952964e-01 dt=5.9325033558072600e-05
cycle=313 time=1.3115136898308771e-01 dt=5.9069789452546920e-05
cycle=314 time=1.3121043877254027e-01 dt=5.8827260692596407e-05
cycle=315 time=1.3126926603323286e-01 dt=5.8598419388079871e-05
cycle=316 time=1.3132786445262093e-01 dt=5.8367473155158451e-05
cycle=317 time=1.3138623192577609e-01 dt=5.8148738982947669e-05
cycle=318 time=1.3144438066475903e-01 dt=5.7945489003706934e-05
cycle=319 time=1.3150232615376273e-01 dt=5.7737853407031437e-05
cycle=320 time=1.3156006400716977e-01 dt=5.7525301234285152e-05
cycle=321 time=1.3161758930840406e-01 dt=5.7327577340799526e-05
cycle=322 time=1.3167491688574487e-01 dt=5.7146189956423859e-05
cycle=323 time=1.3173206307570129e-01 dt=5.6972331770762944e-05
cycle=324 time=1.3178903540747205e-01 dt=5.6698831548177028e-05
cycle=325 time=1.3184573423902024e-01 dt=5.6432369141705970e-05
cycle=326 time=1.3190216660816195e-01 dt=5.6173872905658521e-05
cycle=327 time=1.3195834048106761e-01 dt=5.5924241998037903e-05
cycle=328 time=1.3201426472306566e-01 dt=5.5684338063240112e-05
cycle=329 time=1.3206994906112890e-01 dt=5.5455004372619715e-05
cycle=330 time=1.3212540406550152e-01 dt=5.5234402212000095e-05
cycle=331 time=1.3218063846771352e-01 dt=5.5013736901113490e-05
cycle=332 time=1.3223565220461464e-01 dt=5.4804380845730473e-05
cycle=333 time=1.3229045658546038e-01 dt=5.4608343172591184e-05
cycle=334 time=1.3234506492863296e-01 dt=5.4422471303244541e-05
cycle=335 time=1.3239948739993621e-01 dt=5.4219905581945190e-05
cycle=336 time=1.3245370730551814e-01 dt=5.4028910936200032e-05
cycle=337 time=1.3250773621645434e-01 dt=5.3851229521467333e-05
cycle=338 time=1.3256158744597582e-01 dt=5.3688484214010425e-05
cycle=339 time=1.3261527593018982e-01 dt=5.3532072315736483e-05
cycle=340 time=1.3266880800250555e-01 dt=5.3313025152758358e-05
cycle=341 time=1.3272212102765832e-01 dt=5.3072822978822490e-05
cycle=342 time=1.3277519385063713e-01 dt=5.2839678491501210e-05
cycle=343 time=1.3282803352912864e-01 dt=5.2614405832168206e-05
cycle=344 time=1.3288064793496082e-01 dt=5.2397805834402245e-05
cycle=345 time=1.3293304574079523e-01 dt=5.2182984686844815e-05
cycle=346 time=1.3298522872548207e-01 dt=5.1973972504295320e-05
cycle=347 time=1.3303720269798636e-01 dt=5.1774394933236799e-05
cycle=348 time=1.3308897709291959e-01 dt=5.1586044380443477e-05
cycle=349 time=1.3314056313730002e-01 dt=5.1409300088062386e-05
cycle=350 time=1.3319197243738809e-01 dt=5.1223814134766338e-05
cycle=351 time=1.3324319625152287e-01 dt=5.1040930237215138e-05
cycle=352 time=1.3329423718176009e-01 dt=5.0868311054702484e-05
cycle=353 time=1.3334510549281478e-01 dt=5.0708199551811100e-05
cycle=354 time=1.3339581369236658e-01 dt=5.0561198751616238e-05
cycle=355 time=1.3344637489111819e-01 dt=5.0416332172655599e-05
cycle=356 time=1.3349679122329083e-01 dt=5.0244871991574923e-05
cycle=357 time=1.3354703609528240e-01 dt=5.0027436972833976e-05
cycle=358 time=1.3359706353225523e-01 dt=4.9816197018172310e-05
cycle=359 time=1.3364687972927339e-01 dt=4.9606209596642924e-05
cycle=360 time=1.3369648593887004e-01 dt=4.9401750150154813e-05
cycle=361 time=1.3374588768902021e-01 dt=4.9204246641151193e-05
cycle=362 time=1.3379509193566136e-01 dt=4.9014720172339991e-05
cycle=363 time=1.3384410665583371e-01 dt=4.8834520143628507e-05
cycle=364 time=1.3389294117597733e-01 dt=4.8664040134258276e-05
cycle=365 time=1.3394160521611159e-01 dt=4.8495280072587872e-05
cycle=366 time=1.3399010049618418e-01 dt=4.8320687770095804e-05
cycle=367 time=1.3403842118395429e-01 dt=4.8154759453699405e-05
cycle=368 time=1.3408657594340798e-01 dt=4.7998738672365520e-05
cycle=369 time=1.3413457468208034e-01 dt=4.7853452630041565e-05
cycle=370 time=1.3418242813471037e-01 dt=4.7719523132317564e-05
cycle=371 time=1.3423014765784269e-01 dt=4.7581347722170560e-05
cycle=372 time=1.3427772900556487e-01 dt=4.7435258358568781e-05
cycle=373 time=1.3432516426392344e-01 dt=4.7243016236421727e-05
cycle=374 time=1.3437240728015987e-01 dt=4.7046977936344951e-05
cycle=375 time=1.3441945425809620e-01 dt=4.6855609547229048e-05
cycle=376 time=1.3446630986764344e-01 dt=4.6669505457398149e-05
cycle=377 time=1.3451297937310083e-01 dt=4.6490310828874484e-05
cycle=378 time=1.3455946968392971e-01 dt=4.6318612300519077e-05
cycle=379 time=1.3460578829623021e-01 dt=4.6154851718209143e-05
cycle=380 time=1.3465194314794843e-01 dt=4.5998375868908056e-05
cycle=381 time=1.3469794152381734e-01 dt=4.5832244272878242e-05
cycle=382 time=1.3474377376809021e-01 dt=4.5673789487879756e-05
cycle=383 time=1.3478944755757810e-01 dt=4.5523399584658179e-05
cycle=384 time=1.3483497095716276e-01 dt=4.5381246108412985e-05
cycle=385 time=1.3488035220327119e-01 dt=4.5248257244579951e-05
cycle=386 time=1.3492560046051577e-01 dt=4.5125189502265868e-05
cycle=387 time=1.3497072565001803e-01 dt=4.4981466954221541e-05
cycle=388 time=1.3501570711697225e-01 dt=4.4845267634968774e-05
cycle=389 time=1.3506055238460721e-01 dt=4.4693395162678079e-05
cycle=390 time=1.3510524577976987e-01 dt=4.4515015857147995e-05
cycle=391 time=1.3514976079562702e-01 dt=4.4341116078898725e-05
cycle=392 time=1.3519410191170592e-01 dt=4.4172362955729751e-05
cycle=393 time=1.3523827427466165e-01 dt=4.4009342633296327e-05
cycle=394 time=1.3528228361729494e-01 dt=4.3852583924037344e-05
cycle=395 time=1.3532613620121897e-01 dt=4.3702240830760007e-05
cycle=396 time=1.3536983844204972e-01 dt=4.3545010612476566e-05
cycle=397 time=1.3541338345266221e-01 dt=4.3392383888810897e-05
cycle=398 time=1.3545677583655102e-01 dt=4.3245909114106549e-05
cycle=399 time=1.3550002174566514e-01 dt=4.3106210667736948e-05
cycle=400 time=1.3554312795633289e-01 dt=4.2973883313077904e-05
cycle=401 time=1.3558610183964598e-01 dt=4.2849691868385346e-05
cycle=402 time=1.3562895153151436e-01 dt=4.2734451908858947e-05
cycle=403 time=1.3567168598342322e-01 dt=4.2599715729010601e-05
cycle=404 time=1.3571428569915223e-01 dt=4.2471948160772749e-05
cycle=405 time=1.3575675764731299e-01 dt=4.2352576506407761e-05
cycle=406 time=1.3579911022381941e-01 dt=4.2190913633823904e-05
cycle=407 time=1.3584130113745324e-01 dt=4.2031723760511190e-05
cycle=408 time=1.3588333286121376e-01 dt=4.1876081641160890e-05
cycle=409 time=1.3592520894285492e-01 dt=4.1724758443965132e-05
cycle=410 time=1.3596693370129889e-01 dt=4.1578476364469295e-05
cycle=411 time=1.3600851217766335e-01 dt=4.1431234243170525e-05
cycle=412 time=1.3604994341190652e-01 dt=4.1284276886609296e-05
cycle=413 time=1.3609122768879311e-01 dt=4.1142205303092100e-05
cycle=414 time=1.3613236989409622e-01 dt=4.1005720898012846e-05
cycle=415 time=1.3617337561499424e-01 dt=4.0875476213154499e-05
cycle=416 time=1.3621425109120738e-01 dt=4.0752045942898004e-05
cycle=417 time=1.3625500313715028e-01 dt=4.0636032872617939e-05
cycle=418 time=1.3629563917002288e-01 dt=4.0528260326242783e-05
cycle=419 time=1.3633616743034913e-01 dt=4.0410327889960457e-05
cycle=420 time=1.3637657775823908e-01 dt=4.0289704180878837e-05
cycle=421 time=1.3641686746241996e-01 dt=4.0176545202772458e-05
cycle=422 time=1.3645704400762274e-01 dt=4.0044697145129654e-05
cycle=423 time=1.3649708870476787e-01 dt=3.9897111243311147e-05
cycle=424 time=1.3653698581601117e-01 dt=3.9752477248157905e-05
cycle=425 time=1.3657673829325934e-01 dt=3.9611563414222798e-05
cycle=426 time=1.3661634985667356e-01 dt=3.9474996948146773e-05
cycle=427 time=1.3665582485362171e-01 dt=3.9335080410629051e-05
cycle=428 time=1.3669515993403233e-01 dt=3.9198646419231314e-05
cycle=429 time=1.3673435858045158e-01 dt=3.9066472048392977e-05
cycle=430 time=1.3677342505249998e-01 dt=3.8939228628785921e-05
cycle=431 time=1.3681236428112878e-01 dt=3.8817540700664809e-05
cycle=432 time=1.3685118182182945e-01 dt=3.8701988694122023e-05
cycle=433 time=1.3688988381052358e-01 dt=3.8593089156473167e-05
cycle=434 time=1.3692847689968005e-01 dt=3.8491642305862151e-05
cycle=435 time=1.3696696854198590e-01 dt=3.8392423000293302e-05
cycle=436 time=1.3700536096498619e-01 dt=3.8277955197641774e-05
cycle=437 time=1.3704363892018384e-01 dt=3.8169983007445009e-05
cycle=438 time=1.3708180890319130e-01 dt=3.8059899002007063e-05
cycle=439 time=1.3711986880219332e-01 dt=3.7923001382256949e-05
cycle=440 time=1.3715779180357557e-01 dt=3.7788488512092233e-05
cycle=441 time=1.3719558029208767e-01 dt=3.7657064315747649e-05
cycle=442 time=1.3723323735640341e-01 dt=3.7528064857071913e-05
cycle=443 time=1.3727076542126049e-01 dt=3.7398188016302244e-05
cycle=444 time=1.3730816360927678e-01 dt=3.7271201559700140e-05
cycle=445 time=1.3734543481083647e-01 dt=3.7147775439077907e-05
cycle=446 time=1.3738258258627556e-01 dt=3.7028594808932169e-05
cycle=447 time=1.3741961118108448e-01 dt=3.6914297178179267e-05
cycle=448 time=1.3745652547826265e-01 dt=3.6805439176950148e-05
cycle=449 time=1.3749333091743959e-01 dt=3.6702539578190263e-05
cycle=450 time=1.3753003345701778e-01 dt=3.6606230336243414e-05
cycle=451 time=1.3756663968735403e-01 dt=3.6517033823109369e-05
cycle=452 time=1.3760315672117712e-01 dt=3.6419759179967336e-05
cycle=453 time=1.3763957648035710e-01 dt=3.6316234337899890e-05
cycle=454 time=1.3767589271469499e-01 dt=3.6217368389330165e-05
cycle=455 time=1.3771211008308432e-01 dt=3.6090291426812297e-05
cycle=456 time=1.3774820037451113e-01 dt=3.5965123206498225e-05
cycle=457 time=1.3778416549771763e-01 dt=3.5842520900671962e-05
cycle=458 time=1.3782000801861830e-01 dt=3.5723151149966909e-05
cycle=459 time=1.3785573116976826e-01 dt=3.5603122008268585e-05
cycle=460 time=1.3789133429177652e-01 dt=3.5484706195016657e-05
cycle=461 time=1.3792681899797155e-01 dt=3.5369238615818381e-05
cycle=462 time=1.3796218823658737e-01 dt=3.5257327910928992e-05
cycle=463 time=1.3799744556449831e-01 dt=3.5149579784544490e-05
cycle=464 time=1.3803259514428284e-01 dt=3.5046581254042107e-05
cycle=465 time=1.3806764172553690e-01 dt=3.4948839246818082e-05
cycle=466 time=1.3810259056478372e-01 dt=3.4856848704953300e-05
cycle=467 time=1.3813744741348866e-01 dt=3.4771540876501495e-05
cycle=468 time=1.3817221895436516e-01 dt=3.4693451311704366e-05
cycle=469 time=1.3820691240567687e-01 dt=3.4599334799176649e-05
cycle=470 time=1.3824151174047605e-01 dt=3.4504973076507480e-05
cycle=471 time=1.3827601671355255e-01 dt=3.4386957037576228e-05
cycle=472 time=1.3831040367059014e-01 dt=3.4270430512782340e-05
cycle=473 time=1.3834467410110293e-01 dt=3.4155922493710795e-05
cycle=474 time=1.3837883002359663e-01 dt=3.4044056979316198e-05
cycle=475 time=1.3841287408057595e-01 dt=3.3935460635058403e-05
cycle=476 time=1.3844680954121102e-01 dt=3.3826358334825711e-05
cycle=477 time=1.3848063589954585e-01 dt=3.3718107613393109e-05
cycle=478 time=1.3851435400715925e-01 dt=3.3612779449203026e-05
cycle=479 time=1.3854796678660847e-01 dt=3.3510917204134016e-05
cycle=480 time=1.3858147770381260e-01 dt=3.3413077228540423e-05
cycle=481 time=1.3861489078104114e-01 dt=3.3319770748166567e-05
cycle=482 time=1.3864821055178930e-01 dt=3.3231641463496606e-05
cycle=483 time=1.3868144219325279e-01 dt=3.3149502375002747e-05
cycle=484 time=1.3871459169562780e-01 dt=3.3073833813103950e-05
cycle=485 time=1.3874766552944090e-01 dt=3.3004995027799160e-05
cycle=486 time=1.3878067052446869e-01 dt=3.2908357437608351e-05
cycle=487 time=1.3881357888190629e-01 dt=3.2799406706816570e-05
cycle=488 time=1.3884637828861310e-01 dt=3.2691904431741762e-05
cycle=489 time=1.3887907019304485e-01 dt=3.2585203492694531e-05
cycle=490 time=1.3891165539653755e-01 dt=3.2480426009409031e-05
cycle=491 time=1.3894413582254694e-01 dt=3.2378298280232593e-05
cycle=492 time=1.3897651412082718e-01 dt=3.2279608340517582e-05
cycle=493 time=1.3900879372916769e-01 dt=3.2181639480345361e-05
cycle=494 time=1.3904097536864804e-01 dt=3.2082655820756834e-05
cycle=495 time=1.3907305802446879e-01 dt=3.1986534489907847e-05
cycle=496 time=1.3910504455895870e-01 dt=3.1893765716292985e-05
cycle=497 time=1.3913693832467500e-01 dt=3.1804938458855645e-05
cycle=498 time=1.3916874326313386e-01 dt=3.1720780346329324e-05
cycle=499 time=1.3920046404348019e-01 dt=3.1641878207670482e-05
cycle=500 time=1.3923210592168786e-01 dt=3.1568746430854422e-05
cycle=501 time=1.3926367466811870e-01 dt=3.1491250170086944e-05
cycle=502 time=1.3929516591828878e-01 dt=3.1384133164596073e-05
cycle=503 time=1.3932655005145336e-01 dt=3.1277693807517398e-05
cycle=504 time=1.3935782774526087e-01 dt=3.1172347986325918e-05
cycle=505 time=1.3938900009324720e-01 dt=3.1068591350689040e-05
cycle=506 time=1.3942006868459789e-01 dt=3.0967039495820694e-05
cycle=507 time=1.3945103572409370e-01 dt=3.0868617735036839e-05
cycle=508 time=1.3948190434182875e-01 dt=3.0775759574920054e-05
cycle=509 time=1.3951268010140366e-01 dt=3.0630699343216302e-05
cycle=510 time=1.3954331080074689e-01 dt=3.0480889385012726e-05
cycle=511 time=1.3957379169013190e-01 dt=3.0331265105370624e-05
cycle=512 time=1.3960412295523728e-01 dt=3.0182031034931654e-05
cycle=513 time=1.3963430498627222e-01 dt=3.0033392267015740e-05
cycle=514 time=1.3966433837853923e-01 dt=2.9885591812417793e-05
cycle=515 time=1.3969422397035164e-01 dt=2.9738839364446877e-05
cycle=516 time=1.3972396280971608e-01 dt=2.9593344705657941e-05
cycle=517 time=1.3975355615442173e-01 dt=2.9449312294221938e-05
cycle=518 time=1.3978300546671596e-01 dt=2.9306968411055896e-05
cycle=519 time=1.3981231243512701e-01 dt=2.9166572482282860e-05
cycle=520 time=1.3984147900760929e-01 dt=2.9028384225892785e-05
cycle=521 time=1.3987050739183518e-01 dt=2.8892688398995553e-05
cycle=522 time=1.3989940008023419e-01 dt=2.8759806836441124e-05
cycle=523 time=1.3992815988707064e-01 dt=2.8630046420537975e-05
cycle=524 time=1.3995678993349117e-01 dt=2.8503715147193395e-05
cycle=525 time=1.3998529364863838e-01 dt=2.8373237492570600e-05
cycle=526 time=1.4001366688613096e-01 dt=2.8241592608306309e-05
cycle=527 time=1.4004190847873926e-01 dt=2.8112696381489658e-05
cycle=528 time=1.4007002117512074e-01 dt=2.7986818695074783e-05
cycle=529 time=1.4009800799381580e-01 dt=2.7864253475190154e-05
cycle=530 time=1.4012587224729101e-01 dt=2.7745279090365038e-05
cycle=531 time=1.4015361752638136e-01 dt=2.7630154819440570e-05
cycle=532 time=1.4018124768120080e-01 dt=2.7519121647114249e-05
cycle=533 time=1.4020876680284791e-01 dt=2.7412408002572111e-05
cycle=534 time=1.4023617921085049e-01 dt=2.7310150942176324e-05
cycle=535 time=1.4026348936179267e-01 dt=2.7212380179179329e-05
cycle=536 time=1.4029070174197186e-01 dt=2.7119020576111946e-05
cycle=537 time=1.4031782076254798e-01 dt=2.7029884766338795e-05
cycle=538 time=1.4034485064731431e-01 dt=2.6927140972798669e-05
cycle=539 time=1.4037177778828711e-01 dt=2.6823501208178653e-05
cycle=540 time=1.4039860128949527e-01 dt=2.6723781374595538e-05
cycle=541 time=1.4042532507086986e-01 dt=2.6627421798056512e-05
cycle=542 time=1.4045195249266793e-01 dt=2.6534303300589448e-05
cycle=543 time=1.4047848679596853e-01 dt=2.6444484257553253e-05
cycle=544 time=1.4050493128022609e-01 dt=2.6357921936846546e-05
cycle=545 time=1.4053128920216293e-01 dt=2.6274559420079707e-05
cycle=546 time=1.4055756376158302e-01 dt=2.6194285418532013e-05
cycle=547 time=1.4058375804700154e-01 dt=2.6116945568653462e-05
cycle=548 time=1.4060987499257019e-01 dt=2.6042354458109835e-05
cycle=549 time=1.4063591734702829e-01 dt=2.5970306498936044e-05
cycle=550 time=1.4066188765352722e-01 dt=2.5882657613387028e-05
cycle=551 time=1.4068777031114060e-01 dt=2.5784116725584194e-05
cycle=552 time=1.4071355442786618e-01 dt=2.5688696676135752e-05
cycle=553 time=1.4073924312454231e-01 dt=2.5596484316436375e-05
cycle=554 time=1.4076483960885874e-01 dt=2.5507493972792024e-05
cycle=555 time=1.4079034710283153e-01 dt=2.5421547201157903e-05
cycle=556 time=1.4081576865003270e-01 dt=2.5337861770306762e-05
cycle=557 time=1.4084110651180301e-01 dt=2.5256516896287949e-05
cycle=558 time=1.4086636302869929e-01 dt=2.5177537355669740e-05
cycle=559 time=1.4089154056605496e-01 dt=2.5100925656026869e-05
cycle=560 time=1.4091664149171099e-01 dt=2.5026646497527808e-05
cycle=561 time=1.4094166813820852e-01 dt=2.4954633942742961e-05
cycle=562 time=1.4096662277215127e-01 dt=2.2784225672105790e-05
cycle=563 time=1.4098940699782339e-01 dt=2.1414555949615844e-05
cycle=564 time=1.4101082155377301e-01 dt=2.3524291123697469e-05
cycle=565 time=1.4103434584489671e-01 dt=2.4704597899740757e-05
cycle=566 time=1.4105905044279646e-01 dt=2.4630583455078179e-05
cycle=567 time=1.4108368102625155e-01 dt=2.2467590498846154e-05
cycle=568 time=1.4110614861675039e-01 dt=2.2739264347429912e-05
cycle=569 time=1.4112888788109781e-01 dt=2.4398492805609856e-05
cycle=570 time=1.4115328637390342e-01 dt=2.4321611800788626e-05
cycle=571 time=1.4117760798570422e-01 dt=2.4246553741904629e-05
cycle=572 time=1.4120185453944611e-01 dt=2.4173420337639163e-05
cycle=573 time=1.4122602795978376e-01 dt=2.4102221013967883e-05
cycle=574 time=1.4125013018079771e-01 dt=2.4032968656978938e-05
cycle=575 time=1.4127416314945468e-01 dt=2.3965651061722931e-05
cycle=576 time=1.4129812880051640e-01 dt=2.3900238505816078e-05
cycle=577 time=1.4132202903902222e-01 dt=2.3836684340109161e-05
cycle=578 time=1.4134586572336233e-01 dt=2.3775084655282891e-05
cycle=579 time=1.4136964080801762e-01 dt=2.3715186225294973e-05
cycle=580 time=1.4139335599424291e-01 dt=2.3656874489517233e-05
cycle=581 time=1.4141701286873243e-01 dt=2.3600057743146708e-05
cycle=582 time=1.4144061292647558e-01 dt=2.3544598200431031e-05
cycle=583 time=1.4146415752467600e-01 dt=2.3490404679888070e-05
cycle=584 time=1.4148764792935589e-01 dt=2.3437009789591930e-05
cycle=585 time=1.4151108493914549e-01 dt=2.3355878574822397e-05
cycle=586 time=1.4153444081772032e-01 dt=2.2311122588718592e-05
cycle=587 time=1.4155675194030903e-01 dt=2.1529125374577372e-05
cycle=588 time=1.4157828106568360e-01 dt=1.9865370975846132e-05
cycle=589 time=1.4159814643665944e-01 dt=2.0608735080105218e-05
cycle=590 time=1.4161875517173955e-01 dt=2.3059378325293410e-05
cycle=591 time=1.4164181455006483e-01 dt=2.2997414418521686e-05
cycle=592 time=1.4166481196448336e-01 dt=2.1043038472023678e-05
cycle=593 time=1.4168585500295539e-01 dt=1.9676711758130383e-05
cycle=594 time=1.4170553171471351e-01 dt=2.0486136298411221e-05
cycle=595 time=1.4172601785101191e-01 dt=2.0046085766925477e-05
cycle=596 time=1.4174606393677883e-01 dt=2.1304739578644652e-05
cycle=597 time=1.4176736867635747e-01 dt=2.2682657564732009e-05
cycle=598 time=1.4179005133392220e-01 dt=2.2328455826361320e-05
cycle=599 time=1.4181237978974856e-01 dt=2.1521405420218826e-05
cycle=600 time=1.4183390119516878e-01 dt=2.0832694912958970e-05
cycle=601 time=1.4185473389008174e-01 dt=2.0256891491310966e-05
cycle=602 time=1.4187499078157306e-01 dt=1.9780816435450652e-05
cycle=603 time=1.4189477159800851e-01 dt=1.9387321141303030e-05
cycle=604 time=1.4191415891914980e-01 dt=1.9059913944530592e-05
cycle=605 time=1.4193321883309432e-01 dt=1.8784234344631792e-05
cycle=606 time=1.4195200306743894e-01 dt=1.8547467598987519e-05
cycle=607 time=1.4197055053503793e-01 dt=1.8339647067876394e-05
cycle=608 time=1.4198889018210581e-01 dt=1.8153041291259356e-05
cycle=609 time=1.4200704322339708e-01 dt=1.7983776301422071e-05
cycle=610 time=1.4202502699969849e-01 dt=1.7732631633597235e-05
cycle=611 time=1.4204275963133209e-01 dt=1.7483265719861077e-05
cycle=612 time=1.4206024289705194e-01 dt=1.7260875882752694e-05
cycle=613 time=1.4207750377293468e-01 dt=1.7060479055519933e-05
cycle=614 time=1.4209456425199021e-01 dt=1.6877695123584352e-05
cycle=615 time=1.4211144194711381e-01 dt=1.6708784486346973e-05
cycle=616 time=1.4212815073160015e-01 dt=1.6550570238642969e-05
cycle=617 time=1.4214470130183879e-01 dt=1.6400656401178670e-05
cycle=618 time=1.4216110195823997e-01 dt=1.6258782624567677e-05
cycle=619 time=1.4217736074086454e-01 dt=1.6125850415085566e-05
cycle=620 time=1.4219348659127962e-01 dt=1.6002390482702854e-05
cycle=621 time=1.4220948898176233e-01 dt=1.5888748715144287e-05
cycle=622 time=1.4222537773047747e-01 dt=1.5785189145365073e-05
cycle=623 time=1.4224116291962283e-01 dt=1.5691970802398108e-05
cycle=624 time=1.4225685489042522e-01 dt=1.5608268418071929e-05
cycle=625 time=1.4227246315884329e-01 dt=1.5513783720141039e-05
cycle=626 time=1.4228797694256343e-01 dt=1.5529925150057393e-05
cycle=627 time=1.4230350686771348e-01 dt=1.6007918769825703e-05
cycle=628 time=1.4231951478648330e-01 dt=1.6357939884175252e-05
cycle=629 time=1.4233587272636747e-01 dt=1.6472630010965706e-05
cycle=630 time=1.4235234535637845e-01 dt=1.6351636713142598e-05
cycle=631 time=1.4236869699309160e-01 dt=1.6356112252532021e-05
cycle=632 time=1.4238505310534413e-01 dt=1.6202495403141698e-05
cycle=633 time=1.4240125560074726e-01 dt=1.6025710843526619e-05
cycle=634 time=1.4241728131159079e-01 dt=1.5858438593090004e-05
cycle=635 time=1.4243313975018387e-01 dt=1.5715798373509672e-05
cycle=636 time=1.4244885554855738e-01 dt=1.5414841278696468e-05
cycle=637 time=1.4246427038983608e-01 dt=1.5160276569207234e-05
cycle=638 time=1.4247943066640528e-01 dt=1.4881220961527685e-05
cycle=639 time=1.4249431188736680e-01 dt=1.4658246851390001e-05
cycle=640 time=1.4250897013421820e-01 dt=1.4850544603320311e-05
cycle=641 time=1.4252382067882152e-01 dt=1.5240224078264190e-05
cycle=642 time=1.4253906090289978e-01 dt=1.5127082633777824e-05
cycle=643 time=1.4255418798553354e-01 dt=1.5453835391620845e-05
cycle=644 time=1.4256964182092516e-01 dt=1.5686686311504368e-05
cycle=645 time=1.4258532850723665e-01 dt=1.5777680148317233e-05
cycle=646 time=1.4260110618738497e-01 dt=1.5835030116204378e-05
cycle=647 time=1.4261694121750118e-01 dt=1.5741772188713915e-05
cycle=648 time=1.4263268298968990e-01 dt=1.5681658295187524e-05
cycle=649 time=1.4264836464798508e-01 dt=1.5512132264512070e-05
cycle=650 time=1.4266387678024958e-01 dt=1.5138442702128248e-05
cycle=651 time=1.4267901522295171e-01 dt=1.5441654799267654e-05
cycle=652 time=1.4269445687775098e-01 dt=1.5302905770451864e-05
cycle=653 time=1.4270975978352143e-01 dt=1.5086943894485978e-05
cycle=654 time=1.4272484672741592e-01 dt=1.4920042315523016e-05
cycle=655 time=1.4273976676973144e-01 dt=1.4803462054615379e-05
cycle=656 time=1.4275457023178606e-01 dt=1.4734332858177719e-05
cycle=657 time=1.4276930456464423e-01 dt=1.4815080022825000e-05
cycle=658 time=1.4278411964466706e-01 dt=1.5388959005601709e-05
cycle=659 time=1.4279950860367266e-01 dt=1.6789537717519282e-05
cycle=660 time=1.4281629814139019e-01 dt=1.6837380453019798e-05
cycle=661 time=1.4283313552184321e-01 dt=1.6506815332627623e-05
cycle=662 time=1.4284964233717584e-01 dt=1.6231023680600071e-05
cycle=663 time=1.4286587336085643e-01 dt=1.6021217531153929e-05
cycle=664 time=1.4288189457838760e-01 dt=1.5879877940084914e-05
cycle=665 time=1.4289777445632768e-01 dt=1.5804540601560834e-05
cycle=666 time=1.4291357899692925e-01 dt=1.5790023080521065e-05
cycle=667 time=1.4292936902000977e-01 dt=1.5830063075478850e-05
cycle=668 time=1.4294519908308526e-01 dt=1.5918384228174443e-05
cycle=669 time=1.4296111746731344e-01 dt=1.4662488729999993e-05
cycle=670 time=1.4297577995604344e-01 dt=1.5205292164122906e-05
cycle=671 time=1.4299098524820755e-01 dt=1.4804151801551510e-05
cycle=672 time=1.4300578940000910e-01 dt=1.6267307504171854e-05
cycle=673 time=1.4302205670751328e-01 dt=1.6117661081818975e-05
cycle=674 time=1.4303817436859509e-01 dt=1.5248134705072455e-05
cycle=675 time=1.4305342250330016e-01 dt=1.4225211382331000e-05
cycle=676 time=1.4306764771468250e-01 dt=1.3509526797865269e-05
cycle=677 time=1.4308115724148038e-01 dt=1.4270522160852460e-05
cycle=678 time=1.4309542776364123e-01 dt=1.6802605015739096e-05
cycle=679 time=1.4311223036865697e-01 dt=1.5007897964724185e-05
cycle=680 time=1.4312723826662169e-01 dt=1.4865956909843340e-05
cycle=681 time=1.4314210422353152e-01 dt=1.3559241352005237e-05
cycle=682 time=1.4315566346488354e-01 dt=1.3047002232518074e-05
cycle=683 time=1.4316871046711604e-01 dt=1.3141870883071521e-05
cycle=684 time=1.4318185233799913e-01 dt=1.3727919782048859e-05
cycle=685 time=1.4319558025778117e-01 dt=1.4712459940883086e-05
cycle=686 time=1.4321029271772207e-01 dt=1.5730933045348656e-05
cycle=687 time=1.4322602365076742e-01 dt=1.5771787717577254e-05
cycle=688 time=1.4324179543848500e-01 dt=1.6599123539110929e-05
cycle=689 time=1.4325839456202411e-01 dt=1.5630807399672332e-05
cycle=690 time=1.4327402536942377e-01 dt=1.5020185588680012e-05
cycle=691 time=1.4328904555501246e-01 dt=1.3450920629169521e-05
cycle=692 time=1.4330249647564164e-01 dt=1.1331191549421931e-05
cycle=693 time=1.4331382766719106e-01 dt=1.0628145491574555e-05
cycle=694 time=1.4332445581268263e-01 dt=1.1958326667748297e-05
cycle=695 time=1.4333641413935039e-01 dt=1.5184303375365769e-05
cycle=696 time=1.4335159844272574e-01 dt=1.4345308871656620e-05
cycle=697 time=1.4336594375159739e-01 dt=1.6666285465744904e-05
cycle=698 time=1.4338261003706312e-01 dt=1.5909829776572377e-05
cycle=699 time=1.4339851986683969e-01 dt=1.2972814703830798e-05
cycle=700 time=1.4341149268154352e-01 dt=1.3803274901880197e-05
cycle=701 time=1.4342529595644540e-01 dt=1.5102847253014988e-05
cycle=702 time=1.4344039880369841e-01 dt=1.4277969905129883e-05
cycle=703 time=1.4345467677360355e-01 dt=1.3608773071614185e-05
cycle=704 time=1.4346828554667515e-01 dt=1.3138094043416573e-05
cycle=705 time=1.4348142364071856e-01 dt=1.2838472932605604e-05
cycle=706 time=1.4349426211365116e-01 dt=1.3031558453539174e-05
cycle=707 time=1.4350729367210469e-01 dt=1.1987488187305118e-05
cycle=708 time=1.4351928116029200e-01 dt=1.1427655356858095e-05
cycle=709 time=1.4353070881564886e-01 dt=1.1289890266229771e-05
cycle=710 time=1.4354199870591508e-01 dt=1.1505238844185785e-05
cycle=711 time=1.4355350394475927e-01 dt=1.2011962624353966e-05
cycle=712 time=1.4356551590738362e-01 dt=1.2803919025478603e-05
cycle=713 time=1.4357831982640909e-01 dt=1.3912773172987910e-05
cycle=714 time=1.4359223259958206e-01 dt=1.4180207773747327e-05
cycle=715 time=1.4360641280735581e-01 dt=1.3736493846644580e-05
cycle=716 time=1.4362014930120245e-01 dt=1.4296211171129494e-05
cycle=717 time=1.4363444551237359e-01 dt=1.4256463307700864e-05
cycle=718 time=1.4364870197568128e-01 dt=1.4360244139219728e-05
cycle=719 time=1.4366306221982050e-01 dt=1.6814674411934737e-05
cycle=720 time=1.4367987689423245e-01 dt=1.4214059634506036e-05
cycle=721 time=1.4369409095386695e-01 dt=1.5099053399613398e-05
cycle=722 time=1.4370919000726656e-01 dt=1.4101946596612319e-05
cycle=723 time=1.4372329195386319e-01 dt=1.3083415650476824e-05
cycle=724 time=1.4373637536951367e-01 dt=1.2330594757405374e-05
cycle=725 time=1.4374870596427108e-01 dt=1.1792657868978735e-05
cycle=726 time=1.4376049862214008e-01 dt=1.2407731879420236e-05
cycle=727 time=1.4377290635401949e-01 dt=1.4528385163184984e-05
cycle=728 time=1.4378743473918268e-01 dt=1.4188534867187532e-05
cycle=729 time=1.4380162327404986e-01 dt=1.2984929724378825e-05
cycle=730 time=1.4381460820377423e-01 dt=1.1894626516079938e-05
cycle=731 time=1.4382650283029030e-01 dt=1.1121849209869446e-05
cycle=732 time=1.4383762467950018e-01 dt=1.0652849954342338e-05
cycle=733 time=1.4384827752945450e-01 dt=1.1008538612124033e-05
cycle=734 time=1.4385928606806664e-01 dt=1.1867333721012711e-05
cycle=735 time=1.4387115340178766e-01 dt=1.1780628647454939e-05
cycle=736 time=1.4388293403043512e-01 dt=1.2464989068819309e-05
cycle=737 time=1.4389539901950393e-01 dt=1.3393535643551004e-05
cycle=738 time=1.4390879255514749e-01 dt=1.3689384231460104e-05
cycle=739 time=1.4392248193937895e-01 dt=1.4205072214331190e-05
cycle=740 time=1.4393668701159329e-01 dt=1.2812025460010180e-05
cycle=741 time=1.4394949903705331e-01 dt=1.1663621289756112e-05
cycle=742 time=1.4396116265834308e-01 dt=1.0229711997504106e-05
cycle=743 time=1.4397139237034060e-01 dt=8.8526078957728406e-06
cycle=744 time=1.4398024497823636e-01 dt=7.9152018858829785e-06
cycle=745 time=1.4398816018012225e-01 dt=7.3233715604743336e-06
cycle=746 time=1.4399548355168273e-01 dt=7.5141128570365123e-06
cycle=747 time=1.4400299766453978e-01 dt=9.2108293636780641e-06
cycle=748 time=1.4401220849390345e-01 dt=1.1026162691372141e-05
cycle=749 time=1.4402323465659483e-01 dt=1.0253020432729652e-05
cycle=750 time=1.4403348767702756e-01 dt=9.3980927808755156e-06
cycle=751 time=1.4404288576980845e-01 dt=8.6388461454737432e-06
cycle=752 time=1.4405152461595391e-01 dt=8.2407326262533739e-06
cycle=753 time=1.4405976534858017e-01 dt=8.1850559952144284e-06
cycle=754 time=1.4406795040457537e-01 dt=8.3876837589014793e-06
cycle=755 time=1.4407633808833428e-01 dt=8.7854542608580127e-06
cycle=756 time=1.4408512354259514e-01 dt=9.3352647835383158e-06
cycle=757 time=1.4409445880737867e-01 dt=1.0013174645923055e-05
cycle=758 time=1.4410447198202458e-01 dt=1.0798847303734864e-05
cycle=759 time=1.4411527082932832e-01 dt=1.1684536084777762e-05
cycle=760 time=1.4412695536541309e-01 dt=1.2674649263543635e-05
cycle=761 time=1.4413963001467664e-01 dt=1.3781430698442421e-05
cycle=762 time=1.4415341144537508e-01 dt=1.3322005981194271e-05
cycle=763 time=1.4416673345135628e-01 dt=1.2239345926682526e-05
cycle=764 time=1.4417897279728295e-01 dt=1.2022896009707374e-05
cycle=765 time=1.4419099569329266e-01 dt=1.0953876157096878e-05
cycle=766 time=1.4420194956944976e-01 dt=9.2574388623235008e-06
cycle=767 time=1.4421120700831208e-01 dt=7.9898577836998129e-06
cycle=768 time=1.4421919686609577e-01 dt=7.3361379640318214e-06
cycle=769 time=1.4422653300405980e-01 dt=8.3055217484594841e-06
cycle=770 time=1.4423483852580826e-01 dt=1.0912161155811210e-05
cycle=771 time=1.4424575068696407e-01 dt=1.3732175783334506e-05
cycle=772 time=1.4425948286274740e-01 dt=1.2220412276133278e-05
cycle=773 time=1.4427170327502353e-01 dt=1.0844043322514606e-05
cycle=774 time=1.4428254731834605e-01 dt=1.0123125911424359e-05
cycle=775 time=1.4429267044425748e-01 dt=1.0337155649391177e-05
cycle=776 time=1.4430300759990686e-01 dt=1.0787078412913309e-05
cycle=777 time=1.4431379467831978e-01 dt=1.0479320436961054e-05
cycle=778 time=1.4432427399875675e-01 dt=1.0996261894602036e-05
cycle=779 time=1.4433527026065135e-01 dt=1.2353880797785363e-05
cycle=780 time=1.4434762414144914e-01 dt=1.3490112848749972e-05
cycle=781 time=1.4436111425429790e-01 dt=1.2721771894143459e-05
cycle=782 time=1.4437383602619205e-01 dt=1.1149166757718995e-05
cycle=783 time=1.4438498519294976e-01 dt=9.1513945930842115e-06
cycle=784 time=1.4439413658754285e-01 dt=8.1510774426463072e-06
cycle=785 time=1.4440228766498550e-01 dt=9.0136024578732481e-06
cycle=786 time=1.4441130126744336e-01 dt=1.0234682939376882e-05
cycle=787 time=1.4442153595038273e-01 dt=9.6427839466393449e-06
cycle=788 time=1.4443117873432937e-01 dt=9.0346813140526590e-06
cycle=789 time=1.4444021341564342e-01 dt=8.5072165769574348e-06
cycle=790 time=1.4444872063222039e-01 dt=8.0907521820033764e-06
cycle=791 time=1.4445681138440239e-01 dt=7.7760911876400446e-06
cycle=792 time=1.4446458747559002e-01 dt=7.5792790703579325e-06
cycle=793 time=1.4447216675466037e-01 dt=7.6311470391516796e-06
cycle=794 time=1.4447979790169951e-01 dt=7.8597861166745979e-06
cycle=795 time=1.4448765768781618e-01 dt=8.2155776965081251e-06
cycle=796 time=1.4449587326551269e-01 dt=8.6651541164183484e-06
cycle=797 time=1.4450453841962910e-01 dt=9.1857668792314814e-06
cycle=798 time=1.4451372418650832e-01 dt=9.7590798657205392e-06
cycle=799 time=1.4452348326637404e-01 dt=1.0384308961371536e-05
cycle=800 time=1.4453386757533540e-01 dt=9.8721276148158057e-06
cycle=801 time=1.4454373970295023e-01 dt=1.0585780882149000e-05
cycle=802 time=1.4455432548383237e-01 dt=1.1741385694766327e-05
cycle=803 time=1.4456606686952714e-01 dt=1.2677213980313221e-05
cycle=804 time=1.4457874408350746e-01 dt=1.1234754972245048e-05
cycle=805 time=1.4458997883847971e-01 dt=1.1742936931514386e-05
cycle=806 time=1.4460172177541122e-01 dt=1.2323024806756857e-05
cycle=807 time=1.4461404480021797e-01 dt=1.1114695502973318e-05
cycle=808 time=1.4462515949572094e-01 dt=1.0888111266146720e-05
cycle=809 time=1.4463604760698709e-01 dt=1.1562240673439369e-05
cycle=810 time=1.4464760984766054e-01 dt=1.0941046520327450e-05
cycle=811 time=1.4465855089418087e-01 dt=9.9190976894664636e-06
cycle=812 time=1.4466846999187033e-01 dt=9.2109265696100072e-06
cycle=813 time=1.4467768091843994e-01 dt=8.7999027065667486e-06
cycle=814 time=1.4468648082114652e-01 dt=8.6327147154833649e-06
cycle=815 time=1.4469511353586201e-01 dt=8.6392876698761011e-06
cycle=816 time=1.4470375282353187e-01 dt=8.7525824156268384e-06
cycle=817 time=1.4471250540594749e-01 dt=8.9272495999826885e-06
cycle=818 time=1.4472143265554746e-01 dt=8.8267979839766670e-06
cycle=819 time=1.4473025945353143e-01 dt=8.5737729137927901e-06
cycle=820 time=1.4473883322644523e-01 dt=8.3284106336848097e-06
cycle=821 time=1.4474716163707893e-01 dt=8.1033202746313450e-06
cycle=822 time=1.4475526495735355e-01 dt=7.9031749102948630e-06
cycle=823 time=1.4476316813226384e-01 dt=7.7264161638034409e-06
cycle=824 time=1.4477089454842765e-01 dt=7.5685861917156906e-06
cycle=825 time=1.4477846313461937e-01 dt=7.4275390998743583e-06
cycle=826 time=1.4478589067371925e-01 dt=7.3002997638167366e-06
cycle=827 time=1.4479319097348306e-01 dt=7.2304267410060416e-06
cycle=828 time=1.4480042140022406e-01 dt=7.2777535021849345e-06
cycle=829 time=1.4480769915372624e-01 dt=7.4238548591421449e-06
cycle=830 time=1.4481512300858537e-01 dt=7.6539192907300645e-06
cycle=831 time=1.4482277692787610e-01 dt=7.9590775710257589e-06
cycle=832 time=1.4483073600544713e-01 dt=8.3331445828376368e-06
cycle=833 time=1.4483906915002998e-01 dt=8.7725892004161501e-06
cycle=834 time=1.4484784173923040e-01 dt=9.2761485082156963e-06
cycle=835 time=1.4485711788773861e-01 dt=9.8439039209467115e-06
cycle=836 time=1.4486696179165956e-01 dt=1.0475772793236967e-05
cycle=837 time=1.4487743756445279e-01 dt=1.1175978628067235e-05
cycle=838 time=1.4488861354308086e-01 dt=1.1430665319546488e-05
cycle=839 time=1.4490004420840041e-01 dt=1.0336372418874099e-05
cycle=840 time=1.4491038058081929e-01 dt=9.4065175712698740e-06
cycle=841 time=1.4491978709839057e-01 dt=9.1086848317361990e-06
cycle=842 time=1.4492889578322229e-01 dt=8.7241490441788083e-06
cycle=843 time=1.4493761993226648e-01 dt=8.4772596681043205e-06
cycle=844 time=1.4494609719193458e-01 dt=8.3126541772141885e-06
cycle=845 time=1.4495440984611180e-01 dt=8.2427311463492681e-06
cycle=846 time=1.4496265257725816e-01 dt=8.0758190812166802e-06
cycle=847 time=1.4497072839633937e-01 dt=7.7803212755845375e-06
cycle=848 time=1.4497850871761495e-01 dt=7.5169319148110327e-06
cycle=849 time=1.4498602564952975e-01 dt=7.2951100885412515e-06
cycle=850 time=1.4499332075961829e-01 dt=7.1123531205600837e-06
cycle=851 time=1.4500043311273886e-01 dt=6.9608164412471042e-06
cycle=852 time=1.4500739392918011e-01 dt=6.8316759288231772e-06
cycle=853 time=1.4501422560510893e-01 dt=6.7485236524743110e-06
cycle=854 time=1.4502097412876142e-01 dt=6.8484430093058162e-06
cycle=855 time=1.4502782257177071e-01 dt=7.0920576064141424e-06
cycle=856 time=1.4503491462937712e-01 dt=7.4431310362841129e-06
cycle=857 time=1.4504235776041341e-01 dt=7.8776892559553495e-06
cycle=858 time=1.4505023544966936e-01 dt=8.3756300839919873e-06
cycle=859 time=1.4505861107975335e-01 dt=8.9292592028114586e-06
cycle=860 time=1.4506754033895616e-01 dt=9.5320148894585282e-06
cycle=861 time=1.4507707235384562e-01 dt=1.0178517471908244e-05
cycle=862 time=1.4508725087131752e-01 dt=1.0867721894242501e-05
cycle=863 time=1.4509811859321176e-01 dt=1.1602290144715665e-05
cycle=864 time=1.4510972088335647e-01 dt=1.0401550935129150e-05
cycle=865 time=1.4512012243429159e-01 dt=9.4862521040098417e-06
cycle=866 time=1.4512960868639560e-01 dt=8.8820171767014952e-06
cycle=867 time=1.4513849070357229e-01 dt=8.5231744524017884e-06
cycle=868 time=1.4514701387802470e-01 dt=9.0948529005069744e-06
cycle=869 time=1.4515610873092522e-01 dt=1.0558177201667300e-05
cycle=870 time=1.4516666690812688e-01 dt=9.9621586793783584e-06
cycle=871 time=1.4517662906680626e-01 dt=9.3310639699008513e-06
cycle=872 time=1.4518596013077617e-01 dt=8.5201471462191339e-06
cycle=873 time=1.4519448027792239e-01 dt=7.2882958076206565e-06
cycle=874 time=1.4520176857373002e-01 dt=6.3575132969982322e-06
cycle=875 time=1.4520812608702702e-01 dt=5.7430827703895675e-06
cycle=876 time=1.4521386916979739e-01 dt=5.4123117556267368e-06
cycle=877 time=1.4521928148155303e-01 dt=5.2104150190201726e-06
cycle=878 time=1.4522449189657205e-01 dt=5.4477766405063560e-06
cycle=879 time=1.4522993967321254e-01 dt=6.5983159952189035e-06
cycle=880 time=1.4523653798920777e-01 dt=8.9886557455663617e-06
cycle=881 time=1.4524552664495333e-01 dt=1.0554659784604348e-05
cycle=882 time=1.4525608130473794e-01 dt=9.2058235188023918e-06
cycle=883 time=1.4526528712825673e-01 dt=7.7587380896442019e-06
cycle=884 time=1.4527304586634637e-01 dt=7.4767005248753972e-06
cycle=885 time=1.4528052256687124e-01 dt=7.3778856953418519e-06
cycle=886 time=1.4528790045256659e-01 dt=7.4498101290120440e-06
cycle=887 time=1.4529535026269561e-01 dt=8.4542528681110454e-06
cycle=888 time=1.4530380451556371e-01 dt=1.1062063788645964e-05
cycle=889 time=1.4531486657935236e-01 dt=1.0806734766555385e-05
cycle=890 time=1.4532567331411891e-01 dt=1.0980085915321310e-05
cycle=891 time=1.4533665340003424e-01 dt=1.0609420293258605e-05
cycle=892 time=1.4534726282032751e-01 dt=8.9424446277233622e-06
cycle=893 time=1.4535620526495524e-01 dt=7.7109181530527043e-06
cycle=894 time=1.4536391618310829e-01 dt=6.9565331007066851e-06
cycle=895 time=1.4537087271620899e-01 dt=6.5876912921130872e-06
cycle=896 time=1.4537746040750110e-01 dt=6.4563887643499602e-06
cycle=897 time=1.4538391679626544e-01 dt=6.4452329886863334e-06
cycle=898 time=1.4539036202925412e-01 dt=6.4759267753196215e-06
cycle=899 time=1.4539683795602945e-01 dt=6.5142311875274550e-06
cycle=900 time=1.4540335218721698e-01 dt=7.1440089516781080e-06
cycle=901 time=1.4541049619616866e-01 dt=9.0204245880828456e-06
cycle=902 time=1.4541951662075675e-01 dt=1.1268854998592955e-05
cycle=903 time=1.4543078547575533e-01 dt=1.0105258551346329e-05
cycle=904 time=1.4544089073430669e-01 dt=9.1170308237620262e-06
cycle=905 time=1.4545000776513045e-01 dt=8.4270674124752559e-06
cycle=906 time=1.4545843483254292e-01 dt=8.0052726606910431e-06
cycle=907 time=1.4546644010520360e-01 dt=7.7500842587314350e-06
cycle=908 time=1.4547419018946234e-01 dt=7.4223039479505108e-06
cycle=909 time=1.4548161249341029e-01 dt=7.5662814373509454e-06
cycle=910 time=1.4548917877484766e-01 dt=7.5061279643569230e-06
cycle=911 time=1.4549668490281201e-01 dt=7.4489159709471904e-06
cycle=912 time=1.4550413381878297e-01 dt=6.1285529995459368e-06
cycle=913 time=1.4551026237178252e-01 dt=3.2127240308082108e-06
cycle=914 time=1.4551347509581333e-01 dt=1.5459307070539753e-06
cycle=915 time=1.4551502102652039e-01 dt=9.0272189192935370e-07
cycle=916 time=1.4551592374841232e-01 dt=7.0524452399973613e-07
cycle=917 time=1.4551662899293633e-01 dt=5.8621642381423441e-07
cycle=918 time=1.4551721520936015e-01 dt=5.0067258249468184e-07
cycle=919 time=1.4551771588194265e-01 dt=4.3964018816682216e-07
cycle=920 time=1.4551815552213082e-01 dt=3.9645339883209999e-07
cycle=921 time=1.4551855197552965e-01 dt=3.6654999287433714e-07
cycle=922 time=1.4551891852552254e-01 dt=3.4680327891384467e-07
cycle=923 time=1.4551926532880144e-01 dt=3.3507156028949351e-07
cycle=924 time=1.4551960040036171e-01 dt=3.2989760565052120e-07
cycle=925 time=1.4551993029796736e-01 dt=3.3030802007799989e-07
cycle=926 time=1.4552026060598744e-01 dt=3.3568003238067668e-07
cycle=927 time=1.4552059628601982e-01 dt=3.4565356322141207e-07
cycle=928 time=1.4552094193958304e-01 dt=3.6007415734344678e-07
cycle=929 time=1.4552130201374039e-01 dt=3.7895761233283743e-07
cycle=930 time=1.4552168097135273e-01 dt=4.0246993507764895e-07
cycle=931 time=1.4552208344128781e-01 dt=4.3091968297183209e-07
cycle=932 time=1.4552251436097077e-01 dt=4.6476002399329899e-07
cycle=933 time=1.4552297912099477e-01 dt=5.0460016040508467e-07
cycle=934 time=1.4552348372115517e-01 dt=5.5122667206807666e-07
cycle=935 time=1.4552403494782723e-01 dt=6.0563280557300589e-07
cycle=936 time=1.4552464058063280e-01 dt=6.7029667259151282e-07
cycle=937 time=1.4552531087730539e-01 dt=7.4736803390117234e-07
cycle=938 time=1.4552605824533929e-01 dt=8.3893651086052185e-07
cycle=939 time=1.4552689718185016e-01 dt=9.4755313703592413e-07
cycle=940 time=1.4552784473498720e-01 dt=1.0598924833390480e-06
cycle=941 time=1.4552890462747053e-01 dt=1.1648323007809662e-06
cycle=942 time=1.4553006945977132e-01 dt=1.2649149643942691e-06
cycle=943 time=1.4553133437473570e-01 dt=1.3637403854226352e-06
cycle=944 time=1.4553269811512112e-01 dt=1.4645832452896724e-06
cycle=945 time=1.4553416269836641e-01 dt=1.5802251266545373e-06
cycle=946 time=1.4553574292349308e-01 dt=1.7792433613439385e-06
cycle=947 time=1.4553752216685442e-01 dt=2.3842856101516344e-06
cycle=948 time=1.4553990645246456e-01 dt=4.7685712203032689e-06
cycle=949 time=1.4554467502368487e-01 dt=9.5371424406065378e-06
cycle=950 time=1.4555421216612549e-01 dt=1.3141255875586093e-05
cycle=951 time=1.4556735342200108e-01 dt=1.2237535643625810e-05
cycle=952 time=1.4557959095764472e-01 dt=1.0915404491561198e-05
cycle=953 time=1.4559050636213627e-01 dt=9.3978265392219479e-06
cycle=954 time=1.4559990418867549e-01 dt=7.9215144491481144e-06
cycle=955 time=1.4560782570312464e-01 dt=6.7108333917793244e-06
cycle=956 time=1.4561453653651643e-01 dt=5.8987646539842436e-06
cycle=957 time=1.4562043530117041e-01 dt=5.5661454978578345e-06
cycle=958 time=1.4562600144666826e-01 dt=5.4495050762267646e-06
cycle=959 time=1.4563145095174448e-01 dt=5.4335260723487331e-06
cycle=960 time=1.4563688447781684e-01 dt=5.4681682415121694e-06
cycle=961 time=1.4564235264605835e-01 dt=5.5322848114429631e-06
cycle=962 time=1.4564788493086980e-01 dt=5.6239445118246355e-06
cycle=963 time=1.4565350887538162e-01 dt=5.7388074395473074e-06
cycle=964 time=1.4565924768282115e-01 dt=5.8624385131581862e-06
cycle=965 time=1.4566511012133432e-01 dt=5.9789291649775700e-06
cycle=966 time=1.4567108905049930e-01 dt=6.0773140409183196e-06
cycle=967 time=1.4567716636454023e-01 dt=6.1509689689220192e-06
cycle=968 time=1.4568331733350914e-01 dt=6.1971604488933439e-06
cycle=969 time=1.4568951449395803e-01 dt=6.2750154640678002e-06
cycle=970 time=1.4569578950942211e-01 dt=6.3846158837046094e-06
cycle=971 time=1.4570217412530581e-01 dt=6.5155968578476901e-06
cycle=972 time=1.4570868972216366e-01 dt=6.6508290513989453e-06
cycle=973 time=1.4571534055121507e-01 dt=6.8331840000710648e-06
cycle=974 time=1.4572217373521515e-01 dt=7.0685980348644435e-06
cycle=975 time=1.4572924233325002e-01 dt=7.3482741799972009e-06
cycle=976 time=1.4573659060743002e-01 dt=7.6745258436515045e-06
cycle=977 time=1.4574426513327368e-01 dt=8.0461234559540581e-06
cycle=978 time=1.4575231125672963e-01 dt=8.4647654485380911e-06
cycle=979 time=1.4576077602217818e-01 dt=8.7592194941026897e-06
cycle=980 time=1.4576953524167230e-01 dt=8.0023778982658014e-06
cycle=981 time=1.4577753761957057e-01 dt=7.3701309203459675e-06
cycle=982 time=1.4578490775049091e-01 dt=6.8948969335241656e-06
cycle=983 time=1.4579180264742445e-01 dt=6.5763513822324600e-06
cycle=984 time=1.4579837899880668e-01 dt=6.3869761624295962e-06
cycle=985 time=1.4580476597496911e-01 dt=6.2812671141271653e-06
cycle=986 time=1.4581104724208324e-01 dt=6.2641175077884877e-06
cycle=987 time=1.4581731135959103e-01 dt=6.3558236575135577e-06
cycle=988 time=1.4582366718324855e-01 dt=6.5174888625347924e-06
cycle=989 time=1.4583018467211109e-01 dt=6.7215340814416703e-06
cycle=990 time=1.4583690620619252e-01 dt=6.9495285692611130e-06
cycle=991 time=1.4584385573476177e-01 dt=7.1894302610570440e-06
cycle=992 time=1.4585104516502284e-01 dt=7.4327034188538341e-06
cycle=993 time=1.4585847786844169e-01 dt=7.6755903181663434e-06
cycle=994 time=1.4586615345875986e-01 dt=7.9186823516400309e-06
cycle=995 time=1.4587407214111150e-01 dt=8.1653665463520923e-06
cycle=996 time=1.4588223750765786e-01 dt=8.4206476341945712e-06
cycle=997 time=1.4589065815529206e-01 dt=8.6903762877717951e-06
cycle=998 time=1.4589934853157985e-01 dt=8.9802386092422216e-06
cycle=999 time=1.4590832877018908e-01 dt=9.2934259486724522e-06
cycle=1000 time=1.4591762219613774e-01 dt=9.6318377977460120e-06
cycle=1001 time=1.4592725403393550e-01 dt=9.9953164219993235e-06
cycle=1002 time=1.4593724935035751e-01 dt=1.0386722824570735e-05
cycle=1003 time=1.4594763607318209e-01 dt=1.0508137485904091e-05
cycle=1004 time=1.4595814421066799e-01 dt=9.5030433705590789e-06
cycle=1005 time=1.4596764725403855e-01 dt=7.3016702753575476e-06
cycle=1006 time=1.4597494892431390e-01 dt=3.1864658570879987e-06
cycle=1007 time=1.4597813539017099e-01 dt=1.3483389748293317e-06
cycle=1008 time=1.4597948372914582e-01 dt=7.4324492689744396e-07
cycle=1009 time=1.4598022697407273e-01 dt=5.6757139557829414e-07
cycle=1010 time=1.4598079454546831e-01 dt=4.5466938706060577e-07
cycle=1011 time=1.4598124921485536e-01 dt=3.7437309806782018e-07
cycle=1012 time=1.4598162358795344e-01 dt=3.1719711371974985e-07
cycle=1013 time=1.4598194078506715e-01 dt=2.7667259692183590e-07
cycle=1014 time=1.4598221745766407e-01 dt=2.4819293143349954e-07
cycle=1015 time=1.4598246565059550e-01 dt=2.2863217865604546e-07
cycle=1016 time=1.4598269428277416e-01 dt=2.1586674135408267e-07
cycle=1017 time=1.4598291014951550e-01 dt=2.0845761327004326e-07
cycle=1018 time=1.4598311860712879e-01 dt=2.0543950106912907e-07
cycle=1019 time=1.4598332404662986e-01 dt=2.0618163981962066e-07
cycle=1020 time=1.4598353022826968e-01 dt=2.1029580317558878e-07
cycle=1021 time=1.4598374052407287e-01 dt=2.1757707910159388e-07
cycle=1022 time=1.4598395810115197e-01 dt=2.2796628877801880e-07
cycle=1023 time=1.4598418606744076e-01 dt=2.4152749094804985e-07
cycle=1024 time=1.4598442759493171e-01 dt=2.5843747994727749e-07
cycle=1025 time=1.4598468603241166e-01 dt=2.7898392400455865e-07
cycle=1026 time=1.4598496501633568e-01 dt=3.0357178075268302e-07
cycle=1027 time=1.4598526858811642e-01 dt=3.3308643665975943e-07
cycle=1028 time=1.4598560167455307e-01 dt=3.6846276266287652e-07
cycle=1029 time=1.4598597013731573e-01 dt=4.1068461677530195e-07
cycle=1030 time=1.4598638082193252e-01 dt=4.6099132047664140e-07
cycle=1031 time=1.4598684181325300e-01 dt=5.2094529215262330e-07
cycle=1032 time=1.4598736275854515e-01 dt=5.9252526699977936e-07
cycle=1033 time=1.4598795528381214e-01 dt=6.7825394924003639e-07
cycle=1034 time=1.4598863353776137e-01 dt=7.8176189517185581e-07
cycle=1035 time=1.4598941529965653e-01 dt=9.0399612120788863e-07
cycle=1036 time=1.4599031929577774e-01 dt=1.0205700213892398e-06
cycle=1037 time=1.4599133986579912e-01 dt=1.1325396726509110e-06
cycle=1038 time=1.4599247240547178e-01 dt=1.2445148148167395e-06
cycle=1039 time=1.4599371692028659e-01 dt=1.3612186407866072e-06
cycle=1040 time=1.4599507813892737e-01 dt=2.2097218558528542e-06
cycle=1041 time=1.4599728786078323e-01 dt=4.4194437117057083e-06
cycle=1042 time=1.4600170730449494e-01 dt=8.8388874234114166e-06
cycle=1043 time=1.4601054619191836e-01 dt=1.2484537441489105e-05
cycle=1044 time=1.4602303072935985e-01 dt=1.1962446566436395e-05
cycle=1045 time=1.4603499317592628e-01 dt=1.1352624306509041e-05
cycle=1046 time=1.4604634580023279e-01 dt=1.0200852759532119e-05
cycle=1047 time=1.4605654665299234e-01 dt=9.1678294345010390e-06
cycle=1048 time=1.4606571448242683e-01 dt=8.3584530452990792e-06
cycle=1049 time=1.4607407293547214e-01 dt=7.8239254384996782e-06
cycle=1050 time=1.4608189686091064e-01 dt=7.5421444455547205e-06
cycle=1051 time=1.4608943900535620e-01 dt=7.3921467130954812e-06
cycle=1052 time=1.4609683115206931e-01 dt=7.4225083841500083e-06
cycle=1053 time=1.4610425366045346e-01 dt=7.8386985696704649e-06
cycle=1054 time=1.4611209235902314e-01 dt=8.6716529538613193e-06
cycle=1055 time=1.4612076401197702e-01 dt=9.9975902016100638e-06
cycle=1056 time=1.4613076160217864e-01 dt=1.0427194096318088e-05
cycle=1057 time=1.4614118879627497e-01 dt=9.6837290251867749e-06
cycle=1058 time=1.4615087252530015e-01 dt=8.9345571307735792e-06
cycle=1059 time=1.4615980708243093e-01 dt=8.3147406024617938e-06
cycle=1060 time=1.4616812182303338e-01 dt=7.8729197230671876e-06
cycle=1061 time=1.4617599474275644e-01 dt=7.6012728275033207e-06
cycle=1062 time=1.4618359601558395e-01 dt=7.4625708343871951e-06
cycle=1063 time=1.4619105858641834e-01 dt=7.4109563688037394e-06
cycle=1064 time=1.4619846954278715e-01 dt=7.4062376030405522e-06
cycle=1065 time=1.4620587578039018e-01 dt=7.4188821462834118e-06
cycle=1066 time=1.4621329466253646e-01 dt=7.4303705879087954e-06
cycle=1067 time=1.4622072503312436e-01 dt=7.4316076862801844e-06
cycle=1068 time=1.4622815664081065e-01 dt=7.4207229012961311e-06
cycle=1069 time=1.4623557736371195e-01 dt=7.4509693469322138e-06
cycle=1070 time=1.4624302833305888e-01 dt=7.5077800269562067e-06
cycle=1071 time=1.4625053611308583e-01 dt=7.4954654728606936e-06
cycle=1072 time=1.4625803157855868e-01 dt=6.9746518384240038e-06
cycle=1073 time=1.4626500623039712e-01 dt=6.7713848472540953e-06
cycle=1074 time=1.4627177761524437e-01 dt=6.9084964995618726e-06
cycle=1075 time=1.4627868611174394e-01 dt=7.7163569376813468e-06
cycle=1076 time=1.4628640246868163e-01 dt=7.1958999456613618e-06
cycle=1077 time=1.4629359836862729e-01 dt=7.0394306755992388e-06
cycle=1078 time=1.4630063779930289e-01 dt=7.4053725662557998e-06
cycle=1079 time=1.4630804317186913e-01 dt=7.5957285170742958e-06
cycle=1080 time=1.4631563890038621e-01 dt=7.3319758995397406e-06
cycle=1081 time=1.4632297087628574e-01 dt=7.0693062588883731e-06
cycle=1082 time=1.4633004018254461e-01 dt=6.8519011257414970e-06
cycle=1083 time=1.4633689208367034e-01 dt=6.6945141100089088e-06
cycle=1084 time=1.4634358659778035e-01 dt=6.3424618004581408e-06
cycle=1085 time=1.4634992905958080e-01 dt=5.6872822902878181e-06
cycle=1086 time=1.4635561634187108e-01 dt=5.1739234447209788e-06
cycle=1087 time=1.4636079026531582e-01 dt=5.0502055591507641e-06
cycle=1088 time=1.4636584047087497e-01 dt=5.7260821045954349e-06
cycle=1089 time=1.4637156655297956e-01 dt=6.3217831215616144e-06
cycle=1090 time=1.4637788833610113e-01 dt=6.8366188270737839e-06
cycle=1091 time=1.4638472495492821e-01 dt=7.3409346342395006e-06
cycle=1092 time=1.4639206588956244e-01 dt=7.3466953674080024e-06
cycle=1093 time=1.4639941258492986e-01 dt=7.0962455253484124e-06
cycle=1094 time=1.4640650883045522e-01 dt=6.7980097059200607e-06
cycle=1095 time=1.4641330684016116e-01 dt=6.5174602011873525e-06
cycle=1096 time=1.4641982430036235e-01 dt=6.2945801163366305e-06
cycle=1097 time=1.4642611888047868e-01 dt=6.1447058300305398e-06
cycle=1098 time=1.4643226358630870e-01 dt=6.0641621087752415e-06
cycle=1099 time=1.4643832774841747e-01 dt=6.0384665816339276e-06
cycle=1100 time=1.4644436621499909e-01 dt=6.0669669205130334e-06
cycle=1101 time=1.4645043318191961e-01 dt=6.1304211982687684e-06
cycle=1102 time=1.4645656360311787e-01 dt=6.1982301630140866e-06
cycle=1103 time=1.4646276183328089e-01 dt=6.2605633510117098e-06
cycle=1104 time=1.4646902239663190e-01 dt=6.3105805828392727e-06
cycle=1105 time=1.4647533297721474e-01 dt=6.3447205466278126e-06
cycle=1106 time=1.4648167769776138e-01 dt=6.3616218111076916e-06
cycle=1107 time=1.4648803931957249e-01 dt=6.3601598017848072e-06
cycle=1108 time=1.4649439947937429e-01 dt=6.3830284410329045e-06
cycle=1109 time=1.4650078250781531e-01 dt=6.3952998507852661e-06
cycle=1110 time=1.4650717780766609e-01 dt=6.4106929745170929e-06
cycle=1111 time=1.4651358850064061e-01 dt=6.4642665339958242e-06
cycle=1112 time=1.4652005276717461e-01 dt=6.5836938584548259e-06
cycle=1113 time=1.4652663646103306e-01 dt=6.7635981291478795e-06
cycle=1114 time=1.4653340005916221e-01 dt=7.0209838830922676e-06
cycle=1115 time=1.4654042104304529e-01 dt=7.3593579888773549e-06
cycle=1116 time=1.4654778040103417e-01 dt=7.7417249898544790e-06
cycle=1117 time=1.4655552212602402e-01 dt=8.1532080987907913e-06
cycle=1118 time=1.4656367533412282e-01 dt=8.5740589235681270e-06
cycle=1119 time=1.4657224939304639e-01 dt=8.9876132361930882e-06
cycle=1120 time=1.4658123700628259e-01 dt=8.7978562282969910e-06
cycle=1121 time=1.4659003486251088e-01 dt=8.7269453222446664e-06
cycle=1122 time=1.4659876180783313e-01 dt=8.8937020439137605e-06
cycle=1123 time=1.4660765550987703e-01 dt=8.6747196766603731e-06
cycle=1124 time=1.4661633022955370e-01 dt=7.3826296956286815e-06
cycle=1125 time=1.4662371285924933e-01 dt=6.3630920793252876e-06
cycle=1126 time=1.4663007595132865e-01 dt=5.6774528594677990e-06
cycle=1127 time=1.4663575340418813e-01 dt=5.2934824644309256e-06
cycle=1128 time=1.4664104688665255e-01 dt=5.0795698968259068e-06
cycle=1129 time=1.4664612645654937e-01 dt=5.1983599651947680e-06
cycle=1130 time=1.4665132481651458e-01 dt=6.0999018035188158e-06
cycle=1131 time=1.4665742471831811e-01 dt=7.8490481836889949e-06
cycle=1132 time=1.4666527376650179e-01 dt=9.0007752576465468e-06
cycle=1133 time=1.4667427454175944e-01 dt=1.0446526936352926e-05
cycle=1134 time=1.4668472106869579e-01 dt=9.8052935782863202e-06
cycle=1135 time=1.4669452636227406e-01 dt=8.8480201252189240e-06
cycle=1136 time=1.4670337438239928e-01 dt=8.0394508923009288e-06
cycle=1137 time=1.4671141383329159e-01 dt=7.4375043154799001e-06
cycle=1138 time=1.4671885133760706e-01 dt=7.0454416143850492e-06
cycle=1139 time=1.4672589677922146e-01 dt=6.8235585656405074e-06
cycle=1140 time=1.4673272033778709e-01 dt=6.7156176860877472e-06
cycle=1141 time=1.4673943595547317e-01 dt=6.6699809580849992e-06
cycle=1142 time=1.4674610593643125e-01 dt=6.6488543984633524e-06
cycle=1143 time=1.4675275479082972e-01 dt=6.6290888802092791e-06
cycle=1144 time=1.4675938387970994e-01 dt=6.5991980657555461e-06
cycle=1145 time=1.4676598307777569e-01 dt=6.5556019009934816e-06
cycle=1146 time=1.4677253867967668e-01 dt=6.4993965894662935e-06
cycle=1147 time=1.4677903807626616e-01 dt=6.4339681764596343e-06
cycle=1148 time=1.4678547204444262e-01 dt=6.3633213554611842e-06
cycle=1149 time=1.4679183536579807e-01 dt=6.2911070705566872e-06
cycle=1150 time=1.4679812647286863e-01 dt=6.2201203399110739e-06
cycle=1151 time=1.4680434659320854e-01 dt=6.1522326479775951e-06
cycle=1152 time=1.4681049882585651e-01 dt=6.0883559029362157e-06
cycle=1153 time=1.4681658718175944e-01 dt=6.0840758980729638e-06
cycle=1154 time=1.4682267125765752e-01 dt=6.1173057035242557e-06
cycle=1155 time=1.4682878856336104e-01 dt=6.1655860837607723e-06
cycle=1156 time=1.4683495414944481e-01 dt=6.2212201700042436e-06
cycle=1157 time=1.4684117536961480e-01 dt=6.3187347089852970e-06
cycle=1158 time=1.4684749410432379e-01 dt=6.4662684292383550e-06
cycle=1159 time=1.4685396037275303e-01 dt=6.6643606573661774e-06
cycle=1160 time=1.4686062473341038e-01 dt=6.9097277084601915e-06
cycle=1161 time=1.4686753446111883e-01 dt=7.1839170633635996e-06
cycle=1162 time=1.4687471837818220e-01 dt=7.4889610645095776e-06
cycle=1163 time=1.4688220733924670e-01 dt=7.8240968663943629e-06
cycle=1164 time=1.4689003143611309e-01 dt=8.1854790460706360e-06
cycle=1165 time=1.4689821691515917e-01 dt=8.5706127067189038e-06
cycle=1166 time=1.4690678752786590e-01 dt=8.9779698174886020e-06
cycle=1167 time=1.4691576549768340e-01 dt=8.3497761879915531e-06
cycle=1168 time=1.4692411527387139e-01 dt=8.1309505306043898e-06
cycle=1169 time=1.4693224622440199e-01 dt=7.4482287443072682e-06
cycle=1170 time=1.4693969445314628e-01 dt=7.0523122788866843e-06
cycle=1171 time=1.4694674676542516e-01 dt=7.2706238271668643e-06
cycle=1172 time=1.4695401738925232e-01 dt=8.0895243987447596e-06
cycle=1173 time=1.4696210691365105e-01 dt=9.3194846890626111e-06
cycle=1174 time=1.4697142639834013e-01 dt=8.9309166921771335e-06
cycle=1175 time=1.4698035731503231e-01 dt=8.7835502339538034e-06
cycle=1176 time=1.4698914086526627e-01 dt=8.2463710282485185e-06
cycle=1177 time=1.4699738723629452e-01 dt=7.5624803117748287e-06
cycle=1178 time=1.4700494971660630e-01 dt=7.6181452596300400e-06
cycle=1179 time=1.4701256786186592e-01 dt=7.8738059900574973e-06
cycle=1180 time=1.4702044166785597e-01 dt=7.1418003655732223e-06
cycle=1181 time=1.4702758346822153e-01 dt=6.5526860608928852e-06
cycle=1182 time=1.4703413615428243e-01 dt=6.1483138279287711e-06
cycle=1183 time=1.4704028446811035e-01 dt=5.9169521305918575e-06
cycle=1184 time=1.4704620142024094e-01 dt=5.8609777090852587e-06
cycle=1185 time=1.4705206239795002e-01 dt=6.7300895058213531e-06
cycle=1186 time=1.4705879248745585e-01 dt=8.6207294151861702e-06
cycle=1187 time=1.4706741321687103e-01 dt=9.0509263704175328e-06
cycle=1188 time=1.4707646414324144e-01 dt=9.3575340961751408e-06
cycle=1189 time=1.4708582167733761e-01 dt=1.0085730755454160e-05
cycle=1190 time=1.4709590740809306e-01 dt=8.9932308036050117e-06
cycle=1191 time=1.4710490063889667e-01 dt=8.2233770254229150e-06
cycle=1192 time=1.4711312401592208e-01 dt=7.7579837638862698e-06
cycle=1193 time=1.4712088199968595e-01 dt=7.4908759403256038e-06
cycle=1194 time=1.4712837287562627e-01 dt=7.1852503350348745e-06
cycle=1195 time=1.4713555812596130e-01 dt=7.2230863568923064e-06
cycle=1196 time=1.4714278121231819e-01 dt=7.1034975931616722e-06
cycle=1197 time=1.4714988470991136e-01 dt=6.9753160952046156e-06
cycle=1198 time=1.4715686002600656e-01 dt=6.9008067781775549e-06
cycle=1199 time=1.4716376083278473e-01 dt=7.0803396687092174e-06
cycle=1200 time=1.4717084117245344e-01 dt=7.4584639388088073e-06
cycle=1201 time=1.4717829963639226e-01 dt=7.8238290452456325e-06
cycle=1202 time=1.4718612346543750e-01 dt=7.7499078560917877e-06
cycle=1203 time=1.4719387337329359e-01 dt=7.8903881196548476e-06
cycle=1204 time=1.4720176376141325e-01 dt=8.2976136370731178e-06
cycle=1205 time=1.4721006137505033e-01 dt=8.9459517566019629e-06
cycle=1206 time=1.4721900732680693e-01 dt=8.2271731426226598e-06
cycle=1207 time=1.4722723449994954e-01 dt=7.6586497377444964e-06
cycle=1208 time=1.4723489314968730e-01 dt=7.2797993934326551e-06
cycle=1209 time=1.4724217294908074e-01 dt=7.0443300088914260e-06
cycle=1210 time=1.4724921727908963e-01 dt=6.9922606330054377e-06
cycle=1211 time=1.4725620953972263e-01 dt=7.1908311697181845e-06
cycle=1212 time=1.4726340037089233e-01 dt=7.6071124782961025e-06
cycle=1213 time=1.4727100748337063e-01 dt=7.7258227662628297e-06
cycle=1214 time=1.4727873330613689e-01 dt=8.0418656487203871e-06
cycle=1215 time=1.4728677517178562e-01 dt=8.5918770495594169e-06
cycle=1216 time=1.4729536704883517e-01 dt=8.3084777507461286e-06
cycle=1217 time=1.4730367552658591e-01 dt=8.0620757404294329e-06
cycle=1218 time=1.4731173760232633e-01 dt=7.7919795029279031e-06
cycle=1219 time=1.4731952958182926e-01 dt=7.4858777919295257e-06
cycle=1220 time=1.4732701545962118e-01 dt=7.2837961208676073e-06
cycle=1221 time=1.4733429925574204e-01 dt=7.1588321219567660e-06
cycle=1222 time=1.4734145808786400e-01 dt=7.0791095572865821e-06
cycle=1223 time=1.4734853719742128e-01 dt=7.0201402467333624e-06
cycle=1224 time=1.4735555733766800e-01 dt=6.9672488057437295e-06
cycle=1225 time=1.4736252458647375e-01 dt=6.9137113246807565e-06
cycle=1226 time=1.4736943829779844e-01 dt=6.8578977098290344e-06
cycle=1227 time=1.4737629619550827e-01 dt=6.8007169331277828e-06
cycle=1228 time=1.4738309691244139e-01 dt=6.7425551131868086e-06
cycle=1229 time=1.4738983946755457e-01 dt=6.6848088381256514e-06
cycle=1230 time=1.4739652427639269e-01 dt=6.6294163222060384e-06
cycle=1231 time=1.4740315369271489e-01 dt=6.5774709116449040e-06
cycle=1232 time=1.4740973116362655e-01 dt=6.5305373518135811e-06
cycle=1233 time=1.4741626170097835e-01 dt=6.4866026968537469e-06
cycle=1234 time=1.4742274830367522e-01 dt=6.4454023629768857e-06
cycle=1235 time=1.4742919370603819e-01 dt=6.4067461712589091e-06
cycle=1236 time=1.4743560045220944e-01 dt=6.3704454065572399e-06
cycle=1237 time=1.4744197089761599e-01 dt=6.3363705433652588e-06
cycle=1238 time=1.4744830726815936e-01 dt=6.3044686382294649e-06
cycle=1239 time=1.4745461173679758e-01 dt=6.2747045376708553e-06
cycle=1240 time=1.4746088644133526e-01 dt=6.2469894820379431e-06
cycle=1241 time=1.4746713343081730e-01 dt=6.2212515962787257e-06
cycle=1242 time=1.4747335468241357e-01 dt=6.1974448680773374e-06
cycle=1243 time=1.4747955212728164e-01 dt=6.1755608944797591e-06
cycle=1244 time=1.4748572768817611e-01 dt=6.1555299940297765e-06
cycle=1245 time=1.4749188321817014e-01 dt=6.1346382074929824e-06
cycle=1246 time=1.4749801785637764e-01 dt=6.1104066350392748e-06
cycle=1247 time=1.4750412826301268e-01 dt=6.0834740620461366e-06
cycle=1248 time=1.4751021173707474e-01 dt=6.0551907300919811e-06
cycle=1249 time=1.4751626692780484e-01 dt=6.0270270937797938e-06
cycle=1250 time=1.4752229395489863e-01 dt=6.0003084537818707e-06
cycle=1251 time=1.4752829426335240e-01 dt=5.9759362848653464e-06
cycle=1252 time=1.4753427019963727e-01 dt=5.9540880686359962e-06
cycle=1253 time=1.4754022428770591e-01 dt=5.9346304799137309e-06
cycle=1254 time=1.4754615891818582e-01 dt=5.9177557242548589e-06
cycle=1255 time=1.4755207667391007e-01 dt=5.9041669913721697e-06
cycle=1256 time=1.4755798084090144e-01 dt=5.8952901500444914e-06
cycle=1257 time=1.4756387613105149e-01 dt=5.8907439120811790e-06
cycle=1258 time=1.4756976687496356e-01 dt=5.8900203146687225e-06
cycle=1259 time=1.4757565689527824e-01 dt=5.8927213171339122e-06
cycle=1260 time=1.4758154961659536e-01 dt=5.8987284372384877e-06
cycle=1261 time=1.4758744834503260e-01 dt=5.9077843018734054e-06
cycle=1262 time=1.4759335612933447e-01 dt=5.9197817796404659e-06
cycle=1263 time=1.4759927591111410e-01 dt=5.9330583951231882e-06
cycle=1264 time=1.4760520896950924e-01 dt=5.9469707708277007e-06
cycle=1265 time=1.4761115594028007e-01 dt=5.9616889519317704e-06
cycle=1266 time=1.4761711762923199e-01 dt=5.9777662653324914e-06
cycle=1267 time=1.4762309539549731e-01 dt=5.9957399714659040e-06
cycle=1268 time=1.4762909113546877e-01 dt=6.0179310147062032e-06
cycle=1269 time=1.4763510906648347e-01 dt=6.0440538178416263e-06
cycle=1270 time=1.4764115312030132e-01 dt=6.0735977345717720e-06
cycle=1271 time=1.4764722671803590e-01 dt=6.1059161032862683e-06
cycle=1272 time=1.4765333263413918e-01 dt=6.1401734397422152e-06
cycle=1273 time=1.4765947280757893e-01 dt=6.0761709813388327e-06
cycle=1274 time=1.4766554897856027e-01 dt=5.9518450685752496e-06
cycle=1275 time=1.4767150082362884e-01 dt=5.8389067358116004e-06
cycle=1276 time=1.4767733973036465e-01 dt=5.5367207686904824e-06
cycle=1277 time=1.4768287645113334e-01 dt=5.0868257192305733e-06
cycle=1278 time=1.4768796327685257e-01 dt=4.7461379012171110e-06
cycle=1279 time=1.4769270941475379e-01 dt=4.5158316749590610e-06
cycle=1280 time=1.4769722524642875e-01 dt=4.3676582646063239e-06
cycle=1281 time=1.4770159290469337e-01 dt=4.2665992813051692e-06
cycle=1282 time=1.4770585950397466e-01 dt=4.1911939728024108e-06
cycle=1283 time=1.4771005069794746e-01 dt=4.1262746546750924e-06
cycle=1284 time=1.4771417697260214e-01 dt=4.0625734666611947e-06
cycle=1285 time=1.4771823954606880e-01 dt=3.9958074079227884e-06
cycle=1286 time=1.4772223535347673e-01 dt=4.1724129839503712e-06
cycle=1287 time=1.4772640776646068e-01 dt=4.5229491141598482e-06
cycle=1288 time=1.4773093071557483e-01 dt=5.2087615701139456e-06
cycle=1289 time=1.4773613947714495e-01 dt=6.2704087861156933e-06
cycle=1290 time=1.4774240988593107e-01 dt=6.0754740287617705e-06
cycle=1291 time=1.4774848535995982e-01 dt=5.3118579997549669e-06
cycle=1292 time=1.4775379721795959e-01 dt=4.6352071334513648e-06
cycle=1293 time=1.4775843242509304e-01 dt=4.3458615506955460e-06
cycle=1294 time=1.4776277828664375e-01 dt=4.3176421300055431e-06
cycle=1295 time=1.4776709592877374e-01 dt=4.8873137350581396e-06
cycle=1296 time=1.4777198324250879e-01 dt=5.7483612502354461e-06
cycle=1297 time=1.4777773160375901e-01 dt=6.1451893182533946e-06
cycle=1298 time=1.4778387679307725e-01 dt=6.0065463347267913e-06
cycle=1299 time=1.4778988333941198e-01 dt=5.8449376097086524e-06
cycle=1300 time=1.4779572827702170e-01 dt=5.3614591465890022e-06
cycle=1301 time=1.4780108973616829e-01 dt=4.8455153067497892e-06
cycle=1302 time=1.4780593525147503e-01 dt=4.4822869754597290e-06
cycle=1303 time=1.4781041753845051e-01 dt=4.2802693124542366e-06
cycle=1304 time=1.4781469780776296e-01 dt=4.3721369251707932e-06
cycle=1305 time=1.4781906994468813e-01 dt=4.6186334218167728e-06
cycle=1306 time=1.4782368857810996e-01 dt=5.1065419020723831e-06
cycle=1307 time=1.4782879512001204e-01 dt=5.1653741360985302e-06
cycle=1308 time=1.4783396049414815e-01 dt=4.7831552614814972e-06
cycle=1309 time=1.4783874364940963e-01 dt=4.3964017227843526e-06
cycle=1310 time=1.4784314005113242e-01 dt=4.3443125446875704e-06
cycle=1311 time=1.4784748436367709e-01 dt=4.5409992978737845e-06
cycle=1312 time=1.4785202536297495e-01 dt=5.2441943320983599e-06
cycle=1313 time=1.4785726955730705e-01 dt=5.4166910277536373e-06
cycle=1314 time=1.4786268624833479e-01 dt=5.3507085922664953e-06
cycle=1315 time=1.4786803695692705e-01 dt=5.2743049045105115e-06
cycle=1316 time=1.4787331126183156e-01 dt=5.1946733823597296e-06
cycle=1317 time=1.4787850593521393e-01 dt=5.1171422274865405e-06
cycle=1318 time=1.4788362307744141e-01 dt=5.0455202540269274e-06
cycle=1319 time=1.4788866859769542e-01 dt=4.9843615590858350e-06
cycle=1320 time=1.4789365295925450e-01 dt=4.9357603053504028e-06
cycle=1321 time=1.4789858871955985e-01 dt=4.8999437052993608e-06
cycle=1322 time=1.4790348866326516e-01 dt=4.8765664460124646e-06
cycle=1323 time=1.4790836522971118e-01 dt=4.8651107492495394e-06
cycle=1324 time=1.4791323034046042e-01 dt=4.8537958907052381e-06
cycle=1325 time=1.4791808413635113e-01 dt=4.8437475694846350e-06
cycle=1326 time=1.4792292788392061e-01 dt=4.8402057656089492e-06
cycle=1327 time=1.4792776808968622e-01 dt=4.8402142148041273e-06
cycle=1328 time=1.4793260830390101e-01 dt=4.8455236426696850e-06
cycle=1329 time=1.4793745382754367e-01 dt=4.8549775301779740e-06
cycle=1330 time=1.4794230880507384e-01 dt=4.8715100871333447e-06
cycle=1331 time=1.4794718031516096e-01 dt=4.8810203021356249e-06
cycle=1332 time=1.4795206133546310e-01 dt=4.8837273496807370e-06
cycle=1333 time=1.4795694506281279e-01 dt=4.8952869595535167e-06
cycle=1334 time=1.4796184034977233e-01 dt=4.5574648851444737e-06
cycle=1335 time=1.4796639781465748e-01 dt=4.4075537913371620e-06
cycle=1336 time=1.4797080536844881e-01 dt=4.5041768006914081e-06
cycle=1337 time=1.4797530954524951e-01 dt=4.9484469158571973e-06
cycle=1338 time=1.4798025799216538e-01 dt=4.9042518713036353e-06
cycle=1339 time=1.4798516224403668e-01 dt=4.8553573510785785e-06
cycle=1340 time=1.4799001760138777e-01 dt=4.8057718259972809e-06
cycle=1341 time=1.4799482337321376e-01 dt=4.7582036756686786e-06
cycle=1342 time=1.4799958157688944e-01 dt=4.7143394756169611e-06
cycle=1343 time=1.4800429591636505e-01 dt=4.6767220076708606e-06
cycle=1344 time=1.4800897263837270e-01 dt=4.6460222259668370e-06
cycle=1345 time=1.4801361866059867e-01 dt=4.6205509959791037e-06
cycle=1346 time=1.4801823921159465e-01 dt=4.5993742276148089e-06
cycle=1347 time=1.4802283858582227e-01 dt=4.5818059924429072e-06
cycle=1348 time=1.4802742039181471e-01 dt=4.5672733601086076e-06
cycle=1349 time=1.4803198766517481e-01 dt=4.5554521385097204e-06
cycle=1350 time=1.4803654311731332e-01 dt=4.5457908858465049e-06
cycle=1351 time=1.4804108890819917e-01 dt=4.5378881206937415e-06
cycle=1352 time=1.4804562679631986e-01 dt=4.5314350242899711e-06
cycle=1353 time=1.4805015823134415e-01 dt=4.5261397459084820e-06
cycle=1354 time=1.4805468437109007e-01 dt=4.5217514748983695e-06
cycle=1355 time=1.4805920612256496e-01 dt=4.5178570435976009e-06
cycle=1356 time=1.4806372397960854e-01 dt=4.5136734636554439e-06
cycle=1357 time=1.4806823765307220e-01 dt=4.5094820465084231e-06
cycle=1358 time=1.4807274713511870e-01 dt=4.5053241134374057e-06
cycle=1359 time=1.4807725245923214e-01 dt=4.5012289784403420e-06
cycle=1360 time=1.4808175368821058e-01 dt=4.4972094738635762e-06
cycle=1361 time=1.4808625089768446e-01 dt=4.4932731680484383e-06
cycle=1362 time=1.4809074417085250e-01 dt=4.4894279113054603e-06
cycle=1363 time=1.4809523359876381e-01 dt=4.4856845363782154e-06
cycle=1364 time=1.4809971928330018e-01 dt=4.4820638757249486e-06
cycle=1365 time=1.4810420134717592e-01 dt=4.4785966500999602e-06
cycle=1366 time=1.4810867994382601e-01 dt=4.4753218223294161e-06
cycle=1367 time=1.4811315526564833e-01 dt=4.4722828852159155e-06
cycle=1368 time=1.4811762754853355e-01 dt=4.4695204654178381e-06
cycle=1369 time=1.4812209706899898e-01 dt=4.4670715266874513e-06
cycle=1370 time=1.4812656414052566e-01 dt=4.4649648756813205e-06
cycle=1371 time=1.4813102910540135e-01 dt=4.4632314001948518e-06
cycle=1372 time=1.4813549233680154e-01 dt=4.4622032209851015e-06
cycle=1373 time=1.4813995454002252e-01 dt=4.4619561646524860e-06
cycle=1374 time=1.4814441649618718e-01 dt=4.4620925278390638e-06
cycle=1375 time=1.4814887858871501e-01 dt=4.4625319944743163e-06
cycle=1376 time=1.4815334112070949e-01 dt=4.4632353810823623e-06
cycle=1377 time=1.4815780435609058e-01 dt=4.4641911233522188e-06
cycle=1378 time=1.4816226854721393e-01 dt=4.4654045021826339e-06
cycle=1379 time=1.4816673395171612e-01 dt=4.4669119910940337e-06
cycle=1380 time=1.4817120086370722e-01 dt=4.4687765624020906e-06
cycle=1381 time=1.4817566964026962e-01 dt=4.4710856446500600e-06
cycle=1382 time=1.4818014072591429e-01 dt=4.4727658572219132e-06
cycle=1383 time=1.4818461349177151e-01 dt=4.4744893821777311e-06
cycle=1384 time=1.4818908798115368e-01 dt=4.4769486315862097e-06
cycle=1385 time=1.4819356492978528e-01 dt=4.4802377484860919e-06
cycle=1386 time=1.4819804516753377e-01 dt=4.4844109773601001e-06
cycle=1387 time=1.4820252957851113e-01 dt=4.4895049510605042e-06
cycle=1388 time=1.4820701908346218e-01 dt=4.4961344575629720e-06
cycle=1389 time=1.4821151521791975e-01 dt=4.5018901241030757e-06
cycle=1390 time=1.4821601710804386e-01 dt=4.5085377388684167e-06
cycle=1391 time=1.4822052564578272e-01 dt=4.5162984035512538e-06
cycle=1392 time=1.4822504194418629e-01 dt=4.5283618477315272e-06
cycle=1393 time=1.4822957030603401e-01 dt=4.5431622866843659e-06
cycle=1394 time=1.4823411346832069e-01 dt=4.5576554480211383e-06
cycle=1395 time=1.4823867112376871e-01 dt=4.5789517509014135e-06
cycle=1396 time=1.4824325007551961e-01 dt=4.5908321726322343e-06
cycle=1397 time=1.4824784090769225e-01 dt=4.6039669806723624e-06
cycle=1398 time=1.4825244487467293e-01 dt=4.6091478585472386e-06
cycle=1399 time=1.4825705402253148e-01 dt=4.6177952887408031e-06
cycle=1400 time=1.4826167181782021e-01 dt=4.6307623758393929e-06
cycle=1401 time=1.4826630258019605e-01 dt=4.6453530191521360e-06
cycle=1402 time=1.4827094793321519e-01 dt=4.6624149697472830e-06
cycle=1403 time=1.4827561034818493e-01 dt=4.6785470815033156e-06
cycle=1404 time=1.4828028889526643e-01 dt=4.6880497341565919e-06
cycle=1405 time=1.4828497694500059e-01 dt=4.6963283920807459e-06
cycle=1406 time=1.4828967327339268e-01 dt=4.6251141819456298e-06
cycle=1407 time=1.4829429838757463e-01 dt=4.5583019801829829e-06
cycle=1408 time=1.4829885668955481e-01 dt=4.4984107557915745e-06
cycle=1409 time=1.4830335510031059e-01 dt=4.4485564538083392e-06
cycle=1410 time=1.4830780365676441e-01 dt=4.4097842518769640e-06
cycle=1411 time=1.4831221344101628e-01 dt=4.3797847741206768e-06
cycle=1412 time=1.4831659322579041e-01 dt=4.3567885632083249e-06
cycle=1413 time=1.4832095001435361e-01 dt=4.3395121075634240e-06
cycle=1414 time=1.4832528952646118e-01 dt=4.3270200735675863e-06
cycle=1415 time=1.4832961654653476e-01 dt=4.3185556776153488e-06
cycle=1416 time=1.4833393510221238e-01 dt=4.3135266566027474e-06
cycle=1417 time=1.4833824862886899e-01 dt=4.3114294228265764e-06
cycle=1418 time=1.4834256005829183e-01 dt=4.3117850337743958e-06
cycle=1419 time=1.4834687184332560e-01 dt=4.3140309491481241e-06
cycle=1420 time=1.4835118587427473e-01 dt=4.3179403497762357e-06
cycle=1421 time=1.4835550381462451e-01 dt=4.3229802775563442e-06
cycle=1422 time=1.4835982679490206e-01 dt=4.3287179049823417e-06
cycle=1423 time=1.4836415551280704e-01 dt=4.3350221014582055e-06
cycle=1424 time=1.4836849053490850e-01 dt=4.3413109032266708e-06
cycle=1425 time=1.4837283184581174e-01 dt=4.3471272647459498e-06
cycle=1426 time=1.4837717897307648e-01 dt=4.3523122975218636e-06
cycle=1427 time=1.4838153128537401e-01 dt=4.3569040982752925e-06
cycle=1428 time=1.4838588818947229e-01 dt=4.3610107613136061e-06
cycle=1429 time=1.4839024920023361e-01 dt=4.3647726450464088e-06
cycle=1430 time=1.4839461397287865e-01 dt=4.3675800040216436e-06
cycle=1431 time=1.4839898155288267e-01 dt=4.3702113792129737e-06
cycle=1432 time=1.4840335176426189e-01 dt=4.3730569952851999e-06
cycle=1433 time=1.4840772482125716e-01 dt=4.3763347693037775e-06
cycle=1434 time=1.4841210115602646e-01 dt=4.3802409988919112e-06
cycle=1435 time=1.4841648139702535e-01 dt=4.3849438544541378e-06
cycle=1436 time=1.4842086634087981e-01 dt=4.3905812319473675e-06
cycle=1437 time=1.4842525692211175e-01 dt=4.3949372184165252e-06
cycle=1438 time=1.4842965185933016e-01 dt=4.3974953405252031e-06
cycle=1439 time=1.4843404935467069e-01 dt=4.4012980227009387e-06
cycle=1440 time=1.4843845065269340e-01 dt=4.4065026213970748e-06
cycle=1441 time=1.4844285715531480e-01 dt=4.4132140823088761e-06
cycle=1442 time=1.4844727036939712e-01 dt=4.4214964648655353e-06
cycle=1443 time=1.4845169186586199e-01 dt=4.4313720224011666e-06
cycle=1444 time=1.4845612323788440e-01 dt=4.4428437724581881e-06
cycle=1445 time=1.4846056608165686e-01 dt=4.4559068384863075e-06
cycle=1446 time=1.4846502198849534e-01 dt=4.4705630137140611e-06
cycle=1447 time=1.4846949255150907e-01 dt=4.4868008878729059e-06
cycle=1448 time=1.4847397935239695e-01 dt=4.5046153503533373e-06
cycle=1449 time=1.4847848396774729e-01 dt=4.5240487389496228e-06
cycle=1450 time=1.4848300801648626e-01 dt=4.5455316643377650e-06
cycle=1451 time=1.4848755354815060e-01 dt=4.5697730291257896e-06
cycle=1452 time=1.4849212332117973e-01 dt=4.5935709543319436e-06
cycle=1453 time=1.4849671689213406e-01 dt=4.5979975649949993e-06
cycle=1454 time=1.4850131488969906e-01 dt=4.6040388813556490e-06
cycle=1455 time=1.4850591892858042e-01 dt=4.6124083811193511e-06
cycle=1456 time=1.4851053133696154e-01 dt=4.6236493801559151e-06
cycle=1457 time=1.4851515498634169e-01 dt=4.6377762700203851e-06
cycle=1458 time=1.4851979276261171e-01 dt=4.6547326806251879e-06
cycle=1459 time=1.4852444749529234e-01 dt=4.6750694832741141e-06
cycle=1460 time=1.4852912256477560e-01 dt=4.6994684163624313e-06
cycle=1461 time=1.4853382203319196e-01 dt=4.7160212117332707e-06
cycle=1462 time=1.4853853805440370e-01 dt=4.7298923576385488e-06
cycle=1463 time=1.4854326794676134e-01 dt=4.7473173554825833e-06
cycle=1464 time=1.4854801526411682e-01 dt=4.7715669490733120e-06
cycle=1465 time=1.4855278683106590e-01 dt=4.8044352586018236e-06
cycle=1466 time=1.4855759126632451e-01 dt=4.8469453112402489e-06
cycle=1467 time=1.4856243821163576e-01 dt=4.8997760921300612e-06
cycle=1468 time=1.4856733798772789e-01 dt=4.9655099639804897e-06
cycle=1469 time=1.4857230349769188e-01 dt=5.0478368739055854e-06
cycle=1470 time=1.4857735133456579e-01 dt=5.1424746682470417e-06
cycle=1471 time=1.4858249380923402e-01 dt=5.2480572748501056e-06
cycle=1472 time=1.4858774186650886e-01 dt=5.3644243742754241e-06
cycle=1473 time=1.4859310629088313e-01 dt=5.4920432622915442e-06
cycle=1474 time=1.4859859833414540e-01 dt=5.6185117818900037e-06
cycle=1475 time=1.4860421684592728e-01 dt=5.7477727524265706e-06
cycle=1476 time=1.4860996461867970e-01 dt=5.8887036069340442e-06
cycle=1477 time=1.4861585332228663e-01 dt=5.8965720107110201e-06
cycle=1478 time=1.4862174989429736e-01 dt=5.7023968057840450e-06
cycle=1479 time=1.4862745229110313e-01 dt=5.5312944455818752e-06
cycle=1480 time=1.4863298358554872e-01 dt=5.3959852782627579e-06
cycle=1481 time=1.4863837957082698e-01 dt=5.2917065708744002e-06
cycle=1482 time=1.4864367127739786e-01 dt=5.2126869680841106e-06
cycle=1483 time=1.4864888396436596e-01 dt=5.1570867302362909e-06
cycle=1484 time=1.4865404105109620e-01 dt=5.1201238641790531e-06
cycle=1485 time=1.4865916117496036e-01 dt=5.0982180609888208e-06
cycle=1486 time=1.4866425939302136e-01 dt=5.0884338197512880e-06
cycle=1487 time=1.4866934782684110e-01 dt=5.0882544351974062e-06
cycle=1488 time=1.4867443608127631e-01 dt=5.0952282267039611e-06
cycle=1489 time=1.4867953130950301e-01 dt=5.1070466912861621e-06
cycle=1490 time=1.4868463835619430e-01 dt=5.1217880396766075e-06
cycle=1491 time=1.4868976014423399e-01 dt=5.1379592442998604e-06
cycle=1492 time=1.4869489810347830e-01 dt=5.1546228429378698e-06
cycle=1493 time=1.4870005272632125e-01 dt=5.1712667534044158e-06
cycle=1494 time=1.4870522399307465e-01 dt=5.1894965054347934e-06
cycle=1495 time=1.4871041348958008e-01 dt=5.2086990249002017e-06
cycle=1496 time=1.4871562218860498e-01 dt=5.2280169089296344e-06
cycle=1497 time=1.4872085020551393e-01 dt=5.2477110554663278e-06
cycle=1498 time=1.4872609791656941e-01 dt=5.2681314927695480e-06
cycle=1499 time=1.4873136604806217e-01 dt=5.2896393228602402e-06
cycle=1500 time=1.4873665568738503e-01 dt=5.3126018285152146e-06
cycle=1501 time=1.4874196828921354e-01 dt=5.3373851609917480e-06
cycle=1502 time=1.4874730567437452e-01 dt=5.3643312857355341e-06
cycle=1503 time=1.4875267000566025e-01 dt=5.3937494993722301e-06
cycle=1504 time=1.4875806375515963e-01 dt=5.4074069050989352e-06
cycle=1505 time=1.4876347116206473e-01 dt=5.3676116205181727e-06
cycle=1506 time=1.4876883877368524e-01 dt=5.3285830696801043e-06
cycle=1507 time=1.4877416735675492e-01 dt=5.2951154550201062e-06
cycle=1508 time=1.4877946247220994e-01 dt=5.2685692449962120e-06
cycle=1509 time=1.4878473104145493e-01 dt=5.2495017569008580e-06
cycle=1510 time=1.4878998054321182e-01 dt=5.2380201605534225e-06
cycle=1511 time=1.4879521856337238e-01 dt=5.2339699663097454e-06
cycle=1512 time=1.4880045253333871e-01 dt=5.2357541188789599e-06
cycle=1513 time=1.4880568828745758e-01 dt=5.2430688960595740e-06
cycle=1514 time=1.4881093135635365e-01 dt=5.2555518950536331e-06
cycle=1515 time=1.4881618690824872e-01 dt=5.2727574569289059e-06
cycle=1516 time=1.4882145966570565e-01 dt=5.2942168493487756e-06
cycle=1517 time=1.4882675388255501e-01 dt=5.3194882531645718e-06
cycle=1518 time=1.4883207337080817e-01 dt=5.3481537762840211e-06
cycle=1519 time=1.4883742152458446e-01 dt=5.3797539973719479e-06
cycle=1520 time=1.4884280127858182e-01 dt=5.4140975006523418e-06
cycle=1521 time=1.4884821537608248e-01 dt=5.4511612176450434e-06
cycle=1522 time=1.4885366653730012e-01 dt=5.4906928475722307e-06
cycle=1523 time=1.4885915723014770e-01 dt=5.5320253347939193e-06
cycle=1524 time=1.4886468925548249e-01 dt=5.5759973058542509e-06
cycle=1525 time=1.4887026525278835e-01 dt=5.6240765683791698e-06
cycle=1526 time=1.4887588932935672e-01 dt=5.6775053795847572e-06
cycle=1527 time=1.4888156683473630e-01 dt=5.7374495310072799e-06
cycle=1528 time=1.4888730428426730e-01 dt=5.8048647671171284e-06
cycle=1529 time=1.4889310914903442e-01 dt=5.8804454403560699e-06
cycle=1530 time=1.4889898959447478e-01 dt=5.9648581697731450e-06
cycle=1531 time=1.4890495445264457e-01 dt=5.9630925819940624e-06
cycle=1532 time=1.4891091754522656e-01 dt=5.7661334797418126e-06
cycle=1533 time=1.4891668367870631e-01 dt=5.6206365968306939e-06
cycle=1534 time=1.4892230431530315e-01 dt=5.5277455014715748e-06
cycle=1535 time=1.4892783206080462e-01 dt=5.4718388426820808e-06
cycle=1536 time=1.4893330389964729e-01 dt=5.4360728136341641e-06
cycle=1537 time=1.4893873997246093e-01 dt=5.4084006844564585e-06
cycle=1538 time=1.4894414837314540e-01 dt=5.3820508235709499e-06
cycle=1539 time=1.4894953042396897e-01 dt=5.3541551851906475e-06
cycle=1540 time=1.4895488457915415e-01 dt=5.3241679188976733e-06
cycle=1541 time=1.4896020874707305e-01 dt=5.2961415906734813e-06
cycle=1542 time=1.4896550488866372e-01 dt=5.4722542026531579e-06
cycle=1543 time=1.4897097714286639e-01 dt=5.5243679935024678e-06
cycle=1544 time=1.4897650151085989e-01 dt=5.4240302900116167e-06
cycle=1545 time=1.4898192554114992e-01 dt=5.4662226074836726e-06
cycle=1546 time=1.4898739176375742e-01 dt=5.3608897950068357e-06
cycle=1547 time=1.4899275265355241e-01 dt=5.2705970119910737e-06
cycle=1548 time=1.4899802325056441e-01 dt=5.2030464436584436e-06
cycle=1549 time=1.4900322629700807e-01 dt=5.1545430356360378e-06
cycle=1550 time=1.4900838084004370e-01 dt=5.2985988671408359e-06
cycle=1551 time=1.4901367943891083e-01 dt=5.5235963402446466e-06
cycle=1552 time=1.4901920303525107e-01 dt=5.7326394411939538e-06
cycle=1553 time=1.4902493567469227e-01 dt=6.0841575364016336e-06
cycle=1554 time=1.4903101983222866e-01 dt=6.5619423869586507e-06
cycle=1555 time=1.4903758177461562e-01 dt=7.1426484961847647e-06
cycle=1556 time=1.4904472442311181e-01 dt=7.4262170179680625e-06
cycle=1557 time=1.4905215064012978e-01 dt=6.6888847591548189e-06
cycle=1558 time=1.4905883952488894e-01 dt=6.1317540775244553e-06
cycle=1559 time=1.4906497127896645e-01 dt=5.7979489615736489e-06
cycle=1560 time=1.4907076922792803e-01 dt=5.6390429054205195e-06
cycle=1561 time=1.4907640827083346e-01 dt=5.5640621820208362e-06
cycle=1562 time=1.4908197233301548e-01 dt=5.5946101606152400e-06
cycle=1563 time=1.4908756694317610e-01 dt=5.7297269375910843e-06
cycle=1564 time=1.4909329667011370e-01 dt=5.9231739723718190e-06
cycle=1565 time=1.4909921984408608e-01 dt=6.2988996794101767e-06
cycle=1566 time=1.4910551874376549e-01 dt=6.0572394851645135e-06
cycle=1567 time=1.4911157598325064e-01 dt=5.8339862670720273e-06
cycle=1568 time=1.4911740996951772e-01 dt=5.7649503613390322e-06
cycle=1569 time=1.4912317491987906e-01 dt=5.7421978104141679e-06
cycle=1570 time=1.4912891711768947e-01 dt=5.7861127427580253e-06
cycle=1571 time=1.4913470323043224e-01 dt=5.8062944872010227e-06
cycle=1572 time=1.4914050952491945e-01 dt=5.8476597848813451e-06
cycle=1573 time=1.4914635718470431e-01 dt=5.9213840796946883e-06
cycle=1574 time=1.4915227856878402e-01 dt=6.1215843543757241e-06
cycle=1575 time=1.4915840015313839e-01 dt=6.0921295389350082e-06
cycle=1576 time=1.4916449228267734e-01 dt=6.0662905224747874e-06
cycle=1577 time=1.4917055857319980e-01 dt=5.9803545436345373e-06
cycle=1578 time=1.4917653892774344e-01 dt=5.9572101471397511e-06
cycle=1579 time=1.4918249613789059e-01 dt=5.8831670454169973e-06
cycle=1580 time=1.4918837930493600e-01 dt=5.8964105373389381e-06
cycle=1581 time=1.4919427571547333e-01 dt=6.0127480791426984e-06
cycle=1582 time=1.4920028846355249e-01 dt=6.3060381310980820e-06
cycle=1583 time=1.4920659450168358e-01 dt=6.7456329273623640e-06
cycle=1584 time=1.4921334013461093e-01 dt=7.1154526866494087e-06
cycle=1585 time=1.4922045558729757e-01 dt=6.6354774835713017e-06
cycle=1586 time=1.4922709106478113e-01 dt=6.3572968694370831e-06
cycle=1587 time=1.4923344836165056e-01 dt=6.2159372958101459e-06
cycle=1588 time=1.4923966429894636e-01 dt=6.1895417850658111e-06
cycle=1589 time=1.4924585384073144e-01 dt=6.2599461485837998e-06
cycle=1590 time=1.4925211378688003e-01 dt=6.3758869676366741e-06
cycle=1591 time=1.4925848967384767e-01 dt=6.2149218392546966e-06
cycle=1592 time=1.4926470459568691e-01 dt=6.0581250966226845e-06
cycle=1593 time=1.4927076272078355e-01 dt=5.9391952480909971e-06
cycle=1594 time=1.4927670191603162e-01 dt=5.8382178872071051e-06
cycle=1595 time=1.4928254013391884e-01 dt=5.7297137986163120e-06
cycle=1596 time=1.4928826984771745e-01 dt=5.6457742344875188e-06
cycle=1597 time=1.4929391562195193e-01 dt=5.6645237031372022e-06
cycle=1598 time=1.4929958014565506e-01 dt=5.7113948022529567e-06
cycle=1599 time=1.4930529154045732e-01 dt=5.6704961626496451e-06
cycle=1600 time=1.4931096203661998e-01 dt=5.8089647641633929e-06
cycle=1601 time=1.4931677100138413e-01 dt=6.2500286260021571e-06
cycle=1602 time=1.4932302103001013e-01 dt=6.1716035526857703e-06
cycle=1603 time=1.4932919263356281e-01 dt=5.8762893265381238e-06
cycle=1604 time=1.4933506892288936e-01 dt=5.6490797140573735e-06
cycle=1605 time=1.4934071800260343e-01 dt=5.5216246589260028e-06
cycle=1606 time=1.4934623962726234e-01 dt=5.6068155075569706e-06
cycle=1607 time=1.4935184644276991e-01 dt=5.6268977265526228e-06
cycle=1608 time=1.4935747334049645e-01 dt=5.6907106170486505e-06
cycle=1609 time=1.4936316405111350e-01 dt=5.7282027249128091e-06
cycle=1610 time=1.4936889225383840e-01 dt=5.7739262103957023e-06
cycle=1611 time=1.4937466618004880e-01 dt=5.9800302456515029e-06
cycle=1612 time=1.4938064621029445e-01 dt=6.3185409092844809e-06
cycle=1613 time=1.4938696475120375e-01 dt=6.7659275238038892e-06
cycle=1614 time=1.4939373067872755e-01 dt=7.1123119882386773e-06
cycle=1615 time=1.4940084299071579e-01 dt=6.5655991563140029e-06
cycle=1616 time=1.4940740858987211e-01 dt=6.1682746491443104e-06
cycle=1617 time=1.4941357686452125e-01 dt=5.9336854331663154e-06
cycle=1618 time=1.4941951054995442e-01 dt=5.8071292246858205e-06
cycle=1619 time=1.4942531767917910e-01 dt=5.7331975363824150e-06
cycle=1620 time=1.4943105087671549e-01 dt=5.6815032791369901e-06
cycle=1621 time=1.4943673237999464e-01 dt=5.6384240702198884e-06
cycle=1622 time=1.4944237080406486e-01 dt=5.5963966354033817e-06
cycle=1623 time=1.4944796720070028e-01 dt=5.6604274717234765e-06
cycle=1624 time=1.4945362762817199e-01 dt=5.7537757988890741e-06
cycle=1625 time=1.4945938140397089e-01 dt=5.7805365342519065e-06
cycle=1626 time=1.4946516194050513e-01 dt=5.8055314026102550e-06
cycle=1627 time=1.4947096747190775e-01 dt=5.8076811363028470e-06
cycle=1628 time=1.4947677515304406e-01 dt=5.8188631550739974e-06
cycle=1629 time=1.4948259401619912e-01 dt=5.7874279875354636e-06
cycle=1630 time=1.4948838144418666e-01 dt=5.7929439617109992e-06
cycle=1631 time=1.4949417438814838e-01 dt=5.7842361484475755e-06
cycle=1632 time=1.4949995862429682e-01 dt=5.8162346893303075e-06
cycle=1633 time=1.4950577485898617e-01 dt=5.8500352385184215e-06
cycle=1634 time=1.4951162489422468e-01 dt=6.0764699008263974e-06
cycle=1635 time=1.4951770136412551e-01 dt=6.4959772267077302e-06
cycle=1636 time=1.4952419734135222e-01 dt=7.0182139825523647e-06
cycle=1637 time=1.4953121555533477e-01 dt=6.5006532643982895e-06
cycle=1638 time=1.4953771620859918e-01 dt=6.1038152462546811e-06
cycle=1639 time=1.4954382002384545e-01 dt=5.8537780272624504e-06
cycle=1640 time=1.4954967380187270e-01 dt=5.7098731713071786e-06
cycle=1641 time=1.4955538367504401e-01 dt=5.6218230022325117e-06
cycle=1642 time=1.4956100549804624e-01 dt=5.5576551862550857e-06
cycle=1643 time=1.4956656315323250e-01 dt=5.5011025468490153e-06
cycle=1644 time=1.4957206425577935e-01 dt=5.4441941758735748e-06
cycle=1645 time=1.4957750844995521e-01 dt=5.4134478555177101e-06
cycle=1646 time=1.4958292189781072e-01 dt=5.5667671251797326e-06
cycle=1647 time=1.4958848866493590e-01 dt=5.5928128764457847e-06
cycle=1648 time=1.4959408147781236e-01 dt=5.6449095199189150e-06
cycle=1649 time=1.4959972638733229e-01 dt=5.7073489456546552e-06
cycle=1650 time=1.4960543373627794e-01 dt=5.8473253182755106e-06
cycle=1651 time=1.4961128106159621e-01 dt=6.1444038179180242e-06
cycle=1652 time=1.4961742546541412e-01 dt=5.6747988349879022e-06
cycle=1653 time=1.4962310026424910e-01 dt=5.3168124014187028e-06
cycle=1654 time=1.4962841707665053e-01 dt=5.1019082260428770e-06
cycle=1655 time=1.4963351898487656e-01 dt=4.9819284108396714e-06
cycle=1656 time=1.4963850091328740e-01 dt=4.9077140540939097e-06
cycle=1657 time=1.4964340862734149e-01 dt=4.8487397807921034e-06
cycle=1658 time=1.4964825736712228e-01 dt=4.7908226546028598e-06
cycle=1659 time=1.4965304818977690e-01 dt=4.7289503068921670e-06
cycle=1660 time=1.4965777714008380e-01 dt=4.6632323283831147e-06
cycle=1661 time=1.4966244037241219e-01 dt=4.5960592904433339e-06
cycle=1662 time=1.4966703643170265e-01 dt=4.5293721227318370e-06
cycle=1663 time=1.4967156580382537e-01 dt=4.4644503575719662e-06
cycle=1664 time=1.4967603025418294e-01 dt=4.4019367668240444e-06
cycle=1665 time=1.4968043219094976e-01 dt=4.3420333535660258e-06
cycle=1666 time=1.4968477422430332e-01 dt=4.2847383240335158e-06
cycle=1667 time=1.4968905896262735e-01 dt=4.2299747276674472e-06
cycle=1668 time=1.4969328893735501e-01 dt=4.1775456929938385e-06
cycle=1669 time=1.4969746648304799e-01 dt=4.1271569120865062e-06
cycle=1670 time=1.4970159363996008e-01 dt=4.0785638585561891e-06
cycle=1671 time=1.4970567220381864e-01 dt=4.0316125029586163e-06
cycle=1672 time=1.4970970381632159e-01 dt=3.9862100818616575e-06
cycle=1673 time=1.4971369002640345e-01 dt=3.9422962066232455e-06
cycle=1674 time=1.4971763232261007e-01 dt=3.8998223546904393e-06
cycle=1675 time=1.4972153214496475e-01 dt=3.8587401793856653e-06
cycle=1676 time=1.4972539088514414e-01 dt=3.8189986845386783e-06
cycle=1677 time=1.4972920988382868e-01 dt=3.7805435582780101e-06
cycle=1678 time=1.4973299042738697e-01 dt=3.7433182815192117e-06
cycle=1679 time=1.4973673374566848e-01 dt=3.7072659310314002e-06
cycle=1680 time=1.4974044101159950e-01 dt=3.6723308240042639e-06
cycle=1681 time=1.4974411334242352e-01 dt=3.6384596793984036e-06
cycle=1682 time=1.4974775180210292e-01 dt=3.6056024815596265e-06
cycle=1683 time=1.4975135740458448e-01 dt=3.5737127411438280e-06
cycle=1684 time=1.4975493111732563e-01 dt=3.5427468403983207e-06
cycle=1685 time=1.4975847386416602e-01 dt=3.5126638586105573e-06
cycle=1686 time=1.4976198652802464e-01 dt=3.4834253807086563e-06
cycle=1687 time=1.4976546995340534e-01 dt=3.4549952393483018e-06
cycle=1688 time=1.4976892494864469e-01 dt=3.4273396272058888e-06
cycle=1689 time=1.4977235228827190e-01 dt=3.4004262666560320e-06
cycle=1690 time=1.4977575271453855e-01 dt=3.3742247739462453e-06
cycle=1691 time=1.4977912693931250e-01 dt=3.3487063321845442e-06
cycle=1692 time=1.4978247564564467e-01 dt=3.3238442480084113e-06
cycle=1693 time=1.4978579948989268e-01 dt=3.2996144054000755e-06
cycle=1694 time=1.4978909910429808e-01 dt=3.1826359229921876e-06
cycle=1695 time=1.4979228174022108e-01 dt=2.9309139891861656e-06
cycle=1696 time=1.4979521265421025e-01 dt=2.6835811599064044e-06
cycle=1697 time=1.4979789623537015e-01 dt=2.4492775404799554e-06
cycle=1698 time=1.4980034551291063e-01 dt=2.2359525942045797e-06
cycle=1699 time=1.4980258146550485e-01 dt=2.0683349215768787e-06
cycle=1700 time=1.4980464980042643e-01 dt=1.9492108619840501e-06
cycle=1701 time=1.4980659901128843e-01 dt=1.8645135843746381e-06
cycle=1702 time=1.4980846352487281e-01 dt=1.8044575468179515e-06
cycle=1703 time=1.4981026798241964e-01 dt=1.7621572859930913e-06
cycle=1704 time=1.4981203013970565e-01 dt=1.7327207811862554e-06
cycle=1705 time=1.4981376286048684e-01 dt=1.7126356146062384e-06
cycle=1706 time=1.4981547549610144e-01 dt=1.6993550544334047e-06
cycle=1707 time=1.4981717485115587e-01 dt=1.6910529759338148e-06
cycle=1708 time=1.4981886590413179e-01 dt=1.6863951044323153e-06
cycle=1709 time=1.4982055229923621e-01 dt=1.6844014335086815e-06
cycle=1710 time=1.4982223670066971e-01 dt=1.6843490518154887e-06
cycle=1711 time=1.4982392104972153e-01 dt=1.6857029998809651e-06
cycle=1712 time=1.4982560675272141e-01 dt=1.6880666022777499e-06
cycle=1713 time=1.4982729481932369e-01 dt=1.6911454450998273e-06
cycle=1714 time=1.4982898596476879e-01 dt=1.6947210448186950e-06
cycle=1715 time=1.4983068068581362e-01 dt=1.6986314993330728e-06
cycle=1716 time=1.4983237931731294e-01 dt=1.7027572006370010e-06
cycle=1717 time=1.4983408207451357e-01 dt=1.7070102078534738e-06
cycle=1718 time=1.4983578908472142e-01 dt=1.7113263442330203e-06
cycle=1719 time=1.4983750041106567e-01 dt=1.7156593021369361e-06
cycle=1720 time=1.4983921607036779e-01 dt=1.7199762319734402e-06
cycle=1721 time=1.4984093604659976e-01 dt=1.7242544307754206e-06
cycle=1722 time=1.4984266030103052e-01 dt=1.7284788329258357e-06
cycle=1723 time=1.4984438877986345e-01 dt=1.7326401494107483e-06
cycle=1724 time=1.4984612142001286e-01 dt=1.7367334616377046e-06
cycle=1725 time=1.4984785815347448e-01 dt=1.7407570848479029e-06
cycle=1726 time=1.4984959891055932e-01 dt=1.7447117394532678e-06
cycle=1727 time=1.4985134362229877e-01 dt=1.7485999163743739e-06
cycle=1728 time=1.4985309222221513e-01 dt=1.7524253896768880e-06
cycle=1729 time=1.4985484464760482e-01 dt=1.7567062577136517e-06
cycle=1730 time=1.4985660135386253e-01 dt=1.7618834086621470e-06
cycle=1731 time=1.4985836323727120e-01 dt=1.7679783154311494e-06
cycle=1732 time=1.4986013121558664e-01 dt=1.7748683028860136e-06
cycle=1733 time=1.4986190608388952e-01 dt=1.7823651482612136e-06
cycle=1734 time=1.4986368844903777e-01 dt=1.7902515084012621e-06
cycle=1735 time=1.4986547870054617e-01 dt=1.7983023925943471e-06
cycle=1736 time=1.4986727700293875e-01 dt=1.8062994527338127e-06
cycle=1737 time=1.4986908330239149e-01 dt=1.8140410755502069e-06
cycle=1738 time=1.4987089734346704e-01 dt=1.8213496694719578e-06
cycle=1739 time=1.4987271869313651e-01 dt=1.8280768373469115e-06
cycle=1740 time=1.4987454676997386e-01 dt=1.8341068374367451e-06
cycle=1741 time=1.4987638087681129e-01 dt=1.8393585641705164e-06
cycle=1742 time=1.4987822023537548e-01 dt=1.8437861112837774e-06
cycle=1743 time=1.4988006402148676e-01 dt=1.8473780335295819e-06
cycle=1744 time=1.4988191139952028e-01 dt=1.8501554023213771e-06
cycle=1745 time=1.4988376155492261e-01 dt=1.8521687760362111e-06
cycle=1746 time=1.4988561372369866e-01 dt=1.8534942480937467e-06
cycle=1747 time=1.4988746721794674e-01 dt=1.8542287582745718e-06
cycle=1748 time=1.4988932144670503e-01 dt=1.8544848605922699e-06
cycle=1749 time=1.4989117593156562e-01 dt=1.8543852770115485e-06
cycle=1750 time=1.4989303031684262e-01 dt=1.8540574078155654e-06
cycle=1751 time=1.4989488437425044e-01 dt=1.8536280953757359e-06
cycle=1752 time=1.4989673800234582e-01 dt=1.8532188525823731e-06
cycle=1753 time=1.4989859122119839e-01 dt=1.8529417283906408e-06
cycle=1754 time=1.4990044416292678e-01 dt=1.8528959623304411e-06
cycle=1755 time=1.4990229705888911e-01 dt=1.8531655205322452e-06
cycle=1756 time=1.4990415022440964e-01 dt=1.8538175530230668e-06
cycle=1757 time=1.4990600404196266e-01 dt=1.8549017579142979e-06
cycle=1758 time=1.4990785894372058e-01 dt=1.8564505788610626e-06
cycle=1759 time=1.4990971539429945e-01 dt=1.8584801253728994e-06
cycle=1760 time=1.4991157387442483e-01 dt=1.8609916699055693e-06
cycle=1761 time=1.4991343486609474e-01 dt=1.8639735316875789e-06
cycle=1762 time=1.4991529883962643e-01 dt=1.8674031706778264e-06
cycle=1763 time=1.4991716624279711e-01 dt=1.8712493413779922e-06
cycle=1764 time=1.4991903749213847e-01 dt=1.8754741975154600e-06
cycle=1765 time=1.4992091296633600e-01 dt=1.8800352817607715e-06
cycle=1766 time=1.4992279300161776e-01 dt=1.8848873683774498e-06
cycle=1767 time=1.4992467788898614e-01 dt=1.8899841461718888e-06
cycle=1768 time=1.4992656787313230e-01 dt=1.8952797359072980e-06
cycle=1769 time=1.4992846315286820e-01 dt=1.9007300355584768e-06
cycle=1770 time=1.4993036388290376e-01 dt=1.9062938835726051e-06
cycle=1771 time=1.4993227017678734e-01 dt=1.9119340281696015e-06
cycle=1772 time=1.4993418211081552e-01 dt=1.9176178913160101e-06
cycle=1773 time=1.4993609972870683e-01 dt=1.9233181193737944e-06
cycle=1774 time=1.4993802304682621e-01 dt=1.9290129178871482e-06
cycle=1775 time=1.4993995205974411e-01 dt=1.9346861745476817e-06
cycle=1776 time=1.4994188674591866e-01 dt=1.9403273814750754e-06
cycle=1777 time=1.4994382707330015e-01 dt=1.9459313755612227e-06
cycle=1778 time=1.4994577300467571e-01 dt=1.9514979193008187e-06
cycle=1779 time=1.4994772450259500e-01 dt=1.9570311508871867e-06
cycle=1780 time=1.4994968153374588e-01 dt=1.9625344965557528e-06
cycle=1781 time=1.4995164406824243e-01 dt=1.9680134340713052e-06
cycle=1782 time=1.4995361208167651e-01 dt=1.9734821753104046e-06
cycle=1783 time=1.4995558556385183e-01 dt=1.9789733606369874e-06
cycle=1784 time=1.4995756453721246e-01 dt=1.9845410408786506e-06
cycle=1785 time=1.4995954907825335e-01 dt=1.9902468749891829e-06
cycle=1786 time=1.4996153932512835e-01 dt=1.9961542479515197e-06
cycle=1787 time=1.4996353547937630e-01 dt=2.0023260483550719e-06
cycle=1788 time=1.4996553780542465e-01 dt=2.0088226753654938e-06
cycle=1789 time=1.4996754662810002e-01 dt=2.0157003426858847e-06
cycle=1790 time=1.4996956232844272e-01 dt=2.0230097303383726e-06
cycle=1791 time=1.4997158533817306e-01 dt=2.0307950108496820e-06
cycle=1792 time=1.4997361613318391e-01 dt=2.0390932608656759e-06
cycle=1793 time=1.4997565522644477e-01 dt=2.0479342468809814e-06
cycle=1794 time=1.4997770316069164e-01 dt=2.0573405553229313e-06
cycle=1795 time=1.4997976050124698e-01 dt=2.0673280293971814e-06
cycle=1796 time=1.4998182782927638e-01 dt=2.0779064499734645e-06
cycle=1797 time=1.4998390573572634e-01 dt=2.0890803497133252e-06
cycle=1798 time=1.4998599481607605e-01 dt=2.1008499577618694e-06
cycle=1799 time=1.4998809566603383e-01 dt=2.1132121877042052e-06
cycle=1800 time=1.4999020887822154e-01 dt=2.1261616157628259e-06
cycle=1801 time=1.4999233503983730e-01 dt=2.1396914075659890e-06
cycle=1802 time=1.4999447473124486e-01 dt=2.1537941626443962e-06
cycle=1803 time=1.4999662852540752e-01 dt=2.1684626589375824e-06
cycle=1804 time=1.4999879698806645e-01 dt=2.1836892852572824e-06
cycle=1805 time=1.5000098067735171e-01 dt=2.1994646693281739e-06
cycle=1806 time=1.5000318014202105e-01 dt=2.2157794486655540e-06
cycle=1807 time=1.5000539592146972e-01 dt=2.2326251169031824e-06
cycle=1808 time=1.5000762854658661e-01 dt=2.2499947039357944e-06
cycle=1809 time=1.5000987854129055e-01 dt=2.2320694119495738e-06
cycle=1810 time=1.5001211061070249e-01 dt=2.1465704488509584e-06
cycle=1811 time=1.5001425718115136e-01 dt=2.0571706034685902e-06
cycle=1812 time=1.5001631435175483e-01 dt=1.9682570935213339e-06
cycle=1813 time=1.5001828260884836e-01 dt=1.8839591471305409e-06
cycle=1814 time=1.5002016656799549e-01 dt=1.8125949761105677e-06
cycle=1815 time=1.5002197916297161e-01 dt=1.7626297543034508e-06
cycle=1816 time=1.5002374179272590e-01 dt=1.7284017158270709e-06
cycle=1817 time=1.5002547019444173e-01 dt=1.7057816257224880e-06
cycle=1818 time=1.5002717597606746e-01 dt=1.6917399259648473e-06
cycle=1819 time=1.5002886771599341e-01 dt=1.6840419979690500e-06
cycle=1820 time=1.5003055175799138e-01 dt=1.6810317881397132e-06
cycle=1821 time=1.5003223278977951e-01 dt=1.6814769786520295e-06
cycle=1822 time=1.5003391426675816e-01 dt=1.6844574090283152e-06
cycle=1823 time=1.5003559872416719e-01 dt=1.6892841329142826e-06
cycle=1824 time=1.5003728800830010e-01 dt=1.6954403242968779e-06
cycle=1825 time=1.5003898344862440e-01 dt=1.7025378716501038e-06
cycle=1826 time=1.5004068598649606e-01 dt=1.7102853053024970e-06
cycle=1827 time=1.5004239627180135e-01 dt=1.7184639731831914e-06
cycle=1828 time=1.5004411473577453e-01 dt=1.7269102601801854e-06
cycle=1829 time=1.5004584164603471e-01 dt=1.7355022616716279e-06
cycle=1830 time=1.5004757714829639e-01 dt=1.7441497565880512e-06
cycle=1831 time=1.5004932129805298e-01 dt=1.7527866172367701e-06
cycle=1832 time=1.5005107408467022e-01 dt=1.7613650422273337e-06
cycle=1833 time=1.5005283544971246e-01 dt=1.7698512969106590e-06
cycle=1834 time=1.5005460530100936e-01 dt=1.7782223194825620e-06
cycle=1835 time=1.5005638352332884e-01 dt=1.7864631827633595e-06
cycle=1836 time=1.5005816998651161e-01 dt=1.7945651711694783e-06
cycle=1837 time=1.5005996455168277e-01 dt=1.8028136764041317e-06
cycle=1838 time=1.5006176736535917e-01 dt=1.8118750221742620e-06
cycle=1839 time=1.5006357924038136e-01 dt=1.8218458389486491e-06
cycle=1840 time=1.5006540108622030e-01 dt=1.8326118770519441e-06
cycle=1841 time=1.5006723369809735e-01 dt=1.8439704470726167e-06
cycle=1842 time=1.5006907766854444e-01 dt=1.8556804627666825e-06
cycle=1843 time=1.5007093334900720e-01 dt=1.8674903502876925e-06
cycle=1844 time=1.5007280083935748e-01 dt=1.8791561402906080e-06
cycle=1845 time=1.5007467999549776e-01 dt=1.8904540967693747e-06
cycle=1846 time=1.5007657044959452e-01 dt=1.9011896116243956e-06
cycle=1847 time=1.5007847163920615e-01 dt=1.9112033439356842e-06
cycle=1848 time=1.5008038284255010e-01 dt=1.9203751516404929e-06
cycle=1849 time=1.5008230321770175e-01 dt=1.9286260298448056e-06
cycle=1850 time=1.5008423184373160e-01 dt=1.9359182290243140e-06
cycle=1851 time=1.5008616776196063e-01 dt=1.9422536686799935e-06
cycle=1852 time=1.5008811001562930e-01 dt=1.9476708831922307e-06
cycle=1853 time=1.5009005768651248e-01 dt=1.9522406562709889e-06
cycle=1854 time=1.5009200992716876e-01 dt=1.9560606062237016e-06
cycle=1855 time=1.5009396598777497e-01 dt=1.9592490447576729e-06
cycle=1856 time=1.5009592523681972e-01 dt=1.9619384236605870e-06
cycle=1857 time=1.5009788717524339e-01 dt=1.9642687096921715e-06
cycle=1858 time=1.5009985144395308e-01 dt=1.9663868153647460e-06
cycle=1859 time=1.5010181783076845e-01 dt=1.9657302256075280e-06
cycle=1860 time=1.5010378356099405e-01 dt=1.9391779733362268e-06
cycle=1861 time=1.5010572273896738e-01 dt=1.9116001638674806e-06
cycle=1862 time=1.5010763433913124e-01 dt=1.8843414680551569e-06
cycle=1863 time=1.5010951868059930e-01 dt=1.8586116612527095e-06
cycle=1864 time=1.5011137729226054e-01 dt=1.8354529856720883e-06
cycle=1865 time=1.5011321274524622e-01 dt=1.8158688809874969e-06
cycle=1866 time=1.5011502861412720e-01 dt=1.8022518200815627e-06
cycle=1867 time=1.5011683086594729e-01 dt=1.7940898067970347e-06
cycle=1868 time=1.5011862495575409e-01 dt=1.7900485864027795e-06
cycle=1869 time=1.5012041500434051e-01 dt=1.7891148655429398e-06
cycle=1870 time=1.5012220411920604e-01 dt=1.7905178057545956e-06
cycle=1871 time=1.5012399463701179e-01 dt=1.7936703531861569e-06
cycle=1872 time=1.5012578830736498e-01 dt=1.7981251909999790e-06
cycle=1873 time=1.5012758643255597e-01 dt=1.8035415279548595e-06
cycle=1874 time=1.5012938997408393e-01 dt=1.8096599606289686e-06
cycle=1875 time=1.5013119963404456e-01 dt=1.8162833830123756e-06
cycle=1876 time=1.5013301591742756e-01 dt=1.8232624405351911e-06
cycle=1877 time=1.5013483917986808e-01 dt=1.8308198248639281e-06
cycle=1878 time=1.5013666999969294e-01 dt=1.8393267568807326e-06
cycle=1879 time=1.5013850932644981e-01 dt=1.8487899805468769e-06
cycle=1880 time=1.5014035811643037e-01 dt=1.8590785392868832e-06
cycle=1881 time=1.5014221719496965e-01 dt=1.8699968031655903e-06
cycle=1882 time=1.5014408719177280e-01 dt=1.8813201550748299e-06
cycle=1883 time=1.5014596851192788e-01 dt=1.8928205217152411e-06
cycle=1884 time=1.5014786133244959e-01 dt=1.9042978820468141e-06
cycle=1885 time=1.5014976563033164e-01 dt=1.9155795865123662e-06
cycle=1886 time=1.5015168120991815e-01 dt=1.9265247640484496e-06
cycle=1887 time=1.5015360773468220e-01 dt=1.9370278955216278e-06
cycle=1888 time=1.5015554476257773e-01 dt=1.9470207510840034e-06
cycle=1889 time=1.5015749178332882e-01 dt=1.9564725856676218e-06
cycle=1890 time=1.5015944825591448e-01 dt=1.9653887413153440e-06
cycle=1891 time=1.5016141364465579e-01 dt=1.9738078297443048e-06
cycle=1892 time=1.5016338745248553e-01 dt=1.9817976996609576e-06
cycle=1893 time=1.5016536925018520e-01 dt=1.9894504320919911e-06
cycle=1894 time=1.5016735870061729e-01 dt=1.9968766465765775e-06
cycle=1895 time=1.5016935557726385e-01 dt=2.0041994273213321e-06
cycle=1896 time=1.5017135977669116e-01 dt=2.0115481871071494e-06
cycle=1897 time=1.5017337132487826e-01 dt=2.0190527771077163e-06
cycle=1898 time=1.5017539037765537e-01 dt=2.0268381211368042e-06
cycle=1899 time=1.5017741721577652e-01 dt=2.0350196076388086e-06
cycle=1900 time=1.5017945223538415e-01 dt=2.0436994169086728e-06
cycle=1901 time=1.5018149593480107e-01 dt=2.0529638967394318e-06
cycle=1902 time=1.5018354889869781e-01 dt=2.0628820345603335e-06
cycle=1903 time=1.5018561178073236e-01 dt=2.0735050063854346e-06
cycle=1904 time=1.5018768528573875e-01 dt=2.0848667173931626e-06
cycle=1905 time=1.5018977015245616e-01 dt=2.0969851991621892e-06
cycle=1906 time=1.5019186713765531e-01 dt=2.1098620403235906e-06
cycle=1907 time=1.5019397699969564e-01 dt=2.1234853878982523e-06
cycle=1908 time=1.5019610048508353e-01 dt=2.1378329990411167e-06
cycle=1909 time=1.5019823831808257e-01 dt=2.1528752922848545e-06
cycle=1910 time=1.5020039119337486e-01 dt=2.1685781609160173e-06
cycle=1911 time=1.5020255977153577e-01 dt=2.1849054348801736e-06
cycle=1912 time=1.5020474467697065e-01 dt=2.2018209724405940e-06
cycle=1913 time=1.5020694649794308e-01 dt=2.2192904363267316e-06
cycle=1914 time=1.5020916578837942e-01 dt=2.2372827448220144e-06
cycle=1915 time=1.5021140307112424e-01 dt=2.2557711857933845e-06
cycle=1916 time=1.5021365884231003e-01 dt=2.2747343577601951e-06
cycle=1917 time=1.5021593357666779e-01 dt=2.2941568045396989e-06
cycle=1918 time=1.5021822773347232e-01 dt=2.3140293763314792e-06
cycle=1919 time=1.5022054176284866e-01 dt=2.3343493289043979e-06
cycle=1920 time=1.5022287611217755e-01 dt=2.3551201772560419e-06
cycle=1921 time=1.5022523123235482e-01 dt=2.3763513384527337e-06
cycle=1922 time=1.5022760758369327e-01 dt=2.3980374030319458e-06
cycle=1923 time=1.5023000562109631e-01 dt=2.4201958351097127e-06
cycle=1924 time=1.5023242581693141e-01 dt=2.4428516529434625e-06
cycle=1925 time=1.5023486866858435e-01 dt=2.4660333715922414e-06
cycle=1926 time=1.5023733470195594e-01 dt=2.4897720842909603e-06
cycle=1927 time=1.5023982447404022e-01 dt=2.5141006925903745e-06
cycle=1928 time=1.5024233857473282e-01 dt=2.5390530716632531e-06
cycle=1929 time=1.5024487762780447e-01 dt=2.5646599787425672e-06
cycle=1930 time=1.5024744228778322e-01 dt=2.5909529362720147e-06
cycle=1931 time=1.5025003324071950e-01 dt=2.6179620654910594e-06
cycle=1932 time=1.5025265120278500e-01 dt=2.6457183263454430e-06
cycle=1933 time=1.5025529692111134e-01 dt=2.6742508583767312e-06
cycle=1934 time=1.5025797117196971e-01 dt=2.7035862571898974e-06
cycle=1935 time=1.5026067475822691e-01 dt=2.7337486743771227e-06
cycle=1936 time=1.5026340850690129e-01 dt=2.7647602725346972e-06
cycle=1937 time=1.5026617326717381e-01 dt=2.7966415640326451e-06
cycle=1938 time=1.5026896990873784e-01 dt=2.8294118611735305e-06
cycle=1939 time=1.5027179932059900e-01 dt=2.8630897456740152e-06
cycle=1940 time=1.5027466241034468e-01 dt=2.8976935271015979e-06
cycle=1941 time=1.5027756010387178e-01 dt=2.9332416772122313e-06
cycle=1942 time=1.5028049334554899e-01 dt=2.9697531977628852e-06
cycle=1943 time=1.5028346309874677e-01 dt=3.0072479391428446e-06
cycle=1944 time=1.5028647034668591e-01 dt=3.0457468477768458e-06
cycle=1945 time=1.5028951609353369e-01 dt=3.0852721501683803e-06
cycle=1946 time=1.5029260136568387e-01 dt=3.1258474750240656e-06
cycle=1947 time=1.5029572721315890e-01 dt=3.1674979160811905e-06
cycle=1948 time=1.5029889471107497e-01 dt=3.2102498863753157e-06
cycle=1949 time=1.5030210496096133e-01 dt=3.2541311685914025e-06
cycle=1950 time=1.5030535909212991e-01 dt=3.2991708545296349e-06
cycle=1951 time=1.5030865826298445e-01 dt=3.3453986623579767e-06
cycle=1952 time=1.5031200366164682e-01 dt=3.1231008326099898e-06
cycle=1953 time=1.5031512676247943e-01 dt=2.8775910358753797e-06
cycle=1954 time=1.5031800435351531e-01 dt=2.6997072212057341e-06
cycle=1955 time=1.5032070406073650e-01 dt=2.6103524861986070e-06
cycle=1956 time=1.5032331441322269e-01 dt=2.5674713724977808e-06
cycle=1957 time=1.5032588188459520e-01 dt=2.5409802047269890e-06
cycle=1958 time=1.5032842286479992e-01 dt=2.5207094697726400e-06
cycle=1959 time=1.5033094357426968e-01 dt=2.5023967592320601e-06
cycle=1960 time=1.5033344597102891e-01 dt=2.4838765662144136e-06
cycle=1961 time=1.5033592984759511e-01 dt=2.4660491492212303e-06
cycle=1962 time=1.5033839589674433e-01 dt=2.4503042811262175e-06
cycle=1963 time=1.5034084620102545e-01 dt=2.4345247799612549e-06
cycle=1964 time=1.5034328072580541e-01 dt=2.4171226237103719e-06
cycle=1965 time=1.5034569784842913e-01 dt=2.3974139543648515e-06
cycle=1966 time=1.5034809526238349e-01 dt=2.3754647262947456e-06
cycle=1967 time=1.5035047072710978e-01 dt=2.3518116178134479e-06
cycle=1968 time=1.5035282253872759e-01 dt=2.3271868181947127e-06
cycle=1969 time=1.5035514972554578e-01 dt=2.3023083049735136e-06
cycle=1970 time=1.5035745203385076e-01 dt=2.2777537593659340e-06
cycle=1971 time=1.5035972978761011e-01 dt=2.2539100257008596e-06
cycle=1972 time=1.5036198369763581e-01 dt=2.2309778569667340e-06
cycle=1973 time=1.5036421467549277e-01 dt=2.2090088645164274e-06
cycle=1974 time=1.5036642368435729e-01 dt=2.1924470740484891e-06
cycle=1975 time=1.5036861613143135e-01 dt=2.3178591946486196e-06
cycle=1976 time=1.5037093399062601e-01 dt=2.4649921305922079e-06
cycle=1977 time=1.5037339898275659e-01 dt=2.4052835768658606e-06
cycle=1978 time=1.5037580426633346e-01 dt=2.3208294448840584e-06
cycle=1979 time=1.5037812509577833e-01 dt=2.2304017041375320e-06
cycle=1980 time=1.5038035549748247e-01 dt=2.1482110688869730e-06
cycle=1981 time=1.5038250370855136e-01 dt=2.0829612656594649e-06
cycle=1982 time=1.5038458666981702e-01 dt=2.0379564481814330e-06
cycle=1983 time=1.5038662462626520e-01 dt=2.0124577639222181e-06
cycle=1984 time=1.5038863708402914e-01 dt=1.9950981715763149e-06
cycle=1985 time=1.5039063218220072e-01 dt=1.9809278594164538e-06
cycle=1986 time=1.5039261311006014e-01 dt=1.9678469605142071e-06
cycle=1987 time=1.5039458095702066e-01 dt=1.9561719949290290e-06
cycle=1988 time=1.5039653712901557e-01 dt=1.9458247891464394e-06
cycle=1989 time=1.5039848295380473e-01 dt=1.9376854396553031e-06
cycle=1990 time=1.5040042063924439e-01 dt=2.0515318444096709e-06
cycle=1991 time=1.5040247217108879e-01 dt=2.3118225988512927e-06
cycle=1992 time=1.5040478399368765e-01 dt=2.7699188147972916e-06
cycle=1993 time=1.5040755391250243e-01 dt=3.5068671719995623e-06
cycle=1994 time=1.5041106077967442e-01 dt=4.5333574162754511e-06
cycle=1995 time=1.5041559413709069e-01 dt=5.1166418787539643e-06
cycle=1996 time=1.5042071077896943e-01 dt=4.9596184865051995e-06
cycle=1997 time=1.5042567039745594e-01 dt=4.9539648237319876e-06
cycle=1998 time=1.5043062436227966e-01 dt=4.2609884883071343e-06
cycle=1999 time=1.5043488535076796e-01 dt=3.7209616543008645e-06
cycle=2000 time=1.5043860631242226e-01 dt=3.4292014755357400e-06
cycle=2001 time=1.5044203551389779e-01 dt=3.3114133711800700e-06
cycle=2002 time=1.5044534692726896e-01 dt=3.2651431854824176e-06
cycle=2003 time=1.5044861207045446e-01 dt=3.1409352482320005e-06
cycle=2004 time=1.5045175300570268e-01 dt=2.8828163268180478e-06
cycle=2005 time=1.5045463582202950e-01 dt=2.6646365225218706e-06
cycle=2006 time=1.5045730045855202e-01 dt=2.4898107262334194e-06
cycle=2007 time=1.5045979026927825e-01 dt=2.3637171771364857e-06
cycle=2008 time=1.5046215398645538e-01 dt=2.2688739952854601e-06
cycle=2009 time=1.5046442286045067e-01 dt=2.1952073761858329e-06
cycle=2010 time=1.5046661806782685e-01 dt=2.1722038199909592e-06
cycle=2011 time=1.5046879027164684e-01 dt=2.2543941014826962e-06
cycle=2012 time=1.5047104466574832e-01 dt=2.5235662236537009e-06
cycle=2013 time=1.5047356823197197e-01 dt=3.1526000516238448e-06
cycle=2014 time=1.5047672083202360e-01 dt=3.5457906195106151e-06
cycle=2015 time=1.5048026662264311e-01 dt=3.4994851574071581e-06
cycle=2016 time=1.5048376610780051e-01 dt=3.5190433580846313e-06
cycle=2017 time=1.5048728515115858e-01 dt=3.4341996066111488e-06
cycle=2018 time=1.5049071935076519e-01 dt=3.2411401954264176e-06
cycle=2019 time=1.5049396049096062e-01 dt=3.0278427404511391e-06
cycle=2020 time=1.5049698833370106e-01 dt=2.8019394390310203e-06
cycle=2021 time=1.5049979027314009e-01 dt=2.5711796490642341e-06
cycle=2022 time=1.5050236145278914e-01 dt=2.3433240959376781e-06
cycle=2023 time=1.5050470477688507e-01 dt=2.1260360751872004e-06
cycle=2024 time=1.5050683081296026e-01 dt=1.9267084671453678e-06
cycle=2025 time=1.5050875752142739e-01 dt=1.7722318418523868e-06
cycle=2026 time=1.5051052975326926e-01 dt=1.6620558422557866e-06
cycle=2027 time=1.5051219180911152e-01 dt=1.5835231744852200e-06
cycle=2028 time=1.5051377533228599e-01 dt=1.4202426877612087e-06
cycle=2029 time=1.5051519557497375e-01 dt=1.1906984974096353e-06
cycle=2030 time=1.5051638627347116e-01 dt=1.0304852789769351e-06
cycle=2031 time=1.5051741675875013e-01 dt=9.1904676476488550e-07
cycle=2032 time=1.5051833580551491e-01 dt=8.4199939758297813e-07
cycle=2033 time=1.5051917780491250e-01 dt=7.8908846298949771e-07
cycle=2034 time=1.5051996689337549e-01 dt=7.4349188947610988e-07
cycle=2035 time=1.5052071038526496e-01 dt=7.0207503477359422e-07
cycle=2036 time=1.5052141246029974e-01 dt=6.6447106278016796e-07
cycle=2037 time=1.5052207693136252e-01 dt=6.3034833746624678e-07
cycle=2038 time=1.5052270727969999e-01 dt=5.9944612343503607e-07
cycle=2039 time=1.5052330672582342e-01 dt=5.7164674781422505e-07
cycle=2040 time=1.5052387837257125e-01 dt=5.4670307717075182e-07
cycle=2041 time=1.5052442507564842e-01 dt=5.2439164978837634e-07
cycle=2042 time=1.5052494946729822e-01 dt=5.0451246323882337e-07
cycle=2043 time=1.5052545397976147e-01 dt=4.8688766849918309e-07
cycle=2044 time=1.5052594086742996e-01 dt=4.7135972321187312e-07
cycle=2045 time=1.5052641222715318e-01 dt=4.5778996106654438e-07
cycle=2046 time=1.5052687001711426e-01 dt=4.4605726547952879e-07
cycle=2047 time=1.5052731607437975e-01 dt=4.3605685667354327e-07
cycle=2048 time=1.5052775213123643e-01 dt=4.2769919394606082e-07
cycle=2049 time=1.5052817983043038e-01 dt=4.2090899510431918e-07
cycle=2050 time=1.5052860073942548e-01 dt=4.1562436904215591e-07
cycle=2051 time=1.5052901636379451e-01 dt=4.1179605813470308e-07
cycle=2052 time=1.5052942815985265e-01 dt=4.0938678144108421e-07
cycle=2053 time=1.5052983754663410e-01 dt=4.0837067144886478e-07
cycle=2054 time=1.5053024591730554e-01 dt=4.0873279705957571e-07
cycle=2055 time=1.5053065465010260e-01 dt=4.1046876085373890e-07
cycle=2056 time=1.5053106511886344e-01 dt=4.1358435843766744e-07
cycle=2057 time=1.5053147870322187e-01 dt=4.1809528591693150e-07
cycle=2058 time=1.5053189679850779e-01 dt=4.2402687945631192e-07
cycle=2059 time=1.5053232082538726e-01 dt=4.3141386843254608e-07
cycle=2060 time=1.5053275223925569e-01 dt=4.4030012065057160e-07
cycle=2061 time=1.5053319253937633e-01 dt=4.5073865555346844e-07
cycle=2062 time=1.5053364327803190e-01 dt=4.6279433659782832e-07
cycle=2063 time=1.5053410607236850e-01 dt=4.7653643604702975e-07
cycle=2064 time=1.5053458260880453e-01 dt=4.9204173321691094e-07
cycle=2065 time=1.5053507465053775e-01 dt=5.0939375256417872e-07
cycle=2066 time=1.5053558404429032e-01 dt=5.2868177753287148e-07
cycle=2067 time=1.5053611272606784e-01 dt=5.4999958742680710e-07
cycle=2068 time=1.5053666272565527e-01 dt=5.7344323593846943e-07
cycle=2069 time=1.5053723616889123e-01 dt=5.9910481756907952e-07
cycle=2070 time=1.5053783527370879e-01 dt=6.2702717205158524e-07
cycle=2071 time=1.5053846230088083e-01 dt=6.5723498178097929e-07
cycle=2072 time=1.5053911953586260e-01 dt=6.8975759776519185e-07
cycle=2073 time=1.5053980929346036e-01 dt=7.2462387400369276e-07
cycle=2074 time=1.5054053391733438e-01 dt=7.6183985211691404e-07
cycle=2075 time=1.5054129575718650e-01 dt=8.0139414561268308e-07
cycle=2076 time=1.5054209715133210e-01 dt=8.4323652311433120e-07
cycle=2077 time=1.5054294038785521e-01 dt=8.8728353347485402e-07
cycle=2078 time=1.5054382767138869e-01 dt=9.3302567015320460e-07
cycle=2079 time=1.5054476069705883e-01 dt=9.8021177650845619e-07
cycle=2080 time=1.5054574090883532e-01 dt=1.0291110246776422e-06
cycle=2081 time=1.5054677001986000e-01 dt=1.0797838368472041e-06
cycle=2082 time=1.5054784980369684e-01 dt=1.1321855470268636e-06
cycle=2083 time=1.5054898198924388e-01 dt=1.1861747005023880e-06
cycle=2084 time=1.5055016816394437e-01 dt=1.2415077555004274e-06
cycle=2085 time=1.5055140967169986e-01 dt=1.2978306690745775e-06
cycle=2086 time=1.5055270750236893e-01 dt=1.3546692965525680e-06
cycle=2087 time=1.5055406217166548e-01 dt=1.4114296409613389e-06
cycle=2088 time=1.5055547360130644e-01 dt=1.4673909499071130e-06
cycle=2089 time=1.5055694099225636e-01 dt=1.5212791620220927e-06
cycle=2090 time=1.5055846227141839e-01 dt=1.5722774833446093e-06
cycle=2091 time=1.5056003454890174e-01 dt=1.6192741253419092e-06
cycle=2092 time=1.5056165382302708e-01 dt=1.6609448203546341e-06
cycle=2093 time=1.5056331476784743e-01 dt=1.6958503577163474e-06
cycle=2094 time=1.5056501061820515e-01 dt=1.7224688666092259e-06
cycle=2095 time=1.5056673308707177e-01 dt=1.7392422899699395e-06
cycle=2096 time=1.5056847232936174e-01 dt=1.7446392226245875e-06
cycle=2097 time=1.5057021696858436e-01 dt=1.7372357414885983e-06
cycle=2098 time=1.5057195420432584e-01 dt=1.7158153802063381e-06
cycle=2099 time=1.5057367001970604e-01 dt=1.6794885081064820e-06
cycle=2100 time=1.5057534950821413e-01 dt=1.6278617617993278e-06
cycle=2101 time=1.5057697736997594e-01 dt=1.5611681618452533e-06
cycle=2102 time=1.5057853853813780e-01 dt=1.4803838290744683e-06
cycle=2103 time=1.5058001892196687e-01 dt=1.3874106830918683e-06
cycle=2104 time=1.5058140633264996e-01 dt=1.2852049053396885e-06
cycle=2105 time=1.5058269153755530e-01 dt=1.1777027405984910e-06
cycle=2106 time=1.5058386924029590e-01 dt=1.0757600046476993e-06
cycle=2107 time=1.5058494500030056e-01 dt=1.0010087420121577e-06
cycle=2108 time=1.5058594600904257e-01 dt=9.4665559985085429e-07
cycle=2109 time=1.5058689266464242e-01 dt=9.0752600038663049e-07
cycle=2110 time=1.5058780019064280e-01 dt=8.7972314887825027e-07
cycle=2111 time=1.5058867991379168e-01 dt=8.6032124344927572e-07
cycle=2112 time=1.5058954023503512e-01 dt=8.4693786600680816e-07
cycle=2113 time=1.5059038717290113e-01 dt=8.3552512963820722e-07
cycle=2114 time=1.5059122269803077e-01 dt=8.2558197998018922e-07
cycle=2115 time=1.5059204828001074e-01 dt=8.1706603886785812e-07
cycle=2116 time=1.5059286534604960e-01 dt=8.0993805187409971e-07
cycle=2117 time=1.5059367528410147e-01 dt=8.0406918579725407e-07
cycle=2118 time=1.5059447935328726e-01 dt=7.9941405196701608e-07
cycle=2119 time=1.5059527876733922e-01 dt=7.9604407842783708e-07
cycle=2120 time=1.5059607481141765e-01 dt=7.9393012612825143e-07
cycle=2121 time=1.5059686874154379e-01 dt=7.9304494387102478e-07
cycle=2122 time=1.5059766178648767e-01 dt=7.9336284727096172e-07
cycle=2123 time=1.5059845514933495e-01 dt=7.9486692643052672e-07
cycle=2124 time=1.5059925001626137e-01 dt=7.9753555432533530e-07
cycle=2125 time=1.5060004755181569e-01 dt=8.0134779295884140e-07
cycle=2126 time=1.5060084889960865e-01 dt=8.0628313102492089e-07
cycle=2127 time=1.5060165518273969e-01 dt=8.1232109271866796e-07
cycle=2128 time=1.5060246750383241e-01 dt=8.1944081912269864e-07
cycle=2129 time=1.5060328694465153e-01 dt=8.2762063072079603e-07
cycle=2130 time=1.5060411456528225e-01 dt=8.3683757036581224e-07
cycle=2131 time=1.5060495140285263e-01 dt=8.4706692999692782e-07
cycle=2132 time=1.5060579846978261e-01 dt=8.5828176573164200e-07
cycle=2133 time=1.5060665675154836e-01 dt=8.7045240739302616e-07
cycle=2134 time=1.5060752720395576e-01 dt=8.8343460749480589e-07
cycle=2135 time=1.5060841063856326e-01 dt=8.9637749867384490e-07
cycle=2136 time=1.5060930701606193e-01 dt=9.0757732899281137e-07
cycle=2137 time=1.5061021459339091e-01 dt=9.1720330573824777e-07
cycle=2138 time=1.5061113179669666e-01 dt=9.2553046085768198e-07
cycle=2139 time=1.5061205732715752e-01 dt=9.3279859879493575e-07
cycle=2140 time=1.5061299012575632e-01 dt=9.3920380614024143e-07
cycle=2141 time=1.5061392932956247e-01 dt=9.4490377696278972e-07
cycle=2142 time=1.5061487423333944e-01 dt=9.5002470464168987e-07
cycle=2143 time=1.5061582425804410e-01 dt=9.5466747755790780e-07
cycle=2144 time=1.5061677892552167e-01 dt=9.5891281190641931e-07
cycle=2145 time=1.5061773783833357e-01 dt=9.6282527617249902e-07
cycle=2146 time=1.5061870066360974e-01 dt=9.6645682396309568e-07
cycle=2147 time=1.5061966712043370e-01 dt=9.6984932999160635e-07
cycle=2148 time=1.5062063696976369e-01 dt=9.7303664024235981e-07
cycle=2149 time=1.5062161000640392e-01 dt=9.7604622139678868e-07
cycle=2150 time=1.5062258605262532e-01 dt=9.7890046607025911e-07
cycle=2151 time=1.5062356495309140e-01 dt=9.8142131392759886e-07
cycle=2152 time=1.5062454637440534e-01 dt=9.8386186185255205e-07
cycle=2153 time=1.5062553023626718e-01 dt=9.8654002557672253e-07
cycle=2154 time=1.5062651677629277e-01 dt=9.8960794648093964e-07
cycle=2155 time=1.5062750638423925e-01 dt=9.9311367020239291e-07
cycle=2156 time=1.5062849949790943e-01 dt=9.9705958031209000e-07
cycle=2157 time=1.5062949655748975e-01 dt=1.0014208590475491e-06
cycle=2158 time=1.5063049797834879e-01 dt=1.0061540928524962e-06
cycle=2159 time=1.5063150413244164e-01 dt=1.0112023810543209e-06
cycle=2160 time=1.5063251533482269e-01 dt=1.0164988669028749e-06
cycle=2161 time=1.5063353183368960e-01 dt=1.0219693520682163e-06
cycle=2162 time=1.5063455380304167e-01 dt=1.0275344049482108e-06
cycle=2163 time=1.5063558133744662e-01 dt=1.0331111778890243e-06
cycle=2164 time=1.5063661444862450e-01 dt=1.0386150285438839e-06
cycle=2165 time=1.5063765306365304e-01 dt=1.0439610443738274e-06
cycle=2166 time=1.5063869702469740e-01 dt=1.0490655412023683e-06
cycle=2167 time=1.5063974609023861e-01 dt=1.0538475634459898e-06
cycle=2168 time=1.5064079993780205e-01 dt=1.0582303810079732e-06
cycle=2169 time=1.5064185816818307e-01 dt=1.0621430202847405e-06
cycle=2170 time=1.5064292031120335e-01 dt=1.0655218066343736e-06
cycle=2171 time=1.5064398583301000e-01 dt=1.0683118922614767e-06
cycle=2172 time=1.5064505414490226e-01 dt=1.0704687304254623e-06
cycle=2173 time=1.5064612461363269e-01 dt=1.0719594467886568e-06
cycle=2174 time=1.5064719657307948e-01 dt=1.0725622224570718e-06
cycle=2175 time=1.5064826913530194e-01 dt=1.0713945799046451e-06
cycle=2176 time=1.5064934052988185e-01 dt=1.0691271911870981e-06
cycle=2177 time=1.5065040965707305e-01 dt=1.0660394886872111e-06
cycle=2178 time=1.5065147569656173e-01 dt=1.0622143630034712e-06
cycle=2179 time=1.5065253791092473e-01 dt=1.0577532201381451e-06
cycle=2180 time=1.5065359566414488e-01 dt=1.0527736468337481e-06
cycle=2181 time=1.5065464843779172e-01 dt=1.0474064091997094e-06
cycle=2182 time=1.5065569584420091e-01 dt=1.0417919192279348e-06
cycle=2183 time=1.5065673763612014e-01 dt=1.0360763771878457e-06
cycle=2184 time=1.5065777371249733e-01 dt=1.0304078338813770e-06
cycle=2185 time=1.5065880412033122e-01 dt=1.0249326654364864e-06
cycle=2186 time=1.5065982905299666e-01 dt=1.0197931239934385e-06
cycle=2187 time=1.5066084884612066e-01 dt=1.0151265895968565e-06
cycle=2188 time=1.5066186397271025e-01 dt=1.0110681559311896e-06
cycle=2189 time=1.5066287504086617e-01 dt=1.0077578494249276e-06
cycle=2190 time=1.5066388279871559e-01 dt=1.0053459202518903e-06
cycle=2191 time=1.5066488814463586e-01 dt=1.0038921332553334e-06
cycle=2192 time=1.5066589203676911e-01 dt=1.0031992509273241e-06
cycle=2193 time=1.5066689523602003e-01 dt=1.0031057190789745e-06
cycle=2194 time=1.5066789834173910e-01 dt=1.0034823245087018e-06
cycle=2195 time=1.5066890182406362e-01 dt=1.0042257725308747e-06
cycle=2196 time=1.5066990604983616e-01 dt=1.0052773944155110e-06
cycle=2197 time=1.5067091132723057e-01 dt=1.0066985437757987e-06
cycle=2198 time=1.5067191802577434e-01 dt=1.0085353214502044e-06
cycle=2199 time=1.5067292656109579e-01 dt=1.0108114267231862e-06
cycle=2200 time=1.5067393737252252e-01 dt=1.0135309210682217e-06
cycle=2201 time=1.5067495090344360e-01 dt=1.0166804712354503e-06
cycle=2202 time=1.5067596758391483e-01 dt=1.0202317847925171e-06
cycle=2203 time=1.5067698781569963e-01 dt=1.0241441205490533e-06
cycle=2204 time=1.5067801195982017e-01 dt=1.0283666870073365e-06
cycle=2205 time=1.5067904032650717e-01 dt=1.0328408277484428e-06
cycle=2206 time=1.5068007316733492e-01 dt=1.0375018705888069e-06
cycle=2207 time=1.5068111066920550e-01 dt=1.0422809886124188e-06
cycle=2208 time=1.5068215295019410e-01 dt=1.0471067480483830e-06
cycle=2209 time=1.5068320005694216e-01 dt=1.0519065548721082e-06
cycle=2210 time=1.5068425196349702e-01 dt=1.0566080201400648e-06
cycle=2211 time=1.5068530857151716e-01 dt=1.0611402740118196e-06
cycle=2212 time=1.5068636971179117e-01 dt=1.0654352468159010e-06
cycle=2213 time=1.5068743514703797e-01 dt=1.0694289275773111e-06
cycle=2214 time=1.5068850457596555e-01 dt=1.0730624471460835e-06
cycle=2215 time=1.5068957763841270e-01 dt=1.0762834939000107e-06
cycle=2216 time=1.5069065392190661e-01 dt=1.0790475156889186e-06
cycle=2217 time=1.5069173296942232e-01 dt=1.0813186728107229e-06
cycle=2218 time=1.5069281428809514e-01 dt=1.0830707782630272e-06
cycle=2219 time=1.5069389735887340e-01 dt=1.0842876134720659e-06
cycle=2220 time=1.5069498164648687e-01 dt=1.0849654137167650e-06
cycle=2221 time=1.5069606661190058e-01 dt=1.0851115757658649e-06
cycle=2222 time=1.5069715172347634e-01 dt=1.0847437598288145e-06
cycle=2223 time=1.5069823646723615e-01 dt=1.0838908933336598e-06
cycle=2224 time=1.5069932035812950e-01 dt=1.0825926645938428e-06
cycle=2225 time=1.5070040295079409e-01 dt=1.0808986349267883e-06
cycle=2226 time=1.5070148384942902e-01 dt=1.0788670799637643e-06
cycle=2227 time=1.5070256271650898e-01 dt=1.0765635073876659e-06
cycle=2228 time=1.5070363928001637e-01 dt=1.0740589686693392e-06
cycle=2229 time=1.5070471333898505e-01 dt=1.0714281817975527e-06
cycle=2230 time=1.5070578476716684e-01 dt=1.0687474946623166e-06
cycle=2231 time=1.5070685351466151e-01 dt=1.0660928404676932e-06
cycle=2232 time=1.5070791960750199e-01 dt=1.0635376887306163e-06
cycle=2233 time=1.5070898314519071e-01 dt=1.0611511000068573e-06
cycle=2234 time=1.5071004429629073e-01 dt=1.0589959373136897e-06
cycle=2235 time=1.5071110329222803e-01 dt=1.0571272703772941e-06
cycle=2236 time=1.5071216041949842e-01 dt=1.0555911882030672e-06
cycle=2237 time=1.5071321601068663e-01 dt=1.0544239202438690e-06
cycle=2238 time=1.5071427043460686e-01 dt=1.0536514624726730e-06
cycle=2239 time=1.5071532408606933e-01 dt=1.0532897287592091e-06
cycle=2240 time=1.5071637737579810e-01 dt=1.0533451794092455e-06
cycle=2241 time=1.5071743072097751e-01 dt=1.0538157784382504e-06
cycle=2242 time=1.5071848453675596e-01 dt=1.0546920322201334e-06
cycle=2243 time=1.5071953922878817e-01 dt=1.0559579035966765e-06
cycle=2244 time=1.5072059518669176e-01 dt=1.0575915129858589e-06
cycle=2245 time=1.5072165277820473e-01 dt=1.0595656613289474e-06
cycle=2246 time=1.5072271234386606e-01 dt=1.0618482597108239e-06
cycle=2247 time=1.5072377419212576e-01 dt=1.0644027742702287e-06
cycle=2248 time=1.5072483859490005e-01 dt=1.0671887908901070e-06
cycle=2249 time=1.5072590578369094e-01 dt=1.0613391433505957e-06
cycle=2250 time=1.5072696712283429e-01 dt=1.0514669840828611e-06
cycle=2251 time=1.5072801858981838e-01 dt=1.0405310634668629e-06
cycle=2252 time=1.5072905912088186e-01 dt=1.0288055555272165e-06
cycle=2253 time=1.5073008792643738e-01 dt=1.0165930133568326e-06
cycle=2254 time=1.5073110451945074e-01 dt=1.0042168076073630e-06
cycle=2255 time=1.5073210873625834e-01 dt=9.9202253584273139e-07
cycle=2256 time=1.5073310075879418e-01 dt=9.8045787525515973e-07
cycle=2257 time=1.5073408121666942e-01 dt=9.7121922916978087e-07
cycle=2258 time=1.5073505243589860e-01 dt=9.6448048452126638e-07
cycle=2259 time=1.5073601691638314e-01 dt=9.5972071452654052e-07
cycle=2260 time=1.5073697663709767e-01 dt=9.5652405269437482e-07
cycle=2261 time=1.5073793316115036e-01 dt=9.5455892072484590e-07
cycle=2262 time=1.5073888772007107e-01 dt=9.5356116811266811e-07
cycle=2263 time=1.5073984128123918e-01 dt=9.5332050872639280e-07
cycle=2264 time=1.5074079460174791e-01 dt=9.5367017688735012e-07
cycle=2265 time=1.5074174827192480e-01 dt=9.5447698947144836e-07
cycle=2266 time=1.5074270274891427e-01 dt=9.5563497375813740e-07
cycle=2267 time=1.5074365838388804e-01 dt=9.5705984867923228e-07
cycle=2268 time=1.5074461544373671e-01 dt=9.5868462479107811e-07
cycle=2269 time=1.5074557412836151e-01 dt=9.6045610275023715e-07
cycle=2270 time=1.5074653458446427e-01 dt=9.6233207447701356e-07
cycle=2271 time=1.5074749691653874e-01 dt=9.6427895932641244e-07
cycle=2272 time=1.5074846119549806e-01 dt=9.6627026591657223e-07
cycle=2273 time=1.5074942746576397e-01 dt=9.6828518542826838e-07
cycle=2274 time=1.5075039575094940e-01 dt=9.7057612383508911e-07
cycle=2275 time=1.5075136632707323e-01 dt=9.7330241490303531e-07
cycle=2276 time=1.5075233962948814e-01 dt=9.7650728587495300e-07
cycle=2277 time=1.5075331613677401e-01 dt=9.8018819662624990e-07
cycle=2278 time=1.5075429632497064e-01 dt=9.8431629290745357e-07
cycle=2279 time=1.5075528064126356e-01 dt=9.8884339606798248e-07
cycle=2280 time=1.5075626948465962e-01 dt=9.9371028038219072e-07
cycle=2281 time=1.5075726319494001e-01 dt=9.9884921468740481e-07
cycle=2282 time=1.5075826204415471e-01 dt=1.0041854199532507e-06
cycle=2283 time=1.5075926622957467e-01 dt=1.0096394698416339e-06
cycle=2284 time=1.5076027586904450e-01 dt=1.0151288972793057e-06
cycle=2285 time=1.5076129099794178e-01 dt=1.0205695721065925e-06
cycle=2286 time=1.5076231156751388e-01 dt=1.0258771032002461e-06
cycle=2287 time=1.5076333744461709e-01 dt=1.0309671666455033e-06
cycle=2288 time=1.5076436841178373e-01 dt=1.0357583891280477e-06
cycle=2289 time=1.5076540417017287e-01 dt=1.0401735266096809e-06
cycle=2290 time=1.5076644434369948e-01 dt=1.0441408321931730e-06
cycle=2291 time=1.5076748848453167e-01 dt=1.0475955374741745e-06
cycle=2292 time=1.5076853608006915e-01 dt=1.0504813329946528e-06
cycle=2293 time=1.5076958656140216e-01 dt=1.0527518108633148e-06
cycle=2294 time=1.5077063931321302e-01 dt=1.0543718027728606e-06
cycle=2295 time=1.5077169368501581e-01 dt=1.0553186272524918e-06
cycle=2296 time=1.5077274900364307e-01 dt=1.0555831077066251e-06
cycle=2297 time=1.5077380458675077e-01 dt=1.0551703078550383e-06
cycle=2298 time=1.5077485975705862e-01 dt=1.0540999407125997e-06
cycle=2299 time=1.5077591385699934e-01 dt=1.0524063899576803e-06
cycle=2300 time=1.5077696626338929e-01 dt=1.0501382333752559e-06
cycle=2301 time=1.5077801640162267e-01 dt=1.0473574519071391e-06
cycle=2302 time=1.5077906375907457e-01 dt=1.0441381333407569e-06
cycle=2303 time=1.5078010789720792e-01 dt=1.0405647223331857e-06
cycle=2304 time=1.5078114846193025e-01 dt=1.0367298766962699e-06
cycle=2305 time=1.5078218519180694e-01 dt=1.0327320035888711e-06
cycle=2306 time=1.5078321792381053e-01 dt=1.0286725696980444e-06
cycle=2307 time=1.5078424659638023e-01 dt=1.0246532918303284e-06
cycle=2308 time=1.5078527124967206e-01 dt=1.0207733694728414e-06
cycle=2309 time=1.5078629202304153e-01 dt=1.0171266687106305e-06
cycle=2310 time=1.5078730914971025e-01 dt=1.0137991269730256e-06
cycle=2311 time=1.5078832294883723e-01 dt=1.0108661508798929e-06
cycle=2312 time=1.5078933381498810e-01 dt=1.0083904018374767e-06
cycle=2313 time=1.5079034220538995e-01 dt=1.0064197152967822e-06
cycle=2314 time=1.5079134862510524e-01 dt=1.0049856367696812e-06
cycle=2315 time=1.5079235361074200e-01 dt=1.0041033375373359e-06
cycle=2316 time=1.5079335771407953e-01 dt=1.0037735714837549e-06
cycle=2317 time=1.5079436148765102e-01 dt=1.0039863499059722e-06
cycle=2318 time=1.5079536547400094e-01 dt=1.0047247551908422e-06
cycle=2319 time=1.5079637019875614e-01 dt=1.0059672618164270e-06
cycle=2320 time=1.5079737616601796e-01 dt=1.0076882219273146e-06
cycle=2321 time=1.5079838385423988e-01 dt=1.0098572766163811e-06
cycle=2322 time=1.5079939371151649e-01 dt=1.0124386385079739e-06
cycle=2323 time=1.5080040615015500e-01 dt=1.0153907406281837e-06
cycle=2324 time=1.5080142154089562e-01 dt=1.0186663608657437e-06
cycle=2325 time=1.5080244020725650e-01 dt=1.0222131268754222e-06
cycle=2326 time=1.5080346242038337e-01 dt=1.0259743350428747e-06
cycle=2327 time=1.5080448839471841e-01 dt=1.0298899405451754e-06
cycle=2328 time=1.5080551828465896e-01 dt=1.0338976035741990e-06
cycle=2329 time=1.5080655218226255e-01 dt=1.0379337378987713e-06
cycle=2330 time=1.5080759011600045e-01 dt=1.0419345414672130e-06
cycle=2331 time=1.5080863205054193e-01 dt=1.0458370260774589e-06
cycle=2332 time=1.5080967788756799e-01 dt=1.0495801749091058e-06
cycle=2333 time=1.5081072746774291e-01 dt=1.0531059779106997e-06
cycle=2334 time=1.5081178057372083e-01 dt=1.0563604870804176e-06
cycle=2335 time=1.5081283693420791e-01 dt=1.0592948478646040e-06
cycle=2336 time=1.5081389622905578e-01 dt=1.0618664902154483e-06
cycle=2337 time=1.5081495809554599e-01 dt=1.0640398589582605e-06
cycle=2338 time=1.5081602213540493e-01 dt=1.0657872320323354e-06
cycle=2339 time=1.5081708792263696e-01 dt=1.0670894362394629e-06
cycle=2340 time=1.5081815501207319e-01 dt=1.0679364157673892e-06
cycle=2341 time=1.5081922294848896e-01 dt=1.0683276168254118e-06
cycle=2342 time=1.5082029127610577e-01 dt=1.0682721614278066e-06
cycle=2343 time=1.5082135954826720e-01 dt=1.0677887902423479e-06
cycle=2344 time=1.5082242733705745e-01 dt=1.0669055547714314e-06
cycle=2345 time=1.5082349424261221e-01 dt=1.0656592501382639e-06
cycle=2346 time=1.5082455990186236e-01 dt=1.0640945901229428e-06
cycle=2347 time=1.5082562399645250e-01 dt=1.0622631416483631e-06
cycle=2348 time=1.5082668625959414e-01 dt=1.0602220440067574e-06
cycle=2349 time=1.5082774648163816e-01 dt=1.0580325488466676e-06
cycle=2350 time=1.5082880451418701e-01 dt=1.0557584264640691e-06
cycle=2351 time=1.5082986027261347e-01 dt=1.0534642949118975e-06
cycle=2352 time=1.5083091373690838e-01 dt=1.0512139412758956e-06
cycle=2353 time=1.5083196495084966e-01 dt=1.0490687136289645e-06
cycle=2354 time=1.5083301401956328e-01 dt=1.0470859467945564e-06
cycle=2355 time=1.5083406110551006e-01 dt=1.0453175590861050e-06
cycle=2356 time=1.5083510642306916e-01 dt=1.0438088119147045e-06
cycle=2357 time=1.5083615023188107e-01 dt=1.0425975348596410e-06
cycle=2358 time=1.5083719282941593e-01 dt=1.0417135310548807e-06
cycle=2359 time=1.5083823454294698e-01 dt=1.0411783190810789e-06
cycle=2360 time=1.5083927572126607e-01 dt=1.0410051944406217e-06
cycle=2361 time=1.5084031672646050e-01 dt=1.0411995303684399e-06
cycle=2362 time=1.5084135792599088e-01 dt=1.0417592633701615e-06
cycle=2363 time=1.5084239968525426e-01 dt=1.0426754783635630e-06
cycle=2364 time=1.5084344236073263e-01 dt=1.0439329985935822e-06
cycle=2365 time=1.5084448629373123e-01 dt=1.0455109576389466e-06
cycle=2366 time=1.5084553180468888e-01 dt=1.0473833544289928e-06
cycle=2367 time=1.5084657918804331e-01 dt=1.0495196121919413e-06
cycle=2368 time=1.5084762870765550e-01 dt=1.0518851629660021e-06
cycle=2369 time=1.5084868059281847e-01 dt=1.0544420949078940e-06
cycle=2370 time=1.5084973503491339e-01 dt=1.0571497397351267e-06
cycle=2371 time=1.5085079218465314e-01 dt=1.0599654470780415e-06
cycle=2372 time=1.5085185215010022e-01 dt=1.0628453248469151e-06
cycle=2373 time=1.5085291499542505e-01 dt=1.0657450093664814e-06
cycle=2374 time=1.5085398074043441e-01 dt=1.0686204076208504e-06
cycle=2375 time=1.5085504936084201e-01 dt=1.0714285017719011e-06
cycle=2376 time=1.5085612078934379e-01 dt=1.0741281105258289e-06
cycle=2377 time=1.5085719491745431e-01 dt=1.0766806261144592e-06
cycle=2378 time=1.5085827159808043e-01 dt=1.0790507340825895e-06
cycle=2379 time=1.5085935064881451e-01 dt=1.0812070857950733e-06
cycle=2380 time=1.5086043185590031e-01 dt=1.0831229103498044e-06
cycle=2381 time=1.5086151497881067e-01 dt=1.0847765545270256e-06
cycle=2382 time=1.5086259975536520e-01 dt=1.0861519340038049e-06
cycle=2383 time=1.5086368590729921e-01 dt=1.0872388840877841e-06
cycle=2384 time=1.5086477314618330e-01 dt=1.0880333924187159e-06
cycle=2385 time=1.5086586117957571e-01 dt=1.0885376032497591e-06
cycle=2386 time=1.5086694971717896e-01 dt=1.0887599070135608e-06
cycle=2387 time=1.5086803847708596e-01 dt=1.0887147378184863e-06
cycle=2388 time=1.5086912719182377e-01 dt=1.0884221936505814e-06
cycle=2389 time=1.5087021561401742e-01 dt=1.0879076208288631e-06
cycle=2390 time=1.5087130352163824e-01 dt=1.0872009446978130e-06
cycle=2391 time=1.5087239072258293e-01 dt=1.0863359400836418e-06
cycle=2392 time=1.5087347705852303e-01 dt=1.0853493812086660e-06
cycle=2393 time=1.5087456240790423e-01 dt=1.0842803873739274e-06
cycle=2394 time=1.5087564668829159e-01 dt=1.0831703184398174e-06
cycle=2395 time=1.5087672985861003e-01 dt=1.0820589861579723e-06
cycle=2396 time=1.5087781191759619e-01 dt=1.0809853276698310e-06
cycle=2397 time=1.5087889290292386e-01 dt=1.0799864859355282e-06
cycle=2398 time=1.5087997288940980e-01 dt=1.0790969644031730e-06
cycle=2399 time=1.5088105198637419e-01 dt=1.0783477727795473e-06
cycle=2400 time=1.5088213033414696e-01 dt=1.0777660269826436e-06
cycle=2401 time=1.5088320810017394e-01 dt=1.0773743771012714e-06
cycle=2402 time=1.5088428547455104e-01 dt=1.0771906668978671e-06
cycle=2403 time=1.5088536266521793e-01 dt=1.0772277351117223e-06
cycle=2404 time=1.5088643989295306e-01 dt=1.0774933569149808e-06
cycle=2405 time=1.5088751738630998e-01 dt=1.0779902882664321e-06
cycle=2406 time=1.5088859537659824e-01 dt=1.0787164235673184e-06
cycle=2407 time=1.5088967409302181e-01 dt=1.0796650397467323e-06
cycle=2408 time=1.5089075375806157e-01 dt=1.0808251108045080e-06
cycle=2409 time=1.5089183458317237e-01 dt=1.0821816794575459e-06
cycle=2410 time=1.5089291676485184e-01 dt=1.0837162827760908e-06
cycle=2411 time=1.5089400048113460e-01 dt=1.0854074089091865e-06
cycle=2412 time=1.5089508588854350e-01 dt=1.0872309845878810e-06
cycle=2413 time=1.5089617311952808e-01 dt=1.0891608923932311e-06
cycle=2414 time=1.5089726228042047e-01 dt=1.0911695045739643e-06
cycle=2415 time=1.5089835344992505e-01 dt=1.0932283333000412e-06
cycle=2416 time=1.5089944667825836e-01 dt=1.0953083657776979e-06
cycle=2417 time=1.5090054198662414e-01 dt=1.0973807381740414e-06
cycle=2418 time=1.5090163936736231e-01 dt=1.0994172963304895e-06
cycle=2419 time=1.5090273878465865e-01 dt=1.1013911296870213e-06
cycle=2420 time=1.5090384017578834e-01 dt=1.1032770813787081e-06
cycle=2421 time=1.5090494345286973e-01 dt=1.1050522250225425e-06
cycle=2422 time=1.5090604850509476e-01 dt=1.1066963027346379e-06
cycle=2423 time=1.5090715520139750e-01 dt=1.1081921110399165e-06
cycle=2424 time=1.5090826339350855e-01 dt=1.1095258309629647e-06
cycle=2425 time=1.5090937291933951e-01 dt=1.1106872826883880e-06
cycle=2426 time=1.5091048360662221e-01 dt=1.1116701135744507e-06
cycle=2427 time=1.5091159527673578e-01 dt=1.1124719028415059e-06
cycle=2428 time=1.5091270774863863e-01 dt=1.1130941803734399e-06
cycle=2429 time=1.5091382084281901e-01 dt=1.1135423571117705e-06
cycle=2430 time=1.5091493438517611e-01 dt=1.1138255668578521e-06
cycle=2431 time=1.5091604821074298e-01 dt=1.1139564209264587e-06
cycle=2432 time=1.5091716216716392e-01 dt=1.1139506798567115e-06
cycle=2433 time=1.5091827611784378e-01 dt=1.1138268464689973e-06
cycle=2434 time=1.5091938994469026e-01 dt=1.1136056976940804e-06
cycle=2435 time=1.5092050355038794e-01 dt=1.1133097464561194e-06
cycle=2436 time=1.5092161686013439e-01 dt=1.1129625862465503e-06
cycle=2437 time=1.5092272982272065e-01 dt=1.1125885594393723e-06
cycle=2438 time=1.5092384241128010e-01 dt=1.1122120565924185e-06
cycle=2439 time=1.5092495462333669e-01 dt=1.1118569463449143e-06
cycle=2440 time=1.5092606648028303e-01 dt=1.1115460330904729e-06
cycle=2441 time=1.5092717802631611e-01 dt=1.1113005569548594e-06
cycle=2442 time=1.5092828932687308e-01 dt=1.1111397484872172e-06
cycle=2443 time=1.5092940046662157e-01 dt=1.1110804478947450e-06
cycle=2444 time=1.5093051154706946e-01 dt=1.1111367968484980e-06
cycle=2445 time=1.5093162268386631e-01 dt=1.1113200075756865e-06
cycle=2446 time=1.5093273400387389e-01 dt=1.1116382105402874e-06
cycle=2447 time=1.5093384564208442e-01 dt=1.1120963842621484e-06
cycle=2448 time=1.5093495773846868e-01 dt=1.1126963539055557e-06
cycle=2449 time=1.5093607043482260e-01 dt=1.1134369179159998e-06
cycle=2450 time=1.5093718387174052e-01 dt=1.1143139278033090e-06
cycle=2451 time=1.5093829818566831e-01 dt=1.1153204581382760e-06
cycle=2452 time=1.5093941350612644e-01 dt=1.1164470350091891e-06
cycle=2453 time=1.5094052995316146e-01 dt=1.1176818899613965e-06
cycle=2454 time=1.5094164763505141e-01 dt=1.1190112430972784e-06
cycle=2455 time=1.5094276664629450e-01 dt=1.1204196686564775e-06
cycle=2456 time=1.5094388706596315e-01 dt=1.1218904518351467e-06
cycle=2457 time=1.5094500895641499e-01 dt=1.1234059608161814e-06
cycle=2458 time=1.5094613236237581e-01 dt=1.1249480273672013e-06
cycle=2459 time=1.5094725731040318e-01 dt=1.1264983329816426e-06
cycle=2460 time=1.5094838380873615e-01 dt=1.1280387962666542e-06
cycle=2461 time=1.5094951184753241e-01 dt=1.1295518837299150e-06
cycle=2462 time=1.5095064139941614e-01 dt=1.1310210034017910e-06
cycle=2463 time=1.5095177242041954e-01 dt=1.1324308422541021e-06
cycle=2464 time=1.5095290485126181e-01 dt=1.1337676626158748e-06
cycle=2465 time=1.5095403861892442e-01 dt=1.1350195670326248e-06
cycle=2466 time=1.5095517363849145e-01 dt=1.1361766059797378e-06
cycle=2467 time=1.5095630981509744e-01 dt=1.1372310029502597e-06
cycle=2468 time=1.5095744704610040e-01 dt=1.1381773940020576e-06
cycle=2469 time=1.5095858522349440e-01 dt=1.1390129034928280e-06
cycle=2470 time=1.5095972423639789e-01 dt=1.1397371652601703e-06
cycle=2471 time=1.5096086397356315e-01 dt=1.1403522943613454e-06
cycle=2472 time=1.5096200432585752e-01 dt=1.1408627958526920e-06
cycle=2473 time=1.5096314518865336e-01 dt=1.1412754234960253e-06
cycle=2474 time=1.5096428646407686e-01 dt=1.1415989907890001e-06
cycle=2475 time=1.5096542806306765e-01 dt=1.1418441310000397e-06
cycle=2476 time=1.5096656990719864e-01 dt=1.1420230256428474e-06
cycle=2477 time=1.5096771193022429e-01 dt=1.1421490715374838e-06
cycle=2478 time=1.5096885407929583e-01 dt=1.1422365402328975e-06
cycle=2479 time=1.5096999631583607e-01 dt=1.1423002341601238e-06
cycle=2480 time=1.5097113861607023e-01 dt=1.1423551358129963e-06
cycle=2481 time=1.5097228097120605e-01 dt=1.1424160592429578e-06
cycle=2482 time=1.5097342338726530e-01 dt=1.1424973130217528e-06
cycle=2483 time=1.5097456588457833e-01 dt=1.1426123842441999e-06
cycle=2484 time=1.5097570849696257e-01 dt=1.1427736507246418e-06
cycle=2485 time=1.5097685127061330e-01 dt=1.1429921281304074e-06
cycle=2486 time=1.5097799426274144e-01 dt=1.1432772568319714e-06
cycle=2487 time=1.5097913753999828e-01 dt=1.1436367325038802e-06
cycle=2488 time=1.5098028117673079e-01 dt=1.1440763829510622e-06
cycle=2489 time=1.5098142525311375e-01 dt=1.1446000920245156e-06
cycle=2490 time=1.5098256985320577e-01 dt=1.1452097699849554e-06
cycle=2491 time=1.5098371506297575e-01 dt=1.1459053690050994e-06
cycle=2492 time=1.5098486096834476e-01 dt=1.1466849413619087e-06
cycle=2493 time=1.5098600765328613e-01 dt=1.1475447372915883e-06
cycle=2494 time=1.5098715519802342e-01 dt=1.1484793385295499e-06
cycle=2495 time=1.5098830367736193e-01 dt=1.1494818230219678e-06
cycle=2496 time=1.5098945315918497e-01 dt=1.1505439564598091e-06
cycle=2497 time=1.5099060370314143e-01 dt=1.1516564057628720e-06
cycle=2498 time=1.5099175535954720e-01 dt=1.1528089691143078e-06
cycle=2499 time=1.5099290816851632e-01 dt=1.1539908186934034e-06
cycle=2500 time=1.5099406215933500e-01 dt=1.1551907543006830e-06
cycle=2501 time=1.5099521735008931e-01 dt=1.1563974783283767e-06
cycle=2502 time=1.5099637374756764e-01 dt=1.1575997878448642e-06
cycle=2503 time=1.5099753134735547e-01 dt=1.1587868438273202e-06
cycle=2504 time=1.5099869013419931e-01 dt=1.1599483987082573e-06
cycle=2505 time=1.5099985008259803e-01 dt=1.1610750086192278e-06
cycle=2506 time=1.5100101115760664e-01 dt=1.1621582244192851e-06
cycle=2507 time=1.5100217331583107e-01 dt=1.1631907580082485e-06
cycle=2508 time=1.5100333650658909e-01 dt=1.1641666208021112e-06
cycle=2509 time=1.5100450067320989e-01 dt=1.1650812322140242e-06
cycle=2510 time=1.5100566575444210e-01 dt=1.1659314956267922e-06
cycle=2511 time=1.5100683168593773e-01 dt=1.1667158394704620e-06
cycle=2512 time=1.5100799840177720e-01 dt=1.1674342230296584e-06
cycle=2513 time=1.5100916583600024e-01 dt=1.1680881072264727e-06
cycle=2514 time=1.5101033392410748e-01 dt=1.1686803910392198e-06
cycle=2515 time=1.5101150260449853e-01 dt=1.1692153166123922e-06
cycle=2516 time=1.5101267181981515e-01 dt=1.1696983450736095e-06
cycle=2517 time=1.5101384151816022e-01 dt=1.1701360051257790e-06
cycle=2518 time=1.5101501165416534e-01 dt=1.1705357196634330e-06
cycle=2519 time=1.5101618218988500e-01 dt=1.1709056147876084e-06
cycle=2520 time=1.5101735309549980e-01 dt=1.1712543150912891e-06
cycle=2521 time=1.5101852434981489e-01 dt=1.1715907318756733e-06
cycle=2522 time=1.5101969594054676e-01 dt=1.1719238492688918e-06
cycle=2523 time=1.5102086786439603e-01 dt=1.1722625136748644e-06
cycle=2524 time=1.5102204012690970e-01 dt=1.1726152526045474e-06
cycle=2525 time=1.5102321274216229e-01 dt=1.1729900861602570e-06
cycle=2526 time=1.5102438573224847e-01 dt=1.1733943477807367e-06
cycle=2527 time=1.5102555912659624e-01 dt=1.1738345319990390e-06
cycle=2528 time=1.5102673296112823e-01 dt=1.1743161660595747e-06
cycle=2529 time=1.5102790727729429e-01 dt=1.1748437057248256e-06
cycle=2530 time=1.5102908212100002e-01 dt=1.1754204474216638e-06
cycle=2531 time=1.5103025754144744e-01 dt=1.1760484966817889e-06
cycle=2532 time=1.5103143358994411e-01 dt=1.1767287537901961e-06
cycle=2533 time=1.5103261031869791e-01 dt=1.1774609241928684e-06
cycle=2534 time=1.5103378777962212e-01 dt=1.1782435470137345e-06
cycle=2535 time=1.5103496602316913e-01 dt=1.1790740618847711e-06
cycle=2536 time=1.5103614509723101e-01 dt=1.1799488973259374e-06
cycle=2537 time=1.5103732504612835e-01 dt=1.1808635745650970e-06
cycle=2538 time=1.5103850590970291e-01 dt=1.1818128263001667e-06
cycle=2539 time=1.5103968772252921e-01 dt=1.1827907981968219e-06
cycle=2540 time=1.5104087051332740e-01 dt=1.1837911776521799e-06
cycle=2541 time=1.5104205430450504e-01 dt=1.1848073597861033e-06
cycle=2542 time=1.5104323911186482e-01 dt=1.1858325391197723e-06
cycle=2543 time=1.5104442494440393e-01 dt=1.1868598074812155e-06
cycle=2544 time=1.5104561180421142e-01 dt=1.1878823327248780e-06
cycle=2545 time=1.5104679968654414e-01 dt=1.1888935423033204e-06
cycle=2546 time=1.5104798858008645e-01 dt=1.1898872183236594e-06
cycle=2547 time=1.5104917846730476e-01 dt=1.1908576541343301e-06
cycle=2548 time=1.5105036932495888e-01 dt=1.1917997724451222e-06
cycle=2549 time=1.5105156112473134e-01 dt=1.1927092277609998e-06
cycle=2550 time=1.5105275383395911e-01 dt=1.1935824898169552e-06
cycle=2551 time=1.5105394741644892e-01 dt=1.1944169075295673e-06
cycle=2552 time=1.5105514183335644e-01 dt=1.1952107518344064e-06
cycle=2553 time=1.5105633704410829e-01 dt=1.1959632363106876e-06
cycle=2554 time=1.5105753300734459e-01 dt=1.1966745161351536e-06
cycle=2555 time=1.5105872968186074e-01 dt=1.1973456656030075e-06
cycle=2556 time=1.5105992702752635e-01 dt=1.1979786343853108e-06
cycle=2557 time=1.5106112500616073e-01 dt=1.1985761852500663e-06
cycle=2558 time=1.5106232358234598e-01 dt=1.1991418132306088e-06
cycle=2559 time=1.5106352272415921e-01 dt=1.1996796489783743e-06
cycle=2560 time=1.5106472240380819e-01 dt=1.2001943492169966e-06
cycle=2561 time=1.5106592259815740e-01 dt=1.2006909771107000e-06
cycle=2562 time=1.5106712328913452e-01 dt=1.2011747745377469e-06
cycle=2563 time=1.5106832446390905e-01 dt=1.2016512240152876e-06
cycle=2564 time=1.5106952611513308e-01 dt=1.2021258477306751e-06
cycle=2565 time=1.5107072824098081e-01 dt=1.2026040582992386e-06
cycle=2566 time=1.5107193084503912e-01 dt=1.2030910356011443e-06
cycle=2567 time=1.5107313393607472e-01 dt=1.2035916119962342e-06
cycle=2568 time=1.5107433752768670e-01 dt=1.2041101684759011e-06
cycle=2569 time=1.5107554163785517e-01 dt=1.2046505439580905e-06
cycle=2570 time=1.5107674628839912e-01 dt=1.2052159595529608e-06
cycle=2571 time=1.5107795150435868e-01 dt=1.2058089592890891e-06
cycle=2572 time=1.5107915731331797e-01 dt=1.2064313682154387e-06
cycle=2573 time=1.5108036374468620e-01 dt=1.2070842672446096e-06
cycle=2574 time=1.5108157082895343e-01 dt=1.2077679813805635e-06
cycle=2575 time=1.5108277859693481e-01 dt=1.2084820960677131e-06
cycle=2576 time=1.5108398707903087e-01 dt=1.2092254855028945e-06
cycle=2577 time=1.5108519630451636e-01 dt=1.2099963565387290e-06
cycle=2578 time=1.5108640630087289e-01 dt=1.2107923067664879e-06
cycle=2579 time=1.5108761709317967e-01 dt=1.2116103944723490e-06
cycle=2580 time=1.5108882870357415e-01 dt=1.2124472216746898e-06
cycle=2581 time=1.5109004115079583e-01 dt=1.2132990171909829e-06
cycle=2582 time=1.5109125444981303e-01 dt=1.2141617272365400e-06
cycle=2583 time=1.5109246861154027e-01 dt=1.2150311340267964e-06
cycle=2584 time=1.5109368364267431e-01 dt=1.2159029507769816e-06
cycle=2585 time=1.5109489954562508e-01 dt=1.2167729227868425e-06
cycle=2586 time=1.5109611631854786e-01 dt=1.2176369247054924e-06
cycle=2587 time=1.5109733395547256e-01 dt=1.2184910553783234e-06
cycle=2588 time=1.5109855244652795e-01 dt=1.2193317248289427e-06
cycle=2589 time=1.5109977177825279e-01 dt=1.2201557306949271e-06
cycle=2590 time=1.5110099193398349e-01 dt=1.2209603184107967e-06
cycle=2591 time=1.5110221289430190e-01 dt=1.2217432461563634e-06
cycle=2592 time=1.5110343463754805e-01 dt=1.2225028273778501e-06
cycle=2593 time=1.5110465714037544e-01 dt=1.2232379596422976e-06
cycle=2594 time=1.5110588037833508e-01 dt=1.2239481394671927e-06
cycle=2595 time=1.5110710432647456e-01 dt=1.2246334627912507e-06
cycle=2596 time=1.5110832895993737e-01 dt=1.2252946114122268e-06
cycle=2597 time=1.5110955425454878e-01 dt=1.2259328259951974e-06
cycle=2598 time=1.5111078018737478e-01 dt=1.2265498658938933e-06
cycle=2599 time=1.5111200673724068e-01 dt=1.2271479575453449e-06
cycle=2600 time=1.5111323388519823e-01 dt=1.2277297330299232e-06
cycle=2601 time=1.5111446161493125e-01 dt=1.2282981604213608e-06
cycle=2602 time=1.5111568991309168e-01 dt=1.2288564675822273e-06
cycle=2603 time=1.5111691876955927e-01 dt=1.2294080613272996e-06
cycle=2604 time=1.5111814817762059e-01 dt=1.2299564439171314e-06
cycle=2605 time=1.5111937813406451e-01 dt=1.2305051306398666e-06
cycle=2606 time=1.5112060863919516e-01 dt=1.2310575646164341e-06
cycle=2607 time=1.5112183969675977e-01 dt=1.2316170377502155e-06
cycle=2608 time=1.5112307131379751e-01 dt=1.2321866168809509e-06
cycle=2609 time=1.5112430350041439e-01 dt=1.2327690766222767e-06
cycle=2610 time=1.5112553626949102e-01 dt=1.2333668403908624e-06
cycle=2611 time=1.5112676963633140e-01 dt=1.2339819310788274e-06
cycle=2612 time=1.5112800361826248e-01 dt=1.2346159317712647e-06
cycle=2613 time=1.5112923823419425e-01 dt=1.2352699590263671e-06
cycle=2614 time=1.5113047350415326e-01 dt=1.2359446484535996e-06
cycle=2615 time=1.5113170944880172e-01 dt=1.2366401499022652e-06
cycle=2616 time=1.5113294608895161e-01 dt=1.2373561344840019e-06
cycle=2617 time=1.5113418344508608e-01 dt=1.2380918123202384e-06
cycle=2618 time=1.5113542153689841e-01 dt=1.2388459619812333e-06
cycle=2619 time=1.5113666038286039e-01 dt=1.2396169689033756e-06
cycle=2620 time=1.5113789999982929e-01 dt=1.2342297086704189e-06
cycle=2621 time=1.5113913422953795e-01 dt=1.2046117287289020e-06
cycle=2622 time=1.5114033884126668e-01 dt=1.1716057630694020e-06
cycle=2623 time=1.5114151044702975e-01 dt=1.1360947460042170e-06
cycle=2624 time=1.5114264654177575e-01 dt=1.0991034846880761e-06
cycle=2625 time=1.5114374564526045e-01 dt=1.0617763309523910e-06
cycle=2626 time=1.5114480742159139e-01 dt=1.0255579002173810e-06
cycle=2627 time=1.5114583297949161e-01 dt=9.9797847196060647e-07
cycle=2628 time=1.5114683095796358e-01 dt=9.7785675996973302e-07
cycle=2629 time=1.5114780881472356e-01 dt=9.6356248500764844e-07
cycle=2630 time=1.5114877237720856e-01 dt=9.5382594770833159e-07
cycle=2631 time=1.5114972620315625e-01 dt=9.4765923627696229e-07
cycle=2632 time=1.5115067386239253e-01 dt=9.4428405012630030e-07
cycle=2633 time=1.5115161814644265e-01 dt=9.4308903888092333e-07
cycle=2634 time=1.5115256123548154e-01 dt=9.4359234850879018e-07
cycle=2635 time=1.5115350482783005e-01 dt=9.4541299752381736e-07
cycle=2636 time=1.5115445024082758e-01 dt=9.4824890732685788e-07
cycle=2637 time=1.5115539848973492e-01 dt=9.5185992883052603e-07
cycle=2638 time=1.5115635034966374e-01 dt=9.5605469499605465e-07
cycle=2639 time=1.5115730640435873e-01 dt=9.6068039647051198e-07
cycle=2640 time=1.5115826708475522e-01 dt=9.6561479675448677e-07
cycle=2641 time=1.5115923269955198e-01 dt=9.7075999098087517e-07
cycle=2642 time=1.5116020345954295e-01 dt=9.7603749459538106e-07
cycle=2643 time=1.5116117949703756e-01 dt=9.8138437725411540e-07
cycle=2644 time=1.5116216088141482e-01 dt=9.8762543908069930e-07
cycle=2645 time=1.5116314850685389e-01 dt=9.9557156103986699e-07
cycle=2646 time=1.5116414407841494e-01 dt=1.0052428850784723e-06
cycle=2647 time=1.5116514932130001e-01 dt=1.0165460512129216e-06
cycle=2648 time=1.5116616586735124e-01 dt=1.0293418936464611e-06
cycle=2649 time=1.5116719520924488e-01 dt=1.0434619100727469e-06
cycle=2650 time=1.5116823867115495e-01 dt=1.0587165009711883e-06
cycle=2651 time=1.5116929738765592e-01 dt=1.0748972921006336e-06
cycle=2652 time=1.5117037228494801e-01 dt=1.0917780695159261e-06
cycle=2653 time=1.5117146406301751e-01 dt=1.1091147494743773e-06
cycle=2654 time=1.5117257317776700e-01 dt=1.1266452131643889e-06
cycle=2655 time=1.5117369982298015e-01 dt=1.1440899518714712e-06
cycle=2656 time=1.5117484391293201e-01 dt=1.1611531814967146e-06
cycle=2657 time=1.5117600506611351e-01 dt=1.1775249160021738e-06
cycle=2658 time=1.5117718259102950e-01 dt=1.1928842528985994e-06
cycle=2659 time=1.5117837547528240e-01 dt=1.2069039737930074e-06
cycle=2660 time=1.5117958237925619e-01 dt=1.2192624337896377e-06
cycle=2661 time=1.5118080164168998e-01 dt=1.2296505432181475e-06
cycle=2662 time=1.5118203129223320e-01 dt=1.2377655205516720e-06
cycle=2663 time=1.5118326905775376e-01 dt=1.2433303157726569e-06
cycle=2664 time=1.5118451238806951e-01 dt=1.2461050546843532e-06
cycle=2665 time=1.5118575849312421e-01 dt=1.2458991250334192e-06
cycle=2666 time=1.5118700439224925e-01 dt=1.2425835029501057e-06
cycle=2667 time=1.5118824697575220e-01 dt=1.2361027005517176e-06
cycle=2668 time=1.5118948307845276e-01 dt=1.2264855586152425e-06
cycle=2669 time=1.5119070956401137e-01 dt=1.2138539646346437e-06
cycle=2670 time=1.5119192341797599e-01 dt=1.1984284935591815e-06
cycle=2671 time=1.5119312184646955e-01 dt=1.1805299469119859e-06
cycle=2672 time=1.5119430237641646e-01 dt=1.1605756546272784e-06
cycle=2673 time=1.5119546295207109e-01 dt=1.1390707034482580e-06
cycle=2674 time=1.5119660202277455e-01 dt=1.1165924162524866e-06
cycle=2675 time=1.5119771861519080e-01 dt=1.0937697004556243e-06
cycle=2676 time=1.5119881238489125e-01 dt=1.0712600430231871e-06
cycle=2677 time=1.5119988364493428e-01 dt=1.0497384841303126e-06
cycle=2678 time=1.5120093338341842e-01 dt=1.0301376442527132e-06
cycle=2679 time=1.5120196352106266e-01 dt=1.0158519991750207e-06
cycle=2680 time=1.5120297937306185e-01 dt=1.0059654401466519e-06
cycle=2681 time=1.5120398533850199e-01 dt=9.9955053327016280e-07
cycle=2682 time=1.5120498488903525e-01 dt=9.9587287879919776e-07
cycle=2683 time=1.5120598076191405e-01 dt=9.9434949239104538e-07
cycle=2684 time=1.5120697511140643e-01 dt=9.9451639074320314e-07
cycle=2685 time=1.5120796962779717e-01 dt=9.9600333255700409e-07
cycle=2686 time=1.5120896563112973e-01 dt=9.9851420393706960e-07
cycle=2687 time=1.5120996414533366e-01 dt=1.0018115972373820e-06
cycle=2688 time=1.5121096595693090e-01 dt=1.0057047872661084e-06
cycle=2689 time=1.5121197166171815e-01 dt=1.0103823853907105e-06
cycle=2690 time=1.5121298204410355e-01 dt=1.0168465156010241e-06
cycle=2691 time=1.5121399889061915e-01 dt=1.0252089124939465e-06
cycle=2692 time=1.5121502409953164e-01 dt=1.0354041128311669e-06
cycle=2693 time=1.5121605950364447e-01 dt=1.0473019073753080e-06
cycle=2694 time=1.5121710680555184e-01 dt=1.0607369061039641e-06
cycle=2695 time=1.5121816754245795e-01 dt=1.0755183259790496e-06
cycle=2696 time=1.5121924306078394e-01 dt=1.0914340745997741e-06
cycle=2697 time=1.5122033449485853e-01 dt=1.1082524322055798e-06
cycle=2698 time=1.5122144274729074e-01 dt=1.1257226741908117e-06
cycle=2699 time=1.5122256846996493e-01 dt=1.1435752798696726e-06
cycle=2700 time=1.5122371204524479e-01 dt=1.1615223399197197e-06
cycle=2701 time=1.5122487356758471e-01 dt=1.1792585847489823e-06
cycle=2702 time=1.5122605282616947e-01 dt=1.1964634371346195e-06
cycle=2703 time=1.5122724928960660e-01 dt=1.2128041054702789e-06
cycle=2704 time=1.5122846209371207e-01 dt=1.2279400340460670e-06
cycle=2705 time=1.5122969003374612e-01 dt=1.2415287349564583e-06
cycle=2706 time=1.5123093156248107e-01 dt=1.2532331333620724e-06
cycle=2707 time=1.5123218479561443e-01 dt=1.2627303853190595e-06
cycle=2708 time=1.5123344752599974e-01 dt=1.2697222938729377e-06
cycle=2709 time=1.5123471724829360e-01 dt=1.2739468310958491e-06
cycle=2710 time=1.5123599119512471e-01 dt=1.2751903164841836e-06
cycle=2711 time=1.5123726638544119e-01 dt=1.2732999685306234e-06
cycle=2712 time=1.5123853968540971e-01 dt=1.2681961356726304e-06
cycle=2713 time=1.5123980788154537e-01 dt=1.2598833754399565e-06
cycle=2714 time=1.5124106776492080e-01 dt=1.2484596243864908e-06
cycle=2715 time=1.5124231622454518e-01 dt=1.2341223284163631e-06
cycle=2716 time=1.5124355034687359e-01 dt=1.2171706213335802e-06
cycle=2717 time=1.5124476751749491e-01 dt=1.1980025942305864e-06
cycle=2718 time=1.5124596552008915e-01 dt=1.1771069207527447e-06
cycle=2719 time=1.5124714262700989e-01 dt=1.1550484961645521e-06
cycle=2720 time=1.5124829767550604e-01 dt=1.1324484211894509e-06
cycle=2721 time=1.5124943012392722e-01 dt=1.1099598761179463e-06
cycle=2722 time=1.5125054008380334e-01 dt=1.0882446505540337e-06
cycle=2723 time=1.5125162832845390e-01 dt=1.0679758434654007e-06
cycle=2724 time=1.5125269630429736e-01 dt=1.0507119501226721e-06
cycle=2725 time=1.5125374701624747e-01 dt=1.0385530456604173e-06
cycle=2726 time=1.5125478556929314e-01 dt=1.0304271729541248e-06
cycle=2727 time=1.5125581599646609e-01 dt=1.0254847020333671e-06
cycle=2728 time=1.5125684148116814e-01 dt=1.0230512880875075e-06
cycle=2729 time=1.5125786453245621e-01 dt=1.0225901628978069e-06
cycle=2730 time=1.5125888712261912e-01 dt=1.0236728403342824e-06
cycle=2731 time=1.5125991079545945e-01 dt=1.0259535434539069e-06
cycle=2732 time=1.5126093674900290e-01 dt=1.0291573876917093e-06
cycle=2733 time=1.5126196590639060e-01 dt=1.0330651183796429e-06
cycle=2734 time=1.5126299897150897e-01 dt=1.0385495281193027e-06
cycle=2735 time=1.5126403752103709e-01 dt=1.0460978612121544e-06
cycle=2736 time=1.5126508361889832e-01 dt=1.0556893047373560e-06
cycle=2737 time=1.5126613930820304e-01 dt=1.0672007314100232e-06
cycle=2738 time=1.5126720650893444e-01 dt=1.0804607468553184e-06
cycle=2739 time=1.5126828696968128e-01 dt=1.0952677163590525e-06
cycle=2740 time=1.5126938223739764e-01 dt=1.1113957410071940e-06
cycle=2741 time=1.5127049363313863e-01 dt=1.1285973748975840e-06
cycle=2742 time=1.5127162223051352e-01 dt=1.1466047597958391e-06
cycle=2743 time=1.5127276883527332e-01 dt=1.1651300702699891e-06
cycle=2744 time=1.5127393396534358e-01 dt=1.1838659114353105e-06
cycle=2745 time=1.5127511783125502e-01 dt=1.2024862847609608e-06
cycle=2746 time=1.5127632031753979e-01 dt=1.2206516615027942e-06
cycle=2747 time=1.5127754096920129e-01 dt=1.2380049925098255e-06
cycle=2748 time=1.5127877897419381e-01 dt=1.2541863516816408e-06
cycle=2749 time=1.5128003316054550e-01 dt=1.2688329440444067e-06
cycle=2750 time=1.5128130199348955e-01 dt=1.2815839835599980e-06
cycle=2751 time=1.5128258357747310e-01 dt=1.2921923943910396e-06
cycle=2752 time=1.5128387576986749e-01 dt=1.3011446214877975e-06
cycle=2753 time=1.5128517691448898e-01 dt=1.3073160200704372e-06
cycle=2754 time=1.5128648423050906e-01 dt=1.3104518487368386e-06
cycle=2755 time=1.5128779468235778e-01 dt=1.3103567076703827e-06
cycle=2756 time=1.5128910503906545e-01 dt=1.3069078184225247e-06
cycle=2757 time=1.5129041194688386e-01 dt=1.3000673621364141e-06
cycle=2758 time=1.5129171201424599e-01 dt=1.2898930691890612e-06
cycle=2759 time=1.5129300190731518e-01 dt=1.2765460236785015e-06
cycle=2760 time=1.5129427845333884e-01 dt=1.2602947506708573e-06
cycle=2761 time=1.5129553874808951e-01 dt=1.2415144092945563e-06
cycle=2762 time=1.5129678026249882e-01 dt=1.2206804104002507e-06
cycle=2763 time=1.5129800094290921e-01 dt=1.1983554390072301e-06
cycle=2764 time=1.5129919929834823e-01 dt=1.1751703224975610e-06
cycle=2765 time=1.5130037446867073e-01 dt=1.1517995693570730e-06
cycle=2766 time=1.5130152626824009e-01 dt=1.1289340732649201e-06
cycle=2767 time=1.5130265520231334e-01 dt=1.1072586707174178e-06
cycle=2768 time=1.5130376246098406e-01 dt=1.0874885320043651e-06
cycle=2769 time=1.5130484994951607e-01 dt=1.0719466874825395e-06
cycle=2770 time=1.5130592189620354e-01 dt=1.0612342214120085e-06
cycle=2771 time=1.5130698313042495e-01 dt=1.0543392915935443e-06
cycle=2772 time=1.5130803746971655e-01 dt=1.0504587743821039e-06
cycle=2773 time=1.5130908792849093e-01 dt=1.0489534395056380e-06
cycle=2774 time=1.5131013688193043e-01 dt=1.0493130672822802e-06
cycle=2775 time=1.5131118619499770e-01 dt=1.0511292367653114e-06
cycle=2776 time=1.5131223732423446e-01 dt=1.0540741341682974e-06
cycle=2777 time=1.5131329139836863e-01 dt=1.0578839780311157e-06
cycle=2778 time=1.5131434928234666e-01 dt=1.0635254118559637e-06
cycle=2779 time=1.5131541280775851e-01 dt=1.0714281792796393e-06
cycle=2780 time=1.5131648423593780e-01 dt=1.0815492234912932e-06
cycle=2781 time=1.5131756578516128e-01 dt=1.0937433579725726e-06
cycle=2782 time=1.5131865952851925e-01 dt=1.1078169722342308e-06
cycle=2783 time=1.5131976734549149e-01 dt=1.1235441955427485e-06
cycle=2784 time=1.5132089088968703e-01 dt=1.1406732542494242e-06
cycle=2785 time=1.5132203156294127e-01 dt=1.1589291801080685e-06
cycle=2786 time=1.5132319049212137e-01 dt=1.1780148960798011e-06
cycle=2787 time=1.5132436850701744e-01 dt=1.1976117833527287e-06
cycle=2788 time=1.5132556611880080e-01 dt=1.2173804379130836e-06
cycle=2789 time=1.5132678349923870e-01 dt=1.2369621206145260e-06
cycle=2790 time=1.5132802046135932e-01 dt=1.2559813343998205e-06
cycle=2791 time=1.5132927644269373e-01 dt=1.2740497896753549e-06
cycle=2792 time=1.5133055049248340e-01 dt=1.2907720301443769e-06
cycle=2793 time=1.5133184126451354e-01 dt=1.3057530237679165e-06
cycle=2794 time=1.5133314701753731e-01 dt=1.3186071339055694e-06
cycle=2795 time=1.5133446562467120e-01 dt=1.3289687836729806e-06
cycle=2796 time=1.5133579459345486e-01 dt=1.3365049068886382e-06
cycle=2797 time=1.5133713109836175e-01 dt=1.3409285710989385e-06
cycle=2798 time=1.5133847202693285e-01 dt=1.3420131479145450e-06
cycle=2799 time=1.5133981404008076e-01 dt=1.3396064736310374e-06
cycle=2800 time=1.5134115364655440e-01 dt=1.3336441989828725e-06
cycle=2801 time=1.5134248729075339e-01 dt=1.3241613899823522e-06
cycle=2802 time=1.5134381145214337e-01 dt=1.3113013337852863e-06
cycle=2803 time=1.5134512275347717e-01 dt=1.2953204543401511e-06
cycle=2804 time=1.5134641807393151e-01 dt=1.2765882718888068e-06
cycle=2805 time=1.5134769466220341e-01 dt=1.2555814730785806e-06
cycle=2806 time=1.5134895024367648e-01 dt=1.2328712140013432e-06
cycle=2807 time=1.5135018311489049e-01 dt=1.2091042746818690e-06
cycle=2808 time=1.5135139221916516e-01 dt=1.1849782801576484e-06
cycle=2809 time=1.5135257719744533e-01 dt=1.1612125482597566e-06
cycle=2810 time=1.5135373840999358e-01 dt=1.1385196577919367e-06
cycle=2811 time=1.5135487692965138e-01 dt=1.1175968700161741e-06
cycle=2812 time=1.5135599452652140e-01 dt=1.0994822931447690e-06
cycle=2813 time=1.5135709400881456e-01 dt=1.0868191357241824e-06
cycle=2814 time=1.5135818082795027e-01 dt=1.0784656212924335e-06
cycle=2815 time=1.5135925929357155e-01 dt=1.0735168004686929e-06
cycle=2816 time=1.5136033281037203e-01 dt=1.0712531188595250e-06
cycle=2817 time=1.5136140406349088e-01 dt=1.0711005178845195e-06
cycle=2818 time=1.5136247516400878e-01 dt=1.0725995301946548e-06
cycle=2819 time=1.5136354776353897e-01 dt=1.0753812979967275e-06
cycle=2820 time=1.5136462314483698e-01 dt=1.0791901972165796e-06
cycle=2821 time=1.5136570233503419e-01 dt=1.0851591278427343e-06
cycle=2822 time=1.5136678749416202e-01 dt=1.0935586535257924e-06
cycle=2823 time=1.5136788105281554e-01 dt=1.1043112718066914e-06
cycle=2824 time=1.5136898536408736e-01 dt=1.1172440669576934e-06
cycle=2825 time=1.5137010260815431e-01 dt=1.1321360084153539e-06
cycle=2826 time=1.5137123474416272e-01 dt=1.1487336462695536e-06
cycle=2827 time=1.5137238347780899e-01 dt=1.1667567839390142e-06
cycle=2828 time=1.5137355023459292e-01 dt=1.1859010179164934e-06
cycle=2829 time=1.5137473613561084e-01 dt=1.2058388510108843e-06
cycle=2830 time=1.5137594197446186e-01 dt=1.2262204637345804e-06
cycle=2831 time=1.5137716819492558e-01 dt=1.2466748578774370e-06
cycle=2832 time=1.5137841486978346e-01 dt=1.2668119579759312e-06
cycle=2833 time=1.5137968168174143e-01 dt=1.2862261291931223e-06
cycle=2834 time=1.5138096790787062e-01 dt=1.3045013803223169e-06
cycle=2835 time=1.5138227240925095e-01 dt=1.3212179821425664e-06
cycle=2836 time=1.5138359362723308e-01 dt=1.3359610776564130e-06
cycle=2837 time=1.5138492958831073e-01 dt=1.3483315925102828e-06
cycle=2838 time=1.5138627791990325e-01 dt=1.3579585948164149e-06
cycle=2839 time=1.5138763587849807e-01 dt=1.3645130427754351e-06
cycle=2840 time=1.5138900039154085e-01 dt=1.3677223992765210e-06
cycle=2841 time=1.5139036811394013e-01 dt=1.3673855770253239e-06
cycle=2842 time=1.5139173549951715e-01 dt=1.3633874006134977e-06
cycle=2843 time=1.5139309888691777e-01 dt=1.3557115639098505e-06
cycle=2844 time=1.5139445459848166e-01 dt=1.3444511054201025e-06
cycle=2845 time=1.5139579904958708e-01 dt=1.3298153972667866e-06
cycle=2846 time=1.5139712886498435e-01 dt=1.3121322930706570e-06
cycle=2847 time=1.5139844099727742e-01 dt=1.2918445170533549e-06
cycle=2848 time=1.5139973284179448e-01 dt=1.2694995576526936e-06
cycle=2849 time=1.5140100234135212e-01 dt=1.2457326820014535e-06
cycle=2850 time=1.5140224807403413e-01 dt=1.2212433169706208e-06
cycle=2851 time=1.5140346931735110e-01 dt=1.1967660037162485e-06
cycle=2852 time=1.5140466608335482e-01 dt=1.1730393573019391e-06
cycle=2853 time=1.5140583912271210e-01 dt=1.1507766127603575e-06
cycle=2854 time=1.5140698989932486e-01 dt=1.1306660308946379e-06
cycle=2855 time=1.5140812056535574e-01 dt=1.1143070781658255e-06
cycle=2856 time=1.5140923487243391e-01 dt=1.1030819899695663e-06
cycle=2857 time=1.5141033795442388e-01 dt=1.0959261631649202e-06
cycle=2858 time=1.5141143388058703e-01 dt=1.0919904002669471e-06
cycle=2859 time=1.5141252587098730e-01 dt=1.0905958948643229e-06
cycle=2860 time=1.5141361646688217e-01 dt=1.0911987012725636e-06
cycle=2861 time=1.5141470766558346e-01 dt=1.0933617770600139e-06
cycle=2862 time=1.5141580102736052e-01 dt=1.0967330114276098e-06
cycle=2863 time=1.5141689776037195e-01 dt=1.1022968971265402e-06
cycle=2864 time=1.5141800005726908e-01 dt=1.1104524421175274e-06
cycle=2865 time=1.5141911050971119e-01 dt=1.1211279479155960e-06
cycle=2866 time=1.5142023163765911e-01 dt=1.1341235401254732e-06
cycle=2867 time=1.5142136576119924e-01 dt=1.1492033578596012e-06
cycle=2868 time=1.5142251496455711e-01 dt=1.1660974166765973e-06
cycle=2869 time=1.5142368106197379e-01 dt=1.1845074868254083e-06
cycle=2870 time=1.5142486556946061e-01 dt=1.2041096026751589e-06
cycle=2871 time=1.5142606967906327e-01 dt=1.2245542856338966e-06
cycle=2872 time=1.5142729423334891e-01 dt=1.2454691806881257e-06
cycle=2873 time=1.5142853970252959e-01 dt=1.2664604416343356e-06
cycle=2874 time=1.5142980616297122e-01 dt=1.2871154242076397e-06
cycle=2875 time=1.5143109327839543e-01 dt=1.3070063310856710e-06
cycle=2876 time=1.5143240028472651e-01 dt=1.3256955701557498e-06
cycle=2877 time=1.5143372598029667e-01 dt=1.3427436424312486e-06
cycle=2878 time=1.5143506872393911e-01 dt=1.3577187587914297e-06
cycle=2879 time=1.5143642644269789e-01 dt=1.3702083873091025e-06
cycle=2880 time=1.5143779665108520e-01 dt=1.3798324979665507e-06
cycle=2881 time=1.5143917648358315e-01 dt=1.3862581236926974e-06
cycle=2882 time=1.5144056274170684e-01 dt=1.3892146929629222e-06
cycle=2883 time=1.5144195195639981e-01 dt=1.3885094254914505e-06
cycle=2884 time=1.5144334046582530e-01 dt=1.3840418915240894e-06
cycle=2885 time=1.5144472450771682e-01 dt=1.3758166232645695e-06
cycle=2886 time=1.5144610032434008e-01 dt=1.3639531146248875e-06
cycle=2887 time=1.5144746427745470e-01 dt=1.3486916734498032e-06
cycle=2888 time=1.5144881296912815e-01 dt=1.3303940739240685e-06
cycle=2889 time=1.5145014336320209e-01 dt=1.3095380522977940e-06
cycle=2890 time=1.5145145290125439e-01 dt=1.2867050060743463e-06
cycle=2891 time=1.5145273960626046e-01 dt=1.2625606876494227e-06
cycle=2892 time=1.5145400216694810e-01 dt=1.2378265568988665e-06
cycle=2893 time=1.5145523999350499e-01 dt=1.2132339210005199e-06
cycle=2894 time=1.5145645322742599e-01 dt=1.1895030308562512e-06
cycle=2895 time=1.5145764273045684e-01 dt=1.1673565593616897e-06
cycle=2896 time=1.5145881008701620e-01 dt=1.1474874075626259e-06
cycle=2897 time=1.5145995757442376e-01 dt=1.1311422852642330e-06
cycle=2898 time=1.5146108871670902e-01 dt=1.1200064014450693e-06
cycle=2899 time=1.5146220872311048e-01 dt=1.1129973552723344e-06
cycle=2900 time=1.5146332172046575e-01 dt=1.1092518922617047e-06
cycle=2901 time=1.5146443097235801e-01 dt=1.1080798923877354e-06
cycle=2902 time=1.5146553905225041e-01 dt=1.1089281759983422e-06
cycle=2903 time=1.5146664798042642e-01 dt=1.1113520780256917e-06
cycle=2904 time=1.5146775933250445e-01 dt=1.1155866094146633e-06
cycle=2905 time=1.5146887491911387e-01 dt=1.1225099316529965e-06
cycle=2906 time=1.5146999742904552e-01 dt=1.1321331817004993e-06
cycle=2907 time=1.5147112956222722e-01 dt=1.1442996829480551e-06
cycle=2908 time=1.5147227386191017e-01 dt=1.1587824739051768e-06
cycle=2909 time=1.5147343264438407e-01 dt=1.1753109593340497e-06
cycle=2910 time=1.5147460795534340e-01 dt=1.1935830264638229e-06
cycle=2911 time=1.5147580153836987e-01 dt=1.2132395753133494e-06
cycle=2912 time=1.5147701477794517e-01 dt=1.2339116840154492e-06
cycle=2913 time=1.5147824868962920e-01 dt=1.2552160844677693e-06
cycle=2914 time=1.5147950390571366e-01 dt=1.2767470223178240e-06
cycle=2915 time=1.5148078065273599e-01 dt=1.2980782974049904e-06
cycle=2916 time=1.5148207873103339e-01 dt=1.3187657065342665e-06
cycle=2917 time=1.5148339749673992e-01 dt=1.3383533116409402e-06
cycle=2918 time=1.5148473585005157e-01 dt=1.3563820905283034e-06
cycle=2919 time=1.5148609223214210e-01 dt=1.3723996414063404e-06
cycle=2920 time=1.5148746463178350e-01 dt=1.3859719075301041e-06
cycle=2921 time=1.5148885060369102e-01 dt=1.3966967281922075e-06
cycle=2922 time=1.5149024730041921e-01 dt=1.4042187989346109e-06
cycle=2923 time=1.5149165151921815e-01 dt=1.4082454638901247e-06
cycle=2924 time=1.5149305976468203e-01 dt=1.4085626117852609e-06
cycle=2925 time=1.5149446832729382e-01 dt=1.4050497920306449e-06
cycle=2926 time=1.5149587337708587e-01 dt=1.3976935350123539e-06
cycle=2927 time=1.5149727107062089e-01 dt=1.3865977078917335e-06
cycle=2928 time=1.5149865766832879e-01 dt=1.3719897832521279e-06
cycle=2929 time=1.5150002965811205e-01 dt=1.3542218374491691e-06
cycle=2930 time=1.5150138387994949e-01 dt=1.3337628093556650e-06
cycle=2931 time=1.5150271764275886e-01 dt=1.3111897223693697e-06
cycle=2932 time=1.5150402883248124e-01 dt=1.2871378905082229e-06
cycle=2933 time=1.5150531597037176e-01 dt=1.2623180303049318e-06
cycle=2934 time=1.5150657828840206e-01 dt=1.2374984703684839e-06
cycle=2935 time=1.5150781578687242e-01 dt=1.2134486264696265e-06
cycle=2936 time=1.5150902923549889e-01 dt=1.1909061872080798e-06
cycle=2937 time=1.5151022014168611e-01 dt=1.1705578148131291e-06
cycle=2938 time=1.5151139069950093e-01 dt=1.1531023280371521e-06
cycle=2939 time=1.5151254380182896e-01 dt=1.1404148892502460e-06
cycle=2940 time=1.5151368421671821e-01 dt=1.1322629047191918e-06
cycle=2941 time=1.5151481647962292e-01 dt=1.1276986182938864e-06
cycle=2942 time=1.5151594417824121e-01 dt=1.1259649047087581e-06
cycle=2943 time=1.5151707014314592e-01 dt=1.1264552394279283e-06
cycle=2944 time=1.5151819659838534e-01 dt=1.1286823010495548e-06
cycle=2945 time=1.5151932528068637e-01 dt=1.1332877001279165e-06
cycle=2946 time=1.5152045856838650e-01 dt=1.1407675621055450e-06
cycle=2947 time=1.5152159933594861e-01 dt=1.1510526610015454e-06
cycle=2948 time=1.5152275038860960e-01 dt=1.1639496957981360e-06
cycle=2949 time=1.5152391433830539e-01 dt=1.1792033235559259e-06
cycle=2950 time=1.5152509354162894e-01 dt=1.1965162001435806e-06
cycle=2951 time=1.5152629005782908e-01 dt=1.2155598365390764e-06
cycle=2952 time=1.5152750561766562e-01 dt=1.2359769750760768e-06
cycle=2953 time=1.5152874159464069e-01 dt=1.2573834594441248e-06
cycle=2954 time=1.5152999897810013e-01 dt=1.2793592545421881e-06
cycle=2955 time=1.5153127833735466e-01 dt=1.3014415849141764e-06
cycle=2956 time=1.5153257977893958e-01 dt=1.3231770288350154e-06
cycle=2957 time=1.5153390295596841e-01 dt=1.3440975117692153e-06
cycle=2958 time=1.5153524705348018e-01 dt=1.3637271148384094e-06
cycle=2959 time=1.5153661078059502e-01 dt=1.3815910629753801e-06
cycle=2960 time=1.5153799237165799e-01 dt=1.3972268622254778e-06
cycle=2961 time=1.5153938959852023e-01 dt=1.4101974605977153e-06
cycle=2962 time=1.5154079979598084e-01 dt=1.4201055711479700e-06
cycle=2963 time=1.5154221990155198e-01 dt=1.4266105291332432e-06
cycle=2964 time=1.5154364651208110e-01 dt=1.4294449480082177e-06
cycle=2965 time=1.5154507595702912e-01 dt=1.4284307417069858e-06
cycle=2966 time=1.5154650438777084e-01 dt=1.4234926993576934e-06
cycle=2967 time=1.5154792788047020e-01 dt=1.4146714057700655e-06
cycle=2968 time=1.5154934255187597e-01 dt=1.4021317922425650e-06
cycle=2969 time=1.5155074468366822e-01 dt=1.3861668028355809e-06
cycle=2970 time=1.5155213085047106e-01 dt=1.3671889927041860e-06
cycle=2971 time=1.5155349803946377e-01 dt=1.3456918479947649e-06
cycle=2972 time=1.5155484373131176e-01 dt=1.3223128065878583e-06
cycle=2973 time=1.5155616604411834e-01 dt=1.2977695482676666e-06
cycle=2974 time=1.5155746381366661e-01 dt=1.2728305503282972e-06
cycle=2975 time=1.5155873664421693e-01 dt=1.2482812390660762e-06
cycle=2976 time=1.5155998492545600e-01 dt=1.2248885936456650e-06
cycle=2977 time=1.5156120981404964e-01 dt=1.2033690127941775e-06
cycle=2978 time=1.5156241318306243e-01 dt=1.1843714698769285e-06
cycle=2979 time=1.5156359755453230e-01 dt=1.1685312391147641e-06
cycle=2980 time=1.5156476608577141e-01 dt=1.1572789497681787e-06
cycle=2981 time=1.5156592336472119e-01 dt=1.1503643875996455e-06
cycle=2982 time=1.5156707372910880e-01 dt=1.1468785520328995e-06
cycle=2983 time=1.5156822060766084e-01 dt=1.1460943732505728e-06
cycle=2984 time=1.5156936670203408e-01 dt=1.1474285231785641e-06
cycle=2985 time=1.5157051413055725e-01 dt=1.1514799519888186e-06
cycle=2986 time=1.5157166561050925e-01 dt=1.1585970692040675e-06
cycle=2987 time=1.5157282420757845e-01 dt=1.1686870715432113e-06
cycle=2988 time=1.5157399289464998e-01 dt=1.1815482691410271e-06
cycle=2989 time=1.5157517444291913e-01 dt=1.1969116970021672e-06
cycle=2990 time=1.5157637135461613e-01 dt=1.2144630873393657e-06
cycle=2991 time=1.5157758581770348e-01 dt=1.2338554975331572e-06
cycle=2992 time=1.5157881967320100e-01 dt=1.2547118999212600e-06
cycle=2993 time=1.5158007438510093e-01 dt=1.2766268418984426e-06
cycle=2994 time=1.5158135101194284e-01 dt=1.2991681148819643e-06
cycle=2995 time=1.5158265018005773e-01 dt=1.3218789429525117e-06
cycle=2996 time=1.5158397205900068e-01 dt=1.3442814180592399e-06
cycle=2997 time=1.5158531634041875e-01 dt=1.3658669406696956e-06
cycle=2998 time=1.5158668220735941e-01 dt=1.3861201079433454e-06
cycle=2999 time=1.5158806832746735e-01 dt=1.4045451155709391e-06
cycle=3000 time=1.5158947287258293e-01 dt=1.4206609581552470e-06
cycle=3001 time=1.5159089353354108e-01 dt=1.4340155438909098e-06
cycle=3002 time=1.5159232754908497e-01 dt=1.4442014657526599e-06
cycle=3003 time=1.5159377175055072e-01 dt=1.4508725928560653e-06
cycle=3004 time=1.5159522262314357e-01 dt=1.4537615611257666e-06
cycle=3005 time=1.5159667638470470e-01 dt=1.4526961427796734e-06
cycle=3006 time=1.5159812908084747e-01 dt=1.4476139809560281e-06
cycle=3007 time=1.5159957669482843e-01 dt=1.4385744092729592e-06
cycle=3008 time=1.5160101526923769e-01 dt=1.4257405144295871e-06
cycle=3009 time=1.5160244100975212e-01 dt=1.4094186025301526e-06
cycle=3010 time=1.5160385042835464e-01 dt=1.3900560528920882e-06
cycle=3011 time=1.5160524048440754e-01 dt=1.3682197333199938e-06
cycle=3012 time=1.5160660870414086e-01 dt=1.3445780786960556e-06
cycle=3013 time=1.5160795328221954e-01 dt=1.3198755015247103e-06
cycle=3014 time=1.5160927315772108e-01 dt=1.2949013005510055e-06
cycle=3015 time=1.5161056805902162e-01 dt=1.2704542100868868e-06
cycle=3016 time=1.5161183851323171e-01 dt=1.2473059177915477e-06
cycle=3017 time=1.5161308581914951e-01 dt=1.2261678040211842e-06
cycle=3018 time=1.5161431198695352e-01 dt=1.2076680703780741e-06
cycle=3019 time=1.5161551965502390e-01 dt=1.1923500020155754e-06
cycle=3020 time=1.5161671200502591e-01 dt=1.1807719431901144e-06
cycle=3021 time=1.5161789277696910e-01 dt=1.1736080487216113e-06
cycle=3022 time=1.5161906638501782e-01 dt=1.1700413879598884e-06
cycle=3023 time=1.5162023642640579e-01 dt=1.1693092059416868e-06
cycle=3024 time=1.5162140573561173e-01 dt=1.1716231814589026e-06
cycle=3025 time=1.5162257735879317e-01 dt=1.1772297190906095e-06
cycle=3026 time=1.5162375458851227e-01 dt=1.1860595078701840e-06
cycle=3027 time=1.5162494064802012e-01 dt=1.1979063861546300e-06
cycle=3028 time=1.5162613855440626e-01 dt=1.2125079104771844e-06
cycle=3029 time=1.5162735106231673e-01 dt=1.2295459334911522e-06
cycle=3030 time=1.5162858060825021e-01 dt=1.2486625350083347e-06
cycle=3031 time=1.5162982927078522e-01 dt=1.2694680905915303e-06
cycle=3032 time=1.5163109873887581e-01 dt=1.2915427507859525e-06
cycle=3033 time=1.5163239028162659e-01 dt=1.3144383875812307e-06
cycle=3034 time=1.5163370472001417e-01 dt=1.3376808907072662e-06
cycle=3035 time=1.5163504240090486e-01 dt=1.3607736512471769e-06
cycle=3036 time=1.5163640317455612e-01 dt=1.3832027687114374e-06
cycle=3037 time=1.5163778637732483e-01 dt=1.4044444529945985e-06
cycle=3038 time=1.5163919082177782e-01 dt=1.4239752105777206e-06
cycle=3039 time=1.5164061479698840e-01 dt=1.4412841461058727e-06
cycle=3040 time=1.5164205608113451e-01 dt=1.4558875865342012e-06
cycle=3041 time=1.5164351196872106e-01 dt=1.4673455520343266e-06
cycle=3042 time=1.5164497931427309e-01 dt=1.4752793734843378e-06
cycle=3043 time=1.5164645459364659e-01 dt=1.4793897614244518e-06
cycle=3044 time=1.5164793398340801e-01 dt=1.4794743212698148e-06
cycle=3045 time=1.5164941345772928e-01 dt=1.4754433710072637e-06
cycle=3046 time=1.5165088890110029e-01 dt=1.4673326622901224e-06
cycle=3047 time=1.5165235623376258e-01 dt=1.4553119595962103e-06
cycle=3048 time=1.5165381154572219e-01 dt=1.4396881973432885e-06
cycle=3049 time=1.5165525123391954e-01 dt=1.4209021275668855e-06
cycle=3050 time=1.5165667213604711e-01 dt=1.3995177303756884e-06
cycle=3051 time=1.5165807165377748e-01 dt=1.3762041002782534e-06
cycle=3052 time=1.5165944785787777e-01 dt=1.3517101152692500e-06
cycle=3053 time=1.5166079956799305e-01 dt=1.3268327889004452e-06
cycle=3054 time=1.5166212640078194e-01 dt=1.3023814062369527e-06
cycle=3055 time=1.5166342878218819e-01 dt=1.2791402719428138e-06
cycle=3056 time=1.5166470792246015e-01 dt=1.2578335647569375e-06
cycle=3057 time=1.5166596575602490e-01 dt=1.2390979848919611e-06
cycle=3058 time=1.5166720485400978e-01 dt=1.2234586745821931e-06
cycle=3059 time=1.5166842831268437e-01 dt=1.2113210708478100e-06
cycle=3060 time=1.5166963963375521e-01 dt=1.2029416560340533e-06
cycle=3061 time=1.5167084257541125e-01 dt=1.1983390586677295e-06
cycle=3062 time=1.5167204091446992e-01 dt=1.1973763525405651e-06
cycle=3063 time=1.5167323829082247e-01 dt=1.1999737292995869e-06
cycle=3064 time=1.5167443826455176e-01 dt=1.2060402457713518e-06
cycle=3065 time=1.5167564430479755e-01 dt=1.2154042492276576e-06
cycle=3066 time=1.5167685970904676e-01 dt=1.2278197890886175e-06
cycle=3067 time=1.5167808752883585e-01 dt=1.2429836827881859e-06
cycle=3068 time=1.5167933051251864e-01 dt=1.2605461505654362e-06
cycle=3069 time=1.5168059105866921e-01 dt=1.2801205366820872e-06
cycle=3070 time=1.5168187117920590e-01 dt=1.3012880011094319e-06
cycle=3071 time=1.5168317246720700e-01 dt=1.3235997372934752e-06
cycle=3072 time=1.5168449606694429e-01 dt=1.3465796012651346e-06
cycle=3073 time=1.5168584264654555e-01 dt=1.3697274687624128e-06
cycle=3074 time=1.5168721237401431e-01 dt=1.3925240713797392e-06
cycle=3075 time=1.5168860489808569e-01 dt=1.4144379252914213e-06
cycle=3076 time=1.5169001933601098e-01 dt=1.4349345839675719e-06
cycle=3077 time=1.5169145427059494e-01 dt=1.4534882998206396e-06
cycle=3078 time=1.5169290775889477e-01 dt=1.4695959774968729e-06
cycle=3079 time=1.5169437735487226e-01 dt=1.4827930735885540e-06
cycle=3080 time=1.5169586014794584e-01 dt=1.4926708598739165e-06
cycle=3081 time=1.5169735281880573e-01 dt=1.4988942937974306e-06
cycle=3082 time=1.5169885171309952e-01 dt=1.5012195442777867e-06
cycle=3083 time=1.5170035293264381e-01 dt=1.4995100768747192e-06
cycle=3084 time=1.5170185244272069e-01 dt=1.4937501110224322e-06
cycle=3085 time=1.5170334619283171e-01 dt=1.4840542307340723e-06
cycle=3086 time=1.5170483024706244e-01 dt=1.4706719653763478e-06
cycle=3087 time=1.5170630091902781e-01 dt=1.4539863010379576e-06
cycle=3088 time=1.5170775490532884e-01 dt=1.4345053474464232e-06
cycle=3089 time=1.5170918941067629e-01 dt=1.4128467788608406e-06
cycle=3090 time=1.5171060225745514e-01 dt=1.3897152100494258e-06
cycle=3091 time=1.5171199197266519e-01 dt=1.3658733467118425e-06
cycle=3092 time=1.5171335784601189e-01 dt=1.3421085079626039e-06
cycle=3093 time=1.5171469995451986e-01 dt=1.3191968594233188e-06
cycle=3094 time=1.5171601915137928e-01 dt=1.2978682648158721e-06
cycle=3095 time=1.5171731701964408e-01 dt=1.2787756492433591e-06
cycle=3096 time=1.5171859579529332e-01 dt=1.2624686808934244e-06
cycle=3097 time=1.5171985826397422e-01 dt=1.2493745583377117e-06
cycle=3098 time=1.5172110763853255e-01 dt=1.2397860560056008e-06
cycle=3099 time=1.5172234742458857e-01 dt=1.2338551882336791e-06
cycle=3100 time=1.5172358127977681e-01 dt=1.2316088464916009e-06
cycle=3101 time=1.5172481288862330e-01 dt=1.2329867411213237e-06
cycle=3102 time=1.5172604587536442e-01 dt=1.2378635869963988e-06
cycle=3103 time=1.5172728373895142e-01 dt=1.2460507055235727e-06
cycle=3104 time=1.5172852978965695e-01 dt=1.2572986985660204e-06
cycle=3105 time=1.5172978708835552e-01 dt=1.2713049099748853e-06
cycle=3106 time=1.5173105839326551e-01 dt=1.2877196555950934e-06
cycle=3107 time=1.5173234611292111e-01 dt=1.3061552151356599e-06
cycle=3108 time=1.5173365226813623e-01 dt=1.3261908668924030e-06
cycle=3109 time=1.5173497845900313e-01 dt=1.3473759094615165e-06
cycle=3110 time=1.5173632583491259e-01 dt=1.3692333716843766e-06
cycle=3111 time=1.5173769506828427e-01 dt=1.3912644762843657e-06
cycle=3112 time=1.5173908633276056e-01 dt=1.4129544907761525e-06
cycle=3113 time=1.5174049928725133e-01 dt=1.4337804180021655e-06
cycle=3114 time=1.5174193306766934e-01 dt=1.4532208047668450e-06
cycle=3115 time=1.5174338628847411e-01 dt=1.4707677061356893e-06
cycle=3116 time=1.5174485705618024e-01 dt=1.4859406218946869e-06
cycle=3117 time=1.5174634299680212e-01 dt=1.4983020021071549e-06
cycle=3118 time=1.5174784129880423e-01 dt=1.5074689284726180e-06
cycle=3119 time=1.5174934876773269e-01 dt=1.5131490205193944e-06
cycle=3120 time=1.5175086191675322e-01 dt=1.5152685983551608e-06
cycle=3121 time=1.5175237718535156e-01 dt=1.5138733500164370e-06
cycle=3122 time=1.5175389105870157e-01 dt=1.5090274973515464e-06
cycle=3123 time=1.5175540008619892e-01 dt=1.5020333796738844e-06
cycle=3124 time=1.5175690211957860e-01 dt=1.4931735668976205e-06
cycle=3125 time=1.5175839529314550e-01 dt=1.4827938142418900e-06
cycle=3126 time=1.5175987808695973e-01 dt=1.4712945455021715e-06
cycle=3127 time=1.5176134938150523e-01 dt=1.4591183580132576e-06
cycle=3128 time=1.5176280849986326e-01 dt=1.4467351855126302e-06
cycle=3129 time=1.5176425523504877e-01 dt=1.4346257860266647e-06
cycle=3130 time=1.5176568986083480e-01 dt=1.4232646388811900e-06
cycle=3131 time=1.5176711312547370e-01 dt=1.4131033375550052e-06
cycle=3132 time=1.5176852622881126e-01 dt=1.4045557158911634e-06
cycle=3133 time=1.5176993078452716e-01 dt=1.3979856257667303e-06
cycle=3134 time=1.5177132877015292e-01 dt=1.3936978337492413e-06
cycle=3135 time=1.5177272246798668e-01 dt=1.3919323168597601e-06
cycle=3136 time=1.5177411440030353e-01 dt=1.3928618580887258e-06
cycle=3137 time=1.5177550726216163e-01 dt=1.3965924305514385e-06
cycle=3138 time=1.5177690385459219e-01 dt=1.4031652588305469e-06
cycle=3139 time=1.5177830701985101e-01 dt=1.4125597750409836e-06
cycle=3140 time=1.5177971957962605e-01 dt=1.4246995344290663e-06
cycle=3141 time=1.5178114427916048e-01 dt=1.4394542457927029e-06
cycle=3142 time=1.5178258373340628e-01 dt=1.4566474341760171e-06
cycle=3143 time=1.5178404038084045e-01 dt=1.4760544703217134e-06
cycle=3144 time=1.5178551643531077e-01 dt=1.4974117837514765e-06
cycle=3145 time=1.5178701384709453e-01 dt=1.5204266794456530e-06
cycle=3146 time=1.5178853427377398e-01 dt=1.5447724665068875e-06
cycle=3147 time=1.5179007904624048e-01 dt=1.5700915646872568e-06
cycle=3148 time=1.5179164913780516e-01 dt=1.5959979225383476e-06
cycle=3149 time=1.5179324513572770e-01 dt=1.6220699824810368e-06
cycle=3150 time=1.5179486720571017e-01 dt=1.6478825231956186e-06
cycle=3151 time=1.5179651508823336e-01 dt=1.6730058609459071e-06
cycle=3152 time=1.5179818809409432e-01 dt=1.6970145617417925e-06
cycle=3153 time=1.5179988510865605e-01 dt=1.7195049505075343e-06
cycle=3154 time=1.5180160461360656e-01 dt=1.7401010150370220e-06
cycle=3155 time=1.5180334471462159e-01 dt=1.7584626673483795e-06
cycle=3156 time=1.5180510317728893e-01 dt=1.7743025933741138e-06
cycle=3157 time=1.5180687747988231e-01 dt=1.7873974523159195e-06
cycle=3158 time=1.5180866487733463e-01 dt=1.7975990822978354e-06
cycle=3159 time=1.5181046247641694e-01 dt=1.8048436714981098e-06
cycle=3160 time=1.5181226732008843e-01 dt=1.8091586614891811e-06
cycle=3161 time=1.5181407647874992e-01 dt=1.8106662420200696e-06
cycle=3162 time=1.5181588714499195e-01 dt=1.8095838724870301e-06
cycle=3163 time=1.5181769672886444e-01 dt=1.8062222091802424e-06
cycle=3164 time=1.5181950295107363e-01 dt=1.8011343686494182e-06
cycle=3165 time=1.5182130408544228e-01 dt=1.7951842279747217e-06
cycle=3166 time=1.5182309926967025e-01 dt=1.7893841380856480e-06
cycle=3167 time=1.5182488865380833e-01 dt=1.7848398374155120e-06
cycle=3168 time=1.5182667349364576e-01 dt=1.7826255093441126e-06
cycle=3169 time=1.5182845611915510e-01 dt=1.7839967965154276e-06
cycle=3170 time=1.5183024011595161e-01 dt=1.7902451693113806e-06
cycle=3171 time=1.5183203036112092e-01 dt=1.8026997205836247e-06
cycle=3172 time=1.5183383306084150e-01 dt=1.8228470755150241e-06
cycle=3173 time=1.5183565590791701e-01 dt=1.8520981196452495e-06
cycle=3174 time=1.5183750800603665e-01 dt=1.8917753651372860e-06
cycle=3175 time=1.5183939978140179e-01 dt=1.9431974248729787e-06
cycle=3176 time=1.5184134297882668e-01 dt=2.0077069416760855e-06
cycle=3177 time=1.5184335068576835e-01 dt=2.0866947572276585e-06
cycle=3178 time=1.5184543738052558e-01 dt=2.1816174045498290e-06
cycle=3179 time=1.5184761899793014e-01 dt=2.2940083089815516e-06
cycle=3180 time=1.5184991300623912e-01 dt=2.4254635146964952e-06
cycle=3181 time=1.5185233846975382e-01 dt=2.5776183611620892e-06
cycle=3182 time=1.5185491608811499e-01 dt=2.7395924580708636e-06
cycle=3183 time=1.5185765568057308e-01 dt=2.8710147700386100e-06
cycle=3184 time=1.5186052669534311e-01 dt=3.0075157148996795e-06
cycle=3185 time=1.5186353421105800e-01 dt=3.1495292331890215e-06
cycle=3186 time=1.5186668374029119e-01 dt=3.2959158416081034e-06
cycle=3187 time=1.5186997965613280e-01 dt=3.4419604311987330e-06
cycle=3188 time=1.5187342161656400e-01 dt=3.5896897940137649e-06
cycle=3189 time=1.5187701130635803e-01 dt=3.7411002638072354e-06
cycle=3190 time=1.5188075240662183e-01 dt=3.7862813539808295e-06
cycle=3191 time=1.5188453868797580e-01 dt=3.5400358431434227e-06
cycle=3192 time=1.5188807872381893e-01 dt=3.4654098722501184e-06
cycle=3193 time=1.5189154413369119e-01 dt=3.3433036641068794e-06
cycle=3194 time=1.5189488743735530e-01 dt=3.1343078022138482e-06
cycle=3195 time=1.5189802174515751e-01 dt=2.9750186813754683e-06
cycle=3196 time=1.5190099676383889e-01 dt=2.8664904395283289e-06
cycle=3197 time=1.5190386325427843e-01 dt=2.8005095567440986e-06
cycle=3198 time=1.5190666376383519e-01 dt=2.9205497757542638e-06
cycle=3199 time=1.5190958431361093e-01 dt=3.2851619469712992e-06
cycle=3200 time=1.5191286947555790e-01 dt=3.9368718274760104e-06
cycle=3201 time=1.5191680634738539e-01 dt=4.0015441840795846e-06
cycle=3202 time=1.5192080789156948e-01 dt=3.6846418890691777e-06
cycle=3203 time=1.5192449253345855e-01 dt=3.3833991340677937e-06
cycle=3204 time=1.5192787593259260e-01 dt=3.1452143577193439e-06
cycle=3205 time=1.5193102114695031e-01 dt=2.9871905236397483e-06
cycle=3206 time=1.5193400833747395e-01 dt=2.8936569777490402e-06
cycle=3207 time=1.5193690199445170e-01 dt=2.8380034103940076e-06
cycle=3208 time=1.5193973999786209e-01 dt=2.8142812493053320e-06
cycle=3209 time=1.5194255427911138e-01 dt=2.9286204111860938e-06
cycle=3210 time=1.5194548289952256e-01 dt=2.9616235818847420e-06
cycle=3211 time=1.5194844452310444e-01 dt=2.4188694514820122e-06
cycle=3212 time=1.5195086339255592e-01 dt=2.0209666641944847e-06
cycle=3213 time=1.5195288435922011e-01 dt=1.7588220175975704e-06
cycle=3214 time=1.5195464318123772e-01 dt=1.5920279860458404e-06
cycle=3215 time=1.5195623520922377e-01 dt=1.4823827222416475e-06
cycle=3216 time=1.5195771759194601e-01 dt=1.4073838295996112e-06
cycle=3217 time=1.5195912497577560e-01 dt=1.3535558833028568e-06
cycle=3218 time=1.5196047853165889e-01 dt=1.3127690354059049e-06
cycle=3219 time=1.5196179130069429e-01 dt=2.6255380708118099e-06
cycle=3220 time=1.5196441683876510e-01 dt=3.9017612934760627e-06
cycle=3221 time=1.5196831860005858e-01 dt=5.1393600419584971e-06
cycle=3222 time=1.5197345796010053e-01 dt=4.4055904447757461e-06
cycle=3223 time=1.5197786355054532e-01 dt=2.1488024570748205e-06
cycle=3224 time=1.5198001235300240e-01 dt=9.3851070983695410e-26
cycle=3225 time=1.5198001235300240e-01 dt=1.8770214196739082e-25
cycle=3226 time=1.5198001235300240e-01 dt=3.7540428393478164e-25
cycle=3227 time=1.5198001235300240e-01 dt=7.5080856786956328e-25
cycle=3228 time=1.5198001235300240e-01 dt=1.5016171357391266e-24
cycle=3229 time=1.5198001235300240e-01 dt=3.0032342714782531e-24
cycle=3230 time=1.5198001235300240e-01 dt=6.0064685429565063e-24
cycle=3231 time=1.5198001235300240e-01 dt=1.2012937085913013e-23
cycle=3232 time=1.5198001235300240e-01 dt=2.4025874171826025e-23
cycle=3233 time=1.5198001235300240e-01 dt=4.8051748343652050e-23
cycle=3234 time=1.5198001235300240e-01 dt=9.6103496687304100e-23
cycle=3235 time=1.5198001235300240e-01 dt=1.9220699337460820e-22
cycle=3236 time=1.5198001235300240e-01 dt=3.8441398674921640e-22
cycle=3237 time=1.5198001235300240e-01 dt=7.6882797349843280e-22
cycle=3238 time=1.5198001235300240e-01 dt=1.5376559469968656e-21
cycle=3239 time=1.5198001235300240e-01 dt=3.0753118939937312e-21
cycle=3240 time=1.5198001235300240e-01 dt=6.1506237879874624e-21
cycle=3241 time=1.5198001235300240e-01 dt=1.2301247575974925e-20
cycle=3242 time=1.5198001235300240e-01 dt=2.4602495151949850e-20
cycle=3243 time=1.5198001235300240e-01 dt=4.9204990303899699e-20
cycle=3244 time=1.5198001235300240e-01 dt=9.8409980607799399e-20
cycle=3245 time=1.5198001235300240e-01 dt=1.9681996121559880e-19
cycle=3246 time=1.5198001235300240e-01 dt=3.9363992243119760e-19
cycle=3247 time=1.5198001235300240e-01 dt=7.8727984486239519e-19
cycle=3248 time=1.5198001235300240e-01 dt=1.5745596897247904e-18
cycle=3249 time=1.5198001235300240e-01 dt=3.1491193794495808e-18
cycle=3250 time=1.5198001235300240e-01 dt=6.2982387588991615e-18
cycle=3251 time=1.5198001235300240e-01 dt=1.2596477517798323e-17
cycle=3252 time=1.5198001235300240e-01 dt=2.5192955035596646e-17
cycle=3253 time=1.5198001235300243e-01 dt=5.0385910071193292e-17
cycle=3254 time=1.5198001235300249e-01 dt=1.0077182014238658e-16
cycle=3255 time=1.5198001235300260e-01 dt=2.0154364028477317e-16
cycle=3256 time=1.5198001235300279e-01 dt=4.0308728056954634e-16
cycle=3257 time=1.5198001235300321e-01 dt=8.0617456113909267e-16
cycle=3258 time=1.5198001235300401e-01 dt=1.6123491222781853e-15
cycle=3259 time=1.5198001235300562e-01 dt=3.2246982445563707e-15
cycle=3260 time=1.5198001235300884e-01 dt=6.4493964891127414e-15
cycle=3261 time=1.5198001235301528e-01 dt=1.2898792978225483e-14
cycle=3262 time=1.5198001235302819e-01 dt=2.5797585956450966e-14
cycle=3263 time=1.5198001235305397e-01 dt=5.1595171912901931e-14
cycle=3264 time=1.5198001235310557e-01 dt=1.0319034382580386e-13
cycle=3265 time=1.5198001235320877e-01 dt=2.0638068765160772e-13
cycle=3266 time=1.5198001235341516e-01 dt=4.1276137530321545e-13
cycle=3267 time=1.5198001235382791e-01 dt=8.2552275060643090e-13
cycle=3268 time=1.5198001235465344e-01 dt=1.6510455012128618e-12
cycle=3269 time=1.5198001235630448e-01 dt=3.3020910024257236e-12
cycle=3270 time=1.5198001235960656e-01 dt=6.6041820048514472e-12
cycle=3271 time=1.5198001236621075e-01 dt=1.3208364009702894e-11
cycle=3272 time=1.5198001237941910e-01 dt=2.6416728019405789e-11
cycle=3273 time=1.5198001240583583e-01 dt=5.2833456038811578e-11
cycle=3274 time=1.5198001245866929e-01 dt=1.0566691207762316e-10
cycle=3275 time=1.5198001256433621e-01 dt=2.1133382415524631e-10
cycle=3276 time=1.5198001277567003e-01 dt=4.2266764831049262e-10
cycle=3277 time=1.5198001319833768e-01 dt=8.4533529662098524e-10
cycle=3278 time=1.5198001404367298e-01 dt=1.6906705932419705e-09
cycle=3279 time=1.5198001573434358e-01 dt=3.3813411864839410e-09
cycle=3280 time=1.5198001911568476e-01 dt=6.7626823729678819e-09
cycle=3281 time=1.5198002587836715e-01 dt=1.3525364745935764e-08
cycle=3282 time=1.5198003940373189e-01 dt=2.7050729491871528e-08
cycle=3283 time=1.5198006645446138e-01 dt=5.4101458983743055e-08
cycle=3284 time=1.5198012055592036e-01 dt=1.0820291796748611e-07
cycle=3285 time=1.5198022875883832e-01 dt=2.1640583593497222e-07
cycle=3286 time=1.5198044516467427e-01 dt=4.3281167186994444e-07
cycle=3287 time=1.5198087797634613e-01 dt=8.6562334373988889e-07
cycle=3288 time=1.5198174359968986e-01 dt=1.7312466874797778e-06
cycle=3289 time=1.5198347484637734e-01 dt=2.7067079294441159e-25
cycle=3290 time=1.5198347484637734e-01 dt=5.4134158588882317e-25
cycle=3291 time=1.5198347484637734e-01 dt=1.0826831717776463e-24
cycle=3292 time=1.5198347484637734e-01 dt=2.1653663435552927e-24
cycle=3293 time=1.5198347484637734e-01 dt=4.3307326871105854e-24
cycle=3294 time=1.5198347484637734e-01 dt=8.6614653742211707e-24
cycle=3295 time=1.5198347484637734e-01 dt=1.7874904912104135e-28
cycle=3296 time=1.5198347484637734e-01 dt=2.1716360256324798e-28
cycle=3297 time=1.5198347484637734e-01 dt=3.1420019638501477e-28
cycle=3298 time=1.5198347484637734e-01 dt=4.1682806824454528e-28
cycle=3299 time=1.5198347484637734e-01 dt=5.5300257190618487e-28
cycle=3300 time=1.5198347484637734e-01 dt=8.5317509265735137e-28
cycle=3301 time=1.5198347484637734e-01 dt=1.3179082509186489e-27
cycle=3302 time=1.5198347484637734e-01 dt=2.2900462606949585e-27
cycle=3303 time=1.5198347484637734e-01 dt=4.5761747885295154e-27
cycle=3304 time=1.5198347484637734e-01 dt=9.1523495770590308e-27
cycle=3305 time=1.5198347484637734e-01 dt=1.8304699154118062e-26
cycle=3306 time=1.5198347484637734e-01 dt=1.9834863864274879e-26
cycle=3307 time=1.5198347484637734e-01 dt=3.9669727728549759e-26
cycle=3308 time=1.5198347484637734e-01 dt=7.9339455457099517e-26
cycle=3309 time=1.5198347484637734e-01 dt=1.5867891091419903e-25
cycle=3310 time=1.5198347484637734e-01 dt=3.1735782182839807e-25
cycle=3311 time=1.5198347484637734e-01 dt=6.3471564365679614e-25
cycle=3312 time=1.5198347484637734e-01 dt=1.2694312873135923e-24
cycle=3313 time=1.5198347484637734e-01 dt=2.5388625746271845e-24
cycle=3314 time=1.5198347484637734e-01 dt=5.0777251492543691e-24
cycle=3315 time=1.5198347484637734e-01 dt=1.0155450298508738e-23
cycle=3316 time=1.5198347484637734e-01 dt=2.0310900597017476e-23
cycle=3317 time=1.5198347484637734e-01 dt=4.0621801194034953e-23
cycle=3318 time=1.5198347484637734e-01 dt=8.1243602388069906e-23
cycle=3319 time=1.5198347484637734e-01 dt=1.6248720477613981e-22
cycle=3320 time=1.5198347484637734e-01 dt=3.2497440955227962e-22
cycle=3321 time=1.5198347484637734e-01 dt=6.4994881910455924e-22
cycle=3322 time=1.5198347484637734e-01 dt=1.2998976382091185e-21
cycle=3323 time=1.5198347484637734e-01 dt=2.5997952764182370e-21
cycle=3324 time=1.5198347484637734e-01 dt=5.1995905528364740e-21
cycle=3325 time=1.5198347484637734e-01 dt=1.0399181105672948e-20
cycle=3326 time=1.5198347484637734e-01 dt=2.0798362211345896e-20
cycle=3327 time=1.5198347484637734e-01 dt=4.1596724422691792e-20
cycle=3328 time=1.5198347484637734e-01 dt=8.3193448845383583e-20
cycle=3329 time=1.5198347484637734e-01 dt=1.6638689769076717e-19
cycle=3330 time=1.5198347484637734e-01 dt=3.3277379538153433e-19
cycle=3331 time=1.5198347484637734e-01 dt=6.6554759076306867e-19
cycle=3332 time=1.5198347484637734e-01 dt=1.3310951815261373e-18
cycle=3333 time=1.5198347484637734e-01 dt=2.6621903630522747e-18
cycle=3334 time=1.5198347484637734e-01 dt=5.3243807261045493e-18
cycle=3335 time=1.5198347484637734e-01 dt=1.0648761452209099e-17
cycle=3336 time=1.5198347484637734e-01 dt=2.1297522904418197e-17
cycle=3337 time=1.5198347484637736e-01 dt=4.2595045808836395e-17
cycle=3338 time=1.5198347484637742e-01 dt=8.5190091617672789e-17
cycle=3339 time=1.5198347484637750e-01 dt=1.7038018323534558e-16
cycle=3340 time=1.5198347484637767e-01 dt=3.4076036647069116e-16
cycle=3341 time=1.5198347484637800e-01 dt=6.8152073294138231e-16
cycle=3342 time=1.5198347484637870e-01 dt=1.3630414658827646e-15
cycle=3343 time=1.5198347484638006e-01 dt=2.7260829317655293e-15
cycle=3344 time=1.5198347484638278e-01 dt=5.4521658635310585e-15
cycle=3345 time=1.5198347484638822e-01 dt=1.0904331727062117e-14
cycle=3346 time=1.5198347484639912e-01 dt=2.1808663454124234e-14
cycle=3347 time=1.5198347484642094e-01 dt=4.3617326908248468e-14
cycle=3348 time=1.5198347484646454e-01 dt=8.7234653816496936e-14
cycle=3349 time=1.5198347484655178e-01 dt=1.7446930763299387e-13
cycle=3350 time=1.5198347484672625e-01 dt=3.4893861526598775e-13
cycle=3351 time=1.5198347484707520e-01 dt=6.9787723053197549e-13
cycle=3352 time=1.5198347484777308e-01 dt=1.3957544610639510e-12
cycle=3353 time=1.5198347484916883e-01 dt=2.7915089221279020e-12
cycle=3354 time=1.5198347485196034e-01 dt=5.5830178442558039e-12
cycle=3355 time=1.5198347485754335e-01 dt=1.1166035688511608e-11
cycle=3356 time=1.5198347486870939e-01 dt=2.2332071377023216e-11
cycle=3357 time=1.5198347489104147e-01 dt=4.4664142754046431e-11
cycle=3358 time=1.5198347493570560e-01 dt=8.9328285508092863e-11
cycle=3359 time=1.5198347502503390e-01 dt=1.7865657101618573e-10
cycle=3360 time=1.5198347520369046e-01 dt=3.5731314203237145e-10
cycle=3361 time=1.5198347556100361e-01 dt=7.1462628406474290e-10
cycle=3362 time=1.5198347627562989e-01 dt=1.4292525681294858e-09
cycle=3363 time=1.5198347770488246e-01 dt=2.8585051362589716e-09
cycle=3364 time=1.5198348056338759e-01 dt=5.7170102725179432e-09
cycle=3365 time=1.5198348628039787e-01 dt=1.1434020545035886e-08
cycle=3366 time=1.5198349771441841e-01 dt=2.2868041090071773e-08
cycle=3367 time=1.5198352058245951e-01 dt=1.6563071298888126e-08
cycle=3368 time=1.5198353714553081e-01 dt=2.5775158435444153e-27
cycle=3369 time=1.5198353714553081e-01 dt=5.1550316870888306e-27
cycle=3370 time=1.5198353714553081e-01 dt=1.0310063374177661e-26
cycle=3371 time=1.5198353714553081e-01 dt=2.0620126748355322e-26
cycle=3372 time=1.5198353714553081e-01 dt=4.1240253496710645e-26
cycle=3373 time=1.5198353714553081e-01 dt=8.2480506993421289e-26
cycle=3374 time=1.5198353714553081e-01 dt=1.6496101398684258e-25
cycle=3375 time=1.5198353714553081e-01 dt=3.2992202797368516e-25
cycle=3376 time=1.5198353714553081e-01 dt=6.5984405594737031e-25
cycle=3377 time=1.5198353714553081e-01 dt=1.3196881118947406e-24
cycle=3378 time=1.5198353714553081e-01 dt=2.6393762237894813e-24
cycle=3379 time=1.5198353714553081e-01 dt=5.2787524475789625e-24
cycle=3380 time=1.5198353714553081e-01 dt=1.0557504895157925e-23
cycle=3381 time=1.5198353714553081e-01 dt=2.1115009790315850e-23
cycle=3382 time=1.5198353714553081e-01 dt=4.2230019580631700e-23
cycle=3383 time=1.5198353714553081e-01 dt=8.4460039161263400e-23
cycle=3384 time=1.5198353714553081e-01 dt=1.6892007832252680e-22
cycle=3385 time=1.5198353714553081e-01 dt=3.3784015664505360e-22
cycle=3386 time=1.5198353714553081e-01 dt=6.7568031329010720e-22
cycle=3387 time=1.5198353714553081e-01 dt=1.3513606265802144e-21
cycle=3388 time=1.5198353714553081e-01 dt=2.7027212531604288e-21
cycle=3389 time=1.5198353714553081e-01 dt=5.4054425063208576e-21
cycle=3390 time=1.5198353714553081e-01 dt=1.0810885012641715e-20
cycle=3391 time=1.5198353714553081e-01 dt=2.1621770025283430e-20
cycle=3392 time=1.5198353714553081e-01 dt=4.3243540050566861e-20
cycle=3393 time=1.5198353714553081e-01 dt=8.6487080101133722e-20
cycle=3394 time=1.5198353714553081e-01 dt=1.7297416020226744e-19
cycle=3395 time=1.5198353714553081e-01 dt=3.4594832040453489e-19
cycle=3396 time=1.5198353714553081e-01 dt=6.9189664080906977e-19
cycle=3397 time=1.5198353714553081e-01 dt=1.3837932816181395e-18
cycle=3398 time=1.5198353714553081e-01 dt=2.7675865632362791e-18
cycle=3399 time=1.5198353714553081e-01 dt=5.5351731264725582e-18
cycle=3400 time=1.5198353714553081e-01 dt=1.1070346252945116e-17
cycle=3401 time=1.5198353714553081e-01 dt=2.2140692505890233e-17
cycle=3402 time=1.5198353714553084e-01 dt=4.4281385011780465e-17
cycle=3403 time=1.5198353714553089e-01 dt=8.8562770023560931e-17
cycle=3404 time=1.5198353714553098e-01 dt=1.7712554004712186e-16
cycle=3405 time=1.5198353714553114e-01 dt=3.5425108009424372e-16
cycle=3406 time=1.5198353714553151e-01 dt=7.0850216018848745e-16
cycle=3407 time=1.5198353714553223e-01 dt=1.4170043203769749e-15
cycle=3408 time=1.5198353714553364e-01 dt=2.8340086407539498e-15
cycle=3409 time=1.5198353714553647e-01 dt=5.6680172815078996e-15
cycle=3410 time=1.5198353714554214e-01 dt=1.1336034563015799e-14
cycle=3411 time=1.5198353714555346e-01 dt=2.2672069126031598e-14
cycle=3412 time=1.5198353714557614e-01 dt=4.5344138252063197e-14
cycle=3413 time=1.5198353714562149e-01 dt=9.0688276504126393e-14
cycle=3414 time=1.5198353714571217e-01 dt=1.8137655300825279e-13
cycle=3415 time=1.5198353714589355e-01 dt=3.6275310601650557e-13
cycle=3416 time=1.5198353714625631e-01 dt=7.2550621203301115e-13
cycle=3417 time=1.5198353714698182e-01 dt=1.4510124240660223e-12
cycle=3418 time=1.5198353714843282e-01 dt=2.9020248481320446e-12
cycle=3419 time=1.5198353715133484e-01 dt=5.8040496962640892e-12
cycle=3420 time=1.5198353715713889e-01 dt=1.1608099392528178e-11
cycle=3421 time=1.5198353716874699e-01 dt=2.3216198785056357e-11
cycle=3422 time=1.5198353719196320e-01 dt=4.6432397570112713e-11
cycle=3423 time=1.5198353723839558e-01 dt=9.2864795140225427e-11
cycle=3424 time=1.5198353733126038e-01 dt=1.8572959028045085e-10
cycle=3425 time=1.5198353751698998e-01 dt=3.7145918056090171e-10
cycle=3426 time=1.5198353788844915e-01 dt=7.4291836112180341e-10
cycle=3427 time=1.5198353863136752e-01 dt=1.4858367222436068e-09
cycle=3428 time=1.5198354011720425e-01 dt=2.9716734444872137e-09
cycle=3429 time=1.5198354308887768e-01 dt=5.9433468889744273e-09
cycle=3430 time=1.5198354903222458e-01 dt=1.1886693777948855e-08
cycle=3431 time=1.5198356091891835e-01 dt=2.3773387555897709e-08
cycle=3432 time=1.5198358469230591e-01 dt=3.9254708546968124e-27
cycle=3433 time=1.5198358469230591e-01 dt=7.8509417093936248e-27
cycle=3434 time=1.5198358469230591e-01 dt=1.5701883418787250e-26
cycle=3435 time=1.5198358469230591e-01 dt=3.1403766837574499e-26
cycle=3436 time=1.5198358469230591e-01 dt=6.2807533675148998e-26
cycle=3437 time=1.5198358469230591e-01 dt=1.2561506735029800e-25
cycle=3438 time=1.5198358469230591e-01 dt=2.5123013470059599e-25
cycle=3439 time=1.5198358469230591e-01 dt=5.0246026940119198e-25
cycle=3440 time=1.5198358469230591e-01 dt=1.0049205388023840e-24
cycle=3441 time=1.5198358469230591e-01 dt=2.0098410776047679e-24
cycle=3442 time=1.5198358469230591e-01 dt=4.0196821552095359e-24
cycle=3443 time=1.5198358469230591e-01 dt=8.0393643104190717e-24
cycle=3444 time=1.5198358469230591e-01 dt=1.6078728620838143e-23
cycle=3445 time=1.5198358469230591e-01 dt=3.2157457241676287e-23
cycle=3446 time=1.5198358469230591e-01 dt=6.4314914483352574e-23
cycle=3447 time=1.5198358469230591e-01 dt=1.2862982896670515e-22
cycle=3448 time=1.5198358469230591e-01 dt=2.5725965793341030e-22
cycle=3449 time=1.5198358469230591e-01 dt=5.1451931586682059e-22
cycle=3450 time=1.5198358469230591e-01 dt=1.0290386317336412e-21
cycle=3451 time=1.5198358469230591e-01 dt=2.0580772634672824e-21
cycle=3452 time=1.5198358469230591e-01 dt=4.1161545269345647e-21
cycle=3453 time=1.5198358469230591e-01 dt=8.2323090538691295e-21
cycle=3454 time=1.5198358469230591e-01 dt=1.6464618107738259e-20
cycle=3455 time=1.5198358469230591e-01 dt=3.2929236215476518e-20
cycle=3456 time=1.5198358469230591e-01 dt=6.5858472430953036e-20
cycle=3457 time=1.5198358469230591e-01 dt=1.3171694486190607e-19
cycle=3458 time=1.5198358469230591e-01 dt=2.6343388972381214e-19
cycle=3459 time=1.5198358469230591e-01 dt=5.2686777944762429e-19
cycle=3460 time=1.5198358469230591e-01 dt=1.0537355588952486e-18
cycle=3461 time=1.5198358469230591e-01 dt=2.1074711177904971e-18
cycle=3462 time=1.5198358469230591e-01 dt=4.2149422355809943e-18
cycle=3463 time=1.5198358469230591e-01 dt=8.4298844711619886e-18
cycle=3464 time=1.5198358469230591e-01 dt=1.6859768942323977e-17
cycle=3465 time=1.5198358469230594e-01 dt=3.3719537884647954e-17
cycle=3466 time=1.5198358469230597e-01 dt=6.7439075769295909e-17
cycle=3467 time=1.5198358469230602e-01 dt=1.3487815153859182e-16
cycle=3468 time=1.5198358469230616e-01 dt=2.6975630307718363e-16
cycle=3469 time=1.5198358469230644e-01 dt=5.3951260615436727e-16
cycle=3470 time=1.5198358469230697e-01 dt=1.0790252123087345e-15
cycle=3471 time=1.5198358469230805e-01 dt=2.1580504246174691e-15
cycle=3472 time=1.5198358469231021e-01 dt=4.3161008492349381e-15
cycle=3473 time=1.5198358469231454e-01 dt=8.6322016984698763e-15
cycle=3474 time=1.5198358469232318e-01 dt=1.7264403396939753e-14
cycle=3475 time=1.5198358469234044e-01 dt=3.4528806793879505e-14
cycle=3476 time=1.5198358469237497e-01 dt=6.9057613587759010e-14
cycle=3477 time=1.5198358469244402e-01 dt=1.3811522717551802e-13
cycle=3478 time=1.5198358469258214e-01 dt=2.7623045435103604e-13
cycle=3479 time=1.5198358469285836e-01 dt=5.5246090870207208e-13
cycle=3480 time=1.5198358469341083e-01 dt=1.1049218174041442e-12
cycle=3481 time=1.5198358469451576e-01 dt=2.2098436348082883e-12
cycle=3482 time=1.5198358469672560e-01 dt=4.4196872696165767e-12
cycle=3483 time=1.5198358470114529e-01 dt=8.8393745392331533e-12
cycle=3484 time=1.5198358470998466e-01 dt=1.7678749078466307e-11
cycle=3485 time=1.5198358472766341e-01 dt=3.5357498156932613e-11
cycle=3486 time=1.5198358476302090e-01 dt=7.0714996313865227e-11
cycle=3487 time=1.5198358483373589e-01 dt=1.4142999262773045e-10
cycle=3488 time=1.5198358497516587e-01 dt=2.8285998525546091e-10
cycle=3489 time=1.5198358525802586e-01 dt=5.6571997051092181e-10
cycle=3490 time=1.5198358582374583e-01 dt=1.1314399410218436e-09
cycle=3491 time=1.5198358695518577e-01 dt=2.2628798820436873e-09
cycle=3492 time=1.5198358921806565e-01 dt=4.5257597640873745e-09
cycle=3493 time=1.5198359374382542e-01 dt=9.0515195281747490e-09
cycle=3494 time=1.5198360279534495e-01 dt=1.8103039056349498e-08
cycle=3495 time=1.5198362089838402e-01 dt=3.5005731177942908e-08
cycle=3496 time=1.5198365590411519e-01 dt=3.8667916213637021e-27
cycle=3497 time=1.5198365590411519e-01 dt=7.7335832427274043e-27
cycle=3498 time=1.5198365590411519e-01 dt=1.5467166485454809e-26
cycle=3499 time=1.5198365590411519e-01 dt=3.0934332970909617e-26
cycle=3500 time=1.5198365590411519e-01 dt=4.5895686252568829e-27
cycle=3501 time=1.5198365590411519e-01 dt=9.1791372505137658e-27
cycle=3502 time=1.5198365590411519e-01 dt=1.8358274501027532e-26
cycle=3503 time=1.5198365590411519e-01 dt=3.6716549002055063e-26
cycle=3504 time=1.5198365590411519e-01 dt=7.3433098004110126e-26
cycle=3505 time=1.5198365590411519e-01 dt=1.4686619600822025e-25
cycle=3506 time=1.5198365590411519e-01 dt=2.9373239201644051e-25
cycle=3507 time=1.5198365590411519e-01 dt=5.8746478403288101e-25
cycle=3508 time=1.5198365590411519e-01 dt=1.1749295680657620e-24
cycle=3509 time=1.5198365590411519e-01 dt=2.3498591361315240e-24
cycle=3510 time=1.5198365590411519e-01 dt=4.6997182722630481e-24
cycle=3511 time=1.5198365590411519e-01 dt=9.3994365445260962e-24
cycle=3512 time=1.5198365590411519e-01 dt=1.8798873089052192e-23
cycle=3513 time=1.5198365590411519e-01 dt=3.7597746178104385e-23
cycle=3514 time=1.5198365590411519e-01 dt=7.5195492356208769e-23
cycle=3515 time=1.5198365590411519e-01 dt=1.5039098471241754e-22
cycle=3516 time=1.5198365590411519e-01 dt=3.0078196942483508e-22
cycle=3517 time=1.5198365590411519e-01 dt=6.0156393884967015e-22
cycle=3518 time=1.5198365590411519e-01 dt=1.2031278776993403e-21
cycle=3519 time=1.5198365590411519e-01 dt=2.4062557553986806e-21
cycle=3520 time=1.5198365590411519e-01 dt=4.8125115107973612e-21
cycle=3521 time=1.5198365590411519e-01 dt=9.6250230215947225e-21
cycle=3522 time=1.5198365590411519e-01 dt=1.9250046043189445e-20
cycle=3523 time=1.5198365590411519e-01 dt=3.8500092086378890e-20
cycle=3524 time=1.5198365590411519e-01 dt=7.7000184172757780e-20
cycle=3525 time=1.5198365590411519e-01 dt=1.5400036834551556e-19
cycle=3526 time=1.5198365590411519e-01 dt=3.0800073669103112e-19
cycle=3527 time=1.5198365590411519e-01 dt=6.1600147338206224e-19
cycle=3528 time=1.5198365590411519e-01 dt=1.2320029467641245e-18
cycle=3529 time=1.5198365590411519e-01 dt=2.4640058935282490e-18
cycle=3530 time=1.5198365590411519e-01 dt=4.9280117870564979e-18
cycle=3531 time=1.5198365590411519e-01 dt=9.8560235741129958e-18
cycle=3532 time=1.5198365590411519e-01 dt=1.9712047148225992e-17
cycle=3533 time=1.5198365590411522e-01 dt=3.9424094296451983e-17
cycle=3534 time=1.5198365590411525e-01 dt=7.8848188592903966e-17
cycle=3535 time=1.5198365590411533e-01 dt=1.5769637718580793e-16
cycle=3536 time=1.5198365590411550e-01 dt=3.1539275437161587e-16
cycle=3537 time=1.5198365590411581e-01 dt=6.3078550874323173e-16
cycle=3538 time=1.5198365590411644e-01 dt=1.2615710174864635e-15
cycle=3539 time=1.5198365590411769e-01 dt=2.5231420349729269e-15
cycle=3540 time=1.5198365590412022e-01 dt=5.0462840699458539e-15
cycle=3541 time=1.5198365590412527e-01 dt=1.0092568139891708e-14
cycle=3542 time=1.5198365590413537e-01 dt=2.0185136279783415e-14
cycle=3543 time=1.5198365590415555e-01 dt=4.0370272559566831e-14
cycle=3544 time=1.5198365590419591e-01 dt=8.0740545119133662e-14
cycle=3545 time=1.5198365590427665e-01 dt=1.6148109023826732e-13
cycle=3546 time=1.5198365590443813e-01 dt=3.2296218047653465e-13
cycle=3547 time=1.5198365590476109e-01 dt=6.4592436095306929e-13
cycle=3548 time=1.5198365590540702e-01 dt=1.2918487219061386e-12
cycle=3549 time=1.5198365590669888e-01 dt=2.5836974438122772e-12
cycle=3550 time=1.5198365590928259e-01 dt=5.1673948876245543e-12
cycle=3551 time=1.5198365591444998e-01 dt=1.0334789775249109e-11
cycle=3552 time=1.5198365592478477e-01 dt=2.0669579550498217e-11
cycle=3553 time=1.5198365594545435e-01 dt=4.1339159100996435e-11
cycle=3554 time=1.5198365598679350e-01 dt=8.2678318201992870e-11
cycle=3555 time=1.5198365606947181e-01 dt=1.6535663640398574e-10
cycle=3556 time=1.5198365623482846e-01 dt=3.3071327280797148e-10
cycle=3557 time=1.5198365656554172e-01 dt=6.6142654561594296e-10
cycle=3558 time=1.5198365722696827e-01 dt=1.3228530912318859e-09
cycle=3559 time=1.5198365854982138e-01 dt=2.6457061824637718e-09
cycle=3560 time=1.5198366119552756e-01 dt=5.2914123649275437e-09
cycle=3561 time=1.5198366648693992e-01 dt=1.0582824729855087e-08
cycle=3562 time=1.5198367706976465e-01 dt=2.1165649459710175e-08
cycle=3563 time=1.5198369823541411e-01 dt=2.9547010298999325e-08
cycle=3564 time=1.5198372778242442e-01 dt=4.2279067411206225e-27
cycle=3565 time=1.5198372778242442e-01 dt=5.3979019992099701e-27
cycle=3566 time=1.5198372778242442e-01 dt=6.8916718784651756e-27
cycle=3567 time=1.5198372778242442e-01 dt=1.3783343756930351e-26
cycle=3568 time=1.5198372778242442e-01 dt=7.7307242770425657e-27
cycle=3569 time=1.5198372778242442e-01 dt=1.5461448554085131e-26
cycle=3570 time=1.5198372778242442e-01 dt=3.0922897108170263e-26
cycle=3571 time=1.5198372778242442e-01 dt=6.1845794216340526e-26
cycle=3572 time=1.5198372778242442e-01 dt=1.2369158843268105e-25
cycle=3573 time=1.5198372778242442e-01 dt=2.4738317686536210e-25
cycle=3574 time=1.5198372778242442e-01 dt=4.9476635373072421e-25
cycle=3575 time=1.5198372778242442e-01 dt=9.8953270746144841e-25
cycle=3576 time=1.5198372778242442e-01 dt=1.9790654149228968e-24
cycle=3577 time=1.5198372778242442e-01 dt=3.9581308298457936e-24
cycle=3578 time=1.5198372778242442e-01 dt=7.9162616596915873e-24
cycle=3579 time=1.5198372778242442e-01 dt=1.5832523319383175e-23
cycle=3580 time=1.5198372778242442e-01 dt=3.1665046638766349e-23
cycle=3581 time=1.5198372778242442e-01 dt=6.3330093277532698e-23
cycle=3582 time=1.5198372778242442e-01 dt=1.2666018655506540e-22
cycle=3583 time=1.5198372778242442e-01 dt=2.5332037311013079e-22
cycle=3584 time=1.5198372778242442e-01 dt=5.0664074622026159e-22
cycle=3585 time=1.5198372778242442e-01 dt=1.0132814924405232e-21
cycle=3586 time=1.5198372778242442e-01 dt=2.0265629848810463e-21
cycle=3587 time=1.5198372778242442e-01 dt=4.0531259697620927e-21
cycle=3588 time=1.5198372778242442e-01 dt=8.1062519395241854e-21
cycle=3589 time=1.5198372778242442e-01 dt=1.6212503879048371e-20
cycle=3590 time=1.5198372778242442e-01 dt=3.2425007758096742e-20
cycle=3591 time=1.5198372778242442e-01 dt=6.4850015516193483e-20
cycle=3592 time=1.5198372778242442e-01 dt=1.2970003103238697e-19
cycle=3593 time=1.5198372778242442e-01 dt=2.5940006206477393e-19
cycle=3594 time=1.5198372778242442e-01 dt=5.1880012412954786e-19
cycle=3595 time=1.5198372778242442e-01 dt=1.0376002482590957e-18
cycle=3596 time=1.5198372778242442e-01 dt=2.0752004965181915e-18
cycle=3597 time=1.5198372778242442e-01 dt=4.1504009930363829e-18
cycle=3598 time=1.5198372778242442e-01 dt=8.3008019860727658e-18
cycle=3599 time=1.5198372778242442e-01 dt=1.6601603972145532e-17
cycle=3600 time=1.5198372778242444e-01 dt=3.3203207944291063e-17
cycle=3601 time=1.5198372778242447e-01 dt=6.6406415888582127e-17
cycle=3602 time=1.5198372778242453e-01 dt=1.3281283177716425e-16
cycle=3603 time=1.5198372778242467e-01 dt=2.6562566355432851e-16
cycle=3604 time=1.5198372778242494e-01 dt=5.3125132710865701e-16
cycle=3605 time=1.5198372778242547e-01 dt=1.0625026542173140e-15
cycle=3606 time=1.5198372778242653e-01 dt=2.1250053084346281e-15
cycle=3607 time=1.5198372778242866e-01 dt=4.2500106168692561e-15
cycle=3608 time=1.5198372778243291e-01 dt=8.5000212337385122e-15
cycle=3609 time=1.5198372778244140e-01 dt=1.7000042467477024e-14
cycle=3610 time=1.5198372778245839e-01 dt=3.4000084934954049e-14
cycle=3611 time=1.5198372778249239e-01 dt=6.8000169869908098e-14
cycle=3612 time=1.5198372778256039e-01 dt=1.3600033973981620e-13
cycle=3613 time=1.5198372778269639e-01 dt=2.7200067947963239e-13
cycle=3614 time=1.5198372778296840e-01 dt=5.4400135895926478e-13
cycle=3615 time=1.5198372778351241e-01 dt=1.0880027179185296e-12
cycle=3616 time=1.5198372778460040e-01 dt=2.1760054358370591e-12
cycle=3617 time=1.5198372778677641e-01 dt=4.3520108716741182e-12
cycle=3618 time=1.5198372779112843e-01 dt=8.7040217433482365e-12
cycle=3619 time=1.5198372779983244e-01 dt=1.7408043486696473e-11
cycle=3620 time=1.5198372781724048e-01 dt=3.4816086973392946e-11
cycle=3621 time=1.5198372785205658e-01 dt=6.9632173946785892e-11
cycle=3622 time=1.5198372792168874e-01 dt=1.3926434789357178e-10
cycle=3623 time=1.5198372806095309e-01 dt=2.7852869578714357e-10
cycle=3624 time=1.5198372833948179e-01 dt=5.5705739157428714e-10
cycle=3625 time=1.5198372889653919e-01 dt=1.1141147831485743e-09
cycle=3626 time=1.5198373001065396e-01 dt=2.2282295662971485e-09
cycle=3627 time=1.5198373223888353e-01 dt=4.4564591325942971e-09
cycle=3628 time=1.5198373669534268e-01 dt=8.9129182651885942e-09
cycle=3629 time=1.5198374560826095e-01 dt=1.7825836530377188e-08
cycle=3630 time=1.5198376343409747e-01 dt=3.5651673060754377e-08
cycle=3631 time=1.5198379908577053e-01 dt=5.9961308895838648e-27
cycle=3632 time=1.5198379908577053e-01 dt=6.4381429631626327e-27
cycle=3633 time=1.5198379908577053e-01 dt=1.2876285926325265e-26
cycle=3634 time=1.5198379908577053e-01 dt=1.4264694610366685e-26
cycle=3635 time=1.5198379908577053e-01 dt=2.8529389220733370e-26
cycle=3636 time=1.5198379908577053e-01 dt=1.4276051201225522e-26
cycle=3637 time=1.5198379908577053e-01 dt=2.8552102402451044e-26
cycle=3638 time=1.5198379908577053e-01 dt=5.7104204804902088e-26
cycle=3639 time=1.5198379908577053e-01 dt=1.1420840960980418e-25
cycle=3640 time=1.5198379908577053e-01 dt=2.2841681921960835e-25
cycle=3641 time=1.5198379908577053e-01 dt=4.5683363843921670e-25
cycle=3642 time=1.5198379908577053e-01 dt=9.1366727687843340e-25
cycle=3643 time=1.5198379908577053e-01 dt=1.8273345537568668e-24
cycle=3644 time=1.5198379908577053e-01 dt=3.6546691075137336e-24
cycle=3645 time=1.5198379908577053e-01 dt=7.3093382150274672e-24
cycle=3646 time=1.5198379908577053e-01 dt=1.4618676430054934e-23
cycle=3647 time=1.5198379908577053e-01 dt=2.9237352860109869e-23
cycle=3648 time=1.5198379908577053e-01 dt=5.8474705720219738e-23
cycle=3649 time=1.5198379908577053e-01 dt=1.1694941144043948e-22
cycle=3650 time=1.5198379908577053e-01 dt=2.3389882288087895e-22
cycle=3651 time=1.5198379908577053e-01 dt=4.6779764576175790e-22
cycle=3652 time=1.5198379908577053e-01 dt=9.3559529152351580e-22
cycle=3653 time=1.5198379908577053e-01 dt=1.8711905830470316e-21
cycle=3654 time=1.5198379908577053e-01 dt=3.7423811660940632e-21
cycle=3655 time=1.5198379908577053e-01 dt=7.4847623321881264e-21
cycle=3656 time=1.5198379908577053e-01 dt=1.4969524664376253e-20
cycle=3657 time=1.5198379908577053e-01 dt=2.9939049328752506e-20
cycle=3658 time=1.5198379908577053e-01 dt=5.9878098657505011e-20
cycle=3659 time=1.5198379908577053e-01 dt=1.1975619731501002e-19
cycle=3660 time=1.5198379908577053e-01 dt=2.3951239463002005e-19
cycle=3661 time=1.5198379908577053e-01 dt=4.7902478926004009e-19
cycle=3662 time=1.5198379908577053e-01 dt=9.5804957852008018e-19
cycle=3663 time=1.5198379908577053e-01 dt=1.9160991570401604e-18
cycle=3664 time=1.5198379908577053e-01 dt=3.8321983140803207e-18
cycle=3665 time=1.5198379908577053e-01 dt=7.6643966281606415e-18
cycle=3666 time=1.5198379908577053e-01 dt=1.5328793256321283e-17
cycle=3667 time=1.5198379908577056e-01 dt=3.0657586512642566e-17
cycle=3668 time=1.5198379908577059e-01 dt=6.1315173025285132e-17
cycle=3669 time=1.5198379908577064e-01 dt=1.2263034605057026e-16
cycle=3670 time=1.5198379908577075e-01 dt=2.4526069210114053e-16
cycle=3671 time=1.5198379908577100e-01 dt=4.9052138420228105e-16
cycle=3672 time=1.5198379908577150e-01 dt=9.8104276840456211e-16
cycle=3673 time=1.5198379908577248e-01 dt=1.9620855368091242e-15
cycle=3674 time=1.5198379908577445e-01 dt=3.9241710736182484e-15
cycle=3675 time=1.5198379908577836e-01 dt=7.8483421472364968e-15
cycle=3676 time=1.5198379908578621e-01 dt=1.5696684294472994e-14
cycle=3677 time=1.5198379908580192e-01 dt=3.1393368588945987e-14
cycle=3678 time=1.5198379908583332e-01 dt=6.2786737177891975e-14
cycle=3679 time=1.5198379908589610e-01 dt=1.2557347435578395e-13
cycle=3680 time=1.5198379908602166e-01 dt=2.5114694871156790e-13
cycle=3681 time=1.5198379908627282e-01 dt=5.0229389742313580e-13
cycle=3682 time=1.5198379908677512e-01 dt=1.0045877948462716e-12
cycle=3683 time=1.5198379908777970e-01 dt=2.0091755896925432e-12
cycle=3684 time=1.5198379908978887e-01 dt=4.0183511793850864e-12
cycle=3685 time=1.5198379909380721e-01 dt=8.0367023587701728e-12
cycle=3686 time=1.5198379910184392e-01 dt=1.6073404717540346e-11
cycle=3687 time=1.5198379911791732e-01 dt=3.2146809435080691e-11
cycle=3688 time=1.5198379915006413e-01 dt=6.4293618870161382e-11
cycle=3689 time=1.5198379921435776e-01 dt=1.2858723774032276e-10
cycle=3690 time=1.5198379934294498e-01 dt=2.5717447548064553e-10
cycle=3691 time=1.5198379960011946e-01 dt=5.1434895096129106e-10
cycle=3692 time=1.5198380011446841e-01 dt=1.0286979019225821e-09
cycle=3693 time=1.5198380114316631e-01 dt=2.0573958038451642e-09
cycle=3694 time=1.5198380320056212e-01 dt=4.1147916076903285e-09
cycle=3695 time=1.5198380731535374e-01 dt=8.2295832153806569e-09
cycle=3696 time=1.5198381554493695e-01 dt=1.6459166430761314e-08
cycle=3697 time=1.5198383200410337e-01 dt=3.2918332861522628e-08
cycle=3698 time=1.5198386492243623e-01 dt=1.6150125878766168e-09
cycle=3699 time=1.5198386653744883e-01 dt=3.2300251757532335e-09
cycle=3700 time=1.5198386976747399e-01 dt=6.4600503515064671e-09
cycle=3701 time=1.5198387622752435e-01 dt=1.2920100703012934e-08
cycle=3702 time=1.5198388914762506e-01 dt=2.5840201406025868e-08
cycle=3703 time=1.5198391498782646e-01 dt=5.1680402812051737e-08
cycle=3704 time=1.5198396666822928e-01 dt=3.4027458519758091e-27
cycle=3705 time=1.5198396666822928e-01 dt=6.8054917039516183e-27
cycle=3706 time=1.5198396666822928e-01 dt=1.3610983407903237e-26
cycle=3707 time=1.5198396666822928e-01 dt=2.7221966815806473e-26
cycle=3708 time=1.5198396666822928e-01 dt=5.4443933631612946e-26
cycle=3709 time=1.5198396666822928e-01 dt=1.0888786726322589e-25
cycle=3710 time=1.5198396666822928e-01 dt=2.1777573452645178e-25
cycle=3711 time=1.5198396666822928e-01 dt=4.3555146905290357e-25
cycle=3712 time=1.5198396666822928e-01 dt=8.7110293810580714e-25
cycle=3713 time=1.5198396666822928e-01 dt=1.7422058762116143e-24
cycle=3714 time=1.5198396666822928e-01 dt=3.4844117524232286e-24
cycle=3715 time=1.5198396666822928e-01 dt=6.9688235048464571e-24
cycle=3716 time=1.5198396666822928e-01 dt=1.3937647009692914e-23
cycle=3717 time=1.5198396666822928e-01 dt=2.7875294019385828e-23
cycle=3718 time=1.5198396666822928e-01 dt=5.5750588038771657e-23
cycle=3719 time=1.5198396666822928e-01 dt=1.1150117607754331e-22
cycle=3720 time=1.5198396666822928e-01 dt=2.2300235215508663e-22
cycle=3721 time=1.5198396666822928e-01 dt=4.4600470431017325e-22
cycle=3722 time=1.5198396666822928e-01 dt=8.9200940862034651e-22
cycle=3723 time=1.5198396666822928e-01 dt=1.7840188172406930e-21
cycle=3724 time=1.5198396666822928e-01 dt=3.5680376344813860e-21
cycle=3725 time=1.5198396666822928e-01 dt=7.1360752689627721e-21
cycle=3726 time=1.5198396666822928e-01 dt=1.4272150537925544e-20
cycle=3727 time=1.5198396666822928e-01 dt=2.8544301075851088e-20
cycle=3728 time=1.5198396666822928e-01 dt=5.7088602151702177e-20
cycle=3729 time=1.5198396666822928e-01 dt=1.1417720430340435e-19
cycle=3730 time=1.5198396666822928e-01 dt=2.2835440860680871e-19
cycle=3731 time=1.5198396666822928e-01 dt=4.5670881721361741e-19
cycle=3732 time=1.5198396666822928e-01 dt=9.1341763442723483e-19
cycle=3733 time=1.5198396666822928e-01 dt=1.8268352688544697e-18
cycle=3734 time=1.5198396666822928e-01 dt=3.6536705377089393e-18
cycle=3735 time=1.5198396666822928e-01 dt=7.3073410754178786e-18
cycle=3736 time=1.5198396666822928e-01 dt=1.4614682150835757e-17
cycle=3737 time=1.5198396666822930e-01 dt=2.9229364301671514e-17
cycle=3738 time=1.5198396666822933e-01 dt=5.8458728603343029e-17
cycle=3739 time=1.5198396666822939e-01 dt=1.1691745720668606e-16
cycle=3740 time=1.5198396666822950e-01 dt=2.3383491441337212e-16
cycle=3741 time=1.5198396666822972e-01 dt=4.6766982882674423e-16
cycle=3742 time=1.5198396666823019e-01 dt=9.3533965765348846e-16
cycle=3743 time=1.5198396666823114e-01 dt=1.8706793153069769e-15
cycle=3744 time=1.5198396666823299e-01 dt=3.7413586306139538e-15
cycle=3745 time=1.5198396666823674e-01 dt=7.4827172612279077e-15
cycle=3746 time=1.5198396666824424e-01 dt=1.4965434522455815e-14
cycle=3747 time=1.5198396666825920e-01 dt=2.9930869044911631e-14
cycle=3748 time=1.5198396666828912e-01 dt=5.9861738089823262e-14
cycle=3749 time=1.5198396666834899e-01 dt=1.1972347617964652e-13
cycle=3750 time=1.5198396666846870e-01 dt=2.3944695235929305e-13
cycle=3751 time=1.5198396666870814e-01 dt=4.7889390471858609e-13
cycle=3752 time=1.5198396666918704e-01 dt=9.5778780943717218e-13
cycle=3753 time=1.5198396667014483e-01 dt=1.9155756188743444e-12
cycle=3754 time=1.5198396667206041e-01 dt=3.8311512377486887e-12
cycle=3755 time=1.5198396667589156e-01 dt=7.6623024754973775e-12
cycle=3756 time=1.5198396668355388e-01 dt=1.5324604950994755e-11
cycle=3757 time=1.5198396669887848e-01 dt=3.0649209901989510e-11
cycle=3758 time=1.5198396672952769e-01 dt=6.1298419803979020e-11
cycle=3759 time=1.5198396679082610e-01 dt=1.2259683960795804e-10
cycle=3760 time=1.5198396691342295e-01 dt=2.4519367921591608e-10
cycle=3761 time=1.5198396715861662e-01 dt=4.9038735843183216e-10
cycle=3762 time=1.5198396764900399e-01 dt=9.8077471686366432e-10
cycle=3763 time=1.5198396862977870e-01 dt=1.9615494337273286e-09
cycle=3764 time=1.5198397059132812e-01 dt=3.9230988674546573e-09
cycle=3765 time=1.5198397451442699e-01 dt=7.8461977349093145e-09
cycle=3766 time=1.5198398236062474e-01 dt=1.5692395469818629e-08
cycle=3767 time=1.5198399805302021e-01 dt=3.1384790939637258e-08
cycle=3768 time=1.5198402943781114e-01 dt=6.2769581879274516e-08
cycle=3769 time=1.5198409220739301e-01 dt=5.2692967648862264e-08
cycle=3770 time=1.5198414490036066e-01 dt=6.3412619103567997e-08
cycle=3771 time=1.5198420831297976e-01 dt=6.9840284378351161e-08
cycle=3772 time=1.5198427815326415e-01 dt=1.2955215987814165e-07
cycle=3773 time=1.5198440770542404e-01 dt=1.9403085709955535e-27
cycle=3774 time=1.5198440770542404e-01 dt=3.8806171419911070e-27
cycle=3775 time=1.5198440770542404e-01 dt=7.7612342839822139e-27
cycle=3776 time=1.5198440770542404e-01 dt=1.9913716168356087e-27
cycle=3777 time=1.5198440770542404e-01 dt=3.9827432336712174e-27
cycle=3778 time=1.5198440770542404e-01 dt=7.9654864673424347e-27
cycle=3779 time=1.5198440770542404e-01 dt=1.5930972934684869e-26
cycle=3780 time=1.5198440770542404e-01 dt=3.1861945869369739e-26
cycle=3781 time=1.5198440770542404e-01 dt=6.3723891738739478e-26
cycle=3782 time=1.5198440770542404e-01 dt=1.2744778347747896e-25
cycle=3783 time=1.5198440770542404e-01 dt=2.5489556695495791e-25
cycle=3784 time=1.5198440770542404e-01 dt=5.0979113390991582e-25
cycle=3785 time=1.5198440770542404e-01 dt=1.0195822678198316e-24
cycle=3786 time=1.5198440770542404e-01 dt=2.0391645356396633e-24
cycle=3787 time=1.5198440770542404e-01 dt=4.0783290712793266e-24
cycle=3788 time=1.5198440770542404e-01 dt=8.1566581425586531e-24
cycle=3789 time=1.5198440770542404e-01 dt=1.6313316285117306e-23
cycle=3790 time=1.5198440770542404e-01 dt=3.2626632570234613e-23
cycle=3791 time=1.5198440770542404e-01 dt=6.5253265140469225e-23
cycle=3792 time=1.5198440770542404e-01 dt=1.3050653028093845e-22
cycle=3793 time=1.5198440770542404e-01 dt=2.6101306056187690e-22
cycle=3794 time=1.5198440770542404e-01 dt=5.2202612112375380e-22
cycle=3795 time=1.5198440770542404e-01 dt=1.0440522422475076e-21
cycle=3796 time=1.5198440770542404e-01 dt=2.0881044844950152e-21
cycle=3797 time=1.5198440770542404e-01 dt=4.1762089689900304e-21
cycle=3798 time=1.5198440770542404e-01 dt=8.3524179379800608e-21
cycle=3799 time=1.5198440770542404e-01 dt=1.6704835875960122e-20
cycle=3800 time=1.5198440770542404e-01 dt=3.3409671751920243e-20
cycle=3801 time=1.5198440770542404e-01 dt=6.6819343503840486e-20
cycle=3802 time=1.5198440770542404e-01 dt=1.3363868700768097e-19
cycle=3803 time=1.5198440770542404e-01 dt=2.6727737401536195e-19
cycle=3804 time=1.5198440770542404e-01 dt=5.3455474803072389e-19
cycle=3805 time=1.5198440770542404e-01 dt=1.0691094960614478e-18
cycle=3806 time=1.5198440770542404e-01 dt=2.1382189921228956e-18
cycle=3807 time=1.5198440770542404e-01 dt=4.2764379842457911e-18
cycle=3808 time=1.5198440770542404e-01 dt=8.5528759684915823e-18
cycle=3809 time=1.5198440770542404e-01 dt=1.7105751936983165e-17
cycle=3810 time=1.5198440770542407e-01 dt=3.4211503873966329e-17
cycle=3811 time=1.5198440770542410e-01 dt=6.8423007747932658e-17
cycle=3812 time=1.5198440770542415e-01 dt=1.3684601549586532e-16
cycle=3813 time=1.5198440770542429e-01 dt=2.7369203099173063e-16
cycle=3814 time=1.5198440770542457e-01 dt=5.4738406198346127e-16
cycle=3815 time=1.5198440770542512e-01 dt=1.0947681239669225e-15
cycle=3816 time=1.5198440770542621e-01 dt=2.1895362479338451e-15
cycle=3817 time=1.5198440770542840e-01 dt=4.3790724958676901e-15
cycle=3818 time=1.5198440770543278e-01 dt=8.7581449917353802e-15
cycle=3819 time=1.5198440770544155e-01 dt=1.7516289983470760e-14
cycle=3820 time=1.5198440770545907e-01 dt=3.5032579966941521e-14
cycle=3821 time=1.5198440770549410e-01 dt=7.0065159933883042e-14
cycle=3822 time=1.5198440770556415e-01 dt=1.4013031986776608e-13
cycle=3823 time=1.5198440770570429e-01 dt=2.8026063973553217e-13
cycle=3824 time=1.5198440770598454e-01 dt=5.6052127947106434e-13
cycle=3825 time=1.5198440770654506e-01 dt=1.1210425589421287e-12
cycle=3826 time=1.5198440770766611e-01 dt=2.2420851178842573e-12
cycle=3827 time=1.5198440770990820e-01 dt=4.4841702357685147e-12
cycle=3828 time=1.5198440771439237e-01 dt=8.9683404715370294e-12
cycle=3829 time=1.5198440772336072e-01 dt=1.7936680943074059e-11
cycle=3830 time=1.5198440774129740e-01 dt=3.5873361886148117e-11
cycle=3831 time=1.5198440777717076e-01 dt=7.1746723772296235e-11
cycle=3832 time=1.5198440784891748e-01 dt=1.4349344754459247e-10
cycle=3833 time=1.5198440799241092e-01 dt=2.8698689508918494e-10
cycle=3834 time=1.5198440827939783e-01 dt=5.7397379017836988e-10
cycle=3835 time=1.5198440885337161e-01 dt=1.1479475803567398e-09
cycle=3836 time=1.5198441000131918e-01 dt=2.2958951607134795e-09
cycle=3837 time=1.5198441229721435e-01 dt=4.5917903214269590e-09
cycle=3838 time=1.5198441688900466e-01 dt=9.1835806428539181e-09
cycle=3839 time=1.5198442607258530e-01 dt=1.8367161285707836e-08
cycle=3840 time=1.5198444443974660e-01 dt=3.6734322571415672e-08
cycle=3841 time=1.5198448117406918e-01 dt=7.3468645142831345e-08
cycle=3842 time=1.5198455464271432e-01 dt=1.4693729028566269e-07
cycle=3843 time=1.5198470158000460e-01 dt=2.6935841186699940e-07
cycle=3844 time=1.5198497093841648e-01 dt=1.6777645435905654e-27
cycle=3845 time=1.5198497093841648e-01 dt=3.3555290871811308e-27
cycle=3846 time=1.5198497093841648e-01 dt=6.7110581743622617e-27
cycle=3847 time=1.5198497093841648e-01 dt=1.3422116348724523e-26
cycle=3848 time=1.5198497093841648e-01 dt=2.6844232697449047e-26
cycle=3849 time=1.5198497093841648e-01 dt=5.3688465394898093e-26
cycle=3850 time=1.5198497093841648e-01 dt=1.0737693078979619e-25
cycle=3851 time=1.5198497093841648e-01 dt=2.1475386157959237e-25
cycle=3852 time=1.5198497093841648e-01 dt=4.2950772315918475e-25
cycle=3853 time=1.5198497093841648e-01 dt=8.5901544631836949e-25
cycle=3854 time=1.5198497093841648e-01 dt=1.7180308926367390e-24
cycle=3855 time=1.5198497093841648e-01 dt=3.4360617852734780e-24
cycle=3856 time=1.5198497093841648e-01 dt=6.8721235705469559e-24
cycle=3857 time=1.5198497093841648e-01 dt=1.3744247141093912e-23
cycle=3858 time=1.5198497093841648e-01 dt=2.7488494282187824e-23
cycle=3859 time=1.5198497093841648e-01 dt=5.4976988564375647e-23
cycle=3860 time=1.5198497093841648e-01 dt=1.0995397712875129e-22
cycle=3861 time=1.5198497093841648e-01 dt=2.1990795425750259e-22
cycle=3862 time=1.5198497093841648e-01 dt=4.3981590851500518e-22
cycle=3863 time=1.5198497093841648e-01 dt=8.7963181703001036e-22
cycle=3864 time=1.5198497093841648e-01 dt=1.7592636340600207e-21
cycle=3865 time=1.5198497093841648e-01 dt=3.5185272681200414e-21
cycle=3866 time=1.5198497093841648e-01 dt=7.0370545362400829e-21
cycle=3867 time=1.5198497093841648e-01 dt=1.4074109072480166e-20
cycle=3868 time=1.5198497093841648e-01 dt=2.8148218144960331e-20
cycle=3869 time=1.5198497093841648e-01 dt=5.6296436289920663e-20
cycle=3870 time=1.5198497093841648e-01 dt=1.1259287257984133e-19
cycle=3871 time=1.5198497093841648e-01 dt=2.2518574515968265e-19
cycle=3872 time=1.5198497093841648e-01 dt=4.5037149031936530e-19
cycle=3873 time=1.5198497093841648e-01 dt=9.0074298063873061e-19
cycle=3874 time=1.5198497093841648e-01 dt=1.8014859612774612e-18
cycle=3875 time=1.5198497093841648e-01 dt=3.6029719225549224e-18
cycle=3876 time=1.5198497093841648e-01 dt=7.2059438451098449e-18
cycle=3877 time=1.5198497093841648e-01 dt=1.4411887690219690e-17
cycle=3878 time=1.5198497093841651e-01 dt=2.8823775380439379e-17
cycle=3879 time=1.5198497093841654e-01 dt=5.7647550760878759e-17
cycle=3880 time=1.5198497093841659e-01 dt=1.1529510152175752e-16
cycle=3881 time=1.5198497093841670e-01 dt=2.3059020304351504e-16
cycle=3882 time=1.5198497093841692e-01 dt=4.6118040608703007e-16
cycle=3883 time=1.5198497093841740e-01 dt=9.2236081217406014e-16
cycle=3884 time=1.5198497093841831e-01 dt=1.8447216243481203e-15
cycle=3885 time=1.5198497093842014e-01 dt=3.6894432486962406e-15
cycle=3886 time=1.5198497093842384e-01 dt=7.3788864973924811e-15
cycle=3887 time=1.5198497093843122e-01 dt=1.4757772994784962e-14
cycle=3888 time=1.5198497093844598e-01 dt=2.9515545989569925e-14
cycle=3889 time=1.5198497093847549e-01 dt=5.9031091979139849e-14
cycle=3890 time=1.5198497093853452e-01 dt=1.1806218395827970e-13
cycle=3891 time=1.5198497093865260e-01 dt=2.3612436791655940e-13
cycle=3892 time=1.5198497093888871e-01 dt=4.7224873583311879e-13
cycle=3893 time=1.5198497093936097e-01 dt=9.4449747166623759e-13
cycle=3894 time=1.5198497094030547e-01 dt=1.8889949433324752e-12
cycle=3895 time=1.5198497094219446e-01 dt=3.7779898866649503e-12
cycle=3896 time=1.5198497094597244e-01 dt=7.5559797733299007e-12
cycle=3897 time=1.5198497095352842e-01 dt=1.5111959546659801e-11
cycle=3898 time=1.5198497096864039e-01 dt=3.0223919093319603e-11
cycle=3899 time=1.5198497099886429e-01 dt=6.0447838186639205e-11
cycle=3900 time=1.5198497105931214e-01 dt=1.2089567637327841e-10
cycle=3901 time=1.5198497118020782e-01 dt=2.4179135274655682e-10
cycle=3902 time=1.5198497142199918e-01 dt=4.8358270549311364e-10
cycle=3903 time=1.5198497190558188e-01 dt=9.6716541098622729e-10
cycle=3904 time=1.5198497287274729e-01 dt=1.9343308219724546e-09
cycle=3905 time=1.5198497480707812e-01 dt=3.8686616439449092e-09
cycle=3906 time=1.5198497867573976e-01 dt=7.7373232878898183e-09
cycle=3907 time=1.5198498641306304e-01 dt=1.5474646575779637e-08
cycle=3908 time=1.5198500188770961e-01 dt=3.0949293151559273e-08
cycle=3909 time=1.5198503283700276e-01 dt=6.1898586303118546e-08
cycle=3910 time=1.5198509473558908e-01 dt=1.2379717260623709e-07
cycle=3911 time=1.5198521853276167e-01 dt=2.4759434521247419e-07
cycle=3912 time=1.5198546612710689e-01 dt=3.2150994522715050e-07
cycle=3913 time=1.5198578763705212e-01 dt=3.5683704482081509e-07
cycle=3914 time=1.5198614447409695e-01 dt=4.0355904762509785e-07
cycle=3915 time=1.5198654803314457e-01 dt=4.6640993997264666e-07
cycle=3916 time=1.5198701444308454e-01 dt=5.3170865618537081e-07
cycle=3917 time=1.5198754615174073e-01 dt=5.2624952693529316e-07
cycle=3918 time=1.5198807240126766e-01 dt=4.1194563866566936e-07
cycle=3919 time=1.5198848434690632e-01 dt=2.5702254561093212e-07
cycle=3920 time=1.5198874136945192e-01 dt=1.5253962769912944e-07
cycle=3921 time=1.5198889390907963e-01 dt=1.2740623331898244e-07
cycle=3922 time=1.5198902131531294e-01 dt=1.3588472985267397e-07
cycle=3923 time=1.5198915720004280e-01 dt=1.4887792554906241e-07
cycle=3924 time=1.5198930607796834e-01 dt=1.6453425376790443e-07
cycle=3925 time=1.5198947061222212e-01 dt=1.8362305957880525e-07
cycle=3926 time=1.5198965423528171e-01 dt=2.0802746228441627e-07
cycle=3927 time=1.5198986226274400e-01 dt=2.3738976950582687e-07
cycle=3928 time=1.5199009965251351e-01 dt=2.7185431047156802e-07
cycle=3929 time=1.5199037150682398e-01 dt=3.1190814013137663e-07
cycle=3930 time=1.5199068341496411e-01 dt=3.5773646093091954e-07
cycle=3931 time=1.5199104115142503e-01 dt=4.0933681538754274e-07
cycle=3932 time=1.5199145048824042e-01 dt=4.6326549016870201e-07
cycle=3933 time=1.5199191375373058e-01 dt=5.1921457899797039e-07
cycle=3934 time=1.5199243296830958e-01 dt=5.7645615308062767e-07
cycle=3935 time=1.5199300942446267e-01 dt=6.3694304507280329e-07
cycle=3936 time=1.5199364636750776e-01 dt=7.0115416293817402e-07
cycle=3937 time=1.5199434752167071e-01 dt=7.7119315414326966e-07
cycle=3938 time=1.5199511871482485e-01 dt=8.4908438784224029e-07
cycle=3939 time=1.5199596779921271e-01 dt=8.5996555186326252e-07
cycle=3940 time=1.5199682776476456e-01 dt=8.7516335155919224e-07
cycle=3941 time=1.5199770292811612e-01 dt=8.9547808608973527e-07
cycle=3942 time=1.5199859840620222e-01 dt=9.2122343177287949e-07
cycle=3943 time=1.5199951962963398e-01 dt=9.4974050546034331e-07
cycle=3944 time=1.5200046937013945e-01 dt=9.8439362365196857e-07
cycle=3945 time=1.5200145376376309e-01 dt=1.0262619356164336e-06
cycle=3946 time=1.5200248002569872e-01 dt=1.0751778276442533e-06
cycle=3947 time=1.5200355520352635e-01 dt=1.1316937691787801e-06
cycle=3948 time=1.5200468689729552e-01 dt=1.1971783047799931e-06
cycle=3949 time=1.5200588407560028e-01 dt=1.2715504235598518e-06
cycle=3950 time=1.5200715562602385e-01 dt=1.3565364844706908e-06
cycle=3951 time=1.5200851216250832e-01 dt=1.1507372197727427e-06
cycle=3952 time=1.5200966289972809e-01 dt=1.1103347975820066e-06
cycle=3953 time=1.5201077323452566e-01 dt=1.1731705673499270e-06
cycle=3954 time=1.5201194640509302e-01 dt=1.2577403857599625e-06
cycle=3955 time=1.5201320414547878e-01 dt=1.3490526431415430e-06
cycle=3956 time=1.5201455319812193e-01 dt=1.4537802969028487e-06
cycle=3957 time=1.5201600697841883e-01 dt=1.3992930359208622e-06
cycle=3958 time=1.5201740627145474e-01 dt=1.1933000263318429e-06
cycle=3959 time=1.5201859957148106e-01 dt=1.0898085101145056e-06
cycle=3960 time=1.5201968937999116e-01 dt=1.0522190386511980e-06
cycle=3961 time=1.5202074159902981e-01 dt=1.0486559778170498e-06
cycle=3962 time=1.5202179025500762e-01 dt=1.0603728131682506e-06
cycle=3963 time=1.5202285062782078e-01 dt=1.0780767765991828e-06
cycle=3964 time=1.5202392870459738e-01 dt=1.0996804889410218e-06
cycle=3965 time=1.5202502838508633e-01 dt=1.1240597421170937e-06
cycle=3966 time=1.5202615244482845e-01 dt=1.1636228651144661e-06
cycle=3967 time=1.5202731606769357e-01 dt=1.1800443150660686e-06
cycle=3968 time=1.5202849611200864e-01 dt=1.2386405331595595e-06
cycle=3969 time=1.5202973475254181e-01 dt=1.3148980594551540e-06
cycle=3970 time=1.5203104965060127e-01 dt=1.4015803552410218e-06
cycle=3971 time=1.5203245123095652e-01 dt=1.4982359474484112e-06
cycle=3972 time=1.5203394946690396e-01 dt=1.6062465245548735e-06
cycle=3973 time=1.5203555571342853e-01 dt=1.7229176383970250e-06
cycle=3974 time=1.5203727863106692e-01 dt=1.8474270972355408e-06
cycle=3975 time=1.5203912605816416e-01 dt=1.9810692225855614e-06
cycle=3976 time=1.5204110712738675e-01 dt=2.1344003135330298e-06
cycle=3977 time=1.5204324152770027e-01 dt=2.0393861319744666e-06
cycle=3978 time=1.5204528091383224e-01 dt=1.6172650411084692e-06
cycle=3979 time=1.5204689817887335e-01 dt=1.3831600175717092e-06
cycle=3980 time=1.5204828133889092e-01 dt=1.2866157993362902e-06
cycle=3981 time=1.5204956795469027e-01 dt=1.2789024111986522e-06
cycle=3982 time=1.5205084685710146e-01 dt=1.3179246381198917e-06
cycle=3983 time=1.5205216478173958e-01 dt=1.3806056303531370e-06
cycle=3984 time=1.5205354538736993e-01 dt=1.4631111190674505e-06
cycle=3985 time=1.5205500849848899e-01 dt=1.5642539285141149e-06
cycle=3986 time=1.5205657275241752e-01 dt=1.6858549018618702e-06
cycle=3987 time=1.5205825860731939e-01 dt=1.8302020717558440e-06
cycle=3988 time=1.5206008880939115e-01 dt=2.0023021332310298e-06
cycle=3989 time=1.5206209111152438e-01 dt=2.1874450964330190e-06
cycle=3990 time=1.5206427855662083e-01 dt=2.3856921123705816e-06
cycle=3991 time=1.5206666424873319e-01 dt=2.5774912451810810e-06
cycle=3992 time=1.5206924173997838e-01 dt=2.7442237999090404e-06
cycle=3993 time=1.5207198596377830e-01 dt=9.7301191663313602e-07
cycle=3994 time=1.5207295897569492e-01 dt=5.4547943369256510e-07
cycle=3995 time=1.5207350445512863e-01 dt=4.0283245032608731e-07
cycle=3996 time=1.5207390728757894e-01 dt=3.4111845805639767e-07
cycle=3997 time=1.5207424840603700e-01 dt=3.0965437156638599e-07
cycle=3998 time=1.5207455806040857e-01 dt=2.9228506827933721e-07
cycle=3999 time=1.5207485034547685e-01 dt=2.8223010543346468e-07
cycle=4000 time=1.5207513257558228e-01 dt=2.7613537723859589e-07
cycle=4001 time=1.5207540871095951e-01 dt=2.7236019663174963e-07
cycle=4002 time=1.5207568107115613e-01 dt=2.7004926592017852e-07
cycle=4003 time=1.5207595112042205e-01 dt=2.6874420812736170e-07
cycle=4004 time=1.5207621986463019e-01 dt=2.6819208206762664e-07
cycle=4005 time=1.5207648805671226e-01 dt=2.6824974573931768e-07
cycle=4006 time=1.5207675630645801e-01 dt=2.6883531213193317e-07
cycle=4007 time=1.5207702514177013e-01 dt=2.6990154925862447e-07
cycle=4008 time=1.5207729504331938e-01 dt=2.7142111551859852e-07
cycle=4009 time=1.5207756646443490e-01 dt=2.7337821758624359e-07
cycle=4010 time=1.5207783984265250e-01 dt=2.7576628982392999e-07
cycle=4011 time=1.5207811560894233e-01 dt=2.7858296430683081e-07
cycle=4012 time=1.5207839419190664e-01 dt=2.8182917626325636e-07
cycle=4013 time=1.5207867602108291e-01 dt=2.8552863356607784e-07
cycle=4014 time=1.5207896154971648e-01 dt=2.8970259707536100e-07
cycle=4015 time=1.5207925125231356e-01 dt=2.9437314586927882e-07
cycle=4016 time=1.5207954562545942e-01 dt=2.9956351255656910e-07
cycle=4017 time=1.5207984518897197e-01 dt=3.0529872559965072e-07
cycle=4018 time=1.5208015048769757e-01 dt=3.1160523651106696e-07
cycle=4019 time=1.5208046209293408e-01 dt=3.1851103777923708e-07
cycle=4020 time=1.5208078060397184e-01 dt=3.2604601445711645e-07
cycle=4021 time=1.5208110664998631e-01 dt=3.3424197804516918e-07
cycle=4022 time=1.5208144089196435e-01 dt=3.4313285393041101e-07
cycle=4023 time=1.5208178402481828e-01 dt=3.5275300329718815e-07
cycle=4024 time=1.5208213677782159e-01 dt=3.6313430186043452e-07
cycle=4025 time=1.5208249991212344e-01 dt=3.7430837864695912e-07
cycle=4026 time=1.5208287422050210e-01 dt=3.8631215186083905e-07
cycle=4027 time=1.5208326053265395e-01 dt=3.9918128351603677e-07
cycle=4028 time=1.5208365971393747e-01 dt=4.1295087912565190e-07
cycle=4029 time=1.5208407266481661e-01 dt=4.2765531135617295e-07
cycle=4030 time=1.5208450032012796e-01 dt=4.4333174954555595e-07
cycle=4031 time=1.5208494365187750e-01 dt=4.6002747999806949e-07
cycle=4032 time=1.5208540367935749e-01 dt=4.7776298811224626e-07
cycle=4033 time=1.5208588144234561e-01 dt=4.9662850614002630e-07
cycle=4034 time=1.5208637807085176e-01 dt=5.1668375433784968e-07
cycle=4035 time=1.5208689475460610e-01 dt=5.3776212935871434e-07
cycle=4036 time=1.5208743251673545e-01 dt=5.5961787256488494e-07
cycle=4037 time=1.5208799213460802e-01 dt=5.8213494624043542e-07
cycle=4038 time=1.5208857426955427e-01 dt=6.0592639312526677e-07
cycle=4039 time=1.5208918019594739e-01 dt=6.3338442565190841e-07
cycle=4040 time=1.5208981358037305e-01 dt=6.6272076883911179e-07
cycle=4041 time=1.5209047630114189e-01 dt=6.9448984826429418e-07
cycle=4042 time=1.5209117079099016e-01 dt=7.2890317616745323e-07
cycle=4043 time=1.5209189969416634e-01 dt=7.6606187032930579e-07
cycle=4044 time=1.5209266575603667e-01 dt=8.0623073885143807e-07
cycle=4045 time=1.5209347198677553e-01 dt=8.4965999315359802e-07
cycle=4046 time=1.5209432164676867e-01 dt=8.9660061097908783e-07
cycle=4047 time=1.5209521824737965e-01 dt=9.4731117422067686e-07
cycle=4048 time=1.5209616555855388e-01 dt=1.0020867885430087e-06
cycle=4049 time=1.5209716764534242e-01 dt=1.0615098375248715e-06
cycle=4050 time=1.5209822915517995e-01 dt=1.1253710448673743e-06
cycle=4051 time=1.5209935452622483e-01 dt=1.1937253980881367e-06
cycle=4052 time=1.5210054825162292e-01 dt=1.2613850175936690e-06
cycle=4053 time=1.5210180963664052e-01 dt=1.2823223244718459e-06
cycle=4054 time=1.5210309195896499e-01 dt=1.3576260641682890e-06
cycle=4055 time=1.5210444958502917e-01 dt=1.3671130974765136e-06
cycle=4056 time=1.5210581669812664e-01 dt=1.4575102557221702e-06
cycle=4057 time=1.5210727420838235e-01 dt=1.4296510401906723e-06
cycle=4058 time=1.5210870385942254e-01 dt=1.5897148003707513e-06
cycle=4059 time=1.5211029357422293e-01 dt=1.4095980070511209e-06
cycle=4060 time=1.5211170317222997e-01 dt=2.0019622956076244e-06
cycle=4061 time=1.5211370513452557e-01 dt=7.0437463853336933e-07
cycle=4062 time=1.5211440950916411e-01 dt=1.4087492770667387e-06
cycle=4063 time=1.5211581825844117e-01 dt=2.8174985541334773e-06
cycle=4064 time=1.5211863575699530e-01 dt=1.8477331841236290e-26
cycle=4065 time=1.5211863575699530e-01 dt=3.6954663682472581e-26
cycle=4066 time=1.5211863575699530e-01 dt=7.3909327364945161e-26
cycle=4067 time=1.5211863575699530e-01 dt=1.4781865472989032e-25
cycle=4068 time=1.5211863575699530e-01 dt=2.9563730945978065e-25
cycle=4069 time=1.5211863575699530e-01 dt=5.9127461891956129e-25
cycle=4070 time=1.5211863575699530e-01 dt=1.1825492378391226e-24
cycle=4071 time=1.5211863575699530e-01 dt=2.3650984756782452e-24
cycle=4072 time=1.5211863575699530e-01 dt=4.7301969513564903e-24
cycle=4073 time=1.5211863575699530e-01 dt=9.4603939027129807e-24
cycle=4074 time=1.5211863575699530e-01 dt=1.8920787805425961e-23
cycle=4075 time=1.5211863575699530e-01 dt=3.7841575610851923e-23
cycle=4076 time=1.5211863575699530e-01 dt=7.5683151221703845e-23
cycle=4077 time=1.5211863575699530e-01 dt=1.5136630244340769e-22
cycle=4078 time=1.5211863575699530e-01 dt=3.0273260488681538e-22
cycle=4079 time=1.5211863575699530e-01 dt=6.0546520977363076e-22
cycle=4080 time=1.5211863575699530e-01 dt=1.2109304195472615e-21
cycle=4081 time=1.5211863575699530e-01 dt=2.4218608390945230e-21
cycle=4082 time=1.5211863575699530e-01 dt=4.8437216781890461e-21
cycle=4083 time=1.5211863575699530e-01 dt=9.6874433563780922e-21
cycle=4084 time=1.5211863575699530e-01 dt=1.9374886712756184e-20
cycle=4085 time=1.5211863575699530e-01 dt=3.8749773425512369e-20
cycle=4086 time=1.5211863575699530e-01 dt=7.7499546851024738e-20
cycle=4087 time=1.5211863575699530e-01 dt=1.5499909370204948e-19
cycle=4088 time=1.5211863575699530e-01 dt=3.0999818740409895e-19
cycle=4089 time=1.5211863575699530e-01 dt=6.1999637480819790e-19
cycle=4090 time=1.5211863575699530e-01 dt=1.2399927496163958e-18
cycle=4091 time=1.5211863575699530e-01 dt=2.4799854992327916e-18
cycle=4092 time=1.5211863575699530e-01 dt=4.9599709984655832e-18
cycle=4093 time=1.5211863575699530e-01 dt=9.9199419969311664e-18
cycle=4094 time=1.5211863575699530e-01 dt=1.9839883993862333e-17
cycle=4095 time=1.5211863575699533e-01 dt=3.9679767987724666e-17
cycle=4096 time=1.5211863575699536e-01 dt=7.9359535975449331e-17
cycle=4097 time=1.5211863575699544e-01 dt=1.5871907195089866e-16
cycle=4098 time=1.5211863575699561e-01 dt=3.1743814390179732e-16
cycle=4099 time=1.5211863575699591e-01 dt=6.3487628780359465e-16
cycle=4100 time=1.5211863575699655e-01 dt=1.2697525756071893e-15
cycle=4101 time=1.5211863575699783e-01 dt=2.5395051512143786e-15
cycle=4102 time=1.5211863575700035e-01 dt=5.0790103024287572e-15
cycle=4103 time=1.5211863575700543e-01 dt=1.0158020604857514e-14
cycle=4104 time=1.5211863575701559e-01 dt=2.0316041209715029e-14
cycle=4105 time=1.5211863575703591e-01 dt=4.0632082419430058e-14
cycle=4106 time=1.5211863575707654e-01 dt=8.1264164838860115e-14
cycle=4107 time=1.5211863575715781e-01 dt=1.6252832967772023e-13
cycle=4108 time=1.5211863575732035e-01 dt=3.2505665935544046e-13
cycle=4109 time=1.5211863575764539e-01 dt=6.5011331871088092e-13
cycle=4110 time=1.5211863575829551e-01 dt=1.3002266374217618e-12
cycle=4111 time=1.5211863575959575e-01 dt=2.6004532748435237e-12
cycle=4112 time=1.5211863576219620e-01 dt=5.2009065496870474e-12
cycle=4113 time=1.5211863576739709e-01 dt=1.0401813099374095e-11
cycle=4114 time=1.5211863577779891e-01 dt=2.0803626198748189e-11
cycle=4115 time=1.5211863579860255e-01 dt=4.1607252397496379e-11
cycle=4116 time=1.5211863584020979e-01 dt=8.3214504794992758e-11
cycle=4117 time=1.5211863592342431e-01 dt=1.6642900958998552e-10
cycle=4118 time=1.5211863608985332e-01 dt=3.3285801917997103e-10
cycle=4119 time=1.5211863642271134e-01 dt=6.6571603835994206e-10
cycle=4120 time=1.5211863708842738e-01 dt=1.3314320767198841e-09
cycle=4121 time=1.5211863841985945e-01 dt=2.6628641534397683e-09
cycle=4122 time=1.5211864108272360e-01 dt=5.3257283068795365e-09
cycle=4123 time=1.5211864640845191e-01 dt=1.0651456613759073e-08
cycle=4124 time=1.5211865705990851e-01 dt=2.1302913227518146e-08
cycle=4125 time=1.5211867836282175e-01 dt=4.2605826455036292e-08
cycle=4126 time=1.5211872096864820e-01 dt=8.5211652910072584e-08
cycle=4127 time=1.5211880618030110e-01 dt=1.7042330582014517e-07
cycle=4128 time=1.5211897660360693e-01 dt=3.4084661164029034e-07
cycle=4129 time=1.5211931745021856e-01 dt=6.8169322328058067e-07
cycle=4130 time=1.5211999914344185e-01 dt=1.3633864465611613e-06
cycle=4131 time=1.5212136252988842e-01 dt=2.7267728931223227e-06
cycle=4132 time=1.5212408930278154e-01 dt=3.1737575621467738e-26
cycle=4133 time=1.5212408930278154e-01 dt=6.3475151242935476e-26
cycle=4134 time=1.5212408930278154e-01 dt=1.2695030248587095e-25
cycle=4135 time=1.5212408930278154e-01 dt=2.5390060497174190e-25
cycle=4136 time=1.5212408930278154e-01 dt=5.0780120994348381e-25
cycle=4137 time=1.5212408930278154e-01 dt=1.0156024198869676e-24
cycle=4138 time=1.5212408930278154e-01 dt=2.0312048397739352e-24
cycle=4139 time=1.5212408930278154e-01 dt=4.0624096795478705e-24
cycle=4140 time=1.5212408930278154e-01 dt=8.1248193590957409e-24
cycle=4141 time=1.5212408930278154e-01 dt=1.6249638718191482e-23
cycle=4142 time=1.5212408930278154e-01 dt=3.2499277436382964e-23
cycle=4143 time=1.5212408930278154e-01 dt=6.4998554872765927e-23
cycle=4144 time=1.5212408930278154e-01 dt=1.2999710974553185e-22
cycle=4145 time=1.5212408930278154e-01 dt=2.5999421949106371e-22
cycle=4146 time=1.5212408930278154e-01 dt=5.1998843898212742e-22
cycle=4147 time=1.5212408930278154e-01 dt=1.0399768779642548e-21
cycle=4148 time=1.5212408930278154e-01 dt=2.0799537559285097e-21
cycle=4149 time=1.5212408930278154e-01 dt=4.1599075118570194e-21
cycle=4150 time=1.5212408930278154e-01 dt=8.3198150237140387e-21
cycle=4151 time=1.5212408930278154e-01 dt=1.6639630047428077e-20
cycle=4152 time=1.5212408930278154e-01 dt=3.3279260094856155e-20
cycle=4153 time=1.5212408930278154e-01 dt=6.6558520189712310e-20
cycle=4154 time=1.5212408930278154e-01 dt=1.3311704037942462e-19
cycle=4155 time=1.5212408930278154e-01 dt=2.6623408075884924e-19
cycle=4156 time=1.5212408930278154e-01 dt=5.3246816151769848e-19
cycle=4157 time=1.5212408930278154e-01 dt=1.0649363230353970e-18
cycle=4158 time=1.5212408930278154e-01 dt=2.1298726460707939e-18
cycle=4159 time=1.5212408930278154e-01 dt=4.2597452921415878e-18
cycle=4160 time=1.5212408930278154e-01 dt=8.5194905842831756e-18
cycle=4161 time=1.5212408930278154e-01 dt=1.7038981168566351e-17
cycle=4162 time=1.5212408930278157e-01 dt=3.4077962337132703e-17
cycle=4163 time=1.5212408930278160e-01 dt=6.8155924674265405e-17
cycle=4164 time=1.5212408930278165e-01 dt=1.3631184934853081e-16
cycle=4165 time=1.5212408930278179e-01 dt=2.7262369869706162e-16
cycle=4166 time=1.5212408930278207e-01 dt=5.4524739739412324e-16
cycle=4167 time=1.5212408930278262e-01 dt=1.0904947947882465e-15
cycle=4168 time=1.5212408930278370e-01 dt=2.1809895895764930e-15
cycle=4169 time=1.5212408930278590e-01 dt=4.3619791791529859e-15
cycle=4170 time=1.5212408930279026e-01 dt=8.7239583583059719e-15
cycle=4171 time=1.5212408930279897e-01 dt=1.7447916716611944e-14
cycle=4172 time=1.5212408930281643e-01 dt=3.4895833433223887e-14
cycle=4173 time=1.5212408930285132e-01 dt=6.9791666866447775e-14
cycle=4174 time=1.5212408930292112e-01 dt=1.3958333373289555e-13
cycle=4175 time=1.5212408930306071e-01 dt=2.7916666746579110e-13
cycle=4176 time=1.5212408930333987e-01 dt=5.5833333493158220e-13
cycle=4177 time=1.5212408930389820e-01 dt=1.1166666698631644e-12
cycle=4178 time=1.5212408930501486e-01 dt=2.2333333397263288e-12
cycle=4179 time=1.5212408930724819e-01 dt=4.4666666794526576e-12
cycle=4180 time=1.5212408931171487e-01 dt=8.9333333589053152e-12
cycle=4181 time=1.5212408932064819e-01 dt=1.7866666717810630e-11
cycle=4182 time=1.5212408933851487e-01 dt=3.5733333435621261e-11
cycle=4183 time=1.5212408937424821e-01 dt=7.1466666871242521e-11
cycle=4184 time=1.5212408944571487e-01 dt=1.4293333374248504e-10
cycle=4185 time=1.5212408958864820e-01 dt=2.8586666748497009e-10
cycle=4186 time=1.5212408987451487e-01 dt=5.7173333496994017e-10
cycle=4187 time=1.5212409044624819e-01 dt=1.1434666699398803e-09
cycle=4188 time=1.5212409158971488e-01 dt=2.2869333398797607e-09
cycle=4189 time=1.5212409387664821e-01 dt=4.5738666797595214e-09
cycle=4190 time=1.5212409845051489e-01 dt=9.1477333595190427e-09
cycle=4191 time=1.5212410759824824e-01 dt=1.8295466719038085e-08
cycle=4192 time=1.5212412589371496e-01 dt=3.6590933438076171e-08
cycle=4193 time=1.5212416248464841e-01 dt=7.3181866876152342e-08
cycle=4194 time=1.5212423566651528e-01 dt=1.4636373375230468e-07
cycle=4195 time=1.5212438203024903e-01 dt=2.9272746750460937e-07
cycle=4196 time=1.5212467475771654e-01 dt=5.8545493500921874e-07
cycle=4197 time=1.5212526021265155e-01 dt=1.1709098700184375e-06
cycle=4198 time=1.5212643112252155e-01 dt=2.3418197400368749e-06
cycle=4199 time=1.5212877294226160e-01 dt=5.7007093039739848e-26
cycle=4200 time=1.5212877294226160e-01 dt=1.1401418607947970e-25
cycle=4201 time=1.5212877294226160e-01 dt=2.2802837215895939e-25
cycle=4202 time=1.5212877294226160e-01 dt=4.5605674431791878e-25
cycle=4203 time=1.5212877294226160e-01 dt=7.3961124046102531e-26
cycle=4204 time=1.5212877294226160e-01 dt=1.4792224809220506e-25
cycle=4205 time=1.5212877294226160e-01 dt=2.9584449618441012e-25
cycle=4206 time=1.5212877294226160e-01 dt=5.9168899236882025e-25
cycle=4207 time=1.5212877294226160e-01 dt=1.1833779847376405e-24
cycle=4208 time=1.5212877294226160e-01 dt=2.3667559694752810e-24
cycle=4209 time=1.5212877294226160e-01 dt=4.7335119389505620e-24
cycle=4210 time=1.5212877294226160e-01 dt=9.4670238779011240e-24
cycle=4211 time=1.5212877294226160e-01 dt=1.8934047755802248e-23
cycle=4212 time=1.5212877294226160e-01 dt=3.7868095511604496e-23
cycle=4213 time=1.5212877294226160e-01 dt=7.5736191023208992e-23
cycle=4214 time=1.5212877294226160e-01 dt=1.5147238204641798e-22
cycle=4215 time=1.5212877294226160e-01 dt=3.0294476409283597e-22
cycle=4216 time=1.5212877294226160e-01 dt=6.0588952818567193e-22
cycle=4217 time=1.5212877294226160e-01 dt=1.2117790563713439e-21
cycle=4218 time=1.5212877294226160e-01 dt=2.4235581127426877e-21
cycle=4219 time=1.5212877294226160e-01 dt=4.8471162254853755e-21
cycle=4220 time=1.5212877294226160e-01 dt=9.6942324509707509e-21
cycle=4221 time=1.5212877294226160e-01 dt=1.9388464901941502e-20
cycle=4222 time=1.5212877294226160e-01 dt=3.8776929803883004e-20
cycle=4223 time=1.5212877294226160e-01 dt=7.7553859607766008e-20
cycle=4224 time=1.5212877294226160e-01 dt=1.5510771921553202e-19
cycle=4225 time=1.5212877294226160e-01 dt=3.1021543843106403e-19
cycle=4226 time=1.5212877294226160e-01 dt=6.2043087686212806e-19
cycle=4227 time=1.5212877294226160e-01 dt=1.2408617537242561e-18
cycle=4228 time=1.5212877294226160e-01 dt=2.4817235074485122e-18
cycle=4229 time=1.5212877294226160e-01 dt=4.9634470148970245e-18
cycle=4230 time=1.5212877294226160e-01 dt=9.9268940297940490e-18
cycle=4231 time=1.5212877294226160e-01 dt=1.9853788059588098e-17
cycle=4232 time=1.5212877294226163e-01 dt=3.9707576119176196e-17
cycle=4233 time=1.5212877294226165e-01 dt=7.9415152238352392e-17
cycle=4234 time=1.5212877294226174e-01 dt=1.5883030447670478e-16
cycle=4235 time=1.5212877294226190e-01 dt=3.1766060895340957e-16
cycle=4236 time=1.5212877294226221e-01 dt=6.3532121790681913e-16
cycle=4237 time=1.5212877294226285e-01 dt=1.2706424358136383e-15
cycle=4238 time=1.5212877294226412e-01 dt=2.5412848716272765e-15
cycle=4239 time=1.5212877294226668e-01 dt=5.0825697432545531e-15
cycle=4240 time=1.5212877294227176e-01 dt=1.0165139486509106e-14
cycle=4241 time=1.5212877294228191e-01 dt=2.0330278973018212e-14
cycle=4242 time=1.5212877294230223e-01 dt=4.0660557946036425e-14
cycle=4243 time=1.5212877294234289e-01 dt=8.1321115892072849e-14
cycle=4244 time=1.5212877294242422e-01 dt=1.6264223178414570e-13
cycle=4245 time=1.5212877294258687e-01 dt=3.2528446356829140e-13
cycle=4246 time=1.5212877294291216e-01 dt=6.5056892713658279e-13
cycle=4247 time=1.5212877294356272e-01 dt=1.3011378542731656e-12
cycle=4248 time=1.5212877294486385e-01 dt=2.6022757085463312e-12
cycle=4249 time=1.5212877294746613e-01 dt=5.2045514170926623e-12
cycle=4250 time=1.5212877295267069e-01 dt=1.0409102834185325e-11
cycle=4251 time=1.5212877296307978e-01 dt=2.0818205668370649e-11
cycle=4252 time=1.5212877298389799e-01 dt=4.1636411336741299e-11
cycle=4253 time=1.5212877302553440e-01 dt=8.3272822673482597e-11
cycle=4254 time=1.5212877310880724e-01 dt=1.6654564534696519e-10
cycle=4255 time=1.5212877327535287e-01 dt=3.3309129069393039e-10
cycle=4256 time=1.5212877360844418e-01 dt=6.6618258138786078e-10
cycle=4257 time=1.5212877427462676e-01 dt=1.3323651627757216e-09
cycle=4258 time=1.5212877560699192e-01 dt=2.6647303255514431e-09
cycle=4259 time=1.5212877827172225e-01 dt=5.3294606511028862e-09
cycle=4260 time=1.5212878360118290e-01 dt=1.0658921302205772e-08
cycle=4261 time=1.5212879426010420e-01 dt=2.1317842604411545e-08
cycle=4262 time=1.5212881557794680e-01 dt=4.2635685208823090e-08
cycle=4263 time=1.5212885821363201e-01 dt=8.5271370417646180e-08
cycle=4264 time=1.5212894348500242e-01 dt=1.7054274083529236e-07
cycle=4265 time=1.5212911402774326e-01 dt=3.4108548167058472e-07
cycle=4266 time=1.5212945511322493e-01 dt=6.8217096334116944e-07
cycle=4267 time=1.5213013728418825e-01 dt=1.3643419266823389e-06
cycle=4268 time=1.5213150162611494e-01 dt=2.7286838533646778e-06
cycle=4269 time=1.5213423030996831e-01 dt=4.0554594145254884e-26
cycle=4270 time=1.5213423030996831e-01 dt=8.1109188290509768e-26
cycle=4271 time=1.5213423030996831e-01 dt=1.6221837658101954e-25
cycle=4272 time=1.5213423030996831e-01 dt=3.2443675316203907e-25
cycle=4273 time=1.5213423030996831e-01 dt=6.4887350632407814e-25
cycle=4274 time=1.5213423030996831e-01 dt=1.2977470126481563e-24
cycle=4275 time=1.5213423030996831e-01 dt=2.5954940252963126e-24
cycle=4276 time=1.5213423030996831e-01 dt=5.1909880505926252e-24
cycle=4277 time=1.5213423030996831e-01 dt=1.0381976101185250e-23
cycle=4278 time=1.5213423030996831e-01 dt=2.0763952202370501e-23
cycle=4279 time=1.5213423030996831e-01 dt=4.1527904404741001e-23
cycle=4280 time=1.5213423030996831e-01 dt=8.3055808809482003e-23
cycle=4281 time=1.5213423030996831e-01 dt=1.6611161761896401e-22
cycle=4282 time=1.5213423030996831e-01 dt=3.3222323523792801e-22
cycle=4283 time=1.5213423030996831e-01 dt=6.6444647047585602e-22
cycle=4284 time=1.5213423030996831e-01 dt=1.3288929409517120e-21
cycle=4285 time=1.5213423030996831e-01 dt=2.6577858819034241e-21
cycle=4286 time=1.5213423030996831e-01 dt=5.3155717638068482e-21
cycle=4287 time=1.5213423030996831e-01 dt=1.0631143527613696e-20
cycle=4288 time=1.5213423030996831e-01 dt=2.1262287055227393e-20
cycle=4289 time=1.5213423030996831e-01 dt=4.2524574110454785e-20
cycle=4290 time=1.5213423030996831e-01 dt=8.5049148220909571e-20
cycle=4291 time=1.5213423030996831e-01 dt=1.7009829644181914e-19
cycle=4292 time=1.5213423030996831e-01 dt=3.4019659288363828e-19
cycle=4293 time=1.5213423030996831e-01 dt=6.8039318576727656e-19
cycle=4294 time=1.5213423030996831e-01 dt=1.3607863715345531e-18
cycle=4295 time=1.5213423030996831e-01 dt=2.7215727430691063e-18
cycle=4296 time=1.5213423030996831e-01 dt=5.4431454861382125e-18
cycle=4297 time=1.5213423030996831e-01 dt=1.0886290972276425e-17
cycle=4298 time=1.5213423030996831e-01 dt=2.1772581944552850e-17
cycle=4299 time=1.5213423030996834e-01 dt=4.3545163889105700e-17
cycle=4300 time=1.5213423030996839e-01 dt=8.7090327778211400e-17
cycle=4301 time=1.5213423030996848e-01 dt=1.7418065555642280e-16
cycle=4302 time=1.5213423030996864e-01 dt=3.4836131111284560e-16
cycle=4303 time=1.5213423030996900e-01 dt=6.9672262222569120e-16
cycle=4304 time=1.5213423030996970e-01 dt=1.3934452444513824e-15
cycle=4305 time=1.5213423030997109e-01 dt=2.7868904889027648e-15
cycle=4306 time=1.5213423030997386e-01 dt=5.5737809778055296e-15
cycle=4307 time=1.5213423030997944e-01 dt=1.1147561955611059e-14
cycle=4308 time=1.5213423030999060e-01 dt=2.2295123911222118e-14
cycle=4309 time=1.5213423031001289e-01 dt=4.4590247822444237e-14
cycle=4310 time=1.5213423031005749e-01 dt=8.9180495644888474e-14
cycle=4311 time=1.5213423031014667e-01 dt=1.7836099128977695e-13
cycle=4312 time=1.5213423031032502e-01 dt=3.5672198257955390e-13
cycle=4313 time=1.5213423031068174e-01 dt=7.1344396515910779e-13
cycle=4314 time=1.5213423031139520e-01 dt=1.4268879303182156e-12
cycle=4315 time=1.5213423031282208e-01 dt=2.8537758606364312e-12
cycle=4316 time=1.5213423031567586e-01 dt=5.7075517212728623e-12
cycle=4317 time=1.5213423032138340e-01 dt=1.1415103442545725e-11
cycle=4318 time=1.5213423033279849e-01 dt=2.2830206885091449e-11
cycle=4319 time=1.5213423035562870e-01 dt=4.5660413770182899e-11
cycle=4320 time=1.5213423040128912e-01 dt=9.1320827540365797e-11
cycle=4321 time=1.5213423049260996e-01 dt=1.8264165508073159e-10
cycle=4322 time=1.5213423067525161e-01 dt=3.6528331016146319e-10
cycle=4323 time=1.5213423104053492e-01 dt=7.3056662032292638e-10
cycle=4324 time=1.5213423177110152e-01 dt=1.4611332406458528e-09
cycle=4325 time=1.5213423323223477e-01 dt=2.9222664812917055e-09
cycle=4326 time=1.5213423615450125e-01 dt=5.8445329625834110e-09
cycle=4327 time=1.5213424199903422e-01 dt=1.1689065925166822e-08
cycle=4328 time=1.5213425368810016e-01 dt=2.3378131850333644e-08
cycle=4329 time=1.5213427706623200e-01 dt=4.6756263700667288e-08
cycle=4330 time=1.5213432382249570e-01 dt=9.3512527401334576e-08
cycle=4331 time=1.5213441733502309e-01 dt=1.8702505480266915e-07
cycle=4332 time=1.5213460436007789e-01 dt=3.7405010960533831e-07
cycle=4333 time=1.5213497841018750e-01 dt=7.4810021921067661e-07
cycle=4334 time=1.5213572651040672e-01 dt=1.4962004384213532e-06
cycle=4335 time=1.5213722271084515e-01 dt=2.9924008768427064e-06
cycle=4336 time=1.5214021511172199e-01 dt=3.5724589333766762e-26
cycle=4337 time=1.5214021511172199e-01 dt=7.1449178667533525e-26
cycle=4338 time=1.5214021511172199e-01 dt=1.4289835733506705e-25
cycle=4339 time=1.5214021511172199e-01 dt=2.8579671467013410e-25
cycle=4340 time=1.5214021511172199e-01 dt=5.7159342934026820e-25
cycle=4341 time=1.5214021511172199e-01 dt=1.1431868586805364e-24
cycle=4342 time=1.5214021511172199e-01 dt=2.2863737173610728e-24
cycle=4343 time=1.5214021511172199e-01 dt=4.5727474347221456e-24
cycle=4344 time=1.5214021511172199e-01 dt=9.1454948694442912e-24
cycle=4345 time=1.5214021511172199e-01 dt=1.8290989738888582e-23
cycle=4346 time=1.5214021511172199e-01 dt=3.6581979477777165e-23
cycle=4347 time=1.5214021511172199e-01 dt=7.3163958955554329e-23
cycle=4348 time=1.5214021511172199e-01 dt=1.4632791791110866e-22
cycle=4349 time=1.5214021511172199e-01 dt=2.9265583582221732e-22
cycle=4350 time=1.5214021511172199e-01 dt=5.8531167164443464e-22
cycle=4351 time=1.5214021511172199e-01 dt=1.1706233432888693e-21
cycle=4352 time=1.5214021511172199e-01 dt=2.3412466865777385e-21
cycle=4353 time=1.5214021511172199e-01 dt=4.6824933731554771e-21
cycle=4354 time=1.5214021511172199e-01 dt=9.3649867463109542e-21
cycle=4355 time=1.5214021511172199e-01 dt=1.8729973492621908e-20
cycle=4356 time=1.5214021511172199e-01 dt=3.7459946985243817e-20
cycle=4357 time=1.5214021511172199e-01 dt=7.4919893970487633e-20
cycle=4358 time=1.5214021511172199e-01 dt=1.4983978794097527e-19
cycle=4359 time=1.5214021511172199e-01 dt=2.9967957588195053e-19
cycle=4360 time=1.5214021511172199e-01 dt=5.9935915176390107e-19
cycle=4361 time=1.5214021511172199e-01 dt=1.1987183035278021e-18
cycle=4362 time=1.5214021511172199e-01 dt=2.3974366070556043e-18
cycle=4363 time=1.5214021511172199e-01 dt=4.7948732141112085e-18
cycle=4364 time=1.5214021511172199e-01 dt=9.5897464282224171e-18
cycle=4365 time=1.5214021511172199e-01 dt=1.9179492856444834e-17
cycle=4366 time=1.5214021511172202e-01 dt=3.8358985712889668e-17
cycle=4367 time=1.5214021511172204e-01 dt=7.6717971425779337e-17
cycle=4368 time=1.5214021511172213e-01 dt=1.5343594285155867e-16
cycle=4369 time=1.5214021511172229e-01 dt=3.0687188570311735e-16
cycle=4370 time=1.5214021511172260e-01 dt=6.1374377140623469e-16
cycle=4371 time=1.5214021511172321e-01 dt=1.2274875428124694e-15
cycle=4372 time=1.5214021511172443e-01 dt=2.4549750856249388e-15
cycle=4373 time=1.5214021511172687e-01 dt=4.9099501712498775e-15
cycle=4374 time=1.5214021511173179e-01 dt=9.8199003424997551e-15
cycle=4375 time=1.5214021511174161e-01 dt=1.9639800684999510e-14
cycle=4376 time=1.5214021511176126e-01 dt=3.9279601369999020e-14
cycle=4377 time=1.5214021511180054e-01 dt=7.8559202739998041e-14
cycle=4378 time=1.5214021511187908e-01 dt=1.5711840547999608e-13
cycle=4379 time=1.5214021511203621e-01 dt=3.1423681095999216e-13
cycle=4380 time=1.5214021511235046e-01 dt=6.2847362191998432e-13
cycle=4381 time=1.5214021511297893e-01 dt=1.2569472438399686e-12
cycle=4382 time=1.5214021511423587e-01 dt=2.5138944876799373e-12
cycle=4383 time=1.5214021511674977e-01 dt=5.0277889753598746e-12
cycle=4384 time=1.5214021512177756e-01 dt=1.0055577950719749e-11
cycle=4385 time=1.5214021513183312e-01 dt=2.0111155901439498e-11
cycle=4386 time=1.5214021515194429e-01 dt=4.0222311802878997e-11
cycle=4387 time=1.5214021519216661e-01 dt=8.0444623605757994e-11
cycle=4388 time=1.5214021527261123e-01 dt=1.6088924721151599e-10
cycle=4389 time=1.5214021543350048e-01 dt=3.2177849442303197e-10
cycle=4390 time=1.5214021575527897e-01 dt=6.4355698884606395e-10
cycle=4391 time=1.5214021639883596e-01 dt=1.2871139776921279e-09
cycle=4392 time=1.5214021768594993e-01 dt=2.5742279553842558e-09
cycle=4393 time=1.5214022026017787e-01 dt=5.1484559107685116e-09
cycle=4394 time=1.5214022540863378e-01 dt=1.0296911821537023e-08
cycle=4395 time=1.5214023570554561e-01 dt=2.0593823643074046e-08
cycle=4396 time=1.5214025629936925e-01 dt=4.1187647286148093e-08
cycle=4397 time=1.5214029748701655e-01 dt=8.2375294572296185e-08
cycle=4398 time=1.5214037986231113e-01 dt=1.6475058914459237e-07
cycle=4399 time=1.5214054461290027e-01 dt=3.2950117828918474e-07
cycle=4400 time=1.5214087411407856e-01 dt=6.5900235657836948e-07
cycle=4401 time=1.5214153311643513e-01 dt=1.3180047131567390e-06
cycle=4402 time=1.5214285112114828e-01 dt=2.6360094263134779e-06
cycle=4403 time=1.5214548713057460e-01 dt=2.0791750348968374e-06
cycle=4404 time=1.5214756630560949e-01 dt=3.3588898379975571e-26
cycle=4405 time=1.5214756630560949e-01 dt=6.7177796759951143e-26
cycle=4406 time=1.5214756630560949e-01 dt=1.3435559351990229e-25
cycle=4407 time=1.5214756630560949e-01 dt=2.6871118703980457e-25
cycle=4408 time=1.5214756630560949e-01 dt=5.3742237407960914e-25
cycle=4409 time=1.5214756630560949e-01 dt=1.0748447481592183e-24
cycle=4410 time=1.5214756630560949e-01 dt=2.1496894963184366e-24
cycle=4411 time=1.5214756630560949e-01 dt=4.2993789926368731e-24
cycle=4412 time=1.5214756630560949e-01 dt=8.5987579852737463e-24
cycle=4413 time=1.5214756630560949e-01 dt=1.7197515970547493e-23
cycle=4414 time=1.5214756630560949e-01 dt=3.4395031941094985e-23
cycle=4415 time=1.5214756630560949e-01 dt=6.8790063882189970e-23
cycle=4416 time=1.5214756630560949e-01 dt=1.3758012776437994e-22
cycle=4417 time=1.5214756630560949e-01 dt=2.7516025552875988e-22
cycle=4418 time=1.5214756630560949e-01 dt=5.5032051105751976e-22
cycle=4419 time=1.5214756630560949e-01 dt=1.1006410221150395e-21
cycle=4420 time=1.5214756630560949e-01 dt=2.2012820442300790e-21
cycle=4421 time=1.5214756630560949e-01 dt=4.4025640884601581e-21
cycle=4422 time=1.5214756630560949e-01 dt=8.8051281769203162e-21
cycle=4423 time=1.5214756630560949e-01 dt=1.7610256353840632e-20
cycle=4424 time=1.5214756630560949e-01 dt=3.5220512707681265e-20
cycle=4425 time=1.5214756630560949e-01 dt=7.0441025415362529e-20
cycle=4426 time=1.5214756630560949e-01 dt=1.4088205083072506e-19
cycle=4427 time=1.5214756630560949e-01 dt=2.8176410166145012e-19
cycle=4428 time=1.5214756630560949e-01 dt=5.6352820332290023e-19
cycle=4429 time=1.5214756630560949e-01 dt=1.1270564066458005e-18
cycle=4430 time=1.5214756630560949e-01 dt=2.2541128132916009e-18
cycle=4431 time=1.5214756630560949e-01 dt=4.5082256265832019e-18
cycle=4432 time=1.5214756630560949e-01 dt=9.0164512531664038e-18
cycle=4433 time=1.5214756630560949e-01 dt=1.8032902506332808e-17
cycle=4434 time=1.5214756630560952e-01 dt=3.6065805012665615e-17
cycle=4435 time=1.5214756630560955e-01 dt=7.2131610025331230e-17
cycle=4436 time=1.5214756630560963e-01 dt=1.4426322005066246e-16
cycle=4437 time=1.5214756630560977e-01 dt=2.8852644010132492e-16
cycle=4438 time=1.5214756630561005e-01 dt=5.7705288020264984e-16
cycle=4439 time=1.5214756630561063e-01 dt=1.1541057604052997e-15
cycle=4440 time=1.5214756630561180e-01 dt=2.3082115208105994e-15
cycle=4441 time=1.5214756630561410e-01 dt=4.6164230416211987e-15
cycle=4442 time=1.5214756630561871e-01 dt=9.2328460832423974e-15
cycle=4443 time=1.5214756630562795e-01 dt=1.8465692166484795e-14
cycle=4444 time=1.5214756630564641e-01 dt=3.6931384332969590e-14
cycle=4445 time=1.5214756630568335e-01 dt=7.3862768665939180e-14
cycle=4446 time=1.5214756630575721e-01 dt=1.4772553733187836e-13
cycle=4447 time=1.5214756630590492e-01 dt=2.9545107466375672e-13
cycle=4448 time=1.5214756630620038e-01 dt=5.9090214932751344e-13
cycle=4449 time=1.5214756630679127e-01 dt=1.1818042986550269e-12
cycle=4450 time=1.5214756630797308e-01 dt=2.3636085973100537e-12
cycle=4451 time=1.5214756631033668e-01 dt=4.7272171946201075e-12
cycle=4452 time=1.5214756631506390e-01 dt=9.4544343892402150e-12
cycle=4453 time=1.5214756632451834e-01 dt=1.8908868778480430e-11
cycle=4454 time=1.5214756634342722e-01 dt=3.7817737556960860e-11
cycle=4455 time=1.5214756638124496e-01 dt=7.5635475113921720e-11
cycle=4456 time=1.5214756645688043e-01 dt=1.5127095022784344e-10
cycle=4457 time=1.5214756660815137e-01 dt=3.0254190045568688e-10
cycle=4458 time=1.5214756691069328e-01 dt=6.0508380091137376e-10
cycle=4459 time=1.5214756751577707e-01 dt=1.2101676018227475e-09
cycle=4460 time=1.5214756872594468e-01 dt=2.4203352036454950e-09
cycle=4461 time=1.5214757114627989e-01 dt=4.8406704072909901e-09
cycle=4462 time=1.5214757598695031e-01 dt=9.6813408145819801e-09
cycle=4463 time=1.5214758566829112e-01 dt=1.9362681629163960e-08
cycle=4464 time=1.5214760503097274e-01 dt=3.8725363258327921e-08
cycle=4465 time=1.5214764375633599e-01 dt=7.7450726516655841e-08
cycle=4466 time=1.5214772120706252e-01 dt=1.5490145303331168e-07
cycle=4467 time=1.5214787610851555e-01 dt=3.0980290606662336e-07
cycle=4468 time=1.5214818591142162e-01 dt=6.1960581213324673e-07
cycle=4469 time=1.5214880551723375e-01 dt=1.2392116242664935e-06
cycle=4470 time=1.5215004472885801e-01 dt=2.4784232485329869e-06
cycle=4471 time=1.5215252315210653e-01 dt=4.9568464970659738e-06
cycle=4472 time=1.5215747999860360e-01 dt=1.9332883506028747e-26
cycle=4473 time=1.5215747999860360e-01 dt=3.8665767012057494e-26
cycle=4474 time=1.5215747999860360e-01 dt=7.7331534024114989e-26
cycle=4475 time=1.5215747999860360e-01 dt=1.5466306804822998e-25
cycle=4476 time=1.5215747999860360e-01 dt=3.0932613609645996e-25
cycle=4477 time=1.5215747999860360e-01 dt=6.1865227219291991e-25
cycle=4478 time=1.5215747999860360e-01 dt=1.2373045443858398e-24
cycle=4479 time=1.5215747999860360e-01 dt=2.4746090887716796e-24
cycle=4480 time=1.5215747999860360e-01 dt=4.9492181775433593e-24
cycle=4481 time=1.5215747999860360e-01 dt=9.8984363550867186e-24
cycle=4482 time=1.5215747999860360e-01 dt=1.9796872710173437e-23
cycle=4483 time=1.5215747999860360e-01 dt=3.9593745420346874e-23
cycle=4484 time=1.5215747999860360e-01 dt=7.9187490840693749e-23
cycle=4485 time=1.5215747999860360e-01 dt=1.5837498168138750e-22
cycle=4486 time=1.5215747999860360e-01 dt=3.1674996336277499e-22
cycle=4487 time=1.5215747999860360e-01 dt=6.3349992672554999e-22
cycle=4488 time=1.5215747999860360e-01 dt=1.2669998534511000e-21
cycle=4489 time=1.5215747999860360e-01 dt=2.5339997069022000e-21
cycle=4490 time=1.5215747999860360e-01 dt=5.0679994138043999e-21
cycle=4491 time=1.5215747999860360e-01 dt=1.0135998827608800e-20
cycle=4492 time=1.5215747999860360e-01 dt=2.0271997655217600e-20
cycle=4493 time=1.5215747999860360e-01 dt=4.0543995310435199e-20
cycle=4494 time=1.5215747999860360e-01 dt=8.1087990620870399e-20
cycle=4495 time=1.5215747999860360e-01 dt=1.6217598124174080e-19
cycle=4496 time=1.5215747999860360e-01 dt=3.2435196248348159e-19
cycle=4497 time=1.5215747999860360e-01 dt=6.4870392496696319e-19
cycle=4498 time=1.5215747999860360e-01 dt=1.2974078499339264e-18
cycle=4499 time=1.5215747999860360e-01 dt=2.5948156998678528e-18
cycle=4500 time=1.5215747999860360e-01 dt=5.1896313997357055e-18
cycle=4501 time=1.5215747999860360e-01 dt=1.0379262799471411e-17
cycle=4502 time=1.5215747999860360e-01 dt=2.0758525598942822e-17
cycle=4503 time=1.5215747999860363e-01 dt=4.1517051197885644e-17
cycle=4504 time=1.5215747999860366e-01 dt=8.3034102395771288e-17
cycle=4505 time=1.5215747999860374e-01 dt=1.6606820479154258e-16
cycle=4506 time=1.5215747999860391e-01 dt=3.3213640958308515e-16
cycle=4507 time=1.5215747999860424e-01 dt=6.6427281916617031e-16
cycle=4508 time=1.5215747999860491e-01 dt=1.3285456383323406e-15
cycle=4509 time=1.5215747999860624e-01 dt=2.6570912766646812e-15
cycle=4510 time=1.5215747999860890e-01 dt=5.3141825533293624e-15
cycle=4511 time=1.5215747999861420e-01 dt=1.0628365106658725e-14
cycle=4512 time=1.5215747999862483e-01 dt=2.1256730213317450e-14
cycle=4513 time=1.5215747999864609e-01 dt=4.2513460426634900e-14
cycle=4514 time=1.5215747999868862e-01 dt=8.5026920853269799e-14
cycle=4515 time=1.5215747999877363e-01 dt=1.7005384170653960e-13
cycle=4516 time=1.5215747999894369e-01 dt=3.4010768341307920e-13
cycle=4517 time=1.5215747999928381e-01 dt=6.8021536682615839e-13
cycle=4518 time=1.5215747999996401e-01 dt=1.3604307336523168e-12
cycle=4519 time=1.5215748000132445e-01 dt=2.7208614673046336e-12
cycle=4520 time=1.5215748000404530e-01 dt=5.4417229346092671e-12
cycle=4521 time=1.5215748000948703e-01 dt=1.0883445869218534e-11
cycle=4522 time=1.5215748002037047e-01 dt=2.1766891738437069e-11
cycle=4523 time=1.5215748004213736e-01 dt=4.3533783476874137e-11
cycle=4524 time=1.5215748008567115e-01 dt=8.7067566953748274e-11
cycle=4525 time=1.5215748017273872e-01 dt=1.7413513390749655e-10
cycle=4526 time=1.5215748034687385e-01 dt=3.4827026781499310e-10
cycle=4527 time=1.5215748069514412e-01 dt=6.9654053562998619e-10
cycle=4528 time=1.5215748139168467e-01 dt=1.3930810712599724e-09
cycle=4529 time=1.5215748278476574e-01 dt=2.7861621425199448e-09
cycle=4530 time=1.5215748557092787e-01 dt=5.5723242850398896e-09
cycle=4531 time=1.5215749114325217e-01 dt=1.1144648570079779e-08
cycle=4532 time=1.5215750228790073e-01 dt=2.2289297140159558e-08
cycle=4533 time=1.5215752457719786e-01 dt=4.4578594280319116e-08
cycle=4534 time=1.5215756915579215e-01 dt=8.9157188560638233e-08
cycle=4535 time=1.5215765831298070e-01 dt=1.7831437712127647e-07
cycle=4536 time=1.5215783662735782e-01 dt=3.5662875424255293e-07
cycle=4537 time=1.5215819325611207e-01 dt=7.1325750848510586e-07
cycle=4538 time=1.5215890651362055e-01 dt=1.4265150169702117e-06
cycle=4539 time=1.5216033302863752e-01 dt=2.8530300339404235e-06
cycle=4540 time=1.5216318605867146e-01 dt=5.7060600678808469e-06
cycle=4541 time=1.5216889211873935e-01 dt=2.1882444883012419e-26
cycle=4542 time=1.5216889211873935e-01 dt=4.3764889766024838e-26
cycle=4543 time=1.5216889211873935e-01 dt=8.7529779532049676e-26
cycle=4544 time=1.5216889211873935e-01 dt=1.7505955906409935e-25
cycle=4545 time=1.5216889211873935e-01 dt=3.5011911812819871e-25
cycle=4546 time=1.5216889211873935e-01 dt=7.0023823625639741e-25
cycle=4547 time=1.5216889211873935e-01 dt=1.4004764725127948e-24
cycle=4548 time=1.5216889211873935e-01 dt=2.8009529450255896e-24
cycle=4549 time=1.5216889211873935e-01 dt=5.6019058900511793e-24
cycle=4550 time=1.5216889211873935e-01 dt=1.1203811780102359e-23
cycle=4551 time=1.5216889211873935e-01 dt=2.2407623560204717e-23
cycle=4552 time=1.5216889211873935e-01 dt=4.4815247120409434e-23
cycle=4553 time=1.5216889211873935e-01 dt=8.9630494240818869e-23
cycle=4554 time=1.5216889211873935e-01 dt=1.7926098848163774e-22
cycle=4555 time=1.5216889211873935e-01 dt=3.5852197696327547e-22
cycle=4556 time=1.5216889211873935e-01 dt=7.1704395392655095e-22
cycle=4557 time=1.5216889211873935e-01 dt=1.4340879078531019e-21
cycle=4558 time=1.5216889211873935e-01 dt=2.8681758157062038e-21
cycle=4559 time=1.5216889211873935e-01 dt=5.7363516314124076e-21
cycle=4560 time=1.5216889211873935e-01 dt=1.1472703262824815e-20
cycle=4561 time=1.5216889211873935e-01 dt=2.2945406525649630e-20
cycle=4562 time=1.5216889211873935e-01 dt=4.5890813051299261e-20
cycle=4563 time=1.5216889211873935e-01 dt=9.1781626102598521e-20
cycle=4564 time=1.5216889211873935e-01 dt=1.8356325220519704e-19
cycle=4565 time=1.5216889211873935e-01 dt=3.6712650441039409e-19
cycle=4566 time=1.5216889211873935e-01 dt=7.3425300882078817e-19
cycle=4567 time=1.5216889211873935e-01 dt=1.4685060176415763e-18
cycle=4568 time=1.5216889211873935e-01 dt=2.9370120352831527e-18
cycle=4569 time=1.5216889211873935e-01 dt=5.8740240705663054e-18
cycle=4570 time=1.5216889211873935e-01 dt=1.1748048141132611e-17
cycle=4571 time=1.5216889211873935e-01 dt=2.3496096282265221e-17
cycle=4572 time=1.5216889211873938e-01 dt=4.6992192564530443e-17
cycle=4573 time=1.5216889211873943e-01 dt=9.3984385129060886e-17
cycle=4574 time=1.5216889211873952e-01 dt=1.8796877025812177e-16
cycle=4575 time=1.5216889211873971e-01 dt=3.7593754051624354e-16
cycle=4576 time=1.5216889211874010e-01 dt=7.5187508103248709e-16
cycle=4577 time=1.5216889211874085e-01 dt=1.5037501620649742e-15
cycle=4578 time=1.5216889211874235e-01 dt=3.0075003241299483e-15
cycle=4579 time=1.5216889211874535e-01 dt=6.0150006482598967e-15
cycle=4580 time=1.5216889211875137e-01 dt=1.2030001296519793e-14
cycle=4581 time=1.5216889211876339e-01 dt=2.4060002593039587e-14
cycle=4582 time=1.5216889211878745e-01 dt=4.8120005186079174e-14
cycle=4583 time=1.5216889211883558e-01 dt=9.6240010372158347e-14
cycle=4584 time=1.5216889211893181e-01 dt=1.9248002074431669e-13
cycle=4585 time=1.5216889211912429e-01 dt=3.8496004148863339e-13
cycle=4586 time=1.5216889211950926e-01 dt=7.6992008297726678e-13
cycle=4587 time=1.5216889212027918e-01 dt=1.5398401659545336e-12
cycle=4588 time=1.5216889212181903e-01 dt=3.0796803319090671e-12
cycle=4589 time=1.5216889212489870e-01 dt=6.1593606638181342e-12
cycle=4590 time=1.5216889213105805e-01 dt=1.2318721327636268e-11
cycle=4591 time=1.5216889214337678e-01 dt=2.4637442655272537e-11
cycle=4592 time=1.5216889216801421e-01 dt=4.9274885310545074e-11
cycle=4593 time=1.5216889221728910e-01 dt=9.8549770621090147e-11
cycle=4594 time=1.5216889231583888e-01 dt=1.9709954124218029e-10
cycle=4595 time=1.5216889251293841e-01 dt=3.9419908248436059e-10
cycle=4596 time=1.5216889290713750e-01 dt=7.8839816496872118e-10
cycle=4597 time=1.5216889369553566e-01 dt=1.5767963299374424e-09
cycle=4598 time=1.5216889527233199e-01 dt=3.1535926598748847e-09
cycle=4599 time=1.5216889842592465e-01 dt=6.3071853197497694e-09
cycle=4600 time=1.5216890473310998e-01 dt=1.2614370639499539e-08
cycle=4601 time=1.5216891734748061e-01 dt=2.5228741278999078e-08
cycle=4602 time=1.5216894257622191e-01 dt=5.0457482557998155e-08
cycle=4603 time=1.5216899303370446e-01 dt=1.0091496511599631e-07
cycle=4604 time=1.5216909394866956e-01 dt=2.0182993023199262e-07
cycle=4605 time=1.5216929577859981e-01 dt=4.0365986046398524e-07
cycle=4606 time=1.5216969943846026e-01 dt=8.0731972092797049e-07
cycle=4607 time=1.5217050675818120e-01 dt=1.6146394418559410e-06
cycle=4608 time=1.5217212139762304e-01 dt=3.2292788837118820e-06
cycle=4609 time=1.5217535067650675e-01 dt=5.0248217030192456e-06
cycle=4610 time=1.5218037549820979e-01 dt=4.4702801825305837e-06
cycle=4611 time=1.5218484577839231e-01 dt=3.9414762985409378e-06
cycle=4612 time=1.5218878725469084e-01 dt=3.4926198718380696e-06
cycle=4613 time=1.5219227987456269e-01 dt=2.8254955924971579e-06
cycle=4614 time=1.5219510537015518e-01 dt=1.6848847483235688e-06
cycle=4615 time=1.5219679025490351e-01 dt=1.0584415788204570e-06
cycle=4616 time=1.5219784869648234e-01 dt=7.1315049931956564e-07
cycle=4617 time=1.5219856184698166e-01 dt=5.0642719450060060e-07
cycle=4618 time=1.5219906827417617e-01 dt=3.7945389712499202e-07
cycle=4619 time=1.5219944772807331e-01 dt=2.9993219535412312e-07
cycle=4620 time=1.5219974766026867e-01 dt=2.4953457927977919e-07
cycle=4621 time=1.5219999719484795e-01 dt=2.1755617979001618e-07
cycle=4622 time=1.5220021475102774e-01 dt=1.9752197436881659e-07
cycle=4623 time=1.5220041227300210e-01 dt=1.8548219475096544e-07
cycle=4624 time=1.5220059775519684e-01 dt=1.7898483001703966e-07
cycle=4625 time=1.5220077674002686e-01 dt=1.7648700797944504e-07
cycle=4626 time=1.5220095322703484e-01 dt=1.7700787787378516e-07
cycle=4627 time=1.5220113023491272e-01 dt=1.7991416029184642e-07
cycle=4628 time=1.5220131014907301e-01 dt=1.8481896847801537e-07
cycle=4629 time=1.5220149496804150e-01 dt=1.9148944262640335e-07
cycle=4630 time=1.5220168645748414e-01 dt=1.9979917912557133e-07
cycle=4631 time=1.5220188625666325e-01 dt=2.0969789218687398e-07
cycle=4632 time=1.5220209595455544e-01 dt=2.2119160675524881e-07
cycle=4633 time=1.5220231714616220e-01 dt=2.3432896987442054e-07
cycle=4634 time=1.5220255147513206e-01 dt=2.4919103786211191e-07
cycle=4635 time=1.5220280066616992e-01 dt=2.6589562608047446e-07
cycle=4636 time=1.5220306656179600e-01 dt=2.8457904493467327e-07
cycle=4637 time=1.5220335114084094e-01 dt=3.0537424323867596e-07
cycle=4638 time=1.5220365651508416e-01 dt=3.2705732642996325e-07
cycle=4639 time=1.5220398357241061e-01 dt=3.5115473141514152e-07
cycle=4640 time=1.5220433472714201e-01 dt=3.7775848888365043e-07
cycle=4641 time=1.5220471248563089e-01 dt=4.0692558822158550e-07
cycle=4642 time=1.5220511941121911e-01 dt=4.4152516270692966e-07
cycle=4643 time=1.5220556093638182e-01 dt=4.8158514510262522e-07
cycle=4644 time=1.5220604252152692e-01 dt=5.2630910256965785e-07
cycle=4645 time=1.5220656883062950e-01 dt=5.7461360085511879e-07
cycle=4646 time=1.5220714344423036e-01 dt=6.2511824538920991e-07
cycle=4647 time=1.5220776856247575e-01 dt=6.7609579424209797e-07
cycle=4648 time=1.5220844465826999e-01 dt=7.2511965612123391e-07
cycle=4649 time=1.5220916977792612e-01 dt=7.6826296646087564e-07
cycle=4650 time=1.5220993804089258e-01 dt=8.1507325781902984e-07
cycle=4651 time=1.5221075311415042e-01 dt=8.6720368052930903e-07
cycle=4652 time=1.5221162031783095e-01 dt=9.2917797508500471e-07
cycle=4653 time=1.5221254949580604e-01 dt=1.0003863312918933e-06
cycle=4654 time=1.5221354988213734e-01 dt=1.0796488943137807e-06
cycle=4655 time=1.5221462953103165e-01 dt=1.1650857992656477e-06
cycle=4656 time=1.5221579461683091e-01 dt=1.2539879865223026e-06
cycle=4657 time=1.5221704860481744e-01 dt=1.3811296783221064e-06
cycle=4658 time=1.5221842973449576e-01 dt=1.5711264612258057e-06
cycle=4659 time=1.5222000086095699e-01 dt=1.8597203860435951e-06
cycle=4660 time=1.5222186058134304e-01 dt=2.2741360860187213e-06
cycle=4661 time=1.5222413471742907e-01 dt=4.5482721720374427e-06
cycle=4662 time=1.5222868298960110e-01 dt=5.5404451186571408e-06
cycle=4663 time=1.5223422343471976e-01 dt=5.1195470789917576e-06
cycle=4664 time=1.5223934298179875e-01 dt=4.0073145802982290e-06
cycle=4665 time=1.5224335029637906e-01 dt=3.2018236792189419e-06
cycle=4666 time=1.5224655212005828e-01 dt=2.8296913066961580e-06
cycle=4667 time=1.5224938181136496e-01 dt=2.7161997929328467e-06
cycle=4668 time=1.5225209801115791e-01 dt=2.6696094480509446e-06
cycle=4669 time=1.5225476762060597e-01 dt=2.7360105594054929e-06
cycle=4670 time=1.5225750363116539e-01 dt=2.9303678567706706e-06
cycle=4671 time=1.5226043399902214e-01 dt=3.2212076953818228e-06
cycle=4672 time=1.5226365520671753e-01 dt=3.5196813046000512e-06
cycle=4673 time=1.5226717488802213e-01 dt=3.3627344621631727e-06
cycle=4674 time=1.5227053762248430e-01 dt=3.2255002678458489e-06
cycle=4675 time=1.5227376312275215e-01 dt=3.1111488988561566e-06
cycle=4676 time=1.5227687427165101e-01 dt=3.0197321851805754e-06
cycle=4677 time=1.5227989400383621e-01 dt=2.9521743937890184e-06
cycle=4678 time=1.5228284617822999e-01 dt=2.9037694175530553e-06
cycle=4679 time=1.5228574994764754e-01 dt=2.8738763232547645e-06
cycle=4680 time=1.5228862382397079e-01 dt=2.8559649873334015e-06
cycle=4681 time=1.5229147978895813e-01 dt=2.8429763785744431e-06
cycle=4682 time=1.5229432276533669e-01 dt=2.8335614866368215e-06
cycle=4683 time=1.5229715632682334e-01 dt=2.8267771316225107e-06
cycle=4684 time=1.5229998310395496e-01 dt=2.8219727235249403e-06
cycle=4685 time=1.5230280507667848e-01 dt=2.8186793346107845e-06
cycle=4686 time=1.5230562375601309e-01 dt=2.8165164548641111e-06
cycle=4687 time=1.5230844027246795e-01 dt=2.8151522786744407e-06
cycle=4688 time=1.5231125542474663e-01 dt=2.8145701804009866e-06
cycle=4689 time=1.5231406999492703e-01 dt=2.8149450633535965e-06
cycle=4690 time=1.5231688493999038e-01 dt=2.8163357811543723e-06
cycle=4691 time=1.5231970127577152e-01 dt=2.8186214158920141e-06
cycle=4692 time=1.5232251989718740e-01 dt=2.8213501113190301e-06
cycle=4693 time=1.5232534124729871e-01 dt=2.8240176442003928e-06
cycle=4694 time=1.5232816526494292e-01 dt=2.8262085184994148e-06
cycle=4695 time=1.5233099147346141e-01 dt=2.8276516449786754e-06
cycle=4696 time=1.5233381912510638e-01 dt=2.7526355482373766e-06
cycle=4697 time=1.5233657176065463e-01 dt=2.5239885779687891e-06
cycle=4698 time=1.5233909574923260e-01 dt=2.3402905484360935e-06
cycle=4699 time=1.5234143603978104e-01 dt=2.2173101531232884e-06
cycle=4700 time=1.5234365334993416e-01 dt=2.2153526283208545e-06
cycle=4701 time=1.5234586870256248e-01 dt=2.2464013857495052e-06
cycle=4702 time=1.5234811510394822e-01 dt=2.2229416254929643e-06
cycle=4703 time=1.5235033804557371e-01 dt=2.3211507941333428e-06
cycle=4704 time=1.5235265919636784e-01 dt=2.5238249881726824e-06
cycle=4705 time=1.5235518302135601e-01 dt=2.8396665967928420e-06
cycle=4706 time=1.5235802268795279e-01 dt=3.1340635115997816e-06
cycle=4707 time=1.5236115675146439e-01 dt=3.1625820524484804e-06
cycle=4708 time=1.5236431933351682e-01 dt=3.1670675931868798e-06
cycle=4709 time=1.5236748640111000e-01 dt=3.1525557004850944e-06
cycle=4710 time=1.5237063895681049e-01 dt=3.1252885715168355e-06
cycle=4711 time=1.5237376424538202e-01 dt=3.0909882978722287e-06
cycle=4712 time=1.5237685523367989e-01 dt=3.0506028764977592e-06
cycle=4713 time=1.5237990583655639e-01 dt=2.8431675435087664e-06
cycle=4714 time=1.5238274900409990e-01 dt=2.6971382595227095e-06
cycle=4715 time=1.5238544614235941e-01 dt=2.6218230893704675e-06
cycle=4716 time=1.5238806796544879e-01 dt=2.5744459348940617e-06
cycle=4717 time=1.5239064241138370e-01 dt=2.4243047408235973e-06
cycle=4718 time=1.5239306671612451e-01 dt=2.2948083589735340e-06
cycle=4719 time=1.5239536152448349e-01 dt=2.1849263746911113e-06
cycle=4720 time=1.5239754645085818e-01 dt=2.0939428533893598e-06
cycle=4721 time=1.5239964039371157e-01 dt=2.0212532887906286e-06
cycle=4722 time=1.5240166164700036e-01 dt=1.9650554835065867e-06
cycle=4723 time=1.5240362670248386e-01 dt=1.9236024548943295e-06
cycle=4724 time=1.5240555030493877e-01 dt=1.8951973024147474e-06
cycle=4725 time=1.5240744550224120e-01 dt=1.8780193735124189e-06
cycle=4726 time=1.5240932352161471e-01 dt=1.8702653258922260e-06
cycle=4727 time=1.5241119378694060e-01 dt=1.8703166652147708e-06
cycle=4728 time=1.5241306410360581e-01 dt=2.1972908855550442e-06
cycle=4729 time=1.5241526139449135e-01 dt=3.1287345532681847e-06
cycle=4730 time=1.5241839012904462e-01 dt=3.0634880270289506e-06
cycle=4731 time=1.5242145361707166e-01 dt=2.9473887261446037e-06
cycle=4732 time=1.5242440100579779e-01 dt=2.8331820697575849e-06
cycle=4733 time=1.5242723418786755e-01 dt=2.7580709157459798e-06
cycle=4734 time=1.5242999225878329e-01 dt=2.7406272040770678e-06
cycle=4735 time=1.5243273288598735e-01 dt=2.7834202796276797e-06
cycle=4736 time=1.5243551630626698e-01 dt=2.8854967402040009e-06
cycle=4737 time=1.5243840180300719e-01 dt=3.0477271723853157e-06
cycle=4738 time=1.5244144953017957e-01 dt=2.8691996635652197e-06
cycle=4739 time=1.5244431872984313e-01 dt=2.7395634035845280e-06
cycle=4740 time=1.5244705829324670e-01 dt=2.7519267245447343e-06
cycle=4741 time=1.5244981021997125e-01 dt=2.8861288888497692e-06
cycle=4742 time=1.5245269634886011e-01 dt=3.1336644842949213e-06
cycle=4743 time=1.5245583001334440e-01 dt=3.5135730556802690e-06
cycle=4744 time=1.5245934358640006e-01 dt=3.1774864257733223e-06
cycle=4745 time=1.5246252107282585e-01 dt=2.7871042730736361e-06
cycle=4746 time=1.5246530817709891e-01 dt=2.4780044141550345e-06
cycle=4747 time=1.5246778618151308e-01 dt=2.3007515933886726e-06
cycle=4748 time=1.5247008693310646e-01 dt=2.3299865236559043e-06
cycle=4749 time=1.5247241691963012e-01 dt=2.4530712011183177e-06
cycle=4750 time=1.5247486999083124e-01 dt=2.6771631905288514e-06
cycle=4751 time=1.5247754715402176e-01 dt=3.0191524653096707e-06
cycle=4752 time=1.5248056630648707e-01 dt=3.2221844159251990e-06
cycle=4753 time=1.5248378849090299e-01 dt=3.0461874072074683e-06
cycle=4754 time=1.5248683467831020e-01 dt=2.8704228575889097e-06
cycle=4755 time=1.5248970510116780e-01 dt=2.7435918661265232e-06
cycle=4756 time=1.5249244869303394e-01 dt=2.6748727531468867e-06
cycle=4757 time=1.5249512356578709e-01 dt=2.6454294908435395e-06
cycle=4758 time=1.5249776899527795e-01 dt=2.6285644010114405e-06
cycle=4759 time=1.5250039755967895e-01 dt=2.6153162082797442e-06
cycle=4760 time=1.5250301287588724e-01 dt=2.6024024053200273e-06
cycle=4761 time=1.5250561527829257e-01 dt=2.5906426673247043e-06
cycle=4762 time=1.5250820592095990e-01 dt=2.5785158279475189e-06
cycle=4763 time=1.5251078443678784e-01 dt=2.5643993000371707e-06
cycle=4764 time=1.5251334883608789e-01 dt=2.5477160125198176e-06
cycle=4765 time=1.5251589655210041e-01 dt=2.5287445554299056e-06
cycle=4766 time=1.5251842529665582e-01 dt=2.5081770170116178e-06
cycle=4767 time=1.5252093347367285e-01 dt=2.4867283427729950e-06
cycle=4768 time=1.5252342020201562e-01 dt=2.4649580372284916e-06
cycle=4769 time=1.5252588516005286e-01 dt=2.4432191896391039e-06
cycle=4770 time=1.5252832837924249e-01 dt=2.4216793872681282e-06
cycle=4771 time=1.5253075005862976e-01 dt=2.4003944114272532e-06
cycle=4772 time=1.5253315045304119e-01 dt=2.3794409276554340e-06
cycle=4773 time=1.5253552989396885e-01 dt=2.3589046674487082e-06
cycle=4774 time=1.5253788879863631e-01 dt=2.3388487242536619e-06
cycle=4775 time=1.5254022764736055e-01 dt=2.3193049541539520e-06
cycle=4776 time=1.5254254695231470e-01 dt=2.3005705902047760e-06
cycle=4777 time=1.5254484752290490e-01 dt=2.2824433007143434e-06
cycle=4778 time=1.5254712996620562e-01 dt=2.2647169201955956e-06
cycle=4779 time=1.5254939468312581e-01 dt=2.2472812867251861e-06
cycle=4780 time=1.5255164196441254e-01 dt=2.2301109068744086e-06
cycle=4781 time=1.5255387207531942e-01 dt=2.2132284709280923e-06
cycle=4782 time=1.5255608530379036e-01 dt=2.1966687157798609e-06
cycle=4783 time=1.5255828197250615e-01 dt=2.1804619432828661e-06
cycle=4784 time=1.5256046243444943e-01 dt=2.1646261157286702e-06
cycle=4785 time=1.5256262706056517e-01 dt=2.1491654508614053e-06
cycle=4786 time=1.5256477622601602e-01 dt=2.1340730168805183e-06
cycle=4787 time=1.5256691029903291e-01 dt=2.1193349052820282e-06
cycle=4788 time=1.5256902963393820e-01 dt=2.1049338205579650e-06
cycle=4789 time=1.5257113456775875e-01 dt=2.0908508182063290e-06
cycle=4790 time=1.5257322541857696e-01 dt=2.0771354682721287e-06
cycle=4791 time=1.5257530255404522e-01 dt=2.0637316652877953e-06
cycle=4792 time=1.5257736628571050e-01 dt=2.0505940654377046e-06
cycle=4793 time=1.5257941687977594e-01 dt=2.0377052797567860e-06
cycle=4794 time=1.5258145458505570e-01 dt=2.0250616297211464e-06
cycle=4795 time=1.5258347964668542e-01 dt=2.0126670247178622e-06
cycle=4796 time=1.5258549231371013e-01 dt=2.0005285613317285e-06
cycle=4797 time=1.5258749284227147e-01 dt=1.9886505226438230e-06
cycle=4798 time=1.5258948149279411e-01 dt=1.9770317522527164e-06
cycle=4799 time=1.5259145852454636e-01 dt=1.9656668629577376e-06
cycle=4800 time=1.5259342419140931e-01 dt=1.9545488340466381e-06
cycle=4801 time=1.5259537874024337e-01 dt=1.9436693475966568e-06
cycle=4802 time=1.5259732240959098e-01 dt=1.9330190276966389e-06
cycle=4803 time=1.5259925542861869e-01 dt=1.9225883045424979e-06
cycle=4804 time=1.5260117801692322e-01 dt=1.9123681789474767e-06
cycle=4805 time=1.5260309038510217e-01 dt=1.9023506652863237e-06
cycle=4806 time=1.5260499273576744e-01 dt=1.8925289446163851e-06
cycle=4807 time=1.5260688526471206e-01 dt=1.8828972724850704e-06
cycle=4808 time=1.5260876816198454e-01 dt=1.8734511067366489e-06
cycle=4809 time=1.5261064161309129e-01 dt=1.8641859687779373e-06
cycle=4810 time=1.5261250579906008e-01 dt=1.8550971061597457e-06
cycle=4811 time=1.5261436089616623e-01 dt=1.8461796965740997e-06
cycle=4812 time=1.5261620707586279e-01 dt=1.8374289174301434e-06
cycle=4813 time=1.5261804450478023e-01 dt=1.8455854705352719e-06
cycle=4814 time=1.5261989009025076e-01 dt=1.8928105168872129e-06
cycle=4815 time=1.5262178290076764e-01 dt=1.9731174148575125e-06
cycle=4816 time=1.5262375601818248e-01 dt=2.0799876912823384e-06
cycle=4817 time=1.5262583600587376e-01 dt=2.2067773477416471e-06
cycle=4818 time=1.5262804278322151e-01 dt=2.3467471210497400e-06
cycle=4819 time=1.5263038953034255e-01 dt=2.4927499496308228e-06
cycle=4820 time=1.5263288228029218e-01 dt=2.6377265343650230e-06
cycle=4821 time=1.5263552000682654e-01 dt=2.7831037211563529e-06
cycle=4822 time=1.5263830311054769e-01 dt=2.9324299126143032e-06
cycle=4823 time=1.5264123554046030e-01 dt=3.0873316796347461e-06
cycle=4824 time=1.5264432287213994e-01 dt=2.8986273867259645e-06
cycle=4825 time=1.5264722149952667e-01 dt=2.6267035766270293e-06
cycle=4826 time=1.5264984820310329e-01 dt=2.4299971706295502e-06
cycle=4827 time=1.5265227820027391e-01 dt=2.0630376509845716e-06
cycle=4828 time=1.5265434123792490e-01 dt=1.7595616635093006e-06
cycle=4829 time=1.5265610079958841e-01 dt=1.5558143003775971e-06
cycle=4830 time=1.5265765661388880e-01 dt=1.4174103287332109e-06
cycle=4831 time=1.5265907402421755e-01 dt=1.3227348475708101e-06
cycle=4832 time=1.5266039675906512e-01 dt=1.2575427305526786e-06
cycle=4833 time=1.5266165430179568e-01 dt=1.2125708304177373e-06
cycle=4834 time=1.5266286687262609e-01 dt=1.1818500125725574e-06
cycle=4835 time=1.5266404872263867e-01 dt=1.1611277913878182e-06
cycle=4836 time=1.5266520985043006e-01 dt=1.1482980746780705e-06
cycle=4837 time=1.5266635814850474e-01 dt=1.1413853810842417e-06
cycle=4838 time=1.5266749953388581e-01 dt=1.1380155114225841e-06
cycle=4839 time=1.5266863754939722e-01 dt=1.3437314306006828e-06
cycle=4840 time=1.5266998128082782e-01 dt=2.6874628612013655e-06
cycle=4841 time=1.5267266874368901e-01 dt=3.7951495340758080e-06
cycle=4842 time=1.5267646389322309e-01 dt=3.9979220106068333e-06
cycle=4843 time=1.5268046181523370e-01 dt=3.3836088848197154e-06
cycle=4844 time=1.5268384542411853e-01 dt=2.8200774829126930e-06
cycle=4845 time=1.5268666550160145e-01 dt=2.3034821238304257e-06
cycle=4846 time=1.5268896898372528e-01 dt=1.8453845809614035e-06
cycle=4847 time=1.5269081436830623e-01 dt=1.4682904051958863e-06
cycle=4848 time=1.5269228265871143e-01 dt=1.2504155508953913e-06
cycle=4849 time=1.5269353307426234e-01 dt=1.1453835331318821e-06
cycle=4850 time=1.5269467845779547e-01 dt=1.0917075018948495e-06
cycle=4851 time=1.5269577016529737e-01 dt=1.0592635006236368e-06
cycle=4852 time=1.5269682942879800e-01 dt=1.0388822204298248e-06
cycle=4853 time=1.5269786831101842e-01 dt=1.0749805827270879e-06
cycle=4854 time=1.5269894329160114e-01 dt=1.2624075823937021e-06
cycle=4855 time=1.5270020569918352e-01 dt=1.7516460286634273e-06
cycle=4856 time=1.5270195734521219e-01 dt=2.9868315151575325e-06
cycle=4857 time=1.5270494417672734e-01 dt=4.4708890999521449e-06
cycle=4858 time=1.5270941506582728e-01 dt=4.0250876672425683e-06
cycle=4859 time=1.5271344015349453e-01 dt=3.4955128807576222e-06
cycle=4860 time=1.5271693566637529e-01 dt=3.0407803684263414e-06
cycle=4861 time=1.5271997644674370e-01 dt=2.7508473508964688e-06
cycle=4862 time=1.5272272729409461e-01 dt=2.6381678866092989e-06
cycle=4863 time=1.5272536546198123e-01 dt=2.6001922743987838e-06
cycle=4864 time=1.5272796565425564e-01 dt=2.5795491409172820e-06
cycle=4865 time=1.5273054520339657e-01 dt=2.5702423788504043e-06
cycle=4866 time=1.5273311544577542e-01 dt=2.5675463415295280e-06
cycle=4867 time=1.5273568299211696e-01 dt=2.5690773720586026e-06
cycle=4868 time=1.5273825206948902e-01 dt=2.5729907029596762e-06
cycle=4869 time=1.5274082506019199e-01 dt=2.5779027443122457e-06
cycle=4870 time=1.5274340296293629e-01 dt=2.5828215991277738e-06
cycle=4871 time=1.5274598578453541e-01 dt=2.4907595122703475e-06
cycle=4872 time=1.5274847654404769e-01 dt=2.4363158313149859e-06
cycle=4873 time=1.5275091285987902e-01 dt=2.5965363790658585e-06
cycle=4874 time=1.5275350939625809e-01 dt=2.6336537149877458e-06
cycle=4875 time=1.5275614304997309e-01 dt=2.3774636736804990e-06
cycle=4876 time=1.5275852051364677e-01 dt=2.0646466723570739e-06
cycle=4877 time=1.5276058516031912e-01 dt=1.9296847326615950e-06
cycle=4878 time=1.5276251484505179e-01 dt=2.0160238440851407e-06
cycle=4879 time=1.5276453086889588e-01 dt=2.3905383297011682e-06
cycle=4880 time=1.5276692140722559e-01 dt=2.2655924290267666e-06
cycle=4881 time=1.5276918699965461e-01 dt=1.8961436923420567e-06
cycle=4882 time=1.5277108314334695e-01 dt=1.6419208318481404e-06
cycle=4883 time=1.5277272506417880e-01 dt=1.4736210431226112e-06
cycle=4884 time=1.5277419868522193e-01 dt=1.3643781569490923e-06
cycle=4885 time=1.5277556306337889e-01 dt=1.2929338463274823e-06
cycle=4886 time=1.5277685599722521e-01 dt=1.2489795145001421e-06
cycle=4887 time=1.5277810497673971e-01 dt=1.2223840728795230e-06
cycle=4888 time=1.5277932736081259e-01 dt=1.2064445214941796e-06
cycle=4889 time=1.5278053380533410e-01 dt=1.1968858265115249e-06
cycle=4890 time=1.5278173069116061e-01 dt=1.1910123723406325e-06
cycle=4891 time=1.5278292170353294e-01 dt=1.1871199274388700e-06
cycle=4892 time=1.5278410882346039e-01 dt=1.1846780730909697e-06
cycle=4893 time=1.5278529350153347e-01 dt=1.7266309009151784e-06
cycle=4894 time=1.5278702013243439e-01 dt=3.4532618018303568e-06
cycle=4895 time=1.5279047339423621e-01 dt=4.1884332918876136e-06
cycle=4896 time=1.5279466182752810e-01 dt=3.6347609403108129e-06
cycle=4897 time=1.5279829658846841e-01 dt=3.0500680999879901e-06
cycle=4898 time=1.5280134665656839e-01 dt=2.5879951214043935e-06
cycle=4899 time=1.5280393465168979e-01 dt=2.3515989590027539e-06
cycle=4900 time=1.5280628625064879e-01 dt=2.2889007043416709e-06
cycle=4901 time=1.5280857515135313e-01 dt=2.2585058901152211e-06
cycle=4902 time=1.5281083365724324e-01 dt=2.2453562580496955e-06
cycle=4903 time=1.5281307901350130e-01 dt=2.2441290133061003e-06
cycle=4904 time=1.5281532314251461e-01 dt=2.2505437382904039e-06
cycle=4905 time=1.5281757368625290e-01 dt=2.2612088333255895e-06
cycle=4906 time=1.5281983489508622e-01 dt=2.2735113514409019e-06
cycle=4907 time=1.5282210840643765e-01 dt=2.2855421569965881e-06
cycle=4908 time=1.5282439394859465e-01 dt=2.2960144373916086e-06
cycle=4909 time=1.5282668996303203e-01 dt=2.3041707958308482e-06
cycle=4910 time=1.5282899413382786e-01 dt=2.3102651044984850e-06
cycle=4911 time=1.5283130439893236e-01 dt=2.3158968859776896e-06
cycle=4912 time=1.5283362029581835e-01 dt=2.3174135263213200e-06
cycle=4913 time=1.5283593770934467e-01 dt=2.3134733073964798e-06
cycle=4914 time=1.5283825118265207e-01 dt=2.3057385431408764e-06
cycle=4915 time=1.5284055692119522e-01 dt=2.2961710708346985e-06
cycle=4916 time=1.5284285309226606e-01 dt=2.2863102040978825e-06
cycle=4917 time=1.5284513940247016e-01 dt=2.2770360776606275e-06
cycle=4918 time=1.5284741643854782e-01 dt=2.2686616876791701e-06
cycle=4919 time=1.5284968510023550e-01 dt=2.2611742708224229e-06
cycle=4920 time=1.5285194627450632e-01 dt=2.2543997796486160e-06
cycle=4921 time=1.5285420067428598e-01 dt=2.2481173139839500e-06
cycle=4922 time=1.5285644879159996e-01 dt=2.2421211594894892e-06
cycle=4923 time=1.5285869091275944e-01 dt=2.2362815158001574e-06
cycle=4924 time=1.5286092719427524e-01 dt=2.2305335311694208e-06
cycle=4925 time=1.5286315772780640e-01 dt=2.2248584352095845e-06
cycle=4926 time=1.5286538258624160e-01 dt=2.2192643353339478e-06
cycle=4927 time=1.5286760185057693e-01 dt=2.2137629104607472e-06
cycle=4928 time=1.5286981561348739e-01 dt=2.2083607990765202e-06
cycle=4929 time=1.5287202397428648e-01 dt=2.2030609175672916e-06
cycle=4930 time=1.5287422703520404e-01 dt=2.1978622227554303e-06
cycle=4931 time=1.5287642489742678e-01 dt=2.1927609760837786e-06
cycle=4932 time=1.5287861765840285e-01 dt=2.0901170997461030e-06
cycle=4933 time=1.5288070777550261e-01 dt=1.7532607771413231e-06
cycle=4934 time=1.5288246103627975e-01 dt=1.5330199265775493e-06
cycle=4935 time=1.5288399405620634e-01 dt=1.4021443586543163e-06
cycle=4936 time=1.5288539620056499e-01 dt=1.3253294748136921e-06
cycle=4937 time=1.5288672153003979e-01 dt=1.2803687781039689e-06
cycle=4938 time=1.5288800189881790e-01 dt=1.2546677919961855e-06
cycle=4939 time=1.5288925656660990e-01 dt=1.2406005580871651e-06
cycle=4940 time=1.5289049716716799e-01 dt=1.2334889328810333e-06
cycle=4941 time=1.5289173065610087e-01 dt=1.2304421756975135e-06
cycle=4942 time=1.5289296109827658e-01 dt=1.2296591506911265e-06
cycle=4943 time=1.5289419075742727e-01 dt=2.4593183013822530e-06
cycle=4944 time=1.5289665007572867e-01 dt=3.2109713997593370e-06
cycle=4945 time=1.5289986104712844e-01 dt=3.0143902146011018e-06
cycle=4946 time=1.5290287543734304e-01 dt=2.6970199742980374e-06
cycle=4947 time=1.5290557245731734e-01 dt=2.3828244267121889e-06
cycle=4948 time=1.5290795528174406e-01 dt=2.1530058796004479e-06
cycle=4949 time=1.5291010828762366e-01 dt=2.0622331590496595e-06
cycle=4950 time=1.5291217052078271e-01 dt=2.0309786947583297e-06
cycle=4951 time=1.5291420149947746e-01 dt=2.0137611169456658e-06
cycle=4952 time=1.5291621526059440e-01 dt=2.0070325435528737e-06
cycle=4953 time=1.5291822229313795e-01 dt=2.0077439465549165e-06
cycle=4954 time=1.5292023003708449e-01 dt=2.0133682981220973e-06
cycle=4955 time=1.5292224340538260e-01 dt=2.0218452017298703e-06
cycle=4956 time=1.5292426525058433e-01 dt=2.0315820099093742e-06
cycle=4957 time=1.5292629683259423e-01 dt=2.0413417130796328e-06
cycle=4958 time=1.5292833817430732e-01 dt=2.0502314805380558e-06
cycle=4959 time=1.5293038840578785e-01 dt=2.0576588401236477e-06
cycle=4960 time=1.5293244606462797e-01 dt=2.0633454166159757e-06
cycle=4961 time=1.5293450941004458e-01 dt=2.0686363091456840e-06
cycle=4962 time=1.5293657804635372e-01 dt=2.0724740642597964e-06
cycle=4963 time=1.5293865052041797e-01 dt=2.0724545277621886e-06
cycle=4964 time=1.5294072297494574e-01 dt=2.0689766778556384e-06
cycle=4965 time=1.5294279195162358e-01 dt=2.0632778976909315e-06
cycle=4966 time=1.5294485522952128e-01 dt=2.0565429501170035e-06
cycle=4967 time=1.5294691177247141e-01 dt=2.0496156487112902e-06
cycle=4968 time=1.5294896138812011e-01 dt=2.0429643670919575e-06
cycle=4969 time=1.5295100435248721e-01 dt=2.0367553351671492e-06
cycle=4970 time=1.5295304110782237e-01 dt=2.0309687582989866e-06
cycle=4971 time=1.5295507207658068e-01 dt=1.9230202672186154e-06
cycle=4972 time=1.5295699509684790e-01 dt=1.8221007663819927e-06
cycle=4973 time=1.5295881719761428e-01 dt=1.7466706650065922e-06
cycle=4974 time=1.5296056386827930e-01 dt=1.7460275131282383e-06
cycle=4975 time=1.5296230989579243e-01 dt=1.8455476854421114e-06
cycle=4976 time=1.5296415544347788e-01 dt=2.0306324563942931e-06
cycle=4977 time=1.5296618607593429e-01 dt=2.1492459244704872e-06
cycle=4978 time=1.5296833532185877e-01 dt=2.1224365989296460e-06
cycle=4979 time=1.5297045775845769e-01 dt=2.0740153777941503e-06
cycle=4980 time=1.5297253177383549e-01 dt=2.0239270584334076e-06
cycle=4981 time=1.5297455570089391e-01 dt=1.9837943556282260e-06
cycle=4982 time=1.5297653949524953e-01 dt=1.9574405612039051e-06
cycle=4983 time=1.5297849693581073e-01 dt=1.9438300896165321e-06
cycle=4984 time=1.5298044076590034e-01 dt=1.9356942281468041e-06
cycle=4985 time=1.5298237646012849e-01 dt=1.9297300974304483e-06
cycle=4986 time=1.5298430619022593e-01 dt=1.9245780986916813e-06
cycle=4987 time=1.5298623076832463e-01 dt=1.9196486577395593e-06
cycle=4988 time=1.5298815041698235e-01 dt=1.9151298025430701e-06
cycle=4989 time=1.5299006554678490e-01 dt=1.9108059647261825e-06
cycle=4990 time=1.5299197635274964e-01 dt=1.9061231172002445e-06
cycle=4991 time=1.5299388247586684e-01 dt=1.9007038702739285e-06
cycle=4992 time=1.5299578317973711e-01 dt=1.8943696579030796e-06
cycle=4993 time=1.5299767754939500e-01 dt=1.8871519591335968e-06
cycle=4994 time=1.5299956470135415e-01 dt=1.8792094966163612e-06
cycle=4995 time=1.5300144391085077e-01 dt=1.8707479218174008e-06
cycle=4996 time=1.5300331465877259e-01 dt=1.5786400708891895e-06
cycle=4997 time=1.5300489329884348e-01 dt=1.3671737061202890e-06
cycle=4998 time=1.5300626047254959e-01 dt=1.2393792477594723e-06
cycle=4999 time=1.5300749985179735e-01 dt=1.1674791933166379e-06
cycle=5000 time=1.5300866733099067e-01 dt=1.1292912288461013e-06
cycle=5001 time=1.5300979662221950e-01 dt=1.1099555969046162e-06
cycle=5002 time=1.5301090657781641e-01 dt=1.1017909300195098e-06
cycle=5003 time=1.5301200836874643e-01 dt=1.1001888166020265e-06
cycle=5004 time=1.5301310855756303e-01 dt=1.1023479224355238e-06
cycle=5005 time=1.5301421090548548e-01 dt=2.2046958448710476e-06
cycle=5006 time=1.5301641560133034e-01 dt=2.5501482226501666e-06
cycle=5007 time=1.5301896574955298e-01 dt=2.4492081513333534e-06
cycle=5008 time=1.5302141495770433e-01 dt=2.2481652330094287e-06
cycle=5009 time=1.5302366312293733e-01 dt=2.0208436208089661e-06
cycle=5010 time=1.5302568396655813e-01 dt=1.8258208244160047e-06
cycle=5011 time=1.5302750978738255e-01 dt=1.7032340052161752e-06
cycle=5012 time=1.5302921302138778e-01 dt=1.6613506728809065e-06
cycle=5013 time=1.5303087437206067e-01 dt=1.6376917653962381e-06
cycle=5014 time=1.5303251206382606e-01 dt=1.6224505470733528e-06
cycle=5015 time=1.5303413451437314e-01 dt=1.6135827766390178e-06
cycle=5016 time=1.5303574809714979e-01 dt=1.6093037277811218e-06
cycle=5017 time=1.5303735740087757e-01 dt=1.6081057926243155e-06
cycle=5018 time=1.5303896550667018e-01 dt=1.6087514617809948e-06
cycle=5019 time=1.5304057425813195e-01 dt=1.6102316402068104e-06
cycle=5020 time=1.5304218448977217e-01 dt=1.6119824959370977e-06
cycle=5021 time=1.5304379647226810e-01 dt=1.6139978802425484e-06
cycle=5022 time=1.5304541047014833e-01 dt=1.6158448300515119e-06
cycle=5023 time=1.5304702631497838e-01 dt=1.6156274492889807e-06
cycle=5024 time=1.5304864194242768e-01 dt=1.6125818776989769e-06
cycle=5025 time=1.5305025452430537e-01 dt=1.6066706457383092e-06
cycle=5026 time=1.5305186119495112e-01 dt=1.5983740173763991e-06
cycle=5027 time=1.5305345956896849e-01 dt=1.5884787577539161e-06
cycle=5028 time=1.5305504804772624e-01 dt=1.5777776438306461e-06
cycle=5029 time=1.5305662582537008e-01 dt=1.5669113893447565e-06
cycle=5030 time=1.5305819273675941e-01 dt=1.5563058878624709e-06
cycle=5031 time=1.5305974904264727e-01 dt=1.5461733745247842e-06
cycle=5032 time=1.5306129521602180e-01 dt=1.5365690880900791e-06
cycle=5033 time=1.5306283178510988e-01 dt=1.5274467357058484e-06
cycle=5034 time=1.5306435923184558e-01 dt=1.5187082387839237e-06
cycle=5035 time=1.5306587794008436e-01 dt=1.5102419902069410e-06
cycle=5036 time=1.5306738818207458e-01 dt=1.5019466141547782e-06
cycle=5037 time=1.5306889012868874e-01 dt=1.4937454213114952e-06
cycle=5038 time=1.5307038387411004e-01 dt=1.4856208826034129e-06
cycle=5039 time=1.5307186949499263e-01 dt=1.4775606879804274e-06
cycle=5040 time=1.5307334705568060e-01 dt=1.4695534021992868e-06
cycle=5041 time=1.5307481660908279e-01 dt=1.4615984267764130e-06
cycle=5042 time=1.5307627820750958e-01 dt=1.4537036550453592e-06
cycle=5043 time=1.5307773191116461e-01 dt=1.4458804913250280e-06
cycle=5044 time=1.5307917779165595e-01 dt=1.4381406167246809e-06
cycle=5045 time=1.5308061593227268e-01 dt=1.4304938710557269e-06
cycle=5046 time=1.5308204642614373e-01 dt=1.4229474056589074e-06
cycle=5047 time=1.5308346937354939e-01 dt=1.4155053574180098e-06
cycle=5048 time=1.5308488487890681e-01 dt=1.4081692346595372e-06
cycle=5049 time=1.5308629304814148e-01 dt=1.4009381233328479e-06
cycle=5050 time=1.5308769398626482e-01 dt=1.3938091907767919e-06
cycle=5051 time=1.5308908779545560e-01 dt=1.3867790537949181e-06
cycle=5052 time=1.5309047457450939e-01 dt=1.3798447099008293e-06
cycle=5053 time=1.5309185441921930e-01 dt=1.3730036786739736e-06
cycle=5054 time=1.5309322742289797e-01 dt=1.3662543185634279e-06
cycle=5055 time=1.5309459367721653e-01 dt=1.3595931507453685e-06
cycle=5056 time=1.5309595327036729e-01 dt=1.3530186118891562e-06
cycle=5057 time=1.5309730628897919e-01 dt=1.3465317736140376e-06
cycle=5058 time=1.5309865282075280e-01 dt=1.3401531203060782e-06
cycle=5059 time=1.5309999297387311e-01 dt=1.3812429492963557e-06
cycle=5060 time=1.5310137421682241e-01 dt=1.5128102208005958e-06
cycle=5061 time=1.5310288702704319e-01 dt=1.7931440560796202e-06
cycle=5062 time=1.5310468017109927e-01 dt=2.2755988389116396e-06
cycle=5063 time=1.5310695576993819e-01 dt=2.1548794312458068e-06
cycle=5064 time=1.5310911064936944e-01 dt=1.9354638486534568e-06
cycle=5065 time=1.5311104611321810e-01 dt=1.6917350096408472e-06
cycle=5066 time=1.5311273784822774e-01 dt=1.4715000198628498e-06
cycle=5067 time=1.5311420934824760e-01 dt=1.3204460873855274e-06
cycle=5068 time=1.5311552979433499e-01 dt=1.2689743987661836e-06
cycle=5069 time=1.5311679876873374e-01 dt=1.2535582088864005e-06
cycle=5070 time=1.5311805232694262e-01 dt=1.2517372836350461e-06
cycle=5071 time=1.5311930406422625e-01 dt=1.2587627338072458e-06
cycle=5072 time=1.5312056282696004e-01 dt=1.2670047013670498e-06
cycle=5073 time=1.5312182983166142e-01 dt=1.2746904654998825e-06
cycle=5074 time=1.5312310452212693e-01 dt=1.2818195916501206e-06
cycle=5075 time=1.5312438634171857e-01 dt=1.3045449226102062e-06
cycle=5076 time=1.5312569088664119e-01 dt=1.3951150373574574e-06
cycle=5077 time=1.5312708600167854e-01 dt=1.6387801248443453e-06
cycle=5078 time=1.5312872478180339e-01 dt=2.1405228672167207e-06
cycle=5079 time=1.5313086530467060e-01 dt=3.0849215229561522e-06
cycle=5080 time=1.5313395022619355e-01 dt=3.8270383777897673e-06
cycle=5081 time=1.5313777726457134e-01 dt=3.2609328987991172e-06
cycle=5082 time=1.5314103819747013e-01 dt=2.7199482410915706e-06
cycle=5083 time=1.5314375814571121e-01 dt=2.2816623857839742e-06
cycle=5084 time=1.5314603980809699e-01 dt=2.0159264921567765e-06
cycle=5085 time=1.5314805573458914e-01 dt=1.9115271111716597e-06
cycle=5086 time=1.5314996726170033e-01 dt=1.8661772418122544e-06
cycle=5087 time=1.5315183343894215e-01 dt=1.8365080211072396e-06
cycle=5088 time=1.5315366994696325e-01 dt=1.8187237403392676e-06
cycle=5089 time=1.5315548867070358e-01 dt=1.8097410507835693e-06
cycle=5090 time=1.5315729841175438e-01 dt=1.8070150483058672e-06
cycle=5091 time=1.5315910542680269e-01 dt=1.8084385341721352e-06
cycle=5092 time=1.5316091386533687e-01 dt=1.8122794807738564e-06
cycle=5093 time=1.5316272614481763e-01 dt=1.8171424336979655e-06
cycle=5094 time=1.5316454328725132e-01 dt=1.8219404084235153e-06
cycle=5095 time=1.5316636522765975e-01 dt=1.8258675308096078e-06
cycle=5096 time=1.5316819109519056e-01 dt=1.8283674837390500e-06
cycle=5097 time=1.5317001946267431e-01 dt=1.8305206416103007e-06
cycle=5098 time=1.5317184998331593e-01 dt=1.8292885582723922e-06
cycle=5099 time=1.5317367927187420e-01 dt=1.8236129303088224e-06
cycle=5100 time=1.5317550288480450e-01 dt=1.8233391010227086e-06
cycle=5101 time=1.5317732622390551e-01 dt=1.8914689315667515e-06
cycle=5102 time=1.5317921769283707e-01 dt=1.9918433857230899e-06
cycle=5103 time=1.5318120953622280e-01 dt=1.9085704537992562e-06
cycle=5104 time=1.5318311810667659e-01 dt=1.8159732695361248e-06
cycle=5105 time=1.5318493407994613e-01 dt=1.7337383005884298e-06
cycle=5106 time=1.5318666781824672e-01 dt=1.6721199712948670e-06
cycle=5107 time=1.5318833993821801e-01 dt=1.6331823240576500e-06
cycle=5108 time=1.5318997312054206e-01 dt=1.6130168053987892e-06
cycle=5109 time=1.5319158613734746e-01 dt=1.6010525586624531e-06
cycle=5110 time=1.5319318718990613e-01 dt=1.5941792633181915e-06
cycle=5111 time=1.5319478136916945e-01 dt=1.5904282598900577e-06
cycle=5112 time=1.5319637179742934e-01 dt=1.5875257757657189e-06
cycle=5113 time=1.5319795932320510e-01 dt=1.5836934517084586e-06
cycle=5114 time=1.5319954301665681e-01 dt=1.5780258170156376e-06
cycle=5115 time=1.5320112104247383e-01 dt=1.5703449318822421e-06
cycle=5116 time=1.5320269138740572e-01 dt=1.5609680002703197e-06
cycle=5117 time=1.5320425235540600e-01 dt=1.5504604231303136e-06
cycle=5118 time=1.5320580281582913e-01 dt=1.5390797265507857e-06
cycle=5119 time=1.5320734189555568e-01 dt=1.5274072379514965e-06
cycle=5120 time=1.5320886930279362e-01 dt=1.5159334999418541e-06
cycle=5121 time=1.5321038523629357e-01 dt=1.5044547086255190e-06
cycle=5122 time=1.5321188969100219e-01 dt=1.4932806232140514e-06
cycle=5123 time=1.5321338297162540e-01 dt=1.5365916286726913e-06
cycle=5124 time=1.5321491956325406e-01 dt=1.7063585323819183e-06
cycle=5125 time=1.5321662592178645e-01 dt=2.0504198139679593e-06
cycle=5126 time=1.5321867634160041e-01 dt=2.6336207598636840e-06
cycle=5127 time=1.5322130996236027e-01 dt=3.5336414103874291e-06
cycle=5128 time=1.5322484360377067e-01 dt=4.4059040109440550e-06
cycle=5129 time=1.5322924950778161e-01 dt=3.5147242040892981e-06
cycle=5130 time=1.5323276423198570e-01 dt=7.1306562649295465e-26
cycle=5131 time=1.5323276423198570e-01 dt=1.4261312529859093e-25
cycle=5132 time=1.5323276423198570e-01 dt=2.8522625059718186e-25
cycle=5133 time=1.5323276423198570e-01 dt=5.7045250119436372e-25
cycle=5134 time=1.5323276423198570e-01 dt=1.1409050023887274e-24
cycle=5135 time=1.5323276423198570e-01 dt=2.2818100047774549e-24
cycle=5136 time=1.5323276423198570e-01 dt=4.5636200095549098e-24
cycle=5137 time=1.5323276423198570e-01 dt=9.1272400191098195e-24
cycle=5138 time=1.5323276423198570e-01 dt=1.8254480038219639e-23
cycle=5139 time=1.5323276423198570e-01 dt=3.6508960076439278e-23
cycle=5140 time=1.5323276423198570e-01 dt=7.3017920152878556e-23
cycle=5141 time=1.5323276423198570e-01 dt=1.4603584030575711e-22
cycle=5142 time=1.5323276423198570e-01 dt=2.9207168061151422e-22
cycle=5143 time=1.5323276423198570e-01 dt=5.8414336122302845e-22
cycle=5144 time=1.5323276423198570e-01 dt=1.1682867224460569e-21
cycle=5145 time=1.5323276423198570e-01 dt=2.3365734448921138e-21
cycle=5146 time=1.5323276423198570e-01 dt=4.6731468897842276e-21
cycle=5147 time=1.5323276423198570e-01 dt=9.3462937795684552e-21
cycle=5148 time=1.5323276423198570e-01 dt=1.8692587559136910e-20
cycle=5149 time=1.5323276423198570e-01 dt=3.7385175118273821e-20
cycle=5150 time=1.5323276423198570e-01 dt=7.4770350236547642e-20
cycle=5151 time=1.5323276423198570e-01 dt=1.4954070047309528e-19
cycle=5152 time=1.5323276423198570e-01 dt=2.9908140094619057e-19
cycle=5153 time=1.5323276423198570e-01 dt=5.9816280189238113e-19
cycle=5154 time=1.5323276423198570e-01 dt=1.1963256037847623e-18
cycle=5155 time=1.5323276423198570e-01 dt=2.3926512075695245e-18
cycle=5156 time=1.5323276423198570e-01 dt=4.7853024151390491e-18
cycle=5157 time=1.5323276423198570e-01 dt=9.5706048302780981e-18
cycle=5158 time=1.5323276423198570e-01 dt=1.9141209660556196e-17
cycle=5159 time=1.5323276423198573e-01 dt=3.8282419321112392e-17
cycle=5160 time=1.5323276423198576e-01 dt=7.6564838642224785e-17
cycle=5161 time=1.5323276423198584e-01 dt=1.5312967728444957e-16
cycle=5162 time=1.5323276423198601e-01 dt=3.0625935456889914e-16
cycle=5163 time=1.5323276423198631e-01 dt=6.1251870913779828e-16
cycle=5164 time=1.5323276423198692e-01 dt=1.2250374182755966e-15
cycle=5165 time=1.5323276423198814e-01 dt=2.4500748365511931e-15
cycle=5166 time=1.5323276423199059e-01 dt=4.9001496731023862e-15
cycle=5167 time=1.5323276423199550e-01 dt=9.8002993462047725e-15
cycle=5168 time=1.5323276423200530e-01 dt=1.9600598692409545e-14
cycle=5169 time=1.5323276423202489e-01 dt=3.9201197384819090e-14
cycle=5170 time=1.5323276423206408e-01 dt=7.8402394769638180e-14
cycle=5171 time=1.5323276423214249e-01 dt=1.5680478953927636e-13
cycle=5172 time=1.5323276423229928e-01 dt=3.1360957907855272e-13
cycle=5173 time=1.5323276423261289e-01 dt=6.2721915815710544e-13
cycle=5174 time=1.5323276423324012e-01 dt=1.2544383163142109e-12
cycle=5175 time=1.5323276423449456e-01 dt=2.5088766326284218e-12
cycle=5176 time=1.5323276423700344e-01 dt=5.0177532652568435e-12
cycle=5177 time=1.5323276424202120e-01 dt=1.0035506530513687e-11
cycle=5178 time=1.5323276425205670e-01 dt=2.0071013061027374e-11
cycle=5179 time=1.5323276427212770e-01 dt=4.0142026122054748e-11
cycle=5180 time=1.5323276431226973e-01 dt=8.0284052244109496e-11
cycle=5181 time=1.5323276439255379e-01 dt=1.6056810448821899e-10
cycle=5182 time=1.5323276455312190e-01 dt=3.2113620897643798e-10
cycle=5183 time=1.5323276487425810e-01 dt=6.4227241795287597e-10
cycle=5184 time=1.5323276551653053e-01 dt=1.2845448359057519e-09
cycle=5185 time=1.5323276680107537e-01 dt=2.5690896718115039e-09
cycle=5186 time=1.5323276937016503e-01 dt=5.1381793436230077e-09
cycle=5187 time=1.5323277450834438e-01 dt=1.0276358687246015e-08
cycle=5188 time=1.5323278478470306e-01 dt=2.0552717374492031e-08
cycle=5189 time=1.5323280533742042e-01 dt=4.1105434748984062e-08
cycle=5190 time=1.5323284644285518e-01 dt=8.2210869497968124e-08
cycle=5191 time=1.5323292865372468e-01 dt=1.6442173899593625e-07
cycle=5192 time=1.5323309307546368e-01 dt=3.2884347799187250e-07
cycle=5193 time=1.5323342191894168e-01 dt=6.5768695598374499e-07
cycle=5194 time=1.5323407960589766e-01 dt=1.2031756256560141e-06
cycle=5195 time=1.5323528278152332e-01 dt=3.2112144181684173e-25
cycle=5196 time=1.5323528278152332e-01 dt=6.4224288363368345e-25
cycle=5197 time=1.5323528278152332e-01 dt=1.2844857672673669e-24
cycle=5198 time=1.5323528278152332e-01 dt=2.5689715345347338e-24
cycle=5199 time=1.5323528278152332e-01 dt=5.1379430690694676e-24
cycle=5200 time=1.5323528278152332e-01 dt=1.0275886138138935e-23
cycle=5201 time=1.5323528278152332e-01 dt=2.0551772276277870e-23
cycle=5202 time=1.5323528278152332e-01 dt=4.1103544552555741e-23
cycle=5203 time=1.5323528278152332e-01 dt=8.2207089105111482e-23
cycle=5204 time=1.5323528278152332e-01 dt=1.6441417821022296e-22
cycle=5205 time=1.5323528278152332e-01 dt=3.2882835642044593e-22
cycle=5206 time=1.5323528278152332e-01 dt=6.5765671284089185e-22
cycle=5207 time=1.5323528278152332e-01 dt=1.3153134256817837e-21
cycle=5208 time=1.5323528278152332e-01 dt=2.6306268513635674e-21
cycle=5209 time=1.5323528278152332e-01 dt=5.2612537027271348e-21
cycle=5210 time=1.5323528278152332e-01 dt=1.0522507405454270e-20
cycle=5211 time=1.5323528278152332e-01 dt=2.1045014810908539e-20
cycle=5212 time=1.5323528278152332e-01 dt=4.2090029621817079e-20
cycle=5213 time=1.5323528278152332e-01 dt=8.4180059243634157e-20
cycle=5214 time=1.5323528278152332e-01 dt=1.6836011848726831e-19
cycle=5215 time=1.5323528278152332e-01 dt=3.3672023697453663e-19
cycle=5216 time=1.5323528278152332e-01 dt=6.7344047394907326e-19
cycle=5217 time=1.5323528278152332e-01 dt=1.3468809478981465e-18
cycle=5218 time=1.5323528278152332e-01 dt=2.6937618957962930e-18
cycle=5219 time=1.5323528278152332e-01 dt=5.3875237915925861e-18
cycle=5220 time=1.5323528278152332e-01 dt=1.0775047583185172e-17
cycle=5221 time=1.5323528278152332e-01 dt=2.1550095166370344e-17
cycle=5222 time=1.5323528278152335e-01 dt=4.3100190332740688e-17
cycle=5223 time=1.5323528278152340e-01 dt=8.6200380665481377e-17
cycle=5224 time=1.5323528278152349e-01 dt=1.7240076133096275e-16
cycle=5225 time=1.5323528278152365e-01 dt=3.4480152266192551e-16
cycle=5226 time=1.5323528278152398e-01 dt=6.8960304532385102e-16
cycle=5227 time=1.5323528278152468e-01 dt=1.3792060906477020e-15
cycle=5228 time=1.5323528278152607e-01 dt=2.7584121812954041e-15
cycle=5229 time=1.5323528278152881e-01 dt=5.5168243625908081e-15
cycle=5230 time=1.5323528278153434e-01 dt=1.1033648725181616e-14
cycle=5231 time=1.5323528278154538e-01 dt=2.2067297450363233e-14
cycle=5232 time=1.5323528278156745e-01 dt=4.4134594900726465e-14
cycle=5233 time=1.5323528278161158e-01 dt=8.8269189801452930e-14
cycle=5234 time=1.5323528278169984e-01 dt=1.7653837960290586e-13
cycle=5235 time=1.5323528278187637e-01 dt=3.5307675920581172e-13
cycle=5236 time=1.5323528278222945e-01 dt=7.0615351841162344e-13
cycle=5237 time=1.5323528278293561e-01 dt=1.4123070368232469e-12
cycle=5238 time=1.5323528278434792e-01 dt=2.8246140736464938e-12
cycle=5239 time=1.5323528278717252e-01 dt=5.6492281472929875e-12
cycle=5240 time=1.5323528279282175e-01 dt=1.1298456294585975e-11
cycle=5241 time=1.5323528280412022e-01 dt=2.2596912589171950e-11
cycle=5242 time=1.5323528282671714e-01 dt=4.5193825178343900e-11
cycle=5243 time=1.5323528287191096e-01 dt=9.0387650356687800e-11
cycle=5244 time=1.5323528296229860e-01 dt=1.8077530071337560e-10
cycle=5245 time=1.5323528314307391e-01 dt=3.6155060142675120e-10
cycle=5246 time=1.5323528350462451e-01 dt=7.2310120285350240e-10
cycle=5247 time=1.5323528422772570e-01 dt=1.4462024057070048e-09
cycle=5248 time=1.5323528567392811e-01 dt=2.8924048114140096e-09
cycle=5249 time=1.5323528856633292e-01 dt=5.7848096228280192e-09
cycle=5250 time=1.5323529435114255e-01 dt=1.1569619245656038e-08
cycle=5251 time=1.5323530592076179e-01 dt=2.3139238491312077e-08
cycle=5252 time=1.5323532906000029e-01 dt=4.6278476982624154e-08
cycle=5253 time=1.5323537533847728e-01 dt=9.2556953965248308e-08
cycle=5254 time=1.5323546789543124e-01 dt=1.8511390793049662e-07
cycle=5255 time=1.5323565300933917e-01 dt=3.7022781586099323e-07
cycle=5256 time=1.5323602323715502e-01 dt=7.4045563172198646e-07
cycle=5257 time=1.5323676369278674e-01 dt=5.9024236918595517e-25
cycle=5258 time=1.5323676369278674e-01 dt=1.1804847383719103e-24
cycle=5259 time=1.5323676369278674e-01 dt=2.3609694767438207e-24
cycle=5260 time=1.5323676369278674e-01 dt=4.7219389534876413e-24
cycle=5261 time=1.5323676369278674e-01 dt=9.4438779069752827e-24
cycle=5262 time=1.5323676369278674e-01 dt=1.8887755813950565e-23
cycle=5263 time=1.5323676369278674e-01 dt=3.7775511627901131e-23
cycle=5264 time=1.5323676369278674e-01 dt=7.5551023255802261e-23
cycle=5265 time=1.5323676369278674e-01 dt=1.5110204651160452e-22
cycle=5266 time=1.5323676369278674e-01 dt=3.0220409302320905e-22
cycle=5267 time=1.5323676369278674e-01 dt=6.0440818604641809e-22
cycle=5268 time=1.5323676369278674e-01 dt=1.2088163720928362e-21
cycle=5269 time=1.5323676369278674e-01 dt=2.4176327441856724e-21
cycle=5270 time=1.5323676369278674e-01 dt=4.8352654883713447e-21
cycle=5271 time=1.5323676369278674e-01 dt=9.6705309767426895e-21
cycle=5272 time=1.5323676369278674e-01 dt=1.9341061953485379e-20
cycle=5273 time=1.5323676369278674e-01 dt=3.8682123906970758e-20
cycle=5274 time=1.5323676369278674e-01 dt=7.7364247813941516e-20
cycle=5275 time=1.5323676369278674e-01 dt=1.5472849562788303e-19
cycle=5276 time=1.5323676369278674e-01 dt=3.0945699125576606e-19
cycle=5277 time=1.5323676369278674e-01 dt=6.1891398251153213e-19
cycle=5278 time=1.5323676369278674e-01 dt=1.2378279650230643e-18
cycle=5279 time=1.5323676369278674e-01 dt=2.4756559300461285e-18
cycle=5280 time=1.5323676369278674e-01 dt=4.9513118600922570e-18
cycle=5281 time=1.5323676369278674e-01 dt=9.9026237201845140e-18
cycle=5282 time=1.5323676369278674e-01 dt=1.9805247440369028e-17
cycle=5283 time=1.5323676369278677e-01 dt=3.9610494880738056e-17
cycle=5284 time=1.5323676369278680e-01 dt=7.9220989761476112e-17
cycle=5285 time=1.5323676369278688e-01 dt=1.5844197952295222e-16
cycle=5286 time=1.5323676369278705e-01 dt=3.1688395904590445e-16
cycle=5287 time=1.5323676369278735e-01 dt=6.3376791809180890e-16
cycle=5288 time=1.5323676369278799e-01 dt=1.2675358361836178e-15
cycle=5289 time=1.5323676369278927e-01 dt=2.5350716723672356e-15
cycle=5290 time=1.5323676369279179e-01 dt=5.0701433447344712e-15
cycle=5291 time=1.5323676369279687e-01 dt=1.0140286689468942e-14
cycle=5292 time=1.5323676369280700e-01 dt=2.0280573378937885e-14
cycle=5293 time=1.5323676369282729e-01 dt=4.0561146757875769e-14
cycle=5294 time=1.5323676369286784e-01 dt=8.1122293515751539e-14
cycle=5295 time=1.5323676369294897e-01 dt=1.6224458703150308e-13
cycle=5296 time=1.5323676369311121e-01 dt=3.2448917406300615e-13
cycle=5297 time=1.5323676369343570e-01 dt=6.4897834812601231e-13
cycle=5298 time=1.5323676369408468e-01 dt=1.2979566962520246e-12
cycle=5299 time=1.5323676369538264e-01 dt=2.5959133925040492e-12
cycle=5300 time=1.5323676369797856e-01 dt=5.1918267850080985e-12
cycle=5301 time=1.5323676370317038e-01 dt=1.0383653570016197e-11
cycle=5302 time=1.5323676371355405e-01 dt=2.0767307140032394e-11
cycle=5303 time=1.5323676373432135e-01 dt=4.1534614280064788e-11
cycle=5304 time=1.5323676377585596e-01 dt=8.3069228560129576e-11
cycle=5305 time=1.5323676385892518e-01 dt=1.6613845712025915e-10
cycle=5306 time=1.5323676402506364e-01 dt=3.3227691424051830e-10
cycle=5307 time=1.5323676435734054e-01 dt=6.6455382848103661e-10
cycle=5308 time=1.5323676502189437e-01 dt=1.3291076569620732e-09
cycle=5309 time=1.5323676635100203e-01 dt=2.6582153139241464e-09
cycle=5310 time=1.5323676900921734e-01 dt=5.3164306278482928e-09
cycle=5311 time=1.5323677432564797e-01 dt=1.0632861255696586e-08
cycle=5312 time=1.5323678495850923e-01 dt=2.1265722511393171e-08
cycle=5313 time=1.5323680622423175e-01 dt=4.2531445022786343e-08
cycle=5314 time=1.5323684875567678e-01 dt=8.5062890045572685e-08
cycle=5315 time=1.5323693381856682e-01 dt=1.7012578009114537e-07
cycle=5316 time=1.5323710394434692e-01 dt=3.4025156018229074e-07
cycle=5317 time=1.5323744419590710e-01 dt=6.8050312036458148e-07
cycle=5318 time=1.5323812469902745e-01 dt=1.9320067099309688e-07
cycle=5319 time=1.5323831789969844e-01 dt=6.7757965512701706e-25
cycle=5320 time=1.5323831789969844e-01 dt=1.3551593102540341e-24
cycle=5321 time=1.5323831789969844e-01 dt=2.7103186205080682e-24
cycle=5322 time=1.5323831789969844e-01 dt=5.4206372410161365e-24
cycle=5323 time=1.5323831789969844e-01 dt=1.0841274482032273e-23
cycle=5324 time=1.5323831789969844e-01 dt=2.1682548964064546e-23
cycle=5325 time=1.5323831789969844e-01 dt=4.3365097928129092e-23
cycle=5326 time=1.5323831789969844e-01 dt=8.6730195856258184e-23
cycle=5327 time=1.5323831789969844e-01 dt=1.7346039171251637e-22
cycle=5328 time=1.5323831789969844e-01 dt=3.4692078342503274e-22
cycle=5329 time=1.5323831789969844e-01 dt=6.9384156685006547e-22
cycle=5330 time=1.5323831789969844e-01 dt=1.3876831337001309e-21
cycle=5331 time=1.5323831789969844e-01 dt=2.7753662674002619e-21
cycle=5332 time=1.5323831789969844e-01 dt=5.5507325348005238e-21
cycle=5333 time=1.5323831789969844e-01 dt=1.1101465069601048e-20
cycle=5334 time=1.5323831789969844e-01 dt=2.2202930139202095e-20
cycle=5335 time=1.5323831789969844e-01 dt=4.4405860278404190e-20
cycle=5336 time=1.5323831789969844e-01 dt=8.8811720556808380e-20
cycle=5337 time=1.5323831789969844e-01 dt=1.7762344111361676e-19
cycle=5338 time=1.5323831789969844e-01 dt=3.5524688222723352e-19
cycle=5339 time=1.5323831789969844e-01 dt=7.1049376445446704e-19
cycle=5340 time=1.5323831789969844e-01 dt=1.4209875289089341e-18
cycle=5341 time=1.5323831789969844e-01 dt=2.8419750578178682e-18
cycle=5342 time=1.5323831789969844e-01 dt=5.6839501156357363e-18
cycle=5343 time=1.5323831789969844e-01 dt=1.1367900231271473e-17
cycle=5344 time=1.5323831789969844e-01 dt=2.2735800462542945e-17
cycle=5345 time=1.5323831789969847e-01 dt=4.5471600925085891e-17
cycle=5346 time=1.5323831789969852e-01 dt=9.0943201850171781e-17
cycle=5347 time=1.5323831789969861e-01 dt=1.8188640370034356e-16
cycle=5348 time=1.5323831789969880e-01 dt=3.6377280740068713e-16
cycle=5349 time=1.5323831789969916e-01 dt=7.2754561480137425e-16
cycle=5350 time=1.5323831789969988e-01 dt=1.4550912296027485e-15
cycle=5351 time=1.5323831789970133e-01 dt=2.9101824592054970e-15
cycle=5352 time=1.5323831789970424e-01 dt=5.8203649184109940e-15
cycle=5353 time=1.5323831789971007e-01 dt=1.1640729836821988e-14
cycle=5354 time=1.5323831789972170e-01 dt=2.3281459673643976e-14
cycle=5355 time=1.5323831789974499e-01 dt=4.6562919347287952e-14
cycle=5356 time=1.5323831789979156e-01 dt=9.3125838694575904e-14
cycle=5357 time=1.5323831789988468e-01 dt=1.8625167738915181e-13
cycle=5358 time=1.5323831790007092e-01 dt=3.7250335477830362e-13
cycle=5359 time=1.5323831790044343e-01 dt=7.4500670955660723e-13
cycle=5360 time=1.5323831790118844e-01 dt=1.4900134191132145e-12
cycle=5361 time=1.5323831790267844e-01 dt=2.9800268382264289e-12
cycle=5362 time=1.5323831790565848e-01 dt=5.9600536764528579e-12
cycle=5363 time=1.5323831791161854e-01 dt=1.1920107352905716e-11
cycle=5364 time=1.5323831792353865e-01 dt=2.3840214705811431e-11
cycle=5365 time=1.5323831794737885e-01 dt=4.7680429411622863e-11
cycle=5366 time=1.5323831799505930e-01 dt=9.5360858823245726e-11
cycle=5367 time=1.5323831809042016e-01 dt=1.9072171764649145e-10
cycle=5368 time=1.5323831828114187e-01 dt=3.8144343529298290e-10
cycle=5369 time=1.5323831866258530e-01 dt=7.6288687058596581e-10
cycle=5370 time=1.5323831942547217e-01 dt=1.5257737411719316e-09
cycle=5371 time=1.5323832095124590e-01 dt=3.0515474823438632e-09
cycle=5372 time=1.5323832400279339e-01 dt=6.1030949646877265e-09
cycle=5373 time=1.5323833010588836e-01 dt=1.2206189929375453e-08
cycle=5374 time=1.5323834231207828e-01 dt=2.4412379858750906e-08
cycle=5375 time=1.5323836672445815e-01 dt=4.8824759717501812e-08
cycle=5376 time=1.5323841554921785e-01 dt=9.7649519435003623e-08
cycle=5377 time=1.5323851319873730e-01 dt=1.9529903887000725e-07
cycle=5378 time=1.5323870849777615e-01 dt=3.9059807774001449e-07
cycle=5379 time=1.5323909909585390e-01 dt=7.8119615548002899e-07
cycle=5380 time=1.5323988029200938e-01 dt=1.9163979045649043e-24
cycle=5381 time=1.5323988029200938e-01 dt=2.3047984062811802e-24
cycle=5382 time=1.5323988029200938e-01 dt=4.6095968125623603e-24
cycle=5383 time=1.5323988029200938e-01 dt=9.2191936251247207e-24
cycle=5384 time=1.5323988029200938e-01 dt=1.8438387250249441e-23
cycle=5385 time=1.5323988029200938e-01 dt=3.6876774500498883e-23
cycle=5386 time=1.5323988029200938e-01 dt=7.3753549000997765e-23
cycle=5387 time=1.5323988029200938e-01 dt=1.4750709800199553e-22
cycle=5388 time=1.5323988029200938e-01 dt=2.9501419600399106e-22
cycle=5389 time=1.5323988029200938e-01 dt=5.9002839200798212e-22
cycle=5390 time=1.5323988029200938e-01 dt=1.1800567840159642e-21
cycle=5391 time=1.5323988029200938e-01 dt=2.3601135680319285e-21
cycle=5392 time=1.5323988029200938e-01 dt=4.7202271360638570e-21
cycle=5393 time=1.5323988029200938e-01 dt=9.4404542721277139e-21
cycle=5394 time=1.5323988029200938e-01 dt=1.8880908544255428e-20
cycle=5395 time=1.5323988029200938e-01 dt=3.7761817088510856e-20
cycle=5396 time=1.5323988029200938e-01 dt=7.5523634177021712e-20
cycle=5397 time=1.5323988029200938e-01 dt=1.5104726835404342e-19
cycle=5398 time=1.5323988029200938e-01 dt=3.0209453670808685e-19
cycle=5399 time=1.5323988029200938e-01 dt=6.0418907341617369e-19
cycle=5400 time=1.5323988029200938e-01 dt=1.2083781468323474e-18
cycle=5401 time=1.5323988029200938e-01 dt=2.4167562936646948e-18
cycle=5402 time=1.5323988029200938e-01 dt=4.8335125873293895e-18
cycle=5403 time=1.5323988029200938e-01 dt=9.6670251746587791e-18
cycle=5404 time=1.5323988029200938e-01 dt=1.9334050349317558e-17
cycle=5405 time=1.5323988029200941e-01 dt=3.8668100698635116e-17
cycle=5406 time=1.5323988029200944e-01 dt=7.7336201397270233e-17
cycle=5407 time=1.5323988029200952e-01 dt=1.5467240279454047e-16
cycle=5408 time=1.5323988029200969e-01 dt=3.0934480558908093e-16
cycle=5409 time=1.5323988029200999e-01 dt=6.1868961117816186e-16
cycle=5410 time=1.5323988029201061e-01 dt=1.2373792223563237e-15
cycle=5411 time=1.5323988029201185e-01 dt=2.4747584447126474e-15
cycle=5412 time=1.5323988029201432e-01 dt=4.9495168894252949e-15
cycle=5413 time=1.5323988029201926e-01 dt=9.8990337788505898e-15
cycle=5414 time=1.5323988029202917e-01 dt=1.9798067557701180e-14
cycle=5415 time=1.5323988029204896e-01 dt=3.9596135115402359e-14
cycle=5416 time=1.5323988029208857e-01 dt=7.9192270230804718e-14
cycle=5417 time=1.5323988029216776e-01 dt=1.5838454046160944e-13
cycle=5418 time=1.5323988029232613e-01 dt=3.1676908092321887e-13
cycle=5419 time=1.5323988029264290e-01 dt=6.3353816184643775e-13
cycle=5420 time=1.5323988029327645e-01 dt=1.2670763236928755e-12
cycle=5421 time=1.5323988029454352e-01 dt=2.5341526473857510e-12
cycle=5422 time=1.5323988029707766e-01 dt=5.0683052947715020e-12
cycle=5423 time=1.5323988030214597e-01 dt=1.0136610589543004e-11
cycle=5424 time=1.5323988031228258e-01 dt=2.0273221179086008e-11
cycle=5425 time=1.5323988033255581e-01 dt=4.0546442358172016e-11
cycle=5426 time=1.5323988037310227e-01 dt=8.1092884716344031e-11
cycle=5427 time=1.5323988045419515e-01 dt=1.6218576943268806e-10
cycle=5428 time=1.5323988061638091e-01 dt=3.2437153886537613e-10
cycle=5429 time=1.5323988094075244e-01 dt=6.4874307773075225e-10
cycle=5430 time=1.5323988158949553e-01 dt=1.2974861554615045e-09
cycle=5431 time=1.5323988288698168e-01 dt=2.5949723109230090e-09
cycle=5432 time=1.5323988548195400e-01 dt=5.1899446218460180e-09
cycle=5433 time=1.5323989067189861e-01 dt=1.0379889243692036e-08
cycle=5434 time=1.5323990105178786e-01 dt=2.0759778487384072e-08
cycle=5435 time=1.5323992181156634e-01 dt=4.1519556974768144e-08
cycle=5436 time=1.5323996333112333e-01 dt=8.3039113949536288e-08
cycle=5437 time=1.5324004637023728e-01 dt=1.6607822789907258e-07
cycle=5438 time=1.5324021244846517e-01 dt=3.3215645579814515e-07
cycle=5439 time=1.5324054460492095e-01 dt=6.6431291159629031e-07
cycle=5440 time=1.5324120891783255e-01 dt=1.2990959065549435e-06
cycle=5441 time=1.5324250801373909e-01 dt=1.1591074938302931e-25
cycle=5442 time=1.5324250801373909e-01 dt=2.3182149876605862e-25
cycle=5443 time=1.5324250801373909e-01 dt=4.6364299753211725e-25
cycle=5444 time=1.5324250801373909e-01 dt=9.2728599506423449e-25
cycle=5445 time=1.5324250801373909e-01 dt=1.8545719901284690e-24
cycle=5446 time=1.5324250801373909e-01 dt=3.7091439802569380e-24
cycle=5447 time=1.5324250801373909e-01 dt=7.4182879605138760e-24
cycle=5448 time=1.5324250801373909e-01 dt=1.4836575921027752e-23
cycle=5449 time=1.5324250801373909e-01 dt=2.9673151842055504e-23
cycle=5450 time=1.5324250801373909e-01 dt=5.9346303684111008e-23
cycle=5451 time=1.5324250801373909e-01 dt=1.1869260736822202e-22
cycle=5452 time=1.5324250801373909e-01 dt=2.3738521473644403e-22
cycle=5453 time=1.5324250801373909e-01 dt=4.7477042947288806e-22
cycle=5454 time=1.5324250801373909e-01 dt=9.4954085894577612e-22
cycle=5455 time=1.5324250801373909e-01 dt=1.8990817178915522e-21
cycle=5456 time=1.5324250801373909e-01 dt=3.7981634357831045e-21
cycle=5457 time=1.5324250801373909e-01 dt=7.5963268715662090e-21
cycle=5458 time=1.5324250801373909e-01 dt=1.5192653743132418e-20
cycle=5459 time=1.5324250801373909e-01 dt=3.0385307486264836e-20
cycle=5460 time=1.5324250801373909e-01 dt=6.0770614972529672e-20
cycle=5461 time=1.5324250801373909e-01 dt=1.2154122994505934e-19
cycle=5462 time=1.5324250801373909e-01 dt=2.4308245989011869e-19
cycle=5463 time=1.5324250801373909e-01 dt=4.8616491978023737e-19
cycle=5464 time=1.5324250801373909e-01 dt=9.7232983956047475e-19
cycle=5465 time=1.5324250801373909e-01 dt=1.9446596791209495e-18
cycle=5466 time=1.5324250801373909e-01 dt=3.8893193582418990e-18
cycle=5467 time=1.5324250801373909e-01 dt=7.7786387164837980e-18
cycle=5468 time=1.5324250801373909e-01 dt=1.5557277432967596e-17
cycle=5469 time=1.5324250801373912e-01 dt=3.1114554865935192e-17
cycle=5470 time=1.5324250801373915e-01 dt=6.2229109731870384e-17
cycle=5471 time=1.5324250801373920e-01 dt=1.2445821946374077e-16
cycle=5472 time=1.5324250801373931e-01 dt=2.4891643892748154e-16
cycle=5473 time=1.5324250801373956e-01 dt=4.9783287785496307e-16
cycle=5474 time=1.5324250801374006e-01 dt=9.9566575570992614e-16
cycle=5475 time=1.5324250801374106e-01 dt=1.9913315114198523e-15
cycle=5476 time=1.5324250801374306e-01 dt=3.9826630228397046e-15
cycle=5477 time=1.5324250801374703e-01 dt=7.9653260456794091e-15
cycle=5478 time=1.5324250801375500e-01 dt=1.5930652091358818e-14
cycle=5479 time=1.5324250801377093e-01 dt=3.1861304182717637e-14
cycle=5480 time=1.5324250801380279e-01 dt=6.3722608365435273e-14
cycle=5481 time=1.5324250801386652e-01 dt=1.2744521673087055e-13
cycle=5482 time=1.5324250801399397e-01 dt=2.5489043346174109e-13
cycle=5483 time=1.5324250801424885e-01 dt=5.0978086692348218e-13
cycle=5484 time=1.5324250801475864e-01 dt=1.0195617338469644e-12
cycle=5485 time=1.5324250801577821e-01 dt=2.0391234676939287e-12
cycle=5486 time=1.5324250801781733e-01 dt=4.0782469353878575e-12
cycle=5487 time=1.5324250802189557e-01 dt=8.1564938707757150e-12
cycle=5488 time=1.5324250803005207e-01 dt=1.6312987741551430e-11
cycle=5489 time=1.5324250804636505e-01 dt=3.2625975483102860e-11
cycle=5490 time=1.5324250807899104e-01 dt=6.5251950966205720e-11
cycle=5491 time=1.5324250814424298e-01 dt=1.3050390193241144e-10
cycle=5492 time=1.5324250827474689e-01 dt=2.6100780386482288e-10
cycle=5493 time=1.5324250853575469e-01 dt=5.2201560772964576e-10
cycle=5494 time=1.5324250905777029e-01 dt=1.0440312154592915e-09
cycle=5495 time=1.5324251010180151e-01 dt=2.0880624309185830e-09
cycle=5496 time=1.5324251218986393e-01 dt=4.1761248618371661e-09
cycle=5497 time=1.5324251636598879e-01 dt=8.3522497236743321e-09
cycle=5498 time=1.5324252471823852e-01 dt=1.6704499447348664e-08
cycle=5499 time=1.5324254142273797e-01 dt=3.3408998894697328e-08
cycle=5500 time=1.5324257483173687e-01 dt=6.6817997789394657e-08
cycle=5501 time=1.5324264164973467e-01 dt=1.3363599557878931e-07
cycle=5502 time=1.5324277528573024e-01 dt=2.6727199115757863e-07
cycle=5503 time=1.5324304255772139e-01 dt=5.3454398231515726e-07
cycle=5504 time=1.5324357710170372e-01 dt=1.0690879646303145e-06
cycle=5505 time=1.5324464618966835e-01 dt=2.2593151551593821e-25
cycle=5506 time=1.5324464618966835e-01 dt=4.5186303103187642e-25
cycle=5507 time=1.5324464618966835e-01 dt=9.0372606206375284e-25
cycle=5508 time=1.5324464618966835e-01 dt=1.8074521241275057e-24
cycle=5509 time=1.5324464618966835e-01 dt=3.6149042482550114e-24
cycle=5510 time=1.5324464618966835e-01 dt=7.2298084965100227e-24
cycle=5511 time=1.5324464618966835e-01 dt=1.4459616993020045e-23
cycle=5512 time=1.5324464618966835e-01 dt=2.8919233986040091e-23
cycle=5513 time=1.5324464618966835e-01 dt=5.7838467972080182e-23
cycle=5514 time=1.5324464618966835e-01 dt=1.1567693594416036e-22
cycle=5515 time=1.5324464618966835e-01 dt=2.3135387188832073e-22
cycle=5516 time=1.5324464618966835e-01 dt=4.6270774377664145e-22
cycle=5517 time=1.5324464618966835e-01 dt=9.2541548755328291e-22
cycle=5518 time=1.5324464618966835e-01 dt=1.8508309751065658e-21
cycle=5519 time=1.5324464618966835e-01 dt=3.7016619502131316e-21
cycle=5520 time=1.5324464618966835e-01 dt=7.4033239004262633e-21
cycle=5521 time=1.5324464618966835e-01 dt=1.4806647800852527e-20
cycle=5522 time=1.5324464618966835e-01 dt=2.9613295601705053e-20
cycle=5523 time=1.5324464618966835e-01 dt=5.9226591203410106e-20
cycle=5524 time=1.5324464618966835e-01 dt=1.1845318240682021e-19
cycle=5525 time=1.5324464618966835e-01 dt=2.3690636481364042e-19
cycle=5526 time=1.5324464618966835e-01 dt=4.7381272962728085e-19
cycle=5527 time=1.5324464618966835e-01 dt=9.4762545925456170e-19
cycle=5528 time=1.5324464618966835e-01 dt=1.8952509185091234e-18
cycle=5529 time=1.5324464618966835e-01 dt=3.7905018370182468e-18
cycle=5530 time=1.5324464618966835e-01 dt=7.5810036740364936e-18
cycle=5531 time=1.5324464618966835e-01 dt=1.5162007348072987e-17
cycle=5532 time=1.5324464618966838e-01 dt=3.0324014696145974e-17
cycle=5533 time=1.5324464618966840e-01 dt=6.0648029392291949e-17
cycle=5534 time=1.5324464618966846e-01 dt=1.2129605878458390e-16
cycle=5535 time=1.5324464618966857e-01 dt=2.4259211756916779e-16
cycle=5536 time=1.5324464618966882e-01 dt=4.8518423513833559e-16
cycle=5537 time=1.5324464618966929e-01 dt=9.7036847027667118e-16
cycle=5538 time=1.5324464618967026e-01 dt=1.9407369405533424e-15
cycle=5539 time=1.5324464618967221e-01 dt=3.8814738811066847e-15
cycle=5540 time=1.5324464618967609e-01 dt=7.7629477622133694e-15
cycle=5541 time=1.5324464618968386e-01 dt=1.5525895524426739e-14
cycle=5542 time=1.5324464618969938e-01 dt=3.1051791048853478e-14
cycle=5543 time=1.5324464618973044e-01 dt=6.2103582097706955e-14
cycle=5544 time=1.5324464618979255e-01 dt=1.2420716419541391e-13
cycle=5545 time=1.5324464618991676e-01 dt=2.4841432839082782e-13
cycle=5546 time=1.5324464619016517e-01 dt=4.9682865678165564e-13
cycle=5547 time=1.5324464619066200e-01 dt=9.9365731356331129e-13
cycle=5548 time=1.5324464619165565e-01 dt=1.9873146271266226e-12
cycle=5549 time=1.5324464619364297e-01 dt=3.9746292542532451e-12
cycle=5550 time=1.5324464619761760e-01 dt=7.9492585085064903e-12
cycle=5551 time=1.5324464620556685e-01 dt=1.5898517017012981e-11
cycle=5552 time=1.5324464622146536e-01 dt=3.1797034034025961e-11
cycle=5553 time=1.5324464625326240e-01 dt=6.3594068068051922e-11
cycle=5554 time=1.5324464631685647e-01 dt=1.2718813613610384e-10
cycle=5555 time=1.5324464644404462e-01 dt=2.5437627227220769e-10
cycle=5556 time=1.5324464669842089e-01 dt=5.0875254454441538e-10
cycle=5557 time=1.5324464720717343e-01 dt=1.0175050890888308e-09
cycle=5558 time=1.5324464822467851e-01 dt=2.0350101781776615e-09
cycle=5559 time=1.5324465025968870e-01 dt=4.0700203563553230e-09
cycle=5560 time=1.5324465432970905e-01 dt=8.1400407127106461e-09
cycle=5561 time=1.5324466246974977e-01 dt=1.6280081425421292e-08
cycle=5562 time=1.5324467874983119e-01 dt=3.2560162850842584e-08
cycle=5563 time=1.5324471130999404e-01 dt=6.5120325701685168e-08
cycle=5564 time=1.5324477643031975e-01 dt=1.3024065140337034e-07
cycle=5565 time=1.5324490667097115e-01 dt=2.6048130280674067e-07
cycle=5566 time=1.5324516715227396e-01 dt=5.2096260561348135e-07
cycle=5567 time=1.5324568811487957e-01 dt=1.0419252112269627e-06
cycle=5568 time=1.5324673004009079e-01 dt=2.2744194118913378e-25
cycle=5569 time=1.5324673004009079e-01 dt=4.5488388237826756e-25
cycle=5570 time=1.5324673004009079e-01 dt=9.0976776475653512e-25
cycle=5571 time=1.5324673004009079e-01 dt=1.8195355295130702e-24
cycle=5572 time=1.5324673004009079e-01 dt=3.6390710590261405e-24
cycle=5573 time=1.5324673004009079e-01 dt=7.2781421180522810e-24
cycle=5574 time=1.5324673004009079e-01 dt=1.4556284236104562e-23
cycle=5575 time=1.5324673004009079e-01 dt=2.9112568472209124e-23
cycle=5576 time=1.5324673004009079e-01 dt=5.8225136944418248e-23
cycle=5577 time=1.5324673004009079e-01 dt=1.1645027388883650e-22
cycle=5578 time=1.5324673004009079e-01 dt=2.3290054777767299e-22
cycle=5579 time=1.5324673004009079e-01 dt=4.6580109555534598e-22
cycle=5580 time=1.5324673004009079e-01 dt=9.3160219111069196e-22
cycle=5581 time=1.5324673004009079e-01 dt=1.8632043822213839e-21
cycle=5582 time=1.5324673004009079e-01 dt=3.7264087644427679e-21
cycle=5583 time=1.5324673004009079e-01 dt=7.4528175288855357e-21
cycle=5584 time=1.5324673004009079e-01 dt=1.4905635057771071e-20
cycle=5585 time=1.5324673004009079e-01 dt=2.9811270115542143e-20
cycle=5586 time=1.5324673004009079e-01 dt=5.9622540231084286e-20
cycle=5587 time=1.5324673004009079e-01 dt=1.1924508046216857e-19
cycle=5588 time=1.5324673004009079e-01 dt=2.3849016092433714e-19
cycle=5589 time=1.5324673004009079e-01 dt=4.7698032184867429e-19
cycle=5590 time=1.5324673004009079e-01 dt=9.5396064369734857e-19
cycle=5591 time=1.5324673004009079e-01 dt=1.9079212873946971e-18
cycle=5592 time=1.5324673004009079e-01 dt=3.8158425747893943e-18
cycle=5593 time=1.5324673004009079e-01 dt=7.6316851495787886e-18
cycle=5594 time=1.5324673004009079e-01 dt=1.5263370299157577e-17
cycle=5595 time=1.5324673004009082e-01 dt=3.0526740598315154e-17
cycle=5596 time=1.5324673004009084e-01 dt=6.1053481196630309e-17
cycle=5597 time=1.5324673004009090e-01 dt=1.2210696239326062e-16
cycle=5598 time=1.5324673004009101e-01 dt=2.4421392478652123e-16
cycle=5599 time=1.5324673004009126e-01 dt=4.8842784957304247e-16
cycle=5600 time=1.5324673004009176e-01 dt=9.7685569914608494e-16
cycle=5601 time=1.5324673004009273e-01 dt=1.9537113982921699e-15
cycle=5602 time=1.5324673004009468e-01 dt=3.9074227965843397e-15
cycle=5603 time=1.5324673004009859e-01 dt=7.8148455931686795e-15
cycle=5604 time=1.5324673004010642e-01 dt=1.5629691186337359e-14
cycle=5605 time=1.5324673004012204e-01 dt=3.1259382372674718e-14
cycle=5606 time=1.5324673004015330e-01 dt=6.2518764745349436e-14
cycle=5607 time=1.5324673004021580e-01 dt=1.2503752949069887e-13
cycle=5608 time=1.5324673004034084e-01 dt=2.5007505898139774e-13
cycle=5609 time=1.5324673004059092e-01 dt=5.0015011796279549e-13
cycle=5610 time=1.5324673004109107e-01 dt=1.0003002359255910e-12
cycle=5611 time=1.5324673004209138e-01 dt=2.0006004718511820e-12
cycle=5612 time=1.5324673004409198e-01 dt=4.0012009437023639e-12
cycle=5613 time=1.5324673004809317e-01 dt=8.0024018874047278e-12
cycle=5614 time=1.5324673005609557e-01 dt=1.6004803774809456e-11
cycle=5615 time=1.5324673007210038e-01 dt=3.2009607549618911e-11
cycle=5616 time=1.5324673010411000e-01 dt=6.4019215099237822e-11
cycle=5617 time=1.5324673016812920e-01 dt=1.2803843019847564e-10
cycle=5618 time=1.5324673029616764e-01 dt=2.5607686039695129e-10
cycle=5619 time=1.5324673055224450e-01 dt=5.1215372079390258e-10
cycle=5620 time=1.5324673106439821e-01 dt=1.0243074415878052e-09
cycle=5621 time=1.5324673208870565e-01 dt=2.0486148831756103e-09
cycle=5622 time=1.5324673413732054e-01 dt=4.0972297663512206e-09
cycle=5623 time=1.5324673823455032e-01 dt=8.1944595327024413e-09
cycle=5624 time=1.5324674642900984e-01 dt=1.6388919065404883e-08
cycle=5625 time=1.5324676281792890e-01 dt=3.2777838130809765e-08
cycle=5626 time=1.5324679559576704e-01 dt=6.5555676261619530e-08
cycle=5627 time=1.5324686115144329e-01 dt=1.3111135252323906e-07
cycle=5628 time=1.5324699226279581e-01 dt=2.6222270504647812e-07
cycle=5629 time=1.5324725448550086e-01 dt=5.2444541009295624e-07
cycle=5630 time=1.5324777893091096e-01 dt=1.0488908201859125e-06
cycle=5631 time=1.5324882782173116e-01 dt=1.7250962162285439e-25
cycle=5632 time=1.5324882782173116e-01 dt=3.4501924324570879e-25
cycle=5633 time=1.5324882782173116e-01 dt=6.9003848649141757e-25
cycle=5634 time=1.5324882782173116e-01 dt=1.3800769729828351e-24
cycle=5635 time=1.5324882782173116e-01 dt=2.7601539459656703e-24
cycle=5636 time=1.5324882782173116e-01 dt=5.5203078919313406e-24
cycle=5637 time=1.5324882782173116e-01 dt=1.1040615783862681e-23
cycle=5638 time=1.5324882782173116e-01 dt=2.2081231567725362e-23
cycle=5639 time=1.5324882782173116e-01 dt=4.4162463135450725e-23
cycle=5640 time=1.5324882782173116e-01 dt=8.8324926270901449e-23
cycle=5641 time=1.5324882782173116e-01 dt=1.7664985254180290e-22
cycle=5642 time=1.5324882782173116e-01 dt=3.5329970508360580e-22
cycle=5643 time=1.5324882782173116e-01 dt=7.0659941016721159e-22
cycle=5644 time=1.5324882782173116e-01 dt=1.4131988203344232e-21
cycle=5645 time=1.5324882782173116e-01 dt=2.8263976406688464e-21
cycle=5646 time=1.5324882782173116e-01 dt=5.6527952813376928e-21
cycle=5647 time=1.5324882782173116e-01 dt=1.1305590562675386e-20
cycle=5648 time=1.5324882782173116e-01 dt=2.2611181125350771e-20
cycle=5649 time=1.5324882782173116e-01 dt=4.5222362250701542e-20
cycle=5650 time=1.5324882782173116e-01 dt=9.0444724501403084e-20
cycle=5651 time=1.5324882782173116e-01 dt=1.8088944900280617e-19
cycle=5652 time=1.5324882782173116e-01 dt=3.6177889800561234e-19
cycle=5653 time=1.5324882782173116e-01 dt=7.2355779601122467e-19
cycle=5654 time=1.5324882782173116e-01 dt=1.4471155920224493e-18
cycle=5655 time=1.5324882782173116e-01 dt=2.8942311840448987e-18
cycle=5656 time=1.5324882782173116e-01 dt=5.7884623680897974e-18
cycle=5657 time=1.5324882782173116e-01 dt=1.1576924736179595e-17
cycle=5658 time=1.5324882782173116e-01 dt=2.3153849472359190e-17
cycle=5659 time=1.5324882782173119e-01 dt=4.6307698944718379e-17
cycle=5660 time=1.5324882782173124e-01 dt=9.2615397889436758e-17
cycle=5661 time=1.5324882782173133e-01 dt=1.8523079577887352e-16
cycle=5662 time=1.5324882782173152e-01 dt=3.7046159155774703e-16
cycle=5663 time=1.5324882782173188e-01 dt=7.4092318311549406e-16
cycle=5664 time=1.5324882782173263e-01 dt=1.4818463662309881e-15
cycle=5665 time=1.5324882782173410e-01 dt=2.9636927324619763e-15
cycle=5666 time=1.5324882782173707e-01 dt=5.9273854649239525e-15
cycle=5667 time=1.5324882782174301e-01 dt=1.1854770929847905e-14
cycle=5668 time=1.5324882782175486e-01 dt=2.3709541859695810e-14
cycle=5669 time=1.5324882782177857e-01 dt=4.7419083719391620e-14
cycle=5670 time=1.5324882782182597e-01 dt=9.4838167438783240e-14
cycle=5671 time=1.5324882782192081e-01 dt=1.8967633487756648e-13
cycle=5672 time=1.5324882782211049e-01 dt=3.7935266975513296e-13
cycle=5673 time=1.5324882782248986e-01 dt=7.5870533951026592e-13
cycle=5674 time=1.5324882782324856e-01 dt=1.5174106790205318e-12
cycle=5675 time=1.5324882782476595e-01 dt=3.0348213580410637e-12
cycle=5676 time=1.5324882782780078e-01 dt=6.0696427160821274e-12
cycle=5677 time=1.5324882783387042e-01 dt=1.2139285432164255e-11
cycle=5678 time=1.5324882784600971e-01 dt=2.4278570864328510e-11
cycle=5679 time=1.5324882787028829e-01 dt=4.8557141728657019e-11
cycle=5680 time=1.5324882791884542e-01 dt=9.7114283457314038e-11
cycle=5681 time=1.5324882801595971e-01 dt=1.9422856691462808e-10
cycle=5682 time=1.5324882821018829e-01 dt=3.8845713382925615e-10
cycle=5683 time=1.5324882859864541e-01 dt=7.7691426765851230e-10
cycle=5684 time=1.5324882937555967e-01 dt=1.5538285353170246e-09
cycle=5685 time=1.5324883092938821e-01 dt=3.1076570706340492e-09
cycle=5686 time=1.5324883403704528e-01 dt=6.2153141412680984e-09
cycle=5687 time=1.5324884025235944e-01 dt=1.2430628282536197e-08
cycle=5688 time=1.5324885268298771e-01 dt=2.4861256565072394e-08
cycle=5689 time=1.5324887754424427e-01 dt=4.9722513130144787e-08
cycle=5690 time=1.5324892726675740e-01 dt=9.9445026260289575e-08
cycle=5691 time=1.5324902671178367e-01 dt=1.9889005252057915e-07
cycle=5692 time=1.5324922560183618e-01 dt=3.9778010504115830e-07
cycle=5693 time=1.5324962338194123e-01 dt=7.9556021008231660e-07
cycle=5694 time=1.5325041894215130e-01 dt=1.5911204201646332e-06
cycle=5695 time=1.5325201006257147e-01 dt=1.2202933366172803e-25
cycle=5696 time=1.5325201006257147e-01 dt=2.4405866732345607e-25
cycle=5697 time=1.5325201006257147e-01 dt=4.8811733464691213e-25
cycle=5698 time=1.5325201006257147e-01 dt=9.7623466929382426e-25
cycle=5699 time=1.5325201006257147e-01 dt=3.5349559028354039e-26
cycle=5700 time=1.5325201006257147e-01 dt=7.0699118056708079e-26
cycle=5701 time=1.5325201006257147e-01 dt=1.4139823611341616e-25
cycle=5702 time=1.5325201006257147e-01 dt=2.8279647222683232e-25
cycle=5703 time=1.5325201006257147e-01 dt=4.7266939967237828e-26
cycle=5704 time=1.5325201006257147e-01 dt=9.4533879934475657e-26
cycle=5705 time=1.5325201006257147e-01 dt=1.8906775986895131e-25
cycle=5706 time=1.5325201006257147e-01 dt=2.4548615618973129e-25
cycle=5707 time=1.5325201006257147e-01 dt=4.9097231237946259e-25
cycle=5708 time=1.5325201006257147e-01 dt=9.8194462475892518e-25
cycle=5709 time=1.5325201006257147e-01 dt=1.9638892495178504e-24
cycle=5710 time=1.5325201006257147e-01 dt=3.9277784990357007e-24
cycle=5711 time=1.5325201006257147e-01 dt=7.8555569980714014e-24
cycle=5712 time=1.5325201006257147e-01 dt=1.5711113996142803e-23
cycle=5713 time=1.5325201006257147e-01 dt=3.1422227992285606e-23
cycle=5714 time=1.5325201006257147e-01 dt=6.2844455984571211e-23
cycle=5715 time=1.5325201006257147e-01 dt=1.2568891196914242e-22
cycle=5716 time=1.5325201006257147e-01 dt=2.5137782393828485e-22
cycle=5717 time=1.5325201006257147e-01 dt=5.0275564787656969e-22
cycle=5718 time=1.5325201006257147e-01 dt=1.0055112957531394e-21
cycle=5719 time=1.5325201006257147e-01 dt=2.0110225915062788e-21
cycle=5720 time=1.5325201006257147e-01 dt=4.0220451830125575e-21
cycle=5721 time=1.5325201006257147e-01 dt=8.0440903660251150e-21
cycle=5722 time=1.5325201006257147e-01 dt=1.6088180732050230e-20
cycle=5723 time=1.5325201006257147e-01 dt=3.2176361464100460e-20
cycle=5724 time=1.5325201006257147e-01 dt=6.4352722928200920e-20
cycle=5725 time=1.5325201006257147e-01 dt=1.2870544585640184e-19
cycle=5726 time=1.5325201006257147e-01 dt=2.5741089171280368e-19
cycle=5727 time=1.5325201006257147e-01 dt=5.1482178342560736e-19
cycle=5728 time=1.5325201006257147e-01 dt=1.0296435668512147e-18
cycle=5729 time=1.5325201006257147e-01 dt=2.0592871337024295e-18
cycle=5730 time=1.5325201006257147e-01 dt=4.1185742674048589e-18
cycle=5731 time=1.5325201006257147e-01 dt=8.2371485348097178e-18
cycle=5732 time=1.5325201006257147e-01 dt=1.6474297069619436e-17
cycle=5733 time=1.5325201006257150e-01 dt=3.2948594139238871e-17
cycle=5734 time=1.5325201006257153e-01 dt=6.5897188278477742e-17
cycle=5735 time=1.5325201006257158e-01 dt=1.3179437655695548e-16
cycle=5736 time=1.5325201006257172e-01 dt=2.6358875311391097e-16
cycle=5737 time=1.5325201006257197e-01 dt=5.2717750622782194e-16
cycle=5738 time=1.5325201006257250e-01 dt=1.0543550124556439e-15
cycle=5739 time=1.5325201006257355e-01 dt=2.1087100249112878e-15
cycle=5740 time=1.5325201006257566e-01 dt=4.2174200498225755e-15
cycle=5741 time=1.5325201006257988e-01 dt=8.4348400996451510e-15
cycle=5742 time=1.5325201006258832e-01 dt=1.6869680199290302e-14
cycle=5743 time=1.5325201006260519e-01 dt=3.3739360398580604e-14
cycle=5744 time=1.5325201006263894e-01 dt=6.7478720797161208e-14
cycle=5745 time=1.5325201006270642e-01 dt=1.3495744159432242e-13
cycle=5746 time=1.5325201006284137e-01 dt=2.6991488318864483e-13
cycle=5747 time=1.5325201006311129e-01 dt=5.3982976637728967e-13
cycle=5748 time=1.5325201006365111e-01 dt=1.0796595327545793e-12
cycle=5749 time=1.5325201006473077e-01 dt=2.1593190655091587e-12
cycle=5750 time=1.5325201006689010e-01 dt=4.3186381310183173e-12
cycle=5751 time=1.5325201007120873e-01 dt=8.6372762620366347e-12
cycle=5752 time=1.5325201007984601e-01 dt=1.7274552524073269e-11
cycle=5753 time=1.5325201009712056e-01 dt=3.4549105048146539e-11
cycle=5754 time=1.5325201013166967e-01 dt=6.9098210096293077e-11
cycle=5755 time=1.5325201020076787e-01 dt=1.3819642019258615e-10
cycle=5756 time=1.5325201033896430e-01 dt=2.7639284038517231e-10
cycle=5757 time=1.5325201061535715e-01 dt=5.5278568077034462e-10
cycle=5758 time=1.5325201116814283e-01 dt=1.1055713615406892e-09
cycle=5759 time=1.5325201227371418e-01 dt=2.2111427230813785e-09
cycle=5760 time=1.5325201448485690e-01 dt=4.4222854461627569e-09
cycle=5761 time=1.5325201890714235e-01 dt=8.8445708923255139e-09
cycle=5762 time=1.5325202775171323e-01 dt=1.7689141784651028e-08
cycle=5763 time=1.5325204544085502e-01 dt=3.5378283569302056e-08
cycle=5764 time=1.5325208081913860e-01 dt=7.0756567138604111e-08
cycle=5765 time=1.5325215157570574e-01 dt=1.4151313427720822e-07
cycle=5766 time=1.5325229308884000e-01 dt=2.8302626855441644e-07
cycle=5767 time=1.5325257611510856e-01 dt=5.6605253710883289e-07
cycle=5768 time=1.5325314216764568e-01 dt=1.1321050742176658e-06
cycle=5769 time=1.5325427427271990e-01 dt=2.2642101484353316e-06
cycle=5770 time=1.5325653848286833e-01 dt=8.2810841961100785e-26
cycle=5771 time=1.5325653848286833e-01 dt=1.6562168392220157e-25
cycle=5772 time=1.5325653848286833e-01 dt=3.3124336784440314e-25
cycle=5773 time=1.5325653848286833e-01 dt=6.6248673568880628e-25
cycle=5774 time=1.5325653848286833e-01 dt=1.3249734713776126e-24
cycle=5775 time=1.5325653848286833e-01 dt=2.6499469427552251e-24
cycle=5776 time=1.5325653848286833e-01 dt=5.2998938855104502e-24
cycle=5777 time=1.5325653848286833e-01 dt=1.0599787771020900e-23
cycle=5778 time=1.5325653848286833e-01 dt=2.1199575542041801e-23
cycle=5779 time=1.5325653848286833e-01 dt=4.2399151084083602e-23
cycle=5780 time=1.5325653848286833e-01 dt=8.4798302168167204e-23
cycle=5781 time=1.5325653848286833e-01 dt=1.6959660433633441e-22
cycle=5782 time=1.5325653848286833e-01 dt=3.3919320867266881e-22
cycle=5783 time=1.5325653848286833e-01 dt=6.7838641734533763e-22
cycle=5784 time=1.5325653848286833e-01 dt=1.3567728346906753e-21
cycle=5785 time=1.5325653848286833e-01 dt=2.7135456693813505e-21
cycle=5786 time=1.5325653848286833e-01 dt=5.4270913387627010e-21
cycle=5787 time=1.5325653848286833e-01 dt=1.0854182677525402e-20
cycle=5788 time=1.5325653848286833e-01 dt=2.1708365355050804e-20
cycle=5789 time=1.5325653848286833e-01 dt=4.3416730710101608e-20
cycle=5790 time=1.5325653848286833e-01 dt=8.6833461420203216e-20
cycle=5791 time=1.5325653848286833e-01 dt=1.7366692284040643e-19
cycle=5792 time=1.5325653848286833e-01 dt=3.4733384568081287e-19
cycle=5793 time=1.5325653848286833e-01 dt=6.9466769136162573e-19
cycle=5794 time=1.5325653848286833e-01 dt=1.3893353827232515e-18
cycle=5795 time=1.5325653848286833e-01 dt=2.7786707654465029e-18
cycle=5796 time=1.5325653848286833e-01 dt=5.5573415308930058e-18
cycle=5797 time=1.5325653848286833e-01 dt=1.1114683061786012e-17
cycle=5798 time=1.5325653848286833e-01 dt=2.2229366123572023e-17
cycle=5799 time=1.5325653848286835e-01 dt=4.4458732247144047e-17
cycle=5800 time=1.5325653848286841e-01 dt=8.8917464494288094e-17
cycle=5801 time=1.5325653848286849e-01 dt=1.7783492898857619e-16
cycle=5802 time=1.5325653848286866e-01 dt=3.5566985797715237e-16
cycle=5803 time=1.5325653848286902e-01 dt=7.1133971595430475e-16
cycle=5804 time=1.5325653848286974e-01 dt=1.4226794319086095e-15
cycle=5805 time=1.5325653848287116e-01 dt=2.8453588638172190e-15
cycle=5806 time=1.5325653848287402e-01 dt=5.6907177276344380e-15
cycle=5807 time=1.5325653848287971e-01 dt=1.1381435455268876e-14
cycle=5808 time=1.5325653848289109e-01 dt=2.2762870910537752e-14
cycle=5809 time=1.5325653848291385e-01 dt=4.5525741821075504e-14
cycle=5810 time=1.5325653848295936e-01 dt=9.1051483642151008e-14
cycle=5811 time=1.5325653848305040e-01 dt=1.8210296728430202e-13
cycle=5812 time=1.5325653848323251e-01 dt=3.6420593456860403e-13
cycle=5813 time=1.5325653848359672e-01 dt=7.2841186913720806e-13
cycle=5814 time=1.5325653848432513e-01 dt=1.4568237382744161e-12
cycle=5815 time=1.5325653848578197e-01 dt=2.9136474765488323e-12
cycle=5816 time=1.5325653848869561e-01 dt=5.8272949530976645e-12
cycle=5817 time=1.5325653849452289e-01 dt=1.1654589906195329e-11
cycle=5818 time=1.5325653850617749e-01 dt=2.3309179812390658e-11
cycle=5819 time=1.5325653852948667e-01 dt=4.6618359624781316e-11
cycle=5820 time=1.5325653857610502e-01 dt=9.3236719249562632e-11
cycle=5821 time=1.5325653866934175e-01 dt=1.8647343849912526e-10
cycle=5822 time=1.5325653885581519e-01 dt=3.7294687699825053e-10
cycle=5823 time=1.5325653922876206e-01 dt=7.4589375399650106e-10
cycle=5824 time=1.5325653997465583e-01 dt=1.4917875079930021e-09
cycle=5825 time=1.5325654146644332e-01 dt=2.9835750159860042e-09
cycle=5826 time=1.5325654445001835e-01 dt=5.9671500319720085e-09
cycle=5827 time=1.5325655041716837e-01 dt=1.1934300063944017e-08
cycle=5828 time=1.5325656235146845e-01 dt=2.3868600127888034e-08
cycle=5829 time=1.5325658622006857e-01 dt=4.7737200255776068e-08
cycle=5830 time=1.5325663395726882e-01 dt=9.5474400511552135e-08
cycle=5831 time=1.5325672943166935e-01 dt=1.9094880102310427e-07
cycle=5832 time=1.5325692038047037e-01 dt=3.8189760204620854e-07
cycle=5833 time=1.5325730227807241e-01 dt=7.6379520409241708e-07
cycle=5834 time=1.5325806607327649e-01 dt=1.5275904081848342e-06
cycle=5835 time=1.5325959366368469e-01 dt=3.0551808163696683e-06
cycle=5836 time=1.5326264884450105e-01 dt=1.0530579912417628e-06
cycle=5837 time=1.5326370190249231e-01 dt=1.0007354965585035e-06
cycle=5838 time=1.5326470263798886e-01 dt=1.3897796259920345e-06
cycle=5839 time=1.5326609241761485e-01 dt=1.6863818047035794e-06
cycle=5840 time=1.5326777879941955e-01 dt=2.1355426628309144e-06
cycle=5841 time=1.5326991434208237e-01 dt=2.6621285066478889e-06
cycle=5842 time=1.5327257647058901e-01 dt=3.3231074240249593e-06
cycle=5843 time=1.5327589957801302e-01 dt=3.8198645349352268e-06
cycle=5844 time=1.5327971944254795e-01 dt=3.1783605805004111e-06
cycle=5845 time=1.5328289780312845e-01 dt=2.6376931236287863e-06
cycle=5846 time=1.5328553549625210e-01 dt=2.2557927421574543e-06
cycle=5847 time=1.5328779128899425e-01 dt=2.0835422756916238e-06
cycle=5848 time=1.5328987483126993e-01 dt=2.0163797994857247e-06
cycle=5849 time=1.5329189121106943e-01 dt=1.9810983018401932e-06
cycle=5850 time=1.5329387230937128e-01 dt=1.9586911547865720e-06
cycle=5851 time=1.5329583100052607e-01 dt=1.9456622794547783e-06
cycle=5852 time=1.5329777666280553e-01 dt=1.9392168787408159e-06
cycle=5853 time=1.5329971587968427e-01 dt=1.9369931680508817e-06
cycle=5854 time=1.5330165287285233e-01 dt=1.9370909310675296e-06
cycle=5855 time=1.5330358996378340e-01 dt=1.9380219883857130e-06
cycle=5856 time=1.5330552798577179e-01 dt=1.9386729635323175e-06
cycle=5857 time=1.5330746665873532e-01 dt=1.9382153921190478e-06
cycle=5858 time=1.5330940487412745e-01 dt=1.9348082047071291e-06
cycle=5859 time=1.5331133968233215e-01 dt=2.0004271682541614e-06
cycle=5860 time=1.5331334010950040e-01 dt=2.1667747444634367e-06
cycle=5861 time=1.5331550688424486e-01 dt=2.4197112624314852e-06
cycle=5862 time=1.5331792659550730e-01 dt=2.3318078678182225e-06
cycle=5863 time=1.5332025840337513e-01 dt=2.2126559020610049e-06
cycle=5864 time=1.5332247105927718e-01 dt=2.0949316763920900e-06
cycle=5865 time=1.5332456599095357e-01 dt=1.9991352569420824e-06
cycle=5866 time=1.5332656512621051e-01 dt=1.9363610946023428e-06
cycle=5867 time=1.5332850148730512e-01 dt=1.9020425274409391e-06
cycle=5868 time=1.5333040352983257e-01 dt=1.9310271432622834e-06
cycle=5869 time=1.5333233455697584e-01 dt=2.0407172244284721e-06
cycle=5870 time=1.5333437527420027e-01 dt=2.2514557001480217e-06
cycle=5871 time=1.5333662672990042e-01 dt=2.5854778322794325e-06
cycle=5872 time=1.5333921220773269e-01 dt=3.0644649341177106e-06
cycle=5873 time=1.5334227667266681e-01 dt=2.9339230919322868e-06
cycle=5874 time=1.5334521059575873e-01 dt=2.5944661165031353e-06
cycle=5875 time=1.5334780506187523e-01 dt=2.3891815512069725e-06
cycle=5876 time=1.5335019424342644e-01 dt=2.2659796364681083e-06
cycle=5877 time=1.5335246022306290e-01 dt=2.1881930726605234e-06
cycle=5878 time=1.5335464841613555e-01 dt=2.1361806895669989e-06
cycle=5879 time=1.5335678459682511e-01 dt=2.0988602752420396e-06
cycle=5880 time=1.5335888345710036e-01 dt=2.0697637851554541e-06
cycle=5881 time=1.5336095322088553e-01 dt=2.0451012632398070e-06
cycle=5882 time=1.5336299832214875e-01 dt=3.6802184501853000e-06
cycle=5883 time=1.5336667854059893e-01 dt=3.3895345212668663e-06
cycle=5884 time=1.5337006807512019e-01 dt=2.9150582884987323e-06
cycle=5885 time=1.5337298313340869e-01 dt=2.4784563869966512e-06
cycle=5886 time=1.5337546158979568e-01 dt=2.1708409528458691e-06
cycle=5887 time=1.5337763243074853e-01 dt=2.0383662533398712e-06
cycle=5888 time=1.5337967079700188e-01 dt=1.9859018318303916e-06
cycle=5889 time=1.5338165669883372e-01 dt=1.9565747949892484e-06
cycle=5890 time=1.5338361327362871e-01 dt=1.9361062951489970e-06
cycle=5891 time=1.5338554937992385e-01 dt=1.9211739556944942e-06
cycle=5892 time=1.5338747055387955e-01 dt=1.9078614285228216e-06
cycle=5893 time=1.5338937841530809e-01 dt=1.8915218233846998e-06
cycle=5894 time=1.5339126993713148e-01 dt=1.8741262490012744e-06
cycle=5895 time=1.5339314406338048e-01 dt=1.8579688183430071e-06
cycle=5896 time=1.5339500203219883e-01 dt=1.8409530689093632e-06
cycle=5897 time=1.5339684298526773e-01 dt=1.8218463102632838e-06
cycle=5898 time=1.5339866483157799e-01 dt=1.8004767008988529e-06
cycle=5899 time=1.5340046530827889e-01 dt=1.7774338349093642e-06
cycle=5900 time=1.5340224274211381e-01 dt=1.7684793460672768e-06
cycle=5901 time=1.5340401122145988e-01 dt=1.8381958782908890e-06
cycle=5902 time=1.5340584941733817e-01 dt=1.9786403393130523e-06
cycle=5903 time=1.5340782805767750e-01 dt=2.1539927646930001e-06
cycle=5904 time=1.5340998205044218e-01 dt=2.3550727687202042e-06
cycle=5905 time=1.5341233712321090e-01 dt=2.5984919352493998e-06
cycle=5906 time=1.5341493561514616e-01 dt=2.8438358204425299e-06
cycle=5907 time=1.5341777945096660e-01 dt=2.6215182628294157e-06
cycle=5908 time=1.5342040096922943e-01 dt=2.3851312533818564e-06
cycle=5909 time=1.5342278610048282e-01 dt=2.1872684215813813e-06
cycle=5910 time=1.5342497336890440e-01 dt=2.0625424141088853e-06
cycle=5911 time=1.5342703591131851e-01 dt=2.0053739138688665e-06
cycle=5912 time=1.5342904128523238e-01 dt=1.9789908592413138e-06
cycle=5913 time=1.5343102027609162e-01 dt=1.9619590971593504e-06
cycle=5914 time=1.5343298223518878e-01 dt=1.9508022141290736e-06
cycle=5915 time=1.5343493303740291e-01 dt=1.9439110978575061e-06
cycle=5916 time=1.5343687694850078e-01 dt=1.9399744870491058e-06
cycle=5917 time=1.5343881692298783e-01 dt=1.9378377373539042e-06
cycle=5918 time=1.5344075476072519e-01 dt=1.9366477878056101e-06
cycle=5919 time=1.5344269140851299e-01 dt=1.9715132510237169e-06
cycle=5920 time=1.5344466292176401e-01 dt=2.0726314132481660e-06
cycle=5921 time=1.5344673555317725e-01 dt=2.2493743994582457e-06
cycle=5922 time=1.5344898492757672e-01 dt=2.5104356931280103e-06
cycle=5923 time=1.5345149536326985e-01 dt=2.8627250263514734e-06
cycle=5924 time=1.5345435808829622e-01 dt=2.8606111530518853e-06
cycle=5925 time=1.5345721869944925e-01 dt=2.6125860458978332e-06
cycle=5926 time=1.5345983128549515e-01 dt=2.4016085557482471e-06
cycle=5927 time=1.5346223289405089e-01 dt=2.2635614355435243e-06
cycle=5928 time=1.5346449645548643e-01 dt=2.2060084991311581e-06
cycle=5929 time=1.5346670246398555e-01 dt=2.0053094968779630e-06
cycle=5930 time=1.5346870777348243e-01 dt=1.8808706283606379e-06
cycle=5931 time=1.5347058864411078e-01 dt=1.8219802095364253e-06
cycle=5932 time=1.5347241062432032e-01 dt=1.8008229001110082e-06
cycle=5933 time=1.5347421144722043e-01 dt=1.8013196583400602e-06
cycle=5934 time=1.5347601276687878e-01 dt=1.8141581116649614e-06
cycle=5935 time=1.5347782692499043e-01 dt=1.8334485049858931e-06
cycle=5936 time=1.5347966037349542e-01 dt=1.8592175083900215e-06
cycle=5937 time=1.5348151959100381e-01 dt=1.8975449048835052e-06
cycle=5938 time=1.5348341713590868e-01 dt=1.9421974338761761e-06
cycle=5939 time=1.5348535933334256e-01 dt=1.9862022820370477e-06
cycle=5940 time=1.5348734553562460e-01 dt=2.0264861210226394e-06
cycle=5941 time=1.5348937202174562e-01 dt=2.0624373983791962e-06
cycle=5942 time=1.5349143445914401e-01 dt=2.0948469205101537e-06
cycle=5943 time=1.5349352930606452e-01 dt=2.1233409669717372e-06
cycle=5944 time=1.5349565264703149e-01 dt=3.5633018811361154e-06
cycle=5945 time=1.5349921594891264e-01 dt=3.9977217760635140e-06
cycle=5946 time=1.5350321367068870e-01 dt=3.4241403501034816e-06
cycle=5947 time=1.5350663781103879e-01 dt=2.8918606324814630e-06
cycle=5948 time=1.5350952967167128e-01 dt=1.0131481939455010e-25
cycle=5949 time=1.5350952967167128e-01 dt=1.4948108610036064e-25
cycle=5950 time=1.5350952967167128e-01 dt=2.9896217220072127e-25
cycle=5951 time=1.5350952967167128e-01 dt=5.9792434440144254e-25
cycle=5952 time=1.5350952967167128e-01 dt=1.1958486888028851e-24
cycle=5953 time=1.5350952967167128e-01 dt=2.3916973776057702e-24
cycle=5954 time=1.5350952967167128e-01 dt=4.7833947552115404e-24
cycle=5955 time=1.5350952967167128e-01 dt=9.5667895104230807e-24
cycle=5956 time=1.5350952967167128e-01 dt=1.9133579020846161e-23
cycle=5957 time=1.5350952967167128e-01 dt=3.8267158041692323e-23
cycle=5958 time=1.5350952967167128e-01 dt=7.6534316083384646e-23
cycle=5959 time=1.5350952967167128e-01 dt=1.5306863216676929e-22
cycle=5960 time=1.5350952967167128e-01 dt=3.0613726433353858e-22
cycle=5961 time=1.5350952967167128e-01 dt=6.1227452866707717e-22
cycle=5962 time=1.5350952967167128e-01 dt=1.2245490573341543e-21
cycle=5963 time=1.5350952967167128e-01 dt=2.4490981146683087e-21
cycle=5964 time=1.5350952967167128e-01 dt=4.8981962293366173e-21
cycle=5965 time=1.5350952967167128e-01 dt=9.7963924586732347e-21
cycle=5966 time=1.5350952967167128e-01 dt=1.9592784917346469e-20
cycle=5967 time=1.5350952967167128e-01 dt=3.9185569834692939e-20
cycle=5968 time=1.5350952967167128e-01 dt=7.8371139669385877e-20
cycle=5969 time=1.5350952967167128e-01 dt=1.5674227933877175e-19
cycle=5970 time=1.5350952967167128e-01 dt=3.1348455867754351e-19
cycle=5971 time=1.5350952967167128e-01 dt=6.2696911735508702e-19
cycle=5972 time=1.5350952967167128e-01 dt=1.2539382347101740e-18
cycle=5973 time=1.5350952967167128e-01 dt=2.5078764694203481e-18
cycle=5974 time=1.5350952967167128e-01 dt=5.0157529388406961e-18
cycle=5975 time=1.5350952967167128e-01 dt=1.0031505877681392e-17
cycle=5976 time=1.5350952967167128e-01 dt=2.0063011755362785e-17
cycle=5977 time=1.5350952967167131e-01 dt=4.0126023510725569e-17
cycle=5978 time=1.5350952967167134e-01 dt=8.0252047021451138e-17
cycle=5979 time=1.5350952967167142e-01 dt=1.6050409404290228e-16
cycle=5980 time=1.5350952967167159e-01 dt=3.2100818808580455e-16
cycle=5981 time=1.5350952967167192e-01 dt=6.4201637617160911e-16
cycle=5982 time=1.5350952967167256e-01 dt=1.2840327523432182e-15
cycle=5983 time=1.5350952967167383e-01 dt=2.5680655046864364e-15
cycle=5984 time=1.5350952967167641e-01 dt=5.1361310093728729e-15
cycle=5985 time=1.5350952967168155e-01 dt=1.0272262018745746e-14
cycle=5986 time=1.5350952967169182e-01 dt=2.0544524037491491e-14
cycle=5987 time=1.5350952967171236e-01 dt=4.1089048074982983e-14
cycle=5988 time=1.5350952967175344e-01 dt=8.2178096149965966e-14
cycle=5989 time=1.5350952967183562e-01 dt=1.6435619229993193e-13
cycle=5990 time=1.5350952967199999e-01 dt=3.2871238459986386e-13
cycle=5991 time=1.5350952967232870e-01 dt=6.5742476919972772e-13
cycle=5992 time=1.5350952967298612e-01 dt=1.3148495383994554e-12
cycle=5993 time=1.5350952967430095e-01 dt=2.6296990767989109e-12
cycle=5994 time=1.5350952967693066e-01 dt=5.2593981535978218e-12
cycle=5995 time=1.5350952968219006e-01 dt=1.0518796307195644e-11
cycle=5996 time=1.5350952969270887e-01 dt=2.1037592614391287e-11
cycle=5997 time=1.5350952971374646e-01 dt=4.2075185228782574e-11
cycle=5998 time=1.5350952975582163e-01 dt=8.4150370457565149e-11
cycle=5999 time=1.5350952983997201e-01 dt=1.6830074091513030e-10
cycle=6000 time=1.5350953000827275e-01 dt=3.3660148183026060e-10
cycle=6001 time=1.5350953034487422e-01 dt=6.7320296366052119e-10
cycle=6002 time=1.5350953101807718e-01 dt=1.3464059273210424e-09
cycle=6003 time=1.5350953236448311e-01 dt=2.6928118546420848e-09
cycle=6004 time=1.5350953505729498e-01 dt=5.3856237092841695e-09
cycle=6005 time=1.5350954044291867e-01 dt=1.0771247418568339e-08
cycle=6006 time=1.5350955121416610e-01 dt=2.1542494837136678e-08
cycle=6007 time=1.5350957275666094e-01 dt=4.3084989674273356e-08
cycle=6008 time=1.5350961584165063e-01 dt=8.6169979348546712e-08
cycle=6009 time=1.5350970201162997e-01 dt=1.7233995869709342e-07
cycle=6010 time=1.5350987435158867e-01 dt=3.4467991739418685e-07
cycle=6011 time=1.5351021903150605e-01 dt=6.8935983478837370e-07
cycle=6012 time=1.5351090839134085e-01 dt=4.3367830533634270e-07
cycle=6013 time=1.5351134206964617e-01 dt=4.5751297151963520e-25
cycle=6014 time=1.5351134206964617e-01 dt=4.6231898137226463e-25
cycle=6015 time=1.5351134206964617e-01 dt=9.2463796274452927e-25
cycle=6016 time=1.5351134206964617e-01 dt=1.8492759254890585e-24
cycle=6017 time=1.5351134206964617e-01 dt=3.6985518509781171e-24
cycle=6018 time=1.5351134206964617e-01 dt=7.3971037019562341e-24
cycle=6019 time=1.5351134206964617e-01 dt=1.4794207403912468e-23
cycle=6020 time=1.5351134206964617e-01 dt=2.9588414807824937e-23
cycle=6021 time=1.5351134206964617e-01 dt=5.9176829615649873e-23
cycle=6022 time=1.5351134206964617e-01 dt=1.1835365923129975e-22
cycle=6023 time=1.5351134206964617e-01 dt=2.3670731846259949e-22
cycle=6024 time=1.5351134206964617e-01 dt=4.7341463692519899e-22
cycle=6025 time=1.5351134206964617e-01 dt=9.4682927385039797e-22
cycle=6026 time=1.5351134206964617e-01 dt=1.8936585477007959e-21
cycle=6027 time=1.5351134206964617e-01 dt=3.7873170954015919e-21
cycle=6028 time=1.5351134206964617e-01 dt=7.5746341908031838e-21
cycle=6029 time=1.5351134206964617e-01 dt=1.5149268381606368e-20
cycle=6030 time=1.5351134206964617e-01 dt=3.0298536763212735e-20
cycle=6031 time=1.5351134206964617e-01 dt=6.0597073526425470e-20
cycle=6032 time=1.5351134206964617e-01 dt=1.2119414705285094e-19
cycle=6033 time=1.5351134206964617e-01 dt=2.4238829410570188e-19
cycle=6034 time=1.5351134206964617e-01 dt=4.8477658821140376e-19
cycle=6035 time=1.5351134206964617e-01 dt=9.6955317642280752e-19
cycle=6036 time=1.5351134206964617e-01 dt=1.9391063528456150e-18
cycle=6037 time=1.5351134206964617e-01 dt=3.8782127056912301e-18
cycle=6038 time=1.5351134206964617e-01 dt=7.7564254113824602e-18
cycle=6039 time=1.5351134206964617e-01 dt=1.5512850822764920e-17
cycle=6040 time=1.5351134206964620e-01 dt=3.1025701645529841e-17
cycle=6041 time=1.5351134206964623e-01 dt=6.2051403291059681e-17
cycle=6042 time=1.5351134206964628e-01 dt=1.2410280658211936e-16
cycle=6043 time=1.5351134206964639e-01 dt=2.4820561316423873e-16
cycle=6044 time=1.5351134206964664e-01 dt=4.9641122632847745e-16
cycle=6045 time=1.5351134206964714e-01 dt=9.9282245265695490e-16
cycle=6046 time=1.5351134206964814e-01 dt=1.9856449053139098e-15
cycle=6047 time=1.5351134206965014e-01 dt=3.9712898106278196e-15
cycle=6048 time=1.5351134206965411e-01 dt=7.9425796212556392e-15
cycle=6049 time=1.5351134206966205e-01 dt=1.5885159242511278e-14
cycle=6050 time=1.5351134206967793e-01 dt=3.1770318485022557e-14
cycle=6051 time=1.5351134206970971e-01 dt=6.3540636970045114e-14
cycle=6052 time=1.5351134206977324e-01 dt=1.2708127394009023e-13
cycle=6053 time=1.5351134206990033e-01 dt=2.5416254788018045e-13
cycle=6054 time=1.5351134207015449e-01 dt=5.0832509576036091e-13
cycle=6055 time=1.5351134207066280e-01 dt=1.0166501915207218e-12
cycle=6056 time=1.5351134207167946e-01 dt=2.0333003830414436e-12
cycle=6057 time=1.5351134207371275e-01 dt=4.0666007660828873e-12
cycle=6058 time=1.5351134207777936e-01 dt=8.1332015321657746e-12
cycle=6059 time=1.5351134208591255e-01 dt=1.6266403064331549e-11
cycle=6060 time=1.5351134210217895e-01 dt=3.2532806128663098e-11
cycle=6061 time=1.5351134213471176e-01 dt=6.5065612257326196e-11
cycle=6062 time=1.5351134219977738e-01 dt=1.3013122451465239e-10
cycle=6063 time=1.5351134232990860e-01 dt=2.6026244902930479e-10
cycle=6064 time=1.5351134259017105e-01 dt=5.2052489805860957e-10
cycle=6065 time=1.5351134311069595e-01 dt=1.0410497961172191e-09
cycle=6066 time=1.5351134415174575e-01 dt=2.0820995922344383e-09
cycle=6067 time=1.5351134623384535e-01 dt=4.1641991844688766e-09
cycle=6068 time=1.5351135039804453e-01 dt=8.3283983689377531e-09
cycle=6069 time=1.5351135872644289e-01 dt=1.6656796737875506e-08
cycle=6070 time=1.5351137538323964e-01 dt=3.3313593475751013e-08
cycle=6071 time=1.5351140869683311e-01 dt=6.6627186951502025e-08
cycle=6072 time=1.5351147532402007e-01 dt=1.3325437390300405e-07
cycle=6073 time=1.5351160857839397e-01 dt=2.6650874780600810e-07
cycle=6074 time=1.5351187508714176e-01 dt=5.3301749561201620e-07
cycle=6075 time=1.5351240810463737e-01 dt=1.0660349912240324e-06
cycle=6076 time=1.5351347413962860e-01 dt=3.6039404934682854e-25
cycle=6077 time=1.5351347413962860e-01 dt=7.2078809869365708e-25
cycle=6078 time=1.5351347413962860e-01 dt=1.4415761973873142e-24
cycle=6079 time=1.5351347413962860e-01 dt=2.8831523947746283e-24
cycle=6080 time=1.5351347413962860e-01 dt=5.7663047895492567e-24
cycle=6081 time=1.5351347413962860e-01 dt=1.1532609579098513e-23
cycle=6082 time=1.5351347413962860e-01 dt=2.3065219158197027e-23
cycle=6083 time=1.5351347413962860e-01 dt=4.6130438316394053e-23
cycle=6084 time=1.5351347413962860e-01 dt=9.2260876632788106e-23
cycle=6085 time=1.5351347413962860e-01 dt=1.8452175326557621e-22
cycle=6086 time=1.5351347413962860e-01 dt=3.6904350653115243e-22
cycle=6087 time=1.5351347413962860e-01 dt=7.3808701306230485e-22
cycle=6088 time=1.5351347413962860e-01 dt=1.4761740261246097e-21
cycle=6089 time=1.5351347413962860e-01 dt=2.9523480522492194e-21
cycle=6090 time=1.5351347413962860e-01 dt=5.9046961044984388e-21
cycle=6091 time=1.5351347413962860e-01 dt=1.1809392208996878e-20
cycle=6092 time=1.5351347413962860e-01 dt=2.3618784417993755e-20
cycle=6093 time=1.5351347413962860e-01 dt=4.7237568835987510e-20
cycle=6094 time=1.5351347413962860e-01 dt=9.4475137671975021e-20
cycle=6095 time=1.5351347413962860e-01 dt=1.8895027534395004e-19
cycle=6096 time=1.5351347413962860e-01 dt=3.7790055068790008e-19
cycle=6097 time=1.5351347413962860e-01 dt=7.5580110137580017e-19
cycle=6098 time=1.5351347413962860e-01 dt=1.5116022027516003e-18
cycle=6099 time=1.5351347413962860e-01 dt=3.0232044055032007e-18
cycle=6100 time=1.5351347413962860e-01 dt=6.0464088110064013e-18
cycle=6101 time=1.5351347413962860e-01 dt=1.2092817622012803e-17
cycle=6102 time=1.5351347413962860e-01 dt=2.4185635244025605e-17
cycle=6103 time=1.5351347413962863e-01 dt=4.8371270488051211e-17
cycle=6104 time=1.5351347413962868e-01 dt=9.6742540976102421e-17
cycle=6105 time=1.5351347413962876e-01 dt=1.9348508195220484e-16
cycle=6106 time=1.5351347413962896e-01 dt=3.8697016390440969e-16
cycle=6107 time=1.5351347413962935e-01 dt=7.7394032780881937e-16
cycle=6108 time=1.5351347413963012e-01 dt=1.5478806556176387e-15
cycle=6109 time=1.5351347413963168e-01 dt=3.0957613112352775e-15
cycle=6110 time=1.5351347413963479e-01 dt=6.1915226224705550e-15
cycle=6111 time=1.5351347413964098e-01 dt=1.2383045244941110e-14
cycle=6112 time=1.5351347413965336e-01 dt=2.4766090489882220e-14
cycle=6113 time=1.5351347413967811e-01 dt=4.9532180979764440e-14
cycle=6114 time=1.5351347413972766e-01 dt=9.9064361959528880e-14
cycle=6115 time=1.5351347413982672e-01 dt=1.9812872391905776e-13
cycle=6116 time=1.5351347414002484e-01 dt=3.9625744783811552e-13
cycle=6117 time=1.5351347414042110e-01 dt=7.9251489567623104e-13
cycle=6118 time=1.5351347414121361e-01 dt=1.5850297913524621e-12
cycle=6119 time=1.5351347414279864e-01 dt=3.1700595827049241e-12
cycle=6120 time=1.5351347414596869e-01 dt=6.3401191654098483e-12
cycle=6121 time=1.5351347415230882e-01 dt=1.2680238330819697e-11
cycle=6122 time=1.5351347416498906e-01 dt=2.5360476661639393e-11
cycle=6123 time=1.5351347419034952e-01 dt=5.0720953323278786e-11
cycle=6124 time=1.5351347424107048e-01 dt=1.0144190664655757e-10
cycle=6125 time=1.5351347434251239e-01 dt=2.0288381329311515e-10
cycle=6126 time=1.5351347454539621e-01 dt=4.0576762658623029e-10
cycle=6127 time=1.5351347495116383e-01 dt=8.1153525317246058e-10
cycle=6128 time=1.5351347576269908e-01 dt=1.6230705063449212e-09
cycle=6129 time=1.5351347738576959e-01 dt=3.2461410126898423e-09
cycle=6130 time=1.5351348063191061e-01 dt=6.4922820253796847e-09
cycle=6131 time=1.5351348712419263e-01 dt=1.2984564050759369e-08
cycle=6132 time=1.5351350010875670e-01 dt=2.5969128101518739e-08
cycle=6133 time=1.5351352607788479e-01 dt=5.1938256203037477e-08
cycle=6134 time=1.5351357801614099e-01 dt=1.0387651240607495e-07
cycle=6135 time=1.5351368189265341e-01 dt=2.0775302481214991e-07
cycle=6136 time=1.5351388964567822e-01 dt=4.1550604962429982e-07
cycle=6137 time=1.5351430515172784e-01 dt=8.3101209924859964e-07
cycle=6138 time=1.5351513616382709e-01 dt=3.0131549071604098e-25
cycle=6139 time=1.5351513616382709e-01 dt=3.8469899851246210e-25
cycle=6140 time=1.5351513616382709e-01 dt=7.6939799702492419e-25
cycle=6141 time=1.5351513616382709e-01 dt=1.5387959940498484e-24
cycle=6142 time=1.5351513616382709e-01 dt=3.0775919880996968e-24
cycle=6143 time=1.5351513616382709e-01 dt=6.1551839761993936e-24
cycle=6144 time=1.5351513616382709e-01 dt=1.2310367952398787e-23
cycle=6145 time=1.5351513616382709e-01 dt=2.4620735904797574e-23
cycle=6146 time=1.5351513616382709e-01 dt=4.9241471809595148e-23
cycle=6147 time=1.5351513616382709e-01 dt=9.8482943619190297e-23
cycle=6148 time=1.5351513616382709e-01 dt=1.9696588723838059e-22
cycle=6149 time=1.5351513616382709e-01 dt=3.9393177447676119e-22
cycle=6150 time=1.5351513616382709e-01 dt=7.8786354895352238e-22
cycle=6151 time=1.5351513616382709e-01 dt=1.5757270979070448e-21
cycle=6152 time=1.5351513616382709e-01 dt=3.1514541958140895e-21
cycle=6153 time=1.5351513616382709e-01 dt=6.3029083916281790e-21
cycle=6154 time=1.5351513616382709e-01 dt=1.2605816783256358e-20
cycle=6155 time=1.5351513616382709e-01 dt=2.5211633566512716e-20
cycle=6156 time=1.5351513616382709e-01 dt=5.0423267133025432e-20
cycle=6157 time=1.5351513616382709e-01 dt=1.0084653426605086e-19
cycle=6158 time=1.5351513616382709e-01 dt=2.0169306853210173e-19
cycle=6159 time=1.5351513616382709e-01 dt=4.0338613706420346e-19
cycle=6160 time=1.5351513616382709e-01 dt=8.0677227412840691e-19
cycle=6161 time=1.5351513616382709e-01 dt=1.6135445482568138e-18
cycle=6162 time=1.5351513616382709e-01 dt=3.2270890965136276e-18
cycle=6163 time=1.5351513616382709e-01 dt=6.4541781930272553e-18
cycle=6164 time=1.5351513616382709e-01 dt=1.2908356386054511e-17
cycle=6165 time=1.5351513616382709e-01 dt=2.5816712772109021e-17
cycle=6166 time=1.5351513616382712e-01 dt=5.1633425544218042e-17
cycle=6167 time=1.5351513616382717e-01 dt=1.0326685108843608e-16
cycle=6168 time=1.5351513616382728e-01 dt=2.0653370217687217e-16
cycle=6169 time=1.5351513616382748e-01 dt=4.1306740435374434e-16
cycle=6170 time=1.5351513616382789e-01 dt=8.2613480870748868e-16
cycle=6171 time=1.5351513616382872e-01 dt=1.6522696174149774e-15
cycle=6172 time=1.5351513616383039e-01 dt=3.3045392348299547e-15
cycle=6173 time=1.5351513616383369e-01 dt=6.6090784696599094e-15
cycle=6174 time=1.5351513616384030e-01 dt=1.3218156939319819e-14
cycle=6175 time=1.5351513616385351e-01 dt=2.6436313878639638e-14
cycle=6176 time=1.5351513616387993e-01 dt=5.2872627757279275e-14
cycle=6177 time=1.5351513616393281e-01 dt=1.0574525551455855e-13
cycle=6178 time=1.5351513616403856e-01 dt=2.1149051102911710e-13
cycle=6179 time=1.5351513616425005e-01 dt=4.2298102205823420e-13
cycle=6180 time=1.5351513616467302e-01 dt=8.4596204411646841e-13
cycle=6181 time=1.5351513616551898e-01 dt=1.6919240882329368e-12
cycle=6182 time=1.5351513616721091e-01 dt=3.3838481764658736e-12
cycle=6183 time=1.5351513617059476e-01 dt=6.7676963529317472e-12
cycle=6184 time=1.5351513617736245e-01 dt=1.3535392705863494e-11
cycle=6185 time=1.5351513619089785e-01 dt=2.7070785411726989e-11
cycle=6186 time=1.5351513621796864e-01 dt=5.4141570823453978e-11
cycle=6187 time=1.5351513627211022e-01 dt=1.0828314164690796e-10
cycle=6188 time=1.5351513638039335e-01 dt=2.1656628329381591e-10
cycle=6189 time=1.5351513659695964e-01 dt=4.3313256658763182e-10
cycle=6190 time=1.5351513703009220e-01 dt=8.6626513317526365e-10
cycle=6191 time=1.5351513789635735e-01 dt=1.7325302663505273e-09
cycle=6192 time=1.5351513962888760e-01 dt=3.4650605327010546e-09
cycle=6193 time=1.5351514309394815e-01 dt=6.9301210654021092e-09
cycle=6194 time=1.5351515002406921e-01 dt=1.3860242130804218e-08
cycle=6195 time=1.5351516388431133e-01 dt=2.7720484261608437e-08
cycle=6196 time=1.5351519160479560e-01 dt=5.5440968523216873e-08
cycle=6197 time=1.5351524704576411e-01 dt=1.1088193704643375e-07
cycle=6198 time=1.5351535792770116e-01 dt=2.2176387409286749e-07
cycle=6199 time=1.5351557969157525e-01 dt=4.4352774818573499e-07
cycle=6200 time=1.5351602321932345e-01 dt=8.8705549637146998e-07
cycle=6201 time=1.5351691027481981e-01 dt=1.7497794316283005e-25
cycle=6202 time=1.5351691027481981e-01 dt=3.4995588632566010e-25
cycle=6203 time=1.5351691027481981e-01 dt=6.9991177265132019e-25
cycle=6204 time=1.5351691027481981e-01 dt=1.3998235453026404e-24
cycle=6205 time=1.5351691027481981e-01 dt=2.7996470906052808e-24
cycle=6206 time=1.5351691027481981e-01 dt=5.5992941812105615e-24
cycle=6207 time=1.5351691027481981e-01 dt=1.1198588362421123e-23
cycle=6208 time=1.5351691027481981e-01 dt=2.2397176724842246e-23
cycle=6209 time=1.5351691027481981e-01 dt=4.4794353449684492e-23
cycle=6210 time=1.5351691027481981e-01 dt=8.9588706899368984e-23
cycle=6211 time=1.5351691027481981e-01 dt=1.7917741379873797e-22
cycle=6212 time=1.5351691027481981e-01 dt=3.5835482759747594e-22
cycle=6213 time=1.5351691027481981e-01 dt=7.1670965519495188e-22
cycle=6214 time=1.5351691027481981e-01 dt=1.4334193103899038e-21
cycle=6215 time=1.5351691027481981e-01 dt=2.8668386207798075e-21
cycle=6216 time=1.5351691027481981e-01 dt=5.7336772415596150e-21
cycle=6217 time=1.5351691027481981e-01 dt=1.1467354483119230e-20
cycle=6218 time=1.5351691027481981e-01 dt=2.2934708966238460e-20
cycle=6219 time=1.5351691027481981e-01 dt=4.5869417932476920e-20
cycle=6220 time=1.5351691027481981e-01 dt=9.1738835864953840e-20
cycle=6221 time=1.5351691027481981e-01 dt=1.8347767172990768e-19
cycle=6222 time=1.5351691027481981e-01 dt=3.6695534345981536e-19
cycle=6223 time=1.5351691027481981e-01 dt=7.3391068691963072e-19
cycle=6224 time=1.5351691027481981e-01 dt=1.4678213738392614e-18
cycle=6225 time=1.5351691027481981e-01 dt=2.9356427476785229e-18
cycle=6226 time=1.5351691027481981e-01 dt=5.8712854953570458e-18
cycle=6227 time=1.5351691027481981e-01 dt=1.1742570990714092e-17
cycle=6228 time=1.5351691027481981e-01 dt=2.3485141981428183e-17
cycle=6229 time=1.5351691027481984e-01 dt=4.6970283962856366e-17
cycle=6230 time=1.5351691027481990e-01 dt=9.3940567925712732e-17
cycle=6231 time=1.5351691027481998e-01 dt=1.8788113585142546e-16
cycle=6232 time=1.5351691027482017e-01 dt=3.7576227170285093e-16
cycle=6233 time=1.5351691027482056e-01 dt=7.5152454340570186e-16
cycle=6234 time=1.5351691027482131e-01 dt=1.5030490868114037e-15
cycle=6235 time=1.5351691027482281e-01 dt=3.0060981736228074e-15
cycle=6236 time=1.5351691027482581e-01 dt=6.0121963472456149e-15
cycle=6237 time=1.5351691027483183e-01 dt=1.2024392694491230e-14
cycle=6238 time=1.5351691027484385e-01 dt=2.4048785388982459e-14
cycle=6239 time=1.5351691027486788e-01 dt=4.8097570777964919e-14
cycle=6240 time=1.5351691027491599e-01 dt=9.6195141555929838e-14
cycle=6241 time=1.5351691027501219e-01 dt=1.9239028311185968e-13
cycle=6242 time=1.5351691027520459e-01 dt=3.8478056622371935e-13
cycle=6243 time=1.5351691027558936e-01 dt=7.6956113244743870e-13
cycle=6244 time=1.5351691027635891e-01 dt=1.5391222648948774e-12
cycle=6245 time=1.5351691027789804e-01 dt=3.0782445297897548e-12
cycle=6246 time=1.5351691028097628e-01 dt=6.1564890595795096e-12
cycle=6247 time=1.5351691028713277e-01 dt=1.2312978119159019e-11
cycle=6248 time=1.5351691029944575e-01 dt=2.4625956238318038e-11
cycle=6249 time=1.5351691032407172e-01 dt=4.9251912476636077e-11
cycle=6250 time=1.5351691037332363e-01 dt=9.8503824953272154e-11
cycle=6251 time=1.5351691047182744e-01 dt=1.9700764990654431e-10
cycle=6252 time=1.5351691066883510e-01 dt=3.9401529981308862e-10
cycle=6253 time=1.5351691106285040e-01 dt=7.8803059962617723e-10
cycle=6254 time=1.5351691185088101e-01 dt=1.5760611992523545e-09
cycle=6255 time=1.5351691342694221e-01 dt=3.1521223985047089e-09
cycle=6256 time=1.5351691657906461e-01 dt=6.3042447970094178e-09
cycle=6257 time=1.5351692288330940e-01 dt=1.2608489594018836e-08
cycle=6258 time=1.5351693549179898e-01 dt=2.5216979188037671e-08
cycle=6259 time=1.5351696070877818e-01 dt=5.0433958376075343e-08
cycle=6260 time=1.5351701114273655e-01 dt=1.0086791675215069e-07
cycle=6261 time=1.5351711201065329e-01 dt=2.0173583350430137e-07
cycle=6262 time=1.5351731374648681e-01 dt=4.0347166700860274e-07
cycle=6263 time=1.5351771721815383e-01 dt=8.0694333401720548e-07
cycle=6264 time=1.5351852416148784e-01 dt=1.6138866680344110e-06
cycle=6265 time=1.5352013804815587e-01 dt=6.1994160832015650e-26
cycle=6266 time=1.5352013804815587e-01 dt=1.2398832166403130e-25
cycle=6267 time=1.5352013804815587e-01 dt=1.4347032971349176e-25
cycle=6268 time=1.5352013804815587e-01 dt=2.8694065942698351e-25
cycle=6269 time=1.5352013804815587e-01 dt=5.7388131885396702e-25
cycle=6270 time=1.5352013804815587e-01 dt=1.1477626377079340e-24
cycle=6271 time=1.5352013804815587e-01 dt=2.2955252754158681e-24
cycle=6272 time=1.5352013804815587e-01 dt=4.5910505508317362e-24
cycle=6273 time=1.5352013804815587e-01 dt=9.1821011016634724e-24
cycle=6274 time=1.5352013804815587e-01 dt=1.8364202203326945e-23
cycle=6275 time=1.5352013804815587e-01 dt=3.6728404406653890e-23
cycle=6276 time=1.5352013804815587e-01 dt=7.3456808813307779e-23
cycle=6277 time=1.5352013804815587e-01 dt=1.4691361762661556e-22
cycle=6278 time=1.5352013804815587e-01 dt=2.9382723525323112e-22
cycle=6279 time=1.5352013804815587e-01 dt=5.8765447050646223e-22
cycle=6280 time=1.5352013804815587e-01 dt=1.1753089410129245e-21
cycle=6281 time=1.5352013804815587e-01 dt=2.3506178820258489e-21
cycle=6282 time=1.5352013804815587e-01 dt=4.7012357640516979e-21
cycle=6283 time=1.5352013804815587e-01 dt=9.4024715281033957e-21
cycle=6284 time=1.5352013804815587e-01 dt=1.8804943056206791e-20
cycle=6285 time=1.5352013804815587e-01 dt=3.7609886112413583e-20
cycle=6286 time=1.5352013804815587e-01 dt=7.5219772224827166e-20
cycle=6287 time=1.5352013804815587e-01 dt=1.5043954444965433e-19
cycle=6288 time=1.5352013804815587e-01 dt=3.0087908889930866e-19
cycle=6289 time=1.5352013804815587e-01 dt=6.0175817779861733e-19
cycle=6290 time=1.5352013804815587e-01 dt=1.2035163555972347e-18
cycle=6291 time=1.5352013804815587e-01 dt=2.4070327111944693e-18
cycle=6292 time=1.5352013804815587e-01 dt=4.8140654223889386e-18
cycle=6293 time=1.5352013804815587e-01 dt=9.6281308447778772e-18
cycle=6294 time=1.5352013804815587e-01 dt=1.9256261689555754e-17
cycle=6295 time=1.5352013804815590e-01 dt=3.8512523379111509e-17
cycle=6296 time=1.5352013804815592e-01 dt=7.7025046758223018e-17
cycle=6297 time=1.5352013804815601e-01 dt=1.5405009351644604e-16
cycle=6298 time=1.5352013804815617e-01 dt=3.0810018703289207e-16
cycle=6299 time=1.5352013804815648e-01 dt=6.1620037406578414e-16
cycle=6300 time=1.5352013804815709e-01 dt=1.2324007481315683e-15
cycle=6301 time=1.5352013804815831e-01 dt=2.4648014962631366e-15
cycle=6302 time=1.5352013804816078e-01 dt=4.9296029925262731e-15
cycle=6303 time=1.5352013804816572e-01 dt=9.8592059850525463e-15
cycle=6304 time=1.5352013804817558e-01 dt=1.9718411970105093e-14
cycle=6305 time=1.5352013804819528e-01 dt=3.9436823940210185e-14
cycle=6306 time=1.5352013804823472e-01 dt=7.8873647880420370e-14
cycle=6307 time=1.5352013804831360e-01 dt=1.5774729576084074e-13
cycle=6308 time=1.5352013804847134e-01 dt=3.1549459152168148e-13
cycle=6309 time=1.5352013804878684e-01 dt=6.3098918304336296e-13
cycle=6310 time=1.5352013804941783e-01 dt=1.2619783660867259e-12
cycle=6311 time=1.5352013805067982e-01 dt=2.5239567321734518e-12
cycle=6312 time=1.5352013805320378e-01 dt=5.0479134643469037e-12
cycle=6313 time=1.5352013805825168e-01 dt=1.0095826928693807e-11
cycle=6314 time=1.5352013806834749e-01 dt=2.0191653857387615e-11
cycle=6315 time=1.5352013808853915e-01 dt=4.0383307714775230e-11
cycle=6316 time=1.5352013812892246e-01 dt=8.0766615429550459e-11
cycle=6317 time=1.5352013820968907e-01 dt=1.6153323085910092e-10
cycle=6318 time=1.5352013837122230e-01 dt=3.2306646171820184e-10
cycle=6319 time=1.5352013869428877e-01 dt=6.4613292343640367e-10
cycle=6320 time=1.5352013934042169e-01 dt=1.2922658468728073e-09
cycle=6321 time=1.5352014063268754e-01 dt=2.5845316937456147e-09
cycle=6322 time=1.5352014321721924e-01 dt=5.1690633874912294e-09
cycle=6323 time=1.5352014838628264e-01 dt=1.0338126774982459e-08
cycle=6324 time=1.5352015872440941e-01 dt=2.0676253549964918e-08
cycle=6325 time=1.5352017940066295e-01 dt=4.1352507099929835e-08
cycle=6326 time=1.5352022075317007e-01 dt=8.2705014199859670e-08
cycle=6327 time=1.5352030345818427e-01 dt=1.6541002839971934e-07
cycle=6328 time=1.5352046886821266e-01 dt=3.3082005679943868e-07
cycle=6329 time=1.5352079968826945e-01 dt=6.6164011359887736e-07
cycle=6330 time=1.5352146132838304e-01 dt=1.3232802271977547e-06
cycle=6331 time=1.5352278460861024e-01 dt=9.4233594785459803e-07
cycle=6332 time=1.5352372694455810e-01 dt=5.0035062245139893e-07
cycle=6333 time=1.5352422729518056e-01 dt=6.8341252195202828e-07
cycle=6334 time=1.5352491070770252e-01 dt=7.4798402386890878e-07
cycle=6335 time=1.5352565869172638e-01 dt=8.1441603070643014e-07
cycle=6336 time=1.5352647310775708e-01 dt=8.8739747933556060e-07
cycle=6337 time=1.5352736050523641e-01 dt=9.6775744567075986e-07
cycle=6338 time=1.5352832826268209e-01 dt=1.0558300044369787e-06
cycle=6339 time=1.5352938409268652e-01 dt=1.1502550822216185e-06
cycle=6340 time=1.5353053434776873e-01 dt=1.2506344334909484e-06
cycle=6341 time=1.5353178498220221e-01 dt=1.3566435650537576e-06
cycle=6342 time=1.5353314162576726e-01 dt=1.4699672970366837e-06
cycle=6343 time=1.5353461159306428e-01 dt=1.5891769425081077e-06
cycle=6344 time=1.5353620077000679e-01 dt=1.7144608808010338e-06
cycle=6345 time=1.5353791523088758e-01 dt=1.8470257606606452e-06
cycle=6346 time=1.5353976225664825e-01 dt=1.9857915533945584e-06
cycle=6347 time=1.5354174804820164e-01 dt=2.1314208573024287e-06
cycle=6348 time=1.5354387946905895e-01 dt=2.2867285362095816e-06
cycle=6349 time=1.5354616619759517e-01 dt=2.4551695910193426e-06
cycle=6350 time=1.5354862136718619e-01 dt=2.6605448565813656e-06
cycle=6351 time=1.5355128191204279e-01 dt=2.9250661875643455e-06
cycle=6352 time=1.5355420697823036e-01 dt=2.9436172819204724e-06
cycle=6353 time=1.5355715059551228e-01 dt=2.4714180980871935e-06
cycle=6354 time=1.5355962201361037e-01 dt=2.0893497624761845e-06
cycle=6355 time=1.5356171136337285e-01 dt=1.8753823647217189e-06
cycle=6356 time=1.5356358674573758e-01 dt=1.8088276650230023e-06
cycle=6357 time=1.5356539557340260e-01 dt=1.8378468013450328e-06
cycle=6358 time=1.5356723342020395e-01 dt=1.9069499584218462e-06
cycle=6359 time=1.5356914037016237e-01 dt=2.0056540657037068e-06
cycle=6360 time=1.5357114602422806e-01 dt=2.2177069754153498e-06
cycle=6361 time=1.5357336373120348e-01 dt=2.6460997418333243e-06
cycle=6362 time=1.5357600983094530e-01 dt=3.3406814758065874e-06
cycle=6363 time=1.5357935051242111e-01 dt=3.0507272988923102e-06
cycle=6364 time=1.5358240123972000e-01 dt=2.8711005663266011e-06
cycle=6365 time=1.5358527234028632e-01 dt=2.7773881914641299e-06
cycle=6366 time=1.5358804972847778e-01 dt=2.5693616438444188e-06
cycle=6367 time=1.5359061909012162e-01 dt=2.4690717123981225e-06
cycle=6368 time=1.5359308816183401e-01 dt=2.4877005447759794e-06
cycle=6369 time=1.5359557586237879e-01 dt=2.6031971508870904e-06
cycle=6370 time=1.5359817905952969e-01 dt=2.7984032363903654e-06
cycle=6371 time=1.5360097746276608e-01 dt=2.7229907902400719e-06
cycle=6372 time=1.5360370045355631e-01 dt=2.6209280526784271e-06
cycle=6373 time=1.5360632138160898e-01 dt=2.5686595184854591e-06
cycle=6374 time=1.5360889004112746e-01 dt=2.5320593222465877e-06
cycle=6375 time=1.5361142210044970e-01 dt=2.4999496244011141e-06
cycle=6376 time=1.5361392205007410e-01 dt=2.4793121336485896e-06
cycle=6377 time=1.5361640136220775e-01 dt=2.4655473414300857e-06
cycle=6378 time=1.5361886690954918e-01 dt=2.4550862655464545e-06
cycle=6379 time=1.5362132199581471e-01 dt=2.4457011085813479e-06
cycle=6380 time=1.5362376769692329e-01 dt=2.4363118311244699e-06
cycle=6381 time=1.5362620400875440e-01 dt=2.4265985956907929e-06
cycle=6382 time=1.5362863060735010e-01 dt=2.4166347209366550e-06
cycle=6383 time=1.5363104724207105e-01 dt=2.4066275496065834e-06
cycle=6384 time=1.5363345386962066e-01 dt=2.4171214141595586e-06
cycle=6385 time=1.5363587099103482e-01 dt=2.4610369364083634e-06
cycle=6386 time=1.5363833202797123e-01 dt=2.5353960041393414e-06
cycle=6387 time=1.5364086742397537e-01 dt=2.6283689525437415e-06
cycle=6388 time=1.5364349579292791e-01 dt=2.5206044753886279e-06
cycle=6389 time=1.5364601639740330e-01 dt=2.4113761774256919e-06
cycle=6390 time=1.5364842777358073e-01 dt=2.3246618984527544e-06
cycle=6391 time=1.5365075243547918e-01 dt=2.2667414629705635e-06
cycle=6392 time=1.5365301917694216e-01 dt=2.2336392973496622e-06
cycle=6393 time=1.5365525281623951e-01 dt=2.2171203350147440e-06
cycle=6394 time=1.5365746993657453e-01 dt=2.2092439561783226e-06
cycle=6395 time=1.5365967918053072e-01 dt=2.2041844964365969e-06
cycle=6396 time=1.5366188336502715e-01 dt=2.1984931432542480e-06
cycle=6397 time=1.5366408185817040e-01 dt=2.2248888000799744e-06
cycle=6398 time=1.5366630674697049e-01 dt=2.2896174048963901e-06
cycle=6399 time=1.5366859636437538e-01 dt=2.3885604219814649e-06
cycle=6400 time=1.5367098492479736e-01 dt=2.5160904102893919e-06
cycle=6401 time=1.5367350101520766e-01 dt=1.9015886596292442e-06
cycle=6402 time=1.5367540260386728e-01 dt=1.1540224232952170e-26
cycle=6403 time=1.5367540260386728e-01 dt=2.3080448465904340e-26
cycle=6404 time=1.5367540260386728e-01 dt=4.6160896931808680e-26
cycle=6405 time=1.5367540260386728e-01 dt=9.2321793863617360e-26
cycle=6406 time=1.5367540260386728e-01 dt=1.8464358772723472e-25
cycle=6407 time=1.5367540260386728e-01 dt=3.6928717545446944e-25
cycle=6408 time=1.5367540260386728e-01 dt=1.2023509129554378e-26
cycle=6409 time=1.5367540260386728e-01 dt=2.4047018259108756e-26
cycle=6410 time=1.5367540260386728e-01 dt=4.8094036518217513e-26
cycle=6411 time=1.5367540260386728e-01 dt=9.6188073036435026e-26
cycle=6412 time=1.5367540260386728e-01 dt=1.9237614607287005e-25
cycle=6413 time=1.5367540260386728e-01 dt=3.8475229214574010e-25
cycle=6414 time=1.5367540260386728e-01 dt=7.6950458429148021e-25
cycle=6415 time=1.5367540260386728e-01 dt=1.5390091685829604e-24
cycle=6416 time=1.5367540260386728e-01 dt=3.0780183371659208e-24
cycle=6417 time=1.5367540260386728e-01 dt=6.1560366743318416e-24
cycle=6418 time=1.5367540260386728e-01 dt=1.2312073348663683e-23
cycle=6419 time=1.5367540260386728e-01 dt=2.4624146697327367e-23
cycle=6420 time=1.5367540260386728e-01 dt=4.9248293394654733e-23
cycle=6421 time=1.5367540260386728e-01 dt=9.8496586789309466e-23
cycle=6422 time=1.5367540260386728e-01 dt=1.9699317357861893e-22
cycle=6423 time=1.5367540260386728e-01 dt=3.9398634715723787e-22
cycle=6424 time=1.5367540260386728e-01 dt=7.8797269431447573e-22
cycle=6425 time=1.5367540260386728e-01 dt=1.5759453886289515e-21
cycle=6426 time=1.5367540260386728e-01 dt=3.1518907772579029e-21
cycle=6427 time=1.5367540260386728e-01 dt=6.3037815545158058e-21
cycle=6428 time=1.5367540260386728e-01 dt=1.2607563109031612e-20
cycle=6429 time=1.5367540260386728e-01 dt=2.5215126218063223e-20
cycle=6430 time=1.5367540260386728e-01 dt=5.0430252436126447e-20
cycle=6431 time=1.5367540260386728e-01 dt=1.0086050487225289e-19
cycle=6432 time=1.5367540260386728e-01 dt=2.0172100974450579e-19
cycle=6433 time=1.5367540260386728e-01 dt=4.0344201948901157e-19
cycle=6434 time=1.5367540260386728e-01 dt=8.0688403897802315e-19
cycle=6435 time=1.5367540260386728e-01 dt=1.6137680779560463e-18
cycle=6436 time=1.5367540260386728e-01 dt=3.2275361559120926e-18
cycle=6437 time=1.5367540260386728e-01 dt=6.4550723118241852e-18
cycle=6438 time=1.5367540260386728e-01 dt=1.2910144623648370e-17
cycle=6439 time=1.5367540260386728e-01 dt=2.5820289247296741e-17
cycle=6440 time=1.5367540260386731e-01 dt=5.1640578494593481e-17
cycle=6441 time=1.5367540260386736e-01 dt=1.0328115698918696e-16
cycle=6442 time=1.5367540260386747e-01 dt=2.0656231397837393e-16
cycle=6443 time=1.5367540260386767e-01 dt=4.1312462795674785e-16
cycle=6444 time=1.5367540260386808e-01 dt=8.2624925591349570e-16
cycle=6445 time=1.5367540260386892e-01 dt=1.6524985118269914e-15
cycle=6446 time=1.5367540260387058e-01 dt=3.3049970236539828e-15
cycle=6447 time=1.5367540260387388e-01 dt=6.6099940473079656e-15
cycle=6448 time=1.5367540260388049e-01 dt=1.3219988094615931e-14
cycle=6449 time=1.5367540260389370e-01 dt=2.6439976189231863e-14
cycle=6450 time=1.5367540260392015e-01 dt=5.2879952378463725e-14
cycle=6451 time=1.5367540260397303e-01 dt=1.0575990475692745e-13
cycle=6452 time=1.5367540260407878e-01 dt=2.1151980951385490e-13
cycle=6453 time=1.5367540260429030e-01 dt=4.2303961902770980e-13
cycle=6454 time=1.5367540260471335e-01 dt=8.4607923805541960e-13
cycle=6455 time=1.5367540260555942e-01 dt=1.6921584761108392e-12
cycle=6456 time=1.5367540260725157e-01 dt=3.3843169522216784e-12
cycle=6457 time=1.5367540261063589e-01 dt=6.7686339044433568e-12
cycle=6458 time=1.5367540261740453e-01 dt=1.3537267808886714e-11
cycle=6459 time=1.5367540263094179e-01 dt=2.7074535617773427e-11
cycle=6460 time=1.5367540265801632e-01 dt=5.4149071235546854e-11
cycle=6461 time=1.5367540271216540e-01 dt=1.0829814247109371e-10
cycle=6462 time=1.5367540282046355e-01 dt=2.1659628494218742e-10
cycle=6463 time=1.5367540303705984e-01 dt=4.3319256988437484e-10
cycle=6464 time=1.5367540347025241e-01 dt=8.6638513976874967e-10
cycle=6465 time=1.5367540433663754e-01 dt=1.7327702795374993e-09
cycle=6466 time=1.5367540606940783e-01 dt=3.4655405590749987e-09
cycle=6467 time=1.5367540953494838e-01 dt=6.9310811181499974e-09
cycle=6468 time=1.5367541646602950e-01 dt=1.3862162236299995e-08
cycle=6469 time=1.5367543032819173e-01 dt=2.7724324472599989e-08
cycle=6470 time=1.5367545805251620e-01 dt=5.5448648945199979e-08
cycle=6471 time=1.5367551350116515e-01 dt=1.1089729789039996e-07
cycle=6472 time=1.5367562439846305e-01 dt=2.2179459578079992e-07
cycle=6473 time=1.5367584619305882e-01 dt=4.4358919156159983e-07
cycle=6474 time=1.5367628978225040e-01 dt=8.8717838312319966e-07
cycle=6475 time=1.5367717696063352e-01 dt=5.1606132916704468e-26
cycle=6476 time=1.5367717696063352e-01 dt=1.0321226583340894e-25
cycle=6477 time=1.5367717696063352e-01 dt=2.0642453166681787e-25
cycle=6478 time=1.5367717696063352e-01 dt=4.1284906333363574e-25
cycle=6479 time=1.5367717696063352e-01 dt=8.2569812666727149e-25
cycle=6480 time=1.5367717696063352e-01 dt=1.6513962533345430e-24
cycle=6481 time=1.5367717696063352e-01 dt=3.3027925066690859e-24
cycle=6482 time=1.5367717696063352e-01 dt=6.6055850133381719e-24
cycle=6483 time=1.5367717696063352e-01 dt=1.3211170026676344e-23
cycle=6484 time=1.5367717696063352e-01 dt=2.6422340053352688e-23
cycle=6485 time=1.5367717696063352e-01 dt=5.2844680106705375e-23
cycle=6486 time=1.5367717696063352e-01 dt=1.0568936021341075e-22
cycle=6487 time=1.5367717696063352e-01 dt=2.1137872042682150e-22
cycle=6488 time=1.5367717696063352e-01 dt=4.2275744085364300e-22
cycle=6489 time=1.5367717696063352e-01 dt=8.4551488170728600e-22
cycle=6490 time=1.5367717696063352e-01 dt=1.6910297634145720e-21
cycle=6491 time=1.5367717696063352e-01 dt=3.3820595268291440e-21
cycle=6492 time=1.5367717696063352e-01 dt=6.7641190536582880e-21
cycle=6493 time=1.5367717696063352e-01 dt=1.3528238107316576e-20
cycle=6494 time=1.5367717696063352e-01 dt=2.7056476214633152e-20
cycle=6495 time=1.5367717696063352e-01 dt=5.4112952429266304e-20
cycle=6496 time=1.5367717696063352e-01 dt=1.0822590485853261e-19
cycle=6497 time=1.5367717696063352e-01 dt=2.1645180971706522e-19
cycle=6498 time=1.5367717696063352e-01 dt=4.3290361943413043e-19
cycle=6499 time=1.5367717696063352e-01 dt=8.6580723886826087e-19
cycle=6500 time=1.5367717696063352e-01 dt=1.7316144777365217e-18
cycle=6501 time=1.5367717696063352e-01 dt=3.4632289554730435e-18
cycle=6502 time=1.5367717696063352e-01 dt=6.9264579109460869e-18
cycle=6503 time=1.5367717696063352e-01 dt=1.3852915821892174e-17
cycle=6504 time=1.5367717696063352e-01 dt=2.7705831643784348e-17
cycle=6505 time=1.5367717696063354e-01 dt=5.5411663287568695e-17
cycle=6506 time=1.5367717696063360e-01 dt=1.1082332657513739e-16
cycle=6507 time=1.5367717696063371e-01 dt=2.2164665315027478e-16
cycle=6508 time=1.5367717696063393e-01 dt=4.4329330630054956e-16
cycle=6509 time=1.5367717696063438e-01 dt=8.8658661260109913e-16
cycle=6510 time=1.5367717696063526e-01 dt=1.7731732252021983e-15
cycle=6511 time=1.5367717696063704e-01 dt=3.5463464504043965e-15
cycle=6512 time=1.5367717696064059e-01 dt=7.0926929008087930e-15
cycle=6513 time=1.5367717696064770e-01 dt=1.4185385801617586e-14
cycle=6514 time=1.5367717696066188e-01 dt=2.8370771603235172e-14
cycle=6515 time=1.5367717696069025e-01 dt=5.6741543206470344e-14
cycle=6516 time=1.5367717696074698e-01 dt=1.1348308641294069e-13
cycle=6517 time=1.5367717696086047e-01 dt=2.2696617282588138e-13
cycle=6518 time=1.5367717696108743e-01 dt=4.5393234565176275e-13
cycle=6519 time=1.5367717696154137e-01 dt=9.0786469130352551e-13
cycle=6520 time=1.5367717696244923e-01 dt=1.8157293826070510e-12
cycle=6521 time=1.5367717696426497e-01 dt=3.6314587652141020e-12
cycle=6522 time=1.5367717696789643e-01 dt=7.2629175304282040e-12
cycle=6523 time=1.5367717697515934e-01 dt=1.4525835060856408e-11
cycle=6524 time=1.5367717698968517e-01 dt=2.9051670121712816e-11
cycle=6525 time=1.5367717701873684e-01 dt=5.8103340243425632e-11
cycle=6526 time=1.5367717707684017e-01 dt=1.1620668048685126e-10
cycle=6527 time=1.5367717719304685e-01 dt=2.3241336097370253e-10
cycle=6528 time=1.5367717742546022e-01 dt=4.6482672194740506e-10
cycle=6529 time=1.5367717789028695e-01 dt=9.2965344389481012e-10
cycle=6530 time=1.5367717881994039e-01 dt=1.8593068877896202e-09
cycle=6531 time=1.5367718067924727e-01 dt=3.7186137755792405e-09
cycle=6532 time=1.5367718439786104e-01 dt=7.4372275511584809e-09
cycle=6533 time=1.5367719183508860e-01 dt=1.4874455102316962e-08
cycle=6534 time=1.5367720670954371e-01 dt=2.9748910204633924e-08
cycle=6535 time=1.5367723645845391e-01 dt=5.9497820409267848e-08
cycle=6536 time=1.5367729595627433e-01 dt=1.1899564081853570e-07
cycle=6537 time=1.5367741495191514e-01 dt=2.3799128163707139e-07
cycle=6538 time=1.5367765294319677e-01 dt=4.7598256327414278e-07
cycle=6539 time=1.5367812892576005e-01 dt=9.5196512654828556e-07
cycle=6540 time=1.5367908089088661e-01 dt=3.1272975268950267e-26
cycle=6541 time=1.5367908089088661e-01 dt=6.2545950537900535e-26
cycle=6542 time=1.5367908089088661e-01 dt=1.2509190107580107e-25
cycle=6543 time=1.5367908089088661e-01 dt=2.5018380215160214e-25
cycle=6544 time=1.5367908089088661e-01 dt=8.0723570782600236e-26
cycle=6545 time=1.5367908089088661e-01 dt=1.6144714156520047e-25
cycle=6546 time=1.5367908089088661e-01 dt=3.2289428313040094e-25
cycle=6547 time=1.5367908089088661e-01 dt=6.4578856626080189e-25
cycle=6548 time=1.5367908089088661e-01 dt=1.2915771325216038e-24
cycle=6549 time=1.5367908089088661e-01 dt=2.5831542650432075e-24
cycle=6550 time=1.5367908089088661e-01 dt=5.1663085300864151e-24
cycle=6551 time=1.5367908089088661e-01 dt=1.0332617060172830e-23
cycle=6552 time=1.5367908089088661e-01 dt=2.0665234120345660e-23
cycle=6553 time=1.5367908089088661e-01 dt=4.1330468240691321e-23
cycle=6554 time=1.5367908089088661e-01 dt=8.2660936481382641e-23
cycle=6555 time=1.5367908089088661e-01 dt=1.6532187296276528e-22
cycle=6556 time=1.5367908089088661e-01 dt=3.3064374592553057e-22
cycle=6557 time=1.5367908089088661e-01 dt=6.6128749185106113e-22
cycle=6558 time=1.5367908089088661e-01 dt=1.3225749837021223e-21
cycle=6559 time=1.5367908089088661e-01 dt=2.6451499674042445e-21
cycle=6560 time=1.5367908089088661e-01 dt=5.2902999348084890e-21
cycle=6561 time=1.5367908089088661e-01 dt=1.0580599869616978e-20
cycle=6562 time=1.5367908089088661e-01 dt=2.1161199739233956e-20
cycle=6563 time=1.5367908089088661e-01 dt=4.2322399478467912e-20
cycle=6564 time=1.5367908089088661e-01 dt=8.4644798956935825e-20
cycle=6565 time=1.5367908089088661e-01 dt=1.6928959791387165e-19
cycle=6566 time=1.5367908089088661e-01 dt=3.3857919582774330e-19
cycle=6567 time=1.5367908089088661e-01 dt=6.7715839165548660e-19
cycle=6568 time=1.5367908089088661e-01 dt=1.3543167833109732e-18
cycle=6569 time=1.5367908089088661e-01 dt=2.7086335666219464e-18
cycle=6570 time=1.5367908089088661e-01 dt=5.4172671332438928e-18
cycle=6571 time=1.5367908089088661e-01 dt=1.0834534266487786e-17
cycle=6572 time=1.5367908089088661e-01 dt=2.1669068532975571e-17
cycle=6573 time=1.5367908089088664e-01 dt=4.3338137065951142e-17
cycle=6574 time=1.5367908089088669e-01 dt=8.6676274131902285e-17
cycle=6575 time=1.5367908089088678e-01 dt=1.7335254826380457e-16
cycle=6576 time=1.5367908089088694e-01 dt=3.4670509652760914e-16
cycle=6577 time=1.5367908089088728e-01 dt=6.9341019305521828e-16
cycle=6578 time=1.5367908089088797e-01 dt=1.3868203861104366e-15
cycle=6579 time=1.5367908089088936e-01 dt=2.7736407722208731e-15
cycle=6580 time=1.5367908089089213e-01 dt=5.5472815444417462e-15
cycle=6581 time=1.5367908089089768e-01 dt=1.1094563088883492e-14
cycle=6582 time=1.5367908089090879e-01 dt=2.2189126177766985e-14
cycle=6583 time=1.5367908089093096e-01 dt=4.4378252355533970e-14
cycle=6584 time=1.5367908089097534e-01 dt=8.8756504711067939e-14
cycle=6585 time=1.5367908089106411e-01 dt=1.7751300942213588e-13
cycle=6586 time=1.5367908089124163e-01 dt=3.5502601884427176e-13
cycle=6587 time=1.5367908089159665e-01 dt=7.1005203768854352e-13
cycle=6588 time=1.5367908089230670e-01 dt=1.4201040753770870e-12
cycle=6589 time=1.5367908089372681e-01 dt=2.8402081507541741e-12
cycle=6590 time=1.5367908089656701e-01 dt=5.6804163015083481e-12
cycle=6591 time=1.5367908090224744e-01 dt=1.1360832603016696e-11
cycle=6592 time=1.5367908091360827e-01 dt=2.2721665206033392e-11
cycle=6593 time=1.5367908093632993e-01 dt=4.5443330412066785e-11
cycle=6594 time=1.5367908098177327e-01 dt=9.0886660824133570e-11
cycle=6595 time=1.5367908107265993e-01 dt=1.8177332164826714e-10
cycle=6596 time=1.5367908125443325e-01 dt=3.6354664329653428e-10
cycle=6597 time=1.5367908161797988e-01 dt=7.2709328659306856e-10
cycle=6598 time=1.5367908234507316e-01 dt=1.4541865731861371e-09
cycle=6599 time=1.5367908379925974e-01 dt=2.9083731463722742e-09
cycle=6600 time=1.5367908670763289e-01 dt=5.8167462927445485e-09
cycle=6601 time=1.5367909252437917e-01 dt=1.1633492585489097e-08
cycle=6602 time=1.5367910415787175e-01 dt=2.3266985170978194e-08
cycle=6603 time=1.5367912742485693e-01 dt=4.6533970341956388e-08
cycle=6604 time=1.5367917395882727e-01 dt=9.3067940683912776e-08
cycle=6605 time=1.5367926702676796e-01 dt=1.8613588136782555e-07
cycle=6606 time=1.5367945316264933e-01 dt=3.7227176273565110e-07
cycle=6607 time=1.5367982543441205e-01 dt=7.4454352547130221e-07
cycle=6608 time=1.5368056997793753e-01 dt=1.0695306996420041e-06
cycle=6609 time=1.5368163950863717e-01 dt=2.1466448536269978e-26
cycle=6610 time=1.5368163950863717e-01 dt=4.2932897072539955e-26
cycle=6611 time=1.5368163950863717e-01 dt=8.5865794145079910e-26
cycle=6612 time=1.5368163950863717e-01 dt=1.7173158829015982e-25
cycle=6613 time=1.5368163950863717e-01 dt=3.4346317658031964e-25
cycle=6614 time=1.5368163950863717e-01 dt=6.8692635316063928e-25
cycle=6615 time=1.5368163950863717e-01 dt=1.3738527063212786e-24
cycle=6616 time=1.5368163950863717e-01 dt=2.7477054126425571e-24
cycle=6617 time=1.5368163950863717e-01 dt=5.4954108252851142e-24
cycle=6618 time=1.5368163950863717e-01 dt=1.0990821650570228e-23
cycle=6619 time=1.5368163950863717e-01 dt=2.1981643301140457e-23
cycle=6620 time=1.5368163950863717e-01 dt=4.3963286602280914e-23
cycle=6621 time=1.5368163950863717e-01 dt=8.7926573204561828e-23
cycle=6622 time=1.5368163950863717e-01 dt=1.7585314640912366e-22
cycle=6623 time=1.5368163950863717e-01 dt=3.5170629281824731e-22
cycle=6624 time=1.5368163950863717e-01 dt=7.0341258563649462e-22
cycle=6625 time=1.5368163950863717e-01 dt=1.4068251712729892e-21
cycle=6626 time=1.5368163950863717e-01 dt=2.8136503425459785e-21
cycle=6627 time=1.5368163950863717e-01 dt=5.6273006850919570e-21
cycle=6628 time=1.5368163950863717e-01 dt=1.1254601370183914e-20
cycle=6629 time=1.5368163950863717e-01 dt=2.2509202740367828e-20
cycle=6630 time=1.5368163950863717e-01 dt=4.5018405480735656e-20
cycle=6631 time=1.5368163950863717e-01 dt=9.0036810961471312e-20
cycle=6632 time=1.5368163950863717e-01 dt=1.8007362192294262e-19
cycle=6633 time=1.5368163950863717e-01 dt=3.6014724384588525e-19
cycle=6634 time=1.5368163950863717e-01 dt=7.2029448769177049e-19
cycle=6635 time=1.5368163950863717e-01 dt=1.4405889753835410e-18
cycle=6636 time=1.5368163950863717e-01 dt=2.8811779507670820e-18
cycle=6637 time=1.5368163950863717e-01 dt=5.7623559015341640e-18
cycle=6638 time=1.5368163950863717e-01 dt=1.1524711803068328e-17
cycle=6639 time=1.5368163950863717e-01 dt=2.3049423606136656e-17
cycle=6640 time=1.5368163950863720e-01 dt=4.6098847212273312e-17
cycle=6641 time=1.5368163950863725e-01 dt=9.2197694424546623e-17
cycle=6642 time=1.5368163950863734e-01 dt=1.8439538884909325e-16
cycle=6643 time=1.5368163950863753e-01 dt=3.6879077769818649e-16
cycle=6644 time=1.5368163950863789e-01 dt=7.3758155539637299e-16
cycle=6645 time=1.5368163950863864e-01 dt=1.4751631107927460e-15
cycle=6646 time=1.5368163950864011e-01 dt=2.9503262215854919e-15
cycle=6647 time=1.5368163950864305e-01 dt=5.9006524431709839e-15
cycle=6648 time=1.5368163950864897e-01 dt=1.1801304886341968e-14
cycle=6649 time=1.5368163950866076e-01 dt=2.3602609772683936e-14
cycle=6650 time=1.5368163950868435e-01 dt=4.7205219545367871e-14
cycle=6651 time=1.5368163950873157e-01 dt=9.4410439090735742e-14
cycle=6652 time=1.5368163950882596e-01 dt=1.8882087818147148e-13
cycle=6653 time=1.5368163950901478e-01 dt=3.7764175636294297e-13
cycle=6654 time=1.5368163950939243e-01 dt=7.5528351272588594e-13
cycle=6655 time=1.5368163951014771e-01 dt=1.5105670254517719e-12
cycle=6656 time=1.5368163951165828e-01 dt=3.0211340509035437e-12
cycle=6657 time=1.5368163951467942e-01 dt=6.0422681018070875e-12
cycle=6658 time=1.5368163952072170e-01 dt=1.2084536203614175e-11
cycle=6659 time=1.5368163953280622e-01 dt=2.4169072407228350e-11
cycle=6660 time=1.5368163955697531e-01 dt=4.8338144814456700e-11
cycle=6661 time=1.5368163960531345e-01 dt=9.6676289628913400e-11
cycle=6662 time=1.5368163970198973e-01 dt=1.9335257925782680e-10
cycle=6663 time=1.5368163989534231e-01 dt=3.8670515851565360e-10
cycle=6664 time=1.5368164028204748e-01 dt=7.7341031703130720e-10
cycle=6665 time=1.5368164105545778e-01 dt=1.5468206340626144e-09
cycle=6666 time=1.5368164260227843e-01 dt=3.0936412681252288e-09
cycle=6667 time=1.5368164569591969e-01 dt=6.1872825362504576e-09
cycle=6668 time=1.5368165188320224e-01 dt=1.2374565072500915e-08
cycle=6669 time=1.5368166425776730e-01 dt=2.4749130145001830e-08
cycle=6670 time=1.5368168900689744e-01 dt=4.9498260290003661e-08
cycle=6671 time=1.5368173850515773e-01 dt=9.8996520580007322e-08
cycle=6672 time=1.5368183750167833e-01 dt=1.9799304116001464e-07
cycle=6673 time=1.5368203549471948e-01 dt=3.9598608232002929e-07
cycle=6674 time=1.5368243148080180e-01 dt=7.9197216464005857e-07
cycle=6675 time=1.5368322345296642e-01 dt=1.5839443292801171e-06
cycle=6676 time=1.5368480739729570e-01 dt=1.2799488878031099e-06
cycle=6677 time=1.5368608734618350e-01 dt=8.8552997943137010e-07
cycle=6678 time=1.5368697287616293e-01 dt=1.4658878063747511e-06
cycle=6679 time=1.5368843876396929e-01 dt=1.6455086524389858e-06
cycle=6680 time=1.5369008427262174e-01 dt=2.0337762871921922e-06
cycle=6681 time=1.5369211804890892e-01 dt=2.5667614010171475e-06
cycle=6682 time=1.5369468481030993e-01 dt=3.3290112364268660e-06
cycle=6683 time=1.5369801382154635e-01 dt=3.7654629768654984e-06
cycle=6684 time=1.5370177928452322e-01 dt=3.3244792924440150e-06
cycle=6685 time=1.5370510376381566e-01 dt=2.8634872541474099e-06
cycle=6686 time=1.5370796725106980e-01 dt=2.5036174205996368e-06
cycle=6687 time=1.5371047086849041e-01 dt=2.3179838202820093e-06
cycle=6688 time=1.5371278885231068e-01 dt=2.2473307260477349e-06
cycle=6689 time=1.5371503618303672e-01 dt=2.2709470525270469e-06
cycle=6690 time=1.5371730713008924e-01 dt=2.3690369559336675e-06
cycle=6691 time=1.5371967616704518e-01 dt=2.4831130289609960e-06
cycle=6692 time=1.5372215928007416e-01 dt=2.5551169253519886e-06
cycle=6693 time=1.5372471439699950e-01 dt=2.5250232519338781e-06
cycle=6694 time=1.5372723942025143e-01 dt=2.4926768810334880e-06
cycle=6695 time=1.5372973209713248e-01 dt=2.4623372841121309e-06
cycle=6696 time=1.5373219443441660e-01 dt=2.4266072995630606e-06
cycle=6697 time=1.5373462104171617e-01 dt=2.4023359520164454e-06
cycle=6698 time=1.5373702337766820e-01 dt=2.3896672221516177e-06
cycle=6699 time=1.5373941304489036e-01 dt=2.3860140259942257e-06
cycle=6700 time=1.5374179905891636e-01 dt=2.3879309223390874e-06
cycle=6701 time=1.5374418698983869e-01 dt=2.3923125825293571e-06
cycle=6702 time=1.5374657930242122e-01 dt=2.3969334633448303e-06
cycle=6703 time=1.5374897623588457e-01 dt=2.4005528471655362e-06
cycle=6704 time=1.5375137678873174e-01 dt=2.4025401025514636e-06
cycle=6705 time=1.5375377932883430e-01 dt=2.3851424122347356e-06
cycle=6706 time=1.5375616447124654e-01 dt=2.3699643237777478e-06
cycle=6707 time=1.5375853443557033e-01 dt=2.3577888801592846e-06
cycle=6708 time=1.5376089222445050e-01 dt=2.3483501857938074e-06
cycle=6709 time=1.5376324057463628e-01 dt=2.3408108805929516e-06
cycle=6710 time=1.5376558138551688e-01 dt=2.3343814621762162e-06
cycle=6711 time=1.5376791576697907e-01 dt=2.3285536100700438e-06
cycle=6712 time=1.5377024432058914e-01 dt=2.3230536359475422e-06
cycle=6713 time=1.5377256737422509e-01 dt=2.3177620454678183e-06
cycle=6714 time=1.5377488513627055e-01 dt=2.3126558531594634e-06
cycle=6715 time=1.5377719779212370e-01 dt=2.0226387937734041e-06
cycle=6716 time=1.5377922043091749e-01 dt=1.8383927010450847e-06
cycle=6717 time=1.5378105882361853e-01 dt=1.7386332078097421e-06
cycle=6718 time=1.5378279745682635e-01 dt=1.6895921501510048e-06
cycle=6719 time=1.5378448704897651e-01 dt=1.6716288481182251e-06
cycle=6720 time=1.5378615867782464e-01 dt=1.6732369694761444e-06
cycle=6721 time=1.5378783191479412e-01 dt=1.6862744154006742e-06
cycle=6722 time=1.5378951818920952e-01 dt=1.7045434655144075e-06
cycle=6723 time=1.5379122273267504e-01 dt=1.7252756682712736e-06
cycle=6724 time=1.5379294800834331e-01 dt=1.7461216946823865e-06
cycle=6725 time=1.5379469413003799e-01 dt=1.7646516482350819e-06
cycle=6726 time=1.5379645878168621e-01 dt=1.7819587272514982e-06
cycle=6727 time=1.5379824074041346e-01 dt=1.7983138678206811e-06
cycle=6728 time=1.5380003905428127e-01 dt=2.1739845434955416e-06
cycle=6729 time=1.5380221303882477e-01 dt=2.1202092605364854e-06
cycle=6730 time=1.5380433324808532e-01 dt=2.0243025591675282e-06
cycle=6731 time=1.5380635755064448e-01 dt=1.9240355776907328e-06
cycle=6732 time=1.5380828158622217e-01 dt=1.8468867202854075e-06
cycle=6733 time=1.5381012847294245e-01 dt=1.8073086331537552e-06
cycle=6734 time=1.5381193578157562e-01 dt=1.7910754042159775e-06
cycle=6735 time=1.5381372685697983e-01 dt=1.7851787019972875e-06
cycle=6736 time=1.5381551203568183e-01 dt=1.7829960470476213e-06
cycle=6737 time=1.5381729503172889e-01 dt=1.7818275959781582e-06
cycle=6738 time=1.5381907685932486e-01 dt=1.7813392183172873e-06
cycle=6739 time=1.5382085819854319e-01 dt=1.7816815511974687e-06
cycle=6740 time=1.5382263988009440e-01 dt=1.7827248338891077e-06
cycle=6741 time=1.5382442260492829e-01 dt=1.7844262714308100e-06
cycle=6742 time=1.5382620703119973e-01 dt=1.7868039279971059e-06
cycle=6743 time=1.5382799383512771e-01 dt=1.7898360505828217e-06
cycle=6744 time=1.5382978367117831e-01 dt=1.7935712073323917e-06
cycle=6745 time=1.5383157724238564e-01 dt=1.7979395731339937e-06
cycle=6746 time=1.5383337518195878e-01 dt=1.8028706809284352e-06
cycle=6747 time=1.5383517805263972e-01 dt=1.8083695961283297e-06
cycle=6748 time=1.5383698642223584e-01 dt=1.8143310581263254e-06
cycle=6749 time=1.5383880075329395e-01 dt=1.8206882969418245e-06
cycle=6750 time=1.5384062144159089e-01 dt=1.8274106709870037e-06
cycle=6751 time=1.5384244885226186e-01 dt=1.8345146852243780e-06
cycle=6752 time=1.5384428336694708e-01 dt=1.8420644371596074e-06
cycle=6753 time=1.5384612543138423e-01 dt=1.8501261310328212e-06
cycle=6754 time=1.5384797555751525e-01 dt=1.8587716097568736e-06
cycle=6755 time=1.5384983432912502e-01 dt=1.8680905965844010e-06
cycle=6756 time=1.5385170241972160e-01 dt=1.8781860860553443e-06
cycle=6757 time=1.5385358060580764e-01 dt=1.8891684346938209e-06
cycle=6758 time=1.5385546977424233e-01 dt=1.9011531549140191e-06
cycle=6759 time=1.5385737092739724e-01 dt=1.7768709402492851e-06
cycle=6760 time=1.5385914779833748e-01 dt=6.0630380682762505e-07
cycle=6761 time=1.5385975410214431e-01 dt=5.9740876867614948e-07
cycle=6762 time=1.5386035151091298e-01 dt=6.2256910506439645e-07
cycle=6763 time=1.5386097408001806e-01 dt=6.4746593719405318e-07
cycle=6764 time=1.5386162154595526e-01 dt=6.7326070601930139e-07
cycle=6765 time=1.5386229480666128e-01 dt=6.9987058852060709e-07
cycle=6766 time=1.5386299467724979e-01 dt=7.2722648784002496e-07
cycle=6767 time=1.5386372190373762e-01 dt=7.5512006989876118e-07
cycle=6768 time=1.5386447702380751e-01 dt=7.8292763226194962e-07
cycle=6769 time=1.5386525995143976e-01 dt=8.1059519575857164e-07
cycle=6770 time=1.5386607054663554e-01 dt=8.3924452984046813e-07
cycle=6771 time=1.5386690979116538e-01 dt=8.7042085433731097e-07
cycle=6772 time=1.5386778021201972e-01 dt=9.0595706917615067e-07
cycle=6773 time=1.5386868616908889e-01 dt=9.3400548692956833e-07
cycle=6774 time=1.5386962017457581e-01 dt=9.5989811964451432e-07
cycle=6775 time=1.5387058007269547e-01 dt=9.8609546453280218e-07
cycle=6776 time=1.5387156616816000e-01 dt=1.0081691372736510e-06
cycle=6777 time=1.5387257433729729e-01 dt=1.0164091979136831e-06
cycle=6778 time=1.5387359074649520e-01 dt=1.0502145133051057e-06
cycle=6779 time=1.5387464096100850e-01 dt=1.0902776588735066e-06
cycle=6780 time=1.5387573123866738e-01 dt=1.1352538016664923e-06
cycle=6781 time=1.5387686649246904e-01 dt=1.1790260349349650e-06
cycle=6782 time=1.5387804551850398e-01 dt=1.2252553736417913e-06
cycle=6783 time=1.5387927077387761e-01 dt=1.1697157111684511e-06
cycle=6784 time=1.5388044048958879e-01 dt=5.5831216697368798e-07
cycle=6785 time=1.5388099880175576e-01 dt=3.4547134286772610e-07
cycle=6786 time=1.5388134427309863e-01 dt=6.5351492993857955e-07
cycle=6787 time=1.5388199778802858e-01 dt=1.7873085100055727e-07
cycle=6788 time=1.5388217651887959e-01 dt=3.5746170200111454e-07
cycle=6789 time=1.5388253398058158e-01 dt=7.1492340400222908e-07
cycle=6790 time=1.5388324890398558e-01 dt=1.3691044921439212e-06
cycle=6791 time=1.5388461800847772e-01 dt=2.1854348429913865e-26
cycle=6792 time=1.5388461800847772e-01 dt=2.2267384902519412e-26
cycle=6793 time=1.5388461800847772e-01 dt=4.4534769805038823e-26
cycle=6794 time=1.5388461800847772e-01 dt=8.9069539610077646e-26
cycle=6795 time=1.5388461800847772e-01 dt=1.7813907922015529e-25
cycle=6796 time=1.5388461800847772e-01 dt=3.5627815844031059e-25
cycle=6797 time=1.5388461800847772e-01 dt=7.1255631688062117e-25
cycle=6798 time=1.5388461800847772e-01 dt=1.4251126337612423e-24
cycle=6799 time=1.5388461800847772e-01 dt=2.8502252675224847e-24
cycle=6800 time=1.5388461800847772e-01 dt=5.7004505350449694e-24
cycle=6801 time=1.5388461800847772e-01 dt=1.1400901070089939e-23
cycle=6802 time=1.5388461800847772e-01 dt=2.2801802140179877e-23
cycle=6803 time=1.5388461800847772e-01 dt=4.5603604280359755e-23
cycle=6804 time=1.5388461800847772e-01 dt=9.1207208560719510e-23
cycle=6805 time=1.5388461800847772e-01 dt=1.8241441712143902e-22
cycle=6806 time=1.5388461800847772e-01 dt=3.6482883424287804e-22
cycle=6807 time=1.5388461800847772e-01 dt=7.2965766848575608e-22
cycle=6808 time=1.5388461800847772e-01 dt=1.4593153369715122e-21
cycle=6809 time=1.5388461800847772e-01 dt=2.9186306739430243e-21
cycle=6810 time=1.5388461800847772e-01 dt=5.8372613478860486e-21
cycle=6811 time=1.5388461800847772e-01 dt=1.1674522695772097e-20
cycle=6812 time=1.5388461800847772e-01 dt=2.3349045391544195e-20
cycle=6813 time=1.5388461800847772e-01 dt=4.6698090783088389e-20
cycle=6814 time=1.5388461800847772e-01 dt=9.3396181566176778e-20
cycle=6815 time=1.5388461800847772e-01 dt=1.8679236313235356e-19
cycle=6816 time=1.5388461800847772e-01 dt=3.7358472626470711e-19
cycle=6817 time=1.5388461800847772e-01 dt=7.4716945252941423e-19
cycle=6818 time=1.5388461800847772e-01 dt=1.4943389050588285e-18
cycle=6819 time=1.5388461800847772e-01 dt=2.9886778101176569e-18
cycle=6820 time=1.5388461800847772e-01 dt=5.9773556202353138e-18
cycle=6821 time=1.5388461800847772e-01 dt=1.1954711240470628e-17
cycle=6822 time=1.5388461800847772e-01 dt=2.3909422480941255e-17
cycle=6823 time=1.5388461800847775e-01 dt=4.7818844961882510e-17
cycle=6824 time=1.5388461800847780e-01 dt=9.5637689923765021e-17
cycle=6825 time=1.5388461800847789e-01 dt=1.9127537984753004e-16
cycle=6826 time=1.5388461800847808e-01 dt=3.8255075969506008e-16
cycle=6827 time=1.5388461800847847e-01 dt=7.6510151939012017e-16
cycle=6828 time=1.5388461800847925e-01 dt=1.5302030387802403e-15
cycle=6829 time=1.5388461800848077e-01 dt=3.0604060775604807e-15
cycle=6830 time=1.5388461800848383e-01 dt=6.1208121551209613e-15
cycle=6831 time=1.5388461800848996e-01 dt=1.2241624310241923e-14
cycle=6832 time=1.5388461800850220e-01 dt=2.4483248620483845e-14
cycle=6833 time=1.5388461800852668e-01 dt=4.8966497240967691e-14
cycle=6834 time=1.5388461800857564e-01 dt=9.7932994481935381e-14
cycle=6835 time=1.5388461800867356e-01 dt=1.9586598896387076e-13
cycle=6836 time=1.5388461800886943e-01 dt=3.9173197792774153e-13
cycle=6837 time=1.5388461800926118e-01 dt=7.8346395585548305e-13
cycle=6838 time=1.5388461801004463e-01 dt=1.5669279117109661e-12
cycle=6839 time=1.5388461801161157e-01 dt=3.1338558234219322e-12
cycle=6840 time=1.5388461801474543e-01 dt=6.2677116468438644e-12
cycle=6841 time=1.5388461802101314e-01 dt=1.2535423293687729e-11
cycle=6842 time=1.5388461803354855e-01 dt=2.5070846587375458e-11
cycle=6843 time=1.5388461805861939e-01 dt=5.0141693174750915e-11
cycle=6844 time=1.5388461810876108e-01 dt=1.0028338634950183e-10
cycle=6845 time=1.5388461820904448e-01 dt=2.0056677269900366e-10
cycle=6846 time=1.5388461840961126e-01 dt=4.0113354539800732e-10
cycle=6847 time=1.5388461881074481e-01 dt=8.0226709079601464e-10
cycle=6848 time=1.5388461961301189e-01 dt=1.6045341815920293e-09
cycle=6849 time=1.5388462121754606e-01 dt=3.2090683631840586e-09
cycle=6850 time=1.5388462442661444e-01 dt=6.4181367263681171e-09
cycle=6851 time=1.5388463084475115e-01 dt=1.2836273452736234e-08
cycle=6852 time=1.5388464368102461e-01 dt=2.5672546905472469e-08
cycle=6853 time=1.5388466935357151e-01 dt=5.1345093810944937e-08
cycle=6854 time=1.5388472069866532e-01 dt=1.0269018762188987e-07
cycle=6855 time=1.5388482338885295e-01 dt=2.0538037524377975e-07
cycle=6856 time=1.5388502876922819e-01 dt=4.1076075048755950e-07
cycle=6857 time=1.5388543952997868e-01 dt=8.2152150097511900e-07
cycle=6858 time=1.5388626105147965e-01 dt=1.3246105456165496e-06
cycle=6859 time=1.5388758566202526e-01 dt=1.1237913505603325e-26
cycle=6860 time=1.5388758566202526e-01 dt=2.2475827011206650e-26
cycle=6861 time=1.5388758566202526e-01 dt=4.4951654022413300e-26
cycle=6862 time=1.5388758566202526e-01 dt=8.9903308044826600e-26
cycle=6863 time=1.5388758566202526e-01 dt=2.1369728505130005e-26
cycle=6864 time=1.5388758566202526e-01 dt=4.2739457010260011e-26
cycle=6865 time=1.5388758566202526e-01 dt=8.5478914020520022e-26
cycle=6866 time=1.5388758566202526e-01 dt=1.7095782804104004e-25
cycle=6867 time=1.5388758566202526e-01 dt=3.4191565608208009e-25
cycle=6868 time=1.5388758566202526e-01 dt=6.8383131216416017e-25
cycle=6869 time=1.5388758566202526e-01 dt=1.3676626243283203e-24
cycle=6870 time=1.5388758566202526e-01 dt=2.7353252486566407e-24
cycle=6871 time=1.5388758566202526e-01 dt=5.4706504973132814e-24
cycle=6872 time=1.5388758566202526e-01 dt=1.0941300994626563e-23
cycle=6873 time=1.5388758566202526e-01 dt=2.1882601989253126e-23
cycle=6874 time=1.5388758566202526e-01 dt=4.3765203978506251e-23
cycle=6875 time=1.5388758566202526e-01 dt=8.7530407957012502e-23
cycle=6876 time=1.5388758566202526e-01 dt=1.7506081591402500e-22
cycle=6877 time=1.5388758566202526e-01 dt=3.5012163182805001e-22
cycle=6878 time=1.5388758566202526e-01 dt=7.0024326365610002e-22
cycle=6879 time=1.5388758566202526e-01 dt=1.4004865273122000e-21
cycle=6880 time=1.5388758566202526e-01 dt=2.8009730546244001e-21
cycle=6881 time=1.5388758566202526e-01 dt=5.6019461092488002e-21
cycle=6882 time=1.5388758566202526e-01 dt=1.1203892218497600e-20
cycle=6883 time=1.5388758566202526e-01 dt=2.2407784436995201e-20
cycle=6884 time=1.5388758566202526e-01 dt=4.4815568873990401e-20
cycle=6885 time=1.5388758566202526e-01 dt=8.9631137747980802e-20
cycle=6886 time=1.5388758566202526e-01 dt=1.7926227549596160e-19
cycle=6887 time=1.5388758566202526e-01 dt=3.5852455099192321e-19
cycle=6888 time=1.5388758566202526e-01 dt=7.1704910198384642e-19
cycle=6889 time=1.5388758566202526e-01 dt=1.4340982039676928e-18
cycle=6890 time=1.5388758566202526e-01 dt=2.8681964079353857e-18
cycle=6891 time=1.5388758566202526e-01 dt=5.7363928158707714e-18
cycle=6892 time=1.5388758566202526e-01 dt=1.1472785631741543e-17
cycle=6893 time=1.5388758566202526e-01 dt=2.2945571263483085e-17
cycle=6894 time=1.5388758566202529e-01 dt=4.5891142526966171e-17
cycle=6895 time=1.5388758566202534e-01 dt=9.1782285053932342e-17
cycle=6896 time=1.5388758566202543e-01 dt=1.8356457010786468e-16
cycle=6897 time=1.5388758566202562e-01 dt=3.6712914021572937e-16
cycle=6898 time=1.5388758566202598e-01 dt=7.3425828043145873e-16
cycle=6899 time=1.5388758566202670e-01 dt=1.4685165608629175e-15
cycle=6900 time=1.5388758566202818e-01 dt=2.9370331217258349e-15
cycle=6901 time=1.5388758566203112e-01 dt=5.8740662434516699e-15
cycle=6902 time=1.5388758566203700e-01 dt=1.1748132486903340e-14
cycle=6903 time=1.5388758566204874e-01 dt=2.3496264973806679e-14
cycle=6904 time=1.5388758566207225e-01 dt=4.6992529947613359e-14
cycle=6905 time=1.5388758566211924e-01 dt=9.3985059895226718e-14
cycle=6906 time=1.5388758566221322e-01 dt=1.8797011979045344e-13
cycle=6907 time=1.5388758566240118e-01 dt=3.7594023958090687e-13
cycle=6908 time=1.5388758566277713e-01 dt=7.5188047916181374e-13
cycle=6909 time=1.5388758566352900e-01 dt=1.5037609583236275e-12
cycle=6910 time=1.5388758566503277e-01 dt=3.0075219166472550e-12
cycle=6911 time=1.5388758566804028e-01 dt=6.0150438332945099e-12
cycle=6912 time=1.5388758567405533e-01 dt=1.2030087666589020e-11
cycle=6913 time=1.5388758568608543e-01 dt=2.4060175333178040e-11
cycle=6914 time=1.5388758571014560e-01 dt=4.8120350666356080e-11
cycle=6915 time=1.5388758575826594e-01 dt=9.6240701332712159e-11
cycle=6916 time=1.5388758585450665e-01 dt=1.9248140266542432e-10
cycle=6917 time=1.5388758604698805e-01 dt=3.8496280533084864e-10
cycle=6918 time=1.5388758643195086e-01 dt=7.6992561066169727e-10
cycle=6919 time=1.5388758720187648e-01 dt=1.5398512213233945e-09
cycle=6920 time=1.5388758874172770e-01 dt=3.0797024426467891e-09
cycle=6921 time=1.5388759182143014e-01 dt=6.1594048852935782e-09
cycle=6922 time=1.5388759798083501e-01 dt=1.2318809770587156e-08
cycle=6923 time=1.5388761029964479e-01 dt=2.4637619541174313e-08
cycle=6924 time=1.5388763493726432e-01 dt=4.9275239082348625e-08
cycle=6925 time=1.5388768421250340e-01 dt=9.8550478164697251e-08
cycle=6926 time=1.5388778276298157e-01 dt=1.9710095632939450e-07
cycle=6927 time=1.5388797986393790e-01 dt=3.9420191265878900e-07
cycle=6928 time=1.5388837406585057e-01 dt=3.0033958188592845e-07
cycle=6929 time=1.5388867440543247e-01 dt=7.1829594456308336e-27
cycle=6930 time=1.5388867440543247e-01 dt=1.4365918891261667e-26
cycle=6931 time=1.5388867440543247e-01 dt=2.8731837782523335e-26
cycle=6932 time=1.5388867440543247e-01 dt=5.7463675565046669e-26
cycle=6933 time=1.5388867440543247e-01 dt=1.1492735113009334e-25
cycle=6934 time=1.5388867440543247e-01 dt=2.2985470226018668e-25
cycle=6935 time=1.5388867440543247e-01 dt=4.5970940452037335e-25
cycle=6936 time=1.5388867440543247e-01 dt=9.1941880904074671e-25
cycle=6937 time=1.5388867440543247e-01 dt=1.8388376180814934e-24
cycle=6938 time=1.5388867440543247e-01 dt=3.6776752361629868e-24
cycle=6939 time=1.5388867440543247e-01 dt=7.3553504723259737e-24
cycle=6940 time=1.5388867440543247e-01 dt=1.4710700944651947e-23
cycle=6941 time=1.5388867440543247e-01 dt=2.9421401889303895e-23
cycle=6942 time=1.5388867440543247e-01 dt=5.8842803778607789e-23
cycle=6943 time=1.5388867440543247e-01 dt=1.1768560755721558e-22
cycle=6944 time=1.5388867440543247e-01 dt=2.3537121511443116e-22
cycle=6945 time=1.5388867440543247e-01 dt=4.7074243022886231e-22
cycle=6946 time=1.5388867440543247e-01 dt=9.4148486045772463e-22
cycle=6947 time=1.5388867440543247e-01 dt=1.8829697209154493e-21
cycle=6948 time=1.5388867440543247e-01 dt=3.7659394418308985e-21
cycle=6949 time=1.5388867440543247e-01 dt=7.5318788836617970e-21
cycle=6950 time=1.5388867440543247e-01 dt=1.5063757767323594e-20
cycle=6951 time=1.5388867440543247e-01 dt=3.0127515534647188e-20
cycle=6952 time=1.5388867440543247e-01 dt=6.0255031069294376e-20
cycle=6953 time=1.5388867440543247e-01 dt=1.2051006213858875e-19
cycle=6954 time=1.5388867440543247e-01 dt=2.4102012427717750e-19
cycle=6955 time=1.5388867440543247e-01 dt=4.8204024855435501e-19
cycle=6956 time=1.5388867440543247e-01 dt=9.6408049710871002e-19
cycle=6957 time=1.5388867440543247e-01 dt=1.9281609942174200e-18
cycle=6958 time=1.5388867440543247e-01 dt=3.8563219884348401e-18
cycle=6959 time=1.5388867440543247e-01 dt=7.7126439768696801e-18
cycle=6960 time=1.5388867440543247e-01 dt=1.5425287953739360e-17
cycle=6961 time=1.5388867440543250e-01 dt=3.0850575907478721e-17
cycle=6962 time=1.5388867440543252e-01 dt=6.1701151814957441e-17
cycle=6963 time=1.5388867440543258e-01 dt=1.2340230362991488e-16
cycle=6964 time=1.5388867440543269e-01 dt=2.4680460725982976e-16
cycle=6965 time=1.5388867440543294e-01 dt=4.9360921451965953e-16
cycle=6966 time=1.5388867440543344e-01 dt=9.8721842903931906e-16
cycle=6967 time=1.5388867440543444e-01 dt=1.9744368580786381e-15
cycle=6968 time=1.5388867440543641e-01 dt=3.9488737161572762e-15
cycle=6969 time=1.5388867440544035e-01 dt=7.8977474323145525e-15
cycle=6970 time=1.5388867440544826e-01 dt=1.5795494864629105e-14
cycle=6971 time=1.5388867440546405e-01 dt=3.1590989729258210e-14
cycle=6972 time=1.5388867440549564e-01 dt=6.3181979458516420e-14
cycle=6973 time=1.5388867440555881e-01 dt=1.2636395891703284e-13
cycle=6974 time=1.5388867440568518e-01 dt=2.5272791783406568e-13
cycle=6975 time=1.5388867440593790e-01 dt=5.0545583566813136e-13
cycle=6976 time=1.5388867440644335e-01 dt=1.0109116713362627e-12
cycle=6977 time=1.5388867440745427e-01 dt=2.0218233426725254e-12
cycle=6978 time=1.5388867440947609e-01 dt=4.0436466853450509e-12
cycle=6979 time=1.5388867441351975e-01 dt=8.0872933706901017e-12
cycle=6980 time=1.5388867442160703e-01 dt=1.6174586741380203e-11
cycle=6981 time=1.5388867443778162e-01 dt=3.2349173482760407e-11
cycle=6982 time=1.5388867447013080e-01 dt=6.4698346965520814e-11
cycle=6983 time=1.5388867453482916e-01 dt=1.2939669393104163e-10
cycle=6984 time=1.5388867466422584e-01 dt=2.5879338786208326e-10
cycle=6985 time=1.5388867492301922e-01 dt=5.1758677572416651e-10
cycle=6986 time=1.5388867544060600e-01 dt=1.0351735514483330e-09
cycle=6987 time=1.5388867647577956e-01 dt=2.0703471028966660e-09
cycle=6988 time=1.5388867854612667e-01 dt=4.1406942057933321e-09
cycle=6989 time=1.5388868268682088e-01 dt=8.2813884115866642e-09
cycle=6990 time=1.5388869096820929e-01 dt=1.6562776823173328e-08
cycle=6991 time=1.5388870753098610e-01 dt=3.3125553646346657e-08
cycle=6992 time=1.5388874065653974e-01 dt=6.6251107292693313e-08
cycle=6993 time=1.5388880690764703e-01 dt=1.3250221458538663e-07
cycle=6994 time=1.5388893940986162e-01 dt=2.6500442917077325e-07
cycle=6995 time=1.5388920441429080e-01 dt=5.3000885834154651e-07
cycle=6996 time=1.5388973442314913e-01 dt=5.7099034286123461e-27
cycle=6997 time=1.5388973442314913e-01 dt=5.8322998530484224e-27
cycle=6998 time=1.5388973442314913e-01 dt=1.1664599706096845e-26
cycle=6999 time=1.5388973442314913e-01 dt=2.3329199412193689e-26
cycle=7000 time=1.5388973442314913e-01 dt=4.6658398824387379e-26
cycle=7001 time=1.5388973442314913e-01 dt=9.3316797648774758e-26
cycle=7002 time=1.5388973442314913e-01 dt=1.8663359529754952e-25
cycle=7003 time=1.5388973442314913e-01 dt=3.7326719059509903e-25
cycle=7004 time=1.5388973442314913e-01 dt=7.4653438119019806e-25
cycle=7005 time=1.5388973442314913e-01 dt=1.4930687623803961e-24
cycle=7006 time=1.5388973442314913e-01 dt=2.9861375247607923e-24
cycle=7007 time=1.5388973442314913e-01 dt=5.9722750495215845e-24
cycle=7008 time=1.5388973442314913e-01 dt=1.1944550099043169e-23
cycle=7009 time=1.5388973442314913e-01 dt=2.3889100198086338e-23
cycle=7010 time=1.5388973442314913e-01 dt=4.7778200396172676e-23
cycle=7011 time=1.5388973442314913e-01 dt=9.5556400792345352e-23
cycle=7012 time=1.5388973442314913e-01 dt=1.9111280158469070e-22
cycle=7013 time=1.5388973442314913e-01 dt=3.8222560316938141e-22
cycle=7014 time=1.5388973442314913e-01 dt=7.6445120633876282e-22
cycle=7015 time=1.5388973442314913e-01 dt=1.5289024126775256e-21
cycle=7016 time=1.5388973442314913e-01 dt=3.0578048253550513e-21
cycle=7017 time=1.5388973442314913e-01 dt=6.1156096507101025e-21
cycle=7018 time=1.5388973442314913e-01 dt=1.2231219301420205e-20
cycle=7019 time=1.5388973442314913e-01 dt=2.4462438602840410e-20
cycle=7020 time=1.5388973442314913e-01 dt=4.8924877205680820e-20
cycle=7021 time=1.5388973442314913e-01 dt=9.7849754411361640e-20
cycle=7022 time=1.5388973442314913e-01 dt=1.9569950882272328e-19
cycle=7023 time=1.5388973442314913e-01 dt=3.9139901764544656e-19
cycle=7024 time=1.5388973442314913e-01 dt=7.8279803529089312e-19
cycle=7025 time=1.5388973442314913e-01 dt=1.5655960705817862e-18
cycle=7026 time=1.5388973442314913e-01 dt=3.1311921411635725e-18
cycle=7027 time=1.5388973442314913e-01 dt=6.2623842823271450e-18
cycle=7028 time=1.5388973442314913e-01 dt=1.2524768564654290e-17
cycle=7029 time=1.5388973442314913e-01 dt=2.5049537129308580e-17
cycle=7030 time=1.5388973442314915e-01 dt=5.0099074258617160e-17
cycle=7031 time=1.5388973442314921e-01 dt=1.0019814851723432e-16
cycle=7032 time=1.5388973442314932e-01 dt=2.0039629703446864e-16
cycle=7033 time=1.5388973442314952e-01 dt=4.0079259406893728e-16
cycle=7034 time=1.5388973442314990e-01 dt=8.0158518813787456e-16
cycle=7035 time=1.5388973442315071e-01 dt=1.6031703762757491e-15
cycle=7036 time=1.5388973442315232e-01 dt=3.2063407525514982e-15
cycle=7037 time=1.5388973442315554e-01 dt=6.4126815051029965e-15
cycle=7038 time=1.5388973442316195e-01 dt=1.2825363010205993e-14
cycle=7039 time=1.5388973442317477e-01 dt=2.5650726020411986e-14
cycle=7040 time=1.5388973442320042e-01 dt=5.1301452040823972e-14
cycle=7041 time=1.5388973442325171e-01 dt=1.0260290408164794e-13
cycle=7042 time=1.5388973442335432e-01 dt=2.0520580816329589e-13
cycle=7043 time=1.5388973442355952e-01 dt=4.1041161632659177e-13
cycle=7044 time=1.5388973442396994e-01 dt=8.2082323265318355e-13
cycle=7045 time=1.5388973442479076e-01 dt=1.6416464653063671e-12
cycle=7046 time=1.5388973442643242e-01 dt=3.2832929306127342e-12
cycle=7047 time=1.5388973442971571e-01 dt=6.5665858612254684e-12
cycle=7048 time=1.5388973443628229e-01 dt=1.3133171722450937e-11
cycle=7049 time=1.5388973444941545e-01 dt=2.6266343444901874e-11
cycle=7050 time=1.5388973447568180e-01 dt=5.2532686889803747e-11
cycle=7051 time=1.5388973452821450e-01 dt=1.0506537377960749e-10
cycle=7052 time=1.5388973463327987e-01 dt=2.1013074755921499e-10
cycle=7053 time=1.5388973484341062e-01 dt=4.2026149511842998e-10
cycle=7054 time=1.5388973526367211e-01 dt=8.4052299023685995e-10
cycle=7055 time=1.5388973610419510e-01 dt=1.6810459804737199e-09
cycle=7056 time=1.5388973778524107e-01 dt=3.3620919609474398e-09
cycle=7057 time=1.5388974114733303e-01 dt=6.7241839218948796e-09
cycle=7058 time=1.5388974787151696e-01 dt=1.3448367843789759e-08
cycle=7059 time=1.5388976131988480e-01 dt=2.6896735687579519e-08
cycle=7060 time=1.5388978821662050e-01 dt=5.3793471375159037e-08
cycle=7061 time=1.5388984201009187e-01 dt=1.0758694275031807e-07
cycle=7062 time=1.5388994959703461e-01 dt=2.1517388550063615e-07
cycle=7063 time=1.5389016477092010e-01 dt=4.3034777100127230e-07
cycle=7064 time=1.5389059511869110e-01 dt=1.7714093737479998e-07
cycle=7065 time=1.5389077225962847e-01 dt=2.6817699799914006e-08
cycle=7066 time=1.5389079907732828e-01 dt=5.3635399599828011e-08
cycle=7067 time=1.5389085271272787e-01 dt=1.0727079919965602e-07
cycle=7068 time=1.5389095998352706e-01 dt=1.2859629581754821e-07
cycle=7069 time=1.5389108857982287e-01 dt=1.0660280324295281e-07
cycle=7070 time=1.5389119518262612e-01 dt=1.1560124131188309e-07
cycle=7071 time=1.5389131078386742e-01 dt=1.2166111985769911e-07
cycle=7072 time=1.5389143244498726e-01 dt=1.2765581213299478e-07
cycle=7073 time=1.5389156010079941e-01 dt=1.3414792830027185e-07
cycle=7074 time=1.5389169424872770e-01 dt=1.4039459563700035e-07
cycle=7075 time=1.5389183464332334e-01 dt=1.4679443114007380e-07
cycle=7076 time=1.5389198143775448e-01 dt=1.5345109189707515e-07
cycle=7077 time=1.5389213488884637e-01 dt=1.6037853537876202e-07
cycle=7078 time=1.5389229526738174e-01 dt=1.6756678862688697e-07
cycle=7079 time=1.5389246283417038e-01 dt=1.7498663430743442e-07
cycle=7080 time=1.5389263782080467e-01 dt=1.8265164778839903e-07
cycle=7081 time=1.5389282047245245e-01 dt=1.9057289306222339e-07
cycle=7082 time=1.5389301104534550e-01 dt=1.9874748241167988e-07
cycle=7083 time=1.5389320979282792e-01 dt=2.0716790593402301e-07
cycle=7084 time=1.5389341696073386e-01 dt=2.1582412408013915e-07
cycle=7085 time=1.5389363278485793e-01 dt=2.2470417931440483e-07
cycle=7086 time=1.5389385748903725e-01 dt=2.3379276934926378e-07
cycle=7087 time=1.5389409128180659e-01 dt=2.4306862769993611e-07
cycle=7088 time=1.5389433435043429e-01 dt=2.5255105771037508e-07
cycle=7089 time=1.5389458690149199e-01 dt=2.6225973574668242e-07
cycle=7090 time=1.5389484916122773e-01 dt=2.7217580568269915e-07
cycle=7091 time=1.5389512133703340e-01 dt=2.8228539209002709e-07
cycle=7092 time=1.5389540362242549e-01 dt=2.9255628439446556e-07
cycle=7093 time=1.5389569617870988e-01 dt=3.0302082565590007e-07
cycle=7094 time=1.5389599919953553e-01 dt=3.1371311702219422e-07
cycle=7095 time=1.5389631291265254e-01 dt=3.2466777311437859e-07
cycle=7096 time=1.5389663758042565e-01 dt=3.3579888622795844e-07
cycle=7097 time=1.5389697337931188e-01 dt=3.4698954129837597e-07
cycle=7098 time=1.5389732036885317e-01 dt=3.5827222237430715e-07
cycle=7099 time=1.5389767864107554e-01 dt=3.6946434263116269e-07
cycle=7100 time=1.5389804810541816e-01 dt=3.8069020876623057e-07
cycle=7101 time=1.5389842879562693e-01 dt=3.9190316318326870e-07
cycle=7102 time=1.5389882069879010e-01 dt=4.0293742110024449e-07
cycle=7103 time=1.5389922363621120e-01 dt=4.1382947294619677e-07
cycle=7104 time=1.5389963746568414e-01 dt=4.2458438354815544e-07
cycle=7105 time=1.5390006205006768e-01 dt=4.3522524582683531e-07
cycle=7106 time=1.5390049727531349e-01 dt=4.4581714942792341e-07
cycle=7107 time=1.5390094309246291e-01 dt=4.5640002181695254e-07
cycle=7108 time=1.5390139949248471e-01 dt=4.6697547848573652e-07
cycle=7109 time=1.5390186646796319e-01 dt=4.7792270812148095e-07
cycle=7110 time=1.5390234439067133e-01 dt=4.8972550977159010e-07
cycle=7111 time=1.5390283411618111e-01 dt=5.0181182549141900e-07
cycle=7112 time=1.5390333592800659e-01 dt=5.1397866491844764e-07
cycle=7113 time=1.5390384990667150e-01 dt=5.2685197420446734e-07
cycle=7114 time=1.5390437675864571e-01 dt=5.4007499917909227e-07
cycle=7115 time=1.5390491683364488e-01 dt=5.5347307248877689e-07
cycle=7116 time=1.5390547030671736e-01 dt=5.6690249364108172e-07
cycle=7117 time=1.5390603720921101e-01 dt=5.8014682842299353e-07
cycle=7118 time=1.5390661735603942e-01 dt=5.9323659430619221e-07
cycle=7119 time=1.5390721059263371e-01 dt=6.0630960911259010e-07
cycle=7120 time=1.5390781690224281e-01 dt=6.1940992921184884e-07
cycle=7121 time=1.5390843631217202e-01 dt=6.3252169506693044e-07
cycle=7122 time=1.5390906883386710e-01 dt=6.4565259576302634e-07
cycle=7123 time=1.5390971448646287e-01 dt=6.5882197446743696e-07
cycle=7124 time=1.5391037330843735e-01 dt=6.7207389624704008e-07
cycle=7125 time=1.5391104538233361e-01 dt=6.8692487931400885e-07
cycle=7126 time=1.5391173230721292e-01 dt=7.0180784492118451e-07
cycle=7127 time=1.5391243411505784e-01 dt=7.1635243203964068e-07
cycle=7128 time=1.5391315046748988e-01 dt=7.3054986179163293e-07
cycle=7129 time=1.5391388101735168e-01 dt=7.4417544423019399e-07
cycle=7130 time=1.5391462519279592e-01 dt=7.5716563661620302e-07
cycle=7131 time=1.5391538235843252e-01 dt=7.7024077311791910e-07
cycle=7132 time=1.5391615259920563e-01 dt=7.8307666085027454e-07
cycle=7133 time=1.5391693567586648e-01 dt=7.9560921726535470e-07
cycle=7134 time=1.5391773128508374e-01 dt=8.0769950738590051e-07
cycle=7135 time=1.5391853898459112e-01 dt=8.1879077777851264e-07
cycle=7136 time=1.5391935777536891e-01 dt=8.2893368357188850e-07
cycle=7137 time=1.5392018670905250e-01 dt=8.3766133963067255e-07
cycle=7138 time=1.5392102437039212e-01 dt=8.4462337260499975e-07
cycle=7139 time=1.5392186899376473e-01 dt=8.4944589317328897e-07
cycle=7140 time=1.5392271843965791e-01 dt=8.5167594904768429e-07
cycle=7141 time=1.5392357011560695e-01 dt=8.6747028797179397e-07
cycle=7142 time=1.5392443758589491e-01 dt=8.7449099988547428e-07
cycle=7143 time=1.5392531207689480e-01 dt=8.9564922102922029e-07
cycle=7144 time=1.5392620772611584e-01 dt=9.0355545048500078e-07
cycle=7145 time=1.5392711128156633e-01 dt=9.3344675712601629e-07
cycle=7146 time=1.5392804472832347e-01 dt=9.3673207603835742e-07
cycle=7147 time=1.5392898146039952e-01 dt=9.8411100586947957e-07
cycle=7148 time=1.5392996557140540e-01 dt=9.7290297325571450e-07
cycle=7149 time=1.5393093847437866e-01 dt=1.0495815649010083e-06
cycle=7150 time=1.5393198805594357e-01 dt=1.0037784609060640e-06
cycle=7151 time=1.5393299183440448e-01 dt=1.1704564318012460e-06
cycle=7152 time=1.5393416229083628e-01 dt=9.7937180263332811e-07
cycle=7153 time=1.5393514166263891e-01 dt=1.7457286749750441e-06
cycle=7154 time=1.5393688739131389e-01 dt=3.1585624089419631e-07
cycle=7155 time=1.5393720324755478e-01 dt=5.7974380368259114e-07
cycle=7156 time=1.5393778299135846e-01 dt=1.0067955690507127e-06
cycle=7157 time=1.5393878978692752e-01 dt=2.0135911381014253e-06
cycle=7158 time=1.5394080337806562e-01 dt=6.4340753871634712e-27
cycle=7159 time=1.5394080337806562e-01 dt=1.2417844032178957e-26
cycle=7160 time=1.5394080337806562e-01 dt=2.4835688064357914e-26
cycle=7161 time=1.5394080337806562e-01 dt=4.9671376128715827e-26
cycle=7162 time=1.5394080337806562e-01 dt=9.9342752257431654e-26
cycle=7163 time=1.5394080337806562e-01 dt=1.9868550451486331e-25
cycle=7164 time=1.5394080337806562e-01 dt=5.5218670242217136e-26
cycle=7165 time=1.5394080337806562e-01 dt=5.5647161920554520e-26
cycle=7166 time=1.5394080337806562e-01 dt=1.1129432384110904e-25
cycle=7167 time=1.5394080337806562e-01 dt=2.2258864768221808e-25
cycle=7168 time=1.5394080337806562e-01 dt=4.4517729536443616e-25
cycle=7169 time=1.5394080337806562e-01 dt=8.9035459072887232e-25
cycle=7170 time=1.5394080337806562e-01 dt=1.7807091814577446e-24
cycle=7171 time=1.5394080337806562e-01 dt=3.5614183629154893e-24
cycle=7172 time=1.5394080337806562e-01 dt=7.1228367258309785e-24
cycle=7173 time=1.5394080337806562e-01 dt=1.4245673451661957e-23
cycle=7174 time=1.5394080337806562e-01 dt=2.8491346903323914e-23
cycle=7175 time=1.5394080337806562e-01 dt=5.6982693806647828e-23
cycle=7176 time=1.5394080337806562e-01 dt=1.1396538761329566e-22
cycle=7177 time=1.5394080337806562e-01 dt=2.2793077522659131e-22
cycle=7178 time=1.5394080337806562e-01 dt=4.5586155045318263e-22
cycle=7179 time=1.5394080337806562e-01 dt=9.1172310090636525e-22
cycle=7180 time=1.5394080337806562e-01 dt=1.8234462018127305e-21
cycle=7181 time=1.5394080337806562e-01 dt=3.6468924036254610e-21
cycle=7182 time=1.5394080337806562e-01 dt=7.2937848072509220e-21
cycle=7183 time=1.5394080337806562e-01 dt=1.4587569614501844e-20
cycle=7184 time=1.5394080337806562e-01 dt=2.9175139229003688e-20
cycle=7185 time=1.5394080337806562e-01 dt=5.8350278458007376e-20
cycle=7186 time=1.5394080337806562e-01 dt=1.1670055691601475e-19
cycle=7187 time=1.5394080337806562e-01 dt=2.3340111383202950e-19
cycle=7188 time=1.5394080337806562e-01 dt=4.6680222766405901e-19
cycle=7189 time=1.5394080337806562e-01 dt=9.3360445532811802e-19
cycle=7190 time=1.5394080337806562e-01 dt=1.8672089106562360e-18
cycle=7191 time=1.5394080337806562e-01 dt=3.7344178213124721e-18
cycle=7192 time=1.5394080337806562e-01 dt=7.4688356426249441e-18
cycle=7193 time=1.5394080337806562e-01 dt=1.4937671285249888e-17
cycle=7194 time=1.5394080337806565e-01 dt=2.9875342570499777e-17
cycle=7195 time=1.5394080337806568e-01 dt=5.9750685140999553e-17
cycle=7196 time=1.5394080337806573e-01 dt=1.1950137028199911e-16
cycle=7197 time=1.5394080337806584e-01 dt=2.3900274056399821e-16
cycle=7198 time=1.5394080337806609e-01 dt=4.7800548112799643e-16
cycle=7199 time=1.5394080337806657e-01 dt=9.5601096225599285e-16
cycle=7200 time=1.5394080337806751e-01 dt=1.9120219245119857e-15
cycle=7201 time=1.5394080337806942e-01 dt=3.8240438490239714e-15
cycle=7202 time=1.5394080337807325e-01 dt=7.6480876980479428e-15
cycle=7203 time=1.5394080337808091e-01 dt=1.5296175396095886e-14
cycle=7204 time=1.5394080337809621e-01 dt=3.0592350792191771e-14
cycle=7205 time=1.5394080337812679e-01 dt=6.1184701584383542e-14
cycle=7206 time=1.5394080337818797e-01 dt=1.2236940316876708e-13
cycle=7207 time=1.5394080337831034e-01 dt=2.4473880633753417e-13
cycle=7208 time=1.5394080337855509e-01 dt=4.8947761267506834e-13
cycle=7209 time=1.5394080337904456e-01 dt=9.7895522535013668e-13
cycle=7210 time=1.5394080338002353e-01 dt=1.9579104507002734e-12
cycle=7211 time=1.5394080338198143e-01 dt=3.9158209014005467e-12
cycle=7212 time=1.5394080338589725e-01 dt=7.8316418028010934e-12
cycle=7213 time=1.5394080339372890e-01 dt=1.5663283605602187e-11
cycle=7214 time=1.5394080340939217e-01 dt=3.1326567211204374e-11
cycle=7215 time=1.5394080344071875e-01 dt=6.2653134422408747e-11
cycle=7216 time=1.5394080350337189e-01 dt=1.2530626884481749e-10
cycle=7217 time=1.5394080362867815e-01 dt=2.5061253768963499e-10
cycle=7218 time=1.5394080387929068e-01 dt=5.0122507537926998e-10
cycle=7219 time=1.5394080438051577e-01 dt=1.0024501507585400e-09
cycle=7220 time=1.5394080538296592e-01 dt=2.0049003015170799e-09
cycle=7221 time=1.5394080738786622e-01 dt=4.0098006030341598e-09
cycle=7222 time=1.5394081139766683e-01 dt=8.0196012060683197e-09
cycle=7223 time=1.5394081941726803e-01 dt=1.6039202412136639e-08
cycle=7224 time=1.5394083545647044e-01 dt=3.2078404824273279e-08
cycle=7225 time=1.5394086753487526e-01 dt=6.4156809648546557e-08
cycle=7226 time=1.5394093169168491e-01 dt=1.2831361929709311e-07
cycle=7227 time=1.5394106000530419e-01 dt=2.5662723859418623e-07
cycle=7228 time=1.5394131663254279e-01 dt=9.4707040827789333e-26
cycle=7229 time=1.5394131663254279e-01 dt=1.8941408165557867e-25
cycle=7230 time=1.5394131663254279e-01 dt=3.7882816331115733e-25
cycle=7231 time=1.5394131663254279e-01 dt=7.5765632662231466e-25
cycle=7232 time=1.5394131663254279e-01 dt=1.5153126532446293e-24
cycle=7233 time=1.5394131663254279e-01 dt=3.0306253064892586e-24
cycle=7234 time=1.5394131663254279e-01 dt=6.0612506129785173e-24
cycle=7235 time=1.5394131663254279e-01 dt=1.2122501225957035e-23
cycle=7236 time=1.5394131663254279e-01 dt=2.4245002451914069e-23
cycle=7237 time=1.5394131663254279e-01 dt=4.8490004903828138e-23
cycle=7238 time=1.5394131663254279e-01 dt=9.6980009807656277e-23
cycle=7239 time=1.5394131663254279e-01 dt=1.9396001961531255e-22
cycle=7240 time=1.5394131663254279e-01 dt=3.8792003923062511e-22
cycle=7241 time=1.5394131663254279e-01 dt=7.7584007846125021e-22
cycle=7242 time=1.5394131663254279e-01 dt=1.5516801569225004e-21
cycle=7243 time=1.5394131663254279e-01 dt=3.1033603138450009e-21
cycle=7244 time=1.5394131663254279e-01 dt=6.2067206276900017e-21
cycle=7245 time=1.5394131663254279e-01 dt=1.2413441255380003e-20
cycle=7246 time=1.5394131663254279e-01 dt=2.4826882510760007e-20
cycle=7247 time=1.5394131663254279e-01 dt=4.9653765021520014e-20
cycle=7248 time=1.5394131663254279e-01 dt=9.9307530043040027e-20
cycle=7249 time=1.5394131663254279e-01 dt=1.9861506008608005e-19
cycle=7250 time=1.5394131663254279e-01 dt=3.9723012017216011e-19
cycle=7251 time=1.5394131663254279e-01 dt=7.9446024034432022e-19
cycle=7252 time=1.5394131663254279e-01 dt=1.5889204806886404e-18
cycle=7253 time=1.5394131663254279e-01 dt=3.1778409613772809e-18
cycle=7254 time=1.5394131663254279e-01 dt=6.3556819227545618e-18
cycle=7255 time=1.5394131663254279e-01 dt=1.2711363845509124e-17
cycle=7256 time=1.5394131663254279e-01 dt=2.5422727691018247e-17
cycle=7257 time=1.5394131663254282e-01 dt=5.0845455382036494e-17
cycle=7258 time=1.5394131663254287e-01 dt=1.0169091076407299e-16
cycle=7259 time=1.5394131663254298e-01 dt=2.0338182152814598e-16
cycle=7260 time=1.5394131663254318e-01 dt=4.0676364305629195e-16
cycle=7261 time=1.5394131663254360e-01 dt=8.1352728611258390e-16
cycle=7262 time=1.5394131663254440e-01 dt=1.6270545722251678e-15
cycle=7263 time=1.5394131663254604e-01 dt=3.2541091444503356e-15
cycle=7264 time=1.5394131663254929e-01 dt=6.5082182889006712e-15
cycle=7265 time=1.5394131663255578e-01 dt=1.3016436577801342e-14
cycle=7266 time=1.5394131663256880e-01 dt=2.6032873155602685e-14
cycle=7267 time=1.5394131663259483e-01 dt=5.2065746311205370e-14
cycle=7268 time=1.5394131663264690e-01 dt=1.0413149262241074e-13
cycle=7269 time=1.5394131663275104e-01 dt=2.0826298524482148e-13
cycle=7270 time=1.5394131663295929e-01 dt=4.1652597048964296e-13
cycle=7271 time=1.5394131663337582e-01 dt=8.3305194097928592e-13
cycle=7272 time=1.5394131663420887e-01 dt=1.6661038819585718e-12
cycle=7273 time=1.5394131663587499e-01 dt=3.3322077639171437e-12
cycle=7274 time=1.5394131663920718e-01 dt=6.6644155278342873e-12
cycle=7275 time=1.5394131664587160e-01 dt=1.3328831055668575e-11
cycle=7276 time=1.5394131665920044e-01 dt=2.6657662111337149e-11
cycle=7277 time=1.5394131668585809e-01 dt=5.3315324222674299e-11
cycle=7278 time=1.5394131673917341e-01 dt=1.0663064844534860e-10
cycle=7279 time=1.5394131684580406e-01 dt=2.1326129689069720e-10
cycle=7280 time=1.5394131705906536e-01 dt=4.2652259378139439e-10
cycle=7281 time=1.5394131748558795e-01 dt=8.5304518756278878e-10
cycle=7282 time=1.5394131833863314e-01 dt=1.7060903751255776e-09
cycle=7283 time=1.5394132004472352e-01 dt=3.4121807502511551e-09
cycle=7284 time=1.5394132345690428e-01 dt=6.8243615005023102e-09
cycle=7285 time=1.5394133028126578e-01 dt=1.3648723001004620e-08
cycle=7286 time=1.5394134392998879e-01 dt=2.7297446002009241e-08
cycle=7287 time=1.5394137122743479e-01 dt=5.4594892004018482e-08
cycle=7288 time=1.5394142582232678e-01 dt=1.0918978400803696e-07
cycle=7289 time=1.5394153501211080e-01 dt=2.1837956801607393e-07
cycle=7290 time=1.5394175339167881e-01 dt=4.3675913603214786e-07
cycle=7291 time=1.5394219015081484e-01 dt=8.7351827206429571e-07
cycle=7292 time=1.5394306366908692e-01 dt=9.7332961992410672e-26
cycle=7293 time=1.5394306366908692e-01 dt=1.9466592398482134e-25
cycle=7294 time=1.5394306366908692e-01 dt=3.8933184796964269e-25
cycle=7295 time=1.5394306366908692e-01 dt=7.7866369593928538e-25
cycle=7296 time=1.5394306366908692e-01 dt=1.5573273918785708e-24
cycle=7297 time=1.5394306366908692e-01 dt=3.1146547837571415e-24
cycle=7298 time=1.5394306366908692e-01 dt=6.2293095675142830e-24
cycle=7299 time=1.5394306366908692e-01 dt=1.2458619135028566e-23
cycle=7300 time=1.5394306366908692e-01 dt=2.4917238270057132e-23
cycle=7301 time=1.5394306366908692e-01 dt=4.9834476540114264e-23
cycle=7302 time=1.5394306366908692e-01 dt=9.9668953080228528e-23
cycle=7303 time=1.5394306366908692e-01 dt=1.9933790616045706e-22
cycle=7304 time=1.5394306366908692e-01 dt=3.9867581232091411e-22
cycle=7305 time=1.5394306366908692e-01 dt=7.9735162464182823e-22
cycle=7306 time=1.5394306366908692e-01 dt=1.5947032492836565e-21
cycle=7307 time=1.5394306366908692e-01 dt=3.1894064985673129e-21
cycle=7308 time=1.5394306366908692e-01 dt=6.3788129971346258e-21
cycle=7309 time=1.5394306366908692e-01 dt=1.2757625994269252e-20
cycle=7310 time=1.5394306366908692e-01 dt=2.5515251988538503e-20
cycle=7311 time=1.5394306366908692e-01 dt=5.1030503977077007e-20
cycle=7312 time=1.5394306366908692e-01 dt=1.0206100795415401e-19
cycle=7313 time=1.5394306366908692e-01 dt=2.0412201590830803e-19
cycle=7314 time=1.5394306366908692e-01 dt=4.0824403181661605e-19
cycle=7315 time=1.5394306366908692e-01 dt=8.1648806363323211e-19
cycle=7316 time=1.5394306366908692e-01 dt=1.6329761272664642e-18
cycle=7317 time=1.5394306366908692e-01 dt=3.2659522545329284e-18
cycle=7318 time=1.5394306366908692e-01 dt=6.5319045090658568e-18
cycle=7319 time=1.5394306366908692e-01 dt=1.3063809018131714e-17
cycle=7320 time=1.5394306366908692e-01 dt=2.6127618036263427e-17
cycle=7321 time=1.5394306366908694e-01 dt=5.2255236072526855e-17
cycle=7322 time=1.5394306366908700e-01 dt=1.0451047214505371e-16
cycle=7323 time=1.5394306366908711e-01 dt=2.0902094429010742e-16
cycle=7324 time=1.5394306366908733e-01 dt=4.1804188858021484e-16
cycle=7325 time=1.5394306366908775e-01 dt=8.3608377716042968e-16
cycle=7326 time=1.5394306366908858e-01 dt=1.6721675543208594e-15
cycle=7327 time=1.5394306366909025e-01 dt=3.3443351086417187e-15
cycle=7328 time=1.5394306366909358e-01 dt=6.6886702172834374e-15
cycle=7329 time=1.5394306366910027e-01 dt=1.3377340434566875e-14
cycle=7330 time=1.5394306366911364e-01 dt=2.6754680869133750e-14
cycle=7331 time=1.5394306366914040e-01 dt=5.3509361738267499e-14
cycle=7332 time=1.5394306366919391e-01 dt=1.0701872347653500e-13
cycle=7333 time=1.5394306366930094e-01 dt=2.1403744695307000e-13
cycle=7334 time=1.5394306366951499e-01 dt=4.2807489390613999e-13
cycle=7335 time=1.5394306366994306e-01 dt=8.5614978781227999e-13
cycle=7336 time=1.5394306367079921e-01 dt=1.7122995756245600e-12
cycle=7337 time=1.5394306367251151e-01 dt=3.4245991512491200e-12
cycle=7338 time=1.5394306367593610e-01 dt=6.8491983024982399e-12
cycle=7339 time=1.5394306368278529e-01 dt=1.3698396604996480e-11
cycle=7340 time=1.5394306369648370e-01 dt=2.7396793209992960e-11
cycle=7341 time=1.5394306372388050e-01 dt=5.4793586419985919e-11
cycle=7342 time=1.5394306377867409e-01 dt=1.0958717283997184e-10
cycle=7343 time=1.5394306388826126e-01 dt=2.1917434567994368e-10
cycle=7344 time=1.5394306410743561e-01 dt=4.3834869135988735e-10
cycle=7345 time=1.5394306454578430e-01 dt=8.7669738271977471e-10
cycle=7346 time=1.5394306542248168e-01 dt=1.7533947654395494e-09
cycle=7347 time=1.5394306717587644e-01 dt=3.5067895308790988e-09
cycle=7348 time=1.5394307068266597e-01 dt=7.0135790617581977e-09
cycle=7349 time=1.5394307769624502e-01 dt=1.4027158123516395e-08
cycle=7350 time=1.5394309172340315e-01 dt=2.8054316247032791e-08
cycle=7351 time=1.5394311977771941e-01 dt=5.6108632494065581e-08
cycle=7352 time=1.5394317588635190e-01 dt=1.1221726498813116e-07
cycle=7353 time=1.5394328810361688e-01 dt=2.2443452997626233e-07
cycle=7354 time=1.5394351253814686e-01 dt=4.4886905995252465e-07
cycle=7355 time=1.5394396140720681e-01 dt=7.2099512852790661e-26
cycle=7356 time=1.5394396140720681e-01 dt=1.4419902570558132e-25
cycle=7357 time=1.5394396140720681e-01 dt=2.8839805141116264e-25
cycle=7358 time=1.5394396140720681e-01 dt=5.7679610282232529e-25
cycle=7359 time=1.5394396140720681e-01 dt=1.1535922056446506e-24
cycle=7360 time=1.5394396140720681e-01 dt=2.3071844112893012e-24
cycle=7361 time=1.5394396140720681e-01 dt=4.6143688225786023e-24
cycle=7362 time=1.5394396140720681e-01 dt=9.2287376451572046e-24
cycle=7363 time=1.5394396140720681e-01 dt=1.8457475290314409e-23
cycle=7364 time=1.5394396140720681e-01 dt=3.6914950580628819e-23
cycle=7365 time=1.5394396140720681e-01 dt=7.3829901161257637e-23
cycle=7366 time=1.5394396140720681e-01 dt=1.4765980232251527e-22
cycle=7367 time=1.5394396140720681e-01 dt=2.9531960464503055e-22
cycle=7368 time=1.5394396140720681e-01 dt=5.9063920929006110e-22
cycle=7369 time=1.5394396140720681e-01 dt=1.1812784185801222e-21
cycle=7370 time=1.5394396140720681e-01 dt=2.3625568371602444e-21
cycle=7371 time=1.5394396140720681e-01 dt=4.7251136743204888e-21
cycle=7372 time=1.5394396140720681e-01 dt=9.4502273486409775e-21
cycle=7373 time=1.5394396140720681e-01 dt=1.8900454697281955e-20
cycle=7374 time=1.5394396140720681e-01 dt=3.7800909394563910e-20
cycle=7375 time=1.5394396140720681e-01 dt=7.5601818789127820e-20
cycle=7376 time=1.5394396140720681e-01 dt=1.5120363757825564e-19
cycle=7377 time=1.5394396140720681e-01 dt=3.0240727515651128e-19
cycle=7378 time=1.5394396140720681e-01 dt=6.0481455031302256e-19
cycle=7379 time=1.5394396140720681e-01 dt=1.2096291006260451e-18
cycle=7380 time=1.5394396140720681e-01 dt=2.4192582012520903e-18
cycle=7381 time=1.5394396140720681e-01 dt=4.8385164025041805e-18
cycle=7382 time=1.5394396140720681e-01 dt=9.6770328050083610e-18
cycle=7383 time=1.5394396140720681e-01 dt=1.9354065610016722e-17
cycle=7384 time=1.5394396140720684e-01 dt=3.8708131220033444e-17
cycle=7385 time=1.5394396140720687e-01 dt=7.7416262440066888e-17
cycle=7386 time=1.5394396140720695e-01 dt=1.5483252488013378e-16
cycle=7387 time=1.5394396140720712e-01 dt=3.0966504976026755e-16
cycle=7388 time=1.5394396140720742e-01 dt=6.1933009952053510e-16
cycle=7389 time=1.5394396140720804e-01 dt=1.2386601990410702e-15
cycle=7390 time=1.5394396140720928e-01 dt=2.4773203980821404e-15
cycle=7391 time=1.5394396140721175e-01 dt=4.9546407961642808e-15
cycle=7392 time=1.5394396140721672e-01 dt=9.9092815923285617e-15
cycle=7393 time=1.5394396140722663e-01 dt=1.9818563184657123e-14
cycle=7394 time=1.5394396140724645e-01 dt=3.9637126369314247e-14
cycle=7395 time=1.5394396140728608e-01 dt=7.9274252738628493e-14
cycle=7396 time=1.5394396140736535e-01 dt=1.5854850547725699e-13
cycle=7397 time=1.5394396140752389e-01 dt=3.1709701095451397e-13
cycle=7398 time=1.5394396140784100e-01 dt=6.3419402190902795e-13
cycle=7399 time=1.5394396140847519e-01 dt=1.2683880438180559e-12
cycle=7400 time=1.5394396140974356e-01 dt=2.5367760876361118e-12
cycle=7401 time=1.5394396141228034e-01 dt=5.0735521752722236e-12
cycle=7402 time=1.5394396141735389e-01 dt=1.0147104350544447e-11
cycle=7403 time=1.5394396142750100e-01 dt=2.0294208701088894e-11
cycle=7404 time=1.5394396144779521e-01 dt=4.0588417402177789e-11
cycle=7405 time=1.5394396148838363e-01 dt=8.1176834804355577e-11
cycle=7406 time=1.5394396156956047e-01 dt=1.6235366960871115e-10
cycle=7407 time=1.5394396173191413e-01 dt=3.2470733921742231e-10
cycle=7408 time=1.5394396205662148e-01 dt=6.4941467843484462e-10
cycle=7409 time=1.5394396270603616e-01 dt=1.2988293568696892e-09
cycle=7410 time=1.5394396400486551e-01 dt=2.5976587137393785e-09
cycle=7411 time=1.5394396660252424e-01 dt=5.1953174274787569e-09
cycle=7412 time=1.5394397179784167e-01 dt=1.0390634854957514e-08
cycle=7413 time=1.5394398218847652e-01 dt=2.0781269709915028e-08
cycle=7414 time=1.5394400296974622e-01 dt=4.1562539419830056e-08
cycle=7415 time=1.5394404453228563e-01 dt=8.3125078839660111e-08
cycle=7416 time=1.5394412765736448e-01 dt=1.6625015767932022e-07
cycle=7417 time=1.5394429390752215e-01 dt=3.3250031535864044e-07
cycle=7418 time=1.5394462640783751e-01 dt=1.2299889595005008e-25
cycle=7419 time=1.5394462640783751e-01 dt=2.4599779190010016e-25
cycle=7420 time=1.5394462640783751e-01 dt=4.9199558380020032e-25
cycle=7421 time=1.5394462640783751e-01 dt=9.8399116760040064e-25
cycle=7422 time=1.5394462640783751e-01 dt=1.9679823352008013e-24
cycle=7423 time=1.5394462640783751e-01 dt=3.9359646704016026e-24
cycle=7424 time=1.5394462640783751e-01 dt=7.8719293408032051e-24
cycle=7425 time=1.5394462640783751e-01 dt=1.5743858681606410e-23
cycle=7426 time=1.5394462640783751e-01 dt=3.1487717363212821e-23
cycle=7427 time=1.5394462640783751e-01 dt=6.2975434726425641e-23
cycle=7428 time=1.5394462640783751e-01 dt=1.2595086945285128e-22
cycle=7429 time=1.5394462640783751e-01 dt=2.5190173890570256e-22
cycle=7430 time=1.5394462640783751e-01 dt=5.0380347781140513e-22
cycle=7431 time=1.5394462640783751e-01 dt=1.0076069556228103e-21
cycle=7432 time=1.5394462640783751e-01 dt=2.0152139112456205e-21
cycle=7433 time=1.5394462640783751e-01 dt=4.0304278224912410e-21
cycle=7434 time=1.5394462640783751e-01 dt=8.0608556449824821e-21
cycle=7435 time=1.5394462640783751e-01 dt=1.6121711289964964e-20
cycle=7436 time=1.5394462640783751e-01 dt=3.2243422579929928e-20
cycle=7437 time=1.5394462640783751e-01 dt=6.4486845159859857e-20
cycle=7438 time=1.5394462640783751e-01 dt=1.2897369031971971e-19
cycle=7439 time=1.5394462640783751e-01 dt=2.5794738063943943e-19
cycle=7440 time=1.5394462640783751e-01 dt=5.1589476127887885e-19
cycle=7441 time=1.5394462640783751e-01 dt=1.0317895225577577e-18
cycle=7442 time=1.5394462640783751e-01 dt=2.0635790451155154e-18
cycle=7443 time=1.5394462640783751e-01 dt=4.1271580902310308e-18
cycle=7444 time=1.5394462640783751e-01 dt=8.2543161804620616e-18
cycle=7445 time=1.5394462640783751e-01 dt=1.6508632360924123e-17
cycle=7446 time=1.5394462640783754e-01 dt=3.3017264721848247e-17
cycle=7447 time=1.5394462640783757e-01 dt=6.6034529443696493e-17
cycle=7448 time=1.5394462640783763e-01 dt=1.3206905888739299e-16
cycle=7449 time=1.5394462640783776e-01 dt=2.6413811777478597e-16
cycle=7450 time=1.5394462640783804e-01 dt=5.2827623554957195e-16
cycle=7451 time=1.5394462640783857e-01 dt=1.0565524710991439e-15
cycle=7452 time=1.5394462640783962e-01 dt=2.1131049421982878e-15
cycle=7453 time=1.5394462640784173e-01 dt=4.2262098843965756e-15
cycle=7454 time=1.5394462640784595e-01 dt=8.4524197687931511e-15
cycle=7455 time=1.5394462640785442e-01 dt=1.6904839537586302e-14
cycle=7456 time=1.5394462640787132e-01 dt=3.3809679075172604e-14
cycle=7457 time=1.5394462640790513e-01 dt=6.7619358150345209e-14
cycle=7458 time=1.5394462640797274e-01 dt=1.3523871630069042e-13
cycle=7459 time=1.5394462640810797e-01 dt=2.7047743260138084e-13
cycle=7460 time=1.5394462640837844e-01 dt=5.4095486520276167e-13
cycle=7461 time=1.5394462640891940e-01 dt=1.0819097304055233e-12
cycle=7462 time=1.5394462641000131e-01 dt=2.1638194608110467e-12
cycle=7463 time=1.5394462641216514e-01 dt=4.3276389216220934e-12
cycle=7464 time=1.5394462641649279e-01 dt=8.6552778432441867e-12
cycle=7465 time=1.5394462642514806e-01 dt=1.7310555686488373e-11
cycle=7466 time=1.5394462644245860e-01 dt=3.4621111372976747e-11
cycle=7467 time=1.5394462647707971e-01 dt=6.9242222745953494e-11
cycle=7468 time=1.5394462654632193e-01 dt=1.3848444549190699e-10
cycle=7469 time=1.5394462668480638e-01 dt=2.7696889098381398e-10
cycle=7470 time=1.5394462696177527e-01 dt=5.5393778196762795e-10
cycle=7471 time=1.5394462751571306e-01 dt=1.1078755639352559e-09
cycle=7472 time=1.5394462862358863e-01 dt=2.2157511278705118e-09
cycle=7473 time=1.5394463083933976e-01 dt=4.4315022557410236e-09
cycle=7474 time=1.5394463527084201e-01 dt=8.8630045114820472e-09
cycle=7475 time=1.5394464413384654e-01 dt=1.7726009022964094e-08
cycle=7476 time=1.5394466185985556e-01 dt=3.5452018045928189e-08
cycle=7477 time=1.5394469731187360e-01 dt=7.0904036091856378e-08
cycle=7478 time=1.5394476821590969e-01 dt=1.4180807218371276e-07
cycle=7479 time=1.5394491002398186e-01 dt=2.8361614436742551e-07
cycle=7480 time=1.5394519364012624e-01 dt=1.9581230201506374e-25
cycle=7481 time=1.5394519364012624e-01 dt=3.9162460403012749e-25
cycle=7482 time=1.5394519364012624e-01 dt=7.8324920806025498e-25
cycle=7483 time=1.5394519364012624e-01 dt=1.5664984161205100e-24
cycle=7484 time=1.5394519364012624e-01 dt=3.1329968322410199e-24
cycle=7485 time=1.5394519364012624e-01 dt=6.2659936644820398e-24
cycle=7486 time=1.5394519364012624e-01 dt=1.2531987328964080e-23
cycle=7487 time=1.5394519364012624e-01 dt=2.5063974657928159e-23
cycle=7488 time=1.5394519364012624e-01 dt=5.0127949315856319e-23
cycle=7489 time=1.5394519364012624e-01 dt=1.0025589863171264e-22
cycle=7490 time=1.5394519364012624e-01 dt=2.0051179726342527e-22
cycle=7491 time=1.5394519364012624e-01 dt=4.0102359452685055e-22
cycle=7492 time=1.5394519364012624e-01 dt=8.0204718905370110e-22
cycle=7493 time=1.5394519364012624e-01 dt=1.6040943781074022e-21
cycle=7494 time=1.5394519364012624e-01 dt=3.2081887562148044e-21
cycle=7495 time=1.5394519364012624e-01 dt=6.4163775124296088e-21
cycle=7496 time=1.5394519364012624e-01 dt=1.2832755024859218e-20
cycle=7497 time=1.5394519364012624e-01 dt=2.5665510049718435e-20
cycle=7498 time=1.5394519364012624e-01 dt=5.1331020099436870e-20
cycle=7499 time=1.5394519364012624e-01 dt=1.0266204019887374e-19
cycle=7500 time=1.5394519364012624e-01 dt=2.0532408039774748e-19
cycle=7501 time=1.5394519364012624e-01 dt=4.1064816079549496e-19
cycle=7502 time=1.5394519364012624e-01 dt=8.2129632159098992e-19
cycle=7503 time=1.5394519364012624e-01 dt=1.6425926431819798e-18
cycle=7504 time=1.5394519364012624e-01 dt=3.2851852863639597e-18
cycle=7505 time=1.5394519364012624e-01 dt=6.5703705727279194e-18
cycle=7506 time=1.5394519364012624e-01 dt=1.3140741145455839e-17
cycle=7507 time=1.5394519364012624e-01 dt=2.6281482290911678e-17
cycle=7508 time=1.5394519364012627e-01 dt=5.2562964581823355e-17
cycle=7509 time=1.5394519364012632e-01 dt=1.0512592916364671e-16
cycle=7510 time=1.5394519364012643e-01 dt=2.1025185832729342e-16
cycle=7511 time=1.5394519364012665e-01 dt=4.2050371665458684e-16
cycle=7512 time=1.5394519364012707e-01 dt=8.4100743330917368e-16
cycle=7513 time=1.5394519364012790e-01 dt=1.6820148666183474e-15
cycle=7514 time=1.5394519364012960e-01 dt=3.3640297332366947e-15
cycle=7515 time=1.5394519364013295e-01 dt=6.7280594664733894e-15
cycle=7516 time=1.5394519364013967e-01 dt=1.3456118932946779e-14
cycle=7517 time=1.5394519364015313e-01 dt=2.6912237865893558e-14
cycle=7518 time=1.5394519364018006e-01 dt=5.3824475731787116e-14
cycle=7519 time=1.5394519364023387e-01 dt=1.0764895146357423e-13
cycle=7520 time=1.5394519364034151e-01 dt=2.1529790292714846e-13
cycle=7521 time=1.5394519364055681e-01 dt=4.3059580585429692e-13
cycle=7522 time=1.5394519364098741e-01 dt=8.6119161170859385e-13
cycle=7523 time=1.5394519364184861e-01 dt=1.7223832234171877e-12
cycle=7524 time=1.5394519364357098e-01 dt=3.4447664468343754e-12
cycle=7525 time=1.5394519364701575e-01 dt=6.8895328936687508e-12
cycle=7526 time=1.5394519365390530e-01 dt=1.3779065787337502e-11
cycle=7527 time=1.5394519366768436e-01 dt=2.7558131574675003e-11
cycle=7528 time=1.5394519369524248e-01 dt=5.5116263149350006e-11
cycle=7529 time=1.5394519375035876e-01 dt=1.1023252629870001e-10
cycle=7530 time=1.5394519386059127e-01 dt=2.2046505259740003e-10
cycle=7531 time=1.5394519408105634e-01 dt=4.4093010519480005e-10
cycle=7532 time=1.5394519452198643e-01 dt=8.8186021038960010e-10
cycle=7533 time=1.5394519540384666e-01 dt=1.7637204207792002e-09
cycle=7534 time=1.5394519716756708e-01 dt=3.5274408415584004e-09
cycle=7535 time=1.5394520069500792e-01 dt=7.0548816831168008e-09
cycle=7536 time=1.5394520774988960e-01 dt=1.4109763366233602e-08
cycle=7537 time=1.5394522185965295e-01 dt=2.8219526732467203e-08
cycle=7538 time=1.5394525007917970e-01 dt=5.6439053464934406e-08
cycle=7539 time=1.5394530651823315e-01 dt=1.1287810692986881e-07
cycle=7540 time=1.5394541939634007e-01 dt=2.2575621385973763e-07
cycle=7541 time=1.5394564515255393e-01 dt=4.2271082197386646e-07
cycle=7542 time=1.5394606786337592e-01 dt=6.9757883851599954e-26
cycle=7543 time=1.5394606786337592e-01 dt=1.3951576770319991e-25
cycle=7544 time=1.5394606786337592e-01 dt=1.0158390804578113e-25
cycle=7545 time=1.5394606786337592e-01 dt=2.0316781609156226e-25
cycle=7546 time=1.5394606786337592e-01 dt=4.0633563218312452e-25
cycle=7547 time=1.5394606786337592e-01 dt=8.1267126436624903e-25
cycle=7548 time=1.5394606786337592e-01 dt=1.6253425287324981e-24
cycle=7549 time=1.5394606786337592e-01 dt=3.2506850574649961e-24
cycle=7550 time=1.5394606786337592e-01 dt=6.5013701149299923e-24
cycle=7551 time=1.5394606786337592e-01 dt=1.3002740229859985e-23
cycle=7552 time=1.5394606786337592e-01 dt=2.6005480459719969e-23
cycle=7553 time=1.5394606786337592e-01 dt=5.2010960919439938e-23
cycle=7554 time=1.5394606786337592e-01 dt=1.0402192183887988e-22
cycle=7555 time=1.5394606786337592e-01 dt=2.0804384367775975e-22
cycle=7556 time=1.5394606786337592e-01 dt=4.1608768735551951e-22
cycle=7557 time=1.5394606786337592e-01 dt=8.3217537471103901e-22
cycle=7558 time=1.5394606786337592e-01 dt=1.6643507494220780e-21
cycle=7559 time=1.5394606786337592e-01 dt=3.3287014988441560e-21
cycle=7560 time=1.5394606786337592e-01 dt=6.6574029976883121e-21
cycle=7561 time=1.5394606786337592e-01 dt=1.3314805995376624e-20
cycle=7562 time=1.5394606786337592e-01 dt=2.6629611990753248e-20
cycle=7563 time=1.5394606786337592e-01 dt=5.3259223981506497e-20
cycle=7564 time=1.5394606786337592e-01 dt=1.0651844796301299e-19
cycle=7565 time=1.5394606786337592e-01 dt=2.1303689592602599e-19
cycle=7566 time=1.5394606786337592e-01 dt=4.2607379185205197e-19
cycle=7567 time=1.5394606786337592e-01 dt=8.5214758370410395e-19
cycle=7568 time=1.5394606786337592e-01 dt=1.7042951674082079e-18
cycle=7569 time=1.5394606786337592e-01 dt=3.4085903348164158e-18
cycle=7570 time=1.5394606786337592e-01 dt=6.8171806696328316e-18
cycle=7571 time=1.5394606786337592e-01 dt=1.3634361339265663e-17
cycle=7572 time=1.5394606786337592e-01 dt=2.7268722678531326e-17
cycle=7573 time=1.5394606786337595e-01 dt=5.4537445357062653e-17
cycle=7574 time=1.5394606786337600e-01 dt=1.0907489071412531e-16
cycle=7575 time=1.5394606786337611e-01 dt=2.1814978142825061e-16
cycle=7576 time=1.5394606786337633e-01 dt=4.3629956285650122e-16
cycle=7577 time=1.5394606786337678e-01 dt=8.7259912571300244e-16
cycle=7578 time=1.5394606786337764e-01 dt=1.7451982514260049e-15
cycle=7579 time=1.5394606786337939e-01 dt=3.4903965028520098e-15
cycle=7580 time=1.5394606786338288e-01 dt=6.9807930057040195e-15
cycle=7581 time=1.5394606786338988e-01 dt=1.3961586011408039e-14
cycle=7582 time=1.5394606786340384e-01 dt=2.7923172022816078e-14
cycle=7583 time=1.5394606786343176e-01 dt=5.5846344045632156e-14
cycle=7584 time=1.5394606786348761e-01 dt=1.1169268809126431e-13
cycle=7585 time=1.5394606786359930e-01 dt=2.2338537618252863e-13
cycle=7586 time=1.5394606786382267e-01 dt=4.4677075236505725e-13
cycle=7587 time=1.5394606786426945e-01 dt=8.9354150473011450e-13
cycle=7588 time=1.5394606786516299e-01 dt=1.7870830094602290e-12
cycle=7589 time=1.5394606786695006e-01 dt=3.5741660189204580e-12
cycle=7590 time=1.5394606787052423e-01 dt=7.1483320378409160e-12
cycle=7591 time=1.5394606787767257e-01 dt=1.4296664075681832e-11
cycle=7592 time=1.5394606789196924e-01 dt=2.8593328151363664e-11
cycle=7593 time=1.5394606792056256e-01 dt=5.7186656302727328e-11
cycle=7594 time=1.5394606797774921e-01 dt=1.1437331260545466e-10
cycle=7595 time=1.5394606809212252e-01 dt=2.2874662521090931e-10
cycle=7596 time=1.5394606832086916e-01 dt=4.5749325042181862e-10
cycle=7597 time=1.5394606877836239e-01 dt=9.1498650084363725e-10
cycle=7598 time=1.5394606969334890e-01 dt=1.8299730016872745e-09
cycle=7599 time=1.5394607152332190e-01 dt=3.6599460033745490e-09
cycle=7600 time=1.5394607518326792e-01 dt=7.3198920067490980e-09
cycle=7601 time=1.5394608250315991e-01 dt=1.4639784013498196e-08
cycle=7602 time=1.5394609714294394e-01 dt=2.9279568026996392e-08
cycle=7603 time=1.5394612642251196e-01 dt=5.8559136053992784e-08
cycle=7604 time=1.5394618498164800e-01 dt=1.1711827210798557e-07
cycle=7605 time=1.5394630209992011e-01 dt=2.3423654421597114e-07
cycle=7606 time=1.5394653633646432e-01 dt=4.6847308843194227e-07
cycle=7607 time=1.5394700480955276e-01 dt=7.8325637426940124e-26
cycle=7608 time=1.5394700480955276e-01 dt=1.5665127485388025e-25
cycle=7609 time=1.5394700480955276e-01 dt=3.1330254970776050e-25
cycle=7610 time=1.5394700480955276e-01 dt=6.2660509941552099e-25
cycle=7611 time=1.5394700480955276e-01 dt=1.2532101988310420e-24
cycle=7612 time=1.5394700480955276e-01 dt=2.5064203976620840e-24
cycle=7613 time=1.5394700480955276e-01 dt=5.0128407953241679e-24
cycle=7614 time=1.5394700480955276e-01 dt=1.0025681590648336e-23
cycle=7615 time=1.5394700480955276e-01 dt=2.0051363181296672e-23
cycle=7616 time=1.5394700480955276e-01 dt=4.0102726362593343e-23
cycle=7617 time=1.5394700480955276e-01 dt=8.0205452725186687e-23
cycle=7618 time=1.5394700480955276e-01 dt=1.6041090545037337e-22
cycle=7619 time=1.5394700480955276e-01 dt=3.2082181090074675e-22
cycle=7620 time=1.5394700480955276e-01 dt=6.4164362180149350e-22
cycle=7621 time=1.5394700480955276e-01 dt=1.2832872436029870e-21
cycle=7622 time=1.5394700480955276e-01 dt=2.5665744872059740e-21
cycle=7623 time=1.5394700480955276e-01 dt=5.1331489744119480e-21
cycle=7624 time=1.5394700480955276e-01 dt=1.0266297948823896e-20
cycle=7625 time=1.5394700480955276e-01 dt=2.0532595897647792e-20
cycle=7626 time=1.5394700480955276e-01 dt=4.1065191795295584e-20
cycle=7627 time=1.5394700480955276e-01 dt=8.2130383590591167e-20
cycle=7628 time=1.5394700480955276e-01 dt=1.6426076718118233e-19
cycle=7629 time=1.5394700480955276e-01 dt=3.2852153436236467e-19
cycle=7630 time=1.5394700480955276e-01 dt=6.5704306872472934e-19
cycle=7631 time=1.5394700480955276e-01 dt=1.3140861374494587e-18
cycle=7632 time=1.5394700480955276e-01 dt=2.6281722748989174e-18
cycle=7633 time=1.5394700480955276e-01 dt=5.2563445497978347e-18
cycle=7634 time=1.5394700480955276e-01 dt=1.0512689099595669e-17
cycle=7635 time=1.5394700480955276e-01 dt=2.1025378199191339e-17
cycle=7636 time=1.5394700480955278e-01 dt=4.2050756398382678e-17
cycle=7637 time=1.5394700480955284e-01 dt=8.4101512796765355e-17
cycle=7638 time=1.5394700480955292e-01 dt=1.6820302559353071e-16
cycle=7639 time=1.5394700480955309e-01 dt=3.3640605118706142e-16
cycle=7640 time=1.5394700480955342e-01 dt=6.7281210237412284e-16
cycle=7641 time=1.5394700480955409e-01 dt=1.3456242047482457e-15
cycle=7642 time=1.5394700480955542e-01 dt=2.6912484094964914e-15
cycle=7643 time=1.5394700480955811e-01 dt=5.3824968189929827e-15
cycle=7644 time=1.5394700480956350e-01 dt=1.0764993637985965e-14
cycle=7645 time=1.5394700480957427e-01 dt=2.1529987275971931e-14
cycle=7646 time=1.5394700480959581e-01 dt=4.3059974551943862e-14
cycle=7647 time=1.5394700480963885e-01 dt=8.6119949103887724e-14
cycle=7648 time=1.5394700480972498e-01 dt=1.7223989820777545e-13
cycle=7649 time=1.5394700480989723e-01 dt=3.4447979641555090e-13
cycle=7650 time=1.5394700481024171e-01 dt=6.8895959283110179e-13
cycle=7651 time=1.5394700481093065e-01 dt=1.3779191856622036e-12
cycle=7652 time=1.5394700481230858e-01 dt=2.7558383713244072e-12
cycle=7653 time=1.5394700481506443e-01 dt=5.5116767426488143e-12
cycle=7654 time=1.5394700482057611e-01 dt=1.1023353485297629e-11
cycle=7655 time=1.5394700483159945e-01 dt=2.2046706970595257e-11
cycle=7656 time=1.5394700485364615e-01 dt=4.4093413941190515e-11
cycle=7657 time=1.5394700489773958e-01 dt=8.8186827882381029e-11
cycle=7658 time=1.5394700498592639e-01 dt=1.7637365576476206e-10
cycle=7659 time=1.5394700516230006e-01 dt=3.5274731152952412e-10
cycle=7660 time=1.5394700551504736e-01 dt=7.0549462305904823e-10
cycle=7661 time=1.5394700622054200e-01 dt=1.4109892461180965e-09
cycle=7662 time=1.5394700763153124e-01 dt=2.8219784922361929e-09
cycle=7663 time=1.5394701045350973e-01 dt=5.6439569844723859e-09
cycle=7664 time=1.5394701609746672e-01 dt=1.1287913968944772e-08
cycle=7665 time=1.5394702738538069e-01 dt=2.2575827937889543e-08
cycle=7666 time=1.5394704996120862e-01 dt=4.5151655875779087e-08
cycle=7667 time=1.5394709511286450e-01 dt=9.0303311751558174e-08
cycle=7668 time=1.5394718541617625e-01 dt=1.8060662350311635e-07
cycle=7669 time=1.5394736602279974e-01 dt=3.6121324700623270e-07
cycle=7670 time=1.5394772723604674e-01 dt=7.2242649401246539e-07
cycle=7671 time=1.5394844966254076e-01 dt=5.4003092513528272e-26
cycle=7672 time=1.5394844966254076e-01 dt=1.0800618502705654e-25
cycle=7673 time=1.5394844966254076e-01 dt=2.1601237005411309e-25
cycle=7674 time=1.5394844966254076e-01 dt=4.3202474010822618e-25
cycle=7675 time=1.5394844966254076e-01 dt=8.6404948021645235e-25
cycle=7676 time=1.5394844966254076e-01 dt=1.7280989604329047e-24
cycle=7677 time=1.5394844966254076e-01 dt=3.4561979208658094e-24
cycle=7678 time=1.5394844966254076e-01 dt=6.9123958417316188e-24
cycle=7679 time=1.5394844966254076e-01 dt=1.3824791683463238e-23
cycle=7680 time=1.5394844966254076e-01 dt=2.7649583366926475e-23
cycle=7681 time=1.5394844966254076e-01 dt=5.5299166733852951e-23
cycle=7682 time=1.5394844966254076e-01 dt=1.1059833346770590e-22
cycle=7683 time=1.5394844966254076e-01 dt=2.2119666693541180e-22
cycle=7684 time=1.5394844966254076e-01 dt=4.4239333387082361e-22
cycle=7685 time=1.5394844966254076e-01 dt=8.8478666774164721e-22
cycle=7686 time=1.5394844966254076e-01 dt=1.7695733354832944e-21
cycle=7687 time=1.5394844966254076e-01 dt=3.5391466709665888e-21
cycle=7688 time=1.5394844966254076e-01 dt=7.0782933419331777e-21
cycle=7689 time=1.5394844966254076e-01 dt=1.4156586683866355e-20
cycle=7690 time=1.5394844966254076e-01 dt=2.8313173367732711e-20
cycle=7691 time=1.5394844966254076e-01 dt=5.6626346735465422e-20
cycle=7692 time=1.5394844966254076e-01 dt=1.1325269347093084e-19
cycle=7693 time=1.5394844966254076e-01 dt=2.2650538694186169e-19
cycle=7694 time=1.5394844966254076e-01 dt=4.5301077388372337e-19
cycle=7695 time=1.5394844966254076e-01 dt=9.0602154776744674e-19
cycle=7696 time=1.5394844966254076e-01 dt=1.8120430955348935e-18
cycle=7697 time=1.5394844966254076e-01 dt=3.6240861910697870e-18
cycle=7698 time=1.5394844966254076e-01 dt=7.2481723821395740e-18
cycle=7699 time=1.5394844966254076e-01 dt=1.4496344764279148e-17
cycle=7700 time=1.5394844966254079e-01 dt=2.8992689528558296e-17
cycle=7701 time=1.5394844966254081e-01 dt=5.7985379057116592e-17
cycle=7702 time=1.5394844966254087e-01 dt=1.1597075811423318e-16
cycle=7703 time=1.5394844966254098e-01 dt=2.3194151622846637e-16
cycle=7704 time=1.5394844966254120e-01 dt=4.6388303245693273e-16
cycle=7705 time=1.5394844966254168e-01 dt=9.2776606491386547e-16
cycle=7706 time=1.5394844966254259e-01 dt=1.8555321298277309e-15
cycle=7707 time=1.5394844966254445e-01 dt=3.7110642596554619e-15
cycle=7708 time=1.5394844966254817e-01 dt=7.4221285193109237e-15
cycle=7709 time=1.5394844966255558e-01 dt=1.4844257038621847e-14
cycle=7710 time=1.5394844966257043e-01 dt=2.9688514077243695e-14
cycle=7711 time=1.5394844966260013e-01 dt=5.9377028154487390e-14
cycle=7712 time=1.5394844966265950e-01 dt=1.1875405630897478e-13
cycle=7713 time=1.5394844966277826e-01 dt=2.3750811261794956e-13
cycle=7714 time=1.5394844966301577e-01 dt=4.7501622523589912e-13
cycle=7715 time=1.5394844966349078e-01 dt=9.5003245047179824e-13
cycle=7716 time=1.5394844966444082e-01 dt=1.9000649009435965e-12
cycle=7717 time=1.5394844966634089e-01 dt=3.8001298018871929e-12
cycle=7718 time=1.5394844967014101e-01 dt=7.6002596037743859e-12
cycle=7719 time=1.5394844967774127e-01 dt=1.5200519207548772e-11
cycle=7720 time=1.5394844969294177e-01 dt=3.0401038415097544e-11
cycle=7721 time=1.5394844972334282e-01 dt=6.0802076830195087e-11
cycle=7722 time=1.5394844978414490e-01 dt=1.2160415366039017e-10
cycle=7723 time=1.5394844990574905e-01 dt=2.4320830732078035e-10
cycle=7724 time=1.5394845014895736e-01 dt=4.8641661464156070e-10
cycle=7725 time=1.5394845063537396e-01 dt=9.7283322928312139e-10
cycle=7726 time=1.5394845160820719e-01 dt=1.9456664585662428e-09
cycle=7727 time=1.5394845355387365e-01 dt=3.8913329171324856e-09
cycle=7728 time=1.5394845744520658e-01 dt=7.7826658342649712e-09
cycle=7729 time=1.5394846522787242e-01 dt=1.5565331668529942e-08
cycle=7730 time=1.5394848079320408e-01 dt=3.1130663337059885e-08
cycle=7731 time=1.5394851192386741e-01 dt=6.2261326674119769e-08
cycle=7732 time=1.5394857418519409e-01 dt=1.2452265334823954e-07
cycle=7733 time=1.5394869870784744e-01 dt=2.4904530669647908e-07
cycle=7734 time=1.5394894775315413e-01 dt=4.9809061339295815e-07
cycle=7735 time=1.5394944584376752e-01 dt=9.9618122678591631e-07
cycle=7736 time=1.5395044202499431e-01 dt=4.3815182447050629e-26
cycle=7737 time=1.5395044202499431e-01 dt=8.7630364894101258e-26
cycle=7738 time=1.5395044202499431e-01 dt=1.0107676101934718e-25
cycle=7739 time=1.5395044202499431e-01 dt=2.0215352203869436e-25
cycle=7740 time=1.5395044202499431e-01 dt=4.0430704407738873e-25
cycle=7741 time=1.5395044202499431e-01 dt=8.0861408815477746e-25
cycle=7742 time=1.5395044202499431e-01 dt=1.6172281763095549e-24
cycle=7743 time=1.5395044202499431e-01 dt=3.2344563526191098e-24
cycle=7744 time=1.5395044202499431e-01 dt=6.4689127052382196e-24
cycle=7745 time=1.5395044202499431e-01 dt=1.2937825410476439e-23
cycle=7746 time=1.5395044202499431e-01 dt=2.5875650820952879e-23
cycle=7747 time=1.5395044202499431e-01 dt=5.1751301641905757e-23
cycle=7748 time=1.5395044202499431e-01 dt=1.0350260328381151e-22
cycle=7749 time=1.5395044202499431e-01 dt=2.0700520656762303e-22
cycle=7750 time=1.5395044202499431e-01 dt=4.1401041313524606e-22
cycle=7751 time=1.5395044202499431e-01 dt=8.2802082627049211e-22
cycle=7752 time=1.5395044202499431e-01 dt=1.6560416525409842e-21
cycle=7753 time=1.5395044202499431e-01 dt=3.3120833050819685e-21
cycle=7754 time=1.5395044202499431e-01 dt=6.6241666101639369e-21
cycle=7755 time=1.5395044202499431e-01 dt=1.3248333220327874e-20
cycle=7756 time=1.5395044202499431e-01 dt=2.6496666440655748e-20
cycle=7757 time=1.5395044202499431e-01 dt=5.2993332881311495e-20
cycle=7758 time=1.5395044202499431e-01 dt=1.0598666576262299e-19
cycle=7759 time=1.5395044202499431e-01 dt=2.1197333152524598e-19
cycle=7760 time=1.5395044202499431e-01 dt=4.2394666305049196e-19
cycle=7761 time=1.5395044202499431e-01 dt=8.4789332610098392e-19
cycle=7762 time=1.5395044202499431e-01 dt=1.6957866522019678e-18
cycle=7763 time=1.5395044202499431e-01 dt=3.3915733044039357e-18
cycle=7764 time=1.5395044202499431e-01 dt=6.7831466088078714e-18
cycle=7765 time=1.5395044202499431e-01 dt=1.3566293217615743e-17
cycle=7766 time=1.5395044202499431e-01 dt=2.7132586435231486e-17
cycle=7767 time=1.5395044202499433e-01 dt=5.4265172870462971e-17
cycle=7768 time=1.5395044202499439e-01 dt=1.0853034574092594e-16
cycle=7769 time=1.5395044202499450e-01 dt=2.1706069148185188e-16
cycle=7770 time=1.5395044202499472e-01 dt=4.3412138296370377e-16
cycle=7771 time=1.5395044202499517e-01 dt=8.6824276592740754e-16
cycle=7772 time=1.5395044202499603e-01 dt=1.7364855318548151e-15
cycle=7773 time=1.5395044202499777e-01 dt=3.4729710637096302e-15
cycle=7774 time=1.5395044202500124e-01 dt=6.9459421274192603e-15
cycle=7775 time=1.5395044202500818e-01 dt=1.3891884254838521e-14
cycle=7776 time=1.5395044202502209e-01 dt=2.7783768509677041e-14
cycle=7777 time=1.5395044202504987e-01 dt=5.5567537019354082e-14
cycle=7778 time=1.5395044202510544e-01 dt=1.1113507403870816e-13
cycle=7779 time=1.5395044202521657e-01 dt=2.2227014807741633e-13
cycle=7780 time=1.5395044202543884e-01 dt=4.4454029615483266e-13
cycle=7781 time=1.5395044202588337e-01 dt=8.8908059230966532e-13
cycle=7782 time=1.5395044202677247e-01 dt=1.7781611846193306e-12
cycle=7783 time=1.5395044202855063e-01 dt=3.5563223692386613e-12
cycle=7784 time=1.5395044203210695e-01 dt=7.1126447384773226e-12
cycle=7785 time=1.5395044203921959e-01 dt=1.4225289476954645e-11
cycle=7786 time=1.5395044205344488e-01 dt=2.8450578953909290e-11
cycle=7787 time=1.5395044208189546e-01 dt=5.6901157907818580e-11
cycle=7788 time=1.5395044213879661e-01 dt=1.1380231581563716e-10
cycle=7789 time=1.5395044225259893e-01 dt=2.2760463163127432e-10
cycle=7790 time=1.5395044248020356e-01 dt=4.5520926326254864e-10
cycle=7791 time=1.5395044293541282e-01 dt=9.1041852652509729e-10
cycle=7792 time=1.5395044384583134e-01 dt=1.8208370530501946e-09
cycle=7793 time=1.5395044566666841e-01 dt=3.6416741061003892e-09
cycle=7794 time=1.5395044930834251e-01 dt=7.2833482122007783e-09
cycle=7795 time=1.5395045659169071e-01 dt=1.4566696424401557e-08
cycle=7796 time=1.5395047115838714e-01 dt=2.9133392848803113e-08
cycle=7797 time=1.5395050029177998e-01 dt=5.8266785697606226e-08
cycle=7798 time=1.5395055855856568e-01 dt=1.1653357139521245e-07
cycle=7799 time=1.5395067509213708e-01 dt=2.3306714279042491e-07
cycle=7800 time=1.5395090815927986e-01 dt=4.6613428558084981e-07
cycle=7801 time=1.5395137429356545e-01 dt=9.3226857116169962e-07
cycle=7802 time=1.5395230656213663e-01 dt=4.8017075807124318e-26
cycle=7803 time=1.5395230656213663e-01 dt=9.6034151614248636e-26
cycle=7804 time=1.5395230656213663e-01 dt=1.9206830322849727e-25
cycle=7805 time=1.5395230656213663e-01 dt=3.8413660645699454e-25
cycle=7806 time=1.5395230656213663e-01 dt=7.6827321291398908e-25
cycle=7807 time=1.5395230656213663e-01 dt=1.5365464258279782e-24
cycle=7808 time=1.5395230656213663e-01 dt=3.0730928516559563e-24
cycle=7809 time=1.5395230656213663e-01 dt=6.1461857033119127e-24
cycle=7810 time=1.5395230656213663e-01 dt=1.2292371406623825e-23
cycle=7811 time=1.5395230656213663e-01 dt=2.4584742813247651e-23
cycle=7812 time=1.5395230656213663e-01 dt=4.9169485626495301e-23
cycle=7813 time=1.5395230656213663e-01 dt=9.8338971252990603e-23
cycle=7814 time=1.5395230656213663e-01 dt=1.9667794250598121e-22
cycle=7815 time=1.5395230656213663e-01 dt=3.9335588501196241e-22
cycle=7816 time=1.5395230656213663e-01 dt=7.8671177002392482e-22
cycle=7817 time=1.5395230656213663e-01 dt=1.5734235400478496e-21
cycle=7818 time=1.5395230656213663e-01 dt=3.1468470800956993e-21
cycle=7819 time=1.5395230656213663e-01 dt=6.2936941601913986e-21
cycle=7820 time=1.5395230656213663e-01 dt=1.2587388320382797e-20
cycle=7821 time=1.5395230656213663e-01 dt=2.5174776640765594e-20
cycle=7822 time=1.5395230656213663e-01 dt=5.0349553281531189e-20
cycle=7823 time=1.5395230656213663e-01 dt=1.0069910656306238e-19
cycle=7824 time=1.5395230656213663e-01 dt=2.0139821312612475e-19
cycle=7825 time=1.5395230656213663e-01 dt=4.0279642625224951e-19
cycle=7826 time=1.5395230656213663e-01 dt=8.0559285250449902e-19
cycle=7827 time=1.5395230656213663e-01 dt=1.6111857050089980e-18
cycle=7828 time=1.5395230656213663e-01 dt=3.2223714100179961e-18
cycle=7829 time=1.5395230656213663e-01 dt=6.4447428200359921e-18
cycle=7830 time=1.5395230656213663e-01 dt=1.2889485640071984e-17
cycle=7831 time=1.5395230656213663e-01 dt=2.5778971280143969e-17
cycle=7832 time=1.5395230656213665e-01 dt=5.1557942560287937e-17
cycle=7833 time=1.5395230656213671e-01 dt=1.0311588512057587e-16
cycle=7834 time=1.5395230656213682e-01 dt=2.0623177024115175e-16
cycle=7835 time=1.5395230656213701e-01 dt=4.1246354048230350e-16
cycle=7836 time=1.5395230656213743e-01 dt=8.2492708096460700e-16
cycle=7837 time=1.5395230656213826e-01 dt=1.6498541619292140e-15
cycle=7838 time=1.5395230656213990e-01 dt=3.2997083238584280e-15
cycle=7839 time=1.5395230656214320e-01 dt=6.5994166477168560e-15
cycle=7840 time=1.5395230656214981e-01 dt=1.3198833295433712e-14
cycle=7841 time=1.5395230656216302e-01 dt=2.6397666590867424e-14
cycle=7842 time=1.5395230656218942e-01 dt=5.2795333181734848e-14
cycle=7843 time=1.5395230656224221e-01 dt=1.0559066636346970e-13
cycle=7844 time=1.5395230656234779e-01 dt=2.1118133272693939e-13
cycle=7845 time=1.5395230656255898e-01 dt=4.2236266545387878e-13
cycle=7846 time=1.5395230656298134e-01 dt=8.4472533090775756e-13
cycle=7847 time=1.5395230656382605e-01 dt=1.6894506618155151e-12
cycle=7848 time=1.5395230656551551e-01 dt=3.3789013236310303e-12
cycle=7849 time=1.5395230656889441e-01 dt=6.7578026472620605e-12
cycle=7850 time=1.5395230657565220e-01 dt=1.3515605294524121e-11
cycle=7851 time=1.5395230658916781e-01 dt=2.7031210589048242e-11
cycle=7852 time=1.5395230661619902e-01 dt=5.4062421178096484e-11
cycle=7853 time=1.5395230667026144e-01 dt=1.0812484235619297e-10
cycle=7854 time=1.5395230677838628e-01 dt=2.1624968471238594e-10
cycle=7855 time=1.5395230699463597e-01 dt=4.3249936942477187e-10
cycle=7856 time=1.5395230742713534e-01 dt=8.6499873884954374e-10
cycle=7857 time=1.5395230829213408e-01 dt=1.7299974776990875e-09
cycle=7858 time=1.5395231002213156e-01 dt=3.4599949553981750e-09
cycle=7859 time=1.5395231348212651e-01 dt=6.9199899107963500e-09
cycle=7860 time=1.5395232040211643e-01 dt=1.3839979821592700e-08
cycle=7861 time=1.5395233424209626e-01 dt=2.7679959643185400e-08
cycle=7862 time=1.5395236192205589e-01 dt=5.5359919286370800e-08
cycle=7863 time=1.5395241728197517e-01 dt=1.1071983857274160e-07
cycle=7864 time=1.5395252800181375e-01 dt=2.2143967714548320e-07
cycle=7865 time=1.5395274944149090e-01 dt=4.4287935429096640e-07
cycle=7866 time=1.5395319232084520e-01 dt=8.8575870858193279e-07
cycle=7867 time=1.5395407807955377e-01 dt=1.7715174171638656e-06
cycle=7868 time=1.5395584959697095e-01 dt=3.0845565707385429e-26
cycle=7869 time=1.5395584959697095e-01 dt=6.1691131414770858e-26
cycle=7870 time=1.5395584959697095e-01 dt=1.2338226282954172e-25
cycle=7871 time=1.5395584959697095e-01 dt=2.4676452565908343e-25
cycle=7872 time=1.5395584959697095e-01 dt=4.9352905131816686e-25
cycle=7873 time=1.5395584959697095e-01 dt=9.8705810263633373e-25
cycle=7874 time=1.5395584959697095e-01 dt=1.9741162052726675e-24
cycle=7875 time=1.5395584959697095e-01 dt=3.9482324105453349e-24
cycle=7876 time=1.5395584959697095e-01 dt=7.8964648210906698e-24
cycle=7877 time=1.5395584959697095e-01 dt=1.5792929642181340e-23
cycle=7878 time=1.5395584959697095e-01 dt=1.0431605588636540e-24
cycle=7879 time=1.5395584959697095e-01 dt=1.1419649799290653e-24
cycle=7880 time=1.5395584959697095e-01 dt=1.2563169537358831e-24
cycle=7881 time=1.5395584959697095e-01 dt=2.5126339074717662e-24
cycle=7882 time=1.5395584959697095e-01 dt=5.0252678149435323e-24
cycle=7883 time=1.5395584959697095e-01 dt=1.0050535629887065e-23
cycle=7884 time=1.5395584959697095e-01 dt=1.1920163299462021e-23
cycle=7885 time=1.5395584959697095e-01 dt=1.2333421709694822e-23
cycle=7886 time=1.5395584959697095e-01 dt=1.2921312473539677e-23
cycle=7887 time=1.5395584959697095e-01 dt=1.3776389326778929e-23
cycle=7888 time=1.5395584959697095e-01 dt=1.5036132343261544e-23
cycle=7889 time=1.5395584959697095e-01 dt=1.6910836735149799e-23
cycle=7890 time=1.5395584959697095e-01 dt=1.9729653884548557e-23
cycle=7891 time=1.5395584959697095e-01 dt=2.4026645254969425e-23
cycle=7892 time=1.5395584959697095e-01 dt=3.0703710480609518e-23
cycle=7893 time=1.5395584959697095e-01 dt=4.1344725921547418e-23
cycle=7894 time=1.5395584959697095e-01 dt=5.8838544648562133e-23
cycle=7895 time=1.5395584959697095e-01 dt=8.8655037183492577e-23
cycle=7896 time=1.5395584959697095e-01 dt=1.4154913631273373e-22
cycle=7897 time=1.5395584959697095e-01 dt=2.3949417897166569e-22
cycle=7898 time=1.5395584959697095e-01 dt=4.2916986529799014e-22
cycle=7899 time=1.5395584959697095e-01 dt=8.1373976773902837e-22
cycle=7900 time=1.5395584959697095e-01 dt=1.6274795354780567e-21
cycle=7901 time=1.5395584959697095e-01 dt=3.2549590709561135e-21
cycle=7902 time=1.5395584959697095e-01 dt=6.5099181419122270e-21
cycle=7903 time=1.5395584959697095e-01 dt=1.3019836283824454e-20
cycle=7904 time=1.5395584959697095e-01 dt=2.6039672567648908e-20
cycle=7905 time=1.5395584959697095e-01 dt=5.2079345135297816e-20
cycle=7906 time=1.5395584959697095e-01 dt=1.0415869027059563e-19
cycle=7907 time=1.5395584959697095e-01 dt=2.0831738054119126e-19
cycle=7908 time=1.5395584959697095e-01 dt=4.1663476108238253e-19
cycle=7909 time=1.5395584959697095e-01 dt=8.3326952216476505e-19
cycle=7910 time=1.5395584959697095e-01 dt=1.6665390443295301e-18
cycle=7911 time=1.5395584959697095e-01 dt=3.3330780886590602e-18
cycle=7912 time=1.5395584959697095e-01 dt=6.6661561773181204e-18
cycle=7913 time=1.5395584959697095e-01 dt=1.3332312354636241e-17
cycle=7914 time=1.5395584959697095e-01 dt=2.6664624709272482e-17
cycle=7915 time=1.5395584959697098e-01 dt=5.3329249418544963e-17
cycle=7916 time=1.5395584959697103e-01 dt=1.0665849883708993e-16
cycle=7917 time=1.5395584959697114e-01 dt=2.1331699767417985e-16
cycle=7918 time=1.5395584959697137e-01 dt=4.2663399534835971e-16
cycle=7919 time=1.5395584959697178e-01 dt=8.5326799069671941e-16
cycle=7920 time=1.5395584959697264e-01 dt=1.7065359813934388e-15
cycle=7921 time=1.5395584959697434e-01 dt=3.4130719627868777e-15
cycle=7922 time=1.5395584959697775e-01 dt=6.8261439255737553e-15
cycle=7923 time=1.5395584959698458e-01 dt=1.3652287851147511e-14
cycle=7924 time=1.5395584959699823e-01 dt=2.7304575702295021e-14
cycle=7925 time=1.5395584959702555e-01 dt=5.4609151404590042e-14
cycle=7926 time=1.5395584959708017e-01 dt=1.0921830280918008e-13
cycle=7927 time=1.5395584959718939e-01 dt=2.1843660561836017e-13
cycle=7928 time=1.5395584959740782e-01 dt=4.3687321123672034e-13
cycle=7929 time=1.5395584959784470e-01 dt=8.7374642247344068e-13
cycle=7930 time=1.5395584959871844e-01 dt=1.7474928449468814e-12
cycle=7931 time=1.5395584960046593e-01 dt=3.4949856898937627e-12
cycle=7932 time=1.5395584960396091e-01 dt=6.9899713797875254e-12
cycle=7933 time=1.5395584961095088e-01 dt=1.3979942759575051e-11
cycle=7934 time=1.5395584962493084e-01 dt=2.7959885519150102e-11
cycle=7935 time=1.5395584965289072e-01 dt=5.5919771038300203e-11
cycle=7936 time=1.5395584970881049e-01 dt=1.1183954207660041e-10
cycle=7937 time=1.5395584982065003e-01 dt=2.2367908415320081e-10
cycle=7938 time=1.5395585004432910e-01 dt=4.4735816830640163e-10
cycle=7939 time=1.5395585049168728e-01 dt=6.9992555672318663e-29
cycle=7940 time=1.5395585049168728e-01 dt=1.3998511134463733e-28
cycle=7941 time=1.5395585049168728e-01 dt=2.7997022268927465e-28
cycle=7942 time=1.5395585049168728e-01 dt=5.5994044537854930e-28
cycle=7943 time=1.5395585049168728e-01 dt=1.1198808907570986e-27
cycle=7944 time=1.5395585049168728e-01 dt=1.3626581918598249e-28
cycle=7945 time=1.5395585049168728e-01 dt=2.7253163837196497e-28
cycle=7946 time=1.5395585049168728e-01 dt=5.4506327674392995e-28
cycle=7947 time=1.5395585049168728e-01 dt=1.0901265534878599e-27
cycle=7948 time=1.5395585049168728e-01 dt=2.1802531069757198e-27
cycle=7949 time=1.5395585049168728e-01 dt=4.3605062139514396e-27
cycle=7950 time=1.5395585049168728e-01 dt=8.7210124279028791e-27
cycle=7951 time=1.5395585049168728e-01 dt=1.7442024855805758e-26
cycle=7952 time=1.5395585049168728e-01 dt=3.4884049711611517e-26
cycle=7953 time=1.5395585049168728e-01 dt=6.9768099423223033e-26
cycle=7954 time=1.5395585049168728e-01 dt=1.3953619884644607e-25
cycle=7955 time=1.5395585049168728e-01 dt=2.7907239769289213e-25
cycle=7956 time=1.5395585049168728e-01 dt=5.5814479538578426e-25
cycle=7957 time=1.5395585049168728e-01 dt=1.1162895907715685e-24
cycle=7958 time=1.5395585049168728e-01 dt=2.2325791815431371e-24
cycle=7959 time=1.5395585049168728e-01 dt=4.4651583630862741e-24
cycle=7960 time=1.5395585049168728e-01 dt=8.9303167261725482e-24
cycle=7961 time=1.5395585049168728e-01 dt=1.7860633452345096e-23
cycle=7962 time=1.5395585049168728e-01 dt=3.5721266904690193e-23
cycle=7963 time=1.5395585049168728e-01 dt=7.1442533809380386e-23
cycle=7964 time=1.5395585049168728e-01 dt=1.4288506761876077e-22
cycle=7965 time=1.5395585049168728e-01 dt=2.8577013523752154e-22
cycle=7966 time=1.5395585049168728e-01 dt=5.7154027047504309e-22
cycle=7967 time=1.5395585049168728e-01 dt=1.1430805409500862e-21
cycle=7968 time=1.5395585049168728e-01 dt=2.2861610819001723e-21
cycle=7969 time=1.5395585049168728e-01 dt=4.5723221638003447e-21
cycle=7970 time=1.5395585049168728e-01 dt=9.1446443276006894e-21
cycle=7971 time=1.5395585049168728e-01 dt=1.8289288655201379e-20
cycle=7972 time=1.5395585049168728e-01 dt=3.6578577310402758e-20
cycle=7973 time=1.5395585049168728e-01 dt=7.3157154620805515e-20
cycle=7974 time=1.5395585049168728e-01 dt=1.4631430924161103e-19
cycle=7975 time=1.5395585049168728e-01 dt=2.9262861848322206e-19
cycle=7976 time=1.5395585049168728e-01 dt=5.8525723696644412e-19
cycle=7977 time=1.5395585049168728e-01 dt=1.1705144739328882e-18
cycle=7978 time=1.5395585049168728e-01 dt=2.3410289478657765e-18
cycle=7979 time=1.5395585049168728e-01 dt=4.6820578957315530e-18
cycle=7980 time=1.5395585049168728e-01 dt=9.3641157914631059e-18
cycle=7981 time=1.5395585049168728e-01 dt=1.8728231582926212e-17
cycle=7982 time=1.5395585049168731e-01 dt=3.7456463165852424e-17
cycle=7983 time=1.5395585049168733e-01 dt=7.4912926331704847e-17
cycle=7984 time=1.5395585049168742e-01 dt=1.4982585266340969e-16
cycle=7985 time=1.5395585049168756e-01 dt=2.9965170532681939e-16
cycle=7986 time=1.5395585049168786e-01 dt=5.9930341065363878e-16
cycle=7987 time=1.5395585049168847e-01 dt=1.1986068213072776e-15
cycle=7988 time=1.5395585049168967e-01 dt=2.3972136426145551e-15
cycle=7989 time=1.5395585049169205e-01 dt=4.7944272852291102e-15
cycle=7990 time=1.5395585049169686e-01 dt=9.5888545704582205e-15
cycle=7991 time=1.5395585049170643e-01 dt=1.9177709140916441e-14
cycle=7992 time=1.5395585049172561e-01 dt=3.8355418281832882e-14
cycle=7993 time=1.5395585049176397e-01 dt=7.6710836563665764e-14
cycle=7994 time=1.5395585049184068e-01 dt=1.5342167312733153e-13
cycle=7995 time=1.5395585049199412e-01 dt=3.0684334625466306e-13
cycle=7996 time=1.5395585049230096e-01 dt=6.1368669250932611e-13
cycle=7997 time=1.5395585049291463e-01 dt=1.2273733850186522e-12
cycle=7998 time=1.5395585049414201e-01 dt=2.4547467700373044e-12
cycle=7999 time=1.5395585049659677e-01 dt=4.9094935400746089e-12
cycle=8000 time=1.5395585050150626e-01 dt=9.8189870801492178e-12
cycle=8001 time=1.5395585051132524e-01 dt=1.9637974160298436e-11
cycle=8002 time=1.5395585053096322e-01 dt=3.9275948320596871e-11
cycle=8003 time=1.5395585057023917e-01 dt=7.8551896641193742e-11
cycle=8004 time=1.5395585064879105e-01 dt=1.5710379328238748e-10
cycle=8005 time=1.5395585080589486e-01 dt=4.1873394716189771e-28
cycle=8006 time=1.5395585080589486e-01 dt=8.3746789432379542e-28
cycle=8007 time=1.5395585080589486e-01 dt=1.6749357886475908e-27
cycle=8008 time=1.5395585080589486e-01 dt=3.3498715772951817e-27
cycle=8009 time=1.5395585080589486e-01 dt=6.6997431545903634e-27
cycle=8010 time=1.5395585080589486e-01 dt=1.3399486309180727e-26
cycle=8011 time=1.5395585080589486e-01 dt=2.6798972618361453e-26
cycle=8012 time=1.5395585080589486e-01 dt=5.3597945236722907e-26
cycle=8013 time=1.5395585080589486e-01 dt=1.0719589047344581e-25
cycle=8014 time=1.5395585080589486e-01 dt=2.1439178094689163e-25
cycle=8015 time=1.5395585080589486e-01 dt=4.2878356189378325e-25
cycle=8016 time=1.5395585080589486e-01 dt=8.5756712378756651e-25
cycle=8017 time=1.5395585080589486e-01 dt=1.7151342475751330e-24
cycle=8018 time=1.5395585080589486e-01 dt=3.4302684951502660e-24
cycle=8019 time=1.5395585080589486e-01 dt=6.8605369903005321e-24
cycle=8020 time=1.5395585080589486e-01 dt=1.3721073980601064e-23
cycle=8021 time=1.5395585080589486e-01 dt=2.7442147961202128e-23
cycle=8022 time=1.5395585080589486e-01 dt=5.4884295922404257e-23
cycle=8023 time=1.5395585080589486e-01 dt=1.0976859184480851e-22
cycle=8024 time=1.5395585080589486e-01 dt=2.1953718368961703e-22
cycle=8025 time=1.5395585080589486e-01 dt=4.3907436737923405e-22
cycle=8026 time=1.5395585080589486e-01 dt=8.7814873475846811e-22
cycle=8027 time=1.5395585080589486e-01 dt=1.7562974695169362e-21
cycle=8028 time=1.5395585080589486e-01 dt=3.5125949390338724e-21
cycle=8029 time=1.5395585080589486e-01 dt=7.0251898780677448e-21
cycle=8030 time=1.5395585080589486e-01 dt=1.4050379756135490e-20
cycle=8031 time=1.5395585080589486e-01 dt=2.8100759512270979e-20
cycle=8032 time=1.5395585080589486e-01 dt=5.6201519024541959e-20
cycle=8033 time=1.5395585080589486e-01 dt=1.1240303804908392e-19
cycle=8034 time=1.5395585080589486e-01 dt=2.2480607609816784e-19
cycle=8035 time=1.5395585080589486e-01 dt=4.4961215219633567e-19
cycle=8036 time=1.5395585080589486e-01 dt=8.9922430439267134e-19
cycle=8037 time=1.5395585080589486e-01 dt=1.7984486087853427e-18
cycle=8038 time=1.5395585080589486e-01 dt=3.5968972175706854e-18
cycle=8039 time=1.5395585080589486e-01 dt=7.1937944351413707e-18
cycle=8040 time=1.5395585080589486e-01 dt=1.4387588870282741e-17
cycle=8041 time=1.5395585080589488e-01 dt=2.8775177740565483e-17
cycle=8042 time=1.5395585080589491e-01 dt=5.7550355481130966e-17
cycle=8043 time=1.5395585080589497e-01 dt=1.1510071096226193e-16
cycle=8044 time=1.5395585080589508e-01 dt=2.3020142192452386e-16
cycle=8045 time=1.5395585080589530e-01 dt=4.6040284384904773e-16
cycle=8046 time=1.5395585080589577e-01 dt=9.2080568769809545e-16
cycle=8047 time=1.5395585080589669e-01 dt=1.8416113753961909e-15
cycle=8048 time=1.5395585080589852e-01 dt=3.6832227507923818e-15
cycle=8049 time=1.5395585080590221e-01 dt=7.3664455015847636e-15
cycle=8050 time=1.5395585080590957e-01 dt=1.4732891003169527e-14
cycle=8051 time=1.5395585080592430e-01 dt=2.9465782006339054e-14
cycle=8052 time=1.5395585080595378e-01 dt=5.8931564012678109e-14
cycle=8053 time=1.5395585080601271e-01 dt=1.1786312802535622e-13
cycle=8054 time=1.5395585080613056e-01 dt=2.3572625605071244e-13
cycle=8055 time=1.5395585080636628e-01 dt=4.7145251210142487e-13
cycle=8056 time=1.5395585080683774e-01 dt=9.4290502420284974e-13
cycle=8057 time=1.5395585080778065e-01 dt=1.8858100484056995e-12
cycle=8058 time=1.5395585080966645e-01 dt=3.7716200968113990e-12
cycle=8059 time=1.5395585081343807e-01 dt=7.5432401936227979e-12
cycle=8060 time=1.5395585082098132e-01 dt=1.5086480387245596e-11
cycle=8061 time=1.5395585083606780e-01 dt=3.0172960774491192e-11
cycle=8062 time=1.5395585086624075e-01 dt=6.0345921548982384e-11
cycle=8063 time=1.5395585092658667e-01 dt=1.2069184309796477e-10
cycle=8064 time=1.5395585104727852e-01 dt=5.0043823054898068e-28
cycle=8065 time=1.5395585104727852e-01 dt=1.0008764610979614e-27
cycle=8066 time=1.5395585104727852e-01 dt=2.0017529221959227e-27
cycle=8067 time=1.5395585104727852e-01 dt=4.0035058443918455e-27
cycle=8068 time=1.5395585104727852e-01 dt=8.0070116887836909e-27
cycle=8069 time=1.5395585104727852e-01 dt=1.6014023377567382e-26
cycle=8070 time=1.5395585104727852e-01 dt=3.2028046755134764e-26
cycle=8071 time=1.5395585104727852e-01 dt=6.4056093510269528e-26
cycle=8072 time=1.5395585104727852e-01 dt=1.2811218702053906e-25
cycle=8073 time=1.5395585104727852e-01 dt=2.5622437404107811e-25
cycle=8074 time=1.5395585104727852e-01 dt=5.1244874808215622e-25
cycle=8075 time=1.5395585104727852e-01 dt=1.0248974961643124e-24
cycle=8076 time=1.5395585104727852e-01 dt=2.0497949923286249e-24
cycle=8077 time=1.5395585104727852e-01 dt=4.0995899846572498e-24
cycle=8078 time=1.5395585104727852e-01 dt=8.1991799693144995e-24
cycle=8079 time=1.5395585104727852e-01 dt=1.6398359938628999e-23
cycle=8080 time=1.5395585104727852e-01 dt=3.2796719877257998e-23
cycle=8081 time=1.5395585104727852e-01 dt=6.5593439754515996e-23
cycle=8082 time=1.5395585104727852e-01 dt=1.3118687950903199e-22
cycle=8083 time=1.5395585104727852e-01 dt=2.6237375901806398e-22
cycle=8084 time=1.5395585104727852e-01 dt=5.2474751803612797e-22
cycle=8085 time=1.5395585104727852e-01 dt=1.0494950360722559e-21
cycle=8086 time=1.5395585104727852e-01 dt=2.0989900721445119e-21
cycle=8087 time=1.5395585104727852e-01 dt=4.1979801442890238e-21
cycle=8088 time=1.5395585104727852e-01 dt=8.3959602885780475e-21
cycle=8089 time=1.5395585104727852e-01 dt=1.6791920577156095e-20
cycle=8090 time=1.5395585104727852e-01 dt=3.3583841154312190e-20
cycle=8091 time=1.5395585104727852e-01 dt=6.7167682308624380e-20
cycle=8092 time=1.5395585104727852e-01 dt=1.3433536461724876e-19
cycle=8093 time=1.5395585104727852e-01 dt=2.6867072923449752e-19
cycle=8094 time=1.5395585104727852e-01 dt=5.3734145846899504e-19
cycle=8095 time=1.5395585104727852e-01 dt=1.0746829169379901e-18
cycle=8096 time=1.5395585104727852e-01 dt=2.1493658338759802e-18
cycle=8097 time=1.5395585104727852e-01 dt=4.2987316677519603e-18
cycle=8098 time=1.5395585104727852e-01 dt=8.5974633355039207e-18
cycle=8099 time=1.5395585104727852e-01 dt=1.7194926671007841e-17
cycle=8100 time=1.5395585104727855e-01 dt=3.4389853342015683e-17
cycle=8101 time=1.5395585104727857e-01 dt=6.8779706684031365e-17
cycle=8102 time=1.5395585104727863e-01 dt=1.3755941336806273e-16
cycle=8103 time=1.5395585104727877e-01 dt=2.7511882673612546e-16
cycle=8104 time=1.5395585104727905e-01 dt=5.5023765347225092e-16
cycle=8105 time=1.5395585104727960e-01 dt=1.1004753069445018e-15
cycle=8106 time=1.5395585104728071e-01 dt=2.2009506138890037e-15
cycle=8107 time=1.5395585104728290e-01 dt=4.4019012277780074e-15
cycle=8108 time=1.5395585104728732e-01 dt=8.8038024555560148e-15
cycle=8109 time=1.5395585104729612e-01 dt=1.7607604911112030e-14
cycle=8110 time=1.5395585104731371e-01 dt=3.5215209822224059e-14
cycle=8111 time=1.5395585104734894e-01 dt=7.0430419644448118e-14
cycle=8112 time=1.5395585104741938e-01 dt=1.4086083928889624e-13
cycle=8113 time=1.5395585104756024e-01 dt=2.8172167857779247e-13
cycle=8114 time=1.5395585104784196e-01 dt=5.6344335715558494e-13
cycle=8115 time=1.5395585104840540e-01 dt=1.1268867143111699e-12
cycle=8116 time=1.5395585104953227e-01 dt=2.2537734286223398e-12
cycle=8117 time=1.5395585105178605e-01 dt=4.5075468572446796e-12
cycle=8118 time=1.5395585105629359e-01 dt=9.0150937144893591e-12
cycle=8119 time=1.5395585106530868e-01 dt=1.8030187428978718e-11
cycle=8120 time=1.5395585108333887e-01 dt=3.6060374857957436e-11
cycle=8121 time=1.5395585111939925e-01 dt=7.2120749715914873e-11
cycle=8122 time=1.5395585119152000e-01 dt=1.4424149943182975e-10
cycle=8123 time=1.5395585133576151e-01 dt=6.1301886881018692e-28
cycle=8124 time=1.5395585133576151e-01 dt=1.2260377376203738e-27
cycle=8125 time=1.5395585133576151e-01 dt=2.4520754752407477e-27
cycle=8126 time=1.5395585133576151e-01 dt=4.9041509504814954e-27
cycle=8127 time=1.5395585133576151e-01 dt=9.8083019009629908e-27

Terminating on Terminate signal
time=1.5395585133576151e-01 cycle=8127
tlim=2.5000000000000000e+00 nlim=-1

zone-cycles = 8521777152
cpu time used  = 2.1557388139999998e+03
zone-cycles/cpu_second = 3.9530656945345518e+06
