No data_format specified in output block 'output1', using default
No data_format specified in output block 'output1', using default
No data_format specified in output block 'output1', using default
No data_format specified in output block 'output1', using default
No data_format specified in output block 'output1', using default
No data_format specified in output block 'output1', using default
No data_format specified in output block 'output1', using default
No data_format specified in output block 'output1', using default

Setup complete, entering main loop...

cycle=0 time=0.0000000000000000e+00 dt=2.4116790110085247e-03
cycle=1 time=2.4116790110085247e-03 dt=2.4115870305044585e-03
cycle=2 time=4.8232660415129837e-03 dt=2.4112197452845611e-03
cycle=3 time=7.2344857867975444e-03 dt=2.4105278307360719e-03
cycle=4 time=9.6450136175336154e-03 dt=2.4095788392594570e-03
cycle=5 time=1.2054592456793072e-02 dt=2.4082876927222193e-03
cycle=6 time=1.4462880149515290e-02 dt=2.4066836399375029e-03
cycle=7 time=1.6869563789452792e-02 dt=2.4047850006970635e-03
cycle=8 time=1.9274348790149855e-02 dt=2.4025929873326482e-03
cycle=9 time=2.1676941777482504e-02 dt=2.4000314922250766e-03
cycle=10 time=2.4076973269707581e-02 dt=2.3970863552403511e-03
cycle=11 time=2.6474059624947931e-02 dt=2.3937856793863825e-03
cycle=12 time=2.8867845304334314e-02 dt=2.3901162112981503e-03
cycle=13 time=3.1257961515632468e-02 dt=2.3859088743574640e-03
cycle=14 time=3.3643870389989936e-02 dt=2.3812974827618805e-03
cycle=15 time=3.6025167872751819e-02 dt=2.3761536099754987e-03
cycle=16 time=3.8401321482727319e-02 dt=2.3705379783149232e-03
cycle=17 time=4.0771859461042240e-02 dt=2.3644576633213310e-03
cycle=18 time=4.3136317124363568e-02 dt=2.3579040691887577e-03
cycle=19 time=4.5494221193552328e-02 dt=2.3508712694895496e-03
cycle=20 time=4.7845092463041874e-02 dt=2.3433515316285199e-03
cycle=21 time=5.0188443994670394e-02 dt=2.3351714747126291e-03
cycle=22 time=5.2523615469383021e-02 dt=2.3189079013084478e-03
cycle=23 time=5.4842523370691468e-02 dt=2.1893240010473118e-03
cycle=24 time=5.7031847371738782e-02 dt=2.0692150239754068e-03
cycle=25 time=5.9101062395714186e-02 dt=1.9578237304387477e-03
cycle=26 time=6.1058886126152935e-02 dt=1.8545326665820813e-03
cycle=27 time=6.2913418792735015e-02 dt=1.7586805579623114e-03
cycle=28 time=6.4672099350697329e-02 dt=1.6695751097791465e-03
cycle=29 time=6.6341674460476480e-02 dt=1.5865576998649667e-03
cycle=30 time=6.7928232160341440e-02 dt=1.5089226016547156e-03
cycle=31 time=6.9437154761996162e-02 dt=1.4361578264569549e-03
cycle=32 time=7.0873312588453113e-02 dt=1.3677512570589901e-03
cycle=33 time=7.2241063845512099e-02 dt=1.3031968494354820e-03
cycle=34 time=7.3544260694947586e-02 dt=1.2436445796475577e-03
cycle=35 time=7.4787905274595140e-02 dt=1.1872672836972624e-03
cycle=36 time=7.5975172558292406e-02 dt=1.1325683428206462e-03
cycle=37 time=7.7107740901113053e-02 dt=1.0818138386213989e-03
cycle=38 time=7.8189554739734449e-02 dt=1.0345661194028014e-03
cycle=39 time=7.9224120859137256e-02 dt=9.9043618653614908e-04
cycle=40 time=8.0214557045673401e-02 dt=9.4925690725758763e-04
cycle=41 time=8.1163813952930985e-02 dt=9.1089958676205730e-04
cycle=42 time=8.2074713539693048e-02 dt=8.7502094027704373e-04
cycle=43 time=8.2949734479970089e-02 dt=8.4136734059010471e-04
cycle=44 time=8.3791101820560196e-02 dt=8.0972553729428661e-04
cycle=45 time=8.4600827357854486e-02 dt=7.7995110697617095e-04
cycle=46 time=8.5380778464830651e-02 dt=7.5222599820311134e-04
cycle=47 time=8.6133004463033763e-02 dt=7.2673070122777092e-04
cycle=48 time=8.6859735164261528e-02 dt=7.0325019111949576e-04
cycle=49 time=8.7562985355381026e-02 dt=6.8167475881700365e-04
cycle=50 time=8.8244660114198029e-02 dt=6.6192602787579224e-04
cycle=51 time=8.8906586142073821e-02 dt=6.4382684298340109e-04
cycle=52 time=8.9550412985057226e-02 dt=6.2700520095642417e-04
cycle=53 time=9.0177418186013644e-02 dt=6.0712733763680995e-04
cycle=54 time=9.0784545523650451e-02 dt=5.8830774615252154e-04
cycle=55 time=9.1372853269802976e-02 dt=5.7053986093912902e-04
cycle=56 time=9.1943393130742110e-02 dt=5.5381325059552643e-04
cycle=57 time=9.2497206381337641e-02 dt=5.3811399144550968e-04
cycle=58 time=9.3035320372783156e-02 dt=5.2340960311424731e-04
cycle=59 time=9.3558729975897398e-02 dt=5.0966189972061757e-04
cycle=60 time=9.4068391875618010e-02 dt=4.9682637215984625e-04
cycle=61 time=9.4565218247777860e-02 dt=4.8485970660663873e-04
cycle=62 time=9.5050077954384499e-02 dt=4.7369648990331628e-04
cycle=63 time=9.5523774444287821e-02 dt=4.6326375367642428e-04
cycle=64 time=9.5987038197964239e-02 dt=4.5352741087137892e-04
cycle=65 time=9.6440565608835613e-02 dt=4.4442023689928399e-04
cycle=66 time=9.6884985845734892e-02 dt=4.3587865090726386e-04
cycle=67 time=9.7320864496642151e-02 dt=4.2785435635614969e-04
cycle=68 time=9.7748718852998295e-02 dt=4.2038372699988312e-04
cycle=69 time=9.8169102579998183e-02 dt=4.1272180732068324e-04
cycle=70 time=9.8581824387318870e-02 dt=4.0363613908042624e-04
cycle=71 time=9.8985460526399296e-02 dt=3.9489323637568210e-04
cycle=72 time=9.9380353762774973e-02 dt=3.8650414023485907e-04
cycle=73 time=9.9766857903009834e-02 dt=3.7847807376556534e-04
cycle=74 time=1.0014533597677540e-01 dt=3.7082251597827582e-04
cycle=75 time=1.0051615849275368e-01 dt=3.6354353080942265e-04
cycle=76 time=1.0087970202356310e-01 dt=3.5664263026069710e-04
cycle=77 time=1.0123634465382379e-01 dt=3.5011910455752152e-04
cycle=78 time=1.0158646375838132e-01 dt=3.4397029274222459e-04
cycle=79 time=1.0193043405112354e-01 dt=3.3818967059518162e-04
cycle=80 time=1.0226862372171872e-01 dt=3.3276779603705169e-04
cycle=81 time=1.0260139151775577e-01 dt=3.2768791646752297e-04
cycle=82 time=1.0292907943422329e-01 dt=3.2292980052696298e-04
cycle=83 time=1.0325200923475025e-01 dt=3.1846100894893564e-04
cycle=84 time=1.0357047024369918e-01 dt=3.1432481657282292e-04
cycle=85 time=1.0388479506027201e-01 dt=3.0919099237663073e-04
cycle=86 time=1.0419398605264864e-01 dt=3.0385039554683399e-04
cycle=87 time=1.0449783644819548e-01 dt=2.9867200121000209e-04
cycle=88 time=1.0479650844940548e-01 dt=2.9366740058150536e-04
cycle=89 time=1.0509017584998699e-01 dt=2.8884841159672201e-04
cycle=90 time=1.0537902426158371e-01 dt=2.8422524790833653e-04
cycle=91 time=1.0566324950949205e-01 dt=2.7980616556902942e-04
cycle=92 time=1.0594305567506107e-01 dt=2.7559832880139778e-04
cycle=93 time=1.0621865400386248e-01 dt=2.7160715780628685e-04
cycle=94 time=1.0649026116166876e-01 dt=2.6783720699139271e-04
cycle=95 time=1.0675809836866015e-01 dt=2.6428927897244586e-04
cycle=96 time=1.0702238764763260e-01 dt=2.6096083296371533e-04
cycle=97 time=1.0728334848059631e-01 dt=2.5784542859833714e-04
cycle=98 time=1.0754119390919466e-01 dt=2.5493724940041596e-04
cycle=99 time=1.0779613115859507e-01 dt=2.5224299341701278e-04
cycle=100 time=1.0804837415201209e-01 dt=2.4905798290827198e-04
cycle=101 time=1.0829743213492035e-01 dt=2.4546784123390873e-04
cycle=102 time=1.0854289997615427e-01 dt=2.4196581457117832e-04
cycle=103 time=1.0878486579072545e-01 dt=2.3856155835074737e-04
cycle=104 time=1.0902342734907620e-01 dt=2.3526473882830334e-04
cycle=105 time=1.0925869208790451e-01 dt=2.3208434087056509e-04
cycle=106 time=1.0949077642877507e-01 dt=2.2902833310516798e-04
cycle=107 time=1.0971980476188024e-01 dt=2.2610365991378997e-04
cycle=108 time=1.0994590842179404e-01 dt=2.2331639117093103e-04
cycle=109 time=1.1016922481296497e-01 dt=2.2067127730654996e-04
cycle=110 time=1.1038989609027151e-01 dt=2.1817380630257495e-04
cycle=111 time=1.1060806989657408e-01 dt=2.1582586403528337e-04
cycle=112 time=1.1082389576060936e-01 dt=2.1362789637790856e-04
cycle=113 time=1.1103752365698727e-01 dt=2.1157433152765916e-04
cycle=114 time=1.1124909798851493e-01 dt=2.0968770446599009e-04
cycle=115 time=1.1145878569298091e-01 dt=2.0772617014007931e-04
cycle=116 time=1.1166651186312099e-01 dt=2.0515369191431089e-04
cycle=117 time=1.1187166555503530e-01 dt=2.0263307270847422e-04
cycle=118 time=1.1207429862774378e-01 dt=2.0017174531679894e-04
cycle=119 time=1.1227447037306057e-01 dt=1.9777693379058664e-04
cycle=120 time=1.1247224730685115e-01 dt=1.9545583765696444e-04
cycle=121 time=1.1266770314450812e-01 dt=1.9321525732507672e-04
cycle=122 time=1.1286091840183320e-01 dt=1.9105918933366993e-04
cycle=123 time=1.1305197759116686e-01 dt=1.8899539175544882e-04
cycle=124 time=1.1324097298292231e-01 dt=1.8702767198798025e-04
cycle=125 time=1.1342800065491029e-01 dt=1.8516053079944825e-04
cycle=126 time=1.1361316118570974e-01 dt=1.8339804227255612e-04
cycle=127 time=1.1379655922798231e-01 dt=1.8174380384710330e-04
cycle=128 time=1.1397830303182940e-01 dt=1.8019641093458487e-04
cycle=129 time=1.1415849944276399e-01 dt=1.7876052442246656e-04
cycle=130 time=1.1433725996718645e-01 dt=1.7745484414004943e-04
cycle=131 time=1.1451471481132650e-01 dt=1.7582917072211799e-04
cycle=132 time=1.1469054398204862e-01 dt=1.7392536322665702e-04
cycle=133 time=1.1486446934527528e-01 dt=1.7205829919967640e-04
cycle=134 time=1.1503652764447496e-01 dt=1.7023369554038161e-04
cycle=135 time=1.1520676134001534e-01 dt=1.6845767501441175e-04
cycle=136 time=1.1537521901502976e-01 dt=1.6673334470498574e-04
cycle=137 time=1.1554195235973475e-01 dt=1.6506867895585989e-04
cycle=138 time=1.1570702103869060e-01 dt=1.6346673452571642e-04
cycle=139 time=1.1587048777321632e-01 dt=1.6193140130867385e-04
cycle=140 time=1.1603241917452499e-01 dt=1.6046658830862662e-04
cycle=141 time=1.1619288576283361e-01 dt=1.5907620863295737e-04
cycle=142 time=1.1635196197146656e-01 dt=1.5776400445246107e-04
cycle=143 time=1.1650972597591902e-01 dt=1.5653306520242423e-04
cycle=144 time=1.1666625904112145e-01 dt=1.5538371644354318e-04
cycle=145 time=1.1682164275756499e-01 dt=1.5432620973212990e-04
cycle=146 time=1.1697596896729712e-01 dt=1.5336981435711068e-04
cycle=147 time=1.1712933878165423e-01 dt=1.5208523905198607e-04
cycle=148 time=1.1728142402070621e-01 dt=1.5061599200651946e-04
cycle=149 time=1.1743204001271274e-01 dt=1.4917394277272090e-04
cycle=150 time=1.1758121395548546e-01 dt=1.4776376137738719e-04
cycle=151 time=1.1772897771686285e-01 dt=1.4639013006525079e-04
cycle=152 time=1.1787536784692809e-01 dt=1.4505715357820051e-04
cycle=153 time=1.1802042500050629e-01 dt=1.4376857016280717e-04
cycle=154 time=1.1816419357066910e-01 dt=1.4252778172035559e-04
cycle=155 time=1.1830672135238945e-01 dt=1.4133781962645702e-04
cycle=156 time=1.1844805917201591e-01 dt=1.4020230253198058e-04
cycle=157 time=1.1858826147454789e-01 dt=1.3912434115379837e-04
cycle=158 time=1.1872738581570169e-01 dt=1.3810782976867721e-04
cycle=159 time=1.1886549364547037e-01 dt=1.3715434198314648e-04
cycle=160 time=1.1900264798745352e-01 dt=1.3626575746497033e-04
cycle=161 time=1.1913891374491850e-01 dt=1.3545416284337897e-04
cycle=162 time=1.1927436790776189e-01 dt=1.3472433992154189e-04
cycle=163 time=1.1940909224768342e-01 dt=1.3371490283656939e-04
cycle=164 time=1.1954280715051999e-01 dt=1.3254286341031946e-04
cycle=165 time=1.1967535001393030e-01 dt=1.3139137784688189e-04
cycle=166 time=1.1980674139177719e-01 dt=1.3026524509562258e-04
cycle=167 time=1.1993700663687282e-01 dt=1.2916843455841625e-04
cycle=168 time=1.2006617507143123e-01 dt=1.2810425812599747e-04
cycle=169 time=1.2019427932955723e-01 dt=1.2707504885378857e-04
cycle=170 time=1.2032135437841102e-01 dt=1.2608410618693448e-04
cycle=171 time=1.2044743848459795e-01 dt=1.2513407503878088e-04
cycle=172 time=1.2057257255963673e-01 dt=1.2422763107760340e-04
cycle=173 time=1.2069680019071433e-01 dt=1.2336778697616255e-04
cycle=174 time=1.2082016797769049e-01 dt=1.2255706946511278e-04
cycle=175 time=1.2094272504715560e-01 dt=1.2179817349018231e-04
cycle=176 time=1.2106452322064579e-01 dt=1.2109238160293293e-04
cycle=177 time=1.2118561560224872e-01 dt=1.2045338899971538e-04
cycle=178 time=1.2130606899124843e-01 dt=1.1988228713744525e-04
cycle=179 time=1.2142595127838587e-01 dt=1.1905865003771805e-04
cycle=180 time=1.2154500992842360e-01 dt=1.1809876113356703e-04
cycle=181 time=1.2166310868955717e-01 dt=1.1715645102495886e-04
cycle=182 time=1.2178026514058213e-01 dt=1.1623513361459305e-04
cycle=183 time=1.2189650027419673e-01 dt=1.1533807180100808e-04
cycle=184 time=1.2201183834599773e-01 dt=1.1446820916523541e-04
cycle=185 time=1.2212630655516296e-01 dt=1.1362731457236962e-04
cycle=186 time=1.2223993386973533e-01 dt=1.1281824957612134e-04
cycle=187 time=1.2235275211931146e-01 dt=1.1204329153848225e-04
cycle=188 time=1.2246479541084994e-01 dt=1.1130477528343026e-04
cycle=189 time=1.2257610018613337e-01 dt=1.1060504412327188e-04
cycle=190 time=1.2268670523025664e-01 dt=1.0994658510997784e-04
cycle=191 time=1.2279665181536661e-01 dt=1.0933156281545799e-04
cycle=192 time=1.2290598337818207e-01 dt=1.0876151185824173e-04
cycle=193 time=1.2301474489004030e-01 dt=1.0825082493826021e-04
cycle=194 time=1.2312299571497856e-01 dt=1.0779738962249575e-04
cycle=195 time=1.2323079310460106e-01 dt=1.0708732219655886e-04
cycle=196 time=1.2333788042679761e-01 dt=1.0628618095798557e-04
cycle=197 time=1.2344416660775559e-01 dt=1.0550006932239531e-04
cycle=198 time=1.2354966667707798e-01 dt=1.0473199594784150e-04
cycle=199 time=1.2365439867302581e-01 dt=1.0398475910474826e-04
cycle=200 time=1.2375838343213057e-01 dt=1.0326088738207429e-04
cycle=201 time=1.2386164431951265e-01 dt=1.0256250557089874e-04
cycle=202 time=1.2396420682508355e-01 dt=1.0189136430118152e-04
cycle=203 time=1.2406609818938473e-01 dt=1.0124931819362430e-04
cycle=204 time=1.2416734750757835e-01 dt=1.0063845268254612e-04
cycle=205 time=1.2426798596026090e-01 dt=1.0006085661170407e-04
cycle=206 time=1.2436804681687259e-01 dt=9.9518672961840176e-05
cycle=207 time=1.2446756548983444e-01 dt=9.9013726564395869e-05
cycle=208 time=1.2456657921639884e-01 dt=9.8550326873987049e-05
cycle=209 time=1.2466512954327283e-01 dt=9.8138158853180841e-05
cycle=210 time=1.2476326770212601e-01 dt=9.7774743103542773e-05
cycle=211 time=1.2486104244522955e-01 dt=9.7125265341151628e-05
cycle=212 time=1.2495816771057071e-01 dt=9.6446399243186950e-05
cycle=213 time=1.2505461410981389e-01 dt=9.5780867996053418e-05
cycle=214 time=1.2515039497780994e-01 dt=9.5131323132554725e-05
cycle=215 time=1.2524552630094249e-01 dt=9.4500211161840637e-05
cycle=216 time=1.2534002651210432e-01 dt=9.3889656945360343e-05
cycle=217 time=1.2543391616904970e-01 dt=9.3301566865982004e-05
cycle=218 time=1.2552721773591569e-01 dt=9.2737639825879510e-05
cycle=219 time=1.2561995537574155e-01 dt=9.2199504417584378e-05
cycle=220 time=1.2571215488015913e-01 dt=9.1688842045037274e-05
cycle=221 time=1.2580384372220416e-01 dt=9.1207250932451734e-05
cycle=222 time=1.2589505097313661e-01 dt=9.0755908204516090e-05
cycle=223 time=1.2598580688134112e-01 dt=9.0337059699279536e-05
cycle=224 time=1.2607614394104039e-01 dt=8.9957758300391019e-05
cycle=225 time=1.2616610169934078e-01 dt=8.9622633638532177e-05
cycle=226 time=1.2625572433297932e-01 dt=8.9305074639322771e-05
cycle=227 time=1.2634502940761866e-01 dt=8.8712988572752400e-05
cycle=228 time=1.2643374239619140e-01 dt=8.8130625436433761e-05
cycle=229 time=1.2652187302162785e-01 dt=8.7560374130230901e-05
cycle=230 time=1.2660943339575809e-01 dt=8.7004570037401717e-05
cycle=231 time=1.2669643796579549e-01 dt=8.6465349828960823e-05
cycle=232 time=1.2678290331562445e-01 dt=8.5944545732768196e-05
cycle=233 time=1.2686884786135721e-01 dt=8.5443739807970935e-05
cycle=234 time=1.2695429160116520e-01 dt=8.4964404580632703e-05
cycle=235 time=1.2703925600574584e-01 dt=8.4507968467623272e-05
cycle=236 time=1.2712376397421346e-01 dt=8.4075932025010755e-05
cycle=237 time=1.2720783990623846e-01 dt=8.3669893554489002e-05
cycle=238 time=1.2729150979979295e-01 dt=8.3291408759422915e-05
cycle=239 time=1.2737480120855238e-01 dt=8.2942055136076863e-05
cycle=240 time=1.2745774326368844e-01 dt=8.2629701440673257e-05
cycle=241 time=1.2754037296512913e-01 dt=8.2355574933331663e-05
cycle=242 time=1.2762272854006246e-01 dt=8.2033955801777194e-05
cycle=243 time=1.2770476249586424e-01 dt=8.1520251607595048e-05
cycle=244 time=1.2778628274747184e-01 dt=8.1015538976202044e-05
cycle=245 time=1.2786729828644805e-01 dt=8.0521961036512588e-05
cycle=246 time=1.2794782024748455e-01 dt=8.0041577229364149e-05
cycle=247 time=1.2802786182471390e-01 dt=7.9576246941485135e-05
cycle=248 time=1.2810743807165539e-01 dt=7.9127587769565607e-05
cycle=249 time=1.2818656565942496e-01 dt=7.8696925646791645e-05
cycle=250 time=1.2826526258507176e-01 dt=7.8285543254561738e-05
cycle=251 time=1.2834354812832632e-01 dt=7.7894717644910982e-05
cycle=252 time=1.2842144284597123e-01 dt=7.7525792559921040e-05
cycle=253 time=1.2849896863853116e-01 dt=7.7180190970060813e-05
cycle=254 time=1.2857614882950122e-01 dt=7.6859241795974767e-05
cycle=255 time=1.2865300807129720e-01 dt=7.6565349969928142e-05
cycle=256 time=1.2872957342126712e-01 dt=7.6305314442674693e-05
cycle=257 time=1.2880587873570978e-01 dt=7.6078643680145045e-05
cycle=258 time=1.2888195737938993e-01 dt=7.5750049272228372e-05
cycle=259 time=1.2895770742866217e-01 dt=7.5300566266189701e-05
cycle=260 time=1.2903300799492837e-01 dt=7.4859485756150645e-05
cycle=261 time=1.2910786748068451e-01 dt=7.4428723544262441e-05
cycle=262 time=1.2918229620422877e-01 dt=7.4010092587199481e-05
cycle=263 time=1.2925630629681598e-01 dt=7.3605212626667220e-05
cycle=264 time=1.2932991150944265e-01 dt=7.3215485473697304e-05
cycle=265 time=1.2940312699491635e-01 dt=7.2842089113441769e-05
cycle=266 time=1.2947596908402978e-01 dt=7.2486120396388453e-05
cycle=267 time=1.2954845520442618e-01 dt=7.2148735203417719e-05
cycle=268 time=1.2962060393962960e-01 dt=7.1831153261478809e-05
cycle=269 time=1.2969243509289108e-01 dt=7.1534640413612274e-05
cycle=270 time=1.2976396973330470e-01 dt=7.1260879130810012e-05
cycle=271 time=1.2983523061243551e-01 dt=7.1012021281932790e-05
cycle=272 time=1.2990624263371744e-01 dt=7.0793707130730013e-05
cycle=273 time=1.2997703634084817e-01 dt=7.0604639185880349e-05
cycle=274 time=1.3004764098003405e-01 dt=7.0264968117054056e-05
cycle=275 time=1.3011790594815109e-01 dt=6.9868885302777623e-05
cycle=276 time=1.3018777483345387e-01 dt=6.9480665418492191e-05
cycle=277 time=1.3025725549887235e-01 dt=6.9102022271956255e-05
cycle=278 time=1.3032635752114430e-01 dt=6.8734557936877386e-05
cycle=279 time=1.3039509207908118e-01 dt=6.8379692458353939e-05
cycle=280 time=1.3046347177153952e-01 dt=6.8038656323379882e-05
cycle=281 time=1.3053151042786290e-01 dt=6.7712496542461829e-05
cycle=282 time=1.3059922292440537e-01 dt=6.7402198439607427e-05
cycle=283 time=1.3066662512284499e-01 dt=6.7108816903834950e-05
cycle=284 time=1.3073373393974883e-01 dt=6.6833471553730419e-05
cycle=285 time=1.3080056741130255e-01 dt=6.6577563168781503e-05
cycle=286 time=1.3086714497447133e-01 dt=6.6342423347061382e-05
cycle=287 time=1.3093348739781838e-01 dt=6.6130662842697605e-05
cycle=288 time=1.3099961806066107e-01 dt=6.5946074443044267e-05
cycle=289 time=1.3106556413510412e-01 dt=6.5787204426050061e-05
cycle=290 time=1.3113135133953016e-01 dt=6.5434330500026270e-05
cycle=291 time=1.3119678567003018e-01 dt=6.5083242175374183e-05
cycle=292 time=1.3126186891220556e-01 dt=6.4739525950295866e-05
cycle=293 time=1.3132660843815586e-01 dt=6.4404712005602509e-05
cycle=294 time=1.3139101315016147e-01 dt=6.4080216757132218e-05
cycle=295 time=1.3145509336691860e-01 dt=6.3767291814020621e-05
cycle=296 time=1.3151886065873261e-01 dt=6.3467027552811385e-05
cycle=297 time=1.3158232768628542e-01 dt=6.3180357946100618e-05
cycle=298 time=1.3164550804423153e-01 dt=6.2908185954316549e-05
cycle=299 time=1.3170841623018584e-01 dt=6.2651491156706147e-05
cycle=300 time=1.3177106772134253e-01 dt=6.2411320341062971e-05
cycle=301 time=1.3183347904168360e-01 dt=6.2189579982622215e-05
cycle=302 time=1.3189566862166624e-01 dt=6.1986227760279087e-05
cycle=303 time=1.3195765484942651e-01 dt=6.1804829148187873e-05
cycle=304 time=1.3201945967857470e-01 dt=6.1647561891766095e-05
cycle=305 time=1.3208110724046646e-01 dt=6.1465904418893112e-05
cycle=306 time=1.3214257314488534e-01 dt=6.1147652928620624e-05
cycle=307 time=1.3220372079781395e-01 dt=6.0834890525088974e-05
cycle=308 time=1.3226455568833903e-01 dt=6.0529009190107540e-05
cycle=309 time=1.3232508469752913e-01 dt=6.0231377365950493e-05
cycle=310 time=1.3238531607489507e-01 dt=5.9943253735424285e-05
cycle=311 time=1.3244525932863049e-01 dt=5.9665751568753174e-05
cycle=312 time=1.3250492508019926e-01 dt=5.9399851386009326e-05
cycle=313 time=1.3256432493158526e-01 dt=5.9146421331456424e-05
cycle=314 time=1.3262347135291672e-01 dt=5.8906286733702708e-05
cycle=315 time=1.3268237763965041e-01 dt=5.8680373963824785e-05
cycle=316 time=1.3274105801361424e-01 dt=5.8470484515204326e-05
cycle=317 time=1.3279952849812945e-01 dt=5.8276984787738995e-05
cycle=318 time=1.3285780548291720e-01 dt=5.8099807471072469e-05
cycle=319 time=1.3291590529038827e-01 dt=5.7943156063369100e-05
cycle=320 time=1.3297384844645163e-01 dt=5.7808014240002636e-05
cycle=321 time=1.3303165646069162e-01 dt=5.7602458887936441e-05
cycle=322 time=1.3308925891957957e-01 dt=5.7317471339711266e-05
cycle=323 time=1.3314657639091929e-01 dt=5.7037610160134071e-05
cycle=324 time=1.3320361400107941e-01 dt=5.6764129954240471e-05
cycle=325 time=1.3326037813103364e-01 dt=5.6498259290753257e-05
cycle=326 time=1.3331687639032438e-01 dt=5.6241127537522548e-05
cycle=327 time=1.3337311751786191e-01 dt=5.5993739782335072e-05
cycle=328 time=1.3342911125764423e-01 dt=5.5756993538457600e-05
cycle=329 time=1.3348486825118269e-01 dt=5.5531715113992539e-05
cycle=330 time=1.3354039996629669e-01 dt=5.5318669498488428e-05
cycle=331 time=1.3359571863579517e-01 dt=5.5119589417350822e-05
cycle=332 time=1.3365083822521251e-01 dt=5.4934977929354310e-05
cycle=333 time=1.3370577320314186e-01 dt=5.4764958002046005e-05
cycle=334 time=1.3376053816114392e-01 dt=5.4610085273052637e-05
cycle=335 time=1.3381514824641697e-01 dt=5.4473715225848312e-05
cycle=336 time=1.3386962196164282e-01 dt=5.4353694461719148e-05
cycle=337 time=1.3392397565610453e-01 dt=5.4128838093573105e-05
cycle=338 time=1.3397810449419811e-01 dt=5.3872757733101269e-05
cycle=339 time=1.3403197725193122e-01 dt=5.3621427190611892e-05
cycle=340 time=1.3408559867912184e-01 dt=5.3375978439723194e-05
cycle=341 time=1.3413897465756155e-01 dt=5.3137515103757469e-05
cycle=342 time=1.3419211217266530e-01 dt=5.2907055138144837e-05
cycle=343 time=1.3424501922780344e-01 dt=5.2685514666086212e-05
cycle=344 time=1.3429770474246952e-01 dt=5.2473728509698568e-05
cycle=345 time=1.3435017847097921e-01 dt=5.2272495919974964e-05
cycle=346 time=1.3440245096689918e-01 dt=5.2083536703917992e-05
cycle=347 time=1.3445453450360309e-01 dt=5.1907253789520564e-05
cycle=348 time=1.3450644175739260e-01 dt=5.1743844101554844e-05
cycle=349 time=1.3455818560149416e-01 dt=5.1593436291726656e-05
cycle=350 time=1.3460977903778587e-01 dt=5.1457187330174660e-05
cycle=351 time=1.3466123622511605e-01 dt=5.1334372595544967e-05
cycle=352 time=1.3471257059771161e-01 dt=5.1216779061782979e-05
cycle=353 time=1.3476378737677339e-01 dt=5.0988878211170412e-05
cycle=354 time=1.3481477625498456e-01 dt=5.0758029152108310e-05
cycle=355 time=1.3486553428413667e-01 dt=5.0531533276092767e-05
cycle=356 time=1.3491606581741275e-01 dt=5.0310408548123132e-05
cycle=357 time=1.3496637622596086e-01 dt=5.0095647232413525e-05
cycle=358 time=1.3501647187319327e-01 dt=4.9888171367771035e-05
cycle=359 time=1.3506636004456105e-01 dt=4.9688824870408011e-05
cycle=360 time=1.3511604886943146e-01 dt=4.9498505129183096e-05
cycle=361 time=1.3516554737456063e-01 dt=4.9319064570560907e-05
cycle=362 time=1.3521486643913119e-01 dt=4.9150669618798041e-05
cycle=363 time=1.3526401710875000e-01 dt=4.8993530252394310e-05
cycle=364 time=1.3531301063900239e-01 dt=4.8847861381807694e-05
cycle=365 time=1.3536185850038421e-01 dt=4.8713805943304850e-05
cycle=366 time=1.3541057230632753e-01 dt=4.8589699067902427e-05
cycle=367 time=1.3545916200539543e-01 dt=4.8473178522507054e-05
cycle=368 time=1.3550763518391792e-01 dt=4.8349371787383778e-05
cycle=369 time=1.3555598455570531e-01 dt=4.8137530685050723e-05
cycle=370 time=1.3560412208639036e-01 dt=4.7928741484116422e-05
cycle=371 time=1.3565205082787449e-01 dt=4.7723874857417328e-05
cycle=372 time=1.3569977470273190e-01 dt=4.7523840435089353e-05
cycle=373 time=1.3574729854316697e-01 dt=4.7329525622591310e-05
cycle=374 time=1.3579462806878956e-01 dt=4.7141761451001219e-05
cycle=375 time=1.3584176983024057e-01 dt=4.6961855443332605e-05
cycle=376 time=1.3588873168568391e-01 dt=4.6791251132373678e-05
cycle=377 time=1.3593552293681629e-01 dt=4.6630241949180443e-05
cycle=378 time=1.3598215317876547e-01 dt=4.6479041342609945e-05
cycle=379 time=1.3602863222010808e-01 dt=4.6337860459634466e-05
cycle=380 time=1.3607497008056771e-01 dt=4.6206935221790409e-05
cycle=381 time=1.3612117701578949e-01 dt=4.6082171459587322e-05
cycle=382 time=1.3616725918724909e-01 dt=4.5966953924041870e-05
cycle=383 time=1.3621322614117312e-01 dt=4.5852305282947075e-05
cycle=384 time=1.3625907844645607e-01 dt=4.5728439882472935e-05
cycle=385 time=1.3630480688633856e-01 dt=4.5536358037557819e-05
cycle=386 time=1.3635034324437612e-01 dt=4.5346965910314131e-05
cycle=387 time=1.3639569021028644e-01 dt=4.5161022971844089e-05
cycle=388 time=1.3644085123325828e-01 dt=4.4979316039986428e-05
cycle=389 time=1.3648583054929828e-01 dt=4.4802597350016710e-05
cycle=390 time=1.3653063314664829e-01 dt=4.4632696429466337e-05
cycle=391 time=1.3657526584307775e-01 dt=4.4470561889349969e-05
cycle=392 time=1.3661973640496711e-01 dt=4.4316578072996854e-05
cycle=393 time=1.3666405298304010e-01 dt=4.4171059217725295e-05
cycle=394 time=1.3670822404225783e-01 dt=4.4034268142172934e-05
cycle=395 time=1.3675225831040000e-01 dt=4.3904524334517731e-05
cycle=396 time=1.3679616283473453e-01 dt=4.3780938987890207e-05
cycle=397 time=1.3683994377372241e-01 dt=4.3666636345015999e-05
cycle=398 time=1.3688361041006741e-01 dt=4.3552579244330268e-05
cycle=399 time=1.3692716298931173e-01 dt=4.3440702439569616e-05
cycle=400 time=1.3697060369175129e-01 dt=4.3328520817797929e-05
cycle=401 time=1.3701393221256908e-01 dt=4.3153911671346154e-05
cycle=402 time=1.3705708612424042e-01 dt=4.2981586804460628e-05
cycle=403 time=1.3710006771104488e-01 dt=4.2812160607497397e-05
cycle=404 time=1.3714287987165238e-01 dt=4.2646308637194853e-05
cycle=405 time=1.3718552618028959e-01 dt=4.2486154135480210e-05
cycle=406 time=1.3722801233442508e-01 dt=4.2332259834892108e-05
cycle=407 time=1.3727034459425996e-01 dt=4.2185106121023431e-05
cycle=408 time=1.3731252970038099e-01 dt=4.2045091883379521e-05
cycle=409 time=1.3735457479226437e-01 dt=4.1912093986079479e-05
cycle=410 time=1.3739648688625045e-01 dt=4.1782943384679546e-05
cycle=411 time=1.3743826982963511e-01 dt=4.1661565034984635e-05
cycle=412 time=1.3747993139467010e-01 dt=4.1548273352790506e-05
cycle=413 time=1.3752147966802289e-01 dt=4.1435367122618220e-05
cycle=414 time=1.3756291503514551e-01 dt=4.1327251088897320e-05
cycle=415 time=1.3760424228623441e-01 dt=4.1216611207747696e-05
cycle=416 time=1.3764545889744215e-01 dt=4.1109251778652590e-05
cycle=417 time=1.3768656814922081e-01 dt=4.0964044572998954e-05
cycle=418 time=1.3772753219379380e-01 dt=4.0806701404565649e-05
cycle=419 time=1.3776833889519838e-01 dt=4.0651945451829559e-05
cycle=420 time=1.3780899084065021e-01 dt=4.0501378222545023e-05
cycle=421 time=1.3784949221887274e-01 dt=4.0355609896511979e-05
cycle=422 time=1.3788984782876926e-01 dt=4.0215197311654652e-05
cycle=423 time=1.3793006302608091e-01 dt=4.0079688230736019e-05
cycle=424 time=1.3797014271431166e-01 dt=3.9948048910563497e-05
cycle=425 time=1.3801009076322221e-01 dt=3.9822598512440041e-05
cycle=426 time=1.3804991336173464e-01 dt=3.9703689206731171e-05
cycle=427 time=1.3808961705094136e-01 dt=3.9591650746632118e-05
cycle=428 time=1.3812920870168799e-01 dt=3.9479302244012051e-05
cycle=429 time=1.3816868800393201e-01 dt=3.9373503925637320e-05
cycle=430 time=1.3820806150785764e-01 dt=3.9264577362971481e-05
cycle=431 time=1.3824732608522061e-01 dt=3.9158413617664302e-05
cycle=432 time=1.3828648449883826e-01 dt=3.9046495366116750e-05
cycle=433 time=1.3832553099420439e-01 dt=3.8941338205846140e-05
cycle=434 time=1.3836447233241023e-01 dt=3.8800402256892253e-05
cycle=435 time=1.3840327273466713e-01 dt=3.8658889412562481e-05
cycle=436 time=1.3844193162407969e-01 dt=3.8520323698902261e-05
cycle=437 time=1.3848045194777861e-01 dt=3.8385234555871246e-05
cycle=438 time=1.3851883718233449e-01 dt=3.8254161127181628e-05
cycle=439 time=1.3855709134346167e-01 dt=3.8127613686823129e-05
cycle=440 time=1.3859521895714849e-01 dt=3.8006056412569787e-05
cycle=441 time=1.3863322501356107e-01 dt=3.7889903015257814e-05
cycle=442 time=1.3867111491657633e-01 dt=3.7778420746583390e-05
cycle=443 time=1.3870889333732292e-01 dt=3.7667390738765674e-05
cycle=444 time=1.3874656072806169e-01 dt=3.7559784920482029e-05
cycle=445 time=1.3878412051298217e-01 dt=3.7449930436578614e-05
cycle=446 time=1.3882157044341875e-01 dt=3.7344240044412096e-05
cycle=447 time=1.3885891468346317e-01 dt=3.7232631369291042e-05
cycle=448 time=1.3889614731483246e-01 dt=3.7126801115184508e-05
cycle=449 time=1.3893327411594764e-01 dt=3.7027149250785779e-05
cycle=450 time=1.3897030126519841e-01 dt=3.6923613371939467e-05
cycle=451 time=1.3900722487857034e-01 dt=3.6808740604774485e-05
cycle=452 time=1.3904403361917511e-01 dt=3.6681555610615225e-05
cycle=453 time=1.3908071517478574e-01 dt=3.6557160719298570e-05
cycle=454 time=1.3911727233550503e-01 dt=3.6436064439970410e-05
cycle=455 time=1.3915370839994501e-01 dt=3.6318770852764806e-05
cycle=456 time=1.3919002717079779e-01 dt=3.6203531134831048e-05
cycle=457 time=1.3922623070193263e-01 dt=3.6089175940272618e-05
cycle=458 time=1.3926231987787291e-01 dt=3.5979317081660437e-05
cycle=459 time=1.3929829919495457e-01 dt=3.5867833631492891e-05
cycle=460 time=1.3933416702858606e-01 dt=3.5758812719888328e-05
cycle=461 time=1.3936992584130595e-01 dt=3.5654756571909479e-05
cycle=462 time=1.3940558059787786e-01 dt=3.5548487758292346e-05
cycle=463 time=1.3944112908563616e-01 dt=3.5442890585982548e-05
cycle=464 time=1.3947657197622215e-01 dt=3.5342486470817772e-05
cycle=465 time=1.3951191446269298e-01 dt=3.5247687109293971e-05
cycle=466 time=1.3954716214980228e-01 dt=3.5149839508505225e-05
cycle=467 time=1.3958231198931079e-01 dt=3.5049813421746032e-05
cycle=468 time=1.3961736180273254e-01 dt=3.4955358687759832e-05
cycle=469 time=1.3965231716142029e-01 dt=3.4852015684053182e-05
cycle=470 time=1.3968716917710436e-01 dt=3.4735139807143529e-05
cycle=471 time=1.3972190431691150e-01 dt=3.4620744634952180e-05
cycle=472 time=1.3975652506154645e-01 dt=3.4509350936674202e-05
cycle=473 time=1.3979103441248314e-01 dt=3.4401199329293005e-05
cycle=474 time=1.3982543561181243e-01 dt=3.4290525824137126e-05
cycle=475 time=1.3985972613763656e-01 dt=3.4183386511683581e-05
cycle=476 time=1.3989390952414824e-01 dt=3.4080264554767123e-05
cycle=477 time=1.3992798978870299e-01 dt=3.3981032904659858e-05
cycle=478 time=1.3996197082160766e-01 dt=3.3876670971233915e-05
cycle=479 time=1.3999584749257890e-01 dt=3.3776458885723972e-05
cycle=480 time=1.4002962395146462e-01 dt=3.3680985577409638e-05
cycle=481 time=1.4006330493704203e-01 dt=3.3590741790156422e-05
cycle=482 time=1.4009689567883218e-01 dt=3.3500405147106722e-05
cycle=483 time=1.4013039608397929e-01 dt=3.3404995407529874e-05
cycle=484 time=1.4016380107938681e-01 dt=3.3314495048900825e-05
cycle=485 time=1.4019711557443570e-01 dt=3.3229284784900472e-05
cycle=486 time=1.4023034485922062e-01 dt=3.3141302264180109e-05
cycle=487 time=1.4026348616148479e-01 dt=3.3033777465186828e-05
cycle=488 time=1.4029651993894998e-01 dt=3.2925017239311406e-05
cycle=489 time=1.4032944495618929e-01 dt=3.2818241540448846e-05
cycle=490 time=1.4036226319772974e-01 dt=3.2713979141240618e-05
cycle=491 time=1.4039497717687097e-01 dt=3.2612739290135781e-05
cycle=492 time=1.4042758991616111e-01 dt=3.2515048612037040e-05
cycle=493 time=1.4046010496477315e-01 dt=3.2416942530019333e-05
cycle=494 time=1.4049252190730316e-01 dt=3.2318437787102534e-05
cycle=495 time=1.4052484034509027e-01 dt=3.2223666939522421e-05
cycle=496 time=1.4055706401202980e-01 dt=3.2133110279111600e-05
cycle=497 time=1.4058919712230891e-01 dt=3.2047200802783194e-05
cycle=498 time=1.4062124432311168e-01 dt=3.1965674733067829e-05
cycle=499 time=1.4065320999784475e-01 dt=3.1874776613116406e-05
cycle=500 time=1.4068508477445787e-01 dt=3.1788075345047714e-05
cycle=501 time=1.4071687284980292e-01 dt=3.1705985661822109e-05
cycle=502 time=1.4074857883546474e-01 dt=3.1616782515909014e-05
cycle=503 time=1.4078019561798064e-01 dt=3.1509627412054520e-05
cycle=504 time=1.4081170524539269e-01 dt=3.1403595162983259e-05
cycle=505 time=1.4084310884055568e-01 dt=3.1299295573136414e-05
cycle=506 time=1.4087440813612881e-01 dt=3.1197308693490000e-05
cycle=507 time=1.4090560544482231e-01 dt=3.1098192686053764e-05
cycle=508 time=1.4093670363750835e-01 dt=3.1002483896286490e-05
cycle=509 time=1.4096770612140463e-01 dt=3.0905987291802914e-05
cycle=510 time=1.4099861210869644e-01 dt=3.0808791871983391e-05
cycle=511 time=1.4102942090056841e-01 dt=3.0676344726891288e-05
cycle=512 time=1.4106009724529531e-01 dt=3.0534118752657497e-05
cycle=513 time=1.4109063136404795e-01 dt=3.0392090231570086e-05
cycle=514 time=1.4112102345427951e-01 dt=3.0247278903668901e-05
cycle=515 time=1.4115127073318318e-01 dt=3.0100763061448497e-05
cycle=516 time=1.4118137149624463e-01 dt=2.9952941289310633e-05
cycle=517 time=1.4121132443753395e-01 dt=2.9804645226580309e-05
cycle=518 time=1.4124112908276054e-01 dt=2.9657413346623155e-05
cycle=519 time=1.4127078649610716e-01 dt=2.9511330748502326e-05
cycle=520 time=1.4130029782685566e-01 dt=2.9366504373792592e-05
cycle=521 time=1.4132966433122945e-01 dt=2.9223048296490960e-05
cycle=522 time=1.4135888737952595e-01 dt=2.9081087253109440e-05
cycle=523 time=1.4138796846677906e-01 dt=2.8940742098108052e-05
cycle=524 time=1.4141690920887717e-01 dt=2.8802109294391405e-05
cycle=525 time=1.4144571131817157e-01 dt=2.8665269964232756e-05
cycle=526 time=1.4147437658813580e-01 dt=2.8530404900727055e-05
cycle=527 time=1.4150290699303653e-01 dt=2.8397677953217758e-05
cycle=528 time=1.4153130467098973e-01 dt=2.8267258314855168e-05
cycle=529 time=1.4155957192930460e-01 dt=2.8139330179263331e-05
cycle=530 time=1.4158771125948386e-01 dt=2.8014088845042793e-05
cycle=531 time=1.4161572534832889e-01 dt=2.7891740466106664e-05
cycle=532 time=1.4164361708879500e-01 dt=2.7772504784417686e-05
cycle=533 time=1.4167138959357942e-01 dt=2.7656640134188455e-05
cycle=534 time=1.4169904623371360e-01 dt=2.7544409828744752e-05
cycle=535 time=1.4172659064354234e-01 dt=2.7427532103027520e-05
cycle=536 time=1.4175401817564537e-01 dt=2.7307272739749230e-05
cycle=537 time=1.4178132544838512e-01 dt=2.7189769666639555e-05
cycle=538 time=1.4180851521805177e-01 dt=2.7074853199702039e-05
cycle=539 time=1.4183559007125146e-01 dt=2.6962744694717486e-05
cycle=540 time=1.4186255281594617e-01 dt=2.6853656156178391e-05
cycle=541 time=1.4188940647210235e-01 dt=2.6747813240145489e-05
cycle=542 time=1.4191615428534249e-01 dt=2.6645418485437137e-05
cycle=543 time=1.4194279970382792e-01 dt=2.6546638833136584e-05
cycle=544 time=1.4196934634266106e-01 dt=2.6451590969680945e-05
cycle=545 time=1.4199579793363074e-01 dt=2.6360329367644170e-05
cycle=546 time=1.4202215826299838e-01 dt=2.6272783197807415e-05
cycle=547 time=1.4204843104619619e-01 dt=2.6188860339583481e-05
cycle=548 time=1.4207461990653578e-01 dt=2.6090771268471526e-05
cycle=549 time=1.4210071067780425e-01 dt=2.5991879872317111e-05
cycle=550 time=1.4212670255767657e-01 dt=2.5895549525869205e-05
cycle=551 time=1.4215259810720243e-01 dt=2.5802033575007444e-05
cycle=552 time=1.4217840014077743e-01 dt=2.5711520507119931e-05
cycle=553 time=1.4220411166128455e-01 dt=2.5624132444695220e-05
cycle=554 time=1.4222973579372925e-01 dt=2.5539881161427201e-05
cycle=555 time=1.4225527567489069e-01 dt=2.5458778100076056e-05
cycle=556 time=1.4228073445299075e-01 dt=2.5380772053232107e-05
cycle=557 time=1.4230611522504397e-01 dt=2.5305762988969103e-05
cycle=558 time=1.4233142098803295e-01 dt=2.5233570676527969e-05
cycle=559 time=1.4235665455870947e-01 dt=2.5163927280874684e-05
cycle=560 time=1.4238181848599035e-01 dt=2.5096936066742099e-05
cycle=561 time=1.4240691542205711e-01 dt=2.5029848809947978e-05
cycle=562 time=1.4243194527086706e-01 dt=2.3012824836726826e-05
cycle=563 time=1.4245495809570377e-01 dt=1.8076213346438912e-05
cycle=564 time=1.4247303430905020e-01 dt=1.7478935846503652e-05
cycle=565 time=1.4249051324489670e-01 dt=2.0268110540332770e-05
cycle=566 time=1.4251078135543704e-01 dt=2.4698293358929925e-05
cycle=567 time=1.4253547964879598e-01 dt=2.4625984993167436e-05
cycle=568 time=1.4256010563378915e-01 dt=2.4556185634224711e-05
cycle=569 time=1.4258466181942336e-01 dt=2.3114665656799764e-05
cycle=570 time=1.4260777648508016e-01 dt=1.8192415574245499e-05
cycle=571 time=1.4262596890065440e-01 dt=1.7249664736944522e-05
cycle=572 time=1.4264321856539136e-01 dt=1.9272167629685473e-05
cycle=573 time=1.4266249073302104e-01 dt=2.4223728411673154e-05
cycle=574 time=1.4268671446143272e-01 dt=2.4231932888134681e-05
cycle=575 time=1.4271094639432086e-01 dt=2.4175497165756251e-05
cycle=576 time=1.4273512189148663e-01 dt=2.4120497960934758e-05
cycle=577 time=1.4275924238944757e-01 dt=2.4066686222642647e-05
cycle=578 time=1.4278330907567022e-01 dt=2.4006479953124743e-05
cycle=579 time=1.4280731555562334e-01 dt=2.3938751511072017e-05
cycle=580 time=1.4283125430713442e-01 dt=2.3873378046296880e-05
cycle=581 time=1.4285512768518072e-01 dt=2.1548136189224145e-05
cycle=582 time=1.4287667582136995e-01 dt=2.3755016644096873e-05
cycle=583 time=1.4290043083801404e-01 dt=2.3650058527713596e-05
cycle=584 time=1.4292408089654177e-01 dt=2.2671157695917651e-05
cycle=585 time=1.4294675205423768e-01 dt=2.1537274479503803e-05
cycle=586 time=1.4296828932871719e-01 dt=2.1282405436688505e-05
cycle=587 time=1.4298957173415389e-01 dt=2.0751679069996207e-05
cycle=588 time=1.4301032341322389e-01 dt=2.0312854336732518e-05
cycle=589 time=1.4303063626756063e-01 dt=1.9944217273514089e-05
cycle=590 time=1.4305058048483416e-01 dt=1.9628922080055010e-05
cycle=591 time=1.4307020940691420e-01 dt=1.9352756928852378e-05
cycle=592 time=1.4308956216384305e-01 dt=1.9105002104246872e-05
cycle=593 time=1.4310866716594731e-01 dt=1.8877730340774381e-05
cycle=594 time=1.4312754489628807e-01 dt=1.8665296444681230e-05
cycle=595 time=1.4314621019273274e-01 dt=1.8463516220302638e-05
cycle=596 time=1.4316467370895306e-01 dt=1.8269202778631327e-05
cycle=597 time=1.4318294291173170e-01 dt=1.8080313279005547e-05
cycle=598 time=1.4320102322501072e-01 dt=1.7894983462638575e-05
cycle=599 time=1.4321891820847335e-01 dt=1.7710856053248075e-05
cycle=600 time=1.4323662906452661e-01 dt=1.7530020556292423e-05
cycle=601 time=1.4325415908508290e-01 dt=1.7195517951911138e-05
cycle=602 time=1.4327135460303481e-01 dt=1.6842008492683610e-05
cycle=603 time=1.4328819661152750e-01 dt=1.6536772306494922e-05
cycle=604 time=1.4330473338383401e-01 dt=1.6272367936233726e-05
cycle=605 time=1.4332100575177023e-01 dt=1.6041517165528495e-05
cycle=606 time=1.4333704726893576e-01 dt=1.5837617267527518e-05
cycle=607 time=1.4335288488620329e-01 dt=1.5655199995849978e-05
cycle=608 time=1.4336854008619915e-01 dt=1.5489264199430606e-05
cycle=609 time=1.4338402935039857e-01 dt=1.5335778310834013e-05
cycle=610 time=1.4339936512870941e-01 dt=1.5191586044699864e-05
cycle=611 time=1.4341455671475412e-01 dt=1.5052517732801735e-05
cycle=612 time=1.4342960923248690e-01 dt=1.4916855709822452e-05
cycle=613 time=1.4344452608819672e-01 dt=1.4785673660303788e-05
cycle=614 time=1.4345931176185703e-01 dt=1.4657956691387110e-05
cycle=615 time=1.4347396971854842e-01 dt=1.4532980010657038e-05
cycle=616 time=1.4348850269855909e-01 dt=1.4569556149193607e-05
cycle=617 time=1.4350307225470829e-01 dt=1.5146740035181518e-05
cycle=618 time=1.4351821899474348e-01 dt=1.5723671978701197e-05
cycle=619 time=1.4353394266672218e-01 dt=1.5687925012161371e-05
cycle=620 time=1.4354963059173434e-01 dt=1.5392469649806842e-05
cycle=621 time=1.4356502306138413e-01 dt=1.5111552768577323e-05
cycle=622 time=1.4358013461415270e-01 dt=1.4859164379282514e-05
cycle=623 time=1.4359499377853199e-01 dt=1.4871214160572702e-05
cycle=624 time=1.4360986499269257e-01 dt=1.5196603939799382e-05
cycle=625 time=1.4362506159663238e-01 dt=1.5509455877644584e-05
cycle=626 time=1.4364057105251002e-01 dt=1.5637534513993145e-05
cycle=627 time=1.4365620858702402e-01 dt=1.5741811587286800e-05
cycle=628 time=1.4367195039861130e-01 dt=1.5735484315906909e-05
cycle=629 time=1.4368768588292721e-01 dt=1.5605796764697267e-05
cycle=630 time=1.4370329167969190e-01 dt=1.5607003424182709e-05
cycle=631 time=1.4371889868311608e-01 dt=1.5627196809796174e-05
cycle=632 time=1.4373452587992588e-01 dt=1.5508989650229064e-05
cycle=633 time=1.4375003486957610e-01 dt=1.5326838446448482e-05
cycle=634 time=1.4376536170802257e-01 dt=1.5298945495874822e-05
cycle=635 time=1.4378066065351844e-01 dt=1.5037478916326466e-05
cycle=636 time=1.4379569813243476e-01 dt=1.4837668549597265e-05
cycle=637 time=1.4381053580098435e-01 dt=1.4699453890350522e-05
cycle=638 time=1.4382523525487470e-01 dt=1.4619530470257574e-05
cycle=639 time=1.4383985478534494e-01 dt=1.4585693605861900e-05
cycle=640 time=1.4385444047895080e-01 dt=1.4736901602928999e-05
cycle=641 time=1.4386917738055371e-01 dt=1.4679690488461638e-05
cycle=642 time=1.4388385707104218e-01 dt=1.4702260870707820e-05
cycle=643 time=1.4389855933191290e-01 dt=1.4610103532953645e-05
cycle=644 time=1.4391316943544585e-01 dt=1.4470183774060259e-05
cycle=645 time=1.4392763961921992e-01 dt=1.4197152791678425e-05
cycle=646 time=1.4394183677201161e-01 dt=1.4088428536566402e-05
cycle=647 time=1.4395592520054817e-01 dt=1.4602224830419710e-05
cycle=648 time=1.4397052742537858e-01 dt=1.4988413124928983e-05
cycle=649 time=1.4398551583850350e-01 dt=1.4921882991435806e-05
cycle=650 time=1.4400043772149493e-01 dt=1.4729660747267355e-05
cycle=651 time=1.4401516738224218e-01 dt=1.4672408642767575e-05
cycle=652 time=1.4402983979088496e-01 dt=1.4469113492798279e-05
cycle=653 time=1.4404430890437775e-01 dt=1.4330337008108470e-05
cycle=654 time=1.4405863924138584e-01 dt=1.4169333629100777e-05
cycle=655 time=1.4407280857501495e-01 dt=1.4696954547700343e-05
cycle=656 time=1.4408750552956265e-01 dt=1.6172185322277307e-05
cycle=657 time=1.4410367771488491e-01 dt=1.6032476275973286e-05
cycle=658 time=1.4411971019116088e-01 dt=1.5698648238426717e-05
cycle=659 time=1.4413540883939929e-01 dt=1.5696963831333901e-05
cycle=660 time=1.4415110580323062e-01 dt=1.5463712197600534e-05
cycle=661 time=1.4416656951542822e-01 dt=1.5243672158722615e-05
cycle=662 time=1.4418181318758694e-01 dt=1.5051481919429969e-05
cycle=663 time=1.4419686466950637e-01 dt=1.4902188269194159e-05
cycle=664 time=1.4421176685777556e-01 dt=1.4769079249084361e-05
cycle=665 time=1.4422653593702464e-01 dt=1.4671470835857028e-05
cycle=666 time=1.4424120740786051e-01 dt=1.4635957552079994e-05
cycle=667 time=1.4425584336541258e-01 dt=1.4660203147134963e-05
cycle=668 time=1.4427050356855972e-01 dt=1.4739873555114991e-05
cycle=669 time=1.4428524344211482e-01 dt=1.4882303303975234e-05
cycle=670 time=1.4430012574541881e-01 dt=1.5612272086276228e-05
cycle=671 time=1.4431573801750508e-01 dt=1.7068189803540733e-05
cycle=672 time=1.4433280620730862e-01 dt=1.6755778404085941e-05
cycle=673 time=1.4434956198571272e-01 dt=1.6484022012343883e-05
cycle=674 time=1.4436604600772507e-01 dt=1.6280097143328612e-05
cycle=675 time=1.4438232610486840e-01 dt=1.6156702393336791e-05
cycle=676 time=1.4439848280726172e-01 dt=1.6117703275679481e-05
cycle=677 time=1.4441460051053739e-01 dt=1.6161912468397220e-05
cycle=678 time=1.4443076242300579e-01 dt=1.6102579884375296e-05
cycle=679 time=1.4444686500289017e-01 dt=1.5931881348626510e-05
cycle=680 time=1.4446279688423880e-01 dt=1.5844421297829850e-05
cycle=681 time=1.4447864130553661e-01 dt=1.5838697253036836e-05
cycle=682 time=1.4449448000278964e-01 dt=1.5908871638191045e-05
cycle=683 time=1.4451038887442783e-01 dt=1.5648003955913308e-05
cycle=684 time=1.4452603687838375e-01 dt=1.5233475128041978e-05
cycle=685 time=1.4454127035351180e-01 dt=1.5510543602417467e-05
cycle=686 time=1.4455678089711421e-01 dt=1.4648184174525671e-05
cycle=687 time=1.4457142908128873e-01 dt=1.4837701249416340e-05
cycle=688 time=1.4458626678253814e-01 dt=1.7492108792644714e-05
cycle=689 time=1.4460375889133079e-01 dt=1.5289258090515934e-05
cycle=690 time=1.4461904814942131e-01 dt=1.4352153376986808e-05
cycle=691 time=1.4463340030279828e-01 dt=1.4829890089569275e-05
cycle=692 time=1.4464823019288786e-01 dt=1.4620928218424853e-05
cycle=693 time=1.4466285112110627e-01 dt=1.4570983170210493e-05
cycle=694 time=1.4467742210427648e-01 dt=1.3999985298029905e-05
cycle=695 time=1.4469142208957450e-01 dt=1.3755454017345405e-05
cycle=696 time=1.4470517754359186e-01 dt=1.4491429512483496e-05
cycle=697 time=1.4471966897310434e-01 dt=1.4269304484351762e-05
cycle=698 time=1.4473393827758871e-01 dt=1.6195339916484093e-05
cycle=699 time=1.4475013361750519e-01 dt=1.6538108254340906e-05
cycle=700 time=1.4476667172575952e-01 dt=1.6662085913531651e-05
cycle=701 time=1.4478333381167305e-01 dt=1.6661136553839066e-05
cycle=702 time=1.4479999494822690e-01 dt=1.6194630558707792e-05
cycle=703 time=1.4481618957878561e-01 dt=1.5601638491418301e-05
cycle=704 time=1.4483179121727704e-01 dt=1.4520334659844858e-05
cycle=705 time=1.4484631155193689e-01 dt=1.3234254117006352e-05
cycle=706 time=1.4485954580605390e-01 dt=1.2666671105330655e-05
cycle=707 time=1.4487221247715923e-01 dt=1.3366915591094402e-05
cycle=708 time=1.4488557939275032e-01 dt=1.4436469727087073e-05
cycle=709 time=1.4490001586247742e-01 dt=1.4789436826450663e-05
cycle=710 time=1.4491480529930387e-01 dt=1.4181029935185473e-05
cycle=711 time=1.4492898632923906e-01 dt=1.4010961935794114e-05
cycle=712 time=1.4494299729117485e-01 dt=1.3960471717667964e-05
cycle=713 time=1.4495695776289252e-01 dt=1.5114290813355339e-05
cycle=714 time=1.4497207205370588e-01 dt=1.3573193669599965e-05
cycle=715 time=1.4498564524737548e-01 dt=1.2988648930856267e-05
cycle=716 time=1.4499863389630632e-01 dt=1.3281074017754222e-05
cycle=717 time=1.4501191497032409e-01 dt=1.2897011922139959e-05
cycle=718 time=1.4502481198224623e-01 dt=1.2532208243407489e-05
cycle=719 time=1.4503734419048964e-01 dt=1.2841509492228615e-05
cycle=720 time=1.4505018569998188e-01 dt=1.2930167946031551e-05
cycle=721 time=1.4506311586792792e-01 dt=1.3271705469914828e-05
cycle=722 time=1.4507638757339783e-01 dt=1.4662930967028671e-05
cycle=723 time=1.4509105050436485e-01 dt=1.5690347894571624e-05
cycle=724 time=1.4510674085225941e-01 dt=1.4875944977554702e-05
cycle=725 time=1.4512161679723698e-01 dt=1.3007693163814437e-05
cycle=726 time=1.4513462449040079e-01 dt=1.1637604945266321e-05
cycle=727 time=1.4514626209534606e-01 dt=1.0685300834957552e-05
cycle=728 time=1.4515694739618101e-01 dt=1.0416042752194519e-05
cycle=729 time=1.4516736343893322e-01 dt=1.0942474871840697e-05
cycle=730 time=1.4517830591380507e-01 dt=1.1602685719084088e-05
cycle=731 time=1.4518990859952416e-01 dt=1.1958987242953860e-05
cycle=732 time=1.4520186758676712e-01 dt=1.3004434171232249e-05
cycle=733 time=1.4521487202093836e-01 dt=1.4409840169608898e-05
cycle=734 time=1.4522928186110798e-01 dt=1.3749793299023255e-05
cycle=735 time=1.4524303165440700e-01 dt=1.3866621603528535e-05
cycle=736 time=1.4525689827601052e-01 dt=1.3572628236773264e-05
cycle=737 time=1.4527047090424730e-01 dt=1.2099781405997784e-05
cycle=738 time=1.4528257068565331e-01 dt=1.0985585463225904e-05
cycle=739 time=1.4529355627111654e-01 dt=1.0212873854794630e-05
cycle=740 time=1.4530376914497134e-01 dt=9.7003067246908396e-06
cycle=741 time=1.4531346945169604e-01 dt=1.0007072634524537e-05
cycle=742 time=1.4532347652433056e-01 dt=1.1048182693795927e-05
cycle=743 time=1.4533452470702435e-01 dt=1.2831371121964423e-05
cycle=744 time=1.4534735607814631e-01 dt=1.0887759013200892e-05
cycle=745 time=1.4535824383715951e-01 dt=9.0652763065744125e-06
cycle=746 time=1.4536730911346607e-01 dt=9.3097686010339501e-06
cycle=747 time=1.4537661888206710e-01 dt=9.1162257504324151e-06
cycle=748 time=1.4538573510781752e-01 dt=9.6738874240906130e-06
cycle=749 time=1.4539540899524162e-01 dt=1.2129150998764584e-05
cycle=750 time=1.4540753814624038e-01 dt=1.4213110347556087e-05
cycle=751 time=1.4542175125658793e-01 dt=1.2719625822492867e-05
cycle=752 time=1.4543447088241043e-01 dt=1.1293442037358104e-05
cycle=753 time=1.4544576432444778e-01 dt=1.0486157003309316e-05
cycle=754 time=1.4545625048145108e-01 dt=1.0590652996359669e-05
cycle=755 time=1.4546684113444744e-01 dt=1.0089661392855369e-05
cycle=756 time=1.4547693079584029e-01 dt=8.9232270157239640e-06
cycle=757 time=1.4548585402285602e-01 dt=8.1738933361033128e-06
cycle=758 time=1.4549402791619212e-01 dt=9.2239076150827247e-06
cycle=759 time=1.4550325182380719e-01 dt=8.4775735898183564e-06
cycle=760 time=1.4551172939739701e-01 dt=8.7110913493014431e-06
cycle=761 time=1.4552044048874632e-01 dt=1.0463538638289593e-05
cycle=762 time=1.4553090402738461e-01 dt=1.1935605842611244e-05
cycle=763 time=1.4554283963322723e-01 dt=1.0288867585531481e-05
cycle=764 time=1.4555312850081276e-01 dt=8.7075321725659428e-06
cycle=765 time=1.4556183603298531e-01 dt=9.0448912747026722e-06
cycle=766 time=1.4557088092426002e-01 dt=1.1149807197005956e-05
cycle=767 time=1.4558203073145703e-01 dt=1.3639548673059631e-05
cycle=768 time=1.4559567028013010e-01 dt=1.2136048210233171e-05
cycle=769 time=1.4560780632834033e-01 dt=1.0197847369817135e-05
cycle=770 time=1.4561800417571016e-01 dt=9.4165087619949023e-06
cycle=771 time=1.4562742068447215e-01 dt=1.0602591509745892e-05
cycle=772 time=1.4563802327598191e-01 dt=1.0614180638464758e-05
cycle=773 time=1.4564863745662038e-01 dt=1.0757420367214508e-05
cycle=774 time=1.4565939487698759e-01 dt=1.0955396615941621e-05
cycle=775 time=1.4567035027360353e-01 dt=1.0075772157999181e-05
cycle=776 time=1.4568042604576154e-01 dt=9.5270406827515406e-06
cycle=777 time=1.4568995308644428e-01 dt=9.8143804490877214e-06
cycle=778 time=1.4569976746689337e-01 dt=1.0878025819145746e-05
cycle=779 time=1.4571064549271251e-01 dt=1.1813467151953050e-05
cycle=780 time=1.4572245895986446e-01 dt=9.9796936281810564e-06
cycle=781 time=1.4573243865349264e-01 dt=1.0149302120346526e-05
cycle=782 time=1.4574258795561298e-01 dt=1.2307562075102540e-05
cycle=783 time=1.4575489551768808e-01 dt=1.1647189338109836e-05
cycle=784 time=1.4576654270702619e-01 dt=1.0695739462626827e-05
cycle=785 time=1.4577723844648882e-01 dt=9.9752331423081429e-06
cycle=786 time=1.4578721367963113e-01 dt=9.4923476497997203e-06
cycle=787 time=1.4579670602728093e-01 dt=9.1921588905640388e-06
cycle=788 time=1.4580589818617148e-01 dt=9.0053371769566019e-06
cycle=789 time=1.4581490352334844e-01 dt=9.0461448367766556e-06
cycle=790 time=1.4582394966818521e-01 dt=9.4742935616106344e-06
cycle=791 time=1.4583342396174681e-01 dt=1.0261642958740632e-05
cycle=792 time=1.4584368560470556e-01 dt=1.1407972854757434e-05
cycle=793 time=1.4585509357756032e-01 dt=1.1613502950570947e-05
cycle=794 time=1.4586670708051089e-01 dt=1.0495588124871500e-05
cycle=795 time=1.4587720266863577e-01 dt=9.9086964273371237e-06
cycle=796 time=1.4588711136506310e-01 dt=1.0117594639606403e-05
cycle=797 time=1.4589722895970272e-01 dt=1.1049447429174799e-05
cycle=798 time=1.4590827840713189e-01 dt=1.2595921250434535e-05
cycle=799 time=1.4592087432838233e-01 dt=1.2235960904127190e-05
cycle=800 time=1.4593311028928646e-01 dt=1.1532280456033992e-05
cycle=801 time=1.4594464256974249e-01 dt=1.0310042188050204e-05
cycle=802 time=1.4595495261193053e-01 dt=9.4053369540908997e-06
cycle=803 time=1.4596435794888463e-01 dt=8.7897466736694170e-06
cycle=804 time=1.4597314769555830e-01 dt=8.3791353849599318e-06
cycle=805 time=1.4598152683094326e-01 dt=8.4357610499358073e-06
cycle=806 time=1.4598996259199321e-01 dt=9.1688045796248985e-06
cycle=807 time=1.4599913139657283e-01 dt=1.0155919226181489e-05
cycle=808 time=1.4600928731579901e-01 dt=9.4630963351552027e-06
cycle=809 time=1.4601875041213416e-01 dt=9.1863361344964287e-06
cycle=810 time=1.4602793674826867e-01 dt=8.7750858562794764e-06
cycle=811 time=1.4603671183412495e-01 dt=8.3594736902205956e-06
cycle=812 time=1.4604507130781516e-01 dt=8.0436839958642110e-06
cycle=813 time=1.4605311499181103e-01 dt=7.9101363550861260e-06
cycle=814 time=1.4606102512816613e-01 dt=8.2710884338034821e-06
cycle=815 time=1.4606929621659992e-01 dt=9.1370546574181796e-06
cycle=816 time=1.4607843327125733e-01 dt=9.3238502047354889e-06
cycle=817 time=1.4608775712146208e-01 dt=8.7370339766232163e-06
cycle=818 time=1.4609649415543871e-01 dt=8.1932926856154537e-06
cycle=819 time=1.4610468744812433e-01 dt=7.7658040163503299e-06
cycle=820 time=1.4611245325214067e-01 dt=7.4660437016119290e-06
cycle=821 time=1.4611991929584228e-01 dt=7.5811151814553226e-06
cycle=822 time=1.4612750041102374e-01 dt=8.1388563834913519e-06
cycle=823 time=1.4613563926740722e-01 dt=9.1981155103665855e-06
cycle=824 time=1.4614483738291759e-01 dt=1.0090199127398113e-05
cycle=825 time=1.4615492758204499e-01 dt=1.0569288616275471e-05
cycle=826 time=1.4616549687066127e-01 dt=1.1294063873792976e-05
cycle=827 time=1.4617679093453506e-01 dt=1.0269545344887322e-05
cycle=828 time=1.4618706047987995e-01 dt=9.3796232345513940e-06
cycle=829 time=1.4619644010311450e-01 dt=8.6701070157813362e-06
cycle=830 time=1.4620511021013027e-01 dt=8.2202318527963063e-06
cycle=831 time=1.4621333044198306e-01 dt=7.9563990702035454e-06
cycle=832 time=1.4622128684105326e-01 dt=7.7962709755176926e-06
cycle=833 time=1.4622908311202878e-01 dt=7.6888490487979279e-06
cycle=834 time=1.4623677196107759e-01 dt=7.6050347363050350e-06
cycle=835 time=1.4624437699581391e-01 dt=7.5257699366301173e-06
cycle=836 time=1.4625190276575054e-01 dt=7.4425789164892520e-06
cycle=837 time=1.4625934534466703e-01 dt=7.3536131236315398e-06
cycle=838 time=1.4626669895779065e-01 dt=7.2604925578675627e-06
cycle=839 time=1.4627395945034852e-01 dt=7.1660197692750033e-06
cycle=840 time=1.4628112547011779e-01 dt=7.4530740676524109e-06
cycle=841 time=1.4628857854418545e-01 dt=8.4210402423859916e-06
cycle=842 time=1.4629699958442782e-01 dt=1.0205511985696833e-05
cycle=843 time=1.4630720509641351e-01 dt=1.2579919732621778e-05
cycle=844 time=1.4631978501614612e-01 dt=1.1744559247878580e-05
cycle=845 time=1.4633152957539400e-01 dt=1.0164893841599582e-05
cycle=846 time=1.4634169446923559e-01 dt=9.0826868896277883e-06
cycle=847 time=1.4635077715612521e-01 dt=8.9274149778417024e-06
cycle=848 time=1.4635970457110306e-01 dt=8.9490666169979255e-06
cycle=849 time=1.4636865363772006e-01 dt=9.3163813341399346e-06
cycle=850 time=1.4637797001905420e-01 dt=9.6775113739661933e-06
cycle=851 time=1.4638764753042816e-01 dt=9.1718890658196770e-06
cycle=852 time=1.4639681941949398e-01 dt=8.7231857932722696e-06
cycle=853 time=1.4640554260528726e-01 dt=8.3720459331586901e-06
cycle=854 time=1.4641391465122042e-01 dt=8.4546090744121950e-06
cycle=855 time=1.4642236926029484e-01 dt=9.0103628584654597e-06
cycle=856 time=1.4643137962315331e-01 dt=8.6327015226152091e-06
cycle=857 time=1.4644001232467593e-01 dt=8.3734527238089750e-06
cycle=858 time=1.4644838577739974e-01 dt=8.5861800258250701e-06
cycle=859 time=1.4645697195742557e-01 dt=8.5126150435672868e-06
cycle=860 time=1.4646548457246913e-01 dt=8.0696029785341451e-06
cycle=861 time=1.4647355417544766e-01 dt=7.7420170660250066e-06
cycle=862 time=1.4648129619251368e-01 dt=7.9241244625032571e-06
cycle=863 time=1.4648922031697620e-01 dt=8.6177725196951733e-06
cycle=864 time=1.4649783808949590e-01 dt=7.9464365036281527e-06
cycle=865 time=1.4650578452599952e-01 dt=6.9272094521996934e-06
cycle=866 time=1.4651271173545172e-01 dt=6.0774506357236080e-06
cycle=867 time=1.4651878918608743e-01 dt=5.4672316209834398e-06
cycle=868 time=1.4652425641770842e-01 dt=5.1236159226632602e-06
cycle=869 time=1.4652938003363108e-01 dt=4.9305166968997600e-06
cycle=870 time=1.4653431055032798e-01 dt=4.7969414007685511e-06
cycle=871 time=1.4653910749172874e-01 dt=4.9141420197036609e-06
cycle=872 time=1.4654402163374844e-01 dt=5.2669521449623418e-06
cycle=873 time=1.4654928858589339e-01 dt=5.4329796185462353e-06
cycle=874 time=1.4655472156551194e-01 dt=6.5080154986669303e-06
cycle=875 time=1.4656122958101062e-01 dt=8.8648119957323276e-06
cycle=876 time=1.4657009439300636e-01 dt=9.9378215937404472e-06
cycle=877 time=1.4658003221460011e-01 dt=8.6510456665443941e-06
cycle=878 time=1.4658868326026667e-01 dt=7.2331310112470255e-06
cycle=879 time=1.4659591639127792e-01 dt=5.9032079028628781e-06
cycle=880 time=1.4660181959918078e-01 dt=4.8556405445314321e-06
cycle=881 time=1.4660667523972531e-01 dt=4.3733952386670133e-06
cycle=882 time=1.4661104863496399e-01 dt=4.4618622523202042e-06
cycle=883 time=1.4661551049721630e-01 dt=5.1849702504025920e-06
cycle=884 time=1.4662069546746670e-01 dt=6.7777278970427203e-06
cycle=885 time=1.4662747319536373e-01 dt=9.9778936981249674e-06
cycle=886 time=1.4663745108906187e-01 dt=1.1639873851853840e-05
cycle=887 time=1.4664909096291373e-01 dt=1.0946160286482622e-05
cycle=888 time=1.4666003712320022e-01 dt=9.4445836024650480e-06
cycle=889 time=1.4666948170680269e-01 dt=7.5961414515266966e-06
cycle=890 time=1.4667707784825421e-01 dt=6.0877339591358702e-06
cycle=891 time=1.4668316558221334e-01 dt=5.1881132177022804e-06
cycle=892 time=1.4668835369543104e-01 dt=4.9259094930907326e-06
cycle=893 time=1.4669327960492412e-01 dt=5.2515975010120863e-06
cycle=894 time=1.4669853120242513e-01 dt=5.1276396507787023e-06
cycle=895 time=1.4670365884207590e-01 dt=5.0810796835091613e-06
cycle=896 time=1.4670873992175940e-01 dt=5.1051695346163847e-06
cycle=897 time=1.4671384509129401e-01 dt=5.1676905722271223e-06
cycle=898 time=1.4671901278186625e-01 dt=5.2394677363613589e-06
cycle=899 time=1.4672425224960262e-01 dt=5.3058403145114728e-06
cycle=900 time=1.4672955808991714e-01 dt=5.3634751400227348e-06
cycle=901 time=1.4673492156505716e-01 dt=5.4124779786786214e-06
cycle=902 time=1.4674033404303582e-01 dt=6.3266504920944132e-06
cycle=903 time=1.4674666069352793e-01 dt=8.5396987977818423e-06
cycle=904 time=1.4675520039232570e-01 dt=9.5622885431801609e-06
cycle=905 time=1.4676476268086888e-01 dt=1.0439087816757150e-05
cycle=906 time=1.4677520176868564e-01 dt=8.6142441060493229e-06
cycle=907 time=1.4678381601279170e-01 dt=6.8941110676849814e-06
cycle=908 time=1.4679071012385939e-01 dt=5.5018781464185511e-06
cycle=909 time=1.4679621200200579e-01 dt=4.6995903644721557e-06
cycle=910 time=1.4680091159237027e-01 dt=4.9193549691217579e-06
cycle=911 time=1.4680583094733940e-01 dt=5.8054072666992259e-06
cycle=912 time=1.4681163635460609e-01 dt=7.6729014529633200e-06
cycle=913 time=1.4681930925605904e-01 dt=9.6052749768210409e-06
cycle=914 time=1.4682891453103586e-01 dt=8.4872636779801242e-06
cycle=915 time=1.4683740179471383e-01 dt=7.2381600145251253e-06
cycle=916 time=1.4684463995472835e-01 dt=6.0736124707444449e-06
cycle=917 time=1.4685071356719909e-01 dt=5.1404900416719037e-06
cycle=918 time=1.4685585405724075e-01 dt=4.8324591560672717e-06
cycle=919 time=1.4686068651639680e-01 dt=5.3857752231398949e-06
cycle=920 time=1.4686607229161994e-01 dt=6.7813018269505389e-06
cycle=921 time=1.4687285359344690e-01 dt=8.0869833447490545e-06
cycle=922 time=1.4688094057679166e-01 dt=9.8205937438150485e-06
cycle=923 time=1.4689076117053548e-01 dt=9.7316745713835989e-06
cycle=924 time=1.4690049284510687e-01 dt=8.5075610219007056e-06
cycle=925 time=1.4690900040612878e-01 dt=8.2059973464891753e-06
cycle=926 time=1.4691720640347528e-01 dt=9.2595139494528972e-06
cycle=927 time=1.4692646591742473e-01 dt=9.5296699049370019e-06
cycle=928 time=1.4693599558732967e-01 dt=9.2254194381436316e-06
cycle=929 time=1.4694522100676782e-01 dt=8.3730771566882118e-06
cycle=930 time=1.4695359408392450e-01 dt=7.7181737383350738e-06
cycle=931 time=1.4696131225766285e-01 dt=7.2672021152837973e-06
cycle=932 time=1.4696857945977812e-01 dt=6.9776335437158506e-06
cycle=933 time=1.4697555709332183e-01 dt=6.7942610237843678e-06
cycle=934 time=1.4698235135434562e-01 dt=6.6745760930880474e-06
cycle=935 time=1.4698902593043869e-01 dt=6.5905701747022738e-06
cycle=936 time=1.4699561650061341e-01 dt=6.5202070674197982e-06
cycle=937 time=1.4700213670768084e-01 dt=6.6114459191922716e-06
cycle=938 time=1.4700874815360002e-01 dt=7.2384274448443758e-06
cycle=939 time=1.4701598658104487e-01 dt=8.3534200442885678e-06
cycle=940 time=1.4702434000108916e-01 dt=8.1375212774020150e-06
cycle=941 time=1.4703247752236656e-01 dt=7.8315756040634450e-06
cycle=942 time=1.4704030909797061e-01 dt=7.5067427323838102e-06
cycle=943 time=1.4704781584070301e-01 dt=7.2123579558426028e-06
cycle=944 time=1.4705502819865884e-01 dt=6.9735377408389136e-06
cycle=945 time=1.4706200173639969e-01 dt=6.7951835804402707e-06
cycle=946 time=1.4706879691998012e-01 dt=6.6904032523040322e-06
cycle=947 time=1.4707548732323242e-01 dt=6.8535440825855955e-06
cycle=948 time=1.4708234086731500e-01 dt=7.3210285879854376e-06
cycle=949 time=1.4708966189590300e-01 dt=8.1484832113655965e-06
cycle=950 time=1.4709781037911437e-01 dt=9.4026090253046418e-06
cycle=951 time=1.4710721298813967e-01 dt=8.8238341707168781e-06
cycle=952 time=1.4711603682231039e-01 dt=7.6021154814149938e-06
cycle=953 time=1.4712363893779182e-01 dt=7.0752655988859403e-06
cycle=954 time=1.4713071420339072e-01 dt=6.8175618761949107e-06
cycle=955 time=1.4713753176526692e-01 dt=6.5061606957300847e-06
cycle=956 time=1.4714403792596265e-01 dt=6.3051360958262774e-06
cycle=957 time=1.4715034306205846e-01 dt=6.1805964918076508e-06
cycle=958 time=1.4715652365855025e-01 dt=6.2974945280618960e-06
cycle=959 time=1.4716282115307833e-01 dt=7.1810719615609797e-06
cycle=960 time=1.4717000222503990e-01 dt=8.9967720878026239e-06
cycle=961 time=1.4717899899712769e-01 dt=8.5967875361415317e-06
cycle=962 time=1.4718759578466384e-01 dt=8.0805814532776758e-06
cycle=963 time=1.4719567636611711e-01 dt=7.5687057843856565e-06
cycle=964 time=1.4720324507190150e-01 dt=7.1323764728429628e-06
cycle=965 time=1.4721037744837434e-01 dt=6.8023806774457633e-06
cycle=966 time=1.4721717982905178e-01 dt=6.5766690129210322e-06
cycle=967 time=1.4722375649806468e-01 dt=6.4324534233872939e-06
cycle=968 time=1.4723018895148807e-01 dt=6.3419947194804756e-06
cycle=969 time=1.4723653094620756e-01 dt=6.2855955799489392e-06
cycle=970 time=1.4724281654178750e-01 dt=6.2496090491151672e-06
cycle=971 time=1.4724906615083660e-01 dt=6.2236271439607241e-06
cycle=972 time=1.4725528977798055e-01 dt=6.2001193460184821e-06
cycle=973 time=1.4726148989732657e-01 dt=6.1742063497469308e-06
cycle=974 time=1.4726766410367631e-01 dt=6.1432913462383431e-06
cycle=975 time=1.4727380739502255e-01 dt=6.1984061637049087e-06
cycle=976 time=1.4728000580118625e-01 dt=6.5172008919538243e-06
cycle=977 time=1.4728652300207820e-01 dt=7.1580798641808169e-06
cycle=978 time=1.4729368108194238e-01 dt=8.2020349542870916e-06
cycle=979 time=1.4730188311689665e-01 dt=8.4139200365423673e-06
cycle=980 time=1.4731029703693319e-01 dt=8.3178928803212491e-06
cycle=981 time=1.4731861492981352e-01 dt=8.5742103700868151e-06
cycle=982 time=1.4732718914018361e-01 dt=8.3631255873563012e-06
cycle=983 time=1.4733555226577097e-01 dt=7.7416527446293857e-06
cycle=984 time=1.4734329391851561e-01 dt=7.2626203488797863e-06
cycle=985 time=1.4735055653886450e-01 dt=6.9474220059583854e-06
cycle=986 time=1.4735750396087047e-01 dt=6.7484322391461718e-06
cycle=987 time=1.4736425239310960e-01 dt=6.6229377506265364e-06
cycle=988 time=1.4737087533086024e-01 dt=6.5419781945588720e-06
cycle=989 time=1.4737741730905479e-01 dt=6.4869204522985729e-06
cycle=990 time=1.4738390422950709e-01 dt=6.4471159063190557e-06
cycle=991 time=1.4739035134541342e-01 dt=6.4159485176783349e-06
cycle=992 time=1.4739676729393111e-01 dt=6.4268947845350825e-06
cycle=993 time=1.4740319418871564e-01 dt=6.7824138976146388e-06
cycle=994 time=1.4740997660261326e-01 dt=7.3449252079362173e-06
cycle=995 time=1.4741732152782119e-01 dt=8.1391013951837814e-06
cycle=996 time=1.4742546062921638e-01 dt=9.1897479212808718e-06
cycle=997 time=1.4743465037713765e-01 dt=9.5162233412680380e-06
cycle=998 time=1.4744416660047893e-01 dt=8.6968181608059020e-06
cycle=999 time=1.4745286341863975e-01 dt=8.0450200228035446e-06
cycle=1000 time=1.4746090843866255e-01 dt=7.5911113938059800e-06
cycle=1001 time=1.4746849955005636e-01 dt=7.3052513907622884e-06
cycle=1002 time=1.4747580480144712e-01 dt=7.1292245645387045e-06
cycle=1003 time=1.4748293402601165e-01 dt=7.0176158288675055e-06
cycle=1004 time=1.4748995164184051e-01 dt=6.9420430545966656e-06
cycle=1005 time=1.4749689368489510e-01 dt=6.8857049035360631e-06
cycle=1006 time=1.4750377938979864e-01 dt=6.8328614376522933e-06
cycle=1007 time=1.4751061225123629e-01 dt=6.7816563678071568e-06
cycle=1008 time=1.4751739390760410e-01 dt=6.7306836314656439e-06
cycle=1009 time=1.4752412459123557e-01 dt=6.6789627694642654e-06
cycle=1010 time=1.4753080355400502e-01 dt=6.6266666088299394e-06
cycle=1011 time=1.4753743022061386e-01 dt=6.5748688097412082e-06
cycle=1012 time=1.4754400508942359e-01 dt=6.5229194876457016e-06
cycle=1013 time=1.4755052800891122e-01 dt=6.4700315727824362e-06
cycle=1014 time=1.4755699804048400e-01 dt=6.4159556518943595e-06
cycle=1015 time=1.4756341399613590e-01 dt=6.3609419701645844e-06
cycle=1016 time=1.4756977493810605e-01 dt=6.3532781283029041e-06
cycle=1017 time=1.4757612821623436e-01 dt=6.5126221740686727e-06
cycle=1018 time=1.4758264083840844e-01 dt=6.8671809177722224e-06
cycle=1019 time=1.4758950801932622e-01 dt=7.4502623300380758e-06
cycle=1020 time=1.4759695828165625e-01 dt=8.2998645877039643e-06
cycle=1021 time=1.4760525814624395e-01 dt=9.4451078231587777e-06
cycle=1022 time=1.4761470325406711e-01 dt=8.8279115515155668e-06
cycle=1023 time=1.4762353116561863e-01 dt=8.0357458907665252e-06
cycle=1024 time=1.4763156691150939e-01 dt=7.3994748053406919e-06
cycle=1025 time=1.4763896638631474e-01 dt=6.9957902577328306e-06
cycle=1026 time=1.4764596217657247e-01 dt=6.7611154419702144e-06
cycle=1027 time=1.4765272329201445e-01 dt=6.6271722869027248e-06
cycle=1028 time=1.4765935046430137e-01 dt=6.5518476055220284e-06
cycle=1029 time=1.4766590231190690e-01 dt=6.5089542479903200e-06
cycle=1030 time=1.4767241126615491e-01 dt=6.4828887333826216e-06
cycle=1031 time=1.4767889415488830e-01 dt=6.4637535874947978e-06
cycle=1032 time=1.4768535790847578e-01 dt=6.4468238222454990e-06
cycle=1033 time=1.4769180473229804e-01 dt=6.5814499941645633e-06
cycle=1034 time=1.4769838618229220e-01 dt=6.4527192822466174e-06
cycle=1035 time=1.4770483890157443e-01 dt=5.7185296673146538e-06
cycle=1036 time=1.4771055743124176e-01 dt=5.0637216684793865e-06
cycle=1037 time=1.4771562115291023e-01 dt=4.5653720836001855e-06
cycle=1038 time=1.4772018652499383e-01 dt=4.2654663848410047e-06
cycle=1039 time=1.4772445199137868e-01 dt=4.1074778601840448e-06
cycle=1040 time=1.4772855946923885e-01 dt=4.0052795004200785e-06
cycle=1041 time=1.4773256474873928e-01 dt=4.0338224625591093e-06
cycle=1042 time=1.4773659857120183e-01 dt=4.6055638145308057e-06
cycle=1043 time=1.4774120413501637e-01 dt=5.8790677766441340e-06
cycle=1044 time=1.4774708320279301e-01 dt=6.4619131527441652e-06
cycle=1045 time=1.4775354511594574e-01 dt=7.0076947180190019e-06
cycle=1046 time=1.4776055281066375e-01 dt=7.5159844431925163e-06
cycle=1047 time=1.4776806879510693e-01 dt=8.9612560608154356e-06
cycle=1048 time=1.4777703005116774e-01 dt=8.9966277123274495e-06
cycle=1049 time=1.4778602667888008e-01 dt=7.9003960610347535e-06
cycle=1050 time=1.4779392707494110e-01 dt=6.4380810820701149e-06
cycle=1051 time=1.4780036515602318e-01 dt=5.2607129285100957e-06
cycle=1052 time=1.4780562586895168e-01 dt=4.5380421451999823e-06
cycle=1053 time=1.4781016391109689e-01 dt=4.2708320942638427e-06
cycle=1054 time=1.4781443474319114e-01 dt=4.1694239718894770e-06
cycle=1055 time=1.4781860416716303e-01 dt=4.1333776909784800e-06
cycle=1056 time=1.4782273754485400e-01 dt=4.1228135241636807e-06
cycle=1057 time=1.4782686035837816e-01 dt=4.5540553121368177e-06
cycle=1058 time=1.4783141441369030e-01 dt=5.7164685704638288e-06
cycle=1059 time=1.4783713088226078e-01 dt=7.9382598029451680e-06
cycle=1060 time=1.4784506914206372e-01 dt=9.0133110337857411e-06
cycle=1061 time=1.4785408245309750e-01 dt=8.6861104971765140e-06
cycle=1062 time=1.4786276856359468e-01 dt=8.1141540259829239e-06
cycle=1063 time=1.4787088271762067e-01 dt=7.3350327479577626e-06
cycle=1064 time=1.4787821775036863e-01 dt=6.1006631369496078e-06
cycle=1065 time=1.4788431841350558e-01 dt=5.2375284703576694e-06
cycle=1066 time=1.4788955594197595e-01 dt=4.8262395793357556e-06
cycle=1067 time=1.4789438218155529e-01 dt=4.6392217920269363e-06
cycle=1068 time=1.4789902140334732e-01 dt=4.5101644345570978e-06
cycle=1069 time=1.4790353156778188e-01 dt=4.4552118858115981e-06
cycle=1070 time=1.4790798677966768e-01 dt=4.3811542075434530e-06
cycle=1071 time=1.4791236793387522e-01 dt=4.8088364758207257e-06
cycle=1072 time=1.4791717677035104e-01 dt=5.8403763761910075e-06
cycle=1073 time=1.4792301714672723e-01 dt=7.0606725806100476e-06
cycle=1074 time=1.4793007781930784e-01 dt=8.4827795277382895e-06
cycle=1075 time=1.4793856059883559e-01 dt=8.2582757637988381e-06
cycle=1076 time=1.4794681887459940e-01 dt=7.4195547881116330e-06
cycle=1077 time=1.4795423842938751e-01 dt=6.5323159244883753e-06
cycle=1078 time=1.4796077074531200e-01 dt=5.6635170619748172e-06
cycle=1079 time=1.4796643426237396e-01 dt=4.8746633095099967e-06
cycle=1080 time=1.4797130892568347e-01 dt=4.4682844499142127e-06
cycle=1081 time=1.4797577721013339e-01 dt=4.7731429037524384e-06
cycle=1082 time=1.4798055035303714e-01 dt=5.6944914313101278e-06
cycle=1083 time=1.4798624484446846e-01 dt=7.4296108675133347e-06
cycle=1084 time=1.4799367445533598e-01 dt=7.2391672888165965e-06
cycle=1085 time=1.4800091362262480e-01 dt=7.9992028855169440e-06
cycle=1086 time=1.4800891282551032e-01 dt=9.6223302073420558e-06
cycle=1087 time=1.4801853515571767e-01 dt=9.3182223678156346e-06
cycle=1088 time=1.4802785337808549e-01 dt=8.3759722772409166e-06
cycle=1089 time=1.4803622935036273e-01 dt=7.4652252872947506e-06
cycle=1090 time=1.4804369457565003e-01 dt=6.4946680642201176e-06
cycle=1091 time=1.4805018924371424e-01 dt=5.8960638881733153e-06
cycle=1092 time=1.4805608530760242e-01 dt=5.6067267954109888e-06
cycle=1093 time=1.4806169203439784e-01 dt=5.5059880472007898e-06
cycle=1094 time=1.4806719802244503e-01 dt=5.8290311663329892e-06
cycle=1095 time=1.4807302705361136e-01 dt=7.0137099749143054e-06
cycle=1096 time=1.4808004076358627e-01 dt=8.4713443495414831e-06
cycle=1097 time=1.4808851210793580e-01 dt=8.2090315411826589e-06
cycle=1098 time=1.4809672113947700e-01 dt=7.2193898611926808e-06
cycle=1099 time=1.4810394052933820e-01 dt=6.2013253170960125e-06
cycle=1100 time=1.4811014185465529e-01 dt=5.4604142854813615e-06
cycle=1101 time=1.4811560226894077e-01 dt=5.0281515835724035e-06
cycle=1102 time=1.4812063042052434e-01 dt=4.8359674326679240e-06
cycle=1103 time=1.4812546638795701e-01 dt=4.7258299877562202e-06
cycle=1104 time=1.4813019221794477e-01 dt=4.6439346684731591e-06
cycle=1105 time=1.4813483615261325e-01 dt=4.8098598547946242e-06
cycle=1106 time=1.4813964601246804e-01 dt=5.5809429378642586e-06
cycle=1107 time=1.4814522695540591e-01 dt=7.0415530792587484e-06
cycle=1108 time=1.4815226850848517e-01 dt=9.2173698081080592e-06
cycle=1109 time=1.4816148587829328e-01 dt=9.0769377741218782e-06
cycle=1110 time=1.4817056281606741e-01 dt=8.9584246561954005e-06
cycle=1111 time=1.4817952124072362e-01 dt=8.6353358448241166e-06
cycle=1112 time=1.4818815657656845e-01 dt=7.8907212067755567e-06
cycle=1113 time=1.4819604729777522e-01 dt=7.3297969456022412e-06
cycle=1114 time=1.4820337709472081e-01 dt=6.9744916761058687e-06
cycle=1115 time=1.4821035158639692e-01 dt=6.7748124697812364e-06
cycle=1116 time=1.4821712639886669e-01 dt=6.6678808623132984e-06
cycle=1117 time=1.4822379427972901e-01 dt=6.6087269995029624e-06
cycle=1118 time=1.4823040300672852e-01 dt=6.5750434569883602e-06
cycle=1119 time=1.4823697805018551e-01 dt=6.6081051029270093e-06
cycle=1120 time=1.4824358615528843e-01 dt=6.8680481860689648e-06
cycle=1121 time=1.4825045420347449e-01 dt=7.0078398479835038e-06
cycle=1122 time=1.4825746204332246e-01 dt=7.0491242910043606e-06
cycle=1123 time=1.4826451116761347e-01 dt=7.2579320490801633e-06
cycle=1124 time=1.4827176909966255e-01 dt=7.6183711949329374e-06
cycle=1125 time=1.4827938747085748e-01 dt=8.1374342702146037e-06
cycle=1126 time=1.4828752490512770e-01 dt=8.5555213379182585e-06
cycle=1127 time=1.4829608042646561e-01 dt=7.6699268062408573e-06
cycle=1128 time=1.4830375035327184e-01 dt=6.9754766560725759e-06
cycle=1129 time=1.4831072582992791e-01 dt=6.0928014984456533e-06
cycle=1130 time=1.4831681863142634e-01 dt=5.4877973492015784e-06
cycle=1131 time=1.4832230642877556e-01 dt=5.1487632209688970e-06
cycle=1132 time=1.4832745519199653e-01 dt=4.9644360035715132e-06
cycle=1133 time=1.4833241962800009e-01 dt=4.8515928549885196e-06
cycle=1134 time=1.4833727122085508e-01 dt=5.2704541485162682e-06
cycle=1135 time=1.4834254167500360e-01 dt=6.4315769697233350e-06
cycle=1136 time=1.4834897325197333e-01 dt=8.5198458547523150e-06
cycle=1137 time=1.4835749309782809e-01 dt=9.2613213325607676e-06
cycle=1138 time=1.4836675441916064e-01 dt=8.9975648214900774e-06
cycle=1139 time=1.4837575198398212e-01 dt=8.3248573826879537e-06
cycle=1140 time=1.4838407684136481e-01 dt=7.7781289477961942e-06
cycle=1141 time=1.4839185497031260e-01 dt=7.6028446731738408e-06
cycle=1142 time=1.4839945781498576e-01 dt=7.7264453463008477e-06
cycle=1143 time=1.4840718426033206e-01 dt=7.6122891645628305e-06
cycle=1144 time=1.4841479654949663e-01 dt=7.0265054923380233e-06
cycle=1145 time=1.4842182305498897e-01 dt=7.0686899639030768e-06
cycle=1146 time=1.4842889174495286e-01 dt=6.8809765876914039e-06
cycle=1147 time=1.4843577272154054e-01 dt=6.7462292682860784e-06
cycle=1148 time=1.4844251895080882e-01 dt=6.6511621987086348e-06
cycle=1149 time=1.4844917011300751e-01 dt=6.5794646946548661e-06
cycle=1150 time=1.4845574957770216e-01 dt=6.5212006912506180e-06
cycle=1151 time=1.4846227077839341e-01 dt=6.4701639890160962e-06
cycle=1152 time=1.4846874094238244e-01 dt=6.4208106186083795e-06
cycle=1153 time=1.4847516175300104e-01 dt=6.3703981576897110e-06
cycle=1154 time=1.4848153215115872e-01 dt=6.3201152203937725e-06
cycle=1155 time=1.4848785226637912e-01 dt=6.7871037851209041e-06
cycle=1156 time=1.4849463937016424e-01 dt=7.8369161868456916e-06
cycle=1157 time=1.4850247628635108e-01 dt=7.9436306601192812e-06
cycle=1158 time=1.4851041991701119e-01 dt=8.1907020800673850e-06
cycle=1159 time=1.4851861061909127e-01 dt=7.5341182759321775e-06
cycle=1160 time=1.4852614473736719e-01 dt=6.9674531427099426e-06
cycle=1161 time=1.4853311219050991e-01 dt=6.5960761051787700e-06
cycle=1162 time=1.4853970826661508e-01 dt=6.3799622039898276e-06
cycle=1163 time=1.4854608822881907e-01 dt=6.2511113313727731e-06
cycle=1164 time=1.4855233934015044e-01 dt=6.2317201725931677e-06
cycle=1165 time=1.4855857106032302e-01 dt=6.4484359675582621e-06
cycle=1166 time=1.4856501949629058e-01 dt=6.8453355057924661e-06
cycle=1167 time=1.4857186483179638e-01 dt=7.1647616079705115e-06
cycle=1168 time=1.4857902959340435e-01 dt=6.5703859020614502e-06
cycle=1169 time=1.4858559997930643e-01 dt=6.0432394043111188e-06
cycle=1170 time=1.4859164321871074e-01 dt=5.6494536406297150e-06
cycle=1171 time=1.4859729267235136e-01 dt=5.5059786172405651e-06
cycle=1172 time=1.4860279865096859e-01 dt=6.1917896664193696e-06
cycle=1173 time=1.4860899044063502e-01 dt=7.7212542014702501e-06
cycle=1174 time=1.4861671169483651e-01 dt=7.9189610498984262e-06
cycle=1175 time=1.4862463065588641e-01 dt=7.5196841781971920e-06
cycle=1176 time=1.4863215034006461e-01 dt=7.3323436000600104e-06
cycle=1177 time=1.4863948268366467e-01 dt=7.4294567170300013e-06
cycle=1178 time=1.4864691214038170e-01 dt=7.7659923042173850e-06
cycle=1179 time=1.4865467813268590e-01 dt=8.3017278474881184e-06
cycle=1180 time=1.4866297986053340e-01 dt=7.8709853711467663e-06
cycle=1181 time=1.4867085084590453e-01 dt=7.4757789664674053e-06
cycle=1182 time=1.4867832662487099e-01 dt=7.2271423821802330e-06
cycle=1183 time=1.4868555376725318e-01 dt=7.0887016630452496e-06
cycle=1184 time=1.4869264246891623e-01 dt=7.0078046596140617e-06
cycle=1185 time=1.4869965027357585e-01 dt=6.9313090525088214e-06
cycle=1186 time=1.4870658158262837e-01 dt=6.7971627720729888e-06
cycle=1187 time=1.4871337874540044e-01 dt=6.6842379166681364e-06
cycle=1188 time=1.4872006298331711e-01 dt=6.5901486679131230e-06
cycle=1189 time=1.4872665313198502e-01 dt=6.6141313974670016e-06
cycle=1190 time=1.4873326726338248e-01 dt=6.9986508988518093e-06
cycle=1191 time=1.4874026591428133e-01 dt=7.7199392983741120e-06
cycle=1192 time=1.4874798585357971e-01 dt=7.5341816542590188e-06
cycle=1193 time=1.4875552003523396e-01 dt=7.3222226206160414e-06
cycle=1194 time=1.4876284225785458e-01 dt=7.1221627306289163e-06
cycle=1195 time=1.4876996442058521e-01 dt=6.9484923767258817e-06
cycle=1196 time=1.4877691291296194e-01 dt=6.8052260064722922e-06
cycle=1197 time=1.4878371813896840e-01 dt=6.6903237527037394e-06
cycle=1198 time=1.4879040846272110e-01 dt=6.6001272328252179e-06
cycle=1199 time=1.4879700858995393e-01 dt=6.5308440470009703e-06
cycle=1200 time=1.4880353943400093e-01 dt=6.4768163773663959e-06
cycle=1201 time=1.4881001625037829e-01 dt=6.4329371918108187e-06
cycle=1202 time=1.4881644918757009e-01 dt=6.3949626126089414e-06
cycle=1203 time=1.4882284415018271e-01 dt=6.3599084318609604e-06
cycle=1204 time=1.4882920405861458e-01 dt=6.3258574817535121e-06
cycle=1205 time=1.4883552991609633e-01 dt=6.2916911321001208e-06
cycle=1206 time=1.4884182160722842e-01 dt=6.2568452413326900e-06
cycle=1207 time=1.4884807845246975e-01 dt=6.2212722287369903e-06
cycle=1208 time=1.4885429972469849e-01 dt=6.1850757735522405e-06
cycle=1209 time=1.4886048480047204e-01 dt=6.1484227426948719e-06
cycle=1210 time=1.4886663322321472e-01 dt=6.1115332174203091e-06
cycle=1211 time=1.4887274475643214e-01 dt=6.0746370126541841e-06
cycle=1212 time=1.4887881939344480e-01 dt=6.0379460644253000e-06
cycle=1213 time=1.4888485733950924e-01 dt=6.0016364658590768e-06
cycle=1214 time=1.4889085897597509e-01 dt=5.9658414740770461e-06
cycle=1215 time=1.4889682481744917e-01 dt=5.9306302370780142e-06
cycle=1216 time=1.4890275544768625e-01 dt=5.8966554834602965e-06
cycle=1217 time=1.4890865210316970e-01 dt=5.8642082875612209e-06
cycle=1218 time=1.4891451631145725e-01 dt=5.8332687493505477e-06
cycle=1219 time=1.4892034958020658e-01 dt=5.8035490164919825e-06
cycle=1220 time=1.4892615312922308e-01 dt=5.7746444110816065e-06
cycle=1221 time=1.4893192777363418e-01 dt=5.7462252585330947e-06
cycle=1222 time=1.4893767399889271e-01 dt=5.7180517942259712e-06
cycle=1223 time=1.4894339205068693e-01 dt=5.6899039830730558e-06
cycle=1224 time=1.4894908195467002e-01 dt=5.6616108075961867e-06
cycle=1225 time=1.4895474356547761e-01 dt=5.6331812317152066e-06
cycle=1226 time=1.4896037674670934e-01 dt=5.6042659836139301e-06
cycle=1227 time=1.4896598101269296e-01 dt=5.5748633979989914e-06
cycle=1228 time=1.4897155587609096e-01 dt=5.5448702505114668e-06
cycle=1229 time=1.4897710074634146e-01 dt=5.5144635945083495e-06
cycle=1230 time=1.4898261520993597e-01 dt=5.4839142735930134e-06
cycle=1231 time=1.4898809912420957e-01 dt=5.4534441268083485e-06
cycle=1232 time=1.4899355256833638e-01 dt=5.4232009997166559e-06
cycle=1233 time=1.4899897576933610e-01 dt=5.3932463329576142e-06
cycle=1234 time=1.4900436901566905e-01 dt=5.3636416180458556e-06
cycle=1235 time=1.4900973265728709e-01 dt=5.3165412202392494e-06
cycle=1236 time=1.4901504919850733e-01 dt=5.2573229081365359e-06
cycle=1237 time=1.4902030652141546e-01 dt=5.2026234189497975e-06
cycle=1238 time=1.4902550914483439e-01 dt=5.1530263012133287e-06
cycle=1239 time=1.4903066217113561e-01 dt=5.1075682191261919e-06
cycle=1240 time=1.4903576973935473e-01 dt=5.0651731103747853e-06
cycle=1241 time=1.4904083491246511e-01 dt=5.0256811688385655e-06
cycle=1242 time=1.4904586059363395e-01 dt=4.9888551149642092e-06
cycle=1243 time=1.4905084944874891e-01 dt=4.9544203974801734e-06
cycle=1244 time=1.4905580386914638e-01 dt=4.9220900714886693e-06
cycle=1245 time=1.4906072595921788e-01 dt=4.8915785357817077e-06
cycle=1246 time=1.4906561753775366e-01 dt=4.8626080292454211e-06
cycle=1247 time=1.4907048014578289e-01 dt=4.8349145162610113e-06
cycle=1248 time=1.4907531506029914e-01 dt=4.8082531932701537e-06
cycle=1249 time=1.4908012331349241e-01 dt=4.7824141583546206e-06
cycle=1250 time=1.4908490572765076e-01 dt=4.7572298495311889e-06
cycle=1251 time=1.4908966295750029e-01 dt=4.7325696479289147e-06
cycle=1252 time=1.4909439552714820e-01 dt=4.7083374444009449e-06
cycle=1253 time=1.4909910386459260e-01 dt=4.6846912989684956e-06
cycle=1254 time=1.4910378855589157e-01 dt=4.6617792261541022e-06
cycle=1255 time=1.4910845033511771e-01 dt=4.6393907293102882e-06
cycle=1256 time=1.4911308972584703e-01 dt=4.6173906416257738e-06
cycle=1257 time=1.4911770711648864e-01 dt=4.5954350911568531e-06
cycle=1258 time=1.4912230255157979e-01 dt=4.5735066491015374e-06
cycle=1259 time=1.4912687605822889e-01 dt=4.5515512897207780e-06
cycle=1260 time=1.4913142760951861e-01 dt=4.5295356749234320e-06
cycle=1261 time=1.4913595714519354e-01 dt=4.5075038722744320e-06
cycle=1262 time=1.4914046464906580e-01 dt=4.4854932125197310e-06
cycle=1263 time=1.4914495014227833e-01 dt=4.4639435267860265e-06
cycle=1264 time=1.4914941408580512e-01 dt=4.4481034100130199e-06
cycle=1265 time=1.4915386218921514e-01 dt=4.4398107841826021e-06
cycle=1266 time=1.4915830199999933e-01 dt=4.4404037114116643e-06
cycle=1267 time=1.4916274240371075e-01 dt=4.4487389025018325e-06
cycle=1268 time=1.4916719114261326e-01 dt=4.4670457618191190e-06
cycle=1269 time=1.4917165818837508e-01 dt=4.2423796946102903e-06
cycle=1270 time=1.4917590056806967e-01 dt=3.9207947330503121e-06
cycle=1271 time=1.4917982136280272e-01 dt=3.6581444309980219e-06
cycle=1272 time=1.4918347950723371e-01 dt=3.4772720386462473e-06
cycle=1273 time=1.4918695677927235e-01 dt=3.3842041187445255e-06
cycle=1274 time=1.4919034098339110e-01 dt=3.3257890963479571e-06
cycle=1275 time=1.4919366677248744e-01 dt=3.5982115952125862e-06
cycle=1276 time=1.4919726498408264e-01 dt=4.2354107833151623e-06
cycle=1277 time=1.4920150039486596e-01 dt=5.2264367497026179e-06
cycle=1278 time=1.4920672683161565e-01 dt=5.5431479855367980e-06
cycle=1279 time=1.4921226997960119e-01 dt=5.7179657190801310e-06
cycle=1280 time=1.4921798794532026e-01 dt=5.9001669844081864e-06
cycle=1281 time=1.4922388811230466e-01 dt=6.0971750375118669e-06
cycle=1282 time=1.4922998528734219e-01 dt=6.0080623848866199e-06
cycle=1283 time=1.4923599334972706e-01 dt=5.3991808899331638e-06
cycle=1284 time=1.4924139253061700e-01 dt=4.7123687963570166e-06
cycle=1285 time=1.4924610489941334e-01 dt=4.2378985071581922e-06
cycle=1286 time=1.4925034279792049e-01 dt=4.0170392664350647e-06
cycle=1287 time=1.4925435983718693e-01 dt=3.9344066754752699e-06
cycle=1288 time=1.4925829424386242e-01 dt=3.9035099405436647e-06
cycle=1289 time=1.4926219775380295e-01 dt=3.9023862657071765e-06
cycle=1290 time=1.4926610014006866e-01 dt=3.9306489025880601e-06
cycle=1291 time=1.4927003078897125e-01 dt=3.9645047816999078e-06
cycle=1292 time=1.4927399529375296e-01 dt=3.9889647318760755e-06
cycle=1293 time=1.4927798425848485e-01 dt=3.9972643577394166e-06
cycle=1294 time=1.4928198152284258e-01 dt=3.9885889452057852e-06
cycle=1295 time=1.4928597011178779e-01 dt=4.1340624997764374e-06
cycle=1296 time=1.4929010417428756e-01 dt=4.7661008002702344e-06
cycle=1297 time=1.4929487027508784e-01 dt=4.9060454850090860e-06
cycle=1298 time=1.4929977632057284e-01 dt=4.5880674708258344e-06
cycle=1299 time=1.4930436438804368e-01 dt=4.7028278605115604e-06
cycle=1300 time=1.4930906721590417e-01 dt=4.7296586190013287e-06
cycle=1301 time=1.4931379687452317e-01 dt=4.6602617611705083e-06
cycle=1302 time=1.4931845713628433e-01 dt=4.5878206834955974e-06
cycle=1303 time=1.4932304495696783e-01 dt=4.5170027329354262e-06
cycle=1304 time=1.4932756195970076e-01 dt=4.4514196817686299e-06
cycle=1305 time=1.4933201337938254e-01 dt=4.3934848346648059e-06
cycle=1306 time=1.4933640686421720e-01 dt=4.3441831730468304e-06
cycle=1307 time=1.4934075104739025e-01 dt=4.3037069666693356e-06
cycle=1308 time=1.4934505475435692e-01 dt=4.2716727835781086e-06
cycle=1309 time=1.4934932642714049e-01 dt=4.2474310265544380e-06
cycle=1310 time=1.4935357385816705e-01 dt=4.2298575187919616e-06
cycle=1311 time=1.4935780371568586e-01 dt=4.2179517785435956e-06
cycle=1312 time=1.4936202166746440e-01 dt=4.2109729248198784e-06
cycle=1313 time=1.4936623264038923e-01 dt=4.2082416527037223e-06
cycle=1314 time=1.4937044088204193e-01 dt=4.2095617111487255e-06
cycle=1315 time=1.4937465044375309e-01 dt=4.2141243897910808e-06
cycle=1316 time=1.4937886456814287e-01 dt=4.2212239392075926e-06
cycle=1317 time=1.4938308579208207e-01 dt=4.2291280286043583e-06
cycle=1318 time=1.4938731492011068e-01 dt=4.1451462575402434e-06
cycle=1319 time=1.4939146006636822e-01 dt=3.9772430770531599e-06
cycle=1320 time=1.4939543730944527e-01 dt=3.8435137706238282e-06
cycle=1321 time=1.4939928082321588e-01 dt=3.7551790029643363e-06
cycle=1322 time=1.4940303600221885e-01 dt=3.7018602453380875e-06
cycle=1323 time=1.4940673786246420e-01 dt=3.6695616688934807e-06
cycle=1324 time=1.4941040742413308e-01 dt=3.6477154594125810e-06
cycle=1325 time=1.4941405513959249e-01 dt=3.7278239819897523e-06
cycle=1326 time=1.4941778296357450e-01 dt=4.0592447558296331e-06
cycle=1327 time=1.4942184220833032e-01 dt=4.7343271589462630e-06
cycle=1328 time=1.4942657653548927e-01 dt=5.1374349739449125e-06
cycle=1329 time=1.4943171397046320e-01 dt=5.3611412951450144e-06
cycle=1330 time=1.4943707511175836e-01 dt=5.5949365282928455e-06
cycle=1331 time=1.4944267004828665e-01 dt=5.8421728992264549e-06
cycle=1332 time=1.4944851222118588e-01 dt=6.0371293887615034e-06
cycle=1333 time=1.4945454935057464e-01 dt=5.6250926056049508e-06
cycle=1334 time=1.4946017444318024e-01 dt=5.2181615197444591e-06
cycle=1335 time=1.4946539260469999e-01 dt=4.8445323545706878e-06
cycle=1336 time=1.4947023713705457e-01 dt=4.5262176244070327e-06
cycle=1337 time=1.4947476335467896e-01 dt=4.2969443519772676e-06
cycle=1338 time=1.4947906029903094e-01 dt=4.1649845058196280e-06
cycle=1339 time=1.4948322528353675e-01 dt=4.0859927144757945e-06
cycle=1340 time=1.4948731127625123e-01 dt=4.0338761849606671e-06
cycle=1341 time=1.4949134515243620e-01 dt=4.0007851365114505e-06
cycle=1342 time=1.4949534593757272e-01 dt=3.9803401295412151e-06
cycle=1343 time=1.4949932627770227e-01 dt=3.9693998482349948e-06
cycle=1344 time=1.4950329567755050e-01 dt=3.9655277073258191e-06
cycle=1345 time=1.4950726120525781e-01 dt=3.9668215866807172e-06
cycle=1346 time=1.4951122802684449e-01 dt=3.9716908702682068e-06
cycle=1347 time=1.4951519971771476e-01 dt=3.9786778563008778e-06
cycle=1348 time=1.4951917839557108e-01 dt=4.0161634702536174e-06
cycle=1349 time=1.4952319455904134e-01 dt=4.0809108452632769e-06
cycle=1350 time=1.4952727546988659e-01 dt=4.1528692377510054e-06
cycle=1351 time=1.4953142833912433e-01 dt=4.2638585594007178e-06
cycle=1352 time=1.4953569219768373e-01 dt=4.4483349468061922e-06
cycle=1353 time=1.4954014053263054e-01 dt=4.7191885264613794e-06
cycle=1354 time=1.4954485972115700e-01 dt=5.0944315767846177e-06
cycle=1355 time=1.4954995415273378e-01 dt=5.2124137049214795e-06
cycle=1356 time=1.4955516656643869e-01 dt=5.1194883776875700e-06
cycle=1357 time=1.4956028605481639e-01 dt=4.9152489876805036e-06
cycle=1358 time=1.4956520130380407e-01 dt=4.6511166423229062e-06
cycle=1359 time=1.4956985242044640e-01 dt=4.3983296086092790e-06
cycle=1360 time=1.4957425075005501e-01 dt=4.1750295091586654e-06
cycle=1361 time=1.4957842577956418e-01 dt=3.9922436555789938e-06
cycle=1362 time=1.4958241802321975e-01 dt=3.8788533966548312e-06
cycle=1363 time=1.4958629687661640e-01 dt=3.7981025929070128e-06
cycle=1364 time=1.4959009497920930e-01 dt=3.7289065224833900e-06
cycle=1365 time=1.4959382388573178e-01 dt=3.6789765956011653e-06
cycle=1366 time=1.4959750286232737e-01 dt=3.7202208423618321e-06
cycle=1367 time=1.4960122308316973e-01 dt=3.7045680583553249e-06
cycle=1368 time=1.4960492765122807e-01 dt=3.6952928408560787e-06
cycle=1369 time=1.4960862294406893e-01 dt=3.6947635141194327e-06
cycle=1370 time=1.4961231770758304e-01 dt=3.7395188975707590e-06
cycle=1371 time=1.4961605722648061e-01 dt=3.8226916654628124e-06
cycle=1372 time=1.4961987991814607e-01 dt=3.8976137889522897e-06
cycle=1373 time=1.4962377753193501e-01 dt=4.0108106834859061e-06
cycle=1374 time=1.4962778834261850e-01 dt=4.2104639638883211e-06
cycle=1375 time=1.4963199880658240e-01 dt=4.5197292983750140e-06
cycle=1376 time=1.4963651853588078e-01 dt=4.9699906250670046e-06
cycle=1377 time=1.4964148852650586e-01 dt=4.9099380461164615e-06
cycle=1378 time=1.4964639846455197e-01 dt=4.8135220204572339e-06
cycle=1379 time=1.4965121198657241e-01 dt=4.6988783909124736e-06
cycle=1380 time=1.4965591086496333e-01 dt=4.5776833441656110e-06
cycle=1381 time=1.4966048854830749e-01 dt=4.4591597751818028e-06
cycle=1382 time=1.4966494770808267e-01 dt=4.3502242932513530e-06
cycle=1383 time=1.4966929793237593e-01 dt=4.2568134532058934e-06
cycle=1384 time=1.4967355474582913e-01 dt=4.1776687021763463e-06
cycle=1385 time=1.4967773241453131e-01 dt=4.1126016016970637e-06
cycle=1386 time=1.4968184501613299e-01 dt=4.0616103039045965e-06
cycle=1387 time=1.4968590662643691e-01 dt=4.0234016446254922e-06
cycle=1388 time=1.4968993002808154e-01 dt=3.9961782013122036e-06
cycle=1389 time=1.4969392620628286e-01 dt=3.9774342200556698e-06
cycle=1390 time=1.4969790364050292e-01 dt=3.9648093205608490e-06
cycle=1391 time=1.4970186844982347e-01 dt=3.9564170015179396e-06
cycle=1392 time=1.4970582486682499e-01 dt=3.9511217821560808e-06
cycle=1393 time=1.4970977598860716e-01 dt=3.9484840342085860e-06
cycle=1394 time=1.4971372447264136e-01 dt=3.9482282811657111e-06
cycle=1395 time=1.4971767270092254e-01 dt=3.9501385053753270e-06
cycle=1396 time=1.4972162283942791e-01 dt=3.9538287044559122e-06
cycle=1397 time=1.4972557666813238e-01 dt=3.9584850550874968e-06
cycle=1398 time=1.4972953515318746e-01 dt=3.9638411546370010e-06
cycle=1399 time=1.4973349899434210e-01 dt=3.9698729781873721e-06
cycle=1400 time=1.4973746886732028e-01 dt=3.9760481708825191e-06
cycle=1401 time=1.4974144491549116e-01 dt=3.9817607613370336e-06
cycle=1402 time=1.4974542667625249e-01 dt=3.9864904553660559e-06
cycle=1403 time=1.4974941316670784e-01 dt=3.9898688011665677e-06
cycle=1404 time=1.4975340303550902e-01 dt=3.9916930307180118e-06
cycle=1405 time=1.4975739472853974e-01 dt=3.9919101568774531e-06
cycle=1406 time=1.4976138663869662e-01 dt=3.9906525006487839e-06
cycle=1407 time=1.4976537729119727e-01 dt=3.9879774263898417e-06
cycle=1408 time=1.4976936526862367e-01 dt=3.9840515190479358e-06
cycle=1409 time=1.4977334932014272e-01 dt=3.9791931298903789e-06
cycle=1410 time=1.4977732851327261e-01 dt=3.9736496882347681e-06
cycle=1411 time=1.4978130216296084e-01 dt=3.9676591268732718e-06
cycle=1412 time=1.4978526982208773e-01 dt=3.9614422975684119e-06
cycle=1413 time=1.4978923126438529e-01 dt=3.9551923100764762e-06
cycle=1414 time=1.4979318645669537e-01 dt=3.9490702180810350e-06
cycle=1415 time=1.4979713552691346e-01 dt=3.9432038072298243e-06
cycle=1416 time=1.4980107873072068e-01 dt=3.9376886945994040e-06
cycle=1417 time=1.4980501641941529e-01 dt=3.9325934045830497e-06
cycle=1418 time=1.4980894901281988e-01 dt=3.9279598743827778e-06
cycle=1419 time=1.4981287697269427e-01 dt=3.9238060693321753e-06
cycle=1420 time=1.4981680077876361e-01 dt=3.9201266527105671e-06
cycle=1421 time=1.4982072090541632e-01 dt=3.9169006697523536e-06
cycle=1422 time=1.4982463780608607e-01 dt=3.9140963039382306e-06
cycle=1423 time=1.4982855190239000e-01 dt=3.9116753263658342e-06
cycle=1424 time=1.4983246357771637e-01 dt=3.9095961860278091e-06
cycle=1425 time=1.4983637317390242e-01 dt=3.9078146636307783e-06
cycle=1426 time=1.4984028098856605e-01 dt=3.9062825342042490e-06
cycle=1427 time=1.4984418727110027e-01 dt=3.9049544980105369e-06
cycle=1428 time=1.4984809222559828e-01 dt=3.9037885077310493e-06
cycle=1429 time=1.4985199601410601e-01 dt=3.9027460628952905e-06
cycle=1430 time=1.4985589876016892e-01 dt=3.8577619238848934e-06
cycle=1431 time=1.4985975652209280e-01 dt=3.7838768566329291e-06
cycle=1432 time=1.4986354039894942e-01 dt=3.7180514062665919e-06
cycle=1433 time=1.4986725845035567e-01 dt=3.6640269345096992e-06
cycle=1434 time=1.4987092247729017e-01 dt=3.6226251129548080e-06
cycle=1435 time=1.4987454510240311e-01 dt=3.5924510501143960e-06
cycle=1436 time=1.4987813755345322e-01 dt=3.5707266427813322e-06
cycle=1437 time=1.4988170828009600e-01 dt=3.5549250744992816e-06
cycle=1438 time=1.4988526320517051e-01 dt=3.5433361794211398e-06
cycle=1439 time=1.4988880654134992e-01 dt=3.5344900587817190e-06
cycle=1440 time=1.4989234103140869e-01 dt=3.5272846826470013e-06
cycle=1441 time=1.4989586831609134e-01 dt=3.5209941761807614e-06
cycle=1442 time=1.4989938931026753e-01 dt=3.5150003644527572e-06
cycle=1443 time=1.4990290431063197e-01 dt=3.5088289064309964e-06
cycle=1444 time=1.4990641313953840e-01 dt=3.5021671361128670e-06
cycle=1445 time=1.4990991530667450e-01 dt=3.4948656426769507e-06
cycle=1446 time=1.4991341017231719e-01 dt=3.4869132093196893e-06
cycle=1447 time=1.4991689708552650e-01 dt=3.4784039892479015e-06
cycle=1448 time=1.4992037548951576e-01 dt=3.4694999242966103e-06
cycle=1449 time=1.4992384498944006e-01 dt=3.4597850233473482e-06
cycle=1450 time=1.4992730477446339e-01 dt=3.4495638023498883e-06
cycle=1451 time=1.4993075433826575e-01 dt=3.4391566262927134e-06
cycle=1452 time=1.4993419349489204e-01 dt=3.4288368448805398e-06
cycle=1453 time=1.4993762233173691e-01 dt=3.4188193757449539e-06
cycle=1454 time=1.4994104115111265e-01 dt=3.4086642374143548e-06
cycle=1455 time=1.4994444981535007e-01 dt=3.3985744213788874e-06
cycle=1456 time=1.4994784838977146e-01 dt=3.3887249791778345e-06
cycle=1457 time=1.4995123711475064e-01 dt=3.3907743340501914e-06
cycle=1458 time=1.4995462788908470e-01 dt=3.4207688635648750e-06
cycle=1459 time=1.4995804865794826e-01 dt=3.4871045581583311e-06
cycle=1460 time=1.4996153576250643e-01 dt=3.4838220504286488e-06
cycle=1461 time=1.4996501958455685e-01 dt=3.4573758553124521e-06
cycle=1462 time=1.4996847696041216e-01 dt=3.4270649944393535e-06
cycle=1463 time=1.4997190402540658e-01 dt=3.4060566503647459e-06
cycle=1464 time=1.4997531008205695e-01 dt=3.4035110219886875e-06
cycle=1465 time=1.4997871359307893e-01 dt=3.4259295545073113e-06
cycle=1466 time=1.4998213952263345e-01 dt=3.4083487685363187e-06
cycle=1467 time=1.4998554787140198e-01 dt=3.3912065736530169e-06
cycle=1468 time=1.4998893907797564e-01 dt=3.3932890572720049e-06
cycle=1469 time=1.4999233236703291e-01 dt=3.4212907505823049e-06
cycle=1470 time=1.4999575365778350e-01 dt=3.4826939237761429e-06
cycle=1471 time=1.4999923635170728e-01 dt=3.4944341911507727e-06
cycle=1472 time=1.5000273078589843e-01 dt=3.4605437761003227e-06
cycle=1473 time=1.5000619132967452e-01 dt=3.4236334892209883e-06
cycle=1474 time=1.5000961496316373e-01 dt=3.3884016710764471e-06
cycle=1475 time=1.5001300336483481e-01 dt=3.3578110438208916e-06
cycle=1476 time=1.5001636117587863e-01 dt=3.3334075979979950e-06
cycle=1477 time=1.5001969458347664e-01 dt=3.3156804496901120e-06
cycle=1478 time=1.5002301026392634e-01 dt=3.3192697280895441e-06
cycle=1479 time=1.5002632953365444e-01 dt=3.3539204265913433e-06
cycle=1480 time=1.5002968345408102e-01 dt=3.3917462536897656e-06
cycle=1481 time=1.5003307520033471e-01 dt=3.3309857130899741e-06
cycle=1482 time=1.5003640618604780e-01 dt=3.2683012491363159e-06
cycle=1483 time=1.5003967448729694e-01 dt=3.2067722574235097e-06
cycle=1484 time=1.5004288125955437e-01 dt=3.1491193058577463e-06
cycle=1485 time=1.5004603037886022e-01 dt=3.0971006338388193e-06
cycle=1486 time=1.5004912747949406e-01 dt=3.0519127151580250e-06
cycle=1487 time=1.5005217939220922e-01 dt=3.0134557182232755e-06
cycle=1488 time=1.5005519284792745e-01 dt=2.9830586709087013e-06
cycle=1489 time=1.5005817590659837e-01 dt=2.9593072560636840e-06
cycle=1490 time=1.5006113521385442e-01 dt=2.9401590064346871e-06
cycle=1491 time=1.5006407537286084e-01 dt=2.9242601320507812e-06
cycle=1492 time=1.5006699963299289e-01 dt=2.9107181849652726e-06
cycle=1493 time=1.5006991035117787e-01 dt=2.8989507911340472e-06
cycle=1494 time=1.5007280930196901e-01 dt=2.8885637508912262e-06
cycle=1495 time=1.5007569786571989e-01 dt=2.8792588313532699e-06
cycle=1496 time=1.5007857712455125e-01 dt=2.8707780265942256e-06
cycle=1497 time=1.5008144790257785e-01 dt=2.8630177272188534e-06
cycle=1498 time=1.5008431092030508e-01 dt=2.8559574026799715e-06
cycle=1499 time=1.5008716687770776e-01 dt=2.8493291204312060e-06
cycle=1500 time=1.5009001620682819e-01 dt=2.8430483117384405e-06
cycle=1501 time=1.5009285925513993e-01 dt=2.8370004606233312e-06
cycle=1502 time=1.5009569625560057e-01 dt=2.8310790206544261e-06
cycle=1503 time=1.5009852733462123e-01 dt=2.8251531916118858e-06
cycle=1504 time=1.5010135248781284e-01 dt=2.8190825035445473e-06
cycle=1505 time=1.5010417157031639e-01 dt=2.8127412276792310e-06
cycle=1506 time=1.5010698431154407e-01 dt=2.8060305643114483e-06
cycle=1507 time=1.5010979034210839e-01 dt=2.7988817911717233e-06
cycle=1508 time=1.5011258922389956e-01 dt=2.7912909945723012e-06
cycle=1509 time=1.5011538051489412e-01 dt=2.7836213470085173e-06
cycle=1510 time=1.5011816413624113e-01 dt=2.7757285761635979e-06
cycle=1511 time=1.5012093986481728e-01 dt=2.7675156270418254e-06
cycle=1512 time=1.5012370738044434e-01 dt=2.7589318891684574e-06
cycle=1513 time=1.5012646631233351e-01 dt=2.7499668615124341e-06
cycle=1514 time=1.5012921627919501e-01 dt=2.7406418287206384e-06
cycle=1515 time=1.5013195692102374e-01 dt=2.7310018391748053e-06
cycle=1516 time=1.5013468792286291e-01 dt=2.7211095116521023e-06
cycle=1517 time=1.5013740903237457e-01 dt=2.7110346250280903e-06
cycle=1518 time=1.5014012006699962e-01 dt=2.7008492155149778e-06
cycle=1519 time=1.5014282091621514e-01 dt=2.6906237351028158e-06
cycle=1520 time=1.5014551153995023e-01 dt=2.6804239790042907e-06
cycle=1521 time=1.5014819196392923e-01 dt=2.6703090644208931e-06
cycle=1522 time=1.5015086227299365e-01 dt=2.6603299122242145e-06
cycle=1523 time=1.5015352260290588e-01 dt=2.6505284506345060e-06
cycle=1524 time=1.5015617313135651e-01 dt=2.6409374577360558e-06
cycle=1525 time=1.5015881406881426e-01 dt=2.6315804269734660e-06
cycle=1526 time=1.5016144564924125e-01 dt=2.6224737435702315e-06
cycle=1527 time=1.5016406812298483e-01 dt=2.6136271024655027e-06
cycle=1528 time=1.5016668175008729e-01 dt=2.6050495831155099e-06
cycle=1529 time=1.5016928679967040e-01 dt=2.5967565296069711e-06
cycle=1530 time=1.5017188355620001e-01 dt=2.5887513119498591e-06
cycle=1531 time=1.5017447230751196e-01 dt=2.5810283870413789e-06
cycle=1532 time=1.5017705333589901e-01 dt=2.5735751059102936e-06
cycle=1533 time=1.5017962691100492e-01 dt=2.5663602094638146e-06
cycle=1534 time=1.5018219327121438e-01 dt=2.5593612278794930e-06
cycle=1535 time=1.5018475263244224e-01 dt=2.5525557693317831e-06
cycle=1536 time=1.5018730518821158e-01 dt=2.5459222526281773e-06
cycle=1537 time=1.5018985111046421e-01 dt=2.5394403799530521e-06
cycle=1538 time=1.5019239055084416e-01 dt=2.5330916570672456e-06
cycle=1539 time=1.5019492364250123e-01 dt=2.5268596326101792e-06
cycle=1540 time=1.5019745050213384e-01 dt=2.5207296051527044e-06
cycle=1541 time=1.5019997123173900e-01 dt=2.5146884524324369e-06
cycle=1542 time=1.5020248592019145e-01 dt=2.5087249338292253e-06
cycle=1543 time=1.5020499464512527e-01 dt=2.5028296098910394e-06
cycle=1544 time=1.5020749747473516e-01 dt=2.4969947102265204e-06
cycle=1545 time=1.5020999446944538e-01 dt=2.4912139240974859e-06
cycle=1546 time=1.5021248568336948e-01 dt=2.4854820045296557e-06
cycle=1547 time=1.5021497116537399e-01 dt=2.4797947426812044e-06
cycle=1548 time=1.5021745096011668e-01 dt=2.4741487958662134e-06
cycle=1549 time=1.5021992510891255e-01 dt=2.4685415653464670e-06
cycle=1550 time=1.5022239365047790e-01 dt=2.4629710391312910e-06
cycle=1551 time=1.5022485662151702e-01 dt=2.4575522810303831e-06
cycle=1552 time=1.5022731417379806e-01 dt=2.4524837740960875e-06
cycle=1553 time=1.5022976665757215e-01 dt=2.4476633815432174e-06
cycle=1554 time=1.5023221432095368e-01 dt=2.4430118318222221e-06
cycle=1555 time=1.5023465733278552e-01 dt=2.4384733533965506e-06
cycle=1556 time=1.5023709580613892e-01 dt=2.4340088818579243e-06
cycle=1557 time=1.5023952981502078e-01 dt=2.4295915847164941e-06
cycle=1558 time=1.5024195940660551e-01 dt=2.4252037502483030e-06
cycle=1559 time=1.5024438461035575e-01 dt=2.4208349032058530e-06
cycle=1560 time=1.5024680544525895e-01 dt=2.4164804270923451e-06
cycle=1561 time=1.5024922192568604e-01 dt=2.4121478377534370e-06
cycle=1562 time=1.5025163407352379e-01 dt=2.4078503842680718e-06
cycle=1563 time=1.5025404192390807e-01 dt=2.4035994437037378e-06
cycle=1564 time=1.5025644552335177e-01 dt=2.3994014936460702e-06
cycle=1565 time=1.5025884492484542e-01 dt=2.3952230354000725e-06
cycle=1566 time=1.5026124014788084e-01 dt=2.3910907205177972e-06
cycle=1567 time=1.5026363123860134e-01 dt=2.3870264652269950e-06
cycle=1568 time=1.5026601826506658e-01 dt=2.3830453993329063e-06
cycle=1569 time=1.5026840131046593e-01 dt=2.3791573556493842e-06
cycle=1570 time=1.5027078046782158e-01 dt=2.3753680836415361e-06
cycle=1571 time=1.5027315583590523e-01 dt=2.3716803252480059e-06
cycle=1572 time=1.5027552751623047e-01 dt=2.3679388420358950e-06
cycle=1573 time=1.5027789545507250e-01 dt=2.3642041037721251e-06
cycle=1574 time=1.5028025965917627e-01 dt=2.3605405367131333e-06
cycle=1575 time=1.5028262019971297e-01 dt=2.3569803284839949e-06
cycle=1576 time=1.5028497718004147e-01 dt=2.3535350816148139e-06
cycle=1577 time=1.5028733071512310e-01 dt=2.3501655144777088e-06
cycle=1578 time=1.5028968088063757e-01 dt=2.3468775876153627e-06
cycle=1579 time=1.5029202775822520e-01 dt=2.3436738731463471e-06
cycle=1580 time=1.5029437143209834e-01 dt=2.3405549085138254e-06
cycle=1581 time=1.5029671198700686e-01 dt=2.3375051116630016e-06
cycle=1582 time=1.5029904949211853e-01 dt=2.3345196455325879e-06
cycle=1583 time=1.5030138401176407e-01 dt=2.3315942793883997e-06
cycle=1584 time=1.5030371560604347e-01 dt=2.3287247709605232e-06
cycle=1585 time=1.5030604433081443e-01 dt=2.3259067469866779e-06
cycle=1586 time=1.5030837023756141e-01 dt=2.3231349145697081e-06
cycle=1587 time=1.5031069337247599e-01 dt=2.3204020222566478e-06
cycle=1588 time=1.5031301377449824e-01 dt=2.3177008577831534e-06
cycle=1589 time=1.5031533147535603e-01 dt=2.3150236246407800e-06
cycle=1590 time=1.5031764649898066e-01 dt=2.3123617417894856e-06
cycle=1591 time=1.5031995886072244e-01 dt=2.3097049700386325e-06
cycle=1592 time=1.5032226856569247e-01 dt=2.3070404052966877e-06
cycle=1593 time=1.5032457560609777e-01 dt=2.3043509046742947e-06
cycle=1594 time=1.5032687995700245e-01 dt=2.3016124892635928e-06
cycle=1595 time=1.5032918156949171e-01 dt=2.2990658529725835e-06
cycle=1596 time=1.5033148063534468e-01 dt=2.2966941646607623e-06
cycle=1597 time=1.5033377732950934e-01 dt=2.2944754085785463e-06
cycle=1598 time=1.5033607180491793e-01 dt=2.2923888714420379e-06
cycle=1599 time=1.5033836419378938e-01 dt=2.2904153147200593e-06
cycle=1600 time=1.5034065460910409e-01 dt=2.2885372285532334e-06
cycle=1601 time=1.5034294314633265e-01 dt=2.2867390024875618e-06
cycle=1602 time=1.5034522988533514e-01 dt=2.2850070128326433e-06
cycle=1603 time=1.5034751489234796e-01 dt=2.2833297289741540e-06
cycle=1604 time=1.5034979822207695e-01 dt=2.2816977500584273e-06
cycle=1605 time=1.5035207991982699e-01 dt=2.2801036336699958e-06
cycle=1606 time=1.5035436002346067e-01 dt=2.2785419244492573e-06
cycle=1607 time=1.5035663856538511e-01 dt=2.2770089466518054e-06
cycle=1608 time=1.5035891557433176e-01 dt=2.2755003587612839e-06
cycle=1609 time=1.5036119107469051e-01 dt=2.2740142602694977e-06
cycle=1610 time=1.5036346508895077e-01 dt=2.2725498114662224e-06
cycle=1611 time=1.5036573763876224e-01 dt=2.2711077763488005e-06
cycle=1612 time=1.5036800874653858e-01 dt=2.2696896835351601e-06
cycle=1613 time=1.5037027843622211e-01 dt=2.2682975594747091e-06
cycle=1614 time=1.5037254673378159e-01 dt=2.2669336534018966e-06
cycle=1615 time=1.5037481366743499e-01 dt=2.2656002434947118e-06
cycle=1616 time=1.5037707926767849e-01 dt=2.2642995186035290e-06
cycle=1617 time=1.5037934356719709e-01 dt=2.2630334745495997e-06
cycle=1618 time=1.5038160660067165e-01 dt=2.2618038454504716e-06
cycle=1619 time=1.5038386840451709e-01 dt=2.2606120557984033e-06
cycle=1620 time=1.5038612901657289e-01 dt=2.2594592416623975e-06
cycle=1621 time=1.5038838847581454e-01 dt=2.2583462252804771e-06
cycle=1622 time=1.5039064682203981e-01 dt=2.2572734881444042e-06
cycle=1623 time=1.5039290409552797e-01 dt=2.2562413823612063e-06
cycle=1624 time=1.5039516033691033e-01 dt=2.2552499060132514e-06
cycle=1625 time=1.5039741558681635e-01 dt=2.2542988188076856e-06
cycle=1626 time=1.5039966988563516e-01 dt=2.2533878215222971e-06
cycle=1627 time=1.5040192327345669e-01 dt=2.2525163808626689e-06
cycle=1628 time=1.5040417578983756e-01 dt=2.2516837925924640e-06
cycle=1629 time=1.5040642747363014e-01 dt=2.2508892662320906e-06
cycle=1630 time=1.5040867836289637e-01 dt=2.2501320627852651e-06
cycle=1631 time=1.5041092849495916e-01 dt=2.2494115295269271e-06
cycle=1632 time=1.5041317790648867e-01 dt=2.2487270843298251e-06
cycle=1633 time=1.5041542663357299e-01 dt=2.2480780931607446e-06
cycle=1634 time=1.5041767471166614e-01 dt=2.2474641063082604e-06
cycle=1635 time=1.5041992217577246e-01 dt=2.2468846885434724e-06
cycle=1636 time=1.5042216906046102e-01 dt=2.2463382269942739e-06
cycle=1637 time=1.5042441539868801e-01 dt=2.2458236688134812e-06
cycle=1638 time=1.5042666122235682e-01 dt=2.2453408888206331e-06
cycle=1639 time=1.5042890656324565e-01 dt=2.2448899339119327e-06
cycle=1640 time=1.5043115145317956e-01 dt=2.2444710027008905e-06
cycle=1641 time=1.5043339592418226e-01 dt=2.2440845199679750e-06
cycle=1642 time=1.5043564000870221e-01 dt=2.2437309622166122e-06
cycle=1643 time=1.5043788373966444e-01 dt=2.2434108072913238e-06
cycle=1644 time=1.5044012715047173e-01 dt=2.2431243828898313e-06
cycle=1645 time=1.5044237027485460e-01 dt=2.2428717162886227e-06
cycle=1646 time=1.5044461314657090e-01 dt=2.2426527918274755e-06
cycle=1647 time=1.5044685579936273e-01 dt=2.2424673562939779e-06
cycle=1648 time=1.5044909826671904e-01 dt=2.2423148944640056e-06
cycle=1649 time=1.5045134058161350e-01 dt=2.2421879376768319e-06
cycle=1650 time=1.5045358276955118e-01 dt=2.2420749185394799e-06
cycle=1651 time=1.5045582484446970e-01 dt=2.2419782861444565e-06
cycle=1652 time=1.5045806682275584e-01 dt=2.2419003258756952e-06
cycle=1653 time=1.5046030872308172e-01 dt=2.2418429530240118e-06
cycle=1654 time=1.5046255056603475e-01 dt=2.2418080547143216e-06
cycle=1655 time=1.5046479237408947e-01 dt=2.2417989917210420e-06
cycle=1656 time=1.5046703417308119e-01 dt=2.2418189327438549e-06
cycle=1657 time=1.5046927599201393e-01 dt=2.2419005495256511e-06
cycle=1658 time=1.5047151789256347e-01 dt=2.2420488618888789e-06
cycle=1659 time=1.5047375994142537e-01 dt=2.2422519389108586e-06
cycle=1660 time=1.5047600219336427e-01 dt=2.2424994123206165e-06
cycle=1661 time=1.5047824469277660e-01 dt=2.2427823228333800e-06
cycle=1662 time=1.5048048747509943e-01 dt=2.2430930771048698e-06
cycle=1663 time=1.5048273056817654e-01 dt=2.2434253880744844e-06
cycle=1664 time=1.5048497399356461e-01 dt=2.2437741511533675e-06
cycle=1665 time=1.5048721776771576e-01 dt=2.2441349097226675e-06
cycle=1666 time=1.5048946190262549e-01 dt=2.2445042516315763e-06
cycle=1667 time=1.5049170640687712e-01 dt=2.2448797855616071e-06
cycle=1668 time=1.5049395128666268e-01 dt=2.2452600093152441e-06
cycle=1669 time=1.5049619654667198e-01 dt=2.2456441985236347e-06
cycle=1670 time=1.5049844219087050e-01 dt=2.2460323148068966e-06
cycle=1671 time=1.5050068822318530e-01 dt=2.2464247457073285e-06
cycle=1672 time=1.5050293464793099e-01 dt=2.2468218530866474e-06
cycle=1673 time=1.5050518146978409e-01 dt=2.2472236773673866e-06
cycle=1674 time=1.5050742869346145e-01 dt=2.2476305940677145e-06
cycle=1675 time=1.5050967632405551e-01 dt=2.2480432827538924e-06
cycle=1676 time=1.5051192436733826e-01 dt=2.2484627010461907e-06
cycle=1677 time=1.5051417283003932e-01 dt=2.2488875790794328e-06
cycle=1678 time=1.5051642171761839e-01 dt=2.2493168538282134e-06
cycle=1679 time=1.5051867103447222e-01 dt=2.2497513482286338e-06
cycle=1680 time=1.5052092078582044e-01 dt=2.2501918611415274e-06
cycle=1681 time=1.5052317097768159e-01 dt=2.2506394302424968e-06
cycle=1682 time=1.5052542161711183e-01 dt=2.2510953860187786e-06
cycle=1683 time=1.5052767271249784e-01 dt=2.2515745229623792e-06
cycle=1684 time=1.5052992428702081e-01 dt=2.2520874922986223e-06
cycle=1685 time=1.5053217637451310e-01 dt=2.2526337211154926e-06
cycle=1686 time=1.5053442900823422e-01 dt=2.2532249547985318e-06
cycle=1687 time=1.5053668223318903e-01 dt=2.2538629567046010e-06
cycle=1688 time=1.5053893609614574e-01 dt=2.2545338710610358e-06
cycle=1689 time=1.5054119063001681e-01 dt=2.2552275274778808e-06
cycle=1690 time=1.5054344585754428e-01 dt=2.2559366131727147e-06
cycle=1691 time=1.5054570179415747e-01 dt=2.2566560990131426e-06
cycle=1692 time=1.5054795845025648e-01 dt=2.2573823908807775e-06
cycle=1693 time=1.5055021583264735e-01 dt=2.2581116998572111e-06
cycle=1694 time=1.5055247394434720e-01 dt=2.2588397132353475e-06
cycle=1695 time=1.5055473278406045e-01 dt=2.2595524114834587e-06
cycle=1696 time=1.5055699233647193e-01 dt=2.2602541444798309e-06
cycle=1697 time=1.5055925259061642e-01 dt=2.2609487544045805e-06
cycle=1698 time=1.5056151353937083e-01 dt=2.2615485230003179e-06
cycle=1699 time=1.5056377508789384e-01 dt=2.2620323471422213e-06
cycle=1700 time=1.5056603712024100e-01 dt=2.2624328702799450e-06
cycle=1701 time=1.5056829955311127e-01 dt=2.2627778882014858e-06
cycle=1702 time=1.5057056233099947e-01 dt=2.2630909118899844e-06
cycle=1703 time=1.5057282542191136e-01 dt=2.2633920130827894e-06
cycle=1704 time=1.5057508881392445e-01 dt=2.2636981456961069e-06
cycle=1705 time=1.5057735251207013e-01 dt=2.2640235808871521e-06
cycle=1706 time=1.5057961653565102e-01 dt=2.2643801306353755e-06
cycle=1707 time=1.5058188091578165e-01 dt=2.2559727102768667e-06
cycle=1708 time=1.5058413688849193e-01 dt=2.2345838356023638e-06
cycle=1709 time=1.5058637147232753e-01 dt=2.2128529012503454e-06
cycle=1710 time=1.5058858432522879e-01 dt=2.1916735046594898e-06
cycle=1711 time=1.5059077599873344e-01 dt=2.1717820816730357e-06
cycle=1712 time=1.5059294778081511e-01 dt=2.1537928285024619e-06
cycle=1713 time=1.5059510157364361e-01 dt=2.1376653917377049e-06
cycle=1714 time=1.5059723923903534e-01 dt=2.1235901831129963e-06
cycle=1715 time=1.5059936282921846e-01 dt=2.1124055660634783e-06
cycle=1716 time=1.5060147523478451e-01 dt=2.1036894172558098e-06
cycle=1717 time=1.5060357892420176e-01 dt=2.0969819354559161e-06
cycle=1718 time=1.5060567590613722e-01 dt=2.0918065482646589e-06
cycle=1719 time=1.5060776771268547e-01 dt=2.0876822360108216e-06
cycle=1720 time=1.5060985539492147e-01 dt=2.0844538215657763e-06
cycle=1721 time=1.5061193984874305e-01 dt=2.0819842064532785e-06
cycle=1722 time=1.5061402183294950e-01 dt=2.0812798542010800e-06
cycle=1723 time=1.5061610311280371e-01 dt=2.0820378147212760e-06
cycle=1724 time=1.5061818515061842e-01 dt=2.0840623476245309e-06
cycle=1725 time=1.5062026921296603e-01 dt=2.0871478478827345e-06
cycle=1726 time=1.5062235636081392e-01 dt=2.0909670102418533e-06
cycle=1727 time=1.5062444732782415e-01 dt=2.0950978971351047e-06
cycle=1728 time=1.5062654242572129e-01 dt=2.0996979423198705e-06
cycle=1729 time=1.5062864212366361e-01 dt=2.1046567656916368e-06
cycle=1730 time=1.5063074678042931e-01 dt=2.1097158413156931e-06
cycle=1731 time=1.5063285649627062e-01 dt=2.1146153054516540e-06
cycle=1732 time=1.5063497111157606e-01 dt=2.1191236054187440e-06
cycle=1733 time=1.5063709023518149e-01 dt=2.1230531417156609e-06
cycle=1734 time=1.5063921328832319e-01 dt=2.1262673180366517e-06
cycle=1735 time=1.5064133955564124e-01 dt=2.1286832177006200e-06
cycle=1736 time=1.5064346823885894e-01 dt=2.1302712756874484e-06
cycle=1737 time=1.5064559851013462e-01 dt=2.1310448798845674e-06
cycle=1738 time=1.5064772955501451e-01 dt=2.1310533989569430e-06
cycle=1739 time=1.5064986060841348e-01 dt=2.1303743055973580e-06
cycle=1740 time=1.5065199098271909e-01 dt=2.1291047433406949e-06
cycle=1741 time=1.5065412008746243e-01 dt=2.1273533043044484e-06
cycle=1742 time=1.5065624744076672e-01 dt=2.1252325122622839e-06
cycle=1743 time=1.5065837267327897e-01 dt=2.1228525465381904e-06
cycle=1744 time=1.5066049552582550e-01 dt=2.1203164886644609e-06
cycle=1745 time=1.5066261584231416e-01 dt=2.1177171744421634e-06
cycle=1746 time=1.5066473355948862e-01 dt=2.1151352278898067e-06
cycle=1747 time=1.5066684869471650e-01 dt=2.1126387424465448e-06
cycle=1748 time=1.5066896133345895e-01 dt=2.1102831098100659e-06
cycle=1749 time=1.5067107161656876e-01 dt=2.1081091165844237e-06
cycle=1750 time=1.5067317972568534e-01 dt=2.1061457968633309e-06
cycle=1751 time=1.5067528587148221e-01 dt=2.1044123070912449e-06
cycle=1752 time=1.5067739028378929e-01 dt=2.1029193664274568e-06
cycle=1753 time=1.5067949320315571e-01 dt=2.1016969430127789e-06
cycle=1754 time=1.5068159490009872e-01 dt=2.1008340550850898e-06
cycle=1755 time=1.5068369573415380e-01 dt=2.1002719200846370e-06
cycle=1756 time=1.5068579600607387e-01 dt=2.0999578445145659e-06
cycle=1757 time=1.5068789596391838e-01 dt=2.0998443337034071e-06
cycle=1758 time=1.5068999580825207e-01 dt=2.0998886868013396e-06
cycle=1759 time=1.5069209569693887e-01 dt=2.1000532677715907e-06
cycle=1760 time=1.5069419575020665e-01 dt=2.1003055311670674e-06
cycle=1761 time=1.5069629605573781e-01 dt=2.1006181602601866e-06
cycle=1762 time=1.5069839667389806e-01 dt=2.1009635579098829e-06
cycle=1763 time=1.5070049763745597e-01 dt=2.1013071388637859e-06
cycle=1764 time=1.5070259894459484e-01 dt=2.1016492912906726e-06
cycle=1765 time=1.5070470059388613e-01 dt=2.1019961756289001e-06
cycle=1766 time=1.5070680259006175e-01 dt=2.1023551341358163e-06
cycle=1767 time=1.5070890494519590e-01 dt=2.1027340024916396e-06
cycle=1768 time=1.5071100767919840e-01 dt=2.1031413603355872e-06
cycle=1769 time=1.5071311082055874e-01 dt=2.1035858170394101e-06
cycle=1770 time=1.5071521440637578e-01 dt=2.1040767973057826e-06
cycle=1771 time=1.5071731848317307e-01 dt=2.1046242658094259e-06
cycle=1772 time=1.5071942310743888e-01 dt=2.1052386008053395e-06
cycle=1773 time=1.5072152834603969e-01 dt=2.1059266558999698e-06
cycle=1774 time=1.5072363427269558e-01 dt=2.1066923054877923e-06
cycle=1775 time=1.5072574096500108e-01 dt=2.1075481474236816e-06
cycle=1776 time=1.5072784851314849e-01 dt=2.1085196247488172e-06
cycle=1777 time=1.5072995703277325e-01 dt=2.1097010612805075e-06
cycle=1778 time=1.5073206673383455e-01 dt=2.1111565832049311e-06
cycle=1779 time=1.5073417789041776e-01 dt=2.1129703642222653e-06
cycle=1780 time=1.5073629086078200e-01 dt=2.1152517281865710e-06
cycle=1781 time=1.5073840611251019e-01 dt=2.1180892619699222e-06
cycle=1782 time=1.5074052420177217e-01 dt=2.1215984934901090e-06
cycle=1783 time=1.5074264580026567e-01 dt=2.1259002245988305e-06
cycle=1784 time=1.5074477170049028e-01 dt=2.1311331042552911e-06
cycle=1785 time=1.5074690283359454e-01 dt=2.1374808643597335e-06
cycle=1786 time=1.5074904031445890e-01 dt=2.1445684920318300e-06
cycle=1787 time=1.5075118488295094e-01 dt=2.1520980834652147e-06
cycle=1788 time=1.5075333698103441e-01 dt=2.1598932485033302e-06
cycle=1789 time=1.5075549687428291e-01 dt=2.1677931193154837e-06
cycle=1790 time=1.5075766466740223e-01 dt=2.1756566014630380e-06
cycle=1791 time=1.5075984032400369e-01 dt=2.1833648579672028e-06
cycle=1792 time=1.5076202368886166e-01 dt=2.1914873734488444e-06
cycle=1793 time=1.5076421517623512e-01 dt=2.1995807396780941e-06
cycle=1794 time=1.5076641475697480e-01 dt=2.2073142621127442e-06
cycle=1795 time=1.5076862207123692e-01 dt=2.2146268872010007e-06
cycle=1796 time=1.5077083669812413e-01 dt=2.2214880136815056e-06
cycle=1797 time=1.5077305818613781e-01 dt=2.2278908021926786e-06
cycle=1798 time=1.5077528607694002e-01 dt=2.2338517565886924e-06
cycle=1799 time=1.5077751992869662e-01 dt=2.2394095771000363e-06
cycle=1800 time=1.5077975933827373e-01 dt=2.2446191438227826e-06
cycle=1801 time=1.5078200395741756e-01 dt=2.2494767387932789e-06
cycle=1802 time=1.5078425343415636e-01 dt=2.2540084059044637e-06
cycle=1803 time=1.5078650744256225e-01 dt=2.2583196385639130e-06
cycle=1804 time=1.5078876576220082e-01 dt=2.2625128030772480e-06
cycle=1805 time=1.5079102827500390e-01 dt=2.2666847939358707e-06
cycle=1806 time=1.5079329495979785e-01 dt=2.2706489970641942e-06
cycle=1807 time=1.5079556560879492e-01 dt=2.2741748889005169e-06
cycle=1808 time=1.5079783978368383e-01 dt=2.2776197860197549e-06
cycle=1809 time=1.5080011740346985e-01 dt=2.2811449297658003e-06
cycle=1810 time=1.5080239854839961e-01 dt=2.2853134658552475e-06
cycle=1811 time=1.5080468386186546e-01 dt=2.2904213155217613e-06
cycle=1812 time=1.5080697428318099e-01 dt=2.2964896194508287e-06
cycle=1813 time=1.5080927077280043e-01 dt=2.3035112018122939e-06
cycle=1814 time=1.5081157428400224e-01 dt=2.3114612385545970e-06
cycle=1815 time=1.5081388574524079e-01 dt=2.3202944146883082e-06
cycle=1816 time=1.5081620603965548e-01 dt=2.3268627461724164e-06
cycle=1817 time=1.5081853290240166e-01 dt=2.3279631077376049e-06
cycle=1818 time=1.5082086086550939e-01 dt=2.3293284838001191e-06
cycle=1819 time=1.5082319019399318e-01 dt=2.3311218448149203e-06
cycle=1820 time=1.5082552131583798e-01 dt=2.3322284265913026e-06
cycle=1821 time=1.5082785354426459e-01 dt=2.3308090827486847e-06
cycle=1822 time=1.5083018435334733e-01 dt=2.3298813282446366e-06
cycle=1823 time=1.5083251423467559e-01 dt=2.3296610177781699e-06
cycle=1824 time=1.5083484389569338e-01 dt=2.3303362858757882e-06
cycle=1825 time=1.5083717423197926e-01 dt=2.3320300062054505e-06
cycle=1826 time=1.5083950626198547e-01 dt=2.3348105631652353e-06
cycle=1827 time=1.5084184107254864e-01 dt=2.3387620929519300e-06
cycle=1828 time=1.5084417983464160e-01 dt=2.3441688706321999e-06
cycle=1829 time=1.5084652400351223e-01 dt=2.3508669781567918e-06
cycle=1830 time=1.5084887487049040e-01 dt=2.3586530854467120e-06
cycle=1831 time=1.5085123352357585e-01 dt=2.3674690707709385e-06
cycle=1832 time=1.5085360099264661e-01 dt=2.3772280405622257e-06
cycle=1833 time=1.5085597822068716e-01 dt=2.3878283628783079e-06
cycle=1834 time=1.5085836604905004e-01 dt=2.3991697118923871e-06
cycle=1835 time=1.5086076521876193e-01 dt=2.4111321634887897e-06
cycle=1836 time=1.5086317635092542e-01 dt=2.4235180232494224e-06
cycle=1837 time=1.5086559986894865e-01 dt=2.4362451426998467e-06
cycle=1838 time=1.5086803611409136e-01 dt=2.4492403955211284e-06
cycle=1839 time=1.5087048535448688e-01 dt=2.4555987058460564e-06
cycle=1840 time=1.5087294095319273e-01 dt=2.4575760649119042e-06
cycle=1841 time=1.5087539852925763e-01 dt=2.4593185340118551e-06
cycle=1842 time=1.5087785784779165e-01 dt=2.4611251140932624e-06
cycle=1843 time=1.5088031897290574e-01 dt=2.4634352857007376e-06
cycle=1844 time=1.5088278240819145e-01 dt=2.4664699736783792e-06
cycle=1845 time=1.5088524887816512e-01 dt=2.4704288579193722e-06
cycle=1846 time=1.5088771930702305e-01 dt=2.4754567913040132e-06
cycle=1847 time=1.5089019476381435e-01 dt=2.4816459412537751e-06
cycle=1848 time=1.5089267640975559e-01 dt=2.4890407663632480e-06
cycle=1849 time=1.5089516545052195e-01 dt=2.4976393791588189e-06
cycle=1850 time=1.5089766308990110e-01 dt=2.4804015178052589e-06
cycle=1851 time=1.5090014349141892e-01 dt=2.4502051542728104e-06
cycle=1852 time=1.5090259369657319e-01 dt=2.4184644129003447e-06
cycle=1853 time=1.5090501216098609e-01 dt=2.3867321624018912e-06
cycle=1854 time=1.5090739889314850e-01 dt=2.3566437862308252e-06
cycle=1855 time=1.5090975553693473e-01 dt=2.3307962918533785e-06
cycle=1856 time=1.5091208633322659e-01 dt=2.3100039265231550e-06
cycle=1857 time=1.5091439633715312e-01 dt=2.2945535647294437e-06
cycle=1858 time=1.5091669089071785e-01 dt=2.2841276380428840e-06
cycle=1859 time=1.5091897501835588e-01 dt=2.2784585772845775e-06
cycle=1860 time=1.5092125347693316e-01 dt=2.2767004325198157e-06
cycle=1861 time=1.5092353017736568e-01 dt=2.2782189630495310e-06
cycle=1862 time=1.5092580839632871e-01 dt=2.2824205647307832e-06
cycle=1863 time=1.5092809081689346e-01 dt=2.3032250122103915e-06
cycle=1864 time=1.5093039404190567e-01 dt=2.3135733480508402e-06
cycle=1865 time=1.5093270761525371e-01 dt=2.3343951970805159e-06
cycle=1866 time=1.5093504201045080e-01 dt=2.3943006855868337e-06
cycle=1867 time=1.5093743631113637e-01 dt=2.5192210183974335e-06
cycle=1868 time=1.5093995553215478e-01 dt=2.6057566964012325e-06
cycle=1869 time=1.5094256128885117e-01 dt=2.6989439707312276e-06
cycle=1870 time=1.5094526023282190e-01 dt=2.7214000963789043e-06
cycle=1871 time=1.5094798163291828e-01 dt=2.7171588379123228e-06
cycle=1872 time=1.5095069879175618e-01 dt=2.6992047835079665e-06
cycle=1873 time=1.5095339799653970e-01 dt=2.6694482986465372e-06
cycle=1874 time=1.5095606744483836e-01 dt=2.6303013876488286e-06
cycle=1875 time=1.5095869774622600e-01 dt=2.5845106073542262e-06
cycle=1876 time=1.5096128225683336e-01 dt=2.5366728870319833e-06
cycle=1877 time=1.5096381892972038e-01 dt=2.4894335366318103e-06
cycle=1878 time=1.5096630836325703e-01 dt=2.4447478537844422e-06
cycle=1879 time=1.5096875311111083e-01 dt=2.4037541105901778e-06
cycle=1880 time=1.5097115686522142e-01 dt=2.3675632453337551e-06
cycle=1881 time=1.5097352442846676e-01 dt=2.3378685797586113e-06
cycle=1882 time=1.5097586229704651e-01 dt=2.3172792284601950e-06
cycle=1883 time=1.5097817957627496e-01 dt=2.3053420941962815e-06
cycle=1884 time=1.5098048491836916e-01 dt=2.3008868503495195e-06
cycle=1885 time=1.5098278580521951e-01 dt=2.3026217589303515e-06
cycle=1886 time=1.5098508842697844e-01 dt=2.3092275879746669e-06
cycle=1887 time=1.5098739765456642e-01 dt=2.3194353005128890e-06
cycle=1888 time=1.5098971708986694e-01 dt=2.3313795447648811e-06
cycle=1889 time=1.5099204846941169e-01 dt=2.3452132043368269e-06
cycle=1890 time=1.5099439368261602e-01 dt=2.3607881302713413e-06
cycle=1891 time=1.5099675447074629e-01 dt=2.3775303183036590e-06
cycle=1892 time=1.5099913200106460e-01 dt=2.4106069260073969e-06
cycle=1893 time=1.5100154260799062e-01 dt=2.4735563968138349e-06
cycle=1894 time=1.5100401616438744e-01 dt=2.5608551222858295e-06
cycle=1895 time=1.5100657701950973e-01 dt=2.7266572351712100e-06
cycle=1896 time=1.5100930367674489e-01 dt=2.8429197452061186e-06
cycle=1897 time=1.5101214659649009e-01 dt=2.9176759423232208e-06
cycle=1898 time=1.5101506427243241e-01 dt=3.0469863624779778e-06
cycle=1899 time=1.5101811125879488e-01 dt=3.2657654231920967e-06
cycle=1900 time=1.5102137702421808e-01 dt=3.6344827818503700e-06
cycle=1901 time=1.5102501150699993e-01 dt=3.7927561899922056e-06
cycle=1902 time=1.5102880426318993e-01 dt=3.4720645780214285e-06
cycle=1903 time=1.5103227632776794e-01 dt=3.1599552409367143e-06
cycle=1904 time=1.5103543628300889e-01 dt=2.8905811653441153e-06
cycle=1905 time=1.5103832686417423e-01 dt=2.7087800337616403e-06
cycle=1906 time=1.5104103564420798e-01 dt=2.6208484669014991e-06
cycle=1907 time=1.5104365649267487e-01 dt=2.5791582408624370e-06
cycle=1908 time=1.5104623565091574e-01 dt=2.5503308300648668e-06
cycle=1909 time=1.5104878598174581e-01 dt=2.5317743314474229e-06
cycle=1910 time=1.5105131775607727e-01 dt=2.5215333799583813e-06
cycle=1911 time=1.5105383928945723e-01 dt=2.5181045183337511e-06
cycle=1912 time=1.5105635739397558e-01 dt=2.5197349419211769e-06
cycle=1913 time=1.5105887712891750e-01 dt=2.5249168231923424e-06
cycle=1914 time=1.5106140204574070e-01 dt=2.5324198137931547e-06
cycle=1915 time=1.5106393446555449e-01 dt=2.5411829587444421e-06
cycle=1916 time=1.5106647564851325e-01 dt=2.5502990190345559e-06
cycle=1917 time=1.5106902594753227e-01 dt=2.5586042735602599e-06
cycle=1918 time=1.5107158455180583e-01 dt=2.5624570611557838e-06
cycle=1919 time=1.5107414700886698e-01 dt=2.5633569098326708e-06
cycle=1920 time=1.5107671036577683e-01 dt=2.5628122908001558e-06
cycle=1921 time=1.5107927317806763e-01 dt=2.5605091667884110e-06
cycle=1922 time=1.5108183368723441e-01 dt=2.5563270357442412e-06
cycle=1923 time=1.5108439001427015e-01 dt=2.5504203441739550e-06
cycle=1924 time=1.5108694043461432e-01 dt=2.5431358516792221e-06
cycle=1925 time=1.5108948357046600e-01 dt=2.5349215302878239e-06
cycle=1926 time=1.5109201849199630e-01 dt=2.5262162527737453e-06
cycle=1927 time=1.5109454470824907e-01 dt=2.5173928781014814e-06
cycle=1928 time=1.5109706210112717e-01 dt=2.5087293246625486e-06
cycle=1929 time=1.5109957083045183e-01 dt=2.5004036127016543e-06
cycle=1930 time=1.5110207123406455e-01 dt=2.4924925946255418e-06
cycle=1931 time=1.5110456372665917e-01 dt=2.4850121477772388e-06
cycle=1932 time=1.5110704873880695e-01 dt=2.4779442670806382e-06
cycle=1933 time=1.5110952668307404e-01 dt=2.4712425016324076e-06
cycle=1934 time=1.5111199792557567e-01 dt=2.4648480890037260e-06
cycle=1935 time=1.5111446277366467e-01 dt=2.4587015346033815e-06
cycle=1936 time=1.5111692147519926e-01 dt=2.4527508532217104e-06
cycle=1937 time=1.5111937422605248e-01 dt=2.4469560837216044e-06
cycle=1938 time=1.5112182118213621e-01 dt=2.4412836798136353e-06
cycle=1939 time=1.5112426246581603e-01 dt=2.4357055433457628e-06
cycle=1940 time=1.5112669817135937e-01 dt=2.4302130111120547e-06
cycle=1941 time=1.5112912838437048e-01 dt=2.4248037522063962e-06
cycle=1942 time=1.5113155318812269e-01 dt=2.4194809646196951e-06
cycle=1943 time=1.5113397266908732e-01 dt=2.4142504917099479e-06
cycle=1944 time=1.5113638691957904e-01 dt=2.4091188505318888e-06
cycle=1945 time=1.5113879603842956e-01 dt=2.4040918036890020e-06
cycle=1946 time=1.5114120013023324e-01 dt=2.3991737260870805e-06
cycle=1947 time=1.5114359930395932e-01 dt=2.3943672651125512e-06
cycle=1948 time=1.5114599367122444e-01 dt=2.3896733714443118e-06
cycle=1949 time=1.5114838334459588e-01 dt=2.3850924599664008e-06
cycle=1950 time=1.5115076843705585e-01 dt=2.3806210473696587e-06
cycle=1951 time=1.5115314905810323e-01 dt=2.3762544547404281e-06
cycle=1952 time=1.5115552531255796e-01 dt=2.3719882558267043e-06
cycle=1953 time=1.5115789730081380e-01 dt=2.3678179845870006e-06
cycle=1954 time=1.5116026511879840e-01 dt=2.3637399881485274e-06
cycle=1955 time=1.5116262885878656e-01 dt=2.3597518099057720e-06
cycle=1956 time=1.5116498861059646e-01 dt=2.3558514420626385e-06
cycle=1957 time=1.5116734446203853e-01 dt=2.3520378628776608e-06
cycle=1958 time=1.5116969649990142e-01 dt=2.3483106298131910e-06
cycle=1959 time=1.5117204481053123e-01 dt=2.3446695057179468e-06
cycle=1960 time=1.5117438948003695e-01 dt=2.3411141724611583e-06
cycle=1961 time=1.5117673059420941e-01 dt=2.3376440422752605e-06
cycle=1962 time=1.5117906823825170e-01 dt=2.3342582305026308e-06
cycle=1963 time=1.5118140249648221e-01 dt=2.3305676783964458e-06
cycle=1964 time=1.5118373306416061e-01 dt=2.3266426104829753e-06
cycle=1965 time=1.5118605970677110e-01 dt=2.3225895563955058e-06
cycle=1966 time=1.5118838229632750e-01 dt=2.3185109209157707e-06
cycle=1967 time=1.5119070080724842e-01 dt=2.3398798506013995e-06
cycle=1968 time=1.5119304068709902e-01 dt=2.3621334433903514e-06
cycle=1969 time=1.5119540282054242e-01 dt=2.3654165505548700e-06
cycle=1970 time=1.5119776823709297e-01 dt=2.4005680881003859e-06
cycle=1971 time=1.5120016880518106e-01 dt=2.4829939636796207e-06
cycle=1972 time=1.5120265179914474e-01 dt=2.6328447708593230e-06
cycle=1973 time=1.5120528464391561e-01 dt=2.8478804981282409e-06
cycle=1974 time=1.5120813252441373e-01 dt=2.8512495429183153e-06
cycle=1975 time=1.5121098377395664e-01 dt=2.8275660772595626e-06
cycle=1976 time=1.5121381134003389e-01 dt=2.7820210144649991e-06
cycle=1977 time=1.5121659336104837e-01 dt=2.7223865877176437e-06
cycle=1978 time=1.5121931574763608e-01 dt=2.6321606426545842e-06
cycle=1979 time=1.5122194790827875e-01 dt=2.5186171276632055e-06
cycle=1980 time=1.5122446652540641e-01 dt=2.4291850397285953e-06
cycle=1981 time=1.5122689571044615e-01 dt=2.3773709525592920e-06
cycle=1982 time=1.5122927308139872e-01 dt=2.3531270388332983e-06
cycle=1983 time=1.5123162620843755e-01 dt=2.3454985237658093e-06
cycle=1984 time=1.5123397170696132e-01 dt=2.3469840321428549e-06
cycle=1985 time=1.5123631869099347e-01 dt=2.3528558690485454e-06
cycle=1986 time=1.5123867154686252e-01 dt=2.3607190521558267e-06
cycle=1987 time=1.5124103226591468e-01 dt=2.3713546982765127e-06
cycle=1988 time=1.5124340362061295e-01 dt=2.3828602160480888e-06
cycle=1989 time=1.5124578648082901e-01 dt=2.3928286438097131e-06
cycle=1990 time=1.5124817930947282e-01 dt=2.3998073507570036e-06
cycle=1991 time=1.5125057911682357e-01 dt=2.4033238627685802e-06
cycle=1992 time=1.5125298244068636e-01 dt=2.4035278577404606e-06
cycle=1993 time=1.5125538596854410e-01 dt=2.4009863609866058e-06
cycle=1994 time=1.5125778695490508e-01 dt=2.3964788950351968e-06
cycle=1995 time=1.5126018343380010e-01 dt=2.3908257674449443e-06
cycle=1996 time=1.5126257425956754e-01 dt=2.3847689372254098e-06
cycle=1997 time=1.5126495902850476e-01 dt=2.3788880181322944e-06
cycle=1998 time=1.5126733791652289e-01 dt=2.3735693622344444e-06
cycle=1999 time=1.5126971148588511e-01 dt=2.3690114825990895e-06
cycle=2000 time=1.5127208049736771e-01 dt=2.3652549993174421e-06
cycle=2001 time=1.5127444575236701e-01 dt=2.3622264286110171e-06
cycle=2002 time=1.5127680797879561e-01 dt=2.3597846594510554e-06
cycle=2003 time=1.5127916776345507e-01 dt=2.3577586492825015e-06
cycle=2004 time=1.5128152552210436e-01 dt=2.3936090278692977e-06
cycle=2005 time=1.5128391913113223e-01 dt=2.4839873645624351e-06
cycle=2006 time=1.5128640311849678e-01 dt=2.6489057496983390e-06
cycle=2007 time=1.5128905202424647e-01 dt=2.9172752143326634e-06
cycle=2008 time=1.5129196929946082e-01 dt=3.3334336921924018e-06
cycle=2009 time=1.5129530273315300e-01 dt=3.9506346567930196e-06
cycle=2010 time=1.5129925336780981e-01 dt=4.8073519208944194e-06
cycle=2011 time=1.5130406071973071e-01 dt=4.6613894488134716e-06
cycle=2012 time=1.5130872210917953e-01 dt=4.0686230304488447e-06
cycle=2013 time=1.5131279073220999e-01 dt=3.5542607774566875e-06
cycle=2014 time=1.5131634499298743e-01 dt=3.1815445220405478e-06
cycle=2015 time=1.5131952653750946e-01 dt=2.9390254775387660e-06
cycle=2016 time=1.5132246556298701e-01 dt=2.8554637872780331e-06
cycle=2017 time=1.5132532102677429e-01 dt=2.8418248481471368e-06
cycle=2018 time=1.5132816285162243e-01 dt=2.8570746694293068e-06
cycle=2019 time=1.5133101992629186e-01 dt=2.8826241942051345e-06
cycle=2020 time=1.5133390255048607e-01 dt=2.9098496323759163e-06
cycle=2021 time=1.5133681240011845e-01 dt=2.9355495781031768e-06
cycle=2022 time=1.5133974794969657e-01 dt=2.9594621006266548e-06
cycle=2023 time=1.5134270741179720e-01 dt=2.9816163912258434e-06
cycle=2024 time=1.5134568902818843e-01 dt=3.0011046964855727e-06
cycle=2025 time=1.5134869013288491e-01 dt=3.0151466589128654e-06
cycle=2026 time=1.5135170527954381e-01 dt=3.0231673125699047e-06
cycle=2027 time=1.5135472844685638e-01 dt=2.9975054672190204e-06
cycle=2028 time=1.5135772595232361e-01 dt=2.9406332863063859e-06
cycle=2029 time=1.5136066658560993e-01 dt=2.8939714469131520e-06
cycle=2030 time=1.5136356055705685e-01 dt=2.8634395569591690e-06
cycle=2031 time=1.5136642399661382e-01 dt=2.8491039910154403e-06
cycle=2032 time=1.5136927310060483e-01 dt=2.8463817354433979e-06
cycle=2033 time=1.5137211948234028e-01 dt=2.8503147030312967e-06
cycle=2034 time=1.5137496979704332e-01 dt=2.8580274941701587e-06
cycle=2035 time=1.5137782782453749e-01 dt=2.8674897206810209e-06
cycle=2036 time=1.5138069531425816e-01 dt=2.8771973704322601e-06
cycle=2037 time=1.5138357251162859e-01 dt=2.8861046589818615e-06
cycle=2038 time=1.5138645861628758e-01 dt=2.8937961150315275e-06
cycle=2039 time=1.5138935241240262e-01 dt=2.9003351806861637e-06
cycle=2040 time=1.5139225274758331e-01 dt=2.9060601111584467e-06
cycle=2041 time=1.5139515880769447e-01 dt=2.9114067726897933e-06
cycle=2042 time=1.5139807021446716e-01 dt=2.9167809131278205e-06
cycle=2043 time=1.5140098699538029e-01 dt=2.9224882952923466e-06
cycle=2044 time=1.5140390948367557e-01 dt=2.9251108253873113e-06
cycle=2045 time=1.5140683459450097e-01 dt=2.9107238536500139e-06
cycle=2046 time=1.5140974531835460e-01 dt=2.9011687377106207e-06
cycle=2047 time=1.5141264648709232e-01 dt=2.8979350643163646e-06
cycle=2048 time=1.5141554442215663e-01 dt=2.9003203401789506e-06
cycle=2049 time=1.5141844474249680e-01 dt=2.9067680412719923e-06
cycle=2050 time=1.5142135151053807e-01 dt=2.9157912389196019e-06
cycle=2051 time=1.5142426730177699e-01 dt=2.9262786600512751e-06
cycle=2052 time=1.5142719358043705e-01 dt=2.9374612901651479e-06
cycle=2053 time=1.5143013104172720e-01 dt=2.9488425991512302e-06
cycle=2054 time=1.5143307988432636e-01 dt=2.9601469102367478e-06
cycle=2055 time=1.5143604003123659e-01 dt=2.9712153623117599e-06
cycle=2056 time=1.5143901124659889e-01 dt=2.9820408490031834e-06
cycle=2057 time=1.5144199328744790e-01 dt=2.9926997791997968e-06
cycle=2058 time=1.5144498598722708e-01 dt=3.0033026745181841e-06
cycle=2059 time=1.5144798928990161e-01 dt=3.0139580768696104e-06
cycle=2060 time=1.5145100324797847e-01 dt=3.0247549582400772e-06
cycle=2061 time=1.5145402800293672e-01 dt=3.0357536223652346e-06
cycle=2062 time=1.5145706375655910e-01 dt=3.0469866281845608e-06
cycle=2063 time=1.5146011074318727e-01 dt=3.0584627689121851e-06
cycle=2064 time=1.5146316920595618e-01 dt=3.0701772761031932e-06
cycle=2065 time=1.5146623938323228e-01 dt=3.0821227387700455e-06
cycle=2066 time=1.5146932150597106e-01 dt=3.0942893195999412e-06
cycle=2067 time=1.5147241579529067e-01 dt=3.1066575778439248e-06
cycle=2068 time=1.5147552245286852e-01 dt=3.0950456885708919e-06
cycle=2069 time=1.5147861749855709e-01 dt=2.9711714921179523e-06
cycle=2070 time=1.5148158867004921e-01 dt=2.8861958928972882e-06
cycle=2071 time=1.5148447486594210e-01 dt=2.8492981412323936e-06
cycle=2072 time=1.5148732416408334e-01 dt=2.8424196890516134e-06
cycle=2073 time=1.5149016658377240e-01 dt=2.8504235957918822e-06
cycle=2074 time=1.5149301700736820e-01 dt=2.8649239747855195e-06
cycle=2075 time=1.5149588193134297e-01 dt=2.8819539742162253e-06
cycle=2076 time=1.5149876388531719e-01 dt=2.8999461676483417e-06
cycle=2077 time=1.5150166383148483e-01 dt=2.9183672207700503e-06
cycle=2078 time=1.5150458219870561e-01 dt=2.9362166471348136e-06
cycle=2079 time=1.5150751841535273e-01 dt=2.9531338044501260e-06
cycle=2080 time=1.5151047154915717e-01 dt=2.9690884034978504e-06
cycle=2081 time=1.5151344063756067e-01 dt=2.9845991093593129e-06
cycle=2082 time=1.5151642523667003e-01 dt=2.9925566581301030e-06
cycle=2083 time=1.5151941779332817e-01 dt=2.9984530654417345e-06
cycle=2084 time=1.5152241624639362e-01 dt=3.0062675725364654e-06
cycle=2085 time=1.5152542251396617e-01 dt=3.0162147244805761e-06
cycle=2086 time=1.5152843872869065e-01 dt=3.0279719378056857e-06
cycle=2087 time=1.5153146670062845e-01 dt=3.0410739773545010e-06
cycle=2088 time=1.5153450777460581e-01 dt=3.0550814721394418e-06
cycle=2089 time=1.5153756285607795e-01 dt=3.0696440821564354e-06
cycle=2090 time=1.5154063250016009e-01 dt=3.0845126128550847e-06
cycle=2091 time=1.5154371701277294e-01 dt=3.0995123667857741e-06
cycle=2092 time=1.5154681652513974e-01 dt=3.1145606094357721e-06
cycle=2093 time=1.5154993108574918e-01 dt=3.1296412169683921e-06
cycle=2094 time=1.5155306072696614e-01 dt=3.1447458018738379e-06
cycle=2095 time=1.5155620547276802e-01 dt=3.1599114192262514e-06
cycle=2096 time=1.5155936538418724e-01 dt=3.1751954589064417e-06
cycle=2097 time=1.5156254057964613e-01 dt=3.1906447136899353e-06
cycle=2098 time=1.5156573122435982e-01 dt=3.2062885796976607e-06
cycle=2099 time=1.5156893751293951e-01 dt=3.2221426971163144e-06
cycle=2100 time=1.5157215965563664e-01 dt=3.2382119795138378e-06
cycle=2101 time=1.5157539786761615e-01 dt=3.2544942938395527e-06
cycle=2102 time=1.5157865236190998e-01 dt=3.2709837102318500e-06
cycle=2103 time=1.5158192334562021e-01 dt=3.2876728078769015e-06
cycle=2104 time=1.5158521101842809e-01 dt=3.3045477585654937e-06
cycle=2105 time=1.5158851556618666e-01 dt=3.3215976828658091e-06
cycle=2106 time=1.5159183716386954e-01 dt=3.3388198221361150e-06
cycle=2107 time=1.5159517598369168e-01 dt=3.3562144395757670e-06
cycle=2108 time=1.5159853219813127e-01 dt=3.1902065677949406e-06
cycle=2109 time=1.5160172240469907e-01 dt=3.0366977820544726e-06
cycle=2110 time=1.5160475910248114e-01 dt=2.9426175831764780e-06
cycle=2111 time=1.5160770172006433e-01 dt=2.9080253571967305e-06
cycle=2112 time=1.5161060974542151e-01 dt=2.9084039454879539e-06
cycle=2113 time=1.5161351814936699e-01 dt=2.9240012778462966e-06
cycle=2114 time=1.5161644215064485e-01 dt=2.9482699703588869e-06
cycle=2115 time=1.5161939042061520e-01 dt=2.9504735152391535e-06
cycle=2116 time=1.5162234089413043e-01 dt=2.9631436712531245e-06
cycle=2117 time=1.5162530403780169e-01 dt=2.9824590028146805e-06
cycle=2118 time=1.5162828649680452e-01 dt=3.0057510293604047e-06
cycle=2119 time=1.5163129224783387e-01 dt=3.0310056036882447e-06
cycle=2120 time=1.5163432325343756e-01 dt=3.0565832157821082e-06
cycle=2121 time=1.5163737983665335e-01 dt=3.0812645867121604e-06
cycle=2122 time=1.5164046110124005e-01 dt=3.1042825584107853e-06
cycle=2123 time=1.5164356538379845e-01 dt=3.0748428978328581e-06
cycle=2124 time=1.5164664022669627e-01 dt=3.0385756618319262e-06
cycle=2125 time=1.5164967880235811e-01 dt=3.0052506147378051e-06
cycle=2126 time=1.5165268405297286e-01 dt=2.9768192404529737e-06
cycle=2127 time=1.5165566087221330e-01 dt=2.9537811331099204e-06
cycle=2128 time=1.5165861465334640e-01 dt=2.9354658008958429e-06
cycle=2129 time=1.5166155011914731e-01 dt=2.9207227953555396e-06
cycle=2130 time=1.5166447084194268e-01 dt=2.9084133341654601e-06
cycle=2131 time=1.5166737925527685e-01 dt=2.8976192235586406e-06
cycle=2132 time=1.5167027687450041e-01 dt=2.8876488249750490e-06
cycle=2133 time=1.5167316452332538e-01 dt=2.8779483801583538e-06
cycle=2134 time=1.5167604247170555e-01 dt=2.8689065482763324e-06
cycle=2135 time=1.5167891137825382e-01 dt=2.8603353845144700e-06
cycle=2136 time=1.5168177171363834e-01 dt=2.8517515105767075e-06
cycle=2137 time=1.5168462346514891e-01 dt=2.8425986131630793e-06
cycle=2138 time=1.5168746606376207e-01 dt=2.8329649317475635e-06
cycle=2139 time=1.5169029902869383e-01 dt=2.8229464547250224e-06
cycle=2140 time=1.5169312197514856e-01 dt=2.8126183394288004e-06
cycle=2141 time=1.5169593459348799e-01 dt=2.8020420570959295e-06
cycle=2142 time=1.5169873663554509e-01 dt=2.7912591399405348e-06
cycle=2143 time=1.5170152789468502e-01 dt=2.7802985063212345e-06
cycle=2144 time=1.5170430819319133e-01 dt=2.7691809170882306e-06
cycle=2145 time=1.5170707737410843e-01 dt=2.7579224161374767e-06
cycle=2146 time=1.5170983529652457e-01 dt=2.7465370756142511e-06
cycle=2147 time=1.5171258183360017e-01 dt=2.7350386481707386e-06
cycle=2148 time=1.5171531687224835e-01 dt=2.7234411032019985e-06
cycle=2149 time=1.5171804031335154e-01 dt=2.7117550595412712e-06
cycle=2150 time=1.5172075206841107e-01 dt=2.6999940464719644e-06
cycle=2151 time=1.5172345206245755e-01 dt=2.6881717311652616e-06
cycle=2152 time=1.5172614023418871e-01 dt=2.6762994149353682e-06
cycle=2153 time=1.5172881653360365e-01 dt=2.6643895952083793e-06
cycle=2154 time=1.5173148092319885e-01 dt=2.6524729602337796e-06
cycle=2155 time=1.5173413339615910e-01 dt=2.6405828260746540e-06
cycle=2156 time=1.5173677397898516e-01 dt=2.6287432472926628e-06
cycle=2157 time=1.5173940272223246e-01 dt=2.6169620027291028e-06
cycle=2158 time=1.5174201968423520e-01 dt=2.6052403082117216e-06
cycle=2159 time=1.5174462492454341e-01 dt=2.5935758044749156e-06
cycle=2160 time=1.5174721850034789e-01 dt=2.5819650657168586e-06
cycle=2161 time=1.5174980046541361e-01 dt=2.5704028050452137e-06
cycle=2162 time=1.5175237086821866e-01 dt=2.5588833070256493e-06
cycle=2163 time=1.5175492975152569e-01 dt=2.5474080439710348e-06
cycle=2164 time=1.5175747715956966e-01 dt=2.5360118658084155e-06
cycle=2165 time=1.5176001317143548e-01 dt=2.5245823409167279e-06
cycle=2166 time=1.5176253775377641e-01 dt=2.5130842985866988e-06
cycle=2167 time=1.5176505083807498e-01 dt=2.5015586600006411e-06
cycle=2168 time=1.5176755239673498e-01 dt=2.4899769086573433e-06
cycle=2169 time=1.5177004237364364e-01 dt=2.4783286929965029e-06
cycle=2170 time=1.5177252070233663e-01 dt=2.4666474496862503e-06
cycle=2171 time=1.5177498734978631e-01 dt=2.4549802963830718e-06
cycle=2172 time=1.5177744233008270e-01 dt=2.4433716209494720e-06
cycle=2173 time=1.5177988570170364e-01 dt=2.4318493190796986e-06
cycle=2174 time=1.5178231755102273e-01 dt=2.4204229849338865e-06
cycle=2175 time=1.5178473797400766e-01 dt=2.4090936786097126e-06
cycle=2176 time=1.5178714706768626e-01 dt=2.3978562125393007e-06
cycle=2177 time=1.5178954492389879e-01 dt=2.3867014845271177e-06
cycle=2178 time=1.5179193162538332e-01 dt=2.3756186018962551e-06
cycle=2179 time=1.5179430724398521e-01 dt=2.3645957975918940e-06
cycle=2180 time=1.5179667183978279e-01 dt=2.3536233017175300e-06
cycle=2181 time=1.5179902546308452e-01 dt=2.3426940853003245e-06
cycle=2182 time=1.5180136815716982e-01 dt=2.3318037778495443e-06
cycle=2183 time=1.5180369996094767e-01 dt=2.3209501756457069e-06
cycle=2184 time=1.5180602091112330e-01 dt=2.3101298173301101e-06
cycle=2185 time=1.5180833104094063e-01 dt=2.2993418742730629e-06
cycle=2186 time=1.5181063038281489e-01 dt=2.2885887504557355e-06
cycle=2187 time=1.5181291897156535e-01 dt=2.2778749057276434e-06
cycle=2188 time=1.5181519684647107e-01 dt=2.2672046272846874e-06
cycle=2189 time=1.5181746405109836e-01 dt=2.2565829246319679e-06
cycle=2190 time=1.5181972063402299e-01 dt=2.2460153706859559e-06
cycle=2191 time=1.5182196664939368e-01 dt=2.2355064035917377e-06
cycle=2192 time=1.5182420215579728e-01 dt=2.2250612609946947e-06
cycle=2193 time=1.5182642721705827e-01 dt=2.2146840646073425e-06
cycle=2194 time=1.5182864190112288e-01 dt=2.2043781770645760e-06
cycle=2195 time=1.5183084627929994e-01 dt=2.1941462863601972e-06
cycle=2196 time=1.5183304042558629e-01 dt=2.1839908297480350e-06
cycle=2197 time=1.5183522441641603e-01 dt=2.1739135809231462e-06
cycle=2198 time=1.5183739832999696e-01 dt=2.1639157502398500e-06
cycle=2199 time=1.5183956224574721e-01 dt=2.1539985059382974e-06
cycle=2200 time=1.5184171624425316e-01 dt=2.1441632351290991e-06
cycle=2201 time=1.5184386040748829e-01 dt=2.1344092029029879e-06
cycle=2202 time=1.5184599481669120e-01 dt=2.1247371312041568e-06
cycle=2203 time=1.5184811955382241e-01 dt=2.1151483944523159e-06
cycle=2204 time=1.5185023470221687e-01 dt=2.1056435974523464e-06
cycle=2205 time=1.5185234034581432e-01 dt=2.0962227064413968e-06
cycle=2206 time=1.5185443656852077e-01 dt=2.0868852324259509e-06
cycle=2207 time=1.5185652345375319e-01 dt=2.0776256697406889e-06
cycle=2208 time=1.5185860107942292e-01 dt=2.0684424994207540e-06
cycle=2209 time=1.5186066952192234e-01 dt=2.0593355350388438e-06
cycle=2210 time=1.5186272885745739e-01 dt=2.0503053006942568e-06
cycle=2211 time=1.5186477916275809e-01 dt=2.0413524435277003e-06
cycle=2212 time=1.5186682051520162e-01 dt=2.0324770606492129e-06
cycle=2213 time=1.5186885299226227e-01 dt=2.0236796529854992e-06
cycle=2214 time=1.5187087667191526e-01 dt=2.0149608585965025e-06
cycle=2215 time=1.5187289163277387e-01 dt=2.0063213198716012e-06
cycle=2216 time=1.5187489795409373e-01 dt=1.9977614825877401e-06
cycle=2217 time=1.5187689571557630e-01 dt=1.9892815288379062e-06
cycle=2218 time=1.5187888499710514e-01 dt=1.9808817565605447e-06
cycle=2219 time=1.5188086587886171e-01 dt=1.9725625829164888e-06
cycle=2220 time=1.5188283844144462e-01 dt=1.9643248109103626e-06
cycle=2221 time=1.5188480276625554e-01 dt=1.9561691655410964e-06
cycle=2222 time=1.5188675893542108e-01 dt=1.9480659905376657e-06
cycle=2223 time=1.5188870700141163e-01 dt=1.9400264933876471e-06
cycle=2224 time=1.5189064702790503e-01 dt=1.9320576616775130e-06
cycle=2225 time=1.5189257908556672e-01 dt=1.9789326745518085e-06
cycle=2226 time=1.5189455801824128e-01 dt=2.1206706697115268e-06
cycle=2227 time=1.5189667868891099e-01 dt=2.3509574631337999e-06
cycle=2228 time=1.5189902964637411e-01 dt=2.6445019657035723e-06
cycle=2229 time=1.5190167414833983e-01 dt=3.1865914544626928e-06
cycle=2230 time=1.5190486073979428e-01 dt=4.1088107225733304e-06
cycle=2231 time=1.5190896955051686e-01 dt=4.4212584227639556e-06
cycle=2232 time=1.5191339080893962e-01 dt=4.1510236453617219e-06
cycle=2233 time=1.5191754183258499e-01 dt=3.8407878106512465e-06
cycle=2234 time=1.5192138262039565e-01 dt=3.4138601815493618e-06
cycle=2235 time=1.5192479648057719e-01 dt=3.0468023071373928e-06
cycle=2236 time=1.5192784328288433e-01 dt=2.7529291739644535e-06
cycle=2237 time=1.5193059621205829e-01 dt=2.5840601203648570e-06
cycle=2238 time=1.5193318027217864e-01 dt=2.5195094403371010e-06
cycle=2239 time=1.5193569978161897e-01 dt=2.3582946562449857e-06
cycle=2240 time=1.5193805807627522e-01 dt=2.2334737438504753e-06
cycle=2241 time=1.5194029155001906e-01 dt=2.1523565542037179e-06
cycle=2242 time=1.5194244390657327e-01 dt=2.0958626229645036e-06
cycle=2243 time=1.5194453976919622e-01 dt=2.0532229320735448e-06
cycle=2244 time=1.5194659299212829e-01 dt=2.0224788669326204e-06
cycle=2245 time=1.5194861547099522e-01 dt=1.9974491101610851e-06
cycle=2246 time=1.5195061292010539e-01 dt=1.9779695608666613e-06
cycle=2247 time=1.5195259088966626e-01 dt=1.9637941486997370e-06
cycle=2248 time=1.5195455468381497e-01 dt=1.9540598265463475e-06
cycle=2249 time=1.5195650874364153e-01 dt=1.9420543449297063e-06
cycle=2250 time=1.5195845079798645e-01 dt=1.9344754562453683e-06
cycle=2251 time=1.5196038527344269e-01 dt=1.9308632643168536e-06
cycle=2252 time=1.5196231613670699e-01 dt=1.9307266706514543e-06
cycle=2253 time=1.5196424686337764e-01 dt=1.9335514323617491e-06
cycle=2254 time=1.5196618041481000e-01 dt=1.9388081777641608e-06
cycle=2255 time=1.5196811922298775e-01 dt=1.9460371507961813e-06
cycle=2256 time=1.5197006526013854e-01 dt=1.9547898004595723e-06
cycle=2257 time=1.5197202004993898e-01 dt=1.9646390937921126e-06
cycle=2258 time=1.5197398468903278e-01 dt=1.9763853805229507e-06
cycle=2259 time=1.5197596107441330e-01 dt=1.9881856292261838e-06
cycle=2260 time=1.5197794926004252e-01 dt=1.9985199069642903e-06
cycle=2261 time=1.5197994777994947e-01 dt=2.0078342600830654e-06
cycle=2262 time=1.5198195561420955e-01 dt=2.0162017646270677e-06
cycle=2263 time=1.5198397181597417e-01 dt=2.0235583925078600e-06
cycle=2264 time=1.5198599537436669e-01 dt=2.0299249143691647e-06
cycle=2265 time=1.5198802529928107e-01 dt=2.0350695883299528e-06
cycle=2266 time=1.5199006036886939e-01 dt=2.0419439829458685e-06
cycle=2267 time=1.5199210231285235e-01 dt=2.0550781787199897e-06
cycle=2268 time=1.5199415739103106e-01 dt=2.0740684400312382e-06
cycle=2269 time=1.5199623145947108e-01 dt=2.0957967197310635e-06
cycle=2270 time=1.5199832725619081e-01 dt=2.1257471578095455e-06
cycle=2271 time=1.5200045300334861e-01 dt=2.1659507624126791e-06
cycle=2272 time=1.5200261895411102e-01 dt=2.2160754348180376e-06
cycle=2273 time=1.5200483502954584e-01 dt=2.2789098619353764e-06
cycle=2274 time=1.5200711393940777e-01 dt=2.5040023237096617e-06
cycle=2275 time=1.5200961794173148e-01 dt=3.0497619272419317e-06
cycle=2276 time=1.5201266770365873e-01 dt=4.1820078764941414e-06
cycle=2277 time=1.5201684971153523e-01 dt=4.1332334661313093e-06
cycle=2278 time=1.5202098294500135e-01 dt=3.8165993796100844e-06
cycle=2279 time=1.5202479954438097e-01 dt=3.4749923091216328e-06
cycle=2280 time=1.5202827453669010e-01 dt=3.1323673919157089e-06
cycle=2281 time=1.5203140690408201e-01 dt=2.8266310894099421e-06
cycle=2282 time=1.5203423353517143e-01 dt=2.5888616480227112e-06
cycle=2283 time=1.5203682239681945e-01 dt=2.4682143462262714e-06
cycle=2284 time=1.5203929061116567e-01 dt=2.4194806172183496e-06
cycle=2285 time=1.5204171009178288e-01 dt=2.3938693805944498e-06
cycle=2286 time=1.5204410396116347e-01 dt=2.3803143833208892e-06
cycle=2287 time=1.5204648427554679e-01 dt=2.3743946750613971e-06
cycle=2288 time=1.5204885867022186e-01 dt=2.3739433070438470e-06
cycle=2289 time=1.5205123261352890e-01 dt=2.3773517213759903e-06
cycle=2290 time=1.5205360996525027e-01 dt=2.3835722775870591e-06
cycle=2291 time=1.5205599353752786e-01 dt=2.3918202858562753e-06
cycle=2292 time=1.5205838535781371e-01 dt=2.4014462073718475e-06
cycle=2293 time=1.5206078680402108e-01 dt=2.4119091743371485e-06
cycle=2294 time=1.5206319871319540e-01 dt=2.4222900180037550e-06
cycle=2295 time=1.5206562100321341e-01 dt=2.4320696908588164e-06
cycle=2296 time=1.5206805307290427e-01 dt=2.4407679887681317e-06
cycle=2297 time=1.5207049384089305e-01 dt=2.4488381533459875e-06
cycle=2298 time=1.5207294267904639e-01 dt=2.4560137098958787e-06
cycle=2299 time=1.5207539869275630e-01 dt=2.4583673404171029e-06
cycle=2300 time=1.5207785706009672e-01 dt=2.4623159719053928e-06
cycle=2301 time=1.5208031937606861e-01 dt=2.4679000512768294e-06
cycle=2302 time=1.5208278727611990e-01 dt=2.4746416983254316e-06
cycle=2303 time=1.5208526191781824e-01 dt=2.4819219685738322e-06
cycle=2304 time=1.5208774383978682e-01 dt=2.4885880116086224e-06
cycle=2305 time=1.5209023242779843e-01 dt=2.4720183090744724e-06
cycle=2306 time=1.5209270444610751e-01 dt=2.4118944636380569e-06
cycle=2307 time=1.5209511634057116e-01 dt=2.3558597461636159e-06
cycle=2308 time=1.5209747220031733e-01 dt=2.3081767662026759e-06
cycle=2309 time=1.5209978037708352e-01 dt=2.2692847268342007e-06
cycle=2310 time=1.5210204966181035e-01 dt=2.2366429283832754e-06
cycle=2311 time=1.5210428630473874e-01 dt=2.2220793291502325e-06
cycle=2312 time=1.5210650838406789e-01 dt=2.2255457677347454e-06
cycle=2313 time=1.5210873392983562e-01 dt=2.2459831975159215e-06
cycle=2314 time=1.5211097991303313e-01 dt=2.2828346044954373e-06
cycle=2315 time=1.5211326274763762e-01 dt=2.3328660342949737e-06
cycle=2316 time=1.5211559561367191e-01 dt=2.3948492648389598e-06
cycle=2317 time=1.5211799046293675e-01 dt=2.5209463273464830e-06
cycle=2318 time=1.5212051140926411e-01 dt=2.7578381645862493e-06
cycle=2319 time=1.5212326924742869e-01 dt=2.7401316303408338e-06
cycle=2320 time=1.5212600937905904e-01 dt=2.7045522127036432e-06
cycle=2321 time=1.5212871393127175e-01 dt=2.6583047603030878e-06
cycle=2322 time=1.5213137223603207e-01 dt=2.6081017564800721e-06
cycle=2323 time=1.5213398033778855e-01 dt=2.5593841595354623e-06
cycle=2324 time=1.5213653972194807e-01 dt=2.5145761121895217e-06
cycle=2325 time=1.5213905429806027e-01 dt=2.4767540659722014e-06
cycle=2326 time=1.5214153105212624e-01 dt=2.4474206132216738e-06
cycle=2327 time=1.5214397847273947e-01 dt=2.4278785927328363e-06
cycle=2328 time=1.5214640635133220e-01 dt=2.4166554041168170e-06
cycle=2329 time=1.5214882300673632e-01 dt=2.4102650490897793e-06
cycle=2330 time=1.5215123327178542e-01 dt=2.4067358387459438e-06
cycle=2331 time=1.5215364000762416e-01 dt=2.4049016143271404e-06
cycle=2332 time=1.5215604490923848e-01 dt=2.4041372785729347e-06
cycle=2333 time=1.5215844904651704e-01 dt=2.4045043872864648e-06
cycle=2334 time=1.5216085355090433e-01 dt=2.4058359081371513e-06
cycle=2335 time=1.5216325938681247e-01 dt=2.4073073665508641e-06
cycle=2336 time=1.5216566669417902e-01 dt=2.4086189264441082e-06
cycle=2337 time=1.5216807531310547e-01 dt=2.4097353199103930e-06
cycle=2338 time=1.5217048504842537e-01 dt=2.4109107679760863e-06
cycle=2339 time=1.5217289595919334e-01 dt=2.4122342206682412e-06
cycle=2340 time=1.5217530819341402e-01 dt=2.4134761480776248e-06
cycle=2341 time=1.5217772166956209e-01 dt=2.4142423818902071e-06
cycle=2342 time=1.5218013591194399e-01 dt=2.4145655445584726e-06
cycle=2343 time=1.5218255047748855e-01 dt=2.4144180387440123e-06
cycle=2344 time=1.5218496489552730e-01 dt=2.4137955598309293e-06
cycle=2345 time=1.5218737869108712e-01 dt=2.4127157182310145e-06
cycle=2346 time=1.5218979140680536e-01 dt=2.4112135599908202e-06
cycle=2347 time=1.5219220262036534e-01 dt=2.4093374121931347e-06
cycle=2348 time=1.5219461195777753e-01 dt=2.4071405497891554e-06
cycle=2349 time=1.5219701909832731e-01 dt=2.4046766342872951e-06
cycle=2350 time=1.5219942377496160e-01 dt=2.4019991279358147e-06
cycle=2351 time=1.5220182577408953e-01 dt=2.3991788347507273e-06
cycle=2352 time=1.5220422495292427e-01 dt=2.3962813308130988e-06
cycle=2353 time=1.5220662123425507e-01 dt=2.3933520116084042e-06
cycle=2354 time=1.5220901458626668e-01 dt=2.3904206731491264e-06
cycle=2355 time=1.5221140500693983e-01 dt=2.3875084561037003e-06
cycle=2356 time=1.5221379251539593e-01 dt=2.3846278163343380e-06
cycle=2357 time=1.5221617714321226e-01 dt=2.3920326301384921e-06
cycle=2358 time=1.5221856917584239e-01 dt=2.4238454373584596e-06
cycle=2359 time=1.5222099302127975e-01 dt=2.4869109340733564e-06
cycle=2360 time=1.5222347993221383e-01 dt=2.5205735417057916e-06
cycle=2361 time=1.5222600050575552e-01 dt=2.5004901420360053e-06
cycle=2362 time=1.5222850099589755e-01 dt=2.4759052541804863e-06
cycle=2363 time=1.5223097690115173e-01 dt=2.4501197217393529e-06
cycle=2364 time=1.5223342702087347e-01 dt=2.4256339827027273e-06
cycle=2365 time=1.5223585265485617e-01 dt=2.4044801019213302e-06
cycle=2366 time=1.5223825713495809e-01 dt=2.3877198521279266e-06
cycle=2367 time=1.5224064485481020e-01 dt=2.3750467809126716e-06
cycle=2368 time=1.5224301990159111e-01 dt=2.3660293020689452e-06
cycle=2369 time=1.5224538593089318e-01 dt=2.3596992783094429e-06
cycle=2370 time=1.5224774563017149e-01 dt=2.3552944557963711e-06
cycle=2371 time=1.5225010092462729e-01 dt=2.3524262798056840e-06
cycle=2372 time=1.5225245335090709e-01 dt=2.3505441659074795e-06
cycle=2373 time=1.5225480389507301e-01 dt=2.3492411682605272e-06
cycle=2374 time=1.5225715313624127e-01 dt=2.3610503815992263e-06
cycle=2375 time=1.5225951418662287e-01 dt=2.3959267064839700e-06
cycle=2376 time=1.5226191011332935e-01 dt=2.4607095232652140e-06
cycle=2377 time=1.5226437082285260e-01 dt=2.5638980041177965e-06
cycle=2378 time=1.5226693472085673e-01 dt=2.7161146721833115e-06
cycle=2379 time=1.5226965083552890e-01 dt=2.9302226302638733e-06
cycle=2380 time=1.5227258105815916e-01 dt=2.9956436665290521e-06
cycle=2381 time=1.5227557670182570e-01 dt=2.8904697873450591e-06
cycle=2382 time=1.5227846717161306e-01 dt=2.7757172462250160e-06
cycle=2383 time=1.5228124288885928e-01 dt=2.6583269745862440e-06
cycle=2384 time=1.5228390121583385e-01 dt=2.5441472637205345e-06
cycle=2385 time=1.5228644536309757e-01 dt=2.4369774491732830e-06
cycle=2386 time=1.5228888234054674e-01 dt=2.3415704035350187e-06
cycle=2387 time=1.5229122391095029e-01 dt=2.2665532703961591e-06
cycle=2388 time=1.5229349046422069e-01 dt=2.2103548472009334e-06
cycle=2389 time=1.5229570081906790e-01 dt=2.1723840016296255e-06
cycle=2390 time=1.5229787320306953e-01 dt=2.1506639412262437e-06
cycle=2391 time=1.5230002386701075e-01 dt=2.1429869227194557e-06
cycle=2392 time=1.5230216685393347e-01 dt=2.1464113188217529e-06
cycle=2393 time=1.5230431326525229e-01 dt=2.1585228500260325e-06
cycle=2394 time=1.5230647178810230e-01 dt=2.1769903535962694e-06
cycle=2395 time=1.5230864877845590e-01 dt=2.1999126527995064e-06
cycle=2396 time=1.5231084869110870e-01 dt=2.2257709778708439e-06
cycle=2397 time=1.5231307446208656e-01 dt=2.2533334741491385e-06
cycle=2398 time=1.5231532779556070e-01 dt=2.2837720492939753e-06
cycle=2399 time=1.5231761156761001e-01 dt=2.3174799445208892e-06
cycle=2400 time=1.5231992904755454e-01 dt=2.3564836622893990e-06
cycle=2401 time=1.5232228553121682e-01 dt=2.5024876750315148e-06
cycle=2402 time=1.5232478801889185e-01 dt=2.6441459743005933e-06
cycle=2403 time=1.5232743216486616e-01 dt=2.6288165968739239e-06
cycle=2404 time=1.5233006098146304e-01 dt=2.5932939965492670e-06
cycle=2405 time=1.5233265427545958e-01 dt=2.5461629916282757e-06
cycle=2406 time=1.5233520043845122e-01 dt=2.4951224743903027e-06
cycle=2407 time=1.5233769556092561e-01 dt=2.4465326736653063e-06
cycle=2408 time=1.5234014209359928e-01 dt=2.4049442590072834e-06
cycle=2409 time=1.5234254703785829e-01 dt=2.3721167024011370e-06
cycle=2410 time=1.5234491915456069e-01 dt=2.3512093395890307e-06
cycle=2411 time=1.5234727036390028e-01 dt=2.3379811927996942e-06
cycle=2412 time=1.5234960834509309e-01 dt=2.3285048311148243e-06
cycle=2413 time=1.5235193684992421e-01 dt=2.3216498690101880e-06
cycle=2414 time=1.5235425849979323e-01 dt=2.3166895518373476e-06
cycle=2415 time=1.5235657518934506e-01 dt=2.3130995450424210e-06
cycle=2416 time=1.5235888828889010e-01 dt=2.3104625257478395e-06
cycle=2417 time=1.5236119875141585e-01 dt=2.3088908390806138e-06
cycle=2418 time=1.5236350764225493e-01 dt=2.3086561939842098e-06
cycle=2419 time=1.5236581629844892e-01 dt=2.3092378676396040e-06
cycle=2420 time=1.5236812553631657e-01 dt=2.3100478502015829e-06
cycle=2421 time=1.5237043558416677e-01 dt=2.3107744221124040e-06
cycle=2422 time=1.5237274635858888e-01 dt=2.3112166807198433e-06
cycle=2423 time=1.5237505757526959e-01 dt=2.3112548438391047e-06
cycle=2424 time=1.5237736883011344e-01 dt=2.3108616744993453e-06
cycle=2425 time=1.5237967969178792e-01 dt=2.3101044455300178e-06
cycle=2426 time=1.5238198979623346e-01 dt=2.3090042358684379e-06
cycle=2427 time=1.5238429880046933e-01 dt=2.3075682809260318e-06
cycle=2428 time=1.5238660636875026e-01 dt=2.3058090231998500e-06
cycle=2429 time=1.5238891217777345e-01 dt=2.3037506276435828e-06
cycle=2430 time=1.5239121592840110e-01 dt=2.3014288028914634e-06
cycle=2431 time=1.5239351735720399e-01 dt=2.2988878737279516e-06
cycle=2432 time=1.5239581624507773e-01 dt=2.2961778316018752e-06
cycle=2433 time=1.5239811242290932e-01 dt=2.2933501489059127e-06
cycle=2434 time=1.5240040577305822e-01 dt=2.2904541444538729e-06
cycle=2435 time=1.5240269622720268e-01 dt=2.2875340627109239e-06
cycle=2436 time=1.5240498376126538e-01 dt=2.2846272493188518e-06
cycle=2437 time=1.5240726838851471e-01 dt=2.2817629328159376e-06
cycle=2438 time=1.5240955015144753e-01 dt=2.2789620694521285e-06
cycle=2439 time=1.5241182911351697e-01 dt=2.2762379898586102e-06
cycle=2440 time=1.5241410535150682e-01 dt=2.2735973901720212e-06
cycle=2441 time=1.5241637894889698e-01 dt=2.2710408621349829e-06
cycle=2442 time=1.5241864998975913e-01 dt=2.2685641822847141e-06
cycle=2443 time=1.5242091855394141e-01 dt=2.2661623967468361e-06
cycle=2444 time=1.5242318471633814e-01 dt=2.2638285708491703e-06
cycle=2445 time=1.5242544854490900e-01 dt=2.2615547096586799e-06
cycle=2446 time=1.5242771009961867e-01 dt=2.2593325273718810e-06
cycle=2447 time=1.5242996943214604e-01 dt=2.2571539417103666e-06
cycle=2448 time=1.5243222658608774e-01 dt=2.2550092880411440e-06
cycle=2449 time=1.5243448159537579e-01 dt=2.2528886021744088e-06
cycle=2450 time=1.5243673448397796e-01 dt=2.2507853228679005e-06
cycle=2451 time=1.5243898526930083e-01 dt=2.2486875166364972e-06
cycle=2452 time=1.5244123395681747e-01 dt=2.2465857549826472e-06
cycle=2453 time=1.5244348054257245e-01 dt=2.2444843699077040e-06
cycle=2454 time=1.5244572502694237e-01 dt=2.2423889781229171e-06
cycle=2455 time=1.5244796741592048e-01 dt=2.2403055438902399e-06
cycle=2456 time=1.5245020772146436e-01 dt=2.2382396903772928e-06
cycle=2457 time=1.5245244596115473e-01 dt=2.2361965927668763e-06
cycle=2458 time=1.5245468215774749e-01 dt=2.2341807490096486e-06
cycle=2459 time=1.5245691633849651e-01 dt=2.2321939374860884e-06
cycle=2460 time=1.5245914853243400e-01 dt=2.2302372646047281e-06
cycle=2461 time=1.5246137876969862e-01 dt=2.2283112101546095e-06
cycle=2462 time=1.5246360708090878e-01 dt=2.2264157525700641e-06
cycle=2463 time=1.5246583349666135e-01 dt=2.2245503626739617e-06
cycle=2464 time=1.5246805804702401e-01 dt=2.2227140722842246e-06
cycle=2465 time=1.5247028076109631e-01 dt=2.2209055984202710e-06
cycle=2466 time=1.5247250166669474e-01 dt=2.2191247139012907e-06
cycle=2467 time=1.5247472079140864e-01 dt=2.2173700476474813e-06
cycle=2468 time=1.5247693816145630e-01 dt=2.2156418009910087e-06
cycle=2469 time=1.5247915380325730e-01 dt=2.2139398974057600e-06
cycle=2470 time=1.5248136774315471e-01 dt=2.2122638370355402e-06
cycle=2471 time=1.5248358000699175e-01 dt=2.2106128816296670e-06
cycle=2472 time=1.5248579061987338e-01 dt=2.2089862527525126e-06
cycle=2473 time=1.5248799960612613e-01 dt=2.2073830700351854e-06
cycle=2474 time=1.5249020698919616e-01 dt=2.2058023154058103e-06
cycle=2475 time=1.5249241279151157e-01 dt=2.2042427027772358e-06
cycle=2476 time=1.5249461703421435e-01 dt=2.2027027763043677e-06
cycle=2477 time=1.5249681973699067e-01 dt=2.2011815032646200e-06
cycle=2478 time=1.5249902091849393e-01 dt=2.1996781630450600e-06
cycle=2479 time=1.5250122059665697e-01 dt=2.1981908303351883e-06
cycle=2480 time=1.5250341878748730e-01 dt=2.1967160734627987e-06
cycle=2481 time=1.5250561550356076e-01 dt=2.1952511765626144e-06
cycle=2482 time=1.5250781075473732e-01 dt=2.1937941854806692e-06
cycle=2483 time=1.5251000454892280e-01 dt=2.1923440112329767e-06
cycle=2484 time=1.5251219689293402e-01 dt=2.1909002761703004e-06
cycle=2485 time=1.5251438779321019e-01 dt=2.1736286654733419e-06
cycle=2486 time=1.5251656142187567e-01 dt=2.0364520275047156e-06
cycle=2487 time=1.5251859787390318e-01 dt=1.9154235660248202e-06
cycle=2488 time=1.5252051329746921e-01 dt=1.8249197309397531e-06
cycle=2489 time=1.5252233821720015e-01 dt=1.7783044288170981e-06
cycle=2490 time=1.5252411652162898e-01 dt=1.7523327736715598e-06
cycle=2491 time=1.5252586885440264e-01 dt=1.7344434023028693e-06
cycle=2492 time=1.5252760329780493e-01 dt=1.7200736915860625e-06
cycle=2493 time=1.5252932337149652e-01 dt=1.7070787893285492e-06
cycle=2494 time=1.5253103045028585e-01 dt=1.6943023927834936e-06
cycle=2495 time=1.5253272475267862e-01 dt=1.6812801588971086e-06
cycle=2496 time=1.5253440603283752e-01 dt=1.6691615057943190e-06
cycle=2497 time=1.5253607519434331e-01 dt=1.6583416926124414e-06
cycle=2498 time=1.5253773353603592e-01 dt=1.6479885745020311e-06
cycle=2499 time=1.5253938152461041e-01 dt=1.6558445429227885e-06
cycle=2500 time=1.5254103736915334e-01 dt=1.7627113289914333e-06
cycle=2501 time=1.5254280008048232e-01 dt=1.9757328087882874e-06
cycle=2502 time=1.5254477581329112e-01 dt=2.3149264513940359e-06
cycle=2503 time=1.5254709073974251e-01 dt=2.6362424929196646e-06
cycle=2504 time=1.5254972698223543e-01 dt=2.4492003890066948e-06
cycle=2505 time=1.5255217618262443e-01 dt=2.1985077756872560e-06
cycle=2506 time=1.5255437469040012e-01 dt=1.9370190651427656e-06
cycle=2507 time=1.5255631170946526e-01 dt=1.7115880875330253e-06
cycle=2508 time=1.5255802329755280e-01 dt=1.6271209820399206e-06
cycle=2509 time=1.5255965041853484e-01 dt=1.6523650033779758e-06
cycle=2510 time=1.5256130278353822e-01 dt=1.7391270952927243e-06
cycle=2511 time=1.5256304191063350e-01 dt=1.8812612251204425e-06
cycle=2512 time=1.5256492317185863e-01 dt=2.1065892497154838e-06
cycle=2513 time=1.5256702976110834e-01 dt=2.5768397811956547e-06
cycle=2514 time=1.5256960660088953e-01 dt=3.0467530537560803e-06
cycle=2515 time=1.5257265335394329e-01 dt=3.3763181094613273e-06
cycle=2516 time=1.5257602967205275e-01 dt=3.3197997034061843e-06
cycle=2517 time=1.5257934947175616e-01 dt=3.1853317284290575e-06
cycle=2518 time=1.5258253480348460e-01 dt=3.0241088887171494e-06
cycle=2519 time=1.5258555891237333e-01 dt=2.8487786502040511e-06
cycle=2520 time=1.5258840769102353e-01 dt=2.6716683376198507e-06
cycle=2521 time=1.5259107935936114e-01 dt=2.4950278287955397e-06
cycle=2522 time=1.5259357438718993e-01 dt=2.3309055079616058e-06
cycle=2523 time=1.5259590529269790e-01 dt=2.2107285991731034e-06
cycle=2524 time=1.5259811602129708e-01 dt=2.1317747778784820e-06
cycle=2525 time=1.5260024779607495e-01 dt=2.0686860634387446e-06
cycle=2526 time=1.5260231648213840e-01 dt=2.0121141308730656e-06
cycle=2527 time=1.5260432859626927e-01 dt=1.9673323437018112e-06
cycle=2528 time=1.5260629592861297e-01 dt=1.9340151975438616e-06
cycle=2529 time=1.5260822994381051e-01 dt=1.9112707237563755e-06
cycle=2530 time=1.5261014121453428e-01 dt=1.8969885256621070e-06
cycle=2531 time=1.5261203820305994e-01 dt=1.8897511614535199e-06
cycle=2532 time=1.5261392795422138e-01 dt=1.8884988393033311e-06
cycle=2533 time=1.5261581645306069e-01 dt=1.8922668235023804e-06
cycle=2534 time=1.5261770871988420e-01 dt=1.9001839940537798e-06
cycle=2535 time=1.5261960890387824e-01 dt=1.9114645834769734e-06
cycle=2536 time=1.5262152036846172e-01 dt=1.9255462747627561e-06
cycle=2537 time=1.5262344591473648e-01 dt=1.9418527669469820e-06
cycle=2538 time=1.5262538776750342e-01 dt=1.9589168393901444e-06
cycle=2539 time=1.5262734668434280e-01 dt=1.9752709998339665e-06
cycle=2540 time=1.5262932195534262e-01 dt=1.9911600633456908e-06
cycle=2541 time=1.5263131311540598e-01 dt=2.0069663638735951e-06
cycle=2542 time=1.5263332008176986e-01 dt=2.0237368140882724e-06
cycle=2543 time=1.5263534381858396e-01 dt=2.0419623093025001e-06
cycle=2544 time=1.5263738578089325e-01 dt=2.0616031173700370e-06
cycle=2545 time=1.5263944738401061e-01 dt=2.0807182641438554e-06
cycle=2546 time=1.5264152810227474e-01 dt=2.0996053675275125e-06
cycle=2547 time=1.5264362770764228e-01 dt=2.1183820479524603e-06
cycle=2548 time=1.5264574608969023e-01 dt=2.1365253770836528e-06
cycle=2549 time=1.5264788261506732e-01 dt=2.1544978952853700e-06
cycle=2550 time=1.5265003711296260e-01 dt=2.1690199515606816e-06
cycle=2551 time=1.5265220613291416e-01 dt=2.0700962942730993e-06
cycle=2552 time=1.5265427622920844e-01 dt=1.8818432715738594e-06
cycle=2553 time=1.5265615807248001e-01 dt=1.7196437194397559e-06
cycle=2554 time=1.5265787771619946e-01 dt=1.6146539954365685e-06
cycle=2555 time=1.5265949237019488e-01 dt=1.5685318760879725e-06
cycle=2556 time=1.5266106090207096e-01 dt=1.5399508045288589e-06
cycle=2557 time=1.5266260085287550e-01 dt=1.5205278620545569e-06
cycle=2558 time=1.5266412138073757e-01 dt=1.6382593308420561e-06
cycle=2559 time=1.5266575964006840e-01 dt=1.9798167993282330e-06
cycle=2560 time=1.5266773945686773e-01 dt=2.3807777891674711e-06
cycle=2561 time=1.5267012023465690e-01 dt=2.4263267881464992e-06
cycle=2562 time=1.5267254656144505e-01 dt=2.4818197243520753e-06
cycle=2563 time=1.5267502838116939e-01 dt=2.5528701588413935e-06
cycle=2564 time=1.5267758125132824e-01 dt=2.6472417862131829e-06
cycle=2565 time=1.5268022849311447e-01 dt=2.7757416258960999e-06
cycle=2566 time=1.5268300423474035e-01 dt=2.9533206055753580e-06
cycle=2567 time=1.5268595755534592e-01 dt=2.9981260986904760e-06
cycle=2568 time=1.5268895568144461e-01 dt=2.9196452872373895e-06
cycle=2569 time=1.5269187532673184e-01 dt=2.7852727990413970e-06
cycle=2570 time=1.5269466059953088e-01 dt=2.6458400096820173e-06
cycle=2571 time=1.5269730643954055e-01 dt=2.5082169697904808e-06
cycle=2572 time=1.5269981465651034e-01 dt=2.3780454497035180e-06
cycle=2573 time=1.5270219270196003e-01 dt=2.2799154186622161e-06
cycle=2574 time=1.5270447261737868e-01 dt=2.2156395051769626e-06
cycle=2575 time=1.5270668825688385e-01 dt=2.1657121809088117e-06
cycle=2576 time=1.5270885396906475e-01 dt=2.1241082595772260e-06
cycle=2577 time=1.5271097807732434e-01 dt=2.0921004368661574e-06
cycle=2578 time=1.5271307017776120e-01 dt=2.0692858362284246e-06
cycle=2579 time=1.5271513946359744e-01 dt=2.0539167557440899e-06
cycle=2580 time=1.5271719338035319e-01 dt=2.0451463250308730e-06
cycle=2581 time=1.5271923852667824e-01 dt=2.0420515967812156e-06
cycle=2582 time=1.5272128057827503e-01 dt=2.0437215978403701e-06
cycle=2583 time=1.5272332429987287e-01 dt=2.0484847567688231e-06
cycle=2584 time=1.5272537278462964e-01 dt=2.0560635985908372e-06
cycle=2585 time=1.5272742884822824e-01 dt=2.0657566986261162e-06
cycle=2586 time=1.5272949460492685e-01 dt=2.0762554743212728e-06
cycle=2587 time=1.5273157086040118e-01 dt=2.0874541097495642e-06
cycle=2588 time=1.5273365831451094e-01 dt=2.0989153358168466e-06
cycle=2589 time=1.5273575722984675e-01 dt=2.1103168117674305e-06
cycle=2590 time=1.5273786754665852e-01 dt=2.1220001603664611e-06
cycle=2591 time=1.5273998954681889e-01 dt=2.1344479056596268e-06
cycle=2592 time=1.5274212399472456e-01 dt=2.1478437198264470e-06
cycle=2593 time=1.5274427183844438e-01 dt=2.1607677931199128e-06
cycle=2594 time=1.5274643260623749e-01 dt=2.1724530799735641e-06
cycle=2595 time=1.5274860505931748e-01 dt=2.1836872413596927e-06
cycle=2596 time=1.5275078874655884e-01 dt=2.1944243000644831e-06
cycle=2597 time=1.5275298317085892e-01 dt=2.2043367885873054e-06
cycle=2598 time=1.5275518750764749e-01 dt=2.2132175523599144e-06
cycle=2599 time=1.5275740072519986e-01 dt=2.2205759920761060e-06
cycle=2600 time=1.5275962130119194e-01 dt=2.2252478196882370e-06
cycle=2601 time=1.5276184654901162e-01 dt=2.2270919484532179e-06
cycle=2602 time=1.5276407364096006e-01 dt=2.2263270260267944e-06
cycle=2603 time=1.5276629996798610e-01 dt=2.2233215920348168e-06
cycle=2604 time=1.5276852328957813e-01 dt=2.2185195621106539e-06
cycle=2605 time=1.5277074180914024e-01 dt=2.2123838602709638e-06
cycle=2606 time=1.5277295419300052e-01 dt=2.2055107189699243e-06
cycle=2607 time=1.5277515970371949e-01 dt=2.1987724030068169e-06
cycle=2608 time=1.5277735847612250e-01 dt=2.1923862157356744e-06
cycle=2609 time=1.5277955086233824e-01 dt=2.1864032257083860e-06
cycle=2610 time=1.5278173726556396e-01 dt=2.1808527139208417e-06
cycle=2611 time=1.5278391811827788e-01 dt=2.1755749653578902e-06
cycle=2612 time=1.5278609369324322e-01 dt=2.1706123453105873e-06
cycle=2613 time=1.5278826430558853e-01 dt=2.1660278469337104e-06
cycle=2614 time=1.5279043033343548e-01 dt=2.1618924172997772e-06
cycle=2615 time=1.5279259222585279e-01 dt=2.1581832429230744e-06
cycle=2616 time=1.5279475040909571e-01 dt=2.1548383322815786e-06
cycle=2617 time=1.5279690524742798e-01 dt=2.1519042476666538e-06
cycle=2618 time=1.5279905715167563e-01 dt=2.1494012828555790e-06
cycle=2619 time=1.5280120655295848e-01 dt=2.1473289491115628e-06
cycle=2620 time=1.5280335388190758e-01 dt=2.1456712801768859e-06
cycle=2621 time=1.5280549955318776e-01 dt=2.1443828839383224e-06
cycle=2622 time=1.5280764393607169e-01 dt=2.1434195968167901e-06
cycle=2623 time=1.5280978735566850e-01 dt=2.1427333959703965e-06
cycle=2624 time=1.5281193008906446e-01 dt=2.1422746720768338e-06
cycle=2625 time=1.5281407236373654e-01 dt=2.1419603174727112e-06
cycle=2626 time=1.5281621432405401e-01 dt=2.1417189642479807e-06
cycle=2627 time=1.5281835604301827e-01 dt=2.1415677322297113e-06
cycle=2628 time=1.5282049761075051e-01 dt=2.1415080973527094e-06
cycle=2629 time=1.5282263911884786e-01 dt=2.1415303957331710e-06
cycle=2630 time=1.5282478064924360e-01 dt=2.1416172159308852e-06
cycle=2631 time=1.5282692226645953e-01 dt=2.1417460593517148e-06
cycle=2632 time=1.5282906401251889e-01 dt=2.1418913682659550e-06
cycle=2633 time=1.5283120590388716e-01 dt=2.1420262534836035e-06
cycle=2634 time=1.5283334793014064e-01 dt=2.1421249576628575e-06
cycle=2635 time=1.5283549005509831e-01 dt=2.1421642425907522e-06
cycle=2636 time=1.5283763221934091e-01 dt=2.1421238695138749e-06
cycle=2637 time=1.5283977434321042e-01 dt=2.1419871024775961e-06
cycle=2638 time=1.5284191633031288e-01 dt=2.1417334696402967e-06
cycle=2639 time=1.5284405806378251e-01 dt=2.1413357631245464e-06
cycle=2640 time=1.5284619939954563e-01 dt=2.1407818048587224e-06
cycle=2641 time=1.5284834018135049e-01 dt=2.1400729165800203e-06
cycle=2642 time=1.5285048025426706e-01 dt=2.1392212980706334e-06
cycle=2643 time=1.5285261947556514e-01 dt=2.1382469755431302e-06
cycle=2644 time=1.5285475772254067e-01 dt=2.1371747722759028e-06
cycle=2645 time=1.5285689489731294e-01 dt=2.1360316924086592e-06
cycle=2646 time=1.5285903092900535e-01 dt=2.1348448285102796e-06
cycle=2647 time=1.5286116577383385e-01 dt=2.1336397210565667e-06
cycle=2648 time=1.5286329941355492e-01 dt=2.1324393097885854e-06
cycle=2649 time=1.5286543185286472e-01 dt=2.1312633586671148e-06
cycle=2650 time=1.5286756311622338e-01 dt=2.1301281786443461e-06
cycle=2651 time=1.5286969324440203e-01 dt=2.1290465692679882e-06
cycle=2652 time=1.5287182229097129e-01 dt=2.1280281841838938e-06
cycle=2653 time=1.5287395031915549e-01 dt=2.1270799658792799e-06
cycle=2654 time=1.5287607739912137e-01 dt=2.1262092434682363e-06
cycle=2655 time=1.5287820360836485e-01 dt=2.1254184795175704e-06
cycle=2656 time=1.5288032902684437e-01 dt=2.1247086055648019e-06
cycle=2657 time=1.5288245373544992e-01 dt=2.1240792234010178e-06
cycle=2658 time=1.5288457781467332e-01 dt=2.1235288393744756e-06
cycle=2659 time=1.5288670134351270e-01 dt=2.1230549692022554e-06
cycle=2660 time=1.5288882439848189e-01 dt=2.1226543101833048e-06
cycle=2661 time=1.5289094705279208e-01 dt=2.1223229662827621e-06
cycle=2662 time=1.5289306937575836e-01 dt=2.1220563782144119e-06
cycle=2663 time=1.5289519143213656e-01 dt=2.1218493570198413e-06
cycle=2664 time=1.5289731328149359e-01 dt=2.1216961841244792e-06
cycle=2665 time=1.5289943497767772e-01 dt=2.1215911406622466e-06
cycle=2666 time=1.5290155656881838e-01 dt=2.1215280971288567e-06
cycle=2667 time=1.5290367809691549e-01 dt=2.1215002163740496e-06
cycle=2668 time=1.5290579959713185e-01 dt=2.1215001768676833e-06
cycle=2669 time=1.5290792109730872e-01 dt=2.1215204958465246e-06
cycle=2670 time=1.5291004261780455e-01 dt=2.1215538395238248e-06
cycle=2671 time=1.5291216417164408e-01 dt=2.1215927207511916e-06
cycle=2672 time=1.5291428576436483e-01 dt=2.1216266378701024e-06
cycle=2673 time=1.5291640739100271e-01 dt=2.1216675400387195e-06
cycle=2674 time=1.5291852905854275e-01 dt=2.1217167340348981e-06
cycle=2675 time=1.5292065077527678e-01 dt=2.1217624636330797e-06
cycle=2676 time=1.5292277253774042e-01 dt=2.1217949623185118e-06
cycle=2677 time=1.5292489433270273e-01 dt=2.1218073066661857e-06
cycle=2678 time=1.5292701614000939e-01 dt=2.1217958041872690e-06
cycle=2679 time=1.5292913793581359e-01 dt=2.1217600513702760e-06
cycle=2680 time=1.5293125969586496e-01 dt=2.1217026435723257e-06
cycle=2681 time=1.5293338139850854e-01 dt=2.1216288301751405e-06
cycle=2682 time=1.5293550302733872e-01 dt=2.1215459770827815e-06
cycle=2683 time=1.5293762457331581e-01 dt=2.1214624076123701e-06
cycle=2684 time=1.5293974603572341e-01 dt=2.1214003907493184e-06
cycle=2685 time=1.5294186743611415e-01 dt=2.1220143886720294e-06
cycle=2686 time=1.5294398945050283e-01 dt=2.1275992036000089e-06
cycle=2687 time=1.5294611704970643e-01 dt=2.1403692545298932e-06
cycle=2688 time=1.5294825741896095e-01 dt=2.1631595226156517e-06
cycle=2689 time=1.5295042057848357e-01 dt=2.1987520008190889e-06
cycle=2690 time=1.5295261933048440e-01 dt=2.2522070998430593e-06
cycle=2691 time=1.5295487153758425e-01 dt=2.3300666684308299e-06
cycle=2692 time=1.5295720160425269e-01 dt=2.4413156531700848e-06
cycle=2693 time=1.5295964291990585e-01 dt=2.5981121210327903e-06
cycle=2694 time=1.5296224103202688e-01 dt=2.6872033040908976e-06
cycle=2695 time=1.5296492823533098e-01 dt=2.5998575412274194e-06
cycle=2696 time=1.5296752809287220e-01 dt=2.5083201613427006e-06
cycle=2697 time=1.5297003641303356e-01 dt=2.4236170416076054e-06
cycle=2698 time=1.5297246003007517e-01 dt=2.3561956480147696e-06
cycle=2699 time=1.5297481622572318e-01 dt=2.2999906767098984e-06
cycle=2700 time=1.5297711621639989e-01 dt=2.2545890640709713e-06
cycle=2701 time=1.5297937080546398e-01 dt=2.2284324736186043e-06
cycle=2702 time=1.5298159923793758e-01 dt=2.2130674466877995e-06
cycle=2703 time=1.5298381230538427e-01 dt=2.2032432714589376e-06
cycle=2704 time=1.5298601554865573e-01 dt=2.1970102951333485e-06
cycle=2705 time=1.5298821255895087e-01 dt=2.1936049162815242e-06
cycle=2706 time=1.5299040616386717e-01 dt=2.1913690509349571e-06
cycle=2707 time=1.5299259753291811e-01 dt=2.1904942546868681e-06
cycle=2708 time=1.5299478802717278e-01 dt=2.1910133039279161e-06
cycle=2709 time=1.5299697904047671e-01 dt=2.1928785854859046e-06
cycle=2710 time=1.5299917191906220e-01 dt=2.1963857706991830e-06
cycle=2711 time=1.5300136830483291e-01 dt=2.2014019413337661e-06
cycle=2712 time=1.5300356970677423e-01 dt=2.2076808236879492e-06
cycle=2713 time=1.5300577738759791e-01 dt=2.2146849259614582e-06
cycle=2714 time=1.5300799207252386e-01 dt=2.2218802221388917e-06
cycle=2715 time=1.5301021395274600e-01 dt=2.2289819472355425e-06
cycle=2716 time=1.5301244293469324e-01 dt=2.2359944387961294e-06
cycle=2717 time=1.5301467892913204e-01 dt=2.2589787054023030e-06
cycle=2718 time=1.5301693790783744e-01 dt=2.3044454028156936e-06
cycle=2719 time=1.5301924235324024e-01 dt=2.3292839694890591e-06
cycle=2720 time=1.5302157163720972e-01 dt=2.3467578231297253e-06
cycle=2721 time=1.5302391839503285e-01 dt=2.3643303448692184e-06
cycle=2722 time=1.5302628272537772e-01 dt=2.3817931027434675e-06
cycle=2723 time=1.5302866451848046e-01 dt=2.3989158090496781e-06
cycle=2724 time=1.5303106343428952e-01 dt=2.4154453723554129e-06
cycle=2725 time=1.5303347887966187e-01 dt=2.4311105475301005e-06
cycle=2726 time=1.5303590999020941e-01 dt=2.4456174630312952e-06
cycle=2727 time=1.5303835560767245e-01 dt=2.4586557254413805e-06
cycle=2728 time=1.5304081426339788e-01 dt=2.4699032503437471e-06
cycle=2729 time=1.5304328416664822e-01 dt=2.4790131443464193e-06
cycle=2730 time=1.5304576317979257e-01 dt=2.4856648895089111e-06
cycle=2731 time=1.5304824884468207e-01 dt=2.4895384767389743e-06
cycle=2732 time=1.5305073838315880e-01 dt=2.4903245155463140e-06
cycle=2733 time=1.5305322870767435e-01 dt=2.4880045111790010e-06
cycle=2734 time=1.5305571671218554e-01 dt=2.4825315121912968e-06
cycle=2735 time=1.5305819924369773e-01 dt=2.4712083031761082e-06
cycle=2736 time=1.5306067045200092e-01 dt=2.4504216665185370e-06
cycle=2737 time=1.5306312087366744e-01 dt=2.4195110560159041e-06
cycle=2738 time=1.5306554038472345e-01 dt=2.3788566850877027e-06
cycle=2739 time=1.5306791924140853e-01 dt=2.3332855026068448e-06
cycle=2740 time=1.5307025252691114e-01 dt=2.2871195165184567e-06
cycle=2741 time=1.5307253964642767e-01 dt=2.2560283878930961e-06
cycle=2742 time=1.5307479567481555e-01 dt=2.2359506336358327e-06
cycle=2743 time=1.5307703162544919e-01 dt=2.2242608636250735e-06
cycle=2744 time=1.5307925588631283e-01 dt=2.2191241540155839e-06
cycle=2745 time=1.5308147501046684e-01 dt=2.2182149300974629e-06
cycle=2746 time=1.5308369322539694e-01 dt=2.2189505776839897e-06
cycle=2747 time=1.5308591217597461e-01 dt=2.2215348718981114e-06
cycle=2748 time=1.5308813371084651e-01 dt=2.2260461223512736e-06
cycle=2749 time=1.5309035975696886e-01 dt=2.2324431463776797e-06
cycle=2750 time=1.5309259220011523e-01 dt=2.2405872602454398e-06
cycle=2751 time=1.5309483278737548e-01 dt=2.2502690555821649e-06
cycle=2752 time=1.5309708305643108e-01 dt=2.2612211332930246e-06
cycle=2753 time=1.5309934427756436e-01 dt=2.2730458160276237e-06
cycle=2754 time=1.5310161732338037e-01 dt=2.2856771028851767e-06
cycle=2755 time=1.5310390300048327e-01 dt=2.2990511921469663e-06
cycle=2756 time=1.5310620205167541e-01 dt=2.3130832775460454e-06
cycle=2757 time=1.5310851513495297e-01 dt=2.3275775184235749e-06
cycle=2758 time=1.5311084271247138e-01 dt=2.3410600316672602e-06
cycle=2759 time=1.5311318377250305e-01 dt=2.3532544230678350e-06
cycle=2760 time=1.5311553702692612e-01 dt=2.3648998307432875e-06
cycle=2761 time=1.5311790192675687e-01 dt=2.3757899551852570e-06
cycle=2762 time=1.5312027771671205e-01 dt=2.3856763655314492e-06
cycle=2763 time=1.5312266339307759e-01 dt=2.3943058296513171e-06
cycle=2764 time=1.5312505769890725e-01 dt=2.4011272542206446e-06
cycle=2765 time=1.5312745882616147e-01 dt=2.4058340550548393e-06
cycle=2766 time=1.5312986466021652e-01 dt=2.4085529849055886e-06
cycle=2767 time=1.5313227321320144e-01 dt=2.4097428923186345e-06
cycle=2768 time=1.5313468295609375e-01 dt=2.4099175788140114e-06
cycle=2769 time=1.5313709287367258e-01 dt=2.4095261739420882e-06
cycle=2770 time=1.5313950239984653e-01 dt=2.4089729759209226e-06
cycle=2771 time=1.5314191137282246e-01 dt=2.4085337307507254e-06
cycle=2772 time=1.5314431990655322e-01 dt=2.4083330680808476e-06
cycle=2773 time=1.5314672823962130e-01 dt=2.4085156837932600e-06
cycle=2774 time=1.5314913675530509e-01 dt=2.4091304276380118e-06
cycle=2775 time=1.5315154588573274e-01 dt=2.4102357377615904e-06
cycle=2776 time=1.5315395612147051e-01 dt=2.4118490486870873e-06
cycle=2777 time=1.5315636797051921e-01 dt=2.4139550637599391e-06
cycle=2778 time=1.5315878192558297e-01 dt=2.4165154976097975e-06
cycle=2779 time=1.5316119844108059e-01 dt=2.4194842069350574e-06
cycle=2780 time=1.5316361792528752e-01 dt=2.4228174917976843e-06
cycle=2781 time=1.5316604074277931e-01 dt=2.4264825133069982e-06
cycle=2782 time=1.5316846722529262e-01 dt=2.4304055023555953e-06
cycle=2783 time=1.5317089763079497e-01 dt=2.4345212472685385e-06
cycle=2784 time=1.5317333215204224e-01 dt=2.4387913462513443e-06
cycle=2785 time=1.5317577094338850e-01 dt=2.4431869933256091e-06
cycle=2786 time=1.5317821413038182e-01 dt=2.4476717022702047e-06
cycle=2787 time=1.5318066180208409e-01 dt=2.4522115734490062e-06
cycle=2788 time=1.5318311401365753e-01 dt=2.4567748490049641e-06
cycle=2789 time=1.5318557078850653e-01 dt=2.4613337220506849e-06
cycle=2790 time=1.5318803212222859e-01 dt=2.4658650257101808e-06
cycle=2791 time=1.5319049798725429e-01 dt=2.4703507260518345e-06
cycle=2792 time=1.5319296833798035e-01 dt=2.4747774501807680e-06
cycle=2793 time=1.5319544311543054e-01 dt=2.4791372479647280e-06
cycle=2794 time=1.5319792225267850e-01 dt=2.4834268093369027e-06
cycle=2795 time=1.5320040567948784e-01 dt=2.4876469528343628e-06
cycle=2796 time=1.5320289332644069e-01 dt=2.4918020873058929e-06
cycle=2797 time=1.5320538512852799e-01 dt=2.4958992496515410e-06
cycle=2798 time=1.5320788102777763e-01 dt=2.4999486925652319e-06
cycle=2799 time=1.5321038097647019e-01 dt=2.5039634122775298e-06
cycle=2800 time=1.5321288493988247e-01 dt=2.5079545593246516e-06
cycle=2801 time=1.5321539289444180e-01 dt=2.5119381519064206e-06
cycle=2802 time=1.5321790483259370e-01 dt=2.5159339329626396e-06
cycle=2803 time=1.5322042076652667e-01 dt=2.5199624178072948e-06
cycle=2804 time=1.5322294072894449e-01 dt=2.5240431109753328e-06
cycle=2805 time=1.5322546477205545e-01 dt=2.5281931391816585e-06
cycle=2806 time=1.5322799296519463e-01 dt=2.5126251854485303e-06
cycle=2807 time=1.5323050559038007e-01 dt=2.4885797101279546e-06
cycle=2808 time=1.5323299417009020e-01 dt=2.4678343158687559e-06
cycle=2809 time=1.5323546200440608e-01 dt=2.4506610910488087e-06
cycle=2810 time=1.5323791266549713e-01 dt=2.4363241651947064e-06
cycle=2811 time=1.5324034898966232e-01 dt=2.3645090614541440e-06
cycle=2812 time=1.5324271349872379e-01 dt=2.2458132332726741e-06
cycle=2813 time=1.5324495931195706e-01 dt=2.1185990669834524e-06
cycle=2814 time=1.5324707791102404e-01 dt=1.9877747378391589e-06
cycle=2815 time=1.5324906568576188e-01 dt=1.8601100098904546e-06
cycle=2816 time=1.5325092579577176e-01 dt=1.7407450155002888e-06
cycle=2817 time=1.5325266654078726e-01 dt=1.6349021588176439e-06
cycle=2818 time=1.5325430144294608e-01 dt=1.5593332301571635e-06
cycle=2819 time=1.5325586077617623e-01 dt=1.5074976772792459e-06
cycle=2820 time=1.5325736827385350e-01 dt=1.4741547264002039e-06
cycle=2821 time=1.5325884242857990e-01 dt=1.4555827070299254e-06
cycle=2822 time=1.5326029801128693e-01 dt=1.4490283964105119e-06
cycle=2823 time=1.5326174703968334e-01 dt=1.4523791527039475e-06
cycle=2824 time=1.5326319941883604e-01 dt=1.4639516225594419e-06
cycle=2825 time=1.5326466337045860e-01 dt=1.4864381568978846e-06
cycle=2826 time=1.5326614980861550e-01 dt=1.5270859548924318e-06
cycle=2827 time=1.5326767689457038e-01 dt=1.5843267657907195e-06
cycle=2828 time=1.5326926122133616e-01 dt=1.6554331362567801e-06
cycle=2829 time=1.5327091665447243e-01 dt=1.7395617365200875e-06
cycle=2830 time=1.5327265621620895e-01 dt=1.8351695934099065e-06
cycle=2831 time=1.5327449138580235e-01 dt=1.9419434836375874e-06
cycle=2832 time=1.5327643332928598e-01 dt=2.0580453110575129e-06
cycle=2833 time=1.5327849137459704e-01 dt=2.1808266145325492e-06
cycle=2834 time=1.5328067220121158e-01 dt=2.3070614242944144e-06
cycle=2835 time=1.5328297926263587e-01 dt=2.4330567575531428e-06
cycle=2836 time=1.5328541231939344e-01 dt=2.5547558761072298e-06
cycle=2837 time=1.5328796707526954e-01 dt=2.6679078681498499e-06
cycle=2838 time=1.5329063498313769e-01 dt=2.7682405852653786e-06
cycle=2839 time=1.5329340322372295e-01 dt=2.8516486965259685e-06
cycle=2840 time=1.5329625487241949e-01 dt=2.9144174715079194e-06
cycle=2841 time=1.5329916928989099e-01 dt=2.8445256977094252e-06
cycle=2842 time=1.5330201381558869e-01 dt=2.5163421201902850e-06
cycle=2843 time=1.5330453015770890e-01 dt=2.2413254307281580e-06
cycle=2844 time=1.5330677148313962e-01 dt=2.0424208743126613e-06
cycle=2845 time=1.5330881390401394e-01 dt=1.9363856028639819e-06
cycle=2846 time=1.5331075028961680e-01 dt=1.8741570998184495e-06
cycle=2847 time=1.5331262444671662e-01 dt=1.8375693733936344e-06
cycle=2848 time=1.5331446201609000e-01 dt=1.8135961057446877e-06
cycle=2849 time=1.5331627561219574e-01 dt=1.7967872733426513e-06
cycle=2850 time=1.5331807239946910e-01 dt=1.7877731840126252e-06
cycle=2851 time=1.5331986017265312e-01 dt=1.7864161270657796e-06
cycle=2852 time=1.5332164658878017e-01 dt=1.7921419155060891e-06
cycle=2853 time=1.5332343873069568e-01 dt=1.8040886813307928e-06
cycle=2854 time=1.5332524281937701e-01 dt=1.8213858879834846e-06
cycle=2855 time=1.5332706420526498e-01 dt=1.8431434421373396e-06
cycle=2856 time=1.5332890734870713e-01 dt=1.8682162558801184e-06
cycle=2857 time=1.5333077556496302e-01 dt=1.8954918632948275e-06
cycle=2858 time=1.5333267105682633e-01 dt=1.9239238291240050e-06
cycle=2859 time=1.5333459498065544e-01 dt=1.9525652325343209e-06
cycle=2860 time=1.5333654754588796e-01 dt=1.9805905911305655e-06
cycle=2861 time=1.5333852813647911e-01 dt=2.0072719078065322e-06
cycle=2862 time=1.5334053540838691e-01 dt=2.0318192960232348e-06
cycle=2863 time=1.5334256722768294e-01 dt=2.0543692158738470e-06
cycle=2864 time=1.5334462159689882e-01 dt=2.0753286138799781e-06
cycle=2865 time=1.5334669692551270e-01 dt=2.0942514314401565e-06
cycle=2866 time=1.5334879117694414e-01 dt=2.1118817834152026e-06
cycle=2867 time=1.5335090305872756e-01 dt=2.1269919456983702e-06
cycle=2868 time=1.5335303005067327e-01 dt=2.1380949558295671e-06
cycle=2869 time=1.5335516814562911e-01 dt=2.1461433866202099e-06
cycle=2870 time=1.5335731428901572e-01 dt=2.1518878922541224e-06
cycle=2871 time=1.5335946617690799e-01 dt=2.1560325519909547e-06
cycle=2872 time=1.5336162220945998e-01 dt=2.1593457649326894e-06
cycle=2873 time=1.5336378155522493e-01 dt=2.1624901505660388e-06
cycle=2874 time=1.5336594404537549e-01 dt=2.1657733642803518e-06
cycle=2875 time=1.5336810981873977e-01 dt=2.1694516894746401e-06
cycle=2876 time=1.5337027927042926e-01 dt=2.1735860430692692e-06
cycle=2877 time=1.5337245285647233e-01 dt=2.1781384874981675e-06
cycle=2878 time=1.5337463099495982e-01 dt=2.1832221132577832e-06
cycle=2879 time=1.5337681421707308e-01 dt=2.1889470695265973e-06
cycle=2880 time=1.5337900316414260e-01 dt=2.1956496790586495e-06
cycle=2881 time=1.5338119881382167e-01 dt=2.2030095511078327e-06
cycle=2882 time=1.5338340182337279e-01 dt=2.2108512060881449e-06
cycle=2883 time=1.5338561267457887e-01 dt=2.2189800495232425e-06
cycle=2884 time=1.5338783165462838e-01 dt=2.2272474197133858e-06
cycle=2885 time=1.5339005890204810e-01 dt=2.2356649887544697e-06
cycle=2886 time=1.5339229456703685e-01 dt=2.2442314683915955e-06
cycle=2887 time=1.5339453879850523e-01 dt=2.2529771071876156e-06
cycle=2888 time=1.5339679177561241e-01 dt=2.2619211174408643e-06
cycle=2889 time=1.5339905369672985e-01 dt=2.2710823676742198e-06
cycle=2890 time=1.5340132477909751e-01 dt=2.2804790248400832e-06
cycle=2891 time=1.5340360525812236e-01 dt=2.2901281074548646e-06
cycle=2892 time=1.5340589538622981e-01 dt=2.3000455497881336e-06
cycle=2893 time=1.5340819543177961e-01 dt=2.3102482375232020e-06
cycle=2894 time=1.5341050568001713e-01 dt=2.3207474774776366e-06
cycle=2895 time=1.5341282642749460e-01 dt=2.3315521853045100e-06
cycle=2896 time=1.5341515797967989e-01 dt=2.3426689282104123e-06
cycle=2897 time=1.5341750064860810e-01 dt=2.3540964072383570e-06
cycle=2898 time=1.5341985474501532e-01 dt=2.3658345791452620e-06
cycle=2899 time=1.5342222057959445e-01 dt=2.3778853202974625e-06
cycle=2900 time=1.5342459846491474e-01 dt=2.3902492802876677e-06
cycle=2901 time=1.5342698871419502e-01 dt=2.4027766154522263e-06
cycle=2902 time=1.5342939149081047e-01 dt=2.4153905241381940e-06
cycle=2903 time=1.5343180688133462e-01 dt=2.4281646508588099e-06
cycle=2904 time=1.5343423504598547e-01 dt=2.4411849277552977e-06
cycle=2905 time=1.5343667623091323e-01 dt=2.4545282915374498e-06
cycle=2906 time=1.5343913075920476e-01 dt=2.4682549514983322e-06
cycle=2907 time=1.5344159901415627e-01 dt=2.4823495317919065e-06
cycle=2908 time=1.5344408136368806e-01 dt=2.4963170856469055e-06
cycle=2909 time=1.5344657768077372e-01 dt=2.5106027518355477e-06
cycle=2910 time=1.5344908828352555e-01 dt=2.4991222867135656e-06
cycle=2911 time=1.5345158740581227e-01 dt=2.4677426928456544e-06
cycle=2912 time=1.5345405514850513e-01 dt=2.4414187945499457e-06
cycle=2913 time=1.5345649656729968e-01 dt=2.4215296821547113e-06
cycle=2914 time=1.5345891809698184e-01 dt=2.4090233799641530e-06
cycle=2915 time=1.5346132712036181e-01 dt=2.4025898301812564e-06
cycle=2916 time=1.5346372971019198e-01 dt=2.3993047948752907e-06
cycle=2917 time=1.5346612901498685e-01 dt=2.3979537606661335e-06
cycle=2918 time=1.5346852696874752e-01 dt=2.3981267056344452e-06
cycle=2919 time=1.5347092509545315e-01 dt=2.3994707796557094e-06
cycle=2920 time=1.5347332456623280e-01 dt=2.4016761494688196e-06
cycle=2921 time=1.5347572624238226e-01 dt=2.4044772495360443e-06
cycle=2922 time=1.5347813071963179e-01 dt=2.4076541360558774e-06
cycle=2923 time=1.5348053837376785e-01 dt=2.4110273933664269e-06
cycle=2924 time=1.5348294940116122e-01 dt=2.4144669201486613e-06
cycle=2925 time=1.5348536386808137e-01 dt=2.4178736269489429e-06
cycle=2926 time=1.5348778174170832e-01 dt=2.4211828290699540e-06
cycle=2927 time=1.5349020292453738e-01 dt=2.4243575885384321e-06
cycle=2928 time=1.5349262728212593e-01 dt=2.4273921277502168e-06
cycle=2929 time=1.5349505467425367e-01 dt=2.4303128929211780e-06
cycle=2930 time=1.5349748498714660e-01 dt=2.4331433649837727e-06
cycle=2931 time=1.5349991813051159e-01 dt=2.4358910384613172e-06
cycle=2932 time=1.5350235402155005e-01 dt=2.4385574172965749e-06
cycle=2933 time=1.5350479257896735e-01 dt=2.4411427770770104e-06
cycle=2934 time=1.5350723372174443e-01 dt=2.4436491070505638e-06
cycle=2935 time=1.5350967737085147e-01 dt=2.4460814208858331e-06
cycle=2936 time=1.5351212345227236e-01 dt=2.4484480091413958e-06
cycle=2937 time=1.5351457190028150e-01 dt=2.4507601987765286e-06
cycle=2938 time=1.5351702266048028e-01 dt=2.4530317311286881e-06
cycle=2939 time=1.5351947569221142e-01 dt=2.4552776528829919e-06
cycle=2940 time=1.5352193096986430e-01 dt=2.4575127539140072e-06
cycle=2941 time=1.5352438848261821e-01 dt=2.4597514442388868e-06
cycle=2942 time=1.5352684823406246e-01 dt=2.4620066406819478e-06
cycle=2943 time=1.5352931024070313e-01 dt=2.4642890671900226e-06
cycle=2944 time=1.5353177452977032e-01 dt=2.4666066771294925e-06
cycle=2945 time=1.5353424113644745e-01 dt=2.4689712638733105e-06
cycle=2946 time=1.5353671010771133e-01 dt=2.4713913845161889e-06
cycle=2947 time=1.5353918149909584e-01 dt=2.4738736380073535e-06
cycle=2948 time=1.5354165537273384e-01 dt=2.4764227765964638e-06
cycle=2949 time=1.5354413179551044e-01 dt=2.4790442927825662e-06
cycle=2950 time=1.5354661083980323e-01 dt=2.4817442409975213e-06
cycle=2951 time=1.5354909258404423e-01 dt=2.4845273372187768e-06
cycle=2952 time=1.5355157711138145e-01 dt=2.4873995347349174e-06
cycle=2953 time=1.5355406451091619e-01 dt=2.4903669017126063e-06
cycle=2954 time=1.5355655487781791e-01 dt=2.4934357852853555e-06
cycle=2955 time=1.5355904831360320e-01 dt=2.4966127194894673e-06
cycle=2956 time=1.5356154492632268e-01 dt=2.4999050036972843e-06
cycle=2957 time=1.5356404483132638e-01 dt=2.5033237245586546e-06
cycle=2958 time=1.5356654815505094e-01 dt=2.5068770572781523e-06
cycle=2959 time=1.5356905503210821e-01 dt=2.4992769412428719e-06
cycle=2960 time=1.5357155430904945e-01 dt=2.4750874271057746e-06
cycle=2961 time=1.5357402939647655e-01 dt=2.1498698847532333e-06
cycle=2962 time=1.5357617926636130e-01 dt=1.7643592673916155e-06
cycle=2963 time=1.5357794362562868e-01 dt=1.4743159452059941e-06
cycle=2964 time=1.5357941794157390e-01 dt=1.2499429970515524e-06
cycle=2965 time=1.5358066788457095e-01 dt=1.0696323497986551e-06
cycle=2966 time=1.5358173751692075e-01 dt=9.3460677659753138e-07
cycle=2967 time=1.5358267212369736e-01 dt=8.4595287433771158e-07
cycle=2968 time=1.5358351807657170e-01 dt=7.8759346367856655e-07
cycle=2969 time=1.5358430567003536e-01 dt=7.4858176633123684e-07
cycle=2970 time=1.5358505425180169e-01 dt=7.2191084848332091e-07
cycle=2971 time=1.5358577616265018e-01 dt=1.4385326409843017e-06
cycle=2972 time=1.5358721469529116e-01 dt=2.8770652819686035e-06
cycle=2973 time=1.5359009176057312e-01 dt=3.0718338849641417e-06
cycle=2974 time=1.5359316359445807e-01 dt=3.1079982296488920e-06
cycle=2975 time=1.5359627159268771e-01 dt=3.0872481976228370e-06
cycle=2976 time=1.5359935884088532e-01 dt=3.0241797057238144e-06
cycle=2977 time=1.5360238302059104e-01 dt=2.9332127664751889e-06
cycle=2978 time=1.5360531623335752e-01 dt=2.8276478646902440e-06
cycle=2979 time=1.5360814388122221e-01 dt=2.7182469089739723e-06
cycle=2980 time=1.5361086212813119e-01 dt=2.6144324996560877e-06
cycle=2981 time=1.5361347656063085e-01 dt=2.5121960574612156e-06
cycle=2982 time=1.5361598875668830e-01 dt=2.4186725060433772e-06
cycle=2983 time=1.5361840742919436e-01 dt=2.3573670543860240e-06
cycle=2984 time=1.5362076479624875e-01 dt=2.3171902739776782e-06
cycle=2985 time=1.5362308198652272e-01 dt=2.2839075929591283e-06
cycle=2986 time=1.5362536589411568e-01 dt=2.2527842615144919e-06
cycle=2987 time=1.5362761867837721e-01 dt=2.2250385422870892e-06
cycle=2988 time=1.5362984371691948e-01 dt=2.1758699339659961e-06
cycle=2989 time=1.5363201958685346e-01 dt=1.7617915648825413e-06
cycle=2990 time=1.5363378137841835e-01 dt=1.4563835225754967e-06
cycle=2991 time=1.5363523776194093e-01 dt=1.2233743498202108e-06
cycle=2992 time=1.5363646113629076e-01 dt=1.0407313429569887e-06
cycle=2993 time=1.5363750186763372e-01 dt=9.0937234076891402e-07
cycle=2994 time=1.5363841123997449e-01 dt=8.2264555591828159e-07
cycle=2995 time=1.5363923388553041e-01 dt=7.6598434097662115e-07
cycle=2996 time=1.5363999986987140e-01 dt=7.2921784858643944e-07
cycle=2997 time=1.5364072908771997e-01 dt=7.0512944321988235e-07
cycle=2998 time=1.5364143421716320e-01 dt=6.8906565019995442e-07
cycle=2999 time=1.5364212328281340e-01 dt=6.7774686913241694e-07
cycle=3000 time=1.5364280102968253e-01 dt=6.6983770618904749e-07
cycle=3001 time=1.5364347086738872e-01 dt=6.6402068311600008e-07
cycle=3002 time=1.5364413488807183e-01 dt=1.3280413662320002e-06
cycle=3003 time=1.5364546292943806e-01 dt=2.6560827324640003e-06
cycle=3004 time=1.5364811901217054e-01 dt=3.1695209791093006e-06
cycle=3005 time=1.5365128853314966e-01 dt=3.2653146656865825e-06
cycle=3006 time=1.5365455384781534e-01 dt=3.2796815873342345e-06
cycle=3007 time=1.5365783352940268e-01 dt=3.2270838961833721e-06
cycle=3008 time=1.5366106061329887e-01 dt=3.1239647189915336e-06
cycle=3009 time=1.5366418457801787e-01 dt=2.9870370854059839e-06
cycle=3010 time=1.5366717161510327e-01 dt=2.8322536054868480e-06
cycle=3011 time=1.5367000386870874e-01 dt=2.6722148163773205e-06
cycle=3012 time=1.5367267608352511e-01 dt=2.5071863480351679e-06
cycle=3013 time=1.5367518326987314e-01 dt=2.3639340910283557e-06
cycle=3014 time=1.5367754720396418e-01 dt=2.2720032288943066e-06
cycle=3015 time=1.5367981920719306e-01 dt=2.2132444649724330e-06
cycle=3016 time=1.5368203245165804e-01 dt=2.1637141693372934e-06
cycle=3017 time=1.5368419616582737e-01 dt=2.1187778843761086e-06
cycle=3018 time=1.5368631494371174e-01 dt=2.0800259576364631e-06
cycle=3019 time=1.5368839496966938e-01 dt=2.0484778456245398e-06
cycle=3020 time=1.5369044344751501e-01 dt=2.0246649448214345e-06
cycle=3021 time=1.5369246811245982e-01 dt=2.0093144989894855e-06
cycle=3022 time=1.5369447742695880e-01 dt=2.0028245515958499e-06
cycle=3023 time=1.5369648025151039e-01 dt=2.0035654695992158e-06
cycle=3024 time=1.5369848381697998e-01 dt=2.0099536827106121e-06
cycle=3025 time=1.5370049377066269e-01 dt=2.0205422806112766e-06
cycle=3026 time=1.5370251431294329e-01 dt=2.0341753311006592e-06
cycle=3027 time=1.5370454848827439e-01 dt=2.0504023609223185e-06
cycle=3028 time=1.5370659889063532e-01 dt=2.0684551685138671e-06
cycle=3029 time=1.5370866734580382e-01 dt=2.0868179839235050e-06
cycle=3030 time=1.5371075416378774e-01 dt=2.1049098462644232e-06
cycle=3031 time=1.5371285907363400e-01 dt=2.1225892069420351e-06
cycle=3032 time=1.5371498166284095e-01 dt=2.1394799318034600e-06
cycle=3033 time=1.5371712114277275e-01 dt=2.1551216830293471e-06
cycle=3034 time=1.5371927626445578e-01 dt=2.1692991359895853e-06
cycle=3035 time=1.5372144556359177e-01 dt=2.1818423161016115e-06
cycle=3036 time=1.5372362740590786e-01 dt=2.1928585262959062e-06
cycle=3037 time=1.5372582026443415e-01 dt=2.2025540000536844e-06
cycle=3038 time=1.5372802281843420e-01 dt=2.2104563431730480e-06
cycle=3039 time=1.5373023327477736e-01 dt=2.2161140041501203e-06
cycle=3040 time=1.5373244938878150e-01 dt=2.2197778963424742e-06
cycle=3041 time=1.5373466916667786e-01 dt=2.2214901907427408e-06
cycle=3042 time=1.5373689065686860e-01 dt=2.2212997473715873e-06
cycle=3043 time=1.5373911195661596e-01 dt=2.2189570378197091e-06
cycle=3044 time=1.5374133091365377e-01 dt=2.2146539702609792e-06
cycle=3045 time=1.5374354556762404e-01 dt=2.2086504742650513e-06
cycle=3046 time=1.5374575421809830e-01 dt=2.2012777733864488e-06
cycle=3047 time=1.5374795549587170e-01 dt=1.9160101282749755e-06
cycle=3048 time=1.5374987150599997e-01 dt=1.6030344780568508e-06
cycle=3049 time=1.5375147454047802e-01 dt=1.3574169911824683e-06
cycle=3050 time=1.5375283195746919e-01 dt=1.1561935866766049e-06
cycle=3051 time=1.5375398815105587e-01 dt=1.0085517838398006e-06
cycle=3052 time=1.5375499670283971e-01 dt=9.1170259947783510e-07
cycle=3053 time=1.5375590840543918e-01 dt=8.4761204158713888e-07
cycle=3054 time=1.5375675601748076e-01 dt=8.0483128088271651e-07
cycle=3055 time=1.5375756084876163e-01 dt=7.7575297362866990e-07
cycle=3056 time=1.5375833660173527e-01 dt=7.5546970542945948e-07
cycle=3057 time=1.5375909207144070e-01 dt=7.4081734338729775e-07
cycle=3058 time=1.5375983288878409e-01 dt=1.0447238543728443e-06
cycle=3059 time=1.5376087761263846e-01 dt=2.0894477087456885e-06
cycle=3060 time=1.5376296706034720e-01 dt=3.0279183805284834e-06
cycle=3061 time=1.5376599497872773e-01 dt=3.1276496901591020e-06
cycle=3062 time=1.5376912262841788e-01 dt=3.1422442621732030e-06
cycle=3063 time=1.5377226487268006e-01 dt=3.0817299330495732e-06
cycle=3064 time=1.5377534660261311e-01 dt=2.9611944936480407e-06
cycle=3065 time=1.5377830779710674e-01 dt=2.5739514210248576e-06
cycle=3066 time=1.5378088174852778e-01 dt=2.0378078255003700e-06
cycle=3067 time=1.5378291955635329e-01 dt=1.6469169303807056e-06
cycle=3068 time=1.5378456647328367e-01 dt=1.3580304023450430e-06
cycle=3069 time=1.5378592450368603e-01 dt=1.1387984165198811e-06
cycle=3070 time=1.5378706330210254e-01 dt=9.6497415876095231e-07
cycle=3071 time=1.5378802827626131e-01 dt=8.4404386357694566e-07
cycle=3072 time=1.5378887232012489e-01 dt=7.6665931881983072e-07
cycle=3073 time=1.5378963897944370e-01 dt=7.1753687581827422e-07
cycle=3074 time=1.5379035651631950e-01 dt=6.8644672234630463e-07
cycle=3075 time=1.5379104296304186e-01 dt=6.6682042488858774e-07
cycle=3076 time=1.5379170978346673e-01 dt=6.5444065984932749e-07
cycle=3077 time=1.5379236422412659e-01 dt=6.4659637652006866e-07
cycle=3078 time=1.5379301082050312e-01 dt=6.4154438849378664e-07
cycle=3079 time=1.5379365236489162e-01 dt=6.3816658847644578e-07
cycle=3080 time=1.5379429053148011e-01 dt=6.3575011435770996e-07
cycle=3081 time=1.5379492628159447e-01 dt=6.3373402330341930e-07
cycle=3082 time=1.5379556001561778e-01 dt=6.3211465430242989e-07
cycle=3083 time=1.5379619213027210e-01 dt=1.2642293086048598e-06
cycle=3084 time=1.5379745635958070e-01 dt=2.5284586172097196e-06
cycle=3085 time=1.5379998481819790e-01 dt=3.5844853394790611e-06
cycle=3086 time=1.5380356930353739e-01 dt=3.6009251212429160e-06
cycle=3087 time=1.5380717022865864e-01 dt=3.5014331357633843e-06
cycle=3088 time=1.5381067166179441e-01 dt=3.3057480898941358e-06
cycle=3089 time=1.5381397740988431e-01 dt=3.0447535917805167e-06
cycle=3090 time=1.5381702216347609e-01 dt=2.7496614779935574e-06
cycle=3091 time=1.5381977182495407e-01 dt=2.4826574398544604e-06
cycle=3092 time=1.5382225448239392e-01 dt=2.2742398948556310e-06
cycle=3093 time=1.5382452872228877e-01 dt=1.9406788998248899e-06
cycle=3094 time=1.5382646940118860e-01 dt=1.6638516001289932e-06
cycle=3095 time=1.5382813325278874e-01 dt=1.4566133266261869e-06
cycle=3096 time=1.5382958986611536e-01 dt=1.2981621137993683e-06
cycle=3097 time=1.5383088802822917e-01 dt=1.1813818181891011e-06
cycle=3098 time=1.5383206941004735e-01 dt=1.1013353609371969e-06
cycle=3099 time=1.5383317074540828e-01 dt=1.0466086077489597e-06
cycle=3100 time=1.5383421735401603e-01 dt=1.0090740078173818e-06
cycle=3101 time=1.5383522642802386e-01 dt=2.0181480156347635e-06
cycle=3102 time=1.5383724457603951e-01 dt=2.2940835054901136e-06
cycle=3103 time=1.5383953865954500e-01 dt=2.3494439847867202e-06
cycle=3104 time=1.5384188810352978e-01 dt=2.3640475294305800e-06
cycle=3105 time=1.5384425215105921e-01 dt=2.3486617643975916e-06
cycle=3106 time=1.5384660081282361e-01 dt=2.3145071206960904e-06
cycle=3107 time=1.5384891531994432e-01 dt=2.2715280476697642e-06
cycle=3108 time=1.5385118684799198e-01 dt=2.2272462322426076e-06
cycle=3109 time=1.5385341409422423e-01 dt=2.1866686549819875e-06
cycle=3110 time=1.5385560076287921e-01 dt=2.1525431862651386e-06
cycle=3111 time=1.5385775330606549e-01 dt=2.1256981341880799e-06
cycle=3112 time=1.5385987900419967e-01 dt=2.1051371253194905e-06
cycle=3113 time=1.5386198414132499e-01 dt=2.0893265441411400e-06
cycle=3114 time=1.5386407346786912e-01 dt=2.0756685832624768e-06
cycle=3115 time=1.5386614913645238e-01 dt=2.0637376642698059e-06
cycle=3116 time=1.5386821287411664e-01 dt=2.0538503727209279e-06
cycle=3117 time=1.5387026672448936e-01 dt=2.0463012765030967e-06
cycle=3118 time=1.5387231302576587e-01 dt=2.0411989959578819e-06
cycle=3119 time=1.5387435422476184e-01 dt=2.0384417220290026e-06
cycle=3120 time=1.5387639266648387e-01 dt=2.0377457324849106e-06
cycle=3121 time=1.5387843041221635e-01 dt=2.0387138871747485e-06
cycle=3122 time=1.5388046912610354e-01 dt=2.0409128020926111e-06
cycle=3123 time=1.5388251003890563e-01 dt=2.0439370101323690e-06
cycle=3124 time=1.5388455397591577e-01 dt=2.0474448325616261e-06
cycle=3125 time=1.5388660142074834e-01 dt=2.0511708745234625e-06
cycle=3126 time=1.5388865259162285e-01 dt=2.0541051440631416e-06
cycle=3127 time=1.5389070669676691e-01 dt=2.0563010994736015e-06
cycle=3128 time=1.5389276299786639e-01 dt=2.0566302119397106e-06
cycle=3129 time=1.5389481962807833e-01 dt=2.0555185963080521e-06
cycle=3130 time=1.5389687514667463e-01 dt=2.0535594630674210e-06
cycle=3131 time=1.5389892870613769e-01 dt=2.0524325334195250e-06
cycle=3132 time=1.5390098113867112e-01 dt=2.0545790356475462e-06
cycle=3133 time=1.5390303571770678e-01 dt=2.0613513316503939e-06
cycle=3134 time=1.5390509706903843e-01 dt=2.0711936293753688e-06
cycle=3135 time=1.5390716826266782e-01 dt=2.0827832218075720e-06
cycle=3136 time=1.5390925104588962e-01 dt=2.0950642491827845e-06
cycle=3137 time=1.5391134611013879e-01 dt=2.1078081178769426e-06
cycle=3138 time=1.5391345391825667e-01 dt=2.1208120437118556e-06
cycle=3139 time=1.5391557473030038e-01 dt=2.1333219514079121e-06
cycle=3140 time=1.5391770805225177e-01 dt=2.1450242745650201e-06
cycle=3141 time=1.5391985307652634e-01 dt=2.1556877632620442e-06
cycle=3142 time=1.5392200876428960e-01 dt=2.1653556397512413e-06
cycle=3143 time=1.5392417411992934e-01 dt=2.1741958481559545e-06
cycle=3144 time=1.5392634831577751e-01 dt=2.1823809950172615e-06
cycle=3145 time=1.5392853069677254e-01 dt=2.1900819933249919e-06
cycle=3146 time=1.5393072077876585e-01 dt=2.1974576015799732e-06
cycle=3147 time=1.5393291823636743e-01 dt=2.2046480979437001e-06
cycle=3148 time=1.5393512288446537e-01 dt=2.2116608504813472e-06
cycle=3149 time=1.5393733454531586e-01 dt=2.2179317421262834e-06
cycle=3150 time=1.5393955247705798e-01 dt=2.2236802757726085e-06
cycle=3151 time=1.5394177615733376e-01 dt=2.2292562920175656e-06
cycle=3152 time=1.5394400541362577e-01 dt=2.2350382166582203e-06
cycle=3153 time=1.5394624045184244e-01 dt=2.2412471043023370e-06
cycle=3154 time=1.5394848169894673e-01 dt=2.2479934696585260e-06
cycle=3155 time=1.5395072969241638e-01 dt=2.2552994718572529e-06
cycle=3156 time=1.5395298499188825e-01 dt=2.2581114558439139e-06
cycle=3157 time=1.5395524310334410e-01 dt=2.1644684703118872e-06
cycle=3158 time=1.5395740757181442e-01 dt=2.2891093366781772e-06
cycle=3159 time=1.5395969668115109e-01 dt=2.2990186564316669e-06
cycle=3160 time=1.5396199569980751e-01 dt=2.3082293122081315e-06
cycle=3161 time=1.5396430392911972e-01 dt=2.3170224967185705e-06
cycle=3162 time=1.5396662095161645e-01 dt=2.3256179369544050e-06
cycle=3163 time=1.5396894656955340e-01 dt=2.3341997627453719e-06
cycle=3164 time=1.5397128076931615e-01 dt=2.3429813911507200e-06
cycle=3165 time=1.5397362375070731e-01 dt=2.3521039510021793e-06
cycle=3166 time=1.5397597585465830e-01 dt=2.3616774129922991e-06
cycle=3167 time=1.5397833753207130e-01 dt=2.3717875747439651e-06
cycle=3168 time=1.5398070931964605e-01 dt=2.3825016115887799e-06
cycle=3169 time=1.5398309182125763e-01 dt=2.3938713700842202e-06
cycle=3170 time=1.5398548569262771e-01 dt=2.4059384547582949e-06
cycle=3171 time=1.5398789163108248e-01 dt=2.0746034249604377e-06
cycle=3172 time=1.5398996623450745e-01 dt=1.7507239243800264e-06
cycle=3173 time=1.5399171695843183e-01 dt=1.6284512039933563e-06
cycle=3174 time=1.5399334540963583e-01 dt=1.5712400485926752e-06
cycle=3175 time=1.5399491664968443e-01 dt=1.5351533920804116e-06
cycle=3176 time=1.5399645180307650e-01 dt=1.5161587432504835e-06
cycle=3177 time=1.5399796796181975e-01 dt=1.5111409943376621e-06
cycle=3178 time=1.5399947910281409e-01 dt=1.5175789173991481e-06
cycle=3179 time=1.5400099668173148e-01 dt=1.5332081519044061e-06
cycle=3180 time=1.5400252988988339e-01 dt=1.5559922452616135e-06
cycle=3181 time=1.5400408588212866e-01 dt=1.5840698571838621e-06
cycle=3182 time=1.5400566995198584e-01 dt=1.6157355852039093e-06
cycle=3183 time=1.5400728568757105e-01 dt=1.6494597050474206e-06
cycle=3184 time=1.5400893514727609e-01 dt=1.6839323203891608e-06
cycle=3185 time=1.5401061907959648e-01 dt=1.7180296963573410e-06
cycle=3186 time=1.5401233710929285e-01 dt=1.7510209066255267e-06
cycle=3187 time=1.5401408813019948e-01 dt=1.7822960850453357e-06
cycle=3188 time=1.5401587042628453e-01 dt=1.8113605492580607e-06
cycle=3189 time=1.5401768178683378e-01 dt=1.8379839237355383e-06
cycle=3190 time=1.5401951977075751e-01 dt=1.8621494881659967e-06
cycle=3191 time=1.5402138192024567e-01 dt=1.8840104117860134e-06
cycle=3192 time=1.5402326593065746e-01 dt=1.9038217294732009e-06
cycle=3193 time=1.5402516975238692e-01 dt=1.9219043754971703e-06
cycle=3194 time=1.5402709165676243e-01 dt=1.9386095580466648e-06
cycle=3195 time=1.5402903026632048e-01 dt=1.9542918568436056e-06
cycle=3196 time=1.5403098455817732e-01 dt=1.9692902158793770e-06
cycle=3197 time=1.5403295384839319e-01 dt=1.9839154763801725e-06
cycle=3198 time=1.5403493776386956e-01 dt=1.9984431363565208e-06
cycle=3199 time=1.5403693620700593e-01 dt=2.0131125710269753e-06
cycle=3200 time=1.5403894931957696e-01 dt=2.0281314156330075e-06
cycle=3201 time=1.5404097745099260e-01 dt=2.0436707724910545e-06
cycle=3202 time=1.5404302112176510e-01 dt=2.0598664470526794e-06
cycle=3203 time=1.5404508098821215e-01 dt=2.0768279789526679e-06
cycle=3204 time=1.5404715781619110e-01 dt=2.0946388834507955e-06
cycle=3205 time=1.5404925245507456e-01 dt=2.1133622191065333e-06
cycle=3206 time=1.5405136581729367e-01 dt=2.1330503154567920e-06
cycle=3207 time=1.5405349886760913e-01 dt=2.1537602525994815e-06
cycle=3208 time=1.5405565262786172e-01 dt=2.1755445499472889e-06
cycle=3209 time=1.5405782817241168e-01 dt=2.1984539403716061e-06
cycle=3210 time=1.5406002662635204e-01 dt=2.2225344418518765e-06
cycle=3211 time=1.5406224916079389e-01 dt=2.2478343410001667e-06
cycle=3212 time=1.5406449699513489e-01 dt=2.2744053392324425e-06
cycle=3213 time=1.5406677140047412e-01 dt=2.2927973588394916e-06
cycle=3214 time=1.5406906419783295e-01 dt=2.3323868688092507e-06
cycle=3215 time=1.5407139658470176e-01 dt=2.3633310123812992e-06
cycle=3216 time=1.5407375991571415e-01 dt=2.3957716353600416e-06
cycle=3217 time=1.5407615568734950e-01 dt=2.4298563413817291e-06
cycle=3218 time=1.5407858554369089e-01 dt=2.4657506929019660e-06
cycle=3219 time=1.5408105129438379e-01 dt=2.5036421742896839e-06
cycle=3220 time=1.5408355493655809e-01 dt=2.5437580442662686e-06
cycle=3221 time=1.5408609869460235e-01 dt=2.5863515861663889e-06
cycle=3222 time=1.5408868504618853e-01 dt=2.6317057944659238e-06
cycle=3223 time=1.5409131675198298e-01 dt=2.6801287813879073e-06
cycle=3224 time=1.5409399688076436e-01 dt=2.7319692347583806e-06
cycle=3225 time=1.5409672884999912e-01 dt=2.7876369552231031e-06
cycle=3226 time=1.5409951648695433e-01 dt=2.6643698982444953e-06
cycle=3227 time=1.5410218085685257e-01 dt=2.1620356352558759e-06
cycle=3228 time=1.5410434289248781e-01 dt=1.7808941224848328e-06
cycle=3229 time=1.5410612378661029e-01 dt=1.4876771976196640e-06
cycle=3230 time=1.5410761146380791e-01 dt=1.2559960534876963e-06
cycle=3231 time=1.5410886745986141e-01 dt=1.0686574212137577e-06
cycle=3232 time=1.5410993611728263e-01 dt=9.3459052942980778e-07
cycle=3233 time=1.5411087070781207e-01 dt=8.4502901125264150e-07
cycle=3234 time=1.5411171573682333e-01 dt=7.8594663784837798e-07
cycle=3235 time=1.5411250168346119e-01 dt=7.4682735587924446e-07
cycle=3236 time=1.5411324851081706e-01 dt=7.2061330450717751e-07
cycle=3237 time=1.5411396912412156e-01 dt=7.0266808335341953e-07
cycle=3238 time=1.5411467179220492e-01 dt=6.8996686522580124e-07
cycle=3239 time=1.5411536175907015e-01 dt=6.8054680518925749e-07
cycle=3240 time=1.5411604230587533e-01 dt=1.3610936103785150e-06
cycle=3241 time=1.5411740339948571e-01 dt=2.7221872207570300e-06
cycle=3242 time=1.5412012558670646e-01 dt=4.8470381872949776e-06
cycle=3243 time=1.5412497262489375e-01 dt=4.6392209645988047e-06
cycle=3244 time=1.5412961184585836e-01 dt=3.7592583720202110e-06
cycle=3245 time=1.5413337110423037e-01 dt=3.0409927483303765e-06
cycle=3246 time=1.5413641209697870e-01 dt=2.5005257707672735e-06
cycle=3247 time=1.5413891262274948e-01 dt=2.0806784871145657e-06
cycle=3248 time=1.5414099330123660e-01 dt=1.7513429347695817e-06
cycle=3249 time=1.5414274464417135e-01 dt=1.5013977259415928e-06
cycle=3250 time=1.5414424604189730e-01 dt=1.3141620044822680e-06
cycle=3251 time=1.5414556020390180e-01 dt=1.1860189905824768e-06
cycle=3252 time=1.5414674622289237e-01 dt=1.1016790028652228e-06
cycle=3253 time=1.5414784790189523e-01 dt=1.0484775476045143e-06
cycle=3254 time=1.5414889637944285e-01 dt=1.0158476581253742e-06
cycle=3255 time=1.5414991222710098e-01 dt=9.9664907062385293e-07
cycle=3256 time=1.5415090887617161e-01 dt=9.8607488032733727e-07
cycle=3257 time=1.5415189495105194e-01 dt=9.8089528774413724e-07
cycle=3258 time=1.5415287584633969e-01 dt=9.7894221549187351e-07
cycle=3259 time=1.5415385478855517e-01 dt=9.7876903020193175e-07
cycle=3260 time=1.5415483355758539e-01 dt=9.7942544548373435e-07
cycle=3261 time=1.5415581298303088e-01 dt=9.8029182696856328e-07
cycle=3262 time=1.5415679327485785e-01 dt=1.1089132038621951e-06
cycle=3263 time=1.5415790218806172e-01 dt=2.2178264077243901e-06
cycle=3264 time=1.5416012001446944e-01 dt=4.4356528154487803e-06
cycle=3265 time=1.5416455566728487e-01 dt=4.7681859857349279e-06
cycle=3266 time=1.5416932385327062e-01 dt=3.3269221785590884e-06
cycle=3267 time=1.5417265077544917e-01 dt=2.4813562553028671e-06
cycle=3268 time=1.5417513213170447e-01 dt=2.2899981588759756e-06
cycle=3269 time=1.5417742212986335e-01 dt=2.2407556132005423e-06
cycle=3270 time=1.5417966288547655e-01 dt=2.2434742171755054e-06
cycle=3271 time=1.5418190635969373e-01 dt=2.2900915286372369e-06
cycle=3272 time=1.5418419645122236e-01 dt=2.3748641757773053e-06
cycle=3273 time=1.5418657131539815e-01 dt=2.4936438179065931e-06
cycle=3274 time=1.5418906495921605e-01 dt=2.6435655799079869e-06
cycle=3275 time=1.5419170852479597e-01 dt=2.8044706114587296e-06
cycle=3276 time=1.5419451299540743e-01 dt=2.2662812542359472e-06
cycle=3277 time=1.5419677927666167e-01 dt=1.8573055449399361e-06
cycle=3278 time=1.5419863658220662e-01 dt=1.5392383663938308e-06
cycle=3279 time=1.5420017582057302e-01 dt=1.2890677145033784e-06
cycle=3280 time=1.5420146488828754e-01 dt=1.0948407410979413e-06
cycle=3281 time=1.5420255972902863e-01 dt=9.4918764401416379e-07
cycle=3282 time=1.5420350891667264e-01 dt=8.5203230085814074e-07
cycle=3283 time=1.5420436094897350e-01 dt=7.8774179876473808e-07
cycle=3284 time=1.5420514869077226e-01 dt=7.4500437049746789e-07
cycle=3285 time=1.5420589369514276e-01 dt=7.1622231213804918e-07
cycle=3286 time=1.5420660991745488e-01 dt=6.9642059998116875e-07
cycle=3287 time=1.5420730633805488e-01 dt=6.8235176535656441e-07
cycle=3288 time=1.5420798868982025e-01 dt=6.7188496978643598e-07
cycle=3289 time=1.5420866057479005e-01 dt=6.6363594021983408e-07
cycle=3290 time=1.5420932421073028e-01 dt=1.3272718804396682e-06
cycle=3291 time=1.5421065148261071e-01 dt=2.6545437608793363e-06
cycle=3292 time=1.5421330602637159e-01 dt=5.0112981597136621e-06
cycle=3293 time=1.5421831732453131e-01 dt=4.8658008668003865e-06
cycle=3294 time=1.5422318312539812e-01 dt=4.1579640550033386e-06
cycle=3295 time=1.5422734108945313e-01 dt=3.5393909889143414e-06
cycle=3296 time=1.5423088048044203e-01 dt=3.1165598655688884e-06
cycle=3297 time=1.5423399704030760e-01 dt=2.9176918048235616e-06
cycle=3298 time=1.5423691473211243e-01 dt=2.6801160937791608e-06
cycle=3299 time=1.5423959484820621e-01 dt=2.3092899082071960e-06
cycle=3300 time=1.5424190413811442e-01 dt=1.9157425995583893e-06
cycle=3301 time=1.5424381988071398e-01 dt=1.6195041967538584e-06
cycle=3302 time=1.5424543938491073e-01 dt=1.3954025667055986e-06
cycle=3303 time=1.5424683478747744e-01 dt=1.2336713251127079e-06
cycle=3304 time=1.5424806845880257e-01 dt=1.1268785868257068e-06
cycle=3305 time=1.5424919533738940e-01 dt=1.0582938372980089e-06
cycle=3306 time=1.5425025363122669e-01 dt=1.0147738830520900e-06
cycle=3307 time=1.5425126840510975e-01 dt=9.8744918448774992e-07
cycle=3308 time=1.5425225585429422e-01 dt=9.7040528083506050e-07
cycle=3309 time=1.5425322625957505e-01 dt=9.5970747497863530e-07
cycle=3310 time=1.5425418596705004e-01 dt=9.5276041704226090e-07
cycle=3311 time=1.5425513872746707e-01 dt=9.4787877353121781e-07
cycle=3312 time=1.5425608660624060e-01 dt=9.4399302742526315e-07
cycle=3313 time=1.5425703059926801e-01 dt=1.8879860548505263e-06
cycle=3314 time=1.5425891858532287e-01 dt=3.7759721097010526e-06
cycle=3315 time=1.5426269455743258e-01 dt=4.5561391458588706e-06
cycle=3316 time=1.5426725069657843e-01 dt=3.9200366475353547e-06
cycle=3317 time=1.5427117073322597e-01 dt=3.3959916708009089e-06
cycle=3318 time=1.5427456672489676e-01 dt=3.1292865357970426e-06
cycle=3319 time=1.5427769601143254e-01 dt=3.0941259453104966e-06
cycle=3320 time=1.5428079013737786e-01 dt=3.1440817128405098e-06
cycle=3321 time=1.5428393421909070e-01 dt=3.1813564572467149e-06
cycle=3322 time=1.5428711557554795e-01 dt=2.8950501024916489e-06
cycle=3323 time=1.5429001062565043e-01 dt=2.3445111567901606e-06
cycle=3324 time=1.5429235513680722e-01 dt=1.9096411660152698e-06
cycle=3325 time=1.5429426477797323e-01 dt=1.5703061154849502e-06
cycle=3326 time=1.5429583508408870e-01 dt=1.2978965455282516e-06
cycle=3327 time=1.5429713298063422e-01 dt=1.1034228473686695e-06
cycle=3328 time=1.5429823640348159e-01 dt=9.6884123806480546e-07
cycle=3329 time=1.5429920524471966e-01 dt=8.8091375284631500e-07
cycle=3330 time=1.5430008615847252e-01 dt=8.2355682127258379e-07
cycle=3331 time=1.5430090971529378e-01 dt=7.8594352094933279e-07
cycle=3332 time=1.5430169565881474e-01 dt=7.6096725897312473e-07
cycle=3333 time=1.5430245662607373e-01 dt=7.4397128470924410e-07
cycle=3334 time=1.5430320059735844e-01 dt=7.3191646929710587e-07
cycle=3335 time=1.5430393251382774e-01 dt=7.2283888170485264e-07
cycle=3336 time=1.5430465535270943e-01 dt=7.1547228524948171e-07
cycle=3337 time=1.5430537082499468e-01 dt=7.0902606813192974e-07
cycle=3338 time=1.5430607985106282e-01 dt=7.0302314901726549e-07
cycle=3339 time=1.5430678287421185e-01 dt=1.4060462980345310e-06
cycle=3340 time=1.5430818892050988e-01 dt=2.8120925960690620e-06
cycle=3341 time=1.5431100101310594e-01 dt=3.7542166894298627e-06
cycle=3342 time=1.5431475522979538e-01 dt=3.1782486537293997e-06
cycle=3343 time=1.5431793347844910e-01 dt=2.6905627132443994e-06
cycle=3344 time=1.5432062404116234e-01 dt=2.3751441879611222e-06
cycle=3345 time=1.5432299918535031e-01 dt=2.3023728818171780e-06
cycle=3346 time=1.5432530155823213e-01 dt=2.2851975036851291e-06
cycle=3347 time=1.5432758675573582e-01 dt=2.3009832759199342e-06
cycle=3348 time=1.5432988773901174e-01 dt=2.3454037838162830e-06
cycle=3349 time=1.5433223314279557e-01 dt=2.4155160830847054e-06
cycle=3350 time=1.5433464865887866e-01 dt=2.0801722000151085e-06
cycle=3351 time=1.5433672883107868e-01 dt=1.7845838535063864e-06
cycle=3352 time=1.5433851341493218e-01 dt=1.5637352749796804e-06
cycle=3353 time=1.5434007715020717e-01 dt=1.3958420707627375e-06
cycle=3354 time=1.5434147299227793e-01 dt=1.2689120291771226e-06
cycle=3355 time=1.5434274190430711e-01 dt=1.1823062888675737e-06
cycle=3356 time=1.5434392421059598e-01 dt=1.1263047620417732e-06
cycle=3357 time=1.5434505051535802e-01 dt=1.0914305642446451e-06
cycle=3358 time=1.5434614194592225e-01 dt=1.0707798832739334e-06
cycle=3359 time=1.5434721272580551e-01 dt=1.0590711203472746e-06
cycle=3360 time=1.5434827179692587e-01 dt=1.0528473333807127e-06
cycle=3361 time=1.5434932464425924e-01 dt=1.0498509574197357e-06
cycle=3362 time=1.5435037449521666e-01 dt=2.0997019148394714e-06
cycle=3363 time=1.5435247419713150e-01 dt=3.2567318645714428e-06
cycle=3364 time=1.5435573092899607e-01 dt=3.0483551711478903e-06
cycle=3365 time=1.5435877928416722e-01 dt=2.7603981374115625e-06
cycle=3366 time=1.5436153968230462e-01 dt=2.4959454935967460e-06
cycle=3367 time=1.5436403562779821e-01 dt=2.3283257050501627e-06
cycle=3368 time=1.5436636395350326e-01 dt=2.2787380813617528e-06
cycle=3369 time=1.5436864269158462e-01 dt=2.2623298356662099e-06
cycle=3370 time=1.5437090502142028e-01 dt=2.2625729399633885e-06
cycle=3371 time=1.5437316759436026e-01 dt=2.2766084155601531e-06
cycle=3372 time=1.5437544420277582e-01 dt=2.3022189016490691e-06
cycle=3373 time=1.5437774642167748e-01 dt=2.3373922399963367e-06
cycle=3374 time=1.5438008381391749e-01 dt=2.3804653250452843e-06
cycle=3375 time=1.5438246427924254e-01 dt=1.9813913596569154e-06
cycle=3376 time=1.5438444567060219e-01 dt=1.6191087128398683e-06
cycle=3377 time=1.5438606477931505e-01 dt=1.3395492829786950e-06
cycle=3378 time=1.5438740432859802e-01 dt=1.1200794800254237e-06
cycle=3379 time=1.5438852440807804e-01 dt=9.6675965218397976e-07
cycle=3380 time=1.5438949116773024e-01 dt=8.6427317630090785e-07
cycle=3381 time=1.5439035544090654e-01 dt=7.9820317023018808e-07
cycle=3382 time=1.5439115364407677e-01 dt=7.5554533885569369e-07
cycle=3383 time=1.5439190918941562e-01 dt=7.2774331876332867e-07
cycle=3384 time=1.5439263693273439e-01 dt=7.0929863673663158e-07
cycle=3385 time=1.5439334623137113e-01 dt=6.9667719771647829e-07
cycle=3386 time=1.5439404290856884e-01 dt=6.8760723403705311e-07
cycle=3387 time=1.5439473051580288e-01 dt=6.8063528503390142e-07
cycle=3388 time=1.5439541115108790e-01 dt=1.3612705700678028e-06
cycle=3389 time=1.5439677242165797e-01 dt=2.7225411401356057e-06
cycle=3390 time=1.5439949496279812e-01 dt=4.3645097245503508e-06
cycle=3391 time=1.5440385947252266e-01 dt=3.7709490533923293e-06
cycle=3392 time=1.5440763042157607e-01 dt=3.3442936509668936e-06
cycle=3393 time=1.5441097471522702e-01 dt=3.0507012056243720e-06
cycle=3394 time=1.5441402541643265e-01 dt=2.8627148342196453e-06
cycle=3395 time=1.5441688813126686e-01 dt=2.5877757927204272e-06
cycle=3396 time=1.5441947590705959e-01 dt=2.2056312828356148e-06
cycle=3397 time=1.5442168153834243e-01 dt=1.8764852869800594e-06
cycle=3398 time=1.5442355802362942e-01 dt=1.6384375176780165e-06
cycle=3399 time=1.5442519646114711e-01 dt=1.4640346150545652e-06
cycle=3400 time=1.5442666049576217e-01 dt=1.3350566333425321e-06
cycle=3401 time=1.5442799555239553e-01 dt=1.2411007413321529e-06
cycle=3402 time=1.5442923665313688e-01 dt=1.1761080691857768e-06
cycle=3403 time=1.5443041276120606e-01 dt=1.1347516514778994e-06
cycle=3404 time=1.5443154751285754e-01 dt=1.1095349067642760e-06
cycle=3405 time=1.5443265704776429e-01 dt=1.0949031283565081e-06
cycle=3406 time=1.5443375195089265e-01 dt=1.0869311475338738e-06
cycle=3407 time=1.5443483888204018e-01 dt=2.1738622950677476e-06
cycle=3408 time=1.5443701274433524e-01 dt=3.0229117008358500e-06
cycle=3409 time=1.5444003565603609e-01 dt=3.9464240245268222e-06
cycle=3410 time=1.5444398208006060e-01 dt=3.8179577579043895e-06
cycle=3411 time=1.5444780003781852e-01 dt=3.5131768180003541e-06
cycle=3412 time=1.5445131321463651e-01 dt=3.2776902874127346e-06
cycle=3413 time=1.5445459090492392e-01 dt=3.1157577128382181e-06
cycle=3414 time=1.5445770666263675e-01 dt=2.5473843972741409e-06
cycle=3415 time=1.5446025404703403e-01 dt=2.2627432696679068e-06
cycle=3416 time=1.5446251679030371e-01 dt=2.2044949760657567e-06
cycle=3417 time=1.5446472128527977e-01 dt=2.1902734656706801e-06
cycle=3418 time=1.5446691155874545e-01 dt=1.9055382163791446e-06
cycle=3419 time=1.5446881709696184e-01 dt=1.5705716975685393e-06
cycle=3420 time=1.5447038766865939e-01 dt=1.3121457540960710e-06
cycle=3421 time=1.5447169981441350e-01 dt=1.1242903430474607e-06
cycle=3422 time=1.5447282410475655e-01 dt=9.9486914951018022e-07
cycle=3423 time=1.5447381897390605e-01 dt=9.0644908838965918e-07
cycle=3424 time=1.5447472542299445e-01 dt=8.4653147441427915e-07
cycle=3425 time=1.5447557195446887e-01 dt=8.0663584522150403e-07
cycle=3426 time=1.5447637859031410e-01 dt=7.8032900701560102e-07
cycle=3427 time=1.5447715891932112e-01 dt=7.6260782780879950e-07
cycle=3428 time=1.5447792152714893e-01 dt=7.5021258132709568e-07
cycle=3429 time=1.5447867173973026e-01 dt=7.4103679712551011e-07
cycle=3430 time=1.5447941277652738e-01 dt=9.0988455649567039e-07
cycle=3431 time=1.5448032266108389e-01 dt=1.8197691129913408e-06
cycle=3432 time=1.5448214243019687e-01 dt=3.6395382259826816e-06
cycle=3433 time=1.5448578196842286e-01 dt=3.7279988314423340e-06
cycle=3434 time=1.5448950996725430e-01 dt=3.7490836506881033e-06
cycle=3435 time=1.5449325905090500e-01 dt=3.7636023370063453e-06
cycle=3436 time=1.5449702265324200e-01 dt=3.3512526256484744e-06
cycle=3437 time=1.5450037390586766e-01 dt=3.0221603972898524e-06
cycle=3438 time=1.5450339606626495e-01 dt=2.8675398200794277e-06
cycle=3439 time=1.5450626360608502e-01 dt=2.6698471242885461e-06
cycle=3440 time=1.5450893345320932e-01 dt=2.2375844240252947e-06
cycle=3441 time=1.5451117103763334e-01 dt=1.9237717496291884e-06
cycle=3442 time=1.5451309480938297e-01 dt=1.6935023297280994e-06
cycle=3443 time=1.5451478831171270e-01 dt=1.5228947510226486e-06
cycle=3444 time=1.5451631120646372e-01 dt=1.3975885389546640e-06
cycle=3445 time=1.5451770879500268e-01 dt=1.3100348063654471e-06
cycle=3446 time=1.5451901882980904e-01 dt=1.2515991930498735e-06
cycle=3447 time=1.5452027042900207e-01 dt=1.2164824453042029e-06
cycle=3448 time=1.5452148691144738e-01 dt=1.1984829498058402e-06
cycle=3449 time=1.5452268539439717e-01 dt=1.1923998824837094e-06
cycle=3450 time=1.5452387779427965e-01 dt=1.1942617556358192e-06
cycle=3451 time=1.5452507205603527e-01 dt=1.2011311537721161e-06
cycle=3452 time=1.5452627318718903e-01 dt=1.2109068067820618e-06
cycle=3453 time=1.5452748409399580e-01 dt=2.4218136135641235e-06
cycle=3454 time=1.5452990590760937e-01 dt=3.5579682074497326e-06
cycle=3455 time=1.5453346387581682e-01 dt=3.7380416742836834e-06
cycle=3456 time=1.5453720191749110e-01 dt=3.4536784832098440e-06
cycle=3457 time=1.5454065559597430e-01 dt=2.6608460452123034e-06
cycle=3458 time=1.5454331644201952e-01 dt=2.1676889036815825e-06
cycle=3459 time=1.5454548413092320e-01 dt=2.0343783746782219e-06
cycle=3460 time=1.5454751850929788e-01 dt=1.9849541030555460e-06
cycle=3461 time=1.5454950346340093e-01 dt=1.9688060450368035e-06
cycle=3462 time=1.5455147226944596e-01 dt=1.9789121505611268e-06
cycle=3463 time=1.5455345118159652e-01 dt=2.0098308713562689e-06
cycle=3464 time=1.5455546101246789e-01 dt=2.0570951499175483e-06
cycle=3465 time=1.5455751810761781e-01 dt=2.0182826577719006e-06
cycle=3466 time=1.5455953639027559e-01 dt=1.6697798426461377e-06
cycle=3467 time=1.5456120617011823e-01 dt=1.3989744586985478e-06
cycle=3468 time=1.5456260514457693e-01 dt=1.1904229659791265e-06
cycle=3469 time=1.5456379556754291e-01 dt=1.0470524133504406e-06
cycle=3470 time=1.5456484261995626e-01 dt=9.4915888976837938e-07
cycle=3471 time=1.5456579177884602e-01 dt=8.8328285556692459e-07
cycle=3472 time=1.5456667506170160e-01 dt=8.3990817128882107e-07
cycle=3473 time=1.5456751496987289e-01 dt=8.1145234037940162e-07
cycle=3474 time=1.5456832642221327e-01 dt=7.9236342122546334e-07
cycle=3475 time=1.5456911878563451e-01 dt=7.7905939123459462e-07
cycle=3476 time=1.5456989784502576e-01 dt=7.6923765074833092e-07
cycle=3477 time=1.5457066708267650e-01 dt=1.5384753014966618e-06
cycle=3478 time=1.5457220555797799e-01 dt=3.0769506029933237e-06
cycle=3479 time=1.5457528250858099e-01 dt=4.0583062749046052e-06
cycle=3480 time=1.5457934081485589e-01 dt=3.7210887107962471e-06
cycle=3481 time=1.5458306190356669e-01 dt=3.2107169189502267e-06
cycle=3482 time=1.5458627262048563e-01 dt=2.6519447324331769e-06
cycle=3483 time=1.5458892456521806e-01 dt=2.3482098298710165e-06
cycle=3484 time=1.5459127277504792e-01 dt=2.2723862060718913e-06
cycle=3485 time=1.5459354516125398e-01 dt=2.2461254398832614e-06
cycle=3486 time=1.5459579128669387e-01 dt=2.2361695993074105e-06
cycle=3487 time=1.5459802745629317e-01 dt=2.2364382856896535e-06
cycle=3488 time=1.5460026389457887e-01 dt=2.2422734935634992e-06
cycle=3489 time=1.5460250616807245e-01 dt=2.2502094428042110e-06
cycle=3490 time=1.5460475637751525e-01 dt=2.2578150736622402e-06
cycle=3491 time=1.5460701419258890e-01 dt=2.2635334830664095e-06
cycle=3492 time=1.5460927772607197e-01 dt=2.1862400789058406e-06
cycle=3493 time=1.5461146396615089e-01 dt=1.9425633484045949e-06
cycle=3494 time=1.5461340652949929e-01 dt=1.7661323554129308e-06
cycle=3495 time=1.5461517266185471e-01 dt=1.6368852828080827e-06
cycle=3496 time=1.5461680954713752e-01 dt=1.5416639806245733e-06
cycle=3497 time=1.5461835121111814e-01 dt=1.9813098041618540e-06
cycle=3498 time=1.5462033252092230e-01 dt=2.5820777171539806e-06
cycle=3499 time=1.5462291459863947e-01 dt=2.5414194419680054e-06
cycle=3500 time=1.5462545601808145e-01 dt=2.4205532812401796e-06
cycle=3501 time=1.5462787657136268e-01 dt=2.2889075820820885e-06
cycle=3502 time=1.5463016547894476e-01 dt=2.1884536487798457e-06
cycle=3503 time=1.5463235393259353e-01 dt=2.1333402387628557e-06
cycle=3504 time=1.5463448727283230e-01 dt=2.1129720271101763e-06
cycle=3505 time=1.5463660024485942e-01 dt=2.1039073966448424e-06
cycle=3506 time=1.5463870415225606e-01 dt=2.0987087811584137e-06
cycle=3507 time=1.5464080286103721e-01 dt=2.0950768885025473e-06
cycle=3508 time=1.5464289793792571e-01 dt=2.0168163639659107e-06
cycle=3509 time=1.5464491475428968e-01 dt=1.8577285163997777e-06
cycle=3510 time=1.5464677248280609e-01 dt=1.7257495495192239e-06
cycle=3511 time=1.5464849823235560e-01 dt=1.6724681122356279e-06
cycle=3512 time=1.5465017070046783e-01 dt=1.7432516048176632e-06
cycle=3513 time=1.5465191395207264e-01 dt=1.8761424441154651e-06
cycle=3514 time=1.5465379009451677e-01 dt=1.6844021761389310e-06
cycle=3515 time=1.5465547449669290e-01 dt=1.4390656923975805e-06
cycle=3516 time=1.5465691356238528e-01 dt=1.2658256589945379e-06
cycle=3517 time=1.5465817938804427e-01 dt=1.1437129129876194e-06
cycle=3518 time=1.5465932310095726e-01 dt=1.0584689764650645e-06
cycle=3519 time=1.5466038156993372e-01 dt=9.9980920837181410e-07
cycle=3520 time=1.5466138137914209e-01 dt=9.6101544398088469e-07
cycle=3521 time=1.5466234239458607e-01 dt=9.3528706623731285e-07
cycle=3522 time=1.5466327768165231e-01 dt=9.1803319901709035e-07
cycle=3523 time=1.5466419571485132e-01 dt=9.0616390187234602e-07
cycle=3524 time=1.5466510187875318e-01 dt=1.8123278037446920e-06
cycle=3525 time=1.5466691420655693e-01 dt=1.9090369302740992e-06
cycle=3526 time=1.5466882324348721e-01 dt=1.8365032077397823e-06
cycle=3527 time=1.5467065974669494e-01 dt=1.7793482693897937e-06
cycle=3528 time=1.5467243909496434e-01 dt=1.7370287722737037e-06
cycle=3529 time=1.5467417612373660e-01 dt=1.7069358437797800e-06
cycle=3530 time=1.5467588305958038e-01 dt=1.6870539254065283e-06
cycle=3531 time=1.5467757011350580e-01 dt=1.6764289557946859e-06
cycle=3532 time=1.5467924654246160e-01 dt=1.6730119761286149e-06
cycle=3533 time=1.5468091955443772e-01 dt=1.6749154755207948e-06
cycle=3534 time=1.5468259446991323e-01 dt=1.6807892874939905e-06
cycle=3535 time=1.5468427525920073e-01 dt=1.6895803844759337e-06
cycle=3536 time=1.5468596483958522e-01 dt=1.7024428926569890e-06
cycle=3537 time=1.5468766728247788e-01 dt=1.7204645203962527e-06
cycle=3538 time=1.5468938774699828e-01 dt=1.7425118633764151e-06
cycle=3539 time=1.5469113025886166e-01 dt=1.7672901513904502e-06
cycle=3540 time=1.5469289754901305e-01 dt=1.7935905351565390e-06
cycle=3541 time=1.5469469113954820e-01 dt=1.8203031882738937e-06
cycle=3542 time=1.5469651144273647e-01 dt=1.8469588141837972e-06
cycle=3543 time=1.5469835840155066e-01 dt=1.8725104420535812e-06
cycle=3544 time=1.5470023091199273e-01 dt=1.8957954605254452e-06
cycle=3545 time=1.5470212670745326e-01 dt=1.9166409104061832e-06
cycle=3546 time=1.5470404334836366e-01 dt=1.9350563647634139e-06
cycle=3547 time=1.5470597840472841e-01 dt=1.9497082565912570e-06
cycle=3548 time=1.5470792811298500e-01 dt=1.9609434591438045e-06
cycle=3549 time=1.5470988905644414e-01 dt=1.9693247626906912e-06
cycle=3550 time=1.5471185838120682e-01 dt=1.9749123296264648e-06
cycle=3551 time=1.5471383329353644e-01 dt=1.9778013120705104e-06
cycle=3552 time=1.5471581109484850e-01 dt=1.9779586334097659e-06
cycle=3553 time=1.5471778905348191e-01 dt=1.9761099303343475e-06
cycle=3554 time=1.5471976516341224e-01 dt=1.9699393739715387e-06
cycle=3555 time=1.5472173510278620e-01 dt=1.9215936479122743e-06
cycle=3556 time=1.5472365669643412e-01 dt=1.8883169468835770e-06
cycle=3557 time=1.5472554501338101e-01 dt=1.8728122111998339e-06
cycle=3558 time=1.5472741782559221e-01 dt=1.8668472839835755e-06
cycle=3559 time=1.5472928467287619e-01 dt=1.8642640396374751e-06
cycle=3560 time=1.5473114893691584e-01 dt=1.7209170738647930e-06
cycle=3561 time=1.5473286985398971e-01 dt=1.4432328885480685e-06
cycle=3562 time=1.5473431308687827e-01 dt=1.2530215806889961e-06
cycle=3563 time=1.5473556610845896e-01 dt=1.1234804134282831e-06
cycle=3564 time=1.5473668958887238e-01 dt=1.0350676980877289e-06
cycle=3565 time=1.5473772465657046e-01 dt=9.7494400596452387e-07
cycle=3566 time=1.5473869960057643e-01 dt=9.3432701632816635e-07
cycle=3567 time=1.5473963392759277e-01 dt=9.0723965100199754e-07
cycle=3568 time=1.5474054116724378e-01 dt=8.8923699568793892e-07
cycle=3569 time=1.5474143040423946e-01 dt=8.7718224518456828e-07
cycle=3570 time=1.5474230758648463e-01 dt=1.7543644903691366e-06
cycle=3571 time=1.5474406195097501e-01 dt=2.8617291010081947e-06
cycle=3572 time=1.5474692368007600e-01 dt=2.7453555159857474e-06
cycle=3573 time=1.5474966903559198e-01 dt=2.4724586558684244e-06
cycle=3574 time=1.5475214149424785e-01 dt=2.1679921487211293e-06
cycle=3575 time=1.5475430948639657e-01 dt=1.9240603535331848e-06
cycle=3576 time=1.5475623354675011e-01 dt=1.8044129983446517e-06
cycle=3577 time=1.5475803795974846e-01 dt=1.7721625444117578e-06
cycle=3578 time=1.5475981012229287e-01 dt=1.7545833936073011e-06
cycle=3579 time=1.5476156470568647e-01 dt=1.7480393440825686e-06
cycle=3580 time=1.5476331274503055e-01 dt=1.7495022689842854e-06
cycle=3581 time=1.5476506224729952e-01 dt=1.7564302692008229e-06
cycle=3582 time=1.5476681867756872e-01 dt=1.7667177658897157e-06
cycle=3583 time=1.5476858539533461e-01 dt=1.7786666581882713e-06
cycle=3584 time=1.5477036406199279e-01 dt=1.7909645353802798e-06
cycle=3585 time=1.5477215502652816e-01 dt=1.8026578284028832e-06
cycle=3586 time=1.5477395768435656e-01 dt=1.8131145786378440e-06
cycle=3587 time=1.5477577079893520e-01 dt=1.8219787659600219e-06
cycle=3588 time=1.5477759277770117e-01 dt=1.8293145352561081e-06
cycle=3589 time=1.5477942209223644e-01 dt=1.8363613479334335e-06
cycle=3590 time=1.5478125845358437e-01 dt=1.8419949184919477e-06
cycle=3591 time=1.5478310044850285e-01 dt=1.8444378116126688e-06
cycle=3592 time=1.5478494488631447e-01 dt=1.8439758485107879e-06
cycle=3593 time=1.5478678886216299e-01 dt=1.8417036048284440e-06
cycle=3594 time=1.5478863056576780e-01 dt=1.8387587608246056e-06
cycle=3595 time=1.5479046932452864e-01 dt=1.8359995540171458e-06
cycle=3596 time=1.5479230532408267e-01 dt=1.8337729264744782e-06
cycle=3597 time=1.5479413909700915e-01 dt=1.8321481126938960e-06
cycle=3598 time=1.5479597124512184e-01 dt=1.8310819006190675e-06
cycle=3599 time=1.5479780232702248e-01 dt=1.8304837927418253e-06
cycle=3600 time=1.5479963281081521e-01 dt=1.8305810344486851e-06
cycle=3601 time=1.5480146339184966e-01 dt=1.8312294738146170e-06
cycle=3602 time=1.5480329462132347e-01 dt=1.8322270710317706e-06
cycle=3603 time=1.5480512684839451e-01 dt=1.8334284933694891e-06
cycle=3604 time=1.5480696027688787e-01 dt=1.8347341298010425e-06
cycle=3605 time=1.5480879501101766e-01 dt=1.8360332559344911e-06
cycle=3606 time=1.5481063104427359e-01 dt=1.8373265933445052e-06
cycle=3607 time=1.5481246837086693e-01 dt=1.8386310693765235e-06
cycle=3608 time=1.5481430700193630e-01 dt=1.8399691513551588e-06
cycle=3609 time=1.5481614697108764e-01 dt=1.8413641376279175e-06
cycle=3610 time=1.5481798833522528e-01 dt=1.7123111697707111e-06
cycle=3611 time=1.5481970064639505e-01 dt=1.4797576376872332e-06
cycle=3612 time=1.5482118040403273e-01 dt=1.3198472057108801e-06
cycle=3613 time=1.5482250025123845e-01 dt=1.2116023493270101e-06
cycle=3614 time=1.5482371185358779e-01 dt=1.1366581746759142e-06
cycle=3615 time=1.5482484851176245e-01 dt=1.0856937161106224e-06
cycle=3616 time=1.5482593420547858e-01 dt=1.0498675287456840e-06
cycle=3617 time=1.5482698407300732e-01 dt=1.0242145794475238e-06
cycle=3618 time=1.5482800828758678e-01 dt=1.0053187426620233e-06
cycle=3619 time=1.5482901360632945e-01 dt=9.9084155956234918e-07
cycle=3620 time=1.5483000444788900e-01 dt=1.9816831191246984e-06
cycle=3621 time=1.5483198613100813e-01 dt=2.0480011158476619e-06
cycle=3622 time=1.5483403413212396e-01 dt=1.9540815556202989e-06
cycle=3623 time=1.5483598821367958e-01 dt=1.8715558227745458e-06
cycle=3624 time=1.5483785976950235e-01 dt=1.7999975386423689e-06
cycle=3625 time=1.5483965976704098e-01 dt=1.7391988510549430e-06
cycle=3626 time=1.5484139896589202e-01 dt=1.6886341783153460e-06
cycle=3627 time=1.5484308760007034e-01 dt=1.6475863580750570e-06
cycle=3628 time=1.5484473518642841e-01 dt=1.6152988363150952e-06
cycle=3629 time=1.5484635048526474e-01 dt=1.5907166053222487e-06
cycle=3630 time=1.5484794120187007e-01 dt=1.5730990158301748e-06
cycle=3631 time=1.5484951430088589e-01 dt=1.5677205225654734e-06
cycle=3632 time=1.5485108202140846e-01 dt=1.5731423407422788e-06
cycle=3633 time=1.5485265516374921e-01 dt=1.5870944660876582e-06
cycle=3634 time=1.5485424225821531e-01 dt=1.6081889733870340e-06
cycle=3635 time=1.5485585044718869e-01 dt=1.6345798274155355e-06
cycle=3636 time=1.5485748502701610e-01 dt=1.6645399758361864e-06
cycle=3637 time=1.5485914956699193e-01 dt=1.6968715445159567e-06
cycle=3638 time=1.5486084643853645e-01 dt=1.7310800273473152e-06
cycle=3639 time=1.5486257751856380e-01 dt=1.7653709679299493e-06
cycle=3640 time=1.5486434288953174e-01 dt=1.7982774377153049e-06
cycle=3641 time=1.5486614116696945e-01 dt=1.8285809936445702e-06
cycle=3642 time=1.5486796974796310e-01 dt=1.8552988320059742e-06
cycle=3643 time=1.5486982504679511e-01 dt=1.8778450961131265e-06
cycle=3644 time=1.5487170289189123e-01 dt=1.8959376835697312e-06
cycle=3645 time=1.5487359882957480e-01 dt=1.9100298287729939e-06
cycle=3646 time=1.5487550885940357e-01 dt=1.9198078288865791e-06
cycle=3647 time=1.5487742866723245e-01 dt=1.9251161421808800e-06
cycle=3648 time=1.5487935378337464e-01 dt=1.9267885196856472e-06
cycle=3649 time=1.5488128057189432e-01 dt=1.9252352436537632e-06
cycle=3650 time=1.5488320580713796e-01 dt=1.9200319308045202e-06
cycle=3651 time=1.5488512583906877e-01 dt=1.9114111190561323e-06
cycle=3652 time=1.5488703725018782e-01 dt=1.8996683032977220e-06
cycle=3653 time=1.5488893691849112e-01 dt=1.8027127239861380e-06
cycle=3654 time=1.5489073963121511e-01 dt=1.4629557140134491e-06
cycle=3655 time=1.5489220258692912e-01 dt=1.2389163474109675e-06
cycle=3656 time=1.5489344150327652e-01 dt=1.0912581565498687e-06
cycle=3657 time=1.5489453276143308e-01 dt=9.9415997585496532e-07
cycle=3658 time=1.5489552692140893e-01 dt=9.3094276806362380e-07
cycle=3659 time=1.5489645786417700e-01 dt=8.9040673861808499e-07
cycle=3660 time=1.5489734827091561e-01 dt=8.6473134750887755e-07
cycle=3661 time=1.5489821300226311e-01 dt=8.4856138175934863e-07
cycle=3662 time=1.5489906156364489e-01 dt=8.3830464259664343e-07
cycle=3663 time=1.5489989986828748e-01 dt=8.3158879052419492e-07
cycle=3664 time=1.5490073145707800e-01 dt=8.2686053894951692e-07
cycle=3665 time=1.5490155831761696e-01 dt=8.2316387314732406e-07
cycle=3666 time=1.5490238148149010e-01 dt=1.6463277462946481e-06
cycle=3667 time=1.5490402780923640e-01 dt=3.2926554925892962e-06
cycle=3668 time=1.5490732046472899e-01 dt=3.4094977710025824e-06
cycle=3669 time=1.5491072996249999e-01 dt=2.9168574867451761e-06
cycle=3670 time=1.5491364681998673e-01 dt=2.4414097505666189e-06
cycle=3671 time=1.5491608822973729e-01 dt=2.1113117775062587e-06
cycle=3672 time=1.5491819954151481e-01 dt=2.0107400518366756e-06
cycle=3673 time=1.5492021028156666e-01 dt=1.9920894214987330e-06
cycle=3674 time=1.5492220237098817e-01 dt=1.9917766010233619e-06
cycle=3675 time=1.5492419414758918e-01 dt=2.0044247995218440e-06
cycle=3676 time=1.5492619857238871e-01 dt=2.0257172911716691e-06
cycle=3677 time=1.5492822428967987e-01 dt=2.0521255319202422e-06
cycle=3678 time=1.5493027641521179e-01 dt=2.0808568819902819e-06
cycle=3679 time=1.5493235727209378e-01 dt=2.1098117646790291e-06
cycle=3680 time=1.5493446708385847e-01 dt=2.0979664797439742e-06
cycle=3681 time=1.5493656505033820e-01 dt=2.0311577505855306e-06
cycle=3682 time=1.5493859620808878e-01 dt=1.9715639552277063e-06
cycle=3683 time=1.5494056777204401e-01 dt=1.9256708872576539e-06
cycle=3684 time=1.5494249344293126e-01 dt=1.8955569815541279e-06
cycle=3685 time=1.5494438899991281e-01 dt=1.8760097193852953e-06
cycle=3686 time=1.5494626500963218e-01 dt=1.8624046488964021e-06
cycle=3687 time=1.5494812741428107e-01 dt=1.8521960501761029e-06
cycle=3688 time=1.5494997961033125e-01 dt=1.8444023828659591e-06
cycle=3689 time=1.5495182401271412e-01 dt=1.8384860055620197e-06
cycle=3690 time=1.5495366249871970e-01 dt=1.8333350987176556e-06
cycle=3691 time=1.5495549583381840e-01 dt=1.8288647118228298e-06
cycle=3692 time=1.5495732469853021e-01 dt=1.8244452510914707e-06
cycle=3693 time=1.5495914914378131e-01 dt=1.8195233449448770e-06
cycle=3694 time=1.5496096866712625e-01 dt=1.8139230691385994e-06
cycle=3695 time=1.5496278259019539e-01 dt=1.8075744982307948e-06
cycle=3696 time=1.5496459016469361e-01 dt=1.8005655309300958e-06
cycle=3697 time=1.5496639073022453e-01 dt=1.7930914956381976e-06
cycle=3698 time=1.5496818382172017e-01 dt=1.7850764446130242e-06
cycle=3699 time=1.5496996889816478e-01 dt=1.7766921024355916e-06
cycle=3700 time=1.5497174559026722e-01 dt=1.7681364040207908e-06
cycle=3701 time=1.5497351372667123e-01 dt=1.7595692691198864e-06
cycle=3702 time=1.5497527329594035e-01 dt=1.7511178732148463e-06
cycle=3703 time=1.5497702441381356e-01 dt=1.7509226297022317e-06
cycle=3704 time=1.5497877533644325e-01 dt=1.7884619020985188e-06
cycle=3705 time=1.5498056379834535e-01 dt=1.5704455432714304e-06
cycle=3706 time=1.5498213424388863e-01 dt=1.3459261845573045e-06
cycle=3707 time=1.5498348017007318e-01 dt=1.1924760182100587e-06
cycle=3708 time=1.5498467264609139e-01 dt=1.0872205695544785e-06
cycle=3709 time=1.5498575986666094e-01 dt=1.0147731601138453e-06
cycle=3710 time=1.5498677463982105e-01 dt=9.6508331223051018e-07
cycle=3711 time=1.5498773972313329e-01 dt=9.3098235218913473e-07
cycle=3712 time=1.5498867070548547e-01 dt=9.0740319718601123e-07
cycle=3713 time=1.5498957810868266e-01 dt=8.9086210967598534e-07
cycle=3714 time=1.5499046897079233e-01 dt=8.7889864583921517e-07
cycle=3715 time=1.5499134786943816e-01 dt=8.6982302518195486e-07
cycle=3716 time=1.5499221769246335e-01 dt=1.7396460503639097e-06
cycle=3717 time=1.5499395733851370e-01 dt=3.0223362789759598e-06
cycle=3718 time=1.5499697967479267e-01 dt=2.8069264719678027e-06
cycle=3719 time=1.5499978660126465e-01 dt=2.6092669500911385e-06
cycle=3720 time=1.5500239586821474e-01 dt=2.4296795861076105e-06
cycle=3721 time=1.5500482554780085e-01 dt=2.2665762021049943e-06
cycle=3722 time=1.5500709212400296e-01 dt=2.1199961239823393e-06
cycle=3723 time=1.5500921212012694e-01 dt=1.9889951337944029e-06
cycle=3724 time=1.5501120111526073e-01 dt=1.8720378471401998e-06
cycle=3725 time=1.5501307315310786e-01 dt=1.7755437159850471e-06
cycle=3726 time=1.5501484869682386e-01 dt=1.7078755911886027e-06
cycle=3727 time=1.5501655657241506e-01 dt=1.6660500408306292e-06
cycle=3728 time=1.5501822262245590e-01 dt=1.6480755108021868e-06
cycle=3729 time=1.5501987069796672e-01 dt=1.6501393941537802e-06
cycle=3730 time=1.5502152083736087e-01 dt=1.6674978948995169e-06
cycle=3731 time=1.5502318833525577e-01 dt=1.6957438533487509e-06
cycle=3732 time=1.5502488407910911e-01 dt=1.7317903307272084e-06
cycle=3733 time=1.5502661586943983e-01 dt=1.7739335999502381e-06
cycle=3734 time=1.5502838980303979e-01 dt=1.8197636254278948e-06
cycle=3735 time=1.5503020956666522e-01 dt=1.8671098060064229e-06
cycle=3736 time=1.5503207667647123e-01 dt=1.9147881542541475e-06
cycle=3737 time=1.5503399146462549e-01 dt=1.9605173191313731e-06
cycle=3738 time=1.5503595198194461e-01 dt=2.0032921012371531e-06
cycle=3739 time=1.5503795527404585e-01 dt=2.0415242161696726e-06
cycle=3740 time=1.5503999679826203e-01 dt=2.0741446962275356e-06
cycle=3741 time=1.5504207094295824e-01 dt=2.1003858486223907e-06
cycle=3742 time=1.5504417132880688e-01 dt=2.0983788020511465e-06
cycle=3743 time=1.5504626970760893e-01 dt=2.0074642952128031e-06
cycle=3744 time=1.5504827717190414e-01 dt=1.9347639088378469e-06
cycle=3745 time=1.5505021193581298e-01 dt=1.8876724233391949e-06
cycle=3746 time=1.5505209960823632e-01 dt=1.8639560861208149e-06
cycle=3747 time=1.5505396356432244e-01 dt=1.8567026747742704e-06
cycle=3748 time=1.5505582026699721e-01 dt=1.8584358124390190e-06
cycle=3749 time=1.5505767870280965e-01 dt=1.8633303140201385e-06
cycle=3750 time=1.5505954203312367e-01 dt=1.8677149283667077e-06
cycle=3751 time=1.5506140974805202e-01 dt=1.5084724446950492e-06
cycle=3752 time=1.5506291822049673e-01 dt=1.2446078051522501e-06
cycle=3753 time=1.5506416282830188e-01 dt=1.0654575519804521e-06
cycle=3754 time=1.5506522828585387e-01 dt=9.4644225002369205e-07
cycle=3755 time=1.5506617472810388e-01 dt=8.6921755179252151e-07
cycle=3756 time=1.5506704394565568e-01 dt=8.1975270678927127e-07
cycle=3757 time=1.5506786369836248e-01 dt=7.8862452084607428e-07
cycle=3758 time=1.5506865232288333e-01 dt=7.6944244827431556e-07
cycle=3759 time=1.5506942176533162e-01 dt=7.5792945166802299e-07
cycle=3760 time=1.5507017969478329e-01 dt=7.5121735690485382e-07
cycle=3761 time=1.5507093091214019e-01 dt=7.4739667476074172e-07
cycle=3762 time=1.5507167830881496e-01 dt=7.4520894079139125e-07
cycle=3763 time=1.5507242351775574e-01 dt=7.4384943237263556e-07
cycle=3764 time=1.5507316736718812e-01 dt=1.4876988647452711e-06
cycle=3765 time=1.5507465506605286e-01 dt=2.9753977294905422e-06
cycle=3766 time=1.5507763046378237e-01 dt=3.1545103779702329e-06
cycle=3767 time=1.5508078497416034e-01 dt=2.7655578553368103e-06
cycle=3768 time=1.5508355053201567e-01 dt=2.3700893324201400e-06
cycle=3769 time=1.5508592062134810e-01 dt=2.0449423044043335e-06
cycle=3770 time=1.5508796556365251e-01 dt=1.8474257370623708e-06
cycle=3771 time=1.5508981298938956e-01 dt=1.7770436658494279e-06
cycle=3772 time=1.5509159003305542e-01 dt=1.7522063264063691e-06
cycle=3773 time=1.5509334223938182e-01 dt=1.7384755504445474e-06
cycle=3774 time=1.5509508071493225e-01 dt=1.7345466862331219e-06
cycle=3775 time=1.5509681526161848e-01 dt=1.7382258180890708e-06
cycle=3776 time=1.5509855348743656e-01 dt=1.7475673017184488e-06
cycle=3777 time=1.5510030105473829e-01 dt=1.7608426981697008e-06
cycle=3778 time=1.5510206189743647e-01 dt=1.7764287854165187e-06
cycle=3779 time=1.5510383832622188e-01 dt=1.7931787765912452e-06
cycle=3780 time=1.5510563150499848e-01 dt=1.8102644238204277e-06
cycle=3781 time=1.5510744176942229e-01 dt=1.8270449873423814e-06
cycle=3782 time=1.5510926881440962e-01 dt=1.6928583344212892e-06
cycle=3783 time=1.5511096167274405e-01 dt=1.7868367377093447e-06
cycle=3784 time=1.5511274850948176e-01 dt=1.7170064226358257e-06
cycle=3785 time=1.5511446551590438e-01 dt=1.6731234366534667e-06
cycle=3786 time=1.5511613863934104e-01 dt=1.6593811034475482e-06
cycle=3787 time=1.5511779802044448e-01 dt=1.6628933195944786e-06
cycle=3788 time=1.5511946091376408e-01 dt=1.6744644379341004e-06
cycle=3789 time=1.5512113537820202e-01 dt=1.6894004164507368e-06
cycle=3790 time=1.5512282477861847e-01 dt=1.7055605425596108e-06
cycle=3791 time=1.5512453033916102e-01 dt=1.7219785784515323e-06
cycle=3792 time=1.5512625231773947e-01 dt=1.7387222291894277e-06
cycle=3793 time=1.5512799103996866e-01 dt=1.7555649871912384e-06
cycle=3794 time=1.5512974660495585e-01 dt=1.7717324492458473e-06
cycle=3795 time=1.5513151833740510e-01 dt=1.7867983009153019e-06
cycle=3796 time=1.5513330513570603e-01 dt=1.8006968774319412e-06
cycle=3797 time=1.5513510583258347e-01 dt=1.8135965397858015e-06
cycle=3798 time=1.5513691942912325e-01 dt=1.8257604168186922e-06
cycle=3799 time=1.5513874518954007e-01 dt=1.6465909047999871e-06
cycle=3800 time=1.5514039178044486e-01 dt=1.3729735299481550e-06
cycle=3801 time=1.5514176475397481e-01 dt=1.1821858222164471e-06
cycle=3802 time=1.5514294693979702e-01 dt=1.0491580407150348e-06
cycle=3803 time=1.5514399609783774e-01 dt=9.5650771279513258e-07
cycle=3804 time=1.5514495260555053e-01 dt=8.9236096153129863e-07
cycle=3805 time=1.5514584496651207e-01 dt=8.4880646002038582e-07
cycle=3806 time=1.5514669377297208e-01 dt=8.1974877130342770e-07
cycle=3807 time=1.5514751352174339e-01 dt=8.0068076910041250e-07
cycle=3808 time=1.5514831420251249e-01 dt=7.8830718779813306e-07
cycle=3809 time=1.5514910250970029e-01 dt=1.5766143755962661e-06
cycle=3810 time=1.5515067912407590e-01 dt=2.9434544384971181e-06
cycle=3811 time=1.5515362257851439e-01 dt=2.7685891714693552e-06
cycle=3812 time=1.5515639116768587e-01 dt=2.5265651927490579e-06
cycle=3813 time=1.5515891773287863e-01 dt=2.2867948752686780e-06
cycle=3814 time=1.5516120452775389e-01 dt=2.0969183857503152e-06
cycle=3815 time=1.5516330144613966e-01 dt=1.7660337696324341e-06
cycle=3816 time=1.5516506747990930e-01 dt=1.4722837878142827e-06
cycle=3817 time=1.5516653976369710e-01 dt=1.3567799028909186e-06
cycle=3818 time=1.5516789654360000e-01 dt=1.3092631081856716e-06
cycle=3819 time=1.5516920580670818e-01 dt=1.2763711610034113e-06
cycle=3820 time=1.5517048217786919e-01 dt=1.2553693538411469e-06
cycle=3821 time=1.5517173754722302e-01 dt=1.2438703146476765e-06
cycle=3822 time=1.5517298141753766e-01 dt=1.2398333256728178e-06
cycle=3823 time=1.5517422125086333e-01 dt=1.2414777929428303e-06
cycle=3824 time=1.5517546272865626e-01 dt=1.2472218107368509e-06
cycle=3825 time=1.5517670995046701e-01 dt=1.2557142532875650e-06
cycle=3826 time=1.5517796566472031e-01 dt=1.2659887023701370e-06
cycle=3827 time=1.5517923165342268e-01 dt=1.2773902941954475e-06
cycle=3828 time=1.5518050904371689e-01 dt=1.2892066625695656e-06
cycle=3829 time=1.5518179825037945e-01 dt=1.2942538097880916e-06
cycle=3830 time=1.5518309250418924e-01 dt=1.2961524162458239e-06
cycle=3831 time=1.5518438865660550e-01 dt=1.2959175661432442e-06
cycle=3832 time=1.5518568457417165e-01 dt=1.2930482237008260e-06
cycle=3833 time=1.5518697762239533e-01 dt=1.2874341143925803e-06
cycle=3834 time=1.5518826505650973e-01 dt=1.2792418238651461e-06
cycle=3835 time=1.5518954429833359e-01 dt=1.2689350012791086e-06
cycle=3836 time=1.5519081323333486e-01 dt=1.2574389526960483e-06
cycle=3837 time=1.5519207067228755e-01 dt=1.2456556992249206e-06
cycle=3838 time=1.5519331632798677e-01 dt=1.2343141311853061e-06
cycle=3839 time=1.5519455064211796e-01 dt=1.2238218994486540e-06
cycle=3840 time=1.5519577446401742e-01 dt=1.2144413298362818e-06
cycle=3841 time=1.5519698890534725e-01 dt=1.2062539028261507e-06
cycle=3842 time=1.5519819515925007e-01 dt=1.1991886834850007e-06
cycle=3843 time=1.5519939434793356e-01 dt=1.1931132392117344e-06
cycle=3844 time=1.5520058746117277e-01 dt=1.1878542880686153e-06
cycle=3845 time=1.5520177531546084e-01 dt=1.1832325803986696e-06
cycle=3846 time=1.5520295854804123e-01 dt=1.1790934720277694e-06
cycle=3847 time=1.5520413764151325e-01 dt=1.1752130604507837e-06
cycle=3848 time=1.5520531285457370e-01 dt=1.1714024692184315e-06
cycle=3849 time=1.5520648425704292e-01 dt=1.1675347384192250e-06
cycle=3850 time=1.5520765179178134e-01 dt=1.1635456039498872e-06
cycle=3851 time=1.5520881533738529e-01 dt=1.1594287514873187e-06
cycle=3852 time=1.5520997476613677e-01 dt=1.1552139428472925e-06
cycle=3853 time=1.5521112998007960e-01 dt=1.1509550209991098e-06
cycle=3854 time=1.5521228093510062e-01 dt=1.1467170102930167e-06
cycle=3855 time=1.5521342765211091e-01 dt=1.1425650792467711e-06
cycle=3856 time=1.5521457021719015e-01 dt=1.1385560524469001e-06
cycle=3857 time=1.5521570877324259e-01 dt=1.1347334492349612e-06
cycle=3858 time=1.5521684350669182e-01 dt=1.1311348725592964e-06
cycle=3859 time=1.5521797464156439e-01 dt=1.1277691370393385e-06
cycle=3860 time=1.5521910241070144e-01 dt=1.1246294807541367e-06
cycle=3861 time=1.5522022704018221e-01 dt=1.1216955756694223e-06
cycle=3862 time=1.5522134873575788e-01 dt=1.1189503879474429e-06
cycle=3863 time=1.5522246768614584e-01 dt=1.1163382542550802e-06
cycle=3864 time=1.5522358402440009e-01 dt=1.1138794759749824e-06
cycle=3865 time=1.5522469790387605e-01 dt=1.1116052006096533e-06
cycle=3866 time=1.5522580950907666e-01 dt=1.1095445842254472e-06
cycle=3867 time=1.5522691905366090e-01 dt=1.1077213365972358e-06
cycle=3868 time=1.5522802677499750e-01 dt=1.1061518586596531e-06
cycle=3869 time=1.5522913292685617e-01 dt=1.1466770486690818e-06
cycle=3870 time=1.5523027960390484e-01 dt=1.2564036044470152e-06
cycle=3871 time=1.5523153600750930e-01 dt=1.4690124232311382e-06
cycle=3872 time=1.5523300501993254e-01 dt=1.8362805904700618e-06
cycle=3873 time=1.5523484130052301e-01 dt=2.6163391999617617e-06
cycle=3874 time=1.5523745763972296e-01 dt=3.7063540572364894e-06
cycle=3875 time=1.5524116399378021e-01 dt=3.1485220503022503e-06
cycle=3876 time=1.5524431251583051e-01 dt=2.5968179311110987e-06
cycle=3877 time=1.5524690933376162e-01 dt=2.1200123169933433e-06
cycle=3878 time=1.5524902934607862e-01 dt=1.7829725653622125e-06
cycle=3879 time=1.5525081231864399e-01 dt=1.6233907619215719e-06
cycle=3880 time=1.5525243570940592e-01 dt=1.4648985782288010e-06
cycle=3881 time=1.5525390060798414e-01 dt=1.4025146181496129e-06
cycle=3882 time=1.5525530312260227e-01 dt=1.3584564321675286e-06
cycle=3883 time=1.5525666157903445e-01 dt=1.3285937654977337e-06
cycle=3884 time=1.5525799017279995e-01 dt=1.3477344231387712e-06
cycle=3885 time=1.5525933790722310e-01 dt=1.4412700557080105e-06
cycle=3886 time=1.5526077917727882e-01 dt=1.6035238025511964e-06
cycle=3887 time=1.5526238270108136e-01 dt=1.6637261870617405e-06
cycle=3888 time=1.5526404642726843e-01 dt=1.6766034607712178e-06
cycle=3889 time=1.5526572303072919e-01 dt=1.6799630283753116e-06
cycle=3890 time=1.5526740299375758e-01 dt=1.6759363805434012e-06
cycle=3891 time=1.5526907893013811e-01 dt=1.6669504037494281e-06
cycle=3892 time=1.5527074588054185e-01 dt=1.6552673245835611e-06
cycle=3893 time=1.5527240114786645e-01 dt=1.4789457115378207e-06
cycle=3894 time=1.5527388009357798e-01 dt=1.2601969851609860e-06
cycle=3895 time=1.5527514029056314e-01 dt=1.1111689483368672e-06
cycle=3896 time=1.5527625145951146e-01 dt=1.0108588638785484e-06
cycle=3897 time=1.5527726231837535e-01 dt=9.4478998634298739e-07
cycle=3898 time=1.5527820710836171e-01 dt=9.0251166077848955e-07
cycle=3899 time=1.5527910962002248e-01 dt=8.7598503314012072e-07
cycle=3900 time=1.5527998560505563e-01 dt=8.5978821339146022e-07
cycle=3901 time=1.5528084539326903e-01 dt=8.5066623966486813e-07
cycle=3902 time=1.5528169605950870e-01 dt=1.7013324793297363e-06
cycle=3903 time=1.5528339739198804e-01 dt=2.1935016520869542e-06
cycle=3904 time=1.5528559089364014e-01 dt=2.2214963227873741e-06
cycle=3905 time=1.5528781238996292e-01 dt=2.1323702095754250e-06
cycle=3906 time=1.5528994476017249e-01 dt=1.9856938836414037e-06
cycle=3907 time=1.5529193045405615e-01 dt=1.8211041321238900e-06
cycle=3908 time=1.5529375155818828e-01 dt=1.6703104917103487e-06
cycle=3909 time=1.5529542186867998e-01 dt=1.5553544046244940e-06
cycle=3910 time=1.5529697722308461e-01 dt=1.4971284300795123e-06
cycle=3911 time=1.5529847435151470e-01 dt=1.4727542182644312e-06
cycle=3912 time=1.5529994710573297e-01 dt=1.4166391263232229e-06
cycle=3913 time=1.5530136374485928e-01 dt=1.3802316966720134e-06
cycle=3914 time=1.5530274397655597e-01 dt=1.3655171808111083e-06
cycle=3915 time=1.5530410949373677e-01 dt=1.3813897794771367e-06
cycle=3916 time=1.5530549088351625e-01 dt=1.4314843753386488e-06
cycle=3917 time=1.5530692236789159e-01 dt=1.5286490990243261e-06
cycle=3918 time=1.5530845101699062e-01 dt=1.6909639070060104e-06
cycle=3919 time=1.5531014198089763e-01 dt=1.9433203271779293e-06
cycle=3920 time=1.5531208530122481e-01 dt=2.2151498988092961e-06
cycle=3921 time=1.5531430045112363e-01 dt=2.4977526386770673e-06
cycle=3922 time=1.5531679820376229e-01 dt=2.3028252546910401e-06
cycle=3923 time=1.5531910102901697e-01 dt=2.0987311627289998e-06
cycle=3924 time=1.5532119976017969e-01 dt=1.9322125628420600e-06
cycle=3925 time=1.5532313197274253e-01 dt=1.8348314423721754e-06
cycle=3926 time=1.5532496680418489e-01 dt=1.7957173497319946e-06
cycle=3927 time=1.5532676252153463e-01 dt=1.7828369310695566e-06
cycle=3928 time=1.5532854535846569e-01 dt=1.7803842016536199e-06
cycle=3929 time=1.5533032574266734e-01 dt=1.7824648901500072e-06
cycle=3930 time=1.5533210820755750e-01 dt=1.7871465576094464e-06
cycle=3931 time=1.5533389535411510e-01 dt=1.7930416515615520e-06
cycle=3932 time=1.5533568839576667e-01 dt=1.7986018443035189e-06
cycle=3933 time=1.5533748699761096e-01 dt=1.8031102261599691e-06
cycle=3934 time=1.5533929010783712e-01 dt=1.8065702930224569e-06
cycle=3935 time=1.5534109667813015e-01 dt=1.8091639904931000e-06
cycle=3936 time=1.5534290584212063e-01 dt=1.8110793293195599e-06
cycle=3937 time=1.5534471692144994e-01 dt=1.8124707678100739e-06
cycle=3938 time=1.5534652939221774e-01 dt=1.8135067468827858e-06
cycle=3939 time=1.5534834289896463e-01 dt=1.8144098955890144e-06
cycle=3940 time=1.5535015730886020e-01 dt=1.8152809740268825e-06
cycle=3941 time=1.5535197258983424e-01 dt=1.8160460352645689e-06
cycle=3942 time=1.5535378863586952e-01 dt=1.8166310215553306e-06
cycle=3943 time=1.5535560526689107e-01 dt=1.8169719223011826e-06
cycle=3944 time=1.5535742223881338e-01 dt=1.8170483813707592e-06
cycle=3945 time=1.5535923928719475e-01 dt=1.8168795101840106e-06
cycle=3946 time=1.5536105616670493e-01 dt=1.8165050901921515e-06
cycle=3947 time=1.5536287267179510e-01 dt=1.8159855911751359e-06
cycle=3948 time=1.5536468865738629e-01 dt=1.8153907444593889e-06
cycle=3949 time=1.5536650404813074e-01 dt=1.6278633610800119e-06
cycle=3950 time=1.5536813191149182e-01 dt=1.3224533843565038e-06
cycle=3951 time=1.5536945436487618e-01 dt=1.0966129044472559e-06
cycle=3952 time=1.5537055097778063e-01 dt=9.3754595123846503e-07
cycle=3953 time=1.5537148852373187e-01 dt=8.2942496444696709e-07
cycle=3954 time=1.5537231794869633e-01 dt=7.5505220364486230e-07
cycle=3955 time=1.5537307300089997e-01 dt=7.0710816301302826e-07
cycle=3956 time=1.5537378010906300e-01 dt=6.7699260649912349e-07
cycle=3957 time=1.5537445710166950e-01 dt=6.5858625514582725e-07
cycle=3958 time=1.5537511568792464e-01 dt=6.4774266750968592e-07
cycle=3959 time=1.5537576343059215e-01 dt=6.4156760158524442e-07
cycle=3960 time=1.5537640499819372e-01 dt=6.3822362165795975e-07
cycle=3961 time=1.5537704322181536e-01 dt=6.3649498202286933e-07
cycle=3962 time=1.5537767971679739e-01 dt=6.3559357781748346e-07
cycle=3963 time=1.5537831531037521e-01 dt=1.2711871556349669e-06
cycle=3964 time=1.5537958649753084e-01 dt=2.3913781000742910e-06
cycle=3965 time=1.5538197787563091e-01 dt=2.4423042449401880e-06
cycle=3966 time=1.5538442017987586e-01 dt=2.4610198477914946e-06
cycle=3967 time=1.5538688119972366e-01 dt=2.4500952465471663e-06
cycle=3968 time=1.5538933129497021e-01 dt=2.3301865017177395e-06
cycle=3969 time=1.5539166148147193e-01 dt=2.0575078076829057e-06
cycle=3970 time=1.5539371898927962e-01 dt=1.8159384900912938e-06
cycle=3971 time=1.5539553492776970e-01 dt=1.6457902840781499e-06
cycle=3972 time=1.5539718071805378e-01 dt=1.5684261762472127e-06
cycle=3973 time=1.5539874914423002e-01 dt=1.5378860590241962e-06
cycle=3974 time=1.5540028703028905e-01 dt=1.4693672391247755e-06
cycle=3975 time=1.5540175639752818e-01 dt=1.4256102411710180e-06
cycle=3976 time=1.5540318200776934e-01 dt=1.4036744262835536e-06
cycle=3977 time=1.5540458568219562e-01 dt=1.3941705275205435e-06
cycle=3978 time=1.5540597985272314e-01 dt=1.3912005655100694e-06
cycle=3979 time=1.5540737105328864e-01 dt=1.3924399993204405e-06
cycle=3980 time=1.5540876349328797e-01 dt=1.3979194917741810e-06
cycle=3981 time=1.5541016141277975e-01 dt=1.4049345045901208e-06
cycle=3982 time=1.5541156634728434e-01 dt=1.4109416355663428e-06
cycle=3983 time=1.5541297728891990e-01 dt=1.4144291426699436e-06
cycle=3984 time=1.5541439171806257e-01 dt=1.4145815078204841e-06
cycle=3985 time=1.5541580629957039e-01 dt=1.4112476174280521e-06
cycle=3986 time=1.5541721754718782e-01 dt=1.4634483803562872e-06
cycle=3987 time=1.5541868099556819e-01 dt=1.6210134890917963e-06
cycle=3988 time=1.5542030200905727e-01 dt=1.7728380028515955e-06
cycle=3989 time=1.5542207484706011e-01 dt=1.7453285972719411e-06
cycle=3990 time=1.5542382017565740e-01 dt=1.6925946625952524e-06
cycle=3991 time=1.5542551277031999e-01 dt=1.6301806129686174e-06
cycle=3992 time=1.5542714295093296e-01 dt=1.5704252071840504e-06
cycle=3993 time=1.5542871337614014e-01 dt=1.5215717765572385e-06
cycle=3994 time=1.5543023494791669e-01 dt=1.4882461903505857e-06
cycle=3995 time=1.5543172319410703e-01 dt=1.4700134814794937e-06
cycle=3996 time=1.5543319320758850e-01 dt=1.4610904503582112e-06
cycle=3997 time=1.5543465429803885e-01 dt=1.4568062531253400e-06
cycle=3998 time=1.5543611110429198e-01 dt=1.4551074646475516e-06
cycle=3999 time=1.5543756621175664e-01 dt=1.4546899927213351e-06
cycle=4000 time=1.5543902090174935e-01 dt=1.4555639798716403e-06
cycle=4001 time=1.5544047646572923e-01 dt=1.4570015747770739e-06
cycle=4002 time=1.5544193346730401e-01 dt=1.4581207618507358e-06
cycle=4003 time=1.5544339158806586e-01 dt=1.4583192214066855e-06
cycle=4004 time=1.5544484990728727e-01 dt=1.4573142870949770e-06
cycle=4005 time=1.5544630722157438e-01 dt=1.4550846673364707e-06
cycle=4006 time=1.5544776230624172e-01 dt=1.4517230713812520e-06
cycle=4007 time=1.5544921402931311e-01 dt=1.4474847795411548e-06
cycle=4008 time=1.5545066151409265e-01 dt=1.4427054907764541e-06
cycle=4009 time=1.5545210421958341e-01 dt=1.4376944658354614e-06
cycle=4010 time=1.5545354191404925e-01 dt=1.4326997582893259e-06
cycle=4011 time=1.5545497461380756e-01 dt=1.4278942416049946e-06
cycle=4012 time=1.5545640250804915e-01 dt=1.4233766234288623e-06
cycle=4013 time=1.5545782588467258e-01 dt=1.4191827955323209e-06
cycle=4014 time=1.5545924506746811e-01 dt=1.4153020478948089e-06
cycle=4015 time=1.5546066036951600e-01 dt=1.4116947883444560e-06
cycle=4016 time=1.5546207206430435e-01 dt=1.4083078916741805e-06
cycle=4017 time=1.5546348037219601e-01 dt=1.4050860172890046e-06
cycle=4018 time=1.5546488545821330e-01 dt=1.4019796736764125e-06
cycle=4019 time=1.5546628743788699e-01 dt=1.3989490273764085e-06
cycle=4020 time=1.5546768638691436e-01 dt=1.3959663748838582e-06
cycle=4021 time=1.5546908235328924e-01 dt=1.3930166419640641e-06
cycle=4022 time=1.5547047536993119e-01 dt=1.3900951586041423e-06
cycle=4023 time=1.5547186546508979e-01 dt=1.3872045950062597e-06
cycle=4024 time=1.5547325266968479e-01 dt=1.3843519814559903e-06
cycle=4025 time=1.5547463702166625e-01 dt=1.3815453077501364e-06
cycle=4026 time=1.5547601856697399e-01 dt=1.3787888774295726e-06
cycle=4027 time=1.5547739735585142e-01 dt=1.3760881795174914e-06
cycle=4028 time=1.5547877344403094e-01 dt=1.3734484735506904e-06
cycle=4029 time=1.5548014689250450e-01 dt=1.3708740249016728e-06
cycle=4030 time=1.5548151776652941e-01 dt=1.3683675677665431e-06
cycle=4031 time=1.5548288613409716e-01 dt=1.3659302376530851e-06
cycle=4032 time=1.5548425206433480e-01 dt=1.3877448518424889e-06
cycle=4033 time=1.5548563980918664e-01 dt=1.4498285669039920e-06
cycle=4034 time=1.5548708963775354e-01 dt=1.5614266253260523e-06
cycle=4035 time=1.5548865106437887e-01 dt=1.7351525606982414e-06
cycle=4036 time=1.5549038621693956e-01 dt=1.9976885615785691e-06
cycle=4037 time=1.5549238390550113e-01 dt=2.3819158207792985e-06
cycle=4038 time=1.5549476582132191e-01 dt=2.8672008393684056e-06
cycle=4039 time=1.5549763302216127e-01 dt=2.5060773195511999e-06
cycle=4040 time=1.5550013909948082e-01 dt=2.1558134172011513e-06
cycle=4041 time=1.5550229491289802e-01 dt=1.8784469314168571e-06
cycle=4042 time=1.5550417335982944e-01 dt=1.7212664073302613e-06
cycle=4043 time=1.5550589462623676e-01 dt=1.6590567139877316e-06
cycle=4044 time=1.5550755368295074e-01 dt=1.6295313762247273e-06
cycle=4045 time=1.5550918321432697e-01 dt=1.5331243288197019e-06
cycle=4046 time=1.5551071633865579e-01 dt=1.2354803674908286e-06
cycle=4047 time=1.5551195181902328e-01 dt=1.0279131331175148e-06
cycle=4048 time=1.5551297973215639e-01 dt=8.7923456814994020e-07
cycle=4049 time=1.5551385896672454e-01 dt=7.7429496435105745e-07
cycle=4050 time=1.5551463326168888e-01 dt=7.0188585562637191e-07
cycle=4051 time=1.5551533514754451e-01 dt=6.5298544643457298e-07
cycle=4052 time=1.5551598813299095e-01 dt=6.2233274271095523e-07
cycle=4053 time=1.5551661046573365e-01 dt=6.0419455741644356e-07
cycle=4054 time=1.5551721466029106e-01 dt=5.9448532247185812e-07
cycle=4055 time=1.5551780914561353e-01 dt=5.9031528632718115e-07
cycle=4056 time=1.5551839946089985e-01 dt=5.8967381052175061e-07
cycle=4057 time=1.5551898913471038e-01 dt=5.9118328556320405e-07
cycle=4058 time=1.5551958031799595e-01 dt=5.9391020391386363e-07
cycle=4059 time=1.5552017422819986e-01 dt=1.1878204078277273e-06
cycle=4060 time=1.5552136204860770e-01 dt=2.3756408156554545e-06
cycle=4061 time=1.5552373768942335e-01 dt=3.0748609987598586e-06
cycle=4062 time=1.5552681255042211e-01 dt=2.8623727720134528e-06
cycle=4063 time=1.5552967492319411e-01 dt=2.3667461650953549e-06
cycle=4064 time=1.5553204166935922e-01 dt=1.8430295166367218e-06
cycle=4065 time=1.5553388469887586e-01 dt=1.4713171358342457e-06
cycle=4066 time=1.5553535601601168e-01 dt=1.2113189215000206e-06
cycle=4067 time=1.5553656733493318e-01 dt=1.0311219997697798e-06
cycle=4068 time=1.5553759845693294e-01 dt=9.0817200637987938e-07
cycle=4069 time=1.5553850662893931e-01 dt=8.2585679516645127e-07
cycle=4070 time=1.5553933248573448e-01 dt=7.7296180410684430e-07
cycle=4071 time=1.5554010544753860e-01 dt=7.4028117038348698e-07
cycle=4072 time=1.5554084572870899e-01 dt=7.2105638462940894e-07
cycle=4073 time=1.5554156678509362e-01 dt=7.1078175780567946e-07
cycle=4074 time=1.5554227756685143e-01 dt=7.0630597840789062e-07
cycle=4075 time=1.5554298387282983e-01 dt=7.0544125625684188e-07
cycle=4076 time=1.5554368931408608e-01 dt=7.0668543718145939e-07
cycle=4077 time=1.5554439599952324e-01 dt=7.0900202099140297e-07
cycle=4078 time=1.5554510500154423e-01 dt=7.1140756359219132e-07
cycle=4079 time=1.5554581640910781e-01 dt=7.1357660311654483e-07
cycle=4080 time=1.5554652998571092e-01 dt=7.1531053974068062e-07
cycle=4081 time=1.5554724529625066e-01 dt=7.1649382182519397e-07
cycle=4082 time=1.5554796179007249e-01 dt=7.1706835964595366e-07
cycle=4083 time=1.5554867885843213e-01 dt=9.0055148075680792e-07
cycle=4084 time=1.5554957940991287e-01 dt=1.8011029615136158e-06
cycle=4085 time=1.5555138051287440e-01 dt=2.6943592201008785e-06
cycle=4086 time=1.5555407487209449e-01 dt=2.6191011865394811e-06
cycle=4087 time=1.5555669397328103e-01 dt=2.4004898479297854e-06
cycle=4088 time=1.5555909446312896e-01 dt=2.1017349707214177e-06
cycle=4089 time=1.5556119619809969e-01 dt=1.7849526816380393e-06
cycle=4090 time=1.5556298115078132e-01 dt=1.4946483123682410e-06
cycle=4091 time=1.5556447579909369e-01 dt=1.2833145943756903e-06
cycle=4092 time=1.5556575911368806e-01 dt=1.1910683363092348e-06
cycle=4093 time=1.5556695018202438e-01 dt=1.1434397456704054e-06
cycle=4094 time=1.5556809362177004e-01 dt=1.1083705615698104e-06
cycle=4095 time=1.5556920199233162e-01 dt=1.0835630760599519e-06
cycle=4096 time=1.5557028555540769e-01 dt=1.0671980036442147e-06
cycle=4097 time=1.5557135275341133e-01 dt=1.0577617923264683e-06
cycle=4098 time=1.5557241051520365e-01 dt=1.0809987279419034e-06
cycle=4099 time=1.5557349151393160e-01 dt=1.1508299052520510e-06
cycle=4100 time=1.5557464234383686e-01 dt=1.2825996063027737e-06
cycle=4101 time=1.5557592494344316e-01 dt=1.4827972343945381e-06
cycle=4102 time=1.5557740774067755e-01 dt=1.7900640309991541e-06
cycle=4103 time=1.5557919780470855e-01 dt=2.2549206307070695e-06
cycle=4104 time=1.5558145272533927e-01 dt=2.6768877281569867e-06
cycle=4105 time=1.5558412961306742e-01 dt=2.3949858951581344e-06
cycle=4106 time=1.5558652459896258e-01 dt=2.0563986898606864e-06
cycle=4107 time=1.5558858099765244e-01 dt=1.7511927832593327e-06
cycle=4108 time=1.5559033219043569e-01 dt=1.5223111442573115e-06
cycle=4109 time=1.5559185450157995e-01 dt=1.4488031101325747e-06
cycle=4110 time=1.5559330330469007e-01 dt=1.5247595819576654e-06
cycle=4111 time=1.5559482806427202e-01 dt=1.6180513475141816e-06
cycle=4112 time=1.5559644611561954e-01 dt=1.5307409531200329e-06
cycle=4113 time=1.5559797685657267e-01 dt=1.4529311876330003e-06
cycle=4114 time=1.5559942978776031e-01 dt=1.3919771508303755e-06
cycle=4115 time=1.5560082176491113e-01 dt=1.3493211493785345e-06
cycle=4116 time=1.5560217108606050e-01 dt=1.3225151130542553e-06
cycle=4117 time=1.5560349360117356e-01 dt=1.3025361651838163e-06
cycle=4118 time=1.5560479613733874e-01 dt=1.2856651926665565e-06
cycle=4119 time=1.5560608180253141e-01 dt=1.2716242152851552e-06
cycle=4120 time=1.5560735342674670e-01 dt=1.3336919786875459e-06
cycle=4121 time=1.5560868711872539e-01 dt=1.4763672612690161e-06
cycle=4122 time=1.5561016348598666e-01 dt=1.7208408779795206e-06
cycle=4123 time=1.5561188432686465e-01 dt=2.0466644430445020e-06
cycle=4124 time=1.5561393099130769e-01 dt=1.9048937265045401e-06
cycle=4125 time=1.5561583588503419e-01 dt=1.5076346709253068e-06
cycle=4126 time=1.5561734351970513e-01 dt=1.2231966049369001e-06
cycle=4127 time=1.5561856671631008e-01 dt=1.0275225239481197e-06
cycle=4128 time=1.5561959423883404e-01 dt=8.9319630367971643e-07
cycle=4129 time=1.5562048743513771e-01 dt=8.0144271839059264e-07
cycle=4130 time=1.5562128887785609e-01 dt=7.3957910396936429e-07
cycle=4131 time=1.5562202845696005e-01 dt=6.9864492750742397e-07
cycle=4132 time=1.5562272710188754e-01 dt=6.7189201637831670e-07
cycle=4133 time=1.5562339899390393e-01 dt=6.5455894465644247e-07
cycle=4134 time=1.5562405355284858e-01 dt=6.4340799256458932e-07
cycle=4135 time=1.5562469696084114e-01 dt=6.3623223825011665e-07
cycle=4136 time=1.5562533319307939e-01 dt=6.3153173467468983e-07
cycle=4137 time=1.5562596472481408e-01 dt=6.2830096055227000e-07
cycle=4138 time=1.5562659302577464e-01 dt=1.2566019211045400e-06
cycle=4139 time=1.5562784962769574e-01 dt=2.2110763887985380e-06
cycle=4140 time=1.5563006070408453e-01 dt=3.1866649161492160e-06
cycle=4141 time=1.5563324736900067e-01 dt=2.7387690370623863e-06
cycle=4142 time=1.5563598613803772e-01 dt=2.2402301615819800e-06
cycle=4143 time=1.5563822636819930e-01 dt=1.7620268600686197e-06
cycle=4144 time=1.5563998839505935e-01 dt=1.3659892155487078e-06
cycle=4145 time=1.5564135438427490e-01 dt=1.1600500317864407e-06
cycle=4146 time=1.5564251443430668e-01 dt=1.0921421273429047e-06
cycle=4147 time=1.5564360657643403e-01 dt=1.0441198610836145e-06
cycle=4148 time=1.5564465069629510e-01 dt=1.0114779325129678e-06
cycle=4149 time=1.5564566217422762e-01 dt=9.9098733030663684e-07
cycle=4150 time=1.5564665316155793e-01 dt=9.8012072457762559e-07
cycle=4151 time=1.5564763328228251e-01 dt=9.7680915884358985e-07
cycle=4152 time=1.5564861009144135e-01 dt=9.1594701440377686e-07
cycle=4153 time=1.5564952603845575e-01 dt=8.3734417812192613e-07
cycle=4154 time=1.5565036338263388e-01 dt=7.8590952543139091e-07
cycle=4155 time=1.5565114929215931e-01 dt=7.5629969678840972e-07
cycle=4156 time=1.5565190559185610e-01 dt=7.4080177885344621e-07
cycle=4157 time=1.5565264639363496e-01 dt=7.3439269121014471e-07
cycle=4158 time=1.5565338078632618e-01 dt=7.3376106218988421e-07
cycle=4159 time=1.5565411454738837e-01 dt=7.3654264594250051e-07
cycle=4160 time=1.5565485109003430e-01 dt=1.2126995508282821e-06
cycle=4161 time=1.5565606378958513e-01 dt=1.2837089557756866e-06
cycle=4162 time=1.5565734749854090e-01 dt=1.3060210819081474e-06
cycle=4163 time=1.5565865351962282e-01 dt=1.2854742734810465e-06
cycle=4164 time=1.5565993899389630e-01 dt=1.2330306217052923e-06
cycle=4165 time=1.5566117202451801e-01 dt=1.1624871828744793e-06
cycle=4166 time=1.5566233451170089e-01 dt=1.0879114437848020e-06
cycle=4167 time=1.5566342242314468e-01 dt=1.0534204485518710e-06
cycle=4168 time=1.5566447584359325e-01 dt=1.0895114467033649e-06
cycle=4169 time=1.5566556535503995e-01 dt=1.2256750479959856e-06
cycle=4170 time=1.5566679103008793e-01 dt=1.5314054542413967e-06
cycle=4171 time=1.5566832243554218e-01 dt=2.1283580511092734e-06
cycle=4172 time=1.5567045079359329e-01 dt=3.0838297805232530e-06
cycle=4173 time=1.5567353462337383e-01 dt=3.0692894784180702e-06
cycle=4174 time=1.5567660391285223e-01 dt=2.5571260408802308e-06
cycle=4175 time=1.5567916103889312e-01 dt=2.0949974760126928e-06
cycle=4176 time=1.5568125603636915e-01 dt=1.7452597499421042e-06
cycle=4177 time=1.5568300129611909e-01 dt=1.5705082423799149e-06
cycle=4178 time=1.5568457180436146e-01 dt=1.4099913592628292e-06
cycle=4179 time=1.5568598179572071e-01 dt=1.1423393545624039e-06
cycle=4180 time=1.5568712413507527e-01 dt=9.4675618913179196e-07
cycle=4181 time=1.5568807089126441e-01 dt=8.0930973297385513e-07
cycle=4182 time=1.5568888020099739e-01 dt=7.1907246219571075e-07
cycle=4183 time=1.5568959927345957e-01 dt=6.6171010018729006e-07
cycle=4184 time=1.5569026098355976e-01 dt=6.2552628132042391e-07
cycle=4185 time=1.5569088650984109e-01 dt=6.0292485807130222e-07
cycle=4186 time=1.5569148943469915e-01 dt=5.8898376174129894e-07
cycle=4187 time=1.5569207841846089e-01 dt=5.8047737860624328e-07
cycle=4188 time=1.5569265889583950e-01 dt=5.7528305841282753e-07
cycle=4189 time=1.5569323417889791e-01 dt=5.7200337238593631e-07
cycle=4190 time=1.5569380618227030e-01 dt=5.6972741972116688e-07
cycle=4191 time=1.5569437590969001e-01 dt=5.6787267074746980e-07
cycle=4192 time=1.5569494378236076e-01 dt=5.6607729286345487e-07
cycle=4193 time=1.5569550985965364e-01 dt=1.1321545857269097e-06
cycle=4194 time=1.5569664201423936e-01 dt=2.2643091714538195e-06
cycle=4195 time=1.5569890632341080e-01 dt=2.5805797483925724e-06
cycle=4196 time=1.5570148690315919e-01 dt=2.4499655433662065e-06
cycle=4197 time=1.5570393686870254e-01 dt=2.2072659538349988e-06
cycle=4198 time=1.5570614413465639e-01 dt=1.9237563210584376e-06
cycle=4199 time=1.5570806789097744e-01 dt=4.1850661727085814e-26
cycle=4200 time=1.5570806789097744e-01 dt=8.3701323454171627e-26
cycle=4201 time=1.5570806789097744e-01 dt=1.6740264690834325e-25
cycle=4202 time=1.5570806789097744e-01 dt=3.3480529381668651e-25
cycle=4203 time=1.5570806789097744e-01 dt=6.6961058763337302e-25
cycle=4204 time=1.5570806789097744e-01 dt=1.3392211752667460e-24
cycle=4205 time=1.5570806789097744e-01 dt=2.6784423505334921e-24
cycle=4206 time=1.5570806789097744e-01 dt=5.3568847010669841e-24
cycle=4207 time=1.5570806789097744e-01 dt=1.0713769402133968e-23
cycle=4208 time=1.5570806789097744e-01 dt=2.1427538804267937e-23
cycle=4209 time=1.5570806789097744e-01 dt=4.2855077608535873e-23
cycle=4210 time=1.5570806789097744e-01 dt=8.5710155217071746e-23
cycle=4211 time=1.5570806789097744e-01 dt=1.7142031043414349e-22
cycle=4212 time=1.5570806789097744e-01 dt=3.4284062086828698e-22
cycle=4213 time=1.5570806789097744e-01 dt=6.8568124173657397e-22
cycle=4214 time=1.5570806789097744e-01 dt=1.3713624834731479e-21
cycle=4215 time=1.5570806789097744e-01 dt=2.7427249669462959e-21
cycle=4216 time=1.5570806789097744e-01 dt=5.4854499338925917e-21
cycle=4217 time=1.5570806789097744e-01 dt=1.0970899867785183e-20
cycle=4218 time=1.5570806789097744e-01 dt=2.1941799735570367e-20
cycle=4219 time=1.5570806789097744e-01 dt=4.3883599471140734e-20
cycle=4220 time=1.5570806789097744e-01 dt=8.7767198942281468e-20
cycle=4221 time=1.5570806789097744e-01 dt=1.7553439788456294e-19
cycle=4222 time=1.5570806789097744e-01 dt=3.5106879576912587e-19
cycle=4223 time=1.5570806789097744e-01 dt=7.0213759153825174e-19
cycle=4224 time=1.5570806789097744e-01 dt=1.4042751830765035e-18
cycle=4225 time=1.5570806789097744e-01 dt=2.8085503661530070e-18
cycle=4226 time=1.5570806789097744e-01 dt=5.6171007323060140e-18
cycle=4227 time=1.5570806789097744e-01 dt=1.1234201464612028e-17
cycle=4228 time=1.5570806789097744e-01 dt=2.2468402929224056e-17
cycle=4229 time=1.5570806789097746e-01 dt=4.4936805858448112e-17
cycle=4230 time=1.5570806789097752e-01 dt=8.9873611716896223e-17
cycle=4231 time=1.5570806789097760e-01 dt=1.7974722343379245e-16
cycle=4232 time=1.5570806789097777e-01 dt=3.5949444686758489e-16
cycle=4233 time=1.5570806789097813e-01 dt=7.1898889373516979e-16
cycle=4234 time=1.5570806789097885e-01 dt=1.4379777874703396e-15
cycle=4235 time=1.5570806789098030e-01 dt=2.8759555749406791e-15
cycle=4236 time=1.5570806789098318e-01 dt=5.7519111498813583e-15
cycle=4237 time=1.5570806789098893e-01 dt=1.1503822299762717e-14
cycle=4238 time=1.5570806789100042e-01 dt=2.3007644599525433e-14
cycle=4239 time=1.5570806789102343e-01 dt=4.6015289199050866e-14
cycle=4240 time=1.5570806789106945e-01 dt=9.2030578398101733e-14
cycle=4241 time=1.5570806789116148e-01 dt=1.8406115679620347e-13
cycle=4242 time=1.5570806789134556e-01 dt=3.6812231359240693e-13
cycle=4243 time=1.5570806789171368e-01 dt=7.3624462718481386e-13
cycle=4244 time=1.5570806789244993e-01 dt=1.4724892543696277e-12
cycle=4245 time=1.5570806789392241e-01 dt=2.9449785087392554e-12
cycle=4246 time=1.5570806789686739e-01 dt=5.8899570174785109e-12
cycle=4247 time=1.5570806790275735e-01 dt=1.1779914034957022e-11
cycle=4248 time=1.5570806791453726e-01 dt=2.3559828069914044e-11
cycle=4249 time=1.5570806793809708e-01 dt=4.7119656139828087e-11
cycle=4250 time=1.5570806798521675e-01 dt=9.4239312279656174e-11
cycle=4251 time=1.5570806807945606e-01 dt=1.8847862455931235e-10
cycle=4252 time=1.5570806826793468e-01 dt=3.7695724911862470e-10
cycle=4253 time=1.5570806864489192e-01 dt=7.5391449823724939e-10
cycle=4254 time=1.5570806939880641e-01 dt=1.5078289964744988e-09
cycle=4255 time=1.5570807090663541e-01 dt=3.0156579929489976e-09
cycle=4256 time=1.5570807392229341e-01 dt=6.0313159858979951e-09
cycle=4257 time=1.5570807995360939e-01 dt=1.2062631971795990e-08
cycle=4258 time=1.5570809201624136e-01 dt=2.4125263943591981e-08
cycle=4259 time=1.5570811614150531e-01 dt=4.8250527887183961e-08
cycle=4260 time=1.5570816439203319e-01 dt=9.6501055774367922e-08
cycle=4261 time=1.5570826089308898e-01 dt=1.9300211154873584e-07
cycle=4262 time=1.5570845389520052e-01 dt=3.8600422309747169e-07
cycle=4263 time=1.5570883989942361e-01 dt=7.2977049254863614e-07
cycle=4264 time=1.5570956966991614e-01 dt=1.0495223982662876e-25
cycle=4265 time=1.5570956966991614e-01 dt=1.0717310324009697e-25
cycle=4266 time=1.5570956966991614e-01 dt=2.1434620648019394e-25
cycle=4267 time=1.5570956966991614e-01 dt=1.4516819474586593e-25
cycle=4268 time=1.5570956966991614e-01 dt=2.9033638949173185e-25
cycle=4269 time=1.5570956966991614e-01 dt=5.8067277898346370e-25
cycle=4270 time=1.5570956966991614e-01 dt=1.1613455579669274e-24
cycle=4271 time=1.5570956966991614e-01 dt=2.3226911159338548e-24
cycle=4272 time=1.5570956966991614e-01 dt=4.6453822318677096e-24
cycle=4273 time=1.5570956966991614e-01 dt=9.2907644637354192e-24
cycle=4274 time=1.5570956966991614e-01 dt=1.8581528927470838e-23
cycle=4275 time=1.5570956966991614e-01 dt=3.7163057854941677e-23
cycle=4276 time=1.5570956966991614e-01 dt=7.4326115709883354e-23
cycle=4277 time=1.5570956966991614e-01 dt=1.4865223141976671e-22
cycle=4278 time=1.5570956966991614e-01 dt=2.9730446283953342e-22
cycle=4279 time=1.5570956966991614e-01 dt=5.9460892567906683e-22
cycle=4280 time=1.5570956966991614e-01 dt=1.1892178513581337e-21
cycle=4281 time=1.5570956966991614e-01 dt=2.3784357027162673e-21
cycle=4282 time=1.5570956966991614e-01 dt=4.7568714054325346e-21
cycle=4283 time=1.5570956966991614e-01 dt=9.5137428108650693e-21
cycle=4284 time=1.5570956966991614e-01 dt=1.9027485621730139e-20
cycle=4285 time=1.5570956966991614e-01 dt=3.8054971243460277e-20
cycle=4286 time=1.5570956966991614e-01 dt=7.6109942486920554e-20
cycle=4287 time=1.5570956966991614e-01 dt=1.5221988497384111e-19
cycle=4288 time=1.5570956966991614e-01 dt=3.0443976994768222e-19
cycle=4289 time=1.5570956966991614e-01 dt=6.0887953989536443e-19
cycle=4290 time=1.5570956966991614e-01 dt=1.2177590797907289e-18
cycle=4291 time=1.5570956966991614e-01 dt=2.4355181595814577e-18
cycle=4292 time=1.5570956966991614e-01 dt=4.8710363191629155e-18
cycle=4293 time=1.5570956966991614e-01 dt=9.7420726383258309e-18
cycle=4294 time=1.5570956966991614e-01 dt=1.9484145276651662e-17
cycle=4295 time=1.5570956966991617e-01 dt=3.8968290553303324e-17
cycle=4296 time=1.5570956966991620e-01 dt=7.7936581106606648e-17
cycle=4297 time=1.5570956966991628e-01 dt=1.5587316221321330e-16
cycle=4298 time=1.5570956966991645e-01 dt=3.1174632442642659e-16
cycle=4299 time=1.5570956966991675e-01 dt=6.2349264885285318e-16
cycle=4300 time=1.5570956966991736e-01 dt=1.2469852977057064e-15
cycle=4301 time=1.5570956966991861e-01 dt=2.4939705954114127e-15
cycle=4302 time=1.5570956966992111e-01 dt=4.9879411908228254e-15
cycle=4303 time=1.5570956966992611e-01 dt=9.9758823816456509e-15
cycle=4304 time=1.5570956966993607e-01 dt=1.9951764763291302e-14
cycle=4305 time=1.5570956966995603e-01 dt=3.9903529526582604e-14
cycle=4306 time=1.5570956966999594e-01 dt=7.9807059053165207e-14
cycle=4307 time=1.5570956967007574e-01 dt=1.5961411810633041e-13
cycle=4308 time=1.5570956967023536e-01 dt=3.1922823621266083e-13
cycle=4309 time=1.5570956967055458e-01 dt=6.3845647242532166e-13
cycle=4310 time=1.5570956967119304e-01 dt=1.2769129448506433e-12
cycle=4311 time=1.5570956967246996e-01 dt=2.5538258897012866e-12
cycle=4312 time=1.5570956967502378e-01 dt=5.1076517794025733e-12
cycle=4313 time=1.5570956968013144e-01 dt=1.0215303558805147e-11
cycle=4314 time=1.5570956969034674e-01 dt=2.0430607117610293e-11
cycle=4315 time=1.5570956971077735e-01 dt=4.0861214235220586e-11
cycle=4316 time=1.5570956975163855e-01 dt=8.1722428470441172e-11
cycle=4317 time=1.5570956983336098e-01 dt=1.6344485694088234e-10
cycle=4318 time=1.5570956999680585e-01 dt=3.2688971388176469e-10
cycle=4319 time=1.5570957032369556e-01 dt=6.5377942776352938e-10
cycle=4320 time=1.5570957097747498e-01 dt=1.3075588555270588e-09
cycle=4321 time=1.5570957228503385e-01 dt=2.6151177110541175e-09
cycle=4322 time=1.5570957490015155e-01 dt=5.2302354221082350e-09
cycle=4323 time=1.5570958013038697e-01 dt=1.0460470844216470e-08
cycle=4324 time=1.5570959059085782e-01 dt=2.0920941688432940e-08
cycle=4325 time=1.5570961151179952e-01 dt=4.1841883376865880e-08
cycle=4326 time=1.5570965335368289e-01 dt=8.3683766753731760e-08
cycle=4327 time=1.5570973703744964e-01 dt=1.6736753350746352e-07
cycle=4328 time=1.5570990440498314e-01 dt=3.3473506701492704e-07
cycle=4329 time=1.5571023914005017e-01 dt=5.8341354797549874e-07
cycle=4330 time=1.5571082255359814e-01 dt=5.0679128037770076e-26
cycle=4331 time=1.5571082255359814e-01 dt=1.0135825607554015e-25
cycle=4332 time=1.5571082255359814e-01 dt=5.1449608107468659e-26
cycle=4333 time=1.5571082255359814e-01 dt=1.0289921621493732e-25
cycle=4334 time=1.5571082255359814e-01 dt=2.0579843242987464e-25
cycle=4335 time=1.5571082255359814e-01 dt=4.1159686485974927e-25
cycle=4336 time=1.5571082255359814e-01 dt=8.2319372971949855e-25
cycle=4337 time=1.5571082255359814e-01 dt=1.6463874594389971e-24
cycle=4338 time=1.5571082255359814e-01 dt=3.2927749188779942e-24
cycle=4339 time=1.5571082255359814e-01 dt=6.5855498377559884e-24
cycle=4340 time=1.5571082255359814e-01 dt=1.3171099675511977e-23
cycle=4341 time=1.5571082255359814e-01 dt=2.6342199351023953e-23
cycle=4342 time=1.5571082255359814e-01 dt=5.2684398702047907e-23
cycle=4343 time=1.5571082255359814e-01 dt=1.0536879740409581e-22
cycle=4344 time=1.5571082255359814e-01 dt=2.1073759480819163e-22
cycle=4345 time=1.5571082255359814e-01 dt=4.2147518961638326e-22
cycle=4346 time=1.5571082255359814e-01 dt=8.4295037923276651e-22
cycle=4347 time=1.5571082255359814e-01 dt=1.6859007584655330e-21
cycle=4348 time=1.5571082255359814e-01 dt=3.3718015169310660e-21
cycle=4349 time=1.5571082255359814e-01 dt=6.7436030338621321e-21
cycle=4350 time=1.5571082255359814e-01 dt=1.3487206067724264e-20
cycle=4351 time=1.5571082255359814e-01 dt=2.6974412135448528e-20
cycle=4352 time=1.5571082255359814e-01 dt=5.3948824270897057e-20
cycle=4353 time=1.5571082255359814e-01 dt=1.0789764854179411e-19
cycle=4354 time=1.5571082255359814e-01 dt=2.1579529708358823e-19
cycle=4355 time=1.5571082255359814e-01 dt=4.3159059416717645e-19
cycle=4356 time=1.5571082255359814e-01 dt=8.6318118833435291e-19
cycle=4357 time=1.5571082255359814e-01 dt=1.7263623766687058e-18
cycle=4358 time=1.5571082255359814e-01 dt=3.4527247533374116e-18
cycle=4359 time=1.5571082255359814e-01 dt=6.9054495066748233e-18
cycle=4360 time=1.5571082255359814e-01 dt=1.3810899013349647e-17
cycle=4361 time=1.5571082255359814e-01 dt=2.7621798026699293e-17
cycle=4362 time=1.5571082255359817e-01 dt=5.5243596053398586e-17
cycle=4363 time=1.5571082255359822e-01 dt=1.1048719210679717e-16
cycle=4364 time=1.5571082255359833e-01 dt=2.2097438421359434e-16
cycle=4365 time=1.5571082255359855e-01 dt=4.4194876842718869e-16
cycle=4366 time=1.5571082255359900e-01 dt=8.8389753685437738e-16
cycle=4367 time=1.5571082255359989e-01 dt=1.7677950737087548e-15
cycle=4368 time=1.5571082255360166e-01 dt=3.5355901474175095e-15
cycle=4369 time=1.5571082255360519e-01 dt=7.0711802948350190e-15
cycle=4370 time=1.5571082255361227e-01 dt=1.4142360589670038e-14
cycle=4371 time=1.5571082255362642e-01 dt=2.8284721179340076e-14
cycle=4372 time=1.5571082255365470e-01 dt=5.6569442358680152e-14
cycle=4373 time=1.5571082255371127e-01 dt=1.1313888471736030e-13
cycle=4374 time=1.5571082255382440e-01 dt=2.2627776943472061e-13
cycle=4375 time=1.5571082255405069e-01 dt=4.5255553886944122e-13
cycle=4376 time=1.5571082255450325e-01 dt=9.0511107773888243e-13
cycle=4377 time=1.5571082255540836e-01 dt=1.8102221554777649e-12
cycle=4378 time=1.5571082255721858e-01 dt=3.6204443109555297e-12
cycle=4379 time=1.5571082256083901e-01 dt=7.2408886219110595e-12
cycle=4380 time=1.5571082256807992e-01 dt=1.4481777243822119e-11
cycle=4381 time=1.5571082258256169e-01 dt=2.8963554487644238e-11
cycle=4382 time=1.5571082261152525e-01 dt=5.7927108975288476e-11
cycle=4383 time=1.5571082266945235e-01 dt=1.1585421795057695e-10
cycle=4384 time=1.5571082278530657e-01 dt=2.3170843590115390e-10
cycle=4385 time=1.5571082301701500e-01 dt=4.6341687180230781e-10
cycle=4386 time=1.5571082348043186e-01 dt=9.2683374360461561e-10
cycle=4387 time=1.5571082440726561e-01 dt=1.8536674872092312e-09
cycle=4388 time=1.5571082626093311e-01 dt=3.7073349744184624e-09
cycle=4389 time=1.5571082996826807e-01 dt=7.4146699488369249e-09
cycle=4390 time=1.5571083738293803e-01 dt=1.4829339897673850e-08
cycle=4391 time=1.5571085221227793e-01 dt=2.9658679795347700e-08
cycle=4392 time=1.5571088187095772e-01 dt=5.9317359590695399e-08
cycle=4393 time=1.5571094118831730e-01 dt=1.1863471918139080e-07
cycle=4394 time=1.5571105982303649e-01 dt=2.3726943836278160e-07
cycle=4395 time=1.5571129709247486e-01 dt=4.7453887672556319e-07
cycle=4396 time=1.5571177163135158e-01 dt=9.4907775345112639e-07
cycle=4397 time=1.5571272070910502e-01 dt=2.9481168978711065e-26
cycle=4398 time=1.5571272070910502e-01 dt=5.8962337957422130e-26
cycle=4399 time=1.5571272070910502e-01 dt=1.1792467591484426e-25
cycle=4400 time=1.5571272070910502e-01 dt=2.3584935182968852e-25
cycle=4401 time=1.5571272070910502e-01 dt=4.7169870365937704e-25
cycle=4402 time=1.5571272070910502e-01 dt=9.4339740731875408e-25
cycle=4403 time=1.5571272070910502e-01 dt=1.8867948146375082e-24
cycle=4404 time=1.5571272070910502e-01 dt=3.7735896292750163e-24
cycle=4405 time=1.5571272070910502e-01 dt=7.5471792585500326e-24
cycle=4406 time=1.5571272070910502e-01 dt=1.5094358517100065e-23
cycle=4407 time=1.5571272070910502e-01 dt=3.0188717034200130e-23
cycle=4408 time=1.5571272070910502e-01 dt=6.0377434068400261e-23
cycle=4409 time=1.5571272070910502e-01 dt=1.2075486813680052e-22
cycle=4410 time=1.5571272070910502e-01 dt=2.4150973627360104e-22
cycle=4411 time=1.5571272070910502e-01 dt=4.8301947254720209e-22
cycle=4412 time=1.5571272070910502e-01 dt=9.6603894509440418e-22
cycle=4413 time=1.5571272070910502e-01 dt=1.9320778901888084e-21
cycle=4414 time=1.5571272070910502e-01 dt=3.8641557803776167e-21
cycle=4415 time=1.5571272070910502e-01 dt=7.7283115607552334e-21
cycle=4416 time=1.5571272070910502e-01 dt=1.5456623121510467e-20
cycle=4417 time=1.5571272070910502e-01 dt=3.0913246243020934e-20
cycle=4418 time=1.5571272070910502e-01 dt=6.1826492486041867e-20
cycle=4419 time=1.5571272070910502e-01 dt=1.2365298497208373e-19
cycle=4420 time=1.5571272070910502e-01 dt=2.4730596994416747e-19
cycle=4421 time=1.5571272070910502e-01 dt=4.9461193988833494e-19
cycle=4422 time=1.5571272070910502e-01 dt=9.8922387977666988e-19
cycle=4423 time=1.5571272070910502e-01 dt=1.9784477595533398e-18
cycle=4424 time=1.5571272070910502e-01 dt=3.9568955191066795e-18
cycle=4425 time=1.5571272070910502e-01 dt=7.9137910382133590e-18
cycle=4426 time=1.5571272070910502e-01 dt=1.5827582076426718e-17
cycle=4427 time=1.5571272070910505e-01 dt=3.1655164152853436e-17
cycle=4428 time=1.5571272070910508e-01 dt=6.3310328305706872e-17
cycle=4429 time=1.5571272070910513e-01 dt=1.2662065661141374e-16
cycle=4430 time=1.5571272070910527e-01 dt=2.5324131322282749e-16
cycle=4431 time=1.5571272070910552e-01 dt=5.0648262644565498e-16
cycle=4432 time=1.5571272070910602e-01 dt=1.0129652528913100e-15
cycle=4433 time=1.5571272070910702e-01 dt=2.0259305057826199e-15
cycle=4434 time=1.5571272070910905e-01 dt=4.0518610115652398e-15
cycle=4435 time=1.5571272070911310e-01 dt=8.1037220231304796e-15
cycle=4436 time=1.5571272070912121e-01 dt=1.6207444046260959e-14
cycle=4437 time=1.5571272070913741e-01 dt=3.2414888092521918e-14
cycle=4438 time=1.5571272070916983e-01 dt=6.4829776185043837e-14
cycle=4439 time=1.5571272070923467e-01 dt=1.2965955237008767e-13
cycle=4440 time=1.5571272070936432e-01 dt=2.5931910474017535e-13
cycle=4441 time=1.5571272070962364e-01 dt=5.1863820948035070e-13
cycle=4442 time=1.5571272071014228e-01 dt=1.0372764189607014e-12
cycle=4443 time=1.5571272071117956e-01 dt=2.0745528379214028e-12
cycle=4444 time=1.5571272071325412e-01 dt=4.1491056758428056e-12
cycle=4445 time=1.5571272071740322e-01 dt=8.2982113516856111e-12
cycle=4446 time=1.5571272072570144e-01 dt=1.6596422703371222e-11
cycle=4447 time=1.5571272074229786e-01 dt=3.3192845406742445e-11
cycle=4448 time=1.5571272077549070e-01 dt=6.6385690813484889e-11
cycle=4449 time=1.5571272084187640e-01 dt=1.3277138162696978e-10
cycle=4450 time=1.5571272097464778e-01 dt=2.6554276325393956e-10
cycle=4451 time=1.5571272124019053e-01 dt=5.3108552650787911e-10
cycle=4452 time=1.5571272177127607e-01 dt=1.0621710530157582e-09
cycle=4453 time=1.5571272283344711e-01 dt=2.1243421060315165e-09
cycle=4454 time=1.5571272495778923e-01 dt=4.2486842120630329e-09
cycle=4455 time=1.5571272920647344e-01 dt=8.4973684241260658e-09
cycle=4456 time=1.5571273770384186e-01 dt=1.6994736848252132e-08
cycle=4457 time=1.5571275469857870e-01 dt=3.3989473696504263e-08
cycle=4458 time=1.5571278868805241e-01 dt=6.7978947393008526e-08
cycle=4459 time=1.5571285666699980e-01 dt=1.3595789478601705e-07
cycle=4460 time=1.5571299262489458e-01 dt=2.7191578957203411e-07
cycle=4461 time=1.5571326454068415e-01 dt=5.4383157914406821e-07
cycle=4462 time=1.5571380837226328e-01 dt=1.0876631582881364e-06
cycle=4463 time=1.5571489603542157e-01 dt=3.5956742038647731e-26
cycle=4464 time=1.5571489603542157e-01 dt=7.1913484077295462e-26
cycle=4465 time=1.5571489603542157e-01 dt=1.4382696815459092e-25
cycle=4466 time=1.5571489603542157e-01 dt=2.8765393630918185e-25
cycle=4467 time=1.5571489603542157e-01 dt=5.7530787261836370e-25
cycle=4468 time=1.5571489603542157e-01 dt=1.1506157452367274e-24
cycle=4469 time=1.5571489603542157e-01 dt=2.3012314904734548e-24
cycle=4470 time=1.5571489603542157e-01 dt=4.6024629809469096e-24
cycle=4471 time=1.5571489603542157e-01 dt=9.2049259618938192e-24
cycle=4472 time=1.5571489603542157e-01 dt=1.8409851923787638e-23
cycle=4473 time=1.5571489603542157e-01 dt=3.6819703847575277e-23
cycle=4474 time=1.5571489603542157e-01 dt=7.3639407695150553e-23
cycle=4475 time=1.5571489603542157e-01 dt=1.4727881539030111e-22
cycle=4476 time=1.5571489603542157e-01 dt=2.9455763078060221e-22
cycle=4477 time=1.5571489603542157e-01 dt=5.8911526156120443e-22
cycle=4478 time=1.5571489603542157e-01 dt=1.1782305231224089e-21
cycle=4479 time=1.5571489603542157e-01 dt=2.3564610462448177e-21
cycle=4480 time=1.5571489603542157e-01 dt=4.7129220924896354e-21
cycle=4481 time=1.5571489603542157e-01 dt=9.4258441849792708e-21
cycle=4482 time=1.5571489603542157e-01 dt=1.8851688369958542e-20
cycle=4483 time=1.5571489603542157e-01 dt=3.7703376739917083e-20
cycle=4484 time=1.5571489603542157e-01 dt=7.5406753479834167e-20
cycle=4485 time=1.5571489603542157e-01 dt=1.5081350695966833e-19
cycle=4486 time=1.5571489603542157e-01 dt=3.0162701391933667e-19
cycle=4487 time=1.5571489603542157e-01 dt=6.0325402783867333e-19
cycle=4488 time=1.5571489603542157e-01 dt=1.2065080556773467e-18
cycle=4489 time=1.5571489603542157e-01 dt=2.4130161113546933e-18
cycle=4490 time=1.5571489603542157e-01 dt=4.8260322227093867e-18
cycle=4491 time=1.5571489603542157e-01 dt=9.6520644454187733e-18
cycle=4492 time=1.5571489603542157e-01 dt=1.9304128890837547e-17
cycle=4493 time=1.5571489603542160e-01 dt=3.8608257781675093e-17
cycle=4494 time=1.5571489603542163e-01 dt=7.7216515563350187e-17
cycle=4495 time=1.5571489603542171e-01 dt=1.5443303112670037e-16
cycle=4496 time=1.5571489603542188e-01 dt=3.0886606225340075e-16
cycle=4497 time=1.5571489603542218e-01 dt=6.1773212450680149e-16
cycle=4498 time=1.5571489603542280e-01 dt=1.2354642490136030e-15
cycle=4499 time=1.5571489603542404e-01 dt=2.4709284980272060e-15
cycle=4500 time=1.5571489603542651e-01 dt=4.9418569960544119e-15
cycle=4501 time=1.5571489603543145e-01 dt=9.8837139921088239e-15
cycle=4502 time=1.5571489603544134e-01 dt=1.9767427984217648e-14
cycle=4503 time=1.5571489603546110e-01 dt=3.9534855968435296e-14
cycle=4504 time=1.5571489603550062e-01 dt=7.9069711936870591e-14
cycle=4505 time=1.5571489603557970e-01 dt=1.5813942387374118e-13
cycle=4506 time=1.5571489603573785e-01 dt=3.1627884774748236e-13
cycle=4507 time=1.5571489603605412e-01 dt=6.3255769549496473e-13
cycle=4508 time=1.5571489603668667e-01 dt=1.2651153909899295e-12
cycle=4509 time=1.5571489603795180e-01 dt=2.5302307819798589e-12
cycle=4510 time=1.5571489604048203e-01 dt=5.0604615639597178e-12
cycle=4511 time=1.5571489604554248e-01 dt=1.0120923127919436e-11
cycle=4512 time=1.5571489605566341e-01 dt=2.0241846255838871e-11
cycle=4513 time=1.5571489607590525e-01 dt=4.0483692511677743e-11
cycle=4514 time=1.5571489611638895e-01 dt=8.0967385023355485e-11
cycle=4515 time=1.5571489619735632e-01 dt=1.6193477004671097e-10
cycle=4516 time=1.5571489635929109e-01 dt=3.2386954009342194e-10
cycle=4517 time=1.5571489668316063e-01 dt=6.4773908018684388e-10
cycle=4518 time=1.5571489733089972e-01 dt=1.2954781603736878e-09
cycle=4519 time=1.5571489862637788e-01 dt=2.5909563207473755e-09
cycle=4520 time=1.5571490121733420e-01 dt=5.1819126414947511e-09
cycle=4521 time=1.5571490639924684e-01 dt=1.0363825282989502e-08
cycle=4522 time=1.5571491676307211e-01 dt=2.0727650565979004e-08
cycle=4523 time=1.5571493749072268e-01 dt=4.1455301131958008e-08
cycle=4524 time=1.5571497894602382e-01 dt=8.2910602263916017e-08
cycle=4525 time=1.5571506185662609e-01 dt=1.6582120452783203e-07
cycle=4526 time=1.5571522767783061e-01 dt=3.3164240905566407e-07
cycle=4527 time=1.5571555932023967e-01 dt=6.6328481811132814e-07
cycle=4528 time=1.5571622260505777e-01 dt=1.3265696362226563e-06
cycle=4529 time=1.5571754917469399e-01 dt=3.1297281179239760e-26
cycle=4530 time=1.5571754917469399e-01 dt=6.2594562358479520e-26
cycle=4531 time=1.5571754917469399e-01 dt=1.2518912471695904e-25
cycle=4532 time=1.5571754917469399e-01 dt=2.5037824943391808e-25
cycle=4533 time=1.5571754917469399e-01 dt=5.0075649886783616e-25
cycle=4534 time=1.5571754917469399e-01 dt=1.0015129977356723e-24
cycle=4535 time=1.5571754917469399e-01 dt=2.0030259954713446e-24
cycle=4536 time=1.5571754917469399e-01 dt=4.0060519909426893e-24
cycle=4537 time=1.5571754917469399e-01 dt=8.0121039818853786e-24
cycle=4538 time=1.5571754917469399e-01 dt=1.6024207963770757e-23
cycle=4539 time=1.5571754917469399e-01 dt=3.2048415927541514e-23
cycle=4540 time=1.5571754917469399e-01 dt=6.4096831855083029e-23
cycle=4541 time=1.5571754917469399e-01 dt=1.2819366371016606e-22
cycle=4542 time=1.5571754917469399e-01 dt=2.5638732742033212e-22
cycle=4543 time=1.5571754917469399e-01 dt=5.1277465484066423e-22
cycle=4544 time=1.5571754917469399e-01 dt=1.0255493096813285e-21
cycle=4545 time=1.5571754917469399e-01 dt=2.0510986193626569e-21
cycle=4546 time=1.5571754917469399e-01 dt=4.1021972387253138e-21
cycle=4547 time=1.5571754917469399e-01 dt=8.2043944774506277e-21
cycle=4548 time=1.5571754917469399e-01 dt=1.6408788954901255e-20
cycle=4549 time=1.5571754917469399e-01 dt=3.2817577909802511e-20
cycle=4550 time=1.5571754917469399e-01 dt=6.5635155819605021e-20
cycle=4551 time=1.5571754917469399e-01 dt=1.3127031163921004e-19
cycle=4552 time=1.5571754917469399e-01 dt=2.6254062327842009e-19
cycle=4553 time=1.5571754917469399e-01 dt=5.2508124655684017e-19
cycle=4554 time=1.5571754917469399e-01 dt=1.0501624931136803e-18
cycle=4555 time=1.5571754917469399e-01 dt=2.1003249862273607e-18
cycle=4556 time=1.5571754917469399e-01 dt=4.2006499724547214e-18
cycle=4557 time=1.5571754917469399e-01 dt=8.4012999449094427e-18
cycle=4558 time=1.5571754917469399e-01 dt=1.6802599889818885e-17
cycle=4559 time=1.5571754917469402e-01 dt=3.3605199779637771e-17
cycle=4560 time=1.5571754917469405e-01 dt=6.7210399559275542e-17
cycle=4561 time=1.5571754917469410e-01 dt=1.3442079911855108e-16
cycle=4562 time=1.5571754917469424e-01 dt=2.6884159823710217e-16
cycle=4563 time=1.5571754917469452e-01 dt=5.3768319647420434e-16
cycle=4564 time=1.5571754917469505e-01 dt=1.0753663929484087e-15
cycle=4565 time=1.5571754917469613e-01 dt=2.1507327858968173e-15
cycle=4566 time=1.5571754917469827e-01 dt=4.3014655717936347e-15
cycle=4567 time=1.5571754917470257e-01 dt=8.6029311435872694e-15
cycle=4568 time=1.5571754917471117e-01 dt=1.7205862287174539e-14
cycle=4569 time=1.5571754917472838e-01 dt=3.4411724574349077e-14
cycle=4570 time=1.5571754917476280e-01 dt=6.8823449148698155e-14
cycle=4571 time=1.5571754917483163e-01 dt=1.3764689829739631e-13
cycle=4572 time=1.5571754917496927e-01 dt=2.7529379659479262e-13
cycle=4573 time=1.5571754917524458e-01 dt=5.5058759318958524e-13
cycle=4574 time=1.5571754917579517e-01 dt=1.1011751863791705e-12
cycle=4575 time=1.5571754917689634e-01 dt=2.2023503727583410e-12
cycle=4576 time=1.5571754917909869e-01 dt=4.4047007455166819e-12
cycle=4577 time=1.5571754918350339e-01 dt=8.8094014910333638e-12
cycle=4578 time=1.5571754919231279e-01 dt=1.7618802982066728e-11
cycle=4579 time=1.5571754920993158e-01 dt=3.5237605964133455e-11
cycle=4580 time=1.5571754924516920e-01 dt=7.0475211928266911e-11
cycle=4581 time=1.5571754931564441e-01 dt=1.4095042385653382e-10
cycle=4582 time=1.5571754945659483e-01 dt=2.8190084771306764e-10
cycle=4583 time=1.5571754973849566e-01 dt=5.6380169542613529e-10
cycle=4584 time=1.5571755030229736e-01 dt=1.1276033908522706e-09
cycle=4585 time=1.5571755142990076e-01 dt=2.2552067817045411e-09
cycle=4586 time=1.5571755368510753e-01 dt=4.5104135634090823e-09
cycle=4587 time=1.5571755819552111e-01 dt=9.0208271268181646e-09
cycle=4588 time=1.5571756721634822e-01 dt=1.8041654253636329e-08
cycle=4589 time=1.5571758525800247e-01 dt=3.6083308507272658e-08
cycle=4590 time=1.5571762134131098e-01 dt=7.2166617014545317e-08
cycle=4591 time=1.5571769350792800e-01 dt=1.4433323402909063e-07
cycle=4592 time=1.5571783784116203e-01 dt=2.8866646805818127e-07
cycle=4593 time=1.5571812650763009e-01 dt=5.7733293611636253e-07
cycle=4594 time=1.5571870384056621e-01 dt=1.1546658722327251e-06
cycle=4595 time=1.5571985850643844e-01 dt=1.1967304154835322e-06
cycle=4596 time=1.5572105523685392e-01 dt=2.9166588734870809e-07
cycle=4597 time=1.5572134690274128e-01 dt=5.8333177469741617e-07
cycle=4598 time=1.5572193023451597e-01 dt=1.1666635493948323e-06
cycle=4599 time=1.5572309689806538e-01 dt=2.3333270987896647e-06
cycle=4600 time=1.5572543022516416e-01 dt=3.8813623804898502e-07
cycle=4601 time=1.5572581836140220e-01 dt=7.7627247609797004e-07
cycle=4602 time=1.5572659463387831e-01 dt=1.5525449521959401e-06
cycle=4603 time=1.5572814717883049e-01 dt=2.6722710986060531e-06
cycle=4604 time=1.5573081944992909e-01 dt=2.6461045674390965e-06
cycle=4605 time=1.5573346555449652e-01 dt=2.5851207434177118e-06
cycle=4606 time=1.5573605067523993e-01 dt=2.4486085883678244e-06
cycle=4607 time=1.5573849928382830e-01 dt=2.0710701130335195e-06
cycle=4608 time=1.5574057035394134e-01 dt=1.7959896914131952e-06
cycle=4609 time=1.5574236634363275e-01 dt=1.6737493703261991e-06
cycle=4610 time=1.5574404009300308e-01 dt=1.6276742252977540e-06
cycle=4611 time=1.5574566776722837e-01 dt=1.6038284970076042e-06
cycle=4612 time=1.5574727159572538e-01 dt=1.5899708444327624e-06
cycle=4613 time=1.5574886156656981e-01 dt=1.5833531573450744e-06
cycle=4614 time=1.5575044491972714e-01 dt=1.5817315191206856e-06
cycle=4615 time=1.5575202665124627e-01 dt=1.5832465573889492e-06
cycle=4616 time=1.5575360989780365e-01 dt=1.5863768386395624e-06
cycle=4617 time=1.5575519627464229e-01 dt=1.5898596415392617e-06
cycle=4618 time=1.5575678613428384e-01 dt=1.5926952981269286e-06
cycle=4619 time=1.5575837882958196e-01 dt=1.2872250307176291e-06
cycle=4620 time=1.5575966605461267e-01 dt=1.0350599467350880e-06
cycle=4621 time=1.5576070111455939e-01 dt=8.5598986731214839e-07
cycle=4622 time=1.5576155710442671e-01 dt=7.3850359492121304e-07
cycle=4623 time=1.5576229560802163e-01 dt=6.6367210590064486e-07
cycle=4624 time=1.5576295928012754e-01 dt=6.1677010406482072e-07
cycle=4625 time=1.5576357605023161e-01 dt=5.8762612719257602e-07
cycle=4626 time=1.5576416367635881e-01 dt=5.6984452370197852e-07
cycle=4627 time=1.5576473352088252e-01 dt=5.5925405387464714e-07
cycle=4628 time=1.5576529277493639e-01 dt=5.5314053318788569e-07
cycle=4629 time=1.5576584591546958e-01 dt=5.4972727591860040e-07
cycle=4630 time=1.5576639564274550e-01 dt=5.4785101768940124e-07
cycle=4631 time=1.5576694349376319e-01 dt=5.4679375514049958e-07
cycle=4632 time=1.5576749028751832e-01 dt=5.4607423821741873e-07
cycle=4633 time=1.5576803636175654e-01 dt=5.4539035558070171e-07
cycle=4634 time=1.5576858175211211e-01 dt=5.4456125921765191e-07
cycle=4635 time=1.5576912631337134e-01 dt=5.4348585866262648e-07
cycle=4636 time=1.5576966979922999e-01 dt=1.0869717173252530e-06
cycle=4637 time=1.5577075677094732e-01 dt=2.1739434346505059e-06
cycle=4638 time=1.5577293071438197e-01 dt=2.9798533729670629e-06
cycle=4639 time=1.5577591056775494e-01 dt=2.6937367100908131e-06
cycle=4640 time=1.5577860430446502e-01 dt=2.2929317048248220e-06
cycle=4641 time=1.5578089723616984e-01 dt=1.8601428853159679e-06
cycle=4642 time=1.5578275737905514e-01 dt=2.2550144541856000e-26
cycle=4643 time=1.5578275737905514e-01 dt=3.7748690987463208e-26
cycle=4644 time=1.5578275737905514e-01 dt=7.5497381974926415e-26
cycle=4645 time=1.5578275737905514e-01 dt=4.5412499883063140e-26
cycle=4646 time=1.5578275737905514e-01 dt=9.0824999766126280e-26
cycle=4647 time=1.5578275737905514e-01 dt=1.8164999953225256e-25
cycle=4648 time=1.5578275737905514e-01 dt=3.6329999906450512e-25
cycle=4649 time=1.5578275737905514e-01 dt=7.2659999812901024e-25
cycle=4650 time=1.5578275737905514e-01 dt=1.4531999962580205e-24
cycle=4651 time=1.5578275737905514e-01 dt=2.9063999925160409e-24
cycle=4652 time=1.5578275737905514e-01 dt=5.8127999850320819e-24
cycle=4653 time=1.5578275737905514e-01 dt=1.1625599970064164e-23
cycle=4654 time=1.5578275737905514e-01 dt=2.3251199940128328e-23
cycle=4655 time=1.5578275737905514e-01 dt=4.6502399880256655e-23
cycle=4656 time=1.5578275737905514e-01 dt=9.3004799760513310e-23
cycle=4657 time=1.5578275737905514e-01 dt=1.8600959952102662e-22
cycle=4658 time=1.5578275737905514e-01 dt=3.7201919904205324e-22
cycle=4659 time=1.5578275737905514e-01 dt=7.4403839808410648e-22
cycle=4660 time=1.5578275737905514e-01 dt=1.4880767961682130e-21
cycle=4661 time=1.5578275737905514e-01 dt=2.9761535923364259e-21
cycle=4662 time=1.5578275737905514e-01 dt=5.9523071846728519e-21
cycle=4663 time=1.5578275737905514e-01 dt=1.1904614369345704e-20
cycle=4664 time=1.5578275737905514e-01 dt=2.3809228738691407e-20
cycle=4665 time=1.5578275737905514e-01 dt=4.7618457477382815e-20
cycle=4666 time=1.5578275737905514e-01 dt=9.5236914954765630e-20
cycle=4667 time=1.5578275737905514e-01 dt=1.9047382990953126e-19
cycle=4668 time=1.5578275737905514e-01 dt=3.8094765981906252e-19
cycle=4669 time=1.5578275737905514e-01 dt=7.6189531963812504e-19
cycle=4670 time=1.5578275737905514e-01 dt=1.5237906392762501e-18
cycle=4671 time=1.5578275737905514e-01 dt=3.0475812785525002e-18
cycle=4672 time=1.5578275737905514e-01 dt=6.0951625571050003e-18
cycle=4673 time=1.5578275737905514e-01 dt=1.2190325114210001e-17
cycle=4674 time=1.5578275737905514e-01 dt=2.4380650228420001e-17
cycle=4675 time=1.5578275737905517e-01 dt=4.8761300456840002e-17
cycle=4676 time=1.5578275737905523e-01 dt=9.7522600913680005e-17
cycle=4677 time=1.5578275737905534e-01 dt=1.9504520182736001e-16
cycle=4678 time=1.5578275737905553e-01 dt=3.9009040365472002e-16
cycle=4679 time=1.5578275737905592e-01 dt=7.8018080730944004e-16
cycle=4680 time=1.5578275737905670e-01 dt=1.5603616146188801e-15
cycle=4681 time=1.5578275737905825e-01 dt=3.1207232292377602e-15
cycle=4682 time=1.5578275737906136e-01 dt=6.2414464584755203e-15
cycle=4683 time=1.5578275737906760e-01 dt=1.2482892916951041e-14
cycle=4684 time=1.5578275737908009e-01 dt=2.4965785833902081e-14
cycle=4685 time=1.5578275737910505e-01 dt=4.9931571667804163e-14
cycle=4686 time=1.5578275737915498e-01 dt=9.9863143335608325e-14
cycle=4687 time=1.5578275737925484e-01 dt=1.9972628667121665e-13
cycle=4688 time=1.5578275737945457e-01 dt=3.9945257334243330e-13
cycle=4689 time=1.5578275737985403e-01 dt=7.9890514668486660e-13
cycle=4690 time=1.5578275738065295e-01 dt=1.5978102933697332e-12
cycle=4691 time=1.5578275738225075e-01 dt=3.1956205867394664e-12
cycle=4692 time=1.5578275738544636e-01 dt=6.3912411734789328e-12
cycle=4693 time=1.5578275739183761e-01 dt=1.2782482346957866e-11
cycle=4694 time=1.5578275740462008e-01 dt=2.5564964693915731e-11
cycle=4695 time=1.5578275743018505e-01 dt=5.1129929387831462e-11
cycle=4696 time=1.5578275748131498e-01 dt=1.0225985877566292e-10
cycle=4697 time=1.5578275758357485e-01 dt=2.0451971755132585e-10
cycle=4698 time=1.5578275778809456e-01 dt=4.0903943510265170e-10
cycle=4699 time=1.5578275819713400e-01 dt=8.1807887020530340e-10
cycle=4700 time=1.5578275901521288e-01 dt=1.6361577404106068e-09
cycle=4701 time=1.5578276065137062e-01 dt=3.2723154808212136e-09
cycle=4702 time=1.5578276392368609e-01 dt=6.5446309616424272e-09
cycle=4703 time=1.5578277046831704e-01 dt=1.3089261923284854e-08
cycle=4704 time=1.5578278355757896e-01 dt=2.6178523846569709e-08
cycle=4705 time=1.5578280973610281e-01 dt=5.2357047693139418e-08
cycle=4706 time=1.5578286209315051e-01 dt=1.0471409538627884e-07
cycle=4707 time=1.5578296680724590e-01 dt=2.0942819077255767e-07
cycle=4708 time=1.5578317623543667e-01 dt=4.1885638154511534e-07
cycle=4709 time=1.5578359509181822e-01 dt=8.3771276309023068e-07
cycle=4710 time=1.5578443280458132e-01 dt=9.8979038177443572e-26
cycle=4711 time=1.5578443280458132e-01 dt=1.0096472285876167e-25
cycle=4712 time=1.5578443280458132e-01 dt=2.0192944571752333e-25
cycle=4713 time=1.5578443280458132e-01 dt=4.0385889143504666e-25
cycle=4714 time=1.5578443280458132e-01 dt=8.0771778287009332e-25
cycle=4715 time=1.5578443280458132e-01 dt=1.6154355657401866e-24
cycle=4716 time=1.5578443280458132e-01 dt=3.2308711314803733e-24
cycle=4717 time=1.5578443280458132e-01 dt=6.4617422629607466e-24
cycle=4718 time=1.5578443280458132e-01 dt=1.2923484525921493e-23
cycle=4719 time=1.5578443280458132e-01 dt=2.5846969051842986e-23
cycle=4720 time=1.5578443280458132e-01 dt=5.1693938103685973e-23
cycle=4721 time=1.5578443280458132e-01 dt=1.0338787620737195e-22
cycle=4722 time=1.5578443280458132e-01 dt=2.0677575241474389e-22
cycle=4723 time=1.5578443280458132e-01 dt=4.1355150482948778e-22
cycle=4724 time=1.5578443280458132e-01 dt=8.2710300965897556e-22
cycle=4725 time=1.5578443280458132e-01 dt=1.6542060193179511e-21
cycle=4726 time=1.5578443280458132e-01 dt=3.3084120386359022e-21
cycle=4727 time=1.5578443280458132e-01 dt=6.6168240772718045e-21
cycle=4728 time=1.5578443280458132e-01 dt=1.3233648154543609e-20
cycle=4729 time=1.5578443280458132e-01 dt=2.6467296309087218e-20
cycle=4730 time=1.5578443280458132e-01 dt=5.2934592618174436e-20
cycle=4731 time=1.5578443280458132e-01 dt=1.0586918523634887e-19
cycle=4732 time=1.5578443280458132e-01 dt=2.1173837047269774e-19
cycle=4733 time=1.5578443280458132e-01 dt=4.2347674094539549e-19
cycle=4734 time=1.5578443280458132e-01 dt=8.4695348189079097e-19
cycle=4735 time=1.5578443280458132e-01 dt=1.6939069637815819e-18
cycle=4736 time=1.5578443280458132e-01 dt=3.3878139275631639e-18
cycle=4737 time=1.5578443280458132e-01 dt=6.7756278551263278e-18
cycle=4738 time=1.5578443280458132e-01 dt=1.3551255710252656e-17
cycle=4739 time=1.5578443280458132e-01 dt=2.7102511420505311e-17
cycle=4740 time=1.5578443280458135e-01 dt=5.4205022841010622e-17
cycle=4741 time=1.5578443280458140e-01 dt=1.0841004568202124e-16
cycle=4742 time=1.5578443280458151e-01 dt=2.1682009136404249e-16
cycle=4743 time=1.5578443280458174e-01 dt=4.3364018272808498e-16
cycle=4744 time=1.5578443280458218e-01 dt=8.6728036545616996e-16
cycle=4745 time=1.5578443280458304e-01 dt=1.7345607309123399e-15
cycle=4746 time=1.5578443280458476e-01 dt=3.4691214618246798e-15
cycle=4747 time=1.5578443280458823e-01 dt=6.9382429236493597e-15
cycle=4748 time=1.5578443280459517e-01 dt=1.3876485847298719e-14
cycle=4749 time=1.5578443280460905e-01 dt=2.7752971694597439e-14
cycle=4750 time=1.5578443280463680e-01 dt=5.5505943389194877e-14
cycle=4751 time=1.5578443280469231e-01 dt=1.1101188677838975e-13
cycle=4752 time=1.5578443280480334e-01 dt=2.2202377355677951e-13
cycle=4753 time=1.5578443280502535e-01 dt=4.4404754711355902e-13
cycle=4754 time=1.5578443280546939e-01 dt=8.8809509422711804e-13
cycle=4755 time=1.5578443280635748e-01 dt=1.7761901884542361e-12
cycle=4756 time=1.5578443280813367e-01 dt=3.5523803769084721e-12
cycle=4757 time=1.5578443281168605e-01 dt=7.1047607538169443e-12
cycle=4758 time=1.5578443281879081e-01 dt=1.4209521507633889e-11
cycle=4759 time=1.5578443283300034e-01 dt=2.8419043015267777e-11
cycle=4760 time=1.5578443286141938e-01 dt=5.6838086030535554e-11
cycle=4761 time=1.5578443291825747e-01 dt=1.1367617206107111e-10
cycle=4762 time=1.5578443303193365e-01 dt=2.2735234412214222e-10
cycle=4763 time=1.5578443325928598e-01 dt=4.5470468824428444e-10
cycle=4764 time=1.5578443371399067e-01 dt=9.0940937648856887e-10
cycle=4765 time=1.5578443462340005e-01 dt=1.8188187529771377e-09
cycle=4766 time=1.5578443644221882e-01 dt=3.6376375059542755e-09
cycle=4767 time=1.5578444007985631e-01 dt=7.2752750119085510e-09
cycle=4768 time=1.5578444735513133e-01 dt=1.4550550023817102e-08
cycle=4769 time=1.5578446190568135e-01 dt=2.9101100047634204e-08
cycle=4770 time=1.5578449100678141e-01 dt=5.8202200095268408e-08
cycle=4771 time=1.5578454920898149e-01 dt=1.1640440019053682e-07
cycle=4772 time=1.5578466561338170e-01 dt=2.3280880038107363e-07
cycle=4773 time=1.5578489842218207e-01 dt=4.6561760076214726e-07
cycle=4774 time=1.5578536403978283e-01 dt=9.3123520152429452e-07
cycle=4775 time=1.5578629527498436e-01 dt=3.7944050183662912e-26
cycle=4776 time=1.5578629527498436e-01 dt=7.5888100367325824e-26
cycle=4777 time=1.5578629527498436e-01 dt=1.5177620073465165e-25
cycle=4778 time=1.5578629527498436e-01 dt=3.0355240146930330e-25
cycle=4779 time=1.5578629527498436e-01 dt=6.0710480293860659e-25
cycle=4780 time=1.5578629527498436e-01 dt=1.2142096058772132e-24
cycle=4781 time=1.5578629527498436e-01 dt=2.4284192117544264e-24
cycle=4782 time=1.5578629527498436e-01 dt=4.8568384235088527e-24
cycle=4783 time=1.5578629527498436e-01 dt=9.7136768470177055e-24
cycle=4784 time=1.5578629527498436e-01 dt=1.9427353694035411e-23
cycle=4785 time=1.5578629527498436e-01 dt=3.8854707388070822e-23
cycle=4786 time=1.5578629527498436e-01 dt=7.7709414776141644e-23
cycle=4787 time=1.5578629527498436e-01 dt=1.5541882955228329e-22
cycle=4788 time=1.5578629527498436e-01 dt=3.1083765910456658e-22
cycle=4789 time=1.5578629527498436e-01 dt=6.2167531820913315e-22
cycle=4790 time=1.5578629527498436e-01 dt=1.2433506364182663e-21
cycle=4791 time=1.5578629527498436e-01 dt=2.4867012728365326e-21
cycle=4792 time=1.5578629527498436e-01 dt=4.9734025456730652e-21
cycle=4793 time=1.5578629527498436e-01 dt=9.9468050913461304e-21
cycle=4794 time=1.5578629527498436e-01 dt=1.9893610182692261e-20
cycle=4795 time=1.5578629527498436e-01 dt=3.9787220365384522e-20
cycle=4796 time=1.5578629527498436e-01 dt=7.9574440730769043e-20
cycle=4797 time=1.5578629527498436e-01 dt=1.5914888146153809e-19
cycle=4798 time=1.5578629527498436e-01 dt=3.1829776292307617e-19
cycle=4799 time=1.5578629527498436e-01 dt=6.3659552584615235e-19
cycle=4800 time=1.5578629527498436e-01 dt=1.2731910516923047e-18
cycle=4801 time=1.5578629527498436e-01 dt=2.5463821033846094e-18
cycle=4802 time=1.5578629527498436e-01 dt=5.0927642067692188e-18
cycle=4803 time=1.5578629527498436e-01 dt=1.0185528413538438e-17
cycle=4804 time=1.5578629527498436e-01 dt=2.0371056827076875e-17
cycle=4805 time=1.5578629527498439e-01 dt=4.0742113654153750e-17
cycle=4806 time=1.5578629527498442e-01 dt=8.1484227308307500e-17
cycle=4807 time=1.5578629527498450e-01 dt=1.6296845461661500e-16
cycle=4808 time=1.5578629527498467e-01 dt=3.2593690923323000e-16
cycle=4809 time=1.5578629527498500e-01 dt=6.5187381846646000e-16
cycle=4810 time=1.5578629527498564e-01 dt=1.3037476369329200e-15
cycle=4811 time=1.5578629527498694e-01 dt=2.6074952738658400e-15
cycle=4812 time=1.5578629527498955e-01 dt=5.2149905477316800e-15
cycle=4813 time=1.5578629527499477e-01 dt=1.0429981095463360e-14
cycle=4814 time=1.5578629527500520e-01 dt=2.0859962190926720e-14
cycle=4815 time=1.5578629527502608e-01 dt=4.1719924381853440e-14
cycle=4816 time=1.5578629527506779e-01 dt=8.3439848763706880e-14
cycle=4817 time=1.5578629527515123e-01 dt=1.6687969752741376e-13
cycle=4818 time=1.5578629527531809e-01 dt=3.3375939505482752e-13
cycle=4819 time=1.5578629527565185e-01 dt=6.6751879010965504e-13
cycle=4820 time=1.5578629527631938e-01 dt=1.3350375802193101e-12
cycle=4821 time=1.5578629527765442e-01 dt=2.6700751604386202e-12
cycle=4822 time=1.5578629528032450e-01 dt=5.3401503208772404e-12
cycle=4823 time=1.5578629528566465e-01 dt=1.0680300641754481e-11
cycle=4824 time=1.5578629529634494e-01 dt=2.1360601283508961e-11
cycle=4825 time=1.5578629531770555e-01 dt=4.2721202567017923e-11
cycle=4826 time=1.5578629536042676e-01 dt=8.5442405134035846e-11
cycle=4827 time=1.5578629544586917e-01 dt=1.7088481026807169e-10
cycle=4828 time=1.5578629561675397e-01 dt=3.4176962053614338e-10
cycle=4829 time=1.5578629595852359e-01 dt=6.8353924107228676e-10
cycle=4830 time=1.5578629664206284e-01 dt=1.3670784821445735e-09
cycle=4831 time=1.5578629800914132e-01 dt=2.7341569642891471e-09
cycle=4832 time=1.5578630074329827e-01 dt=5.4683139285782941e-09
cycle=4833 time=1.5578630621161221e-01 dt=1.0936627857156588e-08
cycle=4834 time=1.5578631714824007e-01 dt=2.1873255714313176e-08
cycle=4835 time=1.5578633902149577e-01 dt=4.3746511428626353e-08
cycle=4836 time=1.5578638276800721e-01 dt=8.7493022857252706e-08
cycle=4837 time=1.5578647026103007e-01 dt=1.7498604571450541e-07
cycle=4838 time=1.5578664524707578e-01 dt=3.4997209142901082e-07
cycle=4839 time=1.5578699521916720e-01 dt=6.9994418285802165e-07
cycle=4840 time=1.5578769516335006e-01 dt=1.5122201433238984e-25
cycle=4841 time=1.5578769516335006e-01 dt=3.0244402866477968e-25
cycle=4842 time=1.5578769516335006e-01 dt=6.0488805732955937e-25
cycle=4843 time=1.5578769516335006e-01 dt=1.2097761146591187e-24
cycle=4844 time=1.5578769516335006e-01 dt=2.4195522293182375e-24
cycle=4845 time=1.5578769516335006e-01 dt=4.8391044586364749e-24
cycle=4846 time=1.5578769516335006e-01 dt=9.6782089172729499e-24
cycle=4847 time=1.5578769516335006e-01 dt=1.9356417834545900e-23
cycle=4848 time=1.5578769516335006e-01 dt=3.8712835669091799e-23
cycle=4849 time=1.5578769516335006e-01 dt=7.7425671338183599e-23
cycle=4850 time=1.5578769516335006e-01 dt=1.5485134267636720e-22
cycle=4851 time=1.5578769516335006e-01 dt=3.0970268535273440e-22
cycle=4852 time=1.5578769516335006e-01 dt=6.1940537070546879e-22
cycle=4853 time=1.5578769516335006e-01 dt=1.2388107414109376e-21
cycle=4854 time=1.5578769516335006e-01 dt=2.4776214828218752e-21
cycle=4855 time=1.5578769516335006e-01 dt=4.9552429656437503e-21
cycle=4856 time=1.5578769516335006e-01 dt=9.9104859312875007e-21
cycle=4857 time=1.5578769516335006e-01 dt=1.9820971862575001e-20
cycle=4858 time=1.5578769516335006e-01 dt=3.9641943725150003e-20
cycle=4859 time=1.5578769516335006e-01 dt=7.9283887450300005e-20
cycle=4860 time=1.5578769516335006e-01 dt=1.5856777490060001e-19
cycle=4861 time=1.5578769516335006e-01 dt=3.1713554980120002e-19
cycle=4862 time=1.5578769516335006e-01 dt=6.3427109960240004e-19
cycle=4863 time=1.5578769516335006e-01 dt=1.2685421992048001e-18
cycle=4864 time=1.5578769516335006e-01 dt=2.5370843984096002e-18
cycle=4865 time=1.5578769516335006e-01 dt=5.0741687968192003e-18
cycle=4866 time=1.5578769516335006e-01 dt=1.0148337593638401e-17
cycle=4867 time=1.5578769516335006e-01 dt=2.0296675187276801e-17
cycle=4868 time=1.5578769516335009e-01 dt=4.0593350374553603e-17
cycle=4869 time=1.5578769516335012e-01 dt=8.1186700749107205e-17
cycle=4870 time=1.5578769516335020e-01 dt=1.6237340149821441e-16
cycle=4871 time=1.5578769516335036e-01 dt=3.2474680299642882e-16
cycle=4872 time=1.5578769516335070e-01 dt=6.4949360599285764e-16
cycle=4873 time=1.5578769516335134e-01 dt=1.2989872119857153e-15
cycle=4874 time=1.5578769516335264e-01 dt=2.5979744239714306e-15
cycle=4875 time=1.5578769516335525e-01 dt=5.1959488479428612e-15
cycle=4876 time=1.5578769516336044e-01 dt=1.0391897695885722e-14
cycle=4877 time=1.5578769516337082e-01 dt=2.0783795391771445e-14
cycle=4878 time=1.5578769516339161e-01 dt=4.1567590783542889e-14
cycle=4879 time=1.5578769516343319e-01 dt=8.3135181567085778e-14
cycle=4880 time=1.5578769516351632e-01 dt=1.6627036313417156e-13
cycle=4881 time=1.5578769516368260e-01 dt=3.3254072626834311e-13
cycle=4882 time=1.5578769516401514e-01 dt=6.6508145253668623e-13
cycle=4883 time=1.5578769516468022e-01 dt=1.3301629050733725e-12
cycle=4884 time=1.5578769516601038e-01 dt=2.6603258101467449e-12
cycle=4885 time=1.5578769516867069e-01 dt=5.3206516202934898e-12
cycle=4886 time=1.5578769517399135e-01 dt=1.0641303240586980e-11
cycle=4887 time=1.5578769518463265e-01 dt=2.1282606481173959e-11
cycle=4888 time=1.5578769520591526e-01 dt=4.2565212962347919e-11
cycle=4889 time=1.5578769524848046e-01 dt=8.5130425924695837e-11
cycle=4890 time=1.5578769533361089e-01 dt=1.7026085184939167e-10
cycle=4891 time=1.5578769550387175e-01 dt=3.4052170369878335e-10
cycle=4892 time=1.5578769584439345e-01 dt=6.8104340739756670e-10
cycle=4893 time=1.5578769652543686e-01 dt=1.3620868147951334e-09
cycle=4894 time=1.5578769788752367e-01 dt=2.7241736295902668e-09
cycle=4895 time=1.5578770061169731e-01 dt=5.4483472591805336e-09
cycle=4896 time=1.5578770606004455e-01 dt=1.0896694518361067e-08
cycle=4897 time=1.5578771695673907e-01 dt=2.1793389036722134e-08
cycle=4898 time=1.5578773875012811e-01 dt=4.3586778073444269e-08
cycle=4899 time=1.5578778233690618e-01 dt=8.7173556146888537e-08
cycle=4900 time=1.5578786951046233e-01 dt=1.7434711229377707e-07
cycle=4901 time=1.5578804385757464e-01 dt=3.4869422458755415e-07
cycle=4902 time=1.5578839255179922e-01 dt=6.9738844917510830e-07
cycle=4903 time=1.5578908994024840e-01 dt=1.4321130530334412e-25
cycle=4904 time=1.5578908994024840e-01 dt=2.8642261060668825e-25
cycle=4905 time=1.5578908994024840e-01 dt=5.7284522121337650e-25
cycle=4906 time=1.5578908994024840e-01 dt=1.1456904424267530e-24
cycle=4907 time=1.5578908994024840e-01 dt=2.2913808848535060e-24
cycle=4908 time=1.5578908994024840e-01 dt=4.5827617697070120e-24
cycle=4909 time=1.5578908994024840e-01 dt=9.1655235394140240e-24
cycle=4910 time=1.5578908994024840e-01 dt=1.8331047078828048e-23
cycle=4911 time=1.5578908994024840e-01 dt=3.6662094157656096e-23
cycle=4912 time=1.5578908994024840e-01 dt=7.3324188315312192e-23
cycle=4913 time=1.5578908994024840e-01 dt=1.4664837663062438e-22
cycle=4914 time=1.5578908994024840e-01 dt=2.9329675326124877e-22
cycle=4915 time=1.5578908994024840e-01 dt=5.8659350652249753e-22
cycle=4916 time=1.5578908994024840e-01 dt=1.1731870130449951e-21
cycle=4917 time=1.5578908994024840e-01 dt=2.3463740260899901e-21
cycle=4918 time=1.5578908994024840e-01 dt=4.6927480521799803e-21
cycle=4919 time=1.5578908994024840e-01 dt=9.3854961043599606e-21
cycle=4920 time=1.5578908994024840e-01 dt=1.8770992208719921e-20
cycle=4921 time=1.5578908994024840e-01 dt=3.7541984417439842e-20
cycle=4922 time=1.5578908994024840e-01 dt=7.5083968834879684e-20
cycle=4923 time=1.5578908994024840e-01 dt=1.5016793766975937e-19
cycle=4924 time=1.5578908994024840e-01 dt=3.0033587533951874e-19
cycle=4925 time=1.5578908994024840e-01 dt=6.0067175067903748e-19
cycle=4926 time=1.5578908994024840e-01 dt=1.2013435013580750e-18
cycle=4927 time=1.5578908994024840e-01 dt=2.4026870027161499e-18
cycle=4928 time=1.5578908994024840e-01 dt=4.8053740054322998e-18
cycle=4929 time=1.5578908994024840e-01 dt=9.6107480108645996e-18
cycle=4930 time=1.5578908994024840e-01 dt=1.9221496021729199e-17
cycle=4931 time=1.5578908994024843e-01 dt=3.8442992043458398e-17
cycle=4932 time=1.5578908994024845e-01 dt=7.6885984086916797e-17
cycle=4933 time=1.5578908994024854e-01 dt=1.5377196817383359e-16
cycle=4934 time=1.5578908994024870e-01 dt=3.0754393634766719e-16
cycle=4935 time=1.5578908994024901e-01 dt=6.1508787269533438e-16
cycle=4936 time=1.5578908994024962e-01 dt=1.2301757453906688e-15
cycle=4937 time=1.5578908994025084e-01 dt=2.4603514907813375e-15
cycle=4938 time=1.5578908994025331e-01 dt=4.9207029815626750e-15
cycle=4939 time=1.5578908994025822e-01 dt=9.8414059631253500e-15
cycle=4940 time=1.5578908994026808e-01 dt=1.9682811926250700e-14
cycle=4941 time=1.5578908994028776e-01 dt=3.9365623852501400e-14
cycle=4942 time=1.5578908994032711e-01 dt=7.8731247705002800e-14
cycle=4943 time=1.5578908994040586e-01 dt=1.5746249541000560e-13
cycle=4944 time=1.5578908994056331e-01 dt=3.1492499082001120e-13
cycle=4945 time=1.5578908994087823e-01 dt=6.2984998164002240e-13
cycle=4946 time=1.5578908994150809e-01 dt=1.2596999632800448e-12
cycle=4947 time=1.5578908994276777e-01 dt=2.5193999265600896e-12
cycle=4948 time=1.5578908994528717e-01 dt=5.0387998531201792e-12
cycle=4949 time=1.5578908995032598e-01 dt=1.0077599706240358e-11
cycle=4950 time=1.5578908996040358e-01 dt=2.0155199412480717e-11
cycle=4951 time=1.5578908998055879e-01 dt=4.0310398824961434e-11
cycle=4952 time=1.5578909002086919e-01 dt=8.0620797649922867e-11
cycle=4953 time=1.5578909010148997e-01 dt=1.6124159529984573e-10
cycle=4954 time=1.5578909026273158e-01 dt=3.2248319059969147e-10
cycle=4955 time=1.5578909058521476e-01 dt=6.4496638119938294e-10
cycle=4956 time=1.5578909123018114e-01 dt=1.2899327623987659e-09
cycle=4957 time=1.5578909252011391e-01 dt=2.5798655247975318e-09
cycle=4958 time=1.5578909509997943e-01 dt=5.1597310495950635e-09
cycle=4959 time=1.5578910025971049e-01 dt=1.0319462099190127e-08
cycle=4960 time=1.5578911057917258e-01 dt=2.0638924198380254e-08
cycle=4961 time=1.5578913121809679e-01 dt=4.1277848396760508e-08
cycle=4962 time=1.5578917249594518e-01 dt=8.2555696793521016e-08
cycle=4963 time=1.5578925505164198e-01 dt=1.6511139358704203e-07
cycle=4964 time=1.5578942016303557e-01 dt=3.3022278717408406e-07
cycle=4965 time=1.5578975038582274e-01 dt=6.6044557434816813e-07
cycle=4966 time=1.5579041083139708e-01 dt=1.1098562791198660e-25
cycle=4967 time=1.5579041083139708e-01 dt=2.2197125582397321e-25
cycle=4968 time=1.5579041083139708e-01 dt=4.4394251164794642e-25
cycle=4969 time=1.5579041083139708e-01 dt=8.8788502329589283e-25
cycle=4970 time=1.5579041083139708e-01 dt=1.7757700465917857e-24
cycle=4971 time=1.5579041083139708e-01 dt=3.5515400931835713e-24
cycle=4972 time=1.5579041083139708e-01 dt=7.1030801863671427e-24
cycle=4973 time=1.5579041083139708e-01 dt=1.4206160372734285e-23
cycle=4974 time=1.5579041083139708e-01 dt=2.8412320745468571e-23
cycle=4975 time=1.5579041083139708e-01 dt=5.6824641490937141e-23
cycle=4976 time=1.5579041083139708e-01 dt=1.1364928298187428e-22
cycle=4977 time=1.5579041083139708e-01 dt=2.2729856596374856e-22
cycle=4978 time=1.5579041083139708e-01 dt=4.5459713192749713e-22
cycle=4979 time=1.5579041083139708e-01 dt=9.0919426385499426e-22
cycle=4980 time=1.5579041083139708e-01 dt=1.8183885277099885e-21
cycle=4981 time=1.5579041083139708e-01 dt=3.6367770554199770e-21
cycle=4982 time=1.5579041083139708e-01 dt=7.2735541108399541e-21
cycle=4983 time=1.5579041083139708e-01 dt=1.4547108221679908e-20
cycle=4984 time=1.5579041083139708e-01 dt=2.9094216443359816e-20
cycle=4985 time=1.5579041083139708e-01 dt=5.8188432886719633e-20
cycle=4986 time=1.5579041083139708e-01 dt=1.1637686577343927e-19
cycle=4987 time=1.5579041083139708e-01 dt=2.3275373154687853e-19
cycle=4988 time=1.5579041083139708e-01 dt=4.6550746309375706e-19
cycle=4989 time=1.5579041083139708e-01 dt=9.3101492618751412e-19
cycle=4990 time=1.5579041083139708e-01 dt=1.8620298523750282e-18
cycle=4991 time=1.5579041083139708e-01 dt=3.7240597047500565e-18
cycle=4992 time=1.5579041083139708e-01 dt=7.4481194095001130e-18
cycle=4993 time=1.5579041083139708e-01 dt=1.4896238819000226e-17
cycle=4994 time=1.5579041083139711e-01 dt=2.9792477638000452e-17
cycle=4995 time=1.5579041083139714e-01 dt=5.9584955276000904e-17
cycle=4996 time=1.5579041083139719e-01 dt=1.1916991055200181e-16
cycle=4997 time=1.5579041083139730e-01 dt=2.3833982110400362e-16
cycle=4998 time=1.5579041083139755e-01 dt=4.7667964220800723e-16
cycle=4999 time=1.5579041083139802e-01 dt=9.5335928441601446e-16
cycle=5000 time=1.5579041083139897e-01 dt=1.9067185688320289e-15
cycle=5001 time=1.5579041083140088e-01 dt=3.8134371376640578e-15
cycle=5002 time=1.5579041083140469e-01 dt=7.6268742753281157e-15
cycle=5003 time=1.5579041083141232e-01 dt=1.5253748550656231e-14
cycle=5004 time=1.5579041083142758e-01 dt=3.0507497101312463e-14
cycle=5005 time=1.5579041083145809e-01 dt=6.1014994202624926e-14
cycle=5006 time=1.5579041083151909e-01 dt=1.2202998840524985e-13
cycle=5007 time=1.5579041083164114e-01 dt=2.4405997681049970e-13
cycle=5008 time=1.5579041083188519e-01 dt=4.8811995362099940e-13
cycle=5009 time=1.5579041083237330e-01 dt=9.7623990724199881e-13
cycle=5010 time=1.5579041083334955e-01 dt=1.9524798144839976e-12
cycle=5011 time=1.5579041083530201e-01 dt=3.9049596289679952e-12
cycle=5012 time=1.5579041083920697e-01 dt=7.8099192579359905e-12
cycle=5013 time=1.5579041084701689e-01 dt=1.5619838515871981e-11
cycle=5014 time=1.5579041086263673e-01 dt=3.1239677031743962e-11
cycle=5015 time=1.5579041089387641e-01 dt=6.2479354063487924e-11
cycle=5016 time=1.5579041095635576e-01 dt=1.2495870812697585e-10
cycle=5017 time=1.5579041108131447e-01 dt=2.4991741625395169e-10
cycle=5018 time=1.5579041133123189e-01 dt=4.9983483250790339e-10
cycle=5019 time=1.5579041183106673e-01 dt=9.9966966501580678e-10
cycle=5020 time=1.5579041283073639e-01 dt=1.9993393300316136e-09
cycle=5021 time=1.5579041483007572e-01 dt=3.9986786600632271e-09
cycle=5022 time=1.5579041882875438e-01 dt=7.9973573201264542e-09
cycle=5023 time=1.5579042682611172e-01 dt=1.5994714640252908e-08
cycle=5024 time=1.5579044282082635e-01 dt=3.1989429280505817e-08
cycle=5025 time=1.5579047481025562e-01 dt=6.3978858561011634e-08
cycle=5026 time=1.5579053878911420e-01 dt=1.2795771712202327e-07
cycle=5027 time=1.5579066674683131e-01 dt=2.5591543424404654e-07
cycle=5028 time=1.5579092266226555e-01 dt=5.1183086848809307e-07
cycle=5029 time=1.5579143449313404e-01 dt=2.4458845291758565e-07
cycle=5030 time=1.5579167908158695e-01 dt=6.1677521247745075e-26
cycle=5031 time=1.5579167908158695e-01 dt=1.2335504249549015e-25
cycle=5032 time=1.5579167908158695e-01 dt=2.4671008499098030e-25
cycle=5033 time=1.5579167908158695e-01 dt=4.9342016998196060e-25
cycle=5034 time=1.5579167908158695e-01 dt=9.8684033996392120e-25
cycle=5035 time=1.5579167908158695e-01 dt=1.9736806799278424e-24
cycle=5036 time=1.5579167908158695e-01 dt=3.9473613598556848e-24
cycle=5037 time=1.5579167908158695e-01 dt=7.8947227197113696e-24
cycle=5038 time=1.5579167908158695e-01 dt=1.5789445439422739e-23
cycle=5039 time=1.5579167908158695e-01 dt=3.1578890878845478e-23
cycle=5040 time=1.5579167908158695e-01 dt=6.3157781757690957e-23
cycle=5041 time=1.5579167908158695e-01 dt=1.2631556351538191e-22
cycle=5042 time=1.5579167908158695e-01 dt=2.5263112703076383e-22
cycle=5043 time=1.5579167908158695e-01 dt=5.0526225406152766e-22
cycle=5044 time=1.5579167908158695e-01 dt=1.0105245081230553e-21
cycle=5045 time=1.5579167908158695e-01 dt=2.0210490162461106e-21
cycle=5046 time=1.5579167908158695e-01 dt=4.0420980324922212e-21
cycle=5047 time=1.5579167908158695e-01 dt=8.0841960649844425e-21
cycle=5048 time=1.5579167908158695e-01 dt=1.6168392129968885e-20
cycle=5049 time=1.5579167908158695e-01 dt=3.2336784259937770e-20
cycle=5050 time=1.5579167908158695e-01 dt=6.4673568519875540e-20
cycle=5051 time=1.5579167908158695e-01 dt=1.2934713703975108e-19
cycle=5052 time=1.5579167908158695e-01 dt=2.5869427407950216e-19
cycle=5053 time=1.5579167908158695e-01 dt=5.1738854815900432e-19
cycle=5054 time=1.5579167908158695e-01 dt=1.0347770963180086e-18
cycle=5055 time=1.5579167908158695e-01 dt=2.0695541926360173e-18
cycle=5056 time=1.5579167908158695e-01 dt=4.1391083852720346e-18
cycle=5057 time=1.5579167908158695e-01 dt=8.2782167705440691e-18
cycle=5058 time=1.5579167908158695e-01 dt=1.6556433541088138e-17
cycle=5059 time=1.5579167908158698e-01 dt=3.3112867082176276e-17
cycle=5060 time=1.5579167908158700e-01 dt=6.6225734164352553e-17
cycle=5061 time=1.5579167908158706e-01 dt=1.3245146832870511e-16
cycle=5062 time=1.5579167908158720e-01 dt=2.6490293665741021e-16
cycle=5063 time=1.5579167908158748e-01 dt=5.2980587331482042e-16
cycle=5064 time=1.5579167908158800e-01 dt=1.0596117466296408e-15
cycle=5065 time=1.5579167908158906e-01 dt=2.1192234932592817e-15
cycle=5066 time=1.5579167908159117e-01 dt=4.2384469865185634e-15
cycle=5067 time=1.5579167908159541e-01 dt=8.4768939730371268e-15
cycle=5068 time=1.5579167908160388e-01 dt=1.6953787946074254e-14
cycle=5069 time=1.5579167908162084e-01 dt=3.3907575892148507e-14
cycle=5070 time=1.5579167908165475e-01 dt=6.7815151784297014e-14
cycle=5071 time=1.5579167908172256e-01 dt=1.3563030356859403e-13
cycle=5072 time=1.5579167908185820e-01 dt=2.7126060713718806e-13
cycle=5073 time=1.5579167908212946e-01 dt=5.4252121427437611e-13
cycle=5074 time=1.5579167908267197e-01 dt=1.0850424285487522e-12
cycle=5075 time=1.5579167908375702e-01 dt=2.1700848570975045e-12
cycle=5076 time=1.5579167908592712e-01 dt=4.3401697141950089e-12
cycle=5077 time=1.5579167909026728e-01 dt=8.6803394283900178e-12
cycle=5078 time=1.5579167909894762e-01 dt=1.7360678856780036e-11
cycle=5079 time=1.5579167911630828e-01 dt=3.4721357713560071e-11
cycle=5080 time=1.5579167915102965e-01 dt=6.9442715427120142e-11
cycle=5081 time=1.5579167922047235e-01 dt=1.3888543085424028e-10
cycle=5082 time=1.5579167935935778e-01 dt=2.7777086170848057e-10
cycle=5083 time=1.5579167963712864e-01 dt=5.5554172341696114e-10
cycle=5084 time=1.5579168019267037e-01 dt=1.1110834468339223e-09
cycle=5085 time=1.5579168130375382e-01 dt=2.2221668936678446e-09
cycle=5086 time=1.5579168352592071e-01 dt=4.4443337873356891e-09
cycle=5087 time=1.5579168797025450e-01 dt=8.8886675746713782e-09
cycle=5088 time=1.5579169685892208e-01 dt=1.7777335149342756e-08
cycle=5089 time=1.5579171463625724e-01 dt=3.5554670298685513e-08
cycle=5090 time=1.5579175019092753e-01 dt=7.1109340597371026e-08
cycle=5091 time=1.5579182130026814e-01 dt=1.4221868119474205e-07
cycle=5092 time=1.5579196351894933e-01 dt=2.8443736238948410e-07
cycle=5093 time=1.5579224795631172e-01 dt=5.6887472477896821e-07
cycle=5094 time=1.5579281683103649e-01 dt=4.7337046852795660e-07
cycle=5095 time=1.5579329020150501e-01 dt=3.1685529033467204e-26
cycle=5096 time=1.5579329020150501e-01 dt=6.3371058066934409e-26
cycle=5097 time=1.5579329020150501e-01 dt=1.2674211613386882e-25
cycle=5098 time=1.5579329020150501e-01 dt=2.5348423226773764e-25
cycle=5099 time=1.5579329020150501e-01 dt=5.0696846453547527e-25
cycle=5100 time=1.5579329020150501e-01 dt=1.0139369290709505e-24
cycle=5101 time=1.5579329020150501e-01 dt=2.0278738581419011e-24
cycle=5102 time=1.5579329020150501e-01 dt=4.0557477162838022e-24
cycle=5103 time=1.5579329020150501e-01 dt=8.1114954325676043e-24
cycle=5104 time=1.5579329020150501e-01 dt=1.6222990865135209e-23
cycle=5105 time=1.5579329020150501e-01 dt=3.2445981730270417e-23
cycle=5106 time=1.5579329020150501e-01 dt=6.4891963460540835e-23
cycle=5107 time=1.5579329020150501e-01 dt=1.2978392692108167e-22
cycle=5108 time=1.5579329020150501e-01 dt=2.5956785384216334e-22
cycle=5109 time=1.5579329020150501e-01 dt=5.1913570768432668e-22
cycle=5110 time=1.5579329020150501e-01 dt=1.0382714153686534e-21
cycle=5111 time=1.5579329020150501e-01 dt=2.0765428307373067e-21
cycle=5112 time=1.5579329020150501e-01 dt=4.1530856614746134e-21
cycle=5113 time=1.5579329020150501e-01 dt=8.3061713229492268e-21
cycle=5114 time=1.5579329020150501e-01 dt=1.6612342645898454e-20
cycle=5115 time=1.5579329020150501e-01 dt=3.3224685291796907e-20
cycle=5116 time=1.5579329020150501e-01 dt=6.6449370583593815e-20
cycle=5117 time=1.5579329020150501e-01 dt=1.3289874116718763e-19
cycle=5118 time=1.5579329020150501e-01 dt=2.6579748233437526e-19
cycle=5119 time=1.5579329020150501e-01 dt=5.3159496466875052e-19
cycle=5120 time=1.5579329020150501e-01 dt=1.0631899293375010e-18
cycle=5121 time=1.5579329020150501e-01 dt=2.1263798586750021e-18
cycle=5122 time=1.5579329020150501e-01 dt=4.2527597173500041e-18
cycle=5123 time=1.5579329020150501e-01 dt=8.5055194347000083e-18
cycle=5124 time=1.5579329020150501e-01 dt=1.7011038869400017e-17
cycle=5125 time=1.5579329020150504e-01 dt=3.4022077738800033e-17
cycle=5126 time=1.5579329020150506e-01 dt=6.8044155477600066e-17
cycle=5127 time=1.5579329020150512e-01 dt=1.3608831095520013e-16
cycle=5128 time=1.5579329020150526e-01 dt=2.7217662191040027e-16
cycle=5129 time=1.5579329020150554e-01 dt=5.4435324382080053e-16
cycle=5130 time=1.5579329020150609e-01 dt=1.0887064876416011e-15
cycle=5131 time=1.5579329020150717e-01 dt=2.1774129752832021e-15
cycle=5132 time=1.5579329020150934e-01 dt=4.3548259505664042e-15
cycle=5133 time=1.5579329020151370e-01 dt=8.7096519011328085e-15
cycle=5134 time=1.5579329020152241e-01 dt=1.7419303802265617e-14
cycle=5135 time=1.5579329020153984e-01 dt=3.4838607604531234e-14
cycle=5136 time=1.5579329020157467e-01 dt=6.9677215209062468e-14
cycle=5137 time=1.5579329020164434e-01 dt=1.3935443041812494e-13
cycle=5138 time=1.5579329020178370e-01 dt=2.7870886083624987e-13
cycle=5139 time=1.5579329020206242e-01 dt=5.5741772167249974e-13
cycle=5140 time=1.5579329020261984e-01 dt=1.1148354433449995e-12
cycle=5141 time=1.5579329020373467e-01 dt=2.2296708866899990e-12
cycle=5142 time=1.5579329020596433e-01 dt=4.4593417733799979e-12
cycle=5143 time=1.5579329021042368e-01 dt=8.9186835467599959e-12
cycle=5144 time=1.5579329021934235e-01 dt=1.7837367093519992e-11
cycle=5145 time=1.5579329023717972e-01 dt=3.5674734187039984e-11
cycle=5146 time=1.5579329027285446e-01 dt=7.1349468374079967e-11
cycle=5147 time=1.5579329034420394e-01 dt=1.4269893674815993e-10
cycle=5148 time=1.5579329048690288e-01 dt=2.8539787349631987e-10
cycle=5149 time=1.5579329077230075e-01 dt=5.7079574699263974e-10
cycle=5150 time=1.5579329134309650e-01 dt=1.1415914939852795e-09
cycle=5151 time=1.5579329248468798e-01 dt=2.2831829879705589e-09
cycle=5152 time=1.5579329476787096e-01 dt=4.5663659759411179e-09
cycle=5153 time=1.5579329933423694e-01 dt=9.1327319518822358e-09
cycle=5154 time=1.5579330846696890e-01 dt=1.8265463903764472e-08
cycle=5155 time=1.5579332673243279e-01 dt=3.6530927807528943e-08
cycle=5156 time=1.5579336326336060e-01 dt=7.3061855615057886e-08
cycle=5157 time=1.5579343632521622e-01 dt=1.4612371123011577e-07
cycle=5158 time=1.5579358244892746e-01 dt=2.9224742246023155e-07
cycle=5159 time=1.5579387469634992e-01 dt=5.8449484492046309e-07
cycle=5160 time=1.5579445919119483e-01 dt=1.1689896898409262e-06
cycle=5161 time=1.5579562818088469e-01 dt=6.7975363438413451e-07
cycle=5162 time=1.5579630793451907e-01 dt=1.7355960617969585e-26
cycle=5163 time=1.5579630793451907e-01 dt=3.4711921235939170e-26
cycle=5164 time=1.5579630793451907e-01 dt=6.9423842471878340e-26
cycle=5165 time=1.5579630793451907e-01 dt=1.3884768494375668e-25
cycle=5166 time=1.5579630793451907e-01 dt=2.7769536988751336e-25
cycle=5167 time=1.5579630793451907e-01 dt=5.5539073977502672e-25
cycle=5168 time=1.5579630793451907e-01 dt=1.1107814795500534e-24
cycle=5169 time=1.5579630793451907e-01 dt=2.2215629591001069e-24
cycle=5170 time=1.5579630793451907e-01 dt=4.4431259182002137e-24
cycle=5171 time=1.5579630793451907e-01 dt=8.8862518364004275e-24
cycle=5172 time=1.5579630793451907e-01 dt=1.7772503672800855e-23
cycle=5173 time=1.5579630793451907e-01 dt=3.5545007345601710e-23
cycle=5174 time=1.5579630793451907e-01 dt=7.1090014691203420e-23
cycle=5175 time=1.5579630793451907e-01 dt=1.4218002938240684e-22
cycle=5176 time=1.5579630793451907e-01 dt=2.8436005876481368e-22
cycle=5177 time=1.5579630793451907e-01 dt=5.6872011752962736e-22
cycle=5178 time=1.5579630793451907e-01 dt=1.1374402350592547e-21
cycle=5179 time=1.5579630793451907e-01 dt=2.2748804701185094e-21
cycle=5180 time=1.5579630793451907e-01 dt=4.5497609402370189e-21
cycle=5181 time=1.5579630793451907e-01 dt=9.0995218804740377e-21
cycle=5182 time=1.5579630793451907e-01 dt=1.8199043760948075e-20
cycle=5183 time=1.5579630793451907e-01 dt=3.6398087521896151e-20
cycle=5184 time=1.5579630793451907e-01 dt=7.2796175043792302e-20
cycle=5185 time=1.5579630793451907e-01 dt=1.4559235008758460e-19
cycle=5186 time=1.5579630793451907e-01 dt=2.9118470017516921e-19
cycle=5187 time=1.5579630793451907e-01 dt=5.8236940035033842e-19
cycle=5188 time=1.5579630793451907e-01 dt=1.1647388007006768e-18
cycle=5189 time=1.5579630793451907e-01 dt=2.3294776014013537e-18
cycle=5190 time=1.5579630793451907e-01 dt=4.6589552028027073e-18
cycle=5191 time=1.5579630793451907e-01 dt=9.3179104056054146e-18
cycle=5192 time=1.5579630793451907e-01 dt=1.8635820811210829e-17
cycle=5193 time=1.5579630793451910e-01 dt=3.7271641622421659e-17
cycle=5194 time=1.5579630793451912e-01 dt=7.4543283244843317e-17
cycle=5195 time=1.5579630793451921e-01 dt=1.4908656648968663e-16
cycle=5196 time=1.5579630793451935e-01 dt=2.9817313297937327e-16
cycle=5197 time=1.5579630793451965e-01 dt=5.9634626595874654e-16
cycle=5198 time=1.5579630793452023e-01 dt=1.1926925319174931e-15
cycle=5199 time=1.5579630793452143e-01 dt=2.3853850638349862e-15
cycle=5200 time=1.5579630793452381e-01 dt=4.7707701276699723e-15
cycle=5201 time=1.5579630793452859e-01 dt=9.5415402553399446e-15
cycle=5202 time=1.5579630793453814e-01 dt=1.9083080510679889e-14
cycle=5203 time=1.5579630793455723e-01 dt=3.8166161021359778e-14
cycle=5204 time=1.5579630793459540e-01 dt=7.6332322042719557e-14
cycle=5205 time=1.5579630793467172e-01 dt=1.5266464408543911e-13
cycle=5206 time=1.5579630793482438e-01 dt=3.0532928817087823e-13
cycle=5207 time=1.5579630793512972e-01 dt=6.1065857634175645e-13
cycle=5208 time=1.5579630793574037e-01 dt=1.2213171526835129e-12
cycle=5209 time=1.5579630793696170e-01 dt=2.4426343053670258e-12
cycle=5210 time=1.5579630793940433e-01 dt=4.8852686107340516e-12
cycle=5211 time=1.5579630794428959e-01 dt=9.7705372214681033e-12
cycle=5212 time=1.5579630795406013e-01 dt=1.9541074442936207e-11
cycle=5213 time=1.5579630797360119e-01 dt=3.9082148885872413e-11
cycle=5214 time=1.5579630801268335e-01 dt=7.8164297771744826e-11
cycle=5215 time=1.5579630809084766e-01 dt=1.5632859554348965e-10
cycle=5216 time=1.5579630824717625e-01 dt=3.1265719108697930e-10
cycle=5217 time=1.5579630855983342e-01 dt=6.2531438217395861e-10
cycle=5218 time=1.5579630918514781e-01 dt=1.2506287643479172e-09
cycle=5219 time=1.5579631043577657e-01 dt=2.5012575286958344e-09
cycle=5220 time=1.5579631293703411e-01 dt=5.0025150573916689e-09
cycle=5221 time=1.5579631793954918e-01 dt=1.0005030114783338e-08
cycle=5222 time=1.5579632794457929e-01 dt=2.0010060229566676e-08
cycle=5223 time=1.5579634795463951e-01 dt=4.0020120459133351e-08
cycle=5224 time=1.5579638797475998e-01 dt=8.0040240918266702e-08
cycle=5225 time=1.5579646801500088e-01 dt=1.6008048183653340e-07
cycle=5226 time=1.5579662809548273e-01 dt=3.2016096367306681e-07
cycle=5227 time=1.5579694825644641e-01 dt=6.4032192734613362e-07
cycle=5228 time=1.5579758857837375e-01 dt=1.2806438546922672e-06
cycle=5229 time=1.5579886922222844e-01 dt=2.5612877093845345e-06
cycle=5230 time=1.5580143050993783e-01 dt=2.7487619081418785e-07
cycle=5231 time=1.5580170538612864e-01 dt=5.4975238162837570e-07
cycle=5232 time=1.5580225513851026e-01 dt=1.0995047632567514e-06
cycle=5233 time=1.5580335464327352e-01 dt=1.8450367445889456e-06
cycle=5234 time=1.5580519968001810e-01 dt=1.7459324259659677e-06
cycle=5235 time=1.5580694561244407e-01 dt=1.8266607845352495e-06
cycle=5236 time=1.5580877227322862e-01 dt=1.8910563403023139e-06
cycle=5237 time=1.5581066332956892e-01 dt=1.9201355887294474e-06
cycle=5238 time=1.5581258346515764e-01 dt=1.9126634001334917e-06
cycle=5239 time=1.5581449612855777e-01 dt=1.8949925348602324e-06
cycle=5240 time=1.5581639112109263e-01 dt=1.8560605950795811e-06
cycle=5241 time=1.5581824718168771e-01 dt=1.7800706413779747e-06
cycle=5242 time=1.5582002725232910e-01 dt=1.6474721076724015e-06
cycle=5243 time=1.5582167472443678e-01 dt=1.4933695265530547e-06
cycle=5244 time=1.5582316809396332e-01 dt=1.3652795465748643e-06
cycle=5245 time=1.5582453337350990e-01 dt=1.2695530854528184e-06
cycle=5246 time=1.5582580292659537e-01 dt=1.2084863637792959e-06
cycle=5247 time=1.5582701141295915e-01 dt=1.1797500122021640e-06
cycle=5248 time=1.5582819116297136e-01 dt=1.1850766668964937e-06
cycle=5249 time=1.5582937623963827e-01 dt=1.2331436501921325e-06
cycle=5250 time=1.5583060938328847e-01 dt=1.3323782726397321e-06
cycle=5251 time=1.5583194176156109e-01 dt=1.4934249063398746e-06
cycle=5252 time=1.5583343518646744e-01 dt=1.7315004598180292e-06
cycle=5253 time=1.5583516668692726e-01 dt=2.0685188718677485e-06
cycle=5254 time=1.5583723520579912e-01 dt=2.3709183104351532e-06
cycle=5255 time=1.5583960612410955e-01 dt=2.1568280230731637e-06
cycle=5256 time=1.5584176295213262e-01 dt=1.9129743481681897e-06
cycle=5257 time=1.5584367592648080e-01 dt=1.6339919905239069e-06
cycle=5258 time=1.5584530991847131e-01 dt=1.2913980735486482e-06
cycle=5259 time=1.5584660131654487e-01 dt=1.0367133627263373e-06
cycle=5260 time=1.5584763802990761e-01 dt=8.6270176506282026e-07
cycle=5261 time=1.5584850073167267e-01 dt=7.5197001380943593e-07
cycle=5262 time=1.5584925270168648e-01 dt=6.8198561577202618e-07
cycle=5263 time=1.5584993468730227e-01 dt=6.3830690682121427e-07
cycle=5264 time=1.5585057299420910e-01 dt=6.1126275183097972e-07
cycle=5265 time=1.5585118425696093e-01 dt=5.9471500163420522e-07
cycle=5266 time=1.5585177897196256e-01 dt=5.8472690838728398e-07
cycle=5267 time=1.5585236369887095e-01 dt=5.7872798542947465e-07
cycle=5268 time=1.5585294242685638e-01 dt=5.7503918344328733e-07
cycle=5269 time=1.5585351746603981e-01 dt=5.7256975264628540e-07
cycle=5270 time=1.5585409003579245e-01 dt=5.7062446108534110e-07
cycle=5271 time=1.5585466066025352e-01 dt=5.6876953562830838e-07
cycle=5272 time=1.5585522942978916e-01 dt=5.6674755550034558e-07
cycle=5273 time=1.5585579617734466e-01 dt=5.6441948199781550e-07
cycle=5274 time=1.5585636059682664e-01 dt=5.6172629606679368e-07
cycle=5275 time=1.5585692232312270e-01 dt=5.5867533005433920e-07
cycle=5276 time=1.5585748099845276e-01 dt=1.1173506601086784e-06
cycle=5277 time=1.5585859834911286e-01 dt=2.2347013202173568e-06
cycle=5278 time=1.5586083305043308e-01 dt=2.8141465410824083e-06
cycle=5279 time=1.5586364719697415e-01 dt=1.9975989667868641e-26
cycle=5280 time=1.5586364719697415e-01 dt=3.9951979335737283e-26
cycle=5281 time=1.5586364719697415e-01 dt=3.9227262806678190e-26
cycle=5282 time=1.5586364719697415e-01 dt=7.8454525613356381e-26
cycle=5283 time=1.5586364719697415e-01 dt=5.1670397363978132e-26
cycle=5284 time=1.5586364719697415e-01 dt=5.3636415871506274e-26
cycle=5285 time=1.5586364719697415e-01 dt=5.5607083438888846e-26
cycle=5286 time=1.5586364719697415e-01 dt=1.1121416687777769e-25
cycle=5287 time=1.5586364719697415e-01 dt=6.5755943702488951e-26
cycle=5288 time=1.5586364719697415e-01 dt=1.3151188740497790e-25
cycle=5289 time=1.5586364719697415e-01 dt=2.6302377480995580e-25
cycle=5290 time=1.5586364719697415e-01 dt=5.2604754961991161e-25
cycle=5291 time=1.5586364719697415e-01 dt=1.0520950992398232e-24
cycle=5292 time=1.5586364719697415e-01 dt=2.1041901984796464e-24
cycle=5293 time=1.5586364719697415e-01 dt=4.2083803969592928e-24
cycle=5294 time=1.5586364719697415e-01 dt=8.4167607939185857e-24
cycle=5295 time=1.5586364719697415e-01 dt=1.6833521587837171e-23
cycle=5296 time=1.5586364719697415e-01 dt=3.3667043175674343e-23
cycle=5297 time=1.5586364719697415e-01 dt=6.7334086351348685e-23
cycle=5298 time=1.5586364719697415e-01 dt=1.3466817270269737e-22
cycle=5299 time=1.5586364719697415e-01 dt=2.6933634540539474e-22
cycle=5300 time=1.5586364719697415e-01 dt=5.3867269081078948e-22
cycle=5301 time=1.5586364719697415e-01 dt=1.0773453816215790e-21
cycle=5302 time=1.5586364719697415e-01 dt=2.1546907632431579e-21
cycle=5303 time=1.5586364719697415e-01 dt=4.3093815264863159e-21
cycle=5304 time=1.5586364719697415e-01 dt=8.6187630529726317e-21
cycle=5305 time=1.5586364719697415e-01 dt=1.7237526105945263e-20
cycle=5306 time=1.5586364719697415e-01 dt=3.4475052211890527e-20
cycle=5307 time=1.5586364719697415e-01 dt=6.8950104423781054e-20
cycle=5308 time=1.5586364719697415e-01 dt=1.3790020884756211e-19
cycle=5309 time=1.5586364719697415e-01 dt=2.7580041769512422e-19
cycle=5310 time=1.5586364719697415e-01 dt=5.5160083539024843e-19
cycle=5311 time=1.5586364719697415e-01 dt=1.1032016707804969e-18
cycle=5312 time=1.5586364719697415e-01 dt=2.2064033415609937e-18
cycle=5313 time=1.5586364719697415e-01 dt=4.4128066831219874e-18
cycle=5314 time=1.5586364719697415e-01 dt=8.8256133662439749e-18
cycle=5315 time=1.5586364719697415e-01 dt=1.7651226732487950e-17
cycle=5316 time=1.5586364719697418e-01 dt=3.5302453464975900e-17
cycle=5317 time=1.5586364719697421e-01 dt=7.0604906929951799e-17
cycle=5318 time=1.5586364719697429e-01 dt=1.4120981385990360e-16
cycle=5319 time=1.5586364719697443e-01 dt=2.8241962771980720e-16
cycle=5320 time=1.5586364719697471e-01 dt=5.6483925543961439e-16
cycle=5321 time=1.5586364719697526e-01 dt=1.1296785108792288e-15
cycle=5322 time=1.5586364719697640e-01 dt=2.2593570217584576e-15
cycle=5323 time=1.5586364719697865e-01 dt=4.5187140435169151e-15
cycle=5324 time=1.5586364719698317e-01 dt=9.0374280870338303e-15
cycle=5325 time=1.5586364719699222e-01 dt=1.8074856174067661e-14
cycle=5326 time=1.5586364719701029e-01 dt=3.6149712348135321e-14
cycle=5327 time=1.5586364719704643e-01 dt=7.2299424696270642e-14
cycle=5328 time=1.5586364719711873e-01 dt=1.4459884939254128e-13
cycle=5329 time=1.5586364719726334e-01 dt=2.8919769878508257e-13
cycle=5330 time=1.5586364719755252e-01 dt=5.7839539757016514e-13
cycle=5331 time=1.5586364719813092e-01 dt=1.1567907951403303e-12
cycle=5332 time=1.5586364719928772e-01 dt=2.3135815902806606e-12
cycle=5333 time=1.5586364720160131e-01 dt=4.6271631805613211e-12
cycle=5334 time=1.5586364720622847e-01 dt=9.2543263611226422e-12
cycle=5335 time=1.5586364721548279e-01 dt=1.8508652722245284e-11
cycle=5336 time=1.5586364723399143e-01 dt=3.7017305444490569e-11
cycle=5337 time=1.5586364727100874e-01 dt=7.4034610888981138e-11
cycle=5338 time=1.5586364734504335e-01 dt=1.4806922177796228e-10
cycle=5339 time=1.5586364749311257e-01 dt=2.9613844355592455e-10
cycle=5340 time=1.5586364778925102e-01 dt=5.9227688711184910e-10
cycle=5341 time=1.5586364838152791e-01 dt=1.1845537742236982e-09
cycle=5342 time=1.5586364956608167e-01 dt=2.3691075484473964e-09
cycle=5343 time=1.5586365193518922e-01 dt=4.7382150968947928e-09
cycle=5344 time=1.5586365667340432e-01 dt=9.4764301937895856e-09
cycle=5345 time=1.5586366614983452e-01 dt=1.8952860387579171e-08
cycle=5346 time=1.5586368510269491e-01 dt=3.7905720775158343e-08
cycle=5347 time=1.5586372300841569e-01 dt=7.5811441550316685e-08
cycle=5348 time=1.5586379881985724e-01 dt=1.5162288310063337e-07
cycle=5349 time=1.5586395044274035e-01 dt=3.0324576620126674e-07
cycle=5350 time=1.5586425368850654e-01 dt=3.1859166816287513e-25
cycle=5351 time=1.5586425368850654e-01 dt=7.4959037559486606e-26
cycle=5352 time=1.5586425368850654e-01 dt=1.3069420705395729e-25
cycle=5353 time=1.5586425368850654e-01 dt=2.7216748552502918e-26
cycle=5354 time=1.5586425368850654e-01 dt=5.4433497105005836e-26
cycle=5355 time=1.5586425368850654e-01 dt=1.0886699421001167e-25
cycle=5356 time=1.5586425368850654e-01 dt=2.1773398842002334e-25
cycle=5357 time=1.5586425368850654e-01 dt=1.2423928545952414e-26
cycle=5358 time=1.5586425368850654e-01 dt=2.4847857091904828e-26
cycle=5359 time=1.5586425368850654e-01 dt=4.9695714183809655e-26
cycle=5360 time=1.5586425368850654e-01 dt=9.9391428367619311e-26
cycle=5361 time=1.5586425368850654e-01 dt=4.8943494838023497e-26
cycle=5362 time=1.5586425368850654e-01 dt=9.7886989676046993e-26
cycle=5363 time=1.5586425368850654e-01 dt=1.9577397935209399e-25
cycle=5364 time=1.5586425368850654e-01 dt=3.9154795870418797e-25
cycle=5365 time=1.5586425368850654e-01 dt=7.8309591740837595e-25
cycle=5366 time=1.5586425368850654e-01 dt=1.5661918348167519e-24
cycle=5367 time=1.5586425368850654e-01 dt=3.1323836696335038e-24
cycle=5368 time=1.5586425368850654e-01 dt=6.2647673392670076e-24
cycle=5369 time=1.5586425368850654e-01 dt=1.2529534678534015e-23
cycle=5370 time=1.5586425368850654e-01 dt=2.5059069357068030e-23
cycle=5371 time=1.5586425368850654e-01 dt=5.0118138714136061e-23
cycle=5372 time=1.5586425368850654e-01 dt=1.0023627742827212e-22
cycle=5373 time=1.5586425368850654e-01 dt=2.0047255485654424e-22
cycle=5374 time=1.5586425368850654e-01 dt=4.0094510971308848e-22
cycle=5375 time=1.5586425368850654e-01 dt=8.0189021942617697e-22
cycle=5376 time=1.5586425368850654e-01 dt=1.6037804388523539e-21
cycle=5377 time=1.5586425368850654e-01 dt=3.2075608777047079e-21
cycle=5378 time=1.5586425368850654e-01 dt=6.4151217554094158e-21
cycle=5379 time=1.5586425368850654e-01 dt=1.2830243510818832e-20
cycle=5380 time=1.5586425368850654e-01 dt=2.5660487021637663e-20
cycle=5381 time=1.5586425368850654e-01 dt=5.1320974043275326e-20
cycle=5382 time=1.5586425368850654e-01 dt=1.0264194808655065e-19
cycle=5383 time=1.5586425368850654e-01 dt=2.0528389617310130e-19
cycle=5384 time=1.5586425368850654e-01 dt=4.1056779234620261e-19
cycle=5385 time=1.5586425368850654e-01 dt=8.2113558469240522e-19
cycle=5386 time=1.5586425368850654e-01 dt=1.6422711693848104e-18
cycle=5387 time=1.5586425368850654e-01 dt=3.2845423387696209e-18
cycle=5388 time=1.5586425368850654e-01 dt=6.5690846775392417e-18
cycle=5389 time=1.5586425368850654e-01 dt=1.3138169355078483e-17
cycle=5390 time=1.5586425368850654e-01 dt=2.6276338710156967e-17
cycle=5391 time=1.5586425368850657e-01 dt=5.2552677420313934e-17
cycle=5392 time=1.5586425368850662e-01 dt=1.0510535484062787e-16
cycle=5393 time=1.5586425368850673e-01 dt=2.1021070968125574e-16
cycle=5394 time=1.5586425368850695e-01 dt=4.2042141936251147e-16
cycle=5395 time=1.5586425368850737e-01 dt=8.4084283872502294e-16
cycle=5396 time=1.5586425368850820e-01 dt=1.6816856774500459e-15
cycle=5397 time=1.5586425368850990e-01 dt=3.3633713549000918e-15
cycle=5398 time=1.5586425368851325e-01 dt=6.7267427098001835e-15
cycle=5399 time=1.5586425368851997e-01 dt=1.3453485419600367e-14
cycle=5400 time=1.5586425368853343e-01 dt=2.6906970839200734e-14
cycle=5401 time=1.5586425368856033e-01 dt=5.3813941678401468e-14
cycle=5402 time=1.5586425368861415e-01 dt=1.0762788335680294e-13
cycle=5403 time=1.5586425368872178e-01 dt=2.1525576671360587e-13
cycle=5404 time=1.5586425368893703e-01 dt=4.3051153342721175e-13
cycle=5405 time=1.5586425368936754e-01 dt=8.6102306685442349e-13
cycle=5406 time=1.5586425369022858e-01 dt=1.7220461337088470e-12
cycle=5407 time=1.5586425369195062e-01 dt=3.4440922674176940e-12
cycle=5408 time=1.5586425369539472e-01 dt=6.8881845348353879e-12
cycle=5409 time=1.5586425370228291e-01 dt=1.3776369069670776e-11
cycle=5410 time=1.5586425371605928e-01 dt=2.7552738139341552e-11
cycle=5411 time=1.5586425374361201e-01 dt=5.5105476278683104e-11
cycle=5412 time=1.5586425379871749e-01 dt=1.1021095255736621e-10
cycle=5413 time=1.5586425390892844e-01 dt=2.2042190511473241e-10
cycle=5414 time=1.5586425412935034e-01 dt=4.4084381022946483e-10
cycle=5415 time=1.5586425457019415e-01 dt=8.8168762045892966e-10
cycle=5416 time=1.5586425545188176e-01 dt=1.7633752409178593e-09
cycle=5417 time=1.5586425721525701e-01 dt=3.5267504818357186e-09
cycle=5418 time=1.5586426074200749e-01 dt=7.0535009636714372e-09
cycle=5419 time=1.5586426779550844e-01 dt=1.4107001927342874e-08
cycle=5420 time=1.5586428190251037e-01 dt=2.8214003854685749e-08
cycle=5421 time=1.5586431011651422e-01 dt=5.6428007709371498e-08
cycle=5422 time=1.5586436654452193e-01 dt=1.1285601541874300e-07
cycle=5423 time=1.5586447940053735e-01 dt=2.2571203083748599e-07
cycle=5424 time=1.5586470511256820e-01 dt=7.0278268111577351e-25
cycle=5425 time=1.5586470511256820e-01 dt=1.4055653622315470e-24
cycle=5426 time=1.5586470511256820e-01 dt=2.8111307244630940e-24
cycle=5427 time=1.5586470511256820e-01 dt=5.6222614489261881e-24
cycle=5428 time=1.5586470511256820e-01 dt=1.1244522897852376e-23
cycle=5429 time=1.5586470511256820e-01 dt=2.2489045795704752e-23
cycle=5430 time=1.5586470511256820e-01 dt=4.4978091591409504e-23
cycle=5431 time=1.5586470511256820e-01 dt=8.9956183182819009e-23
cycle=5432 time=1.5586470511256820e-01 dt=1.7991236636563802e-22
cycle=5433 time=1.5586470511256820e-01 dt=3.5982473273127604e-22
cycle=5434 time=1.5586470511256820e-01 dt=7.1964946546255207e-22
cycle=5435 time=1.5586470511256820e-01 dt=1.4392989309251041e-21
cycle=5436 time=1.5586470511256820e-01 dt=2.8785978618502083e-21
cycle=5437 time=1.5586470511256820e-01 dt=5.7571957237004166e-21
cycle=5438 time=1.5586470511256820e-01 dt=1.1514391447400833e-20
cycle=5439 time=1.5586470511256820e-01 dt=2.3028782894801666e-20
cycle=5440 time=1.5586470511256820e-01 dt=4.6057565789603333e-20
cycle=5441 time=1.5586470511256820e-01 dt=9.2115131579206665e-20
cycle=5442 time=1.5586470511256820e-01 dt=1.8423026315841333e-19
cycle=5443 time=1.5586470511256820e-01 dt=3.6846052631682666e-19
cycle=5444 time=1.5586470511256820e-01 dt=7.3692105263365332e-19
cycle=5445 time=1.5586470511256820e-01 dt=1.4738421052673066e-18
cycle=5446 time=1.5586470511256820e-01 dt=2.9476842105346133e-18
cycle=5447 time=1.5586470511256820e-01 dt=5.8953684210692266e-18
cycle=5448 time=1.5586470511256820e-01 dt=1.1790736842138453e-17
cycle=5449 time=1.5586470511256820e-01 dt=2.3581473684276906e-17
cycle=5450 time=1.5586470511256822e-01 dt=4.7162947368553813e-17
cycle=5451 time=1.5586470511256828e-01 dt=9.4325894737107625e-17
cycle=5452 time=1.5586470511256836e-01 dt=1.8865178947421525e-16
cycle=5453 time=1.5586470511256856e-01 dt=3.7730357894843050e-16
cycle=5454 time=1.5586470511256895e-01 dt=7.5460715789686100e-16
cycle=5455 time=1.5586470511256970e-01 dt=1.5092143157937220e-15
cycle=5456 time=1.5586470511257119e-01 dt=3.0184286315874440e-15
cycle=5457 time=1.5586470511257422e-01 dt=6.0368572631748880e-15
cycle=5458 time=1.5586470511258027e-01 dt=1.2073714526349776e-14
cycle=5459 time=1.5586470511259234e-01 dt=2.4147429052699552e-14
cycle=5460 time=1.5586470511261649e-01 dt=4.8294858105399104e-14
cycle=5461 time=1.5586470511266479e-01 dt=9.6589716210798208e-14
cycle=5462 time=1.5586470511276138e-01 dt=1.9317943242159642e-13
cycle=5463 time=1.5586470511295455e-01 dt=3.8635886484319283e-13
cycle=5464 time=1.5586470511334091e-01 dt=7.7271772968638566e-13
cycle=5465 time=1.5586470511411363e-01 dt=1.5454354593727713e-12
cycle=5466 time=1.5586470511565906e-01 dt=3.0908709187455427e-12
cycle=5467 time=1.5586470511874992e-01 dt=6.1817418374910853e-12
cycle=5468 time=1.5586470512493167e-01 dt=1.2363483674982171e-11
cycle=5469 time=1.5586470513729514e-01 dt=2.4726967349964341e-11
cycle=5470 time=1.5586470516202211e-01 dt=4.9453934699928683e-11
cycle=5471 time=1.5586470521147605e-01 dt=9.8907869399857365e-11
cycle=5472 time=1.5586470531038393e-01 dt=1.9781573879971473e-10
cycle=5473 time=1.5586470550819967e-01 dt=3.9563147759942946e-10
cycle=5474 time=1.5586470590383114e-01 dt=7.9126295519885892e-10
cycle=5475 time=1.5586470669509409e-01 dt=1.5825259103977178e-09
cycle=5476 time=1.5586470827762000e-01 dt=3.1650518207954357e-09
cycle=5477 time=1.5586471144267183e-01 dt=6.3301036415908714e-09
cycle=5478 time=1.5586471777277547e-01 dt=1.2660207283181743e-08
cycle=5479 time=1.5586473043298274e-01 dt=2.5320414566363485e-08
cycle=5480 time=1.5586475575339731e-01 dt=5.0640829132726971e-08
cycle=5481 time=1.5586480639422645e-01 dt=1.0128165826545394e-07
cycle=5482 time=1.5586490767588471e-01 dt=2.0256331653090788e-07
cycle=5483 time=1.5586511023920124e-01 dt=5.8659032031520471e-25
cycle=5484 time=1.5586511023920124e-01 dt=1.1731806406304094e-24
cycle=5485 time=1.5586511023920124e-01 dt=2.3463612812608188e-24
cycle=5486 time=1.5586511023920124e-01 dt=4.6927225625216377e-24
cycle=5487 time=1.5586511023920124e-01 dt=9.3854451250432753e-24
cycle=5488 time=1.5586511023920124e-01 dt=1.8770890250086551e-23
cycle=5489 time=1.5586511023920124e-01 dt=3.7541780500173101e-23
cycle=5490 time=1.5586511023920124e-01 dt=7.5083561000346203e-23
cycle=5491 time=1.5586511023920124e-01 dt=1.5016712200069241e-22
cycle=5492 time=1.5586511023920124e-01 dt=3.0033424400138481e-22
cycle=5493 time=1.5586511023920124e-01 dt=6.0066848800276962e-22
cycle=5494 time=1.5586511023920124e-01 dt=1.2013369760055392e-21
cycle=5495 time=1.5586511023920124e-01 dt=2.4026739520110785e-21
cycle=5496 time=1.5586511023920124e-01 dt=4.8053479040221570e-21
cycle=5497 time=1.5586511023920124e-01 dt=9.6106958080443140e-21
cycle=5498 time=1.5586511023920124e-01 dt=1.9221391616088628e-20
cycle=5499 time=1.5586511023920124e-01 dt=3.8442783232177256e-20
cycle=5500 time=1.5586511023920124e-01 dt=7.6885566464354512e-20
cycle=5501 time=1.5586511023920124e-01 dt=1.5377113292870902e-19
cycle=5502 time=1.5586511023920124e-01 dt=3.0754226585741805e-19
cycle=5503 time=1.5586511023920124e-01 dt=6.1508453171483609e-19
cycle=5504 time=1.5586511023920124e-01 dt=1.2301690634296722e-18
cycle=5505 time=1.5586511023920124e-01 dt=2.4603381268593444e-18
cycle=5506 time=1.5586511023920124e-01 dt=4.9206762537186887e-18
cycle=5507 time=1.5586511023920124e-01 dt=9.8413525074373775e-18
cycle=5508 time=1.5586511023920124e-01 dt=1.9682705014874755e-17
cycle=5509 time=1.5586511023920127e-01 dt=3.9365410029749510e-17
cycle=5510 time=1.5586511023920130e-01 dt=7.8730820059499020e-17
cycle=5511 time=1.5586511023920138e-01 dt=1.5746164011899804e-16
cycle=5512 time=1.5586511023920155e-01 dt=3.1492328023799608e-16
cycle=5513 time=1.5586511023920185e-01 dt=6.2984656047599216e-16
cycle=5514 time=1.5586511023920249e-01 dt=1.2596931209519843e-15
cycle=5515 time=1.5586511023920374e-01 dt=2.5193862419039686e-15
cycle=5516 time=1.5586511023920627e-01 dt=5.0387724838079373e-15
cycle=5517 time=1.5586511023921132e-01 dt=1.0077544967615875e-14
cycle=5518 time=1.5586511023922139e-01 dt=2.0155089935231749e-14
cycle=5519 time=1.5586511023924154e-01 dt=4.0310179870463498e-14
cycle=5520 time=1.5586511023928185e-01 dt=8.0620359740926996e-14
cycle=5521 time=1.5586511023936248e-01 dt=1.6124071948185399e-13
cycle=5522 time=1.5586511023952371e-01 dt=3.2248143896370799e-13
cycle=5523 time=1.5586511023984620e-01 dt=6.4496287792741597e-13
cycle=5524 time=1.5586511024049116e-01 dt=1.2899257558548319e-12
cycle=5525 time=1.5586511024178107e-01 dt=2.5798515117096639e-12
cycle=5526 time=1.5586511024436092e-01 dt=5.1597030234193278e-12
cycle=5527 time=1.5586511024952063e-01 dt=1.0319406046838656e-11
cycle=5528 time=1.5586511025984004e-01 dt=2.0638812093677311e-11
cycle=5529 time=1.5586511028047886e-01 dt=4.1277624187354622e-11
cycle=5530 time=1.5586511032175648e-01 dt=8.2555248374709244e-11
cycle=5531 time=1.5586511040431172e-01 dt=1.6511049674941849e-10
cycle=5532 time=1.5586511056942223e-01 dt=3.3022099349883698e-10
cycle=5533 time=1.5586511089964322e-01 dt=6.6044198699767395e-10
cycle=5534 time=1.5586511156008520e-01 dt=1.3208839739953479e-09
cycle=5535 time=1.5586511288096919e-01 dt=2.6417679479906958e-09
cycle=5536 time=1.5586511552273713e-01 dt=5.2835358959813916e-09
cycle=5537 time=1.5586512080627302e-01 dt=1.0567071791962783e-08
cycle=5538 time=1.5586513137334482e-01 dt=2.1134143583925567e-08
cycle=5539 time=1.5586515250748839e-01 dt=4.2268287167851133e-08
cycle=5540 time=1.5586519477577557e-01 dt=8.4536574335702266e-08
cycle=5541 time=1.5586527931234989e-01 dt=1.6907314867140453e-07
cycle=5542 time=1.5586544838549857e-01 dt=3.3814629734280906e-07
cycle=5543 time=1.5586578653179592e-01 dt=1.4340796007297159e-25
cycle=5544 time=1.5586578653179592e-01 dt=1.4375333103597453e-25
cycle=5545 time=1.5586578653179592e-01 dt=1.8353441554721862e-25
cycle=5546 time=1.5586578653179592e-01 dt=3.6706883109443725e-25
cycle=5547 time=1.5586578653179592e-01 dt=7.3413766218887449e-25
cycle=5548 time=1.5586578653179592e-01 dt=1.4682753243777490e-24
cycle=5549 time=1.5586578653179592e-01 dt=2.9365506487554980e-24
cycle=5550 time=1.5586578653179592e-01 dt=5.8731012975109960e-24
cycle=5551 time=1.5586578653179592e-01 dt=1.1746202595021992e-23
cycle=5552 time=1.5586578653179592e-01 dt=2.3492405190043984e-23
cycle=5553 time=1.5586578653179592e-01 dt=4.6984810380087968e-23
cycle=5554 time=1.5586578653179592e-01 dt=9.3969620760175935e-23
cycle=5555 time=1.5586578653179592e-01 dt=1.8793924152035187e-22
cycle=5556 time=1.5586578653179592e-01 dt=3.7587848304070374e-22
cycle=5557 time=1.5586578653179592e-01 dt=7.5175696608140748e-22
cycle=5558 time=1.5586578653179592e-01 dt=1.5035139321628150e-21
cycle=5559 time=1.5586578653179592e-01 dt=3.0070278643256299e-21
cycle=5560 time=1.5586578653179592e-01 dt=6.0140557286512599e-21
cycle=5561 time=1.5586578653179592e-01 dt=1.2028111457302520e-20
cycle=5562 time=1.5586578653179592e-01 dt=2.4056222914605039e-20
cycle=5563 time=1.5586578653179592e-01 dt=4.8112445829210079e-20
cycle=5564 time=1.5586578653179592e-01 dt=9.6224891658420158e-20
cycle=5565 time=1.5586578653179592e-01 dt=1.9244978331684032e-19
cycle=5566 time=1.5586578653179592e-01 dt=3.8489956663368063e-19
cycle=5567 time=1.5586578653179592e-01 dt=7.6979913326736126e-19
cycle=5568 time=1.5586578653179592e-01 dt=1.5395982665347225e-18
cycle=5569 time=1.5586578653179592e-01 dt=3.0791965330694450e-18
cycle=5570 time=1.5586578653179592e-01 dt=6.1583930661388901e-18
cycle=5571 time=1.5586578653179592e-01 dt=1.2316786132277780e-17
cycle=5572 time=1.5586578653179592e-01 dt=2.4633572264555560e-17
cycle=5573 time=1.5586578653179595e-01 dt=4.9267144529111121e-17
cycle=5574 time=1.5586578653179600e-01 dt=9.8534289058222242e-17
cycle=5575 time=1.5586578653179611e-01 dt=1.9706857811644448e-16
cycle=5576 time=1.5586578653179631e-01 dt=3.9413715623288897e-16
cycle=5577 time=1.5586578653179670e-01 dt=7.8827431246577793e-16
cycle=5578 time=1.5586578653179747e-01 dt=1.5765486249315559e-15
cycle=5579 time=1.5586578653179906e-01 dt=3.1530972498631117e-15
cycle=5580 time=1.5586578653180222e-01 dt=6.3061944997262235e-15
cycle=5581 time=1.5586578653180852e-01 dt=1.2612388999452447e-14
cycle=5582 time=1.5586578653182112e-01 dt=2.5224777998904894e-14
cycle=5583 time=1.5586578653184635e-01 dt=5.0449555997809788e-14
cycle=5584 time=1.5586578653189681e-01 dt=1.0089911199561958e-13
cycle=5585 time=1.5586578653199770e-01 dt=2.0179822399123915e-13
cycle=5586 time=1.5586578653219951e-01 dt=4.0359644798247830e-13
cycle=5587 time=1.5586578653260311e-01 dt=8.0719289596495660e-13
cycle=5588 time=1.5586578653341029e-01 dt=1.6143857919299132e-12
cycle=5589 time=1.5586578653502467e-01 dt=3.2287715838598264e-12
cycle=5590 time=1.5586578653825345e-01 dt=6.4575431677196528e-12
cycle=5591 time=1.5586578654471100e-01 dt=1.2915086335439306e-11
cycle=5592 time=1.5586578655762609e-01 dt=2.5830172670878611e-11
cycle=5593 time=1.5586578658345626e-01 dt=5.1660345341757223e-11
cycle=5594 time=1.5586578663511660e-01 dt=1.0332069068351445e-10
cycle=5595 time=1.5586578673843729e-01 dt=2.0664138136702889e-10
cycle=5596 time=1.5586578694507866e-01 dt=4.1328276273405778e-10
cycle=5597 time=1.5586578735836143e-01 dt=8.2656552546811556e-10
cycle=5598 time=1.5586578818492697e-01 dt=1.6531310509362311e-09
cycle=5599 time=1.5586578983805802e-01 dt=3.3062621018724622e-09
cycle=5600 time=1.5586579314432011e-01 dt=6.6125242037449245e-09
cycle=5601 time=1.5586579975684431e-01 dt=1.3225048407489849e-08
cycle=5602 time=1.5586581298189273e-01 dt=2.6450096814979698e-08
cycle=5603 time=1.5586583943198953e-01 dt=5.2900193629959396e-08
cycle=5604 time=1.5586589233218318e-01 dt=1.0580038725991879e-07
cycle=5605 time=1.5586599813257043e-01 dt=2.1160077451983758e-07
cycle=5606 time=1.5586620973334495e-01 dt=3.4410961839438198e-25
cycle=5607 time=1.5586620973334495e-01 dt=6.8821923678876395e-25
cycle=5608 time=1.5586620973334495e-01 dt=1.3764384735775279e-24
cycle=5609 time=1.5586620973334495e-01 dt=2.7528769471550558e-24
cycle=5610 time=1.5586620973334495e-01 dt=5.5057538943101116e-24
cycle=5611 time=1.5586620973334495e-01 dt=1.1011507788620223e-23
cycle=5612 time=1.5586620973334495e-01 dt=2.2023015577240446e-23
cycle=5613 time=1.5586620973334495e-01 dt=4.4046031154480893e-23
cycle=5614 time=1.5586620973334495e-01 dt=8.8092062308961786e-23
cycle=5615 time=1.5586620973334495e-01 dt=1.7618412461792357e-22
cycle=5616 time=1.5586620973334495e-01 dt=3.5236824923584714e-22
cycle=5617 time=1.5586620973334495e-01 dt=7.0473649847169429e-22
cycle=5618 time=1.5586620973334495e-01 dt=1.4094729969433886e-21
cycle=5619 time=1.5586620973334495e-01 dt=2.8189459938867771e-21
cycle=5620 time=1.5586620973334495e-01 dt=5.6378919877735543e-21
cycle=5621 time=1.5586620973334495e-01 dt=1.1275783975547109e-20
cycle=5622 time=1.5586620973334495e-01 dt=2.2551567951094217e-20
cycle=5623 time=1.5586620973334495e-01 dt=4.5103135902188434e-20
cycle=5624 time=1.5586620973334495e-01 dt=9.0206271804376869e-20
cycle=5625 time=1.5586620973334495e-01 dt=1.8041254360875374e-19
cycle=5626 time=1.5586620973334495e-01 dt=3.6082508721750747e-19
cycle=5627 time=1.5586620973334495e-01 dt=7.2165017443501495e-19
cycle=5628 time=1.5586620973334495e-01 dt=1.4433003488700299e-18
cycle=5629 time=1.5586620973334495e-01 dt=2.8866006977400598e-18
cycle=5630 time=1.5586620973334495e-01 dt=5.7732013954801196e-18
cycle=5631 time=1.5586620973334495e-01 dt=1.1546402790960239e-17
cycle=5632 time=1.5586620973334495e-01 dt=2.3092805581920478e-17
cycle=5633 time=1.5586620973334497e-01 dt=4.6185611163840957e-17
cycle=5634 time=1.5586620973334503e-01 dt=9.2371222327681914e-17
cycle=5635 time=1.5586620973334511e-01 dt=1.8474244465536383e-16
cycle=5636 time=1.5586620973334531e-01 dt=3.6948488931072765e-16
cycle=5637 time=1.5586620973334567e-01 dt=7.3896977862145531e-16
cycle=5638 time=1.5586620973334642e-01 dt=1.4779395572429106e-15
cycle=5639 time=1.5586620973334789e-01 dt=2.9558791144858212e-15
cycle=5640 time=1.5586620973335083e-01 dt=5.9117582289716425e-15
cycle=5641 time=1.5586620973335674e-01 dt=1.1823516457943285e-14
cycle=5642 time=1.5586620973336857e-01 dt=2.3647032915886570e-14
cycle=5643 time=1.5586620973339221e-01 dt=4.7294065831773140e-14
cycle=5644 time=1.5586620973343951e-01 dt=9.4588131663546279e-14
cycle=5645 time=1.5586620973353410e-01 dt=1.8917626332709256e-13
cycle=5646 time=1.5586620973372328e-01 dt=3.7835252665418512e-13
cycle=5647 time=1.5586620973410165e-01 dt=7.5670505330837024e-13
cycle=5648 time=1.5586620973485835e-01 dt=1.5134101066167405e-12
cycle=5649 time=1.5586620973637175e-01 dt=3.0268202132334809e-12
cycle=5650 time=1.5586620973939858e-01 dt=6.0536404264669619e-12
cycle=5651 time=1.5586620974545221e-01 dt=1.2107280852933924e-11
cycle=5652 time=1.5586620975755949e-01 dt=2.4214561705867848e-11
cycle=5653 time=1.5586620978177407e-01 dt=4.8429123411735695e-11
cycle=5654 time=1.5586620983020319e-01 dt=9.6858246823471390e-11
cycle=5655 time=1.5586620992706143e-01 dt=1.9371649364694278e-10
cycle=5656 time=1.5586621012077792e-01 dt=3.8743298729388556e-10
cycle=5657 time=1.5586621050821090e-01 dt=7.7486597458777112e-10
cycle=5658 time=1.5586621128307687e-01 dt=1.5497319491755422e-09
cycle=5659 time=1.5586621283280883e-01 dt=3.0994638983510845e-09
cycle=5660 time=1.5586621593227273e-01 dt=6.1989277967021690e-09
cycle=5661 time=1.5586622213120052e-01 dt=1.2397855593404338e-08
cycle=5662 time=1.5586623452905612e-01 dt=2.4795711186808676e-08
cycle=5663 time=1.5586625932476730e-01 dt=4.9591422373617352e-08
cycle=5664 time=1.5586630891618969e-01 dt=9.9182844747234704e-08
cycle=5665 time=1.5586640809903443e-01 dt=1.9836568949446941e-07
cycle=5666 time=1.5586660646472392e-01 dt=3.2559837518007432e-08
cycle=5667 time=1.5586663902456144e-01 dt=2.2160152844094746e-25
cycle=5668 time=1.5586663902456144e-01 dt=4.4320305688189493e-25
cycle=5669 time=1.5586663902456144e-01 dt=8.8640611376378986e-25
cycle=5670 time=1.5586663902456144e-01 dt=1.7728122275275797e-24
cycle=5671 time=1.5586663902456144e-01 dt=3.5456244550551594e-24
cycle=5672 time=1.5586663902456144e-01 dt=7.0912489101103189e-24
cycle=5673 time=1.5586663902456144e-01 dt=1.4182497820220638e-23
cycle=5674 time=1.5586663902456144e-01 dt=2.8364995640441275e-23
cycle=5675 time=1.5586663902456144e-01 dt=5.6729991280882551e-23
cycle=5676 time=1.5586663902456144e-01 dt=1.1345998256176510e-22
cycle=5677 time=1.5586663902456144e-01 dt=2.2691996512353020e-22
cycle=5678 time=1.5586663902456144e-01 dt=4.5383993024706041e-22
cycle=5679 time=1.5586663902456144e-01 dt=9.0767986049412081e-22
cycle=5680 time=1.5586663902456144e-01 dt=1.8153597209882416e-21
cycle=5681 time=1.5586663902456144e-01 dt=3.6307194419764833e-21
cycle=5682 time=1.5586663902456144e-01 dt=7.2614388839529665e-21
cycle=5683 time=1.5586663902456144e-01 dt=1.4522877767905933e-20
cycle=5684 time=1.5586663902456144e-01 dt=2.9045755535811866e-20
cycle=5685 time=1.5586663902456144e-01 dt=5.8091511071623732e-20
cycle=5686 time=1.5586663902456144e-01 dt=1.1618302214324746e-19
cycle=5687 time=1.5586663902456144e-01 dt=2.3236604428649493e-19
cycle=5688 time=1.5586663902456144e-01 dt=4.6473208857298986e-19
cycle=5689 time=1.5586663902456144e-01 dt=9.2946417714597971e-19
cycle=5690 time=1.5586663902456144e-01 dt=1.8589283542919594e-18
cycle=5691 time=1.5586663902456144e-01 dt=3.7178567085839189e-18
cycle=5692 time=1.5586663902456144e-01 dt=7.4357134171678377e-18
cycle=5693 time=1.5586663902456144e-01 dt=1.4871426834335675e-17
cycle=5694 time=1.5586663902456147e-01 dt=2.9742853668671351e-17
cycle=5695 time=1.5586663902456149e-01 dt=5.9485707337342702e-17
cycle=5696 time=1.5586663902456155e-01 dt=1.1897141467468540e-16
cycle=5697 time=1.5586663902456166e-01 dt=2.3794282934937081e-16
cycle=5698 time=1.5586663902456191e-01 dt=4.7588565869874161e-16
cycle=5699 time=1.5586663902456238e-01 dt=9.5177131739748323e-16
cycle=5700 time=1.5586663902456332e-01 dt=1.9035426347949665e-15
cycle=5701 time=1.5586663902456524e-01 dt=3.8070852695899329e-15
cycle=5702 time=1.5586663902456904e-01 dt=7.6141705391798658e-15
cycle=5703 time=1.5586663902457665e-01 dt=1.5228341078359732e-14
cycle=5704 time=1.5586663902459189e-01 dt=3.0456682156719463e-14
cycle=5705 time=1.5586663902462233e-01 dt=6.0913364313438927e-14
cycle=5706 time=1.5586663902468326e-01 dt=1.2182672862687785e-13
cycle=5707 time=1.5586663902480508e-01 dt=2.4365345725375571e-13
cycle=5708 time=1.5586663902504874e-01 dt=4.8730691450751141e-13
cycle=5709 time=1.5586663902553605e-01 dt=9.7461382901502282e-13
cycle=5710 time=1.5586663902651066e-01 dt=1.9492276580300456e-12
cycle=5711 time=1.5586663902845987e-01 dt=3.8984553160600913e-12
cycle=5712 time=1.5586663903235834e-01 dt=7.7969106321201826e-12
cycle=5713 time=1.5586663904015524e-01 dt=1.5593821264240365e-11
cycle=5714 time=1.5586663905574907e-01 dt=3.1187642528480730e-11
cycle=5715 time=1.5586663908693671e-01 dt=6.2375285056961461e-11
cycle=5716 time=1.5586663914931198e-01 dt=1.2475057011392292e-10
cycle=5717 time=1.5586663927406255e-01 dt=2.4950114022784584e-10
cycle=5718 time=1.5586663952356369e-01 dt=4.9900228045569169e-10
cycle=5719 time=1.5586664002256598e-01 dt=9.9800456091138337e-10
cycle=5720 time=1.5586664102057055e-01 dt=1.9960091218227667e-09
cycle=5721 time=1.5586664301657965e-01 dt=3.9920182436455335e-09
cycle=5722 time=1.5586664700859790e-01 dt=7.9840364872910670e-09
cycle=5723 time=1.5586665499263438e-01 dt=1.5968072974582134e-08
cycle=5724 time=1.5586667096070736e-01 dt=3.1936145949164268e-08
cycle=5725 time=1.5586670289685331e-01 dt=6.3872291898328536e-08
cycle=5726 time=1.5586676676914521e-01 dt=1.2774458379665707e-07
cycle=5727 time=1.5586689451372901e-01 dt=2.5548916759331414e-07
cycle=5728 time=1.5586715000289661e-01 dt=1.7209453747314326e-25
cycle=5729 time=1.5586715000289661e-01 dt=3.4418907494628652e-25
cycle=5730 time=1.5586715000289661e-01 dt=1.7246102836114357e-25
cycle=5731 time=1.5586715000289661e-01 dt=3.4492205672228714e-25
cycle=5732 time=1.5586715000289661e-01 dt=6.8984411344457428e-25
cycle=5733 time=1.5586715000289661e-01 dt=1.3796882268891486e-24
cycle=5734 time=1.5586715000289661e-01 dt=2.7593764537782971e-24
cycle=5735 time=1.5586715000289661e-01 dt=5.5187529075565943e-24
cycle=5736 time=1.5586715000289661e-01 dt=1.1037505815113189e-23
cycle=5737 time=1.5586715000289661e-01 dt=2.2075011630226377e-23
cycle=5738 time=1.5586715000289661e-01 dt=4.4150023260452754e-23
cycle=5739 time=1.5586715000289661e-01 dt=8.8300046520905508e-23
cycle=5740 time=1.5586715000289661e-01 dt=1.7660009304181102e-22
cycle=5741 time=1.5586715000289661e-01 dt=3.5320018608362203e-22
cycle=5742 time=1.5586715000289661e-01 dt=7.0640037216724407e-22
cycle=5743 time=1.5586715000289661e-01 dt=1.4128007443344881e-21
cycle=5744 time=1.5586715000289661e-01 dt=2.8256014886689763e-21
cycle=5745 time=1.5586715000289661e-01 dt=5.6512029773379525e-21
cycle=5746 time=1.5586715000289661e-01 dt=1.1302405954675905e-20
cycle=5747 time=1.5586715000289661e-01 dt=2.2604811909351810e-20
cycle=5748 time=1.5586715000289661e-01 dt=4.5209623818703620e-20
cycle=5749 time=1.5586715000289661e-01 dt=9.0419247637407241e-20
cycle=5750 time=1.5586715000289661e-01 dt=1.8083849527481448e-19
cycle=5751 time=1.5586715000289661e-01 dt=3.6167699054962896e-19
cycle=5752 time=1.5586715000289661e-01 dt=7.2335398109925792e-19
cycle=5753 time=1.5586715000289661e-01 dt=1.4467079621985158e-18
cycle=5754 time=1.5586715000289661e-01 dt=2.8934159243970317e-18
cycle=5755 time=1.5586715000289661e-01 dt=5.7868318487940634e-18
cycle=5756 time=1.5586715000289661e-01 dt=1.1573663697588127e-17
cycle=5757 time=1.5586715000289661e-01 dt=2.3147327395176254e-17
cycle=5758 time=1.5586715000289664e-01 dt=4.6294654790352507e-17
cycle=5759 time=1.5586715000289669e-01 dt=9.2589309580705014e-17
cycle=5760 time=1.5586715000289678e-01 dt=1.8517861916141003e-16
cycle=5761 time=1.5586715000289697e-01 dt=3.7035723832282006e-16
cycle=5762 time=1.5586715000289733e-01 dt=7.4071447664564011e-16
cycle=5763 time=1.5586715000289808e-01 dt=1.4814289532912802e-15
cycle=5764 time=1.5586715000289955e-01 dt=2.9628579065825605e-15
cycle=5765 time=1.5586715000290252e-01 dt=5.9257158131651209e-15
cycle=5766 time=1.5586715000290843e-01 dt=1.1851431626330242e-14
cycle=5767 time=1.5586715000292028e-01 dt=2.3702863252660484e-14
cycle=5768 time=1.5586715000294399e-01 dt=4.7405726505320967e-14
cycle=5769 time=1.5586715000299139e-01 dt=9.4811453010641935e-14
cycle=5770 time=1.5586715000308621e-01 dt=1.8962290602128387e-13
cycle=5771 time=1.5586715000327583e-01 dt=3.7924581204256774e-13
cycle=5772 time=1.5586715000365509e-01 dt=7.5849162408513548e-13
cycle=5773 time=1.5586715000441359e-01 dt=1.5169832481702710e-12
cycle=5774 time=1.5586715000593057e-01 dt=3.0339664963405419e-12
cycle=5775 time=1.5586715000896453e-01 dt=6.0679329926810838e-12
cycle=5776 time=1.5586715001503246e-01 dt=1.2135865985362168e-11
cycle=5777 time=1.5586715002716833e-01 dt=2.4271731970724335e-11
cycle=5778 time=1.5586715005144006e-01 dt=4.8543463941448671e-11
cycle=5779 time=1.5586715009998353e-01 dt=9.7086927882897341e-11
cycle=5780 time=1.5586715019707045e-01 dt=1.9417385576579468e-10
cycle=5781 time=1.5586715039124430e-01 dt=3.8834771153158936e-10
cycle=5782 time=1.5586715077959201e-01 dt=7.7669542306317873e-10
cycle=5783 time=1.5586715155628744e-01 dt=1.5533908461263575e-09
cycle=5784 time=1.5586715310967827e-01 dt=3.1067816922527149e-09
cycle=5785 time=1.5586715621645997e-01 dt=6.2135633845054298e-09
cycle=5786 time=1.5586716243002335e-01 dt=1.2427126769010860e-08
cycle=5787 time=1.5586717485715013e-01 dt=2.4854253538021719e-08
cycle=5788 time=1.5586719971140367e-01 dt=4.9708507076043439e-08
cycle=5789 time=1.5586724941991076e-01 dt=9.9417014152086877e-08
cycle=5790 time=1.5586734883692491e-01 dt=1.9883402830417375e-07
cycle=5791 time=1.5586754767095320e-01 dt=3.9766805660834751e-07
cycle=5792 time=1.5586794533900980e-01 dt=7.5008886047357590e-26
cycle=5793 time=1.5586794533900980e-01 dt=9.5766212617054990e-26
cycle=5794 time=1.5586794533900980e-01 dt=1.9153242523410998e-25
cycle=5795 time=1.5586794533900980e-01 dt=3.8306485046821996e-25
cycle=5796 time=1.5586794533900980e-01 dt=7.6612970093643992e-25
cycle=5797 time=1.5586794533900980e-01 dt=1.5322594018728798e-24
cycle=5798 time=1.5586794533900980e-01 dt=3.0645188037457597e-24
cycle=5799 time=1.5586794533900980e-01 dt=6.1290376074915193e-24
cycle=5800 time=1.5586794533900980e-01 dt=1.2258075214983039e-23
cycle=5801 time=1.5586794533900980e-01 dt=2.4516150429966077e-23
cycle=5802 time=1.5586794533900980e-01 dt=4.9032300859932155e-23
cycle=5803 time=1.5586794533900980e-01 dt=9.8064601719864309e-23
cycle=5804 time=1.5586794533900980e-01 dt=1.9612920343972862e-22
cycle=5805 time=1.5586794533900980e-01 dt=3.9225840687945724e-22
cycle=5806 time=1.5586794533900980e-01 dt=7.8451681375891447e-22
cycle=5807 time=1.5586794533900980e-01 dt=1.5690336275178289e-21
cycle=5808 time=1.5586794533900980e-01 dt=3.1380672550356579e-21
cycle=5809 time=1.5586794533900980e-01 dt=6.2761345100713158e-21
cycle=5810 time=1.5586794533900980e-01 dt=1.2552269020142632e-20
cycle=5811 time=1.5586794533900980e-01 dt=2.5104538040285263e-20
cycle=5812 time=1.5586794533900980e-01 dt=5.0209076080570526e-20
cycle=5813 time=1.5586794533900980e-01 dt=1.0041815216114105e-19
cycle=5814 time=1.5586794533900980e-01 dt=2.0083630432228211e-19
cycle=5815 time=1.5586794533900980e-01 dt=4.0167260864456421e-19
cycle=5816 time=1.5586794533900980e-01 dt=8.0334521728912842e-19
cycle=5817 time=1.5586794533900980e-01 dt=1.6066904345782568e-18
cycle=5818 time=1.5586794533900980e-01 dt=3.2133808691565137e-18
cycle=5819 time=1.5586794533900980e-01 dt=6.4267617383130274e-18
cycle=5820 time=1.5586794533900980e-01 dt=1.2853523476626055e-17
cycle=5821 time=1.5586794533900980e-01 dt=2.5707046953252110e-17
cycle=5822 time=1.5586794533900983e-01 dt=5.1414093906504219e-17
cycle=5823 time=1.5586794533900988e-01 dt=1.0282818781300844e-16
cycle=5824 time=1.5586794533900999e-01 dt=2.0565637562601688e-16
cycle=5825 time=1.5586794533901019e-01 dt=4.1131275125203375e-16
cycle=5826 time=1.5586794533901061e-01 dt=8.2262550250406750e-16
cycle=5827 time=1.5586794533901144e-01 dt=1.6452510050081350e-15
cycle=5828 time=1.5586794533901308e-01 dt=3.2905020100162700e-15
cycle=5829 time=1.5586794533901638e-01 dt=6.5810040200325400e-15
cycle=5830 time=1.5586794533902296e-01 dt=1.3162008040065080e-14
cycle=5831 time=1.5586794533903611e-01 dt=2.6324016080130160e-14
cycle=5832 time=1.5586794533906242e-01 dt=5.2648032160260320e-14
cycle=5833 time=1.5586794533911508e-01 dt=1.0529606432052064e-13
cycle=5834 time=1.5586794533922038e-01 dt=2.1059212864104128e-13
cycle=5835 time=1.5586794533943096e-01 dt=4.2118425728208256e-13
cycle=5836 time=1.5586794533985215e-01 dt=8.4236851456416512e-13
cycle=5837 time=1.5586794534069454e-01 dt=1.6847370291283302e-12
cycle=5838 time=1.5586794534237927e-01 dt=3.3694740582566605e-12
cycle=5839 time=1.5586794534574874e-01 dt=6.7389481165133210e-12
cycle=5840 time=1.5586794535248769e-01 dt=1.3477896233026642e-11
cycle=5841 time=1.5586794536596557e-01 dt=2.6955792466053284e-11
cycle=5842 time=1.5586794539292137e-01 dt=5.3911584932106568e-11
cycle=5843 time=1.5586794544683297e-01 dt=1.0782316986421314e-10
cycle=5844 time=1.5586794555465613e-01 dt=2.1564633972842627e-10
cycle=5845 time=1.5586794577030247e-01 dt=4.3129267945685254e-10
cycle=5846 time=1.5586794620159514e-01 dt=8.6258535891370509e-10
cycle=5847 time=1.5586794706418050e-01 dt=1.7251707178274102e-09
cycle=5848 time=1.5586794878935123e-01 dt=3.4503414356548203e-09
cycle=5849 time=1.5586795223969266e-01 dt=6.9006828713096407e-09
cycle=5850 time=1.5586795914037552e-01 dt=1.3801365742619281e-08
cycle=5851 time=1.5586797294174126e-01 dt=2.7602731485238563e-08
cycle=5852 time=1.5586800054447275e-01 dt=5.5205462970477126e-08
cycle=5853 time=1.5586805574993573e-01 dt=1.1041092594095425e-07
cycle=5854 time=1.5586816616086166e-01 dt=2.2082185188190850e-07
cycle=5855 time=1.5586838698271355e-01 dt=4.4164370376381700e-07
cycle=5856 time=1.5586882862641732e-01 dt=7.7018235192987616e-26
cycle=5857 time=1.5586882862641732e-01 dt=1.5403647038597523e-25
cycle=5858 time=1.5586882862641732e-01 dt=3.0807294077195046e-25
cycle=5859 time=1.5586882862641732e-01 dt=6.1614588154390093e-25
cycle=5860 time=1.5586882862641732e-01 dt=1.2322917630878019e-24
cycle=5861 time=1.5586882862641732e-01 dt=2.4645835261756037e-24
cycle=5862 time=1.5586882862641732e-01 dt=4.9291670523512074e-24
cycle=5863 time=1.5586882862641732e-01 dt=9.8583341047024148e-24
cycle=5864 time=1.5586882862641732e-01 dt=1.9716668209404830e-23
cycle=5865 time=1.5586882862641732e-01 dt=3.9433336418809659e-23
cycle=5866 time=1.5586882862641732e-01 dt=7.8866672837619318e-23
cycle=5867 time=1.5586882862641732e-01 dt=1.5773334567523864e-22
cycle=5868 time=1.5586882862641732e-01 dt=3.1546669135047727e-22
cycle=5869 time=1.5586882862641732e-01 dt=6.3093338270095455e-22
cycle=5870 time=1.5586882862641732e-01 dt=1.2618667654019091e-21
cycle=5871 time=1.5586882862641732e-01 dt=2.5237335308038182e-21
cycle=5872 time=1.5586882862641732e-01 dt=5.0474670616076364e-21
cycle=5873 time=1.5586882862641732e-01 dt=1.0094934123215273e-20
cycle=5874 time=1.5586882862641732e-01 dt=2.0189868246430546e-20
cycle=5875 time=1.5586882862641732e-01 dt=4.0379736492861091e-20
cycle=5876 time=1.5586882862641732e-01 dt=8.0759472985722182e-20
cycle=5877 time=1.5586882862641732e-01 dt=1.6151894597144436e-19
cycle=5878 time=1.5586882862641732e-01 dt=3.2303789194288873e-19
cycle=5879 time=1.5586882862641732e-01 dt=6.4607578388577746e-19
cycle=5880 time=1.5586882862641732e-01 dt=1.2921515677715549e-18
cycle=5881 time=1.5586882862641732e-01 dt=2.5843031355431098e-18
cycle=5882 time=1.5586882862641732e-01 dt=5.1686062710862197e-18
cycle=5883 time=1.5586882862641732e-01 dt=1.0337212542172439e-17
cycle=5884 time=1.5586882862641732e-01 dt=2.0674425084344879e-17
cycle=5885 time=1.5586882862641735e-01 dt=4.1348850168689757e-17
cycle=5886 time=1.5586882862641738e-01 dt=8.2697700337379514e-17
cycle=5887 time=1.5586882862641746e-01 dt=1.6539540067475903e-16
cycle=5888 time=1.5586882862641763e-01 dt=3.3079080134951806e-16
cycle=5889 time=1.5586882862641796e-01 dt=6.6158160269903612e-16
cycle=5890 time=1.5586882862641863e-01 dt=1.3231632053980722e-15
cycle=5891 time=1.5586882862641996e-01 dt=2.6463264107961445e-15
cycle=5892 time=1.5586882862642260e-01 dt=5.2926528215922889e-15
cycle=5893 time=1.5586882862642790e-01 dt=1.0585305643184578e-14
cycle=5894 time=1.5586882862643847e-01 dt=2.1170611286369156e-14
cycle=5895 time=1.5586882862645965e-01 dt=4.2341222572738311e-14
cycle=5896 time=1.5586882862650200e-01 dt=8.4682445145476623e-14
cycle=5897 time=1.5586882862658669e-01 dt=1.6936489029095325e-13
cycle=5898 time=1.5586882862675605e-01 dt=3.3872978058190649e-13
cycle=5899 time=1.5586882862709478e-01 dt=6.7745956116381298e-13
cycle=5900 time=1.5586882862777224e-01 dt=1.3549191223276260e-12
cycle=5901 time=1.5586882862912715e-01 dt=2.7098382446552519e-12
cycle=5902 time=1.5586882863183699e-01 dt=5.4196764893105039e-12
cycle=5903 time=1.5586882863725665e-01 dt=1.0839352978621008e-11
cycle=5904 time=1.5586882864809601e-01 dt=2.1678705957242015e-11
cycle=5905 time=1.5586882866977472e-01 dt=4.3357411914484031e-11
cycle=5906 time=1.5586882871313212e-01 dt=8.6714823828968062e-11
cycle=5907 time=1.5586882879984695e-01 dt=1.7342964765793612e-10
cycle=5908 time=1.5586882897327661e-01 dt=3.4685929531587225e-10
cycle=5909 time=1.5586882932013590e-01 dt=6.9371859063174449e-10
cycle=5910 time=1.5586883001385449e-01 dt=1.3874371812634890e-09
cycle=5911 time=1.5586883140129168e-01 dt=2.7748743625269780e-09
cycle=5912 time=1.5586883417616604e-01 dt=5.5497487250539560e-09
cycle=5913 time=1.5586883972591475e-01 dt=1.1099497450107912e-08
cycle=5914 time=1.5586885082541221e-01 dt=2.2198994900215824e-08
cycle=5915 time=1.5586887302440711e-01 dt=4.4397989800431648e-08
cycle=5916 time=1.5586891742239692e-01 dt=8.8795979600863295e-08
cycle=5917 time=1.5586900621837652e-01 dt=1.7759195920172659e-07
cycle=5918 time=1.5586918381033571e-01 dt=3.5518391840345318e-07
cycle=5919 time=1.5586953899425413e-01 dt=4.1011356335730562e-07
cycle=5920 time=1.5586994910781748e-01 dt=5.7546636233704546e-26
cycle=5921 time=1.5586994910781748e-01 dt=1.1509327246740909e-25
cycle=5922 time=1.5586994910781748e-01 dt=2.3018654493481818e-25
cycle=5923 time=1.5586994910781748e-01 dt=4.6037308986963637e-25
cycle=5924 time=1.5586994910781748e-01 dt=9.2074617973927274e-25
cycle=5925 time=1.5586994910781748e-01 dt=1.8414923594785455e-24
cycle=5926 time=1.5586994910781748e-01 dt=3.6829847189570910e-24
cycle=5927 time=1.5586994910781748e-01 dt=7.3659694379141819e-24
cycle=5928 time=1.5586994910781748e-01 dt=1.4731938875828364e-23
cycle=5929 time=1.5586994910781748e-01 dt=2.9463877751656728e-23
cycle=5930 time=1.5586994910781748e-01 dt=5.8927755503313455e-23
cycle=5931 time=1.5586994910781748e-01 dt=1.1785551100662691e-22
cycle=5932 time=1.5586994910781748e-01 dt=2.3571102201325382e-22
cycle=5933 time=1.5586994910781748e-01 dt=4.7142204402650764e-22
cycle=5934 time=1.5586994910781748e-01 dt=9.4284408805301528e-22
cycle=5935 time=1.5586994910781748e-01 dt=1.8856881761060306e-21
cycle=5936 time=1.5586994910781748e-01 dt=3.7713763522120611e-21
cycle=5937 time=1.5586994910781748e-01 dt=7.5427527044241223e-21
cycle=5938 time=1.5586994910781748e-01 dt=1.5085505408848245e-20
cycle=5939 time=1.5586994910781748e-01 dt=3.0171010817696489e-20
cycle=5940 time=1.5586994910781748e-01 dt=6.0342021635392978e-20
cycle=5941 time=1.5586994910781748e-01 dt=1.2068404327078596e-19
cycle=5942 time=1.5586994910781748e-01 dt=2.4136808654157191e-19
cycle=5943 time=1.5586994910781748e-01 dt=4.8273617308314383e-19
cycle=5944 time=1.5586994910781748e-01 dt=9.6547234616628765e-19
cycle=5945 time=1.5586994910781748e-01 dt=1.9309446923325753e-18
cycle=5946 time=1.5586994910781748e-01 dt=3.8618893846651506e-18
cycle=5947 time=1.5586994910781748e-01 dt=7.7237787693303012e-18
cycle=5948 time=1.5586994910781748e-01 dt=1.5447557538660602e-17
cycle=5949 time=1.5586994910781751e-01 dt=3.0895115077321205e-17
cycle=5950 time=1.5586994910781754e-01 dt=6.1790230154642410e-17
cycle=5951 time=1.5586994910781760e-01 dt=1.2358046030928482e-16
cycle=5952 time=1.5586994910781771e-01 dt=2.4716092061856964e-16
cycle=5953 time=1.5586994910781796e-01 dt=4.9432184123713928e-16
cycle=5954 time=1.5586994910781846e-01 dt=9.8864368247427855e-16
cycle=5955 time=1.5586994910781946e-01 dt=1.9772873649485571e-15
cycle=5956 time=1.5586994910782143e-01 dt=3.9545747298971142e-15
cycle=5957 time=1.5586994910782537e-01 dt=7.9091494597942284e-15
cycle=5958 time=1.5586994910783328e-01 dt=1.5818298919588457e-14
cycle=5959 time=1.5586994910784910e-01 dt=3.1636597839176914e-14
cycle=5960 time=1.5586994910788074e-01 dt=6.3273195678353827e-14
cycle=5961 time=1.5586994910794402e-01 dt=1.2654639135670765e-13
cycle=5962 time=1.5586994910807056e-01 dt=2.5309278271341531e-13
cycle=5963 time=1.5586994910832366e-01 dt=5.0618556542683062e-13
cycle=5964 time=1.5586994910882984e-01 dt=1.0123711308536612e-12
cycle=5965 time=1.5586994910984223e-01 dt=2.0247422617073225e-12
cycle=5966 time=1.5586994911186697e-01 dt=4.0494845234146450e-12
cycle=5967 time=1.5586994911591645e-01 dt=8.0989690468292899e-12
cycle=5968 time=1.5586994912401542e-01 dt=1.6197938093658580e-11
cycle=5969 time=1.5586994914021335e-01 dt=3.2395876187317160e-11
cycle=5970 time=1.5586994917260921e-01 dt=6.4791752374634319e-11
cycle=5971 time=1.5586994923740097e-01 dt=1.2958350474926864e-10
cycle=5972 time=1.5586994936698448e-01 dt=2.5916700949853728e-10
cycle=5973 time=1.5586994962615150e-01 dt=5.1833401899707455e-10
cycle=5974 time=1.5586995014448551e-01 dt=1.0366680379941491e-09
cycle=5975 time=1.5586995118115354e-01 dt=2.0733360759882982e-09
cycle=5976 time=1.5586995325448963e-01 dt=4.1466721519765964e-09
cycle=5977 time=1.5586995740116177e-01 dt=8.2933443039531929e-09
cycle=5978 time=1.5586996569450609e-01 dt=1.6586688607906386e-08
cycle=5979 time=1.5586998228119470e-01 dt=3.3173377215812772e-08
cycle=5980 time=1.5587001545457191e-01 dt=6.6346754431625543e-08
cycle=5981 time=1.5587008180132633e-01 dt=1.3269350886325109e-07
cycle=5982 time=1.5587021449483521e-01 dt=2.6538701772650217e-07
cycle=5983 time=1.5587047988185293e-01 dt=5.3077403545300434e-07
cycle=5984 time=1.5587101065588838e-01 dt=7.9228134343437099e-07
cycle=5985 time=1.5587180293723182e-01 dt=3.5385744036949937e-26
cycle=5986 time=1.5587180293723182e-01 dt=7.0771488073899873e-26
cycle=5987 time=1.5587180293723182e-01 dt=1.4154297614779975e-25
cycle=5988 time=1.5587180293723182e-01 dt=2.8308595229559949e-25
cycle=5989 time=1.5587180293723182e-01 dt=5.6617190459119899e-25
cycle=5990 time=1.5587180293723182e-01 dt=1.1323438091823980e-24
cycle=5991 time=1.5587180293723182e-01 dt=2.2646876183647959e-24
cycle=5992 time=1.5587180293723182e-01 dt=4.5293752367295919e-24
cycle=5993 time=1.5587180293723182e-01 dt=9.0587504734591838e-24
cycle=5994 time=1.5587180293723182e-01 dt=1.8117500946918368e-23
cycle=5995 time=1.5587180293723182e-01 dt=3.6235001893836735e-23
cycle=5996 time=1.5587180293723182e-01 dt=7.2470003787673470e-23
cycle=5997 time=1.5587180293723182e-01 dt=1.4494000757534694e-22
cycle=5998 time=1.5587180293723182e-01 dt=2.8988001515069388e-22
cycle=5999 time=1.5587180293723182e-01 dt=5.7976003030138776e-22
cycle=6000 time=1.5587180293723182e-01 dt=1.1595200606027755e-21
cycle=6001 time=1.5587180293723182e-01 dt=2.3190401212055510e-21
cycle=6002 time=1.5587180293723182e-01 dt=4.6380802424111021e-21
cycle=6003 time=1.5587180293723182e-01 dt=9.2761604848222042e-21
cycle=6004 time=1.5587180293723182e-01 dt=1.8552320969644408e-20
cycle=6005 time=1.5587180293723182e-01 dt=3.7104641939288817e-20
cycle=6006 time=1.5587180293723182e-01 dt=7.4209283878577633e-20
cycle=6007 time=1.5587180293723182e-01 dt=1.4841856775715527e-19
cycle=6008 time=1.5587180293723182e-01 dt=2.9683713551431053e-19
cycle=6009 time=1.5587180293723182e-01 dt=5.9367427102862107e-19
cycle=6010 time=1.5587180293723182e-01 dt=1.1873485420572421e-18
cycle=6011 time=1.5587180293723182e-01 dt=2.3746970841144843e-18
cycle=6012 time=1.5587180293723182e-01 dt=4.7493941682289685e-18
cycle=6013 time=1.5587180293723182e-01 dt=9.4987883364579371e-18
cycle=6014 time=1.5587180293723182e-01 dt=1.8997576672915874e-17
cycle=6015 time=1.5587180293723185e-01 dt=3.7995153345831748e-17
cycle=6016 time=1.5587180293723188e-01 dt=7.5990306691663497e-17
cycle=6017 time=1.5587180293723196e-01 dt=1.5198061338332699e-16
cycle=6018 time=1.5587180293723210e-01 dt=3.0396122676665399e-16
cycle=6019 time=1.5587180293723241e-01 dt=6.0792245353330797e-16
cycle=6020 time=1.5587180293723302e-01 dt=1.2158449070666159e-15
cycle=6021 time=1.5587180293723424e-01 dt=2.4316898141332319e-15
cycle=6022 time=1.5587180293723668e-01 dt=4.8633796282664638e-15
cycle=6023 time=1.5587180293724154e-01 dt=9.7267592565329276e-15
cycle=6024 time=1.5587180293725125e-01 dt=1.9453518513065855e-14
cycle=6025 time=1.5587180293727071e-01 dt=3.8907037026131710e-14
cycle=6026 time=1.5587180293730962e-01 dt=7.7814074052263421e-14
cycle=6027 time=1.5587180293738745e-01 dt=1.5562814810452684e-13
cycle=6028 time=1.5587180293754307e-01 dt=3.1125629620905368e-13
cycle=6029 time=1.5587180293785433e-01 dt=6.2251259241810736e-13
cycle=6030 time=1.5587180293847683e-01 dt=1.2450251848362147e-12
cycle=6031 time=1.5587180293972186e-01 dt=2.4900503696724295e-12
cycle=6032 time=1.5587180294221192e-01 dt=4.9801007393448589e-12
cycle=6033 time=1.5587180294719202e-01 dt=9.9602014786897178e-12
cycle=6034 time=1.5587180295715222e-01 dt=1.9920402957379436e-11
cycle=6035 time=1.5587180297707262e-01 dt=3.9840805914758871e-11
cycle=6036 time=1.5587180301691342e-01 dt=7.9681611829517743e-11
cycle=6037 time=1.5587180309659504e-01 dt=1.5936322365903549e-10
cycle=6038 time=1.5587180325595826e-01 dt=3.1872644731807097e-10
cycle=6039 time=1.5587180357468469e-01 dt=6.3745289463614194e-10
cycle=6040 time=1.5587180421213759e-01 dt=1.2749057892722839e-09
cycle=6041 time=1.5587180548704338e-01 dt=2.5498115785445678e-09
cycle=6042 time=1.5587180803685496e-01 dt=5.0996231570891355e-09
cycle=6043 time=1.5587181313647813e-01 dt=1.0199246314178271e-08
cycle=6044 time=1.5587182333572444e-01 dt=2.0398492628356542e-08
cycle=6045 time=1.5587184373421706e-01 dt=4.0796985256713084e-08
cycle=6046 time=1.5587188453120232e-01 dt=8.1593970513426168e-08
cycle=6047 time=1.5587196612517284e-01 dt=1.6318794102685234e-07
cycle=6048 time=1.5587212931311387e-01 dt=3.2637588205370467e-07
cycle=6049 time=1.5587245568899591e-01 dt=6.5275176410740935e-07
cycle=6050 time=1.5587310844076002e-01 dt=4.1329238850477398e-07
cycle=6051 time=1.5587352173314853e-01 dt=8.2658477700954797e-07
cycle=6052 time=1.5587434831792554e-01 dt=1.6531695540190959e-06
cycle=6053 time=1.5587600148747957e-01 dt=1.7634487434161056e-26
cycle=6054 time=1.5587600148747957e-01 dt=3.5268974868322112e-26
cycle=6055 time=1.5587600148747957e-01 dt=7.0537949736644224e-26
cycle=6056 time=1.5587600148747957e-01 dt=1.4107589947328845e-25
cycle=6057 time=1.5587600148747957e-01 dt=2.8215179894657689e-25
cycle=6058 time=1.5587600148747957e-01 dt=5.6430359789315379e-25
cycle=6059 time=1.5587600148747957e-01 dt=1.1286071957863076e-24
cycle=6060 time=1.5587600148747957e-01 dt=2.2572143915726152e-24
cycle=6061 time=1.5587600148747957e-01 dt=4.5144287831452303e-24
cycle=6062 time=1.5587600148747957e-01 dt=9.0288575662904606e-24
cycle=6063 time=1.5587600148747957e-01 dt=1.8057715132580921e-23
cycle=6064 time=1.5587600148747957e-01 dt=3.6115430265161843e-23
cycle=6065 time=1.5587600148747957e-01 dt=7.2230860530323685e-23
cycle=6066 time=1.5587600148747957e-01 dt=1.4446172106064737e-22
cycle=6067 time=1.5587600148747957e-01 dt=2.8892344212129474e-22
cycle=6068 time=1.5587600148747957e-01 dt=5.7784688424258948e-22
cycle=6069 time=1.5587600148747957e-01 dt=1.1556937684851790e-21
cycle=6070 time=1.5587600148747957e-01 dt=2.3113875369703579e-21
cycle=6071 time=1.5587600148747957e-01 dt=4.6227750739407158e-21
cycle=6072 time=1.5587600148747957e-01 dt=9.2455501478814317e-21
cycle=6073 time=1.5587600148747957e-01 dt=1.8491100295762863e-20
cycle=6074 time=1.5587600148747957e-01 dt=3.6982200591525727e-20
cycle=6075 time=1.5587600148747957e-01 dt=7.3964401183051453e-20
cycle=6076 time=1.5587600148747957e-01 dt=1.4792880236610291e-19
cycle=6077 time=1.5587600148747957e-01 dt=2.9585760473220581e-19
cycle=6078 time=1.5587600148747957e-01 dt=5.9171520946441163e-19
cycle=6079 time=1.5587600148747957e-01 dt=1.1834304189288233e-18
cycle=6080 time=1.5587600148747957e-01 dt=2.3668608378576465e-18
cycle=6081 time=1.5587600148747957e-01 dt=4.7337216757152930e-18
cycle=6082 time=1.5587600148747957e-01 dt=9.4674433514305860e-18
cycle=6083 time=1.5587600148747957e-01 dt=1.8934886702861172e-17
cycle=6084 time=1.5587600148747960e-01 dt=3.7869773405722344e-17
cycle=6085 time=1.5587600148747963e-01 dt=7.5739546811444688e-17
cycle=6086 time=1.5587600148747971e-01 dt=1.5147909362288938e-16
cycle=6087 time=1.5587600148747985e-01 dt=3.0295818724577875e-16
cycle=6088 time=1.5587600148748015e-01 dt=6.0591637449155751e-16
cycle=6089 time=1.5587600148748076e-01 dt=1.2118327489831150e-15
cycle=6090 time=1.5587600148748199e-01 dt=2.4236654979662300e-15
cycle=6091 time=1.5587600148748440e-01 dt=4.8473309959324601e-15
cycle=6092 time=1.5587600148748926e-01 dt=9.6946619918649201e-15
cycle=6093 time=1.5587600148749894e-01 dt=1.9389323983729840e-14
cycle=6094 time=1.5587600148751835e-01 dt=3.8778647967459680e-14
cycle=6095 time=1.5587600148755712e-01 dt=7.7557295934919361e-14
cycle=6096 time=1.5587600148763467e-01 dt=1.5511459186983872e-13
cycle=6097 time=1.5587600148778979e-01 dt=3.1022918373967744e-13
cycle=6098 time=1.5587600148810002e-01 dt=6.2045836747935489e-13
cycle=6099 time=1.5587600148872047e-01 dt=1.2409167349587098e-12
cycle=6100 time=1.5587600148996139e-01 dt=2.4818334699174195e-12
cycle=6101 time=1.5587600149244321e-01 dt=4.9636669398348391e-12
cycle=6102 time=1.5587600149740688e-01 dt=9.9273338796696782e-12
cycle=6103 time=1.5587600150733422e-01 dt=1.9854667759339356e-11
cycle=6104 time=1.5587600152718889e-01 dt=3.9709335518678713e-11
cycle=6105 time=1.5587600156689824e-01 dt=7.9418671037357426e-11
cycle=6106 time=1.5587600164631690e-01 dt=1.5883734207471485e-10
cycle=6107 time=1.5587600180515424e-01 dt=3.1767468414942970e-10
cycle=6108 time=1.5587600212282893e-01 dt=6.3534936829885940e-10
cycle=6109 time=1.5587600275817828e-01 dt=1.2706987365977188e-09
cycle=6110 time=1.5587600402887702e-01 dt=2.5413974731954376e-09
cycle=6111 time=1.5587600657027451e-01 dt=5.0827949463908752e-09
cycle=6112 time=1.5587601165306944e-01 dt=1.0165589892781750e-08
cycle=6113 time=1.5587602181865934e-01 dt=2.0331179785563501e-08
cycle=6114 time=1.5587604214983913e-01 dt=4.0662359571127002e-08
cycle=6115 time=1.5587608281219870e-01 dt=8.1324719142254004e-08
cycle=6116 time=1.5587616413691785e-01 dt=1.6264943828450801e-07
cycle=6117 time=1.5587632678635613e-01 dt=3.2529887656901602e-07
cycle=6118 time=1.5587665208523269e-01 dt=6.5059775313803203e-07
cycle=6119 time=1.5587730268298583e-01 dt=1.3011955062760641e-06
cycle=6120 time=1.5587860387849212e-01 dt=1.7941304188531279e-26
cycle=6121 time=1.5587860387849212e-01 dt=3.5882608377062557e-26
cycle=6122 time=1.5587860387849212e-01 dt=7.1765216754125115e-26
cycle=6123 time=1.5587860387849212e-01 dt=1.4353043350825023e-25
cycle=6124 time=1.5587860387849212e-01 dt=2.8706086701650046e-25
cycle=6125 time=1.5587860387849212e-01 dt=5.7412173403300092e-25
cycle=6126 time=1.5587860387849212e-01 dt=1.1482434680660018e-24
cycle=6127 time=1.5587860387849212e-01 dt=2.2964869361320037e-24
cycle=6128 time=1.5587860387849212e-01 dt=4.5929738722640074e-24
cycle=6129 time=1.5587860387849212e-01 dt=9.1859477445280147e-24
cycle=6130 time=1.5587860387849212e-01 dt=1.8371895489056029e-23
cycle=6131 time=1.5587860387849212e-01 dt=3.6743790978112059e-23
cycle=6132 time=1.5587860387849212e-01 dt=7.3487581956224118e-23
cycle=6133 time=1.5587860387849212e-01 dt=1.4697516391244824e-22
cycle=6134 time=1.5587860387849212e-01 dt=2.9395032782489647e-22
cycle=6135 time=1.5587860387849212e-01 dt=5.8790065564979294e-22
cycle=6136 time=1.5587860387849212e-01 dt=1.1758013112995859e-21
cycle=6137 time=1.5587860387849212e-01 dt=2.3516026225991718e-21
cycle=6138 time=1.5587860387849212e-01 dt=4.7032052451983435e-21
cycle=6139 time=1.5587860387849212e-01 dt=9.4064104903966871e-21
cycle=6140 time=1.5587860387849212e-01 dt=1.8812820980793374e-20
cycle=6141 time=1.5587860387849212e-01 dt=3.7625641961586748e-20
cycle=6142 time=1.5587860387849212e-01 dt=7.5251283923173497e-20
cycle=6143 time=1.5587860387849212e-01 dt=1.5050256784634699e-19
cycle=6144 time=1.5587860387849212e-01 dt=3.0100513569269399e-19
cycle=6145 time=1.5587860387849212e-01 dt=6.0201027138538797e-19
cycle=6146 time=1.5587860387849212e-01 dt=1.2040205427707759e-18
cycle=6147 time=1.5587860387849212e-01 dt=2.4080410855415519e-18
cycle=6148 time=1.5587860387849212e-01 dt=4.8160821710831038e-18
cycle=6149 time=1.5587860387849212e-01 dt=9.6321643421662076e-18
cycle=6150 time=1.5587860387849212e-01 dt=1.9264328684332415e-17
cycle=6151 time=1.5587860387849214e-01 dt=3.8528657368664830e-17
cycle=6152 time=1.5587860387849217e-01 dt=7.7057314737329660e-17
cycle=6153 time=1.5587860387849226e-01 dt=1.5411462947465932e-16
cycle=6154 time=1.5587860387849242e-01 dt=3.0822925894931864e-16
cycle=6155 time=1.5587860387849273e-01 dt=6.1645851789863728e-16
cycle=6156 time=1.5587860387849334e-01 dt=1.2329170357972746e-15
cycle=6157 time=1.5587860387849456e-01 dt=2.4658340715945491e-15
cycle=6158 time=1.5587860387849703e-01 dt=4.9316681431890983e-15
cycle=6159 time=1.5587860387850197e-01 dt=9.8633362863781965e-15
cycle=6160 time=1.5587860387851182e-01 dt=1.9726672572756393e-14
cycle=6161 time=1.5587860387853156e-01 dt=3.9453345145512786e-14
cycle=6162 time=1.5587860387857100e-01 dt=7.8906690291025572e-14
cycle=6163 time=1.5587860387864991e-01 dt=1.5781338058205114e-13
cycle=6164 time=1.5587860387880773e-01 dt=3.1562676116410229e-13
cycle=6165 time=1.5587860387912336e-01 dt=6.3125352232820458e-13
cycle=6166 time=1.5587860387975461e-01 dt=1.2625070446564092e-12
cycle=6167 time=1.5587860388101712e-01 dt=2.5250140893128183e-12
cycle=6168 time=1.5587860388354213e-01 dt=5.0500281786256366e-12
cycle=6169 time=1.5587860388859215e-01 dt=1.0100056357251273e-11
cycle=6170 time=1.5587860389869221e-01 dt=2.0200112714502547e-11
cycle=6171 time=1.5587860391889233e-01 dt=4.0400225429005093e-11
cycle=6172 time=1.5587860395929257e-01 dt=8.0800450858010186e-11
cycle=6173 time=1.5587860404009302e-01 dt=1.6160090171602037e-10
cycle=6174 time=1.5587860420169392e-01 dt=3.2320180343204074e-10
cycle=6175 time=1.5587860452489571e-01 dt=6.4640360686408149e-10
cycle=6176 time=1.5587860517129931e-01 dt=1.2928072137281630e-09
cycle=6177 time=1.5587860646410653e-01 dt=2.5856144274563260e-09
cycle=6178 time=1.5587860904972095e-01 dt=5.1712288549126519e-09
cycle=6179 time=1.5587861422094981e-01 dt=1.0342457709825304e-08
cycle=6180 time=1.5587862456340754e-01 dt=2.0684915419650608e-08
cycle=6181 time=1.5587864524832296e-01 dt=4.1369830839301215e-08
cycle=6182 time=1.5587868661815379e-01 dt=8.2739661678602430e-08
cycle=6183 time=1.5587876935781547e-01 dt=1.6547932335720486e-07
cycle=6184 time=1.5587893483713883e-01 dt=3.3095864671440972e-07
cycle=6185 time=1.5587926579578554e-01 dt=6.6191729342881944e-07
cycle=6186 time=1.5587992771307896e-01 dt=1.3238345868576389e-06
cycle=6187 time=1.5588125154766583e-01 dt=2.6476691737152778e-06
cycle=6188 time=1.5588389921683954e-01 dt=3.3949995966561091e-06
cycle=6189 time=1.5588729421643618e-01 dt=2.9497359403996295e-06
cycle=6190 time=1.5589024395237658e-01 dt=2.3919255369393619e-06
cycle=6191 time=1.5589263587791352e-01 dt=1.9958410804557922e-06
cycle=6192 time=1.5589463171899398e-01 dt=1.5984516871216003e-06
cycle=6193 time=1.5589623017068110e-01 dt=1.2183377616041686e-06
cycle=6194 time=1.5589744850844270e-01 dt=8.8000519426728203e-07
cycle=6195 time=1.5589832851363697e-01 dt=7.7606544906474878e-07
cycle=6196 time=1.5589910457908604e-01 dt=7.2146685551447377e-07
cycle=6197 time=1.5589982604594155e-01 dt=6.8356519069790056e-07
cycle=6198 time=1.5590050961113225e-01 dt=6.5917677908838219e-07
cycle=6199 time=1.5590116878791133e-01 dt=6.4603033694615038e-07
cycle=6200 time=1.5590181481824827e-01 dt=6.4247126879923070e-07
cycle=6201 time=1.5590245728951707e-01 dt=6.4724517151799800e-07
cycle=6202 time=1.5590310453468859e-01 dt=6.5931529212483071e-07
cycle=6203 time=1.5590376384998070e-01 dt=6.7772971714642637e-07
cycle=6204 time=1.5590444157969785e-01 dt=7.0143589031987610e-07
cycle=6205 time=1.5590514301558817e-01 dt=7.2963368580115084e-07
cycle=6206 time=1.5590587264927397e-01 dt=7.6225676383467956e-07
cycle=6207 time=1.5590663490603782e-01 dt=8.4860207948172790e-07
cycle=6208 time=1.5590748350811731e-01 dt=1.0101359812909046e-06
cycle=6209 time=1.5590849364409859e-01 dt=1.3249591780442926e-06
cycle=6210 time=1.5590981860327663e-01 dt=1.9271224938500656e-06
cycle=6211 time=1.5591174572577049e-01 dt=2.8922085317886929e-06
cycle=6212 time=1.5591463793430227e-01 dt=2.7588266849943362e-06
cycle=6213 time=1.5591739676098726e-01 dt=2.3790122326412352e-06
cycle=6214 time=1.5591977577321989e-01 dt=2.0764580249692210e-06
cycle=6215 time=1.5592185223124486e-01 dt=1.8849782304184508e-06
cycle=6216 time=1.5592373720947528e-01 dt=1.6405908991555724e-06
cycle=6217 time=1.5592537780037444e-01 dt=1.4672090280958793e-06
cycle=6218 time=1.5592684500940254e-01 dt=1.4076383153809053e-06
cycle=6219 time=1.5592825264771792e-01 dt=1.3736150490298693e-06
cycle=6220 time=1.5592962626276696e-01 dt=1.1843583825168854e-06
cycle=6221 time=1.5593081062114947e-01 dt=9.9289269102866625e-07
cycle=6222 time=1.5593180351384051e-01 dt=8.6780663172885607e-07
cycle=6223 time=1.5593267132047223e-01 dt=7.8635262113224734e-07
cycle=6224 time=1.5593345767309336e-01 dt=7.3337998628513360e-07
cycle=6225 time=1.5593419105307965e-01 dt=6.9889604190123419e-07
cycle=6226 time=1.5593488994912155e-01 dt=6.7630271734990306e-07
cycle=6227 time=1.5593556625183891e-01 dt=6.6127576663632958e-07
cycle=6228 time=1.5593622752760555e-01 dt=6.5098096726281811e-07
cycle=6229 time=1.5593687850857282e-01 dt=6.4355519456149122e-07
cycle=6230 time=1.5593752206376738e-01 dt=6.3777577800444414e-07
cycle=6231 time=1.5593815983954537e-01 dt=6.3286025226435319e-07
cycle=6232 time=1.5593879269979763e-01 dt=1.2657205045287064e-06
cycle=6233 time=1.5594005842030215e-01 dt=2.5314410090574128e-06
cycle=6234 time=1.5594258986131121e-01 dt=3.0486814196013910e-06
cycle=6235 time=1.5594563854273080e-01 dt=2.6752452793602641e-06
cycle=6236 time=1.5594831378801016e-01 dt=2.3305669962857685e-06
cycle=6237 time=1.5595064435500644e-01 dt=2.0680967390295418e-06
cycle=6238 time=1.5595271245174547e-01 dt=1.9375196081312584e-06
cycle=6239 time=1.5595464997135361e-01 dt=1.8637296398818772e-06
cycle=6240 time=1.5595651370099350e-01 dt=1.8190881905063985e-06
cycle=6241 time=1.5595833278918400e-01 dt=1.6135273201458803e-06
cycle=6242 time=1.5595994631650414e-01 dt=1.3091754947179730e-06
cycle=6243 time=1.5596125549199885e-01 dt=1.0642130281593787e-06
cycle=6244 time=1.5596231970502700e-01 dt=8.7009862046019471e-07
cycle=6245 time=1.5596318980364746e-01 dt=7.3659365214473550e-07
cycle=6246 time=1.5596392639729961e-01 dt=6.4150442446629172e-07
cycle=6247 time=1.5596456790172408e-01 dt=5.7299758803721301e-07
cycle=6248 time=1.5596514089931213e-01 dt=5.2712281862710897e-07
cycle=6249 time=1.5596566802213074e-01 dt=4.9897651620651971e-07
cycle=6250 time=1.5596616699864696e-01 dt=4.8242389841042739e-07
cycle=6251 time=1.5596664942254537e-01 dt=4.7338830023679352e-07
cycle=6252 time=1.5596712281084560e-01 dt=4.6911629226801478e-07
cycle=6253 time=1.5596759192713786e-01 dt=4.6773589963329035e-07
cycle=6254 time=1.5596805966303748e-01 dt=4.6787087611578609e-07
cycle=6255 time=1.5596852753391360e-01 dt=4.6868314724108735e-07
cycle=6256 time=1.5596899621706084e-01 dt=4.6959511540695363e-07
cycle=6257 time=1.5596946581217624e-01 dt=4.7026043337177140e-07
cycle=6258 time=1.5596993607260962e-01 dt=4.7049224507172142e-07
cycle=6259 time=1.5597040656485470e-01 dt=6.3999457767101509e-07
cycle=6260 time=1.5597104655943236e-01 dt=1.2799891553420302e-06
cycle=6261 time=1.5597232654858770e-01 dt=2.5599783106840604e-06
cycle=6262 time=1.5597488652689839e-01 dt=3.2447764477661888e-06
cycle=6263 time=1.5597813130334615e-01 dt=5.6213268553503665e-26
cycle=6264 time=1.5597813130334615e-01 dt=1.1242653710700733e-25
cycle=6265 time=1.5597813130334615e-01 dt=2.2485307421401466e-25
cycle=6266 time=1.5597813130334615e-01 dt=4.4970614842802932e-25
cycle=6267 time=1.5597813130334615e-01 dt=8.9941229685605864e-25
cycle=6268 time=1.5597813130334615e-01 dt=1.7988245937121173e-24
cycle=6269 time=1.5597813130334615e-01 dt=3.5976491874242346e-24
cycle=6270 time=1.5597813130334615e-01 dt=7.1952983748484691e-24
cycle=6271 time=1.5597813130334615e-01 dt=1.4390596749696938e-23
cycle=6272 time=1.5597813130334615e-01 dt=2.8781193499393877e-23
cycle=6273 time=1.5597813130334615e-01 dt=5.7562386998787753e-23
cycle=6274 time=1.5597813130334615e-01 dt=1.1512477399757551e-22
cycle=6275 time=1.5597813130334615e-01 dt=2.3024954799515101e-22
cycle=6276 time=1.5597813130334615e-01 dt=4.6049909599030202e-22
cycle=6277 time=1.5597813130334615e-01 dt=9.2099819198060405e-22
cycle=6278 time=1.5597813130334615e-01 dt=1.8419963839612081e-21
cycle=6279 time=1.5597813130334615e-01 dt=3.6839927679224162e-21
cycle=6280 time=1.5597813130334615e-01 dt=7.3679855358448324e-21
cycle=6281 time=1.5597813130334615e-01 dt=1.4735971071689665e-20
cycle=6282 time=1.5597813130334615e-01 dt=2.9471942143379330e-20
cycle=6283 time=1.5597813130334615e-01 dt=5.8943884286758659e-20
cycle=6284 time=1.5597813130334615e-01 dt=1.1788776857351732e-19
cycle=6285 time=1.5597813130334615e-01 dt=2.3577553714703464e-19
cycle=6286 time=1.5597813130334615e-01 dt=4.7155107429406927e-19
cycle=6287 time=1.5597813130334615e-01 dt=9.4310214858813855e-19
cycle=6288 time=1.5597813130334615e-01 dt=1.8862042971762771e-18
cycle=6289 time=1.5597813130334615e-01 dt=3.7724085943525542e-18
cycle=6290 time=1.5597813130334615e-01 dt=7.5448171887051084e-18
cycle=6291 time=1.5597813130334615e-01 dt=1.5089634377410217e-17
cycle=6292 time=1.5597813130334617e-01 dt=3.0179268754820434e-17
cycle=6293 time=1.5597813130334620e-01 dt=6.0358537509640867e-17
cycle=6294 time=1.5597813130334626e-01 dt=1.2071707501928173e-16
cycle=6295 time=1.5597813130334637e-01 dt=2.4143415003856347e-16
cycle=6296 time=1.5597813130334662e-01 dt=4.8286830007712694e-16
cycle=6297 time=1.5597813130334709e-01 dt=9.6573660015425387e-16
cycle=6298 time=1.5597813130334806e-01 dt=1.9314732003085077e-15
cycle=6299 time=1.5597813130335000e-01 dt=3.8629464006170155e-15
cycle=6300 time=1.5597813130335386e-01 dt=7.7258928012340310e-15
cycle=6301 time=1.5597813130336158e-01 dt=1.5451785602468062e-14
cycle=6302 time=1.5597813130337704e-01 dt=3.0903571204936124e-14
cycle=6303 time=1.5597813130340793e-01 dt=6.1807142409872248e-14
cycle=6304 time=1.5597813130346974e-01 dt=1.2361428481974450e-13
cycle=6305 time=1.5597813130359336e-01 dt=2.4722856963948899e-13
cycle=6306 time=1.5597813130384058e-01 dt=4.9445713927897798e-13
cycle=6307 time=1.5597813130433505e-01 dt=9.8891427855795597e-13
cycle=6308 time=1.5597813130532395e-01 dt=1.9778285571159119e-12
cycle=6309 time=1.5597813130730179e-01 dt=3.9556571142318239e-12
cycle=6310 time=1.5597813131125746e-01 dt=7.9113142284636477e-12
cycle=6311 time=1.5597813131916877e-01 dt=1.5822628456927295e-11
cycle=6312 time=1.5597813133499139e-01 dt=3.1645256913854591e-11
cycle=6313 time=1.5597813136663666e-01 dt=6.3290513827709182e-11
cycle=6314 time=1.5597813142992717e-01 dt=1.2658102765541836e-10
cycle=6315 time=1.5597813155650819e-01 dt=2.5316205531083673e-10
cycle=6316 time=1.5597813180967024e-01 dt=5.0632411062167345e-10
cycle=6317 time=1.5597813231599436e-01 dt=1.0126482212433469e-09
cycle=6318 time=1.5597813332864258e-01 dt=2.0252964424866938e-09
cycle=6319 time=1.5597813535393901e-01 dt=4.0505928849733876e-09
cycle=6320 time=1.5597813940453190e-01 dt=8.1011857699467753e-09
cycle=6321 time=1.5597814750571767e-01 dt=1.6202371539893551e-08
cycle=6322 time=1.5597816370808920e-01 dt=3.2404743079787101e-08
cycle=6323 time=1.5597819611283228e-01 dt=6.4809486159574202e-08
cycle=6324 time=1.5597826092231845e-01 dt=1.2961897231914840e-07
cycle=6325 time=1.5597839054129076e-01 dt=2.5923794463829681e-07
cycle=6326 time=1.5597864977923540e-01 dt=1.4382126080725643e-25
cycle=6327 time=1.5597864977923540e-01 dt=2.8764252161451287e-25
cycle=6328 time=1.5597864977923540e-01 dt=5.7528504322902574e-25
cycle=6329 time=1.5597864977923540e-01 dt=1.1505700864580515e-24
cycle=6330 time=1.5597864977923540e-01 dt=2.3011401729161029e-24
cycle=6331 time=1.5597864977923540e-01 dt=4.6022803458322059e-24
cycle=6332 time=1.5597864977923540e-01 dt=9.2045606916644118e-24
cycle=6333 time=1.5597864977923540e-01 dt=1.8409121383328824e-23
cycle=6334 time=1.5597864977923540e-01 dt=3.6818242766657647e-23
cycle=6335 time=1.5597864977923540e-01 dt=7.3636485533315294e-23
cycle=6336 time=1.5597864977923540e-01 dt=1.4727297106663059e-22
cycle=6337 time=1.5597864977923540e-01 dt=2.9454594213326118e-22
cycle=6338 time=1.5597864977923540e-01 dt=5.8909188426652235e-22
cycle=6339 time=1.5597864977923540e-01 dt=1.1781837685330447e-21
cycle=6340 time=1.5597864977923540e-01 dt=2.3563675370660894e-21
cycle=6341 time=1.5597864977923540e-01 dt=4.7127350741321788e-21
cycle=6342 time=1.5597864977923540e-01 dt=9.4254701482643577e-21
cycle=6343 time=1.5597864977923540e-01 dt=1.8850940296528715e-20
cycle=6344 time=1.5597864977923540e-01 dt=3.7701880593057431e-20
cycle=6345 time=1.5597864977923540e-01 dt=7.5403761186114861e-20
cycle=6346 time=1.5597864977923540e-01 dt=1.5080752237222972e-19
cycle=6347 time=1.5597864977923540e-01 dt=3.0161504474445945e-19
cycle=6348 time=1.5597864977923540e-01 dt=6.0323008948891889e-19
cycle=6349 time=1.5597864977923540e-01 dt=1.2064601789778378e-18
cycle=6350 time=1.5597864977923540e-01 dt=2.4129203579556756e-18
cycle=6351 time=1.5597864977923540e-01 dt=4.8258407159113511e-18
cycle=6352 time=1.5597864977923540e-01 dt=9.6516814318227023e-18
cycle=6353 time=1.5597864977923540e-01 dt=1.9303362863645405e-17
cycle=6354 time=1.5597864977923542e-01 dt=3.8606725727290809e-17
cycle=6355 time=1.5597864977923545e-01 dt=7.7213451454581618e-17
cycle=6356 time=1.5597864977923553e-01 dt=1.5442690290916324e-16
cycle=6357 time=1.5597864977923570e-01 dt=3.0885380581832647e-16
cycle=6358 time=1.5597864977923601e-01 dt=6.1770761163665294e-16
cycle=6359 time=1.5597864977923662e-01 dt=1.2354152232733059e-15
cycle=6360 time=1.5597864977923787e-01 dt=2.4708304465466118e-15
cycle=6361 time=1.5597864977924034e-01 dt=4.9416608930932236e-15
cycle=6362 time=1.5597864977924528e-01 dt=9.8833217861864471e-15
cycle=6363 time=1.5597864977925516e-01 dt=1.9766643572372894e-14
cycle=6364 time=1.5597864977927492e-01 dt=3.9533287144745788e-14
cycle=6365 time=1.5597864977931444e-01 dt=7.9066574289491577e-14
cycle=6366 time=1.5597864977939352e-01 dt=1.5813314857898315e-13
cycle=6367 time=1.5597864977955164e-01 dt=3.1626629715796631e-13
cycle=6368 time=1.5597864977986792e-01 dt=6.3253259431593261e-13
cycle=6369 time=1.5597864978050044e-01 dt=1.2650651886318652e-12
cycle=6370 time=1.5597864978176551e-01 dt=2.5301303772637305e-12
cycle=6371 time=1.5597864978429565e-01 dt=5.0602607545274609e-12
cycle=6372 time=1.5597864978935591e-01 dt=1.0120521509054922e-11
cycle=6373 time=1.5597864979947643e-01 dt=2.0241043018109844e-11
cycle=6374 time=1.5597864981971746e-01 dt=4.0482086036219687e-11
cycle=6375 time=1.5597864986019955e-01 dt=8.0964172072439375e-11
cycle=6376 time=1.5597864994116373e-01 dt=1.6192834414487875e-10
cycle=6377 time=1.5597865010309206e-01 dt=3.2385668828975750e-10
cycle=6378 time=1.5597865042694875e-01 dt=6.4771337657951500e-10
cycle=6379 time=1.5597865107466213e-01 dt=1.2954267531590300e-09
cycle=6380 time=1.5597865237008890e-01 dt=2.5908535063180600e-09
cycle=6381 time=1.5597865496094240e-01 dt=5.1817070126361200e-09
cycle=6382 time=1.5597866014264941e-01 dt=1.0363414025272240e-08
cycle=6383 time=1.5597867050606343e-01 dt=2.0726828050544480e-08
cycle=6384 time=1.5597869123289149e-01 dt=4.1453656101088960e-08
cycle=6385 time=1.5597873268654758e-01 dt=8.2907312202177920e-08
cycle=6386 time=1.5597881559385979e-01 dt=1.6581462440435584e-07
cycle=6387 time=1.5597898140848418e-01 dt=3.3162924880871168e-07
cycle=6388 time=1.5597931303773299e-01 dt=1.1595469447840611e-25
cycle=6389 time=1.5597931303773299e-01 dt=2.3190938895681222e-25
cycle=6390 time=1.5597931303773299e-01 dt=4.6381877791362443e-25
cycle=6391 time=1.5597931303773299e-01 dt=9.2763755582724887e-25
cycle=6392 time=1.5597931303773299e-01 dt=1.8552751116544977e-24
cycle=6393 time=1.5597931303773299e-01 dt=3.7105502233089955e-24
cycle=6394 time=1.5597931303773299e-01 dt=7.4211004466179909e-24
cycle=6395 time=1.5597931303773299e-01 dt=1.4842200893235982e-23
cycle=6396 time=1.5597931303773299e-01 dt=2.9684401786471964e-23
cycle=6397 time=1.5597931303773299e-01 dt=5.9368803572943928e-23
cycle=6398 time=1.5597931303773299e-01 dt=1.1873760714588786e-22
cycle=6399 time=1.5597931303773299e-01 dt=2.3747521429177571e-22
cycle=6400 time=1.5597931303773299e-01 dt=4.7495042858355142e-22
cycle=6401 time=1.5597931303773299e-01 dt=9.4990085716710284e-22
cycle=6402 time=1.5597931303773299e-01 dt=1.8998017143342057e-21
cycle=6403 time=1.5597931303773299e-01 dt=3.7996034286684114e-21
cycle=6404 time=1.5597931303773299e-01 dt=7.5992068573368227e-21
cycle=6405 time=1.5597931303773299e-01 dt=1.5198413714673645e-20
cycle=6406 time=1.5597931303773299e-01 dt=3.0396827429347291e-20
cycle=6407 time=1.5597931303773299e-01 dt=6.0793654858694582e-20
cycle=6408 time=1.5597931303773299e-01 dt=1.2158730971738916e-19
cycle=6409 time=1.5597931303773299e-01 dt=2.4317461943477833e-19
cycle=6410 time=1.5597931303773299e-01 dt=4.8634923886955665e-19
cycle=6411 time=1.5597931303773299e-01 dt=9.7269847773911331e-19
cycle=6412 time=1.5597931303773299e-01 dt=1.9453969554782266e-18
cycle=6413 time=1.5597931303773299e-01 dt=3.8907939109564532e-18
cycle=6414 time=1.5597931303773299e-01 dt=7.7815878219129065e-18
cycle=6415 time=1.5597931303773299e-01 dt=1.5563175643825813e-17
cycle=6416 time=1.5597931303773302e-01 dt=3.1126351287651626e-17
cycle=6417 time=1.5597931303773305e-01 dt=6.2252702575303252e-17
cycle=6418 time=1.5597931303773310e-01 dt=1.2450540515060650e-16
cycle=6419 time=1.5597931303773321e-01 dt=2.4901081030121301e-16
cycle=6420 time=1.5597931303773346e-01 dt=4.9802162060242601e-16
cycle=6421 time=1.5597931303773396e-01 dt=9.9604324120485203e-16
cycle=6422 time=1.5597931303773496e-01 dt=1.9920864824097041e-15
cycle=6423 time=1.5597931303773696e-01 dt=3.9841729648194081e-15
cycle=6424 time=1.5597931303774096e-01 dt=7.9683459296388162e-15
cycle=6425 time=1.5597931303774892e-01 dt=1.5936691859277632e-14
cycle=6426 time=1.5597931303776486e-01 dt=3.1873383718555265e-14
cycle=6427 time=1.5597931303779672e-01 dt=6.3746767437110530e-14
cycle=6428 time=1.5597931303786047e-01 dt=1.2749353487422106e-13
cycle=6429 time=1.5597931303798795e-01 dt=2.5498706974844212e-13
cycle=6430 time=1.5597931303824294e-01 dt=5.0997413949688424e-13
cycle=6431 time=1.5597931303875293e-01 dt=1.0199482789937685e-12
cycle=6432 time=1.5597931303977289e-01 dt=2.0398965579875370e-12
cycle=6433 time=1.5597931304181278e-01 dt=4.0797931159750739e-12
cycle=6434 time=1.5597931304589258e-01 dt=8.1595862319501478e-12
cycle=6435 time=1.5597931305405216e-01 dt=1.6319172463900296e-11
cycle=6436 time=1.5597931307037133e-01 dt=3.2638344927800591e-11
cycle=6437 time=1.5597931310300966e-01 dt=6.5276689855601183e-11
cycle=6438 time=1.5597931316828637e-01 dt=1.3055337971120237e-10
cycle=6439 time=1.5597931329883974e-01 dt=2.6110675942240473e-10
cycle=6440 time=1.5597931355994649e-01 dt=5.2221351884480946e-10
cycle=6441 time=1.5597931408216001e-01 dt=1.0444270376896189e-09
cycle=6442 time=1.5597931512658705e-01 dt=2.0888540753792378e-09
cycle=6443 time=1.5597931721544112e-01 dt=4.1777081507584757e-09
cycle=6444 time=1.5597932139314927e-01 dt=8.3554163015169514e-09
cycle=6445 time=1.5597932974856557e-01 dt=1.6710832603033903e-08
cycle=6446 time=1.5597934645939818e-01 dt=3.3421665206067805e-08
cycle=6447 time=1.5597937988106339e-01 dt=6.6843330412135611e-08
cycle=6448 time=1.5597944672439379e-01 dt=1.3368666082427122e-07
cycle=6449 time=1.5597958041105461e-01 dt=2.6737332164854244e-07
cycle=6450 time=1.5597984778437626e-01 dt=1.4513708190676315e-25
cycle=6451 time=1.5597984778437626e-01 dt=2.9027416381352630e-25
cycle=6452 time=1.5597984778437626e-01 dt=1.4574730294269685e-25
cycle=6453 time=1.5597984778437626e-01 dt=2.9149460588539371e-25
cycle=6454 time=1.5597984778437626e-01 dt=5.8298921177078742e-25
cycle=6455 time=1.5597984778437626e-01 dt=1.1659784235415748e-24
cycle=6456 time=1.5597984778437626e-01 dt=2.3319568470831497e-24
cycle=6457 time=1.5597984778437626e-01 dt=4.6639136941662993e-24
cycle=6458 time=1.5597984778437626e-01 dt=9.3278273883325987e-24
cycle=6459 time=1.5597984778437626e-01 dt=1.8655654776665197e-23
cycle=6460 time=1.5597984778437626e-01 dt=3.7311309553330395e-23
cycle=6461 time=1.5597984778437626e-01 dt=7.4622619106660790e-23
cycle=6462 time=1.5597984778437626e-01 dt=1.4924523821332158e-22
cycle=6463 time=1.5597984778437626e-01 dt=2.9849047642664316e-22
cycle=6464 time=1.5597984778437626e-01 dt=5.9698095285328632e-22
cycle=6465 time=1.5597984778437626e-01 dt=1.1939619057065726e-21
cycle=6466 time=1.5597984778437626e-01 dt=2.3879238114131453e-21
cycle=6467 time=1.5597984778437626e-01 dt=4.7758476228262905e-21
cycle=6468 time=1.5597984778437626e-01 dt=9.5516952456525811e-21
cycle=6469 time=1.5597984778437626e-01 dt=1.9103390491305162e-20
cycle=6470 time=1.5597984778437626e-01 dt=3.8206780982610324e-20
cycle=6471 time=1.5597984778437626e-01 dt=7.6413561965220648e-20
cycle=6472 time=1.5597984778437626e-01 dt=1.5282712393044130e-19
cycle=6473 time=1.5597984778437626e-01 dt=3.0565424786088259e-19
cycle=6474 time=1.5597984778437626e-01 dt=6.1130849572176519e-19
cycle=6475 time=1.5597984778437626e-01 dt=1.2226169914435304e-18
cycle=6476 time=1.5597984778437626e-01 dt=2.4452339828870608e-18
cycle=6477 time=1.5597984778437626e-01 dt=4.8904679657741215e-18
cycle=6478 time=1.5597984778437626e-01 dt=9.7809359315482430e-18
cycle=6479 time=1.5597984778437626e-01 dt=1.9561871863096486e-17
cycle=6480 time=1.5597984778437629e-01 dt=3.9123743726192972e-17
cycle=6481 time=1.5597984778437632e-01 dt=7.8247487452385944e-17
cycle=6482 time=1.5597984778437640e-01 dt=1.5649497490477189e-16
cycle=6483 time=1.5597984778437657e-01 dt=3.1298994980954378e-16
cycle=6484 time=1.5597984778437687e-01 dt=6.2597989961908755e-16
cycle=6485 time=1.5597984778437751e-01 dt=1.2519597992381751e-15
cycle=6486 time=1.5597984778437876e-01 dt=2.5039195984763502e-15
cycle=6487 time=1.5597984778438126e-01 dt=5.0078391969527004e-15
cycle=6488 time=1.5597984778438626e-01 dt=1.0015678393905401e-14
cycle=6489 time=1.5597984778439627e-01 dt=2.0031356787810802e-14
cycle=6490 time=1.5597984778441631e-01 dt=4.0062713575621603e-14
cycle=6491 time=1.5597984778445637e-01 dt=8.0125427151243207e-14
cycle=6492 time=1.5597984778453650e-01 dt=1.6025085430248641e-13
cycle=6493 time=1.5597984778469676e-01 dt=3.2050170860497283e-13
cycle=6494 time=1.5597984778501725e-01 dt=6.4100341720994565e-13
cycle=6495 time=1.5597984778565827e-01 dt=1.2820068344198913e-12
cycle=6496 time=1.5597984778694027e-01 dt=2.5640136688397826e-12
cycle=6497 time=1.5597984778950427e-01 dt=5.1280273376795652e-12
cycle=6498 time=1.5597984779463231e-01 dt=1.0256054675359130e-11
cycle=6499 time=1.5597984780488836e-01 dt=2.0512109350718261e-11
cycle=6500 time=1.5597984782540047e-01 dt=4.1024218701436522e-11
cycle=6501 time=1.5597984786642469e-01 dt=8.2048437402873044e-11
cycle=6502 time=1.5597984794847311e-01 dt=1.6409687480574609e-10
cycle=6503 time=1.5597984811256999e-01 dt=3.2819374961149217e-10
cycle=6504 time=1.5597984844076374e-01 dt=6.5638749922298435e-10
cycle=6505 time=1.5597984909715124e-01 dt=1.3127749984459687e-09
cycle=6506 time=1.5597985040992624e-01 dt=2.6255499968919374e-09
cycle=6507 time=1.5597985303547623e-01 dt=5.2510999937838748e-09
cycle=6508 time=1.5597985828657623e-01 dt=1.0502199987567750e-08
cycle=6509 time=1.5597986878877623e-01 dt=2.1004399975135499e-08
cycle=6510 time=1.5597988979317620e-01 dt=4.2008799950270998e-08
cycle=6511 time=1.5597993180197614e-01 dt=8.4017599900541997e-08
cycle=6512 time=1.5598001581957605e-01 dt=1.6803519980108399e-07
cycle=6513 time=1.5598018385477586e-01 dt=3.3607039960216799e-07
cycle=6514 time=1.5598051992517545e-01 dt=9.3783017264369655e-26
cycle=6515 time=1.5598051992517545e-01 dt=1.8756603452873931e-25
cycle=6516 time=1.5598051992517545e-01 dt=3.7513206905747862e-25
cycle=6517 time=1.5598051992517545e-01 dt=7.5026413811495724e-25
cycle=6518 time=1.5598051992517545e-01 dt=1.5005282762299145e-24
cycle=6519 time=1.5598051992517545e-01 dt=3.0010565524598289e-24
cycle=6520 time=1.5598051992517545e-01 dt=6.0021131049196579e-24
cycle=6521 time=1.5598051992517545e-01 dt=1.2004226209839316e-23
cycle=6522 time=1.5598051992517545e-01 dt=2.4008452419678632e-23
cycle=6523 time=1.5598051992517545e-01 dt=4.8016904839357263e-23
cycle=6524 time=1.5598051992517545e-01 dt=9.6033809678714526e-23
cycle=6525 time=1.5598051992517545e-01 dt=1.9206761935742905e-22
cycle=6526 time=1.5598051992517545e-01 dt=3.8413523871485811e-22
cycle=6527 time=1.5598051992517545e-01 dt=7.6827047742971621e-22
cycle=6528 time=1.5598051992517545e-01 dt=1.5365409548594324e-21
cycle=6529 time=1.5598051992517545e-01 dt=3.0730819097188648e-21
cycle=6530 time=1.5598051992517545e-01 dt=6.1461638194377297e-21
cycle=6531 time=1.5598051992517545e-01 dt=1.2292327638875459e-20
cycle=6532 time=1.5598051992517545e-01 dt=2.4584655277750919e-20
cycle=6533 time=1.5598051992517545e-01 dt=4.9169310555501838e-20
cycle=6534 time=1.5598051992517545e-01 dt=9.8338621111003675e-20
cycle=6535 time=1.5598051992517545e-01 dt=1.9667724222200735e-19
cycle=6536 time=1.5598051992517545e-01 dt=3.9335448444401470e-19
cycle=6537 time=1.5598051992517545e-01 dt=7.8670896888802940e-19
cycle=6538 time=1.5598051992517545e-01 dt=1.5734179377760588e-18
cycle=6539 time=1.5598051992517545e-01 dt=3.1468358755521176e-18
cycle=6540 time=1.5598051992517545e-01 dt=6.2936717511042352e-18
cycle=6541 time=1.5598051992517545e-01 dt=1.2587343502208470e-17
cycle=6542 time=1.5598051992517545e-01 dt=2.5174687004416941e-17
cycle=6543 time=1.5598051992517548e-01 dt=5.0349374008833882e-17
cycle=6544 time=1.5598051992517553e-01 dt=1.0069874801766776e-16
cycle=6545 time=1.5598051992517564e-01 dt=2.0139749603533553e-16
cycle=6546 time=1.5598051992517584e-01 dt=4.0279499207067105e-16
cycle=6547 time=1.5598051992517625e-01 dt=8.0558998414134211e-16
cycle=6548 time=1.5598051992517706e-01 dt=1.6111799682826842e-15
cycle=6549 time=1.5598051992517867e-01 dt=3.2223599365653684e-15
cycle=6550 time=1.5598051992518189e-01 dt=6.4447198731307368e-15
cycle=6551 time=1.5598051992518833e-01 dt=1.2889439746261474e-14
cycle=6552 time=1.5598051992520121e-01 dt=2.5778879492522947e-14
cycle=6553 time=1.5598051992522699e-01 dt=5.1557758985045895e-14
cycle=6554 time=1.5598051992527856e-01 dt=1.0311551797009179e-13
cycle=6555 time=1.5598051992538167e-01 dt=2.0623103594018358e-13
cycle=6556 time=1.5598051992558790e-01 dt=4.1246207188036716e-13
cycle=6557 time=1.5598051992600037e-01 dt=8.2492414376073432e-13
cycle=6558 time=1.5598051992682530e-01 dt=1.6498482875214686e-12
cycle=6559 time=1.5598051992847514e-01 dt=3.2996965750429373e-12
cycle=6560 time=1.5598051993177484e-01 dt=6.5993931500858745e-12
cycle=6561 time=1.5598051993837422e-01 dt=1.3198786300171749e-11
cycle=6562 time=1.5598051995157300e-01 dt=2.6397572600343498e-11
cycle=6563 time=1.5598051997797058e-01 dt=5.2795145200686996e-11
cycle=6564 time=1.5598052003076573e-01 dt=1.0559029040137399e-10
cycle=6565 time=1.5598052013635602e-01 dt=2.1118058080274798e-10
cycle=6566 time=1.5598052034753659e-01 dt=4.2236116160549597e-10
cycle=6567 time=1.5598052076989777e-01 dt=8.4472232321099194e-10
cycle=6568 time=1.5598052161462009e-01 dt=1.6894446464219839e-09
cycle=6569 time=1.5598052330406473e-01 dt=3.3788892928439678e-09
cycle=6570 time=1.5598052668295401e-01 dt=6.7577785856879355e-09
cycle=6571 time=1.5598053344073259e-01 dt=1.3515557171375871e-08
cycle=6572 time=1.5598054695628977e-01 dt=2.7031114342751742e-08
cycle=6573 time=1.5598057398740411e-01 dt=5.4062228685503484e-08
cycle=6574 time=1.5598062804963281e-01 dt=1.0812445737100697e-07
cycle=6575 time=1.5598073617409017e-01 dt=2.1624891474201394e-07
cycle=6576 time=1.5598095242300491e-01 dt=4.3249782948402787e-07
cycle=6577 time=1.5598138492083441e-01 dt=5.1818905181800800e-26
cycle=6578 time=1.5598138492083441e-01 dt=1.0363781036360160e-25
cycle=6579 time=1.5598138492083441e-01 dt=2.0727562072720320e-25
cycle=6580 time=1.5598138492083441e-01 dt=4.1455124145440640e-25
cycle=6581 time=1.5598138492083441e-01 dt=8.2910248290881280e-25
cycle=6582 time=1.5598138492083441e-01 dt=1.6582049658176256e-24
cycle=6583 time=1.5598138492083441e-01 dt=3.3164099316352512e-24
cycle=6584 time=1.5598138492083441e-01 dt=6.6328198632705024e-24
cycle=6585 time=1.5598138492083441e-01 dt=1.3265639726541005e-23
cycle=6586 time=1.5598138492083441e-01 dt=2.6531279453082010e-23
cycle=6587 time=1.5598138492083441e-01 dt=5.3062558906164019e-23
cycle=6588 time=1.5598138492083441e-01 dt=1.0612511781232804e-22
cycle=6589 time=1.5598138492083441e-01 dt=2.1225023562465608e-22
cycle=6590 time=1.5598138492083441e-01 dt=4.2450047124931216e-22
cycle=6591 time=1.5598138492083441e-01 dt=8.4900094249862431e-22
cycle=6592 time=1.5598138492083441e-01 dt=1.6980018849972486e-21
cycle=6593 time=1.5598138492083441e-01 dt=3.3960037699944972e-21
cycle=6594 time=1.5598138492083441e-01 dt=6.7920075399889945e-21
cycle=6595 time=1.5598138492083441e-01 dt=1.3584015079977989e-20
cycle=6596 time=1.5598138492083441e-01 dt=2.7168030159955978e-20
cycle=6597 time=1.5598138492083441e-01 dt=5.4336060319911956e-20
cycle=6598 time=1.5598138492083441e-01 dt=1.0867212063982391e-19
cycle=6599 time=1.5598138492083441e-01 dt=2.1734424127964782e-19
cycle=6600 time=1.5598138492083441e-01 dt=4.3468848255929565e-19
cycle=6601 time=1.5598138492083441e-01 dt=8.6937696511859130e-19
cycle=6602 time=1.5598138492083441e-01 dt=1.7387539302371826e-18
cycle=6603 time=1.5598138492083441e-01 dt=3.4775078604743652e-18
cycle=6604 time=1.5598138492083441e-01 dt=6.9550157209487304e-18
cycle=6605 time=1.5598138492083441e-01 dt=1.3910031441897461e-17
cycle=6606 time=1.5598138492083444e-01 dt=2.7820062883794921e-17
cycle=6607 time=1.5598138492083446e-01 dt=5.5640125767589843e-17
cycle=6608 time=1.5598138492083452e-01 dt=1.1128025153517969e-16
cycle=6609 time=1.5598138492083463e-01 dt=2.2256050307035937e-16
cycle=6610 time=1.5598138492083485e-01 dt=4.4512100614071874e-16
cycle=6611 time=1.5598138492083530e-01 dt=8.9024201228143749e-16
cycle=6612 time=1.5598138492083619e-01 dt=1.7804840245628750e-15
cycle=6613 time=1.5598138492083796e-01 dt=3.5609680491257499e-15
cycle=6614 time=1.5598138492084151e-01 dt=7.1219360982514999e-15
cycle=6615 time=1.5598138492084865e-01 dt=1.4243872196503000e-14
cycle=6616 time=1.5598138492086289e-01 dt=2.8487744393006000e-14
cycle=6617 time=1.5598138492089136e-01 dt=5.6975488786011999e-14
cycle=6618 time=1.5598138492094835e-01 dt=1.1395097757202400e-13
cycle=6619 time=1.5598138492106231e-01 dt=2.2790195514404800e-13
cycle=6620 time=1.5598138492129021e-01 dt=4.5580391028809599e-13
cycle=6621 time=1.5598138492174601e-01 dt=9.1160782057619199e-13
cycle=6622 time=1.5598138492265762e-01 dt=1.8232156411523840e-12
cycle=6623 time=1.5598138492448083e-01 dt=3.6464312823047679e-12
cycle=6624 time=1.5598138492812727e-01 dt=7.2928625646095359e-12
cycle=6625 time=1.5598138493542013e-01 dt=1.4585725129219072e-11
cycle=6626 time=1.5598138495000585e-01 dt=2.9171450258438144e-11
cycle=6627 time=1.5598138497917730e-01 dt=5.8342900516876287e-11
cycle=6628 time=1.5598138503752021e-01 dt=1.1668580103375257e-10
cycle=6629 time=1.5598138515420601e-01 dt=2.3337160206750515e-10
cycle=6630 time=1.5598138538757761e-01 dt=4.6674320413501030e-10
cycle=6631 time=1.5598138585432081e-01 dt=9.3348640827002059e-10
cycle=6632 time=1.5598138678780721e-01 dt=1.8669728165400412e-09
cycle=6633 time=1.5598138865478003e-01 dt=3.7339456330800824e-09
cycle=6634 time=1.5598139238872566e-01 dt=7.4678912661601647e-09
cycle=6635 time=1.5598139985661694e-01 dt=1.4935782532320329e-08
cycle=6636 time=1.5598141479239946e-01 dt=2.9871565064640659e-08
cycle=6637 time=1.5598144466396452e-01 dt=5.9743130129281318e-08
cycle=6638 time=1.5598150440709466e-01 dt=1.1948626025856264e-07
cycle=6639 time=1.5598162389335490e-01 dt=2.3897252051712527e-07
cycle=6640 time=1.5598186286587543e-01 dt=4.7794504103425054e-07
cycle=6641 time=1.5598234081091647e-01 dt=5.1240133374235215e-26
cycle=6642 time=1.5598234081091647e-01 dt=6.5419895775915415e-26
cycle=6643 time=1.5598234081091647e-01 dt=6.5712673588217828e-26
cycle=6644 time=1.5598234081091647e-01 dt=1.3142534717643566e-25
cycle=6645 time=1.5598234081091647e-01 dt=2.6285069435287131e-25
cycle=6646 time=1.5598234081091647e-01 dt=3.5942191673889774e-25
cycle=6647 time=1.5598234081091647e-01 dt=7.1884383347779547e-25
cycle=6648 time=1.5598234081091647e-01 dt=1.4376876669555909e-24
cycle=6649 time=1.5598234081091647e-01 dt=2.8753753339111819e-24
cycle=6650 time=1.5598234081091647e-01 dt=5.7507506678223638e-24
cycle=6651 time=1.5598234081091647e-01 dt=1.1501501335644728e-23
cycle=6652 time=1.5598234081091647e-01 dt=2.3003002671289455e-23
cycle=6653 time=1.5598234081091647e-01 dt=4.6006005342578910e-23
cycle=6654 time=1.5598234081091647e-01 dt=9.2012010685157821e-23
cycle=6655 time=1.5598234081091647e-01 dt=1.8402402137031564e-22
cycle=6656 time=1.5598234081091647e-01 dt=3.6804804274063128e-22
cycle=6657 time=1.5598234081091647e-01 dt=7.3609608548126256e-22
cycle=6658 time=1.5598234081091647e-01 dt=1.4721921709625251e-21
cycle=6659 time=1.5598234081091647e-01 dt=2.9443843419250503e-21
cycle=6660 time=1.5598234081091647e-01 dt=5.8887686838501005e-21
cycle=6661 time=1.5598234081091647e-01 dt=1.1777537367700201e-20
cycle=6662 time=1.5598234081091647e-01 dt=2.3555074735400402e-20
cycle=6663 time=1.5598234081091647e-01 dt=4.7110149470800804e-20
cycle=6664 time=1.5598234081091647e-01 dt=9.4220298941601608e-20
cycle=6665 time=1.5598234081091647e-01 dt=1.8844059788320322e-19
cycle=6666 time=1.5598234081091647e-01 dt=3.7688119576640643e-19
cycle=6667 time=1.5598234081091647e-01 dt=7.5376239153281287e-19
cycle=6668 time=1.5598234081091647e-01 dt=1.5075247830656257e-18
cycle=6669 time=1.5598234081091647e-01 dt=3.0150495661312515e-18
cycle=6670 time=1.5598234081091647e-01 dt=6.0300991322625029e-18
cycle=6671 time=1.5598234081091647e-01 dt=1.2060198264525006e-17
cycle=6672 time=1.5598234081091647e-01 dt=2.4120396529050012e-17
cycle=6673 time=1.5598234081091650e-01 dt=4.8240793058100023e-17
cycle=6674 time=1.5598234081091655e-01 dt=9.6481586116200047e-17
cycle=6675 time=1.5598234081091664e-01 dt=1.9296317223240009e-16
cycle=6676 time=1.5598234081091683e-01 dt=3.8592634446480019e-16
cycle=6677 time=1.5598234081091722e-01 dt=7.7185268892960037e-16
cycle=6678 time=1.5598234081091800e-01 dt=1.5437053778592007e-15
cycle=6679 time=1.5598234081091955e-01 dt=3.0874107557184015e-15
cycle=6680 time=1.5598234081092263e-01 dt=6.1748215114368030e-15
cycle=6681 time=1.5598234081092879e-01 dt=1.2349643022873606e-14
cycle=6682 time=1.5598234081094114e-01 dt=2.4699286045747212e-14
cycle=6683 time=1.5598234081096585e-01 dt=4.9398572091494424e-14
cycle=6684 time=1.5598234081101525e-01 dt=9.8797144182988848e-14
cycle=6685 time=1.5598234081111406e-01 dt=1.9759428836597770e-13
cycle=6686 time=1.5598234081131165e-01 dt=3.9518857673195539e-13
cycle=6687 time=1.5598234081170684e-01 dt=7.9037715346391078e-13
cycle=6688 time=1.5598234081249721e-01 dt=1.5807543069278216e-12
cycle=6689 time=1.5598234081407797e-01 dt=3.1615086138556431e-12
cycle=6690 time=1.5598234081723947e-01 dt=6.3230172277112863e-12
cycle=6691 time=1.5598234082356249e-01 dt=1.2646034455422573e-11
cycle=6692 time=1.5598234083620852e-01 dt=2.5292068910845145e-11
cycle=6693 time=1.5598234086150059e-01 dt=5.0584137821690290e-11
cycle=6694 time=1.5598234091208474e-01 dt=1.0116827564338058e-10
cycle=6695 time=1.5598234101325301e-01 dt=2.0233655128676116e-10
cycle=6696 time=1.5598234121558957e-01 dt=4.0467310257352232e-10
cycle=6697 time=1.5598234162026267e-01 dt=8.0934620514704464e-10
cycle=6698 time=1.5598234242960887e-01 dt=1.6186924102940893e-09
cycle=6699 time=1.5598234404830127e-01 dt=3.2373848205881786e-09
cycle=6700 time=1.5598234728568611e-01 dt=6.4747696411763571e-09
cycle=6701 time=1.5598235376045574e-01 dt=1.2949539282352714e-08
cycle=6702 time=1.5598236670999502e-01 dt=2.5899078564705429e-08
cycle=6703 time=1.5598239260907359e-01 dt=5.1798157129410857e-08
cycle=6704 time=1.5598244440723072e-01 dt=1.0359631425882171e-07
cycle=6705 time=1.5598254800354497e-01 dt=2.0719262851764343e-07
cycle=6706 time=1.5598275519617349e-01 dt=4.1438525703528686e-07
cycle=6707 time=1.5598316958143052e-01 dt=1.3350338100531443e-25
cycle=6708 time=1.5598316958143052e-01 dt=2.6700676201062885e-25
cycle=6709 time=1.5598316958143052e-01 dt=5.3401352402125770e-25
cycle=6710 time=1.5598316958143052e-01 dt=1.0680270480425154e-24
cycle=6711 time=1.5598316958143052e-01 dt=2.1360540960850308e-24
cycle=6712 time=1.5598316958143052e-01 dt=4.2721081921700616e-24
cycle=6713 time=1.5598316958143052e-01 dt=8.5442163843401233e-24
cycle=6714 time=1.5598316958143052e-01 dt=1.7088432768680247e-23
cycle=6715 time=1.5598316958143052e-01 dt=3.4176865537360493e-23
cycle=6716 time=1.5598316958143052e-01 dt=6.8353731074720986e-23
cycle=6717 time=1.5598316958143052e-01 dt=1.3670746214944197e-22
cycle=6718 time=1.5598316958143052e-01 dt=2.7341492429888394e-22
cycle=6719 time=1.5598316958143052e-01 dt=5.4682984859776789e-22
cycle=6720 time=1.5598316958143052e-01 dt=1.0936596971955358e-21
cycle=6721 time=1.5598316958143052e-01 dt=2.1873193943910716e-21
cycle=6722 time=1.5598316958143052e-01 dt=4.3746387887821431e-21
cycle=6723 time=1.5598316958143052e-01 dt=8.7492775775642862e-21
cycle=6724 time=1.5598316958143052e-01 dt=1.7498555155128572e-20
cycle=6725 time=1.5598316958143052e-01 dt=3.4997110310257145e-20
cycle=6726 time=1.5598316958143052e-01 dt=6.9994220620514290e-20
cycle=6727 time=1.5598316958143052e-01 dt=1.3998844124102858e-19
cycle=6728 time=1.5598316958143052e-01 dt=2.7997688248205716e-19
cycle=6729 time=1.5598316958143052e-01 dt=5.5995376496411432e-19
cycle=6730 time=1.5598316958143052e-01 dt=1.1199075299282286e-18
cycle=6731 time=1.5598316958143052e-01 dt=2.2398150598564573e-18
cycle=6732 time=1.5598316958143052e-01 dt=4.4796301197129145e-18
cycle=6733 time=1.5598316958143052e-01 dt=8.9592602394258291e-18
cycle=6734 time=1.5598316958143052e-01 dt=1.7918520478851658e-17
cycle=6735 time=1.5598316958143055e-01 dt=3.5837040957703316e-17
cycle=6736 time=1.5598316958143058e-01 dt=7.1674081915406633e-17
cycle=6737 time=1.5598316958143066e-01 dt=1.4334816383081327e-16
cycle=6738 time=1.5598316958143080e-01 dt=2.8669632766162653e-16
cycle=6739 time=1.5598316958143107e-01 dt=5.7339265532325306e-16
cycle=6740 time=1.5598316958143166e-01 dt=1.1467853106465061e-15
cycle=6741 time=1.5598316958143280e-01 dt=2.2935706212930122e-15
cycle=6742 time=1.5598316958143510e-01 dt=4.5871412425860245e-15
cycle=6743 time=1.5598316958143968e-01 dt=9.1742824851720490e-15
cycle=6744 time=1.5598316958144887e-01 dt=1.8348564970344098e-14
cycle=6745 time=1.5598316958146721e-01 dt=3.6697129940688196e-14
cycle=6746 time=1.5598316958150391e-01 dt=7.3394259881376392e-14
cycle=6747 time=1.5598316958157729e-01 dt=1.4678851976275278e-13
cycle=6748 time=1.5598316958172409e-01 dt=2.9357703952550557e-13
cycle=6749 time=1.5598316958201766e-01 dt=5.8715407905101114e-13
cycle=6750 time=1.5598316958260480e-01 dt=1.1743081581020223e-12
cycle=6751 time=1.5598316958377911e-01 dt=2.3486163162040445e-12
cycle=6752 time=1.5598316958612773e-01 dt=4.6972326324080891e-12
cycle=6753 time=1.5598316959082498e-01 dt=9.3944652648161782e-12
cycle=6754 time=1.5598316960021943e-01 dt=1.8788930529632356e-11
cycle=6755 time=1.5598316961900838e-01 dt=3.7577861059264713e-11
cycle=6756 time=1.5598316965658623e-01 dt=7.5155722118529425e-11
cycle=6757 time=1.5598316973174195e-01 dt=1.5031144423705885e-10
cycle=6758 time=1.5598316988205341e-01 dt=3.0062288847411770e-10
cycle=6759 time=1.5598317018267630e-01 dt=6.0124577694823540e-10
cycle=6760 time=1.5598317078392207e-01 dt=1.2024915538964708e-09
cycle=6761 time=1.5598317198641362e-01 dt=2.4049831077929416e-09
cycle=6762 time=1.5598317439139672e-01 dt=4.8099662155858832e-09
cycle=6763 time=1.5598317920136293e-01 dt=9.6199324311717664e-09
cycle=6764 time=1.5598318882129536e-01 dt=1.9239864862343533e-08
cycle=6765 time=1.5598320806116023e-01 dt=3.8479729724687066e-08
cycle=6766 time=1.5598324654088996e-01 dt=7.6959459449374131e-08
cycle=6767 time=1.5598332350034941e-01 dt=1.5391891889874826e-07
cycle=6768 time=1.5598347741926830e-01 dt=3.0783783779749653e-07
cycle=6769 time=1.5598378525710610e-01 dt=9.2792152850090154e-26
cycle=6770 time=1.5598378525710610e-01 dt=1.8558430570018031e-25
cycle=6771 time=1.5598378525710610e-01 dt=3.7116861140036062e-25
cycle=6772 time=1.5598378525710610e-01 dt=7.4233722280072123e-25
cycle=6773 time=1.5598378525710610e-01 dt=6.8876638226155583e-26
cycle=6774 time=1.5598378525710610e-01 dt=1.3775327645231117e-25
cycle=6775 time=1.5598378525710610e-01 dt=2.7550655290462233e-25
cycle=6776 time=1.5598378525710610e-01 dt=5.5101310580924466e-25
cycle=6777 time=1.5598378525710610e-01 dt=1.1020262116184893e-24
cycle=6778 time=1.5598378525710610e-01 dt=2.2040524232369786e-24
cycle=6779 time=1.5598378525710610e-01 dt=4.4081048464739573e-24
cycle=6780 time=1.5598378525710610e-01 dt=8.8162096929479146e-24
cycle=6781 time=1.5598378525710610e-01 dt=1.7632419385895829e-23
cycle=6782 time=1.5598378525710610e-01 dt=3.5264838771791658e-23
cycle=6783 time=1.5598378525710610e-01 dt=7.0529677543583317e-23
cycle=6784 time=1.5598378525710610e-01 dt=1.4105935508716663e-22
cycle=6785 time=1.5598378525710610e-01 dt=2.8211871017433327e-22
cycle=6786 time=1.5598378525710610e-01 dt=5.6423742034866653e-22
cycle=6787 time=1.5598378525710610e-01 dt=1.1284748406973331e-21
cycle=6788 time=1.5598378525710610e-01 dt=2.2569496813946661e-21
cycle=6789 time=1.5598378525710610e-01 dt=4.5138993627893323e-21
cycle=6790 time=1.5598378525710610e-01 dt=9.0277987255786645e-21
cycle=6791 time=1.5598378525710610e-01 dt=1.8055597451157329e-20
cycle=6792 time=1.5598378525710610e-01 dt=3.6111194902314658e-20
cycle=6793 time=1.5598378525710610e-01 dt=7.2222389804629316e-20
cycle=6794 time=1.5598378525710610e-01 dt=1.4444477960925863e-19
cycle=6795 time=1.5598378525710610e-01 dt=2.8888955921851727e-19
cycle=6796 time=1.5598378525710610e-01 dt=5.7777911843703453e-19
cycle=6797 time=1.5598378525710610e-01 dt=1.1555582368740691e-18
cycle=6798 time=1.5598378525710610e-01 dt=2.3111164737481381e-18
cycle=6799 time=1.5598378525710610e-01 dt=4.6222329474962762e-18
cycle=6800 time=1.5598378525710610e-01 dt=9.2444658949925525e-18
cycle=6801 time=1.5598378525710610e-01 dt=1.8488931789985105e-17
cycle=6802 time=1.5598378525710613e-01 dt=3.6977863579970210e-17
cycle=6803 time=1.5598378525710616e-01 dt=7.3955727159940420e-17
cycle=6804 time=1.5598378525710624e-01 dt=1.4791145431988084e-16
cycle=6805 time=1.5598378525710638e-01 dt=2.9582290863976168e-16
cycle=6806 time=1.5598378525710668e-01 dt=5.9164581727952336e-16
cycle=6807 time=1.5598378525710727e-01 dt=1.1832916345590467e-15
cycle=6808 time=1.5598378525710846e-01 dt=2.3665832691180934e-15
cycle=6809 time=1.5598378525711082e-01 dt=4.7331665382361869e-15
cycle=6810 time=1.5598378525711556e-01 dt=9.4663330764723737e-15
cycle=6811 time=1.5598378525712503e-01 dt=1.8932666152944747e-14
cycle=6812 time=1.5598378525714396e-01 dt=3.7865332305889495e-14
cycle=6813 time=1.5598378525718182e-01 dt=7.5730664611778990e-14
cycle=6814 time=1.5598378525725753e-01 dt=1.5146132922355798e-13
cycle=6815 time=1.5598378525740900e-01 dt=3.0292265844711596e-13
cycle=6816 time=1.5598378525771192e-01 dt=6.0584531689423192e-13
cycle=6817 time=1.5598378525831777e-01 dt=1.2116906337884638e-12
cycle=6818 time=1.5598378525952947e-01 dt=2.4233812675769277e-12
cycle=6819 time=1.5598378526195286e-01 dt=4.8467625351538554e-12
cycle=6820 time=1.5598378526679962e-01 dt=9.6935250703077107e-12
cycle=6821 time=1.5598378527649315e-01 dt=1.9387050140615421e-11
cycle=6822 time=1.5598378529588020e-01 dt=3.8774100281230843e-11
cycle=6823 time=1.5598378533465429e-01 dt=7.7548200562461686e-11
cycle=6824 time=1.5598378541220248e-01 dt=1.5509640112492337e-10
cycle=6825 time=1.5598378556729889e-01 dt=3.1019280224984674e-10
cycle=6826 time=1.5598378587749170e-01 dt=6.2038560449969349e-10
cycle=6827 time=1.5598378649787731e-01 dt=1.2407712089993870e-09
cycle=6828 time=1.5598378773864852e-01 dt=2.4815424179987739e-09
cycle=6829 time=1.5598379022019093e-01 dt=4.9630848359975479e-09
cycle=6830 time=1.5598379518327576e-01 dt=9.9261696719950958e-09
cycle=6831 time=1.5598380510944543e-01 dt=1.9852339343990192e-08
cycle=6832 time=1.5598382496178478e-01 dt=3.9704678687980383e-08
cycle=6833 time=1.5598386466646347e-01 dt=7.9409357375960766e-08
cycle=6834 time=1.5598394407582084e-01 dt=1.5881871475192153e-07
cycle=6835 time=1.5598410289453560e-01 dt=3.1763742950384306e-07
cycle=6836 time=1.5598442053196510e-01 dt=6.0228162234995221e-26
cycle=6837 time=1.5598442053196510e-01 dt=1.2045632446999044e-25
cycle=6838 time=1.5598442053196510e-01 dt=2.4091264893998089e-25
cycle=6839 time=1.5598442053196510e-01 dt=4.8182529787996177e-25
cycle=6840 time=1.5598442053196510e-01 dt=9.6365059575992354e-25
cycle=6841 time=1.5598442053196510e-01 dt=1.9273011915198471e-24
cycle=6842 time=1.5598442053196510e-01 dt=3.8546023830396942e-24
cycle=6843 time=1.5598442053196510e-01 dt=7.7092047660793883e-24
cycle=6844 time=1.5598442053196510e-01 dt=1.5418409532158777e-23
cycle=6845 time=1.5598442053196510e-01 dt=3.0836819064317553e-23
cycle=6846 time=1.5598442053196510e-01 dt=6.1673638128635107e-23
cycle=6847 time=1.5598442053196510e-01 dt=1.2334727625727021e-22
cycle=6848 time=1.5598442053196510e-01 dt=2.4669455251454043e-22
cycle=6849 time=1.5598442053196510e-01 dt=4.9338910502908085e-22
cycle=6850 time=1.5598442053196510e-01 dt=9.8677821005816171e-22
cycle=6851 time=1.5598442053196510e-01 dt=1.9735564201163234e-21
cycle=6852 time=1.5598442053196510e-01 dt=3.9471128402326468e-21
cycle=6853 time=1.5598442053196510e-01 dt=7.8942256804652937e-21
cycle=6854 time=1.5598442053196510e-01 dt=1.5788451360930587e-20
cycle=6855 time=1.5598442053196510e-01 dt=3.1576902721861175e-20
cycle=6856 time=1.5598442053196510e-01 dt=6.3153805443722349e-20
cycle=6857 time=1.5598442053196510e-01 dt=1.2630761088744470e-19
cycle=6858 time=1.5598442053196510e-01 dt=2.5261522177488940e-19
cycle=6859 time=1.5598442053196510e-01 dt=5.0523044354977879e-19
cycle=6860 time=1.5598442053196510e-01 dt=1.0104608870995576e-18
cycle=6861 time=1.5598442053196510e-01 dt=2.0209217741991152e-18
cycle=6862 time=1.5598442053196510e-01 dt=4.0418435483982304e-18
cycle=6863 time=1.5598442053196510e-01 dt=8.0836870967964607e-18
cycle=6864 time=1.5598442053196510e-01 dt=1.6167374193592921e-17
cycle=6865 time=1.5598442053196512e-01 dt=3.2334748387185843e-17
cycle=6866 time=1.5598442053196515e-01 dt=6.4669496774371686e-17
cycle=6867 time=1.5598442053196521e-01 dt=1.2933899354874337e-16
cycle=6868 time=1.5598442053196535e-01 dt=2.5867798709748674e-16
cycle=6869 time=1.5598442053196560e-01 dt=5.1735597419497349e-16
cycle=6870 time=1.5598442053196612e-01 dt=1.0347119483899470e-15
cycle=6871 time=1.5598442053196715e-01 dt=2.0694238967798939e-15
cycle=6872 time=1.5598442053196923e-01 dt=4.1388477935597879e-15
cycle=6873 time=1.5598442053197337e-01 dt=8.2776955871195758e-15
cycle=6874 time=1.5598442053198164e-01 dt=1.6555391174239152e-14
cycle=6875 time=1.5598442053199818e-01 dt=3.3110782348478303e-14
cycle=6876 time=1.5598442053203129e-01 dt=6.6221564696956606e-14
cycle=6877 time=1.5598442053209752e-01 dt=1.3244312939391321e-13
cycle=6878 time=1.5598442053222997e-01 dt=2.6488625878782642e-13
cycle=6879 time=1.5598442053249487e-01 dt=5.2977251757565285e-13
cycle=6880 time=1.5598442053302464e-01 dt=1.0595450351513057e-12
cycle=6881 time=1.5598442053408418e-01 dt=2.1190900703026114e-12
cycle=6882 time=1.5598442053620326e-01 dt=4.2381801406052228e-12
cycle=6883 time=1.5598442054044145e-01 dt=8.4763602812104456e-12
cycle=6884 time=1.5598442054891781e-01 dt=1.6952720562420891e-11
cycle=6885 time=1.5598442056587053e-01 dt=3.3905441124841782e-11
cycle=6886 time=1.5598442059977596e-01 dt=6.7810882249683565e-11
cycle=6887 time=1.5598442066758686e-01 dt=1.3562176449936713e-10
cycle=6888 time=1.5598442080320862e-01 dt=2.7124352899873426e-10
cycle=6889 time=1.5598442107445215e-01 dt=5.4248705799746852e-10
cycle=6890 time=1.5598442161693921e-01 dt=1.0849741159949370e-09
cycle=6891 time=1.5598442270191332e-01 dt=2.1699482319898741e-09
cycle=6892 time=1.5598442487186154e-01 dt=4.3398964639797481e-09
cycle=6893 time=1.5598442921175801e-01 dt=8.6797929279594963e-09
cycle=6894 time=1.5598443789155095e-01 dt=1.7359585855918993e-08
cycle=6895 time=1.5598445525113680e-01 dt=3.4719171711837985e-08
cycle=6896 time=1.5598448997030850e-01 dt=6.9438343423675970e-08
cycle=6897 time=1.5598455940865194e-01 dt=1.3887668684735194e-07
cycle=6898 time=1.5598469828533879e-01 dt=2.7775337369470388e-07
cycle=6899 time=1.5598497603871248e-01 dt=2.8872183987286963e-07
cycle=6900 time=1.5598526476055236e-01 dt=3.8780582350957480e-26
cycle=6901 time=1.5598526476055236e-01 dt=4.9512393678508592e-26
cycle=6902 time=1.5598526476055236e-01 dt=9.9024787357017184e-26
cycle=6903 time=1.5598526476055236e-01 dt=4.9763587025026595e-26
cycle=6904 time=1.5598526476055236e-01 dt=6.3534742446734484e-26
cycle=6905 time=1.5598526476055236e-01 dt=1.2706948489346897e-25
cycle=6906 time=1.5598526476055236e-01 dt=2.5413896978693794e-25
cycle=6907 time=1.5598526476055236e-01 dt=5.0827793957387587e-25
cycle=6908 time=1.5598526476055236e-01 dt=1.0165558791477517e-24
cycle=6909 time=1.5598526476055236e-01 dt=2.0331117582955035e-24
cycle=6910 time=1.5598526476055236e-01 dt=4.0662235165910070e-24
cycle=6911 time=1.5598526476055236e-01 dt=8.1324470331820140e-24
cycle=6912 time=1.5598526476055236e-01 dt=1.6264894066364028e-23
cycle=6913 time=1.5598526476055236e-01 dt=3.2529788132728056e-23
cycle=6914 time=1.5598526476055236e-01 dt=6.5059576265456112e-23
cycle=6915 time=1.5598526476055236e-01 dt=1.3011915253091222e-22
cycle=6916 time=1.5598526476055236e-01 dt=2.6023830506182445e-22
cycle=6917 time=1.5598526476055236e-01 dt=5.2047661012364889e-22
cycle=6918 time=1.5598526476055236e-01 dt=1.0409532202472978e-21
cycle=6919 time=1.5598526476055236e-01 dt=2.0819064404945956e-21
cycle=6920 time=1.5598526476055236e-01 dt=4.1638128809891912e-21
cycle=6921 time=1.5598526476055236e-01 dt=8.3276257619783823e-21
cycle=6922 time=1.5598526476055236e-01 dt=1.6655251523956765e-20
cycle=6923 time=1.5598526476055236e-01 dt=3.3310503047913529e-20
cycle=6924 time=1.5598526476055236e-01 dt=6.6621006095827059e-20
cycle=6925 time=1.5598526476055236e-01 dt=1.3324201219165412e-19
cycle=6926 time=1.5598526476055236e-01 dt=2.6648402438330823e-19
cycle=6927 time=1.5598526476055236e-01 dt=5.3296804876661647e-19
cycle=6928 time=1.5598526476055236e-01 dt=1.0659360975332329e-18
cycle=6929 time=1.5598526476055236e-01 dt=2.1318721950664659e-18
cycle=6930 time=1.5598526476055236e-01 dt=4.2637443901329317e-18
cycle=6931 time=1.5598526476055236e-01 dt=8.5274887802658635e-18
cycle=6932 time=1.5598526476055236e-01 dt=1.7054977560531727e-17
cycle=6933 time=1.5598526476055238e-01 dt=3.4109955121063454e-17
cycle=6934 time=1.5598526476055241e-01 dt=6.8219910242126908e-17
cycle=6935 time=1.5598526476055247e-01 dt=1.3643982048425382e-16
cycle=6936 time=1.5598526476055261e-01 dt=2.7287964096850763e-16
cycle=6937 time=1.5598526476055288e-01 dt=5.4575928193701526e-16
cycle=6938 time=1.5598526476055344e-01 dt=1.0915185638740305e-15
cycle=6939 time=1.5598526476055452e-01 dt=2.1830371277480611e-15
cycle=6940 time=1.5598526476055671e-01 dt=4.3660742554961221e-15
cycle=6941 time=1.5598526476056107e-01 dt=8.7321485109922442e-15
cycle=6942 time=1.5598526476056981e-01 dt=1.7464297021984488e-14
cycle=6943 time=1.5598526476058727e-01 dt=3.4928594043968977e-14
cycle=6944 time=1.5598526476062219e-01 dt=6.9857188087937954e-14
cycle=6945 time=1.5598526476069205e-01 dt=1.3971437617587591e-13
cycle=6946 time=1.5598526476083177e-01 dt=2.7942875235175181e-13
cycle=6947 time=1.5598526476111119e-01 dt=5.5885750470350363e-13
cycle=6948 time=1.5598526476167004e-01 dt=1.1177150094070073e-12
cycle=6949 time=1.5598526476278776e-01 dt=2.2354300188140145e-12
cycle=6950 time=1.5598526476502320e-01 dt=4.4708600376280290e-12
cycle=6951 time=1.5598526476949406e-01 dt=8.9417200752560581e-12
cycle=6952 time=1.5598526477843577e-01 dt=1.7883440150512116e-11
cycle=6953 time=1.5598526479631922e-01 dt=3.5766880301024232e-11
cycle=6954 time=1.5598526483208611e-01 dt=7.1533760602048465e-11
cycle=6955 time=1.5598526490361986e-01 dt=1.4306752120409693e-10
cycle=6956 time=1.5598526504668739e-01 dt=2.8613504240819386e-10
cycle=6957 time=1.5598526533282242e-01 dt=5.7227008481638772e-10
cycle=6958 time=1.5598526590509251e-01 dt=1.1445401696327754e-09
cycle=6959 time=1.5598526704963267e-01 dt=2.2890803392655509e-09
cycle=6960 time=1.5598526933871301e-01 dt=4.5781606785311017e-09
cycle=6961 time=1.5598527391687370e-01 dt=9.1563213570622035e-09
cycle=6962 time=1.5598528307319506e-01 dt=1.8312642714124407e-08
cycle=6963 time=1.5598530138583777e-01 dt=3.6625285428248814e-08
cycle=6964 time=1.5598533801112319e-01 dt=7.3250570856497628e-08
cycle=6965 time=1.5598541126169405e-01 dt=1.4650114171299526e-07
cycle=6966 time=1.5598555776283576e-01 dt=2.9300228342599051e-07
cycle=6967 time=1.5598585076511920e-01 dt=5.8600456685198102e-07
cycle=6968 time=1.5598643676968604e-01 dt=4.6622357076171680e-26
cycle=6969 time=1.5598643676968604e-01 dt=9.3244714152343359e-26
cycle=6970 time=1.5598643676968604e-01 dt=1.8648942830468672e-25
cycle=6971 time=1.5598643676968604e-01 dt=3.7297885660937344e-25
cycle=6972 time=1.5598643676968604e-01 dt=7.4595771321874688e-25
cycle=6973 time=1.5598643676968604e-01 dt=1.4919154264374938e-24
cycle=6974 time=1.5598643676968604e-01 dt=2.9838308528749875e-24
cycle=6975 time=1.5598643676968604e-01 dt=6.8314125937007509e-26
cycle=6976 time=1.5598643676968604e-01 dt=6.9938174400648879e-26
cycle=6977 time=1.5598643676968604e-01 dt=3.8311693573545548e-27
cycle=6978 time=1.5598643676968604e-01 dt=6.2790317337209227e-30
cycle=6979 time=1.5598643676968604e-01 dt=8.4062045747432989e-30
cycle=6980 time=1.5598643676968604e-01 dt=1.1210677924155657e-29
cycle=6981 time=1.5598643676968604e-01 dt=1.4881632299360061e-29
cycle=6982 time=1.5598643676968604e-01 dt=1.9571140158303418e-29
cycle=6983 time=1.5598643676968604e-01 dt=2.5446242622005811e-29
cycle=6984 time=1.5598643676968604e-01 dt=3.2708095616182655e-29
cycle=6985 time=1.5598643676968604e-01 dt=6.5416191232365311e-29
cycle=6986 time=1.5598643676968604e-01 dt=1.3083238246473062e-28
cycle=6987 time=1.5598643676968604e-01 dt=2.6166476492946124e-28
cycle=6988 time=1.5598643676968604e-01 dt=5.2332952985892249e-28
cycle=6989 time=1.5598643676968604e-01 dt=1.0466590597178450e-27
cycle=6990 time=1.5598643676968604e-01 dt=2.0933181194356899e-27
cycle=6991 time=1.5598643676968604e-01 dt=4.1866362388713799e-27
cycle=6992 time=1.5598643676968604e-01 dt=8.3732724777427598e-27
cycle=6993 time=1.5598643676968604e-01 dt=1.6746544955485520e-26
cycle=6994 time=1.5598643676968604e-01 dt=3.3493089910971039e-26
cycle=6995 time=1.5598643676968604e-01 dt=6.6986179821942078e-26
cycle=6996 time=1.5598643676968604e-01 dt=1.3397235964388416e-25
cycle=6997 time=1.5598643676968604e-01 dt=2.6794471928776831e-25
cycle=6998 time=1.5598643676968604e-01 dt=5.3588943857553663e-25
cycle=6999 time=1.5598643676968604e-01 dt=1.0717788771510733e-24
cycle=7000 time=1.5598643676968604e-01 dt=2.1435577543021465e-24
cycle=7001 time=1.5598643676968604e-01 dt=4.2871155086042930e-24
cycle=7002 time=1.5598643676968604e-01 dt=6.4347053265961837e-24
cycle=7003 time=1.5598643676968604e-01 dt=6.8149302601876763e-24
cycle=7004 time=1.5598643676968604e-01 dt=7.3700592029854406e-24
cycle=7005 time=1.5598643676968604e-01 dt=8.2020386706807255e-24
cycle=7006 time=1.5598643676968604e-01 dt=9.4687471895143547e-24
cycle=7007 time=1.5598643676968604e-01 dt=1.1426035718668630e-23
cycle=7008 time=1.5598643676968604e-01 dt=1.4474496371809595e-23
cycle=7009 time=1.5598643676968604e-01 dt=1.9324611276067368e-23
cycle=7010 time=1.5598643676968604e-01 dt=2.7280259189848398e-23
cycle=7011 time=1.5598643676968604e-01 dt=4.0814592135974093e-23
cycle=7012 time=1.5598643676968604e-01 dt=6.4803148485604735e-23
cycle=7013 time=1.5598643676968604e-01 dt=1.0925536975930489e-22
cycle=7014 time=1.5598643676968604e-01 dt=1.9556872181690201e-22
cycle=7015 time=1.5598643676968604e-01 dt=3.7146698088612653e-22
cycle=7016 time=1.5598643676968604e-01 dt=7.4293396177225307e-22
cycle=7017 time=1.5598643676968604e-01 dt=1.4858679235445061e-21
cycle=7018 time=1.5598643676968604e-01 dt=2.9717358470890123e-21
cycle=7019 time=1.5598643676968604e-01 dt=5.9434716941780245e-21
cycle=7020 time=1.5598643676968604e-01 dt=1.1886943388356049e-20
cycle=7021 time=1.5598643676968604e-01 dt=2.3773886776712098e-20
cycle=7022 time=1.5598643676968604e-01 dt=4.7547773553424196e-20
cycle=7023 time=1.5598643676968604e-01 dt=9.5095547106848393e-20
cycle=7024 time=1.5598643676968604e-01 dt=1.9019109421369679e-19
cycle=7025 time=1.5598643676968604e-01 dt=3.8038218842739357e-19
cycle=7026 time=1.5598643676968604e-01 dt=7.6076437685478714e-19
cycle=7027 time=1.5598643676968604e-01 dt=1.5215287537095743e-18
cycle=7028 time=1.5598643676968604e-01 dt=3.0430575074191486e-18
cycle=7029 time=1.5598643676968604e-01 dt=6.0861150148382971e-18
cycle=7030 time=1.5598643676968604e-01 dt=1.2172230029676594e-17
cycle=7031 time=1.5598643676968604e-01 dt=2.4344460059353188e-17
cycle=7032 time=1.5598643676968607e-01 dt=4.8688920118706377e-17
cycle=7033 time=1.5598643676968613e-01 dt=9.7377840237412754e-17
cycle=7034 time=1.5598643676968624e-01 dt=1.9475568047482551e-16
cycle=7035 time=1.5598643676968643e-01 dt=3.8951136094965102e-16
cycle=7036 time=1.5598643676968682e-01 dt=7.7902272189930203e-16
cycle=7037 time=1.5598643676968760e-01 dt=1.5580454437986041e-15
cycle=7038 time=1.5598643676968915e-01 dt=3.1160908875972081e-15
cycle=7039 time=1.5598643676969226e-01 dt=6.2321817751944163e-15
cycle=7040 time=1.5598643676969851e-01 dt=1.2464363550388833e-14
cycle=7041 time=1.5598643676971097e-01 dt=2.4928727100777665e-14
cycle=7042 time=1.5598643676973589e-01 dt=4.9857454201555330e-14
cycle=7043 time=1.5598643676978574e-01 dt=9.9714908403110660e-14
cycle=7044 time=1.5598643676988547e-01 dt=1.9942981680622132e-13
cycle=7045 time=1.5598643677008489e-01 dt=3.9885963361244264e-13
cycle=7046 time=1.5598643677048374e-01 dt=7.9771926722488528e-13
cycle=7047 time=1.5598643677128146e-01 dt=1.5954385344497706e-12
cycle=7048 time=1.5598643677287691e-01 dt=3.1908770688995411e-12
cycle=7049 time=1.5598643677606777e-01 dt=6.3817541377990822e-12
cycle=7050 time=1.5598643678244953e-01 dt=1.0195553694419203e-30
cycle=7051 time=1.5598643678244953e-01 dt=2.0391107388838406e-30
cycle=7052 time=1.5598643678244953e-01 dt=4.0782214777676812e-30
cycle=7053 time=1.5598643678244953e-01 dt=8.1564429555353623e-30
cycle=7054 time=1.5598643678244953e-01 dt=1.6312885911070725e-29
cycle=7055 time=1.5598643678244953e-01 dt=3.2625771822141449e-29
cycle=7056 time=1.5598643678244953e-01 dt=3.3916550669747387e-29
cycle=7057 time=1.5598643678244953e-01 dt=5.9426984535958910e-29
cycle=7058 time=1.5598643678244953e-01 dt=1.3346876694676013e-31
cycle=7059 time=1.5598643678244953e-01 dt=2.6693753389352026e-31
cycle=7060 time=1.5598643678244953e-01 dt=5.3387506778704051e-31
cycle=7061 time=1.5598643678244953e-01 dt=1.0677501355740810e-30
cycle=7062 time=1.5598643678244953e-01 dt=2.1355002711481621e-30
cycle=7063 time=1.5598643678244953e-01 dt=4.2710005422963241e-30
cycle=7064 time=1.5598643678244953e-01 dt=8.5420010845926482e-30
cycle=7065 time=1.5598643678244953e-01 dt=1.7084002169185296e-29
cycle=7066 time=1.5598643678244953e-01 dt=3.4168004338370593e-29
cycle=7067 time=1.5598643678244953e-01 dt=6.8336008676741186e-29
cycle=7068 time=1.5598643678244953e-01 dt=1.3667201735348237e-28
cycle=7069 time=1.5598643678244953e-01 dt=2.7334403470696474e-28
cycle=7070 time=1.5598643678244953e-01 dt=5.4668806941392949e-28
cycle=7071 time=1.5598643678244953e-01 dt=1.0933761388278590e-27
cycle=7072 time=1.5598643678244953e-01 dt=2.1867522776557179e-27
cycle=7073 time=1.5598643678244953e-01 dt=4.3735045553114359e-27
cycle=7074 time=1.5598643678244953e-01 dt=8.7470091106228718e-27
cycle=7075 time=1.5598643678244953e-01 dt=1.7494018221245744e-26
cycle=7076 time=1.5598643678244953e-01 dt=3.4988036442491487e-26
cycle=7077 time=1.5598643678244953e-01 dt=6.9976072884982974e-26
cycle=7078 time=1.5598643678244953e-01 dt=1.3995214576996595e-25
cycle=7079 time=1.5598643678244953e-01 dt=2.7990429153993190e-25
cycle=7080 time=1.5598643678244953e-01 dt=5.5980858307986379e-25
cycle=7081 time=1.5598643678244953e-01 dt=1.1196171661597276e-24
cycle=7082 time=1.5598643678244953e-01 dt=2.2392343323194552e-24
cycle=7083 time=1.5598643678244953e-01 dt=4.4784686646389103e-24
cycle=7084 time=1.5598643678244953e-01 dt=8.9569373292778207e-24
cycle=7085 time=1.5598643678244953e-01 dt=1.7913874658555641e-23
cycle=7086 time=1.5598643678244953e-01 dt=3.5827749317111283e-23
cycle=7087 time=1.5598643678244953e-01 dt=7.1655498634222566e-23
cycle=7088 time=1.5598643678244953e-01 dt=1.4331099726844513e-22
cycle=7089 time=1.5598643678244953e-01 dt=2.8662199453689026e-22
cycle=7090 time=1.5598643678244953e-01 dt=5.7324398907378052e-22
cycle=7091 time=1.5598643678244953e-01 dt=1.1464879781475610e-21
cycle=7092 time=1.5598643678244953e-01 dt=2.2929759562951221e-21
cycle=7093 time=1.5598643678244953e-01 dt=4.5859519125902442e-21
cycle=7094 time=1.5598643678244953e-01 dt=9.1719038251804884e-21
cycle=7095 time=1.5598643678244953e-01 dt=1.8343807650360977e-20
cycle=7096 time=1.5598643678244953e-01 dt=3.6687615300721954e-20
cycle=7097 time=1.5598643678244953e-01 dt=7.3375230601443907e-20
cycle=7098 time=1.5598643678244953e-01 dt=1.4675046120288781e-19
cycle=7099 time=1.5598643678244953e-01 dt=2.9350092240577563e-19
cycle=7100 time=1.5598643678244953e-01 dt=5.8700184481155126e-19
cycle=7101 time=1.5598643678244953e-01 dt=1.1740036896231025e-18
cycle=7102 time=1.5598643678244953e-01 dt=2.3480073792462050e-18
cycle=7103 time=1.5598643678244953e-01 dt=4.6960147584924101e-18
cycle=7104 time=1.5598643678244953e-01 dt=9.3920295169848201e-18
cycle=7105 time=1.5598643678244953e-01 dt=1.8784059033969640e-17
cycle=7106 time=1.5598643678244956e-01 dt=3.7568118067939280e-17
cycle=7107 time=1.5598643678244958e-01 dt=7.5136236135878561e-17
cycle=7108 time=1.5598643678244967e-01 dt=1.5027247227175712e-16
cycle=7109 time=1.5598643678244981e-01 dt=3.0054494454351424e-16
cycle=7110 time=1.5598643678245011e-01 dt=6.0108988908702849e-16
cycle=7111 time=1.5598643678245072e-01 dt=1.2021797781740570e-15
cycle=7112 time=1.5598643678245191e-01 dt=2.4043595563481139e-15
cycle=7113 time=1.5598643678245433e-01 dt=4.8087191126962279e-15
cycle=7114 time=1.5598643678245913e-01 dt=9.6174382253924558e-15
cycle=7115 time=1.5598643678246876e-01 dt=1.9234876450784912e-14
cycle=7116 time=1.5598643678248800e-01 dt=3.8469752901569823e-14
cycle=7117 time=1.5598643678252647e-01 dt=7.6939505803139646e-14
cycle=7118 time=1.5598643678260340e-01 dt=1.5387901160627929e-13
cycle=7119 time=1.5598643678275728e-01 dt=3.0775802321255859e-13
cycle=7120 time=1.5598643678306504e-01 dt=6.1551604642511717e-13
cycle=7121 time=1.5598643678368054e-01 dt=1.2310320928502343e-12
cycle=7122 time=1.5598643678491159e-01 dt=2.4620641857004687e-12
cycle=7123 time=1.5598643678737364e-01 dt=4.9241283714009374e-12
cycle=7124 time=1.5598643679229776e-01 dt=9.8482567428018747e-12
cycle=7125 time=1.5598643680214602e-01 dt=8.5661557196969601e-31
cycle=7126 time=1.5598643680214602e-01 dt=1.7132311439393920e-30
cycle=7127 time=1.5598643680214602e-01 dt=3.4264622878787840e-30
cycle=7128 time=1.5598643680214602e-01 dt=6.8529245757575681e-30
cycle=7129 time=1.5598643680214602e-01 dt=1.3705849151515136e-29
cycle=7130 time=1.5598643680214602e-01 dt=2.7411698303030272e-29
cycle=7131 time=1.5598643680214602e-01 dt=5.4823396606060545e-29
cycle=7132 time=1.5598643680214602e-01 dt=1.0964679321212109e-28
cycle=7133 time=1.5598643680214602e-01 dt=2.1929358642424218e-28
cycle=7134 time=1.5598643680214602e-01 dt=4.3858717284848436e-28
cycle=7135 time=1.5598643680214602e-01 dt=8.7717434569696871e-28
cycle=7136 time=1.5598643680214602e-01 dt=1.7543486913939374e-27
cycle=7137 time=1.5598643680214602e-01 dt=3.5086973827878749e-27
cycle=7138 time=1.5598643680214602e-01 dt=7.0173947655757497e-27
cycle=7139 time=1.5598643680214602e-01 dt=1.4034789531151499e-26
cycle=7140 time=1.5598643680214602e-01 dt=2.8069579062302999e-26
cycle=7141 time=1.5598643680214602e-01 dt=5.6139158124605998e-26
cycle=7142 time=1.5598643680214602e-01 dt=1.1227831624921200e-25
cycle=7143 time=1.5598643680214602e-01 dt=2.2455663249842399e-25
cycle=7144 time=1.5598643680214602e-01 dt=4.4911326499684798e-25
cycle=7145 time=1.5598643680214602e-01 dt=8.9822652999369596e-25
cycle=7146 time=1.5598643680214602e-01 dt=1.7964530599873919e-24
cycle=7147 time=1.5598643680214602e-01 dt=3.5929061199747838e-24
cycle=7148 time=1.5598643680214602e-01 dt=7.1858122399495677e-24
cycle=7149 time=1.5598643680214602e-01 dt=1.4371624479899135e-23
cycle=7150 time=1.5598643680214602e-01 dt=2.8743248959798271e-23
cycle=7151 time=1.5598643680214602e-01 dt=5.7486497919596542e-23
cycle=7152 time=1.5598643680214602e-01 dt=1.1497299583919308e-22
cycle=7153 time=1.5598643680214602e-01 dt=2.2994599167838617e-22
cycle=7154 time=1.5598643680214602e-01 dt=4.5989198335677233e-22
cycle=7155 time=1.5598643680214602e-01 dt=9.1978396671354467e-22
cycle=7156 time=1.5598643680214602e-01 dt=1.8395679334270893e-21
cycle=7157 time=1.5598643680214602e-01 dt=3.6791358668541787e-21
cycle=7158 time=1.5598643680214602e-01 dt=7.3582717337083573e-21
cycle=7159 time=1.5598643680214602e-01 dt=1.4716543467416715e-20
cycle=7160 time=1.5598643680214602e-01 dt=2.9433086934833429e-20
cycle=7161 time=1.5598643680214602e-01 dt=5.8866173869666859e-20
cycle=7162 time=1.5598643680214602e-01 dt=1.1773234773933372e-19
cycle=7163 time=1.5598643680214602e-01 dt=2.3546469547866743e-19
cycle=7164 time=1.5598643680214602e-01 dt=4.7092939095733487e-19
cycle=7165 time=1.5598643680214602e-01 dt=9.4185878191466974e-19
cycle=7166 time=1.5598643680214602e-01 dt=1.8837175638293395e-18
cycle=7167 time=1.5598643680214602e-01 dt=3.7674351276586789e-18
cycle=7168 time=1.5598643680214602e-01 dt=7.5348702553173579e-18
cycle=7169 time=1.5598643680214602e-01 dt=1.5069740510634716e-17
cycle=7170 time=1.5598643680214605e-01 dt=3.0139481021269432e-17
cycle=7171 time=1.5598643680214608e-01 dt=6.0278962042538863e-17
cycle=7172 time=1.5598643680214613e-01 dt=1.2055792408507773e-16
cycle=7173 time=1.5598643680214624e-01 dt=2.4111584817015545e-16
cycle=7174 time=1.5598643680214649e-01 dt=4.8223169634031091e-16
cycle=7175 time=1.5598643680214697e-01 dt=9.6446339268062181e-16
cycle=7176 time=1.5598643680214794e-01 dt=1.9289267853612436e-15
cycle=7177 time=1.5598643680214985e-01 dt=3.8578535707224872e-15
cycle=7178 time=1.5598643680215371e-01 dt=7.7157071414449745e-15
cycle=7179 time=1.5598643680216143e-01 dt=1.5431414282889949e-14
cycle=7180 time=1.5598643680217686e-01 dt=3.0862828565779898e-14
cycle=7181 time=1.5598643680220772e-01 dt=6.1725657131559796e-14
cycle=7182 time=1.5598643680226945e-01 dt=1.2345131426311959e-13
cycle=7183 time=1.5598643680239291e-01 dt=2.4690262852623918e-13
cycle=7184 time=1.5598643680263982e-01 dt=4.9380525705247837e-13
cycle=7185 time=1.5598643680313362e-01 dt=9.8761051410495673e-13
cycle=7186 time=1.5598643680412122e-01 dt=1.9752210282099135e-12
cycle=7187 time=1.5598643680609645e-01 dt=3.9504420564198269e-12
cycle=7188 time=1.5598643681004690e-01 dt=1.8355983268253817e-30
cycle=7189 time=1.5598643681004690e-01 dt=3.6711966536507634e-30
cycle=7190 time=1.5598643681004690e-01 dt=7.3423933073015268e-30
cycle=7191 time=1.5598643681004690e-01 dt=1.4684786614603054e-29
cycle=7192 time=1.5598643681004690e-01 dt=2.9369573229206107e-29
cycle=7193 time=1.5598643681004690e-01 dt=5.8739146458412215e-29
cycle=7194 time=1.5598643681004690e-01 dt=1.1747829291682443e-28
cycle=7195 time=1.5598643681004690e-01 dt=2.3495658583364886e-28
cycle=7196 time=1.5598643681004690e-01 dt=4.6991317166729772e-28
cycle=7197 time=1.5598643681004690e-01 dt=9.3982634333459543e-28
cycle=7198 time=1.5598643681004690e-01 dt=1.8796526866691909e-27
cycle=7199 time=1.5598643681004690e-01 dt=3.7593053733383817e-27
cycle=7200 time=1.5598643681004690e-01 dt=7.5186107466767635e-27
cycle=7201 time=1.5598643681004690e-01 dt=1.5037221493353527e-26
cycle=7202 time=1.5598643681004690e-01 dt=3.0074442986707054e-26
cycle=7203 time=1.5598643681004690e-01 dt=6.0148885973414108e-26
cycle=7204 time=1.5598643681004690e-01 dt=1.2029777194682822e-25
cycle=7205 time=1.5598643681004690e-01 dt=2.4059554389365643e-25
cycle=7206 time=1.5598643681004690e-01 dt=4.8119108778731286e-25
cycle=7207 time=1.5598643681004690e-01 dt=9.6238217557462572e-25
cycle=7208 time=1.5598643681004690e-01 dt=1.9247643511492514e-24
cycle=7209 time=1.5598643681004690e-01 dt=3.8495287022985029e-24
cycle=7210 time=1.5598643681004690e-01 dt=7.6990574045970058e-24
cycle=7211 time=1.5598643681004690e-01 dt=1.5398114809194012e-23
cycle=7212 time=1.5598643681004690e-01 dt=3.0796229618388023e-23
cycle=7213 time=1.5598643681004690e-01 dt=6.1592459236776046e-23
cycle=7214 time=1.5598643681004690e-01 dt=1.2318491847355209e-22
cycle=7215 time=1.5598643681004690e-01 dt=2.4636983694710418e-22
cycle=7216 time=1.5598643681004690e-01 dt=4.9273967389420837e-22
cycle=7217 time=1.5598643681004690e-01 dt=9.8547934778841674e-22
cycle=7218 time=1.5598643681004690e-01 dt=1.9709586955768335e-21
cycle=7219 time=1.5598643681004690e-01 dt=3.9419173911536670e-21
cycle=7220 time=1.5598643681004690e-01 dt=7.8838347823073339e-21
cycle=7221 time=1.5598643681004690e-01 dt=1.5767669564614668e-20
cycle=7222 time=1.5598643681004690e-01 dt=3.1535339129229336e-20
cycle=7223 time=1.5598643681004690e-01 dt=6.3070678258458671e-20
cycle=7224 time=1.5598643681004690e-01 dt=1.2614135651691734e-19
cycle=7225 time=1.5598643681004690e-01 dt=2.5228271303383469e-19
cycle=7226 time=1.5598643681004690e-01 dt=5.0456542606766937e-19
cycle=7227 time=1.5598643681004690e-01 dt=1.0091308521353387e-18
cycle=7228 time=1.5598643681004690e-01 dt=2.0182617042706775e-18
cycle=7229 time=1.5598643681004690e-01 dt=4.0365234085413550e-18
cycle=7230 time=1.5598643681004690e-01 dt=8.0730468170827099e-18
cycle=7231 time=1.5598643681004690e-01 dt=1.6146093634165420e-17
cycle=7232 time=1.5598643681004692e-01 dt=3.2292187268330840e-17
cycle=7233 time=1.5598643681004695e-01 dt=6.4584374536661679e-17
cycle=7234 time=1.5598643681004701e-01 dt=1.2916874907332336e-16
cycle=7235 time=1.5598643681004715e-01 dt=2.5833749814664672e-16
cycle=7236 time=1.5598643681004740e-01 dt=5.1667499629329344e-16
cycle=7237 time=1.5598643681004792e-01 dt=1.0333499925865869e-15
cycle=7238 time=1.5598643681004895e-01 dt=2.0666999851731737e-15
cycle=7239 time=1.5598643681005100e-01 dt=4.1333999703463475e-15
cycle=7240 time=1.5598643681005514e-01 dt=8.2667999406926950e-15
cycle=7241 time=1.5598643681006341e-01 dt=1.6533599881385390e-14
cycle=7242 time=1.5598643681007995e-01 dt=3.3067199762770780e-14
cycle=7243 time=1.5598643681011301e-01 dt=6.6134399525541560e-14
cycle=7244 time=1.5598643681017915e-01 dt=1.3226879905108312e-13
cycle=7245 time=1.5598643681031141e-01 dt=2.6453759810216624e-13
cycle=7246 time=1.5598643681057595e-01 dt=5.2907519620433248e-13
cycle=7247 time=1.5598643681110502e-01 dt=1.0581503924086650e-12
cycle=7248 time=1.5598643681216318e-01 dt=2.1163007848173299e-12
cycle=7249 time=1.5598643681427948e-01 dt=4.2326015696346598e-12
cycle=7250 time=1.5598643681851210e-01 dt=2.2896448036961794e-30
cycle=7251 time=1.5598643681851210e-01 dt=4.5792896073923588e-30
cycle=7252 time=1.5598643681851210e-01 dt=9.1585792147847176e-30
cycle=7253 time=1.5598643681851210e-01 dt=1.8317158429569435e-29
cycle=7254 time=1.5598643681851210e-01 dt=3.6634316859138870e-29
cycle=7255 time=1.5598643681851210e-01 dt=7.3268633718277741e-29
cycle=7256 time=1.5598643681851210e-01 dt=1.4653726743655548e-28
cycle=7257 time=1.5598643681851210e-01 dt=2.9307453487311096e-28
cycle=7258 time=1.5598643681851210e-01 dt=5.8614906974622193e-28
cycle=7259 time=1.5598643681851210e-01 dt=1.1722981394924439e-27
cycle=7260 time=1.5598643681851210e-01 dt=2.3445962789848877e-27
cycle=7261 time=1.5598643681851210e-01 dt=4.6891925579697754e-27
cycle=7262 time=1.5598643681851210e-01 dt=9.3783851159395508e-27
cycle=7263 time=1.5598643681851210e-01 dt=1.8756770231879102e-26
cycle=7264 time=1.5598643681851210e-01 dt=3.7513540463758203e-26
cycle=7265 time=1.5598643681851210e-01 dt=7.5027080927516407e-26
cycle=7266 time=1.5598643681851210e-01 dt=1.5005416185503281e-25
cycle=7267 time=1.5598643681851210e-01 dt=3.0010832371006563e-25
cycle=7268 time=1.5598643681851210e-01 dt=6.0021664742013125e-25
cycle=7269 time=1.5598643681851210e-01 dt=1.2004332948402625e-24
cycle=7270 time=1.5598643681851210e-01 dt=2.4008665896805250e-24
cycle=7271 time=1.5598643681851210e-01 dt=4.8017331793610500e-24
cycle=7272 time=1.5598643681851210e-01 dt=9.6034663587221001e-24
cycle=7273 time=1.5598643681851210e-01 dt=1.9206932717444200e-23
cycle=7274 time=1.5598643681851210e-01 dt=3.8413865434888400e-23
cycle=7275 time=1.5598643681851210e-01 dt=7.6827730869776801e-23
cycle=7276 time=1.5598643681851210e-01 dt=1.5365546173955360e-22
cycle=7277 time=1.5598643681851210e-01 dt=3.0731092347910720e-22
cycle=7278 time=1.5598643681851210e-01 dt=6.1462184695821440e-22
cycle=7279 time=1.5598643681851210e-01 dt=1.2292436939164288e-21
cycle=7280 time=1.5598643681851210e-01 dt=2.4584873878328576e-21
cycle=7281 time=1.5598643681851210e-01 dt=4.9169747756657152e-21
cycle=7282 time=1.5598643681851210e-01 dt=9.8339495513314305e-21
cycle=7283 time=1.5598643681851210e-01 dt=1.9667899102662861e-20
cycle=7284 time=1.5598643681851210e-01 dt=3.9335798205325722e-20
cycle=7285 time=1.5598643681851210e-01 dt=7.8671596410651444e-20
cycle=7286 time=1.5598643681851210e-01 dt=1.5734319282130289e-19
cycle=7287 time=1.5598643681851210e-01 dt=3.1468638564260578e-19
cycle=7288 time=1.5598643681851210e-01 dt=6.2937277128521155e-19
cycle=7289 time=1.5598643681851210e-01 dt=1.2587455425704231e-18
cycle=7290 time=1.5598643681851210e-01 dt=2.5174910851408462e-18
cycle=7291 time=1.5598643681851210e-01 dt=5.0349821702816924e-18
cycle=7292 time=1.5598643681851210e-01 dt=1.0069964340563385e-17
cycle=7293 time=1.5598643681851210e-01 dt=2.0139928681126770e-17
cycle=7294 time=1.5598643681851213e-01 dt=4.0279857362253539e-17
cycle=7295 time=1.5598643681851215e-01 dt=8.0559714724507078e-17
cycle=7296 time=1.5598643681851224e-01 dt=1.6111942944901416e-16
cycle=7297 time=1.5598643681851240e-01 dt=3.2223885889802831e-16
cycle=7298 time=1.5598643681851274e-01 dt=6.4447771779605663e-16
cycle=7299 time=1.5598643681851337e-01 dt=1.2889554355921133e-15
cycle=7300 time=1.5598643681851465e-01 dt=2.5779108711842265e-15
cycle=7301 time=1.5598643681851723e-01 dt=5.1558217423684530e-15
cycle=7302 time=1.5598643681852239e-01 dt=1.0311643484736906e-14
cycle=7303 time=1.5598643681853272e-01 dt=2.0623286969473812e-14
cycle=7304 time=1.5598643681855334e-01 dt=4.1246573938947624e-14
cycle=7305 time=1.5598643681859459e-01 dt=8.2493147877895248e-14
cycle=7306 time=1.5598643681867708e-01 dt=1.6498629575579050e-13
cycle=7307 time=1.5598643681884206e-01 dt=3.2997259151158099e-13
cycle=7308 time=1.5598643681917204e-01 dt=6.5994518302316199e-13
cycle=7309 time=1.5598643681983199e-01 dt=1.3198903660463240e-12
cycle=7310 time=1.5598643682115187e-01 dt=2.6397807320926479e-12
cycle=7311 time=1.5598643682379165e-01 dt=5.2795614641852959e-12
cycle=7312 time=1.5598643682907121e-01 dt=2.6615500589912749e-30
cycle=7313 time=1.5598643682907121e-01 dt=5.3231001179825498e-30
cycle=7314 time=1.5598643682907121e-01 dt=1.0646200235965100e-29
cycle=7315 time=1.5598643682907121e-01 dt=2.6843428753342658e-30
cycle=7316 time=1.5598643682907121e-01 dt=5.3686857506685316e-30
cycle=7317 time=1.5598643682907121e-01 dt=1.0737371501337063e-29
cycle=7318 time=1.5598643682907121e-01 dt=2.1474743002674127e-29
cycle=7319 time=1.5598643682907121e-01 dt=4.2949486005348253e-29
cycle=7320 time=1.5598643682907121e-01 dt=8.5898972010696506e-29
cycle=7321 time=1.5598643682907121e-01 dt=1.7179794402139301e-28
cycle=7322 time=1.5598643682907121e-01 dt=3.4359588804278603e-28
cycle=7323 time=1.5598643682907121e-01 dt=6.8719177608557205e-28
cycle=7324 time=1.5598643682907121e-01 dt=1.3743835521711441e-27
cycle=7325 time=1.5598643682907121e-01 dt=2.7487671043422882e-27
cycle=7326 time=1.5598643682907121e-01 dt=5.4975342086845764e-27
cycle=7327 time=1.5598643682907121e-01 dt=1.0995068417369153e-26
cycle=7328 time=1.5598643682907121e-01 dt=2.1990136834738306e-26
cycle=7329 time=1.5598643682907121e-01 dt=4.3980273669476611e-26
cycle=7330 time=1.5598643682907121e-01 dt=8.7960547338953222e-26
cycle=7331 time=1.5598643682907121e-01 dt=1.7592109467790644e-25
cycle=7332 time=1.5598643682907121e-01 dt=3.5184218935581289e-25
cycle=7333 time=1.5598643682907121e-01 dt=7.0368437871162578e-25
cycle=7334 time=1.5598643682907121e-01 dt=1.4073687574232516e-24
cycle=7335 time=1.5598643682907121e-01 dt=2.8147375148465031e-24
cycle=7336 time=1.5598643682907121e-01 dt=5.6294750296930062e-24
cycle=7337 time=1.5598643682907121e-01 dt=1.1258950059386012e-23
cycle=7338 time=1.5598643682907121e-01 dt=2.2517900118772025e-23
cycle=7339 time=1.5598643682907121e-01 dt=4.5035800237544050e-23
cycle=7340 time=1.5598643682907121e-01 dt=9.0071600475088100e-23
cycle=7341 time=1.5598643682907121e-01 dt=1.8014320095017620e-22
cycle=7342 time=1.5598643682907121e-01 dt=3.6028640190035240e-22
cycle=7343 time=1.5598643682907121e-01 dt=7.2057280380070480e-22
cycle=7344 time=1.5598643682907121e-01 dt=1.4411456076014096e-21
cycle=7345 time=1.5598643682907121e-01 dt=2.8822912152028192e-21
cycle=7346 time=1.5598643682907121e-01 dt=5.7645824304056384e-21
cycle=7347 time=1.5598643682907121e-01 dt=1.1529164860811277e-20
cycle=7348 time=1.5598643682907121e-01 dt=2.3058329721622554e-20
cycle=7349 time=1.5598643682907121e-01 dt=4.6116659443245107e-20
cycle=7350 time=1.5598643682907121e-01 dt=9.2233318886490214e-20
cycle=7351 time=1.5598643682907121e-01 dt=1.8446663777298043e-19
cycle=7352 time=1.5598643682907121e-01 dt=3.6893327554596086e-19
cycle=7353 time=1.5598643682907121e-01 dt=7.3786655109192171e-19
cycle=7354 time=1.5598643682907121e-01 dt=1.4757331021838434e-18
cycle=7355 time=1.5598643682907121e-01 dt=2.9514662043676869e-18
cycle=7356 time=1.5598643682907121e-01 dt=5.9029324087353737e-18
cycle=7357 time=1.5598643682907121e-01 dt=1.1805864817470747e-17
cycle=7358 time=1.5598643682907121e-01 dt=2.3611729634941495e-17
cycle=7359 time=1.5598643682907123e-01 dt=4.7223459269882990e-17
cycle=7360 time=1.5598643682907129e-01 dt=9.4446918539765979e-17
cycle=7361 time=1.5598643682907137e-01 dt=1.8889383707953196e-16
cycle=7362 time=1.5598643682907157e-01 dt=3.7778767415906392e-16
cycle=7363 time=1.5598643682907196e-01 dt=7.5557534831812783e-16
cycle=7364 time=1.5598643682907271e-01 dt=1.5111506966362557e-15
cycle=7365 time=1.5598643682907420e-01 dt=3.0223013932725113e-15
cycle=7366 time=1.5598643682907723e-01 dt=6.0446027865450227e-15
cycle=7367 time=1.5598643682908328e-01 dt=1.2089205573090045e-14
cycle=7368 time=1.5598643682909538e-01 dt=2.4178411146180091e-14
cycle=7369 time=1.5598643682911956e-01 dt=4.8356822292360181e-14
cycle=7370 time=1.5598643682916791e-01 dt=9.6713644584720363e-14
cycle=7371 time=1.5598643682926461e-01 dt=1.9342728916944073e-13
cycle=7372 time=1.5598643682945804e-01 dt=3.8685457833888145e-13
cycle=7373 time=1.5598643682984489e-01 dt=7.7370915667776290e-13
cycle=7374 time=1.5598643683061861e-01 dt=1.5474183133555258e-12
cycle=7375 time=1.5598643683216604e-01 dt=3.0948366267110516e-12
cycle=7376 time=1.5598643683526087e-01 dt=6.1896732534221032e-12
cycle=7377 time=1.5598643684145053e-01 dt=3.2474342448405989e-30
cycle=7378 time=1.5598643684145053e-01 dt=6.4948684896811978e-30
cycle=7379 time=1.5598643684145053e-01 dt=1.2989736979362396e-29
cycle=7380 time=1.5598643684145053e-01 dt=2.5979473958724791e-29
cycle=7381 time=1.5598643684145053e-01 dt=5.1958947917449583e-29
cycle=7382 time=1.5598643684145053e-01 dt=1.0391789583489917e-28
cycle=7383 time=1.5598643684145053e-01 dt=2.0783579166979833e-28
cycle=7384 time=1.5598643684145053e-01 dt=4.1567158333959666e-28
cycle=7385 time=1.5598643684145053e-01 dt=8.3134316667919332e-28
cycle=7386 time=1.5598643684145053e-01 dt=1.6626863333583866e-27
cycle=7387 time=1.5598643684145053e-01 dt=3.3253726667167733e-27
cycle=7388 time=1.5598643684145053e-01 dt=6.6507453334335466e-27
cycle=7389 time=1.5598643684145053e-01 dt=1.3301490666867093e-26
cycle=7390 time=1.5598643684145053e-01 dt=2.6602981333734186e-26
cycle=7391 time=1.5598643684145053e-01 dt=5.3205962667468373e-26
cycle=7392 time=1.5598643684145053e-01 dt=1.0641192533493675e-25
cycle=7393 time=1.5598643684145053e-01 dt=2.1282385066987349e-25
cycle=7394 time=1.5598643684145053e-01 dt=4.2564770133974698e-25
cycle=7395 time=1.5598643684145053e-01 dt=8.5129540267949396e-25
cycle=7396 time=1.5598643684145053e-01 dt=1.7025908053589879e-24
cycle=7397 time=1.5598643684145053e-01 dt=3.4051816107179758e-24
cycle=7398 time=1.5598643684145053e-01 dt=6.8103632214359517e-24
cycle=7399 time=1.5598643684145053e-01 dt=1.3620726442871903e-23
cycle=7400 time=1.5598643684145053e-01 dt=2.7241452885743807e-23
cycle=7401 time=1.5598643684145053e-01 dt=5.4482905771487614e-23
cycle=7402 time=1.5598643684145053e-01 dt=1.0896581154297523e-22
cycle=7403 time=1.5598643684145053e-01 dt=2.1793162308595045e-22
cycle=7404 time=1.5598643684145053e-01 dt=4.3586324617190091e-22
cycle=7405 time=1.5598643684145053e-01 dt=8.7172649234380182e-22
cycle=7406 time=1.5598643684145053e-01 dt=1.7434529846876036e-21
cycle=7407 time=1.5598643684145053e-01 dt=3.4869059693752073e-21
cycle=7408 time=1.5598643684145053e-01 dt=6.9738119387504145e-21
cycle=7409 time=1.5598643684145053e-01 dt=1.3947623877500829e-20
cycle=7410 time=1.5598643684145053e-01 dt=2.7895247755001658e-20
cycle=7411 time=1.5598643684145053e-01 dt=5.5790495510003316e-20
cycle=7412 time=1.5598643684145053e-01 dt=1.1158099102000663e-19
cycle=7413 time=1.5598643684145053e-01 dt=2.2316198204001327e-19
cycle=7414 time=1.5598643684145053e-01 dt=4.4632396408002653e-19
cycle=7415 time=1.5598643684145053e-01 dt=8.9264792816005306e-19
cycle=7416 time=1.5598643684145053e-01 dt=1.7852958563201061e-18
cycle=7417 time=1.5598643684145053e-01 dt=3.5705917126402122e-18
cycle=7418 time=1.5598643684145053e-01 dt=7.1411834252804245e-18
cycle=7419 time=1.5598643684145053e-01 dt=1.4282366850560849e-17
cycle=7420 time=1.5598643684145055e-01 dt=2.8564733701121698e-17
cycle=7421 time=1.5598643684145058e-01 dt=5.7129467402243396e-17
cycle=7422 time=1.5598643684145064e-01 dt=1.1425893480448679e-16
cycle=7423 time=1.5598643684145075e-01 dt=2.2851786960897358e-16
cycle=7424 time=1.5598643684145097e-01 dt=4.5703573921794717e-16
cycle=7425 time=1.5598643684145141e-01 dt=9.1407147843589433e-16
cycle=7426 time=1.5598643684145233e-01 dt=1.8281429568717887e-15
cycle=7427 time=1.5598643684145416e-01 dt=3.6562859137435773e-15
cycle=7428 time=1.5598643684145783e-01 dt=7.3125718274871547e-15
cycle=7429 time=1.5598643684146513e-01 dt=1.4625143654974309e-14
cycle=7430 time=1.5598643684147975e-01 dt=2.9250287309948619e-14
cycle=7431 time=1.5598643684150901e-01 dt=5.8500574619897237e-14
cycle=7432 time=1.5598643684156752e-01 dt=1.1700114923979447e-13
cycle=7433 time=1.5598643684168451e-01 dt=2.3400229847958895e-13
cycle=7434 time=1.5598643684191851e-01 dt=4.6800459695917790e-13
cycle=7435 time=1.5598643684238653e-01 dt=9.3600919391835580e-13
cycle=7436 time=1.5598643684332253e-01 dt=1.8720183878367116e-12
cycle=7437 time=1.5598643684519456e-01 dt=3.7440367756734232e-12
cycle=7438 time=1.5598643684893859e-01 dt=7.4880735513468464e-12
cycle=7439 time=1.5598643685642666e-01 dt=3.0361347867106007e-30
cycle=7440 time=1.5598643685642666e-01 dt=6.0722695734212014e-30
cycle=7441 time=1.5598643685642666e-01 dt=1.2144539146842403e-29
cycle=7442 time=1.5598643685642666e-01 dt=2.4289078293684806e-29
cycle=7443 time=1.5598643685642666e-01 dt=4.8578156587369611e-29
cycle=7444 time=1.5598643685642666e-01 dt=9.7156313174739223e-29
cycle=7445 time=1.5598643685642666e-01 dt=1.9431262634947845e-28
cycle=7446 time=1.5598643685642666e-01 dt=3.8862525269895689e-28
cycle=7447 time=1.5598643685642666e-01 dt=7.7725050539791378e-28
cycle=7448 time=1.5598643685642666e-01 dt=1.5545010107958276e-27
cycle=7449 time=1.5598643685642666e-01 dt=3.1090020215916551e-27
cycle=7450 time=1.5598643685642666e-01 dt=6.2180040431833103e-27
cycle=7451 time=1.5598643685642666e-01 dt=1.2436008086366621e-26
cycle=7452 time=1.5598643685642666e-01 dt=2.4872016172733241e-26
cycle=7453 time=1.5598643685642666e-01 dt=4.9744032345466482e-26
cycle=7454 time=1.5598643685642666e-01 dt=9.9488064690932964e-26
cycle=7455 time=1.5598643685642666e-01 dt=1.9897612938186593e-25
cycle=7456 time=1.5598643685642666e-01 dt=3.9795225876373186e-25
cycle=7457 time=1.5598643685642666e-01 dt=7.9590451752746371e-25
cycle=7458 time=1.5598643685642666e-01 dt=1.5918090350549274e-24
cycle=7459 time=1.5598643685642666e-01 dt=3.1836180701098549e-24
cycle=7460 time=1.5598643685642666e-01 dt=6.3672361402197097e-24
cycle=7461 time=1.5598643685642666e-01 dt=1.2734472280439419e-23
cycle=7462 time=1.5598643685642666e-01 dt=2.5468944560878839e-23
cycle=7463 time=1.5598643685642666e-01 dt=5.0937889121757678e-23
cycle=7464 time=1.5598643685642666e-01 dt=1.0187577824351536e-22
cycle=7465 time=1.5598643685642666e-01 dt=2.0375155648703071e-22
cycle=7466 time=1.5598643685642666e-01 dt=4.0750311297406142e-22
cycle=7467 time=1.5598643685642666e-01 dt=8.1500622594812284e-22
cycle=7468 time=1.5598643685642666e-01 dt=1.6300124518962457e-21
cycle=7469 time=1.5598643685642666e-01 dt=3.2600249037924914e-21
cycle=7470 time=1.5598643685642666e-01 dt=6.5200498075849828e-21
cycle=7471 time=1.5598643685642666e-01 dt=1.3040099615169966e-20
cycle=7472 time=1.5598643685642666e-01 dt=2.6080199230339931e-20
cycle=7473 time=1.5598643685642666e-01 dt=5.2160398460679862e-20
cycle=7474 time=1.5598643685642666e-01 dt=1.0432079692135972e-19
cycle=7475 time=1.5598643685642666e-01 dt=2.0864159384271945e-19
cycle=7476 time=1.5598643685642666e-01 dt=4.1728318768543890e-19
cycle=7477 time=1.5598643685642666e-01 dt=8.3456637537087779e-19
cycle=7478 time=1.5598643685642666e-01 dt=1.6691327507417556e-18
cycle=7479 time=1.5598643685642666e-01 dt=3.3382655014835112e-18
cycle=7480 time=1.5598643685642666e-01 dt=6.6765310029670223e-18
cycle=7481 time=1.5598643685642666e-01 dt=1.3353062005934045e-17
cycle=7482 time=1.5598643685642666e-01 dt=2.6706124011868089e-17
cycle=7483 time=1.5598643685642669e-01 dt=5.3412248023736179e-17
cycle=7484 time=1.5598643685642674e-01 dt=1.0682449604747236e-16
cycle=7485 time=1.5598643685642685e-01 dt=2.1364899209494471e-16
cycle=7486 time=1.5598643685642707e-01 dt=4.2729798418988943e-16
cycle=7487 time=1.5598643685642749e-01 dt=8.5459596837977886e-16
cycle=7488 time=1.5598643685642835e-01 dt=1.7091919367595577e-15
cycle=7489 time=1.5598643685643007e-01 dt=3.4183838735191154e-15
cycle=7490 time=1.5598643685643349e-01 dt=6.8367677470382309e-15
cycle=7491 time=1.5598643685644031e-01 dt=1.3673535494076462e-14
cycle=7492 time=1.5598643685645400e-01 dt=2.7347070988152923e-14
cycle=7493 time=1.5598643685648134e-01 dt=5.4694141976305847e-14
cycle=7494 time=1.5598643685653604e-01 dt=1.0938828395261169e-13
cycle=7495 time=1.5598643685664543e-01 dt=2.1877656790522339e-13
cycle=7496 time=1.5598643685686420e-01 dt=4.3755313581044678e-13
cycle=7497 time=1.5598643685730176e-01 dt=8.7510627162089355e-13
cycle=7498 time=1.5598643685817687e-01 dt=1.7502125432417871e-12
cycle=7499 time=1.5598643685992708e-01 dt=3.5004250864835742e-12
cycle=7500 time=1.5598643686342750e-01 dt=5.5304751208570274e-30
cycle=7501 time=1.5598643686342750e-01 dt=8.0938065172174609e-30
cycle=7502 time=1.5598643686342750e-01 dt=1.6187613034434922e-29
cycle=7503 time=1.5598643686342750e-01 dt=3.2375226068869844e-29
cycle=7504 time=1.5598643686342750e-01 dt=6.4750452137739687e-29
cycle=7505 time=1.5598643686342750e-01 dt=1.2950090427547937e-28
cycle=7506 time=1.5598643686342750e-01 dt=2.5900180855095875e-28
cycle=7507 time=1.5598643686342750e-01 dt=5.1800361710191750e-28
cycle=7508 time=1.5598643686342750e-01 dt=1.0360072342038350e-27
cycle=7509 time=1.5598643686342750e-01 dt=2.0720144684076700e-27
cycle=7510 time=1.5598643686342750e-01 dt=4.1440289368153400e-27
cycle=7511 time=1.5598643686342750e-01 dt=8.2880578736306799e-27
cycle=7512 time=1.5598643686342750e-01 dt=1.6576115747261360e-26
cycle=7513 time=1.5598643686342750e-01 dt=3.3152231494522720e-26
cycle=7514 time=1.5598643686342750e-01 dt=6.6304462989045440e-26
cycle=7515 time=1.5598643686342750e-01 dt=1.3260892597809088e-25
cycle=7516 time=1.5598643686342750e-01 dt=2.6521785195618176e-25
cycle=7517 time=1.5598643686342750e-01 dt=5.3043570391236352e-25
cycle=7518 time=1.5598643686342750e-01 dt=1.0608714078247270e-24
cycle=7519 time=1.5598643686342750e-01 dt=2.1217428156494541e-24
cycle=7520 time=1.5598643686342750e-01 dt=4.2434856312989081e-24
cycle=7521 time=1.5598643686342750e-01 dt=8.4869712625978163e-24
cycle=7522 time=1.5598643686342750e-01 dt=1.6973942525195633e-23
cycle=7523 time=1.5598643686342750e-01 dt=3.3947885050391265e-23
cycle=7524 time=1.5598643686342750e-01 dt=6.7895770100782530e-23
cycle=7525 time=1.5598643686342750e-01 dt=1.3579154020156506e-22
cycle=7526 time=1.5598643686342750e-01 dt=2.7158308040313012e-22
cycle=7527 time=1.5598643686342750e-01 dt=5.4316616080626024e-22
cycle=7528 time=1.5598643686342750e-01 dt=1.0863323216125205e-21
cycle=7529 time=1.5598643686342750e-01 dt=2.1726646432250410e-21
cycle=7530 time=1.5598643686342750e-01 dt=4.3453292864500819e-21
cycle=7531 time=1.5598643686342750e-01 dt=8.6906585729001639e-21
cycle=7532 time=1.5598643686342750e-01 dt=1.7381317145800328e-20
cycle=7533 time=1.5598643686342750e-01 dt=3.4762634291600655e-20
cycle=7534 time=1.5598643686342750e-01 dt=6.9525268583201311e-20
cycle=7535 time=1.5598643686342750e-01 dt=1.3905053716640262e-19
cycle=7536 time=1.5598643686342750e-01 dt=2.7810107433280524e-19
cycle=7537 time=1.5598643686342750e-01 dt=5.5620214866561049e-19
cycle=7538 time=1.5598643686342750e-01 dt=1.1124042973312210e-18
cycle=7539 time=1.5598643686342750e-01 dt=2.2248085946624419e-18
cycle=7540 time=1.5598643686342750e-01 dt=4.4496171893248839e-18
cycle=7541 time=1.5598643686342750e-01 dt=8.8992343786497678e-18
cycle=7542 time=1.5598643686342750e-01 dt=1.7798468757299536e-17
cycle=7543 time=1.5598643686342753e-01 dt=3.5596937514599071e-17
cycle=7544 time=1.5598643686342756e-01 dt=7.1193875029198142e-17
cycle=7545 time=1.5598643686342764e-01 dt=1.4238775005839628e-16
cycle=7546 time=1.5598643686342778e-01 dt=2.8477550011679257e-16
cycle=7547 time=1.5598643686342806e-01 dt=5.6955100023358514e-16
cycle=7548 time=1.5598643686342864e-01 dt=1.1391020004671703e-15
cycle=7549 time=1.5598643686342978e-01 dt=2.2782040009343406e-15
cycle=7550 time=1.5598643686343205e-01 dt=4.5564080018686811e-15
cycle=7551 time=1.5598643686343661e-01 dt=9.1128160037373622e-15
cycle=7552 time=1.5598643686344571e-01 dt=1.8225632007474724e-14
cycle=7553 time=1.5598643686346395e-01 dt=3.6451264014949449e-14
cycle=7554 time=1.5598643686350039e-01 dt=7.2902528029898898e-14
cycle=7555 time=1.5598643686357330e-01 dt=1.4580505605979780e-13
cycle=7556 time=1.5598643686371910e-01 dt=2.9161011211959559e-13
cycle=7557 time=1.5598643686401070e-01 dt=5.8322022423919118e-13
cycle=7558 time=1.5598643686459393e-01 dt=1.1664404484783824e-12
cycle=7559 time=1.5598643686576036e-01 dt=2.3328808969567647e-12
cycle=7560 time=1.5598643686809324e-01 dt=4.6657617939135295e-12
cycle=7561 time=1.5598643687275901e-01 dt=6.0964770973224862e-30
cycle=7562 time=1.5598643687275901e-01 dt=6.1041310541603828e-30
cycle=7563 time=1.5598643687275901e-01 dt=1.2208262108320766e-29
cycle=7564 time=1.5598643687275901e-01 dt=2.4416524216641531e-29
cycle=7565 time=1.5598643687275901e-01 dt=4.8833048433283063e-29
cycle=7566 time=1.5598643687275901e-01 dt=9.7666096866566125e-29
cycle=7567 time=1.5598643687275901e-01 dt=1.9533219373313225e-28
cycle=7568 time=1.5598643687275901e-01 dt=3.9066438746626450e-28
cycle=7569 time=1.5598643687275901e-01 dt=7.8132877493252900e-28
cycle=7570 time=1.5598643687275901e-01 dt=1.5626575498650580e-27
cycle=7571 time=1.5598643687275901e-01 dt=3.1253150997301160e-27
cycle=7572 time=1.5598643687275901e-01 dt=6.2506301994602320e-27
cycle=7573 time=1.5598643687275901e-01 dt=1.2501260398920464e-26
cycle=7574 time=1.5598643687275901e-01 dt=2.5002520797840928e-26
cycle=7575 time=1.5598643687275901e-01 dt=5.0005041595681856e-26
cycle=7576 time=1.5598643687275901e-01 dt=1.0001008319136371e-25
cycle=7577 time=1.5598643687275901e-01 dt=2.0002016638272742e-25
cycle=7578 time=1.5598643687275901e-01 dt=4.0004033276545485e-25
cycle=7579 time=1.5598643687275901e-01 dt=8.0008066553090970e-25
cycle=7580 time=1.5598643687275901e-01 dt=1.6001613310618194e-24
cycle=7581 time=1.5598643687275901e-01 dt=3.2003226621236388e-24
cycle=7582 time=1.5598643687275901e-01 dt=6.4006453242472776e-24
cycle=7583 time=1.5598643687275901e-01 dt=1.2801290648494555e-23
cycle=7584 time=1.5598643687275901e-01 dt=2.5602581296989110e-23
cycle=7585 time=1.5598643687275901e-01 dt=5.1205162593978221e-23
cycle=7586 time=1.5598643687275901e-01 dt=1.0241032518795644e-22
cycle=7587 time=1.5598643687275901e-01 dt=2.0482065037591288e-22
cycle=7588 time=1.5598643687275901e-01 dt=4.0964130075182576e-22
cycle=7589 time=1.5598643687275901e-01 dt=8.1928260150365153e-22
cycle=7590 time=1.5598643687275901e-01 dt=1.6385652030073031e-21
cycle=7591 time=1.5598643687275901e-01 dt=3.2771304060146061e-21
cycle=7592 time=1.5598643687275901e-01 dt=6.5542608120292122e-21
cycle=7593 time=1.5598643687275901e-01 dt=1.3108521624058424e-20
cycle=7594 time=1.5598643687275901e-01 dt=2.6217043248116849e-20
cycle=7595 time=1.5598643687275901e-01 dt=5.2434086496233698e-20
cycle=7596 time=1.5598643687275901e-01 dt=1.0486817299246740e-19
cycle=7597 time=1.5598643687275901e-01 dt=2.0973634598493479e-19
cycle=7598 time=1.5598643687275901e-01 dt=4.1947269196986958e-19
cycle=7599 time=1.5598643687275901e-01 dt=8.3894538393973917e-19
cycle=7600 time=1.5598643687275901e-01 dt=1.6778907678794783e-18
cycle=7601 time=1.5598643687275901e-01 dt=3.3557815357589567e-18
cycle=7602 time=1.5598643687275901e-01 dt=6.7115630715179133e-18
cycle=7603 time=1.5598643687275901e-01 dt=1.3423126143035827e-17
cycle=7604 time=1.5598643687275901e-01 dt=2.6846252286071653e-17
cycle=7605 time=1.5598643687275904e-01 dt=5.3692504572143307e-17
cycle=7606 time=1.5598643687275909e-01 dt=1.0738500914428661e-16
cycle=7607 time=1.5598643687275920e-01 dt=2.1477001828857323e-16
cycle=7608 time=1.5598643687275943e-01 dt=4.2954003657714645e-16
cycle=7609 time=1.5598643687275984e-01 dt=8.5908007315429291e-16
cycle=7610 time=1.5598643687276070e-01 dt=1.7181601463085858e-15
cycle=7611 time=1.5598643687276242e-01 dt=3.4363202926171716e-15
cycle=7612 time=1.5598643687276587e-01 dt=6.8726405852343432e-15
cycle=7613 time=1.5598643687277275e-01 dt=1.3745281170468686e-14
cycle=7614 time=1.5598643687278649e-01 dt=2.7490562340937373e-14
cycle=7615 time=1.5598643687281397e-01 dt=5.4981124681874746e-14
cycle=7616 time=1.5598643687286895e-01 dt=1.0996224936374949e-13
cycle=7617 time=1.5598643687297892e-01 dt=2.1992449872749898e-13
cycle=7618 time=1.5598643687319885e-01 dt=4.3984899745499797e-13
cycle=7619 time=1.5598643687363870e-01 dt=8.7969799490999594e-13
cycle=7620 time=1.5598643687451838e-01 dt=1.7593959898199919e-12
cycle=7621 time=1.5598643687627778e-01 dt=3.5187919796399837e-12
cycle=7622 time=1.5598643687979658e-01 dt=2.9557326678489814e-30
cycle=7623 time=1.5598643687979658e-01 dt=5.9114653356979628e-30
cycle=7624 time=1.5598643687979658e-01 dt=1.1822930671395926e-29
cycle=7625 time=1.5598643687979658e-01 dt=2.3645861342791851e-29
cycle=7626 time=1.5598643687979658e-01 dt=4.7291722685583703e-29
cycle=7627 time=1.5598643687979658e-01 dt=9.4583445371167405e-29
cycle=7628 time=1.5598643687979658e-01 dt=1.8916689074233481e-28
cycle=7629 time=1.5598643687979658e-01 dt=3.7833378148466962e-28
cycle=7630 time=1.5598643687979658e-01 dt=7.5666756296933924e-28
cycle=7631 time=1.5598643687979658e-01 dt=1.5133351259386785e-27
cycle=7632 time=1.5598643687979658e-01 dt=3.0266702518773570e-27
cycle=7633 time=1.5598643687979658e-01 dt=6.0533405037547139e-27
cycle=7634 time=1.5598643687979658e-01 dt=1.2106681007509428e-26
cycle=7635 time=1.5598643687979658e-01 dt=2.4213362015018856e-26
cycle=7636 time=1.5598643687979658e-01 dt=4.8426724030037711e-26
cycle=7637 time=1.5598643687979658e-01 dt=9.6853448060075423e-26
cycle=7638 time=1.5598643687979658e-01 dt=1.9370689612015085e-25
cycle=7639 time=1.5598643687979658e-01 dt=3.8741379224030169e-25
cycle=7640 time=1.5598643687979658e-01 dt=7.7482758448060338e-25
cycle=7641 time=1.5598643687979658e-01 dt=1.5496551689612068e-24
cycle=7642 time=1.5598643687979658e-01 dt=3.0993103379224135e-24
cycle=7643 time=1.5598643687979658e-01 dt=6.1986206758448271e-24
cycle=7644 time=1.5598643687979658e-01 dt=1.2397241351689654e-23
cycle=7645 time=1.5598643687979658e-01 dt=2.4794482703379308e-23
cycle=7646 time=1.5598643687979658e-01 dt=4.9588965406758616e-23
cycle=7647 time=1.5598643687979658e-01 dt=9.9177930813517233e-23
cycle=7648 time=1.5598643687979658e-01 dt=1.9835586162703447e-22
cycle=7649 time=1.5598643687979658e-01 dt=3.9671172325406893e-22
cycle=7650 time=1.5598643687979658e-01 dt=7.9342344650813786e-22
cycle=7651 time=1.5598643687979658e-01 dt=1.5868468930162757e-21
cycle=7652 time=1.5598643687979658e-01 dt=3.1736937860325515e-21
cycle=7653 time=1.5598643687979658e-01 dt=6.3473875720651029e-21
cycle=7654 time=1.5598643687979658e-01 dt=1.2694775144130206e-20
cycle=7655 time=1.5598643687979658e-01 dt=2.5389550288260412e-20
cycle=7656 time=1.5598643687979658e-01 dt=5.0779100576520823e-20
cycle=7657 time=1.5598643687979658e-01 dt=1.0155820115304165e-19
cycle=7658 time=1.5598643687979658e-01 dt=2.0311640230608329e-19
cycle=7659 time=1.5598643687979658e-01 dt=4.0623280461216659e-19
cycle=7660 time=1.5598643687979658e-01 dt=8.1246560922433317e-19
cycle=7661 time=1.5598643687979658e-01 dt=1.6249312184486663e-18
cycle=7662 time=1.5598643687979658e-01 dt=3.2498624368973327e-18
cycle=7663 time=1.5598643687979658e-01 dt=6.4997248737946654e-18
cycle=7664 time=1.5598643687979658e-01 dt=1.2999449747589331e-17
cycle=7665 time=1.5598643687979658e-01 dt=2.5998899495178661e-17
cycle=7666 time=1.5598643687979660e-01 dt=5.1997798990357323e-17
cycle=7667 time=1.5598643687979666e-01 dt=1.0399559798071465e-16
cycle=7668 time=1.5598643687979677e-01 dt=2.0799119596142929e-16
cycle=7669 time=1.5598643687979696e-01 dt=4.1598239192285858e-16
cycle=7670 time=1.5598643687979738e-01 dt=8.3196478384571717e-16
cycle=7671 time=1.5598643687979821e-01 dt=1.6639295676914343e-15
cycle=7672 time=1.5598643687979988e-01 dt=3.3278591353828687e-15
cycle=7673 time=1.5598643687980321e-01 dt=6.6557182707657373e-15
cycle=7674 time=1.5598643687980987e-01 dt=1.3311436541531475e-14
cycle=7675 time=1.5598643687982319e-01 dt=2.6622873083062949e-14
cycle=7676 time=1.5598643687984981e-01 dt=5.3245746166125899e-14
cycle=7677 time=1.5598643687990305e-01 dt=1.0649149233225180e-13
cycle=7678 time=1.5598643688000954e-01 dt=2.1298298466450359e-13
cycle=7679 time=1.5598643688022254e-01 dt=4.2596596932900719e-13
cycle=7680 time=1.5598643688064850e-01 dt=8.5193193865801438e-13
cycle=7681 time=1.5598643688150043e-01 dt=1.7038638773160288e-12
cycle=7682 time=1.5598643688320429e-01 dt=3.4077277546320575e-12
cycle=7683 time=1.5598643688661201e-01 dt=2.0449371423605903e-30
cycle=7684 time=1.5598643688661201e-01 dt=2.0500407097361360e-30
cycle=7685 time=1.5598643688661201e-01 dt=4.1000814194722720e-30
cycle=7686 time=1.5598643688661201e-01 dt=8.2001628389445439e-30
cycle=7687 time=1.5598643688661201e-01 dt=1.6400325677889088e-29
cycle=7688 time=1.5598643688661201e-01 dt=3.2800651355778176e-29
cycle=7689 time=1.5598643688661201e-01 dt=6.5601302711556351e-29
cycle=7690 time=1.5598643688661201e-01 dt=1.3120260542311270e-28
cycle=7691 time=1.5598643688661201e-01 dt=2.6240521084622541e-28
cycle=7692 time=1.5598643688661201e-01 dt=5.2481042169245081e-28
cycle=7693 time=1.5598643688661201e-01 dt=1.0496208433849016e-27
cycle=7694 time=1.5598643688661201e-01 dt=2.0992416867698032e-27
cycle=7695 time=1.5598643688661201e-01 dt=4.1984833735396065e-27
cycle=7696 time=1.5598643688661201e-01 dt=8.3969667470792130e-27
cycle=7697 time=1.5598643688661201e-01 dt=1.6793933494158426e-26
cycle=7698 time=1.5598643688661201e-01 dt=3.3587866988316852e-26
cycle=7699 time=1.5598643688661201e-01 dt=6.7175733976633704e-26
cycle=7700 time=1.5598643688661201e-01 dt=1.3435146795326741e-25
cycle=7701 time=1.5598643688661201e-01 dt=2.6870293590653481e-25
cycle=7702 time=1.5598643688661201e-01 dt=5.3740587181306963e-25
cycle=7703 time=1.5598643688661201e-01 dt=1.0748117436261393e-24
cycle=7704 time=1.5598643688661201e-01 dt=2.1496234872522785e-24
cycle=7705 time=1.5598643688661201e-01 dt=4.2992469745045570e-24
cycle=7706 time=1.5598643688661201e-01 dt=8.5984939490091141e-24
cycle=7707 time=1.5598643688661201e-01 dt=1.7196987898018228e-23
cycle=7708 time=1.5598643688661201e-01 dt=3.4393975796036456e-23
cycle=7709 time=1.5598643688661201e-01 dt=6.8787951592072913e-23
cycle=7710 time=1.5598643688661201e-01 dt=1.3757590318414583e-22
cycle=7711 time=1.5598643688661201e-01 dt=2.7515180636829165e-22
cycle=7712 time=1.5598643688661201e-01 dt=5.5030361273658330e-22
cycle=7713 time=1.5598643688661201e-01 dt=1.1006072254731666e-21
cycle=7714 time=1.5598643688661201e-01 dt=2.2012144509463332e-21
cycle=7715 time=1.5598643688661201e-01 dt=4.4024289018926664e-21
cycle=7716 time=1.5598643688661201e-01 dt=8.8048578037853328e-21
cycle=7717 time=1.5598643688661201e-01 dt=1.7609715607570666e-20
cycle=7718 time=1.5598643688661201e-01 dt=3.5219431215141331e-20
cycle=7719 time=1.5598643688661201e-01 dt=7.0438862430282663e-20
cycle=7720 time=1.5598643688661201e-01 dt=1.4087772486056533e-19
cycle=7721 time=1.5598643688661201e-01 dt=2.8175544972113065e-19
cycle=7722 time=1.5598643688661201e-01 dt=5.6351089944226130e-19
cycle=7723 time=1.5598643688661201e-01 dt=1.1270217988845226e-18
cycle=7724 time=1.5598643688661201e-01 dt=2.2540435977690452e-18
cycle=7725 time=1.5598643688661201e-01 dt=4.5080871955380904e-18
cycle=7726 time=1.5598643688661201e-01 dt=9.0161743910761808e-18
cycle=7727 time=1.5598643688661201e-01 dt=1.8032348782152362e-17
cycle=7728 time=1.5598643688661204e-01 dt=3.6064697564304723e-17
cycle=7729 time=1.5598643688661207e-01 dt=7.2129395128609446e-17
cycle=7730 time=1.5598643688661215e-01 dt=1.4425879025721889e-16
cycle=7731 time=1.5598643688661229e-01 dt=2.8851758051443779e-16
cycle=7732 time=1.5598643688661257e-01 dt=5.7703516102887557e-16
cycle=7733 time=1.5598643688661315e-01 dt=1.1540703220577511e-15
cycle=7734 time=1.5598643688661432e-01 dt=2.3081406441155023e-15
cycle=7735 time=1.5598643688661662e-01 dt=4.6162812882310046e-15
cycle=7736 time=1.5598643688662123e-01 dt=9.2325625764620091e-15
cycle=7737 time=1.5598643688663047e-01 dt=1.8465125152924018e-14
cycle=7738 time=1.5598643688664893e-01 dt=3.6930250305848037e-14
cycle=7739 time=1.5598643688668587e-01 dt=7.3860500611696073e-14
cycle=7740 time=1.5598643688675973e-01 dt=1.4772100122339215e-13
cycle=7741 time=1.5598643688690744e-01 dt=2.9544200244678429e-13
cycle=7742 time=1.5598643688720287e-01 dt=5.9088400489356859e-13
cycle=7743 time=1.5598643688779376e-01 dt=1.1817680097871372e-12
cycle=7744 time=1.5598643688897554e-01 dt=2.3635360195742743e-12
cycle=7745 time=1.5598643689133906e-01 dt=4.7270720391485487e-12
cycle=7746 time=1.5598643689606614e-01 dt=1.6948964568886520e-30
cycle=7747 time=1.5598643689606614e-01 dt=3.3897929137773040e-30
cycle=7748 time=1.5598643689606614e-01 dt=6.7795858275546081e-30
cycle=7749 time=1.5598643689606614e-01 dt=1.3559171655109216e-29
cycle=7750 time=1.5598643689606614e-01 dt=2.7118343310218432e-29
cycle=7751 time=1.5598643689606614e-01 dt=5.4236686620436865e-29
cycle=7752 time=1.5598643689606614e-01 dt=1.0847337324087373e-28
cycle=7753 time=1.5598643689606614e-01 dt=2.1694674648174746e-28
cycle=7754 time=1.5598643689606614e-01 dt=4.3389349296349492e-28
cycle=7755 time=1.5598643689606614e-01 dt=8.6778698592698984e-28
cycle=7756 time=1.5598643689606614e-01 dt=1.7355739718539797e-27
cycle=7757 time=1.5598643689606614e-01 dt=3.4711479437079593e-27
cycle=7758 time=1.5598643689606614e-01 dt=6.9422958874159187e-27
cycle=7759 time=1.5598643689606614e-01 dt=1.3884591774831837e-26
cycle=7760 time=1.5598643689606614e-01 dt=2.7769183549663675e-26
cycle=7761 time=1.5598643689606614e-01 dt=5.5538367099327349e-26
cycle=7762 time=1.5598643689606614e-01 dt=1.1107673419865470e-25
cycle=7763 time=1.5598643689606614e-01 dt=2.2215346839730940e-25
cycle=7764 time=1.5598643689606614e-01 dt=4.4430693679461880e-25
cycle=7765 time=1.5598643689606614e-01 dt=8.8861387358923759e-25
cycle=7766 time=1.5598643689606614e-01 dt=1.7772277471784752e-24
cycle=7767 time=1.5598643689606614e-01 dt=3.5544554943569504e-24
cycle=7768 time=1.5598643689606614e-01 dt=7.1089109887139007e-24
cycle=7769 time=1.5598643689606614e-01 dt=1.4217821977427801e-23
cycle=7770 time=1.5598643689606614e-01 dt=2.8435643954855603e-23
cycle=7771 time=1.5598643689606614e-01 dt=5.6871287909711206e-23
cycle=7772 time=1.5598643689606614e-01 dt=1.1374257581942241e-22
cycle=7773 time=1.5598643689606614e-01 dt=2.2748515163884482e-22
cycle=7774 time=1.5598643689606614e-01 dt=4.5497030327768965e-22
cycle=7775 time=1.5598643689606614e-01 dt=9.0994060655537929e-22
cycle=7776 time=1.5598643689606614e-01 dt=1.8198812131107586e-21
cycle=7777 time=1.5598643689606614e-01 dt=3.6397624262215172e-21
cycle=7778 time=1.5598643689606614e-01 dt=7.2795248524430343e-21
cycle=7779 time=1.5598643689606614e-01 dt=1.4559049704886069e-20
cycle=7780 time=1.5598643689606614e-01 dt=2.9118099409772137e-20
cycle=7781 time=1.5598643689606614e-01 dt=5.8236198819544275e-20
cycle=7782 time=1.5598643689606614e-01 dt=1.1647239763908855e-19
cycle=7783 time=1.5598643689606614e-01 dt=2.3294479527817710e-19
cycle=7784 time=1.5598643689606614e-01 dt=4.6588959055635420e-19
cycle=7785 time=1.5598643689606614e-01 dt=9.3177918111270840e-19
cycle=7786 time=1.5598643689606614e-01 dt=1.8635583622254168e-18
cycle=7787 time=1.5598643689606614e-01 dt=3.7271167244508336e-18
cycle=7788 time=1.5598643689606614e-01 dt=7.4542334489016672e-18
cycle=7789 time=1.5598643689606614e-01 dt=1.4908466897803334e-17
cycle=7790 time=1.5598643689606617e-01 dt=2.9816933795606669e-17
cycle=7791 time=1.5598643689606620e-01 dt=5.9633867591213337e-17
cycle=7792 time=1.5598643689606626e-01 dt=1.1926773518242667e-16
cycle=7793 time=1.5598643689606637e-01 dt=2.3853547036485335e-16
cycle=7794 time=1.5598643689606662e-01 dt=4.7707094072970670e-16
cycle=7795 time=1.5598643689606709e-01 dt=9.5414188145941340e-16
cycle=7796 time=1.5598643689606803e-01 dt=1.9082837629188268e-15
cycle=7797 time=1.5598643689606995e-01 dt=3.8165675258376536e-15
cycle=7798 time=1.5598643689607378e-01 dt=7.6331350516753072e-15
cycle=7799 time=1.5598643689608141e-01 dt=1.5266270103350614e-14
cycle=7800 time=1.5598643689609668e-01 dt=3.0532540206701229e-14
cycle=7801 time=1.5598643689612721e-01 dt=6.1065080413402457e-14
cycle=7802 time=1.5598643689618827e-01 dt=1.2213016082680491e-13
cycle=7803 time=1.5598643689631039e-01 dt=2.4426032165360983e-13
cycle=7804 time=1.5598643689655464e-01 dt=4.8852064330721966e-13
cycle=7805 time=1.5598643689704317e-01 dt=9.7704128661443932e-13
cycle=7806 time=1.5598643689802022e-01 dt=1.9540825732288786e-12
cycle=7807 time=1.5598643689997430e-01 dt=3.9081651464577573e-12
cycle=7808 time=1.5598643690388245e-01 dt=1.4080692572014135e-30
cycle=7809 time=1.5598643690388245e-01 dt=2.8161385144028271e-30
cycle=7810 time=1.5598643690388245e-01 dt=5.6322770288056541e-30
cycle=7811 time=1.5598643690388245e-01 dt=1.1264554057611308e-29
cycle=7812 time=1.5598643690388245e-01 dt=2.2529108115222617e-29
cycle=7813 time=1.5598643690388245e-01 dt=4.5058216230445233e-29
cycle=7814 time=1.5598643690388245e-01 dt=9.0116432460890466e-29
cycle=7815 time=1.5598643690388245e-01 dt=1.8023286492178093e-28
cycle=7816 time=1.5598643690388245e-01 dt=3.6046572984356186e-28
cycle=7817 time=1.5598643690388245e-01 dt=7.2093145968712373e-28
cycle=7818 time=1.5598643690388245e-01 dt=1.4418629193742475e-27
cycle=7819 time=1.5598643690388245e-01 dt=2.8837258387484949e-27
cycle=7820 time=1.5598643690388245e-01 dt=5.7674516774969898e-27
cycle=7821 time=1.5598643690388245e-01 dt=1.1534903354993980e-26
cycle=7822 time=1.5598643690388245e-01 dt=2.3069806709987959e-26
cycle=7823 time=1.5598643690388245e-01 dt=4.6139613419975919e-26
cycle=7824 time=1.5598643690388245e-01 dt=9.2279226839951837e-26
cycle=7825 time=1.5598643690388245e-01 dt=1.8455845367990367e-25
cycle=7826 time=1.5598643690388245e-01 dt=3.6911690735980735e-25
cycle=7827 time=1.5598643690388245e-01 dt=7.3823381471961470e-25
cycle=7828 time=1.5598643690388245e-01 dt=1.4764676294392294e-24
cycle=7829 time=1.5598643690388245e-01 dt=2.9529352588784588e-24
cycle=7830 time=1.5598643690388245e-01 dt=5.9058705177569176e-24
cycle=7831 time=1.5598643690388245e-01 dt=1.1811741035513835e-23
cycle=7832 time=1.5598643690388245e-01 dt=2.3623482071027670e-23
cycle=7833 time=1.5598643690388245e-01 dt=4.7246964142055341e-23
cycle=7834 time=1.5598643690388245e-01 dt=9.4493928284110681e-23
cycle=7835 time=1.5598643690388245e-01 dt=1.8898785656822136e-22
cycle=7836 time=1.5598643690388245e-01 dt=3.7797571313644273e-22
cycle=7837 time=1.5598643690388245e-01 dt=7.5595142627288545e-22
cycle=7838 time=1.5598643690388245e-01 dt=1.5119028525457709e-21
cycle=7839 time=1.5598643690388245e-01 dt=3.0238057050915418e-21
cycle=7840 time=1.5598643690388245e-01 dt=6.0476114101830836e-21
cycle=7841 time=1.5598643690388245e-01 dt=1.2095222820366167e-20
cycle=7842 time=1.5598643690388245e-01 dt=2.4190445640732334e-20
cycle=7843 time=1.5598643690388245e-01 dt=4.8380891281464669e-20
cycle=7844 time=1.5598643690388245e-01 dt=9.6761782562929338e-20
cycle=7845 time=1.5598643690388245e-01 dt=1.9352356512585868e-19
cycle=7846 time=1.5598643690388245e-01 dt=3.8704713025171735e-19
cycle=7847 time=1.5598643690388245e-01 dt=7.7409426050343470e-19
cycle=7848 time=1.5598643690388245e-01 dt=1.5481885210068694e-18
cycle=7849 time=1.5598643690388245e-01 dt=3.0963770420137388e-18
cycle=7850 time=1.5598643690388245e-01 dt=6.1927540840274776e-18
cycle=7851 time=1.5598643690388245e-01 dt=1.2385508168054955e-17
cycle=7852 time=1.5598643690388245e-01 dt=2.4771016336109910e-17
cycle=7853 time=1.5598643690388247e-01 dt=4.9542032672219821e-17
cycle=7854 time=1.5598643690388253e-01 dt=9.9084065344439642e-17
cycle=7855 time=1.5598643690388264e-01 dt=1.9816813068887928e-16
cycle=7856 time=1.5598643690388284e-01 dt=3.9633626137775857e-16
cycle=7857 time=1.5598643690388322e-01 dt=7.9267252275551714e-16
cycle=7858 time=1.5598643690388403e-01 dt=1.5853450455110343e-15
cycle=7859 time=1.5598643690388561e-01 dt=3.1706900910220685e-15
cycle=7860 time=1.5598643690388878e-01 dt=6.3413801820441371e-15
cycle=7861 time=1.5598643690389510e-01 dt=1.2682760364088274e-14
cycle=7862 time=1.5598643690390779e-01 dt=2.5365520728176548e-14
cycle=7863 time=1.5598643690393316e-01 dt=5.0731041456353097e-14
cycle=7864 time=1.5598643690398389e-01 dt=1.0146208291270619e-13
cycle=7865 time=1.5598643690408537e-01 dt=2.0292416582541239e-13
cycle=7866 time=1.5598643690428829e-01 dt=4.0584833165082477e-13
cycle=7867 time=1.5598643690469413e-01 dt=8.1169666330164955e-13
cycle=7868 time=1.5598643690550582e-01 dt=1.6233933266032991e-12
cycle=7869 time=1.5598643690712921e-01 dt=3.2467866532065982e-12
cycle=7870 time=1.5598643691037600e-01 dt=6.4935733064131964e-12
cycle=7871 time=1.5598643691686959e-01 dt=1.2119663179466966e-30
cycle=7872 time=1.5598643691686959e-01 dt=2.4239326358933932e-30
cycle=7873 time=1.5598643691686959e-01 dt=1.5541823647513417e-30
cycle=7874 time=1.5598643691686959e-01 dt=3.1083647295026834e-30
cycle=7875 time=1.5598643691686959e-01 dt=6.2167294590053668e-30
cycle=7876 time=1.5598643691686959e-01 dt=1.2433458918010734e-29
cycle=7877 time=1.5598643691686959e-01 dt=2.4866917836021467e-29
cycle=7878 time=1.5598643691686959e-01 dt=4.9733835672042935e-29
cycle=7879 time=1.5598643691686959e-01 dt=9.9467671344085869e-29
cycle=7880 time=1.5598643691686959e-01 dt=1.9893534268817174e-28
cycle=7881 time=1.5598643691686959e-01 dt=3.9787068537634348e-28
cycle=7882 time=1.5598643691686959e-01 dt=7.9574137075268695e-28
cycle=7883 time=1.5598643691686959e-01 dt=1.5914827415053739e-27
cycle=7884 time=1.5598643691686959e-01 dt=3.1829654830107478e-27
cycle=7885 time=1.5598643691686959e-01 dt=6.3659309660214956e-27
cycle=7886 time=1.5598643691686959e-01 dt=1.2731861932042991e-26
cycle=7887 time=1.5598643691686959e-01 dt=2.5463723864085982e-26
cycle=7888 time=1.5598643691686959e-01 dt=5.0927447728171965e-26
cycle=7889 time=1.5598643691686959e-01 dt=1.0185489545634393e-25
cycle=7890 time=1.5598643691686959e-01 dt=2.0370979091268786e-25
cycle=7891 time=1.5598643691686959e-01 dt=4.0741958182537572e-25
cycle=7892 time=1.5598643691686959e-01 dt=8.1483916365075144e-25
cycle=7893 time=1.5598643691686959e-01 dt=1.6296783273015029e-24
cycle=7894 time=1.5598643691686959e-01 dt=3.2593566546030058e-24
cycle=7895 time=1.5598643691686959e-01 dt=6.5187133092060115e-24
cycle=7896 time=1.5598643691686959e-01 dt=1.3037426618412023e-23
cycle=7897 time=1.5598643691686959e-01 dt=2.6074853236824046e-23
cycle=7898 time=1.5598643691686959e-01 dt=5.2149706473648092e-23
cycle=7899 time=1.5598643691686959e-01 dt=1.0429941294729618e-22
cycle=7900 time=1.5598643691686959e-01 dt=2.0859882589459237e-22
cycle=7901 time=1.5598643691686959e-01 dt=4.1719765178918474e-22
cycle=7902 time=1.5598643691686959e-01 dt=8.3439530357836947e-22
cycle=7903 time=1.5598643691686959e-01 dt=1.6687906071567389e-21
cycle=7904 time=1.5598643691686959e-01 dt=3.3375812143134779e-21
cycle=7905 time=1.5598643691686959e-01 dt=6.6751624286269558e-21
cycle=7906 time=1.5598643691686959e-01 dt=1.3350324857253912e-20
cycle=7907 time=1.5598643691686959e-01 dt=2.6700649714507823e-20
cycle=7908 time=1.5598643691686959e-01 dt=5.3401299429015646e-20
cycle=7909 time=1.5598643691686959e-01 dt=1.0680259885803129e-19
cycle=7910 time=1.5598643691686959e-01 dt=2.1360519771606259e-19
cycle=7911 time=1.5598643691686959e-01 dt=4.2721039543212517e-19
cycle=7912 time=1.5598643691686959e-01 dt=8.5442079086425034e-19
cycle=7913 time=1.5598643691686959e-01 dt=1.7088415817285007e-18
cycle=7914 time=1.5598643691686959e-01 dt=3.4176831634570014e-18
cycle=7915 time=1.5598643691686959e-01 dt=6.8353663269140027e-18
cycle=7916 time=1.5598643691686959e-01 dt=1.3670732653828005e-17
cycle=7917 time=1.5598643691686959e-01 dt=2.7341465307656011e-17
cycle=7918 time=1.5598643691686961e-01 dt=5.4682930615312022e-17
cycle=7919 time=1.5598643691686967e-01 dt=1.0936586123062404e-16
cycle=7920 time=1.5598643691686978e-01 dt=2.1873172246124809e-16
cycle=7921 time=1.5598643691687000e-01 dt=4.3746344492249618e-16
cycle=7922 time=1.5598643691687045e-01 dt=8.7492688984499235e-16
cycle=7923 time=1.5598643691687133e-01 dt=1.7498537796899847e-15
cycle=7924 time=1.5598643691687308e-01 dt=3.4997075593799694e-15
cycle=7925 time=1.5598643691687658e-01 dt=6.9994151187599388e-15
cycle=7926 time=1.5598643691688358e-01 dt=1.3998830237519878e-14
cycle=7927 time=1.5598643691689756e-01 dt=2.7997660475039755e-14
cycle=7928 time=1.5598643691692557e-01 dt=5.5995320950079510e-14
cycle=7929 time=1.5598643691698155e-01 dt=1.1199064190015902e-13
cycle=7930 time=1.5598643691709355e-01 dt=2.2398128380031804e-13
cycle=7931 time=1.5598643691731753e-01 dt=4.4796256760063608e-13
cycle=7932 time=1.5598643691776551e-01 dt=8.9592513520127217e-13
cycle=7933 time=1.5598643691866143e-01 dt=1.7918502704025443e-12
cycle=7934 time=1.5598643692045328e-01 dt=3.5837005408050887e-12
cycle=7935 time=1.5598643692403696e-01 dt=7.1674010816101773e-12
cycle=7936 time=1.5598643693120437e-01 dt=1.0748497233072127e-30
cycle=7937 time=1.5598643693120437e-01 dt=2.1496994466144254e-30
cycle=7938 time=1.5598643693120437e-01 dt=4.2993988932288509e-30
cycle=7939 time=1.5598643693120437e-01 dt=8.5987977864577018e-30
cycle=7940 time=1.5598643693120437e-01 dt=1.7197595572915404e-29
cycle=7941 time=1.5598643693120437e-01 dt=3.4395191145830807e-29
cycle=7942 time=1.5598643693120437e-01 dt=6.8790382291661614e-29
cycle=7943 time=1.5598643693120437e-01 dt=1.3758076458332323e-28
cycle=7944 time=1.5598643693120437e-01 dt=2.7516152916664646e-28
cycle=7945 time=1.5598643693120437e-01 dt=5.5032305833329291e-28
cycle=7946 time=1.5598643693120437e-01 dt=1.1006461166665858e-27
cycle=7947 time=1.5598643693120437e-01 dt=2.2012922333331717e-27
cycle=7948 time=1.5598643693120437e-01 dt=4.4025844666663433e-27
cycle=7949 time=1.5598643693120437e-01 dt=8.8051689333326866e-27
cycle=7950 time=1.5598643693120437e-01 dt=1.7610337866665373e-26
cycle=7951 time=1.5598643693120437e-01 dt=3.5220675733330747e-26
cycle=7952 time=1.5598643693120437e-01 dt=7.0441351466661493e-26
cycle=7953 time=1.5598643693120437e-01 dt=1.4088270293332299e-25
cycle=7954 time=1.5598643693120437e-01 dt=2.8176540586664597e-25
cycle=7955 time=1.5598643693120437e-01 dt=5.6353081173329194e-25
cycle=7956 time=1.5598643693120437e-01 dt=1.1270616234665839e-24
cycle=7957 time=1.5598643693120437e-01 dt=2.2541232469331678e-24
cycle=7958 time=1.5598643693120437e-01 dt=4.5082464938663356e-24
cycle=7959 time=1.5598643693120437e-01 dt=9.0164929877326711e-24
cycle=7960 time=1.5598643693120437e-01 dt=1.8032985975465342e-23
cycle=7961 time=1.5598643693120437e-01 dt=3.6065971950930684e-23
cycle=7962 time=1.5598643693120437e-01 dt=7.2131943901861369e-23
cycle=7963 time=1.5598643693120437e-01 dt=1.4426388780372274e-22
cycle=7964 time=1.5598643693120437e-01 dt=2.8852777560744548e-22
cycle=7965 time=1.5598643693120437e-01 dt=5.7705555121489095e-22
cycle=7966 time=1.5598643693120437e-01 dt=1.1541111024297819e-21
cycle=7967 time=1.5598643693120437e-01 dt=2.3082222048595638e-21
cycle=7968 time=1.5598643693120437e-01 dt=4.6164444097191276e-21
cycle=7969 time=1.5598643693120437e-01 dt=9.2328888194382552e-21
cycle=7970 time=1.5598643693120437e-01 dt=1.8465777638876510e-20
cycle=7971 time=1.5598643693120437e-01 dt=3.6931555277753021e-20
cycle=7972 time=1.5598643693120437e-01 dt=7.3863110555506042e-20
cycle=7973 time=1.5598643693120437e-01 dt=1.4772622111101208e-19
cycle=7974 time=1.5598643693120437e-01 dt=2.9545244222202417e-19
cycle=7975 time=1.5598643693120437e-01 dt=5.9090488444404833e-19
cycle=7976 time=1.5598643693120437e-01 dt=1.1818097688880967e-18
cycle=7977 time=1.5598643693120437e-01 dt=2.3636195377761933e-18
cycle=7978 time=1.5598643693120437e-01 dt=4.7272390755523867e-18
cycle=7979 time=1.5598643693120437e-01 dt=9.4544781511047733e-18
cycle=7980 time=1.5598643693120437e-01 dt=1.8908956302209547e-17
cycle=7981 time=1.5598643693120440e-01 dt=3.7817912604419093e-17
cycle=7982 time=1.5598643693120443e-01 dt=7.5635825208838187e-17
cycle=7983 time=1.5598643693120451e-01 dt=1.5127165041767637e-16
cycle=7984 time=1.5598643693120465e-01 dt=3.0254330083535275e-16
cycle=7985 time=1.5598643693120495e-01 dt=6.0508660167070549e-16
cycle=7986 time=1.5598643693120556e-01 dt=1.2101732033414110e-15
cycle=7987 time=1.5598643693120678e-01 dt=2.4203464066828220e-15
cycle=7988 time=1.5598643693120920e-01 dt=4.8406928133656440e-15
cycle=7989 time=1.5598643693121403e-01 dt=9.6813856267312879e-15
cycle=7990 time=1.5598643693122372e-01 dt=1.9362771253462576e-14
cycle=7991 time=1.5598643693124309e-01 dt=3.8725542506925152e-14
cycle=7992 time=1.5598643693128181e-01 dt=7.7451085013850303e-14
cycle=7993 time=1.5598643693135925e-01 dt=1.5490217002770061e-13
cycle=7994 time=1.5598643693151415e-01 dt=3.0980434005540121e-13
cycle=7995 time=1.5598643693182396e-01 dt=6.1960868011080243e-13
cycle=7996 time=1.5598643693244357e-01 dt=1.2392173602216049e-12
cycle=7997 time=1.5598643693368280e-01 dt=2.4784347204432097e-12
cycle=7998 time=1.5598643693616124e-01 dt=4.9568694408864194e-12
cycle=7999 time=1.5598643694111811e-01 dt=9.9849213511987558e-13
cycle=8000 time=1.5598643694211659e-01 dt=9.4386364933342830e-31
cycle=8001 time=1.5598643694211659e-01 dt=1.8877272986668566e-30
cycle=8002 time=1.5598643694211659e-01 dt=3.7754545973337132e-30
cycle=8003 time=1.5598643694211659e-01 dt=7.5509091946674264e-30
cycle=8004 time=1.5598643694211659e-01 dt=1.5101818389334853e-29
cycle=8005 time=1.5598643694211659e-01 dt=3.0203636778669706e-29
cycle=8006 time=1.5598643694211659e-01 dt=6.0407273557339411e-29
cycle=8007 time=1.5598643694211659e-01 dt=1.2081454711467882e-28
cycle=8008 time=1.5598643694211659e-01 dt=2.4162909422935764e-28
cycle=8009 time=1.5598643694211659e-01 dt=4.8325818845871529e-28
cycle=8010 time=1.5598643694211659e-01 dt=9.6651637691743058e-28
cycle=8011 time=1.5598643694211659e-01 dt=1.9330327538348612e-27
cycle=8012 time=1.5598643694211659e-01 dt=3.8660655076697223e-27
cycle=8013 time=1.5598643694211659e-01 dt=7.7321310153394446e-27
cycle=8014 time=1.5598643694211659e-01 dt=1.5464262030678889e-26
cycle=8015 time=1.5598643694211659e-01 dt=3.0928524061357779e-26
cycle=8016 time=1.5598643694211659e-01 dt=6.1857048122715557e-26
cycle=8017 time=1.5598643694211659e-01 dt=1.2371409624543111e-25
cycle=8018 time=1.5598643694211659e-01 dt=2.4742819249086223e-25
cycle=8019 time=1.5598643694211659e-01 dt=4.9485638498172446e-25
cycle=8020 time=1.5598643694211659e-01 dt=9.8971276996344891e-25
cycle=8021 time=1.5598643694211659e-01 dt=1.9794255399268978e-24
cycle=8022 time=1.5598643694211659e-01 dt=3.9588510798537957e-24
cycle=8023 time=1.5598643694211659e-01 dt=7.9177021597075913e-24
cycle=8024 time=1.5598643694211659e-01 dt=1.5835404319415183e-23
cycle=8025 time=1.5598643694211659e-01 dt=3.1670808638830365e-23
cycle=8026 time=1.5598643694211659e-01 dt=6.3341617277660730e-23
cycle=8027 time=1.5598643694211659e-01 dt=1.2668323455532146e-22
cycle=8028 time=1.5598643694211659e-01 dt=2.5336646911064292e-22
cycle=8029 time=1.5598643694211659e-01 dt=5.0673293822128584e-22
cycle=8030 time=1.5598643694211659e-01 dt=1.0134658764425717e-21
cycle=8031 time=1.5598643694211659e-01 dt=2.0269317528851434e-21
cycle=8032 time=1.5598643694211659e-01 dt=4.0538635057702868e-21
cycle=8033 time=1.5598643694211659e-01 dt=8.1077270115405735e-21
cycle=8034 time=1.5598643694211659e-01 dt=1.6215454023081147e-20
cycle=8035 time=1.5598643694211659e-01 dt=3.2430908046162294e-20
cycle=8036 time=1.5598643694211659e-01 dt=6.4861816092324588e-20
cycle=8037 time=1.5598643694211659e-01 dt=1.2972363218464918e-19
cycle=8038 time=1.5598643694211659e-01 dt=2.5944726436929835e-19
cycle=8039 time=1.5598643694211659e-01 dt=5.1889452873859670e-19
cycle=8040 time=1.5598643694211659e-01 dt=1.0377890574771934e-18
cycle=8041 time=1.5598643694211659e-01 dt=2.0755781149543868e-18
cycle=8042 time=1.5598643694211659e-01 dt=4.1511562299087736e-18
cycle=8043 time=1.5598643694211659e-01 dt=8.3023124598175473e-18
cycle=8044 time=1.5598643694211659e-01 dt=1.6604624919635095e-17
cycle=8045 time=1.5598643694211661e-01 dt=3.3209249839270189e-17
cycle=8046 time=1.5598643694211664e-01 dt=6.6418499678540378e-17
cycle=8047 time=1.5598643694211670e-01 dt=1.3283699935708076e-16
cycle=8048 time=1.5598643694211684e-01 dt=2.6567399871416151e-16
cycle=8049 time=1.5598643694211711e-01 dt=5.3134799742832302e-16
cycle=8050 time=1.5598643694211764e-01 dt=1.0626959948566460e-15
cycle=8051 time=1.5598643694211869e-01 dt=2.1253919897132921e-15
cycle=8052 time=1.5598643694212083e-01 dt=4.2507839794265842e-15
cycle=8053 time=1.5598643694212508e-01 dt=8.5015679588531684e-15
cycle=8054 time=1.5598643694213357e-01 dt=1.7003135917706337e-14
cycle=8055 time=1.5598643694215059e-01 dt=3.4006271835412674e-14
cycle=8056 time=1.5598643694218459e-01 dt=6.8012543670825347e-14
cycle=8057 time=1.5598643694225259e-01 dt=1.3602508734165069e-13
cycle=8058 time=1.5598643694238862e-01 dt=2.7205017468330139e-13
cycle=8059 time=1.5598643694266068e-01 dt=5.4410034936660278e-13
cycle=8060 time=1.5598643694320477e-01 dt=1.0882006987332056e-12
cycle=8061 time=1.5598643694429298e-01 dt=2.1764013974664111e-12
cycle=8062 time=1.5598643694646938e-01 dt=4.3528027949328222e-12
cycle=8063 time=1.5598643695082218e-01 dt=8.7056055898656444e-12
cycle=8064 time=1.5598643695952777e-01 dt=7.8825831972982619e-31
cycle=8065 time=1.5598643695952777e-01 dt=1.5765166394596524e-30
cycle=8066 time=1.5598643695952777e-01 dt=3.1530332789193048e-30
cycle=8067 time=1.5598643695952777e-01 dt=6.3060665578386096e-30
cycle=8068 time=1.5598643695952777e-01 dt=1.2612133115677219e-29
cycle=8069 time=1.5598643695952777e-01 dt=2.5224266231354438e-29
cycle=8070 time=1.5598643695952777e-01 dt=5.0448532462708876e-29
cycle=8071 time=1.5598643695952777e-01 dt=1.0089706492541775e-28
cycle=8072 time=1.5598643695952777e-01 dt=2.0179412985083551e-28
cycle=8073 time=1.5598643695952777e-01 dt=4.0358825970167101e-28
cycle=8074 time=1.5598643695952777e-01 dt=8.0717651940334202e-28
cycle=8075 time=1.5598643695952777e-01 dt=1.6143530388066840e-27
cycle=8076 time=1.5598643695952777e-01 dt=3.2287060776133681e-27
cycle=8077 time=1.5598643695952777e-01 dt=6.4574121552267362e-27
cycle=8078 time=1.5598643695952777e-01 dt=1.2914824310453472e-26
cycle=8079 time=1.5598643695952777e-01 dt=2.5829648620906945e-26
cycle=8080 time=1.5598643695952777e-01 dt=5.1659297241813890e-26
cycle=8081 time=1.5598643695952777e-01 dt=1.0331859448362778e-25
cycle=8082 time=1.5598643695952777e-01 dt=2.0663718896725556e-25
cycle=8083 time=1.5598643695952777e-01 dt=4.1327437793451112e-25
cycle=8084 time=1.5598643695952777e-01 dt=8.2654875586902223e-25
cycle=8085 time=1.5598643695952777e-01 dt=1.6530975117380445e-24
cycle=8086 time=1.5598643695952777e-01 dt=3.3061950234760889e-24
cycle=8087 time=1.5598643695952777e-01 dt=6.6123900469521779e-24
cycle=8088 time=1.5598643695952777e-01 dt=1.3224780093904356e-23
cycle=8089 time=1.5598643695952777e-01 dt=2.6449560187808711e-23
cycle=8090 time=1.5598643695952777e-01 dt=5.2899120375617423e-23
cycle=8091 time=1.5598643695952777e-01 dt=1.0579824075123485e-22
cycle=8092 time=1.5598643695952777e-01 dt=2.1159648150246969e-22
cycle=8093 time=1.5598643695952777e-01 dt=4.2319296300493938e-22
cycle=8094 time=1.5598643695952777e-01 dt=8.4638592600987877e-22
cycle=8095 time=1.5598643695952777e-01 dt=1.6927718520197575e-21
cycle=8096 time=1.5598643695952777e-01 dt=3.3855437040395151e-21
cycle=8097 time=1.5598643695952777e-01 dt=6.7710874080790301e-21
cycle=8098 time=1.5598643695952777e-01 dt=1.3542174816158060e-20
cycle=8099 time=1.5598643695952777e-01 dt=2.7084349632316121e-20
cycle=8100 time=1.5598643695952777e-01 dt=5.4168699264632241e-20
cycle=8101 time=1.5598643695952777e-01 dt=1.0833739852926448e-19
cycle=8102 time=1.5598643695952777e-01 dt=2.1667479705852896e-19
cycle=8103 time=1.5598643695952777e-01 dt=4.3334959411705793e-19
cycle=8104 time=1.5598643695952777e-01 dt=8.6669918823411586e-19
cycle=8105 time=1.5598643695952777e-01 dt=1.7333983764682317e-18
cycle=8106 time=1.5598643695952777e-01 dt=3.4667967529364634e-18
cycle=8107 time=1.5598643695952777e-01 dt=6.9335935058729268e-18
cycle=8108 time=1.5598643695952777e-01 dt=1.3867187011745854e-17
cycle=8109 time=1.5598643695952777e-01 dt=2.7734374023491707e-17
cycle=8110 time=1.5598643695952780e-01 dt=5.5468748046983415e-17
cycle=8111 time=1.5598643695952785e-01 dt=1.1093749609396683e-16
cycle=8112 time=1.5598643695952796e-01 dt=2.2187499218793366e-16
cycle=8113 time=1.5598643695952819e-01 dt=4.4374998437586732e-16

Terminating on Terminate signal
time=1.5598643695952819e-01 cycle=8113
tlim=2.5000000000000000e+00 nlim=-1

zone-cycles = 8507097088
cpu time used  = 2.1554482400000002e+03
zone-cycles/cpu_second = 3.9467879256520672e+06
