sim_id,sim_name,f,beta,M,theta,seed,classification,lambda_W,lambda_W_err,t_frag,t_radial,N_peaks,peak_significance,sigma_lw,contrast,radial_collapsed,radial_width_frac,f_transition,phase,resolution,density_contrast,perturb_offset,sim_type,subcampaign,survival_time,decay_mode,lw_asymptotic,lw_early_representative,lw_t0.5,lw_t1.0,lw_t1.5,lw_t2.0,lw_t2.5,lw_t3.0,class_t0.5,class_t1.0,class_t1.5,class_t2.0,class_t2.5,class_t3.0
SC_0001,supercritical_f1.5_beta0.3_M1.0_theta0_seed1,1.500000,0.300000,1.000000,0.000000,1,MEASURABLE,2.364381,0.236438,21.927800,5.034986,3,4.962000,0.100000,88.767215,False,0.940800,1.966700,1,,,,,,,,,,,,,,,,,,,,,
SC_0002,supercritical_f1.5_beta0.3_M1.0_theta0_seed2,1.500000,0.300000,1.000000,0.000000,2,MEASURABLE,2.834485,0.231011,21.751615,5.034986,4,5.441000,0.081500,102.003049,False,0.940800,1.966700,1,,,,,,,,,,,,,,,,,,,,,
SC_0003,supercritical_f1.5_beta0.3_M1.0_theta45_seed1,1.500000,0.300000,1.000000,45.000000,1,MEASURABLE,0.814271,0.064572,46.386460,4.806123,8,5.308000,0.079300,97.370473,False,0.935100,2.216700,1,,,,,,,,,,,,,,,,,,,,,
SC_0004,supercritical_f1.5_beta0.3_M1.0_theta45_seed2,1.500000,0.300000,1.000000,45.000000,2,MEASURABLE,0.931581,0.071359,43.508899,4.806123,9,4.944000,0.076600,93.781484,False,0.935100,2.216700,1,,,,,,,,,,,,,,,,,,,,,
SC_0005,supercritical_f1.5_beta0.3_M1.0_theta90_seed1,1.500000,0.300000,1.000000,90.000000,1,MEASURABLE,0.647097,0.049826,230.891552,4.577260,14,5.414000,0.077000,81.114832,False,0.928400,2.466700,1,,,,,,,,,,,,,,,,,,,,,
SC_0006,supercritical_f1.5_beta0.3_M1.0_theta90_seed2,1.500000,0.300000,1.000000,90.000000,2,MEASURABLE,0.639739,0.041775,226.067873,4.577260,13,5.574000,0.065300,93.823696,False,0.928400,2.466700,1,,,,,,,,,,,,,,,,,,,,,
SC_0007,supercritical_f1.5_beta0.3_M3.0_theta0_seed1,1.500000,0.300000,3.000000,0.000000,1,MEASURABLE,2.355607,0.343212,12.810011,5.034986,5,4.980000,0.145700,105.612580,False,0.940800,1.806700,1,,,,,,,,,,,,,,,,,,,,,
SC_0008,supercritical_f1.5_beta0.3_M3.0_theta0_seed2,1.500000,0.300000,3.000000,0.000000,2,PARTIAL,2.270021,0.681006,13.001946,5.034986,2,5.184000,0.129600,36.313975,False,0.940800,1.806700,1,,,,,,,,,,,,,,,,,,,,,
SC_0009,supercritical_f1.5_beta0.3_M3.0_theta45_seed1,1.500000,0.300000,3.000000,45.000000,1,MEASURABLE,0.778938,0.109519,26.454967,4.806123,9,4.755000,0.140600,111.724122,False,0.935100,2.056700,1,,,,,,,,,,,,,,,,,,,,,
SC_0010,supercritical_f1.5_beta0.3_M3.0_theta45_seed2,1.500000,0.300000,3.000000,45.000000,2,MEASURABLE,0.736723,0.103878,26.305842,4.806123,10,4.983000,0.141000,97.681317,False,0.935100,2.056700,1,,,,,,,,,,,,,,,,,,,,,
SC_0011,supercritical_f1.5_beta0.3_M3.0_theta90_seed1,1.500000,0.300000,3.000000,90.000000,1,MEASURABLE,0.550107,0.077730,127.127005,4.577260,15,5.410000,0.141300,92.410151,False,0.928400,2.306700,1,,,,,,,,,,,,,,,,,,,,,
SC_0012,supercritical_f1.5_beta0.3_M3.0_theta90_seed2,1.500000,0.300000,3.000000,90.000000,2,MEASURABLE,0.555210,0.077618,131.844370,4.577260,13,5.169000,0.139800,100.734767,False,0.928400,2.306700,1,,,,,,,,,,,,,,,,,,,,,
SC_0013,supercritical_f1.5_beta1.0_M1.0_theta0_seed1,1.500000,1.000000,1.000000,0.000000,1,PARTIAL,3.165387,0.949616,21.930821,2.471721,2,5.041000,0.086300,32.481872,False,0.754500,1.500000,1,,,,,,,,,,,,,,,,,,,,,
SC_0014,supercritical_f1.5_beta1.0_M1.0_theta0_seed2,1.500000,1.000000,1.000000,0.000000,2,PARTIAL,2.857083,0.857125,22.790652,2.471721,2,4.989000,0.082500,35.238506,False,0.754500,1.500000,1,,,,,,,,,,,,,,,,,,,,,
SC_0015,supercritical_f1.5_beta1.0_M1.0_theta45_seed1,1.500000,1.000000,1.000000,45.000000,1,MEASURABLE,1.449954,0.112516,26.230911,2.403062,4,5.016000,0.077600,95.460384,False,0.740200,1.575000,1,,,,,,,,,,,,,,,,,,,,,
SC_0016,supercritical_f1.5_beta1.0_M1.0_theta45_seed2,1.500000,1.000000,1.000000,45.000000,2,PARTIAL,1.396183,0.418855,26.129447,2.403062,6,4.122000,0.081900,35.853710,False,0.740200,1.575000,1,,,,,,,,,,,,,,,,,,,,,
SC_0017,supercritical_f1.5_beta1.0_M1.0_theta90_seed1,1.500000,1.000000,1.000000,90.000000,1,MEASURABLE,1.121504,0.073010,31.863781,2.334403,8,5.025000,0.065100,95.934171,False,0.724700,1.650000,1,,,,,,,,,,,,,,,,,,,,,
SC_0018,supercritical_f1.5_beta1.0_M1.0_theta90_seed2,1.500000,1.000000,1.000000,90.000000,2,MEASURABLE,1.029517,0.085038,33.381098,2.334403,8,4.658000,0.082600,96.630546,False,0.724700,1.650000,1,,,,,,,,,,,,,,,,,,,,,
SC_0019,supercritical_f1.5_beta1.0_M3.0_theta0_seed1,1.500000,1.000000,3.000000,0.000000,1,PARTIAL,3.444385,1.033315,13.170944,2.471721,1,4.950000,0.167900,39.865573,False,0.754500,1.340000,1,,,,,,,,,,,,,,,,,,,,,
SC_0020,supercritical_f1.5_beta1.0_M3.0_theta0_seed2,1.500000,1.000000,3.000000,0.000000,2,PARTIAL,2.845661,0.853698,12.372812,2.471721,3,3.853000,0.159200,37.973161,False,0.754500,1.340000,1,,,,,,,,,,,,,,,,,,,,,
SC_0021,supercritical_f1.5_beta1.0_M3.0_theta45_seed1,1.500000,1.000000,3.000000,45.000000,1,MEASURABLE,1.295961,0.184545,15.569466,2.403062,6,5.046000,0.142400,86.556640,False,0.740200,1.415000,1,,,,,,,,,,,,,,,,,,,,,
SC_0022,supercritical_f1.5_beta1.0_M3.0_theta45_seed2,1.500000,1.000000,3.000000,45.000000,2,PARTIAL,1.209429,0.362829,16.029127,2.403062,5,5.647000,0.160800,36.526965,False,0.740200,1.415000,1,,,,,,,,,,,,,,,,,,,,,
SC_0023,supercritical_f1.5_beta1.0_M3.0_theta90_seed1,1.500000,1.000000,3.000000,90.000000,1,PARTIAL,1.032311,0.309693,18.270468,2.334403,8,5.223000,0.139400,31.152698,False,0.724700,1.490000,1,,,,,,,,,,,,,,,,,,,,,
SC_0024,supercritical_f1.5_beta1.0_M3.0_theta90_seed2,1.500000,1.000000,3.000000,90.000000,2,PARTIAL,0.897697,0.269309,17.802390,2.334403,8,5.084000,0.148000,44.033216,False,0.724700,1.490000,1,,,,,,,,,,,,,,,,,,,,,
SC_0025,supercritical_f1.5_beta3.0_M1.0_theta0_seed1,1.500000,3.000000,1.000000,0.000000,1,PARTIAL,4.048955,1.214686,22.812745,1.739359,1,5.003000,0.103700,41.519483,False,0.504200,1.366700,1,,,,,,,,,,,,,,,,,,,,,
SC_0026,supercritical_f1.5_beta3.0_M1.0_theta0_seed2,1.500000,3.000000,1.000000,0.000000,2,PARTIAL,3.345142,1.003542,21.430339,1.739359,2,3.907000,0.095400,31.978691,False,0.504200,1.366700,1,,,,,,,,,,,,,,,,,,,,,
SC_0027,supercritical_f1.5_beta3.0_M1.0_theta45_seed1,1.500000,3.000000,1.000000,45.000000,1,PARTIAL,2.038892,0.611668,24.128463,1.716473,3,5.000000,0.085500,30.853386,False,0.490900,1.391700,1,,,,,,,,,,,,,,,,,,,,,
SC_0028,supercritical_f1.5_beta3.0_M1.0_theta45_seed2,1.500000,3.000000,1.000000,45.000000,2,PARTIAL,1.997955,0.599386,24.840814,1.716473,2,5.600000,0.104600,44.579225,False,0.490900,1.391700,1,,,,,,,,,,,,,,,,,,,,,
SC_0029,supercritical_f1.5_beta3.0_M1.0_theta90_seed1,1.500000,3.000000,1.000000,90.000000,1,PARTIAL,1.816557,0.544967,24.613073,1.693586,5,5.076000,0.090100,42.884315,False,0.477000,1.416700,1,,,,,,,,,,,,,,,,,,,,,
SC_0030,supercritical_f1.5_beta3.0_M1.0_theta90_seed2,1.500000,3.000000,1.000000,90.000000,2,PARTIAL,1.579677,0.473903,23.982501,1.693586,5,4.937000,0.099900,41.950206,False,0.477000,1.416700,1,,,,,,,,,,,,,,,,,,,,,
SC_0031,supercritical_f1.5_beta3.0_M3.0_theta0_seed1,1.500000,3.000000,3.000000,0.000000,1,COLLAPSED,,,12.923880,1.739359,3,4.891000,0.177000,59.001105,False,0.504200,1.206700,1,,,,,,,,,,,,,,,,,,,,,
SC_0032,supercritical_f1.5_beta3.0_M3.0_theta0_seed2,1.500000,3.000000,3.000000,0.000000,2,COLLAPSED,,,12.538797,1.739359,1,4.487000,0.179200,59.204886,False,0.504200,1.206700,1,,,,,,,,,,,,,,,,,,,,,
SC_0033,supercritical_f1.5_beta3.0_M3.0_theta45_seed1,1.500000,3.000000,3.000000,45.000000,1,COLLAPSED,,,14.174923,1.716473,4,4.269000,0.175100,79.138920,False,0.490900,1.231700,1,,,,,,,,,,,,,,,,,,,,,
SC_0034,supercritical_f1.5_beta3.0_M3.0_theta45_seed2,1.500000,3.000000,3.000000,45.000000,2,COLLAPSED,,,13.333666,1.716473,4,4.117000,0.150200,101.526336,False,0.490900,1.231700,1,,,,,,,,,,,,,,,,,,,,,
SC_0035,supercritical_f1.5_beta3.0_M3.0_theta90_seed1,1.500000,3.000000,3.000000,90.000000,1,COLLAPSED,,,15.035915,1.693586,4,4.793000,0.171800,78.813862,False,0.477000,1.256700,1,,,,,,,,,,,,,,,,,,,,,
SC_0036,supercritical_f1.5_beta3.0_M3.0_theta90_seed2,1.500000,3.000000,3.000000,90.000000,2,COLLAPSED,,,14.776877,1.693586,3,4.532000,0.175500,78.293107,False,0.477000,1.256700,1,,,,,,,,,,,,,,,,,,,,,
SC_0037,supercritical_f2.0_beta0.3_M1.0_theta0_seed1,2.000000,0.300000,1.000000,0.000000,1,PARTIAL,2.243028,0.672908,13.086933,2.592725,5,5.266000,0.082200,38.738910,False,0.832600,1.966700,1,,,,,,,,,,,,,,,,,,,,,
SC_0038,supercritical_f2.0_beta0.3_M1.0_theta0_seed2,2.000000,0.300000,1.000000,0.000000,2,PARTIAL,2.419213,0.725764,12.283918,2.592725,4,5.352000,0.105100,33.543940,False,0.832600,1.966700,1,,,,,,,,,,,,,,,,,,,,,
SC_0039,supercritical_f2.0_beta0.3_M1.0_theta45_seed1,2.000000,0.300000,1.000000,45.000000,1,MEASURABLE,0.730526,0.061291,25.245069,2.474874,11,5.377000,0.083900,91.491515,False,0.816300,2.216700,1,,,,,,,,,,,,,,,,,,,,,
SC_0040,supercritical_f2.0_beta0.3_M1.0_theta45_seed2,2.000000,0.300000,1.000000,45.000000,2,MEASURABLE,0.817310,0.056558,23.955080,2.474874,11,5.476000,0.069200,95.143208,False,0.816300,2.216700,1,,,,,,,,,,,,,,,,,,,,,
SC_0041,supercritical_f2.0_beta0.3_M1.0_theta90_seed1,2.000000,0.300000,1.000000,90.000000,1,MEASURABLE,0.583883,0.045076,123.610735,2.357023,18,4.947000,0.077200,88.860300,False,0.797500,2.466700,1,,,,,,,,,,,,,,,,,,,,,
SC_0042,supercritical_f2.0_beta0.3_M1.0_theta90_seed2,2.000000,0.300000,1.000000,90.000000,2,MEASURABLE,0.593013,0.051474,118.579841,2.357023,17,4.897000,0.086800,102.750917,False,0.797500,2.466700,1,,,,,,,,,,,,,,,,,,,,,
SC_0043,supercritical_f2.0_beta0.3_M3.0_theta0_seed1,2.000000,0.300000,3.000000,0.000000,1,PARTIAL,1.817497,0.545249,7.347642,2.592725,6,4.413000,0.171300,31.789411,False,0.832600,1.806700,1,,,,,,,,,,,,,,,,,,,,,
SC_0044,supercritical_f2.0_beta0.3_M3.0_theta0_seed2,2.000000,0.300000,3.000000,0.000000,2,PARTIAL,2.196019,0.658806,7.043283,2.592725,5,4.233000,0.162300,39.782707,False,0.832600,1.806700,1,,,,,,,,,,,,,,,,,,,,,
SC_0045,supercritical_f2.0_beta0.3_M3.0_theta45_seed1,2.000000,0.300000,3.000000,45.000000,1,MEASURABLE,0.710701,0.094523,14.620614,2.474874,12,5.453000,0.133000,81.621513,False,0.816300,2.056700,1,,,,,,,,,,,,,,,,,,,,,
SC_0046,supercritical_f2.0_beta0.3_M3.0_theta45_seed2,2.000000,0.300000,3.000000,45.000000,2,MEASURABLE,0.728964,0.109855,15.100452,2.474874,12,4.736000,0.150700,103.217611,False,0.816300,2.056700,1,,,,,,,,,,,,,,,,,,,,,
SC_0047,supercritical_f2.0_beta0.3_M3.0_theta90_seed1,2.000000,0.300000,3.000000,90.000000,1,MEASURABLE,0.536931,0.074687,74.173280,2.357023,17,4.780000,0.139100,91.202849,False,0.797500,2.306700,1,,,,,,,,,,,,,,,,,,,,,
SC_0048,supercritical_f2.0_beta0.3_M3.0_theta90_seed2,2.000000,0.300000,3.000000,90.000000,2,MEASURABLE,0.509547,0.070419,71.508672,2.357023,17,4.690000,0.138200,104.412567,False,0.797500,2.306700,1,,,,,,,,,,,,,,,,,,,,,
SC_0049,supercritical_f2.0_beta1.0_M1.0_theta0_seed1,2.000000,1.000000,1.000000,0.000000,1,COLLAPSED,,,12.429431,1.272792,3,4.201000,0.153400,83.616133,False,0.305600,1.500000,1,,,,,,,,,,,,,,,,,,,,,
SC_0050,supercritical_f2.0_beta1.0_M1.0_theta0_seed2,2.000000,1.000000,1.000000,0.000000,2,COLLAPSED,,,12.185349,1.272792,4,4.070000,0.145300,89.225125,False,0.305600,1.500000,1,,,,,,,,,,,,,,,,,,,,,
SC_0051,supercritical_f2.0_beta1.0_M1.0_theta45_seed1,2.000000,1.000000,1.000000,45.000000,1,PARTIAL,1.464180,0.439254,14.932414,1.237437,6,4.638000,0.133300,33.319918,True,0.265300,1.575000,1,,,,,,,,,,,,,,,,,,,,,
SC_0052,supercritical_f2.0_beta1.0_M1.0_theta45_seed2,2.000000,1.000000,1.000000,45.000000,2,PARTIAL,1.324120,0.397236,14.144210,1.237437,7,3.562000,0.127900,41.987854,True,0.265300,1.575000,1,,,,,,,,,,,,,,,,,,,,,
SC_0053,supercritical_f2.0_beta1.0_M1.0_theta90_seed1,2.000000,1.000000,1.000000,90.000000,1,PARTIAL,0.917720,0.275316,17.174781,1.202082,10,3.892000,0.127600,31.239442,True,0.221500,1.650000,1,,,,,,,,,,,,,,,,,,,,,
SC_0054,supercritical_f2.0_beta1.0_M1.0_theta90_seed2,2.000000,1.000000,1.000000,90.000000,2,PARTIAL,0.866762,0.260029,17.863854,1.202082,10,4.299000,0.139900,39.021869,True,0.221500,1.650000,1,,,,,,,,,,,,,,,,,,,,,
SC_0055,supercritical_f2.0_beta1.0_M3.0_theta0_seed1,2.000000,1.000000,3.000000,0.000000,1,COLLAPSED,,,7.325331,1.272792,4,3.762000,0.223800,93.805894,False,0.305600,1.340000,1,,,,,,,,,,,,,,,,,,,,,
SC_0056,supercritical_f2.0_beta1.0_M3.0_theta0_seed2,2.000000,1.000000,3.000000,0.000000,2,PARTIAL,2.482620,0.744786,7.399736,1.272792,3,4.085000,0.220300,34.839499,False,0.305600,1.340000,1,,,,,,,,,,,,,,,,,,,,,
SC_0057,supercritical_f2.0_beta1.0_M3.0_theta45_seed1,2.000000,1.000000,3.000000,45.000000,1,PARTIAL,1.163080,0.348924,8.583028,1.237437,7,3.800000,0.211700,38.034649,True,0.265300,1.415000,1,,,,,,,,,,,,,,,,,,,,,
SC_0058,supercritical_f2.0_beta1.0_M3.0_theta45_seed2,2.000000,1.000000,3.000000,45.000000,2,PARTIAL,1.143033,0.342910,8.638897,1.237437,7,3.894000,0.229000,30.656875,True,0.265300,1.415000,1,,,,,,,,,,,,,,,,,,,,,
SC_0059,supercritical_f2.0_beta1.0_M3.0_theta90_seed1,2.000000,1.000000,3.000000,90.000000,1,PARTIAL,0.787642,0.236292,10.231636,1.202082,11,3.996000,0.209700,39.623349,True,0.221500,1.490000,1,,,,,,,,,,,,,,,,,,,,,
SC_0060,supercritical_f2.0_beta1.0_M3.0_theta90_seed2,2.000000,1.000000,3.000000,90.000000,2,PARTIAL,0.682239,0.204672,10.194692,1.202082,11,3.611000,0.216600,42.663197,True,0.221500,1.490000,1,,,,,,,,,,,,,,,,,,,,,
SC_0061,supercritical_f2.0_beta3.0_M1.0_theta0_seed1,2.000000,3.000000,1.000000,0.000000,1,PARTIAL,2.960580,0.888174,12.687845,0.895669,3,3.815000,0.160200,32.453777,True,0.050000,1.366700,1,,,,,,,,,,,,,,,,,,,,,
SC_0062,supercritical_f2.0_beta3.0_M1.0_theta0_seed2,2.000000,3.000000,1.000000,0.000000,2,PARTIAL,2.918378,0.875513,12.816718,0.895669,3,4.138000,0.156800,40.299227,True,0.050000,1.366700,1,,,,,,,,,,,,,,,,,,,,,
SC_0063,supercritical_f2.0_beta3.0_M1.0_theta45_seed1,2.000000,3.000000,1.000000,45.000000,1,PARTIAL,1.921388,0.576416,13.301373,0.883883,5,3.754000,0.154900,37.864186,True,0.050000,1.391700,1,,,,,,,,,,,,,,,,,,,,,
SC_0064,supercritical_f2.0_beta3.0_M1.0_theta45_seed2,2.000000,3.000000,1.000000,45.000000,2,PARTIAL,1.888271,0.566481,13.387955,0.883883,5,3.847000,0.172500,30.643462,True,0.050000,1.391700,1,,,,,,,,,,,,,,,,,,,,,
SC_0065,supercritical_f2.0_beta3.0_M1.0_theta90_seed1,2.000000,3.000000,1.000000,90.000000,1,PARTIAL,1.386012,0.415804,13.783555,0.872098,7,3.849000,0.160200,42.090293,True,0.050000,1.416700,1,,,,,,,,,,,,,,,,,,,,,
SC_0066,supercritical_f2.0_beta3.0_M1.0_theta90_seed2,2.000000,3.000000,1.000000,90.000000,2,PARTIAL,1.200535,0.360160,13.733785,0.872098,6,3.464000,0.167600,33.282594,True,0.050000,1.416700,1,,,,,,,,,,,,,,,,,,,,,
SC_0067,supercritical_f2.0_beta3.0_M3.0_theta0_seed1,2.000000,3.000000,3.000000,0.000000,1,PARTIAL,3.027766,0.908330,7.198794,0.895669,4,3.438000,0.221900,36.026573,True,0.050000,1.206700,1,,,,,,,,,,,,,,,,,,,,,
SC_0068,supercritical_f2.0_beta3.0_M3.0_theta0_seed2,2.000000,3.000000,3.000000,0.000000,2,PARTIAL,2.319541,0.695862,7.541592,0.895669,4,3.071000,0.265400,41.681218,True,0.050000,1.206700,1,,,,,,,,,,,,,,,,,,,,,
SC_0069,supercritical_f2.0_beta3.0_M3.0_theta45_seed1,2.000000,3.000000,3.000000,45.000000,1,PARTIAL,1.839538,0.551861,7.684401,0.883883,6,3.187000,0.270600,33.036537,True,0.050000,1.231700,1,,,,,,,,,,,,,,,,,,,,,
SC_0070,supercritical_f2.0_beta3.0_M3.0_theta45_seed2,2.000000,3.000000,3.000000,45.000000,2,PARTIAL,1.867955,0.560386,8.038499,0.883883,6,3.338000,0.218400,35.419274,True,0.050000,1.231700,1,,,,,,,,,,,,,,,,,,,,,
SC_0071,supercritical_f2.0_beta3.0_M3.0_theta90_seed1,2.000000,3.000000,3.000000,90.000000,1,PARTIAL,1.137661,0.341298,8.146096,0.872098,5,3.414000,0.218100,42.827369,True,0.050000,1.256700,1,,,,,,,,,,,,,,,,,,,,,
SC_0072,supercritical_f2.0_beta3.0_M3.0_theta90_seed2,2.000000,3.000000,3.000000,90.000000,2,PARTIAL,1.639602,0.491881,8.132678,0.872098,6,3.118000,0.278600,30.297880,True,0.050000,1.256700,1,,,,,,,,,,,,,,,,,,,,,
SC_0073,supercritical_f2.5_beta0.3_M1.0_theta0_seed1,2.500000,0.300000,1.000000,0.000000,1,COLLAPSED,,,8.564114,1.710933,5,4.649000,0.135900,100.220001,False,0.692500,1.966700,1,,,,,,,,,,,,,,,,,,,,,
SC_0074,supercritical_f2.5_beta0.3_M1.0_theta0_seed2,2.500000,0.300000,1.000000,0.000000,2,COLLAPSED,,,8.067433,1.710933,5,3.835000,0.146400,128.913155,False,0.692500,1.966700,1,,,,,,,,,,,,,,,,,,,,,
SC_0075,supercritical_f2.5_beta0.3_M1.0_theta45_seed1,2.500000,0.300000,1.000000,45.000000,1,COLLAPSED,,,16.913435,1.633163,15,4.878000,0.116200,126.163300,False,0.662600,2.216700,1,,,,,,,,,,,,,,,,,,,,,
SC_0076,supercritical_f2.5_beta0.3_M1.0_theta45_seed2,2.500000,0.300000,1.000000,45.000000,2,COLLAPSED,,,17.071521,1.633163,15,4.753000,0.139100,130.682972,False,0.662600,2.216700,1,,,,,,,,,,,,,,,,,,,,,
SC_0077,supercritical_f2.5_beta0.3_M1.0_theta90_seed1,2.500000,0.300000,1.000000,90.000000,1,PARTIAL,0.500000,0.150000,85.460410,1.555394,22,4.856000,0.078900,40.290729,False,0.628000,2.466700,1,,,,,,,,,,,,,,,,,,,,,
SC_0078,supercritical_f2.5_beta0.3_M1.0_theta90_seed2,2.500000,0.300000,1.000000,90.000000,2,PARTIAL,0.623512,0.187054,84.357984,1.555394,22,3.968000,0.079600,44.377138,False,0.628000,2.466700,1,,,,,,,,,,,,,,,,,,,,,
SC_0079,supercritical_f2.5_beta0.3_M3.0_theta0_seed1,2.500000,0.300000,3.000000,0.000000,1,COLLAPSED,,,4.745752,1.710933,7,3.319000,0.254700,120.252093,False,0.692500,1.806700,1,,,,,,,,,,,,,,,,,,,,,
SC_0080,supercritical_f2.5_beta0.3_M3.0_theta0_seed2,2.500000,0.300000,3.000000,0.000000,2,COLLAPSED,,,4.809119,1.710933,6,3.885000,0.237300,117.972538,False,0.692500,1.806700,1,,,,,,,,,,,,,,,,,,,,,
SC_0081,supercritical_f2.5_beta0.3_M3.0_theta45_seed1,2.500000,0.300000,3.000000,45.000000,1,COLLAPSED,,,9.761146,1.633163,15,3.751000,0.233600,108.550191,False,0.662600,2.056700,1,,,,,,,,,,,,,,,,,,,,,
SC_0082,supercritical_f2.5_beta0.3_M3.0_theta45_seed2,2.500000,0.300000,3.000000,45.000000,2,COLLAPSED,,,9.487147,1.633163,16,4.171000,0.214100,106.445378,False,0.662600,2.056700,1,,,,,,,,,,,,,,,,,,,,,
SC_0083,supercritical_f2.5_beta0.3_M3.0_theta90_seed1,2.500000,0.300000,3.000000,90.000000,1,PARTIAL,0.500000,0.150000,47.439161,1.555394,23,4.399000,0.164500,43.985919,False,0.628000,2.306700,1,,,,,,,,,,,,,,,,,,,,,
SC_0084,supercritical_f2.5_beta0.3_M3.0_theta90_seed2,2.500000,0.300000,3.000000,90.000000,2,PARTIAL,0.548329,0.164499,50.473918,1.555394,22,4.250000,0.173100,43.918429,False,0.628000,2.306700,1,,,,,,,,,,,,,,,,,,,,,
SC_0085,supercritical_f2.5_beta1.0_M1.0_theta0_seed1,2.500000,1.000000,1.000000,0.000000,1,PARTIAL,3.001570,0.900471,8.450940,0.839913,4,3.036000,0.247300,35.634941,True,0.050000,1.500000,1,,,,,,,,,,,,,,,,,,,,,
SC_0086,supercritical_f2.5_beta1.0_M1.0_theta0_seed2,2.500000,1.000000,1.000000,0.000000,2,PARTIAL,2.404227,0.721268,8.493527,0.839913,5,3.159000,0.237800,42.808811,True,0.050000,1.500000,1,,,,,,,,,,,,,,,,,,,,,
SC_0087,supercritical_f2.5_beta1.0_M1.0_theta45_seed1,2.500000,1.000000,1.000000,45.000000,1,PARTIAL,1.267259,0.380178,9.962422,0.816582,9,3.094000,0.186300,32.143179,True,0.050000,1.575000,1,,,,,,,,,,,,,,,,,,,,,
SC_0088,supercritical_f2.5_beta1.0_M1.0_theta45_seed2,2.500000,1.000000,1.000000,45.000000,2,PARTIAL,1.127926,0.338378,9.628223,0.816582,9,3.282000,0.222100,38.008635,True,0.050000,1.575000,1,,,,,,,,,,,,,,,,,,,,,
SC_0089,supercritical_f2.5_beta1.0_M1.0_theta90_seed1,2.500000,1.000000,1.000000,90.000000,1,PARTIAL,1.202101,0.360630,12.418112,0.793251,13,2.953000,0.179700,37.902641,True,0.050000,1.650000,1,,,,,,,,,,,,,,,,,,,,,
SC_0090,supercritical_f2.5_beta1.0_M1.0_theta90_seed2,2.500000,1.000000,1.000000,90.000000,2,PARTIAL,1.029878,0.308964,11.868914,0.793251,11,3.156000,0.244600,42.338609,True,0.050000,1.650000,1,,,,,,,,,,,,,,,,,,,,,
SC_0091,supercritical_f2.5_beta1.0_M3.0_theta0_seed1,2.500000,1.000000,3.000000,0.000000,1,PARTIAL,2.347504,0.776789,4.932641,0.839913,4,2.779000,0.330900,36.797441,True,0.050000,1.340000,1,,,,,,,,,,,,,,,,,,,,,
SC_0092,supercritical_f2.5_beta1.0_M3.0_theta0_seed2,2.500000,1.000000,3.000000,0.000000,2,PARTIAL,2.279373,0.683812,5.085920,0.839913,6,2.381000,0.283900,34.384592,True,0.050000,1.340000,1,,,,,,,,,,,,,,,,,,,,,
SC_0093,supercritical_f2.5_beta1.0_M3.0_theta45_seed1,2.500000,1.000000,3.000000,45.000000,1,PARTIAL,1.232771,0.393993,5.567498,0.816582,10,3.185000,0.319600,33.693263,True,0.050000,1.415000,1,,,,,,,,,,,,,,,,,,,,,
SC_0094,supercritical_f2.5_beta1.0_M3.0_theta45_seed2,2.500000,1.000000,3.000000,45.000000,2,PARTIAL,1.037122,0.311137,5.695879,0.816582,10,2.972000,0.275700,31.837897,True,0.050000,1.415000,1,,,,,,,,,,,,,,,,,,,,,
SC_0095,supercritical_f2.5_beta1.0_M3.0_theta90_seed1,2.500000,1.000000,3.000000,90.000000,1,PARTIAL,1.015627,0.309462,6.827511,0.793251,11,2.913000,0.304700,34.610975,True,0.050000,1.490000,1,,,,,,,,,,,,,,,,,,,,,
SC_0096,supercritical_f2.5_beta1.0_M3.0_theta90_seed2,2.500000,1.000000,3.000000,90.000000,2,PARTIAL,0.735013,0.220504,6.901330,0.793251,12,3.379000,0.296800,41.943383,True,0.050000,1.490000,1,,,,,,,,,,,,,,,,,,,,,
SC_0097,supercritical_f2.5_beta3.0_M1.0_theta0_seed1,2.500000,3.000000,1.000000,0.000000,1,PARTIAL,2.759546,0.827864,8.543584,0.591050,4,2.833000,0.266600,35.816841,True,0.050000,1.366700,1,,,,,,,,,,,,,,,,,,,,,
SC_0098,supercritical_f2.5_beta3.0_M1.0_theta0_seed2,2.500000,3.000000,1.000000,0.000000,2,PARTIAL,2.679456,0.803837,8.809072,0.591050,5,2.434000,0.220400,41.861341,True,0.050000,1.366700,1,,,,,,,,,,,,,,,,,,,,,
SC_0099,supercritical_f2.5_beta3.0_M1.0_theta45_seed1,2.500000,3.000000,1.000000,45.000000,1,PARTIAL,2.036515,0.610954,8.628117,0.583273,7,3.138000,0.263400,37.203955,True,0.050000,1.391700,1,,,,,,,,,,,,,,,,,,,,,
SC_0100,supercritical_f2.5_beta3.0_M1.0_theta45_seed2,2.500000,3.000000,1.000000,45.000000,2,PARTIAL,1.713307,0.513992,8.827073,0.583273,6,2.926000,0.218800,41.788957,True,0.050000,1.391700,1,,,,,,,,,,,,,,,,,,,,,
SC_0101,supercritical_f2.5_beta3.0_M1.0_theta90_seed1,2.500000,3.000000,1.000000,90.000000,1,PARTIAL,1.787197,0.536159,9.197686,0.575496,6,2.767000,0.256300,32.061416,True,0.050000,1.416700,1,,,,,,,,,,,,,,,,,,,,,
SC_0102,supercritical_f2.5_beta3.0_M1.0_theta90_seed2,2.500000,3.000000,1.000000,90.000000,2,PARTIAL,1.293402,0.388021,9.297131,0.575496,7,3.232000,0.248000,41.815203,True,0.050000,1.416700,1,,,,,,,,,,,,,,,,,,,,,
SC_0103,supercritical_f2.5_beta3.0_M3.0_theta0_seed1,2.500000,3.000000,3.000000,0.000000,1,PARTIAL,2.401272,0.777532,4.693044,0.591050,4,2.005000,0.323800,33.848420,True,0.050000,1.206700,1,,,,,,,,,,,,,,,,,,,,,
SC_0104,supercritical_f2.5_beta3.0_M3.0_theta0_seed2,2.500000,3.000000,3.000000,0.000000,2,PARTIAL,2.267937,0.792417,4.881334,0.591050,5,2.412000,0.349400,32.841372,True,0.050000,1.206700,1,,,,,,,,,,,,,,,,,,,,,
SC_0105,supercritical_f2.5_beta3.0_M3.0_theta45_seed1,2.500000,3.000000,3.000000,45.000000,1,PARTIAL,1.663724,0.544870,5.363153,0.583273,8,2.740000,0.327500,40.891908,True,0.050000,1.231700,1,,,,,,,,,,,,,,,,,,,,,
SC_0106,supercritical_f2.5_beta3.0_M3.0_theta45_seed2,2.500000,3.000000,3.000000,45.000000,2,PARTIAL,1.666677,0.500003,5.018124,0.583273,6,2.594000,0.293500,39.982022,True,0.050000,1.231700,1,,,,,,,,,,,,,,,,,,,,,
SC_0107,supercritical_f2.5_beta3.0_M3.0_theta90_seed1,2.500000,3.000000,3.000000,90.000000,1,PARTIAL,1.415187,0.494325,5.288526,0.575496,7,2.799000,0.349300,32.743289,True,0.050000,1.256700,1,,,,,,,,,,,,,,,,,,,,,
SC_0108,supercritical_f2.5_beta3.0_M3.0_theta90_seed2,2.500000,3.000000,3.000000,90.000000,2,PARTIAL,1.421174,0.508923,5.350394,0.575496,6,2.464000,0.358100,31.261002,True,0.050000,1.256700,1,,,,,,,,,,,,,,,,,,,,,
SC_0109,supercritical_f3.0_beta0.3_M1.0_theta0_seed1,3.000000,0.300000,1.000000,0.000000,1,PARTIAL,2.512430,0.753729,6.089889,1.258747,5,2.759000,0.238900,33.267224,False,0.526600,1.966700,1,,,,,,,,,,,,,,,,,,,,,
SC_0110,supercritical_f3.0_beta0.3_M1.0_theta0_seed2,3.000000,0.300000,1.000000,0.000000,2,COLLAPSED,,,6.351612,1.258747,7,2.490000,0.260800,175.569705,False,0.526600,1.966700,1,,,,,,,,,,,,,,,,,,,,,
SC_0111,supercritical_f3.0_beta0.3_M1.0_theta45_seed1,3.000000,0.300000,1.000000,45.000000,1,PARTIAL,0.699721,0.209916,12.977147,1.201531,18,3.797000,0.176500,42.160606,False,0.480500,2.216700,1,,,,,,,,,,,,,,,,,,,,,
SC_0112,supercritical_f3.0_beta0.3_M1.0_theta45_seed2,3.000000,0.300000,1.000000,45.000000,2,PARTIAL,0.606642,0.181993,12.600926,1.201531,18,3.420000,0.183400,32.949530,False,0.480500,2.216700,1,,,,,,,,,,,,,,,,,,,,,
SC_0113,supercritical_f3.0_beta0.3_M1.0_theta90_seed1,3.000000,0.300000,1.000000,90.000000,1,COLLAPSED,,,62.645018,1.144315,25,3.800000,0.153900,203.122940,False,0.427200,2.466700,1,,,,,,,,,,,,,,,,,,,,,
SC_0114,supercritical_f3.0_beta0.3_M1.0_theta90_seed2,3.000000,0.300000,1.000000,90.000000,2,COLLAPSED,,,63.329770,1.144315,27,3.051000,0.154100,128.522782,False,0.427200,2.466700,1,,,,,,,,,,,,,,,,,,,,,
SC_0115,supercritical_f3.0_beta0.3_M3.0_theta0_seed1,3.000000,0.300000,3.000000,0.000000,1,COLLAPSED,,,3.595489,1.258747,5,2.406000,0.326500,141.441314,False,0.526600,1.806700,1,,,,,,,,,,,,,,,,,,,,,
SC_0116,supercritical_f3.0_beta0.3_M3.0_theta0_seed2,3.000000,0.300000,3.000000,0.000000,2,COLLAPSED,,,3.672670,1.258747,7,3.092000,0.318300,140.851971,False,0.526600,1.806700,1,,,,,,,,,,,,,,,,,,,,,
SC_0117,supercritical_f3.0_beta0.3_M3.0_theta45_seed1,3.000000,0.300000,3.000000,45.000000,1,COLLAPSED,,,7.620358,1.201531,17,2.410000,0.287300,142.982511,False,0.480500,2.056700,1,,,,,,,,,,,,,,,,,,,,,
SC_0118,supercritical_f3.0_beta0.3_M3.0_theta45_seed2,3.000000,0.300000,3.000000,45.000000,2,COLLAPSED,,,6.768940,1.201531,18,3.012000,0.274400,123.630354,False,0.480500,2.056700,1,,,,,,,,,,,,,,,,,,,,,
SC_0119,supercritical_f3.0_beta0.3_M3.0_theta90_seed1,3.000000,0.300000,3.000000,90.000000,1,COLLAPSED,,,35.677548,1.144315,25,3.900000,0.249100,176.544188,False,0.427200,2.306700,1,,,,,,,,,,,,,,,,,,,,,
SC_0120,supercritical_f3.0_beta0.3_M3.0_theta90_seed2,3.000000,0.300000,3.000000,90.000000,2,PARTIAL,0.500000,0.150000,35.619311,1.144315,27,3.904000,0.247000,41.807083,False,0.427200,2.306700,1,,,,,,,,,,,,,,,,,,,,,
SC_0121,supercritical_f3.0_beta1.0_M1.0_theta0_seed1,3.000000,1.000000,1.000000,0.000000,1,PARTIAL,3.161788,0.966559,6.067733,0.617930,5,2.020000,0.305700,38.308638,True,0.050000,1.500000,1,,,,,,,,,,,,,,,,,,,,,
SC_0122,supercritical_f3.0_beta1.0_M1.0_theta0_seed2,3.000000,1.000000,1.000000,0.000000,2,PARTIAL,2.512018,0.753606,6.237925,0.617930,5,2.373000,0.275700,35.707976,True,0.050000,1.500000,1,,,,,,,,,,,,,,,,,,,,,
SC_0123,supercritical_f3.0_beta1.0_M1.0_theta45_seed1,3.000000,1.000000,1.000000,45.000000,1,PARTIAL,1.130919,0.339276,7.447863,0.600765,11,2.015000,0.286200,44.402577,True,0.050000,1.575000,1,,,,,,,,,,,,,,,,,,,,,
SC_0124,supercritical_f3.0_beta1.0_M1.0_theta45_seed2,3.000000,1.000000,1.000000,45.000000,2,PARTIAL,1.333372,0.400012,7.595636,0.600765,11,2.178000,0.242900,38.291496,True,0.050000,1.575000,1,,,,,,,,,,,,,,,,,,,,,
SC_0125,supercritical_f3.0_beta1.0_M1.0_theta90_seed1,3.000000,1.000000,1.000000,90.000000,1,PARTIAL,0.997167,0.299150,9.035891,0.583601,14,2.116000,0.263000,43.828817,True,0.050000,1.650000,1,,,,,,,,,,,,,,,,,,,,,
SC_0126,supercritical_f3.0_beta1.0_M1.0_theta90_seed2,3.000000,1.000000,1.000000,90.000000,2,PARTIAL,0.908968,0.272690,9.011684,0.583601,14,2.272000,0.291400,31.131871,True,0.050000,1.650000,1,,,,,,,,,,,,,,,,,,,,,
SC_0127,supercritical_f3.0_beta1.0_M3.0_theta0_seed1,3.000000,1.000000,3.000000,0.000000,1,COLLAPSED,,,3.774288,0.617930,7,1.326000,0.468200,151.254639,True,0.050000,1.340000,1,,,,,,,,,,,,,,,,,,,,,
SC_0128,supercritical_f3.0_beta1.0_M3.0_theta0_seed2,3.000000,1.000000,3.000000,0.000000,2,PARTIAL,2.471989,1.044168,3.658766,0.617930,6,1.660000,0.422400,40.361832,True,0.050000,1.340000,1,,,,,,,,,,,,,,,,,,,,,
SC_0129,supercritical_f3.0_beta1.0_M3.0_theta45_seed1,3.000000,1.000000,3.000000,45.000000,1,PARTIAL,1.060070,0.431024,4.088209,0.600765,11,2.303000,0.406600,40.923547,True,0.050000,1.415000,1,,,,,,,,,,,,,,,,,,,,,
SC_0130,supercritical_f3.0_beta1.0_M3.0_theta45_seed2,3.000000,1.000000,3.000000,45.000000,2,PARTIAL,0.961926,0.301660,4.239139,0.600765,12,1.677000,0.313600,35.643335,True,0.050000,1.415000,1,,,,,,,,,,,,,,,,,,,,,
SC_0131,supercritical_f3.0_beta1.0_M3.0_theta90_seed1,3.000000,1.000000,3.000000,90.000000,1,PARTIAL,0.957601,0.326159,5.429144,0.583601,13,1.848000,0.340600,33.967037,True,0.050000,1.490000,1,,,,,,,,,,,,,,,,,,,,,
SC_0132,supercritical_f3.0_beta1.0_M3.0_theta90_seed2,3.000000,1.000000,3.000000,90.000000,2,PARTIAL,0.706155,0.243129,5.328293,0.583601,14,1.921000,0.344300,31.226741,True,0.050000,1.490000,1,,,,,,,,,,,,,,,,,,,,,
SC_0133,supercritical_f3.0_beta3.0_M1.0_theta0_seed1,3.000000,3.000000,1.000000,0.000000,1,COLLAPSED,,,6.537259,0.434840,5,1.380000,0.403200,151.254639,True,0.050000,1.366700,1,,,,,,,,,,,,,,,,,,,,,
SC_0134,supercritical_f3.0_beta3.0_M1.0_theta0_seed2,3.000000,3.000000,1.000000,0.000000,2,PARTIAL,2.905880,1.040305,6.337168,0.434840,4,1.713000,0.358000,43.139817,True,0.050000,1.366700,1,,,,,,,,,,,,,,,,,,,,,
SC_0135,supercritical_f3.0_beta3.0_M1.0_theta45_seed1,3.000000,3.000000,1.000000,45.000000,1,PARTIAL,1.751217,0.613801,6.335618,0.429118,7,2.256000,0.350500,41.932553,True,0.050000,1.391700,1,,,,,,,,,,,,,,,,,,,,,
SC_0136,supercritical_f3.0_beta3.0_M1.0_theta45_seed2,3.000000,3.000000,1.000000,45.000000,2,PARTIAL,1.589084,0.476725,6.569520,0.429118,7,1.631000,0.256400,40.047028,True,0.050000,1.391700,1,,,,,,,,,,,,,,,,,,,,,
SC_0137,supercritical_f3.0_beta3.0_M1.0_theta90_seed1,3.000000,3.000000,1.000000,90.000000,1,PARTIAL,1.685090,0.505527,7.313875,0.423397,8,1.702000,0.290700,38.821145,True,0.050000,1.416700,1,,,,,,,,,,,,,,,,,,,,,
SC_0138,supercritical_f3.0_beta3.0_M1.0_theta90_seed2,3.000000,3.000000,1.000000,90.000000,2,PARTIAL,1.242621,0.372786,7.178014,0.423397,8,1.774000,0.294500,43.797400,True,0.050000,1.416700,1,,,,,,,,,,,,,,,,,,,,,
SC_0139,supercritical_f3.0_beta3.0_M3.0_theta0_seed1,3.000000,3.000000,3.000000,0.000000,1,COLLAPSED,,,3.711394,0.434840,6,1.066000,0.362300,203.007270,True,0.050000,1.206700,1,,,,,,,,,,,,,,,,,,,,,
SC_0140,supercritical_f3.0_beta3.0_M3.0_theta0_seed2,3.000000,3.000000,3.000000,0.000000,2,COLLAPSED,,,3.547255,0.434840,4,1.269000,0.471400,168.550217,True,0.050000,1.206700,1,,,,,,,,,,,,,,,,,,,,,
SC_0141,supercritical_f3.0_beta3.0_M3.0_theta45_seed1,3.000000,3.000000,3.000000,45.000000,1,COLLAPSED,,,3.846329,0.429118,7,1.424000,0.394100,147.721730,True,0.050000,1.231700,1,,,,,,,,,,,,,,,,,,,,,
SC_0142,supercritical_f3.0_beta3.0_M3.0_theta45_seed2,3.000000,3.000000,3.000000,45.000000,2,COLLAPSED,,,3.994987,0.429118,8,1.008000,0.463500,155.450635,True,0.050000,1.231700,1,,,,,,,,,,,,,,,,,,,,,
SC_0143,supercritical_f3.0_beta3.0_M3.0_theta90_seed1,3.000000,3.000000,3.000000,90.000000,1,PARTIAL,1.134493,0.466617,4.009378,0.423397,11,1.632000,0.411300,40.930679,True,0.050000,1.256700,1,,,,,,,,,,,,,,,,,,,,,
SC_0144,supercritical_f3.0_beta3.0_M3.0_theta90_seed2,3.000000,3.000000,3.000000,90.000000,2,PARTIAL,1.143424,0.411404,3.980709,0.423397,10,1.730000,0.359800,34.553366,True,0.050000,1.256700,1,,,,,,,,,,,,,,,,,,,,,
SC_0145,supercritical_f1.3_beta0.3_M1.0_theta0_seed1,1.300000,0.300000,1.000000,0.000000,1,PARTIAL,3.195285,0.958586,32.525386,7.933390,2,4.601000,0.088500,34.055748,False,0.972500,1.966700,1,,,,,,,,,,,,,,,,,,,,,
SC_0146,supercritical_f1.3_beta0.3_M1.0_theta0_seed2,1.300000,0.300000,1.000000,0.000000,2,PARTIAL,2.227786,0.668336,31.439767,7.933390,2,5.132000,0.090900,30.524061,False,0.972500,1.966700,1,,,,,,,,,,,,,,,,,,,,,
SC_0147,supercritical_f1.3_beta0.3_M1.0_theta45_seed1,1.300000,0.300000,1.000000,45.000000,1,MEASURABLE,0.937276,0.077606,63.320705,7.572782,8,4.926000,0.082800,91.242395,False,0.969800,2.216700,1,,,,,,,,,,,,,,,,,,,,,
SC_0148,supercritical_f1.3_beta0.3_M1.0_theta45_seed2,1.300000,0.300000,1.000000,45.000000,2,MEASURABLE,0.928715,0.084142,63.967524,7.572782,8,5.287000,0.090600,98.189379,False,0.969800,2.216700,1,,,,,,,,,,,,,,,,,,,,,
SC_0149,supercritical_f1.3_beta0.3_M1.0_theta90_seed1,1.300000,0.300000,1.000000,90.000000,1,MEASURABLE,0.617064,0.050414,329.145565,7.212173,12,4.800000,0.081700,74.366896,False,0.966700,2.466700,1,,,,,,,,,,,,,,,,,,,,,
SC_0150,supercritical_f1.3_beta0.3_M1.0_theta90_seed2,1.300000,0.300000,1.000000,90.000000,2,MEASURABLE,0.655723,0.049179,315.511463,7.212173,11,4.619000,0.075000,99.575086,False,0.966700,2.466700,1,,,,,,,,,,,,,,,,,,,,,
SC_0151,supercritical_f1.3_beta1.0_M1.0_theta0_seed1,1.300000,1.000000,1.000000,0.000000,1,PARTIAL,3.060662,0.918199,32.880906,3.894573,2,5.190000,0.088200,34.434046,False,0.885900,1.500000,1,,,,,,,,,,,,,,,,,,,,,
SC_0152,supercritical_f1.3_beta1.0_M1.0_theta0_seed2,1.300000,1.000000,1.000000,0.000000,2,PARTIAL,3.082870,0.924861,31.501968,3.894573,2,4.773000,0.102300,38.488965,False,0.885900,1.500000,1,,,,,,,,,,,,,,,,,,,,,
SC_0153,supercritical_f1.3_beta1.0_M1.0_theta45_seed1,1.300000,1.000000,1.000000,45.000000,1,MEASURABLE,1.486036,0.141768,40.133476,3.786391,3,4.574000,0.095400,114.135747,False,0.879300,1.575000,1,,,,,,,,,,,,,,,,,,,,,
SC_0154,supercritical_f1.3_beta1.0_M1.0_theta45_seed2,1.300000,1.000000,1.000000,45.000000,2,MEASURABLE,1.636295,0.119122,37.261760,3.786391,4,5.302000,0.072800,98.356912,False,0.879300,1.575000,1,,,,,,,,,,,,,,,,,,,,,
SC_0155,supercritical_f1.3_beta1.0_M1.0_theta90_seed1,1.300000,1.000000,1.000000,90.000000,1,MEASURABLE,1.121449,0.082090,46.878018,3.678208,6,5.082000,0.073200,97.326398,False,0.872100,1.650000,1,,,,,,,,,,,,,,,,,,,,,
SC_0156,supercritical_f1.3_beta1.0_M1.0_theta90_seed2,1.300000,1.000000,1.000000,90.000000,2,MEASURABLE,1.116300,0.080039,47.354166,3.678208,6,5.405000,0.071700,111.352929,False,0.872100,1.650000,1,,,,,,,,,,,,,,,,,,,,,
SC_0157,supercritical_f1.3_beta3.0_M1.0_theta0_seed1,1.300000,3.000000,1.000000,0.000000,1,PARTIAL,3.495787,1.048736,31.707303,2.740626,2,5.041000,0.086300,32.481872,False,0.769600,1.366700,1,,,,,,,,,,,,,,,,,,,,,
SC_0158,supercritical_f1.3_beta3.0_M1.0_theta0_seed2,1.300000,3.000000,1.000000,0.000000,2,PARTIAL,3.155303,0.946591,32.950436,2.740626,2,4.989000,0.082500,35.238506,False,0.769600,1.366700,1,,,,,,,,,,,,,,,,,,,,,
SC_0159,supercritical_f1.3_beta3.0_M1.0_theta45_seed1,1.300000,3.000000,1.000000,45.000000,1,PARTIAL,2.174877,0.652463,33.932286,2.704565,2,5.016000,0.077600,39.171415,False,0.763400,1.391700,1,,,,,,,,,,,,,,,,,,,,,
SC_0160,supercritical_f1.3_beta3.0_M1.0_theta45_seed2,1.300000,3.000000,1.000000,45.000000,2,PARTIAL,2.166878,0.650063,33.801032,2.704565,4,4.122000,0.081900,35.853710,False,0.763400,1.391700,1,,,,,,,,,,,,,,,,,,,,,
SC_0161,supercritical_f1.3_beta3.0_M1.0_theta90_seed1,1.300000,3.000000,1.000000,90.000000,1,MEASURABLE,1.854069,0.120700,35.830862,2.668504,5,5.025000,0.065100,95.934171,False,0.756900,1.416700,1,,,,,,,,,,,,,,,,,,,,,
SC_0162,supercritical_f1.3_beta3.0_M1.0_theta90_seed2,1.300000,3.000000,1.000000,90.000000,2,MEASURABLE,1.701996,0.140585,37.537086,2.668504,5,4.658000,0.082600,96.630546,False,0.756900,1.416700,1,,,,,,,,,,,,,,,,,,,,,
SC_0163,supercritical_f1.4_beta0.3_M1.0_theta0_seed1,1.400000,0.300000,1.000000,0.000000,1,PARTIAL,2.454604,0.736381,25.797412,6.161159,1,5.146000,0.083400,33.966348,False,0.957700,1.966700,1,,,,,,,,,,,,,,,,,,,,,
SC_0164,supercritical_f1.4_beta0.3_M1.0_theta0_seed2,1.400000,0.300000,1.000000,0.000000,2,PARTIAL,2.280745,0.684223,26.692254,6.161159,1,4.863000,0.085900,39.380640,False,0.957700,1.966700,1,,,,,,,,,,,,,,,,,,,,,
SC_0165,supercritical_f1.4_beta0.3_M1.0_theta45_seed1,1.400000,0.300000,1.000000,45.000000,1,MEASURABLE,0.797504,0.069303,52.815885,5.881106,8,5.163000,0.086900,101.489100,False,0.953500,2.216700,1,,,,,,,,,,,,,,,,,,,,,
SC_0166,supercritical_f1.4_beta0.3_M1.0_theta45_seed2,1.400000,0.300000,1.000000,45.000000,2,MEASURABLE,0.890001,0.065148,51.917032,5.881106,9,5.305000,0.073200,92.587005,False,0.953500,2.216700,1,,,,,,,,,,,,,,,,,,,,,
SC_0167,supercritical_f1.4_beta0.3_M1.0_theta90_seed1,1.400000,0.300000,1.000000,90.000000,1,MEASURABLE,0.636021,0.052154,274.008169,5.601054,13,5.257000,0.082000,107.433376,False,0.948800,2.466700,1,,,,,,,,,,,,,,,,,,,,,
SC_0168,supercritical_f1.4_beta0.3_M1.0_theta90_seed2,1.400000,0.300000,1.000000,90.000000,2,MEASURABLE,0.618109,0.050561,265.329159,5.601054,11,4.361000,0.081800,93.920611,False,0.948800,2.466700,1,,,,,,,,,,,,,,,,,,,,,
SC_0169,supercritical_f1.4_beta1.0_M1.0_theta0_seed1,1.400000,1.000000,1.000000,0.000000,1,MEASURABLE,3.576738,0.281847,26.461643,3.024569,3,4.883000,0.078800,115.363928,False,0.824300,1.500000,1,,,,,,,,,,,,,,,,,,,,,
SC_0170,supercritical_f1.4_beta1.0_M1.0_theta0_seed2,1.400000,1.000000,1.000000,0.000000,2,PARTIAL,3.294504,0.988351,26.608853,3.024569,1,5.120000,0.085800,39.502732,False,0.824300,1.500000,1,,,,,,,,,,,,,,,,,,,,,
SC_0171,supercritical_f1.4_beta1.0_M1.0_theta45_seed1,1.400000,1.000000,1.000000,45.000000,1,MEASURABLE,1.528021,0.137675,31.645152,2.940553,6,5.631000,0.090100,94.830132,False,0.814100,1.575000,1,,,,,,,,,,,,,,,,,,,,,
SC_0172,supercritical_f1.4_beta1.0_M1.0_theta45_seed2,1.400000,1.000000,1.000000,45.000000,2,MEASURABLE,1.448949,0.108092,29.784071,2.940553,5,4.124000,0.074600,97.674566,False,0.814100,1.575000,1,,,,,,,,,,,,,,,,,,,,,
SC_0173,supercritical_f1.4_beta1.0_M1.0_theta90_seed1,1.400000,1.000000,1.000000,90.000000,1,MEASURABLE,1.100049,0.078984,37.578655,2.856537,7,4.853000,0.071800,102.606756,False,0.803000,1.650000,1,,,,,,,,,,,,,,,,,,,,,
SC_0174,supercritical_f1.4_beta1.0_M1.0_theta90_seed2,1.400000,1.000000,1.000000,90.000000,2,MEASURABLE,1.071329,0.091706,37.844547,2.856537,7,5.786000,0.085600,94.792736,False,0.803000,1.650000,1,,,,,,,,,,,,,,,,,,,,,
SC_0175,supercritical_f1.4_beta3.0_M1.0_theta0_seed1,1.400000,3.000000,1.000000,0.000000,1,PARTIAL,3.618998,1.085699,25.805505,2.128400,3,4.781000,0.090600,43.045172,False,0.645200,1.366700,1,,,,,,,,,,,,,,,,,,,,,
SC_0176,supercritical_f1.4_beta3.0_M1.0_theta0_seed2,1.400000,3.000000,1.000000,0.000000,2,PARTIAL,4.109455,1.232836,26.688560,2.128400,1,5.194000,0.075300,32.728853,False,0.645200,1.366700,1,,,,,,,,,,,,,,,,,,,,,
SC_0177,supercritical_f1.4_beta3.0_M1.0_theta45_seed1,1.400000,3.000000,1.000000,45.000000,1,PARTIAL,2.509473,0.752842,29.486856,2.100395,3,4.904000,0.087600,43.245621,False,0.635700,1.391700,1,,,,,,,,,,,,,,,,,,,,,
SC_0178,supercritical_f1.4_beta3.0_M1.0_theta45_seed2,1.400000,3.000000,1.000000,45.000000,2,PARTIAL,2.549242,0.764772,28.450704,2.100395,2,4.669000,0.090900,30.587233,False,0.635700,1.391700,1,,,,,,,,,,,,,,,,,,,,,
SC_0179,supercritical_f1.4_beta3.0_M1.0_theta90_seed1,1.400000,3.000000,1.000000,90.000000,1,MEASURABLE,1.819210,0.156452,29.343542,2.072390,4,5.036000,0.086000,117.966326,False,0.625800,1.416700,1,,,,,,,,,,,,,,,,,,,,,
SC_0180,supercritical_f1.4_beta3.0_M1.0_theta90_seed2,1.400000,3.000000,1.000000,90.000000,2,PARTIAL,1.542098,0.462629,29.491414,2.072390,5,5.159000,0.082700,34.322878,False,0.625800,1.416700,1,,,,,,,,,,,,,,,,,,,,,
SC_0181,supercritical_f1.5_beta0.1_M1.0_theta0_seed1,1.500000,0.100000,1.000000,0.000000,1,PARTIAL,2.699346,0.809804,21.578387,12.358603,2,4.683000,0.081900,44.345059,False,0.990200,3.300000,1,,,,,,,,,,,,,,,,,,,,,
SC_0182,supercritical_f1.5_beta0.1_M1.0_theta0_seed2,1.500000,0.100000,1.000000,0.000000,2,MEASURABLE,2.272579,0.147945,21.638899,12.358603,4,5.202000,0.065100,103.767710,False,0.990200,3.300000,1,,,,,,,,,,,,,,,,,,,,,
SC_0183,supercritical_f1.5_beta0.1_M1.0_theta90_seed1,1.500000,0.100000,1.000000,90.000000,1,MEASURABLE,0.500000,0.039150,231.930613,10.985425,22,5.636000,0.078300,115.051763,False,0.987600,4.800000,1,,,,,,,,,,,,,,,,,,,,,
SC_0184,supercritical_f1.5_beta0.1_M1.0_theta90_seed2,1.500000,0.100000,1.000000,90.000000,2,MEASURABLE,0.500000,0.043000,222.630749,10.985425,22,4.728000,0.086000,104.377809,False,0.987600,4.800000,1,,,,,,,,,,,,,,,,,,,,,
SC_0185,supercritical_f2.0_beta0.1_M1.0_theta0_seed1,2.000000,0.100000,1.000000,0.000000,1,MEASURABLE,2.282335,0.167980,13.079229,6.363961,4,5.096000,0.073600,111.446240,False,0.972200,3.300000,1,,,,,,,,,,,,,,,,,,,,,
SC_0186,supercritical_f2.0_beta0.1_M1.0_theta0_seed2,2.000000,0.100000,1.000000,0.000000,2,MEASURABLE,2.163594,0.155779,12.495461,6.363961,3,4.776000,0.072000,109.110760,False,0.972200,3.300000,1,,,,,,,,,,,,,,,,,,,,,
SC_0187,supercritical_f2.0_beta0.1_M1.0_theta90_seed1,2.000000,0.100000,1.000000,90.000000,1,MEASURABLE,0.500000,0.042050,119.199050,5.656854,31,5.016000,0.084100,115.517361,False,0.964800,4.800000,1,,,,,,,,,,,,,,,,,,,,,
SC_0188,supercritical_f2.0_beta0.1_M1.0_theta90_seed2,2.000000,0.100000,1.000000,90.000000,2,MEASURABLE,0.500000,0.037900,130.451213,5.656854,30,4.799000,0.075800,122.736437,False,0.964800,4.800000,1,,,,,,,,,,,,,,,,,,,,,
SC_0189,supercritical_f1.5_beta1.0_M0.5_theta0_seed1,1.500000,1.000000,0.500000,0.000000,1,PARTIAL,3.069860,0.920958,23.352122,2.471721,1,4.966000,0.076800,33.830362,False,0.754500,1.500000,1,,,,,,,,,,,,,,,,,,,,,
SC_0190,supercritical_f1.5_beta1.0_M0.5_theta0_seed2,1.500000,1.000000,0.500000,0.000000,2,PARTIAL,3.034527,0.910358,22.320550,2.471721,3,4.605000,0.076500,37.826575,False,0.754500,1.500000,1,,,,,,,,,,,,,,,,,,,,,
SC_0191,supercritical_f2.0_beta1.0_M0.5_theta0_seed1,2.000000,1.000000,0.500000,0.000000,1,COLLAPSED,,,12.463996,1.272792,2,4.016000,0.150400,93.816739,False,0.305600,1.500000,1,,,,,,,,,,,,,,,,,,,,,
SC_0192,supercritical_f2.0_beta1.0_M0.5_theta0_seed2,2.000000,1.000000,0.500000,0.000000,2,COLLAPSED,,,12.415784,1.272792,4,3.122000,0.158700,93.379739,False,0.305600,1.500000,1,,,,,,,,,,,,,,,,,,,,,
P2_0001,supercritical_f1.3_beta0.3_M1.0_theta0_seed1,1.300000,0.300000,1.000000,0.000000,1,PARTIAL,3.195285,0.958586,32.525386,7.933390,2,4.601000,0.088500,34.055748,False,0.972500,1.966700,2,,,,,,,,,,,,,,,,,,,,,
P2_0002,supercritical_f1.3_beta0.3_M1.0_theta0_seed2,1.300000,0.300000,1.000000,0.000000,2,PARTIAL,2.227786,0.668336,31.439767,7.933390,2,5.132000,0.090900,30.524061,False,0.972500,1.966700,2,,,,,,,,,,,,,,,,,,,,,
P2_0003,supercritical_f1.4_beta0.3_M1.0_theta0_seed1,1.400000,0.300000,1.000000,0.000000,1,PARTIAL,2.454604,0.736381,25.797412,6.161159,1,5.146000,0.083400,33.966348,False,0.957700,1.966700,2,,,,,,,,,,,,,,,,,,,,,
P2_0004,supercritical_f1.4_beta0.3_M1.0_theta0_seed2,1.400000,0.300000,1.000000,0.000000,2,PARTIAL,2.280745,0.684223,26.692254,6.161159,1,4.863000,0.085900,39.380640,False,0.957700,1.966700,2,,,,,,,,,,,,,,,,,,,,,
P2_0005,supercritical_f1.5_beta0.3_M1.0_theta0_seed1,1.500000,0.300000,1.000000,0.000000,1,MEASURABLE,2.364381,0.236438,21.927800,5.034986,3,4.962000,0.100000,88.767215,False,0.940800,1.966700,2,,,,,,,,,,,,,,,,,,,,,
P2_0006,supercritical_f1.5_beta0.3_M1.0_theta0_seed2,1.500000,0.300000,1.000000,0.000000,2,MEASURABLE,2.834485,0.231011,21.751615,5.034986,4,5.441000,0.081500,102.003049,False,0.940800,1.966700,2,,,,,,,,,,,,,,,,,,,,,
P2_0007,supercritical_f1.6_beta0.3_M1.0_theta0_seed1,1.600000,0.300000,1.000000,0.000000,1,PARTIAL,2.446846,0.734054,19.570856,4.252046,2,5.201000,0.077000,38.632541,False,0.922200,1.966700,2,,,,,,,,,,,,,,,,,,,,,
P2_0008,supercritical_f1.6_beta0.3_M1.0_theta0_seed2,1.600000,0.300000,1.000000,0.000000,2,MEASURABLE,2.525788,0.206862,19.413342,4.252046,3,4.665000,0.081900,95.516277,False,0.922200,1.966700,2,,,,,,,,,,,,,,,,,,,,,
P2_0009,supercritical_f1.7_beta0.3_M1.0_theta0_seed1,1.700000,0.300000,1.000000,0.000000,1,MEASURABLE,2.520885,0.216040,16.949442,3.674713,4,4.980000,0.085700,90.398222,False,0.902000,1.966700,2,,,,,,,,,,,,,,,,,,,,,
P2_0010,supercritical_f1.7_beta0.3_M1.0_theta0_seed2,1.700000,0.300000,1.000000,0.000000,2,PARTIAL,2.429294,0.728788,17.203399,3.674713,2,5.184000,0.069600,37.331686,False,0.902000,1.966700,2,,,,,,,,,,,,,,,,,,,,,
P2_0011,supercritical_f1.8_beta0.3_M1.0_theta0_seed1,1.800000,0.300000,1.000000,0.000000,1,MEASURABLE,2.460251,0.195098,14.902006,3.230857,3,4.575000,0.079300,103.923942,False,0.880300,1.966700,2,,,,,,,,,,,,,,,,,,,,,
P2_0012,supercritical_f1.8_beta0.3_M1.0_theta0_seed2,1.800000,0.300000,1.000000,0.000000,2,MEASURABLE,2.283490,0.193183,14.900159,3.230857,4,5.079000,0.084600,112.271737,False,0.880300,1.966700,2,,,,,,,,,,,,,,,,,,,,,
P2_0013,supercritical_f1.9_beta0.3_M1.0_theta0_seed1,1.900000,0.300000,1.000000,0.000000,1,MEASURABLE,2.248388,0.185942,13.563069,2.878808,4,5.182000,0.082700,104.454038,False,0.857100,1.966700,2,,,,,,,,,,,,,,,,,,,,,
P2_0014,supercritical_f1.9_beta0.3_M1.0_theta0_seed2,1.900000,0.300000,1.000000,0.000000,2,MEASURABLE,2.287694,0.216645,13.763592,2.878808,4,4.702000,0.094700,98.431060,False,0.857100,1.966700,2,,,,,,,,,,,,,,,,,,,,,
P2_0015,supercritical_f2.0_beta0.3_M1.0_theta0_seed1,2.000000,0.300000,1.000000,0.000000,1,PARTIAL,2.243028,0.672908,13.086933,2.592725,5,5.266000,0.082200,38.738910,False,0.832600,1.966700,2,,,,,,,,,,,,,,,,,,,,,
P2_0016,supercritical_f2.0_beta0.3_M1.0_theta0_seed2,2.000000,0.300000,1.000000,0.000000,2,PARTIAL,2.419213,0.725764,12.283918,2.592725,4,5.352000,0.105100,33.543940,False,0.832600,1.966700,2,,,,,,,,,,,,,,,,,,,,,
P2_0017,supercritical_f2.2_beta0.3_M1.0_theta0_seed1,2.200000,0.300000,1.000000,0.000000,1,COLLAPSED,,,10.725246,2.156126,5,4.333000,0.117400,90.816500,False,0.780000,1.966700,2,,,,,,,,,,,,,,,,,,,,,
P2_0018,supercritical_f2.2_beta0.3_M1.0_theta0_seed2,2.200000,0.300000,1.000000,0.000000,2,COLLAPSED,,,10.280978,2.156126,4,4.153000,0.107900,115.457705,False,0.780000,1.966700,2,,,,,,,,,,,,,,,,,,,,,
P2_0019,supercritical_f2.5_beta0.3_M1.0_theta0_seed1,2.500000,0.300000,1.000000,0.000000,1,COLLAPSED,,,8.564114,1.710933,5,4.649000,0.135900,100.220001,False,0.692500,1.966700,2,,,,,,,,,,,,,,,,,,,,,
P2_0020,supercritical_f2.5_beta0.3_M1.0_theta0_seed2,2.500000,0.300000,1.000000,0.000000,2,COLLAPSED,,,8.067433,1.710933,5,3.835000,0.146400,128.913155,False,0.692500,1.966700,2,,,,,,,,,,,,,,,,,,,,,
P2_0021,supercritical_f1.3_beta0.3_M2.0_theta0_seed1,1.300000,0.300000,2.000000,0.000000,1,PARTIAL,2.384298,0.715289,22.328758,7.933390,1,5.146000,0.113400,43.718401,False,0.972500,1.886700,2,,,,,,,,,,,,,,,,,,,,,
P2_0022,supercritical_f1.3_beta0.3_M2.0_theta0_seed2,1.300000,0.300000,2.000000,0.000000,2,PARTIAL,2.215418,0.664625,23.103281,7.933390,1,4.863000,0.115900,41.131150,False,0.972500,1.886700,2,,,,,,,,,,,,,,,,,,,,,
P2_0023,supercritical_f1.4_beta0.3_M2.0_theta0_seed1,1.400000,0.300000,2.000000,0.000000,1,PARTIAL,1.916771,0.575031,18.313909,6.161159,2,4.962000,0.130000,39.112466,False,0.957700,1.886700,2,,,,,,,,,,,,,,,,,,,,,
P2_0024,supercritical_f1.4_beta0.3_M2.0_theta0_seed2,1.400000,0.300000,2.000000,0.000000,2,MEASURABLE,2.749076,0.306522,18.166761,6.161159,3,5.441000,0.111500,102.707192,False,0.957700,1.886700,2,,,,,,,,,,,,,,,,,,,,,
P2_0025,supercritical_f1.5_beta0.3_M2.0_theta0_seed1,1.500000,0.300000,2.000000,0.000000,1,PARTIAL,2.369949,0.710985,15.966749,5.034986,2,5.201000,0.107000,36.709044,False,0.940800,1.886700,2,,,,,,,,,,,,,,,,,,,,,
P2_0026,supercritical_f1.5_beta0.3_M2.0_theta0_seed2,1.500000,0.300000,2.000000,0.000000,2,MEASURABLE,2.446409,0.273753,15.838241,5.034986,4,4.665000,0.111900,82.070548,False,0.940800,1.886700,2,,,,,,,,,,,,,,,,,,,,,
P2_0027,supercritical_f1.6_beta0.3_M2.0_theta0_seed1,1.600000,0.300000,2.000000,0.000000,1,MEASURABLE,2.438795,0.282169,13.597952,4.252046,5,4.980000,0.115700,105.612580,False,0.922200,1.886700,2,,,,,,,,,,,,,,,,,,,,,
P2_0028,supercritical_f1.6_beta0.3_M2.0_theta0_seed2,1.600000,0.300000,2.000000,0.000000,2,PARTIAL,2.350187,0.705056,13.801692,4.252046,2,5.184000,0.099600,36.313975,False,0.922200,1.886700,2,,,,,,,,,,,,,,,,,,,,,
P2_0029,supercritical_f1.7_beta0.3_M2.0_theta0_seed1,1.700000,0.300000,2.000000,0.000000,1,MEASURABLE,2.377662,0.259878,11.804148,3.674713,3,4.575000,0.109300,99.380110,False,0.902000,1.886700,2,,,,,,,,,,,,,,,,,,,,,
P2_0030,supercritical_f1.7_beta0.3_M2.0_theta0_seed2,1.700000,0.300000,2.000000,0.000000,2,MEASURABLE,2.206835,0.252903,11.802685,3.674713,4,5.079000,0.114600,98.447969,False,0.902000,1.886700,2,,,,,,,,,,,,,,,,,,,,,
P2_0031,supercritical_f1.8_beta0.3_M2.0_theta0_seed1,1.800000,0.300000,2.000000,0.000000,1,PARTIAL,1.910447,0.573134,10.636035,3.230857,4,5.182000,0.112700,36.255684,False,0.880300,1.886700,2,,,,,,,,,,,,,,,,,,,,,
P2_0032,supercritical_f1.8_beta0.3_M2.0_theta0_seed2,1.800000,0.300000,2.000000,0.000000,2,MEASURABLE,2.208848,0.275443,10.793284,3.230857,3,4.702000,0.124700,103.707592,False,0.880300,1.886700,2,,,,,,,,,,,,,,,,,,,,,
P2_0033,supercritical_f1.9_beta0.3_M2.0_theta0_seed1,1.900000,0.300000,2.000000,0.000000,1,MEASURABLE,2.230705,0.243816,10.178914,2.878808,5,5.306000,0.109300,119.816120,False,0.857100,1.886700,2,,,,,,,,,,,,,,,,,,,,,
P2_0034,supercritical_f1.9_beta0.3_M2.0_theta0_seed2,1.900000,0.300000,2.000000,0.000000,2,MEASURABLE,2.287362,0.300559,9.554335,2.878808,4,5.392000,0.131400,96.201687,False,0.857100,1.886700,2,,,,,,,,,,,,,,,,,,,,,
P2_0035,supercritical_f2.0_beta0.3_M2.0_theta0_seed1,2.000000,0.300000,2.000000,0.000000,1,PARTIAL,2.577022,0.773107,9.101273,2.592725,5,4.430000,0.119000,44.231040,False,0.832600,1.886700,2,,,,,,,,,,,,,,,,,,,,,
P2_0036,supercritical_f2.0_beta0.3_M2.0_theta0_seed2,2.000000,0.300000,2.000000,0.000000,2,PARTIAL,2.004793,0.601438,9.023415,2.592725,4,4.302000,0.130500,34.875465,False,0.832600,1.886700,2,,,,,,,,,,,,,,,,,,,,,
P2_0037,supercritical_f2.2_beta0.3_M2.0_theta0_seed1,2.200000,0.300000,2.000000,0.000000,1,COLLAPSED,,,7.728073,2.156126,6,4.631000,0.160100,112.013737,False,0.780000,1.886700,2,,,,,,,,,,,,,,,,,,,,,
P2_0038,supercritical_f2.2_beta0.3_M2.0_theta0_seed2,2.200000,0.300000,2.000000,0.000000,2,COLLAPSED,,,7.483292,2.156126,3,3.734000,0.159900,100.339746,False,0.780000,1.886700,2,,,,,,,,,,,,,,,,,,,,,
P2_0039,supercritical_f2.5_beta0.3_M2.0_theta0_seed1,2.500000,0.300000,2.000000,0.000000,1,COLLAPSED,,,5.884837,1.710933,7,4.183000,0.204900,118.395015,False,0.692500,1.886700,2,,,,,,,,,,,,,,,,,,,,,
P2_0040,supercritical_f2.5_beta0.3_M2.0_theta0_seed2,2.500000,0.300000,2.000000,0.000000,2,PARTIAL,2.054227,0.616268,6.103208,1.710933,5,3.943000,0.201500,38.008431,False,0.692500,1.886700,2,,,,,,,,,,,,,,,,,,,,,
P2_0041,supercritical_f1.3_beta0.3_M3.0_theta0_seed1,1.300000,0.300000,3.000000,0.000000,1,PARTIAL,1.856712,0.557014,18.303698,7.933390,2,4.962000,0.160000,39.112466,False,0.972500,1.806700,2,,,,,,,,,,,,,,,,,,,,,
P2_0042,supercritical_f1.3_beta0.3_M3.0_theta0_seed2,1.300000,0.300000,3.000000,0.000000,2,MEASURABLE,2.662938,0.376806,18.156632,7.933390,3,5.441000,0.141500,102.707192,False,0.972500,1.806700,2,,,,,,,,,,,,,,,,,,,,,
P2_0043,supercritical_f1.4_beta0.3_M3.0_theta0_seed1,1.400000,0.300000,3.000000,0.000000,1,PARTIAL,2.292170,0.687651,15.398268,6.161159,1,5.201000,0.137000,36.709044,False,0.957700,1.806700,2,,,,,,,,,,,,,,,,,,,,,
P2_0044,supercritical_f1.4_beta0.3_M3.0_theta0_seed2,1.400000,0.300000,3.000000,0.000000,2,MEASURABLE,2.366121,0.335753,15.274336,6.161159,3,4.665000,0.141900,82.070548,False,0.957700,1.806700,2,,,,,,,,,,,,,,,,,,,,,
P2_0045,supercritical_f1.5_beta0.3_M3.0_theta0_seed1,1.500000,0.300000,3.000000,0.000000,1,MEASURABLE,2.355607,0.343212,12.810011,5.034986,5,4.980000,0.145700,105.612580,False,0.940800,1.806700,2,,,,,,,,,,,,,,,,,,,,,
P2_0046,supercritical_f1.5_beta0.3_M3.0_theta0_seed2,1.500000,0.300000,3.000000,0.000000,2,PARTIAL,2.270021,0.681006,13.001946,5.034986,2,5.184000,0.129600,36.313975,False,0.940800,1.806700,2,,,,,,,,,,,,,,,,,,,,,
P2_0047,supercritical_f1.6_beta0.3_M3.0_theta0_seed1,1.600000,0.300000,3.000000,0.000000,1,MEASURABLE,2.293864,0.319535,10.935083,4.252046,3,4.575000,0.139300,87.693890,False,0.922200,1.806700,2,,,,,,,,,,,,,,,,,,,,,
P2_0048,supercritical_f1.6_beta0.3_M3.0_theta0_seed2,1.600000,0.300000,3.000000,0.000000,2,MEASURABLE,2.129058,0.307862,10.933728,4.252046,4,5.079000,0.144600,94.261068,False,0.922200,1.806700,2,,,,,,,,,,,,,,,,,,,,,
P2_0049,supercritical_f1.7_beta0.3_M3.0_theta0_seed1,1.700000,0.300000,3.000000,0.000000,1,PARTIAL,1.841200,0.552360,9.728346,3.674713,4,5.182000,0.142700,36.255684,False,0.902000,1.806700,2,,,,,,,,,,,,,,,,,,,,,
P2_0050,supercritical_f1.7_beta0.3_M3.0_theta0_seed2,1.700000,0.300000,3.000000,0.000000,2,MEASURABLE,2.128785,0.329323,9.872175,3.674713,3,4.702000,0.154700,103.707592,False,0.902000,1.806700,2,,,,,,,,,,,,,,,,,,,,,
P2_0051,supercritical_f1.8_beta0.3_M3.0_theta0_seed1,1.800000,0.300000,3.000000,0.000000,1,MEASURABLE,2.147857,0.294901,9.217065,3.230857,4,5.333000,0.137300,119.816120,False,0.880300,1.806700,2,,,,,,,,,,,,,,,,,,,,,
P2_0052,supercritical_f1.8_beta0.3_M3.0_theta0_seed2,1.800000,0.300000,3.000000,0.000000,2,MEASURABLE,2.202410,0.349963,8.651504,3.230857,3,5.419000,0.158900,96.201687,False,0.880300,1.806700,2,,,,,,,,,,,,,,,,,,,,,
P2_0053,supercritical_f1.9_beta0.3_M3.0_theta0_seed1,1.900000,0.300000,3.000000,0.000000,1,PARTIAL,2.479248,0.743774,8.174009,2.878808,5,4.470000,0.146300,44.231040,False,0.857100,1.806700,2,,,,,,,,,,,,,,,,,,,,,
P2_0054,supercritical_f1.9_beta0.3_M3.0_theta0_seed2,1.900000,0.300000,3.000000,0.000000,2,PARTIAL,1.928730,0.578619,8.104083,2.878808,4,4.342000,0.157400,34.875465,False,0.857100,1.806700,2,,,,,,,,,,,,,,,,,,,,,
P2_0055,supercritical_f2.0_beta0.3_M3.0_theta0_seed1,2.000000,0.300000,3.000000,0.000000,1,PARTIAL,1.817497,0.545249,7.347642,2.592725,6,4.413000,0.171300,31.789411,False,0.832600,1.806700,2,,,,,,,,,,,,,,,,,,,,,
P2_0056,supercritical_f2.0_beta0.3_M3.0_theta0_seed2,2.000000,0.300000,3.000000,0.000000,2,PARTIAL,2.196019,0.658806,7.043283,2.592725,5,4.233000,0.162300,39.782707,False,0.832600,1.806700,2,,,,,,,,,,,,,,,,,,,,,
P2_0057,supercritical_f2.2_beta0.3_M3.0_theta0_seed1,2.200000,0.300000,3.000000,0.000000,1,COLLAPSED,,,6.280166,2.156126,5,4.627000,0.193800,128.052020,False,0.780000,1.806700,2,,,,,,,,,,,,,,,,,,,,,
P2_0058,supercritical_f2.2_beta0.3_M3.0_theta0_seed2,2.200000,0.300000,3.000000,0.000000,2,COLLAPSED,,,6.148963,2.156126,5,4.788000,0.173400,123.156103,False,0.780000,1.806700,2,,,,,,,,,,,,,,,,,,,,,
P2_0059,supercritical_f2.5_beta0.3_M3.0_theta0_seed1,2.500000,0.300000,3.000000,0.000000,1,COLLAPSED,,,4.745752,1.710933,7,3.319000,0.254700,120.252093,False,0.692500,1.806700,2,,,,,,,,,,,,,,,,,,,,,
P2_0060,supercritical_f2.5_beta0.3_M3.0_theta0_seed2,2.500000,0.300000,3.000000,0.000000,2,COLLAPSED,,,4.809119,1.710933,6,3.885000,0.237300,117.972538,False,0.692500,1.806700,2,,,,,,,,,,,,,,,,,,,,,
P2_0061,supercritical_f1.3_beta0.5_M1.0_theta0_seed1,1.300000,0.500000,1.000000,0.000000,1,PARTIAL,3.778120,1.133436,32.482165,5.625495,2,5.149000,0.091800,41.729318,False,0.945300,1.700000,2,,,,,,,,,,,,,,,,,,,,,
P2_0062,supercritical_f1.3_beta0.5_M1.0_theta0_seed2,1.300000,0.500000,1.000000,0.000000,2,MEASURABLE,3.036194,0.269310,32.577373,5.625495,3,5.221000,0.088700,99.050855,False,0.945300,1.700000,2,,,,,,,,,,,,,,,,,,,,,
P2_0063,supercritical_f1.4_beta0.5_M1.0_theta0_seed1,1.400000,0.500000,1.000000,0.000000,1,PARTIAL,2.483570,0.745071,25.436160,4.368822,2,4.654000,0.074800,33.576198,False,0.915800,1.700000,2,,,,,,,,,,,,,,,,,,,,,
P2_0064,supercritical_f1.4_beta0.5_M1.0_theta0_seed2,1.400000,0.500000,1.000000,0.000000,2,MEASURABLE,3.060289,0.214526,26.345954,4.368822,3,5.341000,0.070100,101.849896,False,0.915800,1.700000,2,,,,,,,,,,,,,,,,,,,,,
P2_0065,supercritical_f1.5_beta0.5_M1.0_theta0_seed1,1.500000,0.500000,1.000000,0.000000,1,PARTIAL,2.802916,0.840875,23.352122,3.570263,1,4.966000,0.076800,37.843783,False,0.882300,1.700000,2,,,,,,,,,,,,,,,,,,,,,
P2_0066,supercritical_f1.5_beta0.5_M1.0_theta0_seed2,1.500000,0.500000,1.000000,0.000000,2,MEASURABLE,2.877247,0.220109,22.320550,3.570263,3,4.605000,0.076500,103.363454,False,0.882300,1.700000,2,,,,,,,,,,,,,,,,,,,,,
P2_0067,supercritical_f1.6_beta0.5_M1.0_theta0_seed1,1.600000,0.500000,1.000000,0.000000,1,PARTIAL,2.467677,0.740303,19.830182,3.015087,3,4.765000,0.074800,44.719900,False,0.845300,1.700000,2,,,,,,,,,,,,,,,,,,,,,
P2_0068,supercritical_f1.6_beta0.5_M1.0_theta0_seed2,1.600000,0.500000,1.000000,0.000000,2,MEASURABLE,3.054075,0.243410,18.316541,3.015087,4,5.346000,0.079700,109.828584,False,0.845300,1.700000,2,,,,,,,,,,,,,,,,,,,,,
P2_0069,supercritical_f1.7_beta0.5_M1.0_theta0_seed1,1.700000,0.500000,1.000000,0.000000,1,PARTIAL,3.041553,0.912466,17.286602,2.605706,2,5.131000,0.080200,30.452355,False,0.805100,1.700000,2,,,,,,,,,,,,,,,,,,,,,
P2_0070,supercritical_f1.7_beta0.5_M1.0_theta0_seed2,1.700000,0.500000,1.000000,0.000000,2,MEASURABLE,2.602807,0.225924,16.523032,2.605706,3,5.240000,0.086800,93.721296,False,0.805100,1.700000,2,,,,,,,,,,,,,,,,,,,,,
P2_0071,supercritical_f1.8_beta0.5_M1.0_theta0_seed1,1.800000,0.500000,1.000000,0.000000,1,PARTIAL,2.488461,0.746538,16.090208,2.290971,2,4.374000,0.113300,41.807179,False,0.761800,1.700000,2,,,,,,,,,,,,,,,,,,,,,
P2_0072,supercritical_f1.8_beta0.5_M1.0_theta0_seed2,1.800000,0.500000,1.000000,0.000000,2,MEASURABLE,2.950095,0.254888,14.938887,2.290971,3,5.102000,0.086400,110.509392,False,0.761800,1.700000,2,,,,,,,,,,,,,,,,,,,,,
P2_0073,supercritical_f1.9_beta0.5_M1.0_theta0_seed1,1.900000,0.500000,1.000000,0.000000,1,PARTIAL,2.854665,0.856399,14.003245,2.041337,4,5.231000,0.123900,40.804767,False,0.715800,1.700000,2,,,,,,,,,,,,,,,,,,,,,
P2_0074,supercritical_f1.9_beta0.5_M1.0_theta0_seed2,1.900000,0.500000,1.000000,0.000000,2,PARTIAL,2.424408,0.727322,13.179701,2.041337,3,3.724000,0.102600,34.259627,False,0.715800,1.700000,2,,,,,,,,,,,,,,,,,,,,,
P2_0075,supercritical_f2.0_beta0.5_M1.0_theta0_seed1,2.000000,0.500000,1.000000,0.000000,1,COLLAPSED,,,12.463996,1.838478,2,4.416000,0.121300,93.816739,False,0.667200,1.700000,2,,,,,,,,,,,,,,,,,,,,,
P2_0076,supercritical_f2.0_beta0.5_M1.0_theta0_seed2,2.000000,0.500000,1.000000,0.000000,2,COLLAPSED,,,12.415784,1.838478,4,3.522000,0.128000,93.379739,False,0.667200,1.700000,2,,,,,,,,,,,,,,,,,,,,,
P2_0077,supercritical_f2.2_beta0.5_M1.0_theta0_seed1,2.200000,0.500000,1.000000,0.000000,1,COLLAPSED,,,10.798836,1.528889,4,4.216000,0.137700,100.401082,False,0.562500,1.700000,2,,,,,,,,,,,,,,,,,,,,,
P2_0078,supercritical_f2.2_beta0.5_M1.0_theta0_seed2,2.200000,0.500000,1.000000,0.000000,2,COLLAPSED,,,11.117653,1.528889,3,4.817000,0.168500,97.833058,False,0.562500,1.700000,2,,,,,,,,,,,,,,,,,,,,,
P2_0079,supercritical_f2.5_beta0.5_M1.0_theta0_seed1,2.500000,0.500000,1.000000,0.000000,1,COLLAPSED,,,8.581731,1.213207,3,3.888000,0.185400,137.919198,False,0.388500,1.700000,2,,,,,,,,,,,,,,,,,,,,,
P2_0080,supercritical_f2.5_beta0.5_M1.0_theta0_seed2,2.500000,0.500000,1.000000,0.000000,2,COLLAPSED,,,8.128747,1.213207,4,2.812000,0.177900,121.736867,False,0.388500,1.700000,2,,,,,,,,,,,,,,,,,,,,,
P2_0081,supercritical_f1.3_beta0.5_M2.0_theta0_seed1,1.300000,0.500000,2.000000,0.000000,1,MEASURABLE,2.741569,0.287316,22.016078,5.625495,3,4.654000,0.104800,93.861598,False,0.945300,1.620000,2,,,,,,,,,,,,,,,,,,,,,
P2_0082,supercritical_f1.3_beta0.5_M2.0_theta0_seed2,1.300000,0.500000,2.000000,0.000000,2,MEASURABLE,2.972634,0.297561,22.803544,5.625495,3,5.341000,0.100100,97.968635,False,0.945300,1.620000,2,,,,,,,,,,,,,,,,,,,,,
P2_0083,supercritical_f1.4_beta0.5_M2.0_theta0_seed1,1.400000,0.500000,2.000000,0.000000,1,PARTIAL,2.718458,0.815537,19.503491,4.368822,1,4.966000,0.106800,33.830362,False,0.915800,1.620000,2,,,,,,,,,,,,,,,,,,,,,
P2_0084,supercritical_f1.4_beta0.5_M2.0_theta0_seed2,1.400000,0.500000,2.000000,0.000000,2,MEASURABLE,2.790549,0.297194,18.641931,4.368822,4,4.605000,0.106500,124.811510,False,0.915800,1.620000,2,,,,,,,,,,,,,,,,,,,,,
P2_0085,supercritical_f1.5_beta0.5_M2.0_theta0_seed1,1.500000,0.500000,2.000000,0.000000,1,PARTIAL,2.390125,0.717037,16.178317,3.570263,2,4.765000,0.104800,38.998522,False,0.882300,1.620000,2,,,,,,,,,,,,,,,,,,,,,
P2_0086,supercritical_f1.5_beta0.5_M2.0_theta0_seed2,1.500000,0.500000,2.000000,0.000000,2,MEASURABLE,2.958093,0.324503,14.943424,3.570263,4,5.346000,0.109700,99.088280,False,0.882300,1.620000,2,,,,,,,,,,,,,,,,,,,,,
P2_0087,supercritical_f1.6_beta0.5_M2.0_theta0_seed1,1.600000,0.500000,2.000000,0.000000,1,PARTIAL,2.942508,0.882753,13.868443,3.015087,2,5.131000,0.110200,43.627102,False,0.845300,1.620000,2,,,,,,,,,,,,,,,,,,,,,
P2_0088,supercritical_f1.6_beta0.5_M2.0_theta0_seed2,1.600000,0.500000,2.000000,0.000000,2,MEASURABLE,2.518050,0.294108,13.255857,3.015087,4,5.240000,0.116800,104.980890,False,0.845300,1.620000,2,,,,,,,,,,,,,,,,,,,,,
P2_0089,supercritical_f1.7_beta0.5_M2.0_theta0_seed1,1.700000,0.500000,2.000000,0.000000,1,PARTIAL,2.404925,0.721478,12.745344,2.605706,2,4.414000,0.139700,42.168987,False,0.805100,1.620000,2,,,,,,,,,,,,,,,,,,,,,
P2_0090,supercritical_f1.7_beta0.5_M2.0_theta0_seed2,1.700000,0.500000,2.000000,0.000000,2,PARTIAL,3.190352,0.957106,11.833362,2.605706,3,5.142000,0.113700,34.644445,False,0.805100,1.620000,2,,,,,,,,,,,,,,,,,,,,,
P2_0091,supercritical_f1.8_beta0.5_M2.0_theta0_seed1,1.800000,0.500000,2.000000,0.000000,1,MEASURABLE,2.675979,0.402735,10.981217,2.290971,4,5.271000,0.150500,102.693810,False,0.761800,1.620000,2,,,,,,,,,,,,,,,,,,,,,
P2_0092,supercritical_f1.8_beta0.5_M2.0_theta0_seed2,1.800000,0.500000,2.000000,0.000000,2,MEASURABLE,2.537503,0.329368,10.335402,2.290971,3,3.764000,0.129800,122.112135,False,0.761800,1.620000,2,,,,,,,,,,,,,,,,,,,,,
P2_0093,supercritical_f1.9_beta0.5_M2.0_theta0_seed1,1.900000,0.500000,2.000000,0.000000,1,COLLAPSED,,,9.694399,2.041337,3,4.456000,0.148400,89.125902,False,0.715800,1.620000,2,,,,,,,,,,,,,,,,,,,,,
P2_0094,supercritical_f1.9_beta0.5_M2.0_theta0_seed2,1.900000,0.500000,2.000000,0.000000,2,COLLAPSED,,,9.656900,2.041337,4,3.562000,0.154900,88.710752,False,0.715800,1.620000,2,,,,,,,,,,,,,,,,,,,,,
P2_0095,supercritical_f2.0_beta0.5_M2.0_theta0_seed1,2.000000,0.500000,2.000000,0.000000,1,COLLAPSED,,,9.374780,1.838478,4,4.161000,0.177700,115.178361,False,0.667200,1.620000,2,,,,,,,,,,,,,,,,,,,,,
P2_0096,supercritical_f2.0_beta0.5_M2.0_theta0_seed2,2.000000,0.500000,2.000000,0.000000,2,COLLAPSED,,,9.045355,1.838478,3,3.926000,0.183200,117.399799,False,0.667200,1.620000,2,,,,,,,,,,,,,,,,,,,,,
P2_0097,supercritical_f2.2_beta0.5_M2.0_theta0_seed1,2.200000,0.500000,2.000000,0.000000,1,COLLAPSED,,,7.400608,1.528889,5,3.727000,0.175500,102.291768,False,0.562500,1.620000,2,,,,,,,,,,,,,,,,,,,,,
P2_0098,supercritical_f2.2_beta0.5_M2.0_theta0_seed2,2.200000,0.500000,2.000000,0.000000,2,PARTIAL,3.303668,0.991100,7.621988,1.528889,4,3.492000,0.184200,38.220970,False,0.562500,1.620000,2,,,,,,,,,,,,,,,,,,,,,
P2_0099,supercritical_f2.5_beta0.5_M2.0_theta0_seed1,2.500000,0.500000,2.000000,0.000000,1,COLLAPSED,,,5.921654,1.213207,5,3.172000,0.276800,122.844576,False,0.388500,1.620000,2,,,,,,,,,,,,,,,,,,,,,
P2_0100,supercritical_f2.5_beta0.5_M2.0_theta0_seed2,2.500000,0.500000,2.000000,0.000000,2,COLLAPSED,,,6.064569,1.213207,4,3.498000,0.252800,115.277335,False,0.388500,1.620000,2,,,,,,,,,,,,,,,,,,,,,
P2_0101,supercritical_f1.3_beta0.5_M3.0_theta0_seed1,1.300000,0.500000,3.000000,0.000000,1,PARTIAL,2.633279,0.789984,19.492616,5.625495,1,4.966000,0.136800,33.830362,False,0.945300,1.540000,2,,,,,,,,,,,,,,,,,,,,,
P2_0102,supercritical_f1.3_beta0.5_M3.0_theta0_seed2,1.300000,0.500000,3.000000,0.000000,2,MEASURABLE,2.703112,0.368975,18.631536,5.625495,4,4.605000,0.136500,124.811510,False,0.945300,1.540000,2,,,,,,,,,,,,,,,,,,,,,
P2_0103,supercritical_f1.4_beta0.5_M3.0_theta0_seed1,1.400000,0.500000,3.000000,0.000000,1,PARTIAL,2.311684,0.693505,15.602303,4.368822,2,4.765000,0.134800,38.998522,False,0.915800,1.540000,2,,,,,,,,,,,,,,,,,,,,,
P2_0104,supercritical_f1.4_beta0.5_M3.0_theta0_seed2,1.400000,0.500000,3.000000,0.000000,2,MEASURABLE,2.861012,0.399683,14.411377,4.368822,4,5.346000,0.139700,99.088280,False,0.915800,1.540000,2,,,,,,,,,,,,,,,,,,,,,
P2_0105,supercritical_f1.5_beta0.5_M3.0_theta0_seed1,1.500000,0.500000,3.000000,0.000000,1,PARTIAL,2.842138,0.852642,13.064829,3.570263,1,5.131000,0.140200,43.627102,False,0.882300,1.540000,2,,,,,,,,,,,,,,,,,,,,,
P2_0106,supercritical_f1.5_beta0.5_M3.0_theta0_seed2,1.500000,0.500000,3.000000,0.000000,2,MEASURABLE,2.432158,0.357041,12.487740,3.570263,3,5.240000,0.146800,104.980890,False,0.882300,1.540000,2,,,,,,,,,,,,,,,,,,,,,
P2_0107,supercritical_f1.6_beta0.5_M3.0_theta0_seed1,1.600000,0.500000,3.000000,0.000000,1,PARTIAL,2.320167,0.696050,11.806985,3.015087,2,4.454000,0.166100,42.168987,False,0.845300,1.540000,2,,,,,,,,,,,,,,,,,,,,,
P2_0108,supercritical_f1.6_beta0.5_M3.0_theta0_seed2,1.600000,0.500000,3.000000,0.000000,2,PARTIAL,3.077912,0.923374,10.962146,3.015087,3,5.182000,0.141000,34.644445,False,0.845300,1.540000,2,,,,,,,,,,,,,,,,,,,,,
P2_0109,supercritical_f1.7_beta0.5_M3.0_theta0_seed1,1.700000,0.500000,3.000000,0.000000,1,MEASURABLE,2.578984,0.456996,10.044071,2.605706,4,5.311000,0.177200,102.693810,False,0.805100,1.540000,2,,,,,,,,,,,,,,,,,,,,,
P2_0110,supercritical_f1.7_beta0.5_M3.0_theta0_seed2,1.700000,0.500000,3.000000,0.000000,2,MEASURABLE,2.445528,0.383948,9.453370,2.605706,3,3.804000,0.157000,122.112135,False,0.805100,1.540000,2,,,,,,,,,,,,,,,,,,,,,
P2_0111,supercritical_f1.8_beta0.5_M3.0_theta0_seed1,1.800000,0.500000,3.000000,0.000000,1,COLLAPSED,,,8.778333,2.290971,3,4.496000,0.175500,84.435065,False,0.761800,1.540000,2,,,,,,,,,,,,,,,,,,,,,
P2_0112,supercritical_f1.8_beta0.5_M3.0_theta0_seed2,1.800000,0.500000,3.000000,0.000000,2,COLLAPSED,,,8.744378,2.290971,4,3.602000,0.181900,84.041765,False,0.761800,1.540000,2,,,,,,,,,,,,,,,,,,,,,
P2_0113,supercritical_f1.9_beta0.5_M3.0_theta0_seed1,1.900000,0.500000,3.000000,0.000000,1,COLLAPSED,,,8.419650,2.041337,4,4.201000,0.204500,109.419443,False,0.715800,1.540000,2,,,,,,,,,,,,,,,,,,,,,
P2_0114,supercritical_f1.9_beta0.5_M3.0_theta0_seed2,1.900000,0.500000,3.000000,0.000000,2,COLLAPSED,,,8.123788,2.041337,3,3.966000,0.209900,111.529809,False,0.715800,1.540000,2,,,,,,,,,,,,,,,,,,,,,
P2_0115,supercritical_f2.0_beta0.5_M3.0_theta0_seed1,2.000000,0.500000,3.000000,0.000000,1,COLLAPSED,,,7.398057,1.838478,4,4.296000,0.192400,91.273711,False,0.667200,1.540000,2,,,,,,,,,,,,,,,,,,,,,
P2_0116,supercritical_f2.0_beta0.5_M3.0_theta0_seed2,2.000000,0.500000,3.000000,0.000000,2,COLLAPSED,,,7.616471,1.838478,3,4.897000,0.222000,88.939143,False,0.667200,1.540000,2,,,,,,,,,,,,,,,,,,,,,
P2_0117,supercritical_f2.2_beta0.5_M3.0_theta0_seed1,2.200000,0.500000,3.000000,0.000000,1,COLLAPSED,,,6.344070,1.528889,5,3.485000,0.231300,116.070416,False,0.562500,1.540000,2,,,,,,,,,,,,,,,,,,,,,
P2_0118,supercritical_f2.2_beta0.5_M3.0_theta0_seed2,2.200000,0.500000,3.000000,0.000000,2,COLLAPSED,,,5.967561,1.528889,5,3.334000,0.194300,148.905293,False,0.562500,1.540000,2,,,,,,,,,,,,,,,,,,,,,
P2_0119,supercritical_f2.5_beta0.5_M3.0_theta0_seed1,2.500000,0.500000,3.000000,0.000000,1,COLLAPSED,,,4.932708,1.213207,4,3.050000,0.262600,118.061745,False,0.388500,1.540000,2,,,,,,,,,,,,,,,,,,,,,
P2_0120,supercritical_f2.5_beta0.5_M3.0_theta0_seed2,2.500000,0.500000,3.000000,0.000000,2,PARTIAL,2.125001,0.637500,4.964816,1.213207,4,3.144000,0.285700,31.762042,False,0.388500,1.540000,2,,,,,,,,,,,,,,,,,,,,,
P2_0121,supercritical_f1.3_beta1.0_M1.0_theta0_seed1,1.300000,1.000000,1.000000,0.000000,1,PARTIAL,3.060662,0.918199,32.880906,3.894573,2,5.190000,0.088200,34.434046,False,0.885900,1.500000,2,,,,,,,,,,,,,,,,,,,,,
P2_0122,supercritical_f1.3_beta1.0_M1.0_theta0_seed2,1.300000,1.000000,1.000000,0.000000,2,PARTIAL,3.082870,0.924861,31.501968,3.894573,2,4.773000,0.102300,38.488965,False,0.885900,1.500000,2,,,,,,,,,,,,,,,,,,,,,
P2_0123,supercritical_f1.4_beta1.0_M1.0_theta0_seed1,1.400000,1.000000,1.000000,0.000000,1,MEASURABLE,3.576738,0.281847,26.461643,3.024569,3,4.883000,0.078800,115.363928,False,0.824300,1.500000,2,,,,,,,,,,,,,,,,,,,,,
P2_0124,supercritical_f1.4_beta1.0_M1.0_theta0_seed2,1.400000,1.000000,1.000000,0.000000,2,PARTIAL,3.294504,0.988351,26.608853,3.024569,1,5.120000,0.085800,39.502732,False,0.824300,1.500000,2,,,,,,,,,,,,,,,,,,,,,
P2_0125,supercritical_f1.5_beta1.0_M1.0_theta0_seed1,1.500000,1.000000,1.000000,0.000000,1,PARTIAL,3.165387,0.949616,21.930821,2.471721,2,5.041000,0.086300,32.481872,False,0.754500,1.500000,2,,,,,,,,,,,,,,,,,,,,,
P2_0126,supercritical_f1.5_beta1.0_M1.0_theta0_seed2,1.500000,1.000000,1.000000,0.000000,2,PARTIAL,2.857083,0.857125,22.790652,2.471721,2,4.989000,0.082500,35.238506,False,0.754500,1.500000,2,,,,,,,,,,,,,,,,,,,,,
P2_0127,supercritical_f1.6_beta1.0_M1.0_theta0_seed1,1.600000,1.000000,1.000000,0.000000,1,PARTIAL,3.286374,0.985912,18.936063,2.087368,3,4.647000,0.101300,43.045172,False,0.677300,1.500000,2,,,,,,,,,,,,,,,,,,,,,
P2_0128,supercritical_f1.6_beta1.0_M1.0_theta0_seed2,1.600000,1.000000,1.000000,0.000000,2,PARTIAL,3.731752,1.119526,19.584049,2.087368,1,5.061000,0.084200,32.728853,False,0.677300,1.500000,2,,,,,,,,,,,,,,,,,,,,,
P2_0129,supercritical_f1.7_beta1.0_M1.0_theta0_seed1,1.700000,1.000000,1.000000,0.000000,1,PARTIAL,3.686056,1.105817,17.427007,1.803950,1,4.870000,0.114100,41.519483,False,0.593300,1.500000,2,,,,,,,,,,,,,,,,,,,,,
P2_0130,supercritical_f1.7_beta1.0_M1.0_theta0_seed2,1.700000,1.000000,1.000000,0.000000,2,PARTIAL,3.045323,0.913597,16.370966,1.803950,2,3.773000,0.104900,31.978691,False,0.593300,1.500000,2,,,,,,,,,,,,,,,,,,,,,
P2_0131,supercritical_f1.8_beta1.0_M1.0_theta0_seed1,1.800000,1.000000,1.000000,0.000000,1,COLLAPSED,,,14.556309,1.586057,4,3.911000,0.112800,81.467147,False,0.503100,1.500000,2,,,,,,,,,,,,,,,,,,,,,
P2_0132,supercritical_f1.8_beta1.0_M1.0_theta0_seed2,1.800000,1.000000,1.000000,0.000000,2,COLLAPSED,,,15.470134,1.586057,4,4.439000,0.136700,91.435526,False,0.503100,1.500000,2,,,,,,,,,,,,,,,,,,,,,
P2_0133,supercritical_f1.9_beta1.0_M1.0_theta0_seed1,1.900000,1.000000,1.000000,0.000000,1,COLLAPSED,,,13.764395,1.413233,3,4.677000,0.132100,74.734733,False,0.407100,1.500000,2,,,,,,,,,,,,,,,,,,,,,
P2_0134,supercritical_f1.9_beta1.0_M1.0_theta0_seed2,1.900000,1.000000,1.000000,0.000000,2,COLLAPSED,,,13.354268,1.413233,2,4.274000,0.134600,74.992855,False,0.407100,1.500000,2,,,,,,,,,,,,,,,,,,,,,
P2_0135,supercritical_f2.0_beta1.0_M1.0_theta0_seed1,2.000000,1.000000,1.000000,0.000000,1,COLLAPSED,,,12.429431,1.272792,3,4.201000,0.153400,83.616133,False,0.305600,1.500000,2,,,,,,,,,,,,,,,,,,,,,
P2_0136,supercritical_f2.0_beta1.0_M1.0_theta0_seed2,2.000000,1.000000,1.000000,0.000000,2,COLLAPSED,,,12.185349,1.272792,4,4.070000,0.145300,89.225125,False,0.305600,1.500000,2,,,,,,,,,,,,,,,,,,,,,
P2_0137,supercritical_f2.2_beta1.0_M1.0_theta0_seed1,2.200000,1.000000,1.000000,0.000000,1,PARTIAL,2.719476,0.815843,10.692679,1.058462,3,3.682000,0.169300,32.453777,True,0.087100,1.500000,2,,,,,,,,,,,,,,,,,,,,,
P2_0138,supercritical_f2.2_beta1.0_M1.0_theta0_seed2,2.200000,1.000000,1.000000,0.000000,2,PARTIAL,2.680711,0.804213,10.801287,1.058462,3,4.005000,0.165700,40.299227,True,0.087100,1.500000,2,,,,,,,,,,,,,,,,,,,,,
P2_0139,supercritical_f2.5_beta1.0_M1.0_theta0_seed1,2.500000,1.000000,1.000000,0.000000,1,PARTIAL,3.001570,0.900471,8.450940,0.839913,4,3.036000,0.247300,35.634941,True,0.050000,1.500000,2,,,,,,,,,,,,,,,,,,,,,
P2_0140,supercritical_f2.5_beta1.0_M1.0_theta0_seed2,2.500000,1.000000,1.000000,0.000000,2,PARTIAL,2.404227,0.721268,8.493527,0.839913,5,3.159000,0.237800,42.808811,True,0.050000,1.500000,2,,,,,,,,,,,,,,,,,,,,,
P2_0141,supercritical_f1.3_beta1.0_M2.0_theta0_seed1,1.300000,1.000000,2.000000,0.000000,1,MEASURABLE,3.474291,0.378003,22.903678,3.894573,3,4.883000,0.108800,75.224210,False,0.885900,1.420000,2,,,,,,,,,,,,,,,,,,,,,
P2_0142,supercritical_f1.3_beta1.0_M2.0_theta0_seed2,1.300000,1.000000,2.000000,0.000000,2,PARTIAL,3.200140,0.960042,23.031094,3.894573,1,5.120000,0.115800,39.294810,False,0.885900,1.420000,2,,,,,,,,,,,,,,,,,,,,,
P2_0143,supercritical_f1.4_beta1.0_M2.0_theta0_seed1,1.400000,1.000000,2.000000,0.000000,1,PARTIAL,3.070007,0.921002,18.316433,3.024569,2,5.041000,0.116300,35.494387,False,0.824300,1.420000,2,,,,,,,,,,,,,,,,,,,,,
P2_0144,supercritical_f1.4_beta1.0_M2.0_theta0_seed2,1.400000,1.000000,2.000000,0.000000,2,PARTIAL,2.770993,0.831298,19.034556,3.024569,2,4.989000,0.112500,42.132500,False,0.824300,1.420000,2,,,,,,,,,,,,,,,,,,,,,
P2_0145,supercritical_f1.5_beta1.0_M2.0_theta0_seed1,1.500000,1.000000,2.000000,0.000000,1,PARTIAL,3.183092,0.954928,15.448857,2.471721,4,4.687000,0.128100,31.679133,False,0.754500,1.420000,2,,,,,,,,,,,,,,,,,,,,,
P2_0146,supercritical_f1.5_beta1.0_M2.0_theta0_seed2,1.500000,1.000000,2.000000,0.000000,2,PARTIAL,3.614474,1.084342,15.977512,2.471721,1,5.101000,0.111500,38.152704,False,0.754500,1.420000,2,,,,,,,,,,,,,,,,,,,,,
P2_0147,supercritical_f1.6_beta1.0_M2.0_theta0_seed1,1.600000,1.000000,2.000000,0.000000,1,PARTIAL,3.566023,1.069807,13.981085,2.087368,1,4.910000,0.141000,39.865573,False,0.677300,1.420000,2,,,,,,,,,,,,,,,,,,,,,
P2_0148,supercritical_f1.6_beta1.0_M2.0_theta0_seed2,1.600000,1.000000,2.000000,0.000000,2,PARTIAL,2.946156,0.883847,13.133860,2.087368,3,3.813000,0.132100,37.973161,False,0.677300,1.420000,2,,,,,,,,,,,,,,,,,,,,,
P2_0149,supercritical_f1.7_beta1.0_M2.0_theta0_seed1,1.700000,1.000000,2.000000,0.000000,1,COLLAPSED,,,11.530314,1.803950,3,3.951000,0.140100,76.941194,False,0.593300,1.420000,2,,,,,,,,,,,,,,,,,,,,,
P2_0150,supercritical_f1.7_beta1.0_M2.0_theta0_seed2,1.700000,1.000000,2.000000,0.000000,2,COLLAPSED,,,12.254172,1.803950,3,4.479000,0.163400,86.355774,False,0.593300,1.420000,2,,,,,,,,,,,,,,,,,,,,,
P2_0151,supercritical_f1.8_beta1.0_M2.0_theta0_seed1,1.800000,1.000000,2.000000,0.000000,1,COLLAPSED,,,10.793913,1.586057,4,4.717000,0.159300,70.801326,False,0.503100,1.420000,2,,,,,,,,,,,,,,,,,,,,,
P2_0152,supercritical_f1.8_beta1.0_M2.0_theta0_seed2,1.800000,1.000000,2.000000,0.000000,2,COLLAPSED,,,10.472295,1.586057,2,4.314000,0.161700,71.045863,False,0.503100,1.420000,2,,,,,,,,,,,,,,,,,,,,,
P2_0153,supercritical_f1.9_beta1.0_M2.0_theta0_seed1,1.900000,1.000000,2.000000,0.000000,1,COLLAPSED,,,9.667514,1.413233,4,4.241000,0.180500,79.435326,False,0.407100,1.420000,2,,,,,,,,,,,,,,,,,,,,,
P2_0154,supercritical_f1.9_beta1.0_M2.0_theta0_seed2,1.900000,1.000000,2.000000,0.000000,2,COLLAPSED,,,9.477669,1.413233,4,4.110000,0.172500,84.763869,False,0.407100,1.420000,2,,,,,,,,,,,,,,,,,,,,,
P2_0155,supercritical_f2.0_beta1.0_M2.0_theta0_seed1,2.000000,1.000000,2.000000,0.000000,1,COLLAPSED,,,9.095063,1.272792,4,3.625000,0.203400,104.389571,False,0.305600,1.420000,2,,,,,,,,,,,,,,,,,,,,,
P2_0156,supercritical_f2.0_beta1.0_M2.0_theta0_seed2,2.000000,1.000000,2.000000,0.000000,2,COLLAPSED,,,8.621438,1.272792,2,4.299000,0.179200,75.500467,False,0.305600,1.420000,2,,,,,,,,,,,,,,,,,,,,,
P2_0157,supercritical_f2.2_beta1.0_M2.0_theta0_seed1,2.200000,1.000000,2.000000,0.000000,1,PARTIAL,2.607320,0.782196,7.419027,1.058462,3,3.293000,0.206900,42.230350,True,0.087100,1.420000,2,,,,,,,,,,,,,,,,,,,,,
P2_0158,supercritical_f2.2_beta1.0_M2.0_theta0_seed2,2.200000,1.000000,2.000000,0.000000,2,PARTIAL,2.397313,0.719194,7.471521,1.058462,3,4.226000,0.240900,32.235692,True,0.087100,1.420000,2,,,,,,,,,,,,,,,,,,,,,
P2_0159,supercritical_f2.5_beta1.0_M2.0_theta0_seed1,2.500000,1.000000,2.000000,0.000000,1,PARTIAL,2.746788,0.824036,5.920308,0.839913,5,3.083000,0.265700,42.884315,True,0.050000,1.420000,2,,,,,,,,,,,,,,,,,,,,,
P2_0160,supercritical_f2.5_beta1.0_M2.0_theta0_seed2,2.500000,1.000000,2.000000,0.000000,2,PARTIAL,2.388605,0.716581,5.768634,0.839913,5,2.944000,0.291200,41.950206,True,0.050000,1.420000,2,,,,,,,,,,,,,,,,,,,,,
P2_0161,supercritical_f1.3_beta1.0_M3.0_theta0_seed1,1.300000,1.000000,3.000000,0.000000,1,PARTIAL,2.973813,0.892144,18.306220,3.894573,2,5.041000,0.146300,35.494387,False,0.885900,1.340000,2,,,,,,,,,,,,,,,,,,,,,
P2_0162,supercritical_f1.3_beta1.0_M3.0_theta0_seed2,1.300000,1.000000,3.000000,0.000000,2,PARTIAL,2.684169,0.805251,19.023943,3.894573,2,4.989000,0.142500,42.132500,False,0.885900,1.340000,2,,,,,,,,,,,,,,,,,,,,,
P2_0163,supercritical_f1.4_beta1.0_M3.0_theta0_seed1,1.400000,1.000000,3.000000,0.000000,1,PARTIAL,3.078627,0.923588,14.898815,3.024569,4,4.727000,0.154900,31.679133,False,0.824300,1.340000,2,,,,,,,,,,,,,,,,,,,,,
P2_0164,supercritical_f1.4_beta1.0_M3.0_theta0_seed2,1.400000,1.000000,3.000000,0.000000,2,PARTIAL,3.495851,1.048755,15.408648,3.024569,1,5.141000,0.138800,38.152704,False,0.824300,1.340000,2,,,,,,,,,,,,,,,,,,,,,
P2_0165,supercritical_f1.5_beta1.0_M3.0_theta0_seed1,1.500000,1.000000,3.000000,0.000000,1,PARTIAL,3.444385,1.033315,13.170944,2.471721,1,4.950000,0.167900,39.865573,False,0.754500,1.340000,2,,,,,,,,,,,,,,,,,,,,,
P2_0166,supercritical_f1.5_beta1.0_M3.0_theta0_seed2,1.500000,1.000000,3.000000,0.000000,2,PARTIAL,2.845661,0.853698,12.372812,2.471721,3,3.853000,0.159200,37.973161,False,0.754500,1.340000,2,,,,,,,,,,,,,,,,,,,,,
P2_0167,supercritical_f1.6_beta1.0_M3.0_theta0_seed1,1.600000,1.000000,3.000000,0.000000,1,COLLAPSED,,,10.681410,2.087368,3,3.991000,0.167400,72.415242,False,0.677300,1.340000,2,,,,,,,,,,,,,,,,,,,,,
P2_0168,supercritical_f1.6_beta1.0_M3.0_theta0_seed2,1.600000,1.000000,3.000000,0.000000,2,COLLAPSED,,,11.351975,2.087368,3,4.519000,0.190100,81.276023,False,0.677300,1.340000,2,,,,,,,,,,,,,,,,,,,,,
P2_0169,supercritical_f1.7_beta1.0_M3.0_theta0_seed1,1.700000,1.000000,3.000000,0.000000,1,COLLAPSED,,,9.872751,1.803950,3,4.757000,0.186400,66.867919,False,0.593300,1.340000,2,,,,,,,,,,,,,,,,,,,,,
P2_0170,supercritical_f1.7_beta1.0_M3.0_theta0_seed2,1.700000,1.000000,3.000000,0.000000,2,COLLAPSED,,,9.578580,1.803950,1,4.354000,0.188800,67.098871,False,0.593300,1.340000,2,,,,,,,,,,,,,,,,,,,,,
P2_0171,supercritical_f1.8_beta1.0_M3.0_theta0_seed1,1.800000,1.000000,3.000000,0.000000,1,COLLAPSED,,,8.753989,1.586057,4,4.281000,0.207500,75.254520,False,0.503100,1.340000,2,,,,,,,,,,,,,,,,,,,,,
P2_0172,supercritical_f1.8_beta1.0_M3.0_theta0_seed2,1.800000,1.000000,3.000000,0.000000,2,COLLAPSED,,,8.582083,1.586057,4,4.150000,0.199700,80.302612,False,0.503100,1.340000,2,,,,,,,,,,,,,,,,,,,,,
P2_0173,supercritical_f1.9_beta1.0_M3.0_theta0_seed1,1.900000,1.000000,3.000000,0.000000,1,COLLAPSED,,,8.168431,1.413233,4,3.665000,0.230300,99.170092,False,0.407100,1.340000,2,,,,,,,,,,,,,,,,,,,,,
P2_0174,supercritical_f1.9_beta1.0_M3.0_theta0_seed2,1.900000,1.000000,3.000000,0.000000,2,COLLAPSED,,,7.743061,1.413233,2,4.339000,0.206500,71.725444,False,0.407100,1.340000,2,,,,,,,,,,,,,,,,,,,,,
P2_0175,supercritical_f2.0_beta1.0_M3.0_theta0_seed1,2.000000,1.000000,3.000000,0.000000,1,COLLAPSED,,,7.325331,1.272792,4,3.762000,0.223800,93.805894,False,0.305600,1.340000,2,,,,,,,,,,,,,,,,,,,,,
P2_0176,supercritical_f2.0_beta1.0_M3.0_theta0_seed2,2.000000,1.000000,3.000000,0.000000,2,PARTIAL,2.482620,0.744786,7.399736,1.272792,3,4.085000,0.220300,34.839499,False,0.305600,1.340000,2,,,,,,,,,,,,,,,,,,,,,
P2_0177,supercritical_f2.2_beta1.0_M3.0_theta0_seed1,2.200000,1.000000,3.000000,0.000000,1,PARTIAL,2.781190,0.834357,6.066782,1.058462,4,3.305000,0.230000,36.026573,True,0.087100,1.340000,2,,,,,,,,,,,,,,,,,,,,,
P2_0178,supercritical_f2.2_beta1.0_M3.0_theta0_seed2,2.200000,1.000000,3.000000,0.000000,2,PARTIAL,2.130642,0.639193,6.355675,1.058462,4,2.938000,0.275700,41.681218,True,0.087100,1.340000,2,,,,,,,,,,,,,,,,,,,,,
P2_0179,supercritical_f2.5_beta1.0_M3.0_theta0_seed1,2.500000,1.000000,3.000000,0.000000,1,PARTIAL,2.347504,0.776789,4.932641,0.839913,4,2.779000,0.330900,36.797441,True,0.050000,1.340000,2,,,,,,,,,,,,,,,,,,,,,
P2_0180,supercritical_f2.5_beta1.0_M3.0_theta0_seed2,2.500000,1.000000,3.000000,0.000000,2,PARTIAL,2.279373,0.683812,5.085920,0.839913,6,2.381000,0.283900,34.384592,True,0.050000,1.340000,2,,,,,,,,,,,,,,,,,,,,,
P2_0181,supercritical_f1.3_beta2.0_M1.0_theta0_seed1,1.300000,2.000000,1.000000,0.000000,1,MEASURABLE,3.816154,0.300713,32.390692,3.029113,3,4.883000,0.078800,115.363928,False,0.811400,1.400000,2,,,,,,,,,,,,,,,,,,,,,
P2_0182,supercritical_f1.3_beta2.0_M1.0_theta0_seed2,1.300000,2.000000,1.000000,0.000000,2,PARTIAL,3.515028,1.054508,32.570886,3.029113,1,5.120000,0.085800,39.502732,False,0.811400,1.400000,2,,,,,,,,,,,,,,,,,,,,,
P2_0183,supercritical_f1.4_beta2.0_M1.0_theta0_seed1,1.400000,2.000000,1.000000,0.000000,1,PARTIAL,3.372090,1.011627,25.903348,2.352443,2,5.041000,0.086300,32.481872,False,0.709600,1.400000,2,,,,,,,,,,,,,,,,,,,,,
P2_0184,supercritical_f1.4_beta2.0_M1.0_theta0_seed2,1.400000,2.000000,1.000000,0.000000,2,PARTIAL,3.043654,0.913096,26.918927,2.352443,2,4.989000,0.082500,35.238506,False,0.709600,1.400000,2,,,,,,,,,,,,,,,,,,,,,
P2_0185,supercritical_f1.5_beta2.0_M1.0_theta0_seed1,1.500000,2.000000,1.000000,0.000000,1,PARTIAL,3.496303,1.048891,21.847983,1.922449,3,4.647000,0.101300,43.045172,False,0.594100,1.400000,2,,,,,,,,,,,,,,,,,,,,,
P2_0186,supercritical_f1.5_beta2.0_M1.0_theta0_seed2,1.500000,2.000000,1.000000,0.000000,2,PARTIAL,3.970131,1.191039,22.595614,1.922449,1,5.061000,0.084200,32.728853,False,0.594100,1.400000,2,,,,,,,,,,,,,,,,,,,,,
P2_0187,supercritical_f1.6_beta2.0_M1.0_theta0_seed1,1.600000,2.000000,1.000000,0.000000,1,PARTIAL,3.916913,1.175074,19.772241,1.623509,1,4.870000,0.114100,41.519483,False,0.466500,1.400000,2,,,,,,,,,,,,,,,,,,,,,
P2_0188,supercritical_f1.6_beta2.0_M1.0_theta0_seed2,1.600000,2.000000,1.000000,0.000000,2,PARTIAL,3.236052,0.970816,18.574083,1.623509,2,3.773000,0.104900,31.978691,False,0.466500,1.400000,2,,,,,,,,,,,,,,,,,,,,,
P2_0189,supercritical_f1.7_beta2.0_M1.0_theta0_seed1,1.700000,2.000000,1.000000,0.000000,1,COLLAPSED,,,16.306327,1.403072,3,3.911000,0.112800,76.941194,False,0.327700,1.400000,2,,,,,,,,,,,,,,,,,,,,,
P2_0190,supercritical_f1.7_beta2.0_M1.0_theta0_seed2,1.700000,2.000000,1.000000,0.000000,2,COLLAPSED,,,17.330016,1.403072,3,4.439000,0.136700,86.355774,False,0.327700,1.400000,2,,,,,,,,,,,,,,,,,,,,,
P2_0191,supercritical_f1.8_beta2.0_M1.0_theta0_seed1,1.800000,2.000000,1.000000,0.000000,1,PARTIAL,2.629790,0.788937,15.264898,1.233600,2,4.677000,0.132100,37.007344,True,0.178600,1.400000,2,,,,,,,,,,,,,,,,,,,,,
P2_0192,supercritical_f1.8_beta2.0_M1.0_theta0_seed2,1.800000,2.000000,1.000000,0.000000,2,PARTIAL,2.636682,0.791005,14.810062,1.233600,1,4.274000,0.134600,30.974473,True,0.178600,1.400000,2,,,,,,,,,,,,,,,,,,,,,
P2_0193,supercritical_f1.9_beta2.0_M1.0_theta0_seed1,1.900000,2.000000,1.000000,0.000000,1,PARTIAL,2.710976,0.813293,13.671929,1.099181,3,4.201000,0.153400,38.364024,True,0.050000,1.400000,2,,,,,,,,,,,,,,,,,,,,,
P2_0194,supercritical_f1.9_beta2.0_M1.0_theta0_seed2,1.900000,2.000000,1.000000,0.000000,2,PARTIAL,2.850972,0.855292,13.403448,1.099181,4,4.070000,0.145300,38.633223,True,0.050000,1.400000,2,,,,,,,,,,,,,,,,,,,,,
P2_0195,supercritical_f2.0_beta2.0_M1.0_theta0_seed1,2.000000,2.000000,1.000000,0.000000,1,PARTIAL,3.180151,0.954045,12.862361,0.989949,3,3.585000,0.176600,44.393521,True,0.050000,1.400000,2,,,,,,,,,,,,,,,,,,,,,
P2_0196,supercritical_f2.0_beta2.0_M1.0_theta0_seed2,2.000000,2.000000,1.000000,0.000000,2,PARTIAL,2.470111,0.741033,12.192555,0.989949,2,4.259000,0.151900,31.477987,True,0.050000,1.400000,2,,,,,,,,,,,,,,,,,,,,,
P2_0197,supercritical_f2.2_beta2.0_M1.0_theta0_seed1,2.200000,2.000000,1.000000,0.000000,1,PARTIAL,2.863875,0.859162,10.492089,0.823248,3,3.253000,0.179600,42.154657,True,0.050000,1.400000,2,,,,,,,,,,,,,,,,,,,,,
P2_0198,supercritical_f2.2_beta2.0_M1.0_theta0_seed2,2.200000,2.000000,1.000000,0.000000,2,PARTIAL,2.633204,0.789961,10.566327,0.823248,3,4.186000,0.214100,33.328961,True,0.050000,1.400000,2,,,,,,,,,,,,,,,,,,,,,
P2_0199,supercritical_f2.5_beta2.0_M1.0_theta0_seed1,2.500000,2.000000,1.000000,0.000000,1,PARTIAL,3.017067,0.905120,8.372580,0.653265,5,3.043000,0.238700,44.942851,True,0.050000,1.400000,2,,,,,,,,,,,,,,,,,,,,,
P2_0200,supercritical_f2.5_beta2.0_M1.0_theta0_seed2,2.500000,2.000000,1.000000,0.000000,2,PARTIAL,2.623639,0.787092,8.158080,0.653265,5,2.904000,0.264500,35.557937,True,0.050000,1.400000,2,,,,,,,,,,,,,,,,,,,,,
P2_0201,supercritical_f1.3_beta2.0_M2.0_theta0_seed1,1.300000,2.000000,2.000000,0.000000,1,PARTIAL,3.275504,0.982651,22.420449,3.029113,2,5.041000,0.116300,35.494387,False,0.811400,1.320000,2,,,,,,,,,,,,,,,,,,,,,
P2_0202,supercritical_f1.3_beta2.0_M2.0_theta0_seed2,1.300000,2.000000,2.000000,0.000000,2,PARTIAL,2.956476,0.886943,23.299476,3.029113,2,4.989000,0.112500,42.132500,False,0.811400,1.320000,2,,,,,,,,,,,,,,,,,,,,,
P2_0203,supercritical_f1.4_beta2.0_M2.0_theta0_seed1,1.400000,2.000000,2.000000,0.000000,1,PARTIAL,3.390952,1.017286,18.247247,2.352443,4,4.687000,0.128100,31.679133,False,0.709600,1.320000,2,,,,,,,,,,,,,,,,,,,,,
P2_0204,supercritical_f1.4_beta2.0_M2.0_theta0_seed2,1.400000,2.000000,2.000000,0.000000,2,PARTIAL,3.850503,1.155151,18.871662,2.352443,1,5.101000,0.111500,38.152704,False,0.709600,1.320000,2,,,,,,,,,,,,,,,,,,,,,
P2_0205,supercritical_f1.5_beta2.0_M2.0_theta0_seed1,1.500000,2.000000,2.000000,0.000000,1,PARTIAL,3.793815,1.138145,16.131047,1.922449,1,4.910000,0.141000,39.865573,False,0.594100,1.320000,2,,,,,,,,,,,,,,,,,,,,,
P2_0206,supercritical_f1.5_beta2.0_M2.0_theta0_seed2,1.500000,2.000000,2.000000,0.000000,2,PARTIAL,3.134352,0.940306,15.153538,1.922449,3,3.813000,0.132100,37.973161,False,0.594100,1.320000,2,,,,,,,,,,,,,,,,,,,,,
P2_0207,supercritical_f1.6_beta2.0_M2.0_theta0_seed1,1.600000,2.000000,2.000000,0.000000,1,COLLAPSED,,,13.082002,1.623509,3,3.951000,0.140100,72.415242,False,0.466500,1.320000,2,,,,,,,,,,,,,,,,,,,,,
P2_0208,supercritical_f1.6_beta2.0_M2.0_theta0_seed2,1.600000,2.000000,2.000000,0.000000,2,COLLAPSED,,,13.903273,1.623509,3,4.479000,0.163400,81.276023,False,0.466500,1.320000,2,,,,,,,,,,,,,,,,,,,,,
P2_0209,supercritical_f1.7_beta2.0_M2.0_theta0_seed1,1.700000,2.000000,2.000000,0.000000,1,COLLAPSED,,,12.091601,1.403072,3,4.717000,0.159300,66.867919,False,0.327700,1.320000,2,,,,,,,,,,,,,,,,,,,,,
P2_0210,supercritical_f1.7_beta2.0_M2.0_theta0_seed2,1.700000,2.000000,2.000000,0.000000,2,COLLAPSED,,,11.731317,1.403072,1,4.314000,0.161700,67.098871,False,0.327700,1.320000,2,,,,,,,,,,,,,,,,,,,,,
P2_0211,supercritical_f1.8_beta2.0_M2.0_theta0_seed1,1.800000,2.000000,2.000000,0.000000,1,PARTIAL,2.617542,0.785263,10.721403,1.233600,3,4.241000,0.180500,41.802485,True,0.178600,1.320000,2,,,,,,,,,,,,,,,,,,,,,
P2_0212,supercritical_f1.8_beta2.0_M2.0_theta0_seed2,1.800000,2.000000,2.000000,0.000000,2,PARTIAL,2.752713,0.825814,10.510862,1.233600,3,4.110000,0.172500,42.153918,True,0.178600,1.320000,2,,,,,,,,,,,,,,,,,,,,,
P2_0213,supercritical_f1.9_beta2.0_M2.0_theta0_seed1,1.900000,2.000000,2.000000,0.000000,1,PARTIAL,3.067992,0.920398,10.004244,1.099181,4,3.625000,0.203400,34.868123,True,0.050000,1.320000,2,,,,,,,,,,,,,,,,,,,,,
P2_0214,supercritical_f1.9_beta2.0_M2.0_theta0_seed2,1.900000,2.000000,2.000000,0.000000,2,PARTIAL,2.382995,0.714898,9.483274,1.099181,2,4.299000,0.179200,33.058541,True,0.050000,1.320000,2,,,,,,,,,,,,,,,,,,,,,
P2_0215,supercritical_f2.0_beta2.0_M2.0_theta0_seed1,2.000000,2.000000,2.000000,0.000000,1,PARTIAL,2.774023,0.832207,8.971661,0.989949,4,3.722000,0.196600,32.652025,True,0.050000,1.320000,2,,,,,,,,,,,,,,,,,,,,,
P2_0216,supercritical_f2.0_beta2.0_M2.0_theta0_seed2,2.000000,2.000000,2.000000,0.000000,2,PARTIAL,2.734481,0.820344,9.062788,0.989949,3,4.045000,0.193000,31.838226,True,0.050000,1.320000,2,,,,,,,,,,,,,,,,,,,,,
P2_0217,supercritical_f2.2_beta2.0_M2.0_theta0_seed1,2.200000,2.000000,2.000000,0.000000,1,PARTIAL,3.063340,0.919002,7.430260,0.823248,4,3.265000,0.202500,36.026573,True,0.050000,1.320000,2,,,,,,,,,,,,,,,,,,,,,
P2_0218,supercritical_f2.2_beta2.0_M2.0_theta0_seed2,2.200000,2.000000,2.000000,0.000000,2,PARTIAL,2.346794,0.704038,7.784081,0.823248,4,2.898000,0.248800,41.681218,True,0.050000,1.320000,2,,,,,,,,,,,,,,,,,,,,,
P2_0219,supercritical_f2.5_beta2.0_M2.0_theta0_seed1,2.500000,2.000000,2.000000,0.000000,1,PARTIAL,2.585657,0.786298,6.041226,0.653265,4,2.739000,0.304100,36.797441,True,0.050000,1.320000,2,,,,,,,,,,,,,,,,,,,,,
P2_0220,supercritical_f2.5_beta2.0_M2.0_theta0_seed2,2.500000,2.000000,2.000000,0.000000,2,PARTIAL,2.510614,0.753184,6.228955,0.653265,6,2.341000,0.256600,34.384592,True,0.050000,1.320000,2,,,,,,,,,,,,,,,,,,,,,
P2_0221,supercritical_f1.3_beta2.0_M3.0_theta0_seed1,1.300000,2.000000,3.000000,0.000000,1,PARTIAL,3.284702,0.985410,18.237073,3.029113,4,4.727000,0.154900,31.679133,False,0.811400,1.240000,2,,,,,,,,,,,,,,,,,,,,,
P2_0222,supercritical_f1.3_beta2.0_M3.0_theta0_seed2,1.300000,2.000000,3.000000,0.000000,2,PARTIAL,3.729853,1.118956,18.861140,3.029113,1,5.141000,0.138800,38.152704,False,0.811400,1.240000,2,,,,,,,,,,,,,,,,,,,,,
P2_0223,supercritical_f1.4_beta2.0_M3.0_theta0_seed1,1.400000,2.000000,3.000000,0.000000,1,PARTIAL,3.669307,1.100792,15.556716,2.352443,1,4.950000,0.167900,39.865573,False,0.709600,1.240000,2,,,,,,,,,,,,,,,,,,,,,
P2_0224,supercritical_f1.4_beta2.0_M3.0_theta0_seed2,1.400000,2.000000,3.000000,0.000000,2,PARTIAL,3.031486,0.909446,14.614011,2.352443,3,3.853000,0.159200,37.973161,False,0.709600,1.240000,2,,,,,,,,,,,,,,,,,,,,,
P2_0225,supercritical_f1.5_beta2.0_M3.0_theta0_seed1,1.500000,2.000000,3.000000,0.000000,1,COLLAPSED,,,12.323959,1.922449,3,3.991000,0.167400,67.889289,False,0.594100,1.240000,2,,,,,,,,,,,,,,,,,,,,,
P2_0226,supercritical_f1.5_beta2.0_M3.0_theta0_seed2,1.500000,2.000000,3.000000,0.000000,2,COLLAPSED,,,13.097640,1.922449,3,4.519000,0.190100,76.196272,False,0.594100,1.240000,2,,,,,,,,,,,,,,,,,,,,,
P2_0227,supercritical_f1.6_beta2.0_M3.0_theta0_seed1,1.600000,2.000000,3.000000,0.000000,1,COLLAPSED,,,11.201373,1.623509,3,4.757000,0.186400,62.934512,False,0.466500,1.240000,2,,,,,,,,,,,,,,,,,,,,,
P2_0228,supercritical_f1.6_beta2.0_M3.0_theta0_seed2,1.600000,2.000000,3.000000,0.000000,2,COLLAPSED,,,10.867614,1.623509,1,4.354000,0.188800,63.151878,False,0.466500,1.240000,2,,,,,,,,,,,,,,,,,,,,,
P2_0229,supercritical_f1.7_beta2.0_M3.0_theta0_seed1,1.700000,2.000000,3.000000,0.000000,1,COLLAPSED,,,9.806429,1.403072,3,4.281000,0.207500,71.073713,False,0.327700,1.240000,2,,,,,,,,,,,,,,,,,,,,,
P2_0230,supercritical_f1.7_beta2.0_M3.0_theta0_seed2,1.700000,2.000000,3.000000,0.000000,2,COLLAPSED,,,9.613855,1.403072,3,4.150000,0.199700,75.841356,False,0.327700,1.240000,2,,,,,,,,,,,,,,,,,,,,,
P2_0231,supercritical_f1.8_beta2.0_M3.0_theta0_seed1,1.800000,2.000000,3.000000,0.000000,1,PARTIAL,2.954047,0.886214,9.058899,1.233600,3,3.665000,0.230300,34.868123,True,0.178600,1.240000,2,,,,,,,,,,,,,,,,,,,,,
P2_0232,supercritical_f1.8_beta2.0_M3.0_theta0_seed2,1.800000,2.000000,3.000000,0.000000,2,PARTIAL,2.294491,0.688347,8.587158,1.233600,1,4.339000,0.206500,33.058541,True,0.178600,1.240000,2,,,,,,,,,,,,,,,,,,,,,
P2_0233,supercritical_f1.9_beta2.0_M3.0_theta0_seed1,1.900000,2.000000,3.000000,0.000000,1,PARTIAL,2.668774,0.800632,8.057602,1.099181,4,3.762000,0.223800,32.652025,True,0.050000,1.240000,2,,,,,,,,,,,,,,,,,,,,,
P2_0234,supercritical_f1.9_beta2.0_M3.0_theta0_seed2,1.900000,2.000000,3.000000,0.000000,2,PARTIAL,2.630732,0.789220,8.139445,1.099181,3,4.085000,0.220300,31.838226,True,0.050000,1.240000,2,,,,,,,,,,,,,,,,,,,,,
P2_0235,supercritical_f2.0_beta2.0_M3.0_theta0_seed1,2.000000,2.000000,3.000000,0.000000,1,PARTIAL,2.652249,0.795675,7.187910,0.989949,3,3.333000,0.234200,42.230350,True,0.050000,1.240000,2,,,,,,,,,,,,,,,,,,,,,
P2_0236,supercritical_f2.0_beta2.0_M3.0_theta0_seed2,2.000000,2.000000,3.000000,0.000000,2,PARTIAL,2.438624,0.731587,7.238769,0.989949,3,4.266000,0.267700,32.235692,True,0.050000,1.240000,2,,,,,,,,,,,,,,,,,,,,,
P2_0237,supercritical_f2.2_beta2.0_M3.0_theta0_seed1,2.200000,2.000000,3.000000,0.000000,1,PARTIAL,2.929069,0.881357,6.081589,0.823248,3,3.116000,0.300900,44.403464,True,0.050000,1.240000,2,,,,,,,,,,,,,,,,,,,,,
P2_0238,supercritical_f2.2_beta2.0_M3.0_theta0_seed2,2.200000,2.000000,3.000000,0.000000,2,PARTIAL,2.346154,0.703846,6.112237,0.823248,5,3.239000,0.291600,34.322878,True,0.050000,1.240000,2,,,,,,,,,,,,,,,,,,,,,
P2_0239,supercritical_f2.5_beta2.0_M3.0_theta0_seed1,2.500000,2.000000,3.000000,0.000000,1,PARTIAL,2.691198,0.856070,5.114738,0.653265,4,2.760000,0.318100,41.360717,True,0.050000,1.240000,2,,,,,,,,,,,,,,,,,,,,,
P2_0240,supercritical_f2.5_beta2.0_M3.0_theta0_seed2,2.500000,2.000000,3.000000,0.000000,2,PARTIAL,2.676834,0.874522,5.026621,0.653265,3,2.498000,0.326700,31.009108,True,0.050000,1.240000,2,,,,,,,,,,,,,,,,,,,,,
P2_0241,supercritical_f1.4_beta0.5_M1.0_theta30_seed1,1.400000,0.500000,1.000000,30.000000,1,MEASURABLE,1.544023,0.123831,31.444626,4.284806,4,5.131000,0.080200,112.700423,False,0.912500,1.775000,2,,,,,,,,,,,,,,,,,,,,,
P2_0242,supercritical_f1.4_beta0.5_M1.0_theta30_seed2,1.400000,0.500000,1.000000,30.000000,2,MEASURABLE,1.387922,0.120472,30.055679,4.284806,5,5.240000,0.086800,87.264823,False,0.912500,1.775000,2,,,,,,,,,,,,,,,,,,,,,
P2_0243,supercritical_f1.5_beta0.5_M1.0_theta30_seed1,1.500000,0.500000,1.000000,30.000000,1,MEASURABLE,1.423590,0.135810,27.758907,3.501604,4,4.574000,0.095400,114.135747,False,0.877700,1.775000,2,,,,,,,,,,,,,,,,,,,,,
P2_0244,supercritical_f1.5_beta0.5_M1.0_theta30_seed2,1.500000,0.500000,1.000000,30.000000,2,MEASURABLE,1.567535,0.114117,25.772642,3.501604,5,5.302000,0.072800,98.356912,False,0.877700,1.775000,2,,,,,,,,,,,,,,,,,,,,,
P2_0245,supercritical_f1.6_beta0.5_M1.0_theta30_seed1,1.600000,0.500000,1.000000,30.000000,1,MEASURABLE,1.468019,0.132268,23.221193,2.957105,6,5.631000,0.090100,94.830132,False,0.839200,1.775000,2,,,,,,,,,,,,,,,,,,,,,
P2_0246,supercritical_f1.6_beta0.5_M1.0_theta30_seed2,1.600000,0.500000,1.000000,30.000000,2,MEASURABLE,1.392052,0.103847,21.855533,2.957105,5,4.124000,0.074600,97.674566,False,0.839200,1.775000,2,,,,,,,,,,,,,,,,,,,,,
P2_0247,supercritical_f1.8_beta0.5_M1.0_theta30_seed1,1.800000,0.500000,1.000000,30.000000,1,PARTIAL,1.565278,0.469583,19.027096,2.246914,6,4.871000,0.090300,43.245621,False,0.752400,1.775000,2,,,,,,,,,,,,,,,,,,,,,
P2_0248,supercritical_f1.8_beta0.5_M1.0_theta30_seed2,1.800000,0.500000,1.000000,30.000000,2,PARTIAL,1.590083,0.477025,18.358495,2.246914,5,4.636000,0.093700,30.587233,False,0.752400,1.775000,2,,,,,,,,,,,,,,,,,,,,,
P2_0249,supercritical_f2.0_beta0.5_M1.0_theta30_seed1,2.000000,0.500000,1.000000,30.000000,1,COLLAPSED,,,14.610491,1.803122,7,4.437000,0.099100,92.992516,False,0.654000,1.775000,2,,,,,,,,,,,,,,,,,,,,,
P2_0250,supercritical_f2.0_beta0.5_M1.0_theta30_seed2,2.000000,0.500000,1.000000,30.000000,2,COLLAPSED,,,15.047545,1.803122,7,4.202000,0.105000,141.392650,False,0.654000,1.775000,2,,,,,,,,,,,,,,,,,,,,,
P2_0251,supercritical_f2.5_beta0.5_M1.0_theta30_seed1,2.500000,0.500000,1.000000,30.000000,1,COLLAPSED,,,9.966072,1.189876,9,3.851000,0.214800,116.127810,False,0.364300,1.775000,2,,,,,,,,,,,,,,,,,,,,,
P2_0252,supercritical_f2.5_beta0.5_M1.0_theta30_seed2,2.500000,0.500000,1.000000,30.000000,2,COLLAPSED,,,10.136376,1.189876,9,3.923000,0.167200,138.001647,False,0.364300,1.775000,2,,,,,,,,,,,,,,,,,,,,,
P2_0253,supercritical_f1.4_beta0.5_M2.0_theta30_seed1,1.400000,0.500000,2.000000,30.000000,1,MEASURABLE,1.380694,0.173139,23.184000,4.284806,4,4.574000,0.125400,105.990992,False,0.912500,1.695000,2,,,,,,,,,,,,,,,,,,,,,
P2_0254,supercritical_f1.4_beta0.5_M2.0_theta30_seed2,1.400000,0.500000,2.000000,30.000000,2,MEASURABLE,1.520301,0.156287,21.525089,4.284806,5,5.302000,0.102800,99.285201,False,0.912500,1.695000,2,,,,,,,,,,,,,,,,,,,,,
P2_0255,supercritical_f1.5_beta0.5_M2.0_theta30_seed1,1.500000,0.500000,2.000000,30.000000,1,MEASURABLE,1.421883,0.170768,18.944851,3.501604,6,5.631000,0.120100,102.693810,False,0.877700,1.695000,2,,,,,,,,,,,,,,,,,,,,,
P2_0256,supercritical_f1.5_beta0.5_M2.0_theta30_seed2,1.500000,0.500000,2.000000,30.000000,2,MEASURABLE,1.348304,0.141033,17.830687,3.501604,5,4.124000,0.104600,122.112135,False,0.877700,1.695000,2,,,,,,,,,,,,,,,,,,,,,
P2_0257,supercritical_f1.6_beta0.5_M2.0_theta30_seed1,1.600000,0.500000,2.000000,30.000000,1,PARTIAL,1.305742,0.391723,16.075953,2.957105,5,5.016000,0.107600,33.928886,False,0.839200,1.695000,2,,,,,,,,,,,,,,,,,,,,,
P2_0258,supercritical_f1.6_beta0.5_M2.0_theta30_seed2,1.600000,0.500000,2.000000,30.000000,2,MEASURABLE,1.349442,0.151003,16.013770,2.957105,6,4.122000,0.111900,105.286075,False,0.839200,1.695000,2,,,,,,,,,,,,,,,,,,,,,
P2_0259,supercritical_f1.8_beta0.5_M2.0_theta30_seed1,1.800000,0.500000,2.000000,30.000000,1,PARTIAL,1.233433,0.370030,13.003484,2.246914,7,5.006000,0.115100,35.342476,False,0.752400,1.695000,2,,,,,,,,,,,,,,,,,,,,,
P2_0260,supercritical_f1.8_beta0.5_M2.0_theta30_seed2,1.800000,0.500000,2.000000,30.000000,2,PARTIAL,1.208668,0.362600,13.387389,2.246914,6,5.607000,0.134100,36.526965,False,0.752400,1.695000,2,,,,,,,,,,,,,,,,,,,,,
P2_0261,supercritical_f2.0_beta0.5_M2.0_theta30_seed1,2.000000,0.500000,2.000000,30.000000,1,COLLAPSED,,,10.846660,1.803122,8,4.195000,0.150300,105.518560,False,0.654000,1.695000,2,,,,,,,,,,,,,,,,,,,,,
P2_0262,supercritical_f2.0_beta0.5_M2.0_theta30_seed2,2.000000,0.500000,2.000000,30.000000,2,COLLAPSED,,,10.202930,1.803122,8,4.044000,0.124400,135.368448,False,0.654000,1.695000,2,,,,,,,,,,,,,,,,,,,,,
P2_0263,supercritical_f2.5_beta0.5_M2.0_theta30_seed1,2.500000,0.500000,2.000000,30.000000,1,COLLAPSED,,,7.111910,1.189876,10,3.114000,0.246600,127.584661,False,0.364300,1.695000,2,,,,,,,,,,,,,,,,,,,,,
P2_0264,supercritical_f2.5_beta0.5_M2.0_theta30_seed2,2.500000,0.500000,2.000000,30.000000,2,COLLAPSED,,,7.439629,1.189876,10,3.265000,0.192800,130.038276,False,0.364300,1.695000,2,,,,,,,,,,,,,,,,,,,,,
P2_0265,supercritical_f1.4_beta1.0_M1.0_theta30_seed1,1.400000,1.000000,1.000000,30.000000,1,PARTIAL,2.337832,0.701350,29.129754,2.982561,2,5.270000,0.083000,41.519483,False,0.819300,1.537500,2,,,,,,,,,,,,,,,,,,,,,
P2_0266,supercritical_f1.4_beta1.0_M1.0_theta30_seed2,1.400000,1.000000,1.000000,30.000000,2,MEASURABLE,1.950921,0.148855,27.364550,2.982561,3,4.173000,0.076300,104.029257,False,0.819300,1.537500,2,,,,,,,,,,,,,,,,,,,,,
P2_0267,supercritical_f1.5_beta1.0_M1.0_theta30_seed1,1.500000,1.000000,1.000000,30.000000,1,PARTIAL,1.774825,0.532447,23.076458,2.437391,5,4.511000,0.072200,38.210968,False,0.747500,1.537500,2,,,,,,,,,,,,,,,,,,,,,
P2_0268,supercritical_f1.5_beta1.0_M1.0_theta30_seed2,1.500000,1.000000,1.000000,30.000000,2,PARTIAL,1.944995,0.583499,24.525166,2.437391,5,5.039000,0.087500,34.243460,False,0.747500,1.537500,2,,,,,,,,,,,,,,,,,,,,,
P2_0269,supercritical_f1.6_beta1.0_M1.0_theta30_seed1,1.600000,1.000000,1.000000,30.000000,1,PARTIAL,1.562207,0.468662,20.974429,2.058377,4,5.352000,0.084300,33.063445,False,0.668100,1.537500,2,,,,,,,,,,,,,,,,,,,,,
P2_0270,supercritical_f1.6_beta1.0_M1.0_theta30_seed2,1.600000,1.000000,1.000000,30.000000,2,MEASURABLE,1.777876,0.152720,20.349470,2.058377,3,4.949000,0.085900,105.211751,False,0.668100,1.537500,2,,,,,,,,,,,,,,,,,,,,,
P2_0271,supercritical_f1.8_beta1.0_M1.0_theta30_seed1,1.800000,1.000000,1.000000,30.000000,1,COLLAPSED,,,16.962674,1.564028,5,4.260000,0.124000,93.950614,False,0.489000,1.537500,2,,,,,,,,,,,,,,,,,,,,,
P2_0272,supercritical_f1.8_beta1.0_M1.0_theta30_seed2,1.800000,1.000000,1.000000,30.000000,2,COLLAPSED,,,16.079344,1.564028,4,4.934000,0.106700,67.950421,False,0.489000,1.537500,2,,,,,,,,,,,,,,,,,,,,,
P2_0273,supercritical_f2.0_beta1.0_M1.0_theta30_seed1,2.000000,1.000000,1.000000,30.000000,1,PARTIAL,1.689833,0.506950,13.459271,1.255115,5,3.928000,0.134100,42.154657,True,0.285900,1.537500,2,,,,,,,,,,,,,,,,,,,,,
P2_0274,supercritical_f2.0_beta1.0_M1.0_theta30_seed2,2.000000,1.000000,1.000000,30.000000,2,PARTIAL,1.553725,0.466117,13.554504,1.255115,5,4.861000,0.159900,33.328961,True,0.285900,1.537500,2,,,,,,,,,,,,,,,,,,,,,
P2_0275,supercritical_f2.5_beta1.0_M1.0_theta30_seed1,2.500000,1.000000,1.000000,30.000000,1,PARTIAL,1.714648,0.514394,9.577282,0.828247,7,3.355000,0.215300,39.917893,True,0.050000,1.537500,2,,,,,,,,,,,,,,,,,,,,,
P2_0276,supercritical_f2.5_beta1.0_M1.0_theta30_seed2,2.500000,1.000000,1.000000,30.000000,2,PARTIAL,1.705496,0.511649,9.412285,0.828247,6,3.093000,0.222400,38.787307,True,0.050000,1.537500,2,,,,,,,,,,,,,,,,,,,,,
P2_0277,supercritical_f1.4_beta1.0_M2.0_theta30_seed1,1.400000,1.000000,2.000000,30.000000,1,MEASURABLE,1.815529,0.185547,19.273259,2.982561,4,4.511000,0.102200,101.587603,False,0.819300,1.457500,2,,,,,,,,,,,,,,,,,,,,,
P2_0278,supercritical_f1.4_beta1.0_M2.0_theta30_seed2,1.400000,1.000000,2.000000,30.000000,2,MEASURABLE,1.870543,0.219789,20.483207,2.982561,4,5.039000,0.117500,94.656611,False,0.819300,1.457500,2,,,,,,,,,,,,,,,,,,,,,
P2_0279,supercritical_f1.5_beta1.0_M2.0_theta30_seed1,1.500000,1.000000,2.000000,30.000000,1,MEASURABLE,1.720680,0.191856,17.111844,2.437391,5,5.392000,0.111500,87.699183,False,0.747500,1.457500,2,,,,,,,,,,,,,,,,,,,,,
P2_0280,supercritical_f1.5_beta1.0_M2.0_theta30_seed2,1.500000,1.000000,2.000000,30.000000,2,PARTIAL,1.517077,0.455123,16.601975,2.437391,3,4.989000,0.113100,36.732934,False,0.747500,1.457500,2,,,,,,,,,,,,,,,,,,,,,
P2_0281,supercritical_f1.6_beta1.0_M2.0_theta30_seed1,1.600000,1.000000,2.000000,30.000000,1,PARTIAL,1.554931,0.466479,14.731530,2.058377,5,4.916000,0.130300,40.843495,False,0.668100,1.457500,2,,,,,,,,,,,,,,,,,,,,,
P2_0282,supercritical_f1.6_beta1.0_M2.0_theta30_seed2,1.600000,1.000000,2.000000,30.000000,2,PARTIAL,1.635229,0.490569,14.442240,2.058377,5,4.785000,0.125000,30.367326,False,0.668100,1.457500,2,,,,,,,,,,,,,,,,,,,,,
P2_0283,supercritical_f1.8_beta1.0_M2.0_theta30_seed1,1.800000,1.000000,2.000000,30.000000,1,COLLAPSED,,,11.831682,1.564028,6,4.397000,0.150200,84.425304,False,0.489000,1.457500,2,,,,,,,,,,,,,,,,,,,,,
P2_0284,supercritical_f1.8_beta1.0_M2.0_theta30_seed2,1.800000,1.000000,2.000000,30.000000,2,COLLAPSED,,,11.951859,1.564028,5,4.720000,0.147700,82.901136,False,0.489000,1.457500,2,,,,,,,,,,,,,,,,,,,,,
P2_0285,supercritical_f2.0_beta1.0_M2.0_theta30_seed1,2.000000,1.000000,2.000000,30.000000,1,PARTIAL,1.807527,0.542258,9.531552,1.255115,6,3.940000,0.161300,36.026573,True,0.285900,1.457500,2,,,,,,,,,,,,,,,,,,,,,
P2_0286,supercritical_f2.0_beta1.0_M2.0_theta30_seed2,2.000000,1.000000,2.000000,30.000000,2,PARTIAL,1.384728,0.415419,9.985434,1.255115,6,3.573000,0.196600,41.681218,True,0.285900,1.457500,2,,,,,,,,,,,,,,,,,,,,,
P2_0287,supercritical_f2.5_beta1.0_M2.0_theta30_seed1,2.500000,1.000000,2.000000,30.000000,1,PARTIAL,1.433520,0.430056,6.213817,0.828247,7,2.507000,0.257600,33.848420,True,0.050000,1.457500,2,,,,,,,,,,,,,,,,,,,,,
P2_0288,supercritical_f2.5_beta1.0_M2.0_theta30_seed2,2.500000,1.000000,2.000000,30.000000,2,PARTIAL,1.353922,0.406177,6.463123,0.828247,8,2.914000,0.279600,32.841372,True,0.050000,1.457500,2,,,,,,,,,,,,,,,,,,,,,
P2_0289,supercritical_f1.4_beta2.0_M1.0_theta30_seed1,1.400000,2.000000,1.000000,30.000000,1,PARTIAL,2.244823,0.673447,26.194562,2.331439,4,4.511000,0.072200,38.210968,False,0.704300,1.418800,2,,,,,,,,,,,,,,,,,,,,,
P2_0290,supercritical_f1.4_beta2.0_M1.0_theta30_seed2,1.400000,2.000000,1.000000,30.000000,2,PARTIAL,2.460057,0.738017,27.839021,2.331439,4,5.039000,0.087500,34.243460,False,0.704300,1.418800,2,,,,,,,,,,,,,,,,,,,,,
P2_0291,supercritical_f1.5_beta2.0_M1.0_theta30_seed1,1.500000,2.000000,1.000000,30.000000,1,PARTIAL,1.973263,0.591979,23.256952,1.905285,3,5.315000,0.087000,33.063445,False,0.586800,1.418800,2,,,,,,,,,,,,,,,,,,,,,
P2_0292,supercritical_f1.5_beta2.0_M1.0_theta30_seed2,1.500000,2.000000,1.000000,30.000000,2,PARTIAL,1.978435,0.593530,22.563983,1.905285,2,4.911000,0.088600,30.174390,False,0.586800,1.418800,2,,,,,,,,,,,,,,,,,,,,,
P2_0293,supercritical_f1.6_beta2.0_M1.0_theta30_seed1,1.600000,2.000000,1.000000,30.000000,1,PARTIAL,2.027801,0.608340,20.021833,1.609013,3,4.838000,0.106100,41.802485,False,0.456800,1.418800,2,,,,,,,,,,,,,,,,,,,,,
P2_0294,supercritical_f1.6_beta2.0_M1.0_theta30_seed2,1.600000,2.000000,1.000000,30.000000,2,PARTIAL,2.132518,0.639755,19.628655,1.609013,4,4.708000,0.100500,31.873590,False,0.456800,1.418800,2,,,,,,,,,,,,,,,,,,,,,
P2_0295,supercritical_f1.8_beta2.0_M1.0_theta30_seed1,1.800000,2.000000,1.000000,30.000000,1,PARTIAL,2.141032,0.642310,16.080609,1.222586,4,4.319000,0.125600,32.453777,True,0.163700,1.418800,2,,,,,,,,,,,,,,,,,,,,,
P2_0296,supercritical_f1.8_beta2.0_M1.0_theta30_seed2,1.800000,2.000000,1.000000,30.000000,2,PARTIAL,2.110513,0.633154,16.243943,1.222586,4,4.642000,0.122900,40.299227,True,0.163700,1.418800,2,,,,,,,,,,,,,,,,,,,,,
P2_0297,supercritical_f2.0_beta2.0_M1.0_theta30_seed1,2.000000,2.000000,1.000000,30.000000,1,PARTIAL,2.357214,0.707164,12.954469,0.981111,5,3.862000,0.136000,34.422617,True,0.050000,1.418800,2,,,,,,,,,,,,,,,,,,,,,
P2_0298,supercritical_f2.0_beta2.0_M1.0_theta30_seed2,2.000000,2.000000,1.000000,30.000000,2,PARTIAL,1.805838,0.541751,13.571346,0.981111,5,3.496000,0.172600,34.326667,True,0.050000,1.418800,2,,,,,,,,,,,,,,,,,,,,,
P2_0299,supercritical_f2.5_beta2.0_M1.0_theta30_seed1,2.500000,2.000000,1.000000,30.000000,1,PARTIAL,1.869468,0.560840,8.445288,0.647433,5,2.429000,0.233200,31.239442,True,0.050000,1.418800,2,,,,,,,,,,,,,,,,,,,,,
P2_0300,supercritical_f2.5_beta2.0_M1.0_theta30_seed2,2.500000,2.000000,1.000000,30.000000,2,PARTIAL,1.765663,0.529699,8.784123,0.647433,5,2.836000,0.255800,39.021869,True,0.050000,1.418800,2,,,,,,,,,,,,,,,,,,,,,
P2_0301,supercritical_f1.4_beta2.0_M2.0_theta30_seed1,1.400000,2.000000,2.000000,30.000000,1,MEASURABLE,2.176341,0.248538,19.424006,2.331439,4,5.355000,0.114200,87.699183,False,0.704300,1.338800,2,,,,,,,,,,,,,,,,,,,,,
P2_0302,supercritical_f1.4_beta2.0_M2.0_theta30_seed2,1.400000,2.000000,2.000000,30.000000,2,PARTIAL,1.918820,0.575646,18.845244,2.331439,2,4.951000,0.115800,36.732934,False,0.704300,1.338800,2,,,,,,,,,,,,,,,,,,,,,
P2_0303,supercritical_f1.5_beta2.0_M2.0_theta30_seed1,1.500000,2.000000,2.000000,30.000000,1,PARTIAL,1.964073,0.589222,16.334675,1.905285,4,4.878000,0.133100,40.843495,False,0.586800,1.338800,2,,,,,,,,,,,,,,,,,,,,,
P2_0304,supercritical_f1.5_beta2.0_M2.0_theta30_seed2,1.500000,2.000000,2.000000,30.000000,2,PARTIAL,2.065498,0.619649,16.013904,1.905285,4,4.748000,0.127700,30.367326,False,0.586800,1.338800,2,,,,,,,,,,,,,,,,,,,,,
P2_0305,supercritical_f1.6_beta2.0_M2.0_theta30_seed1,1.600000,2.000000,2.000000,30.000000,1,COLLAPSED,,,14.650697,1.609013,4,4.263000,0.153800,83.511657,False,0.456800,1.338800,2,,,,,,,,,,,,,,,,,,,,,
P2_0306,supercritical_f1.6_beta2.0_M2.0_theta30_seed2,1.600000,2.000000,2.000000,30.000000,2,COLLAPSED,,,13.887763,1.609013,2,4.936000,0.136500,60.400374,False,0.456800,1.338800,2,,,,,,,,,,,,,,,,,,,,,
P2_0307,supercritical_f1.8_beta2.0_M2.0_theta30_seed1,1.800000,2.000000,2.000000,30.000000,1,PARTIAL,2.052732,0.615820,11.157398,1.222586,4,3.931000,0.164000,42.230350,True,0.163700,1.338800,2,,,,,,,,,,,,,,,,,,,,,
P2_0308,supercritical_f1.8_beta2.0_M2.0_theta30_seed2,1.800000,2.000000,2.000000,30.000000,2,PARTIAL,1.887394,0.566218,11.236343,1.222586,4,4.864000,0.189700,32.235692,True,0.163700,1.338800,2,,,,,,,,,,,,,,,,,,,,,
P2_0309,supercritical_f2.0_beta2.0_M2.0_theta30_seed1,2.000000,2.000000,2.000000,30.000000,1,PARTIAL,2.260154,0.678046,9.182550,0.981111,4,3.714000,0.222700,44.403464,True,0.050000,1.338800,2,,,,,,,,,,,,,,,,,,,,,
P2_0310,supercritical_f2.0_beta2.0_M2.0_theta30_seed2,2.000000,2.000000,2.000000,30.000000,2,PARTIAL,1.810360,0.543108,9.228824,0.981111,6,3.837000,0.215300,34.322878,True,0.050000,1.338800,2,,,,,,,,,,,,,,,,,,,,,
P2_0311,supercritical_f2.5_beta2.0_M2.0_theta30_seed1,2.500000,2.000000,2.000000,30.000000,1,PARTIAL,2.351818,0.705545,6.027909,0.647433,5,2.697000,0.284800,31.676179,True,0.050000,1.338800,2,,,,,,,,,,,,,,,,,,,,,
P2_0312,supercritical_f2.5_beta2.0_M2.0_theta30_seed2,2.500000,2.000000,2.000000,30.000000,2,PARTIAL,1.868503,0.560551,6.196984,0.647433,5,3.050000,0.259700,36.434020,True,0.050000,1.338800,2,,,,,,,,,,,,,,,,,,,,,
P2_0313,supercritical_f1.4_beta0.5_M1.0_theta45_seed1,1.400000,0.500000,1.000000,45.000000,1,MEASURABLE,1.087017,0.078483,36.017523,4.200790,8,4.511000,0.072200,101.793886,False,0.908900,1.850000,2,,,,,,,,,,,,,,,,,,,,,
P2_0314,supercritical_f1.4_beta0.5_M1.0_theta45_seed2,1.400000,0.500000,1.000000,45.000000,2,MEASURABLE,1.119956,0.097996,38.278653,4.200790,8,5.039000,0.087500,94.656611,False,0.908900,1.850000,2,,,,,,,,,,,,,,,,,,,,,
P2_0315,supercritical_f1.5_beta0.5_M1.0_theta45_seed1,1.500000,0.500000,1.000000,45.000000,1,MEASURABLE,1.030228,0.077782,31.978310,3.432945,7,5.477000,0.075500,85.681111,False,0.872700,1.850000,2,,,,,,,,,,,,,,,,,,,,,
P2_0316,supercritical_f1.5_beta0.5_M1.0_theta45_seed2,1.500000,0.500000,1.000000,45.000000,2,MEASURABLE,1.031020,0.079285,31.025476,3.432945,6,5.074000,0.076900,104.366263,False,0.872700,1.850000,2,,,,,,,,,,,,,,,,,,,,,
P2_0317,supercritical_f1.6_beta0.5_M1.0_theta45_seed1,1.600000,0.500000,1.000000,45.000000,1,MEASURABLE,1.024610,0.081149,27.530020,2.899123,8,5.201000,0.079200,114.355013,False,0.832700,1.850000,2,,,,,,,,,,,,,,,,,,,,,
P2_0318,supercritical_f1.6_beta0.5_M1.0_theta45_seed2,1.600000,0.500000,1.000000,45.000000,2,MEASURABLE,1.040636,0.078048,26.989401,2.899123,9,5.070000,0.075000,89.858633,False,0.832700,1.850000,2,,,,,,,,,,,,,,,,,,,,,
P2_0319,supercritical_f1.8_beta0.5_M1.0_theta45_seed1,1.800000,0.500000,1.000000,45.000000,1,MEASURABLE,1.017141,0.074455,22.110838,2.202857,9,5.082000,0.073200,95.290259,False,0.742400,1.850000,2,,,,,,,,,,,,,,,,,,,,,
P2_0320,supercritical_f1.8_beta0.5_M1.0_theta45_seed2,1.800000,0.500000,1.000000,45.000000,2,PARTIAL,0.968963,0.290689,22.335422,2.202857,9,5.405000,0.071700,40.466911,False,0.742400,1.850000,2,,,,,,,,,,,,,,,,,,,,,
P2_0321,supercritical_f2.0_beta0.5_M1.0_theta45_seed1,2.000000,0.500000,1.000000,45.000000,1,PARTIAL,1.082226,0.324668,17.812395,1.767767,11,4.725000,0.083400,36.130352,False,0.640000,1.850000,2,,,,,,,,,,,,,,,,,,,,,
P2_0322,supercritical_f2.0_beta0.5_M1.0_theta45_seed2,2.000000,0.500000,1.000000,45.000000,2,PARTIAL,0.829083,0.248725,18.660601,1.767767,11,4.358000,0.105800,32.089574,False,0.640000,1.850000,2,,,,,,,,,,,,,,,,,,,,,
P2_0323,supercritical_f2.5_beta0.5_M1.0_theta45_seed1,2.500000,0.500000,1.000000,45.000000,1,PARTIAL,0.858296,0.257489,11.612272,1.166545,12,3.292000,0.170900,31.047884,False,0.338600,1.850000,2,,,,,,,,,,,,,,,,,,,,,
P2_0324,supercritical_f2.5_beta0.5_M1.0_theta45_seed2,2.500000,0.500000,1.000000,45.000000,2,COLLAPSED,,,12.078170,1.166545,12,3.699000,0.187400,103.905207,False,0.338600,1.850000,2,,,,,,,,,,,,,,,,,,,,,
P2_0325,supercritical_f1.4_beta0.5_M2.0_theta45_seed1,1.400000,0.500000,2.000000,45.000000,1,MEASURABLE,0.999185,0.105414,26.708009,4.200790,8,5.477000,0.105500,108.904917,False,0.908900,1.770000,2,,,,,,,,,,,,,,,,,,,,,
P2_0326,supercritical_f1.4_beta0.5_M2.0_theta45_seed2,1.400000,0.500000,2.000000,45.000000,2,MEASURABLE,0.999953,0.106895,25.912210,4.200790,6,5.074000,0.106900,69.825424,False,0.908900,1.770000,2,,,,,,,,,,,,,,,,,,,,,
P2_0327,supercritical_f1.5_beta0.5_M2.0_theta45_seed1,1.500000,0.500000,2.000000,45.000000,1,MEASURABLE,0.992410,0.108371,22.460178,3.432945,8,5.201000,0.109200,106.936704,False,0.872700,1.770000,2,,,,,,,,,,,,,,,,,,,,,
P2_0328,supercritical_f1.5_beta0.5_M2.0_theta45_seed2,1.500000,0.500000,2.000000,45.000000,2,MEASURABLE,1.007931,0.105833,22.019117,3.432945,8,5.070000,0.105000,84.748564,False,0.872700,1.770000,2,,,,,,,,,,,,,,,,,,,,,
P2_0329,supercritical_f1.6_beta0.5_M2.0_theta45_seed1,1.600000,0.500000,2.000000,45.000000,1,MEASURABLE,1.029764,0.116466,20.144708,2.899123,9,4.785000,0.113100,92.439772,False,0.832700,1.770000,2,,,,,,,,,,,,,,,,,,,,,
P2_0330,supercritical_f1.6_beta0.5_M2.0_theta45_seed2,1.600000,0.500000,2.000000,45.000000,2,MEASURABLE,0.951352,0.096562,19.095675,2.899123,7,5.459000,0.101500,83.836036,False,0.832700,1.770000,2,,,,,,,,,,,,,,,,,,,,,
P2_0331,supercritical_f1.8_beta0.5_M2.0_theta45_seed1,1.800000,0.500000,2.000000,45.000000,1,PARTIAL,0.942435,0.282730,15.341422,2.202857,9,4.793000,0.105900,35.413317,False,0.742400,1.770000,2,,,,,,,,,,,,,,,,,,,,,
P2_0332,supercritical_f1.8_beta0.5_M2.0_theta45_seed2,1.800000,0.500000,2.000000,45.000000,2,MEASURABLE,0.943850,0.113734,15.449972,2.202857,9,5.726000,0.120500,89.372282,False,0.742400,1.770000,2,,,,,,,,,,,,,,,,,,,,,
P2_0333,supercritical_f2.0_beta0.5_M2.0_theta45_seed1,2.000000,0.500000,2.000000,45.000000,1,COLLAPSED,,,12.626007,1.767767,10,4.576000,0.153100,111.256276,False,0.640000,1.770000,2,,,,,,,,,,,,,,,,,,,,,
P2_0334,supercritical_f2.0_beta0.5_M2.0_theta45_seed2,2.000000,0.500000,2.000000,45.000000,2,COLLAPSED,,,12.689633,1.767767,12,4.699000,0.148400,84.139851,False,0.640000,1.770000,2,,,,,,,,,,,,,,,,,,,,,
P2_0335,supercritical_f2.5_beta0.5_M2.0_theta45_seed1,2.500000,0.500000,2.000000,45.000000,1,PARTIAL,1.079749,0.323925,8.288375,1.166545,12,3.560000,0.219900,43.109574,False,0.338600,1.770000,2,,,,,,,,,,,,,,,,,,,,,
P2_0336,supercritical_f2.5_beta0.5_M2.0_theta45_seed2,2.500000,0.500000,2.000000,45.000000,2,COLLAPSED,,,8.520853,1.166545,12,3.913000,0.201300,119.304998,False,0.338600,1.770000,2,,,,,,,,,,,,,,,,,,,,,
P2_0337,supercritical_f1.4_beta1.0_M1.0_theta45_seed1,1.400000,1.000000,1.000000,45.000000,1,MEASURABLE,1.528021,0.137675,31.645152,2.940553,6,5.631000,0.090100,94.830132,False,0.814100,1.575000,2,,,,,,,,,,,,,,,,,,,,,
P2_0338,supercritical_f1.4_beta1.0_M1.0_theta45_seed2,1.400000,1.000000,1.000000,45.000000,2,MEASURABLE,1.448949,0.108092,29.784071,2.940553,5,4.124000,0.074600,97.674566,False,0.814100,1.575000,2,,,,,,,,,,,,,,,,,,,,,
P2_0339,supercritical_f1.5_beta1.0_M1.0_theta45_seed1,1.500000,1.000000,1.000000,45.000000,1,MEASURABLE,1.449954,0.112516,26.230911,2.403062,4,5.016000,0.077600,95.460384,False,0.740200,1.575000,2,,,,,,,,,,,,,,,,,,,,,
P2_0340,supercritical_f1.5_beta1.0_M1.0_theta45_seed2,1.500000,1.000000,1.000000,45.000000,2,PARTIAL,1.396183,0.418855,26.129447,2.403062,6,4.122000,0.081900,35.853710,False,0.740200,1.575000,2,,,,,,,,,,,,,,,,,,,,,
P2_0341,supercritical_f1.6_beta1.0_M1.0_theta45_seed1,1.600000,1.000000,1.000000,45.000000,1,PARTIAL,1.621576,0.486473,24.183018,2.029386,5,4.871000,0.090300,43.245621,False,0.658500,1.575000,2,,,,,,,,,,,,,,,,,,,,,
P2_0342,supercritical_f1.6_beta1.0_M1.0_theta45_seed2,1.600000,1.000000,1.000000,45.000000,2,PARTIAL,1.647273,0.494182,23.333240,2.029386,4,4.636000,0.093700,30.587233,False,0.658500,1.575000,2,,,,,,,,,,,,,,,,,,,,,
P2_0343,supercritical_f1.8_beta1.0_M1.0_theta45_seed1,1.800000,1.000000,1.000000,45.000000,1,COLLAPSED,,,17.822974,1.542000,6,4.437000,0.099100,83.693264,False,0.474300,1.575000,2,,,,,,,,,,,,,,,,,,,,,
P2_0344,supercritical_f1.8_beta1.0_M1.0_theta45_seed2,1.800000,1.000000,1.000000,45.000000,2,COLLAPSED,,,18.356126,1.542000,6,4.202000,0.105000,127.253385,False,0.474300,1.575000,2,,,,,,,,,,,,,,,,,,,,,
P2_0345,supercritical_f2.0_beta1.0_M1.0_theta45_seed1,2.000000,1.000000,1.000000,45.000000,1,PARTIAL,1.464180,0.439254,14.932414,1.237437,6,4.638000,0.133300,33.319918,True,0.265300,1.575000,2,,,,,,,,,,,,,,,,,,,,,
P2_0346,supercritical_f2.0_beta1.0_M1.0_theta45_seed2,2.000000,1.000000,1.000000,45.000000,2,PARTIAL,1.324120,0.397236,14.144210,1.237437,7,3.562000,0.127900,41.987854,True,0.265300,1.575000,2,,,,,,,,,,,,,,,,,,,,,
P2_0347,supercritical_f2.5_beta1.0_M1.0_theta45_seed1,2.500000,1.000000,1.000000,45.000000,1,PARTIAL,1.267259,0.380178,9.962422,0.816582,9,3.094000,0.186300,32.143179,True,0.050000,1.575000,2,,,,,,,,,,,,,,,,,,,,,
P2_0348,supercritical_f2.5_beta1.0_M1.0_theta45_seed2,2.500000,1.000000,1.000000,45.000000,2,PARTIAL,1.127926,0.338378,9.628223,0.816582,9,3.282000,0.222100,38.008635,True,0.050000,1.575000,2,,,,,,,,,,,,,,,,,,,,,
P2_0349,supercritical_f1.4_beta1.0_M2.0_theta45_seed1,1.400000,1.000000,2.000000,45.000000,1,PARTIAL,1.359111,0.407733,21.907831,2.940553,5,5.016000,0.107600,33.928886,False,0.814100,1.495000,2,,,,,,,,,,,,,,,,,,,,,
P2_0350,supercritical_f1.4_beta1.0_M2.0_theta45_seed2,1.400000,1.000000,2.000000,45.000000,2,MEASURABLE,1.404597,0.157174,21.823089,2.940553,6,4.122000,0.111900,105.286075,False,0.814100,1.495000,2,,,,,,,,,,,,,,,,,,,,,
P2_0351,supercritical_f1.5_beta1.0_M2.0_theta45_seed1,1.500000,1.000000,2.000000,45.000000,1,MEASURABLE,1.457238,0.170497,19.729549,2.403062,6,4.911000,0.117000,96.621183,False,0.740200,1.495000,2,,,,,,,,,,,,,,,,,,,,,
P2_0352,supercritical_f1.5_beta1.0_M2.0_theta45_seed2,1.500000,1.000000,2.000000,45.000000,2,PARTIAL,1.595504,0.478651,19.036263,2.403062,5,4.676000,0.120300,38.173037,False,0.740200,1.495000,2,,,,,,,,,,,,,,,,,,,,,
P2_0353,supercritical_f1.6_beta1.0_M2.0_theta45_seed1,1.600000,1.000000,2.000000,45.000000,1,PARTIAL,1.277795,0.383339,16.527139,2.029386,6,5.006000,0.115100,35.342476,False,0.658500,1.495000,2,,,,,,,,,,,,,,,,,,,,,
P2_0354,supercritical_f1.6_beta1.0_M2.0_theta45_seed2,1.600000,1.000000,2.000000,45.000000,2,PARTIAL,1.252140,0.375642,17.015074,2.029386,5,5.607000,0.134100,36.526965,False,0.658500,1.495000,2,,,,,,,,,,,,,,,,,,,,,
P2_0355,supercritical_f1.8_beta1.0_M2.0_theta45_seed1,1.800000,1.000000,2.000000,45.000000,1,COLLAPSED,,,13.231570,1.542000,7,4.195000,0.150300,94.966704,False,0.474300,1.495000,2,,,,,,,,,,,,,,,,,,,,,
P2_0356,supercritical_f1.8_beta1.0_M2.0_theta45_seed2,1.800000,1.000000,2.000000,45.000000,2,COLLAPSED,,,12.446300,1.542000,7,4.044000,0.124400,121.831603,False,0.474300,1.495000,2,,,,,,,,,,,,,,,,,,,,,
P2_0357,supercritical_f2.0_beta1.0_M2.0_theta45_seed1,2.000000,1.000000,2.000000,45.000000,1,PARTIAL,1.267022,0.380107,10.303817,1.237437,8,3.922000,0.211300,34.631954,True,0.265300,1.495000,2,,,,,,,,,,,,,,,,,,,,,
P2_0358,supercritical_f2.0_beta1.0_M2.0_theta45_seed2,2.000000,1.000000,2.000000,45.000000,2,PARTIAL,1.204801,0.361440,10.552492,1.237437,7,4.248000,0.193700,42.464409,True,0.265300,1.495000,2,,,,,,,,,,,,,,,,,,,,,
P2_0359,supercritical_f2.5_beta1.0_M2.0_theta45_seed1,2.500000,1.000000,2.000000,45.000000,1,PARTIAL,1.083487,0.325046,7.145964,0.816582,10,3.387000,0.227000,44.703452,True,0.050000,1.495000,2,,,,,,,,,,,,,,,,,,,,,
P2_0360,supercritical_f2.5_beta1.0_M2.0_theta45_seed2,2.500000,1.000000,2.000000,45.000000,2,PARTIAL,1.228777,0.368633,7.031480,0.816582,9,3.330000,0.243200,41.328710,True,0.050000,1.495000,2,,,,,,,,,,,,,,,,,,,,,
P2_0361,supercritical_f1.4_beta2.0_M1.0_theta45_seed1,1.400000,2.000000,1.000000,45.000000,1,PARTIAL,1.863668,0.559100,28.470269,2.310435,2,5.016000,0.077600,39.171415,False,0.698900,1.437500,2,,,,,,,,,,,,,,,,,,,,,
P2_0362,supercritical_f1.4_beta2.0_M1.0_theta45_seed2,1.400000,2.000000,1.000000,45.000000,2,PARTIAL,1.856813,0.557044,28.360143,2.310435,4,4.122000,0.081900,35.853710,False,0.698900,1.437500,2,,,,,,,,,,,,,,,,,,,,,
P2_0363,supercritical_f1.5_beta2.0_M1.0_theta45_seed1,1.500000,2.000000,1.000000,45.000000,1,PARTIAL,2.153688,0.646106,25.639487,1.888120,4,4.796000,0.096300,43.245621,False,0.579200,1.437500,2,,,,,,,,,,,,,,,,,,,,,
P2_0364,supercritical_f1.5_beta2.0_M1.0_theta45_seed2,1.500000,2.000000,1.000000,45.000000,2,PARTIAL,2.187818,0.656345,24.738530,1.888120,3,4.561000,0.100000,30.587233,False,0.579200,1.437500,2,,,,,,,,,,,,,,,,,,,,,
P2_0365,supercritical_f1.6_beta2.0_M1.0_theta45_seed1,1.600000,2.000000,1.000000,45.000000,1,PARTIAL,1.752164,0.525649,21.477804,1.594517,4,4.891000,0.092800,30.853386,False,0.446900,1.437500,2,,,,,,,,,,,,,,,,,,,,,
P2_0366,supercritical_f1.6_beta2.0_M1.0_theta45_seed2,1.600000,2.000000,1.000000,45.000000,2,PARTIAL,1.716984,0.515095,22.111899,1.594517,3,5.492000,0.113500,44.579225,False,0.446900,1.437500,2,,,,,,,,,,,,,,,,,,,,,
P2_0367,supercritical_f1.8_beta2.0_M1.0_theta45_seed1,1.800000,2.000000,1.000000,45.000000,1,PARTIAL,1.898540,0.569562,17.195055,1.211571,6,4.080000,0.128600,33.084556,True,0.148400,1.437500,2,,,,,,,,,,,,,,,,,,,,,
P2_0368,supercritical_f1.8_beta2.0_M1.0_theta45_seed2,1.800000,2.000000,1.000000,45.000000,2,PARTIAL,2.332740,0.699822,16.174559,1.211571,5,3.929000,0.100800,39.077522,True,0.148400,1.437500,2,,,,,,,,,,,,,,,,,,,,,
P2_0369,supercritical_f2.0_beta2.0_M1.0_theta45_seed1,2.000000,2.000000,1.000000,45.000000,1,PARTIAL,1.737391,0.521217,13.390301,0.972272,6,3.807000,0.191300,40.856213,True,0.050000,1.437500,2,,,,,,,,,,,,,,,,,,,,,
P2_0370,supercritical_f2.0_beta2.0_M1.0_theta45_seed2,2.000000,2.000000,1.000000,45.000000,2,PARTIAL,1.652072,0.495621,13.713466,0.972272,5,4.133000,0.172800,30.751785,True,0.050000,1.437500,2,,,,,,,,,,,,,,,,,,,,,
P2_0371,supercritical_f2.5_beta2.0_M1.0_theta45_seed1,2.500000,2.000000,1.000000,45.000000,1,PARTIAL,1.485721,0.445716,9.286520,0.641600,8,3.272000,0.204400,42.475229,True,0.050000,1.437500,2,,,,,,,,,,,,,,,,,,,,,
P2_0372,supercritical_f2.5_beta2.0_M1.0_theta45_seed2,2.500000,2.000000,1.000000,45.000000,2,PARTIAL,1.684949,0.505485,9.137743,0.641600,7,3.215000,0.221200,39.547633,True,0.050000,1.437500,2,,,,,,,,,,,,,,,,,,,,,
P2_0373,supercritical_f1.4_beta2.0_M2.0_theta45_seed1,1.400000,2.000000,2.000000,45.000000,1,MEASURABLE,1.938012,0.238569,21.413879,2.310435,4,4.836000,0.123100,96.621183,False,0.698900,1.357500,2,,,,,,,,,,,,,,,,,,,,,
P2_0374,supercritical_f1.4_beta2.0_M2.0_theta45_seed2,1.400000,2.000000,2.000000,45.000000,2,PARTIAL,2.121895,0.636568,20.661407,2.310435,3,4.601000,0.126600,38.173037,False,0.698900,1.357500,2,,,,,,,,,,,,,,,,,,,,,
P2_0375,supercritical_f1.5_beta2.0_M2.0_theta45_seed1,1.500000,2.000000,2.000000,45.000000,1,PARTIAL,1.697098,0.509129,17.522519,1.888120,5,4.931000,0.120100,35.342476,False,0.579200,1.357500,2,,,,,,,,,,,,,,,,,,,,,
P2_0376,supercritical_f1.5_beta2.0_M2.0_theta45_seed2,1.500000,2.000000,2.000000,45.000000,2,PARTIAL,1.663024,0.498907,18.039841,1.888120,4,5.532000,0.140200,36.526965,False,0.579200,1.357500,2,,,,,,,,,,,,,,,,,,,,,
P2_0377,supercritical_f1.6_beta2.0_M2.0_theta45_seed1,1.600000,2.000000,2.000000,45.000000,1,COLLAPSED,,,14.719069,1.594517,5,4.402000,0.131400,74.394013,False,0.446900,1.357500,2,,,,,,,,,,,,,,,,,,,,,
P2_0378,supercritical_f1.6_beta2.0_M2.0_theta45_seed2,1.600000,2.000000,2.000000,45.000000,2,COLLAPSED,,,15.159371,1.594517,4,4.167000,0.137400,113.114120,False,0.446900,1.357500,2,,,,,,,,,,,,,,,,,,,,,
P2_0379,supercritical_f1.8_beta2.0_M2.0_theta45_seed1,1.800000,2.000000,2.000000,45.000000,1,PARTIAL,1.870176,0.561053,11.836071,1.211571,4,4.603000,0.165700,40.294971,True,0.148400,1.357500,2,,,,,,,,,,,,,,,,,,,,,
P2_0380,supercritical_f1.8_beta2.0_M2.0_theta45_seed2,1.800000,2.000000,2.000000,45.000000,2,PARTIAL,1.691279,0.507384,11.211307,1.211571,5,3.527000,0.160200,33.645407,True,0.148400,1.357500,2,,,,,,,,,,,,,,,,,,,,,
P2_0381,supercritical_f2.0_beta2.0_M2.0_theta45_seed1,2.000000,2.000000,2.000000,45.000000,1,PARTIAL,1.599292,0.479788,9.659694,0.972272,5,3.685000,0.189500,38.034649,True,0.050000,1.357500,2,,,,,,,,,,,,,,,,,,,,,
P2_0382,supercritical_f2.0_beta2.0_M2.0_theta45_seed2,2.000000,2.000000,2.000000,45.000000,2,PARTIAL,1.571727,0.471518,9.722571,0.972272,5,3.779000,0.207700,30.656875,True,0.050000,1.357500,2,,,,,,,,,,,,,,,,,,,,,
P2_0383,supercritical_f2.5_beta2.0_M2.0_theta45_seed1,2.500000,2.000000,2.000000,45.000000,1,PARTIAL,1.695120,0.508536,6.265892,0.641600,8,3.070000,0.298900,33.693263,True,0.050000,1.357500,2,,,,,,,,,,,,,,,,,,,,,
P2_0384,supercritical_f2.5_beta2.0_M2.0_theta45_seed2,2.500000,2.000000,2.000000,45.000000,2,PARTIAL,1.426093,0.427828,6.410378,0.641600,8,2.857000,0.253400,31.837897,True,0.050000,1.357500,2,,,,,,,,,,,,,,,,,,,,,
P2_0385,supercritical_f1.4_beta0.5_M1.0_theta60_seed1,1.400000,0.500000,1.000000,60.000000,1,MEASURABLE,0.910555,0.070659,47.881816,4.116774,7,5.016000,0.077600,100.285499,False,0.905200,1.925000,2,,,,,,,,,,,,,,,,,,,,,
P2_0386,supercritical_f1.4_beta0.5_M1.0_theta60_seed2,1.400000,0.500000,1.000000,60.000000,2,MEASURABLE,0.909476,0.074486,47.696605,4.116774,9,4.122000,0.081900,94.510846,False,0.905200,1.925000,2,,,,,,,,,,,,,,,,,,,,,
P2_0387,supercritical_f1.5_beta0.5_M1.0_theta60_seed1,1.500000,0.500000,1.000000,60.000000,1,MEASURABLE,0.943561,0.081335,43.120956,3.364286,9,4.921000,0.086200,110.051370,False,0.867500,1.925000,2,,,,,,,,,,,,,,,,,,,,,
P2_0388,supercritical_f1.5_beta0.5_M1.0_theta60_seed2,1.500000,0.500000,1.000000,60.000000,2,MEASURABLE,0.948933,0.084929,41.605710,3.364286,8,4.686000,0.089500,94.366869,False,0.867500,1.925000,2,,,,,,,,,,,,,,,,,,,,,
P2_0389,supercritical_f1.6_beta0.5_M1.0_theta60_seed1,1.600000,0.500000,1.000000,60.000000,1,MEASURABLE,0.868768,0.061769,36.121762,2.841140,9,5.216000,0.071100,110.255883,False,0.825800,1.925000,2,,,,,,,,,,,,,,,,,,,,,
P2_0390,supercritical_f1.6_beta0.5_M1.0_theta60_seed2,1.600000,0.500000,1.000000,60.000000,2,MEASURABLE,0.863231,0.075101,37.188194,2.841140,8,5.817000,0.087000,104.627978,False,0.825800,1.925000,2,,,,,,,,,,,,,,,,,,,,,
P2_0391,supercritical_f1.8_beta0.5_M1.0_theta60_seed1,1.800000,0.500000,1.000000,60.000000,1,MEASURABLE,0.871221,0.066648,28.918957,2.158800,11,4.805000,0.076500,111.276749,False,0.731800,1.925000,2,,,,,,,,,,,,,,,,,,,,,
P2_0392,supercritical_f1.8_beta0.5_M1.0_theta60_seed2,1.800000,0.500000,1.000000,60.000000,2,MEASURABLE,0.939564,0.056374,27.202668,2.158800,10,4.654000,0.060000,100.471435,False,0.731800,1.925000,2,,,,,,,,,,,,,,,,,,,,,
P2_0393,supercritical_f2.0_beta0.5_M1.0_theta60_seed1,2.000000,0.500000,1.000000,60.000000,1,PARTIAL,0.820396,0.246119,22.520052,1.732412,13,4.782000,0.106200,30.129912,False,0.625200,1.925000,2,,,,,,,,,,,,,,,,,,,,,
P2_0394,supercritical_f2.0_beta0.5_M1.0_theta60_seed2,2.000000,0.500000,1.000000,60.000000,2,MEASURABLE,0.814617,0.078122,23.063556,1.732412,12,5.108000,0.095900,100.731124,False,0.625200,1.925000,2,,,,,,,,,,,,,,,,,,,,,
P2_0395,supercritical_f2.5_beta0.5_M1.0_theta60_seed1,2.500000,0.500000,1.000000,60.000000,1,COLLAPSED,,,15.618238,1.143214,16,4.247000,0.141900,109.646427,False,0.311400,1.925000,2,,,,,,,,,,,,,,,,,,,,,
P2_0396,supercritical_f2.5_beta0.5_M1.0_theta60_seed2,2.500000,0.500000,1.000000,60.000000,2,COLLAPSED,,,15.368022,1.143214,15,4.190000,0.153600,128.539946,False,0.311400,1.925000,2,,,,,,,,,,,,,,,,,,,,,
P2_0397,supercritical_f1.4_beta0.5_M2.0_theta60_seed1,1.400000,0.500000,2.000000,60.000000,1,MEASURABLE,0.915129,0.106338,36.014251,4.116774,9,4.921000,0.116200,96.494094,False,0.905200,1.845000,2,,,,,,,,,,,,,,,,,,,,,
P2_0398,supercritical_f1.4_beta0.5_M2.0_theta60_seed2,1.400000,0.500000,2.000000,60.000000,2,MEASURABLE,0.920340,0.109981,34.748730,4.116774,8,4.686000,0.119500,121.318152,False,0.905200,1.845000,2,,,,,,,,,,,,,,,,,,,,,
P2_0399,supercritical_f1.5_beta0.5_M2.0_theta60_seed1,1.500000,0.500000,2.000000,60.000000,1,MEASURABLE,0.841465,0.085072,29.469691,3.364286,10,5.216000,0.101100,90.628306,False,0.867500,1.845000,2,,,,,,,,,,,,,,,,,,,,,
P2_0400,supercritical_f1.5_beta0.5_M2.0_theta60_seed2,1.500000,0.500000,2.000000,60.000000,2,MEASURABLE,0.836102,0.097824,30.339732,3.364286,9,5.817000,0.117000,81.877313,False,0.867500,1.845000,2,,,,,,,,,,,,,,,,,,,,,
P2_0401,supercritical_f1.6_beta0.5_M2.0_theta60_seed1,1.600000,0.500000,2.000000,60.000000,1,MEASURABLE,0.829203,0.082672,24.754797,2.841140,10,4.887000,0.099700,106.266095,False,0.825800,1.845000,2,,,,,,,,,,,,,,,,,,,,,
P2_0402,supercritical_f1.6_beta0.5_M2.0_theta60_seed2,1.600000,0.500000,2.000000,60.000000,2,MEASURABLE,0.938263,0.097486,25.495306,2.841140,9,4.652000,0.103900,100.879908,False,0.825800,1.845000,2,,,,,,,,,,,,,,,,,,,,,
P2_0403,supercritical_f1.8_beta0.5_M2.0_theta60_seed1,1.800000,0.500000,2.000000,60.000000,1,PARTIAL,0.883097,0.264929,19.906120,2.158800,9,5.488000,0.104200,40.113173,False,0.731800,1.845000,2,,,,,,,,,,,,,,,,,,,,,
P2_0404,supercritical_f1.8_beta0.5_M2.0_theta60_seed2,1.800000,0.500000,2.000000,60.000000,2,MEASURABLE,0.809978,0.081970,18.855380,2.158800,10,4.412000,0.101200,91.979728,False,0.731800,1.845000,2,,,,,,,,,,,,,,,,,,,,,
P2_0405,supercritical_f2.0_beta0.5_M2.0_theta60_seed1,2.000000,0.500000,2.000000,60.000000,1,PARTIAL,0.755186,0.226556,16.245848,1.732412,12,4.660000,0.123400,44.594353,False,0.625200,1.845000,2,,,,,,,,,,,,,,,,,,,,,
P2_0406,supercritical_f2.0_beta0.5_M2.0_theta60_seed2,2.000000,0.500000,2.000000,60.000000,2,MEASURABLE,0.774242,0.103748,16.351597,1.732412,12,4.754000,0.134000,102.871945,False,0.625200,1.845000,2,,,,,,,,,,,,,,,,,,,,,
P2_0407,supercritical_f2.5_beta0.5_M2.0_theta60_seed1,2.500000,0.500000,2.000000,60.000000,1,COLLAPSED,,,10.538091,1.143214,16,4.045000,0.220700,137.965275,False,0.311400,1.845000,2,,,,,,,,,,,,,,,,,,,,,
P2_0408,supercritical_f2.5_beta0.5_M2.0_theta60_seed2,2.500000,0.500000,2.000000,60.000000,2,PARTIAL,0.673401,0.202020,10.781090,1.143214,16,3.832000,0.188400,39.812573,False,0.311400,1.845000,2,,,,,,,,,,,,,,,,,,,,,
P2_0409,supercritical_f1.4_beta1.0_M1.0_theta60_seed1,1.400000,1.000000,1.000000,60.000000,1,MEASURABLE,1.211833,0.095977,33.886407,2.898545,6,5.201000,0.079200,114.355013,False,0.808700,1.612500,2,,,,,,,,,,,,,,,,,,,,,
P2_0410,supercritical_f1.4_beta1.0_M1.0_theta60_seed2,1.400000,1.000000,1.000000,60.000000,2,MEASURABLE,1.230787,0.092309,33.220965,2.898545,7,5.070000,0.075000,89.858633,False,0.808700,1.612500,2,,,,,,,,,,,,,,,,,,,,,
P2_0411,supercritical_f1.5_beta1.0_M1.0_theta60_seed1,1.500000,1.000000,1.000000,60.000000,1,PARTIAL,1.284827,0.385448,29.688891,2.368732,6,4.785000,0.083100,38.339353,False,0.732700,1.612500,2,,,,,,,,,,,,,,,,,,,,,
P2_0412,supercritical_f1.5_beta1.0_M1.0_theta60_seed2,1.500000,1.000000,1.000000,60.000000,2,MEASURABLE,1.160146,0.082950,28.142845,2.368732,5,5.459000,0.071500,104.363933,False,0.732700,1.612500,2,,,,,,,,,,,,,,,,,,,,,
P2_0413,supercritical_f1.6_beta1.0_M1.0_theta60_seed1,1.600000,1.000000,1.000000,60.000000,1,MEASURABLE,1.197328,0.087644,25.382799,2.000395,7,5.082000,0.073200,95.290259,False,0.648600,1.612500,2,,,,,,,,,,,,,,,,,,,,,
P2_0414,supercritical_f1.6_beta1.0_M1.0_theta60_seed2,1.600000,1.000000,1.000000,60.000000,2,PARTIAL,1.140616,0.342185,25.640616,2.000395,7,5.405000,0.071700,40.466911,False,0.648600,1.612500,2,,,,,,,,,,,,,,,,,,,,,
P2_0415,supercritical_f1.8_beta1.0_M1.0_theta60_seed1,1.800000,1.000000,1.000000,60.000000,1,PARTIAL,1.269205,0.380762,19.626101,1.519971,8,4.650000,0.088000,36.130352,False,0.458900,1.612500,2,,,,,,,,,,,,,,,,,,,,,
P2_0416,supercritical_f1.8_beta1.0_M1.0_theta60_seed2,1.800000,1.000000,1.000000,60.000000,2,PARTIAL,0.972325,0.291698,20.560673,1.519971,8,4.283000,0.111600,32.089574,False,0.458900,1.612500,2,,,,,,,,,,,,,,,,,,,,,
P2_0417,supercritical_f2.0_beta1.0_M1.0_theta60_seed1,2.000000,1.000000,1.000000,60.000000,1,PARTIAL,1.195565,0.358669,15.978340,1.219759,9,4.468000,0.134500,44.942851,True,0.243900,1.612500,2,,,,,,,,,,,,,,,,,,,,,
P2_0418,supercritical_f2.0_beta1.0_M1.0_theta60_seed2,2.000000,1.000000,1.000000,60.000000,2,PARTIAL,1.039662,0.311899,15.568985,1.219759,9,4.329000,0.149100,35.557937,True,0.243900,1.612500,2,,,,,,,,,,,,,,,,,,,,,
P2_0419,supercritical_f2.5_beta1.0_M1.0_theta60_seed1,2.500000,1.000000,1.000000,60.000000,1,PARTIAL,0.930036,0.279011,10.822511,0.804916,12,3.241000,0.203800,42.090293,True,0.050000,1.612500,2,,,,,,,,,,,,,,,,,,,,,
P2_0420,supercritical_f2.5_beta1.0_M1.0_theta60_seed2,2.500000,1.000000,1.000000,60.000000,2,PARTIAL,0.805578,0.241673,10.783433,0.804916,11,2.856000,0.213200,33.282594,True,0.050000,1.612500,2,,,,,,,,,,,,,,,,,,,,,
P2_0421,supercritical_f1.4_beta1.0_M2.0_theta60_seed1,1.400000,1.000000,2.000000,60.000000,1,MEASURABLE,1.217929,0.137748,24.795906,2.898545,7,4.785000,0.113100,92.439772,False,0.808700,1.532500,2,,,,,,,,,,,,,,,,,,,,,
P2_0422,supercritical_f1.4_beta1.0_M2.0_theta60_seed2,1.400000,1.000000,2.000000,60.000000,2,MEASURABLE,1.125188,0.114207,23.504661,2.898545,5,5.459000,0.101500,83.836036,False,0.808700,1.532500,2,,,,,,,,,,,,,,,,,,,,,
P2_0423,supercritical_f1.5_beta1.0_M2.0_theta60_seed1,1.500000,1.000000,2.000000,60.000000,1,MEASURABLE,1.159700,0.119681,20.708382,2.368732,7,5.082000,0.103200,106.759607,False,0.732700,1.532500,2,,,,,,,,,,,,,,,,,,,,,
P2_0424,supercritical_f1.5_beta1.0_M2.0_theta60_seed2,1.500000,1.000000,2.000000,60.000000,2,MEASURABLE,1.154374,0.117400,20.918721,2.368732,6,5.405000,0.101700,90.530771,False,0.732700,1.532500,2,,,,,,,,,,,,,,,,,,,,,
P2_0425,supercritical_f1.6_beta1.0_M2.0_theta60_seed1,1.600000,1.000000,2.000000,60.000000,1,PARTIAL,1.109389,0.332817,17.611645,2.000395,7,4.718000,0.110900,35.413317,False,0.648600,1.532500,2,,,,,,,,,,,,,,,,,,,,,
P2_0426,supercritical_f1.6_beta1.0_M2.0_theta60_seed2,1.600000,1.000000,2.000000,60.000000,2,MEASURABLE,1.111055,0.140548,17.736258,2.000395,7,5.651000,0.126500,89.372282,False,0.648600,1.532500,2,,,,,,,,,,,,,,,,,,,,,
P2_0427,supercritical_f1.8_beta1.0_M2.0_theta60_seed1,1.800000,1.000000,2.000000,60.000000,1,COLLAPSED,,,13.911620,1.519971,7,4.501000,0.159200,100.130648,False,0.458900,1.532500,2,,,,,,,,,,,,,,,,,,,,,
P2_0428,supercritical_f1.8_beta1.0_M2.0_theta60_seed2,1.800000,1.000000,2.000000,60.000000,2,COLLAPSED,,,13.981726,1.519971,9,4.624000,0.154200,75.725866,False,0.458900,1.532500,2,,,,,,,,,,,,,,,,,,,,,
P2_0429,supercritical_f2.0_beta1.0_M2.0_theta60_seed1,2.000000,1.000000,2.000000,60.000000,1,PARTIAL,1.024611,0.307383,11.529154,1.219759,8,4.164000,0.190100,36.797441,True,0.243900,1.532500,2,,,,,,,,,,,,,,,,,,,,,
P2_0430,supercritical_f2.0_beta1.0_M2.0_theta60_seed2,2.000000,1.000000,2.000000,60.000000,2,PARTIAL,0.994874,0.298462,11.887417,1.219759,10,3.766000,0.162300,34.384592,True,0.243900,1.532500,2,,,,,,,,,,,,,,,,,,,,,
P2_0431,supercritical_f2.5_beta1.0_M2.0_theta60_seed1,2.500000,1.000000,2.000000,60.000000,1,PARTIAL,1.018405,0.314993,8.065567,0.804916,13,2.711000,0.309300,41.177218,True,0.050000,1.532500,2,,,,,,,,,,,,,,,,,,,,,
P2_0432,supercritical_f2.5_beta1.0_M2.0_theta60_seed2,2.500000,1.000000,2.000000,60.000000,2,PARTIAL,1.065812,0.319744,7.818699,0.804916,12,3.045000,0.278000,40.361832,True,0.050000,1.532500,2,,,,,,,,,,,,,,,,,,,,,
P2_0433,supercritical_f1.4_beta2.0_M1.0_theta60_seed1,1.400000,2.000000,1.000000,60.000000,1,PARTIAL,1.747701,0.524310,30.621631,2.289431,4,4.785000,0.083100,38.339353,False,0.693400,1.456200,2,,,,,,,,,,,,,,,,,,,,,
P2_0434,supercritical_f1.4_beta2.0_M1.0_theta60_seed2,1.400000,2.000000,1.000000,60.000000,2,MEASURABLE,1.578102,0.112834,29.027012,2.289431,3,5.459000,0.071500,104.363933,False,0.693400,1.456200,2,,,,,,,,,,,,,,,,,,,,,
P2_0435,supercritical_f1.5_beta2.0_M1.0_theta60_seed1,1.500000,2.000000,1.000000,60.000000,1,MEASURABLE,1.626505,0.128819,25.573755,1.870955,4,4.994000,0.079200,95.290259,False,0.571500,1.456200,2,,,,,,,,,,,,,,,,,,,,,
P2_0436,supercritical_f1.5_beta2.0_M1.0_theta60_seed2,1.500000,2.000000,1.000000,60.000000,2,PARTIAL,1.549464,0.464839,25.833512,1.870955,4,5.317000,0.077500,40.466911,False,0.571500,1.456200,2,,,,,,,,,,,,,,,,,,,,,
P2_0437,supercritical_f1.6_beta2.0_M1.0_theta60_seed1,1.600000,2.000000,1.000000,60.000000,1,PARTIAL,1.555943,0.466783,21.749449,1.580022,5,4.566000,0.091200,38.413404,False,0.436700,1.456200,2,,,,,,,,,,,,,,,,,,,,,
P2_0438,supercritical_f1.6_beta2.0_M1.0_theta60_seed2,1.600000,2.000000,1.000000,60.000000,2,PARTIAL,1.430619,0.429186,21.903340,1.580022,5,5.499000,0.108700,32.235692,False,0.436700,1.456200,2,,,,,,,,,,,,,,,,,,,,,
P2_0439,supercritical_f1.8_beta2.0_M1.0_theta60_seed1,1.800000,2.000000,1.000000,60.000000,1,PARTIAL,1.706793,0.512038,17.180114,1.200557,5,4.349000,0.141500,35.634941,True,0.132700,1.456200,2,,,,,,,,,,,,,,,,,,,,,
P2_0440,supercritical_f1.8_beta2.0_M1.0_theta60_seed2,1.800000,2.000000,1.000000,60.000000,2,PARTIAL,1.367124,0.410137,17.266691,1.200557,6,4.472000,0.136000,42.808811,True,0.132700,1.456200,2,,,,,,,,,,,,,,,,,,,,,
P2_0441,supercritical_f2.0_beta2.0_M1.0_theta60_seed1,2.000000,2.000000,1.000000,60.000000,1,PARTIAL,1.437041,0.431112,14.237894,0.963433,6,4.012000,0.172300,35.816841,True,0.050000,1.456200,2,,,,,,,,,,,,,,,,,,,,,
P2_0442,supercritical_f2.0_beta2.0_M1.0_theta60_seed2,2.000000,2.000000,1.000000,60.000000,2,PARTIAL,1.395334,0.418600,14.680331,0.963433,7,3.613000,0.142400,41.861341,True,0.050000,1.456200,2,,,,,,,,,,,,,,,,,,,,,
P2_0443,supercritical_f2.5_beta2.0_M1.0_theta60_seed1,2.500000,2.000000,1.000000,60.000000,1,PARTIAL,1.428337,0.428501,9.960549,0.635767,9,2.559000,0.293500,40.823852,True,0.050000,1.456200,2,,,,,,,,,,,,,,,,,,,,,
P2_0444,supercritical_f2.5_beta2.0_M1.0_theta60_seed2,2.500000,2.000000,1.000000,60.000000,2,PARTIAL,1.494826,0.448448,9.655679,0.635767,8,2.893000,0.260600,43.139817,True,0.050000,1.456200,2,,,,,,,,,,,,,,,,,,,,,
P2_0445,supercritical_f1.4_beta2.0_M2.0_theta60_seed1,1.400000,2.000000,2.000000,60.000000,1,MEASURABLE,1.577495,0.168003,21.358980,2.289431,5,5.034000,0.106500,106.759607,False,0.693400,1.376200,2,,,,,,,,,,,,,,,,,,,,,
P2_0446,supercritical_f1.4_beta2.0_M2.0_theta60_seed2,1.400000,2.000000,2.000000,60.000000,2,MEASURABLE,1.570251,0.164562,21.575927,2.289431,4,5.357000,0.104800,90.530771,False,0.693400,1.376200,2,,,,,,,,,,,,,,,,,,,,,
P2_0447,supercritical_f1.5_beta2.0_M2.0_theta60_seed1,1.500000,2.000000,2.000000,60.000000,1,PARTIAL,1.507044,0.452113,17.744138,1.870955,4,4.606000,0.118500,35.413317,False,0.571500,1.376200,2,,,,,,,,,,,,,,,,,,,,,
P2_0448,supercritical_f1.5_beta2.0_M2.0_theta60_seed2,1.500000,2.000000,2.000000,60.000000,2,MEASURABLE,1.509307,0.204511,17.869689,1.870955,4,5.539000,0.135500,89.372282,False,0.571500,1.376200,2,,,,,,,,,,,,,,,,,,,,,
P2_0449,supercritical_f1.6_beta2.0_M2.0_theta60_seed1,1.600000,2.000000,2.000000,60.000000,1,COLLAPSED,,,15.402469,1.580022,6,4.577000,0.122400,88.001786,False,0.436700,1.376200,2,,,,,,,,,,,,,,,,,,,,,
P2_0450,supercritical_f1.6_beta2.0_M2.0_theta60_seed2,1.600000,2.000000,2.000000,60.000000,2,COLLAPSED,,,16.135916,1.580022,6,4.211000,0.147200,62.739086,False,0.436700,1.376200,2,,,,,,,,,,,,,,,,,,,,,
P2_0451,supercritical_f1.8_beta2.0_M2.0_theta60_seed1,1.800000,2.000000,2.000000,60.000000,1,PARTIAL,1.561915,0.468575,12.035534,1.200557,6,4.395000,0.169800,42.884315,True,0.132700,1.376200,2,,,,,,,,,,,,,,,,,,,,,
P2_0452,supercritical_f1.8_beta2.0_M2.0_theta60_seed2,1.800000,2.000000,2.000000,60.000000,2,PARTIAL,1.358241,0.407472,11.727191,1.200557,6,4.256000,0.185000,41.950206,True,0.132700,1.376200,2,,,,,,,,,,,,,,,,,,,,,
P2_0453,supercritical_f2.0_beta2.0_M2.0_theta60_seed1,2.000000,2.000000,2.000000,60.000000,1,PARTIAL,1.499852,0.449956,10.439379,0.963433,6,4.032000,0.196500,41.360717,True,0.050000,1.376200,2,,,,,,,,,,,,,,,,,,,,,
P2_0454,supercritical_f2.0_beta2.0_M2.0_theta60_seed2,2.000000,2.000000,2.000000,60.000000,2,PARTIAL,1.491847,0.447554,10.259530,0.963433,5,3.771000,0.202100,31.009108,True,0.050000,1.376200,2,,,,,,,,,,,,,,,,,,,,,
P2_0455,supercritical_f2.5_beta2.0_M2.0_theta60_seed1,2.500000,2.000000,2.000000,60.000000,1,PARTIAL,1.073644,0.322093,6.840617,0.635767,7,2.654000,0.235300,42.827369,True,0.050000,1.376200,2,,,,,,,,,,,,,,,,,,,,,
P2_0456,supercritical_f2.5_beta2.0_M2.0_theta60_seed2,2.500000,2.000000,2.000000,60.000000,2,PARTIAL,1.547340,0.485401,6.829349,0.635767,8,2.357000,0.313700,30.297880,True,0.050000,1.376200,2,,,,,,,,,,,,,,,,,,,,,
P2_0457,supercritical_f1.5_beta1.0_M1.0_theta90_seed1,1.500000,1.000000,1.000000,90.000000,1,MEASURABLE,1.121504,0.073010,31.863781,2.334403,8,5.025000,0.065100,95.934171,False,0.724700,1.650000,2,,,,,,,,,,,,,,,,,,,,,
P2_0458,supercritical_f1.5_beta1.0_M1.0_theta90_seed2,1.500000,1.000000,1.000000,90.000000,2,MEASURABLE,1.029517,0.085038,33.381098,2.334403,8,4.658000,0.082600,96.630546,False,0.724700,1.650000,2,,,,,,,,,,,,,,,,,,,,,
P2_0459,supercritical_f1.8_beta1.0_M1.0_theta90_seed1,1.800000,1.000000,1.000000,90.000000,1,PARTIAL,0.979662,0.293899,22.020717,1.497943,9,4.799000,0.109300,35.375803,False,0.442900,1.650000,2,,,,,,,,,,,,,,,,,,,,,
P2_0460,supercritical_f1.8_beta1.0_M1.0_theta90_seed2,1.800000,1.000000,1.000000,90.000000,2,PARTIAL,0.951229,0.285369,22.705001,1.497943,10,4.401000,0.090400,33.122950,False,0.442900,1.650000,2,,,,,,,,,,,,,,,,,,,,,
P2_0461,supercritical_f2.0_beta1.0_M1.0_theta90_seed1,2.000000,1.000000,1.000000,90.000000,1,PARTIAL,0.917720,0.275316,17.174781,1.202082,10,3.892000,0.127600,31.239442,True,0.221500,1.650000,2,,,,,,,,,,,,,,,,,,,,,
P2_0462,supercritical_f2.0_beta1.0_M1.0_theta90_seed2,2.000000,1.000000,1.000000,90.000000,2,PARTIAL,0.866762,0.260029,17.863854,1.202082,10,4.299000,0.139900,39.021869,True,0.221500,1.650000,2,,,,,,,,,,,,,,,,,,,,,
P2_0463,supercritical_f2.5_beta1.0_M1.0_theta90_seed1,2.500000,1.000000,1.000000,90.000000,1,PARTIAL,1.202101,0.360630,12.418112,0.793251,13,2.953000,0.179700,37.902641,True,0.050000,1.650000,2,,,,,,,,,,,,,,,,,,,,,
P2_0464,supercritical_f2.5_beta1.0_M1.0_theta90_seed2,2.500000,1.000000,1.000000,90.000000,2,PARTIAL,1.029878,0.308964,11.868914,0.793251,11,3.156000,0.244600,42.338609,True,0.050000,1.650000,2,,,,,,,,,,,,,,,,,,,,,
P2_0465,supercritical_f1.5_beta1.0_M2.0_theta90_seed1,1.500000,1.000000,2.000000,90.000000,1,PARTIAL,1.131199,0.339360,22.586087,2.334403,7,5.036000,0.116000,34.933591,False,0.724700,1.570000,2,,,,,,,,,,,,,,,,,,,,,
P2_0466,supercritical_f1.5_beta1.0_M2.0_theta90_seed2,1.500000,1.000000,2.000000,90.000000,2,MEASURABLE,0.993859,0.112008,22.699906,2.334403,9,5.159000,0.112700,105.069054,False,0.724700,1.570000,2,,,,,,,,,,,,,,,,,,,,,
P2_0467,supercritical_f1.8_beta1.0_M2.0_theta90_seed1,1.800000,1.000000,2.000000,90.000000,1,COLLAPSED,,,16.145829,1.497943,9,4.820000,0.139900,94.576634,False,0.442900,1.570000,2,,,,,,,,,,,,,,,,,,,,,
P2_0468,supercritical_f1.8_beta1.0_M2.0_theta90_seed2,1.800000,1.000000,2.000000,90.000000,2,COLLAPSED,,,15.867669,1.497943,8,4.558000,0.143500,93.951728,False,0.442900,1.570000,2,,,,,,,,,,,,,,,,,,,,,
P2_0469,supercritical_f2.0_beta1.0_M2.0_theta90_seed1,2.000000,1.000000,2.000000,90.000000,1,PARTIAL,1.154505,0.346351,12.258673,1.202082,10,4.160000,0.174800,31.676179,True,0.221500,1.570000,2,,,,,,,,,,,,,,,,,,,,,
P2_0470,supercritical_f2.0_beta1.0_M2.0_theta90_seed2,2.000000,1.000000,2.000000,90.000000,2,PARTIAL,0.917246,0.275174,12.602511,1.202082,10,4.513000,0.160600,36.434020,True,0.221500,1.570000,2,,,,,,,,,,,,,,,,,,,,,
P2_0471,supercritical_f2.5_beta1.0_M2.0_theta90_seed1,2.500000,1.000000,2.000000,90.000000,1,PARTIAL,0.919582,0.275875,8.342422,0.793251,13,3.119000,0.265100,35.079375,True,0.050000,1.570000,2,,,,,,,,,,,,,,,,,,,,,
P2_0472,supercritical_f2.5_beta1.0_M2.0_theta90_seed2,2.500000,1.000000,2.000000,90.000000,2,PARTIAL,0.871565,0.261470,8.832223,0.793251,11,3.366000,0.249200,30.977814,True,0.050000,1.570000,2,,,,,,,,,,,,,,,,,,,,,
P2_0473,supercritical_f1.5_beta2.0_M1.0_theta90_seed1,1.500000,2.000000,1.000000,90.000000,1,MEASURABLE,1.518515,0.136818,26.304807,1.853790,5,4.986000,0.090100,117.966326,False,0.563500,1.475000,2,,,,,,,,,,,,,,,,,,,,,
P2_0474,supercritical_f1.5_beta2.0_M1.0_theta90_seed2,1.500000,2.000000,1.000000,90.000000,2,PARTIAL,1.287206,0.386162,26.437366,1.853790,6,5.109000,0.086600,34.322878,False,0.563500,1.475000,2,,,,,,,,,,,,,,,,,,,,,
P2_0475,supercritical_f1.8_beta2.0_M1.0_theta90_seed1,1.800000,2.000000,1.000000,90.000000,1,PARTIAL,1.452574,0.435772,18.804183,1.189543,6,4.630000,0.123500,39.917893,True,0.116600,1.475000,2,,,,,,,,,,,,,,,,,,,,,
P2_0476,supercritical_f1.8_beta2.0_M1.0_theta90_seed2,1.800000,2.000000,1.000000,90.000000,2,PARTIAL,1.444820,0.433446,18.480225,1.189543,5,4.368000,0.127600,38.787307,True,0.116600,1.475000,2,,,,,,,,,,,,,,,,,,,,,
P2_0477,supercritical_f2.0_beta2.0_M1.0_theta90_seed1,2.000000,2.000000,1.000000,90.000000,1,PARTIAL,1.640130,0.492039,14.277020,0.954594,7,3.970000,0.159100,38.308638,True,0.050000,1.475000,2,,,,,,,,,,,,,,,,,,,,,
P2_0478,supercritical_f2.0_beta2.0_M1.0_theta90_seed2,2.000000,2.000000,1.000000,90.000000,2,PARTIAL,1.303072,0.390922,14.677470,0.954594,7,4.323000,0.143500,35.707976,True,0.050000,1.475000,2,,,,,,,,,,,,,,,,,,,,,
P2_0479,supercritical_f2.5_beta2.0_M1.0_theta90_seed1,2.500000,2.000000,1.000000,90.000000,1,PARTIAL,1.306391,0.391917,9.715973,0.629934,10,2.929000,0.250300,39.484675,True,0.050000,1.475000,2,,,,,,,,,,,,,,,,,,,,,
P2_0480,supercritical_f2.5_beta2.0_M1.0_theta90_seed2,2.500000,2.000000,1.000000,90.000000,2,PARTIAL,1.238176,0.371453,10.286417,0.629934,8,3.176000,0.233400,39.515220,True,0.050000,1.475000,2,,,,,,,,,,,,,,,,,,,,,
P2_0481,supercritical_f1.5_beta2.0_M2.0_theta90_seed1,1.500000,2.000000,2.000000,90.000000,1,PARTIAL,1.470611,0.441183,18.427840,1.853790,6,5.033000,0.123300,31.152698,False,0.563500,1.395000,2,,,,,,,,,,,,,,,,,,,,,
P2_0482,supercritical_f1.5_beta2.0_M2.0_theta90_seed2,1.500000,2.000000,2.000000,90.000000,2,PARTIAL,1.278843,0.383653,17.955730,1.853790,6,4.894000,0.133400,44.033216,False,0.563500,1.395000,2,,,,,,,,,,,,,,,,,,,,,
P2_0483,supercritical_f1.8_beta2.0_M2.0_theta90_seed1,1.800000,2.000000,2.000000,90.000000,1,PARTIAL,1.214415,0.364324,12.200305,1.189543,6,3.782000,0.165500,33.848420,True,0.116600,1.395000,2,,,,,,,,,,,,,,,,,,,,,
P2_0484,supercritical_f1.8_beta2.0_M2.0_theta90_seed2,1.800000,2.000000,2.000000,90.000000,2,PARTIAL,1.146983,0.344095,12.689796,1.189543,7,4.189000,0.178600,32.841372,True,0.116600,1.395000,2,,,,,,,,,,,,,,,,,,,,,
P2_0485,supercritical_f2.0_beta2.0_M2.0_theta90_seed1,2.000000,2.000000,2.000000,90.000000,1,PARTIAL,1.122059,0.336618,10.319766,0.954594,8,3.806000,0.193300,39.623349,True,0.050000,1.395000,2,,,,,,,,,,,,,,,,,,,,,
P2_0486,supercritical_f2.0_beta2.0_M2.0_theta90_seed2,2.000000,2.000000,2.000000,90.000000,2,PARTIAL,0.971905,0.291571,10.282503,0.954594,8,3.421000,0.200800,42.663197,True,0.050000,1.395000,2,,,,,,,,,,,,,,,,,,,,,
P2_0487,supercritical_f2.5_beta2.0_M2.0_theta90_seed1,2.500000,2.000000,2.000000,90.000000,1,PARTIAL,1.446843,0.434053,6.886320,0.629934,8,2.723000,0.289800,34.610975,True,0.050000,1.395000,2,,,,,,,,,,,,,,,,,,,,,
P2_0488,supercritical_f2.5_beta2.0_M2.0_theta90_seed2,2.500000,2.000000,2.000000,90.000000,2,PARTIAL,1.047086,0.314126,6.960774,0.629934,9,3.189000,0.281400,41.943383,True,0.050000,1.395000,2,,,,,,,,,,,,,,,,,,,,,
P3_0001,supercritical_f1.30_beta0.1_M1.0_theta0_seed1_res128_dc1.0,1.300000,0.100000,1.000000,0.000000,1,MEASURABLE,2.445600,0.211300,32.415909,19.472867,3,4.950000,0.086400,85.160474,False,0.995400,3.300000,3,128.000000,1.000000,0.000000,fine_sample_A,A,3.000000,persistent,2.374348,1.0,2.341016,2.383515,2.445600,2.326744,2.400154,2.454254,MEASURABLE,MEASURABLE,MEASURABLE,MEASURABLE,MEASURABLE,MEASURABLE
P3_0002,supercritical_f1.30_beta0.1_M1.0_theta0_seed2_res128_dc1.0,1.300000,0.100000,1.000000,0.000000,2,MEASURABLE,2.587739,0.197186,32.415909,19.472867,3,5.023000,0.076200,105.617828,False,0.995400,3.300000,3,128.000000,1.000000,0.000000,fine_sample_A,A,3.000000,persistent,2.567958,1.0,2.463706,2.510923,2.587739,2.550480,2.589592,2.660235,MEASURABLE,MEASURABLE,MEASURABLE,MEASURABLE,MEASURABLE,MEASURABLE
P3_0003,supercritical_f1.35_beta0.1_M1.0_theta0_seed1_res128_dc1.0,1.350000,0.100000,1.000000,0.000000,1,MEASURABLE,2.460928,0.176202,29.135306,17.022549,3,5.294000,0.071600,97.108951,False,0.994200,3.300000,3,128.000000,1.000000,0.000000,fine_sample_A,A,3.000000,persistent,2.483013,1.0,2.502648,2.529530,2.460928,2.516431,2.521201,2.517110,MEASURABLE,MEASURABLE,MEASURABLE,MEASURABLE,MEASURABLE,MEASURABLE
P3_0004,supercritical_f1.35_beta0.1_M1.0_theta0_seed2_res128_dc1.0,1.350000,0.100000,1.000000,0.000000,2,MEASURABLE,2.525598,0.205079,29.135306,17.022549,4,4.761000,0.081200,103.704729,False,0.994200,3.300000,3,128.000000,1.000000,0.000000,fine_sample_A,A,3.000000,persistent,2.561866,1.0,2.478132,2.605210,2.525598,2.595778,2.587216,2.633941,MEASURABLE,MEASURABLE,MEASURABLE,MEASURABLE,MEASURABLE,MEASURABLE
P3_0005,supercritical_f1.40_beta0.1_M1.0_theta0_seed1_res128_dc1.0,1.400000,0.100000,1.000000,0.000000,1,MEASURABLE,2.297971,0.155343,26.482245,15.122845,3,4.796000,0.067600,109.094014,False,0.993000,3.300000,3,128.000000,1.000000,0.000000,fine_sample_A,A,3.000000,persistent,2.334682,1.0,2.284402,2.265193,2.297971,2.334291,2.373722,2.365760,MEASURABLE,MEASURABLE,MEASURABLE,MEASURABLE,MEASURABLE,MEASURABLE
P3_0006,supercritical_f1.40_beta0.1_M1.0_theta0_seed2_res128_dc1.0,1.400000,0.100000,1.000000,0.000000,2,PARTIAL,2.627169,0.219106,26.482245,15.122845,2,5.113000,0.083400,41.565814,False,0.993000,3.300000,3,128.000000,1.000000,0.000000,fine_sample_A,A,0.000000,never_fragmented,2.574343,1.0,2.643507,2.671300,2.627169,2.565606,2.587472,2.629649,PARTIAL,PARTIAL,PARTIAL,PARTIAL,PARTIAL,PARTIAL
P3_0007,supercritical_f1.45_beta0.1_M1.0_theta0_seed1_res128_dc1.0,1.450000,0.100000,1.000000,0.000000,1,PARTIAL,2.490560,0.230626,24.281814,13.603452,2,4.856000,0.092600,44.689794,False,0.991600,3.300000,3,128.000000,1.000000,0.000000,fine_sample_A,A,0.000000,never_fragmented,2.484750,1.0,2.459099,2.516170,2.490560,2.514092,2.511124,2.559651,PARTIAL,PARTIAL,PARTIAL,PARTIAL,PARTIAL,PARTIAL
P3_0008,supercritical_f1.45_beta0.1_M1.0_theta0_seed2_res128_dc1.0,1.450000,0.100000,1.000000,0.000000,2,MEASURABLE,2.364812,0.198644,24.281814,13.603452,3,5.173000,0.084000,101.688947,False,0.991600,3.300000,3,128.000000,1.000000,0.000000,fine_sample_A,A,3.000000,persistent,2.312864,1.0,2.202557,2.347132,2.364812,2.375402,2.324765,2.385816,MEASURABLE,MEASURABLE,MEASURABLE,MEASURABLE,MEASURABLE,MEASURABLE
P3_0009,supercritical_f1.50_beta0.1_M1.0_theta0_seed1_res128_dc1.0,1.500000,0.100000,1.000000,0.000000,1,PARTIAL,2.518476,0.206263,22.420939,12.358603,2,4.683000,0.081900,40.230080,False,0.990200,3.300000,3,128.000000,1.000000,0.000000,fine_sample_A,A,0.000000,never_fragmented,2.545382,1.0,2.658913,2.564748,2.518476,2.515381,2.565579,2.579206,PARTIAL,PARTIAL,PARTIAL,PARTIAL,PARTIAL,PARTIAL
P3_0010,supercritical_f1.50_beta0.1_M1.0_theta0_seed2_res128_dc1.0,1.500000,0.100000,1.000000,0.000000,2,MEASURABLE,2.347836,0.152844,22.420939,12.358603,4,5.202000,0.065100,96.565518,False,0.990200,3.300000,3,128.000000,1.000000,0.000000,fine_sample_A,A,3.000000,persistent,2.318354,1.0,2.405576,2.252740,2.347836,2.330863,2.352971,2.398022,MEASURABLE,MEASURABLE,MEASURABLE,MEASURABLE,MEASURABLE,MEASURABLE
P3_0011,supercritical_f1.55_beta0.1_M1.0_theta0_seed1_res128_dc1.0,1.550000,0.100000,1.000000,0.000000,1,MEASURABLE,2.375595,0.246824,20.822705,11.318911,3,5.029000,0.103900,96.859564,False,0.988700,3.300000,3,128.000000,1.000000,0.000000,fine_sample_A,A,3.000000,persistent,2.372430,1.0,2.261790,2.413419,2.375595,2.467222,2.404119,2.428033,MEASURABLE,MEASURABLE,MEASURABLE,MEASURABLE,MEASURABLE,MEASURABLE
P3_0012,supercritical_f1.55_beta0.1_M1.0_theta0_seed2_res128_dc1.0,1.550000,0.100000,1.000000,0.000000,2,MEASURABLE,2.427510,0.207552,20.822705,11.318911,3,4.963000,0.085500,97.798880,False,0.988700,3.300000,3,128.000000,1.000000,0.000000,fine_sample_A,A,3.000000,persistent,2.482059,1.0,2.481057,2.497787,2.427510,2.486475,2.507214,2.557119,MEASURABLE,MEASURABLE,MEASURABLE,MEASURABLE,MEASURABLE,MEASURABLE
P3_0013,supercritical_f1.60_beta0.1_M1.0_theta0_seed1_res128_dc1.0,1.600000,0.100000,1.000000,0.000000,1,MEASURABLE,2.403410,0.183621,19.432655,10.436841,4,5.122000,0.076400,99.682896,False,0.987100,3.300000,3,128.000000,1.000000,0.000000,fine_sample_A,A,3.000000,persistent,2.441298,1.0,2.416414,2.575502,2.403410,2.429343,2.454627,2.528857,MEASURABLE,MEASURABLE,MEASURABLE,MEASURABLE,MEASURABLE,MEASURABLE
P3_0014,supercritical_f1.60_beta0.1_M1.0_theta0_seed2_res128_dc1.0,1.600000,0.100000,1.000000,0.000000,2,PARTIAL,2.469429,0.188664,19.432655,10.436841,2,5.504000,0.076400,38.130521,False,0.987100,3.300000,3,128.000000,1.000000,0.000000,fine_sample_A,A,0.000000,never_fragmented,2.433736,1.0,2.372289,2.475340,2.469429,2.439198,2.460042,2.485996,PARTIAL,PARTIAL,PARTIAL,PARTIAL,PARTIAL,PARTIAL
P3_0015,supercritical_f1.65_beta0.1_M1.0_theta0_seed1_res128_dc1.0,1.650000,0.100000,1.000000,0.000000,1,MEASURABLE,2.453944,0.185764,18.210960,9.678666,4,5.071000,0.075700,112.132215,False,0.985400,3.300000,3,128.000000,1.000000,0.000000,fine_sample_A,A,3.000000,persistent,2.461284,1.0,2.473734,2.494615,2.453944,2.521358,2.489467,2.508126,MEASURABLE,MEASURABLE,MEASURABLE,MEASURABLE,MEASURABLE,MEASURABLE
P3_0016,supercritical_f1.65_beta0.1_M1.0_theta0_seed2_res128_dc1.0,1.650000,0.100000,1.000000,0.000000,2,MEASURABLE,2.442669,0.167079,18.210960,9.678666,3,5.209000,0.068400,92.649141,False,0.985400,3.300000,3,128.000000,1.000000,0.000000,fine_sample_A,A,3.000000,persistent,2.378680,1.0,2.392077,2.384614,2.442669,2.344056,2.399276,2.439980,MEASURABLE,MEASURABLE,MEASURABLE,MEASURABLE,MEASURABLE,MEASURABLE
P3_0017,supercritical_f1.70_beta0.1_M1.0_theta0_seed1_res128_dc1.0,1.700000,0.100000,1.000000,0.000000,1,MEASURABLE,2.474959,0.242546,17.127701,9.019750,4,4.421000,0.098000,102.645073,False,0.983700,3.300000,3,128.000000,1.000000,0.000000,fine_sample_A,A,3.000000,persistent,2.439670,1.0,2.373013,2.399436,2.474959,2.471380,2.474064,2.463434,MEASURABLE,MEASURABLE,MEASURABLE,MEASURABLE,MEASURABLE,MEASURABLE
P3_0018,supercritical_f1.70_beta0.1_M1.0_theta0_seed2_res128_dc1.0,1.700000,0.100000,1.000000,0.000000,2,PARTIAL,2.194428,0.207812,17.127701,9.019750,2,5.113000,0.094700,42.724708,False,0.983700,3.300000,3,128.000000,1.000000,0.000000,fine_sample_A,A,0.000000,never_fragmented,2.223862,1.0,2.240793,2.193531,2.194428,2.235980,2.241103,2.295842,PARTIAL,PARTIAL,PARTIAL,PARTIAL,PARTIAL,PARTIAL
P3_0019,supercritical_f1.75_beta0.1_M1.0_theta0_seed1_res128_dc1.0,1.750000,0.100000,1.000000,0.000000,1,MEASURABLE,2.314532,0.153453,16.159891,8.441654,3,4.891000,0.066300,106.869488,False,0.982000,3.300000,3,128.000000,1.000000,0.000000,fine_sample_A,A,3.000000,persistent,2.330275,1.0,2.317109,2.275959,2.314532,2.359206,2.361938,2.389487,MEASURABLE,MEASURABLE,MEASURABLE,MEASURABLE,MEASURABLE,MEASURABLE
P3_0020,supercritical_f1.75_beta0.1_M1.0_theta0_seed2_res128_dc1.0,1.750000,0.100000,1.000000,0.000000,2,PARTIAL,2.318021,0.213026,16.159891,8.441654,2,5.157000,0.091900,33.321772,False,0.982000,3.300000,3,128.000000,1.000000,0.000000,fine_sample_A,A,0.000000,never_fragmented,2.255912,1.0,2.251984,2.259960,2.318021,2.294558,2.276496,2.300182,PARTIAL,PARTIAL,PARTIAL,PARTIAL,PARTIAL,PARTIAL
P3_0021,supercritical_f1.80_beta0.1_M1.0_theta0_seed1_res128_dc1.0,1.800000,0.100000,1.000000,0.000000,1,MEASURABLE,2.306128,0.161660,15.289531,7.930284,3,4.977000,0.070100,111.782167,False,0.980100,3.300000,3,128.000000,1.000000,0.000000,fine_sample_A,A,3.000000,persistent,2.369469,1.0,2.383192,2.440575,2.306128,2.308128,2.409340,2.402152,MEASURABLE,MEASURABLE,MEASURABLE,MEASURABLE,MEASURABLE,MEASURABLE
P3_0022,supercritical_f1.80_beta0.1_M1.0_theta0_seed2_res128_dc1.0,1.800000,0.100000,1.000000,0.000000,2,MEASURABLE,2.233643,0.176011,15.289531,7.930284,4,5.475000,0.078800,115.898802,False,0.980100,3.300000,3,128.000000,1.000000,0.000000,fine_sample_A,A,3.000000,persistent,2.254099,1.0,2.179003,2.271462,2.233643,2.288566,2.294598,2.280007,MEASURABLE,MEASURABLE,MEASURABLE,MEASURABLE,MEASURABLE,MEASURABLE
P3_0023,supercritical_f1.85_beta0.1_M1.0_theta0_seed1_res128_dc1.0,1.850000,0.100000,1.000000,0.000000,1,MEASURABLE,2.313116,0.177879,14.502293,7.474677,4,4.769000,0.076900,97.216206,False,0.978200,3.300000,3,128.000000,1.000000,0.000000,fine_sample_A,A,3.000000,persistent,2.272339,1.0,2.336194,2.252127,2.313116,2.289587,2.287941,2.302823,MEASURABLE,MEASURABLE,MEASURABLE,MEASURABLE,MEASURABLE,MEASURABLE
P3_0024,supercritical_f1.85_beta0.1_M1.0_theta0_seed2_res128_dc1.0,1.850000,0.100000,1.000000,0.000000,2,MEASURABLE,2.302449,0.167849,14.502293,7.474677,4,4.729000,0.072900,113.627563,False,0.978200,3.300000,3,128.000000,1.000000,0.000000,fine_sample_A,A,3.000000,persistent,2.262517,1.0,2.319936,2.230487,2.302449,2.237504,2.294343,2.326797,MEASURABLE,MEASURABLE,MEASURABLE,MEASURABLE,MEASURABLE,MEASURABLE
P3_0025,supercritical_f1.90_beta0.1_M1.0_theta0_seed1_res128_dc1.0,1.900000,0.100000,1.000000,0.000000,1,MEASURABLE,2.277070,0.183076,13.786606,7.066166,3,5.248000,0.080400,116.739325,False,0.976300,3.300000,3,128.000000,1.000000,0.000000,fine_sample_A,A,3.000000,persistent,2.277578,1.0,2.175894,2.241765,2.277070,2.279463,2.292737,2.342137,MEASURABLE,MEASURABLE,MEASURABLE,MEASURABLE,MEASURABLE,MEASURABLE
P3_0026,supercritical_f1.90_beta0.1_M1.0_theta0_seed2_res128_dc1.0,1.900000,0.100000,1.000000,0.000000,2,MEASURABLE,2.299994,0.209299,13.786606,7.066166,3,4.652000,0.091000,93.204211,False,0.976300,3.300000,3,128.000000,1.000000,0.000000,fine_sample_A,A,3.000000,persistent,2.310449,1.0,2.440977,2.357860,2.299994,2.310717,2.335267,2.346816,MEASURABLE,MEASURABLE,MEASURABLE,MEASURABLE,MEASURABLE,MEASURABLE
P3_0027,supercritical_f1.95_beta0.1_M1.0_theta0_seed1_res128_dc1.0,1.950000,0.100000,1.000000,0.000000,1,MEASURABLE,2.288895,0.191581,13.133011,6.697805,4,5.517000,0.083700,105.469682,False,0.974300,3.300000,3,128.000000,1.000000,0.000000,fine_sample_A,A,3.000000,persistent,2.253414,1.0,2.296156,2.258683,2.288895,2.287835,2.287378,2.288176,MEASURABLE,MEASURABLE,MEASURABLE,MEASURABLE,MEASURABLE,MEASURABLE
P3_0028,supercritical_f1.95_beta0.1_M1.0_theta0_seed2_res128_dc1.0,1.950000,0.100000,1.000000,0.000000,2,MEASURABLE,2.479630,0.228374,13.133011,6.697805,5,4.546000,0.092100,103.280015,False,0.974300,3.300000,3,128.000000,1.000000,0.000000,fine_sample_A,A,3.000000,persistent,2.393344,1.0,2.446535,2.447100,2.479630,2.426540,2.431090,2.454493,MEASURABLE,MEASURABLE,MEASURABLE,MEASURABLE,MEASURABLE,MEASURABLE
P3_0029,supercritical_f2.00_beta0.1_M1.0_theta0_seed1_res128_dc1.0,2.000000,0.100000,1.000000,0.000000,1,MEASURABLE,2.167681,0.159541,12.533686,6.363961,4,5.096000,0.073600,105.220216,False,0.972200,3.300000,3,128.000000,1.000000,0.000000,fine_sample_A,A,3.000000,persistent,2.202291,1.0,2.227424,2.179011,2.167681,2.204016,2.216923,2.262156,MEASURABLE,MEASURABLE,MEASURABLE,MEASURABLE,MEASURABLE,MEASURABLE
P3_0030,supercritical_f2.00_beta0.1_M1.0_theta0_seed2_res128_dc1.0,2.000000,0.100000,1.000000,0.000000,2,MEASURABLE,2.268187,0.163309,12.533686,6.363961,3,4.776000,0.072000,92.146213,False,0.972200,3.300000,3,128.000000,1.000000,0.000000,fine_sample_A,A,3.000000,persistent,2.251984,1.0,2.156381,2.280623,2.268187,2.274805,2.290678,2.303915,MEASURABLE,MEASURABLE,MEASURABLE,MEASURABLE,MEASURABLE,MEASURABLE
P3_0031,supercritical_f1.30_beta0.3_M1.0_theta0_seed1_res128_dc1.0,1.300000,0.300000,1.000000,0.000000,1,PARTIAL,2.736181,0.242152,32.415909,7.933390,2,4.601000,0.088500,35.686215,False,0.972500,1.966667,3,128.000000,1.000000,0.000000,fine_sample_A,A,0.000000,never_fragmented,2.758678,1.0,2.779976,2.745119,2.736181,2.827200,2.788140,2.832478,PARTIAL,PARTIAL,PARTIAL,PARTIAL,PARTIAL,PARTIAL
P3_0032,supercritical_f1.30_beta0.3_M1.0_theta0_seed2_res128_dc1.0,1.300000,0.300000,1.000000,0.000000,2,PARTIAL,2.698977,0.245337,32.415909,7.933390,2,5.132000,0.090900,35.561323,False,0.972500,1.966667,3,128.000000,1.000000,0.000000,fine_sample_A,A,0.000000,never_fragmented,2.806729,1.0,2.929971,2.747496,2.698977,2.786498,2.823578,2.882786,PARTIAL,PARTIAL,PARTIAL,PARTIAL,PARTIAL,PARTIAL
P3_0033,supercritical_f1.35_beta0.3_M1.0_theta0_seed1_res128_dc1.0,1.350000,0.300000,1.000000,0.000000,1,PARTIAL,2.659027,0.253671,29.135306,6.935113,2,4.723000,0.095400,33.486862,False,0.965300,1.966667,3,128.000000,1.000000,0.000000,fine_sample_A,A,0.000000,never_fragmented,2.707508,1.0,2.472545,2.773971,2.659027,2.715822,2.746698,2.754321,PARTIAL,PARTIAL,PARTIAL,PARTIAL,PARTIAL,PARTIAL
P3_0034,supercritical_f1.35_beta0.3_M1.0_theta0_seed2_res128_dc1.0,1.350000,0.300000,1.000000,0.000000,2,MEASURABLE,2.649166,0.202661,29.135306,6.935113,3,4.473000,0.076500,103.704729,False,0.965300,1.966667,3,128.000000,1.000000,0.000000,fine_sample_A,A,3.000000,persistent,2.610964,1.0,2.503313,2.577412,2.649166,2.596504,2.657634,2.695855,MEASURABLE,MEASURABLE,MEASURABLE,MEASURABLE,MEASURABLE,MEASURABLE
P3_0035,supercritical_f1.40_beta0.3_M1.0_theta0_seed1_res128_dc1.0,1.400000,0.300000,1.000000,0.000000,1,PARTIAL,2.692204,0.224530,26.482245,6.161159,1,5.146000,0.083400,33.986524,False,0.957700,1.966667,3,128.000000,1.000000,0.000000,fine_sample_A,A,0.000000,immediate_collapse,2.685474,1.0,2.693380,2.711873,2.692204,2.694302,2.726277,2.710867,PARTIAL,PARTIAL,PARTIAL,PARTIAL,COLLAPSED,COLLAPSED
P3_0036,supercritical_f1.40_beta0.3_M1.0_theta0_seed2_res128_dc1.0,1.400000,0.300000,1.000000,0.000000,2,PARTIAL,2.632795,0.226157,26.482245,6.161159,1,4.863000,0.085900,41.565814,False,0.957700,1.966667,3,128.000000,1.000000,0.000000,fine_sample_A,A,0.000000,immediate_collapse,2.593201,1.0,2.676799,2.533921,2.632795,2.652256,2.621884,2.632272,PARTIAL,PARTIAL,PARTIAL,PARTIAL,COLLAPSED,COLLAPSED
P3_0037,supercritical_f1.45_beta0.3_M1.0_theta0_seed1_res128_dc1.0,1.450000,0.300000,1.000000,0.000000,1,MEASURABLE,2.592291,0.212309,24.281814,5.542147,3,5.088000,0.081900,108.027230,False,0.949500,1.966667,3,128.000000,1.000000,0.000000,fine_sample_A,A,3.000000,persistent,2.650070,1.0,2.568420,2.650413,2.592291,2.597276,2.672829,2.678205,MEASURABLE,MEASURABLE,MEASURABLE,MEASURABLE,MEASURABLE,MEASURABLE
P3_0038,supercritical_f1.45_beta0.3_M1.0_theta0_seed2_res128_dc1.0,1.450000,0.300000,1.000000,0.000000,2,MEASURABLE,2.706610,0.175930,24.281814,5.542147,3,4.486000,0.065000,101.688947,False,0.949500,1.966667,3,128.000000,1.000000,0.000000,fine_sample_A,A,3.000000,persistent,2.665996,1.0,2.565750,2.684629,2.706610,2.648750,2.690419,2.697564,MEASURABLE,MEASURABLE,MEASURABLE,MEASURABLE,MEASURABLE,MEASURABLE
P3_0039,supercritical_f1.50_beta0.3_M1.0_theta0_seed1_res128_dc1.0,1.500000,0.300000,1.000000,0.000000,1,MEASURABLE,2.494537,0.249454,22.420939,5.034986,3,4.962000,0.100000,109.473995,False,0.940800,1.966667,3,128.000000,1.000000,0.000000,fine_sample_A,A,3.000000,persistent,2.474301,1.0,2.531164,2.465842,2.494537,2.453455,2.492887,2.556996,MEASURABLE,MEASURABLE,MEASURABLE,MEASURABLE,MEASURABLE,MEASURABLE
P3_0040,supercritical_f1.50_beta0.3_M1.0_theta0_seed2_res128_dc1.0,1.500000,0.300000,1.000000,0.000000,2,MEASURABLE,2.489126,0.202864,22.420939,5.034986,4,5.441000,0.081500,96.565518,False,0.940800,1.966667,3,128.000000,1.000000,0.000000,fine_sample_A,A,3.000000,persistent,2.518100,1.0,2.575139,2.555773,2.489126,2.546093,2.562101,2.568057,MEASURABLE,MEASURABLE,MEASURABLE,MEASURABLE,MEASURABLE,MEASURABLE
P3_0041,supercritical_f1.55_beta0.3_M1.0_theta0_seed1_res128_dc1.0,1.550000,0.300000,1.000000,0.000000,1,MEASURABLE,2.466535,0.205216,20.822705,4.611408,3,5.002000,0.083200,96.859564,False,0.931700,1.966667,3,128.000000,1.000000,0.000000,fine_sample_A,A,3.000000,persistent,2.487969,1.0,2.541350,2.523512,2.466535,2.541743,2.518347,2.535396,MEASURABLE,MEASURABLE,MEASURABLE,MEASURABLE,MEASURABLE,MEASURABLE
P3_0042,supercritical_f1.55_beta0.3_M1.0_theta0_seed2_res128_dc1.0,1.550000,0.300000,1.000000,0.000000,2,MEASURABLE,2.740739,0.254889,20.822705,4.611408,3,4.951000,0.093000,97.798880,False,0.931700,1.966667,3,128.000000,1.000000,0.000000,fine_sample_A,A,3.000000,persistent,2.762083,1.0,2.712456,2.784651,2.740739,2.746950,2.783059,2.822170,MEASURABLE,MEASURABLE,MEASURABLE,MEASURABLE,MEASURABLE,MEASURABLE
P3_0043,supercritical_f1.60_beta0.3_M1.0_theta0_seed1_res128_dc1.0,1.600000,0.300000,1.000000,0.000000,1,PARTIAL,2.400801,0.184862,19.432655,4.252046,2,5.201000,0.077000,30.185807,False,0.922200,1.966667,3,128.000000,1.000000,0.000000,fine_sample_A,A,0.000000,never_fragmented,2.358366,1.0,2.353418,2.398276,2.400801,2.371204,2.395548,2.439844,PARTIAL,PARTIAL,PARTIAL,PARTIAL,PARTIAL,PARTIAL
P3_0044,supercritical_f1.60_beta0.3_M1.0_theta0_seed2_res128_dc1.0,1.600000,0.300000,1.000000,0.000000,2,MEASURABLE,2.560219,0.209682,19.432655,4.252046,3,4.665000,0.081900,77.209074,False,0.922200,1.966667,3,128.000000,1.000000,0.000000,fine_sample_A,A,3.000000,persistent,2.560480,1.0,2.552801,2.554744,2.560219,2.580310,2.584039,2.618760,MEASURABLE,MEASURABLE,MEASURABLE,MEASURABLE,MEASURABLE,MEASURABLE
P3_0045,supercritical_f1.65_beta0.3_M1.0_theta0_seed1_res128_dc1.0,1.650000,0.300000,1.000000,0.000000,1,MEASURABLE,2.437150,0.202527,18.210960,3.943160,4,4.870000,0.083100,112.132215,False,0.912300,1.966667,3,128.000000,1.000000,0.000000,fine_sample_A,A,3.000000,persistent,2.477236,1.0,2.473414,2.506424,2.437150,2.470548,2.499285,2.515098,MEASURABLE,MEASURABLE,MEASURABLE,MEASURABLE,MEASURABLE,MEASURABLE
P3_0046,supercritical_f1.65_beta0.3_M1.0_theta0_seed2_res128_dc1.0,1.650000,0.300000,1.000000,0.000000,2,PARTIAL,2.422421,0.212204,18.210960,3.943160,2,5.477000,0.087600,40.942412,False,0.912300,1.966667,3,128.000000,1.000000,0.000000,fine_sample_A,A,0.000000,never_fragmented,2.470819,1.0,2.325571,2.485810,2.422421,2.473913,2.497742,2.547738,PARTIAL,PARTIAL,PARTIAL,PARTIAL,PARTIAL,PARTIAL
P3_0047,supercritical_f1.70_beta0.3_M1.0_theta0_seed1_res128_dc1.0,1.700000,0.300000,1.000000,0.000000,1,MEASURABLE,2.592918,0.222213,17.127701,3.674713,4,4.980000,0.085700,102.645073,False,0.902000,1.966667,3,128.000000,1.000000,0.000000,fine_sample_A,A,3.000000,persistent,2.480203,1.0,2.583805,2.483543,2.592918,2.461744,2.493587,2.522439,MEASURABLE,MEASURABLE,MEASURABLE,MEASURABLE,MEASURABLE,MEASURABLE
P3_0048,supercritical_f1.70_beta0.3_M1.0_theta0_seed2_res128_dc1.0,1.700000,0.300000,1.000000,0.000000,2,PARTIAL,2.413693,0.167993,17.127701,3.674713,2,5.184000,0.069600,42.724708,False,0.902000,1.966667,3,128.000000,1.000000,0.000000,fine_sample_A,A,0.000000,never_fragmented,2.430418,1.0,2.527189,2.502429,2.413693,2.455885,2.468079,2.507193,PARTIAL,PARTIAL,PARTIAL,PARTIAL,PARTIAL,PARTIAL
P3_0049,supercritical_f1.75_beta0.3_M1.0_theta0_seed1_res128_dc1.0,1.750000,0.300000,1.000000,0.000000,1,MEASURABLE,2.498227,0.206853,16.159891,3.439192,3,4.926000,0.082800,106.869488,False,0.891300,1.966667,3,128.000000,1.000000,0.000000,fine_sample_A,A,3.000000,persistent,2.467726,1.0,2.544041,2.506884,2.498227,2.414248,2.479292,2.526165,MEASURABLE,MEASURABLE,MEASURABLE,MEASURABLE,MEASURABLE,MEASURABLE
P3_0050,supercritical_f1.75_beta0.3_M1.0_theta0_seed2_res128_dc1.0,1.750000,0.300000,1.000000,0.000000,2,MEASURABLE,2.717180,0.246177,16.159891,3.439192,3,5.287000,0.090600,92.951069,False,0.891300,1.966667,3,128.000000,1.000000,0.000000,fine_sample_A,A,3.000000,persistent,2.618819,1.0,2.575740,2.648923,2.717180,2.575263,2.658807,2.654234,MEASURABLE,MEASURABLE,MEASURABLE,MEASURABLE,MEASURABLE,MEASURABLE
P3_0051,supercritical_f1.80_beta0.3_M1.0_theta0_seed1_res128_dc1.0,1.800000,0.300000,1.000000,0.000000,1,MEASURABLE,2.584160,0.204924,15.289531,3.230857,3,4.575000,0.079300,111.782167,False,0.880300,1.966667,3,128.000000,1.000000,0.000000,fine_sample_A,A,3.000000,persistent,2.501321,1.0,2.482880,2.480923,2.584160,2.485273,2.534779,2.535280,MEASURABLE,MEASURABLE,MEASURABLE,MEASURABLE,MEASURABLE,MEASURABLE
P3_0052,supercritical_f1.80_beta0.3_M1.0_theta0_seed2_res128_dc1.0,1.800000,0.300000,1.000000,0.000000,2,MEASURABLE,2.772400,0.234545,15.289531,3.230857,4,5.079000,0.084600,115.898802,False,0.880300,1.966667,3,128.000000,1.000000,0.000000,fine_sample_A,A,3.000000,persistent,2.799303,1.0,2.710690,2.691836,2.772400,2.690940,2.837231,2.865941,MEASURABLE,MEASURABLE,MEASURABLE,MEASURABLE,MEASURABLE,MEASURABLE
P3_0053,supercritical_f1.85_beta0.3_M1.0_theta0_seed1_res128_dc1.0,1.850000,0.300000,1.000000,0.000000,1,MEASURABLE,2.422477,0.210513,14.502293,3.045239,3,5.163000,0.086900,97.216206,False,0.868900,1.966667,3,128.000000,1.000000,0.000000,fine_sample_A,A,3.000000,persistent,2.412600,1.0,2.501436,2.369399,2.422477,2.444701,2.433457,2.458873,MEASURABLE,MEASURABLE,MEASURABLE,MEASURABLE,MEASURABLE,MEASURABLE
P3_0054,supercritical_f1.85_beta0.3_M1.0_theta0_seed2_res128_dc1.0,1.850000,0.300000,1.000000,0.000000,2,MEASURABLE,2.458583,0.179968,14.502293,3.045239,4,5.305000,0.073200,113.627563,False,0.868900,1.966667,3,128.000000,1.000000,0.000000,fine_sample_A,A,3.000000,persistent,2.476874,1.0,2.429130,2.513113,2.458583,2.425859,2.517139,2.551002,MEASURABLE,MEASURABLE,MEASURABLE,MEASURABLE,MEASURABLE,MEASURABLE
P3_0055,supercritical_f1.90_beta0.3_M1.0_theta0_seed1_res128_dc1.0,1.900000,0.300000,1.000000,0.000000,1,MEASURABLE,2.424905,0.200540,13.786606,2.878808,4,5.182000,0.082700,116.739325,False,0.857100,1.966667,3,128.000000,1.000000,0.000000,fine_sample_A,A,3.000000,persistent,2.414323,1.0,2.449923,2.420374,2.424905,2.434249,2.425737,2.488265,MEASURABLE,MEASURABLE,MEASURABLE,MEASURABLE,MEASURABLE,MEASURABLE
P3_0056,supercritical_f1.90_beta0.3_M1.0_theta0_seed2_res128_dc1.0,1.900000,0.300000,1.000000,0.000000,2,MEASURABLE,2.596823,0.245919,13.786606,2.878808,4,4.702000,0.094700,93.204211,False,0.857100,1.966667,3,128.000000,1.000000,0.000000,fine_sample_A,A,3.000000,persistent,2.520296,1.0,2.433876,2.558777,2.596823,2.461625,2.539282,2.603027,MEASURABLE,MEASURABLE,MEASURABLE,MEASURABLE,MEASURABLE,MEASURABLE
P3_0057,supercritical_f1.95_beta0.3_M1.0_theta0_seed1_res128_dc1.0,1.950000,0.300000,1.000000,0.000000,1,PARTIAL,2.367503,0.187743,13.133011,2.728735,3,5.308000,0.079300,41.590167,False,0.845000,1.966667,3,128.000000,1.000000,0.000000,fine_sample_A,A,3.000000,persistent,2.432106,1.0,2.432579,2.379080,2.367503,2.469837,2.445016,2.509782,PARTIAL,PARTIAL,PARTIAL,PARTIAL,MEASURABLE,MEASURABLE
P3_0058,supercritical_f1.95_beta0.3_M1.0_theta0_seed2_res128_dc1.0,1.950000,0.300000,1.000000,0.000000,2,PARTIAL,2.368908,0.181458,13.133011,2.728735,4,4.944000,0.076600,30.508736,False,0.845000,1.966667,3,128.000000,1.000000,0.000000,fine_sample_A,A,3.000000,persistent,2.389519,1.0,2.414570,2.425921,2.368908,2.432749,2.403665,2.431274,PARTIAL,PARTIAL,PARTIAL,PARTIAL,MEASURABLE,MEASURABLE
P3_0059,supercritical_f2.00_beta0.3_M1.0_theta0_seed1_res128_dc1.0,2.000000,0.300000,1.000000,0.000000,1,PARTIAL,2.314114,0.190220,12.533686,2.592725,5,5.266000,0.082200,38.429305,False,0.832600,1.966667,3,128.000000,1.000000,0.000000,fine_sample_A,A,3.000000,persistent,2.340404,1.0,2.328403,2.359545,2.314114,2.357583,2.379514,2.403519,PARTIAL,PARTIAL,PARTIAL,PARTIAL,MEASURABLE,MEASURABLE
P3_0060,supercritical_f2.00_beta0.3_M1.0_theta0_seed2_res128_dc1.0,2.000000,0.300000,1.000000,0.000000,2,PARTIAL,2.381451,0.250291,12.533686,2.592725,4,5.352000,0.105100,41.453538,False,0.832600,1.966667,3,128.000000,1.000000,0.000000,fine_sample_A,A,3.000000,persistent,2.346669,1.0,2.399332,2.319667,2.381451,2.426163,2.369947,2.402483,PARTIAL,PARTIAL,PARTIAL,PARTIAL,MEASURABLE,MEASURABLE
P3_0061,supercritical_f1.30_beta0.5_M1.0_theta0_seed1_res128_dc1.0,1.300000,0.500000,1.000000,0.000000,1,PARTIAL,3.227844,0.296316,32.415909,5.625495,2,5.149000,0.091800,35.686215,False,0.945300,1.700000,3,128.000000,1.000000,0.000000,fine_sample_A,A,0.000000,never_fragmented,3.081539,1.0,3.016064,3.044297,3.227844,3.079397,3.123869,3.140937,PARTIAL,PARTIAL,PARTIAL,PARTIAL,PARTIAL,PARTIAL
P3_0062,supercritical_f1.30_beta0.5_M1.0_theta0_seed2_res128_dc1.0,1.300000,0.500000,1.000000,0.000000,2,MEASURABLE,3.159003,0.280204,32.415909,5.625495,3,5.221000,0.088700,105.617828,False,0.945300,1.700000,3,128.000000,1.000000,0.000000,fine_sample_A,A,3.000000,persistent,3.089534,1.0,3.053609,3.090563,3.159003,3.139505,3.145032,3.178662,MEASURABLE,MEASURABLE,MEASURABLE,MEASURABLE,MEASURABLE,MEASURABLE
P3_0063,supercritical_f1.35_beta0.5_M1.0_theta0_seed1_res128_dc1.0,1.350000,0.500000,1.000000,0.000000,1,PARTIAL,3.090857,0.272614,29.135306,4.917625,2,5.190000,0.088200,33.486862,False,0.931100,1.700000,3,128.000000,1.000000,0.000000,fine_sample_A,A,0.000000,never_fragmented,3.158731,1.0,3.164289,3.254347,3.090857,3.222013,3.202394,3.188887,PARTIAL,PARTIAL,PARTIAL,PARTIAL,PARTIAL,PARTIAL
P3_0064,supercritical_f1.35_beta0.5_M1.0_theta0_seed2_res128_dc1.0,1.350000,0.500000,1.000000,0.000000,2,PARTIAL,3.199382,0.327297,29.135306,4.917625,2,4.773000,0.102300,43.045111,False,0.931100,1.700000,3,128.000000,1.000000,0.000000,fine_sample_A,A,0.000000,never_fragmented,3.148553,1.0,3.033825,3.243678,3.199382,3.169292,3.178514,3.242181,PARTIAL,PARTIAL,PARTIAL,PARTIAL,PARTIAL,PARTIAL
P3_0065,supercritical_f1.40_beta0.5_M1.0_theta0_seed1_res128_dc1.0,1.400000,0.500000,1.000000,0.000000,1,PARTIAL,3.174879,0.237481,26.482245,4.368822,2,4.654000,0.074800,33.986524,False,0.915800,1.700000,3,128.000000,1.000000,0.000000,fine_sample_A,A,0.000000,never_fragmented,3.222408,1.0,3.060281,3.194270,3.174879,3.285090,3.273981,3.317652,PARTIAL,PARTIAL,PARTIAL,PARTIAL,PARTIAL,PARTIAL
P3_0066,supercritical_f1.40_beta0.5_M1.0_theta0_seed2_res128_dc1.0,1.400000,0.500000,1.000000,0.000000,2,MEASURABLE,2.718296,0.190553,26.482245,4.368822,3,5.341000,0.070100,93.985971,False,0.915800,1.700000,3,128.000000,1.000000,0.000000,fine_sample_A,A,3.000000,persistent,2.734774,1.0,2.667815,2.641964,2.718296,2.720571,2.780307,2.809564,MEASURABLE,MEASURABLE,MEASURABLE,MEASURABLE,MEASURABLE,MEASURABLE
P3_0067,supercritical_f1.45_beta0.5_M1.0_theta0_seed1_res128_dc1.0,1.450000,0.500000,1.000000,0.000000,1,MEASURABLE,3.128786,0.246548,24.281814,3.929886,3,4.883000,0.078800,108.027230,False,0.899500,1.700000,3,128.000000,1.000000,0.000000,fine_sample_A,A,3.000000,persistent,3.138591,1.0,3.127645,3.126635,3.128786,3.288056,3.166359,3.220047,MEASURABLE,MEASURABLE,MEASURABLE,MEASURABLE,MEASURABLE,MEASURABLE
P3_0068,supercritical_f1.45_beta0.5_M1.0_theta0_seed2_res128_dc1.0,1.450000,0.500000,1.000000,0.000000,2,PARTIAL,2.950353,0.253140,24.281814,3.929886,1,5.120000,0.085800,32.255300,False,0.899500,1.700000,3,128.000000,1.000000,0.000000,fine_sample_A,A,0.000000,immediate_collapse,2.898430,1.0,2.906305,2.871625,2.950353,2.953433,2.943495,2.950148,PARTIAL,PARTIAL,PARTIAL,PARTIAL,COLLAPSED,COLLAPSED
P3_0069,supercritical_f1.50_beta0.5_M1.0_theta0_seed1_res128_dc1.0,1.500000,0.500000,1.000000,0.000000,1,PARTIAL,2.698670,0.207258,22.420939,3.570263,1,4.966000,0.076800,40.230080,False,0.882300,1.700000,3,128.000000,1.000000,0.000000,fine_sample_A,A,0.000000,immediate_collapse,2.725935,1.0,2.731396,2.649271,2.698670,2.675961,2.739049,2.781413,PARTIAL,PARTIAL,PARTIAL,PARTIAL,COLLAPSED,COLLAPSED
P3_0070,supercritical_f1.50_beta0.5_M1.0_theta0_seed2_res128_dc1.0,1.500000,0.500000,1.000000,0.000000,2,MEASURABLE,2.930636,0.224194,22.420939,3.570263,3,4.605000,0.076500,96.565518,False,0.882300,1.700000,3,128.000000,1.000000,0.000000,fine_sample_A,A,3.000000,persistent,3.070276,1.0,3.095167,2.945367,2.930636,3.082847,3.111871,3.161444,MEASURABLE,MEASURABLE,MEASURABLE,MEASURABLE,MEASURABLE,MEASURABLE
P3_0071,supercritical_f1.55_beta0.5_M1.0_theta0_seed1_res128_dc1.0,1.550000,0.500000,1.000000,0.000000,1,PARTIAL,2.746480,0.237021,20.822705,3.269908,2,5.041000,0.086300,38.537100,False,0.864200,1.700000,3,128.000000,1.000000,0.000000,fine_sample_A,A,0.000000,never_fragmented,2.713493,1.0,2.713038,2.780771,2.746480,2.700280,2.726567,2.770834,PARTIAL,PARTIAL,PARTIAL,PARTIAL,PARTIAL,PARTIAL
P3_0072,supercritical_f1.55_beta0.5_M1.0_theta0_seed2_res128_dc1.0,1.550000,0.500000,1.000000,0.000000,2,PARTIAL,2.997846,0.247322,20.822705,3.269908,2,4.989000,0.082500,35.000490,False,0.864200,1.700000,3,128.000000,1.000000,0.000000,fine_sample_A,A,0.000000,never_fragmented,3.016067,1.0,2.953744,2.974666,2.997846,2.937393,3.053237,3.119486,PARTIAL,PARTIAL,PARTIAL,PARTIAL,PARTIAL,PARTIAL
P3_0073,supercritical_f1.60_beta0.5_M1.0_theta0_seed1_res128_dc1.0,1.600000,0.500000,1.000000,0.000000,1,PARTIAL,2.834085,0.211990,19.432655,3.015087,3,4.765000,0.074800,30.185807,False,0.845300,1.700000,3,128.000000,1.000000,0.000000,fine_sample_A,A,3.000000,persistent,2.844521,1.0,2.861686,2.816490,2.834085,2.885376,2.894221,2.878743,PARTIAL,PARTIAL,PARTIAL,PARTIAL,MEASURABLE,MEASURABLE
P3_0074,supercritical_f1.60_beta0.5_M1.0_theta0_seed2_res128_dc1.0,1.600000,0.500000,1.000000,0.000000,2,MEASURABLE,3.001346,0.239207,19.432655,3.015087,4,5.346000,0.079700,77.209074,False,0.845300,1.700000,3,128.000000,1.000000,0.000000,fine_sample_A,A,3.000000,persistent,2.978901,1.0,2.977138,3.006782,3.001346,2.973603,3.015940,3.040753,MEASURABLE,MEASURABLE,MEASURABLE,MEASURABLE,MEASURABLE,MEASURABLE
P3_0075,supercritical_f1.65_beta0.5_M1.0_theta0_seed1_res128_dc1.0,1.650000,0.500000,1.000000,0.000000,1,PARTIAL,2.936628,0.250494,18.210960,2.796059,4,4.847000,0.085300,34.934297,False,0.825600,1.700000,3,128.000000,1.000000,0.000000,fine_sample_A,A,3.000000,persistent,2.931698,1.0,2.986594,2.956123,2.936628,2.881024,2.948777,2.979227,PARTIAL,PARTIAL,PARTIAL,PARTIAL,MEASURABLE,MEASURABLE
P3_0076,supercritical_f1.65_beta0.5_M1.0_theta0_seed2_res128_dc1.0,1.650000,0.500000,1.000000,0.000000,2,PARTIAL,2.820254,0.199956,18.210960,2.796059,2,5.261000,0.070900,40.942412,False,0.825600,1.700000,3,128.000000,1.000000,0.000000,fine_sample_A,A,0.000000,never_fragmented,2.797966,1.0,2.782287,2.758873,2.820254,2.748097,2.844055,2.867273,PARTIAL,PARTIAL,PARTIAL,PARTIAL,PARTIAL,PARTIAL
P3_0077,supercritical_f1.70_beta0.5_M1.0_theta0_seed1_res128_dc1.0,1.700000,0.500000,1.000000,0.000000,1,PARTIAL,2.849409,0.228523,17.127701,2.605706,2,5.131000,0.080200,43.311906,False,0.805100,1.700000,3,128.000000,1.000000,0.000000,fine_sample_A,A,0.000000,immediate_collapse,2.770395,1.0,2.787718,2.763281,2.849409,2.801109,2.813010,2.830385,PARTIAL,PARTIAL,PARTIAL,PARTIAL,PARTIAL,COLLAPSED
P3_0078,supercritical_f1.70_beta0.5_M1.0_theta0_seed2_res128_dc1.0,1.700000,0.500000,1.000000,0.000000,2,MEASURABLE,2.701911,0.234526,17.127701,2.605706,3,5.240000,0.086800,101.732082,False,0.805100,1.700000,3,128.000000,1.000000,0.000000,fine_sample_A,A,2.500000,radial_collapse,2.738888,1.0,2.723587,2.761975,2.701911,2.846279,2.759647,2.776221,MEASURABLE,MEASURABLE,MEASURABLE,MEASURABLE,MEASURABLE,COLLAPSED
P3_0079,supercritical_f1.75_beta0.5_M1.0_theta0_seed1_res128_dc1.0,1.750000,0.500000,1.000000,0.000000,1,PARTIAL,2.814316,0.255258,16.159891,2.438700,2,5.170000,0.090700,40.633742,False,0.783800,1.700000,3,128.000000,1.000000,0.000000,fine_sample_A,A,0.000000,immediate_collapse,2.862101,1.0,2.994525,2.866937,2.814316,2.918335,2.889083,2.956340,PARTIAL,PARTIAL,PARTIAL,PARTIAL,PARTIAL,COLLAPSED
P3_0080,supercritical_f1.75_beta0.5_M1.0_theta0_seed2_res128_dc1.0,1.750000,0.500000,1.000000,0.000000,2,PARTIAL,2.706712,0.226010,16.159891,2.438700,3,4.073000,0.083500,33.321772,False,0.783800,1.700000,3,128.000000,1.000000,0.000000,fine_sample_A,A,2.500000,radial_collapse,2.704600,1.0,2.801662,2.718502,2.706712,2.779513,2.733942,2.801419,PARTIAL,PARTIAL,PARTIAL,PARTIAL,MEASURABLE,COLLAPSED
P3_0081,supercritical_f1.80_beta0.5_M1.0_theta0_seed1_res128_dc1.0,1.800000,0.500000,1.000000,0.000000,1,PARTIAL,2.758126,0.312496,15.289531,2.290971,2,4.374000,0.113300,36.579126,False,0.761800,1.700000,3,128.000000,1.000000,0.000000,fine_sample_A,A,0.000000,immediate_collapse,2.760685,1.0,2.710639,2.891757,2.758126,2.782906,2.787292,2.835722,PARTIAL,PARTIAL,PARTIAL,PARTIAL,PARTIAL,COLLAPSED
P3_0082,supercritical_f1.80_beta0.5_M1.0_theta0_seed2_res128_dc1.0,1.800000,0.500000,1.000000,0.000000,2,MEASURABLE,2.800273,0.241944,15.289531,2.290971,3,5.102000,0.086400,115.898802,False,0.761800,1.700000,3,128.000000,1.000000,0.000000,fine_sample_A,A,2.500000,radial_collapse,2.741158,1.0,2.742527,2.802793,2.800273,2.705649,2.780697,2.836496,MEASURABLE,MEASURABLE,MEASURABLE,MEASURABLE,MEASURABLE,COLLAPSED
P3_0083,supercritical_f1.85_beta0.5_M1.0_theta0_seed1_res128_dc1.0,1.850000,0.500000,1.000000,0.000000,1,PARTIAL,2.775211,0.256707,14.502293,2.159351,4,4.211000,0.092500,31.657269,False,0.739200,1.700000,3,128.000000,1.000000,0.000000,fine_sample_A,A,0.000000,immediate_collapse,2.703008,1.0,2.825740,2.644926,2.775211,2.696369,2.715911,2.769821,PARTIAL,PARTIAL,PARTIAL,PARTIAL,COLLAPSED,COLLAPSED
P3_0084,supercritical_f1.85_beta0.5_M1.0_theta0_seed2_res128_dc1.0,1.850000,0.500000,1.000000,0.000000,2,PARTIAL,2.835973,0.317913,14.502293,2.159351,4,4.739000,0.112100,39.663597,False,0.739200,1.700000,3,128.000000,1.000000,0.000000,fine_sample_A,A,0.000000,immediate_collapse,2.811282,1.0,2.938686,2.856666,2.835973,2.797223,2.853081,2.858457,PARTIAL,PARTIAL,PARTIAL,PARTIAL,COLLAPSED,COLLAPSED
P3_0085,supercritical_f1.90_beta0.5_M1.0_theta0_seed1_res128_dc1.0,1.900000,0.500000,1.000000,0.000000,1,PARTIAL,2.846404,0.352669,13.786606,2.041337,4,5.231000,0.123900,36.324789,False,0.715800,1.700000,3,128.000000,1.000000,0.000000,fine_sample_A,A,0.000000,immediate_collapse,2.774447,1.0,2.738107,2.733525,2.846404,2.764764,2.815449,2.800738,PARTIAL,PARTIAL,PARTIAL,PARTIAL,COLLAPSED,COLLAPSED
P3_0086,supercritical_f1.90_beta0.5_M1.0_theta0_seed2_res128_dc1.0,1.900000,0.500000,1.000000,0.000000,2,PARTIAL,2.716989,0.278763,13.786606,2.041337,3,3.724000,0.102600,44.195878,False,0.715800,1.700000,3,128.000000,1.000000,0.000000,fine_sample_A,A,0.000000,immediate_collapse,2.735934,1.0,2.596661,2.719448,2.716989,2.732731,2.773345,2.806399,PARTIAL,PARTIAL,PARTIAL,PARTIAL,COLLAPSED,COLLAPSED
P3_0087,supercritical_f1.95_beta0.5_M1.0_theta0_seed1_res128_dc1.0,1.950000,0.500000,1.000000,0.000000,1,COLLAPSED,,,13.133011,1.934921,3,4.977000,0.110900,105.499410,False,0.691800,1.700000,3,128.000000,1.000000,0.000000,fine_sample_A,A,0.000000,immediate_collapse,2.555188,0.0,2.540588,2.547205,2.717432,2.584630,2.588345,2.604065,COLLAPSED,COLLAPSED,COLLAPSED,COLLAPSED,COLLAPSED,COLLAPSED
P3_0088,supercritical_f1.95_beta0.5_M1.0_theta0_seed2_res128_dc1.0,1.950000,0.500000,1.000000,0.000000,2,COLLAPSED,,,13.133011,1.934921,2,4.574000,0.113000,102.297022,False,0.691800,1.700000,3,128.000000,1.000000,0.000000,fine_sample_A,A,0.000000,immediate_collapse,2.773693,0.0,2.735216,2.823382,2.843876,2.760244,2.798440,2.809913,COLLAPSED,COLLAPSED,COLLAPSED,COLLAPSED,COLLAPSED,COLLAPSED
P3_0089,supercritical_f2.00_beta0.5_M1.0_theta0_seed1_res128_dc1.0,2.000000,0.500000,1.000000,0.000000,1,COLLAPSED,,,12.533686,1.838478,2,4.416000,0.121300,107.830324,False,0.667200,1.700000,3,128.000000,1.000000,0.000000,fine_sample_A,A,0.000000,immediate_collapse,2.679847,0.0,2.566794,2.653043,2.614341,2.678238,2.707117,2.766555,COLLAPSED,COLLAPSED,COLLAPSED,COLLAPSED,COLLAPSED,COLLAPSED
P3_0090,supercritical_f2.00_beta0.5_M1.0_theta0_seed2_res128_dc1.0,2.000000,0.500000,1.000000,0.000000,2,COLLAPSED,,,12.533686,1.838478,4,3.522000,0.128000,88.219320,False,0.667200,1.700000,3,128.000000,1.000000,0.000000,fine_sample_A,A,0.000000,immediate_collapse,2.787932,0.0,2.617799,2.661134,2.803152,2.838229,2.829324,2.845123,COLLAPSED,COLLAPSED,COLLAPSED,COLLAPSED,COLLAPSED,COLLAPSED
P3_0091,supercritical_f1.30_beta0.7_M1.0_theta0_seed1_res128_dc1.0,1.300000,0.700000,1.000000,0.000000,1,PARTIAL,3.241835,0.275880,32.415909,4.636397,2,5.262000,0.085100,35.686215,False,0.919500,1.585714,3,128.000000,1.000000,0.000000,fine_sample_A,A,0.000000,never_fragmented,3.447507,1.0,3.623673,3.495900,3.241835,3.374351,3.506081,3.539860,PARTIAL,PARTIAL,PARTIAL,PARTIAL,PARTIAL,PARTIAL
P3_0092,supercritical_f1.30_beta0.7_M1.0_theta0_seed2_res128_dc1.0,1.300000,0.700000,1.000000,0.000000,2,PARTIAL,3.186571,0.269903,32.415909,4.636397,1,4.954000,0.084700,35.561323,False,0.919500,1.585714,3,128.000000,1.000000,0.000000,fine_sample_A,A,0.000000,immediate_collapse,3.206978,1.0,3.338321,3.224543,3.186571,3.194080,3.222525,3.282646,PARTIAL,PARTIAL,PARTIAL,PARTIAL,COLLAPSED,COLLAPSED
P3_0093,supercritical_f1.35_beta0.7_M1.0_theta0_seed1_res128_dc1.0,1.350000,0.700000,1.000000,0.000000,1,PARTIAL,3.218585,0.265855,29.135306,4.052988,2,5.074000,0.082600,33.486862,False,0.898500,1.585714,3,128.000000,1.000000,0.000000,fine_sample_A,A,0.000000,never_fragmented,3.251479,1.0,3.357581,3.233054,3.218585,3.206033,3.283528,3.367930,PARTIAL,PARTIAL,PARTIAL,PARTIAL,PARTIAL,PARTIAL
P3_0094,supercritical_f1.35_beta0.7_M1.0_theta0_seed2_res128_dc1.0,1.350000,0.700000,1.000000,0.000000,2,MEASURABLE,2.906677,0.202014,29.135306,4.052988,3,4.789000,0.069500,103.704729,False,0.898500,1.585714,3,128.000000,1.000000,0.000000,fine_sample_A,A,3.000000,persistent,2.926376,1.0,2.951345,3.068758,2.906677,2.865816,2.978276,3.003101,MEASURABLE,MEASURABLE,MEASURABLE,MEASURABLE,MEASURABLE,MEASURABLE
P3_0095,supercritical_f1.40_beta0.7_M1.0_theta0_seed1_res128_dc1.0,1.400000,0.700000,1.000000,0.000000,1,PARTIAL,3.191462,0.301912,26.482245,3.600677,2,5.784000,0.094600,33.986524,False,0.876000,1.585714,3,128.000000,1.000000,0.000000,fine_sample_A,A,0.000000,never_fragmented,3.204259,1.0,3.231950,3.153915,3.191462,3.204775,3.250502,3.312771,PARTIAL,PARTIAL,PARTIAL,PARTIAL,PARTIAL,PARTIAL
P3_0096,supercritical_f1.40_beta0.7_M1.0_theta0_seed2_res128_dc1.0,1.400000,0.700000,1.000000,0.000000,2,PARTIAL,3.194532,0.220742,26.482245,3.600677,2,5.546000,0.069100,41.565814,False,0.876000,1.585714,3,128.000000,1.000000,0.000000,fine_sample_A,A,0.000000,never_fragmented,3.114302,1.0,3.200871,3.225976,3.194532,3.133493,3.166534,3.163041,PARTIAL,PARTIAL,PARTIAL,PARTIAL,PARTIAL,PARTIAL
P3_0097,supercritical_f1.45_beta0.7_M1.0_theta0_seed1_res128_dc1.0,1.450000,0.700000,1.000000,0.000000,1,PARTIAL,3.126454,0.247615,24.281814,3.238917,3,5.242000,0.079200,44.689794,False,0.852100,1.585714,3,128.000000,1.000000,0.000000,fine_sample_A,A,3.000000,persistent,3.128928,1.0,3.251854,3.112632,3.126454,3.156219,3.171496,3.207284,PARTIAL,PARTIAL,PARTIAL,PARTIAL,MEASURABLE,MEASURABLE
P3_0098,supercritical_f1.45_beta0.7_M1.0_theta0_seed2_res128_dc1.0,1.450000,0.700000,1.000000,0.000000,2,PARTIAL,2.904500,0.199539,24.281814,3.238917,2,4.840000,0.068700,32.255300,False,0.852100,1.585714,3,128.000000,1.000000,0.000000,fine_sample_A,A,0.000000,never_fragmented,2.886224,1.0,2.864689,2.837743,2.904500,2.932176,2.931413,2.934839,PARTIAL,PARTIAL,PARTIAL,PARTIAL,PARTIAL,PARTIAL
P3_0099,supercritical_f1.50_beta0.7_M1.0_theta0_seed1_res128_dc1.0,1.500000,0.700000,1.000000,0.000000,1,MEASURABLE,3.199526,0.279959,22.420939,2.942524,3,4.860000,0.087500,109.473995,False,0.826800,1.585714,3,128.000000,1.000000,0.000000,fine_sample_A,A,3.000000,persistent,3.141237,1.0,3.200217,3.159192,3.199526,3.098375,3.177881,3.201292,MEASURABLE,MEASURABLE,MEASURABLE,MEASURABLE,MEASURABLE,MEASURABLE
P3_0100,supercritical_f1.50_beta0.7_M1.0_theta0_seed2_res128_dc1.0,1.500000,0.700000,1.000000,0.000000,2,PARTIAL,3.214858,0.263618,22.420939,2.942524,1,5.182000,0.082000,35.947388,False,0.826800,1.585714,3,128.000000,1.000000,0.000000,fine_sample_A,A,0.000000,immediate_collapse,3.228010,1.0,3.210789,3.349131,3.214858,3.225102,3.242793,3.267326,PARTIAL,PARTIAL,PARTIAL,PARTIAL,COLLAPSED,COLLAPSED
P3_0101,supercritical_f1.55_beta0.7_M1.0_theta0_seed1_res128_dc1.0,1.550000,0.700000,1.000000,0.000000,1,PARTIAL,2.830356,0.273978,20.822705,2.694979,3,4.779000,0.096800,38.537100,False,0.800100,1.585714,3,128.000000,1.000000,0.000000,fine_sample_A,A,2.500000,radial_collapse,2.982413,1.0,2.988996,3.079773,2.830356,2.979965,3.017304,3.063443,PARTIAL,PARTIAL,PARTIAL,PARTIAL,MEASURABLE,COLLAPSED
P3_0102,supercritical_f1.55_beta0.7_M1.0_theta0_seed2_res128_dc1.0,1.550000,0.700000,1.000000,0.000000,2,PARTIAL,3.116045,0.230587,20.822705,2.694979,2,4.927000,0.074000,35.000490,False,0.800100,1.585714,3,128.000000,1.000000,0.000000,fine_sample_A,A,0.000000,immediate_collapse,3.025005,1.0,3.139050,3.005372,3.116045,3.036492,3.050692,3.084576,PARTIAL,PARTIAL,PARTIAL,PARTIAL,PARTIAL,COLLAPSED
P3_0103,supercritical_f1.60_beta0.7_M1.0_theta0_seed1_res128_dc1.0,1.600000,0.700000,1.000000,0.000000,1,PARTIAL,3.053601,0.235127,19.432655,2.484962,2,4.862000,0.077000,30.185807,False,0.772300,1.585714,3,128.000000,1.000000,0.000000,fine_sample_A,A,0.000000,immediate_collapse,3.016539,1.0,2.963612,2.931686,3.053601,3.025106,3.064835,3.052812,PARTIAL,PARTIAL,PARTIAL,PARTIAL,PARTIAL,COLLAPSED
P3_0104,supercritical_f1.60_beta0.7_M1.0_theta0_seed2_res128_dc1.0,1.600000,0.700000,1.000000,0.000000,2,PARTIAL,3.206834,0.278033,19.432655,2.484962,1,4.788000,0.086700,38.130521,False,0.772300,1.585714,3,128.000000,1.000000,0.000000,fine_sample_A,A,0.000000,immediate_collapse,3.094931,1.0,3.280921,3.084979,3.206834,3.106232,3.137380,3.156934,PARTIAL,PARTIAL,PARTIAL,PARTIAL,COLLAPSED,COLLAPSED
P3_0105,supercritical_f1.65_beta0.7_M1.0_theta0_seed1_res128_dc1.0,1.650000,0.700000,1.000000,0.000000,1,PARTIAL,3.209020,0.336305,18.210960,2.304444,2,4.459000,0.104800,34.934297,False,0.743200,1.585714,3,128.000000,1.000000,0.000000,fine_sample_A,A,0.000000,immediate_collapse,3.246134,1.0,3.311084,3.280357,3.209020,3.255561,3.292458,3.294992,PARTIAL,PARTIAL,PARTIAL,PARTIAL,COLLAPSED,COLLAPSED
P3_0106,supercritical_f1.65_beta0.7_M1.0_theta0_seed2_res128_dc1.0,1.650000,0.700000,1.000000,0.000000,2,PARTIAL,3.264804,0.329092,18.210960,2.304444,1,4.812000,0.100800,40.942412,False,0.743200,1.585714,3,128.000000,1.000000,0.000000,fine_sample_A,A,0.000000,immediate_collapse,3.122905,1.0,3.199427,3.036435,3.264804,3.112535,3.178259,3.206116,PARTIAL,PARTIAL,PARTIAL,PARTIAL,COLLAPSED,COLLAPSED
P3_0107,supercritical_f1.30_beta1.0_M1.0_theta0_seed1_res128_dc1.0,1.300000,1.000000,1.000000,0.000000,1,PARTIAL,3.423769,0.301976,32.415909,3.894573,2,5.190000,0.088200,35.686215,False,0.885900,1.500000,3,128.000000,1.000000,0.000000,fine_sample_A,A,0.000000,never_fragmented,3.498954,1.0,3.505111,3.604869,3.423769,3.569053,3.547321,3.532359,PARTIAL,PARTIAL,PARTIAL,PARTIAL,PARTIAL,PARTIAL
P3_0108,supercritical_f1.30_beta1.0_M1.0_theta0_seed2_res128_dc1.0,1.300000,1.000000,1.000000,0.000000,2,PARTIAL,3.543984,0.362550,32.415909,3.894573,2,4.773000,0.102300,35.561323,False,0.885900,1.500000,3,128.000000,1.000000,0.000000,fine_sample_A,A,0.000000,never_fragmented,3.487680,1.0,3.360595,3.593051,3.543984,3.510654,3.520868,3.591392,PARTIAL,PARTIAL,PARTIAL,PARTIAL,PARTIAL,PARTIAL
P3_0109,supercritical_f1.35_beta1.0_M1.0_theta0_seed1_res128_dc1.0,1.350000,1.000000,1.000000,0.000000,1,PARTIAL,3.515394,0.262951,29.135306,3.404510,2,4.654000,0.074800,33.486862,False,0.856200,1.500000,3,128.000000,1.000000,0.000000,fine_sample_A,A,0.000000,never_fragmented,3.568021,1.0,3.388504,3.536864,3.515394,3.637425,3.625125,3.673480,PARTIAL,PARTIAL,PARTIAL,PARTIAL,PARTIAL,PARTIAL
P3_0110,supercritical_f1.35_beta1.0_M1.0_theta0_seed2_res128_dc1.0,1.350000,1.000000,1.000000,0.000000,2,PARTIAL,3.009841,0.210990,29.135306,3.404510,3,5.341000,0.070100,43.045111,False,0.856200,1.500000,3,128.000000,1.000000,0.000000,fine_sample_A,A,3.000000,persistent,3.028086,1.0,2.953946,2.925323,3.009841,3.012360,3.078503,3.110898,PARTIAL,PARTIAL,PARTIAL,PARTIAL,MEASURABLE,MEASURABLE
P3_0111,supercritical_f1.40_beta1.0_M1.0_theta0_seed1_res128_dc1.0,1.400000,1.000000,1.000000,0.000000,1,MEASURABLE,3.463031,0.272887,26.482245,3.024569,3,4.883000,0.078800,109.094014,False,0.824300,1.500000,3,128.000000,1.000000,0.000000,fine_sample_A,A,2.500000,radial_collapse,3.473883,1.0,3.461768,3.460650,3.463031,3.639316,3.504618,3.564041,MEASURABLE,MEASURABLE,MEASURABLE,MEASURABLE,MEASURABLE,COLLAPSED
P3_0112,supercritical_f1.40_beta1.0_M1.0_theta0_seed2_res128_dc1.0,1.400000,1.000000,1.000000,0.000000,2,PARTIAL,3.265536,0.280183,26.482245,3.024569,1,5.120000,0.085800,41.565814,False,0.824300,1.500000,3,128.000000,1.000000,0.000000,fine_sample_A,A,0.000000,immediate_collapse,3.208066,1.0,3.216783,3.178397,3.265536,3.268946,3.257946,3.265310,PARTIAL,PARTIAL,PARTIAL,PARTIAL,COLLAPSED,COLLAPSED
P3_0113,supercritical_f1.45_beta1.0_M1.0_theta0_seed1_res128_dc1.0,1.450000,1.000000,1.000000,0.000000,1,PARTIAL,2.985901,0.229317,24.281814,2.720690,1,4.966000,0.076800,44.689794,False,0.790400,1.500000,3,128.000000,1.000000,0.000000,fine_sample_A,A,0.000000,immediate_collapse,3.016068,1.0,3.022109,2.931243,2.985901,2.960774,3.030577,3.077450,PARTIAL,PARTIAL,PARTIAL,PARTIAL,COLLAPSED,COLLAPSED
P3_0114,supercritical_f1.45_beta1.0_M1.0_theta0_seed2_res128_dc1.0,1.450000,1.000000,1.000000,0.000000,2,PARTIAL,3.242556,0.248056,24.281814,2.720690,3,4.605000,0.076500,32.255300,False,0.790400,1.500000,3,128.000000,1.000000,0.000000,fine_sample_A,A,2.500000,radial_collapse,3.397058,1.0,3.424598,3.258854,3.242556,3.410966,3.443080,3.497929,PARTIAL,PARTIAL,PARTIAL,PARTIAL,MEASURABLE,COLLAPSED
P3_0115,supercritical_f1.50_beta1.0_M1.0_theta0_seed1_res128_dc1.0,1.500000,1.000000,1.000000,0.000000,1,PARTIAL,3.037785,0.262161,22.420939,2.471721,2,5.041000,0.086300,40.230080,False,0.754500,1.500000,3,128.000000,1.000000,0.000000,fine_sample_A,A,0.000000,immediate_collapse,3.001300,1.0,3.000797,3.075714,3.037785,2.986685,3.015761,3.064723,PARTIAL,PARTIAL,PARTIAL,PARTIAL,PARTIAL,COLLAPSED
P3_0116,supercritical_f1.50_beta1.0_M1.0_theta0_seed2_res128_dc1.0,1.500000,1.000000,1.000000,0.000000,2,PARTIAL,3.315812,0.273554,22.420939,2.471721,2,4.989000,0.082500,35.947388,False,0.754500,1.500000,3,128.000000,1.000000,0.000000,fine_sample_A,A,0.000000,immediate_collapse,3.335966,1.0,3.267033,3.290174,3.315812,3.248948,3.377079,3.450354,PARTIAL,PARTIAL,PARTIAL,PARTIAL,PARTIAL,COLLAPSED
P3_0117,supercritical_f1.55_beta1.0_M1.0_theta0_seed1_res128_dc1.0,1.550000,1.000000,1.000000,0.000000,1,PARTIAL,3.133704,0.256337,20.822705,2.263782,2,4.665000,0.081800,38.537100,False,0.716700,1.500000,3,128.000000,1.000000,0.000000,fine_sample_A,A,0.000000,immediate_collapse,3.145242,1.0,3.164222,3.114249,3.133704,3.190417,3.200198,3.183082,PARTIAL,PARTIAL,PARTIAL,PARTIAL,COLLAPSED,COLLAPSED
P3_0118,supercritical_f1.55_beta1.0_M1.0_theta0_seed2_res128_dc1.0,1.550000,1.000000,1.000000,0.000000,2,PARTIAL,3.318647,0.289386,20.822705,2.263782,3,5.246000,0.087200,35.000490,False,0.716700,1.500000,3,128.000000,1.000000,0.000000,fine_sample_A,A,0.000000,immediate_collapse,3.293829,1.0,3.291880,3.324658,3.318647,3.287972,3.334784,3.362220,PARTIAL,PARTIAL,PARTIAL,PARTIAL,COLLAPSED,COLLAPSED
P3_0119,supercritical_f1.60_beta1.0_M1.0_theta0_seed1_res128_dc1.0,1.600000,1.000000,1.000000,0.000000,1,PARTIAL,3.246136,0.328834,19.432655,2.087368,3,4.647000,0.101300,30.185807,False,0.677300,1.500000,3,128.000000,1.000000,0.000000,fine_sample_A,A,0.000000,immediate_collapse,3.240686,1.0,3.301368,3.267685,3.246136,3.184671,3.259565,3.293224,PARTIAL,PARTIAL,PARTIAL,PARTIAL,COLLAPSED,COLLAPSED
P3_0120,supercritical_f1.60_beta1.0_M1.0_theta0_seed2_res128_dc1.0,1.600000,1.000000,1.000000,0.000000,2,PARTIAL,3.117496,0.262493,19.432655,2.087368,1,5.061000,0.084200,38.130521,False,0.677300,1.500000,3,128.000000,1.000000,0.000000,fine_sample_A,A,0.000000,immediate_collapse,3.092859,1.0,3.075528,3.049646,3.117496,3.037734,3.143806,3.169471,PARTIAL,PARTIAL,PARTIAL,PARTIAL,COLLAPSED,COLLAPSED
P3_0121,supercritical_f1.30_beta0.3_M1.0_theta15_seed1_res128_dc1.0,1.300000,0.300000,1.000000,15.000000,1,MEASURABLE,2.090045,0.171175,34.743266,7.885078,3,5.088000,0.081900,85.160474,False,0.972200,2.000160,3,128.000000,1.000000,0.000000,fine_sample_B,B,3.000000,persistent,2.136629,1.0,2.070798,2.136906,2.090045,2.094063,2.154979,2.159313,MEASURABLE,MEASURABLE,MEASURABLE,MEASURABLE,MEASURABLE,MEASURABLE
P3_0122,supercritical_f1.35_beta0.3_M1.0_theta15_seed1_res128_dc1.0,1.350000,0.300000,1.000000,15.000000,1,MEASURABLE,2.008915,0.200892,31.227127,6.892879,3,4.962000,0.100000,97.108951,False,0.964900,2.000160,3,128.000000,1.000000,0.000000,fine_sample_B,B,3.000000,persistent,1.992618,1.0,2.038412,1.985806,2.008915,1.975831,2.007586,2.059215,MEASURABLE,MEASURABLE,MEASURABLE,MEASURABLE,MEASURABLE,MEASURABLE
P3_0123,supercritical_f1.40_beta0.3_M1.0_theta15_seed1_res128_dc1.0,1.400000,0.300000,1.000000,15.000000,1,MEASURABLE,1.984233,0.165088,28.383584,6.123639,3,5.002000,0.083200,109.094014,False,0.957100,2.000160,3,128.000000,1.000000,0.000000,fine_sample_B,B,3.000000,persistent,2.001476,1.0,2.044419,2.030069,1.984233,2.044735,2.025914,2.039629,MEASURABLE,MEASURABLE,MEASURABLE,MEASURABLE,MEASURABLE,MEASURABLE
P3_0124,supercritical_f1.45_beta0.3_M1.0_theta15_seed1_res128_dc1.0,1.450000,0.300000,1.000000,15.000000,1,PARTIAL,1.929417,0.148565,26.025170,5.508397,2,5.201000,0.077000,44.689794,False,0.948900,2.000160,3,128.000000,1.000000,0.000000,fine_sample_B,B,0.000000,never_fragmented,1.895314,1.0,1.891337,1.927388,1.929417,1.905631,1.925195,1.960794,PARTIAL,PARTIAL,PARTIAL,PARTIAL,PARTIAL,PARTIAL
P3_0125,supercritical_f1.50_beta0.3_M1.0_theta15_seed1_res128_dc1.0,1.500000,0.300000,1.000000,15.000000,1,MEASURABLE,1.956791,0.162609,24.030690,5.004325,5,4.870000,0.083100,109.473995,False,0.940100,2.000160,3,128.000000,1.000000,0.000000,fine_sample_B,B,3.000000,persistent,1.988976,1.0,1.985907,2.012411,1.956791,1.983606,2.006679,2.019375,MEASURABLE,MEASURABLE,MEASURABLE,MEASURABLE,MEASURABLE,MEASURABLE
P3_0126,supercritical_f1.55_beta0.3_M1.0_theta15_seed1_res128_dc1.0,1.550000,0.300000,1.000000,15.000000,1,MEASURABLE,2.080024,0.178258,22.317708,4.583326,5,4.980000,0.085700,96.859564,False,0.930900,2.000160,3,128.000000,1.000000,0.000000,fine_sample_B,B,3.000000,persistent,1.989605,1.0,2.072714,1.992284,2.080024,1.974797,2.000341,2.023486,MEASURABLE,MEASURABLE,MEASURABLE,MEASURABLE,MEASURABLE,MEASURABLE
P3_0127,supercritical_f1.60_beta0.3_M1.0_theta15_seed1_res128_dc1.0,1.600000,0.300000,1.000000,15.000000,1,MEASURABLE,2.002404,0.165799,20.827857,4.226153,4,4.926000,0.082800,99.682896,False,0.921300,2.000160,3,128.000000,1.000000,0.000000,fine_sample_B,B,3.000000,persistent,1.977956,1.0,2.039125,2.009343,2.002404,1.935092,1.987227,2.024797,MEASURABLE,MEASURABLE,MEASURABLE,MEASURABLE,MEASURABLE,MEASURABLE
P3_0128,supercritical_f1.65_beta0.3_M1.0_theta15_seed1_res128_dc1.0,1.650000,0.300000,1.000000,15.000000,1,MEASURABLE,2.069666,0.164125,19.518448,3.919147,4,4.575000,0.079300,112.132215,False,0.911200,2.000160,3,128.000000,1.000000,0.000000,fine_sample_B,B,3.000000,persistent,2.003320,1.0,1.988550,1.986983,2.069666,1.990467,2.030117,2.030518,MEASURABLE,MEASURABLE,MEASURABLE,MEASURABLE,MEASURABLE,MEASURABLE
P3_0129,supercritical_f1.70_beta0.3_M1.0_theta15_seed1_res128_dc1.0,1.700000,0.300000,1.000000,15.000000,1,MEASURABLE,1.938746,0.168477,18.357414,3.652335,4,5.163000,0.086900,102.645073,False,0.900800,2.000160,3,128.000000,1.000000,0.000000,fine_sample_B,B,3.000000,persistent,1.930841,1.0,2.001938,1.896267,1.938746,1.956532,1.947533,1.967874,MEASURABLE,MEASURABLE,MEASURABLE,MEASURABLE,MEASURABLE,MEASURABLE
P3_0130,supercritical_f1.75_beta0.3_M1.0_theta15_seed1_res128_dc1.0,1.750000,0.300000,1.000000,15.000000,1,MEASURABLE,1.939339,0.160383,17.320119,3.418248,4,5.182000,0.082700,106.869488,False,0.890000,2.000160,3,128.000000,1.000000,0.000000,fine_sample_B,B,3.000000,persistent,1.930876,1.0,1.959347,1.935715,1.939339,1.946812,1.940005,1.990012,MEASURABLE,MEASURABLE,MEASURABLE,MEASURABLE,MEASURABLE,MEASURABLE
P3_0131,supercritical_f1.80_beta0.3_M1.0_theta15_seed1_res128_dc1.0,1.800000,0.300000,1.000000,15.000000,1,MEASURABLE,1.892185,0.150050,16.387270,3.211182,3,5.308000,0.079300,111.782167,False,0.878800,2.000160,3,128.000000,1.000000,0.000000,fine_sample_B,B,3.000000,persistent,1.943817,1.0,1.944196,1.901437,1.892185,1.973973,1.954136,2.005898,MEASURABLE,MEASURABLE,MEASURABLE,MEASURABLE,MEASURABLE,MEASURABLE
P3_0132,supercritical_f1.85_beta0.3_M1.0_theta15_seed1_res128_dc1.0,1.850000,0.300000,1.000000,15.000000,1,MEASURABLE,1.848360,0.142878,15.543511,3.026694,6,5.333000,0.077300,97.216206,False,0.867200,2.000160,3,128.000000,1.000000,0.000000,fine_sample_B,B,3.000000,persistent,1.869359,1.0,1.859773,1.884647,1.848360,1.883080,1.900597,1.919771,MEASURABLE,MEASURABLE,MEASURABLE,MEASURABLE,MEASURABLE,MEASURABLE
P3_0133,supercritical_f1.90_beta0.3_M1.0_theta15_seed1_res128_dc1.0,1.900000,0.300000,1.000000,15.000000,1,MEASURABLE,1.888000,0.132726,14.776440,2.861277,5,5.134000,0.070300,116.739325,False,0.855400,2.000160,3,128.000000,1.000000,0.000000,fine_sample_B,B,3.000000,persistent,1.835116,1.0,1.874440,1.819306,1.888000,1.879929,1.852607,1.895156,MEASURABLE,MEASURABLE,MEASURABLE,MEASURABLE,MEASURABLE,MEASURABLE
P3_0134,supercritical_f1.95_beta0.3_M1.0_theta15_seed1_res128_dc1.0,1.950000,0.300000,1.000000,15.000000,1,MEASURABLE,1.825281,0.133976,14.075919,2.712118,6,4.656000,0.073400,105.469682,False,0.843100,2.000160,3,128.000000,1.000000,0.000000,fine_sample_B,B,3.000000,persistent,1.812128,1.0,1.858128,1.844734,1.825281,1.822934,1.843432,1.841151,MEASURABLE,MEASURABLE,MEASURABLE,MEASURABLE,MEASURABLE,MEASURABLE
P3_0135,supercritical_f2.00_beta0.3_M1.0_theta15_seed1_res128_dc1.0,2.000000,0.300000,1.000000,15.000000,1,PARTIAL,1.823466,0.146971,13.433564,2.576936,5,4.755000,0.080600,38.429305,False,0.830600,2.000160,3,128.000000,1.000000,0.000000,fine_sample_B,B,3.000000,persistent,1.830053,1.0,1.862397,1.800440,1.823466,1.847611,1.844039,1.881649,PARTIAL,PARTIAL,PARTIAL,PARTIAL,MEASURABLE,MEASURABLE
P3_0136,supercritical_f1.30_beta0.3_M1.0_theta30_seed1_res128_dc1.0,1.300000,0.300000,1.000000,30.000000,1,MEASURABLE,1.183536,0.091132,43.221212,7.753086,4,5.201000,0.077000,85.160474,False,0.971200,2.091667,3,128.000000,1.000000,0.000000,fine_sample_B,B,3.000000,persistent,1.162617,1.0,1.160178,1.182292,1.183536,1.168946,1.180947,1.202784,MEASURABLE,MEASURABLE,MEASURABLE,MEASURABLE,MEASURABLE,MEASURABLE
P3_0137,supercritical_f1.35_beta0.3_M1.0_theta30_seed1_res128_dc1.0,1.350000,0.300000,1.000000,30.000000,1,MEASURABLE,1.198946,0.099632,38.847075,6.777496,7,4.870000,0.083100,97.108951,False,0.963700,2.091667,3,128.000000,1.000000,0.000000,fine_sample_B,B,3.000000,persistent,1.218667,1.0,1.216786,1.233025,1.198946,1.215377,1.229514,1.237293,MEASURABLE,MEASURABLE,MEASURABLE,MEASURABLE,MEASURABLE,MEASURABLE
P3_0138,supercritical_f1.40_beta0.3_M1.0_theta30_seed1_res128_dc1.0,1.400000,0.300000,1.000000,30.000000,1,MEASURABLE,1.273086,0.109103,35.309659,6.021133,7,4.980000,0.085700,109.094014,False,0.955700,2.091667,3,128.000000,1.000000,0.000000,fine_sample_B,B,3.000000,persistent,1.217744,1.0,1.268611,1.219384,1.273086,1.208681,1.224315,1.238481,MEASURABLE,MEASURABLE,MEASURABLE,MEASURABLE,MEASURABLE,MEASURABLE
P3_0139,supercritical_f1.45_beta0.3_M1.0_theta30_seed1_res128_dc1.0,1.450000,0.300000,1.000000,30.000000,1,MEASURABLE,1.224350,0.101376,32.375752,5.416189,6,4.926000,0.082800,108.027230,False,0.947100,2.091667,3,128.000000,1.000000,0.000000,fine_sample_B,B,3.000000,persistent,1.209401,1.0,1.246803,1.228592,1.224350,1.183193,1.215070,1.238042,MEASURABLE,MEASURABLE,MEASURABLE,MEASURABLE,MEASURABLE,MEASURABLE
P3_0140,supercritical_f1.50_beta0.3_M1.0_theta30_seed1_res128_dc1.0,1.500000,0.300000,1.000000,30.000000,1,MEASURABLE,1.264289,0.100258,29.894585,4.920555,6,4.575000,0.079300,109.473995,False,0.938000,2.091667,3,128.000000,1.000000,0.000000,fine_sample_B,B,3.000000,persistent,1.223760,1.0,1.214738,1.213780,1.264289,1.215909,1.240129,1.240374,MEASURABLE,MEASURABLE,MEASURABLE,MEASURABLE,MEASURABLE,MEASURABLE
P3_0141,supercritical_f1.55_beta0.3_M1.0_theta30_seed1_res128_dc1.0,1.550000,0.300000,1.000000,30.000000,1,MEASURABLE,1.183271,0.102826,27.763606,4.506603,7,5.163000,0.086900,96.859564,False,0.928500,2.091667,3,128.000000,1.000000,0.000000,fine_sample_B,B,3.000000,persistent,1.178446,1.0,1.221839,1.157345,1.183271,1.194126,1.188634,1.201049,MEASURABLE,MEASURABLE,MEASURABLE,MEASURABLE,MEASURABLE,MEASURABLE
P3_0142,supercritical_f1.60_beta0.3_M1.0_theta30_seed1_res128_dc1.0,1.600000,0.300000,1.000000,30.000000,1,MEASURABLE,1.182653,0.097805,25.910206,4.155409,7,5.182000,0.082700,99.682896,False,0.918600,2.091667,3,128.000000,1.000000,0.000000,fine_sample_B,B,3.000000,persistent,1.177492,1.0,1.194855,1.180443,1.182653,1.187210,1.183059,1.213554,MEASURABLE,MEASURABLE,MEASURABLE,MEASURABLE,MEASURABLE,MEASURABLE
P3_0143,supercritical_f1.65_beta0.3_M1.0_theta30_seed1_res128_dc1.0,1.650000,0.300000,1.000000,30.000000,1,MEASURABLE,1.152997,0.091433,24.281280,3.853543,6,5.308000,0.079300,112.132215,False,0.908200,2.091667,3,128.000000,1.000000,0.000000,fine_sample_B,B,3.000000,persistent,1.184459,1.0,1.184690,1.158635,1.152997,1.202835,1.190747,1.222288,MEASURABLE,MEASURABLE,MEASURABLE,MEASURABLE,MEASURABLE,MEASURABLE
P3_0144,supercritical_f1.70_beta0.3_M1.0_theta30_seed1_res128_dc1.0,1.700000,0.300000,1.000000,30.000000,1,MEASURABLE,1.125464,0.086998,22.836934,3.591197,8,5.333000,0.077300,102.645073,False,0.897400,2.091667,3,128.000000,1.000000,0.000000,fine_sample_B,B,3.000000,persistent,1.138250,1.0,1.132413,1.147559,1.125464,1.146605,1.157271,1.168946,MEASURABLE,MEASURABLE,MEASURABLE,MEASURABLE,MEASURABLE,MEASURABLE
P3_0145,supercritical_f1.75_beta0.3_M1.0_theta30_seed1_res128_dc1.0,1.750000,0.300000,1.000000,30.000000,1,MEASURABLE,1.148801,0.080761,21.546521,3.361029,8,5.134000,0.070300,106.869488,False,0.886200,2.091667,3,128.000000,1.000000,0.000000,fine_sample_B,B,3.000000,persistent,1.116623,1.0,1.140550,1.107003,1.148801,1.143890,1.127265,1.153155,MEASURABLE,MEASURABLE,MEASURABLE,MEASURABLE,MEASURABLE,MEASURABLE
P3_0146,supercritical_f1.80_beta0.3_M1.0_theta30_seed1_res128_dc1.0,1.800000,0.300000,1.000000,30.000000,1,MEASURABLE,1.109907,0.081467,20.386041,3.157428,9,4.656000,0.073400,111.782167,False,0.874600,2.091667,3,128.000000,1.000000,0.000000,fine_sample_B,B,3.000000,persistent,1.101909,1.0,1.129880,1.121736,1.109907,1.108480,1.120944,1.119557,MEASURABLE,MEASURABLE,MEASURABLE,MEASURABLE,MEASURABLE,MEASURABLE
P3_0147,supercritical_f1.85_beta0.3_M1.0_theta30_seed1_res128_dc1.0,1.850000,0.300000,1.000000,30.000000,1,MEASURABLE,1.108111,0.089314,19.336390,2.976029,8,4.755000,0.080600,97.216206,False,0.862700,2.091667,3,128.000000,1.000000,0.000000,fine_sample_B,B,3.000000,persistent,1.112114,1.0,1.131769,1.094118,1.108111,1.122784,1.120613,1.143469,MEASURABLE,MEASURABLE,MEASURABLE,MEASURABLE,MEASURABLE,MEASURABLE
P3_0148,supercritical_f1.90_beta0.3_M1.0_theta30_seed1_res128_dc1.0,1.900000,0.300000,1.000000,30.000000,1,MEASURABLE,1.112630,0.090902,18.382142,2.813381,9,4.800000,0.081700,116.739325,False,0.850400,2.091667,3,128.000000,1.000000,0.000000,fine_sample_B,B,3.000000,persistent,1.123781,1.0,1.126051,1.174852,1.112630,1.124452,1.133350,1.158123,MEASURABLE,MEASURABLE,MEASURABLE,MEASURABLE,MEASURABLE,MEASURABLE
P3_0149,supercritical_f1.95_beta0.3_M1.0_theta30_seed1_res128_dc1.0,1.950000,0.300000,1.000000,30.000000,1,MEASURABLE,1.024558,0.089751,17.510681,2.666719,10,5.349000,0.087600,105.469682,False,0.837700,2.091667,3,128.000000,1.000000,0.000000,fine_sample_B,B,3.000000,persistent,1.055043,1.0,1.080156,1.068084,1.024558,1.028635,1.067536,1.080410,MEASURABLE,MEASURABLE,MEASURABLE,MEASURABLE,MEASURABLE,MEASURABLE
P3_0150,supercritical_f2.00_beta0.3_M1.0_theta30_seed1_res128_dc1.0,2.000000,0.300000,1.000000,30.000000,1,MEASURABLE,1.085069,0.088976,16.711581,2.533799,10,5.257000,0.082000,105.220216,False,0.824800,2.091667,3,128.000000,1.000000,0.000000,fine_sample_B,B,2.500000,radial_collapse,1.094432,1.0,1.081044,1.130677,1.085069,1.115610,1.101861,1.109821,MEASURABLE,MEASURABLE,MEASURABLE,MEASURABLE,MEASURABLE,COLLAPSED
P3_0151,supercritical_f1.30_beta0.3_M1.0_theta45_seed1_res128_dc1.0,1.300000,0.300000,1.000000,45.000000,1,MEASURABLE,0.921555,0.076305,64.831818,7.572782,8,4.926000,0.082800,85.160474,False,0.969800,2.216667,3,128.000000,1.000000,0.000000,fine_sample_B,B,3.000000,persistent,0.910304,1.0,0.938456,0.924749,0.921555,0.890577,0.914571,0.931861,MEASURABLE,MEASURABLE,MEASURABLE,MEASURABLE,MEASURABLE,MEASURABLE
P3_0152,supercritical_f1.35_beta0.3_M1.0_theta45_seed1_res128_dc1.0,1.350000,0.300000,1.000000,45.000000,1,MEASURABLE,0.950522,0.075376,58.270613,6.619880,8,4.575000,0.079300,97.108951,False,0.962000,2.216667,3,128.000000,1.000000,0.000000,fine_sample_B,B,3.000000,persistent,0.920052,1.0,0.913268,0.912549,0.950522,0.914149,0.932358,0.932543,MEASURABLE,MEASURABLE,MEASURABLE,MEASURABLE,MEASURABLE,MEASURABLE
P3_0153,supercritical_f1.40_beta0.3_M1.0_theta45_seed1_res128_dc1.0,1.400000,0.300000,1.000000,45.000000,1,MEASURABLE,0.888657,0.077224,52.964489,5.881106,8,5.163000,0.086900,109.094014,False,0.953500,2.216667,3,128.000000,1.000000,0.000000,fine_sample_B,B,3.000000,persistent,0.885033,1.0,0.917622,0.869186,0.888657,0.896809,0.892684,0.902008,MEASURABLE,MEASURABLE,MEASURABLE,MEASURABLE,MEASURABLE,MEASURABLE
P3_0154,supercritical_f1.45_beta0.3_M1.0_theta45_seed1_res128_dc1.0,1.450000,0.300000,1.000000,45.000000,1,MEASURABLE,0.887302,0.073380,48.563628,5.290231,9,5.182000,0.082700,108.027230,False,0.944600,2.216667,3,128.000000,1.000000,0.000000,fine_sample_B,B,3.000000,persistent,0.883430,1.0,0.896457,0.885644,0.887302,0.890721,0.887607,0.910486,MEASURABLE,MEASURABLE,MEASURABLE,MEASURABLE,MEASURABLE,MEASURABLE
P3_0155,supercritical_f1.50_beta0.3_M1.0_theta45_seed1_res128_dc1.0,1.500000,0.300000,1.000000,45.000000,1,MEASURABLE,0.864241,0.068534,44.841877,4.806123,8,5.308000,0.079300,109.473995,False,0.935100,2.216667,3,128.000000,1.000000,0.000000,fine_sample_B,B,3.000000,persistent,0.887824,1.0,0.887996,0.868467,0.864241,0.901597,0.892536,0.916179,MEASURABLE,MEASURABLE,MEASURABLE,MEASURABLE,MEASURABLE,MEASURABLE
P3_0156,supercritical_f1.55_beta0.3_M1.0_theta45_seed1_res128_dc1.0,1.550000,0.300000,1.000000,45.000000,1,MEASURABLE,0.842860,0.065153,41.645410,4.401799,10,5.333000,0.077300,96.859564,False,0.925100,2.216667,3,128.000000,1.000000,0.000000,fine_sample_B,B,3.000000,persistent,0.852436,1.0,0.848064,0.859407,0.842860,0.858693,0.866680,0.875424,MEASURABLE,MEASURABLE,MEASURABLE,MEASURABLE,MEASURABLE,MEASURABLE
P3_0157,supercritical_f1.60_beta0.3_M1.0_theta45_seed1_res128_dc1.0,1.600000,0.300000,1.000000,45.000000,1,MEASURABLE,0.859625,0.060432,38.865309,4.058772,10,5.134000,0.070300,99.682896,False,0.914600,2.216667,3,128.000000,1.000000,0.000000,fine_sample_B,B,3.000000,persistent,0.835546,1.0,0.853451,0.828348,0.859625,0.855950,0.843510,0.862883,MEASURABLE,MEASURABLE,MEASURABLE,MEASURABLE,MEASURABLE,MEASURABLE
P3_0158,supercritical_f1.65_beta0.3_M1.0_theta45_seed1_res128_dc1.0,1.650000,0.300000,1.000000,45.000000,1,MEASURABLE,0.829873,0.060913,36.421920,3.763926,11,4.656000,0.073400,112.132215,False,0.903700,2.216667,3,128.000000,1.000000,0.000000,fine_sample_B,B,3.000000,persistent,0.823893,1.0,0.844807,0.838718,0.829873,0.828806,0.838125,0.837088,MEASURABLE,MEASURABLE,MEASURABLE,MEASURABLE,MEASURABLE,MEASURABLE
P3_0159,supercritical_f1.70_beta0.3_M1.0_theta45_seed1_res128_dc1.0,1.700000,0.300000,1.000000,45.000000,1,MEASURABLE,0.827921,0.066730,34.255401,3.507681,10,4.755000,0.080600,102.645073,False,0.892400,2.216667,3,128.000000,1.000000,0.000000,fine_sample_B,B,3.000000,persistent,0.830912,1.0,0.845597,0.817466,0.827921,0.838884,0.837262,0.854338,MEASURABLE,MEASURABLE,MEASURABLE,MEASURABLE,MEASURABLE,MEASURABLE
P3_0160,supercritical_f1.75_beta0.3_M1.0_theta45_seed1_res128_dc1.0,1.750000,0.300000,1.000000,45.000000,1,MEASURABLE,0.830719,0.067870,32.319782,3.282865,12,4.800000,0.081700,106.869488,False,0.880700,2.216667,3,128.000000,1.000000,0.000000,fine_sample_B,B,3.000000,persistent,0.839045,1.0,0.840740,0.877176,0.830719,0.839546,0.846189,0.864685,MEASURABLE,MEASURABLE,MEASURABLE,MEASURABLE,MEASURABLE,MEASURABLE
P3_0161,supercritical_f1.80_beta0.3_M1.0_theta45_seed1_res128_dc1.0,1.800000,0.300000,1.000000,45.000000,1,MEASURABLE,0.764459,0.066967,30.579062,3.084000,12,5.349000,0.087600,111.782167,False,0.868600,2.216667,3,128.000000,1.000000,0.000000,fine_sample_B,B,3.000000,persistent,0.787204,1.0,0.805942,0.796934,0.764459,0.767500,0.796525,0.806131,MEASURABLE,MEASURABLE,MEASURABLE,MEASURABLE,MEASURABLE,MEASURABLE
P3_0162,supercritical_f1.85_beta0.3_M1.0_theta45_seed1_res128_dc1.0,1.850000,0.300000,1.000000,45.000000,1,MEASURABLE,0.809103,0.066346,29.004586,2.906819,12,5.257000,0.082000,97.216206,False,0.856100,2.216667,3,128.000000,1.000000,0.000000,fine_sample_B,B,3.000000,persistent,0.816084,1.0,0.806101,0.843111,0.809103,0.831876,0.821624,0.827559,MEASURABLE,MEASURABLE,MEASURABLE,MEASURABLE,MEASURABLE,MEASURABLE
P3_0163,supercritical_f1.90_beta0.3_M1.0_theta45_seed1_res128_dc1.0,1.900000,0.300000,1.000000,45.000000,1,MEASURABLE,0.878781,0.057560,27.573212,2.747953,12,4.912000,0.065500,116.739325,False,0.843200,2.216667,3,128.000000,1.000000,0.000000,fine_sample_B,B,3.000000,persistent,0.863462,1.0,0.840270,0.866997,0.878781,0.849171,0.871743,0.887706,MEASURABLE,MEASURABLE,MEASURABLE,MEASURABLE,MEASURABLE,MEASURABLE
P3_0164,supercritical_f1.95_beta0.3_M1.0_theta45_seed1_res128_dc1.0,1.950000,0.300000,1.000000,45.000000,1,MEASURABLE,0.783787,0.060352,26.266022,2.604702,13,5.414000,0.077000,105.469682,False,0.829900,2.216667,3,128.000000,1.000000,0.000000,fine_sample_B,B,3.000000,persistent,0.775256,1.0,0.778170,0.778654,0.783787,0.783198,0.787127,0.782799,MEASURABLE,MEASURABLE,MEASURABLE,MEASURABLE,MEASURABLE,MEASURABLE
P3_0165,supercritical_f2.00_beta0.3_M1.0_theta45_seed1_res128_dc1.0,2.000000,0.300000,1.000000,45.000000,1,MEASURABLE,0.860165,0.072168,25.067371,2.474874,11,5.377000,0.083900,105.220216,False,0.816300,2.216667,3,128.000000,1.000000,0.000000,fine_sample_B,B,2.500000,radial_collapse,0.842733,1.0,0.815172,0.820348,0.860165,0.836061,0.856190,0.857074,MEASURABLE,MEASURABLE,MEASURABLE,MEASURABLE,MEASURABLE,COLLAPSED
P3_0166,supercritical_f1.30_beta0.5_M1.0_theta15_seed1_res128_dc1.0,1.300000,0.500000,1.000000,15.000000,1,MEASURABLE,2.575857,0.202978,33.773340,5.596507,4,4.883000,0.078800,85.160474,False,0.944700,1.720096,3,128.000000,1.000000,0.000000,fine_sample_B,B,3.000000,persistent,2.583929,1.0,2.574918,2.574086,2.575857,2.706981,2.606790,2.650990,MEASURABLE,MEASURABLE,MEASURABLE,MEASURABLE,MEASURABLE,MEASURABLE
P3_0167,supercritical_f1.35_beta0.5_M1.0_theta15_seed1_res128_dc1.0,1.350000,0.500000,1.000000,15.000000,1,PARTIAL,2.219196,0.170434,30.355360,4.892285,2,4.966000,0.076800,33.486862,False,0.930400,1.720096,3,128.000000,1.000000,0.000000,fine_sample_B,B,0.000000,never_fragmented,2.241617,1.0,2.246107,2.178573,2.219196,2.200521,2.252401,2.287238,PARTIAL,PARTIAL,PARTIAL,PARTIAL,PARTIAL,PARTIAL
P3_0168,supercritical_f1.40_beta0.5_M1.0_theta15_seed1_res128_dc1.0,1.400000,0.500000,1.000000,15.000000,1,MEASURABLE,2.256088,0.194700,27.591200,4.346310,3,5.041000,0.086300,109.094014,False,0.914900,1.720096,3,128.000000,1.000000,0.000000,fine_sample_B,B,3.000000,persistent,2.228991,1.0,2.228617,2.284256,2.256088,2.218137,2.239731,2.276094,MEASURABLE,MEASURABLE,MEASURABLE,MEASURABLE,MEASURABLE,MEASURABLE
P3_0169,supercritical_f1.45_beta0.5_M1.0_theta15_seed1_res128_dc1.0,1.450000,0.500000,1.000000,15.000000,1,MEASURABLE,2.325718,0.173964,25.298626,3.909636,3,4.765000,0.074800,108.027230,False,0.898500,1.720096,3,128.000000,1.000000,0.000000,fine_sample_B,B,3.000000,persistent,2.334281,1.0,2.348368,2.311279,2.325718,2.367808,2.375067,2.362365,MEASURABLE,MEASURABLE,MEASURABLE,MEASURABLE,MEASURABLE,MEASURABLE
P3_0170,supercritical_f1.50_beta0.5_M1.0_theta15_seed1_res128_dc1.0,1.500000,0.500000,1.000000,15.000000,1,MEASURABLE,2.407605,0.205369,23.359826,3.551866,4,4.847000,0.085300,109.473995,False,0.881100,1.720096,3,128.000000,1.000000,0.000000,fine_sample_B,B,3.000000,persistent,2.403563,1.0,2.448570,2.423588,2.407605,2.362018,2.417566,2.442530,MEASURABLE,MEASURABLE,MEASURABLE,MEASURABLE,MEASURABLE,MEASURABLE
P3_0171,supercritical_f1.55_beta0.5_M1.0_theta15_seed1_res128_dc1.0,1.550000,0.500000,1.000000,15.000000,1,PARTIAL,2.334041,0.187190,21.694665,3.253058,2,5.131000,0.080200,38.537100,False,0.862800,1.720096,3,128.000000,1.000000,0.000000,fine_sample_B,B,0.000000,never_fragmented,2.269318,1.0,2.283508,2.263491,2.334041,2.294477,2.304225,2.318458,PARTIAL,PARTIAL,PARTIAL,PARTIAL,PARTIAL,PARTIAL
P3_0172,supercritical_f1.60_beta0.5_M1.0_theta15_seed1_res128_dc1.0,1.600000,0.500000,1.000000,15.000000,1,PARTIAL,2.303386,0.191181,20.246406,2.999551,2,5.270000,0.083000,30.185807,False,0.843700,1.720096,3,128.000000,1.000000,0.000000,fine_sample_B,B,0.000000,never_fragmented,2.342496,1.0,2.450879,2.346455,2.303386,2.388521,2.364580,2.419627,PARTIAL,PARTIAL,PARTIAL,PARTIAL,PARTIAL,PARTIAL
P3_0173,supercritical_f1.65_beta0.5_M1.0_theta15_seed1_res128_dc1.0,1.650000,0.500000,1.000000,15.000000,1,PARTIAL,2.255637,0.215188,18.973552,2.781651,2,4.574000,0.095400,34.934297,False,0.823800,1.720096,3,128.000000,1.000000,0.000000,fine_sample_B,B,0.000000,immediate_collapse,2.257729,1.0,2.216801,2.364922,2.255637,2.275902,2.279489,2.319096,PARTIAL,PARTIAL,PARTIAL,PARTIAL,PARTIAL,COLLAPSED
P3_0174,supercritical_f1.70_beta0.5_M1.0_theta15_seed1_res128_dc1.0,1.700000,0.500000,1.000000,15.000000,1,PARTIAL,2.267939,0.163745,17.844931,2.592279,5,4.511000,0.072200,43.311906,False,0.803000,1.720096,3,128.000000,1.000000,0.000000,fine_sample_B,B,2.500000,radial_collapse,2.208934,1.0,2.309232,2.161468,2.267939,2.203509,2.219478,2.263534,PARTIAL,PARTIAL,PARTIAL,PARTIAL,MEASURABLE,COLLAPSED
P3_0175,supercritical_f1.75_beta0.5_M1.0_theta15_seed1_res128_dc1.0,1.750000,0.500000,1.000000,15.000000,1,PARTIAL,2.324501,0.221292,16.836594,2.426134,5,5.571000,0.095200,40.633742,False,0.781600,1.720096,3,128.000000,1.000000,0.000000,fine_sample_B,B,2.500000,radial_collapse,2.265738,1.0,2.236061,2.232319,2.324501,2.257830,2.299222,2.287208,PARTIAL,PARTIAL,PARTIAL,PARTIAL,MEASURABLE,COLLAPSED
P3_0176,supercritical_f1.80_beta0.5_M1.0_theta15_seed1_res128_dc1.0,1.800000,0.500000,1.000000,15.000000,1,PARTIAL,2.217715,0.192498,15.929787,2.279166,4,5.318000,0.086800,36.579126,False,0.759400,1.720096,3,128.000000,1.000000,0.000000,fine_sample_B,B,2.500000,radial_collapse,2.085307,1.0,2.073392,2.078792,2.217715,2.109335,2.112367,2.125196,PARTIAL,PARTIAL,PARTIAL,PARTIAL,MEASURABLE,COLLAPSED
P3_0177,supercritical_f1.85_beta0.5_M1.0_theta15_seed1_res128_dc1.0,1.850000,0.500000,1.000000,15.000000,1,MEASURABLE,2.132250,0.205762,15.109583,2.148224,3,4.756000,0.096500,97.216206,False,0.736500,1.720096,3,128.000000,1.000000,0.000000,fine_sample_B,B,2.000000,radial_collapse,2.185677,1.0,2.093471,2.163816,2.132250,2.184365,2.207919,2.256396,MEASURABLE,MEASURABLE,MEASURABLE,MEASURABLE,COLLAPSED,COLLAPSED
P3_0178,supercritical_f1.90_beta0.5_M1.0_theta15_seed1_res128_dc1.0,1.900000,0.500000,1.000000,15.000000,1,PARTIAL,2.234869,0.236673,14.363927,2.030818,4,4.841000,0.105900,36.324789,False,0.712900,1.720096,3,128.000000,1.000000,0.000000,fine_sample_B,B,0.000000,immediate_collapse,2.249474,1.0,2.333134,2.276820,2.234869,2.251076,2.273242,2.324832,PARTIAL,PARTIAL,PARTIAL,PARTIAL,COLLAPSED,COLLAPSED
P3_0179,supercritical_f1.95_beta0.5_M1.0_theta15_seed1_res128_dc1.0,1.950000,0.500000,1.000000,15.000000,1,COLLAPSED,,,13.682962,1.924951,4,4.461000,0.123400,105.499410,False,0.688600,1.720096,3,128.000000,1.000000,0.000000,fine_sample_B,B,0.000000,immediate_collapse,2.176140,0.0,2.143974,2.168157,2.217814,2.159520,2.189231,2.250684,COLLAPSED,COLLAPSED,COLLAPSED,COLLAPSED,COLLAPSED,COLLAPSED
P3_0180,supercritical_f2.00_beta0.5_M1.0_theta15_seed1_res128_dc1.0,2.000000,0.500000,1.000000,15.000000,1,COLLAPSED,,,13.058539,1.829004,4,4.226000,0.126700,107.830324,False,0.663700,1.720096,3,128.000000,1.000000,0.000000,fine_sample_B,B,0.000000,immediate_collapse,2.120292,0.0,2.146790,2.123858,2.071427,2.129568,2.137479,2.145372,COLLAPSED,COLLAPSED,COLLAPSED,COLLAPSED,COLLAPSED,COLLAPSED
P3_0181,supercritical_f1.30_beta0.5_M1.0_theta30_seed1_res128_dc1.0,1.300000,0.500000,1.000000,30.000000,1,MEASURABLE,1.517374,0.113500,38.136363,5.517312,4,4.765000,0.074800,85.160474,False,0.943100,1.775000,3,128.000000,1.000000,0.000000,fine_sample_B,B,3.000000,persistent,1.522961,1.0,1.532151,1.507954,1.517374,1.544835,1.549571,1.541284,MEASURABLE,MEASURABLE,MEASURABLE,MEASURABLE,MEASURABLE,MEASURABLE
P3_0182,supercritical_f1.35_beta0.5_M1.0_theta30_seed1_res128_dc1.0,1.350000,0.500000,1.000000,30.000000,1,MEASURABLE,1.568992,0.133835,34.276831,4.823056,6,4.847000,0.085300,97.108951,False,0.928400,1.775000,3,128.000000,1.000000,0.000000,fine_sample_B,B,3.000000,persistent,1.566358,1.0,1.595688,1.579408,1.568992,1.539283,1.575483,1.591752,MEASURABLE,MEASURABLE,MEASURABLE,MEASURABLE,MEASURABLE,MEASURABLE
P3_0183,supercritical_f1.40_beta0.5_M1.0_theta30_seed1_res128_dc1.0,1.400000,0.500000,1.000000,30.000000,1,MEASURABLE,1.519420,0.121857,31.155582,4.284806,4,5.131000,0.080200,109.094014,False,0.912500,1.775000,3,128.000000,1.000000,0.000000,fine_sample_B,B,3.000000,persistent,1.477286,1.0,1.486524,1.473493,1.519420,1.493664,1.500010,1.509275,MEASURABLE,MEASURABLE,MEASURABLE,MEASURABLE,MEASURABLE,MEASURABLE
P3_0184,supercritical_f1.45_beta0.5_M1.0_theta30_seed1_res128_dc1.0,1.450000,0.500000,1.000000,30.000000,1,MEASURABLE,1.497961,0.124331,28.566840,3.854311,4,5.270000,0.083000,108.027230,False,0.895500,1.775000,3,128.000000,1.000000,0.000000,fine_sample_B,B,3.000000,persistent,1.523395,1.0,1.593880,1.525970,1.497961,1.553327,1.537757,1.573556,MEASURABLE,MEASURABLE,MEASURABLE,MEASURABLE,MEASURABLE,MEASURABLE
P3_0185,supercritical_f1.50_beta0.5_M1.0_theta30_seed1_res128_dc1.0,1.500000,0.500000,1.000000,30.000000,1,MEASURABLE,1.465532,0.139812,26.377575,3.501604,4,4.574000,0.095400,109.473995,False,0.877700,1.775000,3,128.000000,1.000000,0.000000,fine_sample_B,B,3.000000,persistent,1.466891,1.0,1.440299,1.536536,1.465532,1.478698,1.481029,1.506762,MEASURABLE,MEASURABLE,MEASURABLE,MEASURABLE,MEASURABLE,MEASURABLE
P3_0186,supercritical_f1.55_beta0.5_M1.0_theta30_seed1_res128_dc1.0,1.550000,0.500000,1.000000,30.000000,1,MEASURABLE,1.472227,0.106295,24.497300,3.207025,6,4.511000,0.072200,96.859564,False,0.858900,1.775000,3,128.000000,1.000000,0.000000,fine_sample_B,B,3.000000,persistent,1.433924,1.0,1.499032,1.403112,1.472227,1.430402,1.440768,1.469367,MEASURABLE,MEASURABLE,MEASURABLE,MEASURABLE,MEASURABLE,MEASURABLE
P3_0187,supercritical_f1.60_beta0.5_M1.0_theta30_seed1_res128_dc1.0,1.600000,0.500000,1.000000,30.000000,1,MEASURABLE,1.507695,0.135843,22.861947,2.957105,6,5.631000,0.090100,99.682896,False,0.839200,1.775000,3,128.000000,1.000000,0.000000,fine_sample_B,B,3.000000,persistent,1.469580,1.0,1.450331,1.447904,1.507695,1.464451,1.491298,1.483506,MEASURABLE,MEASURABLE,MEASURABLE,MEASURABLE,MEASURABLE,MEASURABLE
P3_0188,supercritical_f1.65_beta0.5_M1.0_theta30_seed1_res128_dc1.0,1.650000,0.500000,1.000000,30.000000,1,MEASURABLE,1.437310,0.108517,21.424659,2.742289,6,5.477000,0.075500,112.132215,False,0.818700,1.775000,3,128.000000,1.000000,0.000000,fine_sample_B,B,2.500000,radial_collapse,1.351496,1.0,1.343773,1.347274,1.437310,1.367068,1.369034,1.377348,MEASURABLE,MEASURABLE,MEASURABLE,MEASURABLE,MEASURABLE,COLLAPSED
P3_0189,supercritical_f1.70_beta0.5_M1.0_theta30_seed1_res128_dc1.0,1.700000,0.500000,1.000000,30.000000,1,MEASURABLE,1.380903,0.107158,20.150236,2.555596,5,5.016000,0.077600,102.645073,False,0.797300,1.775000,3,128.000000,1.000000,0.000000,fine_sample_B,B,2.500000,radial_collapse,1.415504,1.0,1.355789,1.401346,1.380903,1.414654,1.429908,1.461303,MEASURABLE,MEASURABLE,MEASURABLE,MEASURABLE,MEASURABLE,COLLAPSED
P3_0190,supercritical_f1.75_beta0.5_M1.0_theta30_seed1_res128_dc1.0,1.750000,0.500000,1.000000,30.000000,1,MEASURABLE,1.446355,0.114551,19.011636,2.391802,6,5.201000,0.079200,106.869488,False,0.775300,1.775000,3,128.000000,1.000000,0.000000,fine_sample_B,B,2.500000,radial_collapse,1.455807,1.0,1.509950,1.473505,1.446355,1.456844,1.471189,1.504577,MEASURABLE,MEASURABLE,MEASURABLE,MEASURABLE,MEASURABLE,COLLAPSED
P3_0191,supercritical_f1.80_beta0.5_M1.0_theta30_seed1_res128_dc1.0,1.800000,0.500000,1.000000,30.000000,1,PARTIAL,1.434373,0.129524,17.987684,2.246914,6,4.871000,0.090300,36.579126,False,0.752400,1.775000,3,128.000000,1.000000,0.000000,fine_sample_B,B,2.500000,radial_collapse,1.407420,1.0,1.386617,1.402257,1.434373,1.396671,1.415886,1.455631,PARTIAL,PARTIAL,PARTIAL,PARTIAL,MEASURABLE,COLLAPSED
P3_0192,supercritical_f1.85_beta0.5_M1.0_theta30_seed1_res128_dc1.0,1.850000,0.500000,1.000000,30.000000,1,PARTIAL,1.338860,0.126924,17.061521,2.117825,6,4.635000,0.094800,31.657269,False,0.728800,1.775000,3,128.000000,1.000000,0.000000,fine_sample_B,B,0.000000,immediate_collapse,1.370444,1.0,1.387571,1.372749,1.338860,1.376440,1.381553,1.386655,PARTIAL,PARTIAL,PARTIAL,PARTIAL,COLLAPSED,COLLAPSED
P3_0193,supercritical_f1.90_beta0.5_M1.0_theta30_seed1_res128_dc1.0,1.900000,0.500000,1.000000,30.000000,1,PARTIAL,1.321321,0.116012,16.219537,2.002080,7,4.966000,0.087800,36.324789,False,0.704600,1.775000,3,128.000000,1.000000,0.000000,fine_sample_B,B,0.000000,immediate_collapse,1.302074,1.0,1.297058,1.339210,1.321321,1.310542,1.316171,1.335450,PARTIAL,PARTIAL,PARTIAL,PARTIAL,COLLAPSED,COLLAPSED
P3_0194,supercritical_f1.95_beta0.5_M1.0_theta30_seed1_res128_dc1.0,1.950000,0.500000,1.000000,30.000000,1,PARTIAL,1.389687,0.135078,15.450601,1.897711,7,4.732000,0.097200,41.590167,False,0.679600,1.775000,3,128.000000,1.000000,0.000000,fine_sample_B,B,0.000000,immediate_collapse,1.354211,1.0,1.357644,1.331601,1.389687,1.381732,1.376506,1.386933,PARTIAL,PARTIAL,PARTIAL,PARTIAL,COLLAPSED,COLLAPSED
P3_0195,supercritical_f2.00_beta0.5_M1.0_theta30_seed1_res128_dc1.0,2.000000,0.500000,1.000000,30.000000,1,COLLAPSED,,,14.745513,1.803122,7,4.437000,0.099100,107.830324,False,0.654000,1.775000,3,128.000000,1.000000,0.000000,fine_sample_B,B,0.000000,immediate_collapse,1.376896,0.0,1.474954,1.375620,1.391673,1.361320,1.395608,1.393300,COLLAPSED,COLLAPSED,COLLAPSED,COLLAPSED,COLLAPSED,COLLAPSED
P3_0196,supercritical_f1.30_beta0.5_M1.0_theta45_seed1_res128_dc1.0,1.300000,0.500000,1.000000,45.000000,1,MEASURABLE,1.146890,0.095192,46.308441,5.409130,5,5.270000,0.083000,85.160474,False,0.940800,1.850000,3,128.000000,1.000000,0.000000,fine_sample_B,B,3.000000,persistent,1.166364,1.0,1.220329,1.168335,1.146890,1.189280,1.177360,1.204768,MEASURABLE,MEASURABLE,MEASURABLE,MEASURABLE,MEASURABLE,MEASURABLE
P3_0197,supercritical_f1.35_beta0.5_M1.0_theta45_seed1_res128_dc1.0,1.350000,0.500000,1.000000,45.000000,1,MEASURABLE,1.120770,0.106921,41.621866,4.728486,5,4.574000,0.095400,97.108951,False,0.925500,1.850000,3,128.000000,1.000000,0.000000,fine_sample_B,B,3.000000,persistent,1.121809,1.0,1.101473,1.175071,1.120770,1.130839,1.132621,1.152301,MEASURABLE,MEASURABLE,MEASURABLE,MEASURABLE,MEASURABLE,MEASURABLE
P3_0198,supercritical_f1.40_beta0.5_M1.0_theta45_seed1_res128_dc1.0,1.400000,0.500000,1.000000,45.000000,1,MEASURABLE,1.124682,0.081202,37.831778,4.200790,8,4.511000,0.072200,109.094014,False,0.908900,1.850000,3,128.000000,1.000000,0.000000,fine_sample_B,B,3.000000,persistent,1.095421,1.0,1.145159,1.071883,1.124682,1.092731,1.100650,1.122498,MEASURABLE,MEASURABLE,MEASURABLE,MEASURABLE,MEASURABLE,MEASURABLE
P3_0199,supercritical_f1.45_beta0.5_M1.0_theta45_seed1_res128_dc1.0,1.450000,0.500000,1.000000,45.000000,1,MEASURABLE,1.150623,0.103671,34.688305,3.778737,8,5.631000,0.090100,108.027230,False,0.891300,1.850000,3,128.000000,1.000000,0.000000,fine_sample_B,B,3.000000,persistent,1.121535,1.0,1.106845,1.104992,1.150623,1.117620,1.138109,1.132163,MEASURABLE,MEASURABLE,MEASURABLE,MEASURABLE,MEASURABLE,MEASURABLE
P3_0200,supercritical_f1.50_beta0.5_M1.0_theta45_seed1_res128_dc1.0,1.500000,0.500000,1.000000,45.000000,1,MEASURABLE,1.095878,0.082739,32.029912,3.432945,7,5.477000,0.075500,109.473995,False,0.872700,1.850000,3,128.000000,1.000000,0.000000,fine_sample_B,B,3.000000,persistent,1.030449,1.0,1.024561,1.027230,1.095878,1.042322,1.043821,1.050160,MEASURABLE,MEASURABLE,MEASURABLE,MEASURABLE,MEASURABLE,MEASURABLE
P3_0201,supercritical_f1.55_beta0.5_M1.0_theta45_seed1_res128_dc1.0,1.550000,0.500000,1.000000,45.000000,1,MEASURABLE,1.051943,0.081631,29.746721,3.144142,6,5.016000,0.077600,96.859564,False,0.853200,1.850000,3,128.000000,1.000000,0.000000,fine_sample_B,B,3.000000,persistent,1.078301,1.0,1.032812,1.067516,1.051943,1.077654,1.089274,1.113190,MEASURABLE,MEASURABLE,MEASURABLE,MEASURABLE,MEASURABLE,MEASURABLE
P3_0202,supercritical_f1.60_beta0.5_M1.0_theta45_seed1_res128_dc1.0,1.600000,0.500000,1.000000,45.000000,1,MEASURABLE,1.100891,0.087191,27.760935,2.899123,8,5.201000,0.079200,99.682896,False,0.832700,1.850000,3,128.000000,1.000000,0.000000,fine_sample_B,B,3.000000,persistent,1.108085,1.0,1.149296,1.121556,1.100891,1.108875,1.119793,1.145206,MEASURABLE,MEASURABLE,MEASURABLE,MEASURABLE,MEASURABLE,MEASURABLE
P3_0203,supercritical_f1.65_beta0.5_M1.0_theta45_seed1_res128_dc1.0,1.650000,0.500000,1.000000,45.000000,1,MEASURABLE,1.090919,0.094037,26.015657,2.688518,8,4.921000,0.086200,112.132215,False,0.811300,1.850000,3,128.000000,1.000000,0.000000,fine_sample_B,B,2.500000,radial_collapse,1.070420,1.0,1.054598,1.066493,1.090919,1.062245,1.076859,1.107087,MEASURABLE,MEASURABLE,MEASURABLE,MEASURABLE,MEASURABLE,COLLAPSED
P3_0204,supercritical_f1.70_beta0.5_M1.0_theta45_seed1_res128_dc1.0,1.700000,0.500000,1.000000,45.000000,1,PARTIAL,1.017527,0.084556,24.468144,2.505486,8,4.785000,0.083100,43.311906,False,0.789200,1.850000,3,128.000000,1.000000,0.000000,fine_sample_B,B,2.500000,radial_collapse,1.041531,1.0,1.054547,1.043282,1.017527,1.046087,1.049973,1.053851,PARTIAL,PARTIAL,PARTIAL,PARTIAL,MEASURABLE,COLLAPSED
P3_0205,supercritical_f1.75_beta0.5_M1.0_theta45_seed1_res128_dc1.0,1.750000,0.500000,1.000000,45.000000,1,PARTIAL,1.003499,0.071349,23.085558,2.344904,8,5.216000,0.071100,40.633742,False,0.766200,1.850000,3,128.000000,1.000000,0.000000,fine_sample_B,B,2.500000,radial_collapse,0.988881,1.0,0.985072,1.017085,1.003499,0.995313,0.999588,1.014229,PARTIAL,PARTIAL,PARTIAL,PARTIAL,MEASURABLE,COLLAPSED
P3_0206,supercritical_f1.80_beta0.5_M1.0_theta45_seed1_res128_dc1.0,1.800000,0.500000,1.000000,45.000000,1,MEASURABLE,1.054726,0.077206,21.842187,2.202857,9,5.082000,0.073200,111.782167,False,0.742400,1.850000,3,128.000000,1.000000,0.000000,fine_sample_B,B,2.000000,radial_collapse,1.027801,1.0,1.030406,1.010641,1.054726,1.048688,1.044722,1.052636,MEASURABLE,MEASURABLE,MEASURABLE,MEASURABLE,COLLAPSED,COLLAPSED
P3_0207,supercritical_f1.85_beta0.5_M1.0_theta45_seed1_res128_dc1.0,1.850000,0.500000,1.000000,45.000000,1,MEASURABLE,1.055574,0.073574,20.717561,2.076299,9,4.887000,0.069700,97.216206,False,0.717900,1.850000,3,128.000000,1.000000,0.000000,fine_sample_B,B,2.000000,radial_collapse,1.044365,1.0,1.118742,1.043397,1.055574,1.032552,1.058559,1.056808,MEASURABLE,MEASURABLE,MEASURABLE,MEASURABLE,COLLAPSED,COLLAPSED
P3_0208,supercritical_f1.90_beta0.5_M1.0_theta45_seed1_res128_dc1.0,1.900000,0.500000,1.000000,45.000000,1,PARTIAL,0.970834,0.076308,19.695152,1.962824,9,4.753000,0.078600,36.324789,False,0.692600,1.850000,3,128.000000,1.000000,0.000000,fine_sample_B,B,0.000000,immediate_collapse,0.974024,1.0,0.942629,1.000042,0.970834,0.974079,0.986062,1.006720,PARTIAL,PARTIAL,PARTIAL,PARTIAL,COLLAPSED,COLLAPSED
P3_0209,supercritical_f1.95_beta0.5_M1.0_theta45_seed1_res128_dc1.0,1.950000,0.500000,1.000000,45.000000,1,MEASURABLE,1.006909,0.091528,18.761444,1.860501,10,4.605000,0.090900,105.469682,False,0.666700,1.850000,3,128.000000,1.000000,0.000000,fine_sample_B,B,2.000000,radial_collapse,1.011616,1.0,0.989235,1.037853,1.006909,1.022239,1.016409,1.025961,MEASURABLE,MEASURABLE,MEASURABLE,MEASURABLE,COLLAPSED,COLLAPSED
P3_0210,supercritical_f2.00_beta0.5_M1.0_theta45_seed1_res128_dc1.0,2.000000,0.500000,1.000000,45.000000,1,PARTIAL,1.035874,0.086392,17.905265,1.767767,11,4.725000,0.083400,38.429305,False,0.640000,1.850000,3,128.000000,1.000000,0.000000,fine_sample_B,B,0.000000,immediate_collapse,1.020201,1.0,1.015420,1.084979,1.035874,0.999116,1.029958,1.033791,PARTIAL,PARTIAL,PARTIAL,PARTIAL,COLLAPSED,COLLAPSED
P3_0211,supercritical_f1.30_beta0.3_M1.0_theta60_seed1_res128_dc1.0,1.300000,0.300000,1.000000,60.000000,1,MEASURABLE,0.756364,0.062551,129.663636,7.392477,9,5.182000,0.082700,85.160474,False,0.968300,2.341667,3,128.000000,1.000000,0.000000,fine_sample_B,B,3.000000,persistent,0.753063,1.0,0.764167,0.754950,0.756364,0.759278,0.756623,0.776127,MEASURABLE,MEASURABLE,MEASURABLE,MEASURABLE,MEASURABLE,MEASURABLE
P3_0212,supercritical_f1.40_beta0.3_M1.0_theta60_seed1_res128_dc1.0,1.400000,0.300000,1.000000,60.000000,1,MEASURABLE,0.716883,0.055415,105.928978,5.741080,11,5.333000,0.077300,109.094014,False,0.951200,2.341667,3,128.000000,1.000000,0.000000,fine_sample_B,B,3.000000,persistent,0.725027,1.0,0.721310,0.730957,0.716883,0.730349,0.737143,0.744580,MEASURABLE,MEASURABLE,MEASURABLE,MEASURABLE,MEASURABLE,MEASURABLE
P3_0213,supercritical_f1.50_beta0.3_M1.0_theta60_seed1_res128_dc1.0,1.500000,0.300000,1.000000,60.000000,1,MEASURABLE,0.704468,0.051708,89.683754,4.691692,12,4.656000,0.073400,109.473995,False,0.931900,2.341667,3,128.000000,1.000000,0.000000,fine_sample_B,B,3.000000,persistent,0.699392,1.0,0.717145,0.711976,0.704468,0.703562,0.711473,0.710593,MEASURABLE,MEASURABLE,MEASURABLE,MEASURABLE,MEASURABLE,MEASURABLE
P3_0214,supercritical_f1.60_beta0.3_M1.0_theta60_seed1_res128_dc1.0,1.600000,0.300000,1.000000,60.000000,1,MEASURABLE,0.703981,0.057515,77.730619,3.962134,13,4.800000,0.081700,99.682896,False,0.910400,2.341667,3,128.000000,1.000000,0.000000,fine_sample_B,B,3.000000,persistent,0.711037,1.0,0.712474,0.743351,0.703981,0.711462,0.717091,0.732766,MEASURABLE,MEASURABLE,MEASURABLE,MEASURABLE,MEASURABLE,MEASURABLE
P3_0215,supercritical_f1.80_beta0.3_M1.0_theta60_seed1_res128_dc1.0,1.800000,0.300000,1.000000,60.000000,1,MEASURABLE,0.662306,0.050998,61.158124,3.010571,14,5.414000,0.077000,111.782167,False,0.862100,2.341667,3,128.000000,1.000000,0.000000,fine_sample_B,B,3.000000,persistent,0.655097,1.0,0.657559,0.657968,0.662306,0.661808,0.665128,0.661471,MEASURABLE,MEASURABLE,MEASURABLE,MEASURABLE,MEASURABLE,MEASURABLE
P3_0216,supercritical_f1.30_beta0.5_M1.0_theta60_seed1_res128_dc1.0,1.300000,0.500000,1.000000,60.000000,1,MEASURABLE,0.987028,0.088931,58.938016,5.300947,8,5.631000,0.090100,85.160474,False,0.938400,1.925000,3,128.000000,1.000000,0.000000,fine_sample_B,B,3.000000,persistent,0.962076,1.0,0.949474,0.947886,0.987028,0.958718,0.976294,0.971193,MEASURABLE,MEASURABLE,MEASURABLE,MEASURABLE,MEASURABLE,MEASURABLE
P3_0217,supercritical_f1.40_beta0.5_M1.0_theta60_seed1_res128_dc1.0,1.400000,0.500000,1.000000,60.000000,1,MEASURABLE,0.900373,0.069869,48.149535,4.116774,7,5.016000,0.077600,109.094014,False,0.905200,1.925000,3,128.000000,1.000000,0.000000,fine_sample_B,B,3.000000,persistent,0.922934,1.0,0.883998,0.913702,0.900373,0.922379,0.932325,0.952796,MEASURABLE,MEASURABLE,MEASURABLE,MEASURABLE,MEASURABLE,MEASURABLE
P3_0218,supercritical_f1.50_beta0.5_M1.0_theta60_seed1_res128_dc1.0,1.500000,0.500000,1.000000,60.000000,1,MEASURABLE,0.931922,0.080332,40.765343,3.364286,9,4.921000,0.086200,109.473995,False,0.867500,1.925000,3,128.000000,1.000000,0.000000,fine_sample_B,B,3.000000,persistent,0.914410,1.0,0.900894,0.911056,0.931922,0.907427,0.919911,0.945734,MEASURABLE,MEASURABLE,MEASURABLE,MEASURABLE,MEASURABLE,MEASURABLE
P3_0219,supercritical_f1.60_beta0.5_M1.0_theta60_seed1_res128_dc1.0,1.600000,0.500000,1.000000,60.000000,1,MEASURABLE,0.855779,0.060846,35.332100,2.841140,9,5.216000,0.071100,99.682896,False,0.825800,1.925000,3,128.000000,1.000000,0.000000,fine_sample_B,B,3.000000,persistent,0.843313,1.0,0.840065,0.867365,0.855779,0.848798,0.852444,0.864930,MEASURABLE,MEASURABLE,MEASURABLE,MEASURABLE,MEASURABLE,MEASURABLE
P3_0220,supercritical_f1.80_beta0.5_M1.0_theta60_seed1_res128_dc1.0,1.800000,0.500000,1.000000,60.000000,1,MEASURABLE,0.856225,0.065501,27.799147,2.158800,11,4.805000,0.076500,111.782167,False,0.731800,1.925000,3,128.000000,1.000000,0.000000,fine_sample_B,B,2.000000,radial_collapse,0.860228,1.0,0.841196,0.882539,0.856225,0.869261,0.864304,0.872426,MEASURABLE,MEASURABLE,MEASURABLE,MEASURABLE,COLLAPSED,COLLAPSED
P3_0221,supercritical_f1.50_beta0.3_M1.0_theta0_seed1_res128_dc1.0,1.500000,0.300000,1.000000,0.000000,1,MEASURABLE,2.494537,0.249454,22.420939,5.034986,3,4.962000,0.100000,109.473995,False,0.940800,1.966667,3,128.000000,1.000000,0.000000,resolution,C_resolution,3.000000,persistent,2.474301,1.0,2.531164,2.465842,2.494537,2.453455,2.492887,2.556996,MEASURABLE,MEASURABLE,MEASURABLE,MEASURABLE,MEASURABLE,MEASURABLE
P3_0222,supercritical_f1.50_beta0.3_M1.0_theta0_seed1_res256_dc1.0,1.500000,0.300000,1.000000,0.000000,1,MEASURABLE,2.476371,0.247637,22.420939,5.034986,3,4.962000,0.100000,109.473995,False,0.940800,1.966667,3,256.000000,1.000000,0.000000,resolution,C_resolution,3.000000,persistent,2.469702,1.0,2.358254,2.531184,2.476371,2.478778,2.509070,2.497937,MEASURABLE,MEASURABLE,MEASURABLE,MEASURABLE,MEASURABLE,MEASURABLE
P3_0223,supercritical_f1.60_beta0.3_M1.0_theta0_seed1_res128_dc1.0,1.600000,0.300000,1.000000,0.000000,1,PARTIAL,2.400801,0.184862,19.432655,4.252046,2,5.201000,0.077000,30.185807,False,0.922200,1.966667,3,128.000000,1.000000,0.000000,resolution,C_resolution,0.000000,never_fragmented,2.358366,1.0,2.353418,2.398276,2.400801,2.371204,2.395548,2.439844,PARTIAL,PARTIAL,PARTIAL,PARTIAL,PARTIAL,PARTIAL
P3_0224,supercritical_f1.60_beta0.3_M1.0_theta0_seed1_res256_dc1.0,1.600000,0.300000,1.000000,0.000000,1,PARTIAL,2.449333,0.188599,19.432655,4.252046,2,5.201000,0.077000,30.185807,False,0.922200,1.966667,3,256.000000,1.000000,0.000000,resolution,C_resolution,0.000000,never_fragmented,2.420081,1.0,2.381316,2.430351,2.449333,2.460533,2.441249,2.489201,PARTIAL,PARTIAL,PARTIAL,PARTIAL,PARTIAL,PARTIAL
P3_0225,supercritical_f1.70_beta0.3_M1.0_theta0_seed1_res128_dc1.0,1.700000,0.300000,1.000000,0.000000,1,MEASURABLE,2.592918,0.222213,17.127701,3.674713,4,4.980000,0.085700,102.645073,False,0.902000,1.966667,3,128.000000,1.000000,0.000000,resolution,C_resolution,3.000000,persistent,2.480203,1.0,2.583805,2.483543,2.592918,2.461744,2.493587,2.522439,MEASURABLE,MEASURABLE,MEASURABLE,MEASURABLE,MEASURABLE,MEASURABLE
P3_0226,supercritical_f1.70_beta0.3_M1.0_theta0_seed1_res256_dc1.0,1.700000,0.300000,1.000000,0.000000,1,MEASURABLE,2.440226,0.209127,17.127701,3.674713,4,4.980000,0.085700,102.645073,False,0.902000,1.966667,3,256.000000,1.000000,0.000000,resolution,C_resolution,3.000000,persistent,2.381814,1.0,2.435390,2.469130,2.440226,2.421825,2.413836,2.426450,MEASURABLE,MEASURABLE,MEASURABLE,MEASURABLE,MEASURABLE,MEASURABLE
P3_0227,supercritical_f1.80_beta0.3_M1.0_theta0_seed1_res128_dc1.0,1.800000,0.300000,1.000000,0.000000,1,MEASURABLE,2.584160,0.204924,15.289531,3.230857,3,4.575000,0.079300,111.782167,False,0.880300,1.966667,3,128.000000,1.000000,0.000000,resolution,C_resolution,3.000000,persistent,2.501321,1.0,2.482880,2.480923,2.584160,2.485273,2.534779,2.535280,MEASURABLE,MEASURABLE,MEASURABLE,MEASURABLE,MEASURABLE,MEASURABLE
P3_0228,supercritical_f1.80_beta0.3_M1.0_theta0_seed1_res256_dc1.0,1.800000,0.300000,1.000000,0.000000,1,MEASURABLE,2.211634,0.175383,15.289531,3.230857,3,4.575000,0.079300,111.782167,False,0.880300,1.966667,3,256.000000,1.000000,0.000000,resolution,C_resolution,3.000000,persistent,2.248338,1.0,2.188802,2.273691,2.211634,2.234524,2.268485,2.281105,MEASURABLE,MEASURABLE,MEASURABLE,MEASURABLE,MEASURABLE,MEASURABLE
P3_0229,supercritical_f1.90_beta0.3_M1.0_theta0_seed1_res128_dc1.0,1.900000,0.300000,1.000000,0.000000,1,MEASURABLE,2.424905,0.200540,13.786606,2.878808,4,5.182000,0.082700,116.739325,False,0.857100,1.966667,3,128.000000,1.000000,0.000000,resolution,C_resolution,3.000000,persistent,2.414323,1.0,2.449923,2.420374,2.424905,2.434249,2.425737,2.488265,MEASURABLE,MEASURABLE,MEASURABLE,MEASURABLE,MEASURABLE,MEASURABLE
P3_0230,supercritical_f1.90_beta0.3_M1.0_theta0_seed1_res256_dc1.0,1.900000,0.300000,1.000000,0.000000,1,MEASURABLE,2.469184,0.204202,13.786606,2.878808,4,5.182000,0.082700,116.739325,False,0.857100,1.966667,3,256.000000,1.000000,0.000000,resolution,C_resolution,3.000000,persistent,2.416602,1.0,2.521244,2.457403,2.469184,2.411720,2.454563,2.495371,MEASURABLE,MEASURABLE,MEASURABLE,MEASURABLE,MEASURABLE,MEASURABLE
P3_0231,supercritical_f1.50_beta0.5_M1.0_theta0_seed1_res128_dc1.0,1.500000,0.500000,1.000000,0.000000,1,PARTIAL,2.698670,0.207258,22.420939,3.570263,1,4.966000,0.076800,40.230080,False,0.882300,1.700000,3,128.000000,1.000000,0.000000,resolution,C_resolution,0.000000,immediate_collapse,2.725935,1.0,2.731396,2.649271,2.698670,2.675961,2.739049,2.781413,PARTIAL,PARTIAL,PARTIAL,PARTIAL,COLLAPSED,COLLAPSED
P3_0232,supercritical_f1.50_beta0.5_M1.0_theta0_seed1_res256_dc1.0,1.500000,0.500000,1.000000,0.000000,1,PARTIAL,2.702935,0.207585,22.420939,3.570263,1,4.966000,0.076800,40.230080,False,0.882300,1.700000,3,256.000000,1.000000,0.000000,resolution,C_resolution,0.000000,immediate_collapse,2.707553,1.0,2.669556,2.722580,2.702935,2.734288,2.737083,2.759660,PARTIAL,PARTIAL,PARTIAL,PARTIAL,COLLAPSED,COLLAPSED
P3_0233,supercritical_f1.60_beta0.5_M1.0_theta0_seed1_res128_dc1.0,1.600000,0.500000,1.000000,0.000000,1,PARTIAL,2.834085,0.211990,19.432655,3.015087,3,4.765000,0.074800,30.185807,False,0.845300,1.700000,3,128.000000,1.000000,0.000000,resolution,C_resolution,3.000000,persistent,2.844521,1.0,2.861686,2.816490,2.834085,2.885376,2.894221,2.878743,PARTIAL,PARTIAL,PARTIAL,PARTIAL,MEASURABLE,MEASURABLE
P3_0234,supercritical_f1.60_beta0.5_M1.0_theta0_seed1_res256_dc1.0,1.600000,0.500000,1.000000,0.000000,1,PARTIAL,2.856684,0.213680,19.432655,3.015087,3,4.765000,0.074800,30.185807,False,0.845300,1.700000,3,256.000000,1.000000,0.000000,resolution,C_resolution,3.000000,persistent,2.913121,1.0,2.963908,2.940688,2.856684,2.921791,2.965017,2.940113,PARTIAL,PARTIAL,PARTIAL,PARTIAL,MEASURABLE,MEASURABLE
P3_0235,supercritical_f1.70_beta0.5_M1.0_theta0_seed1_res128_dc1.0,1.700000,0.500000,1.000000,0.000000,1,PARTIAL,2.849409,0.228523,17.127701,2.605706,2,5.131000,0.080200,43.311906,False,0.805100,1.700000,3,128.000000,1.000000,0.000000,resolution,C_resolution,0.000000,immediate_collapse,2.770395,1.0,2.787718,2.763281,2.849409,2.801109,2.813010,2.830385,PARTIAL,PARTIAL,PARTIAL,PARTIAL,PARTIAL,COLLAPSED
P3_0236,supercritical_f1.70_beta0.5_M1.0_theta0_seed1_res256_dc1.0,1.700000,0.500000,1.000000,0.000000,1,PARTIAL,2.866651,0.229905,17.127701,2.605706,2,5.131000,0.080200,43.311906,False,0.805100,1.700000,3,256.000000,1.000000,0.000000,resolution,C_resolution,0.000000,immediate_collapse,2.860872,1.0,2.861430,2.867978,2.866651,2.836854,2.903287,2.930412,PARTIAL,PARTIAL,PARTIAL,PARTIAL,PARTIAL,COLLAPSED
P3_0237,supercritical_f1.80_beta0.5_M1.0_theta0_seed1_res128_dc1.0,1.800000,0.500000,1.000000,0.000000,1,PARTIAL,2.758126,0.312496,15.289531,2.290971,2,4.374000,0.113300,36.579126,False,0.761800,1.700000,3,128.000000,1.000000,0.000000,resolution,C_resolution,0.000000,immediate_collapse,2.760685,1.0,2.710639,2.891757,2.758126,2.782906,2.787292,2.835722,PARTIAL,PARTIAL,PARTIAL,PARTIAL,PARTIAL,COLLAPSED
P3_0238,supercritical_f1.80_beta0.5_M1.0_theta0_seed1_res256_dc1.0,1.800000,0.500000,1.000000,0.000000,1,PARTIAL,2.553509,0.289313,15.289531,2.290971,2,4.374000,0.113300,36.579126,False,0.761800,1.700000,3,256.000000,1.000000,0.000000,resolution,C_resolution,0.000000,immediate_collapse,2.595318,1.0,2.661842,2.591575,2.553509,2.567037,2.625743,2.682959,PARTIAL,PARTIAL,PARTIAL,PARTIAL,PARTIAL,COLLAPSED
P3_0239,supercritical_f1.90_beta0.5_M1.0_theta0_seed1_res128_dc1.0,1.900000,0.500000,1.000000,0.000000,1,PARTIAL,2.846404,0.352669,13.786606,2.041337,4,5.231000,0.123900,36.324789,False,0.715800,1.700000,3,128.000000,1.000000,0.000000,resolution,C_resolution,0.000000,immediate_collapse,2.774447,1.0,2.738107,2.733525,2.846404,2.764764,2.815449,2.800738,PARTIAL,PARTIAL,PARTIAL,PARTIAL,COLLAPSED,COLLAPSED
P3_0240,supercritical_f1.90_beta0.5_M1.0_theta0_seed1_res256_dc1.0,1.900000,0.500000,1.000000,0.000000,1,PARTIAL,2.487645,0.308219,13.786606,2.041337,4,5.231000,0.123900,36.324789,False,0.715800,1.700000,3,256.000000,1.000000,0.000000,resolution,C_resolution,0.000000,immediate_collapse,2.469387,1.0,2.312901,2.462423,2.487645,2.462353,2.481603,2.545819,PARTIAL,PARTIAL,PARTIAL,PARTIAL,COLLAPSED,COLLAPSED
P3_0241,supercritical_f1.50_beta0.3_M1.0_theta30_seed1_res128_dc1.0,1.500000,0.300000,1.000000,30.000000,1,MEASURABLE,1.264289,0.100258,29.894585,4.920555,6,4.575000,0.079300,109.473995,False,0.938000,2.091667,3,128.000000,1.000000,0.000000,resolution,C_resolution,3.000000,persistent,1.223760,1.0,1.214738,1.213780,1.264289,1.215909,1.240129,1.240374,MEASURABLE,MEASURABLE,MEASURABLE,MEASURABLE,MEASURABLE,MEASURABLE
P3_0242,supercritical_f1.50_beta0.3_M1.0_theta30_seed1_res256_dc1.0,1.500000,0.300000,1.000000,30.000000,1,MEASURABLE,1.082032,0.085805,29.894585,4.920555,6,4.575000,0.079300,109.473995,False,0.938000,2.091667,3,256.000000,1.000000,0.000000,resolution,C_resolution,3.000000,persistent,1.099989,1.0,1.070862,1.112393,1.082032,1.093231,1.109846,1.116020,MEASURABLE,MEASURABLE,MEASURABLE,MEASURABLE,MEASURABLE,MEASURABLE
P3_0243,supercritical_f1.60_beta0.3_M1.0_theta30_seed1_res128_dc1.0,1.600000,0.300000,1.000000,30.000000,1,MEASURABLE,1.182653,0.097805,25.910206,4.155409,7,5.182000,0.082700,99.682896,False,0.918600,2.091667,3,128.000000,1.000000,0.000000,resolution,C_resolution,3.000000,persistent,1.177492,1.0,1.194855,1.180443,1.182653,1.187210,1.183059,1.213554,MEASURABLE,MEASURABLE,MEASURABLE,MEASURABLE,MEASURABLE,MEASURABLE
P3_0244,supercritical_f1.60_beta0.3_M1.0_theta30_seed1_res256_dc1.0,1.600000,0.300000,1.000000,30.000000,1,MEASURABLE,1.204248,0.099591,25.910206,4.155409,7,5.182000,0.082700,99.682896,False,0.918600,2.091667,3,256.000000,1.000000,0.000000,resolution,C_resolution,3.000000,persistent,1.178604,1.0,1.229639,1.198503,1.204248,1.176222,1.197117,1.217020,MEASURABLE,MEASURABLE,MEASURABLE,MEASURABLE,MEASURABLE,MEASURABLE
P3_0245,supercritical_f1.70_beta0.3_M1.0_theta30_seed1_res128_dc1.0,1.700000,0.300000,1.000000,30.000000,1,MEASURABLE,1.125464,0.086998,22.836934,3.591197,8,5.333000,0.077300,102.645073,False,0.897400,2.091667,3,128.000000,1.000000,0.000000,resolution,C_resolution,3.000000,persistent,1.138250,1.0,1.132413,1.147559,1.125464,1.146605,1.157271,1.168946,MEASURABLE,MEASURABLE,MEASURABLE,MEASURABLE,MEASURABLE,MEASURABLE
P3_0246,supercritical_f1.70_beta0.3_M1.0_theta30_seed1_res256_dc1.0,1.700000,0.300000,1.000000,30.000000,1,MEASURABLE,1.147040,0.088666,22.836934,3.591197,8,5.333000,0.077300,102.645073,False,0.897400,2.091667,3,256.000000,1.000000,0.000000,resolution,C_resolution,3.000000,persistent,1.141447,1.0,1.184070,1.144529,1.147040,1.136278,1.147971,1.175035,MEASURABLE,MEASURABLE,MEASURABLE,MEASURABLE,MEASURABLE,MEASURABLE
P3_0247,supercritical_f1.50_beta0.3_M1.0_theta45_seed1_res128_dc1.0,1.500000,0.300000,1.000000,45.000000,1,MEASURABLE,0.864241,0.068534,44.841877,4.806123,8,5.308000,0.079300,109.473995,False,0.935100,2.216667,3,128.000000,1.000000,0.000000,resolution,C_resolution,3.000000,persistent,0.887824,1.0,0.887996,0.868467,0.864241,0.901597,0.892536,0.916179,MEASURABLE,MEASURABLE,MEASURABLE,MEASURABLE,MEASURABLE,MEASURABLE
P3_0248,supercritical_f1.50_beta0.3_M1.0_theta45_seed1_res256_dc1.0,1.500000,0.300000,1.000000,45.000000,1,MEASURABLE,0.916908,0.072711,44.841877,4.806123,8,5.308000,0.079300,109.473995,False,0.935100,2.216667,3,256.000000,1.000000,0.000000,resolution,C_resolution,3.000000,persistent,0.883836,1.0,0.947950,0.915798,0.916908,0.868526,0.889549,0.897063,MEASURABLE,MEASURABLE,MEASURABLE,MEASURABLE,MEASURABLE,MEASURABLE
P3_0249,supercritical_f1.60_beta0.3_M1.0_theta45_seed1_res128_dc1.0,1.600000,0.300000,1.000000,45.000000,1,MEASURABLE,0.859625,0.060432,38.865309,4.058772,10,5.134000,0.070300,99.682896,False,0.914600,2.216667,3,128.000000,1.000000,0.000000,resolution,C_resolution,3.000000,persistent,0.835546,1.0,0.853451,0.828348,0.859625,0.855950,0.843510,0.862883,MEASURABLE,MEASURABLE,MEASURABLE,MEASURABLE,MEASURABLE,MEASURABLE
P3_0250,supercritical_f1.60_beta0.3_M1.0_theta45_seed1_res256_dc1.0,1.600000,0.300000,1.000000,45.000000,1,MEASURABLE,0.781005,0.054905,38.865309,4.058772,10,5.134000,0.070300,99.682896,False,0.914600,2.216667,3,256.000000,1.000000,0.000000,resolution,C_resolution,3.000000,persistent,0.815612,1.0,0.813666,0.809324,0.781005,0.838561,0.828131,0.826405,MEASURABLE,MEASURABLE,MEASURABLE,MEASURABLE,MEASURABLE,MEASURABLE
P3_0251,supercritical_f1.50_beta0.5_M1.0_theta30_seed1_res128_dc1.0,1.500000,0.500000,1.000000,30.000000,1,MEASURABLE,1.465532,0.139812,26.377575,3.501604,4,4.574000,0.095400,109.473995,False,0.877700,1.775000,3,128.000000,1.000000,0.000000,resolution,C_resolution,3.000000,persistent,1.466891,1.0,1.440299,1.536536,1.465532,1.478698,1.481029,1.506762,MEASURABLE,MEASURABLE,MEASURABLE,MEASURABLE,MEASURABLE,MEASURABLE
P3_0252,supercritical_f1.50_beta0.5_M1.0_theta30_seed1_res256_dc1.0,1.500000,0.500000,1.000000,30.000000,1,MEASURABLE,1.356808,0.129439,26.377575,3.501604,4,4.574000,0.095400,109.473995,False,0.877700,1.775000,3,256.000000,1.000000,0.000000,resolution,C_resolution,3.000000,persistent,1.379024,1.0,1.414371,1.377035,1.356808,1.363997,1.395190,1.425591,MEASURABLE,MEASURABLE,MEASURABLE,MEASURABLE,MEASURABLE,MEASURABLE
P3_0253,supercritical_f1.60_beta0.5_M1.0_theta30_seed1_res128_dc1.0,1.600000,0.500000,1.000000,30.000000,1,MEASURABLE,1.507695,0.135843,22.861947,2.957105,6,5.631000,0.090100,99.682896,False,0.839200,1.775000,3,128.000000,1.000000,0.000000,resolution,C_resolution,3.000000,persistent,1.469580,1.0,1.450331,1.447904,1.507695,1.464451,1.491298,1.483506,MEASURABLE,MEASURABLE,MEASURABLE,MEASURABLE,MEASURABLE,MEASURABLE
P3_0254,supercritical_f1.60_beta0.5_M1.0_theta30_seed1_res256_dc1.0,1.600000,0.500000,1.000000,30.000000,1,MEASURABLE,1.317666,0.118722,22.861947,2.957105,6,5.631000,0.090100,99.682896,False,0.839200,1.775000,3,256.000000,1.000000,0.000000,resolution,C_resolution,3.000000,persistent,1.307994,1.0,1.225107,1.304306,1.317666,1.304269,1.314465,1.348480,MEASURABLE,MEASURABLE,MEASURABLE,MEASURABLE,MEASURABLE,MEASURABLE
P3_0255,supercritical_f1.50_beta0.5_M1.0_theta45_seed1_res128_dc1.0,1.500000,0.500000,1.000000,45.000000,1,MEASURABLE,1.095878,0.082739,32.029912,3.432945,7,5.477000,0.075500,109.473995,False,0.872700,1.850000,3,128.000000,1.000000,0.000000,resolution,C_resolution,3.000000,persistent,1.030449,1.0,1.024561,1.027230,1.095878,1.042322,1.043821,1.050160,MEASURABLE,MEASURABLE,MEASURABLE,MEASURABLE,MEASURABLE,MEASURABLE
P3_0256,supercritical_f1.50_beta0.5_M1.0_theta45_seed1_res256_dc1.0,1.500000,0.500000,1.000000,45.000000,1,MEASURABLE,1.081601,0.081661,32.029912,3.432945,7,5.477000,0.075500,109.473995,False,0.872700,1.850000,3,256.000000,1.000000,0.000000,resolution,C_resolution,3.000000,persistent,1.097881,1.0,1.126561,1.128905,1.081601,1.103771,1.108006,1.118826,MEASURABLE,MEASURABLE,MEASURABLE,MEASURABLE,MEASURABLE,MEASURABLE
P3_0257,supercritical_f1.50_beta0.3_M2.0_theta0_seed1_res128_dc1.0,1.500000,0.300000,2.000000,0.000000,1,PARTIAL,2.325350,0.248812,22.420939,5.034986,2,5.201000,0.107000,40.230080,False,0.940800,1.886667,3,128.000000,1.000000,0.000000,resolution,C_resolution,0.000000,never_fragmented,2.284249,1.0,2.279456,2.322905,2.325350,2.296683,2.320262,2.363167,PARTIAL,PARTIAL,PARTIAL,PARTIAL,PARTIAL,PARTIAL
P3_0258,supercritical_f1.50_beta0.3_M2.0_theta0_seed1_res256_dc1.0,1.500000,0.300000,2.000000,0.000000,1,PARTIAL,2.372357,0.253842,22.420939,5.034986,2,5.201000,0.107000,40.230080,False,0.940800,1.886667,3,256.000000,1.000000,0.000000,resolution,C_resolution,0.000000,never_fragmented,2.344024,1.0,2.306478,2.353972,2.372357,2.383205,2.364527,2.410972,PARTIAL,PARTIAL,PARTIAL,PARTIAL,PARTIAL,PARTIAL
P3_0259,supercritical_f1.60_beta0.3_M2.0_theta0_seed1_res128_dc1.0,1.600000,0.300000,2.000000,0.000000,1,MEASURABLE,2.508483,0.290231,19.432655,4.252046,5,4.980000,0.115700,99.682896,False,0.922200,1.886667,3,128.000000,1.000000,0.000000,resolution,C_resolution,3.000000,persistent,2.399438,1.0,2.499667,2.402670,2.508483,2.381580,2.412386,2.440298,MEASURABLE,MEASURABLE,MEASURABLE,MEASURABLE,MEASURABLE,MEASURABLE
P3_0260,supercritical_f1.60_beta0.3_M2.0_theta0_seed1_res256_dc1.0,1.600000,0.300000,2.000000,0.000000,1,MEASURABLE,2.360763,0.273140,19.432655,4.252046,5,4.980000,0.115700,99.682896,False,0.922200,1.886667,3,256.000000,1.000000,0.000000,resolution,C_resolution,3.000000,persistent,2.304253,1.0,2.356084,2.388726,2.360763,2.342961,2.335232,2.347435,MEASURABLE,MEASURABLE,MEASURABLE,MEASURABLE,MEASURABLE,MEASURABLE
P3_0261,supercritical_f1.50_beta0.3_M1.0_theta0_seed1_res128_dc1.5,1.500000,0.300000,1.000000,0.000000,1,MEASURABLE,2.553191,0.255319,22.420939,5.034986,3,4.962000,0.100000,109.473995,False,0.940800,1.966667,3,128.000000,1.500000,0.000000,alt_density,C_alt_density,3.000000,persistent,2.575378,1.0,2.630634,2.612170,2.553191,2.631041,2.606823,2.624471,MEASURABLE,MEASURABLE,MEASURABLE,MEASURABLE,MEASURABLE,MEASURABLE
P3_0262,supercritical_f1.55_beta0.3_M1.0_theta0_seed1_res128_dc1.5,1.550000,0.300000,1.000000,0.000000,1,MEASURABLE,2.484371,0.206700,20.822705,4.611408,3,5.002000,0.083200,96.859564,False,0.931700,1.966667,3,128.000000,1.500000,0.000000,alt_density,C_alt_density,3.000000,persistent,2.440459,1.0,2.435339,2.481759,2.484371,2.453744,2.478936,2.524774,MEASURABLE,MEASURABLE,MEASURABLE,MEASURABLE,MEASURABLE,MEASURABLE
P3_0263,supercritical_f1.60_beta0.3_M1.0_theta0_seed1_res128_dc1.5,1.600000,0.300000,1.000000,0.000000,1,PARTIAL,2.521246,0.194136,19.432655,4.252046,2,5.201000,0.077000,30.185807,False,0.922200,1.966667,3,128.000000,1.500000,0.000000,alt_density,C_alt_density,0.000000,never_fragmented,2.562716,1.0,2.558762,2.592911,2.521246,2.555797,2.585525,2.601884,PARTIAL,PARTIAL,PARTIAL,PARTIAL,PARTIAL,PARTIAL
P3_0264,supercritical_f1.65_beta0.3_M1.0_theta0_seed1_res128_dc1.5,1.650000,0.300000,1.000000,0.000000,1,MEASURABLE,2.681650,0.222845,18.210960,3.943160,4,4.870000,0.083100,112.132215,False,0.912300,1.966667,3,128.000000,1.500000,0.000000,alt_density,C_alt_density,3.000000,persistent,2.565078,1.0,2.672226,2.568533,2.681650,2.545988,2.578920,2.608759,MEASURABLE,MEASURABLE,MEASURABLE,MEASURABLE,MEASURABLE,MEASURABLE
P3_0265,supercritical_f1.70_beta0.3_M1.0_theta0_seed1_res128_dc1.5,1.700000,0.300000,1.000000,0.000000,1,MEASURABLE,2.583048,0.221367,17.127701,3.674713,4,4.980000,0.085700,102.645073,False,0.902000,1.966667,3,128.000000,1.500000,0.000000,alt_density,C_alt_density,3.000000,persistent,2.551511,1.0,2.630418,2.591999,2.583048,2.496218,2.563470,2.611935,MEASURABLE,MEASURABLE,MEASURABLE,MEASURABLE,MEASURABLE,MEASURABLE
P3_0266,supercritical_f1.50_beta0.5_M1.0_theta0_seed1_res128_dc1.5,1.500000,0.500000,1.000000,0.000000,1,PARTIAL,2.842971,0.218340,22.420939,3.570263,1,4.966000,0.076800,40.230080,False,0.882300,1.700000,3,128.000000,1.500000,0.000000,alt_density,C_alt_density,0.000000,immediate_collapse,2.808825,1.0,2.808354,2.878467,2.842971,2.795148,2.822359,2.868181,PARTIAL,PARTIAL,PARTIAL,PARTIAL,COLLAPSED,COLLAPSED
P3_0267,supercritical_f1.55_beta0.5_M1.0_theta0_seed1_res128_dc1.5,1.550000,0.500000,1.000000,0.000000,1,PARTIAL,2.932738,0.253095,20.822705,3.269908,2,5.041000,0.086300,38.537100,False,0.864200,1.700000,3,128.000000,1.500000,0.000000,alt_density,C_alt_density,0.000000,never_fragmented,2.943537,1.0,2.961299,2.914531,2.932738,2.985814,2.994967,2.978950,PARTIAL,PARTIAL,PARTIAL,PARTIAL,PARTIAL,PARTIAL
P3_0268,supercritical_f1.60_beta0.5_M1.0_theta0_seed1_res128_dc1.5,1.600000,0.500000,1.000000,0.000000,1,PARTIAL,3.037960,0.227239,19.432655,3.015087,3,4.765000,0.074800,30.185807,False,0.845300,1.700000,3,128.000000,1.500000,0.000000,alt_density,C_alt_density,3.000000,persistent,3.032859,1.0,3.089650,3.058127,3.037960,2.980437,3.050528,3.082028,PARTIAL,PARTIAL,PARTIAL,PARTIAL,MEASURABLE,MEASURABLE
P3_0269,supercritical_f1.65_beta0.5_M1.0_theta0_seed1_res128_dc1.5,1.650000,0.500000,1.000000,0.000000,1,PARTIAL,2.946918,0.251372,18.210960,2.796059,4,4.847000,0.085300,34.934297,False,0.825600,1.700000,3,128.000000,1.500000,0.000000,alt_density,C_alt_density,3.000000,persistent,2.865200,1.0,2.883116,2.857843,2.946918,2.896966,2.909274,2.927244,PARTIAL,PARTIAL,PARTIAL,PARTIAL,MEASURABLE,MEASURABLE
P3_0270,supercritical_f1.70_beta0.5_M1.0_theta0_seed1_res128_dc1.5,1.700000,0.500000,1.000000,0.000000,1,PARTIAL,2.909869,0.233371,17.127701,2.605706,2,5.131000,0.080200,43.311906,False,0.805100,1.700000,3,128.000000,1.500000,0.000000,alt_density,C_alt_density,0.000000,immediate_collapse,2.959276,1.0,3.096197,2.964277,2.909869,3.017419,2.987175,3.056716,PARTIAL,PARTIAL,PARTIAL,PARTIAL,PARTIAL,COLLAPSED
P3_0271,supercritical_f1.50_beta0.3_M1.0_theta30_seed1_res128_dc1.5,1.500000,0.300000,1.000000,30.000000,1,MEASURABLE,1.224842,0.097130,29.894585,4.920555,6,4.575000,0.079300,109.473995,False,0.938000,2.091667,3,128.000000,1.500000,0.000000,alt_density,C_alt_density,3.000000,persistent,1.219848,1.0,1.264765,1.198006,1.224842,1.236079,1.230394,1.243245,MEASURABLE,MEASURABLE,MEASURABLE,MEASURABLE,MEASURABLE,MEASURABLE
P3_0272,supercritical_f1.60_beta0.3_M1.0_theta30_seed1_res128_dc1.5,1.600000,0.300000,1.000000,30.000000,1,MEASURABLE,1.192783,0.098643,25.910206,4.155409,7,5.182000,0.082700,99.682896,False,0.918600,2.091667,3,128.000000,1.500000,0.000000,alt_density,C_alt_density,3.000000,persistent,1.225331,1.0,1.225569,1.198615,1.192783,1.244340,1.231835,1.264465,MEASURABLE,MEASURABLE,MEASURABLE,MEASURABLE,MEASURABLE,MEASURABLE
P3_0273,supercritical_f1.50_beta0.3_M1.0_theta45_seed1_res128_dc1.5,1.500000,0.300000,1.000000,45.000000,1,MEASURABLE,0.872472,0.069187,44.841877,4.806123,8,5.308000,0.079300,109.473995,False,0.935100,2.216667,3,128.000000,1.500000,0.000000,alt_density,C_alt_density,3.000000,persistent,0.882384,1.0,0.877859,0.889600,0.872472,0.888861,0.897129,0.906180,MEASURABLE,MEASURABLE,MEASURABLE,MEASURABLE,MEASURABLE,MEASURABLE
P3_0274,supercritical_f1.60_beta0.3_M1.0_theta45_seed1_res128_dc1.5,1.600000,0.300000,1.000000,45.000000,1,MEASURABLE,0.858509,0.060353,38.865309,4.058772,10,5.134000,0.070300,99.682896,False,0.914600,2.216667,3,128.000000,1.500000,0.000000,alt_density,C_alt_density,3.000000,persistent,0.852323,1.0,0.873958,0.867659,0.858509,0.857405,0.867046,0.865973,MEASURABLE,MEASURABLE,MEASURABLE,MEASURABLE,MEASURABLE,MEASURABLE
P3_0275,supercritical_f1.50_beta0.5_M1.0_theta30_seed1_res128_dc1.5,1.500000,0.500000,1.000000,30.000000,1,MEASURABLE,1.523950,0.145385,26.377575,3.501604,4,4.574000,0.095400,109.473995,False,0.877700,1.775000,3,128.000000,1.500000,0.000000,alt_density,C_alt_density,3.000000,persistent,1.484301,1.0,1.551697,1.452407,1.523950,1.480656,1.491386,1.520990,MEASURABLE,MEASURABLE,MEASURABLE,MEASURABLE,MEASURABLE,MEASURABLE
P3_0276,supercritical_f1.60_beta0.5_M1.0_theta30_seed1_res128_dc1.5,1.600000,0.500000,1.000000,30.000000,1,MEASURABLE,1.486906,0.133970,22.861947,2.957105,6,5.631000,0.090100,99.682896,False,0.839200,1.775000,3,128.000000,1.500000,0.000000,alt_density,C_alt_density,3.000000,persistent,1.398131,1.0,1.390142,1.393763,1.486906,1.414241,1.416274,1.424875,MEASURABLE,MEASURABLE,MEASURABLE,MEASURABLE,MEASURABLE,MEASURABLE
P3_0277,supercritical_f1.50_beta0.5_M1.0_theta45_seed1_res128_dc1.5,1.500000,0.500000,1.000000,45.000000,1,MEASURABLE,1.088901,0.082212,32.029912,3.432945,7,5.477000,0.075500,109.473995,False,0.872700,1.850000,3,128.000000,1.500000,0.000000,alt_density,C_alt_density,3.000000,persistent,1.116185,1.0,1.069097,1.105021,1.088901,1.115515,1.127543,1.152300,MEASURABLE,MEASURABLE,MEASURABLE,MEASURABLE,MEASURABLE,MEASURABLE
P3_0278,supercritical_f1.60_beta0.5_M1.0_theta45_seed1_res128_dc1.5,1.600000,0.500000,1.000000,45.000000,1,MEASURABLE,1.128562,0.089382,27.760935,2.899123,8,5.201000,0.079200,99.682896,False,0.832700,1.850000,3,128.000000,1.500000,0.000000,alt_density,C_alt_density,3.000000,persistent,1.107356,1.0,1.090988,1.103293,1.128562,1.098898,1.114017,1.145289,MEASURABLE,MEASURABLE,MEASURABLE,MEASURABLE,MEASURABLE,MEASURABLE
P3_0279,supercritical_f1.50_beta0.3_M2.0_theta0_seed1_res128_dc1.5,1.500000,0.300000,2.000000,0.000000,1,PARTIAL,2.442010,0.261295,22.420939,5.034986,2,5.201000,0.107000,40.230080,False,0.940800,1.886667,3,128.000000,1.500000,0.000000,alt_density,C_alt_density,0.000000,never_fragmented,2.482176,1.0,2.478347,2.511422,2.442010,2.475475,2.504269,2.520114,PARTIAL,PARTIAL,PARTIAL,PARTIAL,PARTIAL,PARTIAL
P3_0280,supercritical_f1.60_beta0.3_M2.0_theta0_seed1_res128_dc1.5,1.600000,0.300000,2.000000,0.000000,1,MEASURABLE,2.498934,0.289127,19.432655,4.252046,5,4.980000,0.115700,99.682896,False,0.922200,1.886667,3,128.000000,1.500000,0.000000,alt_density,C_alt_density,3.000000,persistent,2.468424,1.0,2.544761,2.507594,2.498934,2.414932,2.479993,2.526880,MEASURABLE,MEASURABLE,MEASURABLE,MEASURABLE,MEASURABLE,MEASURABLE
P3_0281,supercritical_f1.50_beta0.3_M1.0_theta0_seed1_res128_dc1.0,1.500000,0.300000,1.000000,0.000000,1,MEASURABLE,2.595234,0.259523,22.420939,5.034986,3,4.962000,0.100000,109.473995,False,0.940800,1.966667,3,128.000000,1.000000,0.050000,alt_perturb,C_alt_perturb,3.000000,persistent,2.574182,1.0,2.633341,2.565382,2.595234,2.552494,2.593518,2.660215,MEASURABLE,MEASURABLE,MEASURABLE,MEASURABLE,MEASURABLE,MEASURABLE
P3_0282,supercritical_f1.55_beta0.3_M1.0_theta0_seed1_res128_dc1.0,1.550000,0.300000,1.000000,0.000000,1,MEASURABLE,2.450134,0.203851,20.822705,4.611408,3,5.002000,0.083200,96.859564,False,0.931700,1.966667,3,128.000000,1.000000,0.050000,alt_perturb,C_alt_perturb,3.000000,persistent,2.471426,1.0,2.524451,2.506732,2.450134,2.524842,2.501602,2.518537,MEASURABLE,MEASURABLE,MEASURABLE,MEASURABLE,MEASURABLE,MEASURABLE
P3_0283,supercritical_f1.60_beta0.3_M1.0_theta0_seed1_res128_dc1.0,1.600000,0.300000,1.000000,0.000000,1,PARTIAL,2.413355,0.185828,19.432655,4.252046,2,5.201000,0.077000,30.185807,False,0.922200,1.966667,3,128.000000,1.000000,0.050000,alt_perturb,C_alt_perturb,0.000000,never_fragmented,2.370699,1.0,2.365725,2.410818,2.413355,2.383604,2.408075,2.452603,PARTIAL,PARTIAL,PARTIAL,PARTIAL,PARTIAL,PARTIAL
P3_0284,supercritical_f1.65_beta0.3_M1.0_theta0_seed1_res128_dc1.0,1.650000,0.300000,1.000000,0.000000,1,MEASURABLE,2.437305,0.202540,18.210960,3.943160,4,4.870000,0.083100,112.132215,False,0.912300,1.966667,3,128.000000,1.000000,0.050000,alt_perturb,C_alt_perturb,3.000000,persistent,2.477394,1.0,2.473571,2.506583,2.437305,2.470705,2.499444,2.515258,MEASURABLE,MEASURABLE,MEASURABLE,MEASURABLE,MEASURABLE,MEASURABLE
P3_0285,supercritical_f1.70_beta0.3_M1.0_theta0_seed1_res128_dc1.0,1.700000,0.300000,1.000000,0.000000,1,MEASURABLE,2.527589,0.216614,17.127701,3.674713,4,4.980000,0.085700,102.645073,False,0.902000,1.966667,3,128.000000,1.000000,0.050000,alt_perturb,C_alt_perturb,3.000000,persistent,2.417714,1.0,2.518706,2.420970,2.527589,2.399720,2.430760,2.458885,MEASURABLE,MEASURABLE,MEASURABLE,MEASURABLE,MEASURABLE,MEASURABLE
P3_0286,supercritical_f1.50_beta0.5_M1.0_theta0_seed1_res128_dc1.0,1.500000,0.500000,1.000000,0.000000,1,PARTIAL,2.708614,0.208022,22.420939,3.570263,1,4.966000,0.076800,40.230080,False,0.882300,1.700000,3,128.000000,1.000000,0.050000,alt_perturb,C_alt_perturb,0.000000,immediate_collapse,2.735980,1.0,2.741460,2.659032,2.708614,2.685821,2.749142,2.791662,PARTIAL,PARTIAL,PARTIAL,PARTIAL,COLLAPSED,COLLAPSED
P3_0287,supercritical_f1.55_beta0.5_M1.0_theta0_seed1_res128_dc1.0,1.550000,0.500000,1.000000,0.000000,1,PARTIAL,2.653352,0.228984,20.822705,3.269908,2,5.041000,0.086300,38.537100,False,0.864200,1.700000,3,128.000000,1.000000,0.050000,alt_perturb,C_alt_perturb,0.000000,never_fragmented,2.621484,1.0,2.621045,2.686481,2.653352,2.608719,2.634115,2.676881,PARTIAL,PARTIAL,PARTIAL,PARTIAL,PARTIAL,PARTIAL
P3_0288,supercritical_f1.60_beta0.5_M1.0_theta0_seed1_res128_dc1.0,1.600000,0.500000,1.000000,0.000000,1,PARTIAL,2.746586,0.205445,19.432655,3.015087,3,4.765000,0.074800,30.185807,False,0.845300,1.700000,3,128.000000,1.000000,0.050000,alt_perturb,C_alt_perturb,3.000000,persistent,2.756700,1.0,2.773335,2.729535,2.746586,2.796294,2.804866,2.789865,PARTIAL,PARTIAL,PARTIAL,PARTIAL,MEASURABLE,MEASURABLE
P3_0289,supercritical_f1.65_beta0.5_M1.0_theta0_seed1_res128_dc1.0,1.650000,0.500000,1.000000,0.000000,1,PARTIAL,2.953533,0.251936,18.210960,2.796059,4,4.847000,0.085300,34.934297,False,0.825600,1.700000,3,128.000000,1.000000,0.050000,alt_perturb,C_alt_perturb,3.000000,persistent,2.948574,1.0,3.003786,2.973140,2.953533,2.897608,2.965752,2.996377,PARTIAL,PARTIAL,PARTIAL,PARTIAL,MEASURABLE,MEASURABLE
P3_0290,supercritical_f1.70_beta0.5_M1.0_theta0_seed1_res128_dc1.0,1.700000,0.500000,1.000000,0.000000,1,PARTIAL,2.813035,0.225605,17.127701,2.605706,2,5.131000,0.080200,43.311906,False,0.805100,1.700000,3,128.000000,1.000000,0.050000,alt_perturb,C_alt_perturb,0.000000,immediate_collapse,2.735029,1.0,2.752132,2.728006,2.813035,2.765352,2.777100,2.794254,PARTIAL,PARTIAL,PARTIAL,PARTIAL,PARTIAL,COLLAPSED
P3_0291,supercritical_f1.50_beta0.3_M1.0_theta30_seed1_res128_dc1.0,1.500000,0.300000,1.000000,30.000000,1,MEASURABLE,1.229046,0.097463,29.894585,4.920555,6,4.575000,0.079300,109.473995,False,0.938000,2.091667,3,128.000000,1.000000,0.050000,alt_perturb,C_alt_perturb,3.000000,persistent,1.189647,1.0,1.180876,1.179945,1.229046,1.182014,1.205560,1.205798,MEASURABLE,MEASURABLE,MEASURABLE,MEASURABLE,MEASURABLE,MEASURABLE
P3_0292,supercritical_f1.60_beta0.3_M1.0_theta30_seed1_res128_dc1.0,1.600000,0.300000,1.000000,30.000000,1,MEASURABLE,1.165154,0.096358,25.910206,4.155409,7,5.182000,0.082700,99.682896,False,0.918600,2.091667,3,128.000000,1.000000,0.050000,alt_perturb,C_alt_perturb,3.000000,persistent,1.160069,1.0,1.177175,1.162977,1.165154,1.169644,1.165554,1.195598,MEASURABLE,MEASURABLE,MEASURABLE,MEASURABLE,MEASURABLE,MEASURABLE
P3_0293,supercritical_f1.50_beta0.3_M1.0_theta45_seed1_res128_dc1.0,1.500000,0.300000,1.000000,45.000000,1,MEASURABLE,0.874670,0.069361,44.841877,4.806123,8,5.308000,0.079300,109.473995,False,0.935100,2.216667,3,128.000000,1.000000,0.050000,alt_perturb,C_alt_perturb,3.000000,persistent,0.898537,1.0,0.898712,0.878947,0.874670,0.912477,0.903307,0.927234,MEASURABLE,MEASURABLE,MEASURABLE,MEASURABLE,MEASURABLE,MEASURABLE
P3_0294,supercritical_f1.60_beta0.3_M1.0_theta45_seed1_res128_dc1.0,1.600000,0.300000,1.000000,45.000000,1,MEASURABLE,0.826423,0.058098,38.865309,4.058772,10,5.134000,0.070300,99.682896,False,0.914600,2.216667,3,128.000000,1.000000,0.050000,alt_perturb,C_alt_perturb,3.000000,persistent,0.803275,1.0,0.820488,0.796354,0.826423,0.822890,0.810931,0.829556,MEASURABLE,MEASURABLE,MEASURABLE,MEASURABLE,MEASURABLE,MEASURABLE
P3_0295,supercritical_f1.50_beta0.5_M1.0_theta30_seed1_res128_dc1.0,1.500000,0.500000,1.000000,30.000000,1,MEASURABLE,1.456110,0.138913,26.377575,3.501604,4,4.574000,0.095400,109.473995,False,0.877700,1.775000,3,128.000000,1.000000,0.050000,alt_perturb,C_alt_perturb,3.000000,persistent,1.457461,1.0,1.431040,1.526659,1.456110,1.469193,1.471508,1.497076,MEASURABLE,MEASURABLE,MEASURABLE,MEASURABLE,MEASURABLE,MEASURABLE
P3_0296,supercritical_f1.60_beta0.5_M1.0_theta30_seed1_res128_dc1.0,1.600000,0.500000,1.000000,30.000000,1,MEASURABLE,1.516674,0.136652,22.861947,2.957105,6,5.631000,0.090100,99.682896,False,0.839200,1.775000,3,128.000000,1.000000,0.050000,alt_perturb,C_alt_perturb,3.000000,persistent,1.478332,1.0,1.458969,1.456527,1.516674,1.473172,1.500180,1.492341,MEASURABLE,MEASURABLE,MEASURABLE,MEASURABLE,MEASURABLE,MEASURABLE
P3_0297,supercritical_f1.50_beta0.5_M1.0_theta45_seed1_res128_dc1.0,1.500000,0.500000,1.000000,45.000000,1,MEASURABLE,1.148128,0.086684,32.029912,3.432945,7,5.477000,0.075500,109.473995,False,0.872700,1.850000,3,128.000000,1.000000,0.050000,alt_perturb,C_alt_perturb,3.000000,persistent,1.079579,1.0,1.073410,1.076206,1.148128,1.092018,1.093588,1.100230,MEASURABLE,MEASURABLE,MEASURABLE,MEASURABLE,MEASURABLE,MEASURABLE
P3_0298,supercritical_f1.60_beta0.5_M1.0_theta45_seed1_res128_dc1.0,1.600000,0.500000,1.000000,45.000000,1,MEASURABLE,1.056135,0.083646,27.760935,2.899123,8,5.201000,0.079200,99.682896,False,0.832700,1.850000,3,128.000000,1.000000,0.050000,alt_perturb,C_alt_perturb,3.000000,persistent,1.063037,1.0,1.102572,1.075960,1.056135,1.063794,1.074269,1.098649,MEASURABLE,MEASURABLE,MEASURABLE,MEASURABLE,MEASURABLE,MEASURABLE
P3_0299,supercritical_f1.50_beta0.3_M2.0_theta0_seed1_res128_dc1.0,1.500000,0.300000,2.000000,0.000000,1,PARTIAL,2.337510,0.250114,22.420939,5.034986,2,5.201000,0.107000,40.230080,False,0.940800,1.886667,3,128.000000,1.000000,0.050000,alt_perturb,C_alt_perturb,0.000000,never_fragmented,2.296194,1.0,2.291377,2.335052,2.337510,2.308693,2.332396,2.375525,PARTIAL,PARTIAL,PARTIAL,PARTIAL,PARTIAL,PARTIAL
P3_0300,supercritical_f1.60_beta0.3_M2.0_theta0_seed1_res128_dc1.0,1.600000,0.300000,2.000000,0.000000,1,MEASURABLE,2.445280,0.282919,19.432655,4.252046,5,4.980000,0.115700,99.682896,False,0.922200,1.886667,3,128.000000,1.000000,0.050000,alt_perturb,C_alt_perturb,3.000000,persistent,2.338983,1.0,2.436687,2.342133,2.445280,2.321575,2.351605,2.378814,MEASURABLE,MEASURABLE,MEASURABLE,MEASURABLE,MEASURABLE,MEASURABLE
