sim_id,sim_name,grid,f,beta,M,theta,seed,classification,lambda_W,lambda_W_err,t_frag,t_radial,N_peaks,peak_significance,sigma_lw,contrast,radial_collapsed,radial_width_frac,f_transition,phase,t_J,priority
SC_0001,supercritical_f1.5_beta0.3_M1.0_theta0_seed1,main,1.5,0.3,1.0,0.0,1,MEASURABLE,2.364381,0.236438,21.9278,5.034986,3,4.962,0.1,88.767215,False,0.9408,1.9667,1,,
SC_0002,supercritical_f1.5_beta0.3_M1.0_theta0_seed2,main,1.5,0.3,1.0,0.0,2,MEASURABLE,2.834485,0.231011,21.751615,5.034986,4,5.441,0.0815,102.003049,False,0.9408,1.9667,1,,
SC_0003,supercritical_f1.5_beta0.3_M1.0_theta45_seed1,main,1.5,0.3,1.0,45.0,1,MEASURABLE,0.814271,0.064572,46.38646,4.806123,8,5.308,0.0793,97.370473,False,0.9351,2.2167,1,,
SC_0004,supercritical_f1.5_beta0.3_M1.0_theta45_seed2,main,1.5,0.3,1.0,45.0,2,MEASURABLE,0.931581,0.071359,43.508899,4.806123,9,4.944,0.0766,93.781484,False,0.9351,2.2167,1,,
SC_0005,supercritical_f1.5_beta0.3_M1.0_theta90_seed1,main,1.5,0.3,1.0,90.0,1,MEASURABLE,0.647097,0.049826,230.891552,4.57726,14,5.414,0.077,81.114832,False,0.9284,2.4667,1,,
SC_0006,supercritical_f1.5_beta0.3_M1.0_theta90_seed2,main,1.5,0.3,1.0,90.0,2,MEASURABLE,0.639739,0.041775,226.067873,4.57726,13,5.574,0.0653,93.823696,False,0.9284,2.4667,1,,
SC_0007,supercritical_f1.5_beta0.3_M3.0_theta0_seed1,main,1.5,0.3,3.0,0.0,1,MEASURABLE,2.355607,0.343212,12.810011,5.034986,5,4.98,0.1457,105.61258,False,0.9408,1.8067,1,,
SC_0008,supercritical_f1.5_beta0.3_M3.0_theta0_seed2,main,1.5,0.3,3.0,0.0,2,PARTIAL,2.270021,0.681006,13.001946,5.034986,2,5.184,0.1296,36.313975,False,0.9408,1.8067,1,,
SC_0009,supercritical_f1.5_beta0.3_M3.0_theta45_seed1,main,1.5,0.3,3.0,45.0,1,MEASURABLE,0.778938,0.109519,26.454967,4.806123,9,4.755,0.1406,111.724122,False,0.9351,2.0567,1,,
SC_0010,supercritical_f1.5_beta0.3_M3.0_theta45_seed2,main,1.5,0.3,3.0,45.0,2,MEASURABLE,0.736723,0.103878,26.305842,4.806123,10,4.983,0.141,97.681317,False,0.9351,2.0567,1,,
SC_0011,supercritical_f1.5_beta0.3_M3.0_theta90_seed1,main,1.5,0.3,3.0,90.0,1,MEASURABLE,0.550107,0.07773,127.127005,4.57726,15,5.41,0.1413,92.410151,False,0.9284,2.3067,1,,
SC_0012,supercritical_f1.5_beta0.3_M3.0_theta90_seed2,main,1.5,0.3,3.0,90.0,2,MEASURABLE,0.55521,0.077618,131.84437,4.57726,13,5.169,0.1398,100.734767,False,0.9284,2.3067,1,,
SC_0013,supercritical_f1.5_beta1.0_M1.0_theta0_seed1,main,1.5,1.0,1.0,0.0,1,PARTIAL,3.165387,0.949616,21.930821,2.471721,2,5.041,0.0863,32.481872,False,0.7545,1.5,1,,
SC_0014,supercritical_f1.5_beta1.0_M1.0_theta0_seed2,main,1.5,1.0,1.0,0.0,2,PARTIAL,2.857083,0.857125,22.790652,2.471721,2,4.989,0.0825,35.238506,False,0.7545,1.5,1,,
SC_0015,supercritical_f1.5_beta1.0_M1.0_theta45_seed1,main,1.5,1.0,1.0,45.0,1,MEASURABLE,1.449954,0.112516,26.230911,2.403062,4,5.016,0.0776,95.460384,False,0.7402,1.575,1,,
SC_0016,supercritical_f1.5_beta1.0_M1.0_theta45_seed2,main,1.5,1.0,1.0,45.0,2,PARTIAL,1.396183,0.418855,26.129447,2.403062,6,4.122,0.0819,35.85371,False,0.7402,1.575,1,,
SC_0017,supercritical_f1.5_beta1.0_M1.0_theta90_seed1,main,1.5,1.0,1.0,90.0,1,MEASURABLE,1.121504,0.07301,31.863781,2.334403,8,5.025,0.0651,95.934171,False,0.7247,1.65,1,,
SC_0018,supercritical_f1.5_beta1.0_M1.0_theta90_seed2,main,1.5,1.0,1.0,90.0,2,MEASURABLE,1.029517,0.085038,33.381098,2.334403,8,4.658,0.0826,96.630546,False,0.7247,1.65,1,,
SC_0019,supercritical_f1.5_beta1.0_M3.0_theta0_seed1,main,1.5,1.0,3.0,0.0,1,PARTIAL,3.444385,1.033315,13.170944,2.471721,1,4.95,0.1679,39.865573,False,0.7545,1.34,1,,
SC_0020,supercritical_f1.5_beta1.0_M3.0_theta0_seed2,main,1.5,1.0,3.0,0.0,2,PARTIAL,2.845661,0.853698,12.372812,2.471721,3,3.853,0.1592,37.973161,False,0.7545,1.34,1,,
SC_0021,supercritical_f1.5_beta1.0_M3.0_theta45_seed1,main,1.5,1.0,3.0,45.0,1,MEASURABLE,1.295961,0.184545,15.569466,2.403062,6,5.046,0.1424,86.55664,False,0.7402,1.415,1,,
SC_0022,supercritical_f1.5_beta1.0_M3.0_theta45_seed2,main,1.5,1.0,3.0,45.0,2,PARTIAL,1.209429,0.362829,16.029127,2.403062,5,5.647,0.1608,36.526965,False,0.7402,1.415,1,,
SC_0023,supercritical_f1.5_beta1.0_M3.0_theta90_seed1,main,1.5,1.0,3.0,90.0,1,PARTIAL,1.032311,0.309693,18.270468,2.334403,8,5.223,0.1394,31.152698,False,0.7247,1.49,1,,
SC_0024,supercritical_f1.5_beta1.0_M3.0_theta90_seed2,main,1.5,1.0,3.0,90.0,2,PARTIAL,0.897697,0.269309,17.80239,2.334403,8,5.084,0.148,44.033216,False,0.7247,1.49,1,,
SC_0025,supercritical_f1.5_beta3.0_M1.0_theta0_seed1,main,1.5,3.0,1.0,0.0,1,PARTIAL,4.048955,1.214686,22.812745,1.739359,1,5.003,0.1037,41.519483,False,0.5042,1.3667,1,,
SC_0026,supercritical_f1.5_beta3.0_M1.0_theta0_seed2,main,1.5,3.0,1.0,0.0,2,PARTIAL,3.345142,1.003542,21.430339,1.739359,2,3.907,0.0954,31.978691,False,0.5042,1.3667,1,,
SC_0027,supercritical_f1.5_beta3.0_M1.0_theta45_seed1,main,1.5,3.0,1.0,45.0,1,PARTIAL,2.038892,0.611668,24.128463,1.716473,3,5.0,0.0855,30.853386,False,0.4909,1.3917,1,,
SC_0028,supercritical_f1.5_beta3.0_M1.0_theta45_seed2,main,1.5,3.0,1.0,45.0,2,PARTIAL,1.997955,0.599386,24.840814,1.716473,2,5.6,0.1046,44.579225,False,0.4909,1.3917,1,,
SC_0029,supercritical_f1.5_beta3.0_M1.0_theta90_seed1,main,1.5,3.0,1.0,90.0,1,PARTIAL,1.816557,0.544967,24.613073,1.693586,5,5.076,0.0901,42.884315,False,0.477,1.4167,1,,
SC_0030,supercritical_f1.5_beta3.0_M1.0_theta90_seed2,main,1.5,3.0,1.0,90.0,2,PARTIAL,1.579677,0.473903,23.982501,1.693586,5,4.937,0.0999,41.950206,False,0.477,1.4167,1,,
SC_0031,supercritical_f1.5_beta3.0_M3.0_theta0_seed1,main,1.5,3.0,3.0,0.0,1,COLLAPSED,,,12.92388,1.739359,3,4.891,0.177,59.001105,False,0.5042,1.2067,1,,
SC_0032,supercritical_f1.5_beta3.0_M3.0_theta0_seed2,main,1.5,3.0,3.0,0.0,2,COLLAPSED,,,12.538797,1.739359,1,4.487,0.1792,59.204886,False,0.5042,1.2067,1,,
SC_0033,supercritical_f1.5_beta3.0_M3.0_theta45_seed1,main,1.5,3.0,3.0,45.0,1,COLLAPSED,,,14.174923,1.716473,4,4.269,0.1751,79.13892,False,0.4909,1.2317,1,,
SC_0034,supercritical_f1.5_beta3.0_M3.0_theta45_seed2,main,1.5,3.0,3.0,45.0,2,COLLAPSED,,,13.333666,1.716473,4,4.117,0.1502,101.526336,False,0.4909,1.2317,1,,
SC_0035,supercritical_f1.5_beta3.0_M3.0_theta90_seed1,main,1.5,3.0,3.0,90.0,1,COLLAPSED,,,15.035915,1.693586,4,4.793,0.1718,78.813862,False,0.477,1.2567,1,,
SC_0036,supercritical_f1.5_beta3.0_M3.0_theta90_seed2,main,1.5,3.0,3.0,90.0,2,COLLAPSED,,,14.776877,1.693586,3,4.532,0.1755,78.293107,False,0.477,1.2567,1,,
SC_0037,supercritical_f2.0_beta0.3_M1.0_theta0_seed1,main,2.0,0.3,1.0,0.0,1,PARTIAL,2.243028,0.672908,13.086933,2.592725,5,5.266,0.0822,38.73891,False,0.8326,1.9667,1,,
SC_0038,supercritical_f2.0_beta0.3_M1.0_theta0_seed2,main,2.0,0.3,1.0,0.0,2,PARTIAL,2.419213,0.725764,12.283918,2.592725,4,5.352,0.1051,33.54394,False,0.8326,1.9667,1,,
SC_0039,supercritical_f2.0_beta0.3_M1.0_theta45_seed1,main,2.0,0.3,1.0,45.0,1,MEASURABLE,0.730526,0.061291,25.245069,2.474874,11,5.377,0.0839,91.491515,False,0.8163,2.2167,1,,
SC_0040,supercritical_f2.0_beta0.3_M1.0_theta45_seed2,main,2.0,0.3,1.0,45.0,2,MEASURABLE,0.81731,0.056558,23.95508,2.474874,11,5.476,0.0692,95.143208,False,0.8163,2.2167,1,,
SC_0041,supercritical_f2.0_beta0.3_M1.0_theta90_seed1,main,2.0,0.3,1.0,90.0,1,MEASURABLE,0.583883,0.045076,123.610735,2.357023,18,4.947,0.0772,88.8603,False,0.7975,2.4667,1,,
SC_0042,supercritical_f2.0_beta0.3_M1.0_theta90_seed2,main,2.0,0.3,1.0,90.0,2,MEASURABLE,0.593013,0.051474,118.579841,2.357023,17,4.897,0.0868,102.750917,False,0.7975,2.4667,1,,
SC_0043,supercritical_f2.0_beta0.3_M3.0_theta0_seed1,main,2.0,0.3,3.0,0.0,1,PARTIAL,1.817497,0.545249,7.347642,2.592725,6,4.413,0.1713,31.789411,False,0.8326,1.8067,1,,
SC_0044,supercritical_f2.0_beta0.3_M3.0_theta0_seed2,main,2.0,0.3,3.0,0.0,2,PARTIAL,2.196019,0.658806,7.043283,2.592725,5,4.233,0.1623,39.782707,False,0.8326,1.8067,1,,
SC_0045,supercritical_f2.0_beta0.3_M3.0_theta45_seed1,main,2.0,0.3,3.0,45.0,1,MEASURABLE,0.710701,0.094523,14.620614,2.474874,12,5.453,0.133,81.621513,False,0.8163,2.0567,1,,
SC_0046,supercritical_f2.0_beta0.3_M3.0_theta45_seed2,main,2.0,0.3,3.0,45.0,2,MEASURABLE,0.728964,0.109855,15.100452,2.474874,12,4.736,0.1507,103.217611,False,0.8163,2.0567,1,,
SC_0047,supercritical_f2.0_beta0.3_M3.0_theta90_seed1,main,2.0,0.3,3.0,90.0,1,MEASURABLE,0.536931,0.074687,74.17328,2.357023,17,4.78,0.1391,91.202849,False,0.7975,2.3067,1,,
SC_0048,supercritical_f2.0_beta0.3_M3.0_theta90_seed2,main,2.0,0.3,3.0,90.0,2,MEASURABLE,0.509547,0.070419,71.508672,2.357023,17,4.69,0.1382,104.412567,False,0.7975,2.3067,1,,
SC_0049,supercritical_f2.0_beta1.0_M1.0_theta0_seed1,main,2.0,1.0,1.0,0.0,1,COLLAPSED,,,12.429431,1.272792,3,4.201,0.1534,83.616133,False,0.3056,1.5,1,,
SC_0050,supercritical_f2.0_beta1.0_M1.0_theta0_seed2,main,2.0,1.0,1.0,0.0,2,COLLAPSED,,,12.185349,1.272792,4,4.07,0.1453,89.225125,False,0.3056,1.5,1,,
SC_0051,supercritical_f2.0_beta1.0_M1.0_theta45_seed1,main,2.0,1.0,1.0,45.0,1,PARTIAL,1.46418,0.439254,14.932414,1.237437,6,4.638,0.1333,33.319918,True,0.2653,1.575,1,,
SC_0052,supercritical_f2.0_beta1.0_M1.0_theta45_seed2,main,2.0,1.0,1.0,45.0,2,PARTIAL,1.32412,0.397236,14.14421,1.237437,7,3.562,0.1279,41.987854,True,0.2653,1.575,1,,
SC_0053,supercritical_f2.0_beta1.0_M1.0_theta90_seed1,main,2.0,1.0,1.0,90.0,1,PARTIAL,0.91772,0.275316,17.174781,1.202082,10,3.892,0.1276,31.239442,True,0.2215,1.65,1,,
SC_0054,supercritical_f2.0_beta1.0_M1.0_theta90_seed2,main,2.0,1.0,1.0,90.0,2,PARTIAL,0.866762,0.260029,17.863854,1.202082,10,4.299,0.1399,39.021869,True,0.2215,1.65,1,,
SC_0055,supercritical_f2.0_beta1.0_M3.0_theta0_seed1,main,2.0,1.0,3.0,0.0,1,COLLAPSED,,,7.325331,1.272792,4,3.762,0.2238,93.805894,False,0.3056,1.34,1,,
SC_0056,supercritical_f2.0_beta1.0_M3.0_theta0_seed2,main,2.0,1.0,3.0,0.0,2,PARTIAL,2.48262,0.744786,7.399736,1.272792,3,4.085,0.2203,34.839499,False,0.3056,1.34,1,,
SC_0057,supercritical_f2.0_beta1.0_M3.0_theta45_seed1,main,2.0,1.0,3.0,45.0,1,PARTIAL,1.16308,0.348924,8.583028,1.237437,7,3.8,0.2117,38.034649,True,0.2653,1.415,1,,
SC_0058,supercritical_f2.0_beta1.0_M3.0_theta45_seed2,main,2.0,1.0,3.0,45.0,2,PARTIAL,1.143033,0.34291,8.638897,1.237437,7,3.894,0.229,30.656875,True,0.2653,1.415,1,,
SC_0059,supercritical_f2.0_beta1.0_M3.0_theta90_seed1,main,2.0,1.0,3.0,90.0,1,PARTIAL,0.787642,0.236292,10.231636,1.202082,11,3.996,0.2097,39.623349,True,0.2215,1.49,1,,
SC_0060,supercritical_f2.0_beta1.0_M3.0_theta90_seed2,main,2.0,1.0,3.0,90.0,2,PARTIAL,0.682239,0.204672,10.194692,1.202082,11,3.611,0.2166,42.663197,True,0.2215,1.49,1,,
SC_0061,supercritical_f2.0_beta3.0_M1.0_theta0_seed1,main,2.0,3.0,1.0,0.0,1,PARTIAL,2.96058,0.888174,12.687845,0.895669,3,3.815,0.1602,32.453777,True,0.05,1.3667,1,,
SC_0062,supercritical_f2.0_beta3.0_M1.0_theta0_seed2,main,2.0,3.0,1.0,0.0,2,PARTIAL,2.918378,0.875513,12.816718,0.895669,3,4.138,0.1568,40.299227,True,0.05,1.3667,1,,
SC_0063,supercritical_f2.0_beta3.0_M1.0_theta45_seed1,main,2.0,3.0,1.0,45.0,1,PARTIAL,1.921388,0.576416,13.301373,0.883883,5,3.754,0.1549,37.864186,True,0.05,1.3917,1,,
SC_0064,supercritical_f2.0_beta3.0_M1.0_theta45_seed2,main,2.0,3.0,1.0,45.0,2,PARTIAL,1.888271,0.566481,13.387955,0.883883,5,3.847,0.1725,30.643462,True,0.05,1.3917,1,,
SC_0065,supercritical_f2.0_beta3.0_M1.0_theta90_seed1,main,2.0,3.0,1.0,90.0,1,PARTIAL,1.386012,0.415804,13.783555,0.872098,7,3.849,0.1602,42.090293,True,0.05,1.4167,1,,
SC_0066,supercritical_f2.0_beta3.0_M1.0_theta90_seed2,main,2.0,3.0,1.0,90.0,2,PARTIAL,1.200535,0.36016,13.733785,0.872098,6,3.464,0.1676,33.282594,True,0.05,1.4167,1,,
SC_0067,supercritical_f2.0_beta3.0_M3.0_theta0_seed1,main,2.0,3.0,3.0,0.0,1,PARTIAL,3.027766,0.90833,7.198794,0.895669,4,3.438,0.2219,36.026573,True,0.05,1.2067,1,,
SC_0068,supercritical_f2.0_beta3.0_M3.0_theta0_seed2,main,2.0,3.0,3.0,0.0,2,PARTIAL,2.319541,0.695862,7.541592,0.895669,4,3.071,0.2654,41.681218,True,0.05,1.2067,1,,
SC_0069,supercritical_f2.0_beta3.0_M3.0_theta45_seed1,main,2.0,3.0,3.0,45.0,1,PARTIAL,1.839538,0.551861,7.684401,0.883883,6,3.187,0.2706,33.036537,True,0.05,1.2317,1,,
SC_0070,supercritical_f2.0_beta3.0_M3.0_theta45_seed2,main,2.0,3.0,3.0,45.0,2,PARTIAL,1.867955,0.560386,8.038499,0.883883,6,3.338,0.2184,35.419274,True,0.05,1.2317,1,,
SC_0071,supercritical_f2.0_beta3.0_M3.0_theta90_seed1,main,2.0,3.0,3.0,90.0,1,PARTIAL,1.137661,0.341298,8.146096,0.872098,5,3.414,0.2181,42.827369,True,0.05,1.2567,1,,
SC_0072,supercritical_f2.0_beta3.0_M3.0_theta90_seed2,main,2.0,3.0,3.0,90.0,2,PARTIAL,1.639602,0.491881,8.132678,0.872098,6,3.118,0.2786,30.29788,True,0.05,1.2567,1,,
SC_0073,supercritical_f2.5_beta0.3_M1.0_theta0_seed1,main,2.5,0.3,1.0,0.0,1,COLLAPSED,,,8.564114,1.710933,5,4.649,0.1359,100.220001,False,0.6925,1.9667,1,,
SC_0074,supercritical_f2.5_beta0.3_M1.0_theta0_seed2,main,2.5,0.3,1.0,0.0,2,COLLAPSED,,,8.067433,1.710933,5,3.835,0.1464,128.913155,False,0.6925,1.9667,1,,
SC_0075,supercritical_f2.5_beta0.3_M1.0_theta45_seed1,main,2.5,0.3,1.0,45.0,1,COLLAPSED,,,16.913435,1.633163,15,4.878,0.1162,126.1633,False,0.6626,2.2167,1,,
SC_0076,supercritical_f2.5_beta0.3_M1.0_theta45_seed2,main,2.5,0.3,1.0,45.0,2,COLLAPSED,,,17.071521,1.633163,15,4.753,0.1391,130.682972,False,0.6626,2.2167,1,,
SC_0077,supercritical_f2.5_beta0.3_M1.0_theta90_seed1,main,2.5,0.3,1.0,90.0,1,PARTIAL,0.5,0.15,85.46041,1.555394,22,4.856,0.0789,40.290729,False,0.628,2.4667,1,,
SC_0078,supercritical_f2.5_beta0.3_M1.0_theta90_seed2,main,2.5,0.3,1.0,90.0,2,PARTIAL,0.623512,0.187054,84.357984,1.555394,22,3.968,0.0796,44.377138,False,0.628,2.4667,1,,
SC_0079,supercritical_f2.5_beta0.3_M3.0_theta0_seed1,main,2.5,0.3,3.0,0.0,1,COLLAPSED,,,4.745752,1.710933,7,3.319,0.2547,120.252093,False,0.6925,1.8067,1,,
SC_0080,supercritical_f2.5_beta0.3_M3.0_theta0_seed2,main,2.5,0.3,3.0,0.0,2,COLLAPSED,,,4.809119,1.710933,6,3.885,0.2373,117.972538,False,0.6925,1.8067,1,,
SC_0081,supercritical_f2.5_beta0.3_M3.0_theta45_seed1,main,2.5,0.3,3.0,45.0,1,COLLAPSED,,,9.761146,1.633163,15,3.751,0.2336,108.550191,False,0.6626,2.0567,1,,
SC_0082,supercritical_f2.5_beta0.3_M3.0_theta45_seed2,main,2.5,0.3,3.0,45.0,2,COLLAPSED,,,9.487147,1.633163,16,4.171,0.2141,106.445378,False,0.6626,2.0567,1,,
SC_0083,supercritical_f2.5_beta0.3_M3.0_theta90_seed1,main,2.5,0.3,3.0,90.0,1,PARTIAL,0.5,0.15,47.439161,1.555394,23,4.399,0.1645,43.985919,False,0.628,2.3067,1,,
SC_0084,supercritical_f2.5_beta0.3_M3.0_theta90_seed2,main,2.5,0.3,3.0,90.0,2,PARTIAL,0.548329,0.164499,50.473918,1.555394,22,4.25,0.1731,43.918429,False,0.628,2.3067,1,,
SC_0085,supercritical_f2.5_beta1.0_M1.0_theta0_seed1,main,2.5,1.0,1.0,0.0,1,PARTIAL,3.00157,0.900471,8.45094,0.839913,4,3.036,0.2473,35.634941,True,0.05,1.5,1,,
SC_0086,supercritical_f2.5_beta1.0_M1.0_theta0_seed2,main,2.5,1.0,1.0,0.0,2,PARTIAL,2.404227,0.721268,8.493527,0.839913,5,3.159,0.2378,42.808811,True,0.05,1.5,1,,
SC_0087,supercritical_f2.5_beta1.0_M1.0_theta45_seed1,main,2.5,1.0,1.0,45.0,1,PARTIAL,1.267259,0.380178,9.962422,0.816582,9,3.094,0.1863,32.143179,True,0.05,1.575,1,,
SC_0088,supercritical_f2.5_beta1.0_M1.0_theta45_seed2,main,2.5,1.0,1.0,45.0,2,PARTIAL,1.127926,0.338378,9.628223,0.816582,9,3.282,0.2221,38.008635,True,0.05,1.575,1,,
SC_0089,supercritical_f2.5_beta1.0_M1.0_theta90_seed1,main,2.5,1.0,1.0,90.0,1,PARTIAL,1.202101,0.36063,12.418112,0.793251,13,2.953,0.1797,37.902641,True,0.05,1.65,1,,
SC_0090,supercritical_f2.5_beta1.0_M1.0_theta90_seed2,main,2.5,1.0,1.0,90.0,2,PARTIAL,1.029878,0.308964,11.868914,0.793251,11,3.156,0.2446,42.338609,True,0.05,1.65,1,,
SC_0091,supercritical_f2.5_beta1.0_M3.0_theta0_seed1,main,2.5,1.0,3.0,0.0,1,PARTIAL,2.347504,0.776789,4.932641,0.839913,4,2.779,0.3309,36.797441,True,0.05,1.34,1,,
SC_0092,supercritical_f2.5_beta1.0_M3.0_theta0_seed2,main,2.5,1.0,3.0,0.0,2,PARTIAL,2.279373,0.683812,5.08592,0.839913,6,2.381,0.2839,34.384592,True,0.05,1.34,1,,
SC_0093,supercritical_f2.5_beta1.0_M3.0_theta45_seed1,main,2.5,1.0,3.0,45.0,1,PARTIAL,1.232771,0.393993,5.567498,0.816582,10,3.185,0.3196,33.693263,True,0.05,1.415,1,,
SC_0094,supercritical_f2.5_beta1.0_M3.0_theta45_seed2,main,2.5,1.0,3.0,45.0,2,PARTIAL,1.037122,0.311137,5.695879,0.816582,10,2.972,0.2757,31.837897,True,0.05,1.415,1,,
SC_0095,supercritical_f2.5_beta1.0_M3.0_theta90_seed1,main,2.5,1.0,3.0,90.0,1,PARTIAL,1.015627,0.309462,6.827511,0.793251,11,2.913,0.3047,34.610975,True,0.05,1.49,1,,
SC_0096,supercritical_f2.5_beta1.0_M3.0_theta90_seed2,main,2.5,1.0,3.0,90.0,2,PARTIAL,0.735013,0.220504,6.90133,0.793251,12,3.379,0.2968,41.943383,True,0.05,1.49,1,,
SC_0097,supercritical_f2.5_beta3.0_M1.0_theta0_seed1,main,2.5,3.0,1.0,0.0,1,PARTIAL,2.759546,0.827864,8.543584,0.59105,4,2.833,0.2666,35.816841,True,0.05,1.3667,1,,
SC_0098,supercritical_f2.5_beta3.0_M1.0_theta0_seed2,main,2.5,3.0,1.0,0.0,2,PARTIAL,2.679456,0.803837,8.809072,0.59105,5,2.434,0.2204,41.861341,True,0.05,1.3667,1,,
SC_0099,supercritical_f2.5_beta3.0_M1.0_theta45_seed1,main,2.5,3.0,1.0,45.0,1,PARTIAL,2.036515,0.610954,8.628117,0.583273,7,3.138,0.2634,37.203955,True,0.05,1.3917,1,,
SC_0100,supercritical_f2.5_beta3.0_M1.0_theta45_seed2,main,2.5,3.0,1.0,45.0,2,PARTIAL,1.713307,0.513992,8.827073,0.583273,6,2.926,0.2188,41.788957,True,0.05,1.3917,1,,
SC_0101,supercritical_f2.5_beta3.0_M1.0_theta90_seed1,main,2.5,3.0,1.0,90.0,1,PARTIAL,1.787197,0.536159,9.197686,0.575496,6,2.767,0.2563,32.061416,True,0.05,1.4167,1,,
SC_0102,supercritical_f2.5_beta3.0_M1.0_theta90_seed2,main,2.5,3.0,1.0,90.0,2,PARTIAL,1.293402,0.388021,9.297131,0.575496,7,3.232,0.248,41.815203,True,0.05,1.4167,1,,
SC_0103,supercritical_f2.5_beta3.0_M3.0_theta0_seed1,main,2.5,3.0,3.0,0.0,1,PARTIAL,2.401272,0.777532,4.693044,0.59105,4,2.005,0.3238,33.84842,True,0.05,1.2067,1,,
SC_0104,supercritical_f2.5_beta3.0_M3.0_theta0_seed2,main,2.5,3.0,3.0,0.0,2,PARTIAL,2.267937,0.792417,4.881334,0.59105,5,2.412,0.3494,32.841372,True,0.05,1.2067,1,,
SC_0105,supercritical_f2.5_beta3.0_M3.0_theta45_seed1,main,2.5,3.0,3.0,45.0,1,PARTIAL,1.663724,0.54487,5.363153,0.583273,8,2.74,0.3275,40.891908,True,0.05,1.2317,1,,
SC_0106,supercritical_f2.5_beta3.0_M3.0_theta45_seed2,main,2.5,3.0,3.0,45.0,2,PARTIAL,1.666677,0.500003,5.018124,0.583273,6,2.594,0.2935,39.982022,True,0.05,1.2317,1,,
SC_0107,supercritical_f2.5_beta3.0_M3.0_theta90_seed1,main,2.5,3.0,3.0,90.0,1,PARTIAL,1.415187,0.494325,5.288526,0.575496,7,2.799,0.3493,32.743289,True,0.05,1.2567,1,,
SC_0108,supercritical_f2.5_beta3.0_M3.0_theta90_seed2,main,2.5,3.0,3.0,90.0,2,PARTIAL,1.421174,0.508923,5.350394,0.575496,6,2.464,0.3581,31.261002,True,0.05,1.2567,1,,
SC_0109,supercritical_f3.0_beta0.3_M1.0_theta0_seed1,main,3.0,0.3,1.0,0.0,1,PARTIAL,2.51243,0.753729,6.089889,1.258747,5,2.759,0.2389,33.267224,False,0.5266,1.9667,1,,
SC_0110,supercritical_f3.0_beta0.3_M1.0_theta0_seed2,main,3.0,0.3,1.0,0.0,2,COLLAPSED,,,6.351612,1.258747,7,2.49,0.2608,175.569705,False,0.5266,1.9667,1,,
SC_0111,supercritical_f3.0_beta0.3_M1.0_theta45_seed1,main,3.0,0.3,1.0,45.0,1,PARTIAL,0.699721,0.209916,12.977147,1.201531,18,3.797,0.1765,42.160606,False,0.4805,2.2167,1,,
SC_0112,supercritical_f3.0_beta0.3_M1.0_theta45_seed2,main,3.0,0.3,1.0,45.0,2,PARTIAL,0.606642,0.181993,12.600926,1.201531,18,3.42,0.1834,32.94953,False,0.4805,2.2167,1,,
SC_0113,supercritical_f3.0_beta0.3_M1.0_theta90_seed1,main,3.0,0.3,1.0,90.0,1,COLLAPSED,,,62.645018,1.144315,25,3.8,0.1539,203.12294,False,0.4272,2.4667,1,,
SC_0114,supercritical_f3.0_beta0.3_M1.0_theta90_seed2,main,3.0,0.3,1.0,90.0,2,COLLAPSED,,,63.32977,1.144315,27,3.051,0.1541,128.522782,False,0.4272,2.4667,1,,
SC_0115,supercritical_f3.0_beta0.3_M3.0_theta0_seed1,main,3.0,0.3,3.0,0.0,1,COLLAPSED,,,3.595489,1.258747,5,2.406,0.3265,141.441314,False,0.5266,1.8067,1,,
SC_0116,supercritical_f3.0_beta0.3_M3.0_theta0_seed2,main,3.0,0.3,3.0,0.0,2,COLLAPSED,,,3.67267,1.258747,7,3.092,0.3183,140.851971,False,0.5266,1.8067,1,,
SC_0117,supercritical_f3.0_beta0.3_M3.0_theta45_seed1,main,3.0,0.3,3.0,45.0,1,COLLAPSED,,,7.620358,1.201531,17,2.41,0.2873,142.982511,False,0.4805,2.0567,1,,
SC_0118,supercritical_f3.0_beta0.3_M3.0_theta45_seed2,main,3.0,0.3,3.0,45.0,2,COLLAPSED,,,6.76894,1.201531,18,3.012,0.2744,123.630354,False,0.4805,2.0567,1,,
SC_0119,supercritical_f3.0_beta0.3_M3.0_theta90_seed1,main,3.0,0.3,3.0,90.0,1,COLLAPSED,,,35.677548,1.144315,25,3.9,0.2491,176.544188,False,0.4272,2.3067,1,,
SC_0120,supercritical_f3.0_beta0.3_M3.0_theta90_seed2,main,3.0,0.3,3.0,90.0,2,PARTIAL,0.5,0.15,35.619311,1.144315,27,3.904,0.247,41.807083,False,0.4272,2.3067,1,,
SC_0121,supercritical_f3.0_beta1.0_M1.0_theta0_seed1,main,3.0,1.0,1.0,0.0,1,PARTIAL,3.161788,0.966559,6.067733,0.61793,5,2.02,0.3057,38.308638,True,0.05,1.5,1,,
SC_0122,supercritical_f3.0_beta1.0_M1.0_theta0_seed2,main,3.0,1.0,1.0,0.0,2,PARTIAL,2.512018,0.753606,6.237925,0.61793,5,2.373,0.2757,35.707976,True,0.05,1.5,1,,
SC_0123,supercritical_f3.0_beta1.0_M1.0_theta45_seed1,main,3.0,1.0,1.0,45.0,1,PARTIAL,1.130919,0.339276,7.447863,0.600765,11,2.015,0.2862,44.402577,True,0.05,1.575,1,,
SC_0124,supercritical_f3.0_beta1.0_M1.0_theta45_seed2,main,3.0,1.0,1.0,45.0,2,PARTIAL,1.333372,0.400012,7.595636,0.600765,11,2.178,0.2429,38.291496,True,0.05,1.575,1,,
SC_0125,supercritical_f3.0_beta1.0_M1.0_theta90_seed1,main,3.0,1.0,1.0,90.0,1,PARTIAL,0.997167,0.29915,9.035891,0.583601,14,2.116,0.263,43.828817,True,0.05,1.65,1,,
SC_0126,supercritical_f3.0_beta1.0_M1.0_theta90_seed2,main,3.0,1.0,1.0,90.0,2,PARTIAL,0.908968,0.27269,9.011684,0.583601,14,2.272,0.2914,31.131871,True,0.05,1.65,1,,
SC_0127,supercritical_f3.0_beta1.0_M3.0_theta0_seed1,main,3.0,1.0,3.0,0.0,1,COLLAPSED,,,3.774288,0.61793,7,1.326,0.4682,151.254639,True,0.05,1.34,1,,
SC_0128,supercritical_f3.0_beta1.0_M3.0_theta0_seed2,main,3.0,1.0,3.0,0.0,2,PARTIAL,2.471989,1.044168,3.658766,0.61793,6,1.66,0.4224,40.361832,True,0.05,1.34,1,,
SC_0129,supercritical_f3.0_beta1.0_M3.0_theta45_seed1,main,3.0,1.0,3.0,45.0,1,PARTIAL,1.06007,0.431024,4.088209,0.600765,11,2.303,0.4066,40.923547,True,0.05,1.415,1,,
SC_0130,supercritical_f3.0_beta1.0_M3.0_theta45_seed2,main,3.0,1.0,3.0,45.0,2,PARTIAL,0.961926,0.30166,4.239139,0.600765,12,1.677,0.3136,35.643335,True,0.05,1.415,1,,
SC_0131,supercritical_f3.0_beta1.0_M3.0_theta90_seed1,main,3.0,1.0,3.0,90.0,1,PARTIAL,0.957601,0.326159,5.429144,0.583601,13,1.848,0.3406,33.967037,True,0.05,1.49,1,,
SC_0132,supercritical_f3.0_beta1.0_M3.0_theta90_seed2,main,3.0,1.0,3.0,90.0,2,PARTIAL,0.706155,0.243129,5.328293,0.583601,14,1.921,0.3443,31.226741,True,0.05,1.49,1,,
SC_0133,supercritical_f3.0_beta3.0_M1.0_theta0_seed1,main,3.0,3.0,1.0,0.0,1,COLLAPSED,,,6.537259,0.43484,5,1.38,0.4032,151.254639,True,0.05,1.3667,1,,
SC_0134,supercritical_f3.0_beta3.0_M1.0_theta0_seed2,main,3.0,3.0,1.0,0.0,2,PARTIAL,2.90588,1.040305,6.337168,0.43484,4,1.713,0.358,43.139817,True,0.05,1.3667,1,,
SC_0135,supercritical_f3.0_beta3.0_M1.0_theta45_seed1,main,3.0,3.0,1.0,45.0,1,PARTIAL,1.751217,0.613801,6.335618,0.429118,7,2.256,0.3505,41.932553,True,0.05,1.3917,1,,
SC_0136,supercritical_f3.0_beta3.0_M1.0_theta45_seed2,main,3.0,3.0,1.0,45.0,2,PARTIAL,1.589084,0.476725,6.56952,0.429118,7,1.631,0.2564,40.047028,True,0.05,1.3917,1,,
SC_0137,supercritical_f3.0_beta3.0_M1.0_theta90_seed1,main,3.0,3.0,1.0,90.0,1,PARTIAL,1.68509,0.505527,7.313875,0.423397,8,1.702,0.2907,38.821145,True,0.05,1.4167,1,,
SC_0138,supercritical_f3.0_beta3.0_M1.0_theta90_seed2,main,3.0,3.0,1.0,90.0,2,PARTIAL,1.242621,0.372786,7.178014,0.423397,8,1.774,0.2945,43.7974,True,0.05,1.4167,1,,
SC_0139,supercritical_f3.0_beta3.0_M3.0_theta0_seed1,main,3.0,3.0,3.0,0.0,1,COLLAPSED,,,3.711394,0.43484,6,1.066,0.3623,203.00727,True,0.05,1.2067,1,,
SC_0140,supercritical_f3.0_beta3.0_M3.0_theta0_seed2,main,3.0,3.0,3.0,0.0,2,COLLAPSED,,,3.547255,0.43484,4,1.269,0.4714,168.550217,True,0.05,1.2067,1,,
SC_0141,supercritical_f3.0_beta3.0_M3.0_theta45_seed1,main,3.0,3.0,3.0,45.0,1,COLLAPSED,,,3.846329,0.429118,7,1.424,0.3941,147.72173,True,0.05,1.2317,1,,
SC_0142,supercritical_f3.0_beta3.0_M3.0_theta45_seed2,main,3.0,3.0,3.0,45.0,2,COLLAPSED,,,3.994987,0.429118,8,1.008,0.4635,155.450635,True,0.05,1.2317,1,,
SC_0143,supercritical_f3.0_beta3.0_M3.0_theta90_seed1,main,3.0,3.0,3.0,90.0,1,PARTIAL,1.134493,0.466617,4.009378,0.423397,11,1.632,0.4113,40.930679,True,0.05,1.2567,1,,
SC_0144,supercritical_f3.0_beta3.0_M3.0_theta90_seed2,main,3.0,3.0,3.0,90.0,2,PARTIAL,1.143424,0.411404,3.980709,0.423397,10,1.73,0.3598,34.553366,True,0.05,1.2567,1,,
SC_0145,supercritical_f1.3_beta0.3_M1.0_theta0_seed1,boundary_f,1.3,0.3,1.0,0.0,1,PARTIAL,3.195285,0.958586,32.525386,7.93339,2,4.601,0.0885,34.055748,False,0.9725,1.9667,1,,
SC_0146,supercritical_f1.3_beta0.3_M1.0_theta0_seed2,boundary_f,1.3,0.3,1.0,0.0,2,PARTIAL,2.227786,0.668336,31.439767,7.93339,2,5.132,0.0909,30.524061,False,0.9725,1.9667,1,,
SC_0147,supercritical_f1.3_beta0.3_M1.0_theta45_seed1,boundary_f,1.3,0.3,1.0,45.0,1,MEASURABLE,0.937276,0.077606,63.320705,7.572782,8,4.926,0.0828,91.242395,False,0.9698,2.2167,1,,
SC_0148,supercritical_f1.3_beta0.3_M1.0_theta45_seed2,boundary_f,1.3,0.3,1.0,45.0,2,MEASURABLE,0.928715,0.084142,63.967524,7.572782,8,5.287,0.0906,98.189379,False,0.9698,2.2167,1,,
SC_0149,supercritical_f1.3_beta0.3_M1.0_theta90_seed1,boundary_f,1.3,0.3,1.0,90.0,1,MEASURABLE,0.617064,0.050414,329.145565,7.212173,12,4.8,0.0817,74.366896,False,0.9667,2.4667,1,,
SC_0150,supercritical_f1.3_beta0.3_M1.0_theta90_seed2,boundary_f,1.3,0.3,1.0,90.0,2,MEASURABLE,0.655723,0.049179,315.511463,7.212173,11,4.619,0.075,99.575086,False,0.9667,2.4667,1,,
SC_0151,supercritical_f1.3_beta1.0_M1.0_theta0_seed1,boundary_f,1.3,1.0,1.0,0.0,1,PARTIAL,3.060662,0.918199,32.880906,3.894573,2,5.19,0.0882,34.434046,False,0.8859,1.5,1,,
SC_0152,supercritical_f1.3_beta1.0_M1.0_theta0_seed2,boundary_f,1.3,1.0,1.0,0.0,2,PARTIAL,3.08287,0.924861,31.501968,3.894573,2,4.773,0.1023,38.488965,False,0.8859,1.5,1,,
SC_0153,supercritical_f1.3_beta1.0_M1.0_theta45_seed1,boundary_f,1.3,1.0,1.0,45.0,1,MEASURABLE,1.486036,0.141768,40.133476,3.786391,3,4.574,0.0954,114.135747,False,0.8793,1.575,1,,
SC_0154,supercritical_f1.3_beta1.0_M1.0_theta45_seed2,boundary_f,1.3,1.0,1.0,45.0,2,MEASURABLE,1.636295,0.119122,37.26176,3.786391,4,5.302,0.0728,98.356912,False,0.8793,1.575,1,,
SC_0155,supercritical_f1.3_beta1.0_M1.0_theta90_seed1,boundary_f,1.3,1.0,1.0,90.0,1,MEASURABLE,1.121449,0.08209,46.878018,3.678208,6,5.082,0.0732,97.326398,False,0.8721,1.65,1,,
SC_0156,supercritical_f1.3_beta1.0_M1.0_theta90_seed2,boundary_f,1.3,1.0,1.0,90.0,2,MEASURABLE,1.1163,0.080039,47.354166,3.678208,6,5.405,0.0717,111.352929,False,0.8721,1.65,1,,
SC_0157,supercritical_f1.3_beta3.0_M1.0_theta0_seed1,boundary_f,1.3,3.0,1.0,0.0,1,PARTIAL,3.495787,1.048736,31.707303,2.740626,2,5.041,0.0863,32.481872,False,0.7696,1.3667,1,,
SC_0158,supercritical_f1.3_beta3.0_M1.0_theta0_seed2,boundary_f,1.3,3.0,1.0,0.0,2,PARTIAL,3.155303,0.946591,32.950436,2.740626,2,4.989,0.0825,35.238506,False,0.7696,1.3667,1,,
SC_0159,supercritical_f1.3_beta3.0_M1.0_theta45_seed1,boundary_f,1.3,3.0,1.0,45.0,1,PARTIAL,2.174877,0.652463,33.932286,2.704565,2,5.016,0.0776,39.171415,False,0.7634,1.3917,1,,
SC_0160,supercritical_f1.3_beta3.0_M1.0_theta45_seed2,boundary_f,1.3,3.0,1.0,45.0,2,PARTIAL,2.166878,0.650063,33.801032,2.704565,4,4.122,0.0819,35.85371,False,0.7634,1.3917,1,,
SC_0161,supercritical_f1.3_beta3.0_M1.0_theta90_seed1,boundary_f,1.3,3.0,1.0,90.0,1,MEASURABLE,1.854069,0.1207,35.830862,2.668504,5,5.025,0.0651,95.934171,False,0.7569,1.4167,1,,
SC_0162,supercritical_f1.3_beta3.0_M1.0_theta90_seed2,boundary_f,1.3,3.0,1.0,90.0,2,MEASURABLE,1.701996,0.140585,37.537086,2.668504,5,4.658,0.0826,96.630546,False,0.7569,1.4167,1,,
SC_0163,supercritical_f1.4_beta0.3_M1.0_theta0_seed1,boundary_f,1.4,0.3,1.0,0.0,1,PARTIAL,2.454604,0.736381,25.797412,6.161159,1,5.146,0.0834,33.966348,False,0.9577,1.9667,1,,
SC_0164,supercritical_f1.4_beta0.3_M1.0_theta0_seed2,boundary_f,1.4,0.3,1.0,0.0,2,PARTIAL,2.280745,0.684223,26.692254,6.161159,1,4.863,0.0859,39.38064,False,0.9577,1.9667,1,,
SC_0165,supercritical_f1.4_beta0.3_M1.0_theta45_seed1,boundary_f,1.4,0.3,1.0,45.0,1,MEASURABLE,0.797504,0.069303,52.815885,5.881106,8,5.163,0.0869,101.4891,False,0.9535,2.2167,1,,
SC_0166,supercritical_f1.4_beta0.3_M1.0_theta45_seed2,boundary_f,1.4,0.3,1.0,45.0,2,MEASURABLE,0.890001,0.065148,51.917032,5.881106,9,5.305,0.0732,92.587005,False,0.9535,2.2167,1,,
SC_0167,supercritical_f1.4_beta0.3_M1.0_theta90_seed1,boundary_f,1.4,0.3,1.0,90.0,1,MEASURABLE,0.636021,0.052154,274.008169,5.601054,13,5.257,0.082,107.433376,False,0.9488,2.4667,1,,
SC_0168,supercritical_f1.4_beta0.3_M1.0_theta90_seed2,boundary_f,1.4,0.3,1.0,90.0,2,MEASURABLE,0.618109,0.050561,265.329159,5.601054,11,4.361,0.0818,93.920611,False,0.9488,2.4667,1,,
SC_0169,supercritical_f1.4_beta1.0_M1.0_theta0_seed1,boundary_f,1.4,1.0,1.0,0.0,1,MEASURABLE,3.576738,0.281847,26.461643,3.024569,3,4.883,0.0788,115.363928,False,0.8243,1.5,1,,
SC_0170,supercritical_f1.4_beta1.0_M1.0_theta0_seed2,boundary_f,1.4,1.0,1.0,0.0,2,PARTIAL,3.294504,0.988351,26.608853,3.024569,1,5.12,0.0858,39.502732,False,0.8243,1.5,1,,
SC_0171,supercritical_f1.4_beta1.0_M1.0_theta45_seed1,boundary_f,1.4,1.0,1.0,45.0,1,MEASURABLE,1.528021,0.137675,31.645152,2.940553,6,5.631,0.0901,94.830132,False,0.8141,1.575,1,,
SC_0172,supercritical_f1.4_beta1.0_M1.0_theta45_seed2,boundary_f,1.4,1.0,1.0,45.0,2,MEASURABLE,1.448949,0.108092,29.784071,2.940553,5,4.124,0.0746,97.674566,False,0.8141,1.575,1,,
SC_0173,supercritical_f1.4_beta1.0_M1.0_theta90_seed1,boundary_f,1.4,1.0,1.0,90.0,1,MEASURABLE,1.100049,0.078984,37.578655,2.856537,7,4.853,0.0718,102.606756,False,0.803,1.65,1,,
SC_0174,supercritical_f1.4_beta1.0_M1.0_theta90_seed2,boundary_f,1.4,1.0,1.0,90.0,2,MEASURABLE,1.071329,0.091706,37.844547,2.856537,7,5.786,0.0856,94.792736,False,0.803,1.65,1,,
SC_0175,supercritical_f1.4_beta3.0_M1.0_theta0_seed1,boundary_f,1.4,3.0,1.0,0.0,1,PARTIAL,3.618998,1.085699,25.805505,2.1284,3,4.781,0.0906,43.045172,False,0.6452,1.3667,1,,
SC_0176,supercritical_f1.4_beta3.0_M1.0_theta0_seed2,boundary_f,1.4,3.0,1.0,0.0,2,PARTIAL,4.109455,1.232836,26.68856,2.1284,1,5.194,0.0753,32.728853,False,0.6452,1.3667,1,,
SC_0177,supercritical_f1.4_beta3.0_M1.0_theta45_seed1,boundary_f,1.4,3.0,1.0,45.0,1,PARTIAL,2.509473,0.752842,29.486856,2.100395,3,4.904,0.0876,43.245621,False,0.6357,1.3917,1,,
SC_0178,supercritical_f1.4_beta3.0_M1.0_theta45_seed2,boundary_f,1.4,3.0,1.0,45.0,2,PARTIAL,2.549242,0.764772,28.450704,2.100395,2,4.669,0.0909,30.587233,False,0.6357,1.3917,1,,
SC_0179,supercritical_f1.4_beta3.0_M1.0_theta90_seed1,boundary_f,1.4,3.0,1.0,90.0,1,MEASURABLE,1.81921,0.156452,29.343542,2.07239,4,5.036,0.086,117.966326,False,0.6258,1.4167,1,,
SC_0180,supercritical_f1.4_beta3.0_M1.0_theta90_seed2,boundary_f,1.4,3.0,1.0,90.0,2,PARTIAL,1.542098,0.462629,29.491414,2.07239,5,5.159,0.0827,34.322878,False,0.6258,1.4167,1,,
SC_0181,supercritical_f1.5_beta0.1_M1.0_theta0_seed1,boundary_beta,1.5,0.1,1.0,0.0,1,PARTIAL,2.699346,0.809804,21.578387,12.358603,2,4.683,0.0819,44.345059,False,0.9902,3.3,1,,
SC_0182,supercritical_f1.5_beta0.1_M1.0_theta0_seed2,boundary_beta,1.5,0.1,1.0,0.0,2,MEASURABLE,2.272579,0.147945,21.638899,12.358603,4,5.202,0.0651,103.76771,False,0.9902,3.3,1,,
SC_0183,supercritical_f1.5_beta0.1_M1.0_theta90_seed1,boundary_beta,1.5,0.1,1.0,90.0,1,MEASURABLE,0.5,0.03915,231.930613,10.985425,22,5.636,0.0783,115.051763,False,0.9876,4.8,1,,
SC_0184,supercritical_f1.5_beta0.1_M1.0_theta90_seed2,boundary_beta,1.5,0.1,1.0,90.0,2,MEASURABLE,0.5,0.043,222.630749,10.985425,22,4.728,0.086,104.377809,False,0.9876,4.8,1,,
SC_0185,supercritical_f2.0_beta0.1_M1.0_theta0_seed1,boundary_beta,2.0,0.1,1.0,0.0,1,MEASURABLE,2.282335,0.16798,13.079229,6.363961,4,5.096,0.0736,111.44624,False,0.9722,3.3,1,,
SC_0186,supercritical_f2.0_beta0.1_M1.0_theta0_seed2,boundary_beta,2.0,0.1,1.0,0.0,2,MEASURABLE,2.163594,0.155779,12.495461,6.363961,3,4.776,0.072,109.11076,False,0.9722,3.3,1,,
SC_0187,supercritical_f2.0_beta0.1_M1.0_theta90_seed1,boundary_beta,2.0,0.1,1.0,90.0,1,MEASURABLE,0.5,0.04205,119.19905,5.656854,31,5.016,0.0841,115.517361,False,0.9648,4.8,1,,
SC_0188,supercritical_f2.0_beta0.1_M1.0_theta90_seed2,boundary_beta,2.0,0.1,1.0,90.0,2,MEASURABLE,0.5,0.0379,130.451213,5.656854,30,4.799,0.0758,122.736437,False,0.9648,4.8,1,,
SC_0189,supercritical_f1.5_beta1.0_M0.5_theta0_seed1,boundary_M,1.5,1.0,0.5,0.0,1,PARTIAL,3.06986,0.920958,23.352122,2.471721,1,4.966,0.0768,33.830362,False,0.7545,1.5,1,,
SC_0190,supercritical_f1.5_beta1.0_M0.5_theta0_seed2,boundary_M,1.5,1.0,0.5,0.0,2,PARTIAL,3.034527,0.910358,22.32055,2.471721,3,4.605,0.0765,37.826575,False,0.7545,1.5,1,,
SC_0191,supercritical_f2.0_beta1.0_M0.5_theta0_seed1,boundary_M,2.0,1.0,0.5,0.0,1,COLLAPSED,,,12.463996,1.272792,2,4.016,0.1504,93.816739,False,0.3056,1.5,1,,
SC_0192,supercritical_f2.0_beta1.0_M0.5_theta0_seed2,boundary_M,2.0,1.0,0.5,0.0,2,COLLAPSED,,,12.415784,1.272792,4,3.122,0.1587,93.379739,False,0.3056,1.5,1,,
P2_0001,supercritical_f1.3_beta0.3_M1.0_theta0_seed1,longitudinal,1.3,0.3,1.0,0.0,1,PARTIAL,3.195285336536798,0.9585856009610394,32.52538564130522,7.933390161047939,2,4.601,0.0885,34.055747951476164,False,0.9725,1.9667,2,0.8770580193070292,1.0
P2_0002,supercritical_f1.3_beta0.3_M1.0_theta0_seed2,longitudinal,1.3,0.3,1.0,0.0,2,PARTIAL,2.22778617955317,0.6683358538659511,31.43976667654779,7.933390161047939,2,5.132,0.0909,30.524060547605373,False,0.9725,1.9667,2,0.8770580193070292,1.0
P2_0003,supercritical_f1.4_beta0.3_M1.0_theta0_seed1,longitudinal,1.4,0.3,1.0,0.0,1,PARTIAL,2.45460418533344,0.736381255600032,25.797412286481045,6.16115903405311,1,5.146,0.0834,33.96634819893838,False,0.9577,1.9667,2,0.8451542547285166,1.0
P2_0004,supercritical_f1.4_beta0.3_M1.0_theta0_seed2,longitudinal,1.4,0.3,1.0,0.0,2,PARTIAL,2.280744610099649,0.6842233830298946,26.692254238793787,6.16115903405311,1,4.863,0.0859,39.38063998618089,False,0.9577,1.9667,2,0.8451542547285166,1.0
P2_0005,supercritical_f1.5_beta0.3_M1.0_theta0_seed1,longitudinal,1.5,0.3,1.0,0.0,1,MEASURABLE,2.364381210953667,0.2364381210953667,21.92779959763883,5.0349863517729565,3,4.962,0.1,88.76721499289091,False,0.9408,1.9667,2,0.8164965809277261,1.0
P2_0006,supercritical_f1.5_beta0.3_M1.0_theta0_seed2,longitudinal,1.5,0.3,1.0,0.0,2,MEASURABLE,2.8344848989460183,0.2310105192641005,21.751615130762783,5.0349863517729565,4,5.441,0.0815,102.00304883824394,False,0.9408,1.9667,2,0.8164965809277261,1.0
P2_0007,supercritical_f1.6_beta0.3_M1.0_theta0_seed1,longitudinal,1.6,0.3,1.0,0.0,1,PARTIAL,2.446846293141703,0.7340538879425109,19.570856488176226,4.252046461229326,2,5.201,0.077,38.632540901817706,False,0.9222,1.9667,2,0.7905694150420948,1.0
P2_0008,supercritical_f1.6_beta0.3_M1.0_theta0_seed2,longitudinal,1.6,0.3,1.0,0.0,2,MEASURABLE,2.52578815109828,0.20686204957494914,19.413341809498345,4.252046461229326,3,4.665,0.0819,95.51627710575062,False,0.9222,1.9667,2,0.7905694150420948,1.0
P2_0009,supercritical_f1.7_beta0.3_M1.0_theta0_seed1,longitudinal,1.7,0.3,1.0,0.0,1,MEASURABLE,2.520885092702351,0.21603985244459148,16.94944234230071,3.6747131182379795,4,4.98,0.0857,90.39822249028956,False,0.902,1.9667,2,0.7669649888473704,1.0
P2_0010,supercritical_f1.7_beta0.3_M1.0_theta0_seed2,longitudinal,1.7,0.3,1.0,0.0,2,PARTIAL,2.4292940578687863,0.7287882173606358,17.203398777070266,3.6747131182379795,2,5.184,0.0696,37.33168606694024,False,0.902,1.9667,2,0.7669649888473704,1.0
P2_0011,supercritical_f1.8_beta0.3_M1.0_theta0_seed1,longitudinal,1.8,0.3,1.0,0.0,1,MEASURABLE,2.460250869136906,0.1950978939225566,14.902006001724535,3.2308566382906125,3,4.575,0.0793,103.9239419315591,False,0.8803,1.9667,2,0.7453559924999299,1.0
P2_0012,supercritical_f1.8_beta0.3_M1.0_theta0_seed2,longitudinal,1.8,0.3,1.0,0.0,2,MEASURABLE,2.283490132325056,0.19318326519469972,14.900159403357215,3.2308566382906125,4,5.079,0.0846,112.2717366688715,False,0.8803,1.9667,2,0.7453559924999299,1.0
P2_0013,supercritical_f1.9_beta0.3_M1.0_theta0_seed1,longitudinal,1.9,0.3,1.0,0.0,1,MEASURABLE,2.2483877064651536,0.1859416633246682,13.563068507649097,2.878808311498888,4,5.182,0.0827,104.45403757726494,False,0.8571,1.9667,2,0.7254762501100117,1.0
P2_0014,supercritical_f1.9_beta0.3_M1.0_theta0_seed2,longitudinal,1.9,0.3,1.0,0.0,2,MEASURABLE,2.287693990505523,0.21664462090087303,13.763592084000658,2.878808311498888,4,4.702,0.0947,98.43105951410331,False,0.8571,1.9667,2,0.7254762501100117,1.0
P2_0015,supercritical_f2.0_beta0.3_M1.0_theta0_seed1,longitudinal,2.0,0.3,1.0,0.0,1,PARTIAL,2.243027777728848,0.6729083333186544,13.086933377541195,2.592724864350674,5,5.266,0.0822,38.73891027447625,False,0.8326,1.9667,2,0.7071067811865475,1.0
P2_0016,supercritical_f2.0_beta0.3_M1.0_theta0_seed2,longitudinal,2.0,0.3,1.0,0.0,2,PARTIAL,2.4192128561756987,0.7257638568527096,12.283917566198525,2.592724864350674,4,5.352,0.1051,33.543940147282555,False,0.8326,1.9667,2,0.7071067811865475,1.0
P2_0017,supercritical_f2.2_beta0.3_M1.0_theta0_seed1,longitudinal,2.2,0.3,1.0,0.0,1,COLLAPSED,,,10.72524634269511,2.156126093694692,5,4.333,0.1174,90.81650039533245,False,0.78,1.9667,2,0.674199862463242,1.0
P2_0018,supercritical_f2.2_beta0.3_M1.0_theta0_seed2,longitudinal,2.2,0.3,1.0,0.0,2,COLLAPSED,,,10.280977559506143,2.156126093694692,4,4.153,0.1079,115.45770451733749,False,0.78,1.9667,2,0.674199862463242,1.0
P2_0019,supercritical_f2.5_beta0.3_M1.0_theta0_seed1,longitudinal,2.5,0.3,1.0,0.0,1,COLLAPSED,,,8.56411428939324,1.7109329167727299,5,4.649,0.1359,100.22000057344884,False,0.6925,1.9667,2,0.6324555320336759,1.0
P2_0020,supercritical_f2.5_beta0.3_M1.0_theta0_seed2,longitudinal,2.5,0.3,1.0,0.0,2,COLLAPSED,,,8.067433222924329,1.7109329167727299,5,3.835,0.1464,128.91315522241888,False,0.6925,1.9667,2,0.6324555320336759,1.0
P2_0021,supercritical_f1.3_beta0.3_M2.0_theta0_seed1,longitudinal,1.3,0.3,2.0,0.0,1,PARTIAL,2.384297704692989,0.7152893114078966,22.32875762247631,7.933390161047939,1,5.146,0.1134,43.71840135162812,False,0.9725,1.8867,2,0.8770580193070292,1.0
P2_0022,supercritical_f1.3_beta0.3_M2.0_theta0_seed2,longitudinal,1.3,0.3,2.0,0.0,2,PARTIAL,2.215417936359784,0.6646253809079351,23.103281394152646,7.933390161047939,1,4.863,0.1159,41.13115027402963,False,0.9725,1.8867,2,0.8770580193070292,1.0
P2_0023,supercritical_f1.4_beta0.3_M2.0_theta0_seed1,longitudinal,1.4,0.3,2.0,0.0,1,PARTIAL,1.91677134975042,0.5750314049251259,18.31390922772411,6.16115903405311,2,4.962,0.13,39.112465653802985,False,0.9577,1.8867,2,0.8451542547285166,1.0
P2_0024,supercritical_f1.4_beta0.3_M2.0_theta0_seed2,longitudinal,1.4,0.3,2.0,0.0,2,MEASURABLE,2.7490758323577427,0.30652195530788834,18.166761479527324,6.16115903405311,3,5.441,0.1115,102.70719164654287,False,0.9577,1.8867,2,0.8451542547285166,1.0
P2_0025,supercritical_f1.5_beta0.3_M2.0_theta0_seed1,longitudinal,1.5,0.3,2.0,0.0,1,PARTIAL,2.369948512037982,0.7109845536113947,15.966748660949525,5.0349863517729565,2,5.201,0.107,36.70904389026121,False,0.9408,1.8867,2,0.8164965809277261,1.0
P2_0026,supercritical_f1.5_beta0.3_M2.0_theta0_seed2,longitudinal,1.5,0.3,2.0,0.0,2,MEASURABLE,2.4464094402646936,0.2737532163656192,15.838241393708595,5.0349863517729565,4,4.665,0.1119,82.07054840843281,False,0.9408,1.8867,2,0.8164965809277261,1.0
P2_0027,supercritical_f1.6_beta0.3_M2.0_theta0_seed1,longitudinal,1.6,0.3,2.0,0.0,1,MEASURABLE,2.4387952302634455,0.28216860814148065,13.59795151716554,4.252046461229326,5,4.98,0.1157,105.61257984072267,False,0.9222,1.8867,2,0.7905694150420948,1.0
P2_0028,supercritical_f1.6_beta0.3_M2.0_theta0_seed2,longitudinal,1.6,0.3,2.0,0.0,2,PARTIAL,2.350186757178487,0.7050560271535461,13.801691983531814,4.252046461229326,2,5.184,0.0996,36.313975480126146,False,0.9222,1.8867,2,0.7905694150420948,1.0
P2_0029,supercritical_f1.7_beta0.3_M2.0_theta0_seed1,longitudinal,1.7,0.3,2.0,0.0,1,MEASURABLE,2.3776617667889024,0.259878431110027,11.804147702424965,3.6747131182379795,3,4.575,0.1093,99.38011007992739,False,0.902,1.8867,2,0.7669649888473704,1.0
P2_0030,supercritical_f1.7_beta0.3_M2.0_theta0_seed2,longitudinal,1.7,0.3,2.0,0.0,2,MEASURABLE,2.2068347787531613,0.2529032656451123,11.80268497855595,3.6747131182379795,4,5.079,0.1146,98.44796856506038,False,0.902,1.8867,2,0.7669649888473704,1.0
P2_0031,supercritical_f1.8_beta0.3_M2.0_theta0_seed1,longitudinal,1.8,0.3,2.0,0.0,1,PARTIAL,1.9104472779918935,0.573134183397568,10.6360348089734,3.2308566382906125,4,5.182,0.1127,36.25568364888542,False,0.8803,1.8867,2,0.7453559924999299,1.0
P2_0032,supercritical_f1.8_beta0.3_M2.0_theta0_seed2,longitudinal,1.8,0.3,2.0,0.0,2,MEASURABLE,2.2088481734022287,0.2754433672232579,10.79328357144129,3.2308566382906125,3,4.702,0.1247,103.70759179257176,False,0.8803,1.8867,2,0.7453559924999299,1.0
P2_0033,supercritical_f1.9_beta0.3_M2.0_theta0_seed1,longitudinal,1.9,0.3,2.0,0.0,1,MEASURABLE,2.2307051240640456,0.24381607006020017,10.178914460471141,2.878808311498888,5,5.306,0.1093,119.81612014203324,False,0.8571,1.8867,2,0.7254762501100117,1.0
P2_0034,supercritical_f1.9_beta0.3_M2.0_theta0_seed2,longitudinal,1.9,0.3,2.0,0.0,2,MEASURABLE,2.287362230820834,0.3005593971298576,9.554335040811974,2.878808311498888,4,5.392,0.1314,96.20168666942341,False,0.8571,1.8867,2,0.7254762501100117,1.0
P2_0035,supercritical_f2.0_beta0.3_M2.0_theta0_seed1,longitudinal,2.0,0.3,2.0,0.0,1,PARTIAL,2.5770220076058115,0.7731066022817434,9.101273137115182,2.592724864350674,5,4.43,0.119,44.231040014151205,False,0.8326,1.8867,2,0.7071067811865475,1.0
P2_0036,supercritical_f2.0_beta0.3_M2.0_theta0_seed2,longitudinal,2.0,0.3,2.0,0.0,2,PARTIAL,2.00479306510544,0.601437919531632,9.023414849496424,2.592724864350674,4,4.302,0.1305,34.875465489023874,False,0.8326,1.8867,2,0.7071067811865475,1.0
P2_0037,supercritical_f2.2_beta0.3_M2.0_theta0_seed1,longitudinal,2.2,0.3,2.0,0.0,1,COLLAPSED,,,7.728072623662821,2.156126093694692,6,4.631,0.1601,112.0137367938639,False,0.78,1.8867,2,0.674199862463242,1.0
P2_0038,supercritical_f2.2_beta0.3_M2.0_theta0_seed2,longitudinal,2.2,0.3,2.0,0.0,2,COLLAPSED,,,7.483291518780813,2.156126093694692,3,3.734,0.1599,100.33974556090035,False,0.78,1.8867,2,0.674199862463242,1.0
P2_0039,supercritical_f2.5_beta0.3_M2.0_theta0_seed1,longitudinal,2.5,0.3,2.0,0.0,1,COLLAPSED,,,5.884836808392504,1.7109329167727299,7,4.183,0.2049,118.395014620523,False,0.6925,1.8867,2,0.6324555320336759,1.0
P2_0040,supercritical_f2.5_beta0.3_M2.0_theta0_seed2,longitudinal,2.5,0.3,2.0,0.0,2,PARTIAL,2.0542269736659717,0.6162680920997915,6.103208395020772,1.7109329167727299,5,3.943,0.2015,38.008430748021375,False,0.6925,1.8867,2,0.6324555320336759,1.0
P2_0041,supercritical_f1.3_beta0.3_M3.0_theta0_seed1,longitudinal,1.3,0.3,3.0,0.0,1,PARTIAL,1.8567123171200315,0.5570136951360094,18.303697958891377,7.933390161047939,2,4.962,0.16,39.112465653802985,False,0.9725,1.8067,2,0.8770580193070292,1.0
P2_0042,supercritical_f1.3_beta0.3_M3.0_theta0_seed2,longitudinal,1.3,0.3,3.0,0.0,2,MEASURABLE,2.662937840395121,0.3768057044159096,18.15663225572366,7.933390161047939,3,5.441,0.1415,102.70719164654287,False,0.9725,1.8067,2,0.8770580193070292,1.0
P2_0043,supercritical_f1.4_beta0.3_M3.0_theta0_seed1,longitudinal,1.4,0.3,3.0,0.0,1,PARTIAL,2.2921697778354355,0.6876509333506307,15.398267539920363,6.16115903405311,1,5.201,0.137,36.70904389026121,False,0.9577,1.8067,2,0.8451542547285166,1.0
P2_0044,supercritical_f1.4_beta0.3_M3.0_theta0_seed2,longitudinal,1.4,0.3,3.0,0.0,2,MEASURABLE,2.366121354410321,0.3357526201908245,15.27433565348443,6.16115903405311,3,4.665,0.1419,82.07054840843281,False,0.9577,1.8067,2,0.8451542547285166,1.0
P2_0045,supercritical_f1.5_beta0.3_M3.0_theta0_seed1,longitudinal,1.5,0.3,3.0,0.0,1,MEASURABLE,2.3556071192473795,0.34321195727434317,12.81001131429611,5.0349863517729565,5,4.98,0.1457,105.61257984072267,False,0.9408,1.8067,2,0.8164965809277261,1.0
P2_0046,supercritical_f1.5_beta0.3_M3.0_theta0_seed2,longitudinal,1.5,0.3,3.0,0.0,2,PARTIAL,2.270021110453184,0.6810063331359553,13.001945935921821,5.0349863517729565,2,5.184,0.1296,36.313975480126146,False,0.9408,1.8067,2,0.8164965809277261,1.0
P2_0047,supercritical_f1.6_beta0.3_M3.0_theta0_seed1,longitudinal,1.6,0.3,3.0,0.0,1,MEASURABLE,2.293863970752231,0.3195352511257858,10.935082849842795,4.252046461229326,3,4.575,0.1393,87.69389038781001,False,0.9222,1.8067,2,0.7905694150420948,1.0
P2_0048,supercritical_f1.6_beta0.3_M3.0_theta0_seed2,longitudinal,1.6,0.3,3.0,0.0,2,MEASURABLE,2.1290575720622615,0.30786172492020303,10.93372781709521,4.252046461229326,4,5.079,0.1446,94.26106801135606,False,0.9222,1.8067,2,0.7905694150420948,1.0
P2_0049,supercritical_f1.7_beta0.3_M3.0_theta0_seed1,longitudinal,1.7,0.3,3.0,0.0,1,PARTIAL,1.8412002973966513,0.5523600892189954,9.728346246748869,3.6747131182379795,4,5.182,0.1427,36.25568364888542,False,0.902,1.8067,2,0.7669649888473704,1.0
P2_0050,supercritical_f1.7_beta0.3_M3.0_theta0_seed2,longitudinal,1.7,0.3,3.0,0.0,2,MEASURABLE,2.1287852120405333,0.3293230723026705,9.872175261568353,3.6747131182379795,3,4.702,0.1547,103.70759179257176,False,0.902,1.8067,2,0.7669649888473704,1.0
P2_0051,supercritical_f1.8_beta0.3_M3.0_theta0_seed1,longitudinal,1.8,0.3,3.0,0.0,1,MEASURABLE,2.147857169381255,0.2949007893560463,9.217064521147982,3.2308566382906125,4,5.333,0.1373,119.81612014203324,False,0.8803,1.8067,2,0.7453559924999299,1.0
P2_0052,supercritical_f1.8_beta0.3_M3.0_theta0_seed2,longitudinal,1.8,0.3,3.0,0.0,2,MEASURABLE,2.2024100422066244,0.34996295570663266,8.651504329839208,3.2308566382906125,3,5.419,0.1589,96.20168666942341,False,0.8803,1.8067,2,0.7453559924999299,1.0
P2_0053,supercritical_f1.9_beta0.3_M3.0_theta0_seed1,longitudinal,1.9,0.3,3.0,0.0,1,PARTIAL,2.479247876785268,0.7437743630355803,8.174008587435965,2.878808311498888,5,4.47,0.1463,44.231040014151205,False,0.8571,1.8067,2,0.7254762501100117,1.0
P2_0054,supercritical_f1.9_beta0.3_M3.0_theta0_seed2,longitudinal,1.9,0.3,3.0,0.0,2,PARTIAL,1.9287297257791889,0.5786189177337566,8.104082731787981,2.878808311498888,4,4.342,0.1574,34.875465489023874,False,0.8571,1.8067,2,0.7254762501100117,1.0
P2_0055,supercritical_f2.0_beta0.3_M3.0_theta0_seed1,longitudinal,2.0,0.3,3.0,0.0,1,PARTIAL,1.817497306751489,0.5452491920254466,7.347641799221133,2.592724864350674,6,4.413,0.1713,31.78941117983066,False,0.8326,1.8067,2,0.7071067811865475,1.0
P2_0056,supercritical_f2.0_beta0.3_M3.0_theta0_seed2,longitudinal,2.0,0.3,3.0,0.0,2,PARTIAL,2.1960186624137683,0.6588055987241305,7.043282554020982,2.592724864350674,5,4.233,0.1623,39.78270732880362,False,0.8326,1.8067,2,0.7071067811865475,1.0
P2_0057,supercritical_f2.2_beta0.3_M3.0_theta0_seed1,longitudinal,2.2,0.3,3.0,0.0,1,COLLAPSED,,,6.280165647198645,2.156126093694692,5,4.627,0.1938,128.05201955032842,False,0.78,1.8067,2,0.674199862463242,1.0
P2_0058,supercritical_f2.2_beta0.3_M3.0_theta0_seed2,longitudinal,2.2,0.3,3.0,0.0,2,COLLAPSED,,,6.148963338139532,2.156126093694692,5,4.788,0.1734,123.15610276166449,False,0.78,1.8067,2,0.674199862463242,1.0
P2_0059,supercritical_f2.5_beta0.3_M3.0_theta0_seed1,longitudinal,2.5,0.3,3.0,0.0,1,COLLAPSED,,,4.74575174616338,1.7109329167727299,7,3.319,0.2547,120.25209306723337,False,0.6925,1.8067,2,0.6324555320336759,1.0
P2_0060,supercritical_f2.5_beta0.3_M3.0_theta0_seed2,longitudinal,2.5,0.3,3.0,0.0,2,COLLAPSED,,,4.809118652339973,1.7109329167727299,6,3.885,0.2373,117.97253784119468,False,0.6925,1.8067,2,0.6324555320336759,1.0
P2_0061,supercritical_f1.3_beta0.5_M1.0_theta0_seed1,longitudinal,1.3,0.5,1.0,0.0,1,PARTIAL,3.7781204052851813,1.1334361215855544,32.48216491817033,5.625494841470356,2,5.149,0.0918,41.72931848827387,False,0.9453,1.7,2,0.8770580193070292,1.0
P2_0062,supercritical_f1.3_beta0.5_M1.0_theta0_seed2,longitudinal,1.3,0.5,1.0,0.0,2,MEASURABLE,3.0361940917552754,0.2693104159386929,32.57737312656403,5.625494841470356,3,5.221,0.0887,99.05085473628978,False,0.9453,1.7,2,0.8770580193070292,1.0
P2_0063,supercritical_f1.4_beta0.5_M1.0_theta0_seed1,longitudinal,1.4,0.5,1.0,0.0,1,PARTIAL,2.4835701315331837,0.7450710394599551,25.436160024528895,4.368821860510387,2,4.654,0.0748,33.57619786272599,False,0.9158,1.7,2,0.8451542547285166,1.0
P2_0064,supercritical_f1.4_beta0.5_M1.0_theta0_seed2,longitudinal,1.4,0.5,1.0,0.0,2,MEASURABLE,3.0602893360143115,0.21452628245460323,26.345954068028924,4.368821860510387,3,5.341,0.0701,101.84989605105852,False,0.9158,1.7,2,0.8451542547285166,1.0
P2_0065,supercritical_f1.5_beta0.5_M1.0_theta0_seed1,longitudinal,1.5,0.5,1.0,0.0,1,PARTIAL,2.802915516606396,0.8408746549819187,23.352122019622765,3.570263049439005,1,4.966,0.0768,37.84378307583273,False,0.8823,1.7,2,0.8164965809277261,1.0
P2_0066,supercritical_f1.5_beta0.5_M1.0_theta0_seed2,longitudinal,1.5,0.5,1.0,0.0,2,MEASURABLE,2.877247062184224,0.22010940025709314,22.3205495289274,3.570263049439005,3,4.605,0.0765,103.36345364027287,False,0.8823,1.7,2,0.8164965809277261,1.0
P2_0067,supercritical_f1.6_beta0.5_M1.0_theta0_seed1,longitudinal,1.6,0.5,1.0,0.0,1,PARTIAL,2.4676770216634134,0.740303106499024,19.830181640447677,3.0150874906898855,3,4.765,0.0748,44.71989988534541,False,0.8453,1.7,2,0.7905694150420948,1.0
P2_0068,supercritical_f1.6_beta0.5_M1.0_theta0_seed2,longitudinal,1.6,0.5,1.0,0.0,2,MEASURABLE,3.0540745081031244,0.243409738295819,18.31654071862677,3.0150874906898855,4,5.346,0.0797,109.82858426612935,False,0.8453,1.7,2,0.7905694150420948,1.0
P2_0069,supercritical_f1.7_beta0.5_M1.0_theta0_seed1,longitudinal,1.7,0.5,1.0,0.0,1,PARTIAL,3.041553242565726,0.9124659727697177,17.2866019362836,2.605705665659658,2,5.131,0.0802,30.452355210684996,False,0.8051,1.7,2,0.7669649888473704,1.0
P2_0070,supercritical_f1.7_beta0.5_M1.0_theta0_seed2,longitudinal,1.7,0.5,1.0,0.0,2,MEASURABLE,2.6028073364016717,0.2259236767996651,16.523032079937824,2.605705665659658,3,5.24,0.0868,93.72129602712039,False,0.8051,1.7,2,0.7669649888473704,1.0
P2_0071,supercritical_f1.8_beta0.5_M1.0_theta0_seed1,longitudinal,1.8,0.5,1.0,0.0,1,PARTIAL,2.4884612767914835,0.746538383037445,16.090208203246696,2.2909710707878888,2,4.374,0.1133,41.80717869422986,False,0.7618,1.7,2,0.7453559924999299,1.0
P2_0072,supercritical_f1.8_beta0.5_M1.0_theta0_seed2,longitudinal,1.8,0.5,1.0,0.0,2,MEASURABLE,2.95009522251137,0.2548882272249824,14.938887241987613,2.2909710707878888,3,5.102,0.0864,110.50939152803483,False,0.7618,1.7,2,0.7453559924999299,1.0
P2_0073,supercritical_f1.9_beta0.5_M1.0_theta0_seed1,longitudinal,1.9,0.5,1.0,0.0,1,PARTIAL,2.8546648387268982,0.8563994516180694,14.003245257205467,2.0413368026992114,4,5.231,0.1239,40.80476739253936,False,0.7158,1.7,2,0.7254762501100117,1.0
P2_0074,supercritical_f1.9_beta0.5_M1.0_theta0_seed2,longitudinal,1.9,0.5,1.0,0.0,2,PARTIAL,2.424407992897511,0.7273223978692532,13.17970140990608,2.0413368026992114,3,3.724,0.1026,34.25962726054006,False,0.7158,1.7,2,0.7254762501100117,1.0
P2_0075,supercritical_f2.0_beta0.5_M1.0_theta0_seed1,longitudinal,2.0,0.5,1.0,0.0,1,COLLAPSED,,,12.463996417115307,1.8384776310850235,2,4.416,0.1213,93.81673941609058,False,0.6672,1.7,2,0.7071067811865475,1.0
P2_0076,supercritical_f2.0_beta0.5_M1.0_theta0_seed2,longitudinal,2.0,0.5,1.0,0.0,2,COLLAPSED,,,12.415784400022556,1.8384776310850235,4,3.522,0.128,93.37973853106946,False,0.6672,1.7,2,0.7071067811865475,1.0
P2_0077,supercritical_f2.2_beta0.5_M1.0_theta0_seed1,longitudinal,2.2,0.5,1.0,0.0,1,COLLAPSED,,,10.798836203381569,1.5288894118925997,4,4.216,0.1377,100.4010816178632,False,0.5625,1.7,2,0.674199862463242,1.0
P2_0078,supercritical_f2.2_beta0.5_M1.0_theta0_seed2,longitudinal,2.2,0.5,1.0,0.0,2,COLLAPSED,,,11.117653011430123,1.5288894118925997,3,4.817,0.1685,97.83305779820542,False,0.5625,1.7,2,0.674199862463242,1.0
P2_0079,supercritical_f2.5_beta0.5_M1.0_theta0_seed1,longitudinal,2.5,0.5,1.0,0.0,1,COLLAPSED,,,8.581731252014638,1.2132069773479357,3,3.888,0.1854,137.91919760867177,False,0.3885,1.7,2,0.6324555320336759,1.0
P2_0080,supercritical_f2.5_beta0.5_M1.0_theta0_seed2,longitudinal,2.5,0.5,1.0,0.0,2,COLLAPSED,,,8.128746601896111,1.2132069773479357,4,2.812,0.1779,121.73686732239769,False,0.3885,1.7,2,0.6324555320336759,1.0
P2_0081,supercritical_f1.3_beta0.5_M2.0_theta0_seed1,longitudinal,1.3,0.5,2.0,0.0,1,MEASURABLE,2.7415694350764825,0.2873164767960154,22.01607842395344,5.625494841470356,3,4.654,0.1048,93.8615984341463,False,0.9453,1.62,2,0.8770580193070292,1.0
P2_0082,supercritical_f1.3_beta0.5_M2.0_theta0_seed2,longitudinal,1.3,0.5,2.0,0.0,2,MEASURABLE,2.9726343999385625,0.2975607034338501,22.803543866537016,5.625494841470356,3,5.341,0.1001,97.96863514345843,False,0.9453,1.62,2,0.8770580193070292,1.0
P2_0083,supercritical_f1.4_beta0.5_M2.0_theta0_seed1,longitudinal,1.4,0.5,2.0,0.0,1,PARTIAL,2.7184577027411096,0.8155373108223328,19.503491038296417,4.368821860510387,1,4.966,0.1068,33.83036213627375,False,0.9158,1.62,2,0.8451542547285166,1.0
P2_0084,supercritical_f1.4_beta0.5_M2.0_theta0_seed2,longitudinal,1.4,0.5,2.0,0.0,2,MEASURABLE,2.7905494805472957,0.297193519678287,18.641930585215366,4.368821860510387,4,4.605,0.1065,124.81151011599356,False,0.9158,1.62,2,0.8451542547285166,1.0
P2_0085,supercritical_f1.5_beta0.5_M2.0_theta0_seed1,longitudinal,1.5,0.5,2.0,0.0,1,PARTIAL,2.3901245869320484,0.7170373760796145,16.178317302837133,3.570263049439005,2,4.765,0.1048,38.99852171597329,False,0.8823,1.62,2,0.8164965809277261,1.0
P2_0086,supercritical_f1.5_beta0.5_M2.0_theta0_seed2,longitudinal,1.5,0.5,2.0,0.0,2,MEASURABLE,2.9580931815862788,0.3245028220200148,14.943423767327154,3.570263049439005,4,5.346,0.1097,99.08828025361376,False,0.8823,1.62,2,0.8164965809277261,1.0
P2_0087,supercritical_f1.6_beta0.5_M2.0_theta0_seed1,longitudinal,1.6,0.5,2.0,0.0,1,PARTIAL,2.9425083920068404,0.8827525176020521,13.868443001188266,3.0150874906898855,2,5.131,0.1102,43.62710185696386,False,0.8453,1.62,2,0.7905694150420948,1.0
P2_0088,supercritical_f1.6_beta0.5_M2.0_theta0_seed2,longitudinal,1.6,0.5,2.0,0.0,2,MEASURABLE,2.5180497658092165,0.2941082126465165,13.255857307991382,3.0150874906898855,4,5.24,0.1168,104.98089039951029,False,0.8453,1.62,2,0.7905694150420948,1.0
P2_0089,supercritical_f1.7_beta0.5_M2.0_theta0_seed1,longitudinal,1.7,0.5,2.0,0.0,1,PARTIAL,2.4049251684798643,0.7214775505439592,12.745344094742277,2.605705665659658,2,4.414,0.1397,42.168987169141374,False,0.8051,1.62,2,0.7669649888473704,1.0
P2_0090,supercritical_f1.7_beta0.5_M2.0_theta0_seed2,longitudinal,1.7,0.5,2.0,0.0,2,PARTIAL,3.1903520761355613,0.9571056228406684,11.8333619979677,2.605705665659658,3,5.142,0.1137,34.64444494304975,False,0.8051,1.62,2,0.7669649888473704,1.0
P2_0091,supercritical_f1.8_beta0.5_M2.0_theta0_seed1,longitudinal,1.8,0.5,2.0,0.0,1,MEASURABLE,2.67597927882534,0.4027348814632137,10.981217407420203,2.2909710707878888,4,5.271,0.1505,102.69381004944465,False,0.7618,1.62,2,0.7453559924999299,1.0
P2_0092,supercritical_f1.8_beta0.5_M2.0_theta0_seed2,longitudinal,1.8,0.5,2.0,0.0,2,MEASURABLE,2.5375032920968823,0.3293679273141753,10.33540182213047,2.2909710707878888,3,3.764,0.1298,122.11213522988609,False,0.7618,1.62,2,0.7453559924999299,1.0
P2_0093,supercritical_f1.9_beta0.5_M2.0_theta0_seed1,longitudinal,1.9,0.5,2.0,0.0,1,COLLAPSED,,,9.694398963103161,2.0413368026992114,3,4.456,0.1484,89.12590244528604,False,0.7158,1.62,2,0.7254762501100117,1.0
P2_0094,supercritical_f1.9_beta0.5_M2.0_theta0_seed2,longitudinal,1.9,0.5,2.0,0.0,2,COLLAPSED,,,9.656900033155518,2.0413368026992114,4,3.562,0.1549,88.71075160451599,False,0.7158,1.62,2,0.7254762501100117,1.0
P2_0095,supercritical_f2.0_beta0.5_M2.0_theta0_seed1,longitudinal,2.0,0.5,2.0,0.0,1,COLLAPSED,,,9.37477997950977,1.8384776310850235,4,4.161,0.1777,115.17836147768968,False,0.6672,1.62,2,0.7071067811865475,1.0
P2_0096,supercritical_f2.0_beta0.5_M2.0_theta0_seed2,longitudinal,2.0,0.5,2.0,0.0,2,COLLAPSED,,,9.045355450583486,1.8384776310850235,3,3.926,0.1832,117.39979880902519,False,0.6672,1.62,2,0.7071067811865475,1.0
P2_0097,supercritical_f2.2_beta0.5_M2.0_theta0_seed1,longitudinal,2.2,0.5,2.0,0.0,1,COLLAPSED,,,7.4006080149582445,1.5288894118925997,5,3.727,0.1755,102.29176754812275,False,0.5625,1.62,2,0.674199862463242,1.0
P2_0098,supercritical_f2.2_beta0.5_M2.0_theta0_seed2,longitudinal,2.2,0.5,2.0,0.0,2,PARTIAL,3.3036682952382206,0.9911004885714662,7.6219880541084235,1.5288894118925997,4,3.492,0.1842,38.22096979355754,False,0.5625,1.62,2,0.674199862463242,1.0
P2_0099,supercritical_f2.5_beta0.5_M2.0_theta0_seed1,longitudinal,2.5,0.5,2.0,0.0,1,COLLAPSED,,,5.921654300282142,1.2132069773479357,5,3.172,0.2768,122.84457579077198,False,0.3885,1.62,2,0.6324555320336759,1.0
P2_0100,supercritical_f2.5_beta0.5_M2.0_theta0_seed2,longitudinal,2.5,0.5,2.0,0.0,2,COLLAPSED,,,6.064568825153635,1.2132069773479357,4,3.498,0.2528,115.27733523187591,False,0.3885,1.62,2,0.6324555320336759,1.0
P2_0101,supercritical_f1.3_beta0.5_M3.0_theta0_seed1,longitudinal,1.3,0.5,3.0,0.0,1,PARTIAL,2.6332790819867262,0.7899837245960178,19.492616495472575,5.625494841470356,1,4.966,0.1368,33.83036213627375,False,0.9453,1.54,2,0.8770580193070292,1.0
P2_0102,supercritical_f1.3_beta0.5_M3.0_theta0_seed2,longitudinal,1.3,0.5,3.0,0.0,2,MEASURABLE,2.7031119766787586,0.3689747848166506,18.631536421828415,5.625494841470356,4,4.605,0.1365,124.81151011599356,False,0.9453,1.54,2,0.8770580193070292,1.0
P2_0103,supercritical_f1.4_beta0.5_M3.0_theta0_seed1,longitudinal,1.4,0.5,3.0,0.0,1,PARTIAL,2.3116836992867302,0.6935051097860191,15.602303478609038,4.368821860510387,2,4.765,0.1348,38.99852171597329,False,0.9158,1.54,2,0.8451542547285166,1.0
P2_0104,supercritical_f1.4_beta0.5_M3.0_theta0_seed2,longitudinal,1.4,0.5,3.0,0.0,2,MEASURABLE,2.8610122778669327,0.3996834152180105,14.41137717001078,4.368821860510387,4,5.346,0.1397,99.08828025361376,False,0.9158,1.54,2,0.8451542547285166,1.0
P2_0105,supercritical_f1.5_beta0.5_M3.0_theta0_seed1,longitudinal,1.5,0.5,3.0,0.0,1,PARTIAL,2.8421384586305454,0.8526415375891636,13.064829031977908,3.570263049439005,1,5.131,0.1402,43.62710185696386,False,0.8823,1.54,2,0.8164965809277261,1.0
P2_0106,supercritical_f1.5_beta0.5_M3.0_theta0_seed2,longitudinal,1.5,0.5,3.0,0.0,2,MEASURABLE,2.4321582564021367,0.3570408320398337,12.487739927716728,3.570263049439005,3,5.24,0.1468,104.98089039951029,False,0.8823,1.54,2,0.8164965809277261,1.0
P2_0107,supercritical_f1.6_beta0.5_M3.0_theta0_seed1,longitudinal,1.6,0.5,3.0,0.0,1,PARTIAL,2.3201665070223507,0.6960499521067052,11.806984895413493,3.0150874906898855,2,4.454,0.1661,42.168987169141374,False,0.8453,1.54,2,0.7905694150420948,1.0
P2_0108,supercritical_f1.6_beta0.5_M3.0_theta0_seed2,longitudinal,1.6,0.5,3.0,0.0,2,PARTIAL,3.0779119989574535,0.923373599687236,10.962146281291894,3.0150874906898855,3,5.182,0.141,34.64444494304975,False,0.8453,1.54,2,0.7905694150420948,1.0
P2_0109,supercritical_f1.7_beta0.5_M3.0_theta0_seed1,longitudinal,1.7,0.5,3.0,0.0,1,MEASURABLE,2.5789844612615367,0.45699604653554426,10.04407065874589,2.605705665659658,4,5.311,0.1772,102.69381004944465,False,0.8051,1.54,2,0.7669649888473704,1.0
P2_0110,supercritical_f1.7_beta0.5_M3.0_theta0_seed2,longitudinal,1.7,0.5,3.0,0.0,2,MEASURABLE,2.4455277410034792,0.3839478553375462,9.453369543331647,2.605705665659658,3,3.804,0.157,122.11213522988609,False,0.8051,1.54,2,0.7669649888473704,1.0
P2_0111,supercritical_f1.8_beta0.5_M3.0_theta0_seed1,longitudinal,1.8,0.5,3.0,0.0,1,COLLAPSED,,,8.77833300237166,2.2909710707878888,3,4.496,0.1755,84.43506547448152,False,0.7618,1.54,2,0.7453559924999299,1.0
P2_0112,supercritical_f1.8_beta0.5_M3.0_theta0_seed2,longitudinal,1.8,0.5,3.0,0.0,2,COLLAPSED,,,8.744377509559174,2.2909710707878888,4,3.602,0.1819,84.04176467796252,False,0.7618,1.54,2,0.7453559924999299,1.0
P2_0113,supercritical_f1.9_beta0.5_M3.0_theta0_seed1,longitudinal,1.9,0.5,3.0,0.0,1,COLLAPSED,,,8.419649746071105,2.0413368026992114,4,4.201,0.2045,109.41944340380519,False,0.7158,1.54,2,0.7254762501100117,1.0
P2_0114,supercritical_f1.9_beta0.5_M3.0_theta0_seed2,longitudinal,1.9,0.5,3.0,0.0,2,COLLAPSED,,,8.123787959726673,2.0413368026992114,3,3.966,0.2099,111.52980886857392,False,0.7158,1.54,2,0.7254762501100117,1.0
P2_0115,supercritical_f2.0_beta0.5_M3.0_theta0_seed1,longitudinal,2.0,0.5,3.0,0.0,1,COLLAPSED,,,7.398056672605087,1.8384776310850235,4,4.296,0.1924,91.2737105616938,False,0.6672,1.54,2,0.7071067811865475,1.0
P2_0116,supercritical_f2.0_beta0.5_M3.0_theta0_seed2,longitudinal,2.0,0.5,3.0,0.0,2,COLLAPSED,,,7.616471395238223,1.8384776310850235,3,4.897,0.222,88.93914345291401,False,0.6672,1.54,2,0.7071067811865475,1.0
P2_0117,supercritical_f2.2_beta0.5_M3.0_theta0_seed1,longitudinal,2.2,0.5,3.0,0.0,1,COLLAPSED,,,6.344070381943142,1.5288894118925997,5,3.485,0.2313,116.07041641356732,False,0.5625,1.54,2,0.674199862463242,1.0
P2_0118,supercritical_f2.2_beta0.5_M3.0_theta0_seed2,longitudinal,2.2,0.5,3.0,0.0,2,COLLAPSED,,,5.967561123500154,1.5288894118925997,5,3.334,0.1943,148.90529296166315,False,0.5625,1.54,2,0.674199862463242,1.0
P2_0119,supercritical_f2.5_beta0.5_M3.0_theta0_seed1,longitudinal,2.5,0.5,3.0,0.0,1,COLLAPSED,,,4.93270822392884,1.2132069773479357,4,3.05,0.2626,118.06174459116953,False,0.3885,1.54,2,0.6324555320336759,1.0
P2_0120,supercritical_f2.5_beta0.5_M3.0_theta0_seed2,longitudinal,2.5,0.5,3.0,0.0,2,PARTIAL,2.125001201032324,0.6375003603096971,4.964816423076703,1.2132069773479357,4,3.144,0.2857,31.762041653221697,False,0.3885,1.54,2,0.6324555320336759,1.0
P2_0121,supercritical_f1.3_beta1.0_M1.0_theta0_seed1,longitudinal,1.3,1.0,1.0,0.0,1,PARTIAL,3.0606624442079284,0.9181987332623784,32.88090571859885,3.8945733517871695,2,5.19,0.0882,34.43404564539082,False,0.8859,1.5,2,0.8770580193070292,1.0
P2_0122,supercritical_f1.3_beta1.0_M1.0_theta0_seed2,longitudinal,1.3,1.0,1.0,0.0,2,PARTIAL,3.0828701986533393,0.9248610595960017,31.501967580972337,3.8945733517871695,2,4.773,0.1023,38.488964642440294,False,0.8859,1.5,2,0.8770580193070292,1.0
P2_0123,supercritical_f1.4_beta1.0_M1.0_theta0_seed1,longitudinal,1.4,1.0,1.0,0.0,1,MEASURABLE,3.5767379350504767,0.28184694928197757,26.461643098461177,3.024568980353345,3,4.883,0.0788,115.36392830262537,False,0.8243,1.5,2,0.8451542547285166,1.0
P2_0124,supercritical_f1.4_beta1.0_M1.0_theta0_seed2,longitudinal,1.4,1.0,1.0,0.0,2,PARTIAL,3.2945038178917705,0.9883511453675311,26.608852979366475,3.024568980353345,1,5.12,0.0858,39.5027316681654,False,0.8243,1.5,2,0.8451542547285166,1.0
P2_0125,supercritical_f1.5_beta1.0_M1.0_theta0_seed1,longitudinal,1.5,1.0,1.0,0.0,1,PARTIAL,3.165386955373717,0.949616086612115,21.93082123013526,2.471720572688542,2,5.041,0.0863,32.48187162350406,False,0.7545,1.5,2,0.8164965809277261,1.0
P2_0126,supercritical_f1.5_beta1.0_M1.0_theta0_seed2,longitudinal,1.5,1.0,1.0,0.0,2,PARTIAL,2.8570833802004403,0.8571250140601321,22.79065172216404,2.471720572688542,2,4.989,0.0825,35.238506355613,False,0.7545,1.5,2,0.8164965809277261,1.0
P2_0127,supercritical_f1.6_beta1.0_M1.0_theta0_seed1,longitudinal,1.6,1.0,1.0,0.0,1,PARTIAL,3.2863742516964374,0.9859122755089311,18.936063462991907,2.087368262785305,3,4.647,0.1013,43.0451723313267,False,0.6773,1.5,2,0.7905694150420948,1.0
P2_0128,supercritical_f1.6_beta1.0_M1.0_theta0_seed2,longitudinal,1.6,1.0,1.0,0.0,2,PARTIAL,3.731752452816504,1.119525735844951,19.584049218419963,2.087368262785305,1,5.061,0.0842,32.72885269040394,False,0.6773,1.5,2,0.7905694150420948,1.0
P2_0129,supercritical_f1.7_beta1.0_M1.0_theta0_seed1,longitudinal,1.7,1.0,1.0,0.0,1,PARTIAL,3.686055503668405,1.1058166511005214,17.427007445646623,1.803950076225917,1,4.87,0.1141,41.51948328961113,False,0.5933,1.5,2,0.7669649888473704,1.0
P2_0130,supercritical_f1.7_beta1.0_M1.0_theta0_seed2,longitudinal,1.7,1.0,1.0,0.0,2,PARTIAL,3.045323455574026,0.9135970366722077,16.37096636591671,1.803950076225917,2,3.773,0.1049,31.97869068364174,False,0.5933,1.5,2,0.7669649888473704,1.0
P2_0131,supercritical_f1.8_beta1.0_M1.0_theta0_seed1,longitudinal,1.8,1.0,1.0,0.0,1,COLLAPSED,,,14.556308524030788,1.586056895160846,4,3.911,0.1128,81.46714680570261,False,0.5031,1.5,2,0.7453559924999299,1.0
P2_0132,supercritical_f1.8_beta1.0_M1.0_theta0_seed2,longitudinal,1.8,1.0,1.0,0.0,2,COLLAPSED,,,15.47013362193117,1.586056895160846,4,4.439,0.1367,91.435525867833,False,0.5031,1.5,2,0.7453559924999299,1.0
P2_0133,supercritical_f1.9_beta1.0_M1.0_theta0_seed1,longitudinal,1.9,1.0,1.0,0.0,1,COLLAPSED,,,13.764394907589676,1.4132331710994541,3,4.677,0.1321,74.7347332558172,False,0.4071,1.5,2,0.7254762501100117,1.0
P2_0134,supercritical_f1.9_beta1.0_M1.0_theta0_seed2,longitudinal,1.9,1.0,1.0,0.0,2,COLLAPSED,,,13.35426779438305,1.4132331710994541,2,4.274,0.1346,74.9928553417119,False,0.4071,1.5,2,0.7254762501100117,1.0
P2_0135,supercritical_f2.0_beta1.0_M1.0_theta0_seed1,longitudinal,2.0,1.0,1.0,0.0,1,COLLAPSED,,,12.429430688149044,1.2727922061357855,3,4.201,0.1534,83.61613280175044,False,0.3056,1.5,2,0.7071067811865475,1.0
P2_0136,supercritical_f2.0_beta1.0_M1.0_theta0_seed2,longitudinal,2.0,1.0,1.0,0.0,2,COLLAPSED,,,12.185348504830309,1.2727922061357855,4,4.07,0.1453,89.22512499119766,False,0.3056,1.5,2,0.7071067811865475,1.0
P2_0137,supercritical_f2.2_beta1.0_M1.0_theta0_seed1,longitudinal,2.2,1.0,1.0,0.0,1,PARTIAL,2.719475916708421,0.8158427750125262,10.692679416966099,1.0584619005410305,3,3.682,0.1693,32.453777139276454,True,0.0871,1.5,2,0.674199862463242,1.0
P2_0138,supercritical_f2.2_beta1.0_M1.0_theta0_seed2,longitudinal,2.2,1.0,1.0,0.0,2,PARTIAL,2.680711111234303,0.8042133333702909,10.801286906107073,1.0584619005410305,3,4.005,0.1657,40.29922665535082,True,0.0871,1.5,2,0.674199862463242,1.0
P2_0139,supercritical_f2.5_beta1.0_M1.0_theta0_seed1,longitudinal,2.5,1.0,1.0,0.0,1,PARTIAL,3.001570493549961,0.9004711480649883,8.450939981887515,0.83991252277934,4,3.036,0.2473,35.63494104447562,True,0.05,1.5,2,0.6324555320336759,1.0
P2_0140,supercritical_f2.5_beta1.0_M1.0_theta0_seed2,longitudinal,2.5,1.0,1.0,0.0,2,PARTIAL,2.404226567107701,0.7212679701323104,8.493527211809925,0.83991252277934,5,3.159,0.2378,42.808810823972095,True,0.05,1.5,2,0.6324555320336759,1.0
P2_0141,supercritical_f1.3_beta1.0_M2.0_theta0_seed1,longitudinal,1.3,1.0,2.0,0.0,1,MEASURABLE,3.474290518929725,0.37800280845955403,22.90367764318929,3.8945733517871695,3,4.883,0.1088,75.22420960095494,False,0.8859,1.42,2,0.8770580193070292,1.0
P2_0142,supercritical_f1.3_beta1.0_M2.0_theta0_seed2,longitudinal,1.3,1.0,2.0,0.0,2,PARTIAL,3.200140347692996,0.9600421043078987,23.031094056659978,3.8945733517871695,1,5.12,0.1158,39.29481000611981,False,0.8859,1.42,2,0.8770580193070292,1.0
P2_0143,supercritical_f1.4_beta1.0_M2.0_theta0_seed1,longitudinal,1.4,1.0,2.0,0.0,1,PARTIAL,3.0700071051054363,0.9210021315316308,18.316432869141604,3.024568980353345,2,5.041,0.1163,35.49438671297621,False,0.8243,1.42,2,0.8451542547285166,1.0
P2_0144,supercritical_f1.4_beta1.0_M2.0_theta0_seed2,longitudinal,1.4,1.0,2.0,0.0,2,PARTIAL,2.770993373244138,0.8312980119732414,19.034555885184673,3.024568980353345,2,4.989,0.1125,42.13250039612049,False,0.8243,1.42,2,0.8451542547285166,1.0
P2_0145,supercritical_f1.5_beta1.0_M2.0_theta0_seed1,longitudinal,1.5,1.0,2.0,0.0,1,PARTIAL,3.18309237063174,0.954927711189522,15.448857137348336,2.471720572688542,4,4.687,0.1281,31.67913309813806,False,0.7545,1.42,2,0.8164965809277261,1.0
P2_0146,supercritical_f1.5_beta1.0_M2.0_theta0_seed2,longitudinal,1.5,1.0,2.0,0.0,2,PARTIAL,3.614473535847224,1.0843420607541672,15.977511859181588,2.471720572688542,1,5.101,0.1115,38.15270399227623,False,0.7545,1.42,2,0.8164965809277261,1.0
P2_0147,supercritical_f1.6_beta1.0_M2.0_theta0_seed1,longitudinal,1.6,1.0,2.0,0.0,1,PARTIAL,3.5660231427669644,1.0698069428300894,13.981085486439625,2.087368262785305,1,4.91,0.141,39.865572984757435,False,0.6773,1.42,2,0.7905694150420948,1.0
P2_0148,supercritical_f1.6_beta1.0_M2.0_theta0_seed2,longitudinal,1.6,1.0,2.0,0.0,2,PARTIAL,2.9461558321572605,0.8838467496471781,13.133860243726815,2.087368262785305,3,3.813,0.1321,37.97316097257736,False,0.6773,1.42,2,0.7905694150420948,1.0
P2_0149,supercritical_f1.7_beta1.0_M2.0_theta0_seed1,longitudinal,1.7,1.0,2.0,0.0,1,COLLAPSED,,,11.530314495903605,1.803950076225917,3,3.951,0.1401,76.94119420538581,False,0.5933,1.42,2,0.7669649888473704,1.0
P2_0150,supercritical_f1.7_beta1.0_M2.0_theta0_seed2,longitudinal,1.7,1.0,2.0,0.0,2,COLLAPSED,,,12.254171836220793,1.803950076225917,3,4.479,0.1634,86.35577443073116,False,0.5933,1.42,2,0.7669649888473704,1.0
P2_0151,supercritical_f1.8_beta1.0_M2.0_theta0_seed1,longitudinal,1.8,1.0,2.0,0.0,1,COLLAPSED,,,10.79391313838873,1.586056895160846,4,4.717,0.1593,70.80132624235314,False,0.5031,1.42,2,0.7453559924999299,1.0
P2_0152,supercritical_f1.8_beta1.0_M2.0_theta0_seed2,longitudinal,1.8,1.0,2.0,0.0,2,COLLAPSED,,,10.47229519111453,1.586056895160846,2,4.314,0.1617,71.045862955306,False,0.5031,1.42,2,0.7453559924999299,1.0
P2_0153,supercritical_f1.9_beta1.0_M2.0_theta0_seed1,longitudinal,1.9,1.0,2.0,0.0,1,COLLAPSED,,,9.667514009366387,1.4132331710994541,4,4.241,0.1805,79.43532616166291,False,0.4071,1.42,2,0.7254762501100117,1.0
P2_0154,supercritical_f1.9_beta1.0_M2.0_theta0_seed2,longitudinal,1.9,1.0,2.0,0.0,2,COLLAPSED,,,9.477668795544933,1.4132331710994541,4,4.11,0.1725,84.76386874163778,False,0.4071,1.42,2,0.7254762501100117,1.0
P2_0155,supercritical_f2.0_beta1.0_M2.0_theta0_seed1,longitudinal,2.0,1.0,2.0,0.0,1,COLLAPSED,,,9.095062591099714,1.2727922061357855,4,3.625,0.2034,104.38957090478466,False,0.3056,1.42,2,0.7071067811865475,1.0
P2_0156,supercritical_f2.0_beta1.0_M2.0_theta0_seed2,longitudinal,2.0,1.0,2.0,0.0,2,COLLAPSED,,,8.621438040175459,1.2727922061357855,2,4.299,0.1792,75.50046728163743,False,0.3056,1.42,2,0.7071067811865475,1.0
P2_0157,supercritical_f2.2_beta1.0_M2.0_theta0_seed1,longitudinal,2.2,1.0,2.0,0.0,1,PARTIAL,2.6073195218314247,0.7821958565494274,7.419027137964584,1.0584619005410305,3,3.293,0.2069,42.230349916319575,True,0.0871,1.42,2,0.674199862463242,1.0
P2_0158,supercritical_f2.2_beta1.0_M2.0_theta0_seed2,longitudinal,2.2,1.0,2.0,0.0,2,PARTIAL,2.397312549620477,0.7191937648861431,7.471521288301869,1.0584619005410305,3,4.226,0.2409,32.2356915561482,True,0.0871,1.42,2,0.674199862463242,1.0
P2_0159,supercritical_f2.5_beta1.0_M2.0_theta0_seed1,longitudinal,2.5,1.0,2.0,0.0,1,PARTIAL,2.7467878055478567,0.824036341664357,5.920308416358238,0.83991252277934,5,3.083,0.2657,42.88431525375081,True,0.05,1.42,2,0.6324555320336759,1.0
P2_0160,supercritical_f2.5_beta1.0_M2.0_theta0_seed2,longitudinal,2.5,1.0,2.0,0.0,2,PARTIAL,2.388604785707334,0.7165814357122001,5.768633742830382,0.83991252277934,5,2.944,0.2912,41.95020624723375,True,0.05,1.42,2,0.6324555320336759,1.0
P2_0161,supercritical_f1.3_beta1.0_M3.0_theta0_seed1,longitudinal,1.3,1.0,3.0,0.0,1,PARTIAL,2.9738132336115517,0.8921439700834655,18.306220193204542,3.8945733517871695,2,5.041,0.1463,35.49438671297621,False,0.8859,1.34,2,0.8770580193070292,1.0
P2_0162,supercritical_f1.3_beta1.0_M3.0_theta0_seed2,longitudinal,1.3,1.0,3.0,0.0,2,PARTIAL,2.684168629414401,0.8052505888243203,19.023942806085152,3.8945733517871695,2,4.989,0.1425,42.13250039612049,False,0.8859,1.34,2,0.8770580193070292,1.0
P2_0163,supercritical_f1.4_beta1.0_M3.0_theta0_seed1,longitudinal,1.4,1.0,3.0,0.0,1,PARTIAL,3.0786272760611313,0.9235881828183393,14.89881505861639,3.024568980353345,4,4.727,0.1549,31.67913309813806,False,0.8243,1.34,2,0.8451542547285166,1.0
P2_0164,supercritical_f1.4_beta1.0_M3.0_theta0_seed2,longitudinal,1.4,1.0,3.0,0.0,2,PARTIAL,3.495851053122884,1.0487553159368652,15.408647524567321,3.024568980353345,1,5.141,0.1388,38.15270399227623,False,0.8243,1.34,2,0.8451542547285166,1.0
P2_0165,supercritical_f1.5_beta1.0_M3.0_theta0_seed1,longitudinal,1.5,1.0,3.0,0.0,1,PARTIAL,3.4443849152498833,1.0333154745749649,13.170944391244985,2.471720572688542,1,4.95,0.1679,39.865572984757435,False,0.7545,1.34,2,0.8164965809277261,1.0
P2_0166,supercritical_f1.5_beta1.0_M3.0_theta0_seed2,longitudinal,1.5,1.0,3.0,0.0,2,PARTIAL,2.845661483392419,0.8536984450177257,12.372812045265668,2.471720572688542,3,3.853,0.1592,37.97316097257736,False,0.7545,1.34,2,0.8164965809277261,1.0
P2_0167,supercritical_f1.6_beta1.0_M3.0_theta0_seed1,longitudinal,1.6,1.0,3.0,0.0,1,COLLAPSED,,,10.681410253071236,2.087368262785305,3,3.991,0.1674,72.415241605069,False,0.6773,1.34,2,0.7905694150420948,1.0
P2_0168,supercritical_f1.6_beta1.0_M3.0_theta0_seed2,longitudinal,1.6,1.0,3.0,0.0,2,COLLAPSED,,,11.351974548552663,2.087368262785305,3,4.519,0.1901,81.27602299362933,False,0.6773,1.34,2,0.7905694150420948,1.0
P2_0169,supercritical_f1.7_beta1.0_M3.0_theta0_seed1,longitudinal,1.7,1.0,3.0,0.0,1,COLLAPSED,,,9.872751100718958,1.803950076225917,3,4.757,0.1864,66.86791922888908,False,0.5933,1.34,2,0.7669649888473704,1.0
P2_0170,supercritical_f1.7_beta1.0_M3.0_theta0_seed2,longitudinal,1.7,1.0,3.0,0.0,2,COLLAPSED,,,9.578580311844487,1.803950076225917,1,4.354,0.1888,67.09887056890011,False,0.5933,1.34,2,0.7669649888473704,1.0
P2_0171,supercritical_f1.8_beta1.0_M3.0_theta0_seed1,longitudinal,1.8,1.0,3.0,0.0,1,COLLAPSED,,,8.753988524951966,1.586056895160846,4,4.281,0.2075,75.2545195215754,False,0.5031,1.34,2,0.7453559924999299,1.0
P2_0172,supercritical_f1.8_beta1.0_M3.0_theta0_seed2,longitudinal,1.8,1.0,3.0,0.0,2,COLLAPSED,,,8.582082611839255,1.586056895160846,4,4.15,0.1997,80.3026124920779,False,0.5031,1.34,2,0.7453559924999299,1.0
P2_0173,supercritical_f1.9_beta1.0_M3.0_theta0_seed1,longitudinal,1.9,1.0,3.0,0.0,1,COLLAPSED,,,8.168430790165374,1.4132331710994541,4,3.665,0.2303,99.17009235954544,False,0.4071,1.34,2,0.7254762501100117,1.0
P2_0174,supercritical_f1.9_beta1.0_M3.0_theta0_seed2,longitudinal,1.9,1.0,3.0,0.0,2,COLLAPSED,,,7.743060505354596,1.4132331710994541,2,4.339,0.2065,71.72544391755555,False,0.4071,1.34,2,0.7254762501100117,1.0
P2_0175,supercritical_f2.0_beta1.0_M3.0_theta0_seed1,longitudinal,2.0,1.0,3.0,0.0,1,COLLAPSED,,,7.325330880001866,1.2727922061357855,4,3.762,0.2238,93.80589359733791,False,0.3056,1.34,2,0.7071067811865475,1.0
P2_0176,supercritical_f2.0_beta1.0_M3.0_theta0_seed2,longitudinal,2.0,1.0,3.0,0.0,2,PARTIAL,2.4826204555238,0.7447861366571399,7.399735597751235,1.2727922061357855,3,4.085,0.2203,34.839499355914896,False,0.3056,1.34,2,0.7071067811865475,1.0
P2_0177,supercritical_f2.2_beta1.0_M3.0_theta0_seed1,longitudinal,2.2,1.0,3.0,0.0,1,PARTIAL,2.781190213833356,0.8343570641500068,6.066782206999782,1.0584619005410305,4,3.305,0.23,36.026573450344436,True,0.0871,1.34,2,0.674199862463242,1.0
P2_0178,supercritical_f2.2_beta1.0_M3.0_theta0_seed2,longitudinal,2.2,1.0,3.0,0.0,2,PARTIAL,2.1306419570623927,0.6391925871187177,6.355675387504713,1.0584619005410305,4,2.938,0.2757,41.68121842361669,True,0.0871,1.34,2,0.674199862463242,1.0
P2_0179,supercritical_f2.5_beta1.0_M3.0_theta0_seed1,longitudinal,2.5,1.0,3.0,0.0,1,PARTIAL,2.3475042376442925,0.7767891522364965,4.932640572120477,0.83991252277934,4,2.779,0.3309,36.797441097913705,True,0.05,1.34,2,0.6324555320336759,1.0
P2_0180,supercritical_f2.5_beta1.0_M3.0_theta0_seed2,longitudinal,2.5,1.0,3.0,0.0,2,PARTIAL,2.2793731881303403,0.6838119564391021,5.08592016053882,0.83991252277934,6,2.381,0.2839,34.384591788969566,True,0.05,1.34,2,0.6324555320336759,1.0
P2_0181,supercritical_f1.3_beta2.0_M1.0_theta0_seed1,longitudinal,1.3,2.0,1.0,0.0,1,MEASURABLE,3.816154345735167,0.30071296244393114,32.39069155121974,3.029112606945576,3,4.883,0.0788,115.36392830262537,False,0.8114,1.4,2,0.8770580193070292,1.0
P2_0182,supercritical_f1.3_beta2.0_M1.0_theta0_seed2,longitudinal,1.3,2.0,1.0,0.0,2,PARTIAL,3.5150282995254876,1.0545084898576462,32.57088557121892,3.029112606945576,1,5.12,0.0858,39.5027316681654,False,0.8114,1.4,2,0.8770580193070292,1.0
P2_0183,supercritical_f1.4_beta2.0_M1.0_theta0_seed1,longitudinal,1.4,2.0,1.0,0.0,1,PARTIAL,3.372090184097504,1.0116270552292512,25.903347777836398,2.3524425402748235,2,5.041,0.0863,32.48187162350406,False,0.7096,1.4,2,0.8451542547285166,1.0
P2_0184,supercritical_f1.4_beta2.0_M1.0_theta0_seed2,longitudinal,1.4,2.0,1.0,0.0,2,PARTIAL,3.0436540484146137,0.913096214524384,26.918927086576783,2.3524425402748235,2,4.989,0.0825,35.238506355613,False,0.7096,1.4,2,0.8451542547285166,1.0
P2_0185,supercritical_f1.5_beta2.0_M1.0_theta0_seed1,longitudinal,1.5,2.0,1.0,0.0,1,PARTIAL,3.4963028327305152,1.0488908498191545,21.847983286802407,1.9224493343133102,3,4.647,0.1013,43.0451723313267,False,0.5941,1.4,2,0.8164965809277261,1.0
P2_0186,supercritical_f1.5_beta2.0_M1.0_theta0_seed2,longitudinal,1.5,2.0,1.0,0.0,2,PARTIAL,3.970131114889399,1.1910393344668198,22.59561396423157,1.9224493343133102,1,5.061,0.0842,32.72885269040394,False,0.5941,1.4,2,0.8164965809277261,1.0
P2_0187,supercritical_f1.6_beta2.0_M1.0_theta0_seed1,longitudinal,1.6,2.0,1.0,0.0,1,PARTIAL,3.916913291826414,1.1750739875479241,19.772240711620558,1.623508648833015,1,4.87,0.1141,41.51948328961113,False,0.4665,1.4,2,0.7905694150420948,1.0
P2_0188,supercritical_f1.6_beta2.0_M1.0_theta0_seed2,longitudinal,1.6,2.0,1.0,0.0,2,PARTIAL,3.2360521726212474,0.9708156517863742,18.574083282991268,1.623508648833015,2,3.773,0.1049,31.97869068364174,False,0.4665,1.4,2,0.7905694150420948,1.0
P2_0189,supercritical_f1.7_beta2.0_M1.0_theta0_seed1,longitudinal,1.7,2.0,1.0,0.0,1,COLLAPSED,,,16.306327138533977,1.4030722815090466,3,3.911,0.1128,76.94119420538581,False,0.3277,1.4,2,0.7669649888473704,1.0
P2_0190,supercritical_f1.7_beta2.0_M1.0_theta0_seed2,longitudinal,1.7,2.0,1.0,0.0,2,COLLAPSED,,,17.33001600643386,1.4030722815090466,3,4.439,0.1367,86.35577443073116,False,0.3277,1.4,2,0.7669649888473704,1.0
P2_0191,supercritical_f1.8_beta2.0_M1.0_theta0_seed1,longitudinal,1.8,2.0,1.0,0.0,1,PARTIAL,2.629789566479284,0.7889368699437852,15.26489835138648,1.2335998073473244,2,4.677,0.1321,37.0073442921405,True,0.1786,1.4,2,0.7453559924999299,1.0
P2_0192,supercritical_f1.8_beta2.0_M1.0_theta0_seed2,longitudinal,1.8,2.0,1.0,0.0,2,PARTIAL,2.6366820740377963,0.7910046222113388,14.810061888448711,1.2335998073473244,1,4.274,0.1346,30.97447318935047,True,0.1786,1.4,2,0.7453559924999299,1.0
P2_0193,supercritical_f1.9_beta2.0_M1.0_theta0_seed1,longitudinal,1.9,2.0,1.0,0.0,1,PARTIAL,2.7109761543883897,0.8132928463165169,13.671929426477842,1.0991813552995753,3,4.201,0.1534,38.364023849371996,True,0.05,1.4,2,0.7254762501100117,1.0
P2_0194,supercritical_f1.9_beta2.0_M1.0_theta0_seed2,longitudinal,1.9,2.0,1.0,0.0,2,PARTIAL,2.850972338044609,0.8552917014133826,13.40344775033992,1.0991813552995753,4,4.07,0.1453,38.63322311754464,True,0.05,1.4,2,0.7254762501100117,1.0
P2_0195,supercritical_f2.0_beta2.0_M1.0_theta0_seed1,longitudinal,2.0,2.0,1.0,0.0,1,PARTIAL,3.1801508104843057,0.9540452431452917,12.8623608669654,0.9899494936611664,3,3.585,0.1766,44.39352050325366,True,0.05,1.4,2,0.7071067811865475,1.0
P2_0196,supercritical_f2.0_beta2.0_M1.0_theta0_seed2,longitudinal,2.0,2.0,1.0,0.0,2,PARTIAL,2.470111309936588,0.7410333929809764,12.192554603575452,0.9899494936611664,2,4.259,0.1519,31.47798659696088,True,0.05,1.4,2,0.7071067811865475,1.0
P2_0197,supercritical_f2.2_beta2.0_M1.0_theta0_seed1,longitudinal,2.2,2.0,1.0,0.0,1,PARTIAL,2.8638749896546543,0.8591624968963962,10.492088798123563,0.8232481448652459,3,3.253,0.1796,42.15465688877069,True,0.05,1.4,2,0.674199862463242,1.0
P2_0198,supercritical_f2.2_beta2.0_M1.0_theta0_seed2,longitudinal,2.2,2.0,1.0,0.0,2,PARTIAL,2.633203715830272,0.7899611147490816,10.566326737475803,0.8232481448652459,3,4.186,0.2141,33.32896120564386,True,0.05,1.4,2,0.674199862463242,1.0
P2_0199,supercritical_f2.5_beta2.0_M1.0_theta0_seed1,longitudinal,2.5,2.0,1.0,0.0,1,PARTIAL,3.01706669716927,0.905120009150781,8.372580455845402,0.6532652954950422,5,3.043,0.2387,44.94285063895054,True,0.05,1.4,2,0.6324555320336759,1.0
P2_0200,supercritical_f2.5_beta2.0_M1.0_theta0_seed2,longitudinal,2.5,2.0,1.0,0.0,2,PARTIAL,2.623639123889062,0.7870917371667185,8.158080075473796,0.6532652954950422,5,2.904,0.2645,35.55793749129613,True,0.05,1.4,2,0.6324555320336759,1.0
P2_0201,supercritical_f1.3_beta2.0_M2.0_theta0_seed1,longitudinal,1.3,2.0,2.0,0.0,1,PARTIAL,3.2755044312243173,0.9826513293672952,22.420449296192405,3.029112606945576,2,5.041,0.1163,35.49438671297621,False,0.8114,1.32,2,0.8770580193070292,1.0
P2_0202,supercritical_f1.3_beta2.0_M2.0_theta0_seed2,longitudinal,1.3,2.0,2.0,0.0,2,PARTIAL,2.9564755918187604,0.886942677545628,23.299476385399704,3.029112606945576,2,4.989,0.1125,42.13250039612049,False,0.8114,1.32,2,0.8770580193070292,1.0
P2_0203,supercritical_f1.4_beta2.0_M2.0_theta0_seed1,longitudinal,1.4,2.0,2.0,0.0,1,PARTIAL,3.3909517823282016,1.0172855346984604,18.2472473328522,2.3524425402748235,4,4.687,0.1281,31.67913309813806,False,0.7096,1.32,2,0.8451542547285166,1.0
P2_0204,supercritical_f1.4_beta2.0_M2.0_theta0_seed2,longitudinal,1.4,2.0,2.0,0.0,2,PARTIAL,3.8505026092367984,1.1551507827710394,18.87166203079453,2.3524425402748235,1,5.101,0.1115,38.15270399227623,False,0.7096,1.32,2,0.8451542547285166,1.0
P2_0205,supercritical_f1.5_beta2.0_M2.0_theta0_seed1,longitudinal,1.5,2.0,2.0,0.0,1,PARTIAL,3.7938152689708855,1.1381445806912656,16.13104659456111,1.9224493343133102,1,4.91,0.141,39.865572984757435,False,0.5941,1.32,2,0.8164965809277261,1.0
P2_0206,supercritical_f1.5_beta2.0_M2.0_theta0_seed2,longitudinal,1.5,2.0,2.0,0.0,2,PARTIAL,3.134351778809041,0.9403055336427122,15.153538097131202,1.9224493343133102,3,3.813,0.1321,37.97316097257736,False,0.5941,1.32,2,0.8164965809277261,1.0
P2_0207,supercritical_f1.6_beta2.0_M2.0_theta0_seed1,longitudinal,1.6,2.0,2.0,0.0,1,COLLAPSED,,,13.08200242667853,1.623508648833015,3,3.951,0.1401,72.415241605069,False,0.4665,1.32,2,0.7905694150420948,1.0
P2_0208,supercritical_f1.6_beta2.0_M2.0_theta0_seed2,longitudinal,1.6,2.0,2.0,0.0,2,COLLAPSED,,,13.90327260850772,1.623508648833015,3,4.479,0.1634,81.27602299362933,False,0.4665,1.32,2,0.7905694150420948,1.0
P2_0209,supercritical_f1.7_beta2.0_M2.0_theta0_seed1,longitudinal,1.7,2.0,2.0,0.0,1,COLLAPSED,,,12.09160127713121,1.4030722815090466,3,4.717,0.1593,66.86791922888908,False,0.3277,1.32,2,0.7669649888473704,1.0
P2_0210,supercritical_f1.7_beta2.0_M2.0_theta0_seed2,longitudinal,1.7,2.0,2.0,0.0,2,COLLAPSED,,,11.731317112143984,1.4030722815090466,1,4.314,0.1617,67.09887056890011,False,0.3277,1.32,2,0.7669649888473704,1.0
P2_0211,supercritical_f1.8_beta2.0_M2.0_theta0_seed1,longitudinal,1.8,2.0,2.0,0.0,1,PARTIAL,2.6175418354071764,0.7852625506221529,10.72140255015574,1.2335998073473244,3,4.241,0.1805,41.802485423088186,True,0.1786,1.32,2,0.7453559924999299,1.0
P2_0212,supercritical_f1.8_beta2.0_M2.0_theta0_seed2,longitudinal,1.8,2.0,2.0,0.0,2,PARTIAL,2.752713023440061,0.8258139070320183,10.510861664709058,1.2335998073473244,3,4.11,0.1725,42.15391819829933,True,0.1786,1.32,2,0.7453559924999299,1.0
P2_0213,supercritical_f1.9_beta2.0_M2.0_theta0_seed1,longitudinal,1.9,2.0,2.0,0.0,1,PARTIAL,3.067992117618238,0.9203976352854714,10.004243717572185,1.0991813552995753,4,3.625,0.2034,34.86812258764619,True,0.05,1.32,2,0.7254762501100117,1.0
P2_0214,supercritical_f1.9_beta2.0_M2.0_theta0_seed2,longitudinal,1.9,2.0,2.0,0.0,2,PARTIAL,2.382994543384883,0.7148983630154648,9.483273642807806,1.0991813552995753,2,4.299,0.1792,33.0585412882281,True,0.05,1.32,2,0.7254762501100117,1.0
P2_0215,supercritical_f2.0_beta2.0_M2.0_theta0_seed1,longitudinal,2.0,2.0,2.0,0.0,1,PARTIAL,2.7740228471529713,0.8322068541458914,8.971661426528721,0.9899494936611664,4,3.722,0.1966,32.652025239934346,True,0.05,1.32,2,0.7071067811865475,1.0
P2_0216,supercritical_f2.0_beta2.0_M2.0_theta0_seed2,longitudinal,2.0,2.0,2.0,0.0,2,PARTIAL,2.7344805017363587,0.8203441505209076,9.062788222999599,0.9899494936611664,3,4.045,0.193,31.838226321838135,True,0.05,1.32,2,0.7071067811865475,1.0
P2_0217,supercritical_f2.2_beta2.0_M2.0_theta0_seed1,longitudinal,2.2,2.0,2.0,0.0,1,PARTIAL,3.063339945671522,0.9190019837014566,7.430260393872729,0.8232481448652459,4,3.265,0.2025,36.026573450344436,True,0.05,1.32,2,0.674199862463242,1.0
P2_0218,supercritical_f2.2_beta2.0_M2.0_theta0_seed2,longitudinal,2.2,2.0,2.0,0.0,2,PARTIAL,2.3467940396629245,0.7040382118988774,7.784080835076148,0.8232481448652459,4,2.898,0.2488,41.68121842361669,True,0.05,1.32,2,0.674199862463242,1.0
P2_0219,supercritical_f2.5_beta2.0_M2.0_theta0_seed1,longitudinal,2.5,2.0,2.0,0.0,1,PARTIAL,2.5856568414632783,0.7862982454889829,6.041226243122628,0.6532652954950422,4,2.739,0.3041,36.797441097913705,True,0.05,1.32,2,0.6324555320336759,1.0
P2_0220,supercritical_f2.5_beta2.0_M2.0_theta0_seed2,longitudinal,2.5,2.0,2.0,0.0,2,PARTIAL,2.5106139463464614,0.7531841839039384,6.228954632927007,0.6532652954950422,6,2.341,0.2566,34.384591788969566,True,0.05,1.32,2,0.6324555320336759,1.0
P2_0221,supercritical_f1.3_beta2.0_M3.0_theta0_seed1,longitudinal,1.3,2.0,3.0,0.0,1,PARTIAL,3.2847016112947913,0.9854104833884374,18.23707323262836,3.029112606945576,4,4.727,0.1549,31.67913309813806,False,0.8114,1.24,2,0.8770580193070292,1.0
P2_0222,supercritical_f1.3_beta2.0_M3.0_theta0_seed2,longitudinal,1.3,2.0,3.0,0.0,2,PARTIAL,3.7298531317278303,1.118955939518349,18.861139776265432,3.029112606945576,1,5.141,0.1388,38.15270399227623,False,0.8114,1.24,2,0.8770580193070292,1.0
P2_0223,supercritical_f1.4_beta2.0_M3.0_theta0_seed1,longitudinal,1.4,2.0,3.0,0.0,1,PARTIAL,3.669307015766217,1.100792104729865,15.556715799596093,2.3524425402748235,1,4.95,0.1679,39.865572984757435,False,0.7096,1.24,2,0.8451542547285166,1.0
P2_0224,supercritical_f1.4_beta2.0_M3.0_theta0_seed2,longitudinal,1.4,2.0,3.0,0.0,2,PARTIAL,3.031486289258117,0.9094458867774351,14.614010576034557,2.3524425402748235,3,3.853,0.1592,37.97316097257736,False,0.7096,1.24,2,0.8451542547285166,1.0
P2_0225,supercritical_f1.5_beta2.0_M3.0_theta0_seed1,longitudinal,1.5,2.0,3.0,0.0,1,COLLAPSED,,,12.323959155748843,1.9224493343133102,3,3.991,0.1674,67.88928900475219,False,0.5941,1.24,2,0.8164965809277261,1.0
P2_0226,supercritical_f1.5_beta2.0_M3.0_theta0_seed2,longitudinal,1.5,2.0,3.0,0.0,2,COLLAPSED,,,13.097640420022017,1.9224493343133102,3,4.519,0.1901,76.19627155652749,False,0.5941,1.24,2,0.8164965809277261,1.0
P2_0227,supercritical_f1.6_beta2.0_M3.0_theta0_seed1,longitudinal,1.6,2.0,3.0,0.0,1,COLLAPSED,,,11.201373033101898,1.623508648833015,3,4.757,0.1864,62.93451221542501,False,0.4665,1.24,2,0.7905694150420948,1.0
P2_0228,supercritical_f1.6_beta2.0_M3.0_theta0_seed2,longitudinal,1.6,2.0,3.0,0.0,2,COLLAPSED,,,10.867614316001774,1.623508648833015,1,4.354,0.1888,63.15187818249423,False,0.4665,1.24,2,0.7905694150420948,1.0
P2_0229,supercritical_f1.7_beta2.0_M3.0_theta0_seed1,longitudinal,1.7,2.0,3.0,0.0,1,COLLAPSED,,,9.80642862983998,1.4030722815090466,3,4.281,0.2075,71.07371288148788,False,0.3277,1.24,2,0.7669649888473704,1.0
P2_0230,supercritical_f1.7_beta2.0_M3.0_theta0_seed2,longitudinal,1.7,2.0,3.0,0.0,2,COLLAPSED,,,9.613855488673275,1.4030722815090466,3,4.15,0.1997,75.841356242518,False,0.3277,1.24,2,0.7669649888473704,1.0
P2_0231,supercritical_f1.8_beta2.0_M3.0_theta0_seed1,longitudinal,1.8,2.0,3.0,0.0,1,PARTIAL,2.95404748675438,0.8862142460263139,9.058899177141152,1.2335998073473244,3,3.665,0.2303,34.86812258764619,True,0.1786,1.24,2,0.7453559924999299,1.0
P2_0232,supercritical_f1.8_beta2.0_M3.0_theta0_seed2,longitudinal,1.8,2.0,3.0,0.0,2,PARTIAL,2.2944905892719323,0.6883471767815796,8.58715783268463,1.2335998073473244,1,4.339,0.2065,33.0585412882281,True,0.1786,1.24,2,0.7453559924999299,1.0
P2_0233,supercritical_f1.9_beta2.0_M3.0_theta0_seed1,longitudinal,1.9,2.0,3.0,0.0,1,PARTIAL,2.6687743580224117,0.8006323074067235,8.057602100189081,1.0991813552995753,4,3.762,0.2238,32.652025239934346,True,0.05,1.24,2,0.7254762501100117,1.0
P2_0234,supercritical_f1.9_beta2.0_M3.0_theta0_seed2,longitudinal,1.9,2.0,3.0,0.0,2,PARTIAL,2.630732278588125,0.7892196835764375,8.139444629874394,1.0991813552995753,3,4.085,0.2203,31.838226321838135,True,0.05,1.24,2,0.7254762501100117,1.0
P2_0235,supercritical_f2.0_beta2.0_M3.0_theta0_seed1,longitudinal,2.0,2.0,3.0,0.0,1,PARTIAL,2.6522494727550017,0.7956748418265005,7.187910445221559,0.9899494936611664,3,3.333,0.2342,42.230349916319575,True,0.05,1.24,2,0.7071067811865475,1.0
P2_0236,supercritical_f2.0_beta2.0_M3.0_theta0_seed2,longitudinal,2.0,2.0,3.0,0.0,2,PARTIAL,2.4386236103865406,0.7315870831159622,7.238769303735712,0.9899494936611664,3,4.266,0.2677,32.2356915561482,True,0.05,1.24,2,0.7071067811865475,1.0
P2_0237,supercritical_f2.2_beta2.0_M3.0_theta0_seed1,longitudinal,2.2,2.0,3.0,0.0,1,PARTIAL,2.9290693944242,0.8813569807822418,6.081589374312998,0.8232481448652459,3,3.116,0.3009,44.403464244612934,True,0.05,1.24,2,0.674199862463242,1.0
P2_0238,supercritical_f2.2_beta2.0_M3.0_theta0_seed2,longitudinal,2.2,2.0,3.0,0.0,2,PARTIAL,2.346153945112904,0.7038461835338712,6.112236621309504,0.8232481448652459,5,3.239,0.2916,34.32287796012511,True,0.05,1.24,2,0.674199862463242,1.0
P2_0239,supercritical_f2.5_beta2.0_M3.0_theta0_seed1,longitudinal,2.5,2.0,3.0,0.0,1,PARTIAL,2.691198093193524,0.85607011344486,5.114737673144474,0.6532652954950422,4,2.76,0.3181,41.3607168746982,True,0.05,1.24,2,0.6324555320336759,1.0
P2_0240,supercritical_f2.5_beta2.0_M3.0_theta0_seed2,longitudinal,2.5,2.0,3.0,0.0,2,PARTIAL,2.6768336171506166,0.8745215427231064,5.026621127503705,0.6532652954950422,3,2.498,0.3267,31.009107919046134,True,0.05,1.24,2,0.6324555320336759,1.0
P2_0241,supercritical_f1.4_beta0.5_M1.0_theta30_seed1,oblique_theta30,1.4,0.5,1.0,30.0,1,MEASURABLE,1.5440226571607247,0.12383061710429011,31.444626040281197,4.284806055500573,4,5.131,0.0802,112.70042286175135,False,0.9125,1.775,2,0.8451542547285166,2.0
P2_0242,supercritical_f1.4_beta0.5_M1.0_theta30_seed2,oblique_theta30,1.4,0.5,1.0,30.0,2,MEASURABLE,1.3879217714905472,0.1204716097653795,30.055679347523256,4.284806055500573,5,5.24,0.0868,87.26482256187325,False,0.9125,1.775,2,0.8451542547285166,2.0
P2_0243,supercritical_f1.5_beta0.5_M1.0_theta30_seed1,oblique_theta30,1.5,0.5,1.0,30.0,1,MEASURABLE,1.4235900550501948,0.13581049125178857,27.75890712055619,3.5016041446421013,4,4.574,0.0954,114.13574676929204,False,0.8777,1.775,2,0.8164965809277261,2.0
P2_0244,supercritical_f1.5_beta0.5_M1.0_theta30_seed2,oblique_theta30,1.5,0.5,1.0,30.0,2,MEASURABLE,1.5675345017376037,0.11411651172649755,25.772642478990424,3.5016041446421013,5,5.302,0.0728,98.35691193656663,False,0.8777,1.775,2,0.8164965809277261,2.0
P2_0245,supercritical_f1.6_beta0.5_M1.0_theta30_seed1,oblique_theta30,1.6,0.5,1.0,30.0,1,MEASURABLE,1.468018734828851,0.13226848800807947,23.221193273183093,2.9571050389458495,6,5.631,0.0901,94.83013225740106,False,0.8392,1.775,2,0.7905694150420948,2.0
P2_0246,supercritical_f1.6_beta0.5_M1.0_theta30_seed2,oblique_theta30,1.6,0.5,1.0,30.0,2,MEASURABLE,1.3920520244548742,0.10384708102433361,21.855533349656465,2.9571050389458495,5,4.124,0.0746,97.67456562100038,False,0.8392,1.775,2,0.7905694150420948,2.0
P2_0247,supercritical_f1.8_beta0.5_M1.0_theta30_seed1,oblique_theta30,1.8,0.5,1.0,30.0,1,PARTIAL,1.5652777902030897,0.46958333706092686,19.027096441976216,2.246913934811199,6,4.871,0.0903,43.24562144285593,False,0.7524,1.775,2,0.7453559924999299,2.0
P2_0248,supercritical_f1.8_beta0.5_M1.0_theta30_seed2,oblique_theta30,1.8,0.5,1.0,30.0,2,PARTIAL,1.5900830916805284,0.4770249275041585,18.358494907227367,2.246913934811199,5,4.636,0.0937,30.587233067848064,False,0.7524,1.775,2,0.7453559924999299,2.0
P2_0249,supercritical_f2.0_beta0.5_M1.0_theta30_seed1,oblique_theta30,2.0,0.5,1.0,30.0,1,COLLAPSED,,,14.610490669039336,1.8031222920256962,7,4.437,0.0991,92.99251595283884,False,0.654,1.775,2,0.7071067811865475,2.0
P2_0250,supercritical_f2.0_beta0.5_M1.0_theta30_seed2,oblique_theta30,2.0,0.5,1.0,30.0,2,COLLAPSED,,,15.047545433969148,1.8031222920256962,7,4.202,0.105,141.39265043440622,False,0.654,1.775,2,0.7071067811865475,2.0
P2_0251,supercritical_f2.5_beta0.5_M1.0_theta30_seed1,oblique_theta30,2.5,0.5,1.0,30.0,1,COLLAPSED,,,9.966071891511586,1.1898760739373986,9,3.851,0.2148,116.12780994087225,False,0.3643,1.775,2,0.6324555320336759,2.0
P2_0252,supercritical_f2.5_beta0.5_M1.0_theta30_seed2,oblique_theta30,2.5,0.5,1.0,30.0,2,COLLAPSED,,,10.136375878897173,1.1898760739373986,9,3.923,0.1672,138.0016467050631,False,0.3643,1.775,2,0.6324555320336759,2.0
P2_0253,supercritical_f1.4_beta0.5_M2.0_theta30_seed1,oblique_theta30,1.4,0.5,2.0,30.0,1,MEASURABLE,1.3806942548815644,0.1731390595621482,23.1839999724109,4.284806055500573,4,4.574,0.1254,105.99099231650979,False,0.9125,1.695,2,0.8451542547285166,2.0
P2_0254,supercritical_f1.4_beta0.5_M2.0_theta30_seed2,oblique_theta30,1.4,0.5,2.0,30.0,2,MEASURABLE,1.5203013488327817,0.15628697866000996,21.52508886343714,4.284806055500573,5,5.302,0.1028,99.28520069215772,False,0.9125,1.695,2,0.8451542547285166,2.0
P2_0255,supercritical_f1.5_beta0.5_M2.0_theta30_seed1,oblique_theta30,1.5,0.5,2.0,30.0,1,MEASURABLE,1.421882864486916,0.1707681320248786,18.94485082061922,3.5016041446421013,6,5.631,0.1201,102.69381004944465,False,0.8777,1.695,2,0.8164965809277261,2.0
P2_0256,supercritical_f1.5_beta0.5_M2.0_theta30_seed2,oblique_theta30,1.5,0.5,2.0,30.0,2,MEASURABLE,1.3483035829767307,0.14103255477936602,17.830686564780194,3.5016041446421013,5,4.124,0.1046,122.11213522988609,False,0.8777,1.695,2,0.8164965809277261,2.0
P2_0257,supercritical_f1.6_beta0.5_M2.0_theta30_seed1,oblique_theta30,1.6,0.5,2.0,30.0,1,PARTIAL,1.305742187485796,0.39172265624573877,16.075952956242734,2.9571050389458495,5,5.016,0.1076,33.928885576110986,False,0.8392,1.695,2,0.7905694150420948,2.0
P2_0258,supercritical_f1.6_beta0.5_M2.0_theta30_seed2,oblique_theta30,1.6,0.5,2.0,30.0,2,MEASURABLE,1.3494421969464916,0.15100258183831242,16.013769520627783,2.9571050389458495,6,4.122,0.1119,105.28607522300604,False,0.8392,1.695,2,0.7905694150420948,2.0
P2_0259,supercritical_f1.8_beta0.5_M2.0_theta30_seed1,oblique_theta30,1.8,0.5,2.0,30.0,1,PARTIAL,1.2334330496358665,0.3700299148907599,13.003483806727658,2.246913934811199,7,5.006,0.1151,35.34247573927323,False,0.7524,1.695,2,0.7453559924999299,2.0
P2_0260,supercritical_f1.8_beta0.5_M2.0_theta30_seed2,oblique_theta30,1.8,0.5,2.0,30.0,2,PARTIAL,1.2086679310664887,0.3626003793199466,13.387388990832013,2.246913934811199,6,5.607,0.1341,36.52696465007129,False,0.7524,1.695,2,0.7453559924999299,2.0
P2_0261,supercritical_f2.0_beta0.5_M2.0_theta30_seed1,oblique_theta30,2.0,0.5,2.0,30.0,1,COLLAPSED,,,10.846659918104221,1.8031222920256962,8,4.195,0.1503,105.51856037597027,False,0.654,1.695,2,0.7071067811865475,2.0
P2_0262,supercritical_f2.0_beta0.5_M2.0_theta30_seed2,oblique_theta30,2.0,0.5,2.0,30.0,2,COLLAPSED,,,10.202930003951243,1.8031222920256962,8,4.044,0.1244,135.3684481469665,False,0.654,1.695,2,0.7071067811865475,2.0
P2_0263,supercritical_f2.5_beta0.5_M2.0_theta30_seed1,oblique_theta30,2.5,0.5,2.0,30.0,1,COLLAPSED,,,7.111910292879946,1.1898760739373986,10,3.114,0.2466,127.58466126603768,False,0.3643,1.695,2,0.6324555320336759,2.0
P2_0264,supercritical_f2.5_beta0.5_M2.0_theta30_seed2,oblique_theta30,2.5,0.5,2.0,30.0,2,COLLAPSED,,,7.439628668644122,1.1898760739373986,10,3.265,0.1928,130.03827597490653,False,0.3643,1.695,2,0.6324555320336759,2.0
P2_0265,supercritical_f1.4_beta1.0_M1.0_theta30_seed1,oblique_theta30,1.4,1.0,1.0,30.0,1,PARTIAL,2.337832214978325,0.7013496644934974,29.12975369060532,2.9825610778484375,2,5.27,0.083,41.51948328961113,False,0.8193,1.5375,2,0.8451542547285166,2.0
P2_0266,supercritical_f1.4_beta1.0_M1.0_theta30_seed2,oblique_theta30,1.4,1.0,1.0,30.0,2,MEASURABLE,1.9509210905313512,0.1488552792075421,27.364550075719745,2.9825610778484375,3,4.173,0.0763,104.02925703284592,False,0.8193,1.5375,2,0.8451542547285166,2.0
P2_0267,supercritical_f1.5_beta1.0_M1.0_theta30_seed1,oblique_theta30,1.5,1.0,1.0,30.0,1,PARTIAL,1.774824754392209,0.5324474263176627,23.076457738552048,2.43739112029009,5,4.511,0.0722,38.21096848226943,False,0.7475,1.5375,2,0.8164965809277261,2.0
P2_0268,supercritical_f1.5_beta1.0_M1.0_theta30_seed2,oblique_theta30,1.5,1.0,1.0,30.0,2,PARTIAL,1.9449951059331398,0.5834985317799419,24.525166126211786,2.43739112029009,5,5.039,0.0875,34.24346038980392,False,0.7475,1.5375,2,0.8164965809277261,2.0
P2_0269,supercritical_f1.6_beta1.0_M1.0_theta30_seed1,oblique_theta30,1.6,1.0,1.0,30.0,1,PARTIAL,1.562206900299281,0.46866207008978433,20.974429413907444,2.058377036913287,4,5.352,0.0843,33.06344466641396,False,0.6681,1.5375,2,0.7905694150420948,2.0
P2_0270,supercritical_f1.6_beta1.0_M1.0_theta30_seed2,oblique_theta30,1.6,1.0,1.0,30.0,2,MEASURABLE,1.7778759252858736,0.15271954198205653,20.3494704350032,2.058377036913287,3,4.949,0.0859,105.21175107884511,False,0.6681,1.5375,2,0.7905694150420948,2.0
P2_0271,supercritical_f1.8_beta1.0_M1.0_theta30_seed1,oblique_theta30,1.8,1.0,1.0,30.0,1,COLLAPSED,,,16.962674200489044,1.564028327172501,5,4.26,0.124,93.9506138143062,False,0.489,1.5375,2,0.7453559924999299,2.0
P2_0272,supercritical_f1.8_beta1.0_M1.0_theta30_seed2,oblique_theta30,1.8,1.0,1.0,30.0,2,COLLAPSED,,,16.07934449602467,1.564028327172501,4,4.934,0.1067,67.95042055347369,False,0.489,1.5375,2,0.7453559924999299,2.0
P2_0273,supercritical_f2.0_beta1.0_M1.0_theta30_seed1,oblique_theta30,2.0,1.0,1.0,30.0,1,PARTIAL,1.6898325032284445,0.5069497509685333,13.45927145013921,1.2551145366061218,5,3.928,0.1341,42.15465688877069,True,0.2859,1.5375,2,0.7071067811865475,2.0
P2_0274,supercritical_f2.0_beta1.0_M1.0_theta30_seed2,oblique_theta30,2.0,1.0,1.0,30.0,2,PARTIAL,1.5537246711905124,0.4661174013571537,13.554504019827286,1.2551145366061218,5,4.861,0.1599,33.32896120564386,True,0.2859,1.5375,2,0.7071067811865475,2.0
P2_0275,supercritical_f2.5_beta1.0_M1.0_theta30_seed1,oblique_theta30,2.5,1.0,1.0,30.0,1,PARTIAL,1.714647908207885,0.5143943724623654,9.57728164029497,0.8282470710740715,7,3.355,0.2153,39.917893270855515,True,0.05,1.5375,2,0.6324555320336759,2.0
P2_0276,supercritical_f2.5_beta1.0_M1.0_theta30_seed2,oblique_theta30,2.5,1.0,1.0,30.0,2,PARTIAL,1.7054958436081937,0.511648753082458,9.412284522416837,0.8282470710740715,6,3.093,0.2224,38.7873071134769,True,0.05,1.5375,2,0.6324555320336759,2.0
P2_0277,supercritical_f1.4_beta1.0_M2.0_theta30_seed1,oblique_theta30,1.4,1.0,2.0,30.0,1,MEASURABLE,1.815529029279538,0.1855470667923688,19.273258606703113,2.9825610778484375,4,4.511,0.1022,101.58760344589446,False,0.8193,1.4575,2,0.8451542547285166,2.0
P2_0278,supercritical_f1.4_beta1.0_M2.0_theta30_seed2,oblique_theta30,1.4,1.0,2.0,30.0,2,MEASURABLE,1.8705432814256622,0.2197888355675153,20.48320736562464,2.9825610778484375,4,5.039,0.1175,94.65661078273968,False,0.8193,1.4575,2,0.8451542547285166,2.0
P2_0279,supercritical_f1.5_beta1.0_M2.0_theta30_seed1,oblique_theta30,1.5,1.0,2.0,30.0,1,MEASURABLE,1.7206801571501231,0.19185583752223873,17.111843978878166,2.43739112029009,5,5.392,0.1115,87.6991825899904,False,0.7475,1.4575,2,0.8164965809277261,2.0
P2_0280,supercritical_f1.5_beta1.0_M2.0_theta30_seed2,oblique_theta30,1.5,1.0,2.0,30.0,2,PARTIAL,1.5170767153648967,0.455123014609469,16.601975494297726,2.43739112029009,3,4.989,0.1131,36.732934061236605,False,0.7475,1.4575,2,0.8164965809277261,2.0
P2_0281,supercritical_f1.6_beta1.0_M2.0_theta30_seed1,oblique_theta30,1.6,1.0,2.0,30.0,1,PARTIAL,1.55493122690026,0.46647936807007795,14.73152954116487,2.058377036913287,5,4.916,0.1303,40.843495111467725,False,0.6681,1.4575,2,0.7905694150420948,2.0
P2_0282,supercritical_f1.6_beta1.0_M2.0_theta30_seed2,oblique_theta30,1.6,1.0,2.0,30.0,2,PARTIAL,1.6352286641394411,0.4905685992418323,14.442240032719376,2.058377036913287,5,4.785,0.125,30.367326089011506,False,0.6681,1.4575,2,0.7905694150420948,2.0
P2_0283,supercritical_f1.8_beta1.0_M2.0_theta30_seed1,oblique_theta30,1.8,1.0,2.0,30.0,1,COLLAPSED,,,11.831682487322865,1.564028327172501,6,4.397,0.1502,84.42530423760412,False,0.489,1.4575,2,0.7453559924999299,2.0
P2_0284,supercritical_f1.8_beta1.0_M2.0_theta30_seed2,oblique_theta30,1.8,1.0,2.0,30.0,2,COLLAPSED,,,11.951859037760022,1.564028327172501,5,4.72,0.1477,82.90113607212594,False,0.489,1.4575,2,0.7453559924999299,2.0
P2_0285,supercritical_f2.0_beta1.0_M2.0_theta30_seed1,oblique_theta30,2.0,1.0,2.0,30.0,1,PARTIAL,1.8075270140398192,0.5422581042119458,9.531552154251372,1.2551145366061218,6,3.94,0.1613,36.026573450344436,True,0.2859,1.4575,2,0.7071067811865475,2.0
P2_0286,supercritical_f2.0_beta1.0_M2.0_theta30_seed2,oblique_theta30,2.0,1.0,2.0,30.0,2,PARTIAL,1.3847283351859585,0.41541850055578755,9.985433688652465,1.2551145366061218,6,3.573,0.1966,41.68121842361669,True,0.2859,1.4575,2,0.7071067811865475,2.0
P2_0287,supercritical_f2.5_beta1.0_M2.0_theta30_seed1,oblique_theta30,2.5,1.0,2.0,30.0,1,PARTIAL,1.4335202153858293,0.4300560646157488,6.213817457762163,0.8282470710740715,7,2.507,0.2576,33.84841986781272,True,0.05,1.4575,2,0.6324555320336759,2.0
P2_0288,supercritical_f2.5_beta1.0_M2.0_theta30_seed2,oblique_theta30,2.5,1.0,2.0,30.0,2,PARTIAL,1.3539218936631074,0.4061765680989322,6.463123212932832,0.8282470710740715,8,2.914,0.2796,32.841371633977886,True,0.05,1.4575,2,0.6324555320336759,2.0
P2_0289,supercritical_f1.4_beta2.0_M1.0_theta30_seed1,oblique_theta30,1.4,2.0,1.0,30.0,1,PARTIAL,2.2448234187284104,0.6734470256185231,26.194562009630403,2.33143858902237,4,4.511,0.0722,38.21096848226943,False,0.7043,1.4188,2,0.8451542547285166,2.0
P2_0290,supercritical_f1.4_beta2.0_M1.0_theta30_seed2,oblique_theta30,1.4,2.0,1.0,30.0,2,PARTIAL,2.460057283011053,0.7380171849033159,27.83902070967723,2.33143858902237,4,5.039,0.0875,34.24346038980392,False,0.7043,1.4188,2,0.8451542547285166,2.0
P2_0291,supercritical_f1.5_beta2.0_M1.0_theta30_seed1,oblique_theta30,1.5,2.0,1.0,30.0,1,PARTIAL,1.9732627099913218,0.5919788129973965,23.256952410110387,1.9052846081140844,3,5.315,0.087,33.06344466641396,False,0.5868,1.4188,2,0.8164965809277261,2.0
P2_0292,supercritical_f1.5_beta2.0_M1.0_theta30_seed2,oblique_theta30,1.5,2.0,1.0,30.0,2,PARTIAL,1.9784345033229662,0.5935303509968899,22.563982844940252,1.9052846081140844,2,4.911,0.0886,30.174389680720374,False,0.5868,1.4188,2,0.8164965809277261,2.0
P2_0293,supercritical_f1.6_beta2.0_M1.0_theta30_seed1,oblique_theta30,1.6,2.0,1.0,30.0,1,PARTIAL,2.0278009400822214,0.6083402820246664,20.021832941552326,1.609013035897006,3,4.838,0.1061,41.802485423088186,False,0.4568,1.4188,2,0.7905694150420948,2.0
P2_0294,supercritical_f1.6_beta2.0_M1.0_theta30_seed2,oblique_theta30,1.6,2.0,1.0,30.0,2,PARTIAL,2.132517609156004,0.6397552827468012,19.628655424332923,1.609013035897006,4,4.708,0.1005,31.8735897195885,False,0.4568,1.4188,2,0.7905694150420948,2.0
P2_0295,supercritical_f1.8_beta2.0_M1.0_theta30_seed1,oblique_theta30,1.8,2.0,1.0,30.0,1,PARTIAL,2.141032267174533,0.6423096801523599,16.080609248124066,1.222585523353152,4,4.319,0.1256,32.453777139276454,True,0.1637,1.4188,2,0.7453559924999299,2.0
P2_0296,supercritical_f1.8_beta2.0_M1.0_theta30_seed2,oblique_theta30,1.8,2.0,1.0,30.0,2,PARTIAL,2.11051289436417,0.6331538683092509,16.243942920274076,1.222585523353152,4,4.642,0.1229,40.29922665535082,True,0.1637,1.4188,2,0.7453559924999299,2.0
P2_0297,supercritical_f2.0_beta2.0_M1.0_theta30_seed1,oblique_theta30,2.0,2.0,1.0,30.0,1,PARTIAL,2.3572135634581763,0.7071640690374529,12.954469145437013,0.9811106588963345,5,3.862,0.136,34.42261748780737,True,0.05,1.4188,2,0.7071067811865475,2.0
P2_0298,supercritical_f2.0_beta2.0_M1.0_theta30_seed2,oblique_theta30,2.0,2.0,1.0,30.0,2,PARTIAL,1.805837693186086,0.5417513079558258,13.571346044175902,0.9811106588963345,5,3.496,0.1726,34.326666755089306,True,0.05,1.4188,2,0.7071067811865475,2.0
P2_0299,supercritical_f2.5_beta2.0_M1.0_theta30_seed1,oblique_theta30,2.5,2.0,1.0,30.0,1,PARTIAL,1.8694676588244465,0.5608402976473339,8.445288367441155,0.6474325696424079,5,2.429,0.2332,31.23944166189745,True,0.05,1.4188,2,0.6324555320336759,2.0
P2_0300,supercritical_f2.5_beta2.0_M1.0_theta30_seed2,oblique_theta30,2.5,2.0,1.0,30.0,2,PARTIAL,1.7656627130969942,0.5296988139290982,8.784123392510791,0.6474325696424079,5,2.836,0.2558,39.02186887593099,True,0.05,1.4188,2,0.6324555320336759,2.0
P2_0301,supercritical_f1.4_beta2.0_M2.0_theta30_seed1,oblique_theta30,1.4,2.0,2.0,30.0,1,MEASURABLE,2.176340567344993,0.2485380927907982,19.424006200700795,2.33143858902237,4,5.355,0.1142,87.6991825899904,False,0.7043,1.3388,2,0.8451542547285166,2.0
P2_0302,supercritical_f1.4_beta2.0_M2.0_theta30_seed2,oblique_theta30,1.4,2.0,2.0,30.0,2,PARTIAL,1.9188200582794643,0.5756460174838393,18.845243992591787,2.33143858902237,2,4.951,0.1158,36.732934061236605,False,0.7043,1.3388,2,0.8451542547285166,2.0
P2_0303,supercritical_f1.5_beta2.0_M2.0_theta30_seed1,oblique_theta30,1.5,2.0,2.0,30.0,1,PARTIAL,1.9640726244747273,0.5892217873424181,16.334674698699224,1.9052846081140844,4,4.878,0.1331,40.843495111467725,False,0.5868,1.3388,2,0.8164965809277261,2.0
P2_0304,supercritical_f1.5_beta2.0_M2.0_theta30_seed2,oblique_theta30,1.5,2.0,2.0,30.0,2,PARTIAL,2.0654983310066792,0.6196494993020037,16.013903525481993,1.9052846081140844,4,4.748,0.1277,30.367326089011506,False,0.5868,1.3388,2,0.8164965809277261,2.0
P2_0305,supercritical_f1.6_beta2.0_M2.0_theta30_seed1,oblique_theta30,1.6,2.0,2.0,30.0,1,COLLAPSED,,,14.650697072198591,1.609013035897006,4,4.263,0.1538,83.51165672382774,False,0.4568,1.3388,2,0.7905694150420948,2.0
P2_0306,supercritical_f1.6_beta2.0_M2.0_theta30_seed2,oblique_theta30,1.6,2.0,2.0,30.0,2,COLLAPSED,,,13.887763364811278,1.609013035897006,2,4.936,0.1365,60.40037382530994,False,0.4568,1.3388,2,0.7905694150420948,2.0
P2_0307,supercritical_f1.8_beta2.0_M2.0_theta30_seed1,oblique_theta30,1.8,2.0,2.0,30.0,1,PARTIAL,2.0527319961825166,0.6158195988547549,11.157397669431592,1.222585523353152,4,3.931,0.164,42.230349916319575,True,0.1637,1.3388,2,0.7453559924999299,2.0
P2_0308,supercritical_f1.8_beta2.0_M2.0_theta30_seed2,oblique_theta30,1.8,2.0,2.0,30.0,2,PARTIAL,1.887394365842518,0.5662183097527554,11.23634307557991,1.222585523353152,4,4.864,0.1897,32.2356915561482,True,0.1637,1.3388,2,0.7453559924999299,2.0
P2_0309,supercritical_f2.0_beta2.0_M2.0_theta30_seed1,oblique_theta30,2.0,2.0,2.0,30.0,1,PARTIAL,2.2601543522705585,0.6780463056811675,9.182550220108945,0.9811106588963345,4,3.714,0.2227,44.403464244612934,True,0.05,1.3388,2,0.7071067811865475,2.0
P2_0310,supercritical_f2.0_beta2.0_M2.0_theta30_seed2,oblique_theta30,2.0,2.0,2.0,30.0,2,PARTIAL,1.8103599935999728,0.5431079980799918,9.228824288832186,0.9811106588963345,6,3.837,0.2153,34.32287796012511,True,0.05,1.3388,2,0.7071067811865475,2.0
P2_0311,supercritical_f2.5_beta2.0_M2.0_theta30_seed1,oblique_theta30,2.5,2.0,2.0,30.0,1,PARTIAL,2.351817626527647,0.7055452879582941,6.027909450651584,0.6474325696424079,5,2.697,0.2848,31.67617928455956,True,0.05,1.3388,2,0.6324555320336759,2.0
P2_0312,supercritical_f2.5_beta2.0_M2.0_theta30_seed2,oblique_theta30,2.5,2.0,2.0,30.0,2,PARTIAL,1.868502765413795,0.5605508296241385,6.196983685932666,0.6474325696424079,5,3.05,0.2597,36.434020493876126,True,0.05,1.3388,2,0.6324555320336759,2.0
P2_0313,supercritical_f1.4_beta0.5_M1.0_theta45_seed1,oblique_theta45,1.4,0.5,1.0,45.0,1,MEASURABLE,1.0870173505852225,0.07848265271225306,36.01752276324181,4.200790250490757,8,4.511,0.0722,101.79388586111824,False,0.9089,1.85,2,0.8451542547285166,2.0
P2_0314,supercritical_f1.4_beta0.5_M1.0_theta45_seed2,oblique_theta45,1.4,0.5,1.0,45.0,2,MEASURABLE,1.1199562051272722,0.09799616794863632,38.27865347580619,4.200790250490757,8,5.039,0.0875,94.65661078273968,False,0.9089,1.85,2,0.8451542547285166,2.0
P2_0315,supercritical_f1.5_beta0.5_M1.0_theta45_seed1,oblique_theta45,1.5,0.5,1.0,45.0,1,MEASURABLE,1.0302281899464485,0.07778222834095685,31.978309563901778,3.432945239845197,7,5.477,0.0755,85.68111063347874,False,0.8727,1.85,2,0.8164965809277261,2.0
P2_0316,supercritical_f1.5_beta0.5_M1.0_theta45_seed2,oblique_theta45,1.5,0.5,1.0,45.0,2,MEASURABLE,1.0310196683173838,0.07928541249360681,31.02547641179284,3.432945239845197,6,5.074,0.0769,104.36626266118665,False,0.8727,1.85,2,0.8164965809277261,2.0
P2_0317,supercritical_f1.6_beta0.5_M1.0_theta45_seed1,oblique_theta45,1.6,0.5,1.0,45.0,1,MEASURABLE,1.0246102505076602,0.0811491318402067,27.530020294634447,2.8991225872018127,8,5.201,0.0792,114.35501265693048,False,0.8327,1.85,2,0.7905694150420948,2.0
P2_0318,supercritical_f1.6_beta0.5_M1.0_theta45_seed2,oblique_theta45,1.6,0.5,1.0,45.0,2,MEASURABLE,1.0406358287420396,0.07804768715565297,26.98940120845777,2.8991225872018127,9,5.07,0.075,89.85863277136154,False,0.8327,1.85,2,0.7905694150420948,2.0
P2_0319,supercritical_f1.8_beta0.5_M1.0_theta45_seed1,oblique_theta45,1.8,0.5,1.0,45.0,1,MEASURABLE,1.0171405516689949,0.07445468838217043,22.11083771617059,2.2028567988345085,9,5.082,0.0732,95.29025911844478,False,0.7424,1.85,2,0.7453559924999299,2.0
P2_0320,supercritical_f1.8_beta0.5_M1.0_theta45_seed2,oblique_theta45,1.8,0.5,1.0,45.0,2,PARTIAL,0.9689629111331425,0.29068887333994275,22.335421515376854,2.2028567988345085,9,5.405,0.0717,40.466910897489626,False,0.7424,1.85,2,0.7453559924999299,2.0
P2_0321,supercritical_f2.0_beta0.5_M1.0_theta45_seed1,oblique_theta45,2.0,0.5,1.0,45.0,1,PARTIAL,1.0822262790766202,0.32466788372298605,17.81239507497589,1.7677669529663687,11,4.725,0.0834,36.130352063196455,False,0.64,1.85,2,0.7071067811865475,2.0
P2_0322,supercritical_f2.0_beta0.5_M1.0_theta45_seed2,oblique_theta45,2.0,0.5,1.0,45.0,2,PARTIAL,0.8290827091822647,0.2487248127546794,18.66060081074186,1.7677669529663687,11,4.358,0.1058,32.08957407275085,False,0.64,1.85,2,0.7071067811865475,2.0
P2_0323,supercritical_f2.5_beta0.5_M1.0_theta45_seed1,oblique_theta45,2.5,0.5,1.0,45.0,1,PARTIAL,0.8582960235879189,0.25748880707637567,11.612271505231586,1.1665451705268612,12,3.292,0.1709,31.04788371988921,False,0.3386,1.85,2,0.6324555320336759,2.0
P2_0324,supercritical_f2.5_beta0.5_M1.0_theta45_seed2,oblique_theta45,2.5,0.5,1.0,45.0,2,COLLAPSED,,,12.078169664702337,1.1665451705268612,12,3.699,0.1874,103.90520715558449,False,0.3386,1.85,2,0.6324555320336759,2.0
P2_0325,supercritical_f1.4_beta0.5_M2.0_theta45_seed1,oblique_theta45,1.4,0.5,2.0,45.0,1,MEASURABLE,0.9991852205134577,0.10541404076416978,26.708008525963592,4.200790250490757,8,5.477,0.1055,108.90491694231625,False,0.9089,1.77,2,0.8451542547285166,2.0
P2_0326,supercritical_f1.4_beta0.5_M2.0_theta45_seed2,oblique_theta45,1.4,0.5,2.0,45.0,2,MEASURABLE,0.9999528499554708,0.10689495966023983,25.912210489813706,4.200790250490757,6,5.074,0.1069,69.82542371579625,False,0.9089,1.77,2,0.8451542547285166,2.0
P2_0327,supercritical_f1.5_beta0.5_M2.0_theta45_seed1,oblique_theta45,1.5,0.5,2.0,45.0,1,MEASURABLE,0.9924095131826354,0.10837111883954378,22.460177710711427,3.432945239845197,8,5.201,0.1092,106.9367044631702,False,0.8727,1.77,2,0.8164965809277261,2.0
P2_0328,supercritical_f1.5_beta0.5_M2.0_theta45_seed2,oblique_theta45,1.5,0.5,2.0,45.0,2,MEASURABLE,1.0079314507058748,0.10583280232411685,22.019117347537737,3.432945239845197,8,5.07,0.105,84.74856429458457,False,0.8727,1.77,2,0.8164965809277261,2.0
P2_0329,supercritical_f1.6_beta0.5_M2.0_theta45_seed1,oblique_theta45,1.6,0.5,2.0,45.0,1,MEASURABLE,1.0297643840932784,0.11646635184094979,20.144708474273063,2.8991225872018127,9,4.785,0.1131,92.43977176703658,False,0.8327,1.77,2,0.7905694150420948,2.0
P2_0330,supercritical_f1.6_beta0.5_M2.0_theta45_seed2,oblique_theta45,1.6,0.5,2.0,45.0,2,MEASURABLE,0.9513516593350555,0.09656219342250814,19.09567462661551,2.8991225872018127,7,5.459,0.1015,83.83603595588674,False,0.8327,1.77,2,0.7905694150420948,2.0
P2_0331,supercritical_f1.8_beta0.5_M2.0_theta45_seed1,oblique_theta45,1.8,0.5,2.0,45.0,1,PARTIAL,0.9424349768762662,0.28273049306287984,15.341421795468438,2.2028567988345085,9,4.793,0.1059,35.41331739701206,False,0.7424,1.77,2,0.7453559924999299,2.0
P2_0332,supercritical_f1.8_beta0.5_M2.0_theta45_seed2,oblique_theta45,1.8,0.5,2.0,45.0,2,MEASURABLE,0.9438503236525937,0.11373396400013754,15.449971728922376,2.2028567988345085,9,5.726,0.1205,89.37228200946284,False,0.7424,1.77,2,0.7453559924999299,2.0
P2_0333,supercritical_f2.0_beta0.5_M2.0_theta45_seed1,oblique_theta45,2.0,0.5,2.0,45.0,1,COLLAPSED,,,12.626006552649796,1.7677669529663687,10,4.576,0.1531,111.25627561396155,False,0.64,1.77,2,0.7071067811865475,2.0
P2_0334,supercritical_f2.0_beta0.5_M2.0_theta45_seed2,oblique_theta45,2.0,0.5,2.0,45.0,2,COLLAPSED,,,12.689633397144254,1.7677669529663687,12,4.699,0.1484,84.13985144449943,False,0.64,1.77,2,0.7071067811865475,2.0
P2_0335,supercritical_f2.5_beta0.5_M2.0_theta45_seed1,oblique_theta45,2.5,0.5,2.0,45.0,1,PARTIAL,1.0797489368294069,0.32392468104882205,8.288375494645928,1.1665451705268612,12,3.56,0.2199,43.10957351251845,False,0.3386,1.77,2,0.6324555320336759,2.0
P2_0336,supercritical_f2.5_beta0.5_M2.0_theta45_seed2,oblique_theta45,2.5,0.5,2.0,45.0,2,COLLAPSED,,,8.520852568157416,1.1665451705268612,12,3.913,0.2013,119.30499764423142,False,0.3386,1.77,2,0.6324555320336759,2.0
P2_0337,supercritical_f1.4_beta1.0_M1.0_theta45_seed1,oblique_theta45,1.4,1.0,1.0,45.0,1,MEASURABLE,1.528020504826315,0.13767464748485098,31.64515223852691,2.94055317534353,6,5.631,0.0901,94.83013225740106,False,0.8141,1.575,2,0.8451542547285166,2.0
P2_0338,supercritical_f1.4_beta1.0_M1.0_theta45_seed2,oblique_theta45,1.4,1.0,1.0,45.0,2,MEASURABLE,1.4489488360651044,0.10809158317045679,29.7840714715896,2.94055317534353,5,4.124,0.0746,97.67456562100038,False,0.8141,1.575,2,0.8451542547285166,2.0
P2_0339,supercritical_f1.5_beta1.0_M1.0_theta45_seed1,oblique_theta45,1.5,1.0,1.0,45.0,1,MEASURABLE,1.4499538749701204,0.11251642069768135,26.230911303514027,2.403061667891638,4,5.016,0.0776,95.46038403060936,False,0.7402,1.575,2,0.8164965809277261,2.0
P2_0340,supercritical_f1.5_beta1.0_M1.0_theta45_seed2,oblique_theta45,1.5,1.0,1.0,45.0,2,PARTIAL,1.39618251226467,0.418854753679401,26.129447446994707,2.403061667891638,6,4.122,0.0819,35.85371007913609,False,0.7402,1.575,2,0.8164965809277261,2.0
P2_0341,supercritical_f1.6_beta1.0_M1.0_theta45_seed1,oblique_theta45,1.6,1.0,1.0,45.0,1,PARTIAL,1.6215755213365932,0.4864726564009779,24.18301753020009,2.029385811041269,5,4.871,0.0903,43.24562144285593,False,0.6585,1.575,2,0.7905694150420948,2.0
P2_0342,supercritical_f1.6_beta1.0_M1.0_theta45_seed2,oblique_theta45,1.6,1.0,1.0,45.0,2,PARTIAL,1.6472729853439056,0.49418189560317166,23.33323981004939,2.029385811041269,4,4.636,0.0937,30.587233067848064,False,0.6585,1.575,2,0.7905694150420948,2.0
P2_0343,supercritical_f1.8_beta1.0_M1.0_theta45_seed1,oblique_theta45,1.8,1.0,1.0,45.0,1,COLLAPSED,,,17.822973637161688,1.5419997591841557,6,4.437,0.0991,83.69326435755497,False,0.4743,1.575,2,0.7453559924999299,2.0
P2_0344,supercritical_f1.8_beta1.0_M1.0_theta45_seed2,oblique_theta45,1.8,1.0,1.0,45.0,2,COLLAPSED,,,18.35612585838357,1.5419997591841557,6,4.202,0.105,127.25338539096559,False,0.4743,1.575,2,0.7453559924999299,2.0
P2_0345,supercritical_f2.0_beta1.0_M1.0_theta45_seed1,oblique_theta45,2.0,1.0,1.0,45.0,1,PARTIAL,1.4641800091120007,0.4392540027336002,14.932413754128806,1.237436867076458,6,4.638,0.1333,33.31991758417316,True,0.2653,1.575,2,0.7071067811865475,2.0
P2_0346,supercritical_f2.0_beta1.0_M1.0_theta45_seed2,oblique_theta45,2.0,1.0,1.0,45.0,2,PARTIAL,1.3241199695720627,0.3972359908716188,14.14420983335802,1.237436867076458,7,3.562,0.1279,41.98785359893297,True,0.2653,1.575,2,0.7071067811865475,2.0
P2_0347,supercritical_f2.5_beta1.0_M1.0_theta45_seed1,oblique_theta45,2.5,1.0,1.0,45.0,1,PARTIAL,1.2672588582917292,0.38017765748751875,9.962421756192015,0.8165816193688028,9,3.094,0.1863,32.14317939520461,True,0.05,1.575,2,0.6324555320336759,2.0
P2_0348,supercritical_f2.5_beta1.0_M1.0_theta45_seed2,oblique_theta45,2.5,1.0,1.0,45.0,2,PARTIAL,1.1279264809256393,0.3383779442776918,9.62822257975473,0.8165816193688028,9,3.282,0.2221,38.00863455343548,True,0.05,1.575,2,0.6324555320336759,2.0
P2_0349,supercritical_f1.4_beta1.0_M2.0_theta45_seed1,oblique_theta45,1.4,1.0,2.0,45.0,1,PARTIAL,1.3591112900392741,0.40773338701178224,21.907831035849405,2.94055317534353,5,5.016,0.1076,33.928885576110986,False,0.8141,1.495,2,0.8451542547285166,2.0
P2_0350,supercritical_f1.4_beta1.0_M2.0_theta45_seed2,oblique_theta45,1.4,1.0,2.0,45.0,2,MEASURABLE,1.4045974333239726,0.15717445278895253,21.82308929740385,2.94055317534353,6,4.122,0.1119,105.28607522300604,False,0.8141,1.495,2,0.8451542547285166,2.0
P2_0351,supercritical_f1.5_beta1.0_M2.0_theta45_seed1,oblique_theta45,1.5,1.0,2.0,45.0,1,MEASURABLE,1.4572375338691508,0.17049679146269064,19.729548525447466,2.403061667891638,6,4.911,0.117,96.6211825035434,False,0.7402,1.495,2,0.8164965809277261,2.0
P2_0352,supercritical_f1.5_beta1.0_M2.0_theta45_seed2,oblique_theta45,1.5,1.0,2.0,45.0,2,PARTIAL,1.5955036372650755,0.47865109117952265,19.036263217085096,2.403061667891638,5,4.676,0.1203,38.173037319653965,False,0.7402,1.495,2,0.8164965809277261,2.0
P2_0353,supercritical_f1.6_beta1.0_M2.0_theta45_seed1,oblique_theta45,1.6,1.0,2.0,45.0,1,PARTIAL,1.2777954513987944,0.3833386354196383,16.527139482933464,2.029385811041269,6,5.006,0.1151,35.34247573927323,False,0.6585,1.495,2,0.7905694150420948,2.0
P2_0354,supercritical_f1.6_beta1.0_M2.0_theta45_seed2,oblique_theta45,1.6,1.0,2.0,45.0,2,PARTIAL,1.2521396155424056,0.3756418846627217,17.01507445637737,2.029385811041269,5,5.607,0.1341,36.52696465007129,False,0.6585,1.495,2,0.7905694150420948,2.0
P2_0355,supercritical_f1.8_beta1.0_M2.0_theta45_seed1,oblique_theta45,1.8,1.0,2.0,45.0,1,COLLAPSED,,,13.231570256657301,1.5419997591841557,7,4.195,0.1503,94.96670433837325,False,0.4743,1.495,2,0.7453559924999299,2.0
P2_0356,supercritical_f1.8_beta1.0_M2.0_theta45_seed2,oblique_theta45,1.8,1.0,2.0,45.0,2,COLLAPSED,,,12.446300168930996,1.5419997591841557,7,4.044,0.1244,121.83160333226984,False,0.4743,1.495,2,0.7453559924999299,2.0
P2_0357,supercritical_f2.0_beta1.0_M2.0_theta45_seed1,oblique_theta45,2.0,1.0,2.0,45.0,1,PARTIAL,1.2670219552142805,0.38010658656428414,10.303817437765902,1.237436867076458,8,3.922,0.2113,34.63195357568496,True,0.2653,1.495,2,0.7071067811865475,2.0
P2_0358,supercritical_f2.0_beta1.0_M2.0_theta45_seed2,oblique_theta45,2.0,1.0,2.0,45.0,2,PARTIAL,1.2048013359659586,0.36144040078978756,10.552492064619882,1.237436867076458,7,4.248,0.1937,42.46440901988074,True,0.2653,1.495,2,0.7071067811865475,2.0
P2_0359,supercritical_f2.5_beta1.0_M2.0_theta45_seed1,oblique_theta45,2.5,1.0,2.0,45.0,1,PARTIAL,1.083487148508368,0.32504614455251035,7.145963801927341,0.8165816193688028,10,3.387,0.227,44.70345155574701,True,0.05,1.495,2,0.6324555320336759,2.0
P2_0360,supercritical_f2.5_beta1.0_M2.0_theta45_seed2,oblique_theta45,2.5,1.0,2.0,45.0,2,PARTIAL,1.228777454213328,0.3686332362639984,7.0314797542391725,0.8165816193688028,9,3.33,0.2432,41.32871049259886,True,0.05,1.495,2,0.6324555320336759,2.0
P2_0361,supercritical_f1.4_beta2.0_M1.0_theta45_seed1,oblique_theta45,1.4,2.0,1.0,45.0,1,PARTIAL,1.8636676145033453,0.5591002843510036,28.47026919688106,2.3104346377699163,2,5.016,0.0776,39.17141544765894,False,0.6989,1.4375,2,0.8451542547285166,2.0
P2_0362,supercritical_f1.4_beta2.0_M1.0_theta45_seed2,oblique_theta45,1.4,2.0,1.0,45.0,2,PARTIAL,1.8568131561086316,0.5570439468325895,28.360143274245967,2.3104346377699163,4,4.122,0.0819,35.85371007913609,False,0.6989,1.4375,2,0.8451542547285166,2.0
P2_0363,supercritical_f1.5_beta2.0_M1.0_theta45_seed1,oblique_theta45,1.5,2.0,1.0,45.0,1,PARTIAL,2.153688258860509,0.6461064776581527,25.6394873930357,1.8881198819148584,4,4.796,0.0963,43.24562144285593,False,0.5792,1.4375,2,0.8164965809277261,2.0
P2_0364,supercritical_f1.5_beta2.0_M1.0_theta45_seed2,oblique_theta45,1.5,2.0,1.0,45.0,2,PARTIAL,2.187818230475658,0.6563454691426974,24.73853013592428,1.8881198819148584,3,4.561,0.1,30.587233067848064,False,0.5792,1.4375,2,0.8164965809277261,2.0
P2_0365,supercritical_f1.6_beta2.0_M1.0_theta45_seed1,oblique_theta45,1.6,2.0,1.0,45.0,1,PARTIAL,1.7521640929513593,0.5256492278854078,21.47780441448315,1.594517422960997,4,4.891,0.0928,30.853386412132352,False,0.4469,1.4375,2,0.7905694150420948,2.0
P2_0366,supercritical_f1.6_beta2.0_M1.0_theta45_seed2,oblique_theta45,1.6,2.0,1.0,45.0,2,PARTIAL,1.7169837874392304,0.5150951362317691,22.111899137132283,1.594517422960997,3,5.492,0.1135,44.57922504489842,False,0.4469,1.4375,2,0.7905694150420948,2.0
P2_0367,supercritical_f1.8_beta2.0_M1.0_theta45_seed1,oblique_theta45,1.8,2.0,1.0,45.0,1,PARTIAL,1.898540046173728,0.5695620138521184,17.195055342906628,1.2115712393589795,6,4.08,0.1286,33.08455617444997,True,0.1484,1.4375,2,0.7453559924999299,2.0
P2_0368,supercritical_f1.8_beta2.0_M1.0_theta45_seed2,oblique_theta45,1.8,2.0,1.0,45.0,2,PARTIAL,2.332740416939245,0.6998221250817735,16.174559486733457,1.2115712393589795,5,3.929,0.1008,39.07752238438532,True,0.1484,1.4375,2,0.7453559924999299,2.0
P2_0369,supercritical_f2.0_beta2.0_M1.0_theta45_seed1,oblique_theta45,2.0,2.0,1.0,45.0,1,PARTIAL,1.7373910452390753,0.5212173135717225,13.390301199999131,0.9722718241315027,6,3.807,0.1913,40.85621319436992,True,0.05,1.4375,2,0.7071067811865475,2.0
P2_0370,supercritical_f2.0_beta2.0_M1.0_theta45_seed2,oblique_theta45,2.0,2.0,1.0,45.0,2,PARTIAL,1.6520716502069805,0.49562149506209413,13.713465713975044,0.9722718241315027,5,4.133,0.1728,30.751784946504298,True,0.05,1.4375,2,0.7071067811865475,2.0
P2_0371,supercritical_f2.5_beta2.0_M1.0_theta45_seed1,oblique_theta45,2.5,2.0,1.0,45.0,1,PARTIAL,1.4857207972625048,0.4457162391787514,9.28652009316316,0.6415998437897736,8,3.272,0.2044,42.47522894072124,True,0.05,1.4375,2,0.6324555320336759,2.0
P2_0372,supercritical_f2.5_beta2.0_M1.0_theta45_seed2,oblique_theta45,2.5,2.0,1.0,45.0,2,PARTIAL,1.6849486599313528,0.5054845979794058,9.137742623997129,0.6415998437897736,7,3.215,0.2212,39.547632532780696,True,0.05,1.4375,2,0.6324555320336759,2.0
P2_0373,supercritical_f1.4_beta2.0_M2.0_theta45_seed1,oblique_theta45,1.4,2.0,2.0,45.0,1,MEASURABLE,1.93801154268476,0.23856922090449395,21.413878883314595,2.3104346377699163,4,4.836,0.1231,96.6211825035434,False,0.6989,1.3575,2,0.8451542547285166,2.0
P2_0374,supercritical_f1.4_beta2.0_M2.0_theta45_seed2,oblique_theta45,1.4,2.0,2.0,45.0,2,PARTIAL,2.1218946078099594,0.6365683823429878,20.661407147547063,2.3104346377699163,3,4.601,0.1266,38.173037319653965,False,0.6989,1.3575,2,0.8451542547285166,2.0
P2_0375,supercritical_f1.5_beta2.0_M2.0_theta45_seed1,oblique_theta45,1.5,2.0,2.0,45.0,1,PARTIAL,1.6970983001979565,0.5091294900593869,17.522519010972616,1.8881198819148584,5,4.931,0.1201,35.34247573927323,False,0.5792,1.3575,2,0.8164965809277261,2.0
P2_0376,supercritical_f1.5_beta2.0_M2.0_theta45_seed2,oblique_theta45,1.5,2.0,2.0,45.0,2,PARTIAL,1.66302361682483,0.49890708504744896,18.03984082925328,1.8881198819148584,4,5.532,0.1402,36.52696465007129,False,0.5792,1.3575,2,0.8164965809277261,2.0
P2_0377,supercritical_f1.6_beta2.0_M2.0_theta45_seed1,oblique_theta45,1.6,2.0,2.0,45.0,1,COLLAPSED,,,14.719068657023987,1.594517422960997,5,4.402,0.1314,74.39401276227107,False,0.4469,1.3575,2,0.7905694150420948,2.0
P2_0378,supercritical_f1.6_beta2.0_M2.0_theta45_seed2,oblique_theta45,1.6,2.0,2.0,45.0,2,COLLAPSED,,,15.15937139822579,1.594517422960997,4,4.167,0.1374,113.11412034752496,False,0.4469,1.3575,2,0.7905694150420948,2.0
P2_0379,supercritical_f1.8_beta2.0_M2.0_theta45_seed1,oblique_theta45,1.8,2.0,2.0,45.0,1,PARTIAL,1.870175524757676,0.5610526574273027,11.836071327213789,1.2115712393589795,4,4.603,0.1657,40.294970905997516,True,0.1484,1.3575,2,0.7453559924999299,2.0
P2_0380,supercritical_f1.8_beta2.0_M2.0_theta45_seed2,oblique_theta45,1.8,2.0,2.0,45.0,2,PARTIAL,1.6912789025431405,0.5073836707629421,11.211307107560886,1.2115712393589795,5,3.527,0.1602,33.64540669077278,True,0.1484,1.3575,2,0.7453559924999299,2.0
P2_0381,supercritical_f2.0_beta2.0_M2.0_theta45_seed1,oblique_theta45,2.0,2.0,2.0,45.0,1,PARTIAL,1.5992921382012337,0.4797876414603701,9.65969368269997,0.9722718241315027,5,3.685,0.1895,38.034648685055515,True,0.05,1.3575,2,0.7071067811865475,2.0
P2_0382,supercritical_f2.0_beta2.0_M2.0_theta45_seed2,oblique_theta45,2.0,2.0,2.0,45.0,2,PARTIAL,1.571726673611251,0.47151800208337524,9.72257098141529,0.9722718241315027,5,3.779,0.2077,30.65687528198349,True,0.05,1.3575,2,0.7071067811865475,2.0
P2_0383,supercritical_f2.5_beta2.0_M2.0_theta45_seed1,oblique_theta45,2.5,2.0,2.0,45.0,1,PARTIAL,1.695119782658733,0.5085359347976198,6.265891839750672,0.6415998437897736,8,3.07,0.2989,33.69326325445155,True,0.05,1.3575,2,0.6324555320336759,2.0
P2_0384,supercritical_f2.5_beta2.0_M2.0_theta45_seed2,oblique_theta45,2.5,2.0,2.0,45.0,2,PARTIAL,1.4260933908160378,0.42782801724481134,6.410377577739976,0.6415998437897736,8,2.857,0.2534,31.837897435885708,True,0.05,1.3575,2,0.6324555320336759,2.0
P2_0385,supercritical_f1.4_beta0.5_M1.0_theta60_seed1,oblique_theta60,1.4,0.5,1.0,60.0,1,MEASURABLE,0.9105552647543127,0.07065908854493466,47.88181637657269,4.116774445480941,7,5.016,0.0776,100.2854994354053,False,0.9052,1.925,2,0.8451542547285166,2.0
P2_0386,supercritical_f1.4_beta0.5_M1.0_theta60_seed2,oblique_theta60,1.4,0.5,1.0,60.0,2,MEASURABLE,0.9094763726812788,0.07448611492259673,47.69660459759549,4.116774445480941,9,4.122,0.0819,94.51084598222377,False,0.9052,1.925,2,0.8451542547285166,2.0
P2_0387,supercritical_f1.5_beta0.5_M1.0_theta60_seed1,oblique_theta60,1.5,0.5,1.0,60.0,1,MEASURABLE,0.9435608203426353,0.08133494271353517,43.12095607010549,3.3642863350482926,9,4.921,0.0862,110.05136955465625,False,0.8675,1.925,2,0.8164965809277261,2.0
P2_0388,supercritical_f1.5_beta0.5_M1.0_theta60_seed2,oblique_theta60,1.5,0.5,1.0,60.0,2,MEASURABLE,0.9489328794767103,0.08492949271316558,41.60570977405447,3.3642863350482926,8,4.686,0.0895,94.36686871544796,False,0.8675,1.925,2,0.8164965809277261,2.0
P2_0389,supercritical_f1.6_beta0.5_M1.0_theta60_seed1,oblique_theta60,1.6,0.5,1.0,60.0,1,MEASURABLE,0.868768067802837,0.06176940962078171,36.12176196981256,2.8411401354577763,9,5.216,0.0711,110.25588294887163,False,0.8258,1.925,2,0.7905694150420948,2.0
P2_0390,supercritical_f1.6_beta0.5_M1.0_theta60_seed2,oblique_theta60,1.6,0.5,1.0,60.0,2,MEASURABLE,0.8632306860640812,0.07510106968757506,37.18819400335883,2.8411401354577763,8,5.817,0.087,104.62797759731832,False,0.8258,1.925,2,0.7905694150420948,2.0
P2_0391,supercritical_f1.8_beta0.5_M1.0_theta60_seed1,oblique_theta60,1.8,0.5,1.0,60.0,1,MEASURABLE,0.8712207085578347,0.06664838420467435,28.918956713070237,2.1587996628578177,11,4.805,0.0765,111.27674939941082,False,0.7318,1.925,2,0.7453559924999299,2.0
P2_0392,supercritical_f1.8_beta0.5_M1.0_theta60_seed2,oblique_theta60,1.8,0.5,1.0,60.0,2,MEASURABLE,0.9395638672950174,0.05637383203770104,27.202668227688086,2.1587996628578177,10,4.654,0.06,100.47143486924632,False,0.7318,1.925,2,0.7453559924999299,2.0
P2_0393,supercritical_f2.0_beta0.5_M1.0_theta60_seed1,oblique_theta60,2.0,0.5,1.0,60.0,1,PARTIAL,0.8203962961891869,0.24611888885675604,22.520052018180355,1.7324116139070411,13,4.782,0.1062,30.129912143053048,False,0.6252,1.925,2,0.7071067811865475,2.0
P2_0394,supercritical_f2.0_beta0.5_M1.0_theta60_seed2,oblique_theta60,2.0,0.5,1.0,60.0,2,MEASURABLE,0.8146173083235705,0.07812179986823041,23.063555973503483,1.7324116139070411,12,5.108,0.0959,100.73112364439838,False,0.6252,1.925,2,0.7071067811865475,2.0
P2_0395,supercritical_f2.5_beta0.5_M1.0_theta60_seed1,oblique_theta60,2.5,0.5,1.0,60.0,1,COLLAPSED,,,15.618238338501678,1.143214267116324,16,4.247,0.1419,109.64642682916259,False,0.3114,1.925,2,0.6324555320336759,2.0
P2_0396,supercritical_f2.5_beta0.5_M1.0_theta60_seed2,oblique_theta60,2.5,0.5,1.0,60.0,2,COLLAPSED,,,15.368021685813353,1.143214267116324,15,4.19,0.1536,128.53994573700362,False,0.3114,1.925,2,0.6324555320336759,2.0
P2_0397,supercritical_f1.4_beta0.5_M2.0_theta60_seed1,oblique_theta60,1.4,0.5,2.0,60.0,1,MEASURABLE,0.9151293233307095,0.10633802737102845,36.01425084921091,4.116774445480941,9,4.921,0.1162,96.49409443690625,False,0.9052,1.845,2,0.8451542547285166,2.0
P2_0398,supercritical_f1.4_beta0.5_M2.0_theta60_seed2,oblique_theta60,1.4,0.5,2.0,60.0,2,MEASURABLE,0.9203395108822374,0.10998057155042737,34.748730202692784,4.116774445480941,8,4.686,0.1195,121.31815222344318,False,0.9052,1.845,2,0.8451542547285166,2.0
P2_0399,supercritical_f1.5_beta0.5_M2.0_theta60_seed1,oblique_theta60,1.5,0.5,2.0,60.0,1,MEASURABLE,0.841465030053773,0.08507211453843645,29.46969106390849,3.3642863350482926,10,5.216,0.1011,90.6283055948047,False,0.8675,1.845,2,0.8164965809277261,2.0
P2_0400,supercritical_f1.5_beta0.5_M2.0_theta60_seed2,oblique_theta60,1.5,0.5,2.0,60.0,2,MEASURABLE,0.8361016732915874,0.09782389577511573,30.33973230374415,3.3642863350482926,9,5.817,0.117,81.87731342844401,False,0.8675,1.845,2,0.8164965809277261,2.0
P2_0401,supercritical_f1.6_beta0.5_M2.0_theta60_seed1,oblique_theta60,1.6,0.5,2.0,60.0,1,MEASURABLE,0.8292026725914394,0.08267150645736651,24.754797286813062,2.8411401354577763,10,4.887,0.0997,106.26609491938048,False,0.8258,1.845,2,0.7905694150420948,2.0
P2_0402,supercritical_f1.6_beta0.5_M2.0_theta60_seed2,oblique_theta60,1.6,0.5,2.0,60.0,2,MEASURABLE,0.9382633711819623,0.09748556426580589,25.49530644247064,2.8411401354577763,9,4.652,0.1039,100.8799076836022,False,0.8258,1.845,2,0.7905694150420948,2.0
P2_0403,supercritical_f1.8_beta0.5_M2.0_theta60_seed1,oblique_theta60,1.8,0.5,2.0,60.0,1,PARTIAL,0.8830971461141264,0.2649291438342379,19.90611995940501,2.1587996628578177,9,5.488,0.1042,40.113173186532585,False,0.7318,1.845,2,0.7453559924999299,2.0
P2_0404,supercritical_f1.8_beta0.5_M2.0_theta60_seed2,oblique_theta60,1.8,0.5,2.0,60.0,2,MEASURABLE,0.8099782740136031,0.08196980133017663,18.85538013544331,2.1587996628578177,10,4.412,0.1012,91.97972776676829,False,0.7318,1.845,2,0.7453559924999299,2.0
P2_0405,supercritical_f2.0_beta0.5_M2.0_theta60_seed1,oblique_theta60,2.0,0.5,2.0,60.0,1,PARTIAL,0.7551859728413824,0.22655579185241473,16.24584846635904,1.7324116139070411,12,4.66,0.1234,44.594352760723275,False,0.6252,1.845,2,0.7071067811865475,2.0
P2_0406,supercritical_f2.0_beta0.5_M2.0_theta60_seed2,oblique_theta60,2.0,0.5,2.0,60.0,2,MEASURABLE,0.774241947584358,0.10374842097630399,16.351596650562076,1.7324116139070411,12,4.754,0.134,102.87194535287195,False,0.6252,1.845,2,0.7071067811865475,2.0
P2_0407,supercritical_f2.5_beta0.5_M2.0_theta60_seed1,oblique_theta60,2.5,0.5,2.0,60.0,1,COLLAPSED,,,10.538090821398857,1.143214267116324,16,4.045,0.2207,137.965274862656,False,0.3114,1.845,2,0.6324555320336759,2.0
P2_0408,supercritical_f2.5_beta0.5_M2.0_theta60_seed2,oblique_theta60,2.5,0.5,2.0,60.0,2,PARTIAL,0.6734014999394464,0.2020204499818339,10.781089562562686,1.143214267116324,16,3.832,0.1884,39.81257262353753,False,0.3114,1.845,2,0.6324555320336759,2.0
P2_0409,supercritical_f1.4_beta1.0_M1.0_theta60_seed1,oblique_theta60,1.4,1.0,1.0,60.0,1,MEASURABLE,1.2118331280832872,0.09597718374419635,33.88640719336246,2.898545272838622,6,5.201,0.0792,114.35501265693048,False,0.8087,1.6125,2,0.8451542547285166,2.0
P2_0410,supercritical_f1.4_beta1.0_M1.0_theta60_seed2,oblique_theta60,1.4,1.0,1.0,60.0,2,MEASURABLE,1.2307869952649686,0.09230902464487264,33.22096494905519,2.898545272838622,7,5.07,0.075,89.85863277136154,False,0.8087,1.6125,2,0.8451542547285166,2.0
P2_0411,supercritical_f1.5_beta1.0_M1.0_theta60_seed1,oblique_theta60,1.5,1.0,1.0,60.0,1,PARTIAL,1.2848267146835903,0.3854480144050771,29.68889109643125,2.3687322154931856,6,4.785,0.0831,38.33935311444336,False,0.7327,1.6125,2,0.8164965809277261,2.0
P2_0412,supercritical_f1.5_beta1.0_M1.0_theta60_seed2,oblique_theta60,1.5,1.0,1.0,60.0,2,MEASURABLE,1.1601459600478428,0.08295043614342075,28.142844813391193,2.3687322154931856,5,5.459,0.0715,104.36393300032007,False,0.7327,1.6125,2,0.8164965809277261,2.0
P2_0413,supercritical_f1.6_beta1.0_M1.0_theta60_seed1,oblique_theta60,1.6,1.0,1.0,60.0,1,MEASURABLE,1.197328351338044,0.08764443531794482,25.38279871175663,2.000394585169251,7,5.082,0.0732,95.29025911844478,False,0.6486,1.6125,2,0.7905694150420948,2.0
P2_0414,supercritical_f1.6_beta1.0_M1.0_theta60_seed2,oblique_theta60,1.6,1.0,1.0,60.0,2,PARTIAL,1.1406159777929166,0.34218479333787494,25.640616413751932,2.000394585169251,7,5.405,0.0717,40.466910897489626,False,0.6486,1.6125,2,0.7905694150420948,2.0
P2_0415,supercritical_f1.8_beta1.0_M1.0_theta60_seed1,oblique_theta60,1.8,1.0,1.0,60.0,1,PARTIAL,1.2692052587173273,0.3807615776151982,19.62610057603217,1.5199711911958105,8,4.65,0.088,36.130352063196455,False,0.4589,1.6125,2,0.7453559924999299,2.0
P2_0416,supercritical_f1.8_beta1.0_M1.0_theta60_seed2,oblique_theta60,1.8,1.0,1.0,60.0,2,PARTIAL,0.9723254320746717,0.2916976296224015,20.560672878591145,1.5199711911958105,8,4.283,0.1116,32.08957407275085,False,0.4589,1.6125,2,0.7453559924999299,2.0
P2_0417,supercritical_f2.0_beta1.0_M1.0_theta60_seed1,oblique_theta60,2.0,1.0,1.0,60.0,1,PARTIAL,1.1955648448541998,0.35866945345625995,15.978339989419979,1.2197591975467943,9,4.468,0.1345,44.94285063895054,True,0.2439,1.6125,2,0.7071067811865475,2.0
P2_0418,supercritical_f2.0_beta1.0_M1.0_theta60_seed2,oblique_theta60,2.0,1.0,1.0,60.0,2,PARTIAL,1.0396623664464688,0.31189870993394064,15.568984710780098,1.2197591975467943,9,4.329,0.1491,35.55793749129613,True,0.2439,1.6125,2,0.7071067811865475,2.0
P2_0419,supercritical_f2.5_beta1.0_M1.0_theta60_seed1,oblique_theta60,2.5,1.0,1.0,60.0,1,PARTIAL,0.9300358081454754,0.2790107424436426,10.822510850234998,0.8049161676635341,12,3.241,0.2038,42.09029290544502,True,0.05,1.6125,2,0.6324555320336759,2.0
P2_0420,supercritical_f2.5_beta1.0_M1.0_theta60_seed2,oblique_theta60,2.5,1.0,1.0,60.0,2,PARTIAL,0.8055778865538021,0.24167336596614064,10.783432516090455,0.8049161676635341,11,2.856,0.2132,33.28259436411233,True,0.05,1.6125,2,0.6324555320336759,2.0
P2_0421,supercritical_f1.4_beta1.0_M2.0_theta60_seed1,oblique_theta60,1.4,1.0,2.0,60.0,1,MEASURABLE,1.2179290556055076,0.1377477761889829,24.795905954484176,2.898545272838622,7,4.785,0.1131,92.43977176703658,False,0.8087,1.5325,2,0.8451542547285166,2.0
P2_0422,supercritical_f1.4_beta1.0_M2.0_theta60_seed2,oblique_theta60,1.4,1.0,2.0,60.0,2,MEASURABLE,1.1251882915167137,0.11420661158894645,23.504661424298632,2.898545272838622,5,5.459,0.1015,83.83603595588674,False,0.8087,1.5325,2,0.8451542547285166,2.0
P2_0423,supercritical_f1.5_beta1.0_M2.0_theta60_seed1,oblique_theta60,1.5,1.0,2.0,60.0,1,MEASURABLE,1.1596995498360692,0.11968099354308234,20.708381750535185,2.3687322154931856,7,5.082,0.1032,106.75960738158375,False,0.7327,1.5325,2,0.8164965809277261,2.0
P2_0424,supercritical_f1.5_beta1.0_M2.0_theta60_seed2,oblique_theta60,1.5,1.0,2.0,60.0,2,MEASURABLE,1.154374324212071,0.11739986877236762,20.918720549482973,2.3687322154931856,6,5.405,0.1017,90.53077080599118,False,0.7327,1.5325,2,0.8164965809277261,2.0
P2_0425,supercritical_f1.6_beta1.0_M2.0_theta60_seed1,oblique_theta60,1.6,1.0,2.0,60.0,1,PARTIAL,1.1093885847486895,0.33281657542460685,17.611644858744572,2.000394585169251,7,4.718,0.1109,35.41331739701206,False,0.6486,1.5325,2,0.7905694150420948,2.0
P2_0426,supercritical_f1.6_beta1.0_M2.0_theta60_seed2,oblique_theta60,1.6,1.0,2.0,60.0,2,MEASURABLE,1.1110546620862718,0.1405484147539134,17.736258007572527,2.000394585169251,7,5.651,0.1265,89.37228200946284,False,0.6486,1.5325,2,0.7905694150420948,2.0
P2_0427,supercritical_f1.8_beta1.0_M2.0_theta60_seed1,oblique_theta60,1.8,1.0,2.0,60.0,1,COLLAPSED,,,13.911620162976963,1.5199711911958105,7,4.501,0.1592,100.13064805256539,False,0.4589,1.5325,2,0.7453559924999299,2.0
P2_0428,supercritical_f1.8_beta1.0_M2.0_theta60_seed2,oblique_theta60,1.8,1.0,2.0,60.0,2,COLLAPSED,,,13.981725662216538,1.5199711911958105,9,4.624,0.1542,75.72586630004949,False,0.4589,1.5325,2,0.7453559924999299,2.0
P2_0429,supercritical_f2.0_beta1.0_M2.0_theta60_seed1,oblique_theta60,2.0,1.0,2.0,60.0,1,PARTIAL,1.024611230308777,0.30738336909263314,11.529153690989874,1.2197591975467943,8,4.164,0.1901,36.797441097913705,True,0.2439,1.5325,2,0.7071067811865475,2.0
P2_0430,supercritical_f2.0_beta1.0_M2.0_theta60_seed2,oblique_theta60,2.0,1.0,2.0,60.0,2,PARTIAL,0.9948741856017692,0.29846225568053075,11.8874169592594,1.2197591975467943,10,3.766,0.1623,34.384591788969566,True,0.2439,1.5325,2,0.7071067811865475,2.0
P2_0431,supercritical_f2.5_beta1.0_M2.0_theta60_seed1,oblique_theta60,2.5,1.0,2.0,60.0,1,PARTIAL,1.0184052759287174,0.31499275184475234,8.065567438469959,0.8049161676635341,13,2.711,0.3093,41.177218056077244,True,0.05,1.5325,2,0.6324555320336759,2.0
P2_0432,supercritical_f2.5_beta1.0_M2.0_theta60_seed2,oblique_theta60,2.5,1.0,2.0,60.0,2,PARTIAL,1.06581193208036,0.319743579624108,7.818699156342111,0.8049161676635341,12,3.045,0.278,40.361832158028015,True,0.05,1.5325,2,0.6324555320336759,2.0
P2_0433,supercritical_f1.4_beta2.0_M1.0_theta60_seed1,oblique_theta60,1.4,2.0,1.0,60.0,1,PARTIAL,1.7477007203510417,0.5243102161053125,30.621631021322205,2.2894306865174627,4,4.785,0.0831,38.33935311444336,False,0.6934,1.4562,2,0.8451542547285166,2.0
P2_0434,supercritical_f1.4_beta2.0_M1.0_theta60_seed2,oblique_theta60,1.4,2.0,1.0,60.0,2,MEASURABLE,1.5781022506115092,0.1128343109187229,29.0270123921734,2.2894306865174627,3,5.459,0.0715,104.36393300032007,False,0.6934,1.4562,2,0.8451542547285166,2.0
P2_0435,supercritical_f1.5_beta2.0_M1.0_theta60_seed1,oblique_theta60,1.5,2.0,1.0,60.0,1,MEASURABLE,1.6265050777968124,0.12881920216150755,25.57375504559428,1.8709551557156325,4,4.994,0.0792,95.29025911844478,False,0.5715,1.4562,2,0.8164965809277261,2.0
P2_0436,supercritical_f1.5_beta2.0_M1.0_theta60_seed2,oblique_theta60,1.5,2.0,1.0,60.0,2,PARTIAL,1.5494644202011116,0.46483932606033346,25.833512325794903,1.8709551557156325,4,5.317,0.0775,40.466910897489626,False,0.5715,1.4562,2,0.8164965809277261,2.0
P2_0437,supercritical_f1.6_beta2.0_M1.0_theta60_seed1,oblique_theta60,1.6,2.0,1.0,60.0,1,PARTIAL,1.5559428013907826,0.4667828404172347,21.749448942619264,1.580021810024988,5,4.566,0.0912,38.41340385685353,False,0.4367,1.4562,2,0.7905694150420948,2.0
P2_0438,supercritical_f1.6_beta2.0_M1.0_theta60_seed2,oblique_theta60,1.6,2.0,1.0,60.0,2,PARTIAL,1.430619137023027,0.4291857411069081,21.90333958371216,1.580021810024988,5,5.499,0.1087,32.2356915561482,False,0.4367,1.4562,2,0.7905694150420948,2.0
P2_0439,supercritical_f1.8_beta2.0_M1.0_theta60_seed1,oblique_theta60,1.8,2.0,1.0,60.0,1,PARTIAL,1.706793442744347,0.5120380328233041,17.180114343127208,1.200556955364807,5,4.349,0.1415,35.63494104447562,True,0.1327,1.4562,2,0.7453559924999299,2.0
P2_0440,supercritical_f1.8_beta2.0_M1.0_theta60_seed2,oblique_theta60,1.8,2.0,1.0,60.0,2,PARTIAL,1.3671236935561488,0.4101371080668446,17.266690922915036,1.200556955364807,6,4.472,0.136,42.808810823972095,True,0.1327,1.4562,2,0.7453559924999299,2.0
P2_0441,supercritical_f2.0_beta2.0_M1.0_theta60_seed1,oblique_theta60,2.0,2.0,1.0,60.0,1,PARTIAL,1.4370406275491274,0.43111218826473824,14.23789439118121,0.963432989366671,6,4.012,0.1723,35.816841362397675,True,0.05,1.4562,2,0.7071067811865475,2.0
P2_0442,supercritical_f2.0_beta2.0_M1.0_theta60_seed2,oblique_theta60,2.0,2.0,1.0,60.0,2,PARTIAL,1.395333743881322,0.4186001231643966,14.680330559054259,0.963432989366671,7,3.613,0.1424,41.86134106952393,True,0.05,1.4562,2,0.7071067811865475,2.0
P2_0443,supercritical_f2.5_beta2.0_M1.0_theta60_seed1,oblique_theta60,2.5,2.0,1.0,60.0,1,PARTIAL,1.4283366349389994,0.4285009904816998,9.960548750740571,0.6357671179371394,9,2.559,0.2935,40.823851917366774,True,0.05,1.4562,2,0.6324555320336759,2.0
P2_0444,supercritical_f2.5_beta2.0_M1.0_theta60_seed2,oblique_theta60,2.5,2.0,1.0,60.0,2,PARTIAL,1.4948255517993307,0.4484476655397992,9.655679492885545,0.6357671179371394,8,2.893,0.2606,43.13981683185277,True,0.05,1.4562,2,0.6324555320336759,2.0
P2_0445,supercritical_f1.4_beta2.0_M2.0_theta60_seed1,oblique_theta60,1.4,2.0,2.0,60.0,1,MEASURABLE,1.5774950158460952,0.16800321918760913,21.358979793280177,2.2894306865174627,5,5.034,0.1065,106.75960738158375,False,0.6934,1.3762,2,0.8451542547285166,2.0
P2_0446,supercritical_f1.4_beta2.0_M2.0_theta60_seed2,oblique_theta60,1.4,2.0,2.0,60.0,2,MEASURABLE,1.570251314767397,0.16456233778762322,21.575926834849593,2.2894306865174627,4,5.357,0.1048,90.53077080599118,False,0.6934,1.3762,2,0.8451542547285166,2.0
P2_0447,supercritical_f1.5_beta2.0_M2.0_theta60_seed1,oblique_theta60,1.5,2.0,2.0,60.0,1,PARTIAL,1.5070437147229263,0.45211311441687785,17.7441383309289,1.8709551557156325,4,4.606,0.1185,35.41331739701206,False,0.5715,1.3762,2,0.8164965809277261,2.0
P2_0448,supercritical_f1.5_beta2.0_M2.0_theta60_seed2,oblique_theta60,1.5,2.0,2.0,60.0,2,MEASURABLE,1.5093069896604583,0.20451109709899212,17.869688952031616,1.8709551557156325,4,5.539,0.1355,89.37228200946284,False,0.5715,1.3762,2,0.8164965809277261,2.0
P2_0449,supercritical_f1.6_beta2.0_M2.0_theta60_seed1,oblique_theta60,1.6,2.0,2.0,60.0,1,COLLAPSED,,,15.40246867676175,1.580021810024988,6,4.577,0.1224,88.00178620643989,False,0.4367,1.3762,2,0.7905694150420948,2.0
P2_0450,supercritical_f1.6_beta2.0_M2.0_theta60_seed2,oblique_theta60,1.6,2.0,2.0,60.0,2,COLLAPSED,,,16.135916493385743,1.580021810024988,6,4.211,0.1472,62.73908630361346,False,0.4367,1.3762,2,0.7905694150420948,2.0
P2_0451,supercritical_f1.8_beta2.0_M2.0_theta60_seed1,oblique_theta60,1.8,2.0,2.0,60.0,1,PARTIAL,1.5619154789779652,0.4685746436933895,12.035534006584632,1.200556955364807,6,4.395,0.1698,42.88431525375081,True,0.1327,1.3762,2,0.7453559924999299,2.0
P2_0452,supercritical_f1.8_beta2.0_M2.0_theta60_seed2,oblique_theta60,1.8,2.0,2.0,60.0,2,PARTIAL,1.3582406258036408,0.40747218774109223,11.727191000984082,1.200556955364807,6,4.256,0.185,41.95020624723375,True,0.1327,1.3762,2,0.7453559924999299,2.0
P2_0453,supercritical_f2.0_beta2.0_M2.0_theta60_seed1,oblique_theta60,2.0,2.0,2.0,60.0,1,PARTIAL,1.4998524181354311,0.44995572544062934,10.439378954854211,0.963432989366671,6,4.032,0.1965,41.3607168746982,True,0.05,1.3762,2,0.7071067811865475,2.0
P2_0454,supercritical_f2.0_beta2.0_M2.0_theta60_seed2,oblique_theta60,2.0,2.0,2.0,60.0,2,PARTIAL,1.4918468409232992,0.44755405227698974,10.25952965056503,0.963432989366671,5,3.771,0.2021,31.009107919046134,True,0.05,1.3762,2,0.7071067811865475,2.0
P2_0455,supercritical_f2.5_beta2.0_M2.0_theta60_seed1,oblique_theta60,2.5,2.0,2.0,60.0,1,PARTIAL,1.0736437076836565,0.3220931123050969,6.840616555599776,0.6357671179371394,7,2.654,0.2353,42.82736862243008,True,0.05,1.3762,2,0.6324555320336759,2.0
P2_0456,supercritical_f2.5_beta2.0_M2.0_theta60_seed2,oblique_theta60,2.5,2.0,2.0,60.0,2,PARTIAL,1.5473404514658262,0.4854006996248297,6.829349153885367,0.6357671179371394,8,2.357,0.3137,30.297880324501683,True,0.05,1.3762,2,0.6324555320336759,2.0
P2_0457,supercritical_f1.5_beta1.0_M1.0_theta90_seed1,perpendicular,1.5,1.0,1.0,90.0,1,MEASURABLE,1.121503772088905,0.07300989556298772,31.86378098378285,2.334402763094734,8,5.025,0.0651,95.93417090214851,False,0.7247,1.65,2,0.8164965809277261,3.0
P2_0458,supercritical_f1.5_beta1.0_M1.0_theta90_seed2,perpendicular,1.5,1.0,1.0,90.0,2,MEASURABLE,1.0295166002509466,0.0850380711807282,33.3810975310452,2.334402763094734,8,4.658,0.0826,96.6305456947936,False,0.7247,1.65,2,0.8164965809277261,3.0
P2_0459,supercritical_f1.8_beta1.0_M1.0_theta90_seed1,perpendicular,1.8,1.0,1.0,90.0,1,PARTIAL,0.9796618888896794,0.29389856666690384,22.020716839823557,1.4979426232074655,9,4.799,0.1093,35.37580335817131,False,0.4429,1.65,2,0.7453559924999299,3.0
P2_0460,supercritical_f1.8_beta1.0_M1.0_theta90_seed2,perpendicular,1.8,1.0,1.0,90.0,2,PARTIAL,0.9512293980815463,0.28536881942446385,22.70500071669116,1.4979426232074655,10,4.401,0.0904,33.12295035907929,False,0.4429,1.65,2,0.7453559924999299,3.0
P2_0461,supercritical_f2.0_beta1.0_M1.0_theta90_seed1,perpendicular,2.0,1.0,1.0,90.0,1,PARTIAL,0.9177198054550557,0.2753159416365167,17.17478117199108,1.2020815280171306,10,3.892,0.1276,31.23944166189745,True,0.2215,1.65,2,0.7071067811865475,3.0
P2_0462,supercritical_f2.0_beta1.0_M1.0_theta90_seed2,perpendicular,2.0,1.0,1.0,90.0,2,PARTIAL,0.8667620613354415,0.26002861840063246,17.863853842548135,1.2020815280171306,10,4.299,0.1399,39.02186887593099,True,0.2215,1.65,2,0.7071067811865475,3.0
P2_0463,supercritical_f2.5_beta1.0_M1.0_theta90_seed1,perpendicular,2.5,1.0,1.0,90.0,1,PARTIAL,1.2021013094209165,0.36063039282627496,12.418112447915687,0.7932507159582656,13,2.953,0.1797,37.90264115539552,True,0.05,1.65,2,0.6324555320336759,3.0
P2_0464,supercritical_f2.5_beta1.0_M1.0_theta90_seed2,perpendicular,2.5,1.0,1.0,90.0,2,PARTIAL,1.0298783703419527,0.3089635111025858,11.868914305804868,0.7932507159582656,11,3.156,0.2446,42.33860854498966,True,0.05,1.65,2,0.6324555320336759,3.0
P2_0465,supercritical_f1.5_beta1.0_M2.0_theta90_seed1,perpendicular,1.5,1.0,2.0,90.0,1,PARTIAL,1.1311986141868617,0.3393595842560585,22.586087148866184,2.334402763094734,7,5.036,0.116,34.93359073861028,False,0.7247,1.57,2,0.8164965809277261,3.0
P2_0466,supercritical_f1.5_beta1.0_M2.0_theta90_seed2,perpendicular,1.5,1.0,2.0,90.0,2,MEASURABLE,0.9938588159767806,0.11200788856058316,22.699906308452917,2.334402763094734,9,5.159,0.1127,105.06905437389315,False,0.7247,1.57,2,0.8164965809277261,3.0
P2_0467,supercritical_f1.8_beta1.0_M2.0_theta90_seed1,perpendicular,1.8,1.0,2.0,90.0,1,COLLAPSED,,,16.145828985137324,1.4979426232074655,9,4.82,0.1399,94.57663382436374,False,0.4429,1.57,2,0.7453559924999299,3.0
P2_0468,supercritical_f1.8_beta1.0_M2.0_theta90_seed2,perpendicular,1.8,1.0,2.0,90.0,2,COLLAPSED,,,15.86766913264928,1.4979426232074655,8,4.558,0.1435,93.95172832000578,False,0.4429,1.57,2,0.7453559924999299,3.0
P2_0469,supercritical_f2.0_beta1.0_M2.0_theta90_seed1,perpendicular,2.0,1.0,2.0,90.0,1,PARTIAL,1.1545049225617015,0.3463514767685104,12.258672674653258,1.2020815280171306,10,4.16,0.1748,31.67617928455956,True,0.2215,1.57,2,0.7071067811865475,3.0
P2_0470,supercritical_f2.0_beta1.0_M2.0_theta90_seed2,perpendicular,2.0,1.0,2.0,90.0,2,PARTIAL,0.9172461402440377,0.2751738420732113,12.602510903312128,1.2020815280171306,10,4.513,0.1606,36.434020493876126,True,0.2215,1.57,2,0.7071067811865475,3.0
P2_0471,supercritical_f2.5_beta1.0_M2.0_theta90_seed1,perpendicular,2.5,1.0,2.0,90.0,1,PARTIAL,0.9195823552468118,0.2758747065740435,8.342422453153597,0.7932507159582656,13,3.119,0.2651,35.07937500714992,True,0.05,1.57,2,0.6324555320336759,3.0
P2_0472,supercritical_f2.5_beta1.0_M2.0_theta90_seed2,perpendicular,2.5,1.0,2.0,90.0,2,PARTIAL,0.8715650345219542,0.2614695103565863,8.832222940197402,0.7932507159582656,11,3.366,0.2492,30.97781355104379,True,0.05,1.57,2,0.6324555320336759,3.0
P2_0473,supercritical_f1.5_beta2.0_M1.0_theta90_seed1,perpendicular,1.5,2.0,1.0,90.0,1,MEASURABLE,1.5185150881293124,0.13681820944045103,26.30480651389066,1.8537904295164065,5,4.986,0.0901,117.96632638096337,False,0.5635,1.475,2,0.8164965809277261,3.0
P2_0474,supercritical_f1.5_beta2.0_M1.0_theta90_seed2,perpendicular,1.5,2.0,1.0,90.0,2,PARTIAL,1.2872063570066197,0.3861619071019859,26.437365595539866,1.8537904295164065,6,5.109,0.0866,34.32287796012511,False,0.5635,1.475,2,0.8164965809277261,3.0
P2_0475,supercritical_f1.8_beta2.0_M1.0_theta90_seed1,perpendicular,1.8,2.0,1.0,90.0,1,PARTIAL,1.4525736493073589,0.43577209479220763,18.804182621854682,1.1895426713706345,6,4.63,0.1235,39.917893270855515,True,0.1166,1.475,2,0.7453559924999299,3.0
P2_0476,supercritical_f1.8_beta2.0_M1.0_theta90_seed2,perpendicular,1.8,2.0,1.0,90.0,2,PARTIAL,1.444820426146713,0.4334461278440139,18.480224733469502,1.1895426713706345,5,4.368,0.1276,38.7873071134769,True,0.1166,1.475,2,0.7453559924999299,3.0
P2_0477,supercritical_f2.0_beta2.0_M1.0_theta90_seed1,perpendicular,2.0,2.0,1.0,90.0,1,PARTIAL,1.6401299381378978,0.4920389814413693,14.277019773212912,0.9545941546018392,7,3.97,0.1591,38.30863806203382,True,0.05,1.475,2,0.7071067811865475,3.0
P2_0478,supercritical_f2.0_beta2.0_M1.0_theta90_seed2,perpendicular,2.0,2.0,1.0,90.0,2,PARTIAL,1.3030718413201723,0.3909215523960517,14.677469750109617,0.9545941546018392,7,4.323,0.1435,35.70797608371094,True,0.05,1.475,2,0.7071067811865475,3.0
P2_0479,supercritical_f2.5_beta2.0_M1.0_theta90_seed1,perpendicular,2.5,2.0,1.0,90.0,1,PARTIAL,1.3063907497917573,0.3919172249375272,9.715972804008176,0.6299343920845051,10,2.929,0.2503,39.48467511742842,True,0.05,1.475,2,0.6324555320336759,3.0
P2_0480,supercritical_f2.5_beta2.0_M1.0_theta90_seed2,perpendicular,2.5,2.0,1.0,90.0,2,PARTIAL,1.2381756701234423,0.3714527010370327,10.28641720888348,0.6299343920845051,8,3.176,0.2334,39.51521963609616,True,0.05,1.475,2,0.6324555320336759,3.0
P2_0481,supercritical_f1.5_beta2.0_M2.0_theta90_seed1,perpendicular,1.5,2.0,2.0,90.0,1,PARTIAL,1.4706112863992309,0.44118338591976924,18.427839711160637,1.8537904295164065,6,5.033,0.1233,31.15269765881464,False,0.5635,1.395,2,0.8164965809277261,3.0
P2_0482,supercritical_f1.5_beta2.0_M2.0_theta90_seed2,perpendicular,1.5,2.0,2.0,90.0,2,PARTIAL,1.2788425627613411,0.3836527688284023,17.95572975075873,1.8537904295164065,6,4.894,0.1334,44.03321624409007,False,0.5635,1.395,2,0.8164965809277261,3.0
P2_0483,supercritical_f1.8_beta2.0_M2.0_theta90_seed1,perpendicular,1.8,2.0,2.0,90.0,1,PARTIAL,1.2144147382393136,0.36432442147179406,12.200305122386458,1.1895426713706345,6,3.782,0.1655,33.84841986781272,True,0.1166,1.395,2,0.7453559924999299,3.0
P2_0484,supercritical_f1.8_beta2.0_M2.0_theta90_seed2,perpendicular,1.8,2.0,2.0,90.0,2,PARTIAL,1.1469825709062769,0.34409477127188304,12.689795890746515,1.1895426713706345,7,4.189,0.1786,32.841371633977886,True,0.1166,1.395,2,0.7453559924999299,3.0
P2_0485,supercritical_f2.0_beta2.0_M2.0_theta90_seed1,perpendicular,2.0,2.0,2.0,90.0,1,PARTIAL,1.1220593044040978,0.3366177913212293,10.319765759882754,0.9545941546018392,8,3.806,0.1933,39.6233493040151,True,0.05,1.395,2,0.7071067811865475,3.0
P2_0486,supercritical_f2.0_beta2.0_M2.0_theta90_seed2,perpendicular,2.0,2.0,2.0,90.0,2,PARTIAL,0.9719046891670802,0.29157140675012405,10.282502756847801,0.9545941546018392,8,3.421,0.2008,42.66319671994376,True,0.05,1.395,2,0.7071067811865475,3.0
P2_0487,supercritical_f2.5_beta2.0_M2.0_theta90_seed1,perpendicular,2.5,2.0,2.0,90.0,1,PARTIAL,1.4468428342651387,0.4340528502795416,6.886319524119321,0.6299343920845051,8,2.723,0.2898,34.61097512545527,True,0.05,1.395,2,0.6324555320336759,3.0
P2_0488,supercritical_f2.5_beta2.0_M2.0_theta90_seed2,perpendicular,2.5,2.0,2.0,90.0,2,PARTIAL,1.047086259432843,0.31412587782985285,6.960774417495879,0.6299343920845051,9,3.189,0.2814,41.94338265368176,True,0.05,1.395,2,0.6324555320336759,3.0
