sim_name,f,beta,M,theta,seed,classification,lambda_W,lambda_W_err,t_frag,t_radial,t_J,N_peaks,peak_significance,sigma_lw,contrast,radial_collapsed,radial_width_frac,f_transition,sim_id,priority,grid
supercritical_f1.3_beta0.3_M1.0_theta0_seed1,1.3,0.3,1.0,0.0,1,PARTIAL,3.195285336536798,0.9585856009610394,32.52538564130522,7.933390161047939,0.8770580193070292,2,4.601,0.0885,34.055747951476164,False,0.9725,1.9667,P2_0001,1,longitudinal
supercritical_f1.3_beta0.3_M1.0_theta0_seed2,1.3,0.3,1.0,0.0,2,PARTIAL,2.22778617955317,0.6683358538659511,31.43976667654779,7.933390161047939,0.8770580193070292,2,5.132,0.0909,30.524060547605373,False,0.9725,1.9667,P2_0002,1,longitudinal
supercritical_f1.4_beta0.3_M1.0_theta0_seed1,1.4,0.3,1.0,0.0,1,PARTIAL,2.45460418533344,0.736381255600032,25.797412286481045,6.16115903405311,0.8451542547285166,1,5.146,0.0834,33.96634819893838,False,0.9577,1.9667,P2_0003,1,longitudinal
supercritical_f1.4_beta0.3_M1.0_theta0_seed2,1.4,0.3,1.0,0.0,2,PARTIAL,2.280744610099649,0.6842233830298946,26.692254238793787,6.16115903405311,0.8451542547285166,1,4.863,0.0859,39.38063998618089,False,0.9577,1.9667,P2_0004,1,longitudinal
supercritical_f1.5_beta0.3_M1.0_theta0_seed1,1.5,0.3,1.0,0.0,1,MEASURABLE,2.364381210953667,0.2364381210953667,21.92779959763883,5.0349863517729565,0.8164965809277261,3,4.962,0.1,88.76721499289091,False,0.9408,1.9667,P2_0005,1,longitudinal
supercritical_f1.5_beta0.3_M1.0_theta0_seed2,1.5,0.3,1.0,0.0,2,MEASURABLE,2.8344848989460183,0.2310105192641005,21.751615130762783,5.0349863517729565,0.8164965809277261,4,5.441,0.0815,102.00304883824394,False,0.9408,1.9667,P2_0006,1,longitudinal
supercritical_f1.6_beta0.3_M1.0_theta0_seed1,1.6,0.3,1.0,0.0,1,PARTIAL,2.446846293141703,0.7340538879425109,19.570856488176226,4.252046461229326,0.7905694150420948,2,5.201,0.077,38.632540901817706,False,0.9222,1.9667,P2_0007,1,longitudinal
supercritical_f1.6_beta0.3_M1.0_theta0_seed2,1.6,0.3,1.0,0.0,2,MEASURABLE,2.52578815109828,0.20686204957494914,19.413341809498345,4.252046461229326,0.7905694150420948,3,4.665,0.0819,95.51627710575062,False,0.9222,1.9667,P2_0008,1,longitudinal
supercritical_f1.7_beta0.3_M1.0_theta0_seed1,1.7,0.3,1.0,0.0,1,MEASURABLE,2.520885092702351,0.21603985244459148,16.94944234230071,3.6747131182379795,0.7669649888473704,4,4.98,0.0857,90.39822249028956,False,0.902,1.9667,P2_0009,1,longitudinal
supercritical_f1.7_beta0.3_M1.0_theta0_seed2,1.7,0.3,1.0,0.0,2,PARTIAL,2.4292940578687863,0.7287882173606358,17.203398777070266,3.6747131182379795,0.7669649888473704,2,5.184,0.0696,37.33168606694024,False,0.902,1.9667,P2_0010,1,longitudinal
supercritical_f1.8_beta0.3_M1.0_theta0_seed1,1.8,0.3,1.0,0.0,1,MEASURABLE,2.460250869136906,0.1950978939225566,14.902006001724535,3.2308566382906125,0.7453559924999299,3,4.575,0.0793,103.9239419315591,False,0.8803,1.9667,P2_0011,1,longitudinal
supercritical_f1.8_beta0.3_M1.0_theta0_seed2,1.8,0.3,1.0,0.0,2,MEASURABLE,2.283490132325056,0.19318326519469972,14.900159403357215,3.2308566382906125,0.7453559924999299,4,5.079,0.0846,112.2717366688715,False,0.8803,1.9667,P2_0012,1,longitudinal
supercritical_f1.9_beta0.3_M1.0_theta0_seed1,1.9,0.3,1.0,0.0,1,MEASURABLE,2.2483877064651536,0.1859416633246682,13.563068507649097,2.878808311498888,0.7254762501100117,4,5.182,0.0827,104.45403757726494,False,0.8571,1.9667,P2_0013,1,longitudinal
supercritical_f1.9_beta0.3_M1.0_theta0_seed2,1.9,0.3,1.0,0.0,2,MEASURABLE,2.287693990505523,0.21664462090087303,13.763592084000658,2.878808311498888,0.7254762501100117,4,4.702,0.0947,98.43105951410331,False,0.8571,1.9667,P2_0014,1,longitudinal
supercritical_f2.0_beta0.3_M1.0_theta0_seed1,2.0,0.3,1.0,0.0,1,PARTIAL,2.243027777728848,0.6729083333186544,13.086933377541195,2.592724864350674,0.7071067811865475,5,5.266,0.0822,38.73891027447625,False,0.8326,1.9667,P2_0015,1,longitudinal
supercritical_f2.0_beta0.3_M1.0_theta0_seed2,2.0,0.3,1.0,0.0,2,PARTIAL,2.4192128561756987,0.7257638568527096,12.283917566198525,2.592724864350674,0.7071067811865475,4,5.352,0.1051,33.543940147282555,False,0.8326,1.9667,P2_0016,1,longitudinal
supercritical_f2.2_beta0.3_M1.0_theta0_seed1,2.2,0.3,1.0,0.0,1,COLLAPSED,,,10.72524634269511,2.156126093694692,0.674199862463242,5,4.333,0.1174,90.81650039533245,False,0.78,1.9667,P2_0017,1,longitudinal
supercritical_f2.2_beta0.3_M1.0_theta0_seed2,2.2,0.3,1.0,0.0,2,COLLAPSED,,,10.280977559506143,2.156126093694692,0.674199862463242,4,4.153,0.1079,115.45770451733749,False,0.78,1.9667,P2_0018,1,longitudinal
supercritical_f2.5_beta0.3_M1.0_theta0_seed1,2.5,0.3,1.0,0.0,1,COLLAPSED,,,8.56411428939324,1.7109329167727299,0.6324555320336759,5,4.649,0.1359,100.22000057344884,False,0.6925,1.9667,P2_0019,1,longitudinal
supercritical_f2.5_beta0.3_M1.0_theta0_seed2,2.5,0.3,1.0,0.0,2,COLLAPSED,,,8.067433222924329,1.7109329167727299,0.6324555320336759,5,3.835,0.1464,128.91315522241888,False,0.6925,1.9667,P2_0020,1,longitudinal
supercritical_f1.3_beta0.3_M2.0_theta0_seed1,1.3,0.3,2.0,0.0,1,PARTIAL,2.384297704692989,0.7152893114078966,22.32875762247631,7.933390161047939,0.8770580193070292,1,5.146,0.1134,43.71840135162812,False,0.9725,1.8867,P2_0021,1,longitudinal
supercritical_f1.3_beta0.3_M2.0_theta0_seed2,1.3,0.3,2.0,0.0,2,PARTIAL,2.215417936359784,0.6646253809079351,23.103281394152646,7.933390161047939,0.8770580193070292,1,4.863,0.1159,41.13115027402963,False,0.9725,1.8867,P2_0022,1,longitudinal
supercritical_f1.4_beta0.3_M2.0_theta0_seed1,1.4,0.3,2.0,0.0,1,PARTIAL,1.91677134975042,0.5750314049251259,18.31390922772411,6.16115903405311,0.8451542547285166,2,4.962,0.13,39.112465653802985,False,0.9577,1.8867,P2_0023,1,longitudinal
supercritical_f1.4_beta0.3_M2.0_theta0_seed2,1.4,0.3,2.0,0.0,2,MEASURABLE,2.7490758323577427,0.30652195530788834,18.166761479527324,6.16115903405311,0.8451542547285166,3,5.441,0.1115,102.70719164654287,False,0.9577,1.8867,P2_0024,1,longitudinal
supercritical_f1.5_beta0.3_M2.0_theta0_seed1,1.5,0.3,2.0,0.0,1,PARTIAL,2.369948512037982,0.7109845536113947,15.966748660949525,5.0349863517729565,0.8164965809277261,2,5.201,0.107,36.70904389026121,False,0.9408,1.8867,P2_0025,1,longitudinal
supercritical_f1.5_beta0.3_M2.0_theta0_seed2,1.5,0.3,2.0,0.0,2,MEASURABLE,2.4464094402646936,0.2737532163656192,15.838241393708595,5.0349863517729565,0.8164965809277261,4,4.665,0.1119,82.07054840843281,False,0.9408,1.8867,P2_0026,1,longitudinal
supercritical_f1.6_beta0.3_M2.0_theta0_seed1,1.6,0.3,2.0,0.0,1,MEASURABLE,2.4387952302634455,0.28216860814148065,13.59795151716554,4.252046461229326,0.7905694150420948,5,4.98,0.1157,105.61257984072267,False,0.9222,1.8867,P2_0027,1,longitudinal
supercritical_f1.6_beta0.3_M2.0_theta0_seed2,1.6,0.3,2.0,0.0,2,PARTIAL,2.350186757178487,0.7050560271535461,13.801691983531814,4.252046461229326,0.7905694150420948,2,5.184,0.0996,36.313975480126146,False,0.9222,1.8867,P2_0028,1,longitudinal
supercritical_f1.7_beta0.3_M2.0_theta0_seed1,1.7,0.3,2.0,0.0,1,MEASURABLE,2.3776617667889024,0.259878431110027,11.804147702424965,3.6747131182379795,0.7669649888473704,3,4.575,0.1093,99.38011007992739,False,0.902,1.8867,P2_0029,1,longitudinal
supercritical_f1.7_beta0.3_M2.0_theta0_seed2,1.7,0.3,2.0,0.0,2,MEASURABLE,2.2068347787531613,0.2529032656451123,11.80268497855595,3.6747131182379795,0.7669649888473704,4,5.079,0.1146,98.44796856506038,False,0.902,1.8867,P2_0030,1,longitudinal
supercritical_f1.8_beta0.3_M2.0_theta0_seed1,1.8,0.3,2.0,0.0,1,PARTIAL,1.9104472779918935,0.573134183397568,10.6360348089734,3.2308566382906125,0.7453559924999299,4,5.182,0.1127,36.25568364888542,False,0.8803,1.8867,P2_0031,1,longitudinal
supercritical_f1.8_beta0.3_M2.0_theta0_seed2,1.8,0.3,2.0,0.0,2,MEASURABLE,2.2088481734022287,0.2754433672232579,10.79328357144129,3.2308566382906125,0.7453559924999299,3,4.702,0.1247,103.70759179257176,False,0.8803,1.8867,P2_0032,1,longitudinal
supercritical_f1.9_beta0.3_M2.0_theta0_seed1,1.9,0.3,2.0,0.0,1,MEASURABLE,2.2307051240640456,0.24381607006020017,10.178914460471141,2.878808311498888,0.7254762501100117,5,5.306,0.1093,119.81612014203324,False,0.8571,1.8867,P2_0033,1,longitudinal
supercritical_f1.9_beta0.3_M2.0_theta0_seed2,1.9,0.3,2.0,0.0,2,MEASURABLE,2.287362230820834,0.3005593971298576,9.554335040811974,2.878808311498888,0.7254762501100117,4,5.392,0.1314,96.20168666942341,False,0.8571,1.8867,P2_0034,1,longitudinal
supercritical_f2.0_beta0.3_M2.0_theta0_seed1,2.0,0.3,2.0,0.0,1,PARTIAL,2.5770220076058115,0.7731066022817434,9.101273137115182,2.592724864350674,0.7071067811865475,5,4.43,0.119,44.231040014151205,False,0.8326,1.8867,P2_0035,1,longitudinal
supercritical_f2.0_beta0.3_M2.0_theta0_seed2,2.0,0.3,2.0,0.0,2,PARTIAL,2.00479306510544,0.601437919531632,9.023414849496424,2.592724864350674,0.7071067811865475,4,4.302,0.1305,34.875465489023874,False,0.8326,1.8867,P2_0036,1,longitudinal
supercritical_f2.2_beta0.3_M2.0_theta0_seed1,2.2,0.3,2.0,0.0,1,COLLAPSED,,,7.728072623662821,2.156126093694692,0.674199862463242,6,4.631,0.1601,112.0137367938639,False,0.78,1.8867,P2_0037,1,longitudinal
supercritical_f2.2_beta0.3_M2.0_theta0_seed2,2.2,0.3,2.0,0.0,2,COLLAPSED,,,7.483291518780813,2.156126093694692,0.674199862463242,3,3.734,0.1599,100.33974556090035,False,0.78,1.8867,P2_0038,1,longitudinal
supercritical_f2.5_beta0.3_M2.0_theta0_seed1,2.5,0.3,2.0,0.0,1,COLLAPSED,,,5.884836808392504,1.7109329167727299,0.6324555320336759,7,4.183,0.2049,118.395014620523,False,0.6925,1.8867,P2_0039,1,longitudinal
supercritical_f2.5_beta0.3_M2.0_theta0_seed2,2.5,0.3,2.0,0.0,2,PARTIAL,2.0542269736659717,0.6162680920997915,6.103208395020772,1.7109329167727299,0.6324555320336759,5,3.943,0.2015,38.008430748021375,False,0.6925,1.8867,P2_0040,1,longitudinal
supercritical_f1.3_beta0.3_M3.0_theta0_seed1,1.3,0.3,3.0,0.0,1,PARTIAL,1.8567123171200315,0.5570136951360094,18.303697958891377,7.933390161047939,0.8770580193070292,2,4.962,0.16,39.112465653802985,False,0.9725,1.8067,P2_0041,1,longitudinal
supercritical_f1.3_beta0.3_M3.0_theta0_seed2,1.3,0.3,3.0,0.0,2,MEASURABLE,2.662937840395121,0.3768057044159096,18.15663225572366,7.933390161047939,0.8770580193070292,3,5.441,0.1415,102.70719164654287,False,0.9725,1.8067,P2_0042,1,longitudinal
supercritical_f1.4_beta0.3_M3.0_theta0_seed1,1.4,0.3,3.0,0.0,1,PARTIAL,2.2921697778354355,0.6876509333506307,15.398267539920363,6.16115903405311,0.8451542547285166,1,5.201,0.137,36.70904389026121,False,0.9577,1.8067,P2_0043,1,longitudinal
supercritical_f1.4_beta0.3_M3.0_theta0_seed2,1.4,0.3,3.0,0.0,2,MEASURABLE,2.366121354410321,0.3357526201908245,15.27433565348443,6.16115903405311,0.8451542547285166,3,4.665,0.1419,82.07054840843281,False,0.9577,1.8067,P2_0044,1,longitudinal
supercritical_f1.5_beta0.3_M3.0_theta0_seed1,1.5,0.3,3.0,0.0,1,MEASURABLE,2.3556071192473795,0.34321195727434317,12.81001131429611,5.0349863517729565,0.8164965809277261,5,4.98,0.1457,105.61257984072267,False,0.9408,1.8067,P2_0045,1,longitudinal
supercritical_f1.5_beta0.3_M3.0_theta0_seed2,1.5,0.3,3.0,0.0,2,PARTIAL,2.270021110453184,0.6810063331359553,13.001945935921821,5.0349863517729565,0.8164965809277261,2,5.184,0.1296,36.313975480126146,False,0.9408,1.8067,P2_0046,1,longitudinal
supercritical_f1.6_beta0.3_M3.0_theta0_seed1,1.6,0.3,3.0,0.0,1,MEASURABLE,2.293863970752231,0.3195352511257858,10.935082849842795,4.252046461229326,0.7905694150420948,3,4.575,0.1393,87.69389038781001,False,0.9222,1.8067,P2_0047,1,longitudinal
supercritical_f1.6_beta0.3_M3.0_theta0_seed2,1.6,0.3,3.0,0.0,2,MEASURABLE,2.1290575720622615,0.30786172492020303,10.93372781709521,4.252046461229326,0.7905694150420948,4,5.079,0.1446,94.26106801135606,False,0.9222,1.8067,P2_0048,1,longitudinal
supercritical_f1.7_beta0.3_M3.0_theta0_seed1,1.7,0.3,3.0,0.0,1,PARTIAL,1.8412002973966513,0.5523600892189954,9.728346246748869,3.6747131182379795,0.7669649888473704,4,5.182,0.1427,36.25568364888542,False,0.902,1.8067,P2_0049,1,longitudinal
supercritical_f1.7_beta0.3_M3.0_theta0_seed2,1.7,0.3,3.0,0.0,2,MEASURABLE,2.1287852120405333,0.3293230723026705,9.872175261568353,3.6747131182379795,0.7669649888473704,3,4.702,0.1547,103.70759179257176,False,0.902,1.8067,P2_0050,1,longitudinal
supercritical_f1.8_beta0.3_M3.0_theta0_seed1,1.8,0.3,3.0,0.0,1,MEASURABLE,2.147857169381255,0.2949007893560463,9.217064521147982,3.2308566382906125,0.7453559924999299,4,5.333,0.1373,119.81612014203324,False,0.8803,1.8067,P2_0051,1,longitudinal
supercritical_f1.8_beta0.3_M3.0_theta0_seed2,1.8,0.3,3.0,0.0,2,MEASURABLE,2.2024100422066244,0.34996295570663266,8.651504329839208,3.2308566382906125,0.7453559924999299,3,5.419,0.1589,96.20168666942341,False,0.8803,1.8067,P2_0052,1,longitudinal
supercritical_f1.9_beta0.3_M3.0_theta0_seed1,1.9,0.3,3.0,0.0,1,PARTIAL,2.479247876785268,0.7437743630355803,8.174008587435965,2.878808311498888,0.7254762501100117,5,4.47,0.1463,44.231040014151205,False,0.8571,1.8067,P2_0053,1,longitudinal
supercritical_f1.9_beta0.3_M3.0_theta0_seed2,1.9,0.3,3.0,0.0,2,PARTIAL,1.9287297257791889,0.5786189177337566,8.104082731787981,2.878808311498888,0.7254762501100117,4,4.342,0.1574,34.875465489023874,False,0.8571,1.8067,P2_0054,1,longitudinal
supercritical_f2.0_beta0.3_M3.0_theta0_seed1,2.0,0.3,3.0,0.0,1,PARTIAL,1.817497306751489,0.5452491920254466,7.347641799221133,2.592724864350674,0.7071067811865475,6,4.413,0.1713,31.78941117983066,False,0.8326,1.8067,P2_0055,1,longitudinal
supercritical_f2.0_beta0.3_M3.0_theta0_seed2,2.0,0.3,3.0,0.0,2,PARTIAL,2.1960186624137683,0.6588055987241305,7.043282554020982,2.592724864350674,0.7071067811865475,5,4.233,0.1623,39.78270732880362,False,0.8326,1.8067,P2_0056,1,longitudinal
supercritical_f2.2_beta0.3_M3.0_theta0_seed1,2.2,0.3,3.0,0.0,1,COLLAPSED,,,6.280165647198645,2.156126093694692,0.674199862463242,5,4.627,0.1938,128.05201955032842,False,0.78,1.8067,P2_0057,1,longitudinal
supercritical_f2.2_beta0.3_M3.0_theta0_seed2,2.2,0.3,3.0,0.0,2,COLLAPSED,,,6.148963338139532,2.156126093694692,0.674199862463242,5,4.788,0.1734,123.15610276166449,False,0.78,1.8067,P2_0058,1,longitudinal
supercritical_f2.5_beta0.3_M3.0_theta0_seed1,2.5,0.3,3.0,0.0,1,COLLAPSED,,,4.74575174616338,1.7109329167727299,0.6324555320336759,7,3.319,0.2547,120.25209306723337,False,0.6925,1.8067,P2_0059,1,longitudinal
supercritical_f2.5_beta0.3_M3.0_theta0_seed2,2.5,0.3,3.0,0.0,2,COLLAPSED,,,4.809118652339973,1.7109329167727299,0.6324555320336759,6,3.885,0.2373,117.97253784119468,False,0.6925,1.8067,P2_0060,1,longitudinal
supercritical_f1.3_beta0.5_M1.0_theta0_seed1,1.3,0.5,1.0,0.0,1,PARTIAL,3.7781204052851813,1.1334361215855544,32.48216491817033,5.625494841470356,0.8770580193070292,2,5.149,0.0918,41.72931848827387,False,0.9453,1.7,P2_0061,1,longitudinal
supercritical_f1.3_beta0.5_M1.0_theta0_seed2,1.3,0.5,1.0,0.0,2,MEASURABLE,3.0361940917552754,0.2693104159386929,32.57737312656403,5.625494841470356,0.8770580193070292,3,5.221,0.0887,99.05085473628978,False,0.9453,1.7,P2_0062,1,longitudinal
supercritical_f1.4_beta0.5_M1.0_theta0_seed1,1.4,0.5,1.0,0.0,1,PARTIAL,2.4835701315331837,0.7450710394599551,25.436160024528895,4.368821860510387,0.8451542547285166,2,4.654,0.0748,33.57619786272599,False,0.9158,1.7,P2_0063,1,longitudinal
supercritical_f1.4_beta0.5_M1.0_theta0_seed2,1.4,0.5,1.0,0.0,2,MEASURABLE,3.0602893360143115,0.21452628245460323,26.345954068028924,4.368821860510387,0.8451542547285166,3,5.341,0.0701,101.84989605105852,False,0.9158,1.7,P2_0064,1,longitudinal
supercritical_f1.5_beta0.5_M1.0_theta0_seed1,1.5,0.5,1.0,0.0,1,PARTIAL,2.802915516606396,0.8408746549819187,23.352122019622765,3.570263049439005,0.8164965809277261,1,4.966,0.0768,37.84378307583273,False,0.8823,1.7,P2_0065,1,longitudinal
supercritical_f1.5_beta0.5_M1.0_theta0_seed2,1.5,0.5,1.0,0.0,2,MEASURABLE,2.877247062184224,0.22010940025709314,22.3205495289274,3.570263049439005,0.8164965809277261,3,4.605,0.0765,103.36345364027287,False,0.8823,1.7,P2_0066,1,longitudinal
supercritical_f1.6_beta0.5_M1.0_theta0_seed1,1.6,0.5,1.0,0.0,1,PARTIAL,2.4676770216634134,0.740303106499024,19.830181640447677,3.0150874906898855,0.7905694150420948,3,4.765,0.0748,44.71989988534541,False,0.8453,1.7,P2_0067,1,longitudinal
supercritical_f1.6_beta0.5_M1.0_theta0_seed2,1.6,0.5,1.0,0.0,2,MEASURABLE,3.0540745081031244,0.243409738295819,18.31654071862677,3.0150874906898855,0.7905694150420948,4,5.346,0.0797,109.82858426612935,False,0.8453,1.7,P2_0068,1,longitudinal
supercritical_f1.7_beta0.5_M1.0_theta0_seed1,1.7,0.5,1.0,0.0,1,PARTIAL,3.041553242565726,0.9124659727697177,17.2866019362836,2.605705665659658,0.7669649888473704,2,5.131,0.0802,30.452355210684996,False,0.8051,1.7,P2_0069,1,longitudinal
supercritical_f1.7_beta0.5_M1.0_theta0_seed2,1.7,0.5,1.0,0.0,2,MEASURABLE,2.6028073364016717,0.2259236767996651,16.523032079937824,2.605705665659658,0.7669649888473704,3,5.24,0.0868,93.72129602712039,False,0.8051,1.7,P2_0070,1,longitudinal
supercritical_f1.8_beta0.5_M1.0_theta0_seed1,1.8,0.5,1.0,0.0,1,PARTIAL,2.4884612767914835,0.746538383037445,16.090208203246696,2.2909710707878888,0.7453559924999299,2,4.374,0.1133,41.80717869422986,False,0.7618,1.7,P2_0071,1,longitudinal
supercritical_f1.8_beta0.5_M1.0_theta0_seed2,1.8,0.5,1.0,0.0,2,MEASURABLE,2.95009522251137,0.2548882272249824,14.938887241987613,2.2909710707878888,0.7453559924999299,3,5.102,0.0864,110.50939152803483,False,0.7618,1.7,P2_0072,1,longitudinal
supercritical_f1.9_beta0.5_M1.0_theta0_seed1,1.9,0.5,1.0,0.0,1,PARTIAL,2.8546648387268982,0.8563994516180694,14.003245257205467,2.0413368026992114,0.7254762501100117,4,5.231,0.1239,40.80476739253936,False,0.7158,1.7,P2_0073,1,longitudinal
supercritical_f1.9_beta0.5_M1.0_theta0_seed2,1.9,0.5,1.0,0.0,2,PARTIAL,2.424407992897511,0.7273223978692532,13.17970140990608,2.0413368026992114,0.7254762501100117,3,3.724,0.1026,34.25962726054006,False,0.7158,1.7,P2_0074,1,longitudinal
supercritical_f2.0_beta0.5_M1.0_theta0_seed1,2.0,0.5,1.0,0.0,1,COLLAPSED,,,12.463996417115307,1.8384776310850235,0.7071067811865475,2,4.416,0.1213,93.81673941609058,False,0.6672,1.7,P2_0075,1,longitudinal
supercritical_f2.0_beta0.5_M1.0_theta0_seed2,2.0,0.5,1.0,0.0,2,COLLAPSED,,,12.415784400022556,1.8384776310850235,0.7071067811865475,4,3.522,0.128,93.37973853106946,False,0.6672,1.7,P2_0076,1,longitudinal
supercritical_f2.2_beta0.5_M1.0_theta0_seed1,2.2,0.5,1.0,0.0,1,COLLAPSED,,,10.798836203381569,1.5288894118925997,0.674199862463242,4,4.216,0.1377,100.4010816178632,False,0.5625,1.7,P2_0077,1,longitudinal
supercritical_f2.2_beta0.5_M1.0_theta0_seed2,2.2,0.5,1.0,0.0,2,COLLAPSED,,,11.117653011430123,1.5288894118925997,0.674199862463242,3,4.817,0.1685,97.83305779820542,False,0.5625,1.7,P2_0078,1,longitudinal
supercritical_f2.5_beta0.5_M1.0_theta0_seed1,2.5,0.5,1.0,0.0,1,COLLAPSED,,,8.581731252014638,1.2132069773479357,0.6324555320336759,3,3.888,0.1854,137.91919760867177,False,0.3885,1.7,P2_0079,1,longitudinal
supercritical_f2.5_beta0.5_M1.0_theta0_seed2,2.5,0.5,1.0,0.0,2,COLLAPSED,,,8.128746601896111,1.2132069773479357,0.6324555320336759,4,2.812,0.1779,121.73686732239769,False,0.3885,1.7,P2_0080,1,longitudinal
supercritical_f1.3_beta0.5_M2.0_theta0_seed1,1.3,0.5,2.0,0.0,1,MEASURABLE,2.7415694350764825,0.2873164767960154,22.01607842395344,5.625494841470356,0.8770580193070292,3,4.654,0.1048,93.8615984341463,False,0.9453,1.62,P2_0081,1,longitudinal
supercritical_f1.3_beta0.5_M2.0_theta0_seed2,1.3,0.5,2.0,0.0,2,MEASURABLE,2.9726343999385625,0.2975607034338501,22.803543866537016,5.625494841470356,0.8770580193070292,3,5.341,0.1001,97.96863514345843,False,0.9453,1.62,P2_0082,1,longitudinal
supercritical_f1.4_beta0.5_M2.0_theta0_seed1,1.4,0.5,2.0,0.0,1,PARTIAL,2.7184577027411096,0.8155373108223328,19.503491038296417,4.368821860510387,0.8451542547285166,1,4.966,0.1068,33.83036213627375,False,0.9158,1.62,P2_0083,1,longitudinal
supercritical_f1.4_beta0.5_M2.0_theta0_seed2,1.4,0.5,2.0,0.0,2,MEASURABLE,2.7905494805472957,0.297193519678287,18.641930585215366,4.368821860510387,0.8451542547285166,4,4.605,0.1065,124.81151011599356,False,0.9158,1.62,P2_0084,1,longitudinal
supercritical_f1.5_beta0.5_M2.0_theta0_seed1,1.5,0.5,2.0,0.0,1,PARTIAL,2.3901245869320484,0.7170373760796145,16.178317302837133,3.570263049439005,0.8164965809277261,2,4.765,0.1048,38.99852171597329,False,0.8823,1.62,P2_0085,1,longitudinal
supercritical_f1.5_beta0.5_M2.0_theta0_seed2,1.5,0.5,2.0,0.0,2,MEASURABLE,2.9580931815862788,0.3245028220200148,14.943423767327154,3.570263049439005,0.8164965809277261,4,5.346,0.1097,99.08828025361376,False,0.8823,1.62,P2_0086,1,longitudinal
supercritical_f1.6_beta0.5_M2.0_theta0_seed1,1.6,0.5,2.0,0.0,1,PARTIAL,2.9425083920068404,0.8827525176020521,13.868443001188266,3.0150874906898855,0.7905694150420948,2,5.131,0.1102,43.62710185696386,False,0.8453,1.62,P2_0087,1,longitudinal
supercritical_f1.6_beta0.5_M2.0_theta0_seed2,1.6,0.5,2.0,0.0,2,MEASURABLE,2.5180497658092165,0.2941082126465165,13.255857307991382,3.0150874906898855,0.7905694150420948,4,5.24,0.1168,104.98089039951029,False,0.8453,1.62,P2_0088,1,longitudinal
supercritical_f1.7_beta0.5_M2.0_theta0_seed1,1.7,0.5,2.0,0.0,1,PARTIAL,2.4049251684798643,0.7214775505439592,12.745344094742277,2.605705665659658,0.7669649888473704,2,4.414,0.1397,42.168987169141374,False,0.8051,1.62,P2_0089,1,longitudinal
supercritical_f1.7_beta0.5_M2.0_theta0_seed2,1.7,0.5,2.0,0.0,2,PARTIAL,3.1903520761355613,0.9571056228406684,11.8333619979677,2.605705665659658,0.7669649888473704,3,5.142,0.1137,34.64444494304975,False,0.8051,1.62,P2_0090,1,longitudinal
supercritical_f1.8_beta0.5_M2.0_theta0_seed1,1.8,0.5,2.0,0.0,1,MEASURABLE,2.67597927882534,0.4027348814632137,10.981217407420203,2.2909710707878888,0.7453559924999299,4,5.271,0.1505,102.69381004944465,False,0.7618,1.62,P2_0091,1,longitudinal
supercritical_f1.8_beta0.5_M2.0_theta0_seed2,1.8,0.5,2.0,0.0,2,MEASURABLE,2.5375032920968823,0.3293679273141753,10.33540182213047,2.2909710707878888,0.7453559924999299,3,3.764,0.1298,122.11213522988609,False,0.7618,1.62,P2_0092,1,longitudinal
supercritical_f1.9_beta0.5_M2.0_theta0_seed1,1.9,0.5,2.0,0.0,1,COLLAPSED,,,9.694398963103161,2.0413368026992114,0.7254762501100117,3,4.456,0.1484,89.12590244528604,False,0.7158,1.62,P2_0093,1,longitudinal
supercritical_f1.9_beta0.5_M2.0_theta0_seed2,1.9,0.5,2.0,0.0,2,COLLAPSED,,,9.656900033155518,2.0413368026992114,0.7254762501100117,4,3.562,0.1549,88.71075160451599,False,0.7158,1.62,P2_0094,1,longitudinal
supercritical_f2.0_beta0.5_M2.0_theta0_seed1,2.0,0.5,2.0,0.0,1,COLLAPSED,,,9.37477997950977,1.8384776310850235,0.7071067811865475,4,4.161,0.1777,115.17836147768968,False,0.6672,1.62,P2_0095,1,longitudinal
supercritical_f2.0_beta0.5_M2.0_theta0_seed2,2.0,0.5,2.0,0.0,2,COLLAPSED,,,9.045355450583486,1.8384776310850235,0.7071067811865475,3,3.926,0.1832,117.39979880902519,False,0.6672,1.62,P2_0096,1,longitudinal
supercritical_f2.2_beta0.5_M2.0_theta0_seed1,2.2,0.5,2.0,0.0,1,COLLAPSED,,,7.4006080149582445,1.5288894118925997,0.674199862463242,5,3.727,0.1755,102.29176754812275,False,0.5625,1.62,P2_0097,1,longitudinal
supercritical_f2.2_beta0.5_M2.0_theta0_seed2,2.2,0.5,2.0,0.0,2,PARTIAL,3.3036682952382206,0.9911004885714662,7.6219880541084235,1.5288894118925997,0.674199862463242,4,3.492,0.1842,38.22096979355754,False,0.5625,1.62,P2_0098,1,longitudinal
supercritical_f2.5_beta0.5_M2.0_theta0_seed1,2.5,0.5,2.0,0.0,1,COLLAPSED,,,5.921654300282142,1.2132069773479357,0.6324555320336759,5,3.172,0.2768,122.84457579077198,False,0.3885,1.62,P2_0099,1,longitudinal
supercritical_f2.5_beta0.5_M2.0_theta0_seed2,2.5,0.5,2.0,0.0,2,COLLAPSED,,,6.064568825153635,1.2132069773479357,0.6324555320336759,4,3.498,0.2528,115.27733523187591,False,0.3885,1.62,P2_0100,1,longitudinal
supercritical_f1.3_beta0.5_M3.0_theta0_seed1,1.3,0.5,3.0,0.0,1,PARTIAL,2.6332790819867262,0.7899837245960178,19.492616495472575,5.625494841470356,0.8770580193070292,1,4.966,0.1368,33.83036213627375,False,0.9453,1.54,P2_0101,1,longitudinal
supercritical_f1.3_beta0.5_M3.0_theta0_seed2,1.3,0.5,3.0,0.0,2,MEASURABLE,2.7031119766787586,0.3689747848166506,18.631536421828415,5.625494841470356,0.8770580193070292,4,4.605,0.1365,124.81151011599356,False,0.9453,1.54,P2_0102,1,longitudinal
supercritical_f1.4_beta0.5_M3.0_theta0_seed1,1.4,0.5,3.0,0.0,1,PARTIAL,2.3116836992867302,0.6935051097860191,15.602303478609038,4.368821860510387,0.8451542547285166,2,4.765,0.1348,38.99852171597329,False,0.9158,1.54,P2_0103,1,longitudinal
supercritical_f1.4_beta0.5_M3.0_theta0_seed2,1.4,0.5,3.0,0.0,2,MEASURABLE,2.8610122778669327,0.3996834152180105,14.41137717001078,4.368821860510387,0.8451542547285166,4,5.346,0.1397,99.08828025361376,False,0.9158,1.54,P2_0104,1,longitudinal
supercritical_f1.5_beta0.5_M3.0_theta0_seed1,1.5,0.5,3.0,0.0,1,PARTIAL,2.8421384586305454,0.8526415375891636,13.064829031977908,3.570263049439005,0.8164965809277261,1,5.131,0.1402,43.62710185696386,False,0.8823,1.54,P2_0105,1,longitudinal
supercritical_f1.5_beta0.5_M3.0_theta0_seed2,1.5,0.5,3.0,0.0,2,MEASURABLE,2.4321582564021367,0.3570408320398337,12.487739927716728,3.570263049439005,0.8164965809277261,3,5.24,0.1468,104.98089039951029,False,0.8823,1.54,P2_0106,1,longitudinal
supercritical_f1.6_beta0.5_M3.0_theta0_seed1,1.6,0.5,3.0,0.0,1,PARTIAL,2.3201665070223507,0.6960499521067052,11.806984895413493,3.0150874906898855,0.7905694150420948,2,4.454,0.1661,42.168987169141374,False,0.8453,1.54,P2_0107,1,longitudinal
supercritical_f1.6_beta0.5_M3.0_theta0_seed2,1.6,0.5,3.0,0.0,2,PARTIAL,3.0779119989574535,0.923373599687236,10.962146281291894,3.0150874906898855,0.7905694150420948,3,5.182,0.141,34.64444494304975,False,0.8453,1.54,P2_0108,1,longitudinal
supercritical_f1.7_beta0.5_M3.0_theta0_seed1,1.7,0.5,3.0,0.0,1,MEASURABLE,2.5789844612615367,0.45699604653554426,10.04407065874589,2.605705665659658,0.7669649888473704,4,5.311,0.1772,102.69381004944465,False,0.8051,1.54,P2_0109,1,longitudinal
supercritical_f1.7_beta0.5_M3.0_theta0_seed2,1.7,0.5,3.0,0.0,2,MEASURABLE,2.4455277410034792,0.3839478553375462,9.453369543331647,2.605705665659658,0.7669649888473704,3,3.804,0.157,122.11213522988609,False,0.8051,1.54,P2_0110,1,longitudinal
supercritical_f1.8_beta0.5_M3.0_theta0_seed1,1.8,0.5,3.0,0.0,1,COLLAPSED,,,8.77833300237166,2.2909710707878888,0.7453559924999299,3,4.496,0.1755,84.43506547448152,False,0.7618,1.54,P2_0111,1,longitudinal
supercritical_f1.8_beta0.5_M3.0_theta0_seed2,1.8,0.5,3.0,0.0,2,COLLAPSED,,,8.744377509559174,2.2909710707878888,0.7453559924999299,4,3.602,0.1819,84.04176467796252,False,0.7618,1.54,P2_0112,1,longitudinal
supercritical_f1.9_beta0.5_M3.0_theta0_seed1,1.9,0.5,3.0,0.0,1,COLLAPSED,,,8.419649746071105,2.0413368026992114,0.7254762501100117,4,4.201,0.2045,109.41944340380519,False,0.7158,1.54,P2_0113,1,longitudinal
supercritical_f1.9_beta0.5_M3.0_theta0_seed2,1.9,0.5,3.0,0.0,2,COLLAPSED,,,8.123787959726673,2.0413368026992114,0.7254762501100117,3,3.966,0.2099,111.52980886857392,False,0.7158,1.54,P2_0114,1,longitudinal
supercritical_f2.0_beta0.5_M3.0_theta0_seed1,2.0,0.5,3.0,0.0,1,COLLAPSED,,,7.398056672605087,1.8384776310850235,0.7071067811865475,4,4.296,0.1924,91.2737105616938,False,0.6672,1.54,P2_0115,1,longitudinal
supercritical_f2.0_beta0.5_M3.0_theta0_seed2,2.0,0.5,3.0,0.0,2,COLLAPSED,,,7.616471395238223,1.8384776310850235,0.7071067811865475,3,4.897,0.222,88.93914345291401,False,0.6672,1.54,P2_0116,1,longitudinal
supercritical_f2.2_beta0.5_M3.0_theta0_seed1,2.2,0.5,3.0,0.0,1,COLLAPSED,,,6.344070381943142,1.5288894118925997,0.674199862463242,5,3.485,0.2313,116.07041641356732,False,0.5625,1.54,P2_0117,1,longitudinal
supercritical_f2.2_beta0.5_M3.0_theta0_seed2,2.2,0.5,3.0,0.0,2,COLLAPSED,,,5.967561123500154,1.5288894118925997,0.674199862463242,5,3.334,0.1943,148.90529296166315,False,0.5625,1.54,P2_0118,1,longitudinal
supercritical_f2.5_beta0.5_M3.0_theta0_seed1,2.5,0.5,3.0,0.0,1,COLLAPSED,,,4.93270822392884,1.2132069773479357,0.6324555320336759,4,3.05,0.2626,118.06174459116953,False,0.3885,1.54,P2_0119,1,longitudinal
supercritical_f2.5_beta0.5_M3.0_theta0_seed2,2.5,0.5,3.0,0.0,2,PARTIAL,2.125001201032324,0.6375003603096971,4.964816423076703,1.2132069773479357,0.6324555320336759,4,3.144,0.2857,31.762041653221697,False,0.3885,1.54,P2_0120,1,longitudinal
supercritical_f1.3_beta1.0_M1.0_theta0_seed1,1.3,1.0,1.0,0.0,1,PARTIAL,3.0606624442079284,0.9181987332623784,32.88090571859885,3.8945733517871695,0.8770580193070292,2,5.19,0.0882,34.43404564539082,False,0.8859,1.5,P2_0121,1,longitudinal
supercritical_f1.3_beta1.0_M1.0_theta0_seed2,1.3,1.0,1.0,0.0,2,PARTIAL,3.0828701986533393,0.9248610595960017,31.501967580972337,3.8945733517871695,0.8770580193070292,2,4.773,0.1023,38.488964642440294,False,0.8859,1.5,P2_0122,1,longitudinal
supercritical_f1.4_beta1.0_M1.0_theta0_seed1,1.4,1.0,1.0,0.0,1,MEASURABLE,3.5767379350504767,0.28184694928197757,26.461643098461177,3.024568980353345,0.8451542547285166,3,4.883,0.0788,115.36392830262537,False,0.8243,1.5,P2_0123,1,longitudinal
supercritical_f1.4_beta1.0_M1.0_theta0_seed2,1.4,1.0,1.0,0.0,2,PARTIAL,3.2945038178917705,0.9883511453675311,26.608852979366475,3.024568980353345,0.8451542547285166,1,5.12,0.0858,39.5027316681654,False,0.8243,1.5,P2_0124,1,longitudinal
supercritical_f1.5_beta1.0_M1.0_theta0_seed1,1.5,1.0,1.0,0.0,1,PARTIAL,3.165386955373717,0.949616086612115,21.93082123013526,2.471720572688542,0.8164965809277261,2,5.041,0.0863,32.48187162350406,False,0.7545,1.5,P2_0125,1,longitudinal
supercritical_f1.5_beta1.0_M1.0_theta0_seed2,1.5,1.0,1.0,0.0,2,PARTIAL,2.8570833802004403,0.8571250140601321,22.79065172216404,2.471720572688542,0.8164965809277261,2,4.989,0.0825,35.238506355613,False,0.7545,1.5,P2_0126,1,longitudinal
supercritical_f1.6_beta1.0_M1.0_theta0_seed1,1.6,1.0,1.0,0.0,1,PARTIAL,3.2863742516964374,0.9859122755089311,18.936063462991907,2.087368262785305,0.7905694150420948,3,4.647,0.1013,43.0451723313267,False,0.6773,1.5,P2_0127,1,longitudinal
supercritical_f1.6_beta1.0_M1.0_theta0_seed2,1.6,1.0,1.0,0.0,2,PARTIAL,3.731752452816504,1.119525735844951,19.584049218419963,2.087368262785305,0.7905694150420948,1,5.061,0.0842,32.72885269040394,False,0.6773,1.5,P2_0128,1,longitudinal
supercritical_f1.7_beta1.0_M1.0_theta0_seed1,1.7,1.0,1.0,0.0,1,PARTIAL,3.686055503668405,1.1058166511005214,17.427007445646623,1.803950076225917,0.7669649888473704,1,4.87,0.1141,41.51948328961113,False,0.5933,1.5,P2_0129,1,longitudinal
supercritical_f1.7_beta1.0_M1.0_theta0_seed2,1.7,1.0,1.0,0.0,2,PARTIAL,3.045323455574026,0.9135970366722077,16.37096636591671,1.803950076225917,0.7669649888473704,2,3.773,0.1049,31.97869068364174,False,0.5933,1.5,P2_0130,1,longitudinal
supercritical_f1.8_beta1.0_M1.0_theta0_seed1,1.8,1.0,1.0,0.0,1,COLLAPSED,,,14.556308524030788,1.586056895160846,0.7453559924999299,4,3.911,0.1128,81.46714680570261,False,0.5031,1.5,P2_0131,1,longitudinal
supercritical_f1.8_beta1.0_M1.0_theta0_seed2,1.8,1.0,1.0,0.0,2,COLLAPSED,,,15.47013362193117,1.586056895160846,0.7453559924999299,4,4.439,0.1367,91.435525867833,False,0.5031,1.5,P2_0132,1,longitudinal
supercritical_f1.9_beta1.0_M1.0_theta0_seed1,1.9,1.0,1.0,0.0,1,COLLAPSED,,,13.764394907589676,1.4132331710994541,0.7254762501100117,3,4.677,0.1321,74.7347332558172,False,0.4071,1.5,P2_0133,1,longitudinal
supercritical_f1.9_beta1.0_M1.0_theta0_seed2,1.9,1.0,1.0,0.0,2,COLLAPSED,,,13.35426779438305,1.4132331710994541,0.7254762501100117,2,4.274,0.1346,74.9928553417119,False,0.4071,1.5,P2_0134,1,longitudinal
supercritical_f2.0_beta1.0_M1.0_theta0_seed1,2.0,1.0,1.0,0.0,1,COLLAPSED,,,12.429430688149044,1.2727922061357855,0.7071067811865475,3,4.201,0.1534,83.61613280175044,False,0.3056,1.5,P2_0135,1,longitudinal
supercritical_f2.0_beta1.0_M1.0_theta0_seed2,2.0,1.0,1.0,0.0,2,COLLAPSED,,,12.185348504830309,1.2727922061357855,0.7071067811865475,4,4.07,0.1453,89.22512499119766,False,0.3056,1.5,P2_0136,1,longitudinal
supercritical_f2.2_beta1.0_M1.0_theta0_seed1,2.2,1.0,1.0,0.0,1,PARTIAL,2.719475916708421,0.8158427750125262,10.692679416966099,1.0584619005410305,0.674199862463242,3,3.682,0.1693,32.453777139276454,True,0.0871,1.5,P2_0137,1,longitudinal
supercritical_f2.2_beta1.0_M1.0_theta0_seed2,2.2,1.0,1.0,0.0,2,PARTIAL,2.680711111234303,0.8042133333702909,10.801286906107073,1.0584619005410305,0.674199862463242,3,4.005,0.1657,40.29922665535082,True,0.0871,1.5,P2_0138,1,longitudinal
supercritical_f2.5_beta1.0_M1.0_theta0_seed1,2.5,1.0,1.0,0.0,1,PARTIAL,3.001570493549961,0.9004711480649883,8.450939981887515,0.83991252277934,0.6324555320336759,4,3.036,0.2473,35.63494104447562,True,0.05,1.5,P2_0139,1,longitudinal
supercritical_f2.5_beta1.0_M1.0_theta0_seed2,2.5,1.0,1.0,0.0,2,PARTIAL,2.404226567107701,0.7212679701323104,8.493527211809925,0.83991252277934,0.6324555320336759,5,3.159,0.2378,42.808810823972095,True,0.05,1.5,P2_0140,1,longitudinal
supercritical_f1.3_beta1.0_M2.0_theta0_seed1,1.3,1.0,2.0,0.0,1,MEASURABLE,3.474290518929725,0.37800280845955403,22.90367764318929,3.8945733517871695,0.8770580193070292,3,4.883,0.1088,75.22420960095494,False,0.8859,1.42,P2_0141,1,longitudinal
supercritical_f1.3_beta1.0_M2.0_theta0_seed2,1.3,1.0,2.0,0.0,2,PARTIAL,3.200140347692996,0.9600421043078987,23.031094056659978,3.8945733517871695,0.8770580193070292,1,5.12,0.1158,39.29481000611981,False,0.8859,1.42,P2_0142,1,longitudinal
supercritical_f1.4_beta1.0_M2.0_theta0_seed1,1.4,1.0,2.0,0.0,1,PARTIAL,3.0700071051054363,0.9210021315316308,18.316432869141604,3.024568980353345,0.8451542547285166,2,5.041,0.1163,35.49438671297621,False,0.8243,1.42,P2_0143,1,longitudinal
supercritical_f1.4_beta1.0_M2.0_theta0_seed2,1.4,1.0,2.0,0.0,2,PARTIAL,2.770993373244138,0.8312980119732414,19.034555885184673,3.024568980353345,0.8451542547285166,2,4.989,0.1125,42.13250039612049,False,0.8243,1.42,P2_0144,1,longitudinal
supercritical_f1.5_beta1.0_M2.0_theta0_seed1,1.5,1.0,2.0,0.0,1,PARTIAL,3.18309237063174,0.954927711189522,15.448857137348336,2.471720572688542,0.8164965809277261,4,4.687,0.1281,31.67913309813806,False,0.7545,1.42,P2_0145,1,longitudinal
supercritical_f1.5_beta1.0_M2.0_theta0_seed2,1.5,1.0,2.0,0.0,2,PARTIAL,3.614473535847224,1.0843420607541672,15.977511859181588,2.471720572688542,0.8164965809277261,1,5.101,0.1115,38.15270399227623,False,0.7545,1.42,P2_0146,1,longitudinal
supercritical_f1.6_beta1.0_M2.0_theta0_seed1,1.6,1.0,2.0,0.0,1,PARTIAL,3.5660231427669644,1.0698069428300894,13.981085486439625,2.087368262785305,0.7905694150420948,1,4.91,0.141,39.865572984757435,False,0.6773,1.42,P2_0147,1,longitudinal
supercritical_f1.6_beta1.0_M2.0_theta0_seed2,1.6,1.0,2.0,0.0,2,PARTIAL,2.9461558321572605,0.8838467496471781,13.133860243726815,2.087368262785305,0.7905694150420948,3,3.813,0.1321,37.97316097257736,False,0.6773,1.42,P2_0148,1,longitudinal
supercritical_f1.7_beta1.0_M2.0_theta0_seed1,1.7,1.0,2.0,0.0,1,COLLAPSED,,,11.530314495903605,1.803950076225917,0.7669649888473704,3,3.951,0.1401,76.94119420538581,False,0.5933,1.42,P2_0149,1,longitudinal
supercritical_f1.7_beta1.0_M2.0_theta0_seed2,1.7,1.0,2.0,0.0,2,COLLAPSED,,,12.254171836220793,1.803950076225917,0.7669649888473704,3,4.479,0.1634,86.35577443073116,False,0.5933,1.42,P2_0150,1,longitudinal
supercritical_f1.8_beta1.0_M2.0_theta0_seed1,1.8,1.0,2.0,0.0,1,COLLAPSED,,,10.79391313838873,1.586056895160846,0.7453559924999299,4,4.717,0.1593,70.80132624235314,False,0.5031,1.42,P2_0151,1,longitudinal
supercritical_f1.8_beta1.0_M2.0_theta0_seed2,1.8,1.0,2.0,0.0,2,COLLAPSED,,,10.47229519111453,1.586056895160846,0.7453559924999299,2,4.314,0.1617,71.045862955306,False,0.5031,1.42,P2_0152,1,longitudinal
supercritical_f1.9_beta1.0_M2.0_theta0_seed1,1.9,1.0,2.0,0.0,1,COLLAPSED,,,9.667514009366387,1.4132331710994541,0.7254762501100117,4,4.241,0.1805,79.43532616166291,False,0.4071,1.42,P2_0153,1,longitudinal
supercritical_f1.9_beta1.0_M2.0_theta0_seed2,1.9,1.0,2.0,0.0,2,COLLAPSED,,,9.477668795544933,1.4132331710994541,0.7254762501100117,4,4.11,0.1725,84.76386874163778,False,0.4071,1.42,P2_0154,1,longitudinal
supercritical_f2.0_beta1.0_M2.0_theta0_seed1,2.0,1.0,2.0,0.0,1,COLLAPSED,,,9.095062591099714,1.2727922061357855,0.7071067811865475,4,3.625,0.2034,104.38957090478466,False,0.3056,1.42,P2_0155,1,longitudinal
supercritical_f2.0_beta1.0_M2.0_theta0_seed2,2.0,1.0,2.0,0.0,2,COLLAPSED,,,8.621438040175459,1.2727922061357855,0.7071067811865475,2,4.299,0.1792,75.50046728163743,False,0.3056,1.42,P2_0156,1,longitudinal
supercritical_f2.2_beta1.0_M2.0_theta0_seed1,2.2,1.0,2.0,0.0,1,PARTIAL,2.6073195218314247,0.7821958565494274,7.419027137964584,1.0584619005410305,0.674199862463242,3,3.293,0.2069,42.230349916319575,True,0.0871,1.42,P2_0157,1,longitudinal
supercritical_f2.2_beta1.0_M2.0_theta0_seed2,2.2,1.0,2.0,0.0,2,PARTIAL,2.397312549620477,0.7191937648861431,7.471521288301869,1.0584619005410305,0.674199862463242,3,4.226,0.2409,32.2356915561482,True,0.0871,1.42,P2_0158,1,longitudinal
supercritical_f2.5_beta1.0_M2.0_theta0_seed1,2.5,1.0,2.0,0.0,1,PARTIAL,2.7467878055478567,0.824036341664357,5.920308416358238,0.83991252277934,0.6324555320336759,5,3.083,0.2657,42.88431525375081,True,0.05,1.42,P2_0159,1,longitudinal
supercritical_f2.5_beta1.0_M2.0_theta0_seed2,2.5,1.0,2.0,0.0,2,PARTIAL,2.388604785707334,0.7165814357122001,5.768633742830382,0.83991252277934,0.6324555320336759,5,2.944,0.2912,41.95020624723375,True,0.05,1.42,P2_0160,1,longitudinal
supercritical_f1.3_beta1.0_M3.0_theta0_seed1,1.3,1.0,3.0,0.0,1,PARTIAL,2.9738132336115517,0.8921439700834655,18.306220193204542,3.8945733517871695,0.8770580193070292,2,5.041,0.1463,35.49438671297621,False,0.8859,1.34,P2_0161,1,longitudinal
supercritical_f1.3_beta1.0_M3.0_theta0_seed2,1.3,1.0,3.0,0.0,2,PARTIAL,2.684168629414401,0.8052505888243203,19.023942806085152,3.8945733517871695,0.8770580193070292,2,4.989,0.1425,42.13250039612049,False,0.8859,1.34,P2_0162,1,longitudinal
supercritical_f1.4_beta1.0_M3.0_theta0_seed1,1.4,1.0,3.0,0.0,1,PARTIAL,3.0786272760611313,0.9235881828183393,14.89881505861639,3.024568980353345,0.8451542547285166,4,4.727,0.1549,31.67913309813806,False,0.8243,1.34,P2_0163,1,longitudinal
supercritical_f1.4_beta1.0_M3.0_theta0_seed2,1.4,1.0,3.0,0.0,2,PARTIAL,3.495851053122884,1.0487553159368652,15.408647524567321,3.024568980353345,0.8451542547285166,1,5.141,0.1388,38.15270399227623,False,0.8243,1.34,P2_0164,1,longitudinal
supercritical_f1.5_beta1.0_M3.0_theta0_seed1,1.5,1.0,3.0,0.0,1,PARTIAL,3.4443849152498833,1.0333154745749649,13.170944391244985,2.471720572688542,0.8164965809277261,1,4.95,0.1679,39.865572984757435,False,0.7545,1.34,P2_0165,1,longitudinal
supercritical_f1.5_beta1.0_M3.0_theta0_seed2,1.5,1.0,3.0,0.0,2,PARTIAL,2.845661483392419,0.8536984450177257,12.372812045265668,2.471720572688542,0.8164965809277261,3,3.853,0.1592,37.97316097257736,False,0.7545,1.34,P2_0166,1,longitudinal
supercritical_f1.6_beta1.0_M3.0_theta0_seed1,1.6,1.0,3.0,0.0,1,COLLAPSED,,,10.681410253071236,2.087368262785305,0.7905694150420948,3,3.991,0.1674,72.415241605069,False,0.6773,1.34,P2_0167,1,longitudinal
supercritical_f1.6_beta1.0_M3.0_theta0_seed2,1.6,1.0,3.0,0.0,2,COLLAPSED,,,11.351974548552663,2.087368262785305,0.7905694150420948,3,4.519,0.1901,81.27602299362933,False,0.6773,1.34,P2_0168,1,longitudinal
supercritical_f1.7_beta1.0_M3.0_theta0_seed1,1.7,1.0,3.0,0.0,1,COLLAPSED,,,9.872751100718958,1.803950076225917,0.7669649888473704,3,4.757,0.1864,66.86791922888908,False,0.5933,1.34,P2_0169,1,longitudinal
supercritical_f1.7_beta1.0_M3.0_theta0_seed2,1.7,1.0,3.0,0.0,2,COLLAPSED,,,9.578580311844487,1.803950076225917,0.7669649888473704,1,4.354,0.1888,67.09887056890011,False,0.5933,1.34,P2_0170,1,longitudinal
supercritical_f1.8_beta1.0_M3.0_theta0_seed1,1.8,1.0,3.0,0.0,1,COLLAPSED,,,8.753988524951966,1.586056895160846,0.7453559924999299,4,4.281,0.2075,75.2545195215754,False,0.5031,1.34,P2_0171,1,longitudinal
supercritical_f1.8_beta1.0_M3.0_theta0_seed2,1.8,1.0,3.0,0.0,2,COLLAPSED,,,8.582082611839255,1.586056895160846,0.7453559924999299,4,4.15,0.1997,80.3026124920779,False,0.5031,1.34,P2_0172,1,longitudinal
supercritical_f1.9_beta1.0_M3.0_theta0_seed1,1.9,1.0,3.0,0.0,1,COLLAPSED,,,8.168430790165374,1.4132331710994541,0.7254762501100117,4,3.665,0.2303,99.17009235954544,False,0.4071,1.34,P2_0173,1,longitudinal
supercritical_f1.9_beta1.0_M3.0_theta0_seed2,1.9,1.0,3.0,0.0,2,COLLAPSED,,,7.743060505354596,1.4132331710994541,0.7254762501100117,2,4.339,0.2065,71.72544391755555,False,0.4071,1.34,P2_0174,1,longitudinal
supercritical_f2.0_beta1.0_M3.0_theta0_seed1,2.0,1.0,3.0,0.0,1,COLLAPSED,,,7.325330880001866,1.2727922061357855,0.7071067811865475,4,3.762,0.2238,93.80589359733791,False,0.3056,1.34,P2_0175,1,longitudinal
supercritical_f2.0_beta1.0_M3.0_theta0_seed2,2.0,1.0,3.0,0.0,2,PARTIAL,2.4826204555238,0.7447861366571399,7.399735597751235,1.2727922061357855,0.7071067811865475,3,4.085,0.2203,34.839499355914896,False,0.3056,1.34,P2_0176,1,longitudinal
supercritical_f2.2_beta1.0_M3.0_theta0_seed1,2.2,1.0,3.0,0.0,1,PARTIAL,2.781190213833356,0.8343570641500068,6.066782206999782,1.0584619005410305,0.674199862463242,4,3.305,0.23,36.026573450344436,True,0.0871,1.34,P2_0177,1,longitudinal
supercritical_f2.2_beta1.0_M3.0_theta0_seed2,2.2,1.0,3.0,0.0,2,PARTIAL,2.1306419570623927,0.6391925871187177,6.355675387504713,1.0584619005410305,0.674199862463242,4,2.938,0.2757,41.68121842361669,True,0.0871,1.34,P2_0178,1,longitudinal
supercritical_f2.5_beta1.0_M3.0_theta0_seed1,2.5,1.0,3.0,0.0,1,PARTIAL,2.3475042376442925,0.7767891522364965,4.932640572120477,0.83991252277934,0.6324555320336759,4,2.779,0.3309,36.797441097913705,True,0.05,1.34,P2_0179,1,longitudinal
supercritical_f2.5_beta1.0_M3.0_theta0_seed2,2.5,1.0,3.0,0.0,2,PARTIAL,2.2793731881303403,0.6838119564391021,5.08592016053882,0.83991252277934,0.6324555320336759,6,2.381,0.2839,34.384591788969566,True,0.05,1.34,P2_0180,1,longitudinal
supercritical_f1.3_beta2.0_M1.0_theta0_seed1,1.3,2.0,1.0,0.0,1,MEASURABLE,3.816154345735167,0.30071296244393114,32.39069155121974,3.029112606945576,0.8770580193070292,3,4.883,0.0788,115.36392830262537,False,0.8114,1.4,P2_0181,1,longitudinal
supercritical_f1.3_beta2.0_M1.0_theta0_seed2,1.3,2.0,1.0,0.0,2,PARTIAL,3.5150282995254876,1.0545084898576462,32.57088557121892,3.029112606945576,0.8770580193070292,1,5.12,0.0858,39.5027316681654,False,0.8114,1.4,P2_0182,1,longitudinal
supercritical_f1.4_beta2.0_M1.0_theta0_seed1,1.4,2.0,1.0,0.0,1,PARTIAL,3.372090184097504,1.0116270552292512,25.903347777836398,2.3524425402748235,0.8451542547285166,2,5.041,0.0863,32.48187162350406,False,0.7096,1.4,P2_0183,1,longitudinal
supercritical_f1.4_beta2.0_M1.0_theta0_seed2,1.4,2.0,1.0,0.0,2,PARTIAL,3.0436540484146137,0.913096214524384,26.918927086576783,2.3524425402748235,0.8451542547285166,2,4.989,0.0825,35.238506355613,False,0.7096,1.4,P2_0184,1,longitudinal
supercritical_f1.5_beta2.0_M1.0_theta0_seed1,1.5,2.0,1.0,0.0,1,PARTIAL,3.4963028327305152,1.0488908498191545,21.847983286802407,1.9224493343133102,0.8164965809277261,3,4.647,0.1013,43.0451723313267,False,0.5941,1.4,P2_0185,1,longitudinal
supercritical_f1.5_beta2.0_M1.0_theta0_seed2,1.5,2.0,1.0,0.0,2,PARTIAL,3.970131114889399,1.1910393344668198,22.59561396423157,1.9224493343133102,0.8164965809277261,1,5.061,0.0842,32.72885269040394,False,0.5941,1.4,P2_0186,1,longitudinal
supercritical_f1.6_beta2.0_M1.0_theta0_seed1,1.6,2.0,1.0,0.0,1,PARTIAL,3.916913291826414,1.1750739875479241,19.772240711620558,1.623508648833015,0.7905694150420948,1,4.87,0.1141,41.51948328961113,False,0.4665,1.4,P2_0187,1,longitudinal
supercritical_f1.6_beta2.0_M1.0_theta0_seed2,1.6,2.0,1.0,0.0,2,PARTIAL,3.2360521726212474,0.9708156517863742,18.574083282991268,1.623508648833015,0.7905694150420948,2,3.773,0.1049,31.97869068364174,False,0.4665,1.4,P2_0188,1,longitudinal
supercritical_f1.7_beta2.0_M1.0_theta0_seed1,1.7,2.0,1.0,0.0,1,COLLAPSED,,,16.306327138533977,1.4030722815090466,0.7669649888473704,3,3.911,0.1128,76.94119420538581,False,0.3277,1.4,P2_0189,1,longitudinal
supercritical_f1.7_beta2.0_M1.0_theta0_seed2,1.7,2.0,1.0,0.0,2,COLLAPSED,,,17.33001600643386,1.4030722815090466,0.7669649888473704,3,4.439,0.1367,86.35577443073116,False,0.3277,1.4,P2_0190,1,longitudinal
supercritical_f1.8_beta2.0_M1.0_theta0_seed1,1.8,2.0,1.0,0.0,1,PARTIAL,2.629789566479284,0.7889368699437852,15.26489835138648,1.2335998073473244,0.7453559924999299,2,4.677,0.1321,37.0073442921405,True,0.1786,1.4,P2_0191,1,longitudinal
supercritical_f1.8_beta2.0_M1.0_theta0_seed2,1.8,2.0,1.0,0.0,2,PARTIAL,2.6366820740377963,0.7910046222113388,14.810061888448711,1.2335998073473244,0.7453559924999299,1,4.274,0.1346,30.97447318935047,True,0.1786,1.4,P2_0192,1,longitudinal
supercritical_f1.9_beta2.0_M1.0_theta0_seed1,1.9,2.0,1.0,0.0,1,PARTIAL,2.7109761543883897,0.8132928463165169,13.671929426477842,1.0991813552995753,0.7254762501100117,3,4.201,0.1534,38.364023849371996,True,0.05,1.4,P2_0193,1,longitudinal
supercritical_f1.9_beta2.0_M1.0_theta0_seed2,1.9,2.0,1.0,0.0,2,PARTIAL,2.850972338044609,0.8552917014133826,13.40344775033992,1.0991813552995753,0.7254762501100117,4,4.07,0.1453,38.63322311754464,True,0.05,1.4,P2_0194,1,longitudinal
supercritical_f2.0_beta2.0_M1.0_theta0_seed1,2.0,2.0,1.0,0.0,1,PARTIAL,3.1801508104843057,0.9540452431452917,12.8623608669654,0.9899494936611664,0.7071067811865475,3,3.585,0.1766,44.39352050325366,True,0.05,1.4,P2_0195,1,longitudinal
supercritical_f2.0_beta2.0_M1.0_theta0_seed2,2.0,2.0,1.0,0.0,2,PARTIAL,2.470111309936588,0.7410333929809764,12.192554603575452,0.9899494936611664,0.7071067811865475,2,4.259,0.1519,31.47798659696088,True,0.05,1.4,P2_0196,1,longitudinal
supercritical_f2.2_beta2.0_M1.0_theta0_seed1,2.2,2.0,1.0,0.0,1,PARTIAL,2.8638749896546543,0.8591624968963962,10.492088798123563,0.8232481448652459,0.674199862463242,3,3.253,0.1796,42.15465688877069,True,0.05,1.4,P2_0197,1,longitudinal
supercritical_f2.2_beta2.0_M1.0_theta0_seed2,2.2,2.0,1.0,0.0,2,PARTIAL,2.633203715830272,0.7899611147490816,10.566326737475803,0.8232481448652459,0.674199862463242,3,4.186,0.2141,33.32896120564386,True,0.05,1.4,P2_0198,1,longitudinal
supercritical_f2.5_beta2.0_M1.0_theta0_seed1,2.5,2.0,1.0,0.0,1,PARTIAL,3.01706669716927,0.905120009150781,8.372580455845402,0.6532652954950422,0.6324555320336759,5,3.043,0.2387,44.94285063895054,True,0.05,1.4,P2_0199,1,longitudinal
supercritical_f2.5_beta2.0_M1.0_theta0_seed2,2.5,2.0,1.0,0.0,2,PARTIAL,2.623639123889062,0.7870917371667185,8.158080075473796,0.6532652954950422,0.6324555320336759,5,2.904,0.2645,35.55793749129613,True,0.05,1.4,P2_0200,1,longitudinal
supercritical_f1.3_beta2.0_M2.0_theta0_seed1,1.3,2.0,2.0,0.0,1,PARTIAL,3.2755044312243173,0.9826513293672952,22.420449296192405,3.029112606945576,0.8770580193070292,2,5.041,0.1163,35.49438671297621,False,0.8114,1.32,P2_0201,1,longitudinal
supercritical_f1.3_beta2.0_M2.0_theta0_seed2,1.3,2.0,2.0,0.0,2,PARTIAL,2.9564755918187604,0.886942677545628,23.299476385399704,3.029112606945576,0.8770580193070292,2,4.989,0.1125,42.13250039612049,False,0.8114,1.32,P2_0202,1,longitudinal
supercritical_f1.4_beta2.0_M2.0_theta0_seed1,1.4,2.0,2.0,0.0,1,PARTIAL,3.3909517823282016,1.0172855346984604,18.2472473328522,2.3524425402748235,0.8451542547285166,4,4.687,0.1281,31.67913309813806,False,0.7096,1.32,P2_0203,1,longitudinal
supercritical_f1.4_beta2.0_M2.0_theta0_seed2,1.4,2.0,2.0,0.0,2,PARTIAL,3.8505026092367984,1.1551507827710394,18.87166203079453,2.3524425402748235,0.8451542547285166,1,5.101,0.1115,38.15270399227623,False,0.7096,1.32,P2_0204,1,longitudinal
supercritical_f1.5_beta2.0_M2.0_theta0_seed1,1.5,2.0,2.0,0.0,1,PARTIAL,3.7938152689708855,1.1381445806912656,16.13104659456111,1.9224493343133102,0.8164965809277261,1,4.91,0.141,39.865572984757435,False,0.5941,1.32,P2_0205,1,longitudinal
supercritical_f1.5_beta2.0_M2.0_theta0_seed2,1.5,2.0,2.0,0.0,2,PARTIAL,3.134351778809041,0.9403055336427122,15.153538097131202,1.9224493343133102,0.8164965809277261,3,3.813,0.1321,37.97316097257736,False,0.5941,1.32,P2_0206,1,longitudinal
supercritical_f1.6_beta2.0_M2.0_theta0_seed1,1.6,2.0,2.0,0.0,1,COLLAPSED,,,13.08200242667853,1.623508648833015,0.7905694150420948,3,3.951,0.1401,72.415241605069,False,0.4665,1.32,P2_0207,1,longitudinal
supercritical_f1.6_beta2.0_M2.0_theta0_seed2,1.6,2.0,2.0,0.0,2,COLLAPSED,,,13.90327260850772,1.623508648833015,0.7905694150420948,3,4.479,0.1634,81.27602299362933,False,0.4665,1.32,P2_0208,1,longitudinal
supercritical_f1.7_beta2.0_M2.0_theta0_seed1,1.7,2.0,2.0,0.0,1,COLLAPSED,,,12.09160127713121,1.4030722815090466,0.7669649888473704,3,4.717,0.1593,66.86791922888908,False,0.3277,1.32,P2_0209,1,longitudinal
supercritical_f1.7_beta2.0_M2.0_theta0_seed2,1.7,2.0,2.0,0.0,2,COLLAPSED,,,11.731317112143984,1.4030722815090466,0.7669649888473704,1,4.314,0.1617,67.09887056890011,False,0.3277,1.32,P2_0210,1,longitudinal
supercritical_f1.8_beta2.0_M2.0_theta0_seed1,1.8,2.0,2.0,0.0,1,PARTIAL,2.6175418354071764,0.7852625506221529,10.72140255015574,1.2335998073473244,0.7453559924999299,3,4.241,0.1805,41.802485423088186,True,0.1786,1.32,P2_0211,1,longitudinal
supercritical_f1.8_beta2.0_M2.0_theta0_seed2,1.8,2.0,2.0,0.0,2,PARTIAL,2.752713023440061,0.8258139070320183,10.510861664709058,1.2335998073473244,0.7453559924999299,3,4.11,0.1725,42.15391819829933,True,0.1786,1.32,P2_0212,1,longitudinal
supercritical_f1.9_beta2.0_M2.0_theta0_seed1,1.9,2.0,2.0,0.0,1,PARTIAL,3.067992117618238,0.9203976352854714,10.004243717572185,1.0991813552995753,0.7254762501100117,4,3.625,0.2034,34.86812258764619,True,0.05,1.32,P2_0213,1,longitudinal
supercritical_f1.9_beta2.0_M2.0_theta0_seed2,1.9,2.0,2.0,0.0,2,PARTIAL,2.382994543384883,0.7148983630154648,9.483273642807806,1.0991813552995753,0.7254762501100117,2,4.299,0.1792,33.0585412882281,True,0.05,1.32,P2_0214,1,longitudinal
supercritical_f2.0_beta2.0_M2.0_theta0_seed1,2.0,2.0,2.0,0.0,1,PARTIAL,2.7740228471529713,0.8322068541458914,8.971661426528721,0.9899494936611664,0.7071067811865475,4,3.722,0.1966,32.652025239934346,True,0.05,1.32,P2_0215,1,longitudinal
supercritical_f2.0_beta2.0_M2.0_theta0_seed2,2.0,2.0,2.0,0.0,2,PARTIAL,2.7344805017363587,0.8203441505209076,9.062788222999599,0.9899494936611664,0.7071067811865475,3,4.045,0.193,31.838226321838135,True,0.05,1.32,P2_0216,1,longitudinal
supercritical_f2.2_beta2.0_M2.0_theta0_seed1,2.2,2.0,2.0,0.0,1,PARTIAL,3.063339945671522,0.9190019837014566,7.430260393872729,0.8232481448652459,0.674199862463242,4,3.265,0.2025,36.026573450344436,True,0.05,1.32,P2_0217,1,longitudinal
supercritical_f2.2_beta2.0_M2.0_theta0_seed2,2.2,2.0,2.0,0.0,2,PARTIAL,2.3467940396629245,0.7040382118988774,7.784080835076148,0.8232481448652459,0.674199862463242,4,2.898,0.2488,41.68121842361669,True,0.05,1.32,P2_0218,1,longitudinal
supercritical_f2.5_beta2.0_M2.0_theta0_seed1,2.5,2.0,2.0,0.0,1,PARTIAL,2.5856568414632783,0.7862982454889829,6.041226243122628,0.6532652954950422,0.6324555320336759,4,2.739,0.3041,36.797441097913705,True,0.05,1.32,P2_0219,1,longitudinal
supercritical_f2.5_beta2.0_M2.0_theta0_seed2,2.5,2.0,2.0,0.0,2,PARTIAL,2.5106139463464614,0.7531841839039384,6.228954632927007,0.6532652954950422,0.6324555320336759,6,2.341,0.2566,34.384591788969566,True,0.05,1.32,P2_0220,1,longitudinal
supercritical_f1.3_beta2.0_M3.0_theta0_seed1,1.3,2.0,3.0,0.0,1,PARTIAL,3.2847016112947913,0.9854104833884374,18.23707323262836,3.029112606945576,0.8770580193070292,4,4.727,0.1549,31.67913309813806,False,0.8114,1.24,P2_0221,1,longitudinal
supercritical_f1.3_beta2.0_M3.0_theta0_seed2,1.3,2.0,3.0,0.0,2,PARTIAL,3.7298531317278303,1.118955939518349,18.861139776265432,3.029112606945576,0.8770580193070292,1,5.141,0.1388,38.15270399227623,False,0.8114,1.24,P2_0222,1,longitudinal
supercritical_f1.4_beta2.0_M3.0_theta0_seed1,1.4,2.0,3.0,0.0,1,PARTIAL,3.669307015766217,1.100792104729865,15.556715799596093,2.3524425402748235,0.8451542547285166,1,4.95,0.1679,39.865572984757435,False,0.7096,1.24,P2_0223,1,longitudinal
supercritical_f1.4_beta2.0_M3.0_theta0_seed2,1.4,2.0,3.0,0.0,2,PARTIAL,3.031486289258117,0.9094458867774351,14.614010576034557,2.3524425402748235,0.8451542547285166,3,3.853,0.1592,37.97316097257736,False,0.7096,1.24,P2_0224,1,longitudinal
supercritical_f1.5_beta2.0_M3.0_theta0_seed1,1.5,2.0,3.0,0.0,1,COLLAPSED,,,12.323959155748843,1.9224493343133102,0.8164965809277261,3,3.991,0.1674,67.88928900475219,False,0.5941,1.24,P2_0225,1,longitudinal
supercritical_f1.5_beta2.0_M3.0_theta0_seed2,1.5,2.0,3.0,0.0,2,COLLAPSED,,,13.097640420022017,1.9224493343133102,0.8164965809277261,3,4.519,0.1901,76.19627155652749,False,0.5941,1.24,P2_0226,1,longitudinal
supercritical_f1.6_beta2.0_M3.0_theta0_seed1,1.6,2.0,3.0,0.0,1,COLLAPSED,,,11.201373033101898,1.623508648833015,0.7905694150420948,3,4.757,0.1864,62.93451221542501,False,0.4665,1.24,P2_0227,1,longitudinal
supercritical_f1.6_beta2.0_M3.0_theta0_seed2,1.6,2.0,3.0,0.0,2,COLLAPSED,,,10.867614316001774,1.623508648833015,0.7905694150420948,1,4.354,0.1888,63.15187818249423,False,0.4665,1.24,P2_0228,1,longitudinal
supercritical_f1.7_beta2.0_M3.0_theta0_seed1,1.7,2.0,3.0,0.0,1,COLLAPSED,,,9.80642862983998,1.4030722815090466,0.7669649888473704,3,4.281,0.2075,71.07371288148788,False,0.3277,1.24,P2_0229,1,longitudinal
supercritical_f1.7_beta2.0_M3.0_theta0_seed2,1.7,2.0,3.0,0.0,2,COLLAPSED,,,9.613855488673275,1.4030722815090466,0.7669649888473704,3,4.15,0.1997,75.841356242518,False,0.3277,1.24,P2_0230,1,longitudinal
supercritical_f1.8_beta2.0_M3.0_theta0_seed1,1.8,2.0,3.0,0.0,1,PARTIAL,2.95404748675438,0.8862142460263139,9.058899177141152,1.2335998073473244,0.7453559924999299,3,3.665,0.2303,34.86812258764619,True,0.1786,1.24,P2_0231,1,longitudinal
supercritical_f1.8_beta2.0_M3.0_theta0_seed2,1.8,2.0,3.0,0.0,2,PARTIAL,2.2944905892719323,0.6883471767815796,8.58715783268463,1.2335998073473244,0.7453559924999299,1,4.339,0.2065,33.0585412882281,True,0.1786,1.24,P2_0232,1,longitudinal
supercritical_f1.9_beta2.0_M3.0_theta0_seed1,1.9,2.0,3.0,0.0,1,PARTIAL,2.6687743580224117,0.8006323074067235,8.057602100189081,1.0991813552995753,0.7254762501100117,4,3.762,0.2238,32.652025239934346,True,0.05,1.24,P2_0233,1,longitudinal
supercritical_f1.9_beta2.0_M3.0_theta0_seed2,1.9,2.0,3.0,0.0,2,PARTIAL,2.630732278588125,0.7892196835764375,8.139444629874394,1.0991813552995753,0.7254762501100117,3,4.085,0.2203,31.838226321838135,True,0.05,1.24,P2_0234,1,longitudinal
supercritical_f2.0_beta2.0_M3.0_theta0_seed1,2.0,2.0,3.0,0.0,1,PARTIAL,2.6522494727550017,0.7956748418265005,7.187910445221559,0.9899494936611664,0.7071067811865475,3,3.333,0.2342,42.230349916319575,True,0.05,1.24,P2_0235,1,longitudinal
supercritical_f2.0_beta2.0_M3.0_theta0_seed2,2.0,2.0,3.0,0.0,2,PARTIAL,2.4386236103865406,0.7315870831159622,7.238769303735712,0.9899494936611664,0.7071067811865475,3,4.266,0.2677,32.2356915561482,True,0.05,1.24,P2_0236,1,longitudinal
supercritical_f2.2_beta2.0_M3.0_theta0_seed1,2.2,2.0,3.0,0.0,1,PARTIAL,2.9290693944242,0.8813569807822418,6.081589374312998,0.8232481448652459,0.674199862463242,3,3.116,0.3009,44.403464244612934,True,0.05,1.24,P2_0237,1,longitudinal
supercritical_f2.2_beta2.0_M3.0_theta0_seed2,2.2,2.0,3.0,0.0,2,PARTIAL,2.346153945112904,0.7038461835338712,6.112236621309504,0.8232481448652459,0.674199862463242,5,3.239,0.2916,34.32287796012511,True,0.05,1.24,P2_0238,1,longitudinal
supercritical_f2.5_beta2.0_M3.0_theta0_seed1,2.5,2.0,3.0,0.0,1,PARTIAL,2.691198093193524,0.85607011344486,5.114737673144474,0.6532652954950422,0.6324555320336759,4,2.76,0.3181,41.3607168746982,True,0.05,1.24,P2_0239,1,longitudinal
supercritical_f2.5_beta2.0_M3.0_theta0_seed2,2.5,2.0,3.0,0.0,2,PARTIAL,2.6768336171506166,0.8745215427231064,5.026621127503705,0.6532652954950422,0.6324555320336759,3,2.498,0.3267,31.009107919046134,True,0.05,1.24,P2_0240,1,longitudinal
supercritical_f1.4_beta0.5_M1.0_theta30_seed1,1.4,0.5,1.0,30.0,1,MEASURABLE,1.5440226571607247,0.12383061710429011,31.444626040281197,4.284806055500573,0.8451542547285166,4,5.131,0.0802,112.70042286175135,False,0.9125,1.775,P2_0241,2,oblique_theta30
supercritical_f1.4_beta0.5_M1.0_theta30_seed2,1.4,0.5,1.0,30.0,2,MEASURABLE,1.3879217714905472,0.1204716097653795,30.055679347523256,4.284806055500573,0.8451542547285166,5,5.24,0.0868,87.26482256187325,False,0.9125,1.775,P2_0242,2,oblique_theta30
supercritical_f1.5_beta0.5_M1.0_theta30_seed1,1.5,0.5,1.0,30.0,1,MEASURABLE,1.4235900550501948,0.13581049125178857,27.75890712055619,3.5016041446421013,0.8164965809277261,4,4.574,0.0954,114.13574676929204,False,0.8777,1.775,P2_0243,2,oblique_theta30
supercritical_f1.5_beta0.5_M1.0_theta30_seed2,1.5,0.5,1.0,30.0,2,MEASURABLE,1.5675345017376037,0.11411651172649755,25.772642478990424,3.5016041446421013,0.8164965809277261,5,5.302,0.0728,98.35691193656663,False,0.8777,1.775,P2_0244,2,oblique_theta30
supercritical_f1.6_beta0.5_M1.0_theta30_seed1,1.6,0.5,1.0,30.0,1,MEASURABLE,1.468018734828851,0.13226848800807947,23.221193273183093,2.9571050389458495,0.7905694150420948,6,5.631,0.0901,94.83013225740106,False,0.8392,1.775,P2_0245,2,oblique_theta30
supercritical_f1.6_beta0.5_M1.0_theta30_seed2,1.6,0.5,1.0,30.0,2,MEASURABLE,1.3920520244548742,0.10384708102433361,21.855533349656465,2.9571050389458495,0.7905694150420948,5,4.124,0.0746,97.67456562100038,False,0.8392,1.775,P2_0246,2,oblique_theta30
supercritical_f1.8_beta0.5_M1.0_theta30_seed1,1.8,0.5,1.0,30.0,1,PARTIAL,1.5652777902030897,0.46958333706092686,19.027096441976216,2.246913934811199,0.7453559924999299,6,4.871,0.0903,43.24562144285593,False,0.7524,1.775,P2_0247,2,oblique_theta30
supercritical_f1.8_beta0.5_M1.0_theta30_seed2,1.8,0.5,1.0,30.0,2,PARTIAL,1.5900830916805284,0.4770249275041585,18.358494907227367,2.246913934811199,0.7453559924999299,5,4.636,0.0937,30.587233067848064,False,0.7524,1.775,P2_0248,2,oblique_theta30
supercritical_f2.0_beta0.5_M1.0_theta30_seed1,2.0,0.5,1.0,30.0,1,COLLAPSED,,,14.610490669039336,1.8031222920256962,0.7071067811865475,7,4.437,0.0991,92.99251595283884,False,0.654,1.775,P2_0249,2,oblique_theta30
supercritical_f2.0_beta0.5_M1.0_theta30_seed2,2.0,0.5,1.0,30.0,2,COLLAPSED,,,15.047545433969148,1.8031222920256962,0.7071067811865475,7,4.202,0.105,141.39265043440622,False,0.654,1.775,P2_0250,2,oblique_theta30
supercritical_f2.5_beta0.5_M1.0_theta30_seed1,2.5,0.5,1.0,30.0,1,COLLAPSED,,,9.966071891511586,1.1898760739373986,0.6324555320336759,9,3.851,0.2148,116.12780994087225,False,0.3643,1.775,P2_0251,2,oblique_theta30
supercritical_f2.5_beta0.5_M1.0_theta30_seed2,2.5,0.5,1.0,30.0,2,COLLAPSED,,,10.136375878897173,1.1898760739373986,0.6324555320336759,9,3.923,0.1672,138.0016467050631,False,0.3643,1.775,P2_0252,2,oblique_theta30
supercritical_f1.4_beta0.5_M2.0_theta30_seed1,1.4,0.5,2.0,30.0,1,MEASURABLE,1.3806942548815644,0.1731390595621482,23.1839999724109,4.284806055500573,0.8451542547285166,4,4.574,0.1254,105.99099231650979,False,0.9125,1.695,P2_0253,2,oblique_theta30
supercritical_f1.4_beta0.5_M2.0_theta30_seed2,1.4,0.5,2.0,30.0,2,MEASURABLE,1.5203013488327817,0.15628697866000996,21.52508886343714,4.284806055500573,0.8451542547285166,5,5.302,0.1028,99.28520069215772,False,0.9125,1.695,P2_0254,2,oblique_theta30
supercritical_f1.5_beta0.5_M2.0_theta30_seed1,1.5,0.5,2.0,30.0,1,MEASURABLE,1.421882864486916,0.1707681320248786,18.94485082061922,3.5016041446421013,0.8164965809277261,6,5.631,0.1201,102.69381004944465,False,0.8777,1.695,P2_0255,2,oblique_theta30
supercritical_f1.5_beta0.5_M2.0_theta30_seed2,1.5,0.5,2.0,30.0,2,MEASURABLE,1.3483035829767307,0.14103255477936602,17.830686564780194,3.5016041446421013,0.8164965809277261,5,4.124,0.1046,122.11213522988609,False,0.8777,1.695,P2_0256,2,oblique_theta30
supercritical_f1.6_beta0.5_M2.0_theta30_seed1,1.6,0.5,2.0,30.0,1,PARTIAL,1.305742187485796,0.39172265624573877,16.075952956242734,2.9571050389458495,0.7905694150420948,5,5.016,0.1076,33.928885576110986,False,0.8392,1.695,P2_0257,2,oblique_theta30
supercritical_f1.6_beta0.5_M2.0_theta30_seed2,1.6,0.5,2.0,30.0,2,MEASURABLE,1.3494421969464916,0.15100258183831242,16.013769520627783,2.9571050389458495,0.7905694150420948,6,4.122,0.1119,105.28607522300604,False,0.8392,1.695,P2_0258,2,oblique_theta30
supercritical_f1.8_beta0.5_M2.0_theta30_seed1,1.8,0.5,2.0,30.0,1,PARTIAL,1.2334330496358665,0.3700299148907599,13.003483806727658,2.246913934811199,0.7453559924999299,7,5.006,0.1151,35.34247573927323,False,0.7524,1.695,P2_0259,2,oblique_theta30
supercritical_f1.8_beta0.5_M2.0_theta30_seed2,1.8,0.5,2.0,30.0,2,PARTIAL,1.2086679310664887,0.3626003793199466,13.387388990832013,2.246913934811199,0.7453559924999299,6,5.607,0.1341,36.52696465007129,False,0.7524,1.695,P2_0260,2,oblique_theta30
supercritical_f2.0_beta0.5_M2.0_theta30_seed1,2.0,0.5,2.0,30.0,1,COLLAPSED,,,10.846659918104221,1.8031222920256962,0.7071067811865475,8,4.195,0.1503,105.51856037597027,False,0.654,1.695,P2_0261,2,oblique_theta30
supercritical_f2.0_beta0.5_M2.0_theta30_seed2,2.0,0.5,2.0,30.0,2,COLLAPSED,,,10.202930003951243,1.8031222920256962,0.7071067811865475,8,4.044,0.1244,135.3684481469665,False,0.654,1.695,P2_0262,2,oblique_theta30
supercritical_f2.5_beta0.5_M2.0_theta30_seed1,2.5,0.5,2.0,30.0,1,COLLAPSED,,,7.111910292879946,1.1898760739373986,0.6324555320336759,10,3.114,0.2466,127.58466126603768,False,0.3643,1.695,P2_0263,2,oblique_theta30
supercritical_f2.5_beta0.5_M2.0_theta30_seed2,2.5,0.5,2.0,30.0,2,COLLAPSED,,,7.439628668644122,1.1898760739373986,0.6324555320336759,10,3.265,0.1928,130.03827597490653,False,0.3643,1.695,P2_0264,2,oblique_theta30
supercritical_f1.4_beta1.0_M1.0_theta30_seed1,1.4,1.0,1.0,30.0,1,PARTIAL,2.337832214978325,0.7013496644934974,29.12975369060532,2.9825610778484375,0.8451542547285166,2,5.27,0.083,41.51948328961113,False,0.8193,1.5375,P2_0265,2,oblique_theta30
supercritical_f1.4_beta1.0_M1.0_theta30_seed2,1.4,1.0,1.0,30.0,2,MEASURABLE,1.9509210905313512,0.1488552792075421,27.364550075719745,2.9825610778484375,0.8451542547285166,3,4.173,0.0763,104.02925703284592,False,0.8193,1.5375,P2_0266,2,oblique_theta30
supercritical_f1.5_beta1.0_M1.0_theta30_seed1,1.5,1.0,1.0,30.0,1,PARTIAL,1.774824754392209,0.5324474263176627,23.076457738552048,2.43739112029009,0.8164965809277261,5,4.511,0.0722,38.21096848226943,False,0.7475,1.5375,P2_0267,2,oblique_theta30
supercritical_f1.5_beta1.0_M1.0_theta30_seed2,1.5,1.0,1.0,30.0,2,PARTIAL,1.9449951059331398,0.5834985317799419,24.525166126211786,2.43739112029009,0.8164965809277261,5,5.039,0.0875,34.24346038980392,False,0.7475,1.5375,P2_0268,2,oblique_theta30
supercritical_f1.6_beta1.0_M1.0_theta30_seed1,1.6,1.0,1.0,30.0,1,PARTIAL,1.562206900299281,0.46866207008978433,20.974429413907444,2.058377036913287,0.7905694150420948,4,5.352,0.0843,33.06344466641396,False,0.6681,1.5375,P2_0269,2,oblique_theta30
supercritical_f1.6_beta1.0_M1.0_theta30_seed2,1.6,1.0,1.0,30.0,2,MEASURABLE,1.7778759252858736,0.15271954198205653,20.3494704350032,2.058377036913287,0.7905694150420948,3,4.949,0.0859,105.21175107884511,False,0.6681,1.5375,P2_0270,2,oblique_theta30
supercritical_f1.8_beta1.0_M1.0_theta30_seed1,1.8,1.0,1.0,30.0,1,COLLAPSED,,,16.962674200489044,1.564028327172501,0.7453559924999299,5,4.26,0.124,93.9506138143062,False,0.489,1.5375,P2_0271,2,oblique_theta30
supercritical_f1.8_beta1.0_M1.0_theta30_seed2,1.8,1.0,1.0,30.0,2,COLLAPSED,,,16.07934449602467,1.564028327172501,0.7453559924999299,4,4.934,0.1067,67.95042055347369,False,0.489,1.5375,P2_0272,2,oblique_theta30
supercritical_f2.0_beta1.0_M1.0_theta30_seed1,2.0,1.0,1.0,30.0,1,PARTIAL,1.6898325032284445,0.5069497509685333,13.45927145013921,1.2551145366061218,0.7071067811865475,5,3.928,0.1341,42.15465688877069,True,0.2859,1.5375,P2_0273,2,oblique_theta30
supercritical_f2.0_beta1.0_M1.0_theta30_seed2,2.0,1.0,1.0,30.0,2,PARTIAL,1.5537246711905124,0.4661174013571537,13.554504019827286,1.2551145366061218,0.7071067811865475,5,4.861,0.1599,33.32896120564386,True,0.2859,1.5375,P2_0274,2,oblique_theta30
supercritical_f2.5_beta1.0_M1.0_theta30_seed1,2.5,1.0,1.0,30.0,1,PARTIAL,1.714647908207885,0.5143943724623654,9.57728164029497,0.8282470710740715,0.6324555320336759,7,3.355,0.2153,39.917893270855515,True,0.05,1.5375,P2_0275,2,oblique_theta30
supercritical_f2.5_beta1.0_M1.0_theta30_seed2,2.5,1.0,1.0,30.0,2,PARTIAL,1.7054958436081937,0.511648753082458,9.412284522416837,0.8282470710740715,0.6324555320336759,6,3.093,0.2224,38.7873071134769,True,0.05,1.5375,P2_0276,2,oblique_theta30
supercritical_f1.4_beta1.0_M2.0_theta30_seed1,1.4,1.0,2.0,30.0,1,MEASURABLE,1.815529029279538,0.1855470667923688,19.273258606703113,2.9825610778484375,0.8451542547285166,4,4.511,0.1022,101.58760344589446,False,0.8193,1.4575,P2_0277,2,oblique_theta30
supercritical_f1.4_beta1.0_M2.0_theta30_seed2,1.4,1.0,2.0,30.0,2,MEASURABLE,1.8705432814256622,0.2197888355675153,20.48320736562464,2.9825610778484375,0.8451542547285166,4,5.039,0.1175,94.65661078273968,False,0.8193,1.4575,P2_0278,2,oblique_theta30
supercritical_f1.5_beta1.0_M2.0_theta30_seed1,1.5,1.0,2.0,30.0,1,MEASURABLE,1.7206801571501231,0.19185583752223873,17.111843978878166,2.43739112029009,0.8164965809277261,5,5.392,0.1115,87.6991825899904,False,0.7475,1.4575,P2_0279,2,oblique_theta30
supercritical_f1.5_beta1.0_M2.0_theta30_seed2,1.5,1.0,2.0,30.0,2,PARTIAL,1.5170767153648967,0.455123014609469,16.601975494297726,2.43739112029009,0.8164965809277261,3,4.989,0.1131,36.732934061236605,False,0.7475,1.4575,P2_0280,2,oblique_theta30
supercritical_f1.6_beta1.0_M2.0_theta30_seed1,1.6,1.0,2.0,30.0,1,PARTIAL,1.55493122690026,0.46647936807007795,14.73152954116487,2.058377036913287,0.7905694150420948,5,4.916,0.1303,40.843495111467725,False,0.6681,1.4575,P2_0281,2,oblique_theta30
supercritical_f1.6_beta1.0_M2.0_theta30_seed2,1.6,1.0,2.0,30.0,2,PARTIAL,1.6352286641394411,0.4905685992418323,14.442240032719376,2.058377036913287,0.7905694150420948,5,4.785,0.125,30.367326089011506,False,0.6681,1.4575,P2_0282,2,oblique_theta30
supercritical_f1.8_beta1.0_M2.0_theta30_seed1,1.8,1.0,2.0,30.0,1,COLLAPSED,,,11.831682487322865,1.564028327172501,0.7453559924999299,6,4.397,0.1502,84.42530423760412,False,0.489,1.4575,P2_0283,2,oblique_theta30
supercritical_f1.8_beta1.0_M2.0_theta30_seed2,1.8,1.0,2.0,30.0,2,COLLAPSED,,,11.951859037760022,1.564028327172501,0.7453559924999299,5,4.72,0.1477,82.90113607212594,False,0.489,1.4575,P2_0284,2,oblique_theta30
supercritical_f2.0_beta1.0_M2.0_theta30_seed1,2.0,1.0,2.0,30.0,1,PARTIAL,1.8075270140398192,0.5422581042119458,9.531552154251372,1.2551145366061218,0.7071067811865475,6,3.94,0.1613,36.026573450344436,True,0.2859,1.4575,P2_0285,2,oblique_theta30
supercritical_f2.0_beta1.0_M2.0_theta30_seed2,2.0,1.0,2.0,30.0,2,PARTIAL,1.3847283351859585,0.41541850055578755,9.985433688652465,1.2551145366061218,0.7071067811865475,6,3.573,0.1966,41.68121842361669,True,0.2859,1.4575,P2_0286,2,oblique_theta30
supercritical_f2.5_beta1.0_M2.0_theta30_seed1,2.5,1.0,2.0,30.0,1,PARTIAL,1.4335202153858293,0.4300560646157488,6.213817457762163,0.8282470710740715,0.6324555320336759,7,2.507,0.2576,33.84841986781272,True,0.05,1.4575,P2_0287,2,oblique_theta30
supercritical_f2.5_beta1.0_M2.0_theta30_seed2,2.5,1.0,2.0,30.0,2,PARTIAL,1.3539218936631074,0.4061765680989322,6.463123212932832,0.8282470710740715,0.6324555320336759,8,2.914,0.2796,32.841371633977886,True,0.05,1.4575,P2_0288,2,oblique_theta30
supercritical_f1.4_beta2.0_M1.0_theta30_seed1,1.4,2.0,1.0,30.0,1,PARTIAL,2.2448234187284104,0.6734470256185231,26.194562009630403,2.33143858902237,0.8451542547285166,4,4.511,0.0722,38.21096848226943,False,0.7043,1.4188,P2_0289,2,oblique_theta30
supercritical_f1.4_beta2.0_M1.0_theta30_seed2,1.4,2.0,1.0,30.0,2,PARTIAL,2.460057283011053,0.7380171849033159,27.83902070967723,2.33143858902237,0.8451542547285166,4,5.039,0.0875,34.24346038980392,False,0.7043,1.4188,P2_0290,2,oblique_theta30
supercritical_f1.5_beta2.0_M1.0_theta30_seed1,1.5,2.0,1.0,30.0,1,PARTIAL,1.9732627099913218,0.5919788129973965,23.256952410110387,1.9052846081140844,0.8164965809277261,3,5.315,0.087,33.06344466641396,False,0.5868,1.4188,P2_0291,2,oblique_theta30
supercritical_f1.5_beta2.0_M1.0_theta30_seed2,1.5,2.0,1.0,30.0,2,PARTIAL,1.9784345033229662,0.5935303509968899,22.563982844940252,1.9052846081140844,0.8164965809277261,2,4.911,0.0886,30.174389680720374,False,0.5868,1.4188,P2_0292,2,oblique_theta30
supercritical_f1.6_beta2.0_M1.0_theta30_seed1,1.6,2.0,1.0,30.0,1,PARTIAL,2.0278009400822214,0.6083402820246664,20.021832941552326,1.609013035897006,0.7905694150420948,3,4.838,0.1061,41.802485423088186,False,0.4568,1.4188,P2_0293,2,oblique_theta30
supercritical_f1.6_beta2.0_M1.0_theta30_seed2,1.6,2.0,1.0,30.0,2,PARTIAL,2.132517609156004,0.6397552827468012,19.628655424332923,1.609013035897006,0.7905694150420948,4,4.708,0.1005,31.8735897195885,False,0.4568,1.4188,P2_0294,2,oblique_theta30
supercritical_f1.8_beta2.0_M1.0_theta30_seed1,1.8,2.0,1.0,30.0,1,PARTIAL,2.141032267174533,0.6423096801523599,16.080609248124066,1.222585523353152,0.7453559924999299,4,4.319,0.1256,32.453777139276454,True,0.1637,1.4188,P2_0295,2,oblique_theta30
supercritical_f1.8_beta2.0_M1.0_theta30_seed2,1.8,2.0,1.0,30.0,2,PARTIAL,2.11051289436417,0.6331538683092509,16.243942920274076,1.222585523353152,0.7453559924999299,4,4.642,0.1229,40.29922665535082,True,0.1637,1.4188,P2_0296,2,oblique_theta30
supercritical_f2.0_beta2.0_M1.0_theta30_seed1,2.0,2.0,1.0,30.0,1,PARTIAL,2.3572135634581763,0.7071640690374529,12.954469145437013,0.9811106588963345,0.7071067811865475,5,3.862,0.136,34.42261748780737,True,0.05,1.4188,P2_0297,2,oblique_theta30
supercritical_f2.0_beta2.0_M1.0_theta30_seed2,2.0,2.0,1.0,30.0,2,PARTIAL,1.805837693186086,0.5417513079558258,13.571346044175902,0.9811106588963345,0.7071067811865475,5,3.496,0.1726,34.326666755089306,True,0.05,1.4188,P2_0298,2,oblique_theta30
supercritical_f2.5_beta2.0_M1.0_theta30_seed1,2.5,2.0,1.0,30.0,1,PARTIAL,1.8694676588244465,0.5608402976473339,8.445288367441155,0.6474325696424079,0.6324555320336759,5,2.429,0.2332,31.23944166189745,True,0.05,1.4188,P2_0299,2,oblique_theta30
supercritical_f2.5_beta2.0_M1.0_theta30_seed2,2.5,2.0,1.0,30.0,2,PARTIAL,1.7656627130969942,0.5296988139290982,8.784123392510791,0.6474325696424079,0.6324555320336759,5,2.836,0.2558,39.02186887593099,True,0.05,1.4188,P2_0300,2,oblique_theta30
supercritical_f1.4_beta2.0_M2.0_theta30_seed1,1.4,2.0,2.0,30.0,1,MEASURABLE,2.176340567344993,0.2485380927907982,19.424006200700795,2.33143858902237,0.8451542547285166,4,5.355,0.1142,87.6991825899904,False,0.7043,1.3388,P2_0301,2,oblique_theta30
supercritical_f1.4_beta2.0_M2.0_theta30_seed2,1.4,2.0,2.0,30.0,2,PARTIAL,1.9188200582794643,0.5756460174838393,18.845243992591787,2.33143858902237,0.8451542547285166,2,4.951,0.1158,36.732934061236605,False,0.7043,1.3388,P2_0302,2,oblique_theta30
supercritical_f1.5_beta2.0_M2.0_theta30_seed1,1.5,2.0,2.0,30.0,1,PARTIAL,1.9640726244747273,0.5892217873424181,16.334674698699224,1.9052846081140844,0.8164965809277261,4,4.878,0.1331,40.843495111467725,False,0.5868,1.3388,P2_0303,2,oblique_theta30
supercritical_f1.5_beta2.0_M2.0_theta30_seed2,1.5,2.0,2.0,30.0,2,PARTIAL,2.0654983310066792,0.6196494993020037,16.013903525481993,1.9052846081140844,0.8164965809277261,4,4.748,0.1277,30.367326089011506,False,0.5868,1.3388,P2_0304,2,oblique_theta30
supercritical_f1.6_beta2.0_M2.0_theta30_seed1,1.6,2.0,2.0,30.0,1,COLLAPSED,,,14.650697072198591,1.609013035897006,0.7905694150420948,4,4.263,0.1538,83.51165672382774,False,0.4568,1.3388,P2_0305,2,oblique_theta30
supercritical_f1.6_beta2.0_M2.0_theta30_seed2,1.6,2.0,2.0,30.0,2,COLLAPSED,,,13.887763364811278,1.609013035897006,0.7905694150420948,2,4.936,0.1365,60.40037382530994,False,0.4568,1.3388,P2_0306,2,oblique_theta30
supercritical_f1.8_beta2.0_M2.0_theta30_seed1,1.8,2.0,2.0,30.0,1,PARTIAL,2.0527319961825166,0.6158195988547549,11.157397669431592,1.222585523353152,0.7453559924999299,4,3.931,0.164,42.230349916319575,True,0.1637,1.3388,P2_0307,2,oblique_theta30
supercritical_f1.8_beta2.0_M2.0_theta30_seed2,1.8,2.0,2.0,30.0,2,PARTIAL,1.887394365842518,0.5662183097527554,11.23634307557991,1.222585523353152,0.7453559924999299,4,4.864,0.1897,32.2356915561482,True,0.1637,1.3388,P2_0308,2,oblique_theta30
supercritical_f2.0_beta2.0_M2.0_theta30_seed1,2.0,2.0,2.0,30.0,1,PARTIAL,2.2601543522705585,0.6780463056811675,9.182550220108945,0.9811106588963345,0.7071067811865475,4,3.714,0.2227,44.403464244612934,True,0.05,1.3388,P2_0309,2,oblique_theta30
supercritical_f2.0_beta2.0_M2.0_theta30_seed2,2.0,2.0,2.0,30.0,2,PARTIAL,1.8103599935999728,0.5431079980799918,9.228824288832186,0.9811106588963345,0.7071067811865475,6,3.837,0.2153,34.32287796012511,True,0.05,1.3388,P2_0310,2,oblique_theta30
supercritical_f2.5_beta2.0_M2.0_theta30_seed1,2.5,2.0,2.0,30.0,1,PARTIAL,2.351817626527647,0.7055452879582941,6.027909450651584,0.6474325696424079,0.6324555320336759,5,2.697,0.2848,31.67617928455956,True,0.05,1.3388,P2_0311,2,oblique_theta30
supercritical_f2.5_beta2.0_M2.0_theta30_seed2,2.5,2.0,2.0,30.0,2,PARTIAL,1.868502765413795,0.5605508296241385,6.196983685932666,0.6474325696424079,0.6324555320336759,5,3.05,0.2597,36.434020493876126,True,0.05,1.3388,P2_0312,2,oblique_theta30
supercritical_f1.4_beta0.5_M1.0_theta45_seed1,1.4,0.5,1.0,45.0,1,MEASURABLE,1.0870173505852225,0.07848265271225306,36.01752276324181,4.200790250490757,0.8451542547285166,8,4.511,0.0722,101.79388586111824,False,0.9089,1.85,P2_0313,2,oblique_theta45
supercritical_f1.4_beta0.5_M1.0_theta45_seed2,1.4,0.5,1.0,45.0,2,MEASURABLE,1.1199562051272722,0.09799616794863632,38.27865347580619,4.200790250490757,0.8451542547285166,8,5.039,0.0875,94.65661078273968,False,0.9089,1.85,P2_0314,2,oblique_theta45
supercritical_f1.5_beta0.5_M1.0_theta45_seed1,1.5,0.5,1.0,45.0,1,MEASURABLE,1.0302281899464485,0.07778222834095685,31.978309563901778,3.432945239845197,0.8164965809277261,7,5.477,0.0755,85.68111063347874,False,0.8727,1.85,P2_0315,2,oblique_theta45
supercritical_f1.5_beta0.5_M1.0_theta45_seed2,1.5,0.5,1.0,45.0,2,MEASURABLE,1.0310196683173838,0.07928541249360681,31.02547641179284,3.432945239845197,0.8164965809277261,6,5.074,0.0769,104.36626266118665,False,0.8727,1.85,P2_0316,2,oblique_theta45
supercritical_f1.6_beta0.5_M1.0_theta45_seed1,1.6,0.5,1.0,45.0,1,MEASURABLE,1.0246102505076602,0.0811491318402067,27.530020294634447,2.8991225872018127,0.7905694150420948,8,5.201,0.0792,114.35501265693048,False,0.8327,1.85,P2_0317,2,oblique_theta45
supercritical_f1.6_beta0.5_M1.0_theta45_seed2,1.6,0.5,1.0,45.0,2,MEASURABLE,1.0406358287420396,0.07804768715565297,26.98940120845777,2.8991225872018127,0.7905694150420948,9,5.07,0.075,89.85863277136154,False,0.8327,1.85,P2_0318,2,oblique_theta45
supercritical_f1.8_beta0.5_M1.0_theta45_seed1,1.8,0.5,1.0,45.0,1,MEASURABLE,1.0171405516689949,0.07445468838217043,22.11083771617059,2.2028567988345085,0.7453559924999299,9,5.082,0.0732,95.29025911844478,False,0.7424,1.85,P2_0319,2,oblique_theta45
supercritical_f1.8_beta0.5_M1.0_theta45_seed2,1.8,0.5,1.0,45.0,2,PARTIAL,0.9689629111331425,0.29068887333994275,22.335421515376854,2.2028567988345085,0.7453559924999299,9,5.405,0.0717,40.466910897489626,False,0.7424,1.85,P2_0320,2,oblique_theta45
supercritical_f2.0_beta0.5_M1.0_theta45_seed1,2.0,0.5,1.0,45.0,1,PARTIAL,1.0822262790766202,0.32466788372298605,17.81239507497589,1.7677669529663687,0.7071067811865475,11,4.725,0.0834,36.130352063196455,False,0.64,1.85,P2_0321,2,oblique_theta45
supercritical_f2.0_beta0.5_M1.0_theta45_seed2,2.0,0.5,1.0,45.0,2,PARTIAL,0.8290827091822647,0.2487248127546794,18.66060081074186,1.7677669529663687,0.7071067811865475,11,4.358,0.1058,32.08957407275085,False,0.64,1.85,P2_0322,2,oblique_theta45
supercritical_f2.5_beta0.5_M1.0_theta45_seed1,2.5,0.5,1.0,45.0,1,PARTIAL,0.8582960235879189,0.25748880707637567,11.612271505231586,1.1665451705268612,0.6324555320336759,12,3.292,0.1709,31.04788371988921,False,0.3386,1.85,P2_0323,2,oblique_theta45
supercritical_f2.5_beta0.5_M1.0_theta45_seed2,2.5,0.5,1.0,45.0,2,COLLAPSED,,,12.078169664702337,1.1665451705268612,0.6324555320336759,12,3.699,0.1874,103.90520715558449,False,0.3386,1.85,P2_0324,2,oblique_theta45
supercritical_f1.4_beta0.5_M2.0_theta45_seed1,1.4,0.5,2.0,45.0,1,MEASURABLE,0.9991852205134577,0.10541404076416978,26.708008525963592,4.200790250490757,0.8451542547285166,8,5.477,0.1055,108.90491694231625,False,0.9089,1.77,P2_0325,2,oblique_theta45
supercritical_f1.4_beta0.5_M2.0_theta45_seed2,1.4,0.5,2.0,45.0,2,MEASURABLE,0.9999528499554708,0.10689495966023983,25.912210489813706,4.200790250490757,0.8451542547285166,6,5.074,0.1069,69.82542371579625,False,0.9089,1.77,P2_0326,2,oblique_theta45
supercritical_f1.5_beta0.5_M2.0_theta45_seed1,1.5,0.5,2.0,45.0,1,MEASURABLE,0.9924095131826354,0.10837111883954378,22.460177710711427,3.432945239845197,0.8164965809277261,8,5.201,0.1092,106.9367044631702,False,0.8727,1.77,P2_0327,2,oblique_theta45
supercritical_f1.5_beta0.5_M2.0_theta45_seed2,1.5,0.5,2.0,45.0,2,MEASURABLE,1.0079314507058748,0.10583280232411685,22.019117347537737,3.432945239845197,0.8164965809277261,8,5.07,0.105,84.74856429458457,False,0.8727,1.77,P2_0328,2,oblique_theta45
supercritical_f1.6_beta0.5_M2.0_theta45_seed1,1.6,0.5,2.0,45.0,1,MEASURABLE,1.0297643840932784,0.11646635184094979,20.144708474273063,2.8991225872018127,0.7905694150420948,9,4.785,0.1131,92.43977176703658,False,0.8327,1.77,P2_0329,2,oblique_theta45
supercritical_f1.6_beta0.5_M2.0_theta45_seed2,1.6,0.5,2.0,45.0,2,MEASURABLE,0.9513516593350555,0.09656219342250814,19.09567462661551,2.8991225872018127,0.7905694150420948,7,5.459,0.1015,83.83603595588674,False,0.8327,1.77,P2_0330,2,oblique_theta45
supercritical_f1.8_beta0.5_M2.0_theta45_seed1,1.8,0.5,2.0,45.0,1,PARTIAL,0.9424349768762662,0.28273049306287984,15.341421795468438,2.2028567988345085,0.7453559924999299,9,4.793,0.1059,35.41331739701206,False,0.7424,1.77,P2_0331,2,oblique_theta45
supercritical_f1.8_beta0.5_M2.0_theta45_seed2,1.8,0.5,2.0,45.0,2,MEASURABLE,0.9438503236525937,0.11373396400013754,15.449971728922376,2.2028567988345085,0.7453559924999299,9,5.726,0.1205,89.37228200946284,False,0.7424,1.77,P2_0332,2,oblique_theta45
supercritical_f2.0_beta0.5_M2.0_theta45_seed1,2.0,0.5,2.0,45.0,1,COLLAPSED,,,12.626006552649796,1.7677669529663687,0.7071067811865475,10,4.576,0.1531,111.25627561396155,False,0.64,1.77,P2_0333,2,oblique_theta45
supercritical_f2.0_beta0.5_M2.0_theta45_seed2,2.0,0.5,2.0,45.0,2,COLLAPSED,,,12.689633397144254,1.7677669529663687,0.7071067811865475,12,4.699,0.1484,84.13985144449943,False,0.64,1.77,P2_0334,2,oblique_theta45
supercritical_f2.5_beta0.5_M2.0_theta45_seed1,2.5,0.5,2.0,45.0,1,PARTIAL,1.0797489368294069,0.32392468104882205,8.288375494645928,1.1665451705268612,0.6324555320336759,12,3.56,0.2199,43.10957351251845,False,0.3386,1.77,P2_0335,2,oblique_theta45
supercritical_f2.5_beta0.5_M2.0_theta45_seed2,2.5,0.5,2.0,45.0,2,COLLAPSED,,,8.520852568157416,1.1665451705268612,0.6324555320336759,12,3.913,0.2013,119.30499764423142,False,0.3386,1.77,P2_0336,2,oblique_theta45
supercritical_f1.4_beta1.0_M1.0_theta45_seed1,1.4,1.0,1.0,45.0,1,MEASURABLE,1.528020504826315,0.13767464748485098,31.64515223852691,2.94055317534353,0.8451542547285166,6,5.631,0.0901,94.83013225740106,False,0.8141,1.575,P2_0337,2,oblique_theta45
supercritical_f1.4_beta1.0_M1.0_theta45_seed2,1.4,1.0,1.0,45.0,2,MEASURABLE,1.4489488360651044,0.10809158317045679,29.7840714715896,2.94055317534353,0.8451542547285166,5,4.124,0.0746,97.67456562100038,False,0.8141,1.575,P2_0338,2,oblique_theta45
supercritical_f1.5_beta1.0_M1.0_theta45_seed1,1.5,1.0,1.0,45.0,1,MEASURABLE,1.4499538749701204,0.11251642069768135,26.230911303514027,2.403061667891638,0.8164965809277261,4,5.016,0.0776,95.46038403060936,False,0.7402,1.575,P2_0339,2,oblique_theta45
supercritical_f1.5_beta1.0_M1.0_theta45_seed2,1.5,1.0,1.0,45.0,2,PARTIAL,1.39618251226467,0.418854753679401,26.129447446994707,2.403061667891638,0.8164965809277261,6,4.122,0.0819,35.85371007913609,False,0.7402,1.575,P2_0340,2,oblique_theta45
supercritical_f1.6_beta1.0_M1.0_theta45_seed1,1.6,1.0,1.0,45.0,1,PARTIAL,1.6215755213365932,0.4864726564009779,24.18301753020009,2.029385811041269,0.7905694150420948,5,4.871,0.0903,43.24562144285593,False,0.6585,1.575,P2_0341,2,oblique_theta45
supercritical_f1.6_beta1.0_M1.0_theta45_seed2,1.6,1.0,1.0,45.0,2,PARTIAL,1.6472729853439056,0.49418189560317166,23.33323981004939,2.029385811041269,0.7905694150420948,4,4.636,0.0937,30.587233067848064,False,0.6585,1.575,P2_0342,2,oblique_theta45
supercritical_f1.8_beta1.0_M1.0_theta45_seed1,1.8,1.0,1.0,45.0,1,COLLAPSED,,,17.822973637161688,1.5419997591841557,0.7453559924999299,6,4.437,0.0991,83.69326435755497,False,0.4743,1.575,P2_0343,2,oblique_theta45
supercritical_f1.8_beta1.0_M1.0_theta45_seed2,1.8,1.0,1.0,45.0,2,COLLAPSED,,,18.35612585838357,1.5419997591841557,0.7453559924999299,6,4.202,0.105,127.25338539096559,False,0.4743,1.575,P2_0344,2,oblique_theta45
supercritical_f2.0_beta1.0_M1.0_theta45_seed1,2.0,1.0,1.0,45.0,1,PARTIAL,1.4641800091120007,0.4392540027336002,14.932413754128806,1.237436867076458,0.7071067811865475,6,4.638,0.1333,33.31991758417316,True,0.2653,1.575,P2_0345,2,oblique_theta45
supercritical_f2.0_beta1.0_M1.0_theta45_seed2,2.0,1.0,1.0,45.0,2,PARTIAL,1.3241199695720627,0.3972359908716188,14.14420983335802,1.237436867076458,0.7071067811865475,7,3.562,0.1279,41.98785359893297,True,0.2653,1.575,P2_0346,2,oblique_theta45
supercritical_f2.5_beta1.0_M1.0_theta45_seed1,2.5,1.0,1.0,45.0,1,PARTIAL,1.2672588582917292,0.38017765748751875,9.962421756192015,0.8165816193688028,0.6324555320336759,9,3.094,0.1863,32.14317939520461,True,0.05,1.575,P2_0347,2,oblique_theta45
supercritical_f2.5_beta1.0_M1.0_theta45_seed2,2.5,1.0,1.0,45.0,2,PARTIAL,1.1279264809256393,0.3383779442776918,9.62822257975473,0.8165816193688028,0.6324555320336759,9,3.282,0.2221,38.00863455343548,True,0.05,1.575,P2_0348,2,oblique_theta45
supercritical_f1.4_beta1.0_M2.0_theta45_seed1,1.4,1.0,2.0,45.0,1,PARTIAL,1.3591112900392741,0.40773338701178224,21.907831035849405,2.94055317534353,0.8451542547285166,5,5.016,0.1076,33.928885576110986,False,0.8141,1.495,P2_0349,2,oblique_theta45
supercritical_f1.4_beta1.0_M2.0_theta45_seed2,1.4,1.0,2.0,45.0,2,MEASURABLE,1.4045974333239726,0.15717445278895253,21.82308929740385,2.94055317534353,0.8451542547285166,6,4.122,0.1119,105.28607522300604,False,0.8141,1.495,P2_0350,2,oblique_theta45
supercritical_f1.5_beta1.0_M2.0_theta45_seed1,1.5,1.0,2.0,45.0,1,MEASURABLE,1.4572375338691508,0.17049679146269064,19.729548525447466,2.403061667891638,0.8164965809277261,6,4.911,0.117,96.6211825035434,False,0.7402,1.495,P2_0351,2,oblique_theta45
supercritical_f1.5_beta1.0_M2.0_theta45_seed2,1.5,1.0,2.0,45.0,2,PARTIAL,1.5955036372650755,0.47865109117952265,19.036263217085096,2.403061667891638,0.8164965809277261,5,4.676,0.1203,38.173037319653965,False,0.7402,1.495,P2_0352,2,oblique_theta45
supercritical_f1.6_beta1.0_M2.0_theta45_seed1,1.6,1.0,2.0,45.0,1,PARTIAL,1.2777954513987944,0.3833386354196383,16.527139482933464,2.029385811041269,0.7905694150420948,6,5.006,0.1151,35.34247573927323,False,0.6585,1.495,P2_0353,2,oblique_theta45
supercritical_f1.6_beta1.0_M2.0_theta45_seed2,1.6,1.0,2.0,45.0,2,PARTIAL,1.2521396155424056,0.3756418846627217,17.01507445637737,2.029385811041269,0.7905694150420948,5,5.607,0.1341,36.52696465007129,False,0.6585,1.495,P2_0354,2,oblique_theta45
supercritical_f1.8_beta1.0_M2.0_theta45_seed1,1.8,1.0,2.0,45.0,1,COLLAPSED,,,13.231570256657301,1.5419997591841557,0.7453559924999299,7,4.195,0.1503,94.96670433837325,False,0.4743,1.495,P2_0355,2,oblique_theta45
supercritical_f1.8_beta1.0_M2.0_theta45_seed2,1.8,1.0,2.0,45.0,2,COLLAPSED,,,12.446300168930996,1.5419997591841557,0.7453559924999299,7,4.044,0.1244,121.83160333226984,False,0.4743,1.495,P2_0356,2,oblique_theta45
supercritical_f2.0_beta1.0_M2.0_theta45_seed1,2.0,1.0,2.0,45.0,1,PARTIAL,1.2670219552142805,0.38010658656428414,10.303817437765902,1.237436867076458,0.7071067811865475,8,3.922,0.2113,34.63195357568496,True,0.2653,1.495,P2_0357,2,oblique_theta45
supercritical_f2.0_beta1.0_M2.0_theta45_seed2,2.0,1.0,2.0,45.0,2,PARTIAL,1.2048013359659586,0.36144040078978756,10.552492064619882,1.237436867076458,0.7071067811865475,7,4.248,0.1937,42.46440901988074,True,0.2653,1.495,P2_0358,2,oblique_theta45
supercritical_f2.5_beta1.0_M2.0_theta45_seed1,2.5,1.0,2.0,45.0,1,PARTIAL,1.083487148508368,0.32504614455251035,7.145963801927341,0.8165816193688028,0.6324555320336759,10,3.387,0.227,44.70345155574701,True,0.05,1.495,P2_0359,2,oblique_theta45
supercritical_f2.5_beta1.0_M2.0_theta45_seed2,2.5,1.0,2.0,45.0,2,PARTIAL,1.228777454213328,0.3686332362639984,7.0314797542391725,0.8165816193688028,0.6324555320336759,9,3.33,0.2432,41.32871049259886,True,0.05,1.495,P2_0360,2,oblique_theta45
supercritical_f1.4_beta2.0_M1.0_theta45_seed1,1.4,2.0,1.0,45.0,1,PARTIAL,1.8636676145033453,0.5591002843510036,28.47026919688106,2.3104346377699163,0.8451542547285166,2,5.016,0.0776,39.17141544765894,False,0.6989,1.4375,P2_0361,2,oblique_theta45
supercritical_f1.4_beta2.0_M1.0_theta45_seed2,1.4,2.0,1.0,45.0,2,PARTIAL,1.8568131561086316,0.5570439468325895,28.360143274245967,2.3104346377699163,0.8451542547285166,4,4.122,0.0819,35.85371007913609,False,0.6989,1.4375,P2_0362,2,oblique_theta45
supercritical_f1.5_beta2.0_M1.0_theta45_seed1,1.5,2.0,1.0,45.0,1,PARTIAL,2.153688258860509,0.6461064776581527,25.6394873930357,1.8881198819148584,0.8164965809277261,4,4.796,0.0963,43.24562144285593,False,0.5792,1.4375,P2_0363,2,oblique_theta45
supercritical_f1.5_beta2.0_M1.0_theta45_seed2,1.5,2.0,1.0,45.0,2,PARTIAL,2.187818230475658,0.6563454691426974,24.73853013592428,1.8881198819148584,0.8164965809277261,3,4.561,0.1,30.587233067848064,False,0.5792,1.4375,P2_0364,2,oblique_theta45
supercritical_f1.6_beta2.0_M1.0_theta45_seed1,1.6,2.0,1.0,45.0,1,PARTIAL,1.7521640929513593,0.5256492278854078,21.47780441448315,1.594517422960997,0.7905694150420948,4,4.891,0.0928,30.853386412132352,False,0.4469,1.4375,P2_0365,2,oblique_theta45
supercritical_f1.6_beta2.0_M1.0_theta45_seed2,1.6,2.0,1.0,45.0,2,PARTIAL,1.7169837874392304,0.5150951362317691,22.111899137132283,1.594517422960997,0.7905694150420948,3,5.492,0.1135,44.57922504489842,False,0.4469,1.4375,P2_0366,2,oblique_theta45
supercritical_f1.8_beta2.0_M1.0_theta45_seed1,1.8,2.0,1.0,45.0,1,PARTIAL,1.898540046173728,0.5695620138521184,17.195055342906628,1.2115712393589795,0.7453559924999299,6,4.08,0.1286,33.08455617444997,True,0.1484,1.4375,P2_0367,2,oblique_theta45
supercritical_f1.8_beta2.0_M1.0_theta45_seed2,1.8,2.0,1.0,45.0,2,PARTIAL,2.332740416939245,0.6998221250817735,16.174559486733457,1.2115712393589795,0.7453559924999299,5,3.929,0.1008,39.07752238438532,True,0.1484,1.4375,P2_0368,2,oblique_theta45
supercritical_f2.0_beta2.0_M1.0_theta45_seed1,2.0,2.0,1.0,45.0,1,PARTIAL,1.7373910452390753,0.5212173135717225,13.390301199999131,0.9722718241315027,0.7071067811865475,6,3.807,0.1913,40.85621319436992,True,0.05,1.4375,P2_0369,2,oblique_theta45
supercritical_f2.0_beta2.0_M1.0_theta45_seed2,2.0,2.0,1.0,45.0,2,PARTIAL,1.6520716502069805,0.49562149506209413,13.713465713975044,0.9722718241315027,0.7071067811865475,5,4.133,0.1728,30.751784946504298,True,0.05,1.4375,P2_0370,2,oblique_theta45
supercritical_f2.5_beta2.0_M1.0_theta45_seed1,2.5,2.0,1.0,45.0,1,PARTIAL,1.4857207972625048,0.4457162391787514,9.28652009316316,0.6415998437897736,0.6324555320336759,8,3.272,0.2044,42.47522894072124,True,0.05,1.4375,P2_0371,2,oblique_theta45
supercritical_f2.5_beta2.0_M1.0_theta45_seed2,2.5,2.0,1.0,45.0,2,PARTIAL,1.6849486599313528,0.5054845979794058,9.137742623997129,0.6415998437897736,0.6324555320336759,7,3.215,0.2212,39.547632532780696,True,0.05,1.4375,P2_0372,2,oblique_theta45
supercritical_f1.4_beta2.0_M2.0_theta45_seed1,1.4,2.0,2.0,45.0,1,MEASURABLE,1.93801154268476,0.23856922090449395,21.413878883314595,2.3104346377699163,0.8451542547285166,4,4.836,0.1231,96.6211825035434,False,0.6989,1.3575,P2_0373,2,oblique_theta45
supercritical_f1.4_beta2.0_M2.0_theta45_seed2,1.4,2.0,2.0,45.0,2,PARTIAL,2.1218946078099594,0.6365683823429878,20.661407147547063,2.3104346377699163,0.8451542547285166,3,4.601,0.1266,38.173037319653965,False,0.6989,1.3575,P2_0374,2,oblique_theta45
supercritical_f1.5_beta2.0_M2.0_theta45_seed1,1.5,2.0,2.0,45.0,1,PARTIAL,1.6970983001979565,0.5091294900593869,17.522519010972616,1.8881198819148584,0.8164965809277261,5,4.931,0.1201,35.34247573927323,False,0.5792,1.3575,P2_0375,2,oblique_theta45
supercritical_f1.5_beta2.0_M2.0_theta45_seed2,1.5,2.0,2.0,45.0,2,PARTIAL,1.66302361682483,0.49890708504744896,18.03984082925328,1.8881198819148584,0.8164965809277261,4,5.532,0.1402,36.52696465007129,False,0.5792,1.3575,P2_0376,2,oblique_theta45
supercritical_f1.6_beta2.0_M2.0_theta45_seed1,1.6,2.0,2.0,45.0,1,COLLAPSED,,,14.719068657023987,1.594517422960997,0.7905694150420948,5,4.402,0.1314,74.39401276227107,False,0.4469,1.3575,P2_0377,2,oblique_theta45
supercritical_f1.6_beta2.0_M2.0_theta45_seed2,1.6,2.0,2.0,45.0,2,COLLAPSED,,,15.15937139822579,1.594517422960997,0.7905694150420948,4,4.167,0.1374,113.11412034752496,False,0.4469,1.3575,P2_0378,2,oblique_theta45
supercritical_f1.8_beta2.0_M2.0_theta45_seed1,1.8,2.0,2.0,45.0,1,PARTIAL,1.870175524757676,0.5610526574273027,11.836071327213789,1.2115712393589795,0.7453559924999299,4,4.603,0.1657,40.294970905997516,True,0.1484,1.3575,P2_0379,2,oblique_theta45
supercritical_f1.8_beta2.0_M2.0_theta45_seed2,1.8,2.0,2.0,45.0,2,PARTIAL,1.6912789025431405,0.5073836707629421,11.211307107560886,1.2115712393589795,0.7453559924999299,5,3.527,0.1602,33.64540669077278,True,0.1484,1.3575,P2_0380,2,oblique_theta45
supercritical_f2.0_beta2.0_M2.0_theta45_seed1,2.0,2.0,2.0,45.0,1,PARTIAL,1.5992921382012337,0.4797876414603701,9.65969368269997,0.9722718241315027,0.7071067811865475,5,3.685,0.1895,38.034648685055515,True,0.05,1.3575,P2_0381,2,oblique_theta45
supercritical_f2.0_beta2.0_M2.0_theta45_seed2,2.0,2.0,2.0,45.0,2,PARTIAL,1.571726673611251,0.47151800208337524,9.72257098141529,0.9722718241315027,0.7071067811865475,5,3.779,0.2077,30.65687528198349,True,0.05,1.3575,P2_0382,2,oblique_theta45
supercritical_f2.5_beta2.0_M2.0_theta45_seed1,2.5,2.0,2.0,45.0,1,PARTIAL,1.695119782658733,0.5085359347976198,6.265891839750672,0.6415998437897736,0.6324555320336759,8,3.07,0.2989,33.69326325445155,True,0.05,1.3575,P2_0383,2,oblique_theta45
supercritical_f2.5_beta2.0_M2.0_theta45_seed2,2.5,2.0,2.0,45.0,2,PARTIAL,1.4260933908160378,0.42782801724481134,6.410377577739976,0.6415998437897736,0.6324555320336759,8,2.857,0.2534,31.837897435885708,True,0.05,1.3575,P2_0384,2,oblique_theta45
supercritical_f1.4_beta0.5_M1.0_theta60_seed1,1.4,0.5,1.0,60.0,1,MEASURABLE,0.9105552647543127,0.07065908854493466,47.88181637657269,4.116774445480941,0.8451542547285166,7,5.016,0.0776,100.2854994354053,False,0.9052,1.925,P2_0385,2,oblique_theta60
supercritical_f1.4_beta0.5_M1.0_theta60_seed2,1.4,0.5,1.0,60.0,2,MEASURABLE,0.9094763726812788,0.07448611492259673,47.69660459759549,4.116774445480941,0.8451542547285166,9,4.122,0.0819,94.51084598222377,False,0.9052,1.925,P2_0386,2,oblique_theta60
supercritical_f1.5_beta0.5_M1.0_theta60_seed1,1.5,0.5,1.0,60.0,1,MEASURABLE,0.9435608203426353,0.08133494271353517,43.12095607010549,3.3642863350482926,0.8164965809277261,9,4.921,0.0862,110.05136955465625,False,0.8675,1.925,P2_0387,2,oblique_theta60
supercritical_f1.5_beta0.5_M1.0_theta60_seed2,1.5,0.5,1.0,60.0,2,MEASURABLE,0.9489328794767103,0.08492949271316558,41.60570977405447,3.3642863350482926,0.8164965809277261,8,4.686,0.0895,94.36686871544796,False,0.8675,1.925,P2_0388,2,oblique_theta60
supercritical_f1.6_beta0.5_M1.0_theta60_seed1,1.6,0.5,1.0,60.0,1,MEASURABLE,0.868768067802837,0.06176940962078171,36.12176196981256,2.8411401354577763,0.7905694150420948,9,5.216,0.0711,110.25588294887163,False,0.8258,1.925,P2_0389,2,oblique_theta60
supercritical_f1.6_beta0.5_M1.0_theta60_seed2,1.6,0.5,1.0,60.0,2,MEASURABLE,0.8632306860640812,0.07510106968757506,37.18819400335883,2.8411401354577763,0.7905694150420948,8,5.817,0.087,104.62797759731832,False,0.8258,1.925,P2_0390,2,oblique_theta60
supercritical_f1.8_beta0.5_M1.0_theta60_seed1,1.8,0.5,1.0,60.0,1,MEASURABLE,0.8712207085578347,0.06664838420467435,28.918956713070237,2.1587996628578177,0.7453559924999299,11,4.805,0.0765,111.27674939941082,False,0.7318,1.925,P2_0391,2,oblique_theta60
supercritical_f1.8_beta0.5_M1.0_theta60_seed2,1.8,0.5,1.0,60.0,2,MEASURABLE,0.9395638672950174,0.05637383203770104,27.202668227688086,2.1587996628578177,0.7453559924999299,10,4.654,0.06,100.47143486924632,False,0.7318,1.925,P2_0392,2,oblique_theta60
supercritical_f2.0_beta0.5_M1.0_theta60_seed1,2.0,0.5,1.0,60.0,1,PARTIAL,0.8203962961891869,0.24611888885675604,22.520052018180355,1.7324116139070411,0.7071067811865475,13,4.782,0.1062,30.129912143053048,False,0.6252,1.925,P2_0393,2,oblique_theta60
supercritical_f2.0_beta0.5_M1.0_theta60_seed2,2.0,0.5,1.0,60.0,2,MEASURABLE,0.8146173083235705,0.07812179986823041,23.063555973503483,1.7324116139070411,0.7071067811865475,12,5.108,0.0959,100.73112364439838,False,0.6252,1.925,P2_0394,2,oblique_theta60
supercritical_f2.5_beta0.5_M1.0_theta60_seed1,2.5,0.5,1.0,60.0,1,COLLAPSED,,,15.618238338501678,1.143214267116324,0.6324555320336759,16,4.247,0.1419,109.64642682916259,False,0.3114,1.925,P2_0395,2,oblique_theta60
supercritical_f2.5_beta0.5_M1.0_theta60_seed2,2.5,0.5,1.0,60.0,2,COLLAPSED,,,15.368021685813353,1.143214267116324,0.6324555320336759,15,4.19,0.1536,128.53994573700362,False,0.3114,1.925,P2_0396,2,oblique_theta60
supercritical_f1.4_beta0.5_M2.0_theta60_seed1,1.4,0.5,2.0,60.0,1,MEASURABLE,0.9151293233307095,0.10633802737102845,36.01425084921091,4.116774445480941,0.8451542547285166,9,4.921,0.1162,96.49409443690625,False,0.9052,1.845,P2_0397,2,oblique_theta60
supercritical_f1.4_beta0.5_M2.0_theta60_seed2,1.4,0.5,2.0,60.0,2,MEASURABLE,0.9203395108822374,0.10998057155042737,34.748730202692784,4.116774445480941,0.8451542547285166,8,4.686,0.1195,121.31815222344318,False,0.9052,1.845,P2_0398,2,oblique_theta60
supercritical_f1.5_beta0.5_M2.0_theta60_seed1,1.5,0.5,2.0,60.0,1,MEASURABLE,0.841465030053773,0.08507211453843645,29.46969106390849,3.3642863350482926,0.8164965809277261,10,5.216,0.1011,90.6283055948047,False,0.8675,1.845,P2_0399,2,oblique_theta60
supercritical_f1.5_beta0.5_M2.0_theta60_seed2,1.5,0.5,2.0,60.0,2,MEASURABLE,0.8361016732915874,0.09782389577511573,30.33973230374415,3.3642863350482926,0.8164965809277261,9,5.817,0.117,81.87731342844401,False,0.8675,1.845,P2_0400,2,oblique_theta60
supercritical_f1.6_beta0.5_M2.0_theta60_seed1,1.6,0.5,2.0,60.0,1,MEASURABLE,0.8292026725914394,0.08267150645736651,24.754797286813062,2.8411401354577763,0.7905694150420948,10,4.887,0.0997,106.26609491938048,False,0.8258,1.845,P2_0401,2,oblique_theta60
supercritical_f1.6_beta0.5_M2.0_theta60_seed2,1.6,0.5,2.0,60.0,2,MEASURABLE,0.9382633711819623,0.09748556426580589,25.49530644247064,2.8411401354577763,0.7905694150420948,9,4.652,0.1039,100.8799076836022,False,0.8258,1.845,P2_0402,2,oblique_theta60
supercritical_f1.8_beta0.5_M2.0_theta60_seed1,1.8,0.5,2.0,60.0,1,PARTIAL,0.8830971461141264,0.2649291438342379,19.90611995940501,2.1587996628578177,0.7453559924999299,9,5.488,0.1042,40.113173186532585,False,0.7318,1.845,P2_0403,2,oblique_theta60
supercritical_f1.8_beta0.5_M2.0_theta60_seed2,1.8,0.5,2.0,60.0,2,MEASURABLE,0.8099782740136031,0.08196980133017663,18.85538013544331,2.1587996628578177,0.7453559924999299,10,4.412,0.1012,91.97972776676829,False,0.7318,1.845,P2_0404,2,oblique_theta60
supercritical_f2.0_beta0.5_M2.0_theta60_seed1,2.0,0.5,2.0,60.0,1,PARTIAL,0.7551859728413824,0.22655579185241473,16.24584846635904,1.7324116139070411,0.7071067811865475,12,4.66,0.1234,44.594352760723275,False,0.6252,1.845,P2_0405,2,oblique_theta60
supercritical_f2.0_beta0.5_M2.0_theta60_seed2,2.0,0.5,2.0,60.0,2,MEASURABLE,0.774241947584358,0.10374842097630399,16.351596650562076,1.7324116139070411,0.7071067811865475,12,4.754,0.134,102.87194535287195,False,0.6252,1.845,P2_0406,2,oblique_theta60
supercritical_f2.5_beta0.5_M2.0_theta60_seed1,2.5,0.5,2.0,60.0,1,COLLAPSED,,,10.538090821398857,1.143214267116324,0.6324555320336759,16,4.045,0.2207,137.965274862656,False,0.3114,1.845,P2_0407,2,oblique_theta60
supercritical_f2.5_beta0.5_M2.0_theta60_seed2,2.5,0.5,2.0,60.0,2,PARTIAL,0.6734014999394464,0.2020204499818339,10.781089562562686,1.143214267116324,0.6324555320336759,16,3.832,0.1884,39.81257262353753,False,0.3114,1.845,P2_0408,2,oblique_theta60
supercritical_f1.4_beta1.0_M1.0_theta60_seed1,1.4,1.0,1.0,60.0,1,MEASURABLE,1.2118331280832872,0.09597718374419635,33.88640719336246,2.898545272838622,0.8451542547285166,6,5.201,0.0792,114.35501265693048,False,0.8087,1.6125,P2_0409,2,oblique_theta60
supercritical_f1.4_beta1.0_M1.0_theta60_seed2,1.4,1.0,1.0,60.0,2,MEASURABLE,1.2307869952649686,0.09230902464487264,33.22096494905519,2.898545272838622,0.8451542547285166,7,5.07,0.075,89.85863277136154,False,0.8087,1.6125,P2_0410,2,oblique_theta60
supercritical_f1.5_beta1.0_M1.0_theta60_seed1,1.5,1.0,1.0,60.0,1,PARTIAL,1.2848267146835903,0.3854480144050771,29.68889109643125,2.3687322154931856,0.8164965809277261,6,4.785,0.0831,38.33935311444336,False,0.7327,1.6125,P2_0411,2,oblique_theta60
supercritical_f1.5_beta1.0_M1.0_theta60_seed2,1.5,1.0,1.0,60.0,2,MEASURABLE,1.1601459600478428,0.08295043614342075,28.142844813391193,2.3687322154931856,0.8164965809277261,5,5.459,0.0715,104.36393300032007,False,0.7327,1.6125,P2_0412,2,oblique_theta60
supercritical_f1.6_beta1.0_M1.0_theta60_seed1,1.6,1.0,1.0,60.0,1,MEASURABLE,1.197328351338044,0.08764443531794482,25.38279871175663,2.000394585169251,0.7905694150420948,7,5.082,0.0732,95.29025911844478,False,0.6486,1.6125,P2_0413,2,oblique_theta60
supercritical_f1.6_beta1.0_M1.0_theta60_seed2,1.6,1.0,1.0,60.0,2,PARTIAL,1.1406159777929166,0.34218479333787494,25.640616413751932,2.000394585169251,0.7905694150420948,7,5.405,0.0717,40.466910897489626,False,0.6486,1.6125,P2_0414,2,oblique_theta60
supercritical_f1.8_beta1.0_M1.0_theta60_seed1,1.8,1.0,1.0,60.0,1,PARTIAL,1.2692052587173273,0.3807615776151982,19.62610057603217,1.5199711911958105,0.7453559924999299,8,4.65,0.088,36.130352063196455,False,0.4589,1.6125,P2_0415,2,oblique_theta60
supercritical_f1.8_beta1.0_M1.0_theta60_seed2,1.8,1.0,1.0,60.0,2,PARTIAL,0.9723254320746717,0.2916976296224015,20.560672878591145,1.5199711911958105,0.7453559924999299,8,4.283,0.1116,32.08957407275085,False,0.4589,1.6125,P2_0416,2,oblique_theta60
supercritical_f2.0_beta1.0_M1.0_theta60_seed1,2.0,1.0,1.0,60.0,1,PARTIAL,1.1955648448541998,0.35866945345625995,15.978339989419979,1.2197591975467943,0.7071067811865475,9,4.468,0.1345,44.94285063895054,True,0.2439,1.6125,P2_0417,2,oblique_theta60
supercritical_f2.0_beta1.0_M1.0_theta60_seed2,2.0,1.0,1.0,60.0,2,PARTIAL,1.0396623664464688,0.31189870993394064,15.568984710780098,1.2197591975467943,0.7071067811865475,9,4.329,0.1491,35.55793749129613,True,0.2439,1.6125,P2_0418,2,oblique_theta60
supercritical_f2.5_beta1.0_M1.0_theta60_seed1,2.5,1.0,1.0,60.0,1,PARTIAL,0.9300358081454754,0.2790107424436426,10.822510850234998,0.8049161676635341,0.6324555320336759,12,3.241,0.2038,42.09029290544502,True,0.05,1.6125,P2_0419,2,oblique_theta60
supercritical_f2.5_beta1.0_M1.0_theta60_seed2,2.5,1.0,1.0,60.0,2,PARTIAL,0.8055778865538021,0.24167336596614064,10.783432516090455,0.8049161676635341,0.6324555320336759,11,2.856,0.2132,33.28259436411233,True,0.05,1.6125,P2_0420,2,oblique_theta60
supercritical_f1.4_beta1.0_M2.0_theta60_seed1,1.4,1.0,2.0,60.0,1,MEASURABLE,1.2179290556055076,0.1377477761889829,24.795905954484176,2.898545272838622,0.8451542547285166,7,4.785,0.1131,92.43977176703658,False,0.8087,1.5325,P2_0421,2,oblique_theta60
supercritical_f1.4_beta1.0_M2.0_theta60_seed2,1.4,1.0,2.0,60.0,2,MEASURABLE,1.1251882915167137,0.11420661158894645,23.504661424298632,2.898545272838622,0.8451542547285166,5,5.459,0.1015,83.83603595588674,False,0.8087,1.5325,P2_0422,2,oblique_theta60
supercritical_f1.5_beta1.0_M2.0_theta60_seed1,1.5,1.0,2.0,60.0,1,MEASURABLE,1.1596995498360692,0.11968099354308234,20.708381750535185,2.3687322154931856,0.8164965809277261,7,5.082,0.1032,106.75960738158375,False,0.7327,1.5325,P2_0423,2,oblique_theta60
supercritical_f1.5_beta1.0_M2.0_theta60_seed2,1.5,1.0,2.0,60.0,2,MEASURABLE,1.154374324212071,0.11739986877236762,20.918720549482973,2.3687322154931856,0.8164965809277261,6,5.405,0.1017,90.53077080599118,False,0.7327,1.5325,P2_0424,2,oblique_theta60
supercritical_f1.6_beta1.0_M2.0_theta60_seed1,1.6,1.0,2.0,60.0,1,PARTIAL,1.1093885847486895,0.33281657542460685,17.611644858744572,2.000394585169251,0.7905694150420948,7,4.718,0.1109,35.41331739701206,False,0.6486,1.5325,P2_0425,2,oblique_theta60
supercritical_f1.6_beta1.0_M2.0_theta60_seed2,1.6,1.0,2.0,60.0,2,MEASURABLE,1.1110546620862718,0.1405484147539134,17.736258007572527,2.000394585169251,0.7905694150420948,7,5.651,0.1265,89.37228200946284,False,0.6486,1.5325,P2_0426,2,oblique_theta60
supercritical_f1.8_beta1.0_M2.0_theta60_seed1,1.8,1.0,2.0,60.0,1,COLLAPSED,,,13.911620162976963,1.5199711911958105,0.7453559924999299,7,4.501,0.1592,100.13064805256539,False,0.4589,1.5325,P2_0427,2,oblique_theta60
supercritical_f1.8_beta1.0_M2.0_theta60_seed2,1.8,1.0,2.0,60.0,2,COLLAPSED,,,13.981725662216538,1.5199711911958105,0.7453559924999299,9,4.624,0.1542,75.72586630004949,False,0.4589,1.5325,P2_0428,2,oblique_theta60
supercritical_f2.0_beta1.0_M2.0_theta60_seed1,2.0,1.0,2.0,60.0,1,PARTIAL,1.024611230308777,0.30738336909263314,11.529153690989874,1.2197591975467943,0.7071067811865475,8,4.164,0.1901,36.797441097913705,True,0.2439,1.5325,P2_0429,2,oblique_theta60
supercritical_f2.0_beta1.0_M2.0_theta60_seed2,2.0,1.0,2.0,60.0,2,PARTIAL,0.9948741856017692,0.29846225568053075,11.8874169592594,1.2197591975467943,0.7071067811865475,10,3.766,0.1623,34.384591788969566,True,0.2439,1.5325,P2_0430,2,oblique_theta60
supercritical_f2.5_beta1.0_M2.0_theta60_seed1,2.5,1.0,2.0,60.0,1,PARTIAL,1.0184052759287174,0.31499275184475234,8.065567438469959,0.8049161676635341,0.6324555320336759,13,2.711,0.3093,41.177218056077244,True,0.05,1.5325,P2_0431,2,oblique_theta60
supercritical_f2.5_beta1.0_M2.0_theta60_seed2,2.5,1.0,2.0,60.0,2,PARTIAL,1.06581193208036,0.319743579624108,7.818699156342111,0.8049161676635341,0.6324555320336759,12,3.045,0.278,40.361832158028015,True,0.05,1.5325,P2_0432,2,oblique_theta60
supercritical_f1.4_beta2.0_M1.0_theta60_seed1,1.4,2.0,1.0,60.0,1,PARTIAL,1.7477007203510417,0.5243102161053125,30.621631021322205,2.2894306865174627,0.8451542547285166,4,4.785,0.0831,38.33935311444336,False,0.6934,1.4562,P2_0433,2,oblique_theta60
supercritical_f1.4_beta2.0_M1.0_theta60_seed2,1.4,2.0,1.0,60.0,2,MEASURABLE,1.5781022506115092,0.1128343109187229,29.0270123921734,2.2894306865174627,0.8451542547285166,3,5.459,0.0715,104.36393300032007,False,0.6934,1.4562,P2_0434,2,oblique_theta60
supercritical_f1.5_beta2.0_M1.0_theta60_seed1,1.5,2.0,1.0,60.0,1,MEASURABLE,1.6265050777968124,0.12881920216150755,25.57375504559428,1.8709551557156325,0.8164965809277261,4,4.994,0.0792,95.29025911844478,False,0.5715,1.4562,P2_0435,2,oblique_theta60
supercritical_f1.5_beta2.0_M1.0_theta60_seed2,1.5,2.0,1.0,60.0,2,PARTIAL,1.5494644202011116,0.46483932606033346,25.833512325794903,1.8709551557156325,0.8164965809277261,4,5.317,0.0775,40.466910897489626,False,0.5715,1.4562,P2_0436,2,oblique_theta60
supercritical_f1.6_beta2.0_M1.0_theta60_seed1,1.6,2.0,1.0,60.0,1,PARTIAL,1.5559428013907826,0.4667828404172347,21.749448942619264,1.580021810024988,0.7905694150420948,5,4.566,0.0912,38.41340385685353,False,0.4367,1.4562,P2_0437,2,oblique_theta60
supercritical_f1.6_beta2.0_M1.0_theta60_seed2,1.6,2.0,1.0,60.0,2,PARTIAL,1.430619137023027,0.4291857411069081,21.90333958371216,1.580021810024988,0.7905694150420948,5,5.499,0.1087,32.2356915561482,False,0.4367,1.4562,P2_0438,2,oblique_theta60
supercritical_f1.8_beta2.0_M1.0_theta60_seed1,1.8,2.0,1.0,60.0,1,PARTIAL,1.706793442744347,0.5120380328233041,17.180114343127208,1.200556955364807,0.7453559924999299,5,4.349,0.1415,35.63494104447562,True,0.1327,1.4562,P2_0439,2,oblique_theta60
supercritical_f1.8_beta2.0_M1.0_theta60_seed2,1.8,2.0,1.0,60.0,2,PARTIAL,1.3671236935561488,0.4101371080668446,17.266690922915036,1.200556955364807,0.7453559924999299,6,4.472,0.136,42.808810823972095,True,0.1327,1.4562,P2_0440,2,oblique_theta60
supercritical_f2.0_beta2.0_M1.0_theta60_seed1,2.0,2.0,1.0,60.0,1,PARTIAL,1.4370406275491274,0.43111218826473824,14.23789439118121,0.963432989366671,0.7071067811865475,6,4.012,0.1723,35.816841362397675,True,0.05,1.4562,P2_0441,2,oblique_theta60
supercritical_f2.0_beta2.0_M1.0_theta60_seed2,2.0,2.0,1.0,60.0,2,PARTIAL,1.395333743881322,0.4186001231643966,14.680330559054259,0.963432989366671,0.7071067811865475,7,3.613,0.1424,41.86134106952393,True,0.05,1.4562,P2_0442,2,oblique_theta60
supercritical_f2.5_beta2.0_M1.0_theta60_seed1,2.5,2.0,1.0,60.0,1,PARTIAL,1.4283366349389994,0.4285009904816998,9.960548750740571,0.6357671179371394,0.6324555320336759,9,2.559,0.2935,40.823851917366774,True,0.05,1.4562,P2_0443,2,oblique_theta60
supercritical_f2.5_beta2.0_M1.0_theta60_seed2,2.5,2.0,1.0,60.0,2,PARTIAL,1.4948255517993307,0.4484476655397992,9.655679492885545,0.6357671179371394,0.6324555320336759,8,2.893,0.2606,43.13981683185277,True,0.05,1.4562,P2_0444,2,oblique_theta60
supercritical_f1.4_beta2.0_M2.0_theta60_seed1,1.4,2.0,2.0,60.0,1,MEASURABLE,1.5774950158460952,0.16800321918760913,21.358979793280177,2.2894306865174627,0.8451542547285166,5,5.034,0.1065,106.75960738158375,False,0.6934,1.3762,P2_0445,2,oblique_theta60
supercritical_f1.4_beta2.0_M2.0_theta60_seed2,1.4,2.0,2.0,60.0,2,MEASURABLE,1.570251314767397,0.16456233778762322,21.575926834849593,2.2894306865174627,0.8451542547285166,4,5.357,0.1048,90.53077080599118,False,0.6934,1.3762,P2_0446,2,oblique_theta60
supercritical_f1.5_beta2.0_M2.0_theta60_seed1,1.5,2.0,2.0,60.0,1,PARTIAL,1.5070437147229263,0.45211311441687785,17.7441383309289,1.8709551557156325,0.8164965809277261,4,4.606,0.1185,35.41331739701206,False,0.5715,1.3762,P2_0447,2,oblique_theta60
supercritical_f1.5_beta2.0_M2.0_theta60_seed2,1.5,2.0,2.0,60.0,2,MEASURABLE,1.5093069896604583,0.20451109709899212,17.869688952031616,1.8709551557156325,0.8164965809277261,4,5.539,0.1355,89.37228200946284,False,0.5715,1.3762,P2_0448,2,oblique_theta60
supercritical_f1.6_beta2.0_M2.0_theta60_seed1,1.6,2.0,2.0,60.0,1,COLLAPSED,,,15.40246867676175,1.580021810024988,0.7905694150420948,6,4.577,0.1224,88.00178620643989,False,0.4367,1.3762,P2_0449,2,oblique_theta60
supercritical_f1.6_beta2.0_M2.0_theta60_seed2,1.6,2.0,2.0,60.0,2,COLLAPSED,,,16.135916493385743,1.580021810024988,0.7905694150420948,6,4.211,0.1472,62.73908630361346,False,0.4367,1.3762,P2_0450,2,oblique_theta60
supercritical_f1.8_beta2.0_M2.0_theta60_seed1,1.8,2.0,2.0,60.0,1,PARTIAL,1.5619154789779652,0.4685746436933895,12.035534006584632,1.200556955364807,0.7453559924999299,6,4.395,0.1698,42.88431525375081,True,0.1327,1.3762,P2_0451,2,oblique_theta60
supercritical_f1.8_beta2.0_M2.0_theta60_seed2,1.8,2.0,2.0,60.0,2,PARTIAL,1.3582406258036408,0.40747218774109223,11.727191000984082,1.200556955364807,0.7453559924999299,6,4.256,0.185,41.95020624723375,True,0.1327,1.3762,P2_0452,2,oblique_theta60
supercritical_f2.0_beta2.0_M2.0_theta60_seed1,2.0,2.0,2.0,60.0,1,PARTIAL,1.4998524181354311,0.44995572544062934,10.439378954854211,0.963432989366671,0.7071067811865475,6,4.032,0.1965,41.3607168746982,True,0.05,1.3762,P2_0453,2,oblique_theta60
supercritical_f2.0_beta2.0_M2.0_theta60_seed2,2.0,2.0,2.0,60.0,2,PARTIAL,1.4918468409232992,0.44755405227698974,10.25952965056503,0.963432989366671,0.7071067811865475,5,3.771,0.2021,31.009107919046134,True,0.05,1.3762,P2_0454,2,oblique_theta60
supercritical_f2.5_beta2.0_M2.0_theta60_seed1,2.5,2.0,2.0,60.0,1,PARTIAL,1.0736437076836565,0.3220931123050969,6.840616555599776,0.6357671179371394,0.6324555320336759,7,2.654,0.2353,42.82736862243008,True,0.05,1.3762,P2_0455,2,oblique_theta60
supercritical_f2.5_beta2.0_M2.0_theta60_seed2,2.5,2.0,2.0,60.0,2,PARTIAL,1.5473404514658262,0.4854006996248297,6.829349153885367,0.6357671179371394,0.6324555320336759,8,2.357,0.3137,30.297880324501683,True,0.05,1.3762,P2_0456,2,oblique_theta60
supercritical_f1.5_beta1.0_M1.0_theta90_seed1,1.5,1.0,1.0,90.0,1,MEASURABLE,1.121503772088905,0.07300989556298772,31.86378098378285,2.334402763094734,0.8164965809277261,8,5.025,0.0651,95.93417090214851,False,0.7247,1.65,P2_0457,3,perpendicular
supercritical_f1.5_beta1.0_M1.0_theta90_seed2,1.5,1.0,1.0,90.0,2,MEASURABLE,1.0295166002509466,0.0850380711807282,33.3810975310452,2.334402763094734,0.8164965809277261,8,4.658,0.0826,96.6305456947936,False,0.7247,1.65,P2_0458,3,perpendicular
supercritical_f1.8_beta1.0_M1.0_theta90_seed1,1.8,1.0,1.0,90.0,1,PARTIAL,0.9796618888896794,0.29389856666690384,22.020716839823557,1.4979426232074655,0.7453559924999299,9,4.799,0.1093,35.37580335817131,False,0.4429,1.65,P2_0459,3,perpendicular
supercritical_f1.8_beta1.0_M1.0_theta90_seed2,1.8,1.0,1.0,90.0,2,PARTIAL,0.9512293980815463,0.28536881942446385,22.70500071669116,1.4979426232074655,0.7453559924999299,10,4.401,0.0904,33.12295035907929,False,0.4429,1.65,P2_0460,3,perpendicular
supercritical_f2.0_beta1.0_M1.0_theta90_seed1,2.0,1.0,1.0,90.0,1,PARTIAL,0.9177198054550557,0.2753159416365167,17.17478117199108,1.2020815280171306,0.7071067811865475,10,3.892,0.1276,31.23944166189745,True,0.2215,1.65,P2_0461,3,perpendicular
supercritical_f2.0_beta1.0_M1.0_theta90_seed2,2.0,1.0,1.0,90.0,2,PARTIAL,0.8667620613354415,0.26002861840063246,17.863853842548135,1.2020815280171306,0.7071067811865475,10,4.299,0.1399,39.02186887593099,True,0.2215,1.65,P2_0462,3,perpendicular
supercritical_f2.5_beta1.0_M1.0_theta90_seed1,2.5,1.0,1.0,90.0,1,PARTIAL,1.2021013094209165,0.36063039282627496,12.418112447915687,0.7932507159582656,0.6324555320336759,13,2.953,0.1797,37.90264115539552,True,0.05,1.65,P2_0463,3,perpendicular
supercritical_f2.5_beta1.0_M1.0_theta90_seed2,2.5,1.0,1.0,90.0,2,PARTIAL,1.0298783703419527,0.3089635111025858,11.868914305804868,0.7932507159582656,0.6324555320336759,11,3.156,0.2446,42.33860854498966,True,0.05,1.65,P2_0464,3,perpendicular
supercritical_f1.5_beta1.0_M2.0_theta90_seed1,1.5,1.0,2.0,90.0,1,PARTIAL,1.1311986141868617,0.3393595842560585,22.586087148866184,2.334402763094734,0.8164965809277261,7,5.036,0.116,34.93359073861028,False,0.7247,1.57,P2_0465,3,perpendicular
supercritical_f1.5_beta1.0_M2.0_theta90_seed2,1.5,1.0,2.0,90.0,2,MEASURABLE,0.9938588159767806,0.11200788856058316,22.699906308452917,2.334402763094734,0.8164965809277261,9,5.159,0.1127,105.06905437389315,False,0.7247,1.57,P2_0466,3,perpendicular
supercritical_f1.8_beta1.0_M2.0_theta90_seed1,1.8,1.0,2.0,90.0,1,COLLAPSED,,,16.145828985137324,1.4979426232074655,0.7453559924999299,9,4.82,0.1399,94.57663382436374,False,0.4429,1.57,P2_0467,3,perpendicular
supercritical_f1.8_beta1.0_M2.0_theta90_seed2,1.8,1.0,2.0,90.0,2,COLLAPSED,,,15.86766913264928,1.4979426232074655,0.7453559924999299,8,4.558,0.1435,93.95172832000578,False,0.4429,1.57,P2_0468,3,perpendicular
supercritical_f2.0_beta1.0_M2.0_theta90_seed1,2.0,1.0,2.0,90.0,1,PARTIAL,1.1545049225617015,0.3463514767685104,12.258672674653258,1.2020815280171306,0.7071067811865475,10,4.16,0.1748,31.67617928455956,True,0.2215,1.57,P2_0469,3,perpendicular
supercritical_f2.0_beta1.0_M2.0_theta90_seed2,2.0,1.0,2.0,90.0,2,PARTIAL,0.9172461402440377,0.2751738420732113,12.602510903312128,1.2020815280171306,0.7071067811865475,10,4.513,0.1606,36.434020493876126,True,0.2215,1.57,P2_0470,3,perpendicular
supercritical_f2.5_beta1.0_M2.0_theta90_seed1,2.5,1.0,2.0,90.0,1,PARTIAL,0.9195823552468118,0.2758747065740435,8.342422453153597,0.7932507159582656,0.6324555320336759,13,3.119,0.2651,35.07937500714992,True,0.05,1.57,P2_0471,3,perpendicular
supercritical_f2.5_beta1.0_M2.0_theta90_seed2,2.5,1.0,2.0,90.0,2,PARTIAL,0.8715650345219542,0.2614695103565863,8.832222940197402,0.7932507159582656,0.6324555320336759,11,3.366,0.2492,30.97781355104379,True,0.05,1.57,P2_0472,3,perpendicular
supercritical_f1.5_beta2.0_M1.0_theta90_seed1,1.5,2.0,1.0,90.0,1,MEASURABLE,1.5185150881293124,0.13681820944045103,26.30480651389066,1.8537904295164065,0.8164965809277261,5,4.986,0.0901,117.96632638096337,False,0.5635,1.475,P2_0473,3,perpendicular
supercritical_f1.5_beta2.0_M1.0_theta90_seed2,1.5,2.0,1.0,90.0,2,PARTIAL,1.2872063570066197,0.3861619071019859,26.437365595539866,1.8537904295164065,0.8164965809277261,6,5.109,0.0866,34.32287796012511,False,0.5635,1.475,P2_0474,3,perpendicular
supercritical_f1.8_beta2.0_M1.0_theta90_seed1,1.8,2.0,1.0,90.0,1,PARTIAL,1.4525736493073589,0.43577209479220763,18.804182621854682,1.1895426713706345,0.7453559924999299,6,4.63,0.1235,39.917893270855515,True,0.1166,1.475,P2_0475,3,perpendicular
supercritical_f1.8_beta2.0_M1.0_theta90_seed2,1.8,2.0,1.0,90.0,2,PARTIAL,1.444820426146713,0.4334461278440139,18.480224733469502,1.1895426713706345,0.7453559924999299,5,4.368,0.1276,38.7873071134769,True,0.1166,1.475,P2_0476,3,perpendicular
supercritical_f2.0_beta2.0_M1.0_theta90_seed1,2.0,2.0,1.0,90.0,1,PARTIAL,1.6401299381378978,0.4920389814413693,14.277019773212912,0.9545941546018392,0.7071067811865475,7,3.97,0.1591,38.30863806203382,True,0.05,1.475,P2_0477,3,perpendicular
supercritical_f2.0_beta2.0_M1.0_theta90_seed2,2.0,2.0,1.0,90.0,2,PARTIAL,1.3030718413201723,0.3909215523960517,14.677469750109617,0.9545941546018392,0.7071067811865475,7,4.323,0.1435,35.70797608371094,True,0.05,1.475,P2_0478,3,perpendicular
supercritical_f2.5_beta2.0_M1.0_theta90_seed1,2.5,2.0,1.0,90.0,1,PARTIAL,1.3063907497917573,0.3919172249375272,9.715972804008176,0.6299343920845051,0.6324555320336759,10,2.929,0.2503,39.48467511742842,True,0.05,1.475,P2_0479,3,perpendicular
supercritical_f2.5_beta2.0_M1.0_theta90_seed2,2.5,2.0,1.0,90.0,2,PARTIAL,1.2381756701234423,0.3714527010370327,10.28641720888348,0.6299343920845051,0.6324555320336759,8,3.176,0.2334,39.51521963609616,True,0.05,1.475,P2_0480,3,perpendicular
supercritical_f1.5_beta2.0_M2.0_theta90_seed1,1.5,2.0,2.0,90.0,1,PARTIAL,1.4706112863992309,0.44118338591976924,18.427839711160637,1.8537904295164065,0.8164965809277261,6,5.033,0.1233,31.15269765881464,False,0.5635,1.395,P2_0481,3,perpendicular
supercritical_f1.5_beta2.0_M2.0_theta90_seed2,1.5,2.0,2.0,90.0,2,PARTIAL,1.2788425627613411,0.3836527688284023,17.95572975075873,1.8537904295164065,0.8164965809277261,6,4.894,0.1334,44.03321624409007,False,0.5635,1.395,P2_0482,3,perpendicular
supercritical_f1.8_beta2.0_M2.0_theta90_seed1,1.8,2.0,2.0,90.0,1,PARTIAL,1.2144147382393136,0.36432442147179406,12.200305122386458,1.1895426713706345,0.7453559924999299,6,3.782,0.1655,33.84841986781272,True,0.1166,1.395,P2_0483,3,perpendicular
supercritical_f1.8_beta2.0_M2.0_theta90_seed2,1.8,2.0,2.0,90.0,2,PARTIAL,1.1469825709062769,0.34409477127188304,12.689795890746515,1.1895426713706345,0.7453559924999299,7,4.189,0.1786,32.841371633977886,True,0.1166,1.395,P2_0484,3,perpendicular
supercritical_f2.0_beta2.0_M2.0_theta90_seed1,2.0,2.0,2.0,90.0,1,PARTIAL,1.1220593044040978,0.3366177913212293,10.319765759882754,0.9545941546018392,0.7071067811865475,8,3.806,0.1933,39.6233493040151,True,0.05,1.395,P2_0485,3,perpendicular
supercritical_f2.0_beta2.0_M2.0_theta90_seed2,2.0,2.0,2.0,90.0,2,PARTIAL,0.9719046891670802,0.29157140675012405,10.282502756847801,0.9545941546018392,0.7071067811865475,8,3.421,0.2008,42.66319671994376,True,0.05,1.395,P2_0486,3,perpendicular
supercritical_f2.5_beta2.0_M2.0_theta90_seed1,2.5,2.0,2.0,90.0,1,PARTIAL,1.4468428342651387,0.4340528502795416,6.886319524119321,0.6299343920845051,0.6324555320336759,8,2.723,0.2898,34.61097512545527,True,0.05,1.395,P2_0487,3,perpendicular
supercritical_f2.5_beta2.0_M2.0_theta90_seed2,2.5,2.0,2.0,90.0,2,PARTIAL,1.047086259432843,0.31412587782985285,6.960774417495879,0.6299343920845051,0.6324555320336759,9,3.189,0.2814,41.94338265368176,True,0.05,1.395,P2_0488,3,perpendicular
