sim_name,f,beta,M,theta,seed,resolution,density_contrast,perturb_offset,sim_type,classification,lambda_W,lambda_W_err,t_frag,t_radial,t_J,N_peaks,peak_significance,sigma_lw,contrast,radial_collapsed,radial_width_frac,f_transition,survival_time,decay_mode,lw_asymptotic,lw_early_representative,lw_t0.5,lw_t1.0,lw_t1.5,lw_t2.0,lw_t2.5,lw_t3.0,class_t0.5,class_t1.0,class_t1.5,class_t2.0,class_t2.5,class_t3.0,sim_id,subcampaign
supercritical_f1.30_beta0.1_M1.0_theta0_seed1_res128_dc1.0,1.300000,0.100000,1.000000,0.000000,1,128,1.000000,0.000000,fine_sample_A,MEASURABLE,2.445600,0.211300,32.415909,19.472867,0.877058,3,4.950000,0.086400,85.160474,False,0.995400,3.300000,3.000000,persistent,2.374348,True,2.341016,2.383515,2.445600,2.326744,2.400154,2.454254,MEASURABLE,MEASURABLE,MEASURABLE,MEASURABLE,MEASURABLE,MEASURABLE,P3_0001,A
supercritical_f1.30_beta0.1_M1.0_theta0_seed2_res128_dc1.0,1.300000,0.100000,1.000000,0.000000,2,128,1.000000,0.000000,fine_sample_A,MEASURABLE,2.587739,0.197186,32.415909,19.472867,0.877058,3,5.023000,0.076200,105.617828,False,0.995400,3.300000,3.000000,persistent,2.567958,True,2.463706,2.510923,2.587739,2.550480,2.589592,2.660235,MEASURABLE,MEASURABLE,MEASURABLE,MEASURABLE,MEASURABLE,MEASURABLE,P3_0002,A
supercritical_f1.35_beta0.1_M1.0_theta0_seed1_res128_dc1.0,1.350000,0.100000,1.000000,0.000000,1,128,1.000000,0.000000,fine_sample_A,MEASURABLE,2.460928,0.176202,29.135306,17.022549,0.860663,3,5.294000,0.071600,97.108951,False,0.994200,3.300000,3.000000,persistent,2.483013,True,2.502648,2.529530,2.460928,2.516431,2.521201,2.517110,MEASURABLE,MEASURABLE,MEASURABLE,MEASURABLE,MEASURABLE,MEASURABLE,P3_0003,A
supercritical_f1.35_beta0.1_M1.0_theta0_seed2_res128_dc1.0,1.350000,0.100000,1.000000,0.000000,2,128,1.000000,0.000000,fine_sample_A,MEASURABLE,2.525598,0.205079,29.135306,17.022549,0.860663,4,4.761000,0.081200,103.704729,False,0.994200,3.300000,3.000000,persistent,2.561866,True,2.478132,2.605210,2.525598,2.595778,2.587216,2.633941,MEASURABLE,MEASURABLE,MEASURABLE,MEASURABLE,MEASURABLE,MEASURABLE,P3_0004,A
supercritical_f1.40_beta0.1_M1.0_theta0_seed1_res128_dc1.0,1.400000,0.100000,1.000000,0.000000,1,128,1.000000,0.000000,fine_sample_A,MEASURABLE,2.297971,0.155343,26.482245,15.122845,0.845154,3,4.796000,0.067600,109.094014,False,0.993000,3.300000,3.000000,persistent,2.334682,True,2.284402,2.265193,2.297971,2.334291,2.373722,2.365760,MEASURABLE,MEASURABLE,MEASURABLE,MEASURABLE,MEASURABLE,MEASURABLE,P3_0005,A
supercritical_f1.40_beta0.1_M1.0_theta0_seed2_res128_dc1.0,1.400000,0.100000,1.000000,0.000000,2,128,1.000000,0.000000,fine_sample_A,PARTIAL,2.627169,0.219106,26.482245,15.122845,0.845154,2,5.113000,0.083400,41.565814,False,0.993000,3.300000,0.000000,never_fragmented,2.574343,True,2.643507,2.671300,2.627169,2.565606,2.587472,2.629649,PARTIAL,PARTIAL,PARTIAL,PARTIAL,PARTIAL,PARTIAL,P3_0006,A
supercritical_f1.45_beta0.1_M1.0_theta0_seed1_res128_dc1.0,1.450000,0.100000,1.000000,0.000000,1,128,1.000000,0.000000,fine_sample_A,PARTIAL,2.490560,0.230626,24.281814,13.603452,0.830455,2,4.856000,0.092600,44.689794,False,0.991600,3.300000,0.000000,never_fragmented,2.484750,True,2.459099,2.516170,2.490560,2.514092,2.511124,2.559651,PARTIAL,PARTIAL,PARTIAL,PARTIAL,PARTIAL,PARTIAL,P3_0007,A
supercritical_f1.45_beta0.1_M1.0_theta0_seed2_res128_dc1.0,1.450000,0.100000,1.000000,0.000000,2,128,1.000000,0.000000,fine_sample_A,MEASURABLE,2.364812,0.198644,24.281814,13.603452,0.830455,3,5.173000,0.084000,101.688947,False,0.991600,3.300000,3.000000,persistent,2.312864,True,2.202557,2.347132,2.364812,2.375402,2.324765,2.385816,MEASURABLE,MEASURABLE,MEASURABLE,MEASURABLE,MEASURABLE,MEASURABLE,P3_0008,A
supercritical_f1.50_beta0.1_M1.0_theta0_seed1_res128_dc1.0,1.500000,0.100000,1.000000,0.000000,1,128,1.000000,0.000000,fine_sample_A,PARTIAL,2.518476,0.206263,22.420939,12.358603,0.816497,2,4.683000,0.081900,40.230080,False,0.990200,3.300000,0.000000,never_fragmented,2.545382,True,2.658913,2.564748,2.518476,2.515381,2.565579,2.579206,PARTIAL,PARTIAL,PARTIAL,PARTIAL,PARTIAL,PARTIAL,P3_0009,A
supercritical_f1.50_beta0.1_M1.0_theta0_seed2_res128_dc1.0,1.500000,0.100000,1.000000,0.000000,2,128,1.000000,0.000000,fine_sample_A,MEASURABLE,2.347836,0.152844,22.420939,12.358603,0.816497,4,5.202000,0.065100,96.565518,False,0.990200,3.300000,3.000000,persistent,2.318354,True,2.405576,2.252740,2.347836,2.330863,2.352971,2.398022,MEASURABLE,MEASURABLE,MEASURABLE,MEASURABLE,MEASURABLE,MEASURABLE,P3_0010,A
supercritical_f1.55_beta0.1_M1.0_theta0_seed1_res128_dc1.0,1.550000,0.100000,1.000000,0.000000,1,128,1.000000,0.000000,fine_sample_A,MEASURABLE,2.375595,0.246824,20.822705,11.318911,0.803219,3,5.029000,0.103900,96.859564,False,0.988700,3.300000,3.000000,persistent,2.372430,True,2.261790,2.413419,2.375595,2.467222,2.404119,2.428033,MEASURABLE,MEASURABLE,MEASURABLE,MEASURABLE,MEASURABLE,MEASURABLE,P3_0011,A
supercritical_f1.55_beta0.1_M1.0_theta0_seed2_res128_dc1.0,1.550000,0.100000,1.000000,0.000000,2,128,1.000000,0.000000,fine_sample_A,MEASURABLE,2.427510,0.207552,20.822705,11.318911,0.803219,3,4.963000,0.085500,97.798880,False,0.988700,3.300000,3.000000,persistent,2.482059,True,2.481057,2.497787,2.427510,2.486475,2.507214,2.557119,MEASURABLE,MEASURABLE,MEASURABLE,MEASURABLE,MEASURABLE,MEASURABLE,P3_0012,A
supercritical_f1.60_beta0.1_M1.0_theta0_seed1_res128_dc1.0,1.600000,0.100000,1.000000,0.000000,1,128,1.000000,0.000000,fine_sample_A,MEASURABLE,2.403410,0.183621,19.432655,10.436841,0.790569,4,5.122000,0.076400,99.682896,False,0.987100,3.300000,3.000000,persistent,2.441298,True,2.416414,2.575502,2.403410,2.429343,2.454627,2.528857,MEASURABLE,MEASURABLE,MEASURABLE,MEASURABLE,MEASURABLE,MEASURABLE,P3_0013,A
supercritical_f1.60_beta0.1_M1.0_theta0_seed2_res128_dc1.0,1.600000,0.100000,1.000000,0.000000,2,128,1.000000,0.000000,fine_sample_A,PARTIAL,2.469429,0.188664,19.432655,10.436841,0.790569,2,5.504000,0.076400,38.130521,False,0.987100,3.300000,0.000000,never_fragmented,2.433736,True,2.372289,2.475340,2.469429,2.439198,2.460042,2.485996,PARTIAL,PARTIAL,PARTIAL,PARTIAL,PARTIAL,PARTIAL,P3_0014,A
supercritical_f1.65_beta0.1_M1.0_theta0_seed1_res128_dc1.0,1.650000,0.100000,1.000000,0.000000,1,128,1.000000,0.000000,fine_sample_A,MEASURABLE,2.453944,0.185764,18.210960,9.678666,0.778499,4,5.071000,0.075700,112.132215,False,0.985400,3.300000,3.000000,persistent,2.461284,True,2.473734,2.494615,2.453944,2.521358,2.489467,2.508126,MEASURABLE,MEASURABLE,MEASURABLE,MEASURABLE,MEASURABLE,MEASURABLE,P3_0015,A
supercritical_f1.65_beta0.1_M1.0_theta0_seed2_res128_dc1.0,1.650000,0.100000,1.000000,0.000000,2,128,1.000000,0.000000,fine_sample_A,MEASURABLE,2.442669,0.167079,18.210960,9.678666,0.778499,3,5.209000,0.068400,92.649141,False,0.985400,3.300000,3.000000,persistent,2.378680,True,2.392077,2.384614,2.442669,2.344056,2.399276,2.439980,MEASURABLE,MEASURABLE,MEASURABLE,MEASURABLE,MEASURABLE,MEASURABLE,P3_0016,A
supercritical_f1.70_beta0.1_M1.0_theta0_seed1_res128_dc1.0,1.700000,0.100000,1.000000,0.000000,1,128,1.000000,0.000000,fine_sample_A,MEASURABLE,2.474959,0.242546,17.127701,9.019750,0.766965,4,4.421000,0.098000,102.645073,False,0.983700,3.300000,3.000000,persistent,2.439670,True,2.373013,2.399436,2.474959,2.471380,2.474064,2.463434,MEASURABLE,MEASURABLE,MEASURABLE,MEASURABLE,MEASURABLE,MEASURABLE,P3_0017,A
supercritical_f1.70_beta0.1_M1.0_theta0_seed2_res128_dc1.0,1.700000,0.100000,1.000000,0.000000,2,128,1.000000,0.000000,fine_sample_A,PARTIAL,2.194428,0.207812,17.127701,9.019750,0.766965,2,5.113000,0.094700,42.724708,False,0.983700,3.300000,0.000000,never_fragmented,2.223862,True,2.240793,2.193531,2.194428,2.235980,2.241103,2.295842,PARTIAL,PARTIAL,PARTIAL,PARTIAL,PARTIAL,PARTIAL,P3_0018,A
supercritical_f1.75_beta0.1_M1.0_theta0_seed1_res128_dc1.0,1.750000,0.100000,1.000000,0.000000,1,128,1.000000,0.000000,fine_sample_A,MEASURABLE,2.314532,0.153453,16.159891,8.441654,0.755929,3,4.891000,0.066300,106.869488,False,0.982000,3.300000,3.000000,persistent,2.330275,True,2.317109,2.275959,2.314532,2.359206,2.361938,2.389487,MEASURABLE,MEASURABLE,MEASURABLE,MEASURABLE,MEASURABLE,MEASURABLE,P3_0019,A
supercritical_f1.75_beta0.1_M1.0_theta0_seed2_res128_dc1.0,1.750000,0.100000,1.000000,0.000000,2,128,1.000000,0.000000,fine_sample_A,PARTIAL,2.318021,0.213026,16.159891,8.441654,0.755929,2,5.157000,0.091900,33.321772,False,0.982000,3.300000,0.000000,never_fragmented,2.255912,True,2.251984,2.259960,2.318021,2.294558,2.276496,2.300182,PARTIAL,PARTIAL,PARTIAL,PARTIAL,PARTIAL,PARTIAL,P3_0020,A
supercritical_f1.80_beta0.1_M1.0_theta0_seed1_res128_dc1.0,1.800000,0.100000,1.000000,0.000000,1,128,1.000000,0.000000,fine_sample_A,MEASURABLE,2.306128,0.161660,15.289531,7.930284,0.745356,3,4.977000,0.070100,111.782167,False,0.980100,3.300000,3.000000,persistent,2.369469,True,2.383192,2.440575,2.306128,2.308128,2.409340,2.402152,MEASURABLE,MEASURABLE,MEASURABLE,MEASURABLE,MEASURABLE,MEASURABLE,P3_0021,A
supercritical_f1.80_beta0.1_M1.0_theta0_seed2_res128_dc1.0,1.800000,0.100000,1.000000,0.000000,2,128,1.000000,0.000000,fine_sample_A,MEASURABLE,2.233643,0.176011,15.289531,7.930284,0.745356,4,5.475000,0.078800,115.898802,False,0.980100,3.300000,3.000000,persistent,2.254099,True,2.179003,2.271462,2.233643,2.288566,2.294598,2.280007,MEASURABLE,MEASURABLE,MEASURABLE,MEASURABLE,MEASURABLE,MEASURABLE,P3_0022,A
supercritical_f1.85_beta0.1_M1.0_theta0_seed1_res128_dc1.0,1.850000,0.100000,1.000000,0.000000,1,128,1.000000,0.000000,fine_sample_A,MEASURABLE,2.313116,0.177879,14.502293,7.474677,0.735215,4,4.769000,0.076900,97.216206,False,0.978200,3.300000,3.000000,persistent,2.272339,True,2.336194,2.252127,2.313116,2.289587,2.287941,2.302823,MEASURABLE,MEASURABLE,MEASURABLE,MEASURABLE,MEASURABLE,MEASURABLE,P3_0023,A
supercritical_f1.85_beta0.1_M1.0_theta0_seed2_res128_dc1.0,1.850000,0.100000,1.000000,0.000000,2,128,1.000000,0.000000,fine_sample_A,MEASURABLE,2.302449,0.167849,14.502293,7.474677,0.735215,4,4.729000,0.072900,113.627563,False,0.978200,3.300000,3.000000,persistent,2.262517,True,2.319936,2.230487,2.302449,2.237504,2.294343,2.326797,MEASURABLE,MEASURABLE,MEASURABLE,MEASURABLE,MEASURABLE,MEASURABLE,P3_0024,A
supercritical_f1.90_beta0.1_M1.0_theta0_seed1_res128_dc1.0,1.900000,0.100000,1.000000,0.000000,1,128,1.000000,0.000000,fine_sample_A,MEASURABLE,2.277070,0.183076,13.786606,7.066166,0.725476,3,5.248000,0.080400,116.739325,False,0.976300,3.300000,3.000000,persistent,2.277578,True,2.175894,2.241765,2.277070,2.279463,2.292737,2.342137,MEASURABLE,MEASURABLE,MEASURABLE,MEASURABLE,MEASURABLE,MEASURABLE,P3_0025,A
supercritical_f1.90_beta0.1_M1.0_theta0_seed2_res128_dc1.0,1.900000,0.100000,1.000000,0.000000,2,128,1.000000,0.000000,fine_sample_A,MEASURABLE,2.299994,0.209299,13.786606,7.066166,0.725476,3,4.652000,0.091000,93.204211,False,0.976300,3.300000,3.000000,persistent,2.310449,True,2.440977,2.357860,2.299994,2.310717,2.335267,2.346816,MEASURABLE,MEASURABLE,MEASURABLE,MEASURABLE,MEASURABLE,MEASURABLE,P3_0026,A
supercritical_f1.95_beta0.1_M1.0_theta0_seed1_res128_dc1.0,1.950000,0.100000,1.000000,0.000000,1,128,1.000000,0.000000,fine_sample_A,MEASURABLE,2.288895,0.191581,13.133011,6.697805,0.716115,4,5.517000,0.083700,105.469682,False,0.974300,3.300000,3.000000,persistent,2.253414,True,2.296156,2.258683,2.288895,2.287835,2.287378,2.288176,MEASURABLE,MEASURABLE,MEASURABLE,MEASURABLE,MEASURABLE,MEASURABLE,P3_0027,A
supercritical_f1.95_beta0.1_M1.0_theta0_seed2_res128_dc1.0,1.950000,0.100000,1.000000,0.000000,2,128,1.000000,0.000000,fine_sample_A,MEASURABLE,2.479630,0.228374,13.133011,6.697805,0.716115,5,4.546000,0.092100,103.280015,False,0.974300,3.300000,3.000000,persistent,2.393344,True,2.446535,2.447100,2.479630,2.426540,2.431090,2.454493,MEASURABLE,MEASURABLE,MEASURABLE,MEASURABLE,MEASURABLE,MEASURABLE,P3_0028,A
supercritical_f2.00_beta0.1_M1.0_theta0_seed1_res128_dc1.0,2.000000,0.100000,1.000000,0.000000,1,128,1.000000,0.000000,fine_sample_A,MEASURABLE,2.167681,0.159541,12.533686,6.363961,0.707107,4,5.096000,0.073600,105.220216,False,0.972200,3.300000,3.000000,persistent,2.202291,True,2.227424,2.179011,2.167681,2.204016,2.216923,2.262156,MEASURABLE,MEASURABLE,MEASURABLE,MEASURABLE,MEASURABLE,MEASURABLE,P3_0029,A
supercritical_f2.00_beta0.1_M1.0_theta0_seed2_res128_dc1.0,2.000000,0.100000,1.000000,0.000000,2,128,1.000000,0.000000,fine_sample_A,MEASURABLE,2.268187,0.163309,12.533686,6.363961,0.707107,3,4.776000,0.072000,92.146213,False,0.972200,3.300000,3.000000,persistent,2.251984,True,2.156381,2.280623,2.268187,2.274805,2.290678,2.303915,MEASURABLE,MEASURABLE,MEASURABLE,MEASURABLE,MEASURABLE,MEASURABLE,P3_0030,A
supercritical_f1.30_beta0.3_M1.0_theta0_seed1_res128_dc1.0,1.300000,0.300000,1.000000,0.000000,1,128,1.000000,0.000000,fine_sample_A,PARTIAL,2.736181,0.242152,32.415909,7.933390,0.877058,2,4.601000,0.088500,35.686215,False,0.972500,1.966667,0.000000,never_fragmented,2.758678,True,2.779976,2.745119,2.736181,2.827200,2.788140,2.832478,PARTIAL,PARTIAL,PARTIAL,PARTIAL,PARTIAL,PARTIAL,P3_0031,A
supercritical_f1.30_beta0.3_M1.0_theta0_seed2_res128_dc1.0,1.300000,0.300000,1.000000,0.000000,2,128,1.000000,0.000000,fine_sample_A,PARTIAL,2.698977,0.245337,32.415909,7.933390,0.877058,2,5.132000,0.090900,35.561323,False,0.972500,1.966667,0.000000,never_fragmented,2.806729,True,2.929971,2.747496,2.698977,2.786498,2.823578,2.882786,PARTIAL,PARTIAL,PARTIAL,PARTIAL,PARTIAL,PARTIAL,P3_0032,A
supercritical_f1.35_beta0.3_M1.0_theta0_seed1_res128_dc1.0,1.350000,0.300000,1.000000,0.000000,1,128,1.000000,0.000000,fine_sample_A,PARTIAL,2.659027,0.253671,29.135306,6.935113,0.860663,2,4.723000,0.095400,33.486862,False,0.965300,1.966667,0.000000,never_fragmented,2.707508,True,2.472545,2.773971,2.659027,2.715822,2.746698,2.754321,PARTIAL,PARTIAL,PARTIAL,PARTIAL,PARTIAL,PARTIAL,P3_0033,A
supercritical_f1.35_beta0.3_M1.0_theta0_seed2_res128_dc1.0,1.350000,0.300000,1.000000,0.000000,2,128,1.000000,0.000000,fine_sample_A,MEASURABLE,2.649166,0.202661,29.135306,6.935113,0.860663,3,4.473000,0.076500,103.704729,False,0.965300,1.966667,3.000000,persistent,2.610964,True,2.503313,2.577412,2.649166,2.596504,2.657634,2.695855,MEASURABLE,MEASURABLE,MEASURABLE,MEASURABLE,MEASURABLE,MEASURABLE,P3_0034,A
supercritical_f1.40_beta0.3_M1.0_theta0_seed1_res128_dc1.0,1.400000,0.300000,1.000000,0.000000,1,128,1.000000,0.000000,fine_sample_A,PARTIAL,2.692204,0.224530,26.482245,6.161159,0.845154,1,5.146000,0.083400,33.986524,False,0.957700,1.966667,0.000000,immediate_collapse,2.685474,True,2.693380,2.711873,2.692204,2.694302,2.726277,2.710867,PARTIAL,PARTIAL,PARTIAL,PARTIAL,COLLAPSED,COLLAPSED,P3_0035,A
supercritical_f1.40_beta0.3_M1.0_theta0_seed2_res128_dc1.0,1.400000,0.300000,1.000000,0.000000,2,128,1.000000,0.000000,fine_sample_A,PARTIAL,2.632795,0.226157,26.482245,6.161159,0.845154,1,4.863000,0.085900,41.565814,False,0.957700,1.966667,0.000000,immediate_collapse,2.593201,True,2.676799,2.533921,2.632795,2.652256,2.621884,2.632272,PARTIAL,PARTIAL,PARTIAL,PARTIAL,COLLAPSED,COLLAPSED,P3_0036,A
supercritical_f1.45_beta0.3_M1.0_theta0_seed1_res128_dc1.0,1.450000,0.300000,1.000000,0.000000,1,128,1.000000,0.000000,fine_sample_A,MEASURABLE,2.592291,0.212309,24.281814,5.542147,0.830455,3,5.088000,0.081900,108.027230,False,0.949500,1.966667,3.000000,persistent,2.650070,True,2.568420,2.650413,2.592291,2.597276,2.672829,2.678205,MEASURABLE,MEASURABLE,MEASURABLE,MEASURABLE,MEASURABLE,MEASURABLE,P3_0037,A
supercritical_f1.45_beta0.3_M1.0_theta0_seed2_res128_dc1.0,1.450000,0.300000,1.000000,0.000000,2,128,1.000000,0.000000,fine_sample_A,MEASURABLE,2.706610,0.175930,24.281814,5.542147,0.830455,3,4.486000,0.065000,101.688947,False,0.949500,1.966667,3.000000,persistent,2.665996,True,2.565750,2.684629,2.706610,2.648750,2.690419,2.697564,MEASURABLE,MEASURABLE,MEASURABLE,MEASURABLE,MEASURABLE,MEASURABLE,P3_0038,A
supercritical_f1.50_beta0.3_M1.0_theta0_seed1_res128_dc1.0,1.500000,0.300000,1.000000,0.000000,1,128,1.000000,0.000000,fine_sample_A,MEASURABLE,2.494537,0.249454,22.420939,5.034986,0.816497,3,4.962000,0.100000,109.473995,False,0.940800,1.966667,3.000000,persistent,2.474301,True,2.531164,2.465842,2.494537,2.453455,2.492887,2.556996,MEASURABLE,MEASURABLE,MEASURABLE,MEASURABLE,MEASURABLE,MEASURABLE,P3_0039,A
supercritical_f1.50_beta0.3_M1.0_theta0_seed2_res128_dc1.0,1.500000,0.300000,1.000000,0.000000,2,128,1.000000,0.000000,fine_sample_A,MEASURABLE,2.489126,0.202864,22.420939,5.034986,0.816497,4,5.441000,0.081500,96.565518,False,0.940800,1.966667,3.000000,persistent,2.518100,True,2.575139,2.555773,2.489126,2.546093,2.562101,2.568057,MEASURABLE,MEASURABLE,MEASURABLE,MEASURABLE,MEASURABLE,MEASURABLE,P3_0040,A
supercritical_f1.55_beta0.3_M1.0_theta0_seed1_res128_dc1.0,1.550000,0.300000,1.000000,0.000000,1,128,1.000000,0.000000,fine_sample_A,MEASURABLE,2.466535,0.205216,20.822705,4.611408,0.803219,3,5.002000,0.083200,96.859564,False,0.931700,1.966667,3.000000,persistent,2.487969,True,2.541350,2.523512,2.466535,2.541743,2.518347,2.535396,MEASURABLE,MEASURABLE,MEASURABLE,MEASURABLE,MEASURABLE,MEASURABLE,P3_0041,A
supercritical_f1.55_beta0.3_M1.0_theta0_seed2_res128_dc1.0,1.550000,0.300000,1.000000,0.000000,2,128,1.000000,0.000000,fine_sample_A,MEASURABLE,2.740739,0.254889,20.822705,4.611408,0.803219,3,4.951000,0.093000,97.798880,False,0.931700,1.966667,3.000000,persistent,2.762083,True,2.712456,2.784651,2.740739,2.746950,2.783059,2.822170,MEASURABLE,MEASURABLE,MEASURABLE,MEASURABLE,MEASURABLE,MEASURABLE,P3_0042,A
supercritical_f1.60_beta0.3_M1.0_theta0_seed1_res128_dc1.0,1.600000,0.300000,1.000000,0.000000,1,128,1.000000,0.000000,fine_sample_A,PARTIAL,2.400801,0.184862,19.432655,4.252046,0.790569,2,5.201000,0.077000,30.185807,False,0.922200,1.966667,0.000000,never_fragmented,2.358366,True,2.353418,2.398276,2.400801,2.371204,2.395548,2.439844,PARTIAL,PARTIAL,PARTIAL,PARTIAL,PARTIAL,PARTIAL,P3_0043,A
supercritical_f1.60_beta0.3_M1.0_theta0_seed2_res128_dc1.0,1.600000,0.300000,1.000000,0.000000,2,128,1.000000,0.000000,fine_sample_A,MEASURABLE,2.560219,0.209682,19.432655,4.252046,0.790569,3,4.665000,0.081900,77.209074,False,0.922200,1.966667,3.000000,persistent,2.560480,True,2.552801,2.554744,2.560219,2.580310,2.584039,2.618760,MEASURABLE,MEASURABLE,MEASURABLE,MEASURABLE,MEASURABLE,MEASURABLE,P3_0044,A
supercritical_f1.65_beta0.3_M1.0_theta0_seed1_res128_dc1.0,1.650000,0.300000,1.000000,0.000000,1,128,1.000000,0.000000,fine_sample_A,MEASURABLE,2.437150,0.202527,18.210960,3.943160,0.778499,4,4.870000,0.083100,112.132215,False,0.912300,1.966667,3.000000,persistent,2.477236,True,2.473414,2.506424,2.437150,2.470548,2.499285,2.515098,MEASURABLE,MEASURABLE,MEASURABLE,MEASURABLE,MEASURABLE,MEASURABLE,P3_0045,A
supercritical_f1.65_beta0.3_M1.0_theta0_seed2_res128_dc1.0,1.650000,0.300000,1.000000,0.000000,2,128,1.000000,0.000000,fine_sample_A,PARTIAL,2.422421,0.212204,18.210960,3.943160,0.778499,2,5.477000,0.087600,40.942412,False,0.912300,1.966667,0.000000,never_fragmented,2.470819,True,2.325571,2.485810,2.422421,2.473913,2.497742,2.547738,PARTIAL,PARTIAL,PARTIAL,PARTIAL,PARTIAL,PARTIAL,P3_0046,A
supercritical_f1.70_beta0.3_M1.0_theta0_seed1_res128_dc1.0,1.700000,0.300000,1.000000,0.000000,1,128,1.000000,0.000000,fine_sample_A,MEASURABLE,2.592918,0.222213,17.127701,3.674713,0.766965,4,4.980000,0.085700,102.645073,False,0.902000,1.966667,3.000000,persistent,2.480203,True,2.583805,2.483543,2.592918,2.461744,2.493587,2.522439,MEASURABLE,MEASURABLE,MEASURABLE,MEASURABLE,MEASURABLE,MEASURABLE,P3_0047,A
supercritical_f1.70_beta0.3_M1.0_theta0_seed2_res128_dc1.0,1.700000,0.300000,1.000000,0.000000,2,128,1.000000,0.000000,fine_sample_A,PARTIAL,2.413693,0.167993,17.127701,3.674713,0.766965,2,5.184000,0.069600,42.724708,False,0.902000,1.966667,0.000000,never_fragmented,2.430418,True,2.527189,2.502429,2.413693,2.455885,2.468079,2.507193,PARTIAL,PARTIAL,PARTIAL,PARTIAL,PARTIAL,PARTIAL,P3_0048,A
supercritical_f1.75_beta0.3_M1.0_theta0_seed1_res128_dc1.0,1.750000,0.300000,1.000000,0.000000,1,128,1.000000,0.000000,fine_sample_A,MEASURABLE,2.498227,0.206853,16.159891,3.439192,0.755929,3,4.926000,0.082800,106.869488,False,0.891300,1.966667,3.000000,persistent,2.467726,True,2.544041,2.506884,2.498227,2.414248,2.479292,2.526165,MEASURABLE,MEASURABLE,MEASURABLE,MEASURABLE,MEASURABLE,MEASURABLE,P3_0049,A
supercritical_f1.75_beta0.3_M1.0_theta0_seed2_res128_dc1.0,1.750000,0.300000,1.000000,0.000000,2,128,1.000000,0.000000,fine_sample_A,MEASURABLE,2.717180,0.246177,16.159891,3.439192,0.755929,3,5.287000,0.090600,92.951069,False,0.891300,1.966667,3.000000,persistent,2.618819,True,2.575740,2.648923,2.717180,2.575263,2.658807,2.654234,MEASURABLE,MEASURABLE,MEASURABLE,MEASURABLE,MEASURABLE,MEASURABLE,P3_0050,A
supercritical_f1.80_beta0.3_M1.0_theta0_seed1_res128_dc1.0,1.800000,0.300000,1.000000,0.000000,1,128,1.000000,0.000000,fine_sample_A,MEASURABLE,2.584160,0.204924,15.289531,3.230857,0.745356,3,4.575000,0.079300,111.782167,False,0.880300,1.966667,3.000000,persistent,2.501321,True,2.482880,2.480923,2.584160,2.485273,2.534779,2.535280,MEASURABLE,MEASURABLE,MEASURABLE,MEASURABLE,MEASURABLE,MEASURABLE,P3_0051,A
supercritical_f1.80_beta0.3_M1.0_theta0_seed2_res128_dc1.0,1.800000,0.300000,1.000000,0.000000,2,128,1.000000,0.000000,fine_sample_A,MEASURABLE,2.772400,0.234545,15.289531,3.230857,0.745356,4,5.079000,0.084600,115.898802,False,0.880300,1.966667,3.000000,persistent,2.799303,True,2.710690,2.691836,2.772400,2.690940,2.837231,2.865941,MEASURABLE,MEASURABLE,MEASURABLE,MEASURABLE,MEASURABLE,MEASURABLE,P3_0052,A
supercritical_f1.85_beta0.3_M1.0_theta0_seed1_res128_dc1.0,1.850000,0.300000,1.000000,0.000000,1,128,1.000000,0.000000,fine_sample_A,MEASURABLE,2.422477,0.210513,14.502293,3.045239,0.735215,3,5.163000,0.086900,97.216206,False,0.868900,1.966667,3.000000,persistent,2.412600,True,2.501436,2.369399,2.422477,2.444701,2.433457,2.458873,MEASURABLE,MEASURABLE,MEASURABLE,MEASURABLE,MEASURABLE,MEASURABLE,P3_0053,A
supercritical_f1.85_beta0.3_M1.0_theta0_seed2_res128_dc1.0,1.850000,0.300000,1.000000,0.000000,2,128,1.000000,0.000000,fine_sample_A,MEASURABLE,2.458583,0.179968,14.502293,3.045239,0.735215,4,5.305000,0.073200,113.627563,False,0.868900,1.966667,3.000000,persistent,2.476874,True,2.429130,2.513113,2.458583,2.425859,2.517139,2.551002,MEASURABLE,MEASURABLE,MEASURABLE,MEASURABLE,MEASURABLE,MEASURABLE,P3_0054,A
supercritical_f1.90_beta0.3_M1.0_theta0_seed1_res128_dc1.0,1.900000,0.300000,1.000000,0.000000,1,128,1.000000,0.000000,fine_sample_A,MEASURABLE,2.424905,0.200540,13.786606,2.878808,0.725476,4,5.182000,0.082700,116.739325,False,0.857100,1.966667,3.000000,persistent,2.414323,True,2.449923,2.420374,2.424905,2.434249,2.425737,2.488265,MEASURABLE,MEASURABLE,MEASURABLE,MEASURABLE,MEASURABLE,MEASURABLE,P3_0055,A
supercritical_f1.90_beta0.3_M1.0_theta0_seed2_res128_dc1.0,1.900000,0.300000,1.000000,0.000000,2,128,1.000000,0.000000,fine_sample_A,MEASURABLE,2.596823,0.245919,13.786606,2.878808,0.725476,4,4.702000,0.094700,93.204211,False,0.857100,1.966667,3.000000,persistent,2.520296,True,2.433876,2.558777,2.596823,2.461625,2.539282,2.603027,MEASURABLE,MEASURABLE,MEASURABLE,MEASURABLE,MEASURABLE,MEASURABLE,P3_0056,A
supercritical_f1.95_beta0.3_M1.0_theta0_seed1_res128_dc1.0,1.950000,0.300000,1.000000,0.000000,1,128,1.000000,0.000000,fine_sample_A,PARTIAL,2.367503,0.187743,13.133011,2.728735,0.716115,3,5.308000,0.079300,41.590167,False,0.845000,1.966667,3.000000,persistent,2.432106,True,2.432579,2.379080,2.367503,2.469837,2.445016,2.509782,PARTIAL,PARTIAL,PARTIAL,PARTIAL,MEASURABLE,MEASURABLE,P3_0057,A
supercritical_f1.95_beta0.3_M1.0_theta0_seed2_res128_dc1.0,1.950000,0.300000,1.000000,0.000000,2,128,1.000000,0.000000,fine_sample_A,PARTIAL,2.368908,0.181458,13.133011,2.728735,0.716115,4,4.944000,0.076600,30.508736,False,0.845000,1.966667,3.000000,persistent,2.389519,True,2.414570,2.425921,2.368908,2.432749,2.403665,2.431274,PARTIAL,PARTIAL,PARTIAL,PARTIAL,MEASURABLE,MEASURABLE,P3_0058,A
supercritical_f2.00_beta0.3_M1.0_theta0_seed1_res128_dc1.0,2.000000,0.300000,1.000000,0.000000,1,128,1.000000,0.000000,fine_sample_A,PARTIAL,2.314114,0.190220,12.533686,2.592725,0.707107,5,5.266000,0.082200,38.429305,False,0.832600,1.966667,3.000000,persistent,2.340404,True,2.328403,2.359545,2.314114,2.357583,2.379514,2.403519,PARTIAL,PARTIAL,PARTIAL,PARTIAL,MEASURABLE,MEASURABLE,P3_0059,A
supercritical_f2.00_beta0.3_M1.0_theta0_seed2_res128_dc1.0,2.000000,0.300000,1.000000,0.000000,2,128,1.000000,0.000000,fine_sample_A,PARTIAL,2.381451,0.250291,12.533686,2.592725,0.707107,4,5.352000,0.105100,41.453538,False,0.832600,1.966667,3.000000,persistent,2.346669,True,2.399332,2.319667,2.381451,2.426163,2.369947,2.402483,PARTIAL,PARTIAL,PARTIAL,PARTIAL,MEASURABLE,MEASURABLE,P3_0060,A
supercritical_f1.30_beta0.5_M1.0_theta0_seed1_res128_dc1.0,1.300000,0.500000,1.000000,0.000000,1,128,1.000000,0.000000,fine_sample_A,PARTIAL,3.227844,0.296316,32.415909,5.625495,0.877058,2,5.149000,0.091800,35.686215,False,0.945300,1.700000,0.000000,never_fragmented,3.081539,True,3.016064,3.044297,3.227844,3.079397,3.123869,3.140937,PARTIAL,PARTIAL,PARTIAL,PARTIAL,PARTIAL,PARTIAL,P3_0061,A
supercritical_f1.30_beta0.5_M1.0_theta0_seed2_res128_dc1.0,1.300000,0.500000,1.000000,0.000000,2,128,1.000000,0.000000,fine_sample_A,MEASURABLE,3.159003,0.280204,32.415909,5.625495,0.877058,3,5.221000,0.088700,105.617828,False,0.945300,1.700000,3.000000,persistent,3.089534,True,3.053609,3.090563,3.159003,3.139505,3.145032,3.178662,MEASURABLE,MEASURABLE,MEASURABLE,MEASURABLE,MEASURABLE,MEASURABLE,P3_0062,A
supercritical_f1.35_beta0.5_M1.0_theta0_seed1_res128_dc1.0,1.350000,0.500000,1.000000,0.000000,1,128,1.000000,0.000000,fine_sample_A,PARTIAL,3.090857,0.272614,29.135306,4.917625,0.860663,2,5.190000,0.088200,33.486862,False,0.931100,1.700000,0.000000,never_fragmented,3.158731,True,3.164289,3.254347,3.090857,3.222013,3.202394,3.188887,PARTIAL,PARTIAL,PARTIAL,PARTIAL,PARTIAL,PARTIAL,P3_0063,A
supercritical_f1.35_beta0.5_M1.0_theta0_seed2_res128_dc1.0,1.350000,0.500000,1.000000,0.000000,2,128,1.000000,0.000000,fine_sample_A,PARTIAL,3.199382,0.327297,29.135306,4.917625,0.860663,2,4.773000,0.102300,43.045111,False,0.931100,1.700000,0.000000,never_fragmented,3.148553,True,3.033825,3.243678,3.199382,3.169292,3.178514,3.242181,PARTIAL,PARTIAL,PARTIAL,PARTIAL,PARTIAL,PARTIAL,P3_0064,A
supercritical_f1.40_beta0.5_M1.0_theta0_seed1_res128_dc1.0,1.400000,0.500000,1.000000,0.000000,1,128,1.000000,0.000000,fine_sample_A,PARTIAL,3.174879,0.237481,26.482245,4.368822,0.845154,2,4.654000,0.074800,33.986524,False,0.915800,1.700000,0.000000,never_fragmented,3.222408,True,3.060281,3.194270,3.174879,3.285090,3.273981,3.317652,PARTIAL,PARTIAL,PARTIAL,PARTIAL,PARTIAL,PARTIAL,P3_0065,A
supercritical_f1.40_beta0.5_M1.0_theta0_seed2_res128_dc1.0,1.400000,0.500000,1.000000,0.000000,2,128,1.000000,0.000000,fine_sample_A,MEASURABLE,2.718296,0.190553,26.482245,4.368822,0.845154,3,5.341000,0.070100,93.985971,False,0.915800,1.700000,3.000000,persistent,2.734774,True,2.667815,2.641964,2.718296,2.720571,2.780307,2.809564,MEASURABLE,MEASURABLE,MEASURABLE,MEASURABLE,MEASURABLE,MEASURABLE,P3_0066,A
supercritical_f1.45_beta0.5_M1.0_theta0_seed1_res128_dc1.0,1.450000,0.500000,1.000000,0.000000,1,128,1.000000,0.000000,fine_sample_A,MEASURABLE,3.128786,0.246548,24.281814,3.929886,0.830455,3,4.883000,0.078800,108.027230,False,0.899500,1.700000,3.000000,persistent,3.138591,True,3.127645,3.126635,3.128786,3.288056,3.166359,3.220047,MEASURABLE,MEASURABLE,MEASURABLE,MEASURABLE,MEASURABLE,MEASURABLE,P3_0067,A
supercritical_f1.45_beta0.5_M1.0_theta0_seed2_res128_dc1.0,1.450000,0.500000,1.000000,0.000000,2,128,1.000000,0.000000,fine_sample_A,PARTIAL,2.950353,0.253140,24.281814,3.929886,0.830455,1,5.120000,0.085800,32.255300,False,0.899500,1.700000,0.000000,immediate_collapse,2.898430,True,2.906305,2.871625,2.950353,2.953433,2.943495,2.950148,PARTIAL,PARTIAL,PARTIAL,PARTIAL,COLLAPSED,COLLAPSED,P3_0068,A
supercritical_f1.50_beta0.5_M1.0_theta0_seed1_res128_dc1.0,1.500000,0.500000,1.000000,0.000000,1,128,1.000000,0.000000,fine_sample_A,PARTIAL,2.698670,0.207258,22.420939,3.570263,0.816497,1,4.966000,0.076800,40.230080,False,0.882300,1.700000,0.000000,immediate_collapse,2.725935,True,2.731396,2.649271,2.698670,2.675961,2.739049,2.781413,PARTIAL,PARTIAL,PARTIAL,PARTIAL,COLLAPSED,COLLAPSED,P3_0069,A
supercritical_f1.50_beta0.5_M1.0_theta0_seed2_res128_dc1.0,1.500000,0.500000,1.000000,0.000000,2,128,1.000000,0.000000,fine_sample_A,MEASURABLE,2.930636,0.224194,22.420939,3.570263,0.816497,3,4.605000,0.076500,96.565518,False,0.882300,1.700000,3.000000,persistent,3.070276,True,3.095167,2.945367,2.930636,3.082847,3.111871,3.161444,MEASURABLE,MEASURABLE,MEASURABLE,MEASURABLE,MEASURABLE,MEASURABLE,P3_0070,A
supercritical_f1.55_beta0.5_M1.0_theta0_seed1_res128_dc1.0,1.550000,0.500000,1.000000,0.000000,1,128,1.000000,0.000000,fine_sample_A,PARTIAL,2.746480,0.237021,20.822705,3.269908,0.803219,2,5.041000,0.086300,38.537100,False,0.864200,1.700000,0.000000,never_fragmented,2.713493,True,2.713038,2.780771,2.746480,2.700280,2.726567,2.770834,PARTIAL,PARTIAL,PARTIAL,PARTIAL,PARTIAL,PARTIAL,P3_0071,A
supercritical_f1.55_beta0.5_M1.0_theta0_seed2_res128_dc1.0,1.550000,0.500000,1.000000,0.000000,2,128,1.000000,0.000000,fine_sample_A,PARTIAL,2.997846,0.247322,20.822705,3.269908,0.803219,2,4.989000,0.082500,35.000490,False,0.864200,1.700000,0.000000,never_fragmented,3.016067,True,2.953744,2.974666,2.997846,2.937393,3.053237,3.119486,PARTIAL,PARTIAL,PARTIAL,PARTIAL,PARTIAL,PARTIAL,P3_0072,A
supercritical_f1.60_beta0.5_M1.0_theta0_seed1_res128_dc1.0,1.600000,0.500000,1.000000,0.000000,1,128,1.000000,0.000000,fine_sample_A,PARTIAL,2.834085,0.211990,19.432655,3.015087,0.790569,3,4.765000,0.074800,30.185807,False,0.845300,1.700000,3.000000,persistent,2.844521,True,2.861686,2.816490,2.834085,2.885376,2.894221,2.878743,PARTIAL,PARTIAL,PARTIAL,PARTIAL,MEASURABLE,MEASURABLE,P3_0073,A
supercritical_f1.60_beta0.5_M1.0_theta0_seed2_res128_dc1.0,1.600000,0.500000,1.000000,0.000000,2,128,1.000000,0.000000,fine_sample_A,MEASURABLE,3.001346,0.239207,19.432655,3.015087,0.790569,4,5.346000,0.079700,77.209074,False,0.845300,1.700000,3.000000,persistent,2.978901,True,2.977138,3.006782,3.001346,2.973603,3.015940,3.040753,MEASURABLE,MEASURABLE,MEASURABLE,MEASURABLE,MEASURABLE,MEASURABLE,P3_0074,A
supercritical_f1.65_beta0.5_M1.0_theta0_seed1_res128_dc1.0,1.650000,0.500000,1.000000,0.000000,1,128,1.000000,0.000000,fine_sample_A,PARTIAL,2.936628,0.250494,18.210960,2.796059,0.778499,4,4.847000,0.085300,34.934297,False,0.825600,1.700000,3.000000,persistent,2.931698,True,2.986594,2.956123,2.936628,2.881024,2.948777,2.979227,PARTIAL,PARTIAL,PARTIAL,PARTIAL,MEASURABLE,MEASURABLE,P3_0075,A
supercritical_f1.65_beta0.5_M1.0_theta0_seed2_res128_dc1.0,1.650000,0.500000,1.000000,0.000000,2,128,1.000000,0.000000,fine_sample_A,PARTIAL,2.820254,0.199956,18.210960,2.796059,0.778499,2,5.261000,0.070900,40.942412,False,0.825600,1.700000,0.000000,never_fragmented,2.797966,True,2.782287,2.758873,2.820254,2.748097,2.844055,2.867273,PARTIAL,PARTIAL,PARTIAL,PARTIAL,PARTIAL,PARTIAL,P3_0076,A
supercritical_f1.70_beta0.5_M1.0_theta0_seed1_res128_dc1.0,1.700000,0.500000,1.000000,0.000000,1,128,1.000000,0.000000,fine_sample_A,PARTIAL,2.849409,0.228523,17.127701,2.605706,0.766965,2,5.131000,0.080200,43.311906,False,0.805100,1.700000,0.000000,immediate_collapse,2.770395,True,2.787718,2.763281,2.849409,2.801109,2.813010,2.830385,PARTIAL,PARTIAL,PARTIAL,PARTIAL,PARTIAL,COLLAPSED,P3_0077,A
supercritical_f1.70_beta0.5_M1.0_theta0_seed2_res128_dc1.0,1.700000,0.500000,1.000000,0.000000,2,128,1.000000,0.000000,fine_sample_A,MEASURABLE,2.701911,0.234526,17.127701,2.605706,0.766965,3,5.240000,0.086800,101.732082,False,0.805100,1.700000,2.500000,radial_collapse,2.738888,True,2.723587,2.761975,2.701911,2.846279,2.759647,2.776221,MEASURABLE,MEASURABLE,MEASURABLE,MEASURABLE,MEASURABLE,COLLAPSED,P3_0078,A
supercritical_f1.75_beta0.5_M1.0_theta0_seed1_res128_dc1.0,1.750000,0.500000,1.000000,0.000000,1,128,1.000000,0.000000,fine_sample_A,PARTIAL,2.814316,0.255258,16.159891,2.438700,0.755929,2,5.170000,0.090700,40.633742,False,0.783800,1.700000,0.000000,immediate_collapse,2.862101,True,2.994525,2.866937,2.814316,2.918335,2.889083,2.956340,PARTIAL,PARTIAL,PARTIAL,PARTIAL,PARTIAL,COLLAPSED,P3_0079,A
supercritical_f1.75_beta0.5_M1.0_theta0_seed2_res128_dc1.0,1.750000,0.500000,1.000000,0.000000,2,128,1.000000,0.000000,fine_sample_A,PARTIAL,2.706712,0.226010,16.159891,2.438700,0.755929,3,4.073000,0.083500,33.321772,False,0.783800,1.700000,2.500000,radial_collapse,2.704600,True,2.801662,2.718502,2.706712,2.779513,2.733942,2.801419,PARTIAL,PARTIAL,PARTIAL,PARTIAL,MEASURABLE,COLLAPSED,P3_0080,A
supercritical_f1.80_beta0.5_M1.0_theta0_seed1_res128_dc1.0,1.800000,0.500000,1.000000,0.000000,1,128,1.000000,0.000000,fine_sample_A,PARTIAL,2.758126,0.312496,15.289531,2.290971,0.745356,2,4.374000,0.113300,36.579126,False,0.761800,1.700000,0.000000,immediate_collapse,2.760685,True,2.710639,2.891757,2.758126,2.782906,2.787292,2.835722,PARTIAL,PARTIAL,PARTIAL,PARTIAL,PARTIAL,COLLAPSED,P3_0081,A
supercritical_f1.80_beta0.5_M1.0_theta0_seed2_res128_dc1.0,1.800000,0.500000,1.000000,0.000000,2,128,1.000000,0.000000,fine_sample_A,MEASURABLE,2.800273,0.241944,15.289531,2.290971,0.745356,3,5.102000,0.086400,115.898802,False,0.761800,1.700000,2.500000,radial_collapse,2.741158,True,2.742527,2.802793,2.800273,2.705649,2.780697,2.836496,MEASURABLE,MEASURABLE,MEASURABLE,MEASURABLE,MEASURABLE,COLLAPSED,P3_0082,A
supercritical_f1.85_beta0.5_M1.0_theta0_seed1_res128_dc1.0,1.850000,0.500000,1.000000,0.000000,1,128,1.000000,0.000000,fine_sample_A,PARTIAL,2.775211,0.256707,14.502293,2.159351,0.735215,4,4.211000,0.092500,31.657269,False,0.739200,1.700000,0.000000,immediate_collapse,2.703008,True,2.825740,2.644926,2.775211,2.696369,2.715911,2.769821,PARTIAL,PARTIAL,PARTIAL,PARTIAL,COLLAPSED,COLLAPSED,P3_0083,A
supercritical_f1.85_beta0.5_M1.0_theta0_seed2_res128_dc1.0,1.850000,0.500000,1.000000,0.000000,2,128,1.000000,0.000000,fine_sample_A,PARTIAL,2.835973,0.317913,14.502293,2.159351,0.735215,4,4.739000,0.112100,39.663597,False,0.739200,1.700000,0.000000,immediate_collapse,2.811282,True,2.938686,2.856666,2.835973,2.797223,2.853081,2.858457,PARTIAL,PARTIAL,PARTIAL,PARTIAL,COLLAPSED,COLLAPSED,P3_0084,A
supercritical_f1.90_beta0.5_M1.0_theta0_seed1_res128_dc1.0,1.900000,0.500000,1.000000,0.000000,1,128,1.000000,0.000000,fine_sample_A,PARTIAL,2.846404,0.352669,13.786606,2.041337,0.725476,4,5.231000,0.123900,36.324789,False,0.715800,1.700000,0.000000,immediate_collapse,2.774447,True,2.738107,2.733525,2.846404,2.764764,2.815449,2.800738,PARTIAL,PARTIAL,PARTIAL,PARTIAL,COLLAPSED,COLLAPSED,P3_0085,A
supercritical_f1.90_beta0.5_M1.0_theta0_seed2_res128_dc1.0,1.900000,0.500000,1.000000,0.000000,2,128,1.000000,0.000000,fine_sample_A,PARTIAL,2.716989,0.278763,13.786606,2.041337,0.725476,3,3.724000,0.102600,44.195878,False,0.715800,1.700000,0.000000,immediate_collapse,2.735934,True,2.596661,2.719448,2.716989,2.732731,2.773345,2.806399,PARTIAL,PARTIAL,PARTIAL,PARTIAL,COLLAPSED,COLLAPSED,P3_0086,A
supercritical_f1.95_beta0.5_M1.0_theta0_seed1_res128_dc1.0,1.950000,0.500000,1.000000,0.000000,1,128,1.000000,0.000000,fine_sample_A,COLLAPSED,,,13.133011,1.934921,0.716115,3,4.977000,0.110900,105.499410,False,0.691800,1.700000,0.000000,immediate_collapse,2.555188,False,2.540588,2.547205,2.717432,2.584630,2.588345,2.604065,COLLAPSED,COLLAPSED,COLLAPSED,COLLAPSED,COLLAPSED,COLLAPSED,P3_0087,A
supercritical_f1.95_beta0.5_M1.0_theta0_seed2_res128_dc1.0,1.950000,0.500000,1.000000,0.000000,2,128,1.000000,0.000000,fine_sample_A,COLLAPSED,,,13.133011,1.934921,0.716115,2,4.574000,0.113000,102.297022,False,0.691800,1.700000,0.000000,immediate_collapse,2.773693,False,2.735216,2.823382,2.843876,2.760244,2.798440,2.809913,COLLAPSED,COLLAPSED,COLLAPSED,COLLAPSED,COLLAPSED,COLLAPSED,P3_0088,A
supercritical_f2.00_beta0.5_M1.0_theta0_seed1_res128_dc1.0,2.000000,0.500000,1.000000,0.000000,1,128,1.000000,0.000000,fine_sample_A,COLLAPSED,,,12.533686,1.838478,0.707107,2,4.416000,0.121300,107.830324,False,0.667200,1.700000,0.000000,immediate_collapse,2.679847,False,2.566794,2.653043,2.614341,2.678238,2.707117,2.766555,COLLAPSED,COLLAPSED,COLLAPSED,COLLAPSED,COLLAPSED,COLLAPSED,P3_0089,A
supercritical_f2.00_beta0.5_M1.0_theta0_seed2_res128_dc1.0,2.000000,0.500000,1.000000,0.000000,2,128,1.000000,0.000000,fine_sample_A,COLLAPSED,,,12.533686,1.838478,0.707107,4,3.522000,0.128000,88.219320,False,0.667200,1.700000,0.000000,immediate_collapse,2.787932,False,2.617799,2.661134,2.803152,2.838229,2.829324,2.845123,COLLAPSED,COLLAPSED,COLLAPSED,COLLAPSED,COLLAPSED,COLLAPSED,P3_0090,A
supercritical_f1.30_beta0.7_M1.0_theta0_seed1_res128_dc1.0,1.300000,0.700000,1.000000,0.000000,1,128,1.000000,0.000000,fine_sample_A,PARTIAL,3.241835,0.275880,32.415909,4.636397,0.877058,2,5.262000,0.085100,35.686215,False,0.919500,1.585714,0.000000,never_fragmented,3.447507,True,3.623673,3.495900,3.241835,3.374351,3.506081,3.539860,PARTIAL,PARTIAL,PARTIAL,PARTIAL,PARTIAL,PARTIAL,P3_0091,A
supercritical_f1.30_beta0.7_M1.0_theta0_seed2_res128_dc1.0,1.300000,0.700000,1.000000,0.000000,2,128,1.000000,0.000000,fine_sample_A,PARTIAL,3.186571,0.269903,32.415909,4.636397,0.877058,1,4.954000,0.084700,35.561323,False,0.919500,1.585714,0.000000,immediate_collapse,3.206978,True,3.338321,3.224543,3.186571,3.194080,3.222525,3.282646,PARTIAL,PARTIAL,PARTIAL,PARTIAL,COLLAPSED,COLLAPSED,P3_0092,A
supercritical_f1.35_beta0.7_M1.0_theta0_seed1_res128_dc1.0,1.350000,0.700000,1.000000,0.000000,1,128,1.000000,0.000000,fine_sample_A,PARTIAL,3.218585,0.265855,29.135306,4.052988,0.860663,2,5.074000,0.082600,33.486862,False,0.898500,1.585714,0.000000,never_fragmented,3.251479,True,3.357581,3.233054,3.218585,3.206033,3.283528,3.367930,PARTIAL,PARTIAL,PARTIAL,PARTIAL,PARTIAL,PARTIAL,P3_0093,A
supercritical_f1.35_beta0.7_M1.0_theta0_seed2_res128_dc1.0,1.350000,0.700000,1.000000,0.000000,2,128,1.000000,0.000000,fine_sample_A,MEASURABLE,2.906677,0.202014,29.135306,4.052988,0.860663,3,4.789000,0.069500,103.704729,False,0.898500,1.585714,3.000000,persistent,2.926376,True,2.951345,3.068758,2.906677,2.865816,2.978276,3.003101,MEASURABLE,MEASURABLE,MEASURABLE,MEASURABLE,MEASURABLE,MEASURABLE,P3_0094,A
supercritical_f1.40_beta0.7_M1.0_theta0_seed1_res128_dc1.0,1.400000,0.700000,1.000000,0.000000,1,128,1.000000,0.000000,fine_sample_A,PARTIAL,3.191462,0.301912,26.482245,3.600677,0.845154,2,5.784000,0.094600,33.986524,False,0.876000,1.585714,0.000000,never_fragmented,3.204259,True,3.231950,3.153915,3.191462,3.204775,3.250502,3.312771,PARTIAL,PARTIAL,PARTIAL,PARTIAL,PARTIAL,PARTIAL,P3_0095,A
supercritical_f1.40_beta0.7_M1.0_theta0_seed2_res128_dc1.0,1.400000,0.700000,1.000000,0.000000,2,128,1.000000,0.000000,fine_sample_A,PARTIAL,3.194532,0.220742,26.482245,3.600677,0.845154,2,5.546000,0.069100,41.565814,False,0.876000,1.585714,0.000000,never_fragmented,3.114302,True,3.200871,3.225976,3.194532,3.133493,3.166534,3.163041,PARTIAL,PARTIAL,PARTIAL,PARTIAL,PARTIAL,PARTIAL,P3_0096,A
supercritical_f1.45_beta0.7_M1.0_theta0_seed1_res128_dc1.0,1.450000,0.700000,1.000000,0.000000,1,128,1.000000,0.000000,fine_sample_A,PARTIAL,3.126454,0.247615,24.281814,3.238917,0.830455,3,5.242000,0.079200,44.689794,False,0.852100,1.585714,3.000000,persistent,3.128928,True,3.251854,3.112632,3.126454,3.156219,3.171496,3.207284,PARTIAL,PARTIAL,PARTIAL,PARTIAL,MEASURABLE,MEASURABLE,P3_0097,A
supercritical_f1.45_beta0.7_M1.0_theta0_seed2_res128_dc1.0,1.450000,0.700000,1.000000,0.000000,2,128,1.000000,0.000000,fine_sample_A,PARTIAL,2.904500,0.199539,24.281814,3.238917,0.830455,2,4.840000,0.068700,32.255300,False,0.852100,1.585714,0.000000,never_fragmented,2.886224,True,2.864689,2.837743,2.904500,2.932176,2.931413,2.934839,PARTIAL,PARTIAL,PARTIAL,PARTIAL,PARTIAL,PARTIAL,P3_0098,A
supercritical_f1.50_beta0.7_M1.0_theta0_seed1_res128_dc1.0,1.500000,0.700000,1.000000,0.000000,1,128,1.000000,0.000000,fine_sample_A,MEASURABLE,3.199526,0.279959,22.420939,2.942524,0.816497,3,4.860000,0.087500,109.473995,False,0.826800,1.585714,3.000000,persistent,3.141237,True,3.200217,3.159192,3.199526,3.098375,3.177881,3.201292,MEASURABLE,MEASURABLE,MEASURABLE,MEASURABLE,MEASURABLE,MEASURABLE,P3_0099,A
supercritical_f1.50_beta0.7_M1.0_theta0_seed2_res128_dc1.0,1.500000,0.700000,1.000000,0.000000,2,128,1.000000,0.000000,fine_sample_A,PARTIAL,3.214858,0.263618,22.420939,2.942524,0.816497,1,5.182000,0.082000,35.947388,False,0.826800,1.585714,0.000000,immediate_collapse,3.228010,True,3.210789,3.349131,3.214858,3.225102,3.242793,3.267326,PARTIAL,PARTIAL,PARTIAL,PARTIAL,COLLAPSED,COLLAPSED,P3_0100,A
supercritical_f1.55_beta0.7_M1.0_theta0_seed1_res128_dc1.0,1.550000,0.700000,1.000000,0.000000,1,128,1.000000,0.000000,fine_sample_A,PARTIAL,2.830356,0.273978,20.822705,2.694979,0.803219,3,4.779000,0.096800,38.537100,False,0.800100,1.585714,2.500000,radial_collapse,2.982413,True,2.988996,3.079773,2.830356,2.979965,3.017304,3.063443,PARTIAL,PARTIAL,PARTIAL,PARTIAL,MEASURABLE,COLLAPSED,P3_0101,A
supercritical_f1.55_beta0.7_M1.0_theta0_seed2_res128_dc1.0,1.550000,0.700000,1.000000,0.000000,2,128,1.000000,0.000000,fine_sample_A,PARTIAL,3.116045,0.230587,20.822705,2.694979,0.803219,2,4.927000,0.074000,35.000490,False,0.800100,1.585714,0.000000,immediate_collapse,3.025005,True,3.139050,3.005372,3.116045,3.036492,3.050692,3.084576,PARTIAL,PARTIAL,PARTIAL,PARTIAL,PARTIAL,COLLAPSED,P3_0102,A
supercritical_f1.60_beta0.7_M1.0_theta0_seed1_res128_dc1.0,1.600000,0.700000,1.000000,0.000000,1,128,1.000000,0.000000,fine_sample_A,PARTIAL,3.053601,0.235127,19.432655,2.484962,0.790569,2,4.862000,0.077000,30.185807,False,0.772300,1.585714,0.000000,immediate_collapse,3.016539,True,2.963612,2.931686,3.053601,3.025106,3.064835,3.052812,PARTIAL,PARTIAL,PARTIAL,PARTIAL,PARTIAL,COLLAPSED,P3_0103,A
supercritical_f1.60_beta0.7_M1.0_theta0_seed2_res128_dc1.0,1.600000,0.700000,1.000000,0.000000,2,128,1.000000,0.000000,fine_sample_A,PARTIAL,3.206834,0.278033,19.432655,2.484962,0.790569,1,4.788000,0.086700,38.130521,False,0.772300,1.585714,0.000000,immediate_collapse,3.094931,True,3.280921,3.084979,3.206834,3.106232,3.137380,3.156934,PARTIAL,PARTIAL,PARTIAL,PARTIAL,COLLAPSED,COLLAPSED,P3_0104,A
supercritical_f1.65_beta0.7_M1.0_theta0_seed1_res128_dc1.0,1.650000,0.700000,1.000000,0.000000,1,128,1.000000,0.000000,fine_sample_A,PARTIAL,3.209020,0.336305,18.210960,2.304444,0.778499,2,4.459000,0.104800,34.934297,False,0.743200,1.585714,0.000000,immediate_collapse,3.246134,True,3.311084,3.280357,3.209020,3.255561,3.292458,3.294992,PARTIAL,PARTIAL,PARTIAL,PARTIAL,COLLAPSED,COLLAPSED,P3_0105,A
supercritical_f1.65_beta0.7_M1.0_theta0_seed2_res128_dc1.0,1.650000,0.700000,1.000000,0.000000,2,128,1.000000,0.000000,fine_sample_A,PARTIAL,3.264804,0.329092,18.210960,2.304444,0.778499,1,4.812000,0.100800,40.942412,False,0.743200,1.585714,0.000000,immediate_collapse,3.122905,True,3.199427,3.036435,3.264804,3.112535,3.178259,3.206116,PARTIAL,PARTIAL,PARTIAL,PARTIAL,COLLAPSED,COLLAPSED,P3_0106,A
supercritical_f1.30_beta1.0_M1.0_theta0_seed1_res128_dc1.0,1.300000,1.000000,1.000000,0.000000,1,128,1.000000,0.000000,fine_sample_A,PARTIAL,3.423769,0.301976,32.415909,3.894573,0.877058,2,5.190000,0.088200,35.686215,False,0.885900,1.500000,0.000000,never_fragmented,3.498954,True,3.505111,3.604869,3.423769,3.569053,3.547321,3.532359,PARTIAL,PARTIAL,PARTIAL,PARTIAL,PARTIAL,PARTIAL,P3_0107,A
supercritical_f1.30_beta1.0_M1.0_theta0_seed2_res128_dc1.0,1.300000,1.000000,1.000000,0.000000,2,128,1.000000,0.000000,fine_sample_A,PARTIAL,3.543984,0.362550,32.415909,3.894573,0.877058,2,4.773000,0.102300,35.561323,False,0.885900,1.500000,0.000000,never_fragmented,3.487680,True,3.360595,3.593051,3.543984,3.510654,3.520868,3.591392,PARTIAL,PARTIAL,PARTIAL,PARTIAL,PARTIAL,PARTIAL,P3_0108,A
supercritical_f1.35_beta1.0_M1.0_theta0_seed1_res128_dc1.0,1.350000,1.000000,1.000000,0.000000,1,128,1.000000,0.000000,fine_sample_A,PARTIAL,3.515394,0.262951,29.135306,3.404510,0.860663,2,4.654000,0.074800,33.486862,False,0.856200,1.500000,0.000000,never_fragmented,3.568021,True,3.388504,3.536864,3.515394,3.637425,3.625125,3.673480,PARTIAL,PARTIAL,PARTIAL,PARTIAL,PARTIAL,PARTIAL,P3_0109,A
supercritical_f1.35_beta1.0_M1.0_theta0_seed2_res128_dc1.0,1.350000,1.000000,1.000000,0.000000,2,128,1.000000,0.000000,fine_sample_A,PARTIAL,3.009841,0.210990,29.135306,3.404510,0.860663,3,5.341000,0.070100,43.045111,False,0.856200,1.500000,3.000000,persistent,3.028086,True,2.953946,2.925323,3.009841,3.012360,3.078503,3.110898,PARTIAL,PARTIAL,PARTIAL,PARTIAL,MEASURABLE,MEASURABLE,P3_0110,A
supercritical_f1.40_beta1.0_M1.0_theta0_seed1_res128_dc1.0,1.400000,1.000000,1.000000,0.000000,1,128,1.000000,0.000000,fine_sample_A,MEASURABLE,3.463031,0.272887,26.482245,3.024569,0.845154,3,4.883000,0.078800,109.094014,False,0.824300,1.500000,2.500000,radial_collapse,3.473883,True,3.461768,3.460650,3.463031,3.639316,3.504618,3.564041,MEASURABLE,MEASURABLE,MEASURABLE,MEASURABLE,MEASURABLE,COLLAPSED,P3_0111,A
supercritical_f1.40_beta1.0_M1.0_theta0_seed2_res128_dc1.0,1.400000,1.000000,1.000000,0.000000,2,128,1.000000,0.000000,fine_sample_A,PARTIAL,3.265536,0.280183,26.482245,3.024569,0.845154,1,5.120000,0.085800,41.565814,False,0.824300,1.500000,0.000000,immediate_collapse,3.208066,True,3.216783,3.178397,3.265536,3.268946,3.257946,3.265310,PARTIAL,PARTIAL,PARTIAL,PARTIAL,COLLAPSED,COLLAPSED,P3_0112,A
supercritical_f1.45_beta1.0_M1.0_theta0_seed1_res128_dc1.0,1.450000,1.000000,1.000000,0.000000,1,128,1.000000,0.000000,fine_sample_A,PARTIAL,2.985901,0.229317,24.281814,2.720690,0.830455,1,4.966000,0.076800,44.689794,False,0.790400,1.500000,0.000000,immediate_collapse,3.016068,True,3.022109,2.931243,2.985901,2.960774,3.030577,3.077450,PARTIAL,PARTIAL,PARTIAL,PARTIAL,COLLAPSED,COLLAPSED,P3_0113,A
supercritical_f1.45_beta1.0_M1.0_theta0_seed2_res128_dc1.0,1.450000,1.000000,1.000000,0.000000,2,128,1.000000,0.000000,fine_sample_A,PARTIAL,3.242556,0.248056,24.281814,2.720690,0.830455,3,4.605000,0.076500,32.255300,False,0.790400,1.500000,2.500000,radial_collapse,3.397058,True,3.424598,3.258854,3.242556,3.410966,3.443080,3.497929,PARTIAL,PARTIAL,PARTIAL,PARTIAL,MEASURABLE,COLLAPSED,P3_0114,A
supercritical_f1.50_beta1.0_M1.0_theta0_seed1_res128_dc1.0,1.500000,1.000000,1.000000,0.000000,1,128,1.000000,0.000000,fine_sample_A,PARTIAL,3.037785,0.262161,22.420939,2.471721,0.816497,2,5.041000,0.086300,40.230080,False,0.754500,1.500000,0.000000,immediate_collapse,3.001300,True,3.000797,3.075714,3.037785,2.986685,3.015761,3.064723,PARTIAL,PARTIAL,PARTIAL,PARTIAL,PARTIAL,COLLAPSED,P3_0115,A
supercritical_f1.50_beta1.0_M1.0_theta0_seed2_res128_dc1.0,1.500000,1.000000,1.000000,0.000000,2,128,1.000000,0.000000,fine_sample_A,PARTIAL,3.315812,0.273554,22.420939,2.471721,0.816497,2,4.989000,0.082500,35.947388,False,0.754500,1.500000,0.000000,immediate_collapse,3.335966,True,3.267033,3.290174,3.315812,3.248948,3.377079,3.450354,PARTIAL,PARTIAL,PARTIAL,PARTIAL,PARTIAL,COLLAPSED,P3_0116,A
supercritical_f1.55_beta1.0_M1.0_theta0_seed1_res128_dc1.0,1.550000,1.000000,1.000000,0.000000,1,128,1.000000,0.000000,fine_sample_A,PARTIAL,3.133704,0.256337,20.822705,2.263782,0.803219,2,4.665000,0.081800,38.537100,False,0.716700,1.500000,0.000000,immediate_collapse,3.145242,True,3.164222,3.114249,3.133704,3.190417,3.200198,3.183082,PARTIAL,PARTIAL,PARTIAL,PARTIAL,COLLAPSED,COLLAPSED,P3_0117,A
supercritical_f1.55_beta1.0_M1.0_theta0_seed2_res128_dc1.0,1.550000,1.000000,1.000000,0.000000,2,128,1.000000,0.000000,fine_sample_A,PARTIAL,3.318647,0.289386,20.822705,2.263782,0.803219,3,5.246000,0.087200,35.000490,False,0.716700,1.500000,0.000000,immediate_collapse,3.293829,True,3.291880,3.324658,3.318647,3.287972,3.334784,3.362220,PARTIAL,PARTIAL,PARTIAL,PARTIAL,COLLAPSED,COLLAPSED,P3_0118,A
supercritical_f1.60_beta1.0_M1.0_theta0_seed1_res128_dc1.0,1.600000,1.000000,1.000000,0.000000,1,128,1.000000,0.000000,fine_sample_A,PARTIAL,3.246136,0.328834,19.432655,2.087368,0.790569,3,4.647000,0.101300,30.185807,False,0.677300,1.500000,0.000000,immediate_collapse,3.240686,True,3.301368,3.267685,3.246136,3.184671,3.259565,3.293224,PARTIAL,PARTIAL,PARTIAL,PARTIAL,COLLAPSED,COLLAPSED,P3_0119,A
supercritical_f1.60_beta1.0_M1.0_theta0_seed2_res128_dc1.0,1.600000,1.000000,1.000000,0.000000,2,128,1.000000,0.000000,fine_sample_A,PARTIAL,3.117496,0.262493,19.432655,2.087368,0.790569,1,5.061000,0.084200,38.130521,False,0.677300,1.500000,0.000000,immediate_collapse,3.092859,True,3.075528,3.049646,3.117496,3.037734,3.143806,3.169471,PARTIAL,PARTIAL,PARTIAL,PARTIAL,COLLAPSED,COLLAPSED,P3_0120,A
supercritical_f1.30_beta0.3_M1.0_theta15_seed1_res128_dc1.0,1.300000,0.300000,1.000000,15.000000,1,128,1.000000,0.000000,fine_sample_B,MEASURABLE,2.090045,0.171175,34.743266,7.885078,0.877058,3,5.088000,0.081900,85.160474,False,0.972200,2.000160,3.000000,persistent,2.136629,True,2.070798,2.136906,2.090045,2.094063,2.154979,2.159313,MEASURABLE,MEASURABLE,MEASURABLE,MEASURABLE,MEASURABLE,MEASURABLE,P3_0121,B
supercritical_f1.35_beta0.3_M1.0_theta15_seed1_res128_dc1.0,1.350000,0.300000,1.000000,15.000000,1,128,1.000000,0.000000,fine_sample_B,MEASURABLE,2.008915,0.200892,31.227127,6.892879,0.860663,3,4.962000,0.100000,97.108951,False,0.964900,2.000160,3.000000,persistent,1.992618,True,2.038412,1.985806,2.008915,1.975831,2.007586,2.059215,MEASURABLE,MEASURABLE,MEASURABLE,MEASURABLE,MEASURABLE,MEASURABLE,P3_0122,B
supercritical_f1.40_beta0.3_M1.0_theta15_seed1_res128_dc1.0,1.400000,0.300000,1.000000,15.000000,1,128,1.000000,0.000000,fine_sample_B,MEASURABLE,1.984233,0.165088,28.383584,6.123639,0.845154,3,5.002000,0.083200,109.094014,False,0.957100,2.000160,3.000000,persistent,2.001476,True,2.044419,2.030069,1.984233,2.044735,2.025914,2.039629,MEASURABLE,MEASURABLE,MEASURABLE,MEASURABLE,MEASURABLE,MEASURABLE,P3_0123,B
supercritical_f1.45_beta0.3_M1.0_theta15_seed1_res128_dc1.0,1.450000,0.300000,1.000000,15.000000,1,128,1.000000,0.000000,fine_sample_B,PARTIAL,1.929417,0.148565,26.025170,5.508397,0.830455,2,5.201000,0.077000,44.689794,False,0.948900,2.000160,0.000000,never_fragmented,1.895314,True,1.891337,1.927388,1.929417,1.905631,1.925195,1.960794,PARTIAL,PARTIAL,PARTIAL,PARTIAL,PARTIAL,PARTIAL,P3_0124,B
supercritical_f1.50_beta0.3_M1.0_theta15_seed1_res128_dc1.0,1.500000,0.300000,1.000000,15.000000,1,128,1.000000,0.000000,fine_sample_B,MEASURABLE,1.956791,0.162609,24.030690,5.004325,0.816497,5,4.870000,0.083100,109.473995,False,0.940100,2.000160,3.000000,persistent,1.988976,True,1.985907,2.012411,1.956791,1.983606,2.006679,2.019375,MEASURABLE,MEASURABLE,MEASURABLE,MEASURABLE,MEASURABLE,MEASURABLE,P3_0125,B
supercritical_f1.55_beta0.3_M1.0_theta15_seed1_res128_dc1.0,1.550000,0.300000,1.000000,15.000000,1,128,1.000000,0.000000,fine_sample_B,MEASURABLE,2.080024,0.178258,22.317708,4.583326,0.803219,5,4.980000,0.085700,96.859564,False,0.930900,2.000160,3.000000,persistent,1.989605,True,2.072714,1.992284,2.080024,1.974797,2.000341,2.023486,MEASURABLE,MEASURABLE,MEASURABLE,MEASURABLE,MEASURABLE,MEASURABLE,P3_0126,B
supercritical_f1.60_beta0.3_M1.0_theta15_seed1_res128_dc1.0,1.600000,0.300000,1.000000,15.000000,1,128,1.000000,0.000000,fine_sample_B,MEASURABLE,2.002404,0.165799,20.827857,4.226153,0.790569,4,4.926000,0.082800,99.682896,False,0.921300,2.000160,3.000000,persistent,1.977956,True,2.039125,2.009343,2.002404,1.935092,1.987227,2.024797,MEASURABLE,MEASURABLE,MEASURABLE,MEASURABLE,MEASURABLE,MEASURABLE,P3_0127,B
supercritical_f1.65_beta0.3_M1.0_theta15_seed1_res128_dc1.0,1.650000,0.300000,1.000000,15.000000,1,128,1.000000,0.000000,fine_sample_B,MEASURABLE,2.069666,0.164125,19.518448,3.919147,0.778499,4,4.575000,0.079300,112.132215,False,0.911200,2.000160,3.000000,persistent,2.003320,True,1.988550,1.986983,2.069666,1.990467,2.030117,2.030518,MEASURABLE,MEASURABLE,MEASURABLE,MEASURABLE,MEASURABLE,MEASURABLE,P3_0128,B
supercritical_f1.70_beta0.3_M1.0_theta15_seed1_res128_dc1.0,1.700000,0.300000,1.000000,15.000000,1,128,1.000000,0.000000,fine_sample_B,MEASURABLE,1.938746,0.168477,18.357414,3.652335,0.766965,4,5.163000,0.086900,102.645073,False,0.900800,2.000160,3.000000,persistent,1.930841,True,2.001938,1.896267,1.938746,1.956532,1.947533,1.967874,MEASURABLE,MEASURABLE,MEASURABLE,MEASURABLE,MEASURABLE,MEASURABLE,P3_0129,B
supercritical_f1.75_beta0.3_M1.0_theta15_seed1_res128_dc1.0,1.750000,0.300000,1.000000,15.000000,1,128,1.000000,0.000000,fine_sample_B,MEASURABLE,1.939339,0.160383,17.320119,3.418248,0.755929,4,5.182000,0.082700,106.869488,False,0.890000,2.000160,3.000000,persistent,1.930876,True,1.959347,1.935715,1.939339,1.946812,1.940005,1.990012,MEASURABLE,MEASURABLE,MEASURABLE,MEASURABLE,MEASURABLE,MEASURABLE,P3_0130,B
supercritical_f1.80_beta0.3_M1.0_theta15_seed1_res128_dc1.0,1.800000,0.300000,1.000000,15.000000,1,128,1.000000,0.000000,fine_sample_B,MEASURABLE,1.892185,0.150050,16.387270,3.211182,0.745356,3,5.308000,0.079300,111.782167,False,0.878800,2.000160,3.000000,persistent,1.943817,True,1.944196,1.901437,1.892185,1.973973,1.954136,2.005898,MEASURABLE,MEASURABLE,MEASURABLE,MEASURABLE,MEASURABLE,MEASURABLE,P3_0131,B
supercritical_f1.85_beta0.3_M1.0_theta15_seed1_res128_dc1.0,1.850000,0.300000,1.000000,15.000000,1,128,1.000000,0.000000,fine_sample_B,MEASURABLE,1.848360,0.142878,15.543511,3.026694,0.735215,6,5.333000,0.077300,97.216206,False,0.867200,2.000160,3.000000,persistent,1.869359,True,1.859773,1.884647,1.848360,1.883080,1.900597,1.919771,MEASURABLE,MEASURABLE,MEASURABLE,MEASURABLE,MEASURABLE,MEASURABLE,P3_0132,B
supercritical_f1.90_beta0.3_M1.0_theta15_seed1_res128_dc1.0,1.900000,0.300000,1.000000,15.000000,1,128,1.000000,0.000000,fine_sample_B,MEASURABLE,1.888000,0.132726,14.776440,2.861277,0.725476,5,5.134000,0.070300,116.739325,False,0.855400,2.000160,3.000000,persistent,1.835116,True,1.874440,1.819306,1.888000,1.879929,1.852607,1.895156,MEASURABLE,MEASURABLE,MEASURABLE,MEASURABLE,MEASURABLE,MEASURABLE,P3_0133,B
supercritical_f1.95_beta0.3_M1.0_theta15_seed1_res128_dc1.0,1.950000,0.300000,1.000000,15.000000,1,128,1.000000,0.000000,fine_sample_B,MEASURABLE,1.825281,0.133976,14.075919,2.712118,0.716115,6,4.656000,0.073400,105.469682,False,0.843100,2.000160,3.000000,persistent,1.812128,True,1.858128,1.844734,1.825281,1.822934,1.843432,1.841151,MEASURABLE,MEASURABLE,MEASURABLE,MEASURABLE,MEASURABLE,MEASURABLE,P3_0134,B
supercritical_f2.00_beta0.3_M1.0_theta15_seed1_res128_dc1.0,2.000000,0.300000,1.000000,15.000000,1,128,1.000000,0.000000,fine_sample_B,PARTIAL,1.823466,0.146971,13.433564,2.576936,0.707107,5,4.755000,0.080600,38.429305,False,0.830600,2.000160,3.000000,persistent,1.830053,True,1.862397,1.800440,1.823466,1.847611,1.844039,1.881649,PARTIAL,PARTIAL,PARTIAL,PARTIAL,MEASURABLE,MEASURABLE,P3_0135,B
supercritical_f1.30_beta0.3_M1.0_theta30_seed1_res128_dc1.0,1.300000,0.300000,1.000000,30.000000,1,128,1.000000,0.000000,fine_sample_B,MEASURABLE,1.183536,0.091132,43.221212,7.753086,0.877058,4,5.201000,0.077000,85.160474,False,0.971200,2.091667,3.000000,persistent,1.162617,True,1.160178,1.182292,1.183536,1.168946,1.180947,1.202784,MEASURABLE,MEASURABLE,MEASURABLE,MEASURABLE,MEASURABLE,MEASURABLE,P3_0136,B
supercritical_f1.35_beta0.3_M1.0_theta30_seed1_res128_dc1.0,1.350000,0.300000,1.000000,30.000000,1,128,1.000000,0.000000,fine_sample_B,MEASURABLE,1.198946,0.099632,38.847075,6.777496,0.860663,7,4.870000,0.083100,97.108951,False,0.963700,2.091667,3.000000,persistent,1.218667,True,1.216786,1.233025,1.198946,1.215377,1.229514,1.237293,MEASURABLE,MEASURABLE,MEASURABLE,MEASURABLE,MEASURABLE,MEASURABLE,P3_0137,B
supercritical_f1.40_beta0.3_M1.0_theta30_seed1_res128_dc1.0,1.400000,0.300000,1.000000,30.000000,1,128,1.000000,0.000000,fine_sample_B,MEASURABLE,1.273086,0.109103,35.309659,6.021133,0.845154,7,4.980000,0.085700,109.094014,False,0.955700,2.091667,3.000000,persistent,1.217744,True,1.268611,1.219384,1.273086,1.208681,1.224315,1.238481,MEASURABLE,MEASURABLE,MEASURABLE,MEASURABLE,MEASURABLE,MEASURABLE,P3_0138,B
supercritical_f1.45_beta0.3_M1.0_theta30_seed1_res128_dc1.0,1.450000,0.300000,1.000000,30.000000,1,128,1.000000,0.000000,fine_sample_B,MEASURABLE,1.224350,0.101376,32.375752,5.416189,0.830455,6,4.926000,0.082800,108.027230,False,0.947100,2.091667,3.000000,persistent,1.209401,True,1.246803,1.228592,1.224350,1.183193,1.215070,1.238042,MEASURABLE,MEASURABLE,MEASURABLE,MEASURABLE,MEASURABLE,MEASURABLE,P3_0139,B
supercritical_f1.50_beta0.3_M1.0_theta30_seed1_res128_dc1.0,1.500000,0.300000,1.000000,30.000000,1,128,1.000000,0.000000,fine_sample_B,MEASURABLE,1.264289,0.100258,29.894585,4.920555,0.816497,6,4.575000,0.079300,109.473995,False,0.938000,2.091667,3.000000,persistent,1.223760,True,1.214738,1.213780,1.264289,1.215909,1.240129,1.240374,MEASURABLE,MEASURABLE,MEASURABLE,MEASURABLE,MEASURABLE,MEASURABLE,P3_0140,B
supercritical_f1.55_beta0.3_M1.0_theta30_seed1_res128_dc1.0,1.550000,0.300000,1.000000,30.000000,1,128,1.000000,0.000000,fine_sample_B,MEASURABLE,1.183271,0.102826,27.763606,4.506603,0.803219,7,5.163000,0.086900,96.859564,False,0.928500,2.091667,3.000000,persistent,1.178446,True,1.221839,1.157345,1.183271,1.194126,1.188634,1.201049,MEASURABLE,MEASURABLE,MEASURABLE,MEASURABLE,MEASURABLE,MEASURABLE,P3_0141,B
supercritical_f1.60_beta0.3_M1.0_theta30_seed1_res128_dc1.0,1.600000,0.300000,1.000000,30.000000,1,128,1.000000,0.000000,fine_sample_B,MEASURABLE,1.182653,0.097805,25.910206,4.155409,0.790569,7,5.182000,0.082700,99.682896,False,0.918600,2.091667,3.000000,persistent,1.177492,True,1.194855,1.180443,1.182653,1.187210,1.183059,1.213554,MEASURABLE,MEASURABLE,MEASURABLE,MEASURABLE,MEASURABLE,MEASURABLE,P3_0142,B
supercritical_f1.65_beta0.3_M1.0_theta30_seed1_res128_dc1.0,1.650000,0.300000,1.000000,30.000000,1,128,1.000000,0.000000,fine_sample_B,MEASURABLE,1.152997,0.091433,24.281280,3.853543,0.778499,6,5.308000,0.079300,112.132215,False,0.908200,2.091667,3.000000,persistent,1.184459,True,1.184690,1.158635,1.152997,1.202835,1.190747,1.222288,MEASURABLE,MEASURABLE,MEASURABLE,MEASURABLE,MEASURABLE,MEASURABLE,P3_0143,B
supercritical_f1.70_beta0.3_M1.0_theta30_seed1_res128_dc1.0,1.700000,0.300000,1.000000,30.000000,1,128,1.000000,0.000000,fine_sample_B,MEASURABLE,1.125464,0.086998,22.836934,3.591197,0.766965,8,5.333000,0.077300,102.645073,False,0.897400,2.091667,3.000000,persistent,1.138250,True,1.132413,1.147559,1.125464,1.146605,1.157271,1.168946,MEASURABLE,MEASURABLE,MEASURABLE,MEASURABLE,MEASURABLE,MEASURABLE,P3_0144,B
supercritical_f1.75_beta0.3_M1.0_theta30_seed1_res128_dc1.0,1.750000,0.300000,1.000000,30.000000,1,128,1.000000,0.000000,fine_sample_B,MEASURABLE,1.148801,0.080761,21.546521,3.361029,0.755929,8,5.134000,0.070300,106.869488,False,0.886200,2.091667,3.000000,persistent,1.116623,True,1.140550,1.107003,1.148801,1.143890,1.127265,1.153155,MEASURABLE,MEASURABLE,MEASURABLE,MEASURABLE,MEASURABLE,MEASURABLE,P3_0145,B
supercritical_f1.80_beta0.3_M1.0_theta30_seed1_res128_dc1.0,1.800000,0.300000,1.000000,30.000000,1,128,1.000000,0.000000,fine_sample_B,MEASURABLE,1.109907,0.081467,20.386041,3.157428,0.745356,9,4.656000,0.073400,111.782167,False,0.874600,2.091667,3.000000,persistent,1.101909,True,1.129880,1.121736,1.109907,1.108480,1.120944,1.119557,MEASURABLE,MEASURABLE,MEASURABLE,MEASURABLE,MEASURABLE,MEASURABLE,P3_0146,B
supercritical_f1.85_beta0.3_M1.0_theta30_seed1_res128_dc1.0,1.850000,0.300000,1.000000,30.000000,1,128,1.000000,0.000000,fine_sample_B,MEASURABLE,1.108111,0.089314,19.336390,2.976029,0.735215,8,4.755000,0.080600,97.216206,False,0.862700,2.091667,3.000000,persistent,1.112114,True,1.131769,1.094118,1.108111,1.122784,1.120613,1.143469,MEASURABLE,MEASURABLE,MEASURABLE,MEASURABLE,MEASURABLE,MEASURABLE,P3_0147,B
supercritical_f1.90_beta0.3_M1.0_theta30_seed1_res128_dc1.0,1.900000,0.300000,1.000000,30.000000,1,128,1.000000,0.000000,fine_sample_B,MEASURABLE,1.112630,0.090902,18.382142,2.813381,0.725476,9,4.800000,0.081700,116.739325,False,0.850400,2.091667,3.000000,persistent,1.123781,True,1.126051,1.174852,1.112630,1.124452,1.133350,1.158123,MEASURABLE,MEASURABLE,MEASURABLE,MEASURABLE,MEASURABLE,MEASURABLE,P3_0148,B
supercritical_f1.95_beta0.3_M1.0_theta30_seed1_res128_dc1.0,1.950000,0.300000,1.000000,30.000000,1,128,1.000000,0.000000,fine_sample_B,MEASURABLE,1.024558,0.089751,17.510681,2.666719,0.716115,10,5.349000,0.087600,105.469682,False,0.837700,2.091667,3.000000,persistent,1.055043,True,1.080156,1.068084,1.024558,1.028635,1.067536,1.080410,MEASURABLE,MEASURABLE,MEASURABLE,MEASURABLE,MEASURABLE,MEASURABLE,P3_0149,B
supercritical_f2.00_beta0.3_M1.0_theta30_seed1_res128_dc1.0,2.000000,0.300000,1.000000,30.000000,1,128,1.000000,0.000000,fine_sample_B,MEASURABLE,1.085069,0.088976,16.711581,2.533799,0.707107,10,5.257000,0.082000,105.220216,False,0.824800,2.091667,2.500000,radial_collapse,1.094432,True,1.081044,1.130677,1.085069,1.115610,1.101861,1.109821,MEASURABLE,MEASURABLE,MEASURABLE,MEASURABLE,MEASURABLE,COLLAPSED,P3_0150,B
supercritical_f1.30_beta0.3_M1.0_theta45_seed1_res128_dc1.0,1.300000,0.300000,1.000000,45.000000,1,128,1.000000,0.000000,fine_sample_B,MEASURABLE,0.921555,0.076305,64.831818,7.572782,0.877058,8,4.926000,0.082800,85.160474,False,0.969800,2.216667,3.000000,persistent,0.910304,True,0.938456,0.924749,0.921555,0.890577,0.914571,0.931861,MEASURABLE,MEASURABLE,MEASURABLE,MEASURABLE,MEASURABLE,MEASURABLE,P3_0151,B
supercritical_f1.35_beta0.3_M1.0_theta45_seed1_res128_dc1.0,1.350000,0.300000,1.000000,45.000000,1,128,1.000000,0.000000,fine_sample_B,MEASURABLE,0.950522,0.075376,58.270613,6.619880,0.860663,8,4.575000,0.079300,97.108951,False,0.962000,2.216667,3.000000,persistent,0.920052,True,0.913268,0.912549,0.950522,0.914149,0.932358,0.932543,MEASURABLE,MEASURABLE,MEASURABLE,MEASURABLE,MEASURABLE,MEASURABLE,P3_0152,B
supercritical_f1.40_beta0.3_M1.0_theta45_seed1_res128_dc1.0,1.400000,0.300000,1.000000,45.000000,1,128,1.000000,0.000000,fine_sample_B,MEASURABLE,0.888657,0.077224,52.964489,5.881106,0.845154,8,5.163000,0.086900,109.094014,False,0.953500,2.216667,3.000000,persistent,0.885033,True,0.917622,0.869186,0.888657,0.896809,0.892684,0.902008,MEASURABLE,MEASURABLE,MEASURABLE,MEASURABLE,MEASURABLE,MEASURABLE,P3_0153,B
supercritical_f1.45_beta0.3_M1.0_theta45_seed1_res128_dc1.0,1.450000,0.300000,1.000000,45.000000,1,128,1.000000,0.000000,fine_sample_B,MEASURABLE,0.887302,0.073380,48.563628,5.290231,0.830455,9,5.182000,0.082700,108.027230,False,0.944600,2.216667,3.000000,persistent,0.883430,True,0.896457,0.885644,0.887302,0.890721,0.887607,0.910486,MEASURABLE,MEASURABLE,MEASURABLE,MEASURABLE,MEASURABLE,MEASURABLE,P3_0154,B
supercritical_f1.50_beta0.3_M1.0_theta45_seed1_res128_dc1.0,1.500000,0.300000,1.000000,45.000000,1,128,1.000000,0.000000,fine_sample_B,MEASURABLE,0.864241,0.068534,44.841877,4.806123,0.816497,8,5.308000,0.079300,109.473995,False,0.935100,2.216667,3.000000,persistent,0.887824,True,0.887996,0.868467,0.864241,0.901597,0.892536,0.916179,MEASURABLE,MEASURABLE,MEASURABLE,MEASURABLE,MEASURABLE,MEASURABLE,P3_0155,B
supercritical_f1.55_beta0.3_M1.0_theta45_seed1_res128_dc1.0,1.550000,0.300000,1.000000,45.000000,1,128,1.000000,0.000000,fine_sample_B,MEASURABLE,0.842860,0.065153,41.645410,4.401799,0.803219,10,5.333000,0.077300,96.859564,False,0.925100,2.216667,3.000000,persistent,0.852436,True,0.848064,0.859407,0.842860,0.858693,0.866680,0.875424,MEASURABLE,MEASURABLE,MEASURABLE,MEASURABLE,MEASURABLE,MEASURABLE,P3_0156,B
supercritical_f1.60_beta0.3_M1.0_theta45_seed1_res128_dc1.0,1.600000,0.300000,1.000000,45.000000,1,128,1.000000,0.000000,fine_sample_B,MEASURABLE,0.859625,0.060432,38.865309,4.058772,0.790569,10,5.134000,0.070300,99.682896,False,0.914600,2.216667,3.000000,persistent,0.835546,True,0.853451,0.828348,0.859625,0.855950,0.843510,0.862883,MEASURABLE,MEASURABLE,MEASURABLE,MEASURABLE,MEASURABLE,MEASURABLE,P3_0157,B
supercritical_f1.65_beta0.3_M1.0_theta45_seed1_res128_dc1.0,1.650000,0.300000,1.000000,45.000000,1,128,1.000000,0.000000,fine_sample_B,MEASURABLE,0.829873,0.060913,36.421920,3.763926,0.778499,11,4.656000,0.073400,112.132215,False,0.903700,2.216667,3.000000,persistent,0.823893,True,0.844807,0.838718,0.829873,0.828806,0.838125,0.837088,MEASURABLE,MEASURABLE,MEASURABLE,MEASURABLE,MEASURABLE,MEASURABLE,P3_0158,B
supercritical_f1.70_beta0.3_M1.0_theta45_seed1_res128_dc1.0,1.700000,0.300000,1.000000,45.000000,1,128,1.000000,0.000000,fine_sample_B,MEASURABLE,0.827921,0.066730,34.255401,3.507681,0.766965,10,4.755000,0.080600,102.645073,False,0.892400,2.216667,3.000000,persistent,0.830912,True,0.845597,0.817466,0.827921,0.838884,0.837262,0.854338,MEASURABLE,MEASURABLE,MEASURABLE,MEASURABLE,MEASURABLE,MEASURABLE,P3_0159,B
supercritical_f1.75_beta0.3_M1.0_theta45_seed1_res128_dc1.0,1.750000,0.300000,1.000000,45.000000,1,128,1.000000,0.000000,fine_sample_B,MEASURABLE,0.830719,0.067870,32.319782,3.282865,0.755929,12,4.800000,0.081700,106.869488,False,0.880700,2.216667,3.000000,persistent,0.839045,True,0.840740,0.877176,0.830719,0.839546,0.846189,0.864685,MEASURABLE,MEASURABLE,MEASURABLE,MEASURABLE,MEASURABLE,MEASURABLE,P3_0160,B
supercritical_f1.80_beta0.3_M1.0_theta45_seed1_res128_dc1.0,1.800000,0.300000,1.000000,45.000000,1,128,1.000000,0.000000,fine_sample_B,MEASURABLE,0.764459,0.066967,30.579062,3.084000,0.745356,12,5.349000,0.087600,111.782167,False,0.868600,2.216667,3.000000,persistent,0.787204,True,0.805942,0.796934,0.764459,0.767500,0.796525,0.806131,MEASURABLE,MEASURABLE,MEASURABLE,MEASURABLE,MEASURABLE,MEASURABLE,P3_0161,B
supercritical_f1.85_beta0.3_M1.0_theta45_seed1_res128_dc1.0,1.850000,0.300000,1.000000,45.000000,1,128,1.000000,0.000000,fine_sample_B,MEASURABLE,0.809103,0.066346,29.004586,2.906819,0.735215,12,5.257000,0.082000,97.216206,False,0.856100,2.216667,3.000000,persistent,0.816084,True,0.806101,0.843111,0.809103,0.831876,0.821624,0.827559,MEASURABLE,MEASURABLE,MEASURABLE,MEASURABLE,MEASURABLE,MEASURABLE,P3_0162,B
supercritical_f1.90_beta0.3_M1.0_theta45_seed1_res128_dc1.0,1.900000,0.300000,1.000000,45.000000,1,128,1.000000,0.000000,fine_sample_B,MEASURABLE,0.878781,0.057560,27.573212,2.747953,0.725476,12,4.912000,0.065500,116.739325,False,0.843200,2.216667,3.000000,persistent,0.863462,True,0.840270,0.866997,0.878781,0.849171,0.871743,0.887706,MEASURABLE,MEASURABLE,MEASURABLE,MEASURABLE,MEASURABLE,MEASURABLE,P3_0163,B
supercritical_f1.95_beta0.3_M1.0_theta45_seed1_res128_dc1.0,1.950000,0.300000,1.000000,45.000000,1,128,1.000000,0.000000,fine_sample_B,MEASURABLE,0.783787,0.060352,26.266022,2.604702,0.716115,13,5.414000,0.077000,105.469682,False,0.829900,2.216667,3.000000,persistent,0.775256,True,0.778170,0.778654,0.783787,0.783198,0.787127,0.782799,MEASURABLE,MEASURABLE,MEASURABLE,MEASURABLE,MEASURABLE,MEASURABLE,P3_0164,B
supercritical_f2.00_beta0.3_M1.0_theta45_seed1_res128_dc1.0,2.000000,0.300000,1.000000,45.000000,1,128,1.000000,0.000000,fine_sample_B,MEASURABLE,0.860165,0.072168,25.067371,2.474874,0.707107,11,5.377000,0.083900,105.220216,False,0.816300,2.216667,2.500000,radial_collapse,0.842733,True,0.815172,0.820348,0.860165,0.836061,0.856190,0.857074,MEASURABLE,MEASURABLE,MEASURABLE,MEASURABLE,MEASURABLE,COLLAPSED,P3_0165,B
supercritical_f1.30_beta0.5_M1.0_theta15_seed1_res128_dc1.0,1.300000,0.500000,1.000000,15.000000,1,128,1.000000,0.000000,fine_sample_B,MEASURABLE,2.575857,0.202978,33.773340,5.596507,0.877058,4,4.883000,0.078800,85.160474,False,0.944700,1.720096,3.000000,persistent,2.583929,True,2.574918,2.574086,2.575857,2.706981,2.606790,2.650990,MEASURABLE,MEASURABLE,MEASURABLE,MEASURABLE,MEASURABLE,MEASURABLE,P3_0166,B
supercritical_f1.35_beta0.5_M1.0_theta15_seed1_res128_dc1.0,1.350000,0.500000,1.000000,15.000000,1,128,1.000000,0.000000,fine_sample_B,PARTIAL,2.219196,0.170434,30.355360,4.892285,0.860663,2,4.966000,0.076800,33.486862,False,0.930400,1.720096,0.000000,never_fragmented,2.241617,True,2.246107,2.178573,2.219196,2.200521,2.252401,2.287238,PARTIAL,PARTIAL,PARTIAL,PARTIAL,PARTIAL,PARTIAL,P3_0167,B
supercritical_f1.40_beta0.5_M1.0_theta15_seed1_res128_dc1.0,1.400000,0.500000,1.000000,15.000000,1,128,1.000000,0.000000,fine_sample_B,MEASURABLE,2.256088,0.194700,27.591200,4.346310,0.845154,3,5.041000,0.086300,109.094014,False,0.914900,1.720096,3.000000,persistent,2.228991,True,2.228617,2.284256,2.256088,2.218137,2.239731,2.276094,MEASURABLE,MEASURABLE,MEASURABLE,MEASURABLE,MEASURABLE,MEASURABLE,P3_0168,B
supercritical_f1.45_beta0.5_M1.0_theta15_seed1_res128_dc1.0,1.450000,0.500000,1.000000,15.000000,1,128,1.000000,0.000000,fine_sample_B,MEASURABLE,2.325718,0.173964,25.298626,3.909636,0.830455,3,4.765000,0.074800,108.027230,False,0.898500,1.720096,3.000000,persistent,2.334281,True,2.348368,2.311279,2.325718,2.367808,2.375067,2.362365,MEASURABLE,MEASURABLE,MEASURABLE,MEASURABLE,MEASURABLE,MEASURABLE,P3_0169,B
supercritical_f1.50_beta0.5_M1.0_theta15_seed1_res128_dc1.0,1.500000,0.500000,1.000000,15.000000,1,128,1.000000,0.000000,fine_sample_B,MEASURABLE,2.407605,0.205369,23.359826,3.551866,0.816497,4,4.847000,0.085300,109.473995,False,0.881100,1.720096,3.000000,persistent,2.403563,True,2.448570,2.423588,2.407605,2.362018,2.417566,2.442530,MEASURABLE,MEASURABLE,MEASURABLE,MEASURABLE,MEASURABLE,MEASURABLE,P3_0170,B
supercritical_f1.55_beta0.5_M1.0_theta15_seed1_res128_dc1.0,1.550000,0.500000,1.000000,15.000000,1,128,1.000000,0.000000,fine_sample_B,PARTIAL,2.334041,0.187190,21.694665,3.253058,0.803219,2,5.131000,0.080200,38.537100,False,0.862800,1.720096,0.000000,never_fragmented,2.269318,True,2.283508,2.263491,2.334041,2.294477,2.304225,2.318458,PARTIAL,PARTIAL,PARTIAL,PARTIAL,PARTIAL,PARTIAL,P3_0171,B
supercritical_f1.60_beta0.5_M1.0_theta15_seed1_res128_dc1.0,1.600000,0.500000,1.000000,15.000000,1,128,1.000000,0.000000,fine_sample_B,PARTIAL,2.303386,0.191181,20.246406,2.999551,0.790569,2,5.270000,0.083000,30.185807,False,0.843700,1.720096,0.000000,never_fragmented,2.342496,True,2.450879,2.346455,2.303386,2.388521,2.364580,2.419627,PARTIAL,PARTIAL,PARTIAL,PARTIAL,PARTIAL,PARTIAL,P3_0172,B
supercritical_f1.65_beta0.5_M1.0_theta15_seed1_res128_dc1.0,1.650000,0.500000,1.000000,15.000000,1,128,1.000000,0.000000,fine_sample_B,PARTIAL,2.255637,0.215188,18.973552,2.781651,0.778499,2,4.574000,0.095400,34.934297,False,0.823800,1.720096,0.000000,immediate_collapse,2.257729,True,2.216801,2.364922,2.255637,2.275902,2.279489,2.319096,PARTIAL,PARTIAL,PARTIAL,PARTIAL,PARTIAL,COLLAPSED,P3_0173,B
supercritical_f1.70_beta0.5_M1.0_theta15_seed1_res128_dc1.0,1.700000,0.500000,1.000000,15.000000,1,128,1.000000,0.000000,fine_sample_B,PARTIAL,2.267939,0.163745,17.844931,2.592279,0.766965,5,4.511000,0.072200,43.311906,False,0.803000,1.720096,2.500000,radial_collapse,2.208934,True,2.309232,2.161468,2.267939,2.203509,2.219478,2.263534,PARTIAL,PARTIAL,PARTIAL,PARTIAL,MEASURABLE,COLLAPSED,P3_0174,B
supercritical_f1.75_beta0.5_M1.0_theta15_seed1_res128_dc1.0,1.750000,0.500000,1.000000,15.000000,1,128,1.000000,0.000000,fine_sample_B,PARTIAL,2.324501,0.221292,16.836594,2.426134,0.755929,5,5.571000,0.095200,40.633742,False,0.781600,1.720096,2.500000,radial_collapse,2.265738,True,2.236061,2.232319,2.324501,2.257830,2.299222,2.287208,PARTIAL,PARTIAL,PARTIAL,PARTIAL,MEASURABLE,COLLAPSED,P3_0175,B
supercritical_f1.80_beta0.5_M1.0_theta15_seed1_res128_dc1.0,1.800000,0.500000,1.000000,15.000000,1,128,1.000000,0.000000,fine_sample_B,PARTIAL,2.217715,0.192498,15.929787,2.279166,0.745356,4,5.318000,0.086800,36.579126,False,0.759400,1.720096,2.500000,radial_collapse,2.085307,True,2.073392,2.078792,2.217715,2.109335,2.112367,2.125196,PARTIAL,PARTIAL,PARTIAL,PARTIAL,MEASURABLE,COLLAPSED,P3_0176,B
supercritical_f1.85_beta0.5_M1.0_theta15_seed1_res128_dc1.0,1.850000,0.500000,1.000000,15.000000,1,128,1.000000,0.000000,fine_sample_B,MEASURABLE,2.132250,0.205762,15.109583,2.148224,0.735215,3,4.756000,0.096500,97.216206,False,0.736500,1.720096,2.000000,radial_collapse,2.185677,True,2.093471,2.163816,2.132250,2.184365,2.207919,2.256396,MEASURABLE,MEASURABLE,MEASURABLE,MEASURABLE,COLLAPSED,COLLAPSED,P3_0177,B
supercritical_f1.90_beta0.5_M1.0_theta15_seed1_res128_dc1.0,1.900000,0.500000,1.000000,15.000000,1,128,1.000000,0.000000,fine_sample_B,PARTIAL,2.234869,0.236673,14.363927,2.030818,0.725476,4,4.841000,0.105900,36.324789,False,0.712900,1.720096,0.000000,immediate_collapse,2.249474,True,2.333134,2.276820,2.234869,2.251076,2.273242,2.324832,PARTIAL,PARTIAL,PARTIAL,PARTIAL,COLLAPSED,COLLAPSED,P3_0178,B
supercritical_f1.95_beta0.5_M1.0_theta15_seed1_res128_dc1.0,1.950000,0.500000,1.000000,15.000000,1,128,1.000000,0.000000,fine_sample_B,COLLAPSED,,,13.682962,1.924951,0.716115,4,4.461000,0.123400,105.499410,False,0.688600,1.720096,0.000000,immediate_collapse,2.176140,False,2.143974,2.168157,2.217814,2.159520,2.189231,2.250684,COLLAPSED,COLLAPSED,COLLAPSED,COLLAPSED,COLLAPSED,COLLAPSED,P3_0179,B
supercritical_f2.00_beta0.5_M1.0_theta15_seed1_res128_dc1.0,2.000000,0.500000,1.000000,15.000000,1,128,1.000000,0.000000,fine_sample_B,COLLAPSED,,,13.058539,1.829004,0.707107,4,4.226000,0.126700,107.830324,False,0.663700,1.720096,0.000000,immediate_collapse,2.120292,False,2.146790,2.123858,2.071427,2.129568,2.137479,2.145372,COLLAPSED,COLLAPSED,COLLAPSED,COLLAPSED,COLLAPSED,COLLAPSED,P3_0180,B
supercritical_f1.30_beta0.5_M1.0_theta30_seed1_res128_dc1.0,1.300000,0.500000,1.000000,30.000000,1,128,1.000000,0.000000,fine_sample_B,MEASURABLE,1.517374,0.113500,38.136363,5.517312,0.877058,4,4.765000,0.074800,85.160474,False,0.943100,1.775000,3.000000,persistent,1.522961,True,1.532151,1.507954,1.517374,1.544835,1.549571,1.541284,MEASURABLE,MEASURABLE,MEASURABLE,MEASURABLE,MEASURABLE,MEASURABLE,P3_0181,B
supercritical_f1.35_beta0.5_M1.0_theta30_seed1_res128_dc1.0,1.350000,0.500000,1.000000,30.000000,1,128,1.000000,0.000000,fine_sample_B,MEASURABLE,1.568992,0.133835,34.276831,4.823056,0.860663,6,4.847000,0.085300,97.108951,False,0.928400,1.775000,3.000000,persistent,1.566358,True,1.595688,1.579408,1.568992,1.539283,1.575483,1.591752,MEASURABLE,MEASURABLE,MEASURABLE,MEASURABLE,MEASURABLE,MEASURABLE,P3_0182,B
supercritical_f1.40_beta0.5_M1.0_theta30_seed1_res128_dc1.0,1.400000,0.500000,1.000000,30.000000,1,128,1.000000,0.000000,fine_sample_B,MEASURABLE,1.519420,0.121857,31.155582,4.284806,0.845154,4,5.131000,0.080200,109.094014,False,0.912500,1.775000,3.000000,persistent,1.477286,True,1.486524,1.473493,1.519420,1.493664,1.500010,1.509275,MEASURABLE,MEASURABLE,MEASURABLE,MEASURABLE,MEASURABLE,MEASURABLE,P3_0183,B
supercritical_f1.45_beta0.5_M1.0_theta30_seed1_res128_dc1.0,1.450000,0.500000,1.000000,30.000000,1,128,1.000000,0.000000,fine_sample_B,MEASURABLE,1.497961,0.124331,28.566840,3.854311,0.830455,4,5.270000,0.083000,108.027230,False,0.895500,1.775000,3.000000,persistent,1.523395,True,1.593880,1.525970,1.497961,1.553327,1.537757,1.573556,MEASURABLE,MEASURABLE,MEASURABLE,MEASURABLE,MEASURABLE,MEASURABLE,P3_0184,B
supercritical_f1.50_beta0.5_M1.0_theta30_seed1_res128_dc1.0,1.500000,0.500000,1.000000,30.000000,1,128,1.000000,0.000000,fine_sample_B,MEASURABLE,1.465532,0.139812,26.377575,3.501604,0.816497,4,4.574000,0.095400,109.473995,False,0.877700,1.775000,3.000000,persistent,1.466891,True,1.440299,1.536536,1.465532,1.478698,1.481029,1.506762,MEASURABLE,MEASURABLE,MEASURABLE,MEASURABLE,MEASURABLE,MEASURABLE,P3_0185,B
supercritical_f1.55_beta0.5_M1.0_theta30_seed1_res128_dc1.0,1.550000,0.500000,1.000000,30.000000,1,128,1.000000,0.000000,fine_sample_B,MEASURABLE,1.472227,0.106295,24.497300,3.207025,0.803219,6,4.511000,0.072200,96.859564,False,0.858900,1.775000,3.000000,persistent,1.433924,True,1.499032,1.403112,1.472227,1.430402,1.440768,1.469367,MEASURABLE,MEASURABLE,MEASURABLE,MEASURABLE,MEASURABLE,MEASURABLE,P3_0186,B
supercritical_f1.60_beta0.5_M1.0_theta30_seed1_res128_dc1.0,1.600000,0.500000,1.000000,30.000000,1,128,1.000000,0.000000,fine_sample_B,MEASURABLE,1.507695,0.135843,22.861947,2.957105,0.790569,6,5.631000,0.090100,99.682896,False,0.839200,1.775000,3.000000,persistent,1.469580,True,1.450331,1.447904,1.507695,1.464451,1.491298,1.483506,MEASURABLE,MEASURABLE,MEASURABLE,MEASURABLE,MEASURABLE,MEASURABLE,P3_0187,B
supercritical_f1.65_beta0.5_M1.0_theta30_seed1_res128_dc1.0,1.650000,0.500000,1.000000,30.000000,1,128,1.000000,0.000000,fine_sample_B,MEASURABLE,1.437310,0.108517,21.424659,2.742289,0.778499,6,5.477000,0.075500,112.132215,False,0.818700,1.775000,2.500000,radial_collapse,1.351496,True,1.343773,1.347274,1.437310,1.367068,1.369034,1.377348,MEASURABLE,MEASURABLE,MEASURABLE,MEASURABLE,MEASURABLE,COLLAPSED,P3_0188,B
supercritical_f1.70_beta0.5_M1.0_theta30_seed1_res128_dc1.0,1.700000,0.500000,1.000000,30.000000,1,128,1.000000,0.000000,fine_sample_B,MEASURABLE,1.380903,0.107158,20.150236,2.555596,0.766965,5,5.016000,0.077600,102.645073,False,0.797300,1.775000,2.500000,radial_collapse,1.415504,True,1.355789,1.401346,1.380903,1.414654,1.429908,1.461303,MEASURABLE,MEASURABLE,MEASURABLE,MEASURABLE,MEASURABLE,COLLAPSED,P3_0189,B
supercritical_f1.75_beta0.5_M1.0_theta30_seed1_res128_dc1.0,1.750000,0.500000,1.000000,30.000000,1,128,1.000000,0.000000,fine_sample_B,MEASURABLE,1.446355,0.114551,19.011636,2.391802,0.755929,6,5.201000,0.079200,106.869488,False,0.775300,1.775000,2.500000,radial_collapse,1.455807,True,1.509950,1.473505,1.446355,1.456844,1.471189,1.504577,MEASURABLE,MEASURABLE,MEASURABLE,MEASURABLE,MEASURABLE,COLLAPSED,P3_0190,B
supercritical_f1.80_beta0.5_M1.0_theta30_seed1_res128_dc1.0,1.800000,0.500000,1.000000,30.000000,1,128,1.000000,0.000000,fine_sample_B,PARTIAL,1.434373,0.129524,17.987684,2.246914,0.745356,6,4.871000,0.090300,36.579126,False,0.752400,1.775000,2.500000,radial_collapse,1.407420,True,1.386617,1.402257,1.434373,1.396671,1.415886,1.455631,PARTIAL,PARTIAL,PARTIAL,PARTIAL,MEASURABLE,COLLAPSED,P3_0191,B
supercritical_f1.85_beta0.5_M1.0_theta30_seed1_res128_dc1.0,1.850000,0.500000,1.000000,30.000000,1,128,1.000000,0.000000,fine_sample_B,PARTIAL,1.338860,0.126924,17.061521,2.117825,0.735215,6,4.635000,0.094800,31.657269,False,0.728800,1.775000,0.000000,immediate_collapse,1.370444,True,1.387571,1.372749,1.338860,1.376440,1.381553,1.386655,PARTIAL,PARTIAL,PARTIAL,PARTIAL,COLLAPSED,COLLAPSED,P3_0192,B
supercritical_f1.90_beta0.5_M1.0_theta30_seed1_res128_dc1.0,1.900000,0.500000,1.000000,30.000000,1,128,1.000000,0.000000,fine_sample_B,PARTIAL,1.321321,0.116012,16.219537,2.002080,0.725476,7,4.966000,0.087800,36.324789,False,0.704600,1.775000,0.000000,immediate_collapse,1.302074,True,1.297058,1.339210,1.321321,1.310542,1.316171,1.335450,PARTIAL,PARTIAL,PARTIAL,PARTIAL,COLLAPSED,COLLAPSED,P3_0193,B
supercritical_f1.95_beta0.5_M1.0_theta30_seed1_res128_dc1.0,1.950000,0.500000,1.000000,30.000000,1,128,1.000000,0.000000,fine_sample_B,PARTIAL,1.389687,0.135078,15.450601,1.897711,0.716115,7,4.732000,0.097200,41.590167,False,0.679600,1.775000,0.000000,immediate_collapse,1.354211,True,1.357644,1.331601,1.389687,1.381732,1.376506,1.386933,PARTIAL,PARTIAL,PARTIAL,PARTIAL,COLLAPSED,COLLAPSED,P3_0194,B
supercritical_f2.00_beta0.5_M1.0_theta30_seed1_res128_dc1.0,2.000000,0.500000,1.000000,30.000000,1,128,1.000000,0.000000,fine_sample_B,COLLAPSED,,,14.745513,1.803122,0.707107,7,4.437000,0.099100,107.830324,False,0.654000,1.775000,0.000000,immediate_collapse,1.376896,False,1.474954,1.375620,1.391673,1.361320,1.395608,1.393300,COLLAPSED,COLLAPSED,COLLAPSED,COLLAPSED,COLLAPSED,COLLAPSED,P3_0195,B
supercritical_f1.30_beta0.5_M1.0_theta45_seed1_res128_dc1.0,1.300000,0.500000,1.000000,45.000000,1,128,1.000000,0.000000,fine_sample_B,MEASURABLE,1.146890,0.095192,46.308441,5.409130,0.877058,5,5.270000,0.083000,85.160474,False,0.940800,1.850000,3.000000,persistent,1.166364,True,1.220329,1.168335,1.146890,1.189280,1.177360,1.204768,MEASURABLE,MEASURABLE,MEASURABLE,MEASURABLE,MEASURABLE,MEASURABLE,P3_0196,B
supercritical_f1.35_beta0.5_M1.0_theta45_seed1_res128_dc1.0,1.350000,0.500000,1.000000,45.000000,1,128,1.000000,0.000000,fine_sample_B,MEASURABLE,1.120770,0.106921,41.621866,4.728486,0.860663,5,4.574000,0.095400,97.108951,False,0.925500,1.850000,3.000000,persistent,1.121809,True,1.101473,1.175071,1.120770,1.130839,1.132621,1.152301,MEASURABLE,MEASURABLE,MEASURABLE,MEASURABLE,MEASURABLE,MEASURABLE,P3_0197,B
supercritical_f1.40_beta0.5_M1.0_theta45_seed1_res128_dc1.0,1.400000,0.500000,1.000000,45.000000,1,128,1.000000,0.000000,fine_sample_B,MEASURABLE,1.124682,0.081202,37.831778,4.200790,0.845154,8,4.511000,0.072200,109.094014,False,0.908900,1.850000,3.000000,persistent,1.095421,True,1.145159,1.071883,1.124682,1.092731,1.100650,1.122498,MEASURABLE,MEASURABLE,MEASURABLE,MEASURABLE,MEASURABLE,MEASURABLE,P3_0198,B
supercritical_f1.45_beta0.5_M1.0_theta45_seed1_res128_dc1.0,1.450000,0.500000,1.000000,45.000000,1,128,1.000000,0.000000,fine_sample_B,MEASURABLE,1.150623,0.103671,34.688305,3.778737,0.830455,8,5.631000,0.090100,108.027230,False,0.891300,1.850000,3.000000,persistent,1.121535,True,1.106845,1.104992,1.150623,1.117620,1.138109,1.132163,MEASURABLE,MEASURABLE,MEASURABLE,MEASURABLE,MEASURABLE,MEASURABLE,P3_0199,B
supercritical_f1.50_beta0.5_M1.0_theta45_seed1_res128_dc1.0,1.500000,0.500000,1.000000,45.000000,1,128,1.000000,0.000000,fine_sample_B,MEASURABLE,1.095878,0.082739,32.029912,3.432945,0.816497,7,5.477000,0.075500,109.473995,False,0.872700,1.850000,3.000000,persistent,1.030449,True,1.024561,1.027230,1.095878,1.042322,1.043821,1.050160,MEASURABLE,MEASURABLE,MEASURABLE,MEASURABLE,MEASURABLE,MEASURABLE,P3_0200,B
supercritical_f1.55_beta0.5_M1.0_theta45_seed1_res128_dc1.0,1.550000,0.500000,1.000000,45.000000,1,128,1.000000,0.000000,fine_sample_B,MEASURABLE,1.051943,0.081631,29.746721,3.144142,0.803219,6,5.016000,0.077600,96.859564,False,0.853200,1.850000,3.000000,persistent,1.078301,True,1.032812,1.067516,1.051943,1.077654,1.089274,1.113190,MEASURABLE,MEASURABLE,MEASURABLE,MEASURABLE,MEASURABLE,MEASURABLE,P3_0201,B
supercritical_f1.60_beta0.5_M1.0_theta45_seed1_res128_dc1.0,1.600000,0.500000,1.000000,45.000000,1,128,1.000000,0.000000,fine_sample_B,MEASURABLE,1.100891,0.087191,27.760935,2.899123,0.790569,8,5.201000,0.079200,99.682896,False,0.832700,1.850000,3.000000,persistent,1.108085,True,1.149296,1.121556,1.100891,1.108875,1.119793,1.145206,MEASURABLE,MEASURABLE,MEASURABLE,MEASURABLE,MEASURABLE,MEASURABLE,P3_0202,B
supercritical_f1.65_beta0.5_M1.0_theta45_seed1_res128_dc1.0,1.650000,0.500000,1.000000,45.000000,1,128,1.000000,0.000000,fine_sample_B,MEASURABLE,1.090919,0.094037,26.015657,2.688518,0.778499,8,4.921000,0.086200,112.132215,False,0.811300,1.850000,2.500000,radial_collapse,1.070420,True,1.054598,1.066493,1.090919,1.062245,1.076859,1.107087,MEASURABLE,MEASURABLE,MEASURABLE,MEASURABLE,MEASURABLE,COLLAPSED,P3_0203,B
supercritical_f1.70_beta0.5_M1.0_theta45_seed1_res128_dc1.0,1.700000,0.500000,1.000000,45.000000,1,128,1.000000,0.000000,fine_sample_B,PARTIAL,1.017527,0.084556,24.468144,2.505486,0.766965,8,4.785000,0.083100,43.311906,False,0.789200,1.850000,2.500000,radial_collapse,1.041531,True,1.054547,1.043282,1.017527,1.046087,1.049973,1.053851,PARTIAL,PARTIAL,PARTIAL,PARTIAL,MEASURABLE,COLLAPSED,P3_0204,B
supercritical_f1.75_beta0.5_M1.0_theta45_seed1_res128_dc1.0,1.750000,0.500000,1.000000,45.000000,1,128,1.000000,0.000000,fine_sample_B,PARTIAL,1.003499,0.071349,23.085558,2.344904,0.755929,8,5.216000,0.071100,40.633742,False,0.766200,1.850000,2.500000,radial_collapse,0.988881,True,0.985072,1.017085,1.003499,0.995313,0.999588,1.014229,PARTIAL,PARTIAL,PARTIAL,PARTIAL,MEASURABLE,COLLAPSED,P3_0205,B
supercritical_f1.80_beta0.5_M1.0_theta45_seed1_res128_dc1.0,1.800000,0.500000,1.000000,45.000000,1,128,1.000000,0.000000,fine_sample_B,MEASURABLE,1.054726,0.077206,21.842187,2.202857,0.745356,9,5.082000,0.073200,111.782167,False,0.742400,1.850000,2.000000,radial_collapse,1.027801,True,1.030406,1.010641,1.054726,1.048688,1.044722,1.052636,MEASURABLE,MEASURABLE,MEASURABLE,MEASURABLE,COLLAPSED,COLLAPSED,P3_0206,B
supercritical_f1.85_beta0.5_M1.0_theta45_seed1_res128_dc1.0,1.850000,0.500000,1.000000,45.000000,1,128,1.000000,0.000000,fine_sample_B,MEASURABLE,1.055574,0.073574,20.717561,2.076299,0.735215,9,4.887000,0.069700,97.216206,False,0.717900,1.850000,2.000000,radial_collapse,1.044365,True,1.118742,1.043397,1.055574,1.032552,1.058559,1.056808,MEASURABLE,MEASURABLE,MEASURABLE,MEASURABLE,COLLAPSED,COLLAPSED,P3_0207,B
supercritical_f1.90_beta0.5_M1.0_theta45_seed1_res128_dc1.0,1.900000,0.500000,1.000000,45.000000,1,128,1.000000,0.000000,fine_sample_B,PARTIAL,0.970834,0.076308,19.695152,1.962824,0.725476,9,4.753000,0.078600,36.324789,False,0.692600,1.850000,0.000000,immediate_collapse,0.974024,True,0.942629,1.000042,0.970834,0.974079,0.986062,1.006720,PARTIAL,PARTIAL,PARTIAL,PARTIAL,COLLAPSED,COLLAPSED,P3_0208,B
supercritical_f1.95_beta0.5_M1.0_theta45_seed1_res128_dc1.0,1.950000,0.500000,1.000000,45.000000,1,128,1.000000,0.000000,fine_sample_B,MEASURABLE,1.006909,0.091528,18.761444,1.860501,0.716115,10,4.605000,0.090900,105.469682,False,0.666700,1.850000,2.000000,radial_collapse,1.011616,True,0.989235,1.037853,1.006909,1.022239,1.016409,1.025961,MEASURABLE,MEASURABLE,MEASURABLE,MEASURABLE,COLLAPSED,COLLAPSED,P3_0209,B
supercritical_f2.00_beta0.5_M1.0_theta45_seed1_res128_dc1.0,2.000000,0.500000,1.000000,45.000000,1,128,1.000000,0.000000,fine_sample_B,PARTIAL,1.035874,0.086392,17.905265,1.767767,0.707107,11,4.725000,0.083400,38.429305,False,0.640000,1.850000,0.000000,immediate_collapse,1.020201,True,1.015420,1.084979,1.035874,0.999116,1.029958,1.033791,PARTIAL,PARTIAL,PARTIAL,PARTIAL,COLLAPSED,COLLAPSED,P3_0210,B
supercritical_f1.30_beta0.3_M1.0_theta60_seed1_res128_dc1.0,1.300000,0.300000,1.000000,60.000000,1,128,1.000000,0.000000,fine_sample_B,MEASURABLE,0.756364,0.062551,129.663636,7.392477,0.877058,9,5.182000,0.082700,85.160474,False,0.968300,2.341667,3.000000,persistent,0.753063,True,0.764167,0.754950,0.756364,0.759278,0.756623,0.776127,MEASURABLE,MEASURABLE,MEASURABLE,MEASURABLE,MEASURABLE,MEASURABLE,P3_0211,B
supercritical_f1.40_beta0.3_M1.0_theta60_seed1_res128_dc1.0,1.400000,0.300000,1.000000,60.000000,1,128,1.000000,0.000000,fine_sample_B,MEASURABLE,0.716883,0.055415,105.928978,5.741080,0.845154,11,5.333000,0.077300,109.094014,False,0.951200,2.341667,3.000000,persistent,0.725027,True,0.721310,0.730957,0.716883,0.730349,0.737143,0.744580,MEASURABLE,MEASURABLE,MEASURABLE,MEASURABLE,MEASURABLE,MEASURABLE,P3_0212,B
supercritical_f1.50_beta0.3_M1.0_theta60_seed1_res128_dc1.0,1.500000,0.300000,1.000000,60.000000,1,128,1.000000,0.000000,fine_sample_B,MEASURABLE,0.704468,0.051708,89.683754,4.691692,0.816497,12,4.656000,0.073400,109.473995,False,0.931900,2.341667,3.000000,persistent,0.699392,True,0.717145,0.711976,0.704468,0.703562,0.711473,0.710593,MEASURABLE,MEASURABLE,MEASURABLE,MEASURABLE,MEASURABLE,MEASURABLE,P3_0213,B
supercritical_f1.60_beta0.3_M1.0_theta60_seed1_res128_dc1.0,1.600000,0.300000,1.000000,60.000000,1,128,1.000000,0.000000,fine_sample_B,MEASURABLE,0.703981,0.057515,77.730619,3.962134,0.790569,13,4.800000,0.081700,99.682896,False,0.910400,2.341667,3.000000,persistent,0.711037,True,0.712474,0.743351,0.703981,0.711462,0.717091,0.732766,MEASURABLE,MEASURABLE,MEASURABLE,MEASURABLE,MEASURABLE,MEASURABLE,P3_0214,B
supercritical_f1.80_beta0.3_M1.0_theta60_seed1_res128_dc1.0,1.800000,0.300000,1.000000,60.000000,1,128,1.000000,0.000000,fine_sample_B,MEASURABLE,0.662306,0.050998,61.158124,3.010571,0.745356,14,5.414000,0.077000,111.782167,False,0.862100,2.341667,3.000000,persistent,0.655097,True,0.657559,0.657968,0.662306,0.661808,0.665128,0.661471,MEASURABLE,MEASURABLE,MEASURABLE,MEASURABLE,MEASURABLE,MEASURABLE,P3_0215,B
supercritical_f1.30_beta0.5_M1.0_theta60_seed1_res128_dc1.0,1.300000,0.500000,1.000000,60.000000,1,128,1.000000,0.000000,fine_sample_B,MEASURABLE,0.987028,0.088931,58.938016,5.300947,0.877058,8,5.631000,0.090100,85.160474,False,0.938400,1.925000,3.000000,persistent,0.962076,True,0.949474,0.947886,0.987028,0.958718,0.976294,0.971193,MEASURABLE,MEASURABLE,MEASURABLE,MEASURABLE,MEASURABLE,MEASURABLE,P3_0216,B
supercritical_f1.40_beta0.5_M1.0_theta60_seed1_res128_dc1.0,1.400000,0.500000,1.000000,60.000000,1,128,1.000000,0.000000,fine_sample_B,MEASURABLE,0.900373,0.069869,48.149535,4.116774,0.845154,7,5.016000,0.077600,109.094014,False,0.905200,1.925000,3.000000,persistent,0.922934,True,0.883998,0.913702,0.900373,0.922379,0.932325,0.952796,MEASURABLE,MEASURABLE,MEASURABLE,MEASURABLE,MEASURABLE,MEASURABLE,P3_0217,B
supercritical_f1.50_beta0.5_M1.0_theta60_seed1_res128_dc1.0,1.500000,0.500000,1.000000,60.000000,1,128,1.000000,0.000000,fine_sample_B,MEASURABLE,0.931922,0.080332,40.765343,3.364286,0.816497,9,4.921000,0.086200,109.473995,False,0.867500,1.925000,3.000000,persistent,0.914410,True,0.900894,0.911056,0.931922,0.907427,0.919911,0.945734,MEASURABLE,MEASURABLE,MEASURABLE,MEASURABLE,MEASURABLE,MEASURABLE,P3_0218,B
supercritical_f1.60_beta0.5_M1.0_theta60_seed1_res128_dc1.0,1.600000,0.500000,1.000000,60.000000,1,128,1.000000,0.000000,fine_sample_B,MEASURABLE,0.855779,0.060846,35.332100,2.841140,0.790569,9,5.216000,0.071100,99.682896,False,0.825800,1.925000,3.000000,persistent,0.843313,True,0.840065,0.867365,0.855779,0.848798,0.852444,0.864930,MEASURABLE,MEASURABLE,MEASURABLE,MEASURABLE,MEASURABLE,MEASURABLE,P3_0219,B
supercritical_f1.80_beta0.5_M1.0_theta60_seed1_res128_dc1.0,1.800000,0.500000,1.000000,60.000000,1,128,1.000000,0.000000,fine_sample_B,MEASURABLE,0.856225,0.065501,27.799147,2.158800,0.745356,11,4.805000,0.076500,111.782167,False,0.731800,1.925000,2.000000,radial_collapse,0.860228,True,0.841196,0.882539,0.856225,0.869261,0.864304,0.872426,MEASURABLE,MEASURABLE,MEASURABLE,MEASURABLE,COLLAPSED,COLLAPSED,P3_0220,B
supercritical_f1.50_beta0.3_M1.0_theta0_seed1_res128_dc1.0,1.500000,0.300000,1.000000,0.000000,1,128,1.000000,0.000000,resolution,MEASURABLE,2.494537,0.249454,22.420939,5.034986,0.816497,3,4.962000,0.100000,109.473995,False,0.940800,1.966667,3.000000,persistent,2.474301,True,2.531164,2.465842,2.494537,2.453455,2.492887,2.556996,MEASURABLE,MEASURABLE,MEASURABLE,MEASURABLE,MEASURABLE,MEASURABLE,P3_0221,C_resolution
supercritical_f1.50_beta0.3_M1.0_theta0_seed1_res256_dc1.0,1.500000,0.300000,1.000000,0.000000,1,256,1.000000,0.000000,resolution,MEASURABLE,2.476371,0.247637,22.420939,5.034986,0.816497,3,4.962000,0.100000,109.473995,False,0.940800,1.966667,3.000000,persistent,2.469702,True,2.358254,2.531184,2.476371,2.478778,2.509070,2.497937,MEASURABLE,MEASURABLE,MEASURABLE,MEASURABLE,MEASURABLE,MEASURABLE,P3_0222,C_resolution
supercritical_f1.60_beta0.3_M1.0_theta0_seed1_res128_dc1.0,1.600000,0.300000,1.000000,0.000000,1,128,1.000000,0.000000,resolution,PARTIAL,2.400801,0.184862,19.432655,4.252046,0.790569,2,5.201000,0.077000,30.185807,False,0.922200,1.966667,0.000000,never_fragmented,2.358366,True,2.353418,2.398276,2.400801,2.371204,2.395548,2.439844,PARTIAL,PARTIAL,PARTIAL,PARTIAL,PARTIAL,PARTIAL,P3_0223,C_resolution
supercritical_f1.60_beta0.3_M1.0_theta0_seed1_res256_dc1.0,1.600000,0.300000,1.000000,0.000000,1,256,1.000000,0.000000,resolution,PARTIAL,2.449333,0.188599,19.432655,4.252046,0.790569,2,5.201000,0.077000,30.185807,False,0.922200,1.966667,0.000000,never_fragmented,2.420081,True,2.381316,2.430351,2.449333,2.460533,2.441249,2.489201,PARTIAL,PARTIAL,PARTIAL,PARTIAL,PARTIAL,PARTIAL,P3_0224,C_resolution
supercritical_f1.70_beta0.3_M1.0_theta0_seed1_res128_dc1.0,1.700000,0.300000,1.000000,0.000000,1,128,1.000000,0.000000,resolution,MEASURABLE,2.592918,0.222213,17.127701,3.674713,0.766965,4,4.980000,0.085700,102.645073,False,0.902000,1.966667,3.000000,persistent,2.480203,True,2.583805,2.483543,2.592918,2.461744,2.493587,2.522439,MEASURABLE,MEASURABLE,MEASURABLE,MEASURABLE,MEASURABLE,MEASURABLE,P3_0225,C_resolution
supercritical_f1.70_beta0.3_M1.0_theta0_seed1_res256_dc1.0,1.700000,0.300000,1.000000,0.000000,1,256,1.000000,0.000000,resolution,MEASURABLE,2.440226,0.209127,17.127701,3.674713,0.766965,4,4.980000,0.085700,102.645073,False,0.902000,1.966667,3.000000,persistent,2.381814,True,2.435390,2.469130,2.440226,2.421825,2.413836,2.426450,MEASURABLE,MEASURABLE,MEASURABLE,MEASURABLE,MEASURABLE,MEASURABLE,P3_0226,C_resolution
supercritical_f1.80_beta0.3_M1.0_theta0_seed1_res128_dc1.0,1.800000,0.300000,1.000000,0.000000,1,128,1.000000,0.000000,resolution,MEASURABLE,2.584160,0.204924,15.289531,3.230857,0.745356,3,4.575000,0.079300,111.782167,False,0.880300,1.966667,3.000000,persistent,2.501321,True,2.482880,2.480923,2.584160,2.485273,2.534779,2.535280,MEASURABLE,MEASURABLE,MEASURABLE,MEASURABLE,MEASURABLE,MEASURABLE,P3_0227,C_resolution
supercritical_f1.80_beta0.3_M1.0_theta0_seed1_res256_dc1.0,1.800000,0.300000,1.000000,0.000000,1,256,1.000000,0.000000,resolution,MEASURABLE,2.211634,0.175383,15.289531,3.230857,0.745356,3,4.575000,0.079300,111.782167,False,0.880300,1.966667,3.000000,persistent,2.248338,True,2.188802,2.273691,2.211634,2.234524,2.268485,2.281105,MEASURABLE,MEASURABLE,MEASURABLE,MEASURABLE,MEASURABLE,MEASURABLE,P3_0228,C_resolution
supercritical_f1.90_beta0.3_M1.0_theta0_seed1_res128_dc1.0,1.900000,0.300000,1.000000,0.000000,1,128,1.000000,0.000000,resolution,MEASURABLE,2.424905,0.200540,13.786606,2.878808,0.725476,4,5.182000,0.082700,116.739325,False,0.857100,1.966667,3.000000,persistent,2.414323,True,2.449923,2.420374,2.424905,2.434249,2.425737,2.488265,MEASURABLE,MEASURABLE,MEASURABLE,MEASURABLE,MEASURABLE,MEASURABLE,P3_0229,C_resolution
supercritical_f1.90_beta0.3_M1.0_theta0_seed1_res256_dc1.0,1.900000,0.300000,1.000000,0.000000,1,256,1.000000,0.000000,resolution,MEASURABLE,2.469184,0.204202,13.786606,2.878808,0.725476,4,5.182000,0.082700,116.739325,False,0.857100,1.966667,3.000000,persistent,2.416602,True,2.521244,2.457403,2.469184,2.411720,2.454563,2.495371,MEASURABLE,MEASURABLE,MEASURABLE,MEASURABLE,MEASURABLE,MEASURABLE,P3_0230,C_resolution
supercritical_f1.50_beta0.5_M1.0_theta0_seed1_res128_dc1.0,1.500000,0.500000,1.000000,0.000000,1,128,1.000000,0.000000,resolution,PARTIAL,2.698670,0.207258,22.420939,3.570263,0.816497,1,4.966000,0.076800,40.230080,False,0.882300,1.700000,0.000000,immediate_collapse,2.725935,True,2.731396,2.649271,2.698670,2.675961,2.739049,2.781413,PARTIAL,PARTIAL,PARTIAL,PARTIAL,COLLAPSED,COLLAPSED,P3_0231,C_resolution
supercritical_f1.50_beta0.5_M1.0_theta0_seed1_res256_dc1.0,1.500000,0.500000,1.000000,0.000000,1,256,1.000000,0.000000,resolution,PARTIAL,2.702935,0.207585,22.420939,3.570263,0.816497,1,4.966000,0.076800,40.230080,False,0.882300,1.700000,0.000000,immediate_collapse,2.707553,True,2.669556,2.722580,2.702935,2.734288,2.737083,2.759660,PARTIAL,PARTIAL,PARTIAL,PARTIAL,COLLAPSED,COLLAPSED,P3_0232,C_resolution
supercritical_f1.60_beta0.5_M1.0_theta0_seed1_res128_dc1.0,1.600000,0.500000,1.000000,0.000000,1,128,1.000000,0.000000,resolution,PARTIAL,2.834085,0.211990,19.432655,3.015087,0.790569,3,4.765000,0.074800,30.185807,False,0.845300,1.700000,3.000000,persistent,2.844521,True,2.861686,2.816490,2.834085,2.885376,2.894221,2.878743,PARTIAL,PARTIAL,PARTIAL,PARTIAL,MEASURABLE,MEASURABLE,P3_0233,C_resolution
supercritical_f1.60_beta0.5_M1.0_theta0_seed1_res256_dc1.0,1.600000,0.500000,1.000000,0.000000,1,256,1.000000,0.000000,resolution,PARTIAL,2.856684,0.213680,19.432655,3.015087,0.790569,3,4.765000,0.074800,30.185807,False,0.845300,1.700000,3.000000,persistent,2.913121,True,2.963908,2.940688,2.856684,2.921791,2.965017,2.940113,PARTIAL,PARTIAL,PARTIAL,PARTIAL,MEASURABLE,MEASURABLE,P3_0234,C_resolution
supercritical_f1.70_beta0.5_M1.0_theta0_seed1_res128_dc1.0,1.700000,0.500000,1.000000,0.000000,1,128,1.000000,0.000000,resolution,PARTIAL,2.849409,0.228523,17.127701,2.605706,0.766965,2,5.131000,0.080200,43.311906,False,0.805100,1.700000,0.000000,immediate_collapse,2.770395,True,2.787718,2.763281,2.849409,2.801109,2.813010,2.830385,PARTIAL,PARTIAL,PARTIAL,PARTIAL,PARTIAL,COLLAPSED,P3_0235,C_resolution
supercritical_f1.70_beta0.5_M1.0_theta0_seed1_res256_dc1.0,1.700000,0.500000,1.000000,0.000000,1,256,1.000000,0.000000,resolution,PARTIAL,2.866651,0.229905,17.127701,2.605706,0.766965,2,5.131000,0.080200,43.311906,False,0.805100,1.700000,0.000000,immediate_collapse,2.860872,True,2.861430,2.867978,2.866651,2.836854,2.903287,2.930412,PARTIAL,PARTIAL,PARTIAL,PARTIAL,PARTIAL,COLLAPSED,P3_0236,C_resolution
supercritical_f1.80_beta0.5_M1.0_theta0_seed1_res128_dc1.0,1.800000,0.500000,1.000000,0.000000,1,128,1.000000,0.000000,resolution,PARTIAL,2.758126,0.312496,15.289531,2.290971,0.745356,2,4.374000,0.113300,36.579126,False,0.761800,1.700000,0.000000,immediate_collapse,2.760685,True,2.710639,2.891757,2.758126,2.782906,2.787292,2.835722,PARTIAL,PARTIAL,PARTIAL,PARTIAL,PARTIAL,COLLAPSED,P3_0237,C_resolution
supercritical_f1.80_beta0.5_M1.0_theta0_seed1_res256_dc1.0,1.800000,0.500000,1.000000,0.000000,1,256,1.000000,0.000000,resolution,PARTIAL,2.553509,0.289313,15.289531,2.290971,0.745356,2,4.374000,0.113300,36.579126,False,0.761800,1.700000,0.000000,immediate_collapse,2.595318,True,2.661842,2.591575,2.553509,2.567037,2.625743,2.682959,PARTIAL,PARTIAL,PARTIAL,PARTIAL,PARTIAL,COLLAPSED,P3_0238,C_resolution
supercritical_f1.90_beta0.5_M1.0_theta0_seed1_res128_dc1.0,1.900000,0.500000,1.000000,0.000000,1,128,1.000000,0.000000,resolution,PARTIAL,2.846404,0.352669,13.786606,2.041337,0.725476,4,5.231000,0.123900,36.324789,False,0.715800,1.700000,0.000000,immediate_collapse,2.774447,True,2.738107,2.733525,2.846404,2.764764,2.815449,2.800738,PARTIAL,PARTIAL,PARTIAL,PARTIAL,COLLAPSED,COLLAPSED,P3_0239,C_resolution
supercritical_f1.90_beta0.5_M1.0_theta0_seed1_res256_dc1.0,1.900000,0.500000,1.000000,0.000000,1,256,1.000000,0.000000,resolution,PARTIAL,2.487645,0.308219,13.786606,2.041337,0.725476,4,5.231000,0.123900,36.324789,False,0.715800,1.700000,0.000000,immediate_collapse,2.469387,True,2.312901,2.462423,2.487645,2.462353,2.481603,2.545819,PARTIAL,PARTIAL,PARTIAL,PARTIAL,COLLAPSED,COLLAPSED,P3_0240,C_resolution
supercritical_f1.50_beta0.3_M1.0_theta30_seed1_res128_dc1.0,1.500000,0.300000,1.000000,30.000000,1,128,1.000000,0.000000,resolution,MEASURABLE,1.264289,0.100258,29.894585,4.920555,0.816497,6,4.575000,0.079300,109.473995,False,0.938000,2.091667,3.000000,persistent,1.223760,True,1.214738,1.213780,1.264289,1.215909,1.240129,1.240374,MEASURABLE,MEASURABLE,MEASURABLE,MEASURABLE,MEASURABLE,MEASURABLE,P3_0241,C_resolution
supercritical_f1.50_beta0.3_M1.0_theta30_seed1_res256_dc1.0,1.500000,0.300000,1.000000,30.000000,1,256,1.000000,0.000000,resolution,MEASURABLE,1.082032,0.085805,29.894585,4.920555,0.816497,6,4.575000,0.079300,109.473995,False,0.938000,2.091667,3.000000,persistent,1.099989,True,1.070862,1.112393,1.082032,1.093231,1.109846,1.116020,MEASURABLE,MEASURABLE,MEASURABLE,MEASURABLE,MEASURABLE,MEASURABLE,P3_0242,C_resolution
supercritical_f1.60_beta0.3_M1.0_theta30_seed1_res128_dc1.0,1.600000,0.300000,1.000000,30.000000,1,128,1.000000,0.000000,resolution,MEASURABLE,1.182653,0.097805,25.910206,4.155409,0.790569,7,5.182000,0.082700,99.682896,False,0.918600,2.091667,3.000000,persistent,1.177492,True,1.194855,1.180443,1.182653,1.187210,1.183059,1.213554,MEASURABLE,MEASURABLE,MEASURABLE,MEASURABLE,MEASURABLE,MEASURABLE,P3_0243,C_resolution
supercritical_f1.60_beta0.3_M1.0_theta30_seed1_res256_dc1.0,1.600000,0.300000,1.000000,30.000000,1,256,1.000000,0.000000,resolution,MEASURABLE,1.204248,0.099591,25.910206,4.155409,0.790569,7,5.182000,0.082700,99.682896,False,0.918600,2.091667,3.000000,persistent,1.178604,True,1.229639,1.198503,1.204248,1.176222,1.197117,1.217020,MEASURABLE,MEASURABLE,MEASURABLE,MEASURABLE,MEASURABLE,MEASURABLE,P3_0244,C_resolution
supercritical_f1.70_beta0.3_M1.0_theta30_seed1_res128_dc1.0,1.700000,0.300000,1.000000,30.000000,1,128,1.000000,0.000000,resolution,MEASURABLE,1.125464,0.086998,22.836934,3.591197,0.766965,8,5.333000,0.077300,102.645073,False,0.897400,2.091667,3.000000,persistent,1.138250,True,1.132413,1.147559,1.125464,1.146605,1.157271,1.168946,MEASURABLE,MEASURABLE,MEASURABLE,MEASURABLE,MEASURABLE,MEASURABLE,P3_0245,C_resolution
supercritical_f1.70_beta0.3_M1.0_theta30_seed1_res256_dc1.0,1.700000,0.300000,1.000000,30.000000,1,256,1.000000,0.000000,resolution,MEASURABLE,1.147040,0.088666,22.836934,3.591197,0.766965,8,5.333000,0.077300,102.645073,False,0.897400,2.091667,3.000000,persistent,1.141447,True,1.184070,1.144529,1.147040,1.136278,1.147971,1.175035,MEASURABLE,MEASURABLE,MEASURABLE,MEASURABLE,MEASURABLE,MEASURABLE,P3_0246,C_resolution
supercritical_f1.50_beta0.3_M1.0_theta45_seed1_res128_dc1.0,1.500000,0.300000,1.000000,45.000000,1,128,1.000000,0.000000,resolution,MEASURABLE,0.864241,0.068534,44.841877,4.806123,0.816497,8,5.308000,0.079300,109.473995,False,0.935100,2.216667,3.000000,persistent,0.887824,True,0.887996,0.868467,0.864241,0.901597,0.892536,0.916179,MEASURABLE,MEASURABLE,MEASURABLE,MEASURABLE,MEASURABLE,MEASURABLE,P3_0247,C_resolution
supercritical_f1.50_beta0.3_M1.0_theta45_seed1_res256_dc1.0,1.500000,0.300000,1.000000,45.000000,1,256,1.000000,0.000000,resolution,MEASURABLE,0.916908,0.072711,44.841877,4.806123,0.816497,8,5.308000,0.079300,109.473995,False,0.935100,2.216667,3.000000,persistent,0.883836,True,0.947950,0.915798,0.916908,0.868526,0.889549,0.897063,MEASURABLE,MEASURABLE,MEASURABLE,MEASURABLE,MEASURABLE,MEASURABLE,P3_0248,C_resolution
supercritical_f1.60_beta0.3_M1.0_theta45_seed1_res128_dc1.0,1.600000,0.300000,1.000000,45.000000,1,128,1.000000,0.000000,resolution,MEASURABLE,0.859625,0.060432,38.865309,4.058772,0.790569,10,5.134000,0.070300,99.682896,False,0.914600,2.216667,3.000000,persistent,0.835546,True,0.853451,0.828348,0.859625,0.855950,0.843510,0.862883,MEASURABLE,MEASURABLE,MEASURABLE,MEASURABLE,MEASURABLE,MEASURABLE,P3_0249,C_resolution
supercritical_f1.60_beta0.3_M1.0_theta45_seed1_res256_dc1.0,1.600000,0.300000,1.000000,45.000000,1,256,1.000000,0.000000,resolution,MEASURABLE,0.781005,0.054905,38.865309,4.058772,0.790569,10,5.134000,0.070300,99.682896,False,0.914600,2.216667,3.000000,persistent,0.815612,True,0.813666,0.809324,0.781005,0.838561,0.828131,0.826405,MEASURABLE,MEASURABLE,MEASURABLE,MEASURABLE,MEASURABLE,MEASURABLE,P3_0250,C_resolution
supercritical_f1.50_beta0.5_M1.0_theta30_seed1_res128_dc1.0,1.500000,0.500000,1.000000,30.000000,1,128,1.000000,0.000000,resolution,MEASURABLE,1.465532,0.139812,26.377575,3.501604,0.816497,4,4.574000,0.095400,109.473995,False,0.877700,1.775000,3.000000,persistent,1.466891,True,1.440299,1.536536,1.465532,1.478698,1.481029,1.506762,MEASURABLE,MEASURABLE,MEASURABLE,MEASURABLE,MEASURABLE,MEASURABLE,P3_0251,C_resolution
supercritical_f1.50_beta0.5_M1.0_theta30_seed1_res256_dc1.0,1.500000,0.500000,1.000000,30.000000,1,256,1.000000,0.000000,resolution,MEASURABLE,1.356808,0.129439,26.377575,3.501604,0.816497,4,4.574000,0.095400,109.473995,False,0.877700,1.775000,3.000000,persistent,1.379024,True,1.414371,1.377035,1.356808,1.363997,1.395190,1.425591,MEASURABLE,MEASURABLE,MEASURABLE,MEASURABLE,MEASURABLE,MEASURABLE,P3_0252,C_resolution
supercritical_f1.60_beta0.5_M1.0_theta30_seed1_res128_dc1.0,1.600000,0.500000,1.000000,30.000000,1,128,1.000000,0.000000,resolution,MEASURABLE,1.507695,0.135843,22.861947,2.957105,0.790569,6,5.631000,0.090100,99.682896,False,0.839200,1.775000,3.000000,persistent,1.469580,True,1.450331,1.447904,1.507695,1.464451,1.491298,1.483506,MEASURABLE,MEASURABLE,MEASURABLE,MEASURABLE,MEASURABLE,MEASURABLE,P3_0253,C_resolution
supercritical_f1.60_beta0.5_M1.0_theta30_seed1_res256_dc1.0,1.600000,0.500000,1.000000,30.000000,1,256,1.000000,0.000000,resolution,MEASURABLE,1.317666,0.118722,22.861947,2.957105,0.790569,6,5.631000,0.090100,99.682896,False,0.839200,1.775000,3.000000,persistent,1.307994,True,1.225107,1.304306,1.317666,1.304269,1.314465,1.348480,MEASURABLE,MEASURABLE,MEASURABLE,MEASURABLE,MEASURABLE,MEASURABLE,P3_0254,C_resolution
supercritical_f1.50_beta0.5_M1.0_theta45_seed1_res128_dc1.0,1.500000,0.500000,1.000000,45.000000,1,128,1.000000,0.000000,resolution,MEASURABLE,1.095878,0.082739,32.029912,3.432945,0.816497,7,5.477000,0.075500,109.473995,False,0.872700,1.850000,3.000000,persistent,1.030449,True,1.024561,1.027230,1.095878,1.042322,1.043821,1.050160,MEASURABLE,MEASURABLE,MEASURABLE,MEASURABLE,MEASURABLE,MEASURABLE,P3_0255,C_resolution
supercritical_f1.50_beta0.5_M1.0_theta45_seed1_res256_dc1.0,1.500000,0.500000,1.000000,45.000000,1,256,1.000000,0.000000,resolution,MEASURABLE,1.081601,0.081661,32.029912,3.432945,0.816497,7,5.477000,0.075500,109.473995,False,0.872700,1.850000,3.000000,persistent,1.097881,True,1.126561,1.128905,1.081601,1.103771,1.108006,1.118826,MEASURABLE,MEASURABLE,MEASURABLE,MEASURABLE,MEASURABLE,MEASURABLE,P3_0256,C_resolution
supercritical_f1.50_beta0.3_M2.0_theta0_seed1_res128_dc1.0,1.500000,0.300000,2.000000,0.000000,1,128,1.000000,0.000000,resolution,PARTIAL,2.325350,0.248812,22.420939,5.034986,0.816497,2,5.201000,0.107000,40.230080,False,0.940800,1.886667,0.000000,never_fragmented,2.284249,True,2.279456,2.322905,2.325350,2.296683,2.320262,2.363167,PARTIAL,PARTIAL,PARTIAL,PARTIAL,PARTIAL,PARTIAL,P3_0257,C_resolution
supercritical_f1.50_beta0.3_M2.0_theta0_seed1_res256_dc1.0,1.500000,0.300000,2.000000,0.000000,1,256,1.000000,0.000000,resolution,PARTIAL,2.372357,0.253842,22.420939,5.034986,0.816497,2,5.201000,0.107000,40.230080,False,0.940800,1.886667,0.000000,never_fragmented,2.344024,True,2.306478,2.353972,2.372357,2.383205,2.364527,2.410972,PARTIAL,PARTIAL,PARTIAL,PARTIAL,PARTIAL,PARTIAL,P3_0258,C_resolution
supercritical_f1.60_beta0.3_M2.0_theta0_seed1_res128_dc1.0,1.600000,0.300000,2.000000,0.000000,1,128,1.000000,0.000000,resolution,MEASURABLE,2.508483,0.290231,19.432655,4.252046,0.790569,5,4.980000,0.115700,99.682896,False,0.922200,1.886667,3.000000,persistent,2.399438,True,2.499667,2.402670,2.508483,2.381580,2.412386,2.440298,MEASURABLE,MEASURABLE,MEASURABLE,MEASURABLE,MEASURABLE,MEASURABLE,P3_0259,C_resolution
supercritical_f1.60_beta0.3_M2.0_theta0_seed1_res256_dc1.0,1.600000,0.300000,2.000000,0.000000,1,256,1.000000,0.000000,resolution,MEASURABLE,2.360763,0.273140,19.432655,4.252046,0.790569,5,4.980000,0.115700,99.682896,False,0.922200,1.886667,3.000000,persistent,2.304253,True,2.356084,2.388726,2.360763,2.342961,2.335232,2.347435,MEASURABLE,MEASURABLE,MEASURABLE,MEASURABLE,MEASURABLE,MEASURABLE,P3_0260,C_resolution
supercritical_f1.50_beta0.3_M1.0_theta0_seed1_res128_dc1.5,1.500000,0.300000,1.000000,0.000000,1,128,1.500000,0.000000,alt_density,MEASURABLE,2.553191,0.255319,22.420939,5.034986,0.816497,3,4.962000,0.100000,109.473995,False,0.940800,1.966667,3.000000,persistent,2.575378,True,2.630634,2.612170,2.553191,2.631041,2.606823,2.624471,MEASURABLE,MEASURABLE,MEASURABLE,MEASURABLE,MEASURABLE,MEASURABLE,P3_0261,C_alt_density
supercritical_f1.55_beta0.3_M1.0_theta0_seed1_res128_dc1.5,1.550000,0.300000,1.000000,0.000000,1,128,1.500000,0.000000,alt_density,MEASURABLE,2.484371,0.206700,20.822705,4.611408,0.803219,3,5.002000,0.083200,96.859564,False,0.931700,1.966667,3.000000,persistent,2.440459,True,2.435339,2.481759,2.484371,2.453744,2.478936,2.524774,MEASURABLE,MEASURABLE,MEASURABLE,MEASURABLE,MEASURABLE,MEASURABLE,P3_0262,C_alt_density
supercritical_f1.60_beta0.3_M1.0_theta0_seed1_res128_dc1.5,1.600000,0.300000,1.000000,0.000000,1,128,1.500000,0.000000,alt_density,PARTIAL,2.521246,0.194136,19.432655,4.252046,0.790569,2,5.201000,0.077000,30.185807,False,0.922200,1.966667,0.000000,never_fragmented,2.562716,True,2.558762,2.592911,2.521246,2.555797,2.585525,2.601884,PARTIAL,PARTIAL,PARTIAL,PARTIAL,PARTIAL,PARTIAL,P3_0263,C_alt_density
supercritical_f1.65_beta0.3_M1.0_theta0_seed1_res128_dc1.5,1.650000,0.300000,1.000000,0.000000,1,128,1.500000,0.000000,alt_density,MEASURABLE,2.681650,0.222845,18.210960,3.943160,0.778499,4,4.870000,0.083100,112.132215,False,0.912300,1.966667,3.000000,persistent,2.565078,True,2.672226,2.568533,2.681650,2.545988,2.578920,2.608759,MEASURABLE,MEASURABLE,MEASURABLE,MEASURABLE,MEASURABLE,MEASURABLE,P3_0264,C_alt_density
supercritical_f1.70_beta0.3_M1.0_theta0_seed1_res128_dc1.5,1.700000,0.300000,1.000000,0.000000,1,128,1.500000,0.000000,alt_density,MEASURABLE,2.583048,0.221367,17.127701,3.674713,0.766965,4,4.980000,0.085700,102.645073,False,0.902000,1.966667,3.000000,persistent,2.551511,True,2.630418,2.591999,2.583048,2.496218,2.563470,2.611935,MEASURABLE,MEASURABLE,MEASURABLE,MEASURABLE,MEASURABLE,MEASURABLE,P3_0265,C_alt_density
supercritical_f1.50_beta0.5_M1.0_theta0_seed1_res128_dc1.5,1.500000,0.500000,1.000000,0.000000,1,128,1.500000,0.000000,alt_density,PARTIAL,2.842971,0.218340,22.420939,3.570263,0.816497,1,4.966000,0.076800,40.230080,False,0.882300,1.700000,0.000000,immediate_collapse,2.808825,True,2.808354,2.878467,2.842971,2.795148,2.822359,2.868181,PARTIAL,PARTIAL,PARTIAL,PARTIAL,COLLAPSED,COLLAPSED,P3_0266,C_alt_density
supercritical_f1.55_beta0.5_M1.0_theta0_seed1_res128_dc1.5,1.550000,0.500000,1.000000,0.000000,1,128,1.500000,0.000000,alt_density,PARTIAL,2.932738,0.253095,20.822705,3.269908,0.803219,2,5.041000,0.086300,38.537100,False,0.864200,1.700000,0.000000,never_fragmented,2.943537,True,2.961299,2.914531,2.932738,2.985814,2.994967,2.978950,PARTIAL,PARTIAL,PARTIAL,PARTIAL,PARTIAL,PARTIAL,P3_0267,C_alt_density
supercritical_f1.60_beta0.5_M1.0_theta0_seed1_res128_dc1.5,1.600000,0.500000,1.000000,0.000000,1,128,1.500000,0.000000,alt_density,PARTIAL,3.037960,0.227239,19.432655,3.015087,0.790569,3,4.765000,0.074800,30.185807,False,0.845300,1.700000,3.000000,persistent,3.032859,True,3.089650,3.058127,3.037960,2.980437,3.050528,3.082028,PARTIAL,PARTIAL,PARTIAL,PARTIAL,MEASURABLE,MEASURABLE,P3_0268,C_alt_density
supercritical_f1.65_beta0.5_M1.0_theta0_seed1_res128_dc1.5,1.650000,0.500000,1.000000,0.000000,1,128,1.500000,0.000000,alt_density,PARTIAL,2.946918,0.251372,18.210960,2.796059,0.778499,4,4.847000,0.085300,34.934297,False,0.825600,1.700000,3.000000,persistent,2.865200,True,2.883116,2.857843,2.946918,2.896966,2.909274,2.927244,PARTIAL,PARTIAL,PARTIAL,PARTIAL,MEASURABLE,MEASURABLE,P3_0269,C_alt_density
supercritical_f1.70_beta0.5_M1.0_theta0_seed1_res128_dc1.5,1.700000,0.500000,1.000000,0.000000,1,128,1.500000,0.000000,alt_density,PARTIAL,2.909869,0.233371,17.127701,2.605706,0.766965,2,5.131000,0.080200,43.311906,False,0.805100,1.700000,0.000000,immediate_collapse,2.959276,True,3.096197,2.964277,2.909869,3.017419,2.987175,3.056716,PARTIAL,PARTIAL,PARTIAL,PARTIAL,PARTIAL,COLLAPSED,P3_0270,C_alt_density
supercritical_f1.50_beta0.3_M1.0_theta30_seed1_res128_dc1.5,1.500000,0.300000,1.000000,30.000000,1,128,1.500000,0.000000,alt_density,MEASURABLE,1.224842,0.097130,29.894585,4.920555,0.816497,6,4.575000,0.079300,109.473995,False,0.938000,2.091667,3.000000,persistent,1.219848,True,1.264765,1.198006,1.224842,1.236079,1.230394,1.243245,MEASURABLE,MEASURABLE,MEASURABLE,MEASURABLE,MEASURABLE,MEASURABLE,P3_0271,C_alt_density
supercritical_f1.60_beta0.3_M1.0_theta30_seed1_res128_dc1.5,1.600000,0.300000,1.000000,30.000000,1,128,1.500000,0.000000,alt_density,MEASURABLE,1.192783,0.098643,25.910206,4.155409,0.790569,7,5.182000,0.082700,99.682896,False,0.918600,2.091667,3.000000,persistent,1.225331,True,1.225569,1.198615,1.192783,1.244340,1.231835,1.264465,MEASURABLE,MEASURABLE,MEASURABLE,MEASURABLE,MEASURABLE,MEASURABLE,P3_0272,C_alt_density
supercritical_f1.50_beta0.3_M1.0_theta45_seed1_res128_dc1.5,1.500000,0.300000,1.000000,45.000000,1,128,1.500000,0.000000,alt_density,MEASURABLE,0.872472,0.069187,44.841877,4.806123,0.816497,8,5.308000,0.079300,109.473995,False,0.935100,2.216667,3.000000,persistent,0.882384,True,0.877859,0.889600,0.872472,0.888861,0.897129,0.906180,MEASURABLE,MEASURABLE,MEASURABLE,MEASURABLE,MEASURABLE,MEASURABLE,P3_0273,C_alt_density
supercritical_f1.60_beta0.3_M1.0_theta45_seed1_res128_dc1.5,1.600000,0.300000,1.000000,45.000000,1,128,1.500000,0.000000,alt_density,MEASURABLE,0.858509,0.060353,38.865309,4.058772,0.790569,10,5.134000,0.070300,99.682896,False,0.914600,2.216667,3.000000,persistent,0.852323,True,0.873958,0.867659,0.858509,0.857405,0.867046,0.865973,MEASURABLE,MEASURABLE,MEASURABLE,MEASURABLE,MEASURABLE,MEASURABLE,P3_0274,C_alt_density
supercritical_f1.50_beta0.5_M1.0_theta30_seed1_res128_dc1.5,1.500000,0.500000,1.000000,30.000000,1,128,1.500000,0.000000,alt_density,MEASURABLE,1.523950,0.145385,26.377575,3.501604,0.816497,4,4.574000,0.095400,109.473995,False,0.877700,1.775000,3.000000,persistent,1.484301,True,1.551697,1.452407,1.523950,1.480656,1.491386,1.520990,MEASURABLE,MEASURABLE,MEASURABLE,MEASURABLE,MEASURABLE,MEASURABLE,P3_0275,C_alt_density
supercritical_f1.60_beta0.5_M1.0_theta30_seed1_res128_dc1.5,1.600000,0.500000,1.000000,30.000000,1,128,1.500000,0.000000,alt_density,MEASURABLE,1.486906,0.133970,22.861947,2.957105,0.790569,6,5.631000,0.090100,99.682896,False,0.839200,1.775000,3.000000,persistent,1.398131,True,1.390142,1.393763,1.486906,1.414241,1.416274,1.424875,MEASURABLE,MEASURABLE,MEASURABLE,MEASURABLE,MEASURABLE,MEASURABLE,P3_0276,C_alt_density
supercritical_f1.50_beta0.5_M1.0_theta45_seed1_res128_dc1.5,1.500000,0.500000,1.000000,45.000000,1,128,1.500000,0.000000,alt_density,MEASURABLE,1.088901,0.082212,32.029912,3.432945,0.816497,7,5.477000,0.075500,109.473995,False,0.872700,1.850000,3.000000,persistent,1.116185,True,1.069097,1.105021,1.088901,1.115515,1.127543,1.152300,MEASURABLE,MEASURABLE,MEASURABLE,MEASURABLE,MEASURABLE,MEASURABLE,P3_0277,C_alt_density
supercritical_f1.60_beta0.5_M1.0_theta45_seed1_res128_dc1.5,1.600000,0.500000,1.000000,45.000000,1,128,1.500000,0.000000,alt_density,MEASURABLE,1.128562,0.089382,27.760935,2.899123,0.790569,8,5.201000,0.079200,99.682896,False,0.832700,1.850000,3.000000,persistent,1.107356,True,1.090988,1.103293,1.128562,1.098898,1.114017,1.145289,MEASURABLE,MEASURABLE,MEASURABLE,MEASURABLE,MEASURABLE,MEASURABLE,P3_0278,C_alt_density
supercritical_f1.50_beta0.3_M2.0_theta0_seed1_res128_dc1.5,1.500000,0.300000,2.000000,0.000000,1,128,1.500000,0.000000,alt_density,PARTIAL,2.442010,0.261295,22.420939,5.034986,0.816497,2,5.201000,0.107000,40.230080,False,0.940800,1.886667,0.000000,never_fragmented,2.482176,True,2.478347,2.511422,2.442010,2.475475,2.504269,2.520114,PARTIAL,PARTIAL,PARTIAL,PARTIAL,PARTIAL,PARTIAL,P3_0279,C_alt_density
supercritical_f1.60_beta0.3_M2.0_theta0_seed1_res128_dc1.5,1.600000,0.300000,2.000000,0.000000,1,128,1.500000,0.000000,alt_density,MEASURABLE,2.498934,0.289127,19.432655,4.252046,0.790569,5,4.980000,0.115700,99.682896,False,0.922200,1.886667,3.000000,persistent,2.468424,True,2.544761,2.507594,2.498934,2.414932,2.479993,2.526880,MEASURABLE,MEASURABLE,MEASURABLE,MEASURABLE,MEASURABLE,MEASURABLE,P3_0280,C_alt_density
supercritical_f1.50_beta0.3_M1.0_theta0_seed1_res128_dc1.0,1.500000,0.300000,1.000000,0.000000,1,128,1.000000,0.050000,alt_perturb,MEASURABLE,2.595234,0.259523,22.420939,5.034986,0.816497,3,4.962000,0.100000,109.473995,False,0.940800,1.966667,3.000000,persistent,2.574182,True,2.633341,2.565382,2.595234,2.552494,2.593518,2.660215,MEASURABLE,MEASURABLE,MEASURABLE,MEASURABLE,MEASURABLE,MEASURABLE,P3_0281,C_alt_perturb
supercritical_f1.55_beta0.3_M1.0_theta0_seed1_res128_dc1.0,1.550000,0.300000,1.000000,0.000000,1,128,1.000000,0.050000,alt_perturb,MEASURABLE,2.450134,0.203851,20.822705,4.611408,0.803219,3,5.002000,0.083200,96.859564,False,0.931700,1.966667,3.000000,persistent,2.471426,True,2.524451,2.506732,2.450134,2.524842,2.501602,2.518537,MEASURABLE,MEASURABLE,MEASURABLE,MEASURABLE,MEASURABLE,MEASURABLE,P3_0282,C_alt_perturb
supercritical_f1.60_beta0.3_M1.0_theta0_seed1_res128_dc1.0,1.600000,0.300000,1.000000,0.000000,1,128,1.000000,0.050000,alt_perturb,PARTIAL,2.413355,0.185828,19.432655,4.252046,0.790569,2,5.201000,0.077000,30.185807,False,0.922200,1.966667,0.000000,never_fragmented,2.370699,True,2.365725,2.410818,2.413355,2.383604,2.408075,2.452603,PARTIAL,PARTIAL,PARTIAL,PARTIAL,PARTIAL,PARTIAL,P3_0283,C_alt_perturb
supercritical_f1.65_beta0.3_M1.0_theta0_seed1_res128_dc1.0,1.650000,0.300000,1.000000,0.000000,1,128,1.000000,0.050000,alt_perturb,MEASURABLE,2.437305,0.202540,18.210960,3.943160,0.778499,4,4.870000,0.083100,112.132215,False,0.912300,1.966667,3.000000,persistent,2.477394,True,2.473571,2.506583,2.437305,2.470705,2.499444,2.515258,MEASURABLE,MEASURABLE,MEASURABLE,MEASURABLE,MEASURABLE,MEASURABLE,P3_0284,C_alt_perturb
supercritical_f1.70_beta0.3_M1.0_theta0_seed1_res128_dc1.0,1.700000,0.300000,1.000000,0.000000,1,128,1.000000,0.050000,alt_perturb,MEASURABLE,2.527589,0.216614,17.127701,3.674713,0.766965,4,4.980000,0.085700,102.645073,False,0.902000,1.966667,3.000000,persistent,2.417714,True,2.518706,2.420970,2.527589,2.399720,2.430760,2.458885,MEASURABLE,MEASURABLE,MEASURABLE,MEASURABLE,MEASURABLE,MEASURABLE,P3_0285,C_alt_perturb
supercritical_f1.50_beta0.5_M1.0_theta0_seed1_res128_dc1.0,1.500000,0.500000,1.000000,0.000000,1,128,1.000000,0.050000,alt_perturb,PARTIAL,2.708614,0.208022,22.420939,3.570263,0.816497,1,4.966000,0.076800,40.230080,False,0.882300,1.700000,0.000000,immediate_collapse,2.735980,True,2.741460,2.659032,2.708614,2.685821,2.749142,2.791662,PARTIAL,PARTIAL,PARTIAL,PARTIAL,COLLAPSED,COLLAPSED,P3_0286,C_alt_perturb
supercritical_f1.55_beta0.5_M1.0_theta0_seed1_res128_dc1.0,1.550000,0.500000,1.000000,0.000000,1,128,1.000000,0.050000,alt_perturb,PARTIAL,2.653352,0.228984,20.822705,3.269908,0.803219,2,5.041000,0.086300,38.537100,False,0.864200,1.700000,0.000000,never_fragmented,2.621484,True,2.621045,2.686481,2.653352,2.608719,2.634115,2.676881,PARTIAL,PARTIAL,PARTIAL,PARTIAL,PARTIAL,PARTIAL,P3_0287,C_alt_perturb
supercritical_f1.60_beta0.5_M1.0_theta0_seed1_res128_dc1.0,1.600000,0.500000,1.000000,0.000000,1,128,1.000000,0.050000,alt_perturb,PARTIAL,2.746586,0.205445,19.432655,3.015087,0.790569,3,4.765000,0.074800,30.185807,False,0.845300,1.700000,3.000000,persistent,2.756700,True,2.773335,2.729535,2.746586,2.796294,2.804866,2.789865,PARTIAL,PARTIAL,PARTIAL,PARTIAL,MEASURABLE,MEASURABLE,P3_0288,C_alt_perturb
supercritical_f1.65_beta0.5_M1.0_theta0_seed1_res128_dc1.0,1.650000,0.500000,1.000000,0.000000,1,128,1.000000,0.050000,alt_perturb,PARTIAL,2.953533,0.251936,18.210960,2.796059,0.778499,4,4.847000,0.085300,34.934297,False,0.825600,1.700000,3.000000,persistent,2.948574,True,3.003786,2.973140,2.953533,2.897608,2.965752,2.996377,PARTIAL,PARTIAL,PARTIAL,PARTIAL,MEASURABLE,MEASURABLE,P3_0289,C_alt_perturb
supercritical_f1.70_beta0.5_M1.0_theta0_seed1_res128_dc1.0,1.700000,0.500000,1.000000,0.000000,1,128,1.000000,0.050000,alt_perturb,PARTIAL,2.813035,0.225605,17.127701,2.605706,0.766965,2,5.131000,0.080200,43.311906,False,0.805100,1.700000,0.000000,immediate_collapse,2.735029,True,2.752132,2.728006,2.813035,2.765352,2.777100,2.794254,PARTIAL,PARTIAL,PARTIAL,PARTIAL,PARTIAL,COLLAPSED,P3_0290,C_alt_perturb
supercritical_f1.50_beta0.3_M1.0_theta30_seed1_res128_dc1.0,1.500000,0.300000,1.000000,30.000000,1,128,1.000000,0.050000,alt_perturb,MEASURABLE,1.229046,0.097463,29.894585,4.920555,0.816497,6,4.575000,0.079300,109.473995,False,0.938000,2.091667,3.000000,persistent,1.189647,True,1.180876,1.179945,1.229046,1.182014,1.205560,1.205798,MEASURABLE,MEASURABLE,MEASURABLE,MEASURABLE,MEASURABLE,MEASURABLE,P3_0291,C_alt_perturb
supercritical_f1.60_beta0.3_M1.0_theta30_seed1_res128_dc1.0,1.600000,0.300000,1.000000,30.000000,1,128,1.000000,0.050000,alt_perturb,MEASURABLE,1.165154,0.096358,25.910206,4.155409,0.790569,7,5.182000,0.082700,99.682896,False,0.918600,2.091667,3.000000,persistent,1.160069,True,1.177175,1.162977,1.165154,1.169644,1.165554,1.195598,MEASURABLE,MEASURABLE,MEASURABLE,MEASURABLE,MEASURABLE,MEASURABLE,P3_0292,C_alt_perturb
supercritical_f1.50_beta0.3_M1.0_theta45_seed1_res128_dc1.0,1.500000,0.300000,1.000000,45.000000,1,128,1.000000,0.050000,alt_perturb,MEASURABLE,0.874670,0.069361,44.841877,4.806123,0.816497,8,5.308000,0.079300,109.473995,False,0.935100,2.216667,3.000000,persistent,0.898537,True,0.898712,0.878947,0.874670,0.912477,0.903307,0.927234,MEASURABLE,MEASURABLE,MEASURABLE,MEASURABLE,MEASURABLE,MEASURABLE,P3_0293,C_alt_perturb
supercritical_f1.60_beta0.3_M1.0_theta45_seed1_res128_dc1.0,1.600000,0.300000,1.000000,45.000000,1,128,1.000000,0.050000,alt_perturb,MEASURABLE,0.826423,0.058098,38.865309,4.058772,0.790569,10,5.134000,0.070300,99.682896,False,0.914600,2.216667,3.000000,persistent,0.803275,True,0.820488,0.796354,0.826423,0.822890,0.810931,0.829556,MEASURABLE,MEASURABLE,MEASURABLE,MEASURABLE,MEASURABLE,MEASURABLE,P3_0294,C_alt_perturb
supercritical_f1.50_beta0.5_M1.0_theta30_seed1_res128_dc1.0,1.500000,0.500000,1.000000,30.000000,1,128,1.000000,0.050000,alt_perturb,MEASURABLE,1.456110,0.138913,26.377575,3.501604,0.816497,4,4.574000,0.095400,109.473995,False,0.877700,1.775000,3.000000,persistent,1.457461,True,1.431040,1.526659,1.456110,1.469193,1.471508,1.497076,MEASURABLE,MEASURABLE,MEASURABLE,MEASURABLE,MEASURABLE,MEASURABLE,P3_0295,C_alt_perturb
supercritical_f1.60_beta0.5_M1.0_theta30_seed1_res128_dc1.0,1.600000,0.500000,1.000000,30.000000,1,128,1.000000,0.050000,alt_perturb,MEASURABLE,1.516674,0.136652,22.861947,2.957105,0.790569,6,5.631000,0.090100,99.682896,False,0.839200,1.775000,3.000000,persistent,1.478332,True,1.458969,1.456527,1.516674,1.473172,1.500180,1.492341,MEASURABLE,MEASURABLE,MEASURABLE,MEASURABLE,MEASURABLE,MEASURABLE,P3_0296,C_alt_perturb
supercritical_f1.50_beta0.5_M1.0_theta45_seed1_res128_dc1.0,1.500000,0.500000,1.000000,45.000000,1,128,1.000000,0.050000,alt_perturb,MEASURABLE,1.148128,0.086684,32.029912,3.432945,0.816497,7,5.477000,0.075500,109.473995,False,0.872700,1.850000,3.000000,persistent,1.079579,True,1.073410,1.076206,1.148128,1.092018,1.093588,1.100230,MEASURABLE,MEASURABLE,MEASURABLE,MEASURABLE,MEASURABLE,MEASURABLE,P3_0297,C_alt_perturb
supercritical_f1.60_beta0.5_M1.0_theta45_seed1_res128_dc1.0,1.600000,0.500000,1.000000,45.000000,1,128,1.000000,0.050000,alt_perturb,MEASURABLE,1.056135,0.083646,27.760935,2.899123,0.790569,8,5.201000,0.079200,99.682896,False,0.832700,1.850000,3.000000,persistent,1.063037,True,1.102572,1.075960,1.056135,1.063794,1.074269,1.098649,MEASURABLE,MEASURABLE,MEASURABLE,MEASURABLE,MEASURABLE,MEASURABLE,P3_0298,C_alt_perturb
supercritical_f1.50_beta0.3_M2.0_theta0_seed1_res128_dc1.0,1.500000,0.300000,2.000000,0.000000,1,128,1.000000,0.050000,alt_perturb,PARTIAL,2.337510,0.250114,22.420939,5.034986,0.816497,2,5.201000,0.107000,40.230080,False,0.940800,1.886667,0.000000,never_fragmented,2.296194,True,2.291377,2.335052,2.337510,2.308693,2.332396,2.375525,PARTIAL,PARTIAL,PARTIAL,PARTIAL,PARTIAL,PARTIAL,P3_0299,C_alt_perturb
supercritical_f1.60_beta0.3_M2.0_theta0_seed1_res128_dc1.0,1.600000,0.300000,2.000000,0.000000,1,128,1.000000,0.050000,alt_perturb,MEASURABLE,2.445280,0.282919,19.432655,4.252046,0.790569,5,4.980000,0.115700,99.682896,False,0.922200,1.886667,3.000000,persistent,2.338983,True,2.436687,2.342133,2.445280,2.321575,2.351605,2.378814,MEASURABLE,MEASURABLE,MEASURABLE,MEASURABLE,MEASURABLE,MEASURABLE,P3_0300,C_alt_perturb
