No data_format specified in output block 'output1', using default
No data_format specified in output block 'output1', using default
No data_format specified in output block 'output1', using default
No data_format specified in output block 'output1', using default
No data_format specified in output block 'output1', using default
No data_format specified in output block 'output1', using default
No data_format specified in output block 'output1', using default
No data_format specified in output block 'output1', using default

Setup complete, entering main loop...

cycle=0 time=0.0000000000000000e+00 dt=3.2469140554406413e-03
cycle=1 time=3.2469140554406413e-03 dt=3.2464332816009647e-03
cycle=2 time=6.4933473370416064e-03 dt=3.2448823387058673e-03
cycle=3 time=9.7382296757474729e-03 dt=3.2422599136321313e-03
cycle=4 time=1.2980489589379604e-02 dt=3.2385572557589648e-03
cycle=5 time=1.6219046845138568e-02 dt=3.2336735039726564e-03
cycle=6 time=1.9452720349111226e-02 dt=3.2273293581039906e-03
cycle=7 time=2.2680049707215218e-02 dt=3.2197463265370729e-03
cycle=8 time=2.5899796033752292e-02 dt=3.2109010658326284e-03
cycle=9 time=2.9110697099584922e-02 dt=3.2007693557533023e-03
cycle=10 time=3.2311466455338222e-02 dt=3.1892618123302808e-03
cycle=11 time=3.5500728267668501e-02 dt=3.1760752042859527e-03
cycle=12 time=3.8676803471954450e-02 dt=3.1614074322435111e-03
cycle=13 time=4.1838210904197960e-02 dt=3.1452440795130009e-03
cycle=14 time=4.4983454983710959e-02 dt=2.9616766086850207e-03
cycle=15 time=4.7945131592395981e-02 dt=2.7923717637461684e-03
cycle=16 time=5.0737503356142147e-02 dt=2.6411613500921132e-03
cycle=17 time=5.3378664706234258e-02 dt=2.5059188025899405e-03
cycle=18 time=5.5884583508824200e-02 dt=2.3849213437278265e-03
cycle=19 time=5.8269504852552029e-02 dt=2.2767434971199094e-03
cycle=20 time=6.0546248349671941e-02 dt=2.1389316059854209e-03
cycle=21 time=6.2685179955657366e-02 dt=1.9742363170111095e-03
cycle=22 time=6.4659416272668482e-02 dt=1.8336229650243957e-03
cycle=23 time=6.6493039237692883e-02 dt=1.7122363767212295e-03
cycle=24 time=6.8205275614414113e-02 dt=1.6061068178568521e-03
cycle=25 time=6.9811382432270960e-02 dt=1.5123311161125664e-03
cycle=26 time=7.1323713548383530e-02 dt=1.4288656824003501e-03
cycle=27 time=7.2752579230783876e-02 dt=1.3540926161163425e-03
cycle=28 time=7.4106671846900216e-02 dt=1.2867150329966164e-03
cycle=29 time=7.5393386879896829e-02 dt=1.2256815399495967e-03
cycle=30 time=7.6619068419846420e-02 dt=1.1701309408141932e-03
cycle=31 time=7.7789199360660616e-02 dt=1.1193512654193271e-03
cycle=32 time=7.8908550626079946e-02 dt=1.0727485706901766e-03
cycle=33 time=7.9981299196770120e-02 dt=1.0298244161256063e-03
cycle=34 time=8.1011123612895725e-02 dt=9.9015687603168823e-04
cycle=35 time=8.2001280488927408e-02 dt=9.5338458861389107e-04
cycle=36 time=8.2954665077541304e-02 dt=9.1920114499405704e-04
cycle=37 time=8.3873866222535357e-02 dt=8.8734027817394007e-04
cycle=38 time=8.4761206500709299e-02 dt=8.5757099264482234e-04
cycle=39 time=8.5618777493354115e-02 dt=8.2969192124576687e-04
cycle=40 time=8.6448469414599882e-02 dt=7.9808980911915306e-04
cycle=41 time=8.7246559223719031e-02 dt=7.6836791577314725e-04
cycle=42 time=8.8014927139492175e-02 dt=7.4098325884364993e-04
cycle=43 time=8.8755910398335830e-02 dt=7.1572666305941746e-04
cycle=44 time=8.9471637061395243e-02 dt=6.9242301421845232e-04
cycle=45 time=9.0164060075613700e-02 dt=6.7088519289752377e-04
cycle=46 time=9.0834945268511227e-02 dt=6.5094560551292474e-04
cycle=47 time=9.1485890874024159e-02 dt=6.3245183059411542e-04
cycle=48 time=9.2118342704618272e-02 dt=6.1526173231790443e-04
cycle=49 time=9.2733604436936179e-02 dt=5.9923887025927543e-04
cycle=50 time=9.3332843307195448e-02 dt=5.8425150268831040e-04
cycle=51 time=9.3917094809883764e-02 dt=5.7016928816242354e-04
cycle=52 time=9.4487264098046184e-02 dt=5.5490677214873414e-04
cycle=53 time=9.5042170870194911e-02 dt=5.3993866618860255e-04
cycle=54 time=9.5582109536383519e-02 dt=5.2570857330544506e-04
cycle=55 time=9.6107818109688964e-02 dt=5.1219312625464604e-04
cycle=56 time=9.6620011235943604e-02 dt=4.9938451798096440e-04
cycle=57 time=9.7119395753924573e-02 dt=4.8726580925326446e-04
cycle=58 time=9.7606661563177835e-02 dt=4.7581758417294712e-04
cycle=59 time=9.8082479147350785e-02 dt=4.6503297215262402e-04
cycle=60 time=9.8547512119503411e-02 dt=4.5489460716914977e-04
cycle=61 time=9.9002406726672557e-02 dt=4.4536607903092849e-04
cycle=62 time=9.9447772805703480e-02 dt=4.3640844298196258e-04
cycle=63 time=9.9884181248685436e-02 dt=4.2798387429783394e-04
cycle=64 time=1.0031216512298327e-01 dt=4.2005357837802487e-04
cycle=65 time=1.0073221870136130e-01 dt=4.1257870286304395e-04
cycle=66 time=1.0114479740422434e-01 dt=4.0551708336481048e-04
cycle=67 time=1.0155031448758915e-01 dt=3.9881239816605841e-04
cycle=68 time=1.0194912688575521e-01 dt=3.9121302797793942e-04
cycle=69 time=1.0234033991373315e-01 dt=3.8342270925079526e-04
cycle=70 time=1.0272376262298394e-01 dt=3.7592748729752234e-04
cycle=71 time=1.0309969011028146e-01 dt=3.6872974937148353e-04
cycle=72 time=1.0346841985965294e-01 dt=3.6183231814131578e-04
cycle=73 time=1.0383025217779425e-01 dt=3.5523858796892069e-04
cycle=74 time=1.0418549076576317e-01 dt=3.4895108026196863e-04
cycle=75 time=1.0453444184602513e-01 dt=3.4297721040803047e-04
cycle=76 time=1.0487741905643316e-01 dt=3.3731704633195109e-04
cycle=77 time=1.0521473610276512e-01 dt=3.3196259242677218e-04
cycle=78 time=1.0554669869519188e-01 dt=3.2690271962680542e-04
cycle=79 time=1.0587360141481869e-01 dt=3.2212318281284939e-04
cycle=80 time=1.0619572459763155e-01 dt=3.1760656318747117e-04
cycle=81 time=1.0651333116081901e-01 dt=3.1333293122141046e-04
cycle=82 time=1.0682666409204042e-01 dt=3.0928017707693617e-04
cycle=83 time=1.0713594426911735e-01 dt=3.0541689803097958e-04
cycle=84 time=1.0744136116714834e-01 dt=3.0108826255900489e-04
cycle=85 time=1.0774244942970734e-01 dt=2.9629507726146098e-04
cycle=86 time=1.0803874450696881e-01 dt=2.9165033475846472e-04
cycle=87 time=1.0833039484172727e-01 dt=2.8716064035178468e-04
cycle=88 time=1.0861755548207905e-01 dt=2.8283395726636526e-04
cycle=89 time=1.0890038943934541e-01 dt=2.7867454717401744e-04
cycle=90 time=1.0917906398651943e-01 dt=2.7468900826432753e-04
cycle=91 time=1.0945375299478376e-01 dt=2.7088377627179302e-04
cycle=92 time=1.0972463677105555e-01 dt=2.6725957185514716e-04
cycle=93 time=1.0999189634291071e-01 dt=2.6381700174619006e-04
cycle=94 time=1.1025571334465689e-01 dt=2.6055238445253350e-04
cycle=95 time=1.1051626572910943e-01 dt=2.5746056866354561e-04
cycle=96 time=1.1077372629777298e-01 dt=2.5453413010929264e-04
cycle=97 time=1.1102826042788227e-01 dt=2.5176252544814479e-04
cycle=98 time=1.1128002295333042e-01 dt=2.4913262615458120e-04
cycle=99 time=1.1152915557948501e-01 dt=2.4662552734921404e-04
cycle=100 time=1.1177578110683423e-01 dt=2.4403154549208200e-04
cycle=101 time=1.1201981265232631e-01 dt=2.4077147465316199e-04
cycle=102 time=1.1226058412697948e-01 dt=2.3759729204003642e-04
cycle=103 time=1.1249818141901952e-01 dt=2.3451612246772437e-04
cycle=104 time=1.1273269754148724e-01 dt=2.3153533814874327e-04
cycle=105 time=1.1296423287963599e-01 dt=2.2866155836886494e-04
cycle=106 time=1.1319289443800486e-01 dt=2.2589963411889520e-04
cycle=107 time=1.1341879407212375e-01 dt=2.2325355519831264e-04
cycle=108 time=1.1364204762732207e-01 dt=2.2072573624326618e-04
cycle=109 time=1.1386277336356533e-01 dt=2.1831694460611810e-04
cycle=110 time=1.1408109030817144e-01 dt=2.1602709641578848e-04
cycle=111 time=1.1429711740458723e-01 dt=2.1385436401003699e-04
cycle=112 time=1.1451097176859727e-01 dt=2.1179593285547828e-04
cycle=113 time=1.1472276770145275e-01 dt=2.0984658931172653e-04
cycle=114 time=1.1493261429076447e-01 dt=2.0799830051021484e-04
cycle=115 time=1.1514061259127469e-01 dt=2.0623787172399115e-04
cycle=116 time=1.1534685046299868e-01 dt=2.0454921294987108e-04
cycle=117 time=1.1555139967594855e-01 dt=2.0229991856037647e-04
cycle=118 time=1.1575369959450892e-01 dt=1.9998882658470876e-04
cycle=119 time=1.1595368842109363e-01 dt=1.9773785294718889e-04
cycle=120 time=1.1615142627404082e-01 dt=1.9555331741390397e-04
cycle=121 time=1.1634697959145472e-01 dt=1.9344040872431556e-04
cycle=122 time=1.1654042000017904e-01 dt=1.9140390144933592e-04
cycle=123 time=1.1673182390162838e-01 dt=1.8944738144503897e-04
cycle=124 time=1.1692127128307342e-01 dt=1.8757337922489236e-04
cycle=125 time=1.1710884466229832e-01 dt=1.8578352070862993e-04
cycle=126 time=1.1729462818300694e-01 dt=1.8407890587647174e-04
cycle=127 time=1.1747870708888342e-01 dt=1.8246013075601887e-04
cycle=128 time=1.1766116721963943e-01 dt=1.8092696781296780e-04
cycle=129 time=1.1784209418745240e-01 dt=1.7947702575597343e-04
cycle=130 time=1.1802157121320837e-01 dt=1.7810594123428454e-04
cycle=131 time=1.1819967715444266e-01 dt=1.7680224351535783e-04
cycle=132 time=1.1837647939795802e-01 dt=1.7555325981870231e-04
cycle=133 time=1.1855203265777672e-01 dt=1.7408272238258451e-04
cycle=134 time=1.1872611538015931e-01 dt=1.7231832321215477e-04
cycle=135 time=1.1889843370337147e-01 dt=1.7059548494072880e-04
cycle=136 time=1.1906902918831219e-01 dt=1.6891929917698938e-04
cycle=137 time=1.1923794848748918e-01 dt=1.6729451176674719e-04
cycle=138 time=1.1940524299925594e-01 dt=1.6572516859046608e-04
cycle=139 time=1.1957096816784640e-01 dt=1.6421452812958939e-04
cycle=140 time=1.1973518269597599e-01 dt=1.6276500115562867e-04
cycle=141 time=1.1989794769713162e-01 dt=1.6137883701664656e-04
cycle=142 time=1.2005932653414826e-01 dt=1.6005765738336079e-04
cycle=143 time=1.2021938419153162e-01 dt=1.5880294385731030e-04
cycle=144 time=1.2037818713538893e-01 dt=1.5761549731872155e-04
cycle=145 time=1.2053580263270766e-01 dt=1.5649492036356227e-04
cycle=146 time=1.2069229755307122e-01 dt=1.5543746512917004e-04
cycle=147 time=1.2084773501820038e-01 dt=1.5443392089023675e-04
cycle=148 time=1.2100216893909062e-01 dt=1.5347416423878275e-04
cycle=149 time=1.2115564310332939e-01 dt=1.5249898290615457e-04
cycle=150 time=1.2130814208623555e-01 dt=1.5110473240675761e-04
cycle=151 time=1.2145924681864231e-01 dt=1.4974081597838622e-04
cycle=152 time=1.2160898763462070e-01 dt=1.4841152122452568e-04
cycle=153 time=1.2175739915584523e-01 dt=1.4712094225919297e-04
cycle=154 time=1.2190452009810442e-01 dt=1.4587262534020062e-04
cycle=155 time=1.2205039272344462e-01 dt=1.4466951120295485e-04
cycle=156 time=1.2219506223464757e-01 dt=1.4351396396243007e-04
cycle=157 time=1.2233857619861001e-01 dt=1.4240816665212600e-04
cycle=158 time=1.2248098436526213e-01 dt=1.4135389877666948e-04
cycle=159 time=1.2262233826403880e-01 dt=1.4035285722043667e-04
cycle=160 time=1.2276269112125923e-01 dt=1.3940618719580103e-04
cycle=161 time=1.2290209730845503e-01 dt=1.3851470538102438e-04
cycle=162 time=1.2304061201383605e-01 dt=1.3767467694597016e-04
cycle=163 time=1.2317828669078203e-01 dt=1.3687897125375410e-04
cycle=164 time=1.2331516566203578e-01 dt=1.3611934133883014e-04
cycle=165 time=1.2345128500337461e-01 dt=1.3540212116448008e-04
cycle=166 time=1.2358668712453909e-01 dt=1.3432626486842045e-04
cycle=167 time=1.2372101338940751e-01 dt=1.3321885242119998e-04
cycle=168 time=1.2385423224182870e-01 dt=1.3213820297074990e-04
cycle=169 time=1.2398637044479946e-01 dt=1.3108782865577521e-04
cycle=170 time=1.2411745827345523e-01 dt=1.3007083381161666e-04
cycle=171 time=1.2424752910726684e-01 dt=1.2908972129400080e-04
cycle=172 time=1.2437661882856084e-01 dt=1.2814707097194488e-04
cycle=173 time=1.2450476589953278e-01 dt=1.2724462703635694e-04
cycle=174 time=1.2463201052656914e-01 dt=1.2638417927807901e-04
cycle=175 time=1.2475839470584722e-01 dt=1.2556751584141373e-04
cycle=176 time=1.2488396222168864e-01 dt=1.2479563258008499e-04
cycle=177 time=1.2500875785426874e-01 dt=1.2407001155092571e-04
cycle=178 time=1.2513282786581967e-01 dt=1.2338712287771856e-04
cycle=179 time=1.2525621498869738e-01 dt=1.2274130298736604e-04
cycle=180 time=1.2537895629168475e-01 dt=1.2212575929582205e-04
cycle=181 time=1.2550108205098057e-01 dt=1.2154536269530527e-04
cycle=182 time=1.2562262741367589e-01 dt=1.2072399978130739e-04
cycle=183 time=1.2574335141345719e-01 dt=1.1980698546721533e-04
cycle=184 time=1.2586315839892440e-01 dt=1.1891127114635335e-04
cycle=185 time=1.2598206967007075e-01 dt=1.1803990651849487e-04
cycle=186 time=1.2610010957658924e-01 dt=1.1719565038961108e-04
cycle=187 time=1.2621730522697885e-01 dt=1.1638074397114494e-04
cycle=188 time=1.2633368597094999e-01 dt=1.1559750122199008e-04
cycle=189 time=1.2644928347217199e-01 dt=1.1484755062498935e-04
cycle=190 time=1.2656413102279698e-01 dt=1.1413256389874534e-04
cycle=191 time=1.2667826358669573e-01 dt=1.1345413885580771e-04
cycle=192 time=1.2679171772555153e-01 dt=1.1281397805414260e-04
cycle=193 time=1.2690453170360569e-01 dt=1.1221273659291729e-04
cycle=194 time=1.2701674444019861e-01 dt=1.1164743896193560e-04
cycle=195 time=1.2712839187916056e-01 dt=1.1111352149425108e-04
cycle=196 time=1.2723950540065482e-01 dt=1.1060532920534227e-04
cycle=197 time=1.2735011072986016e-01 dt=1.1012706660206994e-04
cycle=198 time=1.2746023779646223e-01 dt=1.0947297113091269e-04
cycle=199 time=1.2756971076759316e-01 dt=1.0870148646415044e-04
cycle=200 time=1.2767841225405732e-01 dt=1.0794739492041821e-04
cycle=201 time=1.2778635964897775e-01 dt=1.0721339673950310e-04
cycle=202 time=1.2789357304571725e-01 dt=1.0650191247715424e-04
cycle=203 time=1.2800007495819440e-01 dt=1.0581505632065488e-04
cycle=204 time=1.2810589001451506e-01 dt=1.0515465449335920e-04
cycle=205 time=1.2821104466900843e-01 dt=1.0452233934371196e-04
cycle=206 time=1.2831556700835214e-01 dt=1.0391975403585412e-04
cycle=207 time=1.2841948676238799e-01 dt=1.0334801559966928e-04
cycle=208 time=1.2852283477798765e-01 dt=1.0280973188824501e-04
cycle=209 time=1.2862564450987590e-01 dt=1.0230441131484356e-04
cycle=210 time=1.2872794892119074e-01 dt=1.0182942871195004e-04
cycle=211 time=1.2882977834990270e-01 dt=1.0138124475390078e-04
cycle=212 time=1.2893115959465659e-01 dt=1.0095511248714224e-04
cycle=213 time=1.2903211470714374e-01 dt=1.0055510514389189e-04
cycle=214 time=1.2913266981228763e-01 dt=1.0001049796691804e-04
cycle=215 time=1.2923268031025456e-01 dt=9.9353027340122485e-05
cycle=216 time=1.2933203333759469e-01 dt=9.8710070386348017e-05
cycle=217 time=1.2943074340798102e-01 dt=9.8083984673375663e-05
cycle=218 time=1.2952882739265439e-01 dt=9.7476920979999132e-05
cycle=219 time=1.2962630431363439e-01 dt=9.6890768151140436e-05
cycle=220 time=1.2972319508178554e-01 dt=9.6327180613063935e-05
cycle=221 time=1.2981952226239860e-01 dt=9.5787655916123400e-05
cycle=222 time=1.2991530991831471e-01 dt=9.5273718495395701e-05
cycle=223 time=1.3001058363681012e-01 dt=9.4787016665008267e-05
cycle=224 time=1.3010537065347513e-01 dt=9.4329160909327933e-05
cycle=225 time=1.3019969981438445e-01 dt=9.3899286546078806e-05
cycle=226 time=1.3029359910093052e-01 dt=9.3495512034715827e-05
cycle=227 time=1.3038709461296524e-01 dt=9.3114747835704336e-05
cycle=228 time=1.3048020936080096e-01 dt=9.2752975070321654e-05
cycle=229 time=1.3057296233587129e-01 dt=9.2414425054398850e-05
cycle=230 time=1.3066537676092568e-01 dt=9.1939408723302736e-05
cycle=231 time=1.3075731616964897e-01 dt=9.1373103334284455e-05
cycle=232 time=1.3084868927298327e-01 dt=9.0819124851987675e-05
cycle=233 time=1.3093950839783525e-01 dt=9.0279545879656372e-05
cycle=234 time=1.3102978794371489e-01 dt=8.9756018116928624e-05
cycle=235 time=1.3111954396183181e-01 dt=8.9250770948833677e-05
cycle=236 time=1.3120879473278066e-01 dt=8.8765027387250692e-05
cycle=237 time=1.3129755976016791e-01 dt=8.8300170929592994e-05
cycle=238 time=1.3138585993109750e-01 dt=8.7857891732707338e-05
cycle=239 time=1.3147371782283021e-01 dt=8.7440102812901723e-05
cycle=240 time=1.3156115792564310e-01 dt=8.7046933683202076e-05
cycle=241 time=1.3164820485932630e-01 dt=8.6677732827249659e-05
cycle=242 time=1.3173488259215355e-01 dt=8.6330976332428988e-05
cycle=243 time=1.3182121356848597e-01 dt=8.6004081066040964e-05
cycle=244 time=1.3190721764955202e-01 dt=8.5693621878551863e-05
cycle=245 time=1.3199291127143056e-01 dt=8.5404147637828501e-05
cycle=246 time=1.3207831541906839e-01 dt=8.4971708721942702e-05
cycle=247 time=1.3216328712779032e-01 dt=8.4479575743553814e-05
cycle=248 time=1.3224776670353389e-01 dt=8.3998040736068372e-05
cycle=249 time=1.3233176474426994e-01 dt=8.3528944402700483e-05
cycle=250 time=1.3241529368867264e-01 dt=8.3073985184897321e-05
cycle=251 time=1.3249836767385753e-01 dt=8.2634690656935663e-05
cycle=252 time=1.3258100236451448e-01 dt=8.2212442932343911e-05
cycle=253 time=1.3266321480744683e-01 dt=8.1808857465263114e-05
cycle=254 time=1.3274502366491209e-01 dt=8.1426172789341879e-05
cycle=255 time=1.3282644983770142e-01 dt=8.1064630420425615e-05
cycle=256 time=1.3290751446812185e-01 dt=8.0724216200178035e-05
cycle=257 time=1.3298823868432202e-01 dt=8.0404445189314990e-05
cycle=258 time=1.3306864312951133e-01 dt=8.0104072515335307e-05
cycle=259 time=1.3314874720202666e-01 dt=7.9820919838746897e-05
cycle=260 time=1.3322856812186540e-01 dt=7.9552051844292260e-05
cycle=261 time=1.3330812017370969e-01 dt=7.9302372693483274e-05
cycle=262 time=1.3338742254640318e-01 dt=7.8893841910058113e-05
cycle=263 time=1.3346631638831324e-01 dt=7.8462951862072258e-05
cycle=264 time=1.3354477934017531e-01 dt=7.8041257655403585e-05
cycle=265 time=1.3362282059783070e-01 dt=7.7629914340026623e-05
cycle=266 time=1.3370045051217072e-01 dt=7.7231419778800621e-05
cycle=267 time=1.3377768193194953e-01 dt=7.6846643976074129e-05
cycle=268 time=1.3385452857592561e-01 dt=7.6477720768651814e-05
cycle=269 time=1.3393100629669427e-01 dt=7.6126304380804723e-05
cycle=270 time=1.3400713260107508e-01 dt=7.5792735629257645e-05
cycle=271 time=1.3408292533670435e-01 dt=7.5477365028644663e-05
cycle=272 time=1.3415840270173299e-01 dt=7.5180255333134961e-05
cycle=273 time=1.3423358295706611e-01 dt=7.4901052889446030e-05
cycle=274 time=1.3430848400995557e-01 dt=7.4638733182975255e-05
cycle=275 time=1.3438312274313854e-01 dt=7.4391444875881454e-05
cycle=276 time=1.3445751418801444e-01 dt=7.4156638054762386e-05
cycle=277 time=1.3453167082606921e-01 dt=7.3929742931860837e-05
cycle=278 time=1.3460560056900106e-01 dt=7.3543425584858137e-05
cycle=279 time=1.3467914399458591e-01 dt=7.3163634267673299e-05
cycle=280 time=1.3475230762885360e-01 dt=7.2791827797812409e-05
cycle=281 time=1.3482509945665141e-01 dt=7.2429424039471119e-05
cycle=282 time=1.3489752888069090e-01 dt=7.2077958138033155e-05
cycle=283 time=1.3496960683882894e-01 dt=7.1740205449659781e-05
cycle=284 time=1.3504134704427861e-01 dt=7.1416887033094514e-05
cycle=285 time=1.3511276393131172e-01 dt=7.1108563559506201e-05
cycle=286 time=1.3518387249487124e-01 dt=7.0815686438513255e-05
cycle=287 time=1.3525468818130976e-01 dt=7.0538587230173960e-05
cycle=288 time=1.3532522676853992e-01 dt=7.0277376470699238e-05
cycle=289 time=1.3539550414501061e-01 dt=7.0031813279184402e-05
cycle=290 time=1.3546553595828981e-01 dt=6.9801098907434792e-05
cycle=291 time=1.3553533705719725e-01 dt=6.9583495545797364e-05
cycle=292 time=1.3560492055274306e-01 dt=6.9377082531907696e-05
cycle=293 time=1.3567429763527497e-01 dt=6.9137847163489654e-05
cycle=294 time=1.3574343548243847e-01 dt=6.8795495875403749e-05
cycle=295 time=1.3581223097831388e-01 dt=6.8458892460000338e-05
cycle=296 time=1.3588068987077387e-01 dt=6.8128838760718509e-05
cycle=297 time=1.3594881870953460e-01 dt=6.7808346250274002e-05
cycle=298 time=1.3601662705578488e-01 dt=6.7498736648117664e-05
cycle=299 time=1.3608412579243301e-01 dt=6.7200839010109049e-05
cycle=300 time=1.3615132663144311e-01 dt=6.6915349505276614e-05
cycle=301 time=1.3621824198094840e-01 dt=6.6642846516852983e-05
cycle=302 time=1.3628488482746526e-01 dt=6.6383801553329506e-05
cycle=303 time=1.3635126862901858e-01 dt=6.6138563700935820e-05
cycle=304 time=1.3641740719271953e-01 dt=6.5907289990357266e-05
cycle=305 time=1.3648331448270989e-01 dt=6.5689799717512617e-05
cycle=306 time=1.3654900428242742e-01 dt=6.5485382271521892e-05
cycle=307 time=1.3661448966469894e-01 dt=6.5292681673037730e-05
cycle=308 time=1.3667978234637199e-01 dt=6.5110490742578361e-05
cycle=309 time=1.3674489283711455e-01 dt=6.4857002437144974e-05
cycle=310 time=1.3680974983955169e-01 dt=6.4551742284841190e-05
cycle=311 time=1.3687430158183653e-01 dt=6.4251449975339099e-05
cycle=312 time=1.3693855303181188e-01 dt=6.3959107025981639e-05
cycle=313 time=1.3700251213883785e-01 dt=6.3675154705248330e-05
cycle=314 time=1.3706618729354311e-01 dt=6.3400501106013966e-05
cycle=315 time=1.3712958779464912e-01 dt=6.3135942379731526e-05
cycle=316 time=1.3719272373702884e-01 dt=6.2882152995659475e-05
cycle=317 time=1.3725560589002450e-01 dt=6.2639714925270386e-05
cycle=318 time=1.3731824560494976e-01 dt=6.2409095200397660e-05
cycle=319 time=1.3738065470015015e-01 dt=6.2190647479225494e-05
cycle=320 time=1.3744284534762938e-01 dt=6.1984617727155758e-05
cycle=321 time=1.3750482996535654e-01 dt=6.1790675764288280e-05
cycle=322 time=1.3756662064112082e-01 dt=6.1608379665319701e-05
cycle=323 time=1.3762822902078614e-01 dt=6.1436603802806554e-05
cycle=324 time=1.3768966562458895e-01 dt=6.1274944897743487e-05
cycle=325 time=1.3775094056948670e-01 dt=6.1008125227963994e-05
cycle=326 time=1.3781194869471466e-01 dt=6.0736049955188392e-05
cycle=327 time=1.3787268474466985e-01 dt=6.0468702396015541e-05
cycle=328 time=1.3793315344706586e-01 dt=6.0208217446869562e-05
cycle=329 time=1.3799336166451273e-01 dt=5.9954898380915818e-05
cycle=330 time=1.3805331656289366e-01 dt=5.9709602255963376e-05
cycle=331 time=1.3811302616514962e-01 dt=5.9473089193046508e-05
cycle=332 time=1.3817249925434266e-01 dt=5.9246008687762933e-05
cycle=333 time=1.3823174526303042e-01 dt=5.9028921108277364e-05
cycle=334 time=1.3829077418413871e-01 dt=5.8822284584149500e-05
cycle=335 time=1.3834959646872286e-01 dt=5.8626451178865811e-05
cycle=336 time=1.3840822291990174e-01 dt=5.8441618298351576e-05
cycle=337 time=1.3846666453820008e-01 dt=5.8267727489293269e-05
cycle=338 time=1.3852493226568938e-01 dt=5.8104345310850373e-05
cycle=339 time=1.3858303661100022e-01 dt=5.7950417815728114e-05
cycle=340 time=1.3864098702881594e-01 dt=5.7778537533295769e-05
cycle=341 time=1.3869876556634925e-01 dt=5.7531541575706158e-05
cycle=342 time=1.3875629710792495e-01 dt=5.7288128062658850e-05
cycle=343 time=1.3881358523598761e-01 dt=5.7049072603415442e-05
cycle=344 time=1.3887063430859103e-01 dt=5.6815423189494323e-05
cycle=345 time=1.3892744973178053e-01 dt=5.6587962974200562e-05
cycle=346 time=1.3898403769475473e-01 dt=5.6367496215834262e-05
cycle=347 time=1.3904040519097058e-01 dt=5.6154733218662948e-05
cycle=348 time=1.3909655992418923e-01 dt=5.5950300887598878e-05
cycle=349 time=1.3915251022507683e-01 dt=5.5754726842108367e-05
cycle=350 time=1.3920826495191893e-01 dt=5.5568454403718667e-05
cycle=351 time=1.3926383340632265e-01 dt=5.5391839462598019e-05
cycle=352 time=1.3931922524578524e-01 dt=5.5224926606427328e-05
cycle=353 time=1.3937445017239167e-01 dt=5.5067507092464996e-05
cycle=354 time=1.3942951767948414e-01 dt=5.4918836366380488e-05
cycle=355 time=1.3948443651585052e-01 dt=5.4774888354561903e-05
cycle=356 time=1.3953921140420508e-01 dt=5.4596484166199683e-05
cycle=357 time=1.3959380788837128e-01 dt=5.4374377640370457e-05
cycle=358 time=1.3964818226601164e-01 dt=5.4154875394911992e-05
cycle=359 time=1.3970233714140656e-01 dt=5.3938653323282929e-05
cycle=360 time=1.3975627579472985e-01 dt=5.3726710219909793e-05
cycle=361 time=1.3981000250494977e-01 dt=5.3519999882882153e-05
cycle=362 time=1.3986352250483264e-01 dt=5.3319386781129059e-05
cycle=363 time=1.3991684189161377e-01 dt=5.3125619713167525e-05
cycle=364 time=1.3996996751132693e-01 dt=5.2939324997058503e-05
cycle=365 time=1.4002290683632398e-01 dt=5.2761012351139214e-05
cycle=366 time=1.4007566784867512e-01 dt=5.2591083565987956e-05
cycle=367 time=1.4012825893224110e-01 dt=5.2429830251856986e-05
cycle=368 time=1.4018068876249296e-01 dt=5.2277403449492132e-05
cycle=369 time=1.4023296616594244e-01 dt=5.2132283153160669e-05
cycle=370 time=1.4028509844909559e-01 dt=5.1992207986194341e-05
cycle=371 time=1.4033709065708178e-01 dt=5.1860995854014576e-05
cycle=372 time=1.4038895165293580e-01 dt=5.1692607701864327e-05
cycle=373 time=1.4044064426063765e-01 dt=5.1490133549821467e-05
cycle=374 time=1.4049213439418748e-01 dt=5.1289731282047100e-05
cycle=375 time=1.4054342412546952e-01 dt=5.1092283286441747e-05
cycle=376 time=1.4059451640875598e-01 dt=5.0898693062271452e-05
cycle=377 time=1.4064541510181824e-01 dt=5.0709825090314836e-05
cycle=378 time=1.4069612492690856e-01 dt=5.0526470292315870e-05
cycle=379 time=1.4074665139720088e-01 dt=5.0349321741932808e-05
cycle=380 time=1.4079700071894283e-01 dt=5.0178970136860175e-05
cycle=381 time=1.4084717968907970e-01 dt=5.0015910970483477e-05
cycle=382 time=1.4089719560005018e-01 dt=4.9860554793909781e-05
cycle=383 time=1.4094705615484410e-01 dt=4.9712652821388420e-05
cycle=384 time=1.4099676880766548e-01 dt=4.9572141509367577e-05
cycle=385 time=1.4104634094917484e-01 dt=4.9435814441143883e-05
cycle=386 time=1.4109577676361598e-01 dt=4.9308209622508170e-05
cycle=387 time=1.4114508497323849e-01 dt=4.9186229992545360e-05
cycle=388 time=1.4119427120323103e-01 dt=4.9030721721962030e-05
cycle=389 time=1.4124330192495299e-01 dt=4.8845290966571770e-05
cycle=390 time=1.4129214721591957e-01 dt=4.8661719388606892e-05
cycle=391 time=1.4134080893530818e-01 dt=4.8480798071619285e-05
cycle=392 time=1.4138928973337980e-01 dt=4.8303346795460812e-05
cycle=393 time=1.4143759308017526e-01 dt=4.8130154012118286e-05
cycle=394 time=1.4148572323418737e-01 dt=4.7961950331371861e-05
cycle=395 time=1.4153368518451875e-01 dt=4.7799385463295141e-05
cycle=396 time=1.4158148456998204e-01 dt=4.7643024283231815e-05
cycle=397 time=1.4162912759426527e-01 dt=4.7493104455323508e-05
cycle=398 time=1.4167662069872058e-01 dt=4.7349244731195707e-05
cycle=399 time=1.4172396994345177e-01 dt=4.7212873369909448e-05
cycle=400 time=1.4177118281682169e-01 dt=4.7080540833619673e-05
cycle=401 time=1.4181826335765532e-01 dt=4.6955524757262776e-05
cycle=402 time=1.4186521888241257e-01 dt=4.6838546878597428e-05
cycle=403 time=1.4191205742929117e-01 dt=4.6722037713601797e-05
cycle=404 time=1.4195877946700478e-01 dt=4.6582424883864368e-05
cycle=405 time=1.4200536189188864e-01 dt=4.6412093145476848e-05
cycle=406 time=1.4205177398503413e-01 dt=4.6243407135517842e-05
cycle=407 time=1.4209801739216965e-01 dt=4.6077072197963360e-05
cycle=408 time=1.4214409446436763e-01 dt=4.5913831911559279e-05
cycle=409 time=1.4219000829627917e-01 dt=4.5754408405417547e-05
cycle=410 time=1.4223576270468460e-01 dt=4.5599480845777517e-05
cycle=411 time=1.4228136218553039e-01 dt=4.5449662989744903e-05
cycle=412 time=1.4232681184852014e-01 dt=4.5304568986092602e-05
cycle=413 time=1.4237211641750624e-01 dt=4.5165361301846282e-05
cycle=414 time=1.4241728177880808e-01 dt=4.5032683033066662e-05
cycle=415 time=1.4246231446184116e-01 dt=4.4904200309807745e-05
cycle=416 time=1.4250721866215096e-01 dt=4.4781293152504520e-05
cycle=417 time=1.4255199995530346e-01 dt=4.4665930005394994e-05
cycle=418 time=1.4259666588530887e-01 dt=4.4553816352261437e-05
cycle=419 time=1.4264121970166113e-01 dt=4.4446385258197083e-05
cycle=420 time=1.4268566608691932e-01 dt=4.4323405068931796e-05
cycle=421 time=1.4272998949198826e-01 dt=4.4166509314839371e-05
cycle=422 time=1.4277415600130311e-01 dt=4.4011045069140757e-05
cycle=423 time=1.4281816704637226e-01 dt=4.3857634898856149e-05
cycle=424 time=1.4286202468127113e-01 dt=4.3706949900504898e-05
cycle=425 time=1.4290573163117162e-01 dt=4.3559654160901487e-05
cycle=426 time=1.4294929128533251e-01 dt=4.3415629092842364e-05
cycle=427 time=1.4299270691442537e-01 dt=4.3276041672778601e-05
cycle=428 time=1.4303598295609815e-01 dt=4.3141478360584324e-05
cycle=429 time=1.4307912443445875e-01 dt=4.3012446742085098e-05
cycle=430 time=1.4312213688120085e-01 dt=4.2887831926659958e-05
cycle=431 time=1.4316502471312750e-01 dt=4.2766961497504123e-05
cycle=432 time=1.4320779167462500e-01 dt=4.2652772408884267e-05
cycle=433 time=1.4325044444703389e-01 dt=4.2545684444646095e-05
cycle=434 time=1.4329299013147853e-01 dt=4.2437984062978098e-05
cycle=435 time=1.4333542811554151e-01 dt=4.2338213482314624e-05
cycle=436 time=1.4337776632902383e-01 dt=4.2231684330340139e-05
cycle=437 time=1.4341999801335417e-01 dt=4.2086850379516841e-05
cycle=438 time=1.4346208486373369e-01 dt=4.1943241107679999e-05
cycle=439 time=1.4350402810484136e-01 dt=4.1801397862966770e-05
cycle=440 time=1.4354582950270434e-01 dt=4.1661709245183017e-05
cycle=441 time=1.4358749121194953e-01 dt=4.1524569845941942e-05
cycle=442 time=1.4362901578179546e-01 dt=4.1390839458476705e-05
cycle=443 time=1.4367040662125394e-01 dt=4.1261091541888148e-05
cycle=444 time=1.4371166771279584e-01 dt=4.1135862316122897e-05
cycle=445 time=1.4375280357511197e-01 dt=4.1014642178545242e-05
cycle=446 time=1.4379381821729051e-01 dt=4.0896065445674721e-05
cycle=447 time=1.4383471428273617e-01 dt=4.0783200002132950e-05
cycle=448 time=1.4387549748273831e-01 dt=4.0676683238737500e-05
cycle=449 time=1.4391617416597705e-01 dt=4.0574040181376511e-05
cycle=450 time=1.4395674820615842e-01 dt=4.0473154164013536e-05
cycle=451 time=1.4399722136032242e-01 dt=4.0379708787100932e-05
cycle=452 time=1.4403760106910951e-01 dt=4.0290782537335314e-05
cycle=453 time=1.4407789185164685e-01 dt=4.0155658911965786e-05
cycle=454 time=1.4411804751055882e-01 dt=4.0022465567243798e-05
cycle=455 time=1.4415806997612607e-01 dt=3.9890624145640024e-05
cycle=456 time=1.4419796060027171e-01 dt=3.9760684810844234e-05
cycle=457 time=1.4423772128508255e-01 dt=3.9633176695683169e-05
cycle=458 time=1.4427735446177825e-01 dt=3.9508645970457492e-05
cycle=459 time=1.4431686310774872e-01 dt=3.9387629876635226e-05
cycle=460 time=1.4435625073762534e-01 dt=3.9270408558297255e-05
cycle=461 time=1.4439552114618365e-01 dt=3.9154550676227794e-05
cycle=462 time=1.4443467569685989e-01 dt=3.9043396054918887e-05
cycle=463 time=1.4447371909291482e-01 dt=3.8937431010638364e-05
cycle=464 time=1.4451265652392545e-01 dt=3.8837498783277011e-05
cycle=465 time=1.4455149402270873e-01 dt=3.8738569583458009e-05
cycle=466 time=1.4459023259229217e-01 dt=3.8643449203895803e-05
cycle=467 time=1.4462887604149607e-01 dt=3.8555250974583366e-05
cycle=468 time=1.4466743129247064e-01 dt=3.8473475990199285e-05
cycle=469 time=1.4470590476846085e-01 dt=3.8358146971446963e-05
cycle=470 time=1.4474426291543230e-01 dt=3.8234505583213695e-05
cycle=471 time=1.4478249742101551e-01 dt=3.8111929948498024e-05
cycle=472 time=1.4482060935096400e-01 dt=3.7990939342037470e-05
cycle=473 time=1.4485860029030603e-01 dt=3.7872006578689029e-05
cycle=474 time=1.4489647229688471e-01 dt=3.7755625631755488e-05
cycle=475 time=1.4493422792251648e-01 dt=3.7642296333669513e-05
cycle=476 time=1.4497187021885014e-01 dt=3.7529790303101444e-05
cycle=477 time=1.4500940000915324e-01 dt=3.7420866141423250e-05
cycle=478 time=1.4504682087529466e-01 dt=3.7316118397272929e-05
cycle=479 time=1.4508413699369194e-01 dt=3.7216214496734662e-05
cycle=480 time=1.4512135320818867e-01 dt=3.7121792572846504e-05
cycle=481 time=1.4515847500076151e-01 dt=3.7026525139941502e-05
cycle=482 time=1.4519550152590147e-01 dt=3.6936106166617828e-05
cycle=483 time=1.4523243763206808e-01 dt=3.6852070469825849e-05
cycle=484 time=1.4526928970253791e-01 dt=3.6774234437008208e-05
cycle=485 time=1.4530606393697493e-01 dt=3.6679085958316337e-05
cycle=486 time=1.4534274302293324e-01 dt=3.6562740600833230e-05
cycle=487 time=1.4537930576353406e-01 dt=3.6447683661418112e-05
cycle=488 time=1.4541575344719548e-01 dt=3.6333830488332054e-05
cycle=489 time=1.4545208727768383e-01 dt=3.6221652175540844e-05
cycle=490 time=1.4548830892985937e-01 dt=3.6111605859529775e-05
cycle=491 time=1.4552442053571890e-01 dt=3.6001825406678258e-05
cycle=492 time=1.4556042236112557e-01 dt=3.5894769116836068e-05
cycle=493 time=1.4559631713024240e-01 dt=3.5790928417540012e-05
cycle=494 time=1.4563210805865995e-01 dt=3.5690943854800258e-05
cycle=495 time=1.4566779900251475e-01 dt=3.5595448096176850e-05
cycle=496 time=1.4570339445061092e-01 dt=3.5504728518394493e-05
cycle=497 time=1.4573889917912933e-01 dt=3.5411950753556569e-05
cycle=498 time=1.4577431112988287e-01 dt=3.5324536923762777e-05
cycle=499 time=1.4580963566680663e-01 dt=3.5242928768855375e-05
cycle=500 time=1.4584487859557549e-01 dt=3.5138866513698158e-05
cycle=501 time=1.4588001746208920e-01 dt=3.5013409231271088e-05
cycle=502 time=1.4591503087132046e-01 dt=3.4888104838942149e-05
cycle=503 time=1.4594991897615942e-01 dt=3.4763304202289836e-05
cycle=504 time=1.4598468228036171e-01 dt=3.4639411518378759e-05
cycle=505 time=1.4601932169188009e-01 dt=3.4516833526209499e-05
cycle=506 time=1.4605383852540629e-01 dt=3.4393957461949833e-05
cycle=507 time=1.4608823248286823e-01 dt=3.1827989597113556e-05
cycle=508 time=1.4612006047246534e-01 dt=2.1343508835423017e-05
cycle=509 time=1.4614140398130077e-01 dt=1.3347427650998025e-05
cycle=510 time=1.4615475140895176e-01 dt=8.5228406221225472e-06
cycle=511 time=1.4616327424957387e-01 dt=6.9338442312635497e-06
cycle=512 time=1.4617020809380513e-01 dt=6.0567389434170412e-06
cycle=513 time=1.4617626483274854e-01 dt=5.2401125423425477e-06
cycle=514 time=1.4618150494529089e-01 dt=4.5258748744809134e-06
cycle=515 time=1.4618603082016537e-01 dt=3.9232123599486469e-06
cycle=516 time=1.4618995403252533e-01 dt=3.4249560028806577e-06
cycle=517 time=1.4619337898852822e-01 dt=3.0184076576257502e-06
cycle=518 time=1.4619639739618584e-01 dt=2.6893128502866678e-06
cycle=519 time=1.4619908670903611e-01 dt=2.4243653020147038e-06
cycle=520 time=1.4620151107433813e-01 dt=2.2122316251356367e-06
cycle=521 time=1.4620372330596326e-01 dt=2.0436137950807336e-06
cycle=522 time=1.4620576691975834e-01 dt=1.9110489566336515e-06
cycle=523 time=1.4620767796871498e-01 dt=1.8086248051844639e-06
cycle=524 time=1.4620948659352015e-01 dt=1.7316335105106400e-06
cycle=525 time=1.4621121822703065e-01 dt=1.6764566320900281e-06
cycle=526 time=1.4621289468366275e-01 dt=1.6403396346055038e-06
cycle=527 time=1.4621453502329734e-01 dt=1.6211455754010971e-06
cycle=528 time=1.4621615616887274e-01 dt=1.6172090113919847e-06
cycle=529 time=1.4621777337788414e-01 dt=1.6270983033356653e-06
cycle=530 time=1.4621940047618748e-01 dt=1.6497359113686755e-06
cycle=531 time=1.4622105021209886e-01 dt=1.6842134765583238e-06
cycle=532 time=1.4622273442557543e-01 dt=1.7297105550623471e-06
cycle=533 time=1.4622446413613049e-01 dt=1.7854213010184378e-06
cycle=534 time=1.4622624955743152e-01 dt=1.8504891879316888e-06
cycle=535 time=1.4622810004661946e-01 dt=1.9239515638308363e-06
cycle=536 time=1.4623002399818330e-01 dt=2.0046974923973455e-06
cycle=537 time=1.4623202869567570e-01 dt=2.0914433124730768e-06
cycle=538 time=1.4623412013898818e-01 dt=2.1828918420706931e-06
cycle=539 time=1.4623630303083024e-01 dt=2.2774865402243059e-06
cycle=540 time=1.4623858051737046e-01 dt=2.3734559981049597e-06
cycle=541 time=1.4624095397336856e-01 dt=2.4691202041521697e-06
cycle=542 time=1.4624342309357272e-01 dt=2.5627892256199824e-06
cycle=543 time=1.4624598588279833e-01 dt=2.6530580085998482e-06
cycle=544 time=1.4624863894080692e-01 dt=2.7382880201180428e-06
cycle=545 time=1.4625137722882703e-01 dt=2.8171175562613938e-06
cycle=546 time=1.4625419434638329e-01 dt=2.8893852266676684e-06
cycle=547 time=1.4625708373160995e-01 dt=2.9555729369534552e-06
cycle=548 time=1.4626003930454690e-01 dt=3.0170279726808950e-06
cycle=549 time=1.4626305633251957e-01 dt=3.0763167707012333e-06
cycle=550 time=1.4626613264929028e-01 dt=3.1378631447209963e-06
cycle=551 time=1.4626927051243499e-01 dt=3.2370202403528132e-06
cycle=552 time=1.4627250753267534e-01 dt=3.4251341405127309e-06
cycle=553 time=1.4627593266681585e-01 dt=3.5793485125933178e-06
cycle=554 time=1.4627951201532843e-01 dt=3.6120268460020232e-06
cycle=555 time=1.4628312404217444e-01 dt=3.5375701733392222e-06
cycle=556 time=1.4628666161234780e-01 dt=3.3773274139726137e-06
cycle=557 time=1.4629003893976178e-01 dt=3.1576926675308199e-06
cycle=558 time=1.4629319663242932e-01 dt=2.9046344235991176e-06
cycle=559 time=1.4629610126685291e-01 dt=2.6478008147729879e-06
cycle=560 time=1.4629874906766768e-01 dt=2.4958929199072832e-06
cycle=561 time=1.4630124496058758e-01 dt=2.3822779848011210e-06
cycle=562 time=1.4630362723857238e-01 dt=2.2437554005825592e-06
cycle=563 time=1.4630587099397296e-01 dt=2.0799565367674058e-06
cycle=564 time=1.4630795095050972e-01 dt=1.8967621051267626e-06
cycle=565 time=1.4630984771261485e-01 dt=1.7044271652005682e-06
cycle=566 time=1.4631155213978006e-01 dt=1.5146616741499627e-06
cycle=567 time=1.4631306680145420e-01 dt=1.3367876193116627e-06
cycle=568 time=1.4631440358907352e-01 dt=1.1760630125518974e-06
cycle=569 time=1.4631557965208608e-01 dt=1.0344883025880996e-06
cycle=570 time=1.4631661414038866e-01 dt=9.1159670314584307e-07
cycle=571 time=1.4631752573709181e-01 dt=8.0600656824118214e-07
cycle=572 time=1.4631833174366005e-01 dt=7.1584151704400752e-07
cycle=573 time=1.4631904758517708e-01 dt=6.3911708772282731e-07
cycle=574 time=1.4631968670226481e-01 dt=5.7394789392633874e-07
cycle=575 time=1.4632026065015874e-01 dt=5.1864017614547880e-07
cycle=576 time=1.4632077929033488e-01 dt=4.7172073209443025e-07
cycle=577 time=1.4632125101106697e-01 dt=4.3193327567902682e-07
cycle=578 time=1.4632168294434264e-01 dt=3.9821989070894619e-07
cycle=579 time=1.4632208116423334e-01 dt=3.6969713009269055e-07
cycle=580 time=1.4632245086136345e-01 dt=3.4563164435897229e-07
cycle=581 time=1.4632279649300781e-01 dt=3.2541763325957923e-07
cycle=582 time=1.4632312191064106e-01 dt=3.0855703525253006e-07
cycle=583 time=1.4632343046767632e-01 dt=2.9464265616185613e-07
cycle=584 time=1.4632372511033248e-01 dt=2.8334411902990609e-07
cycle=585 time=1.4632400845445151e-01 dt=2.7439629189235695e-07
cycle=586 time=1.4632428285074339e-01 dt=2.6758977878576675e-07
cycle=587 time=1.4632455044052217e-01 dt=2.6276389327105572e-07
cycle=588 time=1.4632481320441545e-01 dt=2.5980048661382413e-07
cycle=589 time=1.4632507300490208e-01 dt=2.5861951184448205e-07
cycle=590 time=1.4632533162441391e-01 dt=2.5917580414898070e-07
cycle=591 time=1.4632559080021806e-01 dt=2.6145684020188785e-07
cycle=592 time=1.4632585225705827e-01 dt=2.6548139885633486e-07
cycle=593 time=1.4632611773845713e-01 dt=2.7129902143353433e-07
cycle=594 time=1.4632638903747858e-01 dt=2.7899018865497461e-07
cycle=595 time=1.4632666802766722e-01 dt=2.8866714328323762e-07
cycle=596 time=1.4632695669481049e-01 dt=3.0047529228891566e-07
cycle=597 time=1.4632725717010278e-01 dt=3.1459511923544599e-07
cycle=598 time=1.4632757176522201e-01 dt=3.3124453012499857e-07
cycle=599 time=1.4632790300975215e-01 dt=3.5068154171258197e-07
cycle=600 time=1.4632825369129387e-01 dt=3.7320712368484285e-07
cycle=601 time=1.4632862689841755e-01 dt=3.9916807631995278e-07
cycle=602 time=1.4632902606649387e-01 dt=4.2895970739438409e-07
cycle=603 time=1.4632945502620126e-01 dt=4.6302805269711591e-07
cycle=604 time=1.4632991805425397e-01 dt=5.0187137306740237e-07
cycle=605 time=1.4633041992562704e-01 dt=5.4586181982667570e-07
cycle=606 time=1.4633096578744687e-01 dt=5.9556612623036809e-07
cycle=607 time=1.4633156135357309e-01 dt=6.5164701788325263e-07
cycle=608 time=1.4633221300059096e-01 dt=7.1483477252558728e-07
cycle=609 time=1.4633292783536347e-01 dt=7.8594057022547621e-07
cycle=610 time=1.4633371377593371e-01 dt=8.6588553386852522e-07
cycle=611 time=1.4633457966146757e-01 dt=9.5575816579719098e-07
cycle=612 time=1.4633553541963337e-01 dt=1.0567686589865094e-06
cycle=613 time=1.4633659218829237e-01 dt=1.1697046349329679e-06
cycle=614 time=1.4633776189292730e-01 dt=1.2960279502036595e-06
cycle=615 time=1.4633905792087751e-01 dt=1.4386768748339218e-06
cycle=616 time=1.4634049659775233e-01 dt=1.6395933951138686e-06
cycle=617 time=1.4634213619114744e-01 dt=1.9825493242447975e-06
cycle=618 time=1.4634411874047168e-01 dt=2.5799626896058669e-06
cycle=619 time=1.4634669870316128e-01 dt=3.1323337762369530e-06
cycle=620 time=1.4634983103693752e-01 dt=3.5623585093718988e-06
cycle=621 time=1.4635339339544690e-01 dt=3.8063859919114780e-06
cycle=622 time=1.4635719978143880e-01 dt=3.8601111047187500e-06
cycle=623 time=1.4636105989254353e-01 dt=3.7646289579729811e-06
cycle=624 time=1.4636482452150151e-01 dt=3.5700057805721677e-06
cycle=625 time=1.4636839452728209e-01 dt=3.3144181761474026e-06
cycle=626 time=1.4637170894545823e-01 dt=3.0218218612905421e-06
cycle=627 time=1.4637473076731952e-01 dt=2.7062386229900173e-06
cycle=628 time=1.4637743700594252e-01 dt=2.3763497611878990e-06
cycle=629 time=1.4637981335570371e-01 dt=2.0415088245614788e-06
cycle=630 time=1.4638185486452829e-01 dt=1.7118902365969588e-06
cycle=631 time=1.4638356675476488e-01 dt=1.4041067805668468e-06
cycle=632 time=1.4638497086154545e-01 dt=1.2355263144294756e-06
cycle=633 time=1.4638620638785987e-01 dt=1.1172496135862084e-06
cycle=634 time=1.4638732363747345e-01 dt=9.8741251625442640e-07
cycle=635 time=1.4638831104998970e-01 dt=8.5887167684726536e-07
cycle=636 time=1.4638916992166653e-01 dt=7.4041719851401650e-07
cycle=637 time=1.4638991033886506e-01 dt=6.3590358469862875e-07
cycle=638 time=1.4639054624244976e-01 dt=5.4594217583327833e-07
cycle=639 time=1.4639109218462559e-01 dt=4.6953860151698848e-07
cycle=640 time=1.4639156172322712e-01 dt=4.0509013203070006e-07
cycle=641 time=1.4639196681335914e-01 dt=3.5088349613660546e-07
cycle=642 time=1.4639231769685529e-01 dt=3.0531812239359625e-07
cycle=643 time=1.4639262301497769e-01 dt=2.6698684070040827e-07
cycle=644 time=1.4639289000181838e-01 dt=2.3469042258414006e-07
cycle=645 time=1.4639312469224097e-01 dt=2.0740639630048613e-07
cycle=646 time=1.4639333209863728e-01 dt=1.8419923300674182e-07
cycle=647 time=1.4639351629787029e-01 dt=1.6440430778788657e-07
cycle=648 time=1.4639368070217806e-01 dt=1.4747283106998817e-07
cycle=649 time=1.4639382817500912e-01 dt=1.3295156394621621e-07
cycle=650 time=1.4639396112657307e-01 dt=1.2046575233863365e-07
cycle=651 time=1.4639408159232542e-01 dt=1.0970500770928445e-07
cycle=652 time=1.4639419129733314e-01 dt=1.0041173478462258e-07
cycle=653 time=1.4639429170906793e-01 dt=9.2371694303546608e-08
cycle=654 time=1.4639438408076222e-01 dt=8.5406324615951574e-08
cycle=655 time=1.4639446948708684e-01 dt=7.9366501304956665e-08
cycle=656 time=1.4639454885358816e-01 dt=7.4127459418824675e-08
cycle=657 time=1.4639462298104758e-01 dt=6.9584661519850204e-08
cycle=658 time=1.4639469256570911e-01 dt=6.5650430034064615e-08
cycle=659 time=1.4639475821613915e-01 dt=6.2251199475539821e-08
cycle=660 time=1.4639482046733862e-01 dt=5.9325272288563966e-08
cycle=661 time=1.4639487979261090e-01 dt=5.6820985015242962e-08
cycle=662 time=1.4639493661359593e-01 dt=5.4695210075977454e-08
cycle=663 time=1.4639499130880601e-01 dt=5.2912133368890502e-08
cycle=664 time=1.4639504422093938e-01 dt=5.1442259866987401e-08
cycle=665 time=1.4639509566319925e-01 dt=5.0261609034433644e-08
cycle=666 time=1.4639514592480829e-01 dt=4.9351069681846337e-08
cycle=667 time=1.4639519527587797e-01 dt=4.8695890226338274e-08
cycle=668 time=1.4639524397176820e-01 dt=4.8285285529322655e-08
cycle=669 time=1.4639529225705372e-01 dt=4.8112145805608474e-08
cycle=670 time=1.4639534036919952e-01 dt=4.8172836733501109e-08
cycle=671 time=1.4639538854203624e-01 dt=4.8467083011421316e-08
cycle=672 time=1.4639543700911925e-01 dt=4.8997930335385988e-08
cycle=673 time=1.4639548600704957e-01 dt=4.9771783223382511e-08
cycle=674 time=1.4639553577883280e-01 dt=5.0798518378216479e-08
cycle=675 time=1.4639558657735119e-01 dt=5.2091675435684677e-08
cycle=676 time=1.4639563866902663e-01 dt=5.3668729052720322e-08
cycle=677 time=1.4639569233775568e-01 dt=5.5551448401308450e-08
cycle=678 time=1.4639574788920409e-01 dt=5.7766352286729595e-08
cycle=679 time=1.4639580565555638e-01 dt=6.0345270326689268e-08
cycle=680 time=1.4639586600082671e-01 dt=6.3326022916178968e-08
cycle=681 time=1.4639592932684964e-01 dt=6.6753235041513556e-08
cycle=682 time=1.4639599608008469e-01 dt=7.0679301341781077e-08
cycle=683 time=1.4639606675938602e-01 dt=7.5165522045903057e-08
cycle=684 time=1.4639614192490807e-01 dt=8.0283431374166541e-08
cycle=685 time=1.4639622220833945e-01 dt=8.6116341406980995e-08
cycle=686 time=1.4639630832468087e-01 dt=9.2761125002383507e-08
cycle=687 time=1.4639640108580587e-01 dt=1.0033026020011717e-07
cycle=688 time=1.4639650141606608e-01 dt=1.0895415707771122e-07
cycle=689 time=1.4639661037022317e-01 dt=1.1878377881994318e-07
cycle=690 time=1.4639672915400198e-01 dt=1.2997208948412253e-07
cycle=691 time=1.4639685912609146e-01 dt=1.4266565220277458e-07
cycle=692 time=1.4639700179174367e-01 dt=1.5708862744308273e-07
cycle=693 time=1.4639715888037111e-01 dt=1.7349936323675371e-07
cycle=694 time=1.4639733237973435e-01 dt=1.9219493068330753e-07
cycle=695 time=1.4639752457466504e-01 dt=2.1351597908633788e-07
cycle=696 time=1.4639773809064413e-01 dt=2.3785186174153693e-07
cycle=697 time=1.4639797594250586e-01 dt=2.6564642198340672e-07
cycle=698 time=1.4639824158892784e-01 dt=2.9740302432705352e-07
cycle=699 time=1.4639853899195215e-01 dt=3.3368880561195687e-07
cycle=700 time=1.4639887268075777e-01 dt=3.7514252373102401e-07
cycle=701 time=1.4639924782328151e-01 dt=4.2247964525329111e-07
cycle=702 time=1.4639967030292675e-01 dt=4.7649780736496659e-07
cycle=703 time=1.4640014680073413e-01 dt=5.3812778197984386e-07
cycle=704 time=1.4640068492851610e-01 dt=6.0848446646305582e-07
cycle=705 time=1.4640129341298255e-01 dt=6.8852424199103152e-07
cycle=706 time=1.4640198193722453e-01 dt=7.7930250703855460e-07
cycle=707 time=1.4640276123973156e-01 dt=8.8359624328114191e-07
cycle=708 time=1.4640364483597484e-01 dt=1.0391972319197949e-06
cycle=709 time=1.4640468403320678e-01 dt=1.3106978443282761e-06
cycle=710 time=1.4640599473105109e-01 dt=1.7372110534656397e-06
cycle=711 time=1.4640773194210455e-01 dt=2.1729371027134543e-06
cycle=712 time=1.4640990487920727e-01 dt=2.5564719220685428e-06
cycle=713 time=1.4641246135112934e-01 dt=2.8210532710550313e-06
cycle=714 time=1.4641528240440041e-01 dt=2.9438330386503662e-06
cycle=715 time=1.4641822623743905e-01 dt=2.9509069819223869e-06
cycle=716 time=1.4642117714442099e-01 dt=2.8831185299012640e-06
cycle=717 time=1.4642406026295088e-01 dt=2.7719476812380376e-06
cycle=718 time=1.4642683221063213e-01 dt=2.6360451663810975e-06
cycle=719 time=1.4642946825579850e-01 dt=2.4852644193803262e-06
cycle=720 time=1.4643195352021787e-01 dt=2.3244868003957434e-06
cycle=721 time=1.4643427800701828e-01 dt=2.1559360671061375e-06
cycle=722 time=1.4643643394308539e-01 dt=1.9804376263840685e-06
cycle=723 time=1.4643841438071178e-01 dt=1.7981309162012947e-06
cycle=724 time=1.4644021251162798e-01 dt=1.6113116999825270e-06
cycle=725 time=1.4644182382332796e-01 dt=1.4205813746969141e-06
cycle=726 time=1.4644324440470266e-01 dt=1.2273104796953809e-06
cycle=727 time=1.4644447171518235e-01 dt=1.0367428114589222e-06
cycle=728 time=1.4644550845799381e-01 dt=8.6052499042938618e-07
cycle=729 time=1.4644636898298424e-01 dt=7.9164485896846831e-07
cycle=730 time=1.4644716062784321e-01 dt=7.1627040297175889e-07
cycle=731 time=1.4644787689824618e-01 dt=6.3750400825166489e-07
cycle=732 time=1.4644851440225443e-01 dt=5.6230271683968102e-07
cycle=733 time=1.4644907670497126e-01 dt=4.9409023589474420e-07
cycle=734 time=1.4644957079520715e-01 dt=4.3386289750579897e-07
cycle=735 time=1.4645000465810465e-01 dt=3.8141392648139214e-07
cycle=736 time=1.4645038607203112e-01 dt=3.3605534766337912e-07
cycle=737 time=1.4645072212737878e-01 dt=2.9694688841644254e-07
cycle=738 time=1.4645101907426719e-01 dt=2.6325229389081871e-07
cycle=739 time=1.4645128232656107e-01 dt=2.3420247670564639e-07
cycle=740 time=1.4645151652903779e-01 dt=2.0911823225953338e-07
cycle=741 time=1.4645172564727005e-01 dt=1.8741786590188757e-07
cycle=742 time=1.4645191306513594e-01 dt=1.6860505649882970e-07
cycle=743 time=1.4645208167019244e-01 dt=1.5225886012793107e-07
cycle=744 time=1.4645223392905257e-01 dt=1.3802329364550901e-07
cycle=745 time=1.4645237195234623e-01 dt=1.2559761087810198e-07
cycle=746 time=1.4645249754995709e-01 dt=1.1472768664213773e-07
cycle=747 time=1.4645261227764372e-01 dt=1.0519859286109229e-07
cycle=748 time=1.4645271747623659e-01 dt=9.6828302477858027e-08
cycle=749 time=1.4645281430453908e-01 dt=8.9462398422954797e-08
cycle=750 time=1.4645290376693751e-01 dt=8.2969650071617081e-08
cycle=751 time=1.4645298673658758e-01 dt=7.7238323383388235e-08
cycle=752 time=1.4645306397491095e-01 dt=7.2173112294961453e-08
cycle=753 time=1.4645313614802324e-01 dt=6.7692578797065296e-08
cycle=754 time=1.4645320384060204e-01 dt=6.3727021096807140e-08
cycle=755 time=1.4645326756762314e-01 dt=6.0216695804685265e-08
cycle=756 time=1.4645332778431894e-01 dt=5.7110333527073283e-08
cycle=757 time=1.4645338489465246e-01 dt=5.4363897865557094e-08
cycle=758 time=1.4645343925855031e-01 dt=5.1939546667578014e-08
cycle=759 time=1.4645349119809697e-01 dt=4.9804761656219799e-08
cycle=760 time=1.4645354100285862e-01 dt=4.7931618576457847e-08
cycle=761 time=1.4645358893447719e-01 dt=4.6296174940332358e-08
cycle=762 time=1.4645363523065213e-01 dt=4.4877956518981288e-08
cycle=763 time=1.4645368010860865e-01 dt=4.3659527072739954e-08
cycle=764 time=1.4645372376813573e-01 dt=4.2626128563730471e-08
cycle=765 time=1.4645376639426430e-01 dt=4.1765381367690308e-08
cycle=766 time=1.4645380815964568e-01 dt=4.1067035883261289e-08
cycle=767 time=1.4645384922668156e-01 dt=4.0522768501191232e-08
cycle=768 time=1.4645388974945006e-01 dt=4.0126016203149374e-08
cycle=769 time=1.4645392987546627e-01 dt=3.9871845159417690e-08
cycle=770 time=1.4645396974731142e-01 dt=3.9756849626868800e-08
cycle=771 time=1.4645400950416104e-01 dt=3.9779078246596312e-08
cycle=772 time=1.4645404928323930e-01 dt=3.9937985531374011e-08
cycle=773 time=1.4645408922122483e-01 dt=4.0234406939376511e-08
cycle=774 time=1.4645412945563177e-01 dt=4.0670556470733152e-08
cycle=775 time=1.4645417012618825e-01 dt=4.1250046212845487e-08
cycle=776 time=1.4645421137623446e-01 dt=4.1977927711557876e-08
cycle=777 time=1.4645425335416218e-01 dt=4.2860755468800503e-08
cycle=778 time=1.4645429621491765e-01 dt=4.3906673269187761e-08
cycle=779 time=1.4645434012159092e-01 dt=4.5125524428288231e-08
cycle=780 time=1.4645438524711535e-01 dt=4.6528987433787613e-08
cycle=781 time=1.4645443177610279e-01 dt=4.8130738819430213e-08
cycle=782 time=1.4645447990684160e-01 dt=4.9946645470018622e-08
cycle=783 time=1.4645452985348706e-01 dt=5.1994988897534024e-08
cycle=784 time=1.4645458184847596e-01 dt=5.4296724344010829e-08
cycle=785 time=1.4645463614520030e-01 dt=5.6875777840685412e-08
cycle=786 time=1.4645469302097813e-01 dt=5.9759384562569971e-08
cycle=787 time=1.4645475278036268e-01 dt=6.2978471931491778e-08
cycle=788 time=1.4645481575883462e-01 dt=6.6568090896375806e-08
cycle=789 time=1.4645488232692552e-01 dt=7.0567898601480307e-08
cycle=790 time=1.4645495289482413e-01 dt=7.5022695170378151e-08
cycle=791 time=1.4645502791751930e-01 dt=7.9983016497301938e-08
cycle=792 time=1.4645510790053579e-01 dt=8.5505783622030720e-08
cycle=793 time=1.4645519340631941e-01 dt=9.1655007427667062e-08
cycle=794 time=1.4645528506132682e-01 dt=9.8502543658969533e-08
cycle=795 time=1.4645538356387047e-01 dt=1.0612889363759160e-07
cycle=796 time=1.4645548969276412e-01 dt=1.1462403775892811e-07
cycle=797 time=1.4645560431680188e-01 dt=1.2408584908653905e-07
cycle=798 time=1.4645572840265098e-01 dt=1.3462396529943232e-07
cycle=799 time=1.4645586302661628e-01 dt=1.4636106963422546e-07
cycle=800 time=1.4645600938768591e-01 dt=1.5943250129248075e-07
cycle=801 time=1.4645616882018719e-01 dt=1.7398689861802558e-07
cycle=802 time=1.4645634280708580e-01 dt=1.9018670047340121e-07
cycle=803 time=1.4645653299378628e-01 dt=2.0820847922379452e-07
cycle=804 time=1.4645674120226551e-01 dt=2.2824310802694942e-07
cycle=805 time=1.4645696944537354e-01 dt=2.5049582997269244e-07
cycle=806 time=1.4645721994120350e-01 dt=2.7518664836370709e-07
cycle=807 time=1.4645749512785186e-01 dt=3.0255067567894194e-07
cycle=808 time=1.4645779767852754e-01 dt=3.3283959844631387e-07
cycle=809 time=1.4645813051812598e-01 dt=3.6632518268880493e-07
cycle=810 time=1.4645849684330867e-01 dt=4.0329771280685037e-07
cycle=811 time=1.4645890014102148e-01 dt=4.4408940120292008e-07
cycle=812 time=1.4645934423042267e-01 dt=4.8897733178452671e-07
cycle=813 time=1.4645983320775446e-01 dt=5.3832016406230042e-07
cycle=814 time=1.4646037152791852e-01 dt=5.9278452569920139e-07
cycle=815 time=1.4646096431244421e-01 dt=6.5382560589226834e-07
cycle=816 time=1.4646161813805009e-01 dt=7.4978862509986437e-07
cycle=817 time=1.4646236792667519e-01 dt=9.1885171568158113e-07
cycle=818 time=1.4646328677839088e-01 dt=1.1455067076709703e-06
cycle=819 time=1.4646443228509856e-01 dt=1.3882662264382665e-06
cycle=820 time=1.4646582055132501e-01 dt=1.6295773067561779e-06
cycle=821 time=1.4646745012863177e-01 dt=1.8417877905218687e-06
cycle=822 time=1.4646929191642230e-01 dt=2.1904921224227639e-06
cycle=823 time=1.4647148240854471e-01 dt=2.2493938544389498e-06
cycle=824 time=1.4647373180239914e-01 dt=2.2466358536416704e-06
cycle=825 time=1.4647597843825277e-01 dt=2.2027569240338808e-06
cycle=826 time=1.4647818119517680e-01 dt=2.1362349736942711e-06
cycle=827 time=1.4648031743015050e-01 dt=2.0549479221515084e-06
cycle=828 time=1.4648237237807266e-01 dt=1.9648172196687394e-06
cycle=829 time=1.4648433719529233e-01 dt=1.8704127140528020e-06
cycle=830 time=1.4648620760800637e-01 dt=1.7744784601443758e-06
cycle=831 time=1.4648798208646652e-01 dt=1.6771678667897036e-06
cycle=832 time=1.4648965925433330e-01 dt=1.5783308366820100e-06
cycle=833 time=1.4649123758516999e-01 dt=1.4775691942410045e-06
cycle=834 time=1.4649271515436424e-01 dt=1.3744164070857746e-06
cycle=835 time=1.4649408957077131e-01 dt=1.2684584586841818e-06
cycle=836 time=1.4649535802923000e-01 dt=1.1594777295469365e-06
cycle=837 time=1.4649651750695955e-01 dt=1.0476909255766627e-06
cycle=838 time=1.4649756519788512e-01 dt=9.3415740652628683e-07
cycle=839 time=1.4649849935529163e-01 dt=8.2079658918290931e-07
cycle=840 time=1.4649932015188083e-01 dt=7.1185011222047028e-07
cycle=841 time=1.4650003200199305e-01 dt=6.4376260865266311e-07
cycle=842 time=1.4650067576460171e-01 dt=6.0775551189142373e-07
cycle=843 time=1.4650128352011360e-01 dt=5.6713055297499560e-07
cycle=844 time=1.4650185065066657e-01 dt=5.2641543618269594e-07
cycle=845 time=1.4650237706610275e-01 dt=4.8827627186154003e-07
cycle=846 time=1.4650286534237461e-01 dt=4.5366018044468527e-07
cycle=847 time=1.4650331900255506e-01 dt=4.2277350841891861e-07
cycle=848 time=1.4650374177606348e-01 dt=3.9548815343241538e-07
cycle=849 time=1.4650413726421690e-01 dt=3.7154111408159836e-07
cycle=850 time=1.4650450880533097e-01 dt=3.5062907705892707e-07
cycle=851 time=1.4650485943440802e-01 dt=3.3245232451982905e-07
cycle=852 time=1.4650519188673256e-01 dt=3.1673414000488689e-07
cycle=853 time=1.4650550862087255e-01 dt=3.0322832145643376e-07
cycle=854 time=1.4650581184919401e-01 dt=2.9172095896400169e-07
cycle=855 time=1.4650610357015298e-01 dt=2.8202954955663871e-07
cycle=856 time=1.4650638559970253e-01 dt=2.7400100553432954e-07
cycle=857 time=1.4650665960070805e-01 dt=2.6750935030229183e-07
cycle=858 time=1.4650692711005836e-01 dt=2.6245350586758126e-07
cycle=859 time=1.4650718956356423e-01 dt=2.5875536877795815e-07
cycle=860 time=1.4650744831893300e-01 dt=2.5635828665149510e-07
cycle=861 time=1.4650770467721966e-01 dt=2.5522591546748208e-07
cycle=862 time=1.4650795990313512e-01 dt=2.5534165586689410e-07
cycle=863 time=1.4650821524479099e-01 dt=2.5670861385239728e-07
cycle=864 time=1.4650847195340486e-01 dt=2.5935001473004610e-07
cycle=865 time=1.4650873130341960e-01 dt=2.6331027948815652e-07
cycle=866 time=1.4650899461369910e-01 dt=2.6865681864694198e-07
cycle=867 time=1.4650926327051775e-01 dt=2.7548268929060371e-07
cycle=868 time=1.4650953875320705e-01 dt=2.8391032837856891e-07
cycle=869 time=1.4650982266353543e-01 dt=2.9409667382169594e-07
cycle=870 time=1.4651011676020925e-01 dt=3.0624013914519950e-07
cycle=871 time=1.4651042300034839e-01 dt=3.2059011082924802e-07
cycle=872 time=1.4651074359045921e-01 dt=3.3746005569999686e-07
cycle=873 time=1.4651108105051491e-01 dt=3.5724593494859015e-07
cycle=874 time=1.4651143829644986e-01 dt=3.8045327125647814e-07
cycle=875 time=1.4651181874972111e-01 dt=4.0771140901225494e-07
cycle=876 time=1.4651222646113013e-01 dt=4.3514102046540073e-07
cycle=877 time=1.4651266160215060e-01 dt=4.2958793903838739e-07
cycle=878 time=1.4651309119008962e-01 dt=4.2481519803485510e-07
cycle=879 time=1.4651351600528767e-01 dt=4.2078898454350967e-07
cycle=880 time=1.4651393679427221e-01 dt=4.1747749516831833e-07
cycle=881 time=1.4651435427176737e-01 dt=4.1485104135876409e-07
cycle=882 time=1.4651476912280872e-01 dt=4.1288205911975869e-07
cycle=883 time=1.4651518200486785e-01 dt=4.1154505774250915e-07
cycle=884 time=1.4651559354992560e-01 dt=4.1081653158571623e-07
cycle=885 time=1.4651600436645720e-01 dt=4.1067485267354491e-07
cycle=886 time=1.4651641504130988e-01 dt=4.1110015830641582e-07
cycle=887 time=1.4651682614146819e-01 dt=4.1207428073382374e-07
cycle=888 time=1.4651723821574891e-01 dt=4.1358080191798018e-07
cycle=889 time=1.4651765179655082e-01 dt=4.1560522058507935e-07
cycle=890 time=1.4651806740177140e-01 dt=4.1813496506217938e-07
cycle=891 time=1.4651848553673646e-01 dt=4.2111192167152949e-07
cycle=892 time=1.4651890664865813e-01 dt=4.2450863226305333e-07
cycle=893 time=1.4651933115729041e-01 dt=4.2830702209236460e-07
cycle=894 time=1.4651975946431250e-01 dt=4.3248908643380061e-07
cycle=895 time=1.4652019195339894e-01 dt=4.3703676532012919e-07
cycle=896 time=1.4652062899016427e-01 dt=4.4193150598273620e-07
cycle=897 time=1.4652107092167024e-01 dt=4.4715451839610544e-07
cycle=898 time=1.4652151807618863e-01 dt=4.5268706504947668e-07
cycle=899 time=1.4652197076325368e-01 dt=4.5851003179554722e-07
cycle=900 time=1.4652242927328549e-01 dt=4.6460390249899726e-07
cycle=901 time=1.4652289387718798e-01 dt=4.7094876141114929e-07
cycle=902 time=1.4652336482594938e-01 dt=4.7752429060147609e-07
cycle=903 time=1.4652384235023999e-01 dt=4.8431037938740770e-07
cycle=904 time=1.4652432666061938e-01 dt=4.9128673621608204e-07
cycle=905 time=1.4652481794735558e-01 dt=4.9843234561825843e-07
cycle=906 time=1.4652531637970120e-01 dt=5.0572615344142475e-07
cycle=907 time=1.4652582210585466e-01 dt=5.1314714584123027e-07
cycle=908 time=1.4652633525300049e-01 dt=5.2067463156924387e-07
cycle=909 time=1.4652685592763207e-01 dt=5.2828849726131906e-07
cycle=910 time=1.4652738421612932e-01 dt=5.3596947249437580e-07
cycle=911 time=1.4652792018560182e-01 dt=5.4369944952041915e-07
cycle=912 time=1.4652846388505134e-01 dt=5.5146191278271238e-07
cycle=913 time=1.4652901534696411e-01 dt=5.5924240796894372e-07
cycle=914 time=1.4652957458937207e-01 dt=5.6704158683487496e-07
cycle=915 time=1.4653014163095890e-01 dt=5.7482574299923734e-07
cycle=916 time=1.4653071645670190e-01 dt=5.8258523665309740e-07
cycle=917 time=1.4653129904193857e-01 dt=5.9031583660028859e-07
cycle=918 time=1.4653188935777517e-01 dt=5.9801879070077631e-07
cycle=919 time=1.4653248737656588e-01 dt=6.0570329259592829e-07
cycle=920 time=1.4653309307985848e-01 dt=6.1338917734909091e-07
cycle=921 time=1.4653370646903582e-01 dt=6.2111078292930432e-07
cycle=922 time=1.4653432757981874e-01 dt=6.2892300874330863e-07
cycle=923 time=1.4653495650282750e-01 dt=6.3694019276800392e-07
cycle=924 time=1.4653559344302025e-01 dt=6.4532169629342812e-07
cycle=925 time=1.4653623876471655e-01 dt=6.5429507130017497e-07
cycle=926 time=1.4653689305978784e-01 dt=6.6436275243484557e-07
cycle=927 time=1.4653755742254027e-01 dt=6.8098281310716083e-07
cycle=928 time=1.4653823840535338e-01 dt=7.1129144668683622e-07
cycle=929 time=1.4653894969680006e-01 dt=7.4298719529126641e-07
cycle=930 time=1.4653969268399536e-01 dt=7.6966019017492334e-07
cycle=931 time=1.4654046234418552e-01 dt=7.9164920969711761e-07
cycle=932 time=1.4654125399339521e-01 dt=8.0906018601864818e-07
cycle=933 time=1.4654206305358122e-01 dt=8.2191102896731999e-07
cycle=934 time=1.4654288496461018e-01 dt=8.3020803341190294e-07
cycle=935 time=1.4654371517264358e-01 dt=8.3399374588775019e-07
cycle=936 time=1.4654454916638948e-01 dt=8.3337329635520893e-07
cycle=937 time=1.4654538253968583e-01 dt=8.2852804367067027e-07
cycle=938 time=1.4654621106772950e-01 dt=8.1972171924094209e-07
cycle=939 time=1.4654703078944875e-01 dt=8.0730176009115368e-07
cycle=940 time=1.4654783809120883e-01 dt=7.9169813228767481e-07
cycle=941 time=1.4654862978934111e-01 dt=7.7342059385413726e-07
cycle=942 time=1.4654940320993495e-01 dt=7.5305399869641104e-07
cycle=943 time=1.4655015626393364e-01 dt=7.3124980440189121e-07
cycle=944 time=1.4655088751373804e-01 dt=7.0870952749417165e-07
cycle=945 time=1.4655159622326552e-01 dt=6.8616294534383284e-07
cycle=946 time=1.4655228238621087e-01 dt=6.6433609353438736e-07
cycle=947 time=1.4655294672230440e-01 dt=6.4390003589152972e-07
cycle=948 time=1.4655359062234030e-01 dt=6.3187832889132228e-07
cycle=949 time=1.4655422250066918e-01 dt=6.2425435486110197e-07
cycle=950 time=1.4655484675502403e-01 dt=6.1420896739950394e-07
cycle=951 time=1.4655546096399144e-01 dt=6.0185488542628663e-07
cycle=952 time=1.4655606281887687e-01 dt=5.8774005563245148e-07
cycle=953 time=1.4655665055893249e-01 dt=5.7260175385577299e-07
cycle=954 time=1.4655722316068634e-01 dt=5.5710829914818467e-07
cycle=955 time=1.4655778026898550e-01 dt=5.4176209775798224e-07
cycle=956 time=1.4655832203108327e-01 dt=5.2689945459793847e-07
cycle=957 time=1.4655884893053786e-01 dt=5.1272742546420713e-07
cycle=958 time=1.4655936165796332e-01 dt=4.9936249272870671e-07
cycle=959 time=1.4655986102045604e-01 dt=4.8686132558141225e-07
cycle=960 time=1.4656034788178163e-01 dt=4.7524202724699603e-07
cycle=961 time=1.4656082312380889e-01 dt=4.6449846742997564e-07
cycle=962 time=1.4656128762227633e-01 dt=4.5460973508855032e-07
cycle=963 time=1.4656174223201140e-01 dt=4.4554631396469173e-07
cycle=964 time=1.4656218777832536e-01 dt=4.3727409523920965e-07
cycle=965 time=1.4656262505242060e-01 dt=4.2975696718713357e-07
cycle=966 time=1.4656305480938778e-01 dt=4.2295846853327233e-07
cycle=967 time=1.4656347776785630e-01 dt=4.1684282151586766e-07
cycle=968 time=1.4656389461067781e-01 dt=4.1137555320489429e-07
cycle=969 time=1.4656430598623102e-01 dt=4.0652384701332329e-07
cycle=970 time=1.4656471251007802e-01 dt=4.0225671343654690e-07
cycle=971 time=1.4656511476679146e-01 dt=3.9854504208985600e-07
cycle=972 time=1.4656551331183354e-01 dt=3.9536157634218078e-07
cycle=973 time=1.4656590867340988e-01 dt=3.9268083843069885e-07
cycle=974 time=1.4656630135424831e-01 dt=3.9047902391381926e-07
cycle=975 time=1.4656669183327223e-01 dt=3.8873387819384291e-07
cycle=976 time=1.4656708056715043e-01 dt=3.8742456372267421e-07
cycle=977 time=1.4656746799171416e-01 dt=3.8653152367668390e-07
cycle=978 time=1.4656785452323784e-01 dt=3.8603634611582976e-07
cycle=979 time=1.4656824055958395e-01 dt=3.8592163088839742e-07
cycle=980 time=1.4656862648121485e-01 dt=3.8617086131903731e-07
cycle=981 time=1.4656901265207617e-01 dt=3.8676828170460597e-07
cycle=982 time=1.4656939942035788e-01 dt=3.8769878135860197e-07
cycle=983 time=1.4656978711913923e-01 dt=3.8894778572340760e-07
cycle=984 time=1.4657017606692496e-01 dt=3.9050115491888057e-07
cycle=985 time=1.4657056656807987e-01 dt=3.9234509002203172e-07
cycle=986 time=1.4657095891316990e-01 dt=3.9446604733814510e-07
cycle=987 time=1.4657135337921723e-01 dt=3.9685066091630883e-07
cycle=988 time=1.4657175022987814e-01 dt=3.9948567370846197e-07
cycle=989 time=1.4657214971555185e-01 dt=4.0235787911893305e-07
cycle=990 time=1.4657255207343098e-01 dt=4.0545406702174853e-07
cycle=991 time=1.4657295752749799e-01 dt=4.0876098275784771e-07
cycle=992 time=1.4657336628848075e-01 dt=4.1226529512878903e-07
cycle=993 time=1.4657377855377587e-01 dt=4.1595357429755861e-07
cycle=994 time=1.4657419450735018e-01 dt=4.1981227995847808e-07
cycle=995 time=1.4657461431963015e-01 dt=4.2383511721751376e-07
cycle=996 time=1.4657503815474737e-01 dt=4.2840508202213118e-07
cycle=997 time=1.4657546655982939e-01 dt=4.3349339166885297e-07
cycle=998 time=1.4657590005322105e-01 dt=4.3905319580434916e-07
cycle=999 time=1.4657633910641685e-01 dt=4.4505355500321942e-07
cycle=1000 time=1.4657678415997186e-01 dt=4.5148622700214199e-07
cycle=1001 time=1.4657723564619887e-01 dt=4.5834028939512319e-07
cycle=1002 time=1.4657769398648826e-01 dt=4.6560381586747377e-07
cycle=1003 time=1.4657815959030412e-01 dt=4.7325167215605990e-07
cycle=1004 time=1.4657863284197628e-01 dt=4.8118089752109848e-07
cycle=1005 time=1.4657911402287380e-01 dt=4.8940394771800511e-07
cycle=1006 time=1.4657960342682153e-01 dt=4.9794451608803599e-07
cycle=1007 time=1.4658010137133762e-01 dt=5.0683809382091868e-07
cycle=1008 time=1.4658060820943145e-01 dt=5.1614395336470518e-07
cycle=1009 time=1.4658112435338480e-01 dt=5.2595917552830488e-07
cycle=1010 time=1.4658165031256032e-01 dt=5.3644745352386906e-07
cycle=1011 time=1.4658218676001383e-01 dt=5.4790469577949897e-07
cycle=1012 time=1.4658273466470961e-01 dt=5.6095030444238227e-07
cycle=1013 time=1.4658329561501404e-01 dt=5.7737159410097400e-07
cycle=1014 time=1.4658387298660813e-01 dt=5.9700954776877014e-07
cycle=1015 time=1.4658446999615590e-01 dt=6.1557350964055768e-07
cycle=1016 time=1.4658508556966554e-01 dt=6.3338992251571899e-07
cycle=1017 time=1.4658571895958805e-01 dt=6.5088908620176801e-07
cycle=1018 time=1.4658636984867426e-01 dt=6.6850107151196038e-07
cycle=1019 time=1.4658703834974576e-01 dt=6.8668996565131788e-07
cycle=1020 time=1.4658772503971140e-01 dt=7.0598491008784134e-07
cycle=1021 time=1.4658843102462149e-01 dt=7.2694619814653528e-07
cycle=1022 time=1.4658915797081964e-01 dt=7.4993546006050684e-07
cycle=1023 time=1.4658990790627971e-01 dt=7.7542718953556535e-07
cycle=1024 time=1.4659068333346925e-01 dt=8.0359838864167976e-07
cycle=1025 time=1.4659148693185789e-01 dt=8.3511640559548953e-07
cycle=1026 time=1.4659232204826347e-01 dt=8.7045432006702134e-07
cycle=1027 time=1.4659319250258354e-01 dt=9.1008000854850517e-07
cycle=1028 time=1.4659410258259209e-01 dt=9.5450614640705734e-07
cycle=1029 time=1.4659505708873849e-01 dt=1.0043170185078602e-06
cycle=1030 time=1.4659606140575701e-01 dt=1.0601119427928511e-06
cycle=1031 time=1.4659712151769980e-01 dt=1.1223432427617086e-06
cycle=1032 time=1.4659824386094256e-01 dt=1.1913006326963194e-06
cycle=1033 time=1.4659943516157525e-01 dt=1.2670632417423351e-06
cycle=1034 time=1.4660070222481700e-01 dt=1.3499049812296909e-06
cycle=1035 time=1.4660205212979824e-01 dt=1.4453797072906358e-06
cycle=1036 time=1.4660349750950552e-01 dt=1.5541164922500748e-06
cycle=1037 time=1.4660505162599777e-01 dt=1.6763897721295911e-06
cycle=1038 time=1.4660672801576990e-01 dt=1.8121950933155722e-06
cycle=1039 time=1.4660854021086323e-01 dt=1.9611940411927816e-06
cycle=1040 time=1.4661050140490442e-01 dt=2.1231625193177978e-06
cycle=1041 time=1.4661262456742374e-01 dt=2.3013091555609232e-06
cycle=1042 time=1.4661492587657932e-01 dt=2.5072666797633470e-06
cycle=1043 time=1.4661743314325909e-01 dt=5.0145333595266940e-06
cycle=1044 time=1.4662244767661861e-01 dt=1.0029066719053388e-05
cycle=1045 time=1.4663247674333765e-01 dt=2.0058133438106776e-05
cycle=1046 time=1.4665253487677576e-01 dt=2.2496585044715103e-05
cycle=1047 time=1.4667503146182048e-01 dt=1.1293321360025445e-05
cycle=1048 time=1.4668632478318050e-01 dt=4.8974545404725419e-06
cycle=1049 time=1.4669122223772096e-01 dt=1.9246106841906637e-06
cycle=1050 time=1.4669314684840515e-01 dt=1.1478245730683396e-06
cycle=1051 time=1.4669429467297820e-01 dt=8.4442932258616276e-07
cycle=1052 time=1.4669513910230078e-01 dt=6.2497775495055470e-07
cycle=1053 time=1.4669576408005572e-01 dt=4.6906971125295026e-07
cycle=1054 time=1.4669623314976696e-01 dt=3.5749289377610555e-07
cycle=1055 time=1.4669659064266075e-01 dt=2.7659441049386629e-07
cycle=1056 time=1.4669686723707123e-01 dt=2.1712098559469972e-07
cycle=1057 time=1.4669708435805684e-01 dt=1.7280992557595217e-07
cycle=1058 time=1.4669725716798240e-01 dt=1.3937943204634329e-07
cycle=1059 time=1.4669739654741445e-01 dt=1.1386324396114942e-07
cycle=1060 time=1.4669751041065843e-01 dt=9.4177563660854074e-08
cycle=1061 time=1.4669760458822209e-01 dt=7.8838982389857459e-08
cycle=1062 time=1.4669768342720449e-01 dt=6.6778465991517071e-08
cycle=1063 time=1.4669775020567047e-01 dt=5.7211529995799635e-08
cycle=1064 time=1.4669780741720045e-01 dt=4.9566614119027914e-08
cycle=1065 time=1.4669785698381457e-01 dt=4.3418225605233484e-08
cycle=1066 time=1.4669790040204017e-01 dt=3.8446647188417764e-08
cycle=1067 time=1.4669793884868737e-01 dt=3.4409727158414468e-08
cycle=1068 time=1.4669797325841452e-01 dt=3.1122766343071139e-08
cycle=1069 time=1.4669800438118086e-01 dt=2.8447221437524193e-08
cycle=1070 time=1.4669803282840230e-01 dt=2.6273255051623063e-08
cycle=1071 time=1.4669805910165734e-01 dt=2.4515724740015904e-08
cycle=1072 time=1.4669808361738207e-01 dt=2.3108895550205744e-08
cycle=1073 time=1.4669810672627762e-01 dt=2.2002190594139798e-08
cycle=1074 time=1.4669812872846821e-01 dt=2.1157053575546324e-08
cycle=1075 time=1.4669814988552179e-01 dt=2.0544638688219177e-08
cycle=1076 time=1.4669817043016048e-01 dt=2.0144126240555966e-08
cycle=1077 time=1.4669819057428671e-01 dt=1.9941521460336665e-08
cycle=1078 time=1.4669821051580817e-01 dt=1.9928836786787481e-08
cycle=1079 time=1.4669823044464494e-01 dt=2.0103589752815954e-08
cycle=1080 time=1.4669825054823471e-01 dt=2.0468572906097020e-08
cycle=1081 time=1.4669827101680763e-01 dt=2.1031871678972523e-08
cycle=1082 time=1.4669829204867932e-01 dt=2.1807122574235565e-08
cycle=1083 time=1.4669831385580190e-01 dt=2.2814018920766508e-08
cycle=1084 time=1.4669833666982082e-01 dt=2.4079085917617656e-08
cycle=1085 time=1.4669836074890674e-01 dt=2.5636761694265453e-08
cycle=1086 time=1.4669838638566843e-01 dt=2.7530837515909571e-08
cycle=1087 time=1.4669841391650595e-01 dt=2.9816328805366032e-08
cycle=1088 time=1.4669844373283475e-01 dt=3.2561869960701492e-08
cycle=1089 time=1.4669847629470470e-01 dt=3.5852750424483358e-08
cycle=1090 time=1.4669851214745513e-01 dt=3.9794737096456849e-08
cycle=1091 time=1.4669855194219222e-01 dt=4.4518858206475065e-08
cycle=1092 time=1.4669859646105043e-01 dt=5.0187354070596085e-08
cycle=1093 time=1.4669864664840451e-01 dt=5.7001026381701472e-08
cycle=1094 time=1.4669870364943088e-01 dt=6.5208231852087763e-08
cycle=1095 time=1.4669876885766273e-01 dt=7.5115754564990210e-08
cycle=1096 time=1.4669884397341729e-01 dt=8.7101732608538091e-08
cycle=1097 time=1.4669893107514989e-01 dt=1.0162165830034878e-07
cycle=1098 time=1.4669903269680820e-01 dt=1.1923179936485622e-07
cycle=1099 time=1.4669915192860758e-01 dt=1.4060593598273531e-07
cycle=1100 time=1.4669929253454356e-01 dt=1.6654784519015361e-07
cycle=1101 time=1.4669945908238874e-01 dt=1.9800175995022996e-07
cycle=1102 time=1.4669965708414870e-01 dt=2.3605444309038675e-07
cycle=1103 time=1.4669989313859180e-01 dt=2.8192164836254468e-07
cycle=1104 time=1.4670017506024016e-01 dt=3.3691655826692262e-07
cycle=1105 time=1.4670051197679843e-01 dt=4.0238905796370582e-07
cycle=1106 time=1.4670091436585639e-01 dt=4.7963729882828135e-07
cycle=1107 time=1.4670139400315521e-01 dt=5.6979982803753843e-07
cycle=1108 time=1.4670196380298325e-01 dt=6.7381385349917967e-07
cycle=1109 time=1.4670263761683675e-01 dt=7.9305664583475101e-07
cycle=1110 time=1.4670343067348257e-01 dt=9.3859229307554072e-07
cycle=1111 time=1.4670436926577565e-01 dt=1.1889349332037552e-06
cycle=1112 time=1.4670555820070885e-01 dt=1.5843371543122287e-06
cycle=1113 time=1.4670714253786316e-01 dt=2.0534116085101526e-06
cycle=1114 time=1.4670919594947165e-01 dt=2.3135426135298164e-06
cycle=1115 time=1.4671150949208520e-01 dt=2.4438368713990442e-06
cycle=1116 time=1.4671395332895659e-01 dt=2.5175020027965679e-06
cycle=1117 time=1.4671647083095940e-01 dt=2.5745361165594714e-06
cycle=1118 time=1.4671904536707597e-01 dt=2.6321076190087392e-06
cycle=1119 time=1.4672167747469497e-01 dt=2.6969679255180993e-06
cycle=1120 time=1.4672437444262049e-01 dt=2.7723349845765440e-06
cycle=1121 time=1.4672714677760507e-01 dt=2.8581359109625621e-06
cycle=1122 time=1.4673000491351604e-01 dt=2.9561787507137459e-06
cycle=1123 time=1.4673296109226674e-01 dt=3.0711995146659192e-06
cycle=1124 time=1.4673603229178142e-01 dt=3.2011743248992614e-06
cycle=1125 time=1.4673923346610632e-01 dt=3.3461772833016802e-06
cycle=1126 time=1.4674257964338963e-01 dt=3.5072016036303844e-06
cycle=1127 time=1.4674608684499327e-01 dt=3.6858604799928988e-06
cycle=1128 time=1.4674977270547326e-01 dt=3.8825050872166634e-06
cycle=1129 time=1.4675365521056047e-01 dt=4.1001022266530660e-06
cycle=1130 time=1.4675775531278712e-01 dt=4.2544965974108533e-06
cycle=1131 time=1.4676200980938453e-01 dt=4.3514508969697531e-06
cycle=1132 time=1.4676636126028150e-01 dt=4.4781757985538031e-06
cycle=1133 time=1.4677083943608005e-01 dt=4.7564086452264270e-06
cycle=1134 time=1.4677559584472527e-01 dt=9.5128172904528539e-06
cycle=1135 time=1.4678510866201572e-01 dt=1.7061182808779848e-05
cycle=1136 time=1.4680216984482450e-01 dt=6.9268872737535455e-06
cycle=1137 time=1.4680909673209824e-01 dt=3.7055657322844150e-06
cycle=1138 time=1.4681280229783053e-01 dt=1.6539006913033075e-06
cycle=1139 time=1.4681445619852182e-01 dt=1.3410206462941765e-06
cycle=1140 time=1.4681579721916813e-01 dt=1.0781998856841422e-06
cycle=1141 time=1.4681687541905381e-01 dt=8.7507008223474226e-07
cycle=1142 time=1.4681775048913603e-01 dt=7.2048199492582918e-07
cycle=1143 time=1.4681847097113096e-01 dt=6.0250769645693639e-07
cycle=1144 time=1.4681907347882742e-01 dt=5.1180433761910017e-07
cycle=1145 time=1.4681958528316505e-01 dt=4.4148590278492931e-07
cycle=1146 time=1.4682002676906783e-01 dt=3.8654191519538957e-07
cycle=1147 time=1.4682041331098303e-01 dt=3.4334817551708710e-07
cycle=1148 time=1.4682075665915856e-01 dt=3.0926641760061993e-07
cycle=1149 time=1.4682106592557617e-01 dt=2.8236272916990612e-07
cycle=1150 time=1.4682134828830534e-01 dt=2.6120946614593744e-07
cycle=1151 time=1.4682160949777148e-01 dt=2.4474828791925637e-07
cycle=1152 time=1.4682185424605940e-01 dt=2.3219428203598464e-07
cycle=1153 time=1.4682208644034142e-01 dt=2.2296857196837158e-07
cycle=1154 time=1.4682230940891339e-01 dt=2.1665075185844621e-07
cycle=1155 time=1.4682252605966525e-01 dt=2.1294532410875203e-07
cycle=1156 time=1.4682273900498935e-01 dt=2.1165817062231295e-07
cycle=1157 time=1.4682295066315998e-01 dt=2.1268033643390787e-07
cycle=1158 time=1.4682316334349640e-01 dt=2.1597317571746210e-07
cycle=1159 time=1.4682337931667211e-01 dt=2.2154267440118376e-07
cycle=1160 time=1.4682360085934651e-01 dt=2.2948223369766712e-07
cycle=1161 time=1.4682383034158020e-01 dt=2.3994597793527890e-07
cycle=1162 time=1.4682407028755814e-01 dt=2.5314913747214427e-07
cycle=1163 time=1.4682432343669563e-01 dt=2.6936950133485163e-07
cycle=1164 time=1.4682459280619697e-01 dt=2.8894927206264487e-07
cycle=1165 time=1.4682488175546904e-01 dt=3.1229650078218423e-07
cycle=1166 time=1.4682519405196981e-01 dt=3.3988504376367530e-07
cycle=1167 time=1.4682553393701359e-01 dt=3.7225170058830725e-07
cycle=1168 time=1.4682590618871416e-01 dt=4.0998906849330462e-07
cycle=1169 time=1.4682631617778266e-01 dt=4.5373163987759653e-07
cycle=1170 time=1.4682676990942253e-01 dt=5.0413382718412947e-07
cycle=1171 time=1.4682727404324972e-01 dt=5.6183817935811851e-07
cycle=1172 time=1.4682783588142909e-01 dt=6.2743466386250440e-07
cycle=1173 time=1.4682846331609295e-01 dt=7.0141252670521124e-07
cycle=1174 time=1.4682916472861965e-01 dt=7.8412385700747578e-07
cycle=1175 time=1.4682994885247666e-01 dt=8.7573435827878390e-07
cycle=1176 time=1.4683082458683494e-01 dt=9.7623484704726016e-07
cycle=1177 time=1.4683180082168198e-01 dt=1.0855309752286346e-06
cycle=1178 time=1.4683288635265720e-01 dt=1.2037482724871341e-06
cycle=1179 time=1.4683409010092968e-01 dt=1.3320013127593909e-06
cycle=1180 time=1.4683542210224243e-01 dt=1.4908146276398500e-06
cycle=1181 time=1.4683691291687007e-01 dt=1.7032272982180244e-06
cycle=1182 time=1.4683861614416829e-01 dt=1.8424807556673278e-06
cycle=1183 time=1.4684045862492395e-01 dt=1.9671931332153759e-06
cycle=1184 time=1.4684242581805718e-01 dt=2.0783725660632586e-06
cycle=1185 time=1.4684450419062323e-01 dt=2.1755924025816052e-06
cycle=1186 time=1.4684667978302582e-01 dt=2.2593577610906290e-06
cycle=1187 time=1.4684893914078692e-01 dt=2.3314846223557767e-06
cycle=1188 time=1.4685127062540929e-01 dt=2.3949753434233237e-06
cycle=1189 time=1.4685366560075272e-01 dt=2.4535192586842401e-06
cycle=1190 time=1.4685611912001140e-01 dt=2.5110479101633466e-06
cycle=1191 time=1.4685863016792156e-01 dt=2.5712430087538388e-06
cycle=1192 time=1.4686120141093031e-01 dt=2.6373130816507475e-06
cycle=1193 time=1.4686383872401196e-01 dt=2.7117600074372120e-06
cycle=1194 time=1.4686655048401939e-01 dt=2.7957742441277636e-06
cycle=1195 time=1.4686934625826353e-01 dt=2.8901012760464221e-06
cycle=1196 time=1.4687223635953958e-01 dt=2.9952595854244725e-06
cycle=1197 time=1.4687523161912500e-01 dt=3.1107662530187027e-06
cycle=1198 time=1.4687834238537800e-01 dt=3.2360151260245424e-06
cycle=1199 time=1.4688157840050403e-01 dt=3.3704846983519121e-06
cycle=1200 time=1.4688494888520237e-01 dt=3.5139085527676940e-06
cycle=1201 time=1.4688846279375514e-01 dt=3.6662052977679156e-06
cycle=1202 time=1.4689212899905291e-01 dt=3.8273199636078074e-06
cycle=1203 time=1.4689595631901650e-01 dt=3.9973643979972038e-06
cycle=1204 time=1.4689995368341449e-01 dt=4.1766964569894844e-06
cycle=1205 time=1.4690413037987149e-01 dt=4.3658415995424674e-06
cycle=1206 time=1.4690849622147104e-01 dt=4.5654778597577836e-06
cycle=1207 time=1.4691306169933080e-01 dt=4.7765366930502544e-06
cycle=1208 time=1.4691783823602386e-01 dt=4.9999219831631462e-06
cycle=1209 time=1.4692283815800702e-01 dt=8.1136591362240427e-06
cycle=1210 time=1.4693095181714325e-01 dt=1.6227318272448085e-05
cycle=1211 time=1.4694717913541569e-01 dt=3.1828856145930444e-05
cycle=1212 time=1.4697900799156163e-01 dt=1.8781171165354895e-05
cycle=1213 time=1.4699778916272699e-01 dt=8.4894566300571199e-06
cycle=1214 time=1.4700627861935706e-01 dt=1.6588598507154711e-06
cycle=1215 time=1.4700793747920776e-01 dt=1.2296743806922774e-06
cycle=1216 time=1.4700916715358844e-01 dt=1.0475245456857243e-06
cycle=1217 time=1.4701021467813413e-01 dt=9.1449739892109208e-07
cycle=1218 time=1.4701112917553305e-01 dt=8.1719193305784361e-07
cycle=1219 time=1.4701194636746612e-01 dt=7.4658319013030404e-07
cycle=1220 time=1.4701269295065625e-01 dt=6.9655322832639915e-07
cycle=1221 time=1.4701338950388457e-01 dt=6.6292786782078044e-07
cycle=1222 time=1.4701405243175239e-01 dt=6.4287435791471772e-07
cycle=1223 time=1.4701469530611030e-01 dt=6.3450652346999092e-07
cycle=1224 time=1.4701532981263377e-01 dt=6.3662307595658271e-07
cycle=1225 time=1.4701596643570972e-01 dt=6.4852540094870987e-07
cycle=1226 time=1.4701661496111065e-01 dt=6.6988728379289819e-07
cycle=1227 time=1.4701728484839444e-01 dt=7.0065260418163461e-07
cycle=1228 time=1.4701798550099862e-01 dt=7.4094607615805892e-07
cycle=1229 time=1.4701872644707478e-01 dt=7.9098603474165038e-07
cycle=1230 time=1.4701951743310954e-01 dt=8.5099014604001227e-07
cycle=1231 time=1.4702036842325558e-01 dt=9.2090076610415071e-07
cycle=1232 time=1.4702128932402170e-01 dt=1.0135322144241429e-06
cycle=1233 time=1.4702230285623613e-01 dt=1.1473512431850899e-06
cycle=1234 time=1.4702345020747931e-01 dt=1.3196941356298957e-06
cycle=1235 time=1.4702476990161495e-01 dt=1.5210699023396333e-06
cycle=1236 time=1.4702629097151729e-01 dt=1.6312066105937218e-06
cycle=1237 time=1.4702792217812788e-01 dt=1.6924991054897254e-06
cycle=1238 time=1.4702961467723336e-01 dt=1.7350702967125624e-06
cycle=1239 time=1.4703134974753007e-01 dt=1.7718711276411357e-06
cycle=1240 time=1.4703312161865773e-01 dt=1.8077137075037308e-06
cycle=1241 time=1.4703492933236523e-01 dt=1.8443561229004466e-06
cycle=1242 time=1.4703677368848814e-01 dt=1.8825011806102896e-06
cycle=1243 time=1.4703865618966874e-01 dt=1.9223941453676354e-06
cycle=1244 time=1.4704057858381411e-01 dt=1.9641878953340922e-06
cycle=1245 time=1.4704254277170944e-01 dt=2.0080144698500691e-06
cycle=1246 time=1.4704455078617928e-01 dt=2.0540037911475955e-06
cycle=1247 time=1.4704660478997042e-01 dt=2.1022857659275952e-06
cycle=1248 time=1.4704870707573633e-01 dt=2.1529956674577498e-06
cycle=1249 time=1.4705086007140380e-01 dt=2.2063025107184164e-06
cycle=1250 time=1.4705306637391452e-01 dt=2.2623603805952249e-06
cycle=1251 time=1.4705532873429511e-01 dt=2.3213305946104862e-06
cycle=1252 time=1.4705765006488972e-01 dt=2.4203816287403513e-06
cycle=1253 time=1.4706007044651845e-01 dt=2.5886240019545458e-06
cycle=1254 time=1.4706265907052041e-01 dt=2.7997370238054049e-06
cycle=1255 time=1.4706545880754421e-01 dt=3.0283369484899108e-06
cycle=1256 time=1.4706848714449269e-01 dt=3.2528010223419342e-06
cycle=1257 time=1.4707173994551503e-01 dt=3.4580434668349493e-06
cycle=1258 time=1.4707519798898186e-01 dt=3.6390110214358330e-06
cycle=1259 time=1.4707883700000329e-01 dt=3.7990305538303309e-06
cycle=1260 time=1.4708263603055713e-01 dt=3.9453799791732511e-06
cycle=1261 time=1.4708658141053629e-01 dt=4.0855668059239597e-06
cycle=1262 time=1.4709066697734222e-01 dt=4.2254988163486197e-06
cycle=1263 time=1.4709489247615856e-01 dt=4.3691996595317573e-06
cycle=1264 time=1.4709926167581810e-01 dt=4.5191766670890020e-06
cycle=1265 time=1.4710378085248518e-01 dt=4.6773800546765101e-06
cycle=1266 time=1.4710845823253985e-01 dt=4.8448418704461350e-06
cycle=1267 time=1.4711330307441028e-01 dt=6.2671218703301646e-06
cycle=1268 time=1.4711957019628061e-01 dt=1.2534243740660329e-05
cycle=1269 time=1.4713210444002126e-01 dt=2.5068487481320658e-05
cycle=1270 time=1.4715717292750258e-01 dt=3.1307280129048922e-05
cycle=1271 time=1.4718848020763162e-01 dt=2.9352002866738381e-05
cycle=1272 time=1.4721783221049836e-01 dt=1.6347422339541660e-05
cycle=1273 time=1.4723417963283791e-01 dt=6.7388431421924092e-06
cycle=1274 time=1.4724091847598011e-01 dt=2.6387166733472687e-06
cycle=1275 time=1.4724355719265347e-01 dt=1.8562727659264663e-06
cycle=1276 time=1.4724541346541939e-01 dt=1.6346672245386942e-06
cycle=1277 time=1.4724704813264392e-01 dt=1.5754034343227621e-06
cycle=1278 time=1.4724862353607823e-01 dt=1.5770367340160576e-06
cycle=1279 time=1.4725020057281224e-01 dt=1.6049401436263340e-06
cycle=1280 time=1.4725180551295586e-01 dt=1.6448197095220996e-06
cycle=1281 time=1.4725345033266538e-01 dt=1.6900297482501462e-06
cycle=1282 time=1.4725514036241363e-01 dt=1.7372306519590937e-06
cycle=1283 time=1.4725687759306560e-01 dt=1.7846168488983116e-06
cycle=1284 time=1.4725866220991451e-01 dt=1.8311179036797598e-06
cycle=1285 time=1.4726049332781818e-01 dt=1.8760297361548675e-06
cycle=1286 time=1.4726236935755432e-01 dt=1.9188461132074482e-06
cycle=1287 time=1.4726428820366752e-01 dt=1.9591878355547713e-06
cycle=1288 time=1.4726624739150307e-01 dt=1.9967504651308076e-06
cycle=1289 time=1.4726824414196821e-01 dt=2.0313249998563186e-06
cycle=1290 time=1.4727027546696805e-01 dt=2.0621486388731675e-06
cycle=1291 time=1.4727233761560693e-01 dt=2.0883682997405517e-06
cycle=1292 time=1.4727442598390666e-01 dt=2.1106047930499649e-06
cycle=1293 time=1.4727653658869971e-01 dt=2.1282509028690393e-06
cycle=1294 time=1.4727866483960259e-01 dt=2.1403617639188954e-06
cycle=1295 time=1.4728080520136649e-01 dt=2.1582530829958317e-06
cycle=1296 time=1.4728296345444949e-01 dt=2.1765701572065872e-06
cycle=1297 time=1.4728514002460671e-01 dt=2.1939113268997528e-06
cycle=1298 time=1.4728733393593360e-01 dt=2.2101793236895683e-06
cycle=1299 time=1.4728954411525730e-01 dt=2.2255501123428152e-06
cycle=1300 time=1.4729176966536964e-01 dt=2.2405009266029318e-06
cycle=1301 time=1.4729401016629623e-01 dt=2.2554408835374274e-06
cycle=1302 time=1.4729626560717976e-01 dt=2.2704261528471290e-06
cycle=1303 time=1.4729853603333259e-01 dt=2.2859441342143919e-06
cycle=1304 time=1.4730082197746680e-01 dt=2.3021928358371410e-06
cycle=1305 time=1.4730312417030264e-01 dt=2.3193224451560747e-06
cycle=1306 time=1.4730544349274780e-01 dt=2.3374421089423628e-06
cycle=1307 time=1.4730778093485675e-01 dt=2.3566481624802029e-06
cycle=1308 time=1.4731013758301922e-01 dt=2.3773999675008521e-06
cycle=1309 time=1.4731251498298673e-01 dt=2.3991218307137568e-06
cycle=1310 time=1.4731491410481745e-01 dt=2.4222069471432584e-06
cycle=1311 time=1.4731733631176461e-01 dt=2.4467031005341754e-06
cycle=1312 time=1.4731978301486515e-01 dt=2.4726477708157466e-06
cycle=1313 time=1.4732225566263596e-01 dt=2.5001502665119264e-06
cycle=1314 time=1.4732475581290247e-01 dt=2.5565294552597425e-06
cycle=1315 time=1.4732731234235774e-01 dt=2.6489108794210431e-06
cycle=1316 time=1.4732996125323716e-01 dt=2.7627723455030880e-06
cycle=1317 time=1.4733272402558267e-01 dt=2.8868345344988373e-06
cycle=1318 time=1.4733561086011718e-01 dt=3.0030803077739305e-06
cycle=1319 time=1.4733861394042494e-01 dt=3.1014977655337825e-06
cycle=1320 time=1.4734171543819047e-01 dt=3.1801756553437734e-06
cycle=1321 time=1.4734489561384581e-01 dt=3.2427135237375395e-06
cycle=1322 time=1.4734813832736954e-01 dt=3.2950732649933147e-06
cycle=1323 time=1.4735143340063453e-01 dt=3.3432835860714106e-06
cycle=1324 time=1.4735477668422059e-01 dt=3.3922993818104186e-06
cycle=1325 time=1.4735816898360241e-01 dt=3.4457360591641867e-06
cycle=1326 time=1.4736161471966158e-01 dt=3.6776687302053761e-06
cycle=1327 time=1.4736529238839180e-01 dt=5.8355772445854485e-06
cycle=1328 time=1.4737112796563639e-01 dt=1.1671154489170897e-05
cycle=1329 time=1.4738279912012556e-01 dt=2.3342308978341794e-05
cycle=1330 time=1.4740614142910391e-01 dt=2.2629966318615704e-05
cycle=1331 time=1.4742877139542251e-01 dt=1.8527087623687386e-05
cycle=1332 time=1.4744729848304619e-01 dt=1.5523030207199000e-05
cycle=1333 time=1.4746282151325338e-01 dt=7.2764330440601482e-06
cycle=1334 time=1.4747009794629745e-01 dt=1.8497698504458516e-06
cycle=1335 time=1.4747194771614791e-01 dt=1.2184305963179570e-06
cycle=1336 time=1.4747316614674422e-01 dt=1.0526859930127870e-06
cycle=1337 time=1.4747421883273723e-01 dt=1.0053077137589189e-06
cycle=1338 time=1.4747522414045100e-01 dt=9.8907693458233680e-07
cycle=1339 time=1.4747621321738558e-01 dt=9.9058313697764407e-07
cycle=1340 time=1.4747720380052257e-01 dt=1.0068740793845732e-06
cycle=1341 time=1.4747821067460196e-01 dt=1.0357303996291428e-06
cycle=1342 time=1.4747924640500160e-01 dt=1.0737706645298419e-06
cycle=1343 time=1.4748032017566612e-01 dt=1.1067092208525659e-06
cycle=1344 time=1.4748142688488697e-01 dt=1.1368315134577562e-06
cycle=1345 time=1.4748256371640042e-01 dt=1.1652420254056995e-06
cycle=1346 time=1.4748372895842582e-01 dt=1.1923940882767047e-06
cycle=1347 time=1.4748492135251409e-01 dt=1.2183965590075367e-06
cycle=1348 time=1.4748613974907310e-01 dt=1.2431746645572727e-06
cycle=1349 time=1.4748738292373764e-01 dt=1.2665519005538161e-06
cycle=1350 time=1.4748864947563819e-01 dt=1.2882889275491007e-06
cycle=1351 time=1.4748993776456573e-01 dt=1.3080977921251216e-06
cycle=1352 time=1.4749124586235784e-01 dt=1.3288787085673526e-06
cycle=1353 time=1.4749257474106642e-01 dt=1.3499088936022656e-06
cycle=1354 time=1.4749392464996003e-01 dt=1.3705065350257510e-06
cycle=1355 time=1.4749529515649507e-01 dt=1.3902967979088407e-06
cycle=1356 time=1.4749668545329297e-01 dt=1.4090564641799031e-06
cycle=1357 time=1.4749809450975715e-01 dt=1.4266367104502277e-06
cycle=1358 time=1.4749952114646761e-01 dt=1.4429400737129561e-06
cycle=1359 time=1.4750096408654131e-01 dt=1.4579023036009185e-06
cycle=1360 time=1.4750242198884492e-01 dt=1.4767886870877267e-06
cycle=1361 time=1.4750389877753201e-01 dt=1.5019683952236563e-06
cycle=1362 time=1.4750540074592722e-01 dt=1.5281809008899991e-06
cycle=1363 time=1.4750692892682810e-01 dt=1.5539717648981685e-06
cycle=1364 time=1.4750848289859300e-01 dt=1.5792179812281032e-06
cycle=1365 time=1.4751006211657422e-01 dt=1.6038735176603913e-06
cycle=1366 time=1.4751166599009188e-01 dt=1.6279613352286499e-06
cycle=1367 time=1.4751329395142712e-01 dt=1.6515569460568388e-06
cycle=1368 time=1.4751494550837319e-01 dt=1.6748758970287193e-06
cycle=1369 time=1.4751662038427021e-01 dt=1.6980606613981881e-06
cycle=1370 time=1.4751831844493160e-01 dt=1.7212082860244654e-06
cycle=1371 time=1.4752003965321764e-01 dt=1.7444174475014857e-06
cycle=1372 time=1.4752178407066513e-01 dt=1.7677999360080667e-06
cycle=1373 time=1.4752355187060115e-01 dt=1.7914708202510484e-06
cycle=1374 time=1.4752534334142139e-01 dt=1.8155529066313558e-06
cycle=1375 time=1.4752715889432802e-01 dt=1.8400178109578308e-06
cycle=1376 time=1.4752899891213897e-01 dt=1.8649824235536275e-06
cycle=1377 time=1.4753086389456252e-01 dt=1.8917743268611018e-06
cycle=1378 time=1.4753275566888938e-01 dt=1.9225334694858797e-06
cycle=1379 time=1.4753467820235885e-01 dt=1.9546670944652167e-06
cycle=1380 time=1.4753663286945332e-01 dt=1.9873611417884697e-06
cycle=1381 time=1.4753862023059511e-01 dt=2.0207048110974932e-06
cycle=1382 time=1.4754064093540620e-01 dt=2.0554841572057795e-06
cycle=1383 time=1.4754269641956341e-01 dt=2.1275855010942214e-06
cycle=1384 time=1.4754482400506450e-01 dt=2.2304170931477750e-06
cycle=1385 time=1.4754705442215765e-01 dt=2.3517934174261857e-06
cycle=1386 time=1.4754940621557508e-01 dt=2.4770654137699277e-06
cycle=1387 time=1.4755188328098884e-01 dt=2.5941474192314763e-06
cycle=1388 time=1.4755447742840808e-01 dt=2.6957940811887606e-06
cycle=1389 time=1.4755717322248926e-01 dt=2.7802085028943840e-06
cycle=1390 time=1.4755995343099215e-01 dt=2.8497270271739826e-06
cycle=1391 time=1.4756280315801934e-01 dt=2.9090288828338713e-06
cycle=1392 time=1.4756571218690218e-01 dt=2.9635052978844241e-06
cycle=1393 time=1.4756867569220006e-01 dt=3.0451361660664027e-06
cycle=1394 time=1.4757172082836612e-01 dt=3.1216717615310948e-06
cycle=1395 time=1.4757484250012765e-01 dt=3.1995884437086095e-06
cycle=1396 time=1.4757804208857137e-01 dt=3.2780482687965332e-06
cycle=1397 time=1.4758132013684017e-01 dt=3.3534831878991279e-06
cycle=1398 time=1.4758467362002806e-01 dt=4.6349865616368743e-06
cycle=1399 time=1.4758930860658970e-01 dt=9.2699731232737485e-06
cycle=1400 time=1.4759857857971298e-01 dt=1.8539946246547497e-05
cycle=1401 time=1.4761711852595952e-01 dt=2.7050004668518888e-05
cycle=1402 time=1.4764416853062803e-01 dt=2.3935763785341533e-05
cycle=1403 time=1.4766810429441338e-01 dt=2.2776517387510818e-05
cycle=1404 time=1.4769088081180090e-01 dt=2.2351195951468417e-05
cycle=1405 time=1.4771323200775238e-01 dt=2.2508723242693980e-05
cycle=1406 time=1.4773574073099507e-01 dt=1.6115214928555819e-05
cycle=1407 time=1.4775185594592363e-01 dt=8.1000295263727090e-06
cycle=1408 time=1.4775995597545000e-01 dt=4.3310496972533432e-06
cycle=1409 time=1.4776428702514724e-01 dt=3.2508617396432685e-06
cycle=1410 time=1.4776753788688687e-01 dt=2.8983767224277293e-06
cycle=1411 time=1.4777043626360931e-01 dt=2.7986554052793785e-06
cycle=1412 time=1.4777323491901459e-01 dt=2.8078902823377615e-06
cycle=1413 time=1.4777604280929693e-01 dt=2.8683109076201378e-06
cycle=1414 time=1.4777891112020455e-01 dt=2.9519674411727746e-06
cycle=1415 time=1.4778186308764574e-01 dt=3.0434228150324695e-06
cycle=1416 time=1.4778490651046078e-01 dt=3.1332827722604545e-06
cycle=1417 time=1.4778803979323304e-01 dt=3.2155909317517286e-06
cycle=1418 time=1.4779125538416479e-01 dt=3.2864368386321733e-06
cycle=1419 time=1.4779454182100343e-01 dt=3.3436782323598442e-06
cycle=1420 time=1.4779788549923578e-01 dt=3.3864693272077902e-06
cycle=1421 time=1.4780127196856299e-01 dt=3.4148159064373525e-06
cycle=1422 time=1.4780468678446942e-01 dt=3.4294869267843196e-06
cycle=1423 time=1.4780811627139620e-01 dt=3.4317296326268692e-06
cycle=1424 time=1.4781154800102883e-01 dt=3.4230555644378975e-06
cycle=1425 time=1.4781497105659328e-01 dt=3.4050668158779664e-06
cycle=1426 time=1.4781837612340915e-01 dt=3.3793302459288469e-06
cycle=1427 time=1.4782175545365508e-01 dt=3.3472543449444486e-06
cycle=1428 time=1.4782510270800003e-01 dt=3.3101260244325520e-06
cycle=1429 time=1.4782841283402445e-01 dt=3.2690732918376215e-06
cycle=1430 time=1.4783168190731630e-01 dt=3.2250605606460565e-06
cycle=1431 time=1.4783490696787693e-01 dt=3.1788933409236693e-06
cycle=1432 time=1.4783808586121785e-01 dt=3.1312354991824614e-06
cycle=1433 time=1.4784121709671705e-01 dt=3.0825859790994404e-06
cycle=1434 time=1.4784429968269613e-01 dt=3.0333180532774304e-06
cycle=1435 time=1.4784733300074940e-01 dt=2.9837807759419616e-06
cycle=1436 time=1.4785031678152533e-01 dt=2.9342556637073197e-06
cycle=1437 time=1.4785325103718902e-01 dt=2.8854475983538722e-06
cycle=1438 time=1.4785613648478738e-01 dt=2.8406770085377895e-06
cycle=1439 time=1.4785897716179591e-01 dt=2.7980163910959604e-06
cycle=1440 time=1.4786177517818702e-01 dt=2.7565612201930667e-06
cycle=1441 time=1.4786453173940722e-01 dt=2.7159116010614325e-06
cycle=1442 time=1.4786724765100828e-01 dt=2.6759131444985262e-06
cycle=1443 time=1.4786992356415279e-01 dt=2.6365256447935173e-06
cycle=1444 time=1.4787256008979760e-01 dt=2.5978605402207183e-06
cycle=1445 time=1.4787515795033782e-01 dt=2.5600296606629321e-06
cycle=1446 time=1.4787771797999849e-01 dt=2.5230862366591404e-06
cycle=1447 time=1.4788024106623515e-01 dt=2.4870525722326314e-06
cycle=1448 time=1.4788272811880737e-01 dt=2.4519300296678768e-06
cycle=1449 time=1.4788518004883705e-01 dt=2.4177145821014850e-06
cycle=1450 time=1.4788759776341914e-01 dt=2.3843942613490206e-06
cycle=1451 time=1.4788998215768048e-01 dt=2.3519520348125404e-06
cycle=1452 time=1.4789233410971531e-01 dt=2.3203676639088642e-06
cycle=1453 time=1.4789465447737921e-01 dt=2.2896189441879564e-06
cycle=1454 time=1.4789694409632340e-01 dt=2.2596825319413619e-06
cycle=1455 time=1.4789920377885535e-01 dt=2.2305344886626820e-06
cycle=1456 time=1.4790143431334402e-01 dt=2.2021533338958126e-06
cycle=1457 time=1.4790363646667792e-01 dt=2.1745161850443390e-06
cycle=1458 time=1.4790581098286296e-01 dt=2.1475994184188245e-06
cycle=1459 time=1.4790795858228137e-01 dt=2.1213797139950182e-06
cycle=1460 time=1.4791007996199537e-01 dt=2.0958290942783776e-06
cycle=1461 time=1.4791217579108965e-01 dt=2.0709225110377370e-06
cycle=1462 time=1.4791424671360068e-01 dt=2.0466372861600900e-06
cycle=1463 time=1.4791629335088685e-01 dt=2.0229522480073471e-06
cycle=1464 time=1.4791831630313487e-01 dt=1.9998472696194544e-06
cycle=1465 time=1.4792031615040449e-01 dt=1.9773030410572912e-06
cycle=1466 time=1.4792229345344554e-01 dt=1.9553010251224691e-06
cycle=1467 time=1.4792424875447066e-01 dt=1.9338258112162527e-06
cycle=1468 time=1.4792618258028187e-01 dt=1.9128549688671043e-06
cycle=1469 time=1.4792809543525073e-01 dt=1.8923697600584388e-06
cycle=1470 time=1.4792998780501079e-01 dt=1.8723535548717313e-06
cycle=1471 time=1.4793186015856566e-01 dt=1.8527910516525787e-06
cycle=1472 time=1.4793371294961732e-01 dt=1.8336679399886183e-06
cycle=1473 time=1.4793554661755731e-01 dt=1.8149703690531845e-06
cycle=1474 time=1.4793736158792636e-01 dt=1.7966852764479543e-06
cycle=1475 time=1.4793915827320281e-01 dt=1.7788001579458011e-06
cycle=1476 time=1.4794093707336076e-01 dt=1.7613029513169426e-06
cycle=1477 time=1.4794269837631208e-01 dt=1.7441809778196400e-06
cycle=1478 time=1.4794444255728989e-01 dt=1.7274231463394572e-06
cycle=1479 time=1.4794616998043622e-01 dt=1.7110189516243324e-06
cycle=1480 time=1.4794788099938785e-01 dt=1.6949580295518978e-06
cycle=1481 time=1.4794957595741740e-01 dt=1.6792302105038087e-06
cycle=1482 time=1.4795125518762789e-01 dt=1.6638255829199944e-06
cycle=1483 time=1.4795291901321081e-01 dt=1.6487345239620388e-06
cycle=1484 time=1.4795456774773477e-01 dt=1.6339477125010668e-06
cycle=1485 time=1.4795620169544726e-01 dt=1.6194561310518811e-06
cycle=1486 time=1.4795782115157832e-01 dt=1.6052510587018657e-06
cycle=1487 time=1.4795942640263701e-01 dt=1.5913233718893735e-06
cycle=1488 time=1.4796101772600889e-01 dt=1.5776666004323414e-06
cycle=1489 time=1.4796259539260934e-01 dt=1.5642737864299721e-06
cycle=1490 time=1.4796415966639576e-01 dt=1.5511377228000706e-06
cycle=1491 time=1.4796571080411855e-01 dt=1.5382512097198978e-06
cycle=1492 time=1.4796724905532826e-01 dt=1.5256073169936843e-06
cycle=1493 time=1.4796877466264527e-01 dt=1.5132004863948332e-06
cycle=1494 time=1.4797028786313166e-01 dt=1.5010232522988700e-06
cycle=1495 time=1.4797178888638396e-01 dt=1.6259145635593454e-06
cycle=1496 time=1.4797341480094753e-01 dt=3.2512776123615516e-06
cycle=1497 time=1.4797666607855989e-01 dt=6.5025552247231031e-06
cycle=1498 time=1.4798316863378461e-01 dt=1.3005110449446206e-05
cycle=1499 time=1.4799617374423404e-01 dt=2.6010220898892413e-05
cycle=1500 time=1.4802218396513295e-01 dt=2.9209906705347621e-05
cycle=1501 time=1.4805139387183830e-01 dt=2.7240812477123608e-05
cycle=1502 time=1.4807863468431542e-01 dt=2.4144546748786363e-05
cycle=1503 time=1.4810277923106421e-01 dt=2.0518996702179634e-05
cycle=1504 time=1.4812329822776640e-01 dt=1.8513522349888577e-05
cycle=1505 time=1.4814181175011629e-01 dt=1.7390527301252946e-05
cycle=1506 time=1.4815920227741755e-01 dt=1.6025463767373100e-05
cycle=1507 time=1.4817522774118491e-01 dt=1.5163919660377583e-05
cycle=1508 time=1.4819039166084530e-01 dt=1.4794019357548843e-05
cycle=1509 time=1.4820518568020286e-01 dt=1.4974259306925803e-05
cycle=1510 time=1.4822015993950979e-01 dt=1.5782017039805201e-05
cycle=1511 time=1.4823594195654960e-01 dt=1.7400466894005150e-05
cycle=1512 time=1.4825334242344360e-01 dt=2.0007575700714663e-05
cycle=1513 time=1.4827334999914432e-01 dt=1.9269990500929250e-05
cycle=1514 time=1.4829261998964524e-01 dt=1.6656102871012182e-05
cycle=1515 time=1.4830927609251626e-01 dt=1.4348834258028005e-05
cycle=1516 time=1.4832362492677428e-01 dt=1.2506760000078346e-05
cycle=1517 time=1.4833613168677437e-01 dt=1.1189033020047314e-05
cycle=1518 time=1.4834732071979442e-01 dt=1.0360702419925236e-05
cycle=1519 time=1.4835768142221434e-01 dt=9.9300355700593320e-06
cycle=1520 time=1.4836761145778440e-01 dt=9.7913562356415052e-06
cycle=1521 time=1.4837740281402004e-01 dt=1.0300345315251079e-05
cycle=1522 time=1.4838770315933528e-01 dt=1.1522972278116559e-05
cycle=1523 time=1.4839922613161338e-01 dt=1.3609152115558515e-05
cycle=1524 time=1.4841283528372895e-01 dt=1.6942387381240992e-05
cycle=1525 time=1.4842977767111018e-01 dt=2.2046747922525062e-05
cycle=1526 time=1.4845182441903271e-01 dt=2.1615785807233755e-05
cycle=1527 time=1.4847344020483993e-01 dt=1.8134493853280572e-05
cycle=1528 time=1.4849157469869320e-01 dt=1.4855790293382249e-05
cycle=1529 time=1.4850643048898660e-01 dt=1.2071391632500537e-05
cycle=1530 time=1.4851850188061910e-01 dt=9.9676522470089832e-06
cycle=1531 time=1.4852846953286611e-01 dt=8.6973757371033570e-06
cycle=1532 time=1.4853716690860322e-01 dt=8.1142363097266125e-06
cycle=1533 time=1.4854528114491294e-01 dt=7.8484009561018470e-06
cycle=1534 time=1.4855312954586905e-01 dt=7.7403332500741530e-06
cycle=1535 time=1.4856086987911912e-01 dt=7.7157359943622485e-06
cycle=1536 time=1.4856858561511349e-01 dt=7.7932016201919975e-06
cycle=1537 time=1.4857637881673369e-01 dt=7.9900621812966969e-06
cycle=1538 time=1.4858436887891499e-01 dt=8.2695130276789546e-06
cycle=1539 time=1.4859263839194267e-01 dt=9.0666420656252841e-06
cycle=1540 time=1.4860170503400830e-01 dt=1.0580733252012895e-05
cycle=1541 time=1.4861228576726032e-01 dt=1.3134098807778643e-05
cycle=1542 time=1.4862541986606809e-01 dt=1.7290771389293122e-05
cycle=1543 time=1.4864271063745738e-01 dt=2.3905517182944527e-05
cycle=1544 time=1.4866661615464033e-01 dt=2.3633719972082080e-05
cycle=1545 time=1.4869024987461241e-01 dt=2.0057089708144794e-05
cycle=1546 time=1.4871030696432055e-01 dt=1.8107798875405841e-05
cycle=1547 time=1.4872841476319595e-01 dt=1.7293528248872981e-05
cycle=1548 time=1.4874570829144482e-01 dt=1.7401752598563918e-05
cycle=1549 time=1.4876311004404338e-01 dt=1.8349413752288907e-05
cycle=1550 time=1.4878145945779567e-01 dt=1.9899317103231762e-05
cycle=1551 time=1.4880135877489889e-01 dt=1.8390193570290807e-05
cycle=1552 time=1.4881974896846917e-01 dt=1.6992192354884617e-05
cycle=1553 time=1.4883674116082404e-01 dt=1.5827451912495746e-05
cycle=1554 time=1.4885256861273655e-01 dt=1.4960089776203670e-05
cycle=1555 time=1.4886752870251274e-01 dt=1.4349761692269039e-05
cycle=1556 time=1.4888187846420500e-01 dt=1.3929037229987437e-05
cycle=1557 time=1.4889580750143500e-01 dt=1.3718468457792409e-05
cycle=1558 time=1.4890952596989279e-01 dt=1.3674782062578844e-05
cycle=1559 time=1.4892320075195536e-01 dt=1.3738920799886658e-05
cycle=1560 time=1.4893693967275526e-01 dt=1.3870894995915481e-05
cycle=1561 time=1.4895081056775117e-01 dt=1.4046673281149109e-05
cycle=1562 time=1.4896485724103231e-01 dt=1.4248781429142867e-05
cycle=1563 time=1.4897910602246145e-01 dt=1.4467291571140308e-05
cycle=1564 time=1.4899357331403260e-01 dt=1.4703215331570886e-05
cycle=1565 time=1.4900827652936416e-01 dt=1.4960712693939614e-05
cycle=1566 time=1.4902323724205810e-01 dt=1.5248727050154861e-05
cycle=1567 time=1.4903848596910826e-01 dt=1.4893013041730701e-05
cycle=1568 time=1.4905337898214999e-01 dt=1.4107879063221552e-05
cycle=1569 time=1.4906748686121321e-01 dt=1.3404227981092516e-05
cycle=1570 time=1.4908089108919431e-01 dt=1.2851617162010761e-05
cycle=1571 time=1.4909374270635634e-01 dt=1.2464730192239409e-05
cycle=1572 time=1.4910620743654857e-01 dt=1.2225109684788195e-05
cycle=1573 time=1.4911843254623336e-01 dt=1.2220251483907073e-05
cycle=1574 time=1.4913065279771726e-01 dt=1.2403350558740197e-05
cycle=1575 time=1.4914305614827600e-01 dt=1.2730142955626871e-05
cycle=1576 time=1.4915578629123163e-01 dt=1.3166601496481326e-05
cycle=1577 time=1.4916895289272811e-01 dt=1.3687976652122751e-05
cycle=1578 time=1.4918264086938024e-01 dt=1.4278880457530962e-05
cycle=1579 time=1.4919691974983776e-01 dt=1.4929137844636569e-05
cycle=1580 time=1.4921184888768241e-01 dt=1.5638401637965865e-05
cycle=1581 time=1.4922748728932037e-01 dt=1.6417537477404081e-05
cycle=1582 time=1.4924390482679778e-01 dt=1.7276418037775378e-05
cycle=1583 time=1.4926118124483556e-01 dt=1.8232718790842003e-05
cycle=1584 time=1.4927941396362640e-01 dt=1.9070919856993082e-05
cycle=1585 time=1.4929848488348341e-01 dt=1.9486204556797952e-05
cycle=1586 time=1.4931797108804021e-01 dt=1.8777640858879185e-05
cycle=1587 time=1.4933674872889910e-01 dt=1.8138326147968291e-05
cycle=1588 time=1.4935488705504707e-01 dt=1.7963571258335060e-05
cycle=1589 time=1.4937285062630540e-01 dt=1.7468688888921093e-05
cycle=1590 time=1.4939031931519431e-01 dt=1.6418050413832886e-05
cycle=1591 time=1.4940673736560814e-01 dt=1.4324269193523496e-05
cycle=1592 time=1.4942106163480165e-01 dt=1.2871560261418477e-05
cycle=1593 time=1.4943393319506307e-01 dt=1.2269883772315278e-05
cycle=1594 time=1.4944620307883538e-01 dt=1.2303497282220045e-05
cycle=1595 time=1.4945850657611759e-01 dt=1.2845060695436790e-05
cycle=1596 time=1.4947135163681302e-01 dt=1.3853612455344238e-05
cycle=1597 time=1.4948520524926837e-01 dt=1.5363984176834181e-05
cycle=1598 time=1.4950056923344521e-01 dt=1.7547158214655922e-05
cycle=1599 time=1.4951811639165985e-01 dt=1.9038906126132409e-05
cycle=1600 time=1.4953715529778600e-01 dt=1.9068480051405729e-05
cycle=1601 time=1.4955622377783739e-01 dt=1.9739566265958889e-05
cycle=1602 time=1.4957596334410336e-01 dt=1.8590736666048295e-05
cycle=1603 time=1.4959455408076941e-01 dt=1.7446120528795361e-05
cycle=1604 time=1.4961200020129820e-01 dt=1.7009683773523041e-05
cycle=1605 time=1.4962900988507172e-01 dt=1.7135765334802797e-05
cycle=1606 time=1.4964614565040651e-01 dt=1.7758357517304713e-05
cycle=1607 time=1.4966390400792381e-01 dt=1.8863970502452757e-05
cycle=1608 time=1.4968276797842628e-01 dt=1.8362574002221301e-05
cycle=1609 time=1.4970113055242851e-01 dt=1.5845142256734084e-05
cycle=1610 time=1.4971697569468523e-01 dt=1.4176720969923139e-05
cycle=1611 time=1.4973115241565516e-01 dt=1.3442040152803096e-05
cycle=1612 time=1.4974459445580796e-01 dt=1.3404567528273760e-05
cycle=1613 time=1.4975799902333622e-01 dt=1.3918573575918115e-05
cycle=1614 time=1.4977191759691214e-01 dt=1.4928394016192486e-05
cycle=1615 time=1.4978684599092834e-01 dt=1.6464862049739779e-05
cycle=1616 time=1.4980331085297807e-01 dt=1.8701863037128199e-05
cycle=1617 time=1.4982201271601520e-01 dt=1.8194804848852853e-05
cycle=1618 time=1.4984020752086405e-01 dt=1.6546449668480393e-05
cycle=1619 time=1.4985675397053252e-01 dt=1.5616654927399393e-05
cycle=1620 time=1.4987237062545991e-01 dt=1.5238617485540109e-05
cycle=1621 time=1.4988760924294545e-01 dt=1.5321619177351997e-05
cycle=1622 time=1.4990293086212281e-01 dt=1.5820047196877490e-05
cycle=1623 time=1.4991875090931969e-01 dt=1.6723691182609044e-05
cycle=1624 time=1.4993547460050230e-01 dt=1.8054001433557510e-05
cycle=1625 time=1.4995352860193586e-01 dt=1.8525743407618575e-05
cycle=1626 time=1.4997205434534347e-01 dt=1.7153397879984009e-05
cycle=1627 time=1.4998920774322344e-01 dt=1.5616696854321159e-05
cycle=1628 time=1.5000482444007776e-01 dt=1.4576021485510595e-05
cycle=1629 time=1.5001940046156328e-01 dt=1.3904429889768453e-05
cycle=1630 time=1.5003330489145306e-01 dt=1.3447596018584251e-05
cycle=1631 time=1.5004675248747165e-01 dt=1.3096984317362962e-05
cycle=1632 time=1.5005984947178902e-01 dt=1.2792781006755711e-05
cycle=1633 time=1.5007264225279576e-01 dt=1.2507524306788248e-05
cycle=1634 time=1.5008514977710255e-01 dt=1.2231569236066693e-05
cycle=1635 time=1.5009738134633863e-01 dt=1.1963964208242339e-05
cycle=1636 time=1.5010934531054687e-01 dt=1.1706869387918848e-05
cycle=1637 time=1.5012105217993479e-01 dt=1.1462509638418436e-05
cycle=1638 time=1.5013251468957320e-01 dt=1.1232142221521583e-05
cycle=1639 time=1.5014374683179471e-01 dt=1.1015953726323075e-05
cycle=1640 time=1.5015476278552103e-01 dt=1.0813338728881796e-05
cycle=1641 time=1.5016557612424991e-01 dt=1.0623239767773406e-05
cycle=1642 time=1.5017619936401769e-01 dt=1.0444563444078651e-05
cycle=1643 time=1.5018664392746175e-01 dt=1.0276278136906054e-05
cycle=1644 time=1.5019692020559866e-01 dt=1.0371979924074266e-05
cycle=1645 time=1.5020729218552273e-01 dt=1.0793445161956991e-05
cycle=1646 time=1.5021808563068467e-01 dt=1.1502133502351129e-05
cycle=1647 time=1.5022958776418702e-01 dt=1.2523841899183645e-05
cycle=1648 time=1.5024211160608619e-01 dt=1.3895263425673000e-05
cycle=1649 time=1.5025600686951188e-01 dt=1.4517938892316898e-05
cycle=1650 time=1.5027052480840419e-01 dt=1.3007886222182180e-05
cycle=1651 time=1.5028353269462638e-01 dt=1.1576648205767881e-05
cycle=1652 time=1.5029510934283216e-01 dt=1.0534264176090843e-05
cycle=1653 time=1.5030564360700827e-01 dt=9.9210657723368876e-06
cycle=1654 time=1.5031556467278059e-01 dt=9.6010666981439155e-06
cycle=1655 time=1.5032516573947874e-01 dt=9.6893532692025228e-06
cycle=1656 time=1.5033485509274794e-01 dt=1.0059650924712746e-05
cycle=1657 time=1.5034491474367265e-01 dt=1.0747019119231503e-05
cycle=1658 time=1.5035566176279189e-01 dt=1.1024369803852162e-05
cycle=1659 time=1.5036668613259574e-01 dt=1.0785353352668574e-05
cycle=1660 time=1.5037747148594841e-01 dt=1.0515509683348529e-05
cycle=1661 time=1.5038798699563174e-01 dt=1.0275572121365122e-05
cycle=1662 time=1.5039826256775310e-01 dt=1.0090856928768403e-05
cycle=1663 time=1.5040835342468187e-01 dt=9.9599612895216308e-06
cycle=1664 time=1.5041831338597139e-01 dt=9.8703090890385777e-06
cycle=1665 time=1.5042818369506042e-01 dt=9.8075141053874671e-06
cycle=1666 time=1.5043799120916582e-01 dt=9.8527205270729373e-06
cycle=1667 time=1.5044784392969288e-01 dt=1.0191628905538830e-05
cycle=1668 time=1.5045803555859841e-01 dt=1.0805103987519405e-05
cycle=1669 time=1.5046884066258592e-01 dt=1.1706741083214754e-05
cycle=1670 time=1.5048054740366915e-01 dt=1.2921279131145187e-05
cycle=1671 time=1.5049346868280028e-01 dt=1.3445657547467489e-05
cycle=1672 time=1.5050691434034774e-01 dt=1.1949017895189679e-05
cycle=1673 time=1.5051886335824294e-01 dt=1.0573332355795033e-05
cycle=1674 time=1.5052943669059873e-01 dt=9.5244208598828499e-06
cycle=1675 time=1.5053896111145862e-01 dt=8.8817361060021399e-06
cycle=1676 time=1.5054784284756462e-01 dt=8.5388412618830081e-06
cycle=1677 time=1.5055638168882651e-01 dt=8.3362064774804816e-06
cycle=1678 time=1.5056471789530398e-01 dt=8.1952941810166883e-06
cycle=1679 time=1.5057291318948501e-01 dt=8.0807899357914246e-06
cycle=1680 time=1.5058099397942082e-01 dt=8.1673323277852806e-06
cycle=1681 time=1.5058916131174860e-01 dt=8.5237932290036062e-06
cycle=1682 time=1.5059768510497759e-01 dt=9.1595895649005106e-06
cycle=1683 time=1.5060684469454250e-01 dt=1.0095023724997751e-05
cycle=1684 time=1.5061693971826751e-01 dt=1.1378957200696852e-05
cycle=1685 time=1.5062831867546819e-01 dt=1.3075521682171834e-05
cycle=1686 time=1.5064139419715036e-01 dt=1.5293166344704596e-05
cycle=1687 time=1.5065668736349508e-01 dt=1.7289591529216123e-05
cycle=1688 time=1.5067397695502430e-01 dt=1.4582028643351966e-05
cycle=1689 time=1.5068855898366765e-01 dt=1.2266662800839048e-05
cycle=1690 time=1.5070082564646850e-01 dt=1.0577214196216098e-05
cycle=1691 time=1.5071140286066473e-01 dt=9.5682651261790918e-06
cycle=1692 time=1.5072097112579091e-01 dt=9.0551447072685920e-06
cycle=1693 time=1.5073002627049820e-01 dt=8.7624598328696305e-06
cycle=1694 time=1.5073878873033106e-01 dt=8.5620661372349898e-06
cycle=1695 time=1.5074735079646828e-01 dt=8.3991308167890135e-06
cycle=1696 time=1.5075574992728508e-01 dt=8.2548419382227167e-06
cycle=1697 time=1.5076400476922330e-01 dt=8.1343016415564258e-06
cycle=1698 time=1.5077213907086487e-01 dt=8.0195368755715203e-06
cycle=1699 time=1.5078015860774044e-01 dt=7.8977860853923925e-06
cycle=1700 time=1.5078805639382584e-01 dt=7.7637211645573977e-06
cycle=1701 time=1.5079582011499040e-01 dt=7.7220256312777940e-06
cycle=1702 time=1.5080354214062169e-01 dt=7.9753066193964505e-06
cycle=1703 time=1.5081151744724108e-01 dt=8.5260481699325417e-06
cycle=1704 time=1.5082004349541100e-01 dt=9.4125072875704123e-06
cycle=1705 time=1.5082945600269856e-01 dt=1.0716930146487144e-05
cycle=1706 time=1.5084017293284505e-01 dt=1.2564461116564222e-05
cycle=1707 time=1.5085273739396160e-01 dt=1.5156210527660904e-05
cycle=1708 time=1.5086789360448927e-01 dt=1.7567817596702319e-05
cycle=1709 time=1.5088546142208598e-01 dt=1.4734055001597303e-05
cycle=1710 time=1.5090019547708758e-01 dt=1.2300147737446389e-05
cycle=1711 time=1.5091249562482503e-01 dt=1.0508329208461930e-05
cycle=1712 time=1.5092300395403349e-01 dt=9.4324094946877590e-06
cycle=1713 time=1.5093243636352818e-01 dt=8.8990369608205912e-06
cycle=1714 time=1.5094133540048901e-01 dt=8.6038667111213027e-06
cycle=1715 time=1.5094993926720013e-01 dt=8.4087666086765361e-06
cycle=1716 time=1.5095834803380881e-01 dt=8.4689694344303406e-06
cycle=1717 time=1.5096681700324324e-01 dt=8.8417475023228374e-06
cycle=1718 time=1.5097565875074556e-01 dt=9.5744557814159474e-06
cycle=1719 time=1.5098523320652699e-01 dt=1.0703133084595055e-05
cycle=1720 time=1.5099593633961159e-01 dt=1.2311813821551770e-05
cycle=1721 time=1.5100824815343314e-01 dt=1.4550268608110993e-05
cycle=1722 time=1.5102279842204125e-01 dt=1.7627312110307413e-05
cycle=1723 time=1.5104042573415155e-01 dt=1.6124549701680943e-05
cycle=1724 time=1.5105655028385323e-01 dt=1.4821335348705779e-05
cycle=1725 time=1.5107137161920195e-01 dt=1.4277888389935998e-05
cycle=1726 time=1.5108564950759187e-01 dt=1.3927509460588612e-05
cycle=1727 time=1.5109957701705246e-01 dt=1.2741012872787079e-05
cycle=1728 time=1.5111231802992525e-01 dt=1.1603112967895144e-05
cycle=1729 time=1.5112392114289314e-01 dt=1.0783052286942506e-05
cycle=1730 time=1.5113470419518008e-01 dt=1.0216726919687011e-05
cycle=1731 time=1.5114492092209977e-01 dt=9.8176468344599237e-06
cycle=1732 time=1.5115473856893424e-01 dt=9.5148463433033462e-06
cycle=1733 time=1.5116425341527756e-01 dt=9.6053024413714706e-06
cycle=1734 time=1.5117385871771893e-01 dt=1.0103409168706737e-05
cycle=1735 time=1.5118396212688764e-01 dt=1.1002278063519996e-05
cycle=1736 time=1.5119496440495117e-01 dt=1.2357993649084319e-05
cycle=1737 time=1.5120732239860027e-01 dt=1.4278301472132519e-05
cycle=1738 time=1.5122160070007240e-01 dt=1.5913780388565691e-05
cycle=1739 time=1.5123751448046097e-01 dt=1.4061631062883085e-05
cycle=1740 time=1.5125157611152384e-01 dt=1.2268225984315920e-05
cycle=1741 time=1.5126384433750817e-01 dt=1.0982767845543923e-05
cycle=1742 time=1.5127482710535373e-01 dt=1.0220319457781997e-05
cycle=1743 time=1.5128504742481150e-01 dt=9.8158437935288451e-06
cycle=1744 time=1.5129486326860503e-01 dt=9.5740067989831109e-06
cycle=1745 time=1.5130443727540402e-01 dt=9.3976861804846114e-06
cycle=1746 time=1.5131383496158451e-01 dt=9.2601621739747492e-06
cycle=1747 time=1.5132309512375849e-01 dt=9.1416610337945911e-06
cycle=1748 time=1.5133223678479230e-01 dt=9.5143509544417900e-06
cycle=1749 time=1.5134175113574674e-01 dt=1.0558671217134167e-05
cycle=1750 time=1.5135230980696388e-01 dt=1.2436358619383554e-05
cycle=1751 time=1.5136474616558326e-01 dt=1.2902731956330048e-05
cycle=1752 time=1.5137764889753960e-01 dt=1.2109787082535229e-05
cycle=1753 time=1.5138975868462215e-01 dt=1.1324528796911278e-05
cycle=1754 time=1.5140108321341905e-01 dt=1.0402509268695534e-05
cycle=1755 time=1.5141148572268776e-01 dt=9.7624040061400631e-06
cycle=1756 time=1.5142124812669389e-01 dt=9.4046780752143096e-06
cycle=1757 time=1.5143065280476911e-01 dt=9.2326488828050866e-06
cycle=1758 time=1.5143988545365192e-01 dt=9.2871119258540281e-06
cycle=1759 time=1.5144917256557777e-01 dt=9.0954139218032847e-06
cycle=1760 time=1.5145826797949957e-01 dt=8.9346593273671080e-06
cycle=1761 time=1.5146720263882693e-01 dt=8.7989012822478113e-06
cycle=1762 time=1.5147600154010918e-01 dt=8.6808573105348341e-06
cycle=1763 time=1.5148468239741972e-01 dt=8.5769185685233406e-06
cycle=1764 time=1.5149325931598825e-01 dt=8.4832198778137508e-06
cycle=1765 time=1.5150174253586607e-01 dt=8.3958606841536675e-06
cycle=1766 time=1.5151013839655023e-01 dt=8.3083564963498971e-06
cycle=1767 time=1.5151844675304657e-01 dt=8.2203500691068720e-06
cycle=1768 time=1.5152666710311569e-01 dt=8.1320005272330740e-06
cycle=1769 time=1.5153479910364293e-01 dt=8.0437028757949058e-06
cycle=1770 time=1.5154284280651872e-01 dt=7.9559721887725678e-06
cycle=1771 time=1.5155079877870750e-01 dt=7.8693348843444850e-06
cycle=1772 time=1.5155866811359184e-01 dt=7.7842520843993942e-06
cycle=1773 time=1.5156645236567623e-01 dt=7.7010813785655375e-06
cycle=1774 time=1.5157415344705480e-01 dt=7.6200615476501127e-06
cycle=1775 time=1.5158177350860244e-01 dt=7.5161825569808412e-06
cycle=1776 time=1.5158928969115942e-01 dt=7.3678651570406770e-06
cycle=1777 time=1.5159665755631646e-01 dt=7.2283025355132540e-06
cycle=1778 time=1.5160388585885198e-01 dt=7.1007781866346624e-06
cycle=1779 time=1.5161098663703862e-01 dt=6.9871027904731481e-06
cycle=1780 time=1.5161797373982910e-01 dt=6.8882223617489860e-06
cycle=1781 time=1.5162486196219085e-01 dt=6.8004361554577113e-06
cycle=1782 time=1.5163166239834630e-01 dt=6.7210804368033477e-06
cycle=1783 time=1.5163838347878311e-01 dt=6.6480354994737504e-06
cycle=1784 time=1.5164503151428257e-01 dt=6.6172332840227318e-06
cycle=1785 time=1.5165164874756659e-01 dt=6.7228023003021440e-06
cycle=1786 time=1.5165837154986689e-01 dt=6.9677586217138600e-06
cycle=1787 time=1.5166533930848861e-01 dt=7.3615582304549095e-06
cycle=1788 time=1.5167270086671905e-01 dt=7.9228315784412675e-06
cycle=1789 time=1.5168062369829749e-01 dt=8.6828907408171693e-06
cycle=1790 time=1.5168930658903831e-01 dt=9.6879460066207433e-06
cycle=1791 time=1.5169899453504493e-01 dt=1.1001425915404830e-05
cycle=1792 time=1.5170999596096033e-01 dt=1.2427981200953068e-05
cycle=1793 time=1.5172242394216129e-01 dt=1.1501110313158956e-05
cycle=1794 time=1.5173392505247446e-01 dt=1.0952692150494584e-05
cycle=1795 time=1.5174487774462495e-01 dt=1.0129043888434732e-05
cycle=1796 time=1.5175500678851339e-01 dt=9.4760321742744349e-06
cycle=1797 time=1.5176448282068766e-01 dt=8.9977810116061540e-06
cycle=1798 time=1.5177348060169926e-01 dt=8.6542735622813792e-06
cycle=1799 time=1.5178213487526154e-01 dt=8.4303696375848319e-06
cycle=1800 time=1.5179056524489912e-01 dt=8.3106738036967234e-06
cycle=1801 time=1.5179887591870281e-01 dt=8.2552168430001258e-06
cycle=1802 time=1.5180713113554581e-01 dt=8.2327209471487041e-06
cycle=1803 time=1.5181536385649297e-01 dt=8.2254648516306820e-06
cycle=1804 time=1.5182358932134460e-01 dt=8.2239404647607376e-06
cycle=1805 time=1.5183181326180936e-01 dt=8.2234067202838989e-06
cycle=1806 time=1.5184003666852963e-01 dt=8.2218031438777835e-06
cycle=1807 time=1.5184825847167352e-01 dt=8.2198599890577214e-06
cycle=1808 time=1.5185647833166258e-01 dt=8.2208156560653039e-06
cycle=1809 time=1.5186469914731865e-01 dt=8.2230167200169986e-06
cycle=1810 time=1.5187292216403867e-01 dt=8.2248005942555370e-06
cycle=1811 time=1.5188114696463292e-01 dt=8.2175721825173000e-06
cycle=1812 time=1.5188936453681545e-01 dt=8.2024281288640956e-06
cycle=1813 time=1.5189756696494430e-01 dt=8.1810098967411568e-06
cycle=1814 time=1.5190574797484105e-01 dt=8.1551666690183073e-06
cycle=1815 time=1.5191390314151007e-01 dt=8.1266843531845422e-06
cycle=1816 time=1.5192202982586325e-01 dt=8.0971175371355612e-06
cycle=1817 time=1.5193012694340038e-01 dt=8.0676970812239417e-06
cycle=1818 time=1.5193819464048161e-01 dt=7.9550474721395338e-06
cycle=1819 time=1.5194614968795375e-01 dt=7.5273297377461705e-06
cycle=1820 time=1.5195367701769150e-01 dt=7.1422268074869079e-06
cycle=1821 time=1.5196081924449897e-01 dt=6.8413340299669081e-06
cycle=1822 time=1.5196766057852895e-01 dt=6.6370171003333650e-06
cycle=1823 time=1.5197429759562928e-01 dt=6.5019443547425863e-06
cycle=1824 time=1.5198079953998403e-01 dt=6.4082763010122214e-06
cycle=1825 time=1.5198720781628505e-01 dt=6.3390423571864294e-06
cycle=1826 time=1.5199354685864225e-01 dt=6.5186959908381738e-06
cycle=1827 time=1.5200006555463308e-01 dt=7.0577452468067466e-06
cycle=1828 time=1.5200712329987989e-01 dt=8.0466724113570434e-06
cycle=1829 time=1.5201516997229125e-01 dt=9.3413053829520693e-06
cycle=1830 time=1.5202451127767422e-01 dt=9.2490190542781789e-06
cycle=1831 time=1.5203376029672849e-01 dt=9.0238430871382002e-06
cycle=1832 time=1.5204278413981562e-01 dt=8.7397292172134760e-06
cycle=1833 time=1.5205152386903284e-01 dt=8.4508518678293849e-06
cycle=1834 time=1.5205997472090066e-01 dt=8.1918181215179683e-06
cycle=1835 time=1.5206816653902216e-01 dt=7.9807287776274009e-06
cycle=1836 time=1.5207614726779980e-01 dt=7.8298408946876428e-06
cycle=1837 time=1.5208397710869448e-01 dt=7.5352985696513436e-06
cycle=1838 time=1.5209151240726412e-01 dt=7.2483471125391902e-06
cycle=1839 time=1.5209876075437667e-01 dt=7.0564438197679003e-06
cycle=1840 time=1.5210581719819644e-01 dt=6.9453894860361605e-06
cycle=1841 time=1.5211276258768247e-01 dt=6.8897371370253583e-06
cycle=1842 time=1.5211965232481950e-01 dt=6.8721233689878165e-06
cycle=1843 time=1.5212652444818850e-01 dt=6.8785089791213137e-06
cycle=1844 time=1.5213340295716762e-01 dt=6.8966180788714486e-06
cycle=1845 time=1.5214029957524650e-01 dt=6.9179471501166674e-06
cycle=1846 time=1.5214721752239660e-01 dt=6.9376821991524575e-06
cycle=1847 time=1.5215415520459574e-01 dt=6.9539947896572369e-06
cycle=1848 time=1.5216110919938539e-01 dt=6.9671517280220324e-06
cycle=1849 time=1.5216807635111340e-01 dt=6.9786642492949623e-06
cycle=1850 time=1.5217505501536269e-01 dt=6.9905824678831619e-06
cycle=1851 time=1.5218204559783058e-01 dt=7.0050854616482747e-06
cycle=1852 time=1.5218905068329222e-01 dt=7.0239866914601126e-06
cycle=1853 time=1.5219607466998369e-01 dt=7.0480819560906110e-06
cycle=1854 time=1.5220312275193978e-01 dt=7.0775348635612300e-06
cycle=1855 time=1.5221020028680335e-01 dt=7.1122325530990758e-06
cycle=1856 time=1.5221731251935644e-01 dt=7.1518833496392496e-06
cycle=1857 time=1.5222446440270607e-01 dt=7.1962855817505738e-06
cycle=1858 time=1.5223166068828781e-01 dt=7.2443271214013850e-06
cycle=1859 time=1.5223890501540921e-01 dt=7.2946086785557493e-06
cycle=1860 time=1.5224619962408775e-01 dt=7.3458544218815538e-06
cycle=1861 time=1.5225354547850964e-01 dt=7.3970831237073129e-06
cycle=1862 time=1.5226094256163333e-01 dt=7.4480055810407418e-06
cycle=1863 time=1.5226839056721436e-01 dt=7.4981130369208024e-06
cycle=1864 time=1.5227588868025127e-01 dt=7.5477495924765510e-06
cycle=1865 time=1.5228343642984374e-01 dt=7.5989469555787018e-06
cycle=1866 time=1.5229103537679931e-01 dt=7.6538204852888238e-06
cycle=1867 time=1.5229868919728459e-01 dt=7.7143414232977838e-06
cycle=1868 time=1.5230640353870789e-01 dt=7.7472433594848929e-06
cycle=1869 time=1.5231415078206736e-01 dt=7.2865661672447981e-06
cycle=1870 time=1.5232143734823461e-01 dt=6.8597313592087459e-06
cycle=1871 time=1.5232829707959383e-01 dt=6.5227382000347291e-06
cycle=1872 time=1.5233481981779387e-01 dt=6.4061003797930509e-06
cycle=1873 time=1.5234122591817367e-01 dt=6.6159209138071127e-06
cycle=1874 time=1.5234784183908748e-01 dt=7.1383743748254884e-06
cycle=1875 time=1.5235498021346230e-01 dt=8.0376983441257582e-06
cycle=1876 time=1.5236301791180643e-01 dt=9.0558514035338908e-06
cycle=1877 time=1.5237207376320996e-01 dt=8.6458890447398546e-06
cycle=1878 time=1.5238071965225469e-01 dt=7.9993888547097260e-06
cycle=1879 time=1.5238871904110940e-01 dt=7.3706698398958203e-06
cycle=1880 time=1.5239608971094928e-01 dt=6.8656647240408224e-06
cycle=1881 time=1.5240295537567333e-01 dt=6.5459758330585219e-06
cycle=1882 time=1.5240950135150638e-01 dt=6.3788433640895458e-06
cycle=1883 time=1.5241588019487048e-01 dt=6.2909085735518825e-06
cycle=1884 time=1.5242217110344403e-01 dt=6.2421651932187060e-06
cycle=1885 time=1.5242841326863724e-01 dt=6.2133344118968240e-06
cycle=1886 time=1.5243462660304913e-01 dt=6.1948215137060739e-06
cycle=1887 time=1.5244082142456283e-01 dt=6.1879781780460626e-06
cycle=1888 time=1.5244700940274089e-01 dt=6.1954102899218229e-06
cycle=1889 time=1.5245320481303082e-01 dt=6.2109341871797757e-06
cycle=1890 time=1.5245941574721800e-01 dt=6.2270756954695998e-06
cycle=1891 time=1.5246564282291347e-01 dt=6.2388924155369704e-06
cycle=1892 time=1.5247188171532902e-01 dt=6.2441073848120248e-06
cycle=1893 time=1.5247812582271383e-01 dt=6.2425520693946816e-06
cycle=1894 time=1.5248436837478324e-01 dt=6.2354584908394205e-06
cycle=1895 time=1.5249060383327409e-01 dt=6.2247898965074226e-06
cycle=1896 time=1.5249682862317060e-01 dt=6.2126956560594576e-06
cycle=1897 time=1.5250304131882667e-01 dt=6.2010955155908467e-06
cycle=1898 time=1.5250924241434224e-01 dt=6.1914201816225404e-06
cycle=1899 time=1.5251543383452387e-01 dt=6.1846030632027050e-06
cycle=1900 time=1.5252161843758708e-01 dt=6.1811013381647407e-06
cycle=1901 time=1.5252779953892523e-01 dt=6.1809753439970846e-06
cycle=1902 time=1.5253398051426922e-01 dt=6.1839948181894652e-06
cycle=1903 time=1.5254016450908742e-01 dt=6.1897482208480327e-06
cycle=1904 time=1.5254635425730825e-01 dt=6.1977393160253575e-06
cycle=1905 time=1.5255255199662429e-01 dt=6.2074654063516461e-06
cycle=1906 time=1.5255875946203065e-01 dt=6.2184748021282896e-06
cycle=1907 time=1.5256497793683277e-01 dt=6.2303957052079649e-06
cycle=1908 time=1.5257120833253798e-01 dt=6.2429345449339435e-06
cycle=1909 time=1.5257745126708291e-01 dt=6.2558673126033438e-06
cycle=1910 time=1.5258370713439551e-01 dt=6.2690435214741269e-06
cycle=1911 time=1.5258997617791697e-01 dt=6.2823812688505299e-06
cycle=1912 time=1.5259625855918582e-01 dt=6.2958618537607463e-06
cycle=1913 time=1.5260255442103959e-01 dt=6.3094934760091005e-06
cycle=1914 time=1.5260886391451561e-01 dt=6.3230576872216634e-06
cycle=1915 time=1.5261518697220283e-01 dt=6.5237541490972230e-06
cycle=1916 time=1.5262171072635192e-01 dt=7.1270287401195021e-06
cycle=1917 time=1.5262883775509203e-01 dt=8.2919360598410103e-06
cycle=1918 time=1.5263712969115187e-01 dt=9.7012310468451040e-06
cycle=1919 time=1.5264683092219872e-01 dt=9.6489099645564424e-06
cycle=1920 time=1.5265647983216327e-01 dt=9.4064555831928203e-06
cycle=1921 time=1.5266588628774647e-01 dt=9.0387534119195579e-06
cycle=1922 time=1.5267492504115840e-01 dt=8.6025931932047056e-06
cycle=1923 time=1.5268352763435161e-01 dt=8.1440451532041689e-06
cycle=1924 time=1.5269167167950481e-01 dt=7.6984300858805192e-06
cycle=1925 time=1.5269937010959070e-01 dt=7.2912948081831740e-06
cycle=1926 time=1.5270666140439887e-01 dt=6.9396401109658408e-06
cycle=1927 time=1.5271360104450984e-01 dt=6.6532449032204022e-06
cycle=1928 time=1.5272025428941308e-01 dt=6.4359204179091623e-06
cycle=1929 time=1.5272669020983098e-01 dt=6.2867537492875045e-06
cycle=1930 time=1.5273297696358026e-01 dt=6.2013597061285692e-06
cycle=1931 time=1.5273917832328640e-01 dt=6.1730562002981376e-06
cycle=1932 time=1.5274535137948669e-01 dt=6.1937711524030431e-06
cycle=1933 time=1.5275154515063910e-01 dt=6.2547474068169250e-06
cycle=1934 time=1.5275779989804592e-01 dt=6.3469631359442412e-06
cycle=1935 time=1.5276414686118187e-01 dt=6.4615175816744331e-06
cycle=1936 time=1.5277060837876355e-01 dt=6.5899610393574990e-06
cycle=1937 time=1.5277719833980291e-01 dt=6.7245694664692011e-06
cycle=1938 time=1.5278392290926937e-01 dt=6.8586107364243464e-06
cycle=1939 time=1.5279078152000580e-01 dt=6.9865661861766886e-06
cycle=1940 time=1.5279776808619197e-01 dt=7.1042778173946337e-06
cycle=1941 time=1.5280487236400936e-01 dt=7.2090222746110615e-06
cycle=1942 time=1.5281208138628397e-01 dt=7.2994815954534722e-06
cycle=1943 time=1.5281938086787941e-01 dt=7.3756321902210462e-06
cycle=1944 time=1.5282675650006963e-01 dt=7.4385311775955412e-06
cycle=1945 time=1.5283419503124723e-01 dt=7.4899898468200821e-06
cycle=1946 time=1.5284168502109405e-01 dt=7.5325204507391520e-06
cycle=1947 time=1.5284921754154479e-01 dt=7.3440191528907453e-06
cycle=1948 time=1.5285656156069768e-01 dt=7.0350715357002696e-06
cycle=1949 time=1.5286359663223340e-01 dt=6.7628597859980600e-06
cycle=1950 time=1.5287035949201938e-01 dt=6.5558516656328968e-06
cycle=1951 time=1.5287691534368503e-01 dt=6.4209878677060928e-06
cycle=1952 time=1.5288333633155274e-01 dt=6.3504330820221624e-06
cycle=1953 time=1.5288968676463477e-01 dt=6.3290218457791316e-06
cycle=1954 time=1.5289601578648054e-01 dt=6.3398535308494494e-06
cycle=1955 time=1.5290235564001139e-01 dt=6.3675118654749582e-06
cycle=1956 time=1.5290872315187687e-01 dt=6.3995952865671408e-06
cycle=1957 time=1.5291512274716343e-01 dt=6.4272346121963539e-06
cycle=1958 time=1.5292154998177562e-01 dt=6.4450149132414242e-06
cycle=1959 time=1.5292799499668885e-01 dt=6.4505486348565870e-06
cycle=1960 time=1.5293444554532371e-01 dt=6.2378043913151862e-06
cycle=1961 time=1.5294068334971503e-01 dt=5.9386841382219873e-06
cycle=1962 time=1.5294662203385326e-01 dt=5.6592409458082801e-06
cycle=1963 time=1.5295228127479907e-01 dt=5.4233154757330805e-06
cycle=1964 time=1.5295770459027480e-01 dt=5.2625533173061721e-06
cycle=1965 time=1.5296296714359212e-01 dt=5.1684929894354110e-06
cycle=1966 time=1.5296813563658154e-01 dt=5.1015911951974857e-06
cycle=1967 time=1.5297323722777675e-01 dt=5.0458903377807190e-06
cycle=1968 time=1.5297828311811454e-01 dt=4.9964274281083924e-06
cycle=1969 time=1.5298327954554264e-01 dt=4.9546742035846771e-06
cycle=1970 time=1.5298823421974622e-01 dt=4.9168419585694129e-06
cycle=1971 time=1.5299315106170480e-01 dt=4.8786768354676201e-06
cycle=1972 time=1.5299802973854026e-01 dt=4.8372584938904268e-06
cycle=1973 time=1.5300286699703416e-01 dt=4.7912462796436280e-06
cycle=1974 time=1.5300765824331380e-01 dt=4.7406602982530180e-06
cycle=1975 time=1.5301239890361207e-01 dt=4.6864416407991468e-06
cycle=1976 time=1.5301708534525288e-01 dt=4.6299963194928940e-06
cycle=1977 time=1.5302171534157238e-01 dt=4.5728116844446661e-06
cycle=1978 time=1.5302628815325683e-01 dt=4.5161874120586567e-06
cycle=1979 time=1.5303080434066890e-01 dt=4.4610880257406173e-06
cycle=1980 time=1.5303526542869464e-01 dt=4.4081020167144823e-06
cycle=1981 time=1.5303967353071135e-01 dt=4.3574771800433190e-06
cycle=1982 time=1.5304403100789141e-01 dt=4.3091990747734326e-06
cycle=1983 time=1.5304834020696617e-01 dt=4.2630816380886272e-06
cycle=1984 time=1.5305260328860426e-01 dt=4.2188496648548942e-06
cycle=1985 time=1.5305682213826913e-01 dt=4.1762040347932455e-06
cycle=1986 time=1.5306099834230391e-01 dt=4.1348666665843968e-06
cycle=1987 time=1.5306513320897050e-01 dt=4.0946068040429974e-06
cycle=1988 time=1.5306922781577453e-01 dt=4.0552520717857809e-06
cycle=1989 time=1.5307328306784632e-01 dt=4.0166880907421362e-06
cycle=1990 time=1.5307729975593706e-01 dt=3.9788509041279714e-06
cycle=1991 time=1.5308127860684120e-01 dt=3.9417315028472820e-06
cycle=1992 time=1.5308522033834404e-01 dt=3.9053419504290260e-06
cycle=1993 time=1.5308912568029448e-01 dt=3.8697011933115421e-06
cycle=1994 time=1.5309299538148780e-01 dt=3.8348263497405938e-06
cycle=1995 time=1.5309683020783754e-01 dt=3.8007270912392106e-06
cycle=1996 time=1.5310063093492879e-01 dt=3.7674007165611396e-06
cycle=1997 time=1.5310439833564535e-01 dt=3.7348343122765869e-06
cycle=1998 time=1.5310813316995761e-01 dt=3.7030063273513617e-06
cycle=1999 time=1.5311183617628496e-01 dt=3.6718874944854207e-06
cycle=2000 time=1.5311550806377944e-01 dt=3.6414396929539751e-06
cycle=2001 time=1.5311914950347238e-01 dt=3.6116181875568584e-06
cycle=2002 time=1.5312276112165993e-01 dt=3.5824758605618883e-06
cycle=2003 time=1.5312634359752050e-01 dt=3.5544978844042807e-06
cycle=2004 time=1.5312989809540492e-01 dt=3.5276031175656601e-06
cycle=2005 time=1.5313342569852248e-01 dt=3.5019035544991479e-06
cycle=2006 time=1.5313692760207698e-01 dt=3.4774703665804391e-06
cycle=2007 time=1.5314040507244356e-01 dt=3.4543128724956941e-06
cycle=2008 time=1.5314385938531605e-01 dt=3.4325195134124586e-06
cycle=2009 time=1.5314729190482945e-01 dt=3.4124856170943580e-06
cycle=2010 time=1.5315070439044653e-01 dt=3.3947213258341365e-06
cycle=2011 time=1.5315409911177236e-01 dt=3.3793321806807513e-06
cycle=2012 time=1.5315747844395303e-01 dt=3.3656321414551346e-06
cycle=2013 time=1.5316084407609448e-01 dt=3.3524711834445049e-06
cycle=2014 time=1.5316419654727792e-01 dt=3.3381934320164074e-06
cycle=2015 time=1.5316753474070993e-01 dt=3.3237166683577024e-06
cycle=2016 time=1.5317085845737829e-01 dt=3.3096786854637445e-06
cycle=2017 time=1.5317416813606377e-01 dt=3.2965810941549441e-06
cycle=2018 time=1.5317746471715793e-01 dt=3.3897018361852239e-06
cycle=2019 time=1.5318085441899412e-01 dt=3.7534352257808773e-06
cycle=2020 time=1.5318460785421989e-01 dt=4.5958154965213594e-06
cycle=2021 time=1.5318920366971642e-01 dt=6.3779890127007166e-06
cycle=2022 time=1.5319558165872912e-01 dt=8.1131612897271119e-06
cycle=2023 time=1.5320369482001886e-01 dt=7.8527902733876457e-06
cycle=2024 time=1.5321154761029224e-01 dt=7.2136501805449778e-06
cycle=2025 time=1.5321876126047279e-01 dt=6.1002293287555840e-06
cycle=2026 time=1.5322486148980155e-01 dt=4.9005563427906404e-06
cycle=2027 time=1.5322976204614433e-01 dt=3.8018933164829552e-06
cycle=2028 time=1.5323356393946080e-01 dt=3.2759215157544011e-06
cycle=2029 time=1.5323683986097655e-01 dt=3.0879832557622935e-06
cycle=2030 time=1.5323992784423232e-01 dt=2.9568953513809071e-06
cycle=2031 time=1.5324288473958370e-01 dt=2.8737913574191786e-06
cycle=2032 time=1.5324575853094111e-01 dt=2.8320364375621864e-06
cycle=2033 time=1.5324859056737866e-01 dt=2.8265787686774788e-06
cycle=2034 time=1.5325141714614735e-01 dt=2.8534398395505141e-06
cycle=2035 time=1.5325427058598690e-01 dt=2.9093685661666221e-06
cycle=2036 time=1.5325717995455307e-01 dt=2.9913392747725042e-06
cycle=2037 time=1.5326017129382785e-01 dt=3.0957214230994300e-06
cycle=2038 time=1.5326326701525095e-01 dt=3.2175432100425180e-06
cycle=2039 time=1.5326648455846098e-01 dt=3.3245911085814202e-06
cycle=2040 time=1.5326980914956956e-01 dt=3.4020874857139571e-06
cycle=2041 time=1.5327321123705528e-01 dt=3.4913780997796794e-06
cycle=2042 time=1.5327670261515505e-01 dt=3.5852734556460441e-06
cycle=2043 time=1.5328028788861070e-01 dt=3.6765758799886712e-06
cycle=2044 time=1.5328396446449069e-01 dt=3.7597094730358957e-06
cycle=2045 time=1.5328772417396372e-01 dt=3.8285985839160845e-06
cycle=2046 time=1.5329155277254763e-01 dt=3.8798509162283391e-06
cycle=2047 time=1.5329543262346387e-01 dt=3.9119783178706186e-06
cycle=2048 time=1.5329934460178174e-01 dt=3.9253354025492837e-06
cycle=2049 time=1.5330326993718429e-01 dt=3.9219631152613961e-06
cycle=2050 time=1.5330719190029957e-01 dt=3.9052751539415877e-06
cycle=2051 time=1.5331109717545352e-01 dt=4.0343411893999866e-06
cycle=2052 time=1.5331513151664292e-01 dt=4.5945663711267840e-06
cycle=2053 time=1.5331972608301403e-01 dt=5.9452992535333938e-06
cycle=2054 time=1.5332567138226758e-01 dt=6.3148394717487981e-06
cycle=2055 time=1.5333198622173932e-01 dt=6.6282373255902499e-06
cycle=2056 time=1.5333861445906491e-01 dt=6.4851214436099805e-06
cycle=2057 time=1.5334509958050851e-01 dt=5.9608066564274774e-06
cycle=2058 time=1.5335106038716495e-01 dt=5.3486977771212748e-06
cycle=2059 time=1.5335640908494208e-01 dt=4.7337771188660045e-06
cycle=2060 time=1.5336114286206096e-01 dt=4.1964344650180716e-06
cycle=2061 time=1.5336533929652599e-01 dt=3.8539632210981882e-06
cycle=2062 time=1.5336919325974707e-01 dt=3.7076037528923297e-06
cycle=2063 time=1.5337290086349997e-01 dt=3.6559268836421401e-06
cycle=2064 time=1.5337655679038362e-01 dt=3.6509546300958183e-06
cycle=2065 time=1.5338020774501371e-01 dt=3.6688905970955629e-06
cycle=2066 time=1.5338387663561082e-01 dt=3.6973476238186995e-06
cycle=2067 time=1.5338757398323463e-01 dt=3.7298833589865787e-06
cycle=2068 time=1.5339130386659361e-01 dt=3.9186176096309954e-06
cycle=2069 time=1.5339522248420323e-01 dt=4.4509232335053491e-06
cycle=2070 time=1.5339967340743674e-01 dt=5.6070688770433305e-06
cycle=2071 time=1.5340528047631377e-01 dt=7.3789874143722154e-06
cycle=2072 time=1.5341265946372815e-01 dt=7.1361496319564403e-06
cycle=2073 time=1.5341979561336011e-01 dt=6.5801853300284155e-06
cycle=2074 time=1.5342637579869015e-01 dt=5.8345807425826695e-06
cycle=2075 time=1.5343221037943272e-01 dt=5.0261216795871544e-06
cycle=2076 time=1.5343723650111230e-01 dt=4.2799543553509488e-06
cycle=2077 time=1.5344151645546764e-01 dt=3.7218439409143486e-06
cycle=2078 time=1.5344523829940854e-01 dt=3.5336625150231937e-06
cycle=2079 time=1.5344877196192355e-01 dt=3.4876235863067912e-06
cycle=2080 time=1.5345225958550987e-01 dt=3.4998224758422500e-06
cycle=2081 time=1.5345575940798573e-01 dt=3.5358330036837162e-06
cycle=2082 time=1.5345929524098942e-01 dt=3.5828014887864173e-06
cycle=2083 time=1.5346287804247821e-01 dt=3.6399370481825489e-06
cycle=2084 time=1.5346651797952640e-01 dt=3.7464379674336203e-06
cycle=2085 time=1.5347026441749384e-01 dt=3.8892233056957767e-06
cycle=2086 time=1.5347415364079953e-01 dt=4.0540946341531627e-06
cycle=2087 time=1.5347820773543369e-01 dt=4.2271109296730633e-06
cycle=2088 time=1.5348243484636337e-01 dt=4.3981389428112173e-06
cycle=2089 time=1.5348683298530619e-01 dt=4.5580123542624387e-06
cycle=2090 time=1.5349139099766046e-01 dt=4.6999284993094345e-06
cycle=2091 time=1.5349609092615976e-01 dt=4.8195986863648375e-06
cycle=2092 time=1.5350091052484613e-01 dt=4.9128173455026983e-06
cycle=2093 time=1.5350582334219162e-01 dt=4.9808259672458662e-06
cycle=2094 time=1.5351080416815888e-01 dt=5.0279041333273539e-06
cycle=2095 time=1.5351583207229219e-01 dt=4.9800607636041217e-06
cycle=2096 time=1.5352081213305580e-01 dt=4.5155171388895662e-06
cycle=2097 time=1.5352532765019469e-01 dt=4.0469596266805590e-06
cycle=2098 time=1.5352937460982138e-01 dt=3.6531271812863217e-06
cycle=2099 time=1.5353302773700267e-01 dt=3.4607187949112575e-06
cycle=2100 time=1.5353648845579759e-01 dt=3.3629198938611476e-06
cycle=2101 time=1.5353985137569146e-01 dt=3.2874893622352596e-06
cycle=2102 time=1.5354313886505369e-01 dt=3.2309041399735735e-06
cycle=2103 time=1.5354636976919367e-01 dt=3.1900552157946160e-06
cycle=2104 time=1.5354955982440946e-01 dt=3.1621702092356812e-06
cycle=2105 time=1.5355272199461870e-01 dt=3.1447542889582210e-06
cycle=2106 time=1.5355586674890764e-01 dt=3.1355469243103138e-06
cycle=2107 time=1.5355900229583194e-01 dt=3.1324960778844965e-06
cycle=2108 time=1.5356213479190983e-01 dt=3.1337487309763428e-06
cycle=2109 time=1.5356526854064081e-01 dt=3.1377213667913717e-06
cycle=2110 time=1.5356840626200760e-01 dt=3.1429330446610351e-06
cycle=2111 time=1.5357154919505225e-01 dt=3.1481221127930809e-06
cycle=2112 time=1.5357469731716505e-01 dt=3.1538434038965198e-06
cycle=2113 time=1.5357785116056896e-01 dt=3.1572684196225723e-06
cycle=2114 time=1.5358100842898859e-01 dt=3.1552071950169612e-06
cycle=2115 time=1.5358416363618360e-01 dt=3.1459607675786697e-06
cycle=2116 time=1.5358730959695119e-01 dt=3.1289875232089204e-06
cycle=2117 time=1.5359043858447441e-01 dt=3.1046839562828009e-06
cycle=2118 time=1.5359354326843069e-01 dt=3.0732957872643297e-06
cycle=2119 time=1.5359661656421797e-01 dt=3.0653679160889427e-06
cycle=2120 time=1.5359968193213405e-01 dt=3.4033989247860015e-06
cycle=2121 time=1.5360308533105885e-01 dt=4.3330506091976000e-06
cycle=2122 time=1.5360741838166805e-01 dt=5.5795573670053346e-06
cycle=2123 time=1.5361299793903507e-01 dt=5.5303736507664017e-06
cycle=2124 time=1.5361852831268583e-01 dt=5.2595279665618270e-06
cycle=2125 time=1.5362378784065239e-01 dt=4.8121854721062663e-06
cycle=2126 time=1.5362860002612450e-01 dt=4.2412911339426963e-06
cycle=2127 time=1.5363284131725843e-01 dt=3.6110636653509934e-06
cycle=2128 time=1.5363645238092377e-01 dt=3.0102384957874014e-06
cycle=2129 time=1.5363946261941955e-01 dt=2.6740687688473219e-06
cycle=2130 time=1.5364213668818841e-01 dt=2.5470596593907952e-06
cycle=2131 time=1.5364468374784779e-01 dt=2.5654260152984233e-06
cycle=2132 time=1.5364724917386308e-01 dt=2.9398662638237270e-06
cycle=2133 time=1.5365018904012689e-01 dt=3.7674571380397026e-06
cycle=2134 time=1.5365395649726493e-01 dt=5.8062272742984411e-06
cycle=2135 time=1.5365976272453924e-01 dt=7.2999490125948260e-06
cycle=2136 time=1.5366706267355185e-01 dt=7.7752081733763007e-06
cycle=2137 time=1.5367483788172523e-01 dt=8.1059032555357401e-06
cycle=2138 time=1.5368294378498076e-01 dt=8.3117697106825529e-06
cycle=2139 time=1.5369125555469146e-01 dt=8.4008522767722980e-06
cycle=2140 time=1.5369965640696823e-01 dt=7.1921892632910474e-06
cycle=2141 time=1.5370684859623152e-01 dt=6.0228051400052014e-06
cycle=2142 time=1.5371287140137152e-01 dt=5.0363838237790713e-06
cycle=2143 time=1.5371790778519531e-01 dt=4.4348435164479722e-06
cycle=2144 time=1.5372234262871176e-01 dt=4.1818704538226443e-06
cycle=2145 time=1.5372652449916557e-01 dt=4.0821223160532702e-06
cycle=2146 time=1.5373060662148164e-01 dt=4.0546399893626582e-06
cycle=2147 time=1.5373466126147101e-01 dt=4.0615877593139184e-06
cycle=2148 time=1.5373872284923032e-01 dt=4.0857143549294161e-06
cycle=2149 time=1.5374280856358524e-01 dt=4.1160986283329864e-06
cycle=2150 time=1.5374692466221357e-01 dt=4.1495092727409527e-06
cycle=2151 time=1.5375107417148631e-01 dt=4.1970963341103570e-06
cycle=2152 time=1.5375527126782043e-01 dt=4.2728528036123288e-06
cycle=2153 time=1.5375954412062404e-01 dt=4.3629725531079580e-06
cycle=2154 time=1.5376390709317714e-01 dt=4.4546849390058517e-06
cycle=2155 time=1.5376836177811615e-01 dt=4.5377624380715145e-06
cycle=2156 time=1.5377289954055423e-01 dt=4.6046104247976666e-06
cycle=2157 time=1.5377750415097902e-01 dt=4.6501975967050458e-06
cycle=2158 time=1.5378215434857573e-01 dt=4.6741485453534034e-06
cycle=2159 time=1.5378682849712108e-01 dt=4.6785331731226878e-06
cycle=2160 time=1.5379150703029421e-01 dt=4.6671722984486599e-06
cycle=2161 time=1.5379617420259264e-01 dt=4.6449938715577042e-06
cycle=2162 time=1.5380081919646421e-01 dt=4.6174070079159981e-06
cycle=2163 time=1.5380543660347212e-01 dt=4.5897492948074610e-06
cycle=2164 time=1.5381002635276694e-01 dt=4.5668864827253035e-06
cycle=2165 time=1.5381459323924968e-01 dt=4.5521791430870822e-06
cycle=2166 time=1.5381914541839276e-01 dt=4.5483724170566739e-06
cycle=2167 time=1.5382369379080982e-01 dt=4.5572852063011620e-06
cycle=2168 time=1.5382825107601611e-01 dt=4.5798676837953002e-06
cycle=2169 time=1.5383283094369990e-01 dt=4.6191512277281036e-06
cycle=2170 time=1.5383745009492764e-01 dt=5.0828067577657209e-06
cycle=2171 time=1.5384253290168540e-01 dt=6.3333371708205131e-06
cycle=2172 time=1.5384886623885621e-01 dt=8.0192112121315440e-06
cycle=2173 time=1.5385688545006834e-01 dt=7.3535141899459542e-06
cycle=2174 time=1.5386423896425830e-01 dt=6.3089025698216467e-06
cycle=2175 time=1.5387054786682813e-01 dt=5.2769693090047832e-06
cycle=2176 time=1.5387582483613713e-01 dt=4.4222622980528356e-06
cycle=2177 time=1.5388024709843517e-01 dt=3.9940899757929967e-06
cycle=2178 time=1.5388424118841096e-01 dt=3.8278545351730608e-06
cycle=2179 time=1.5388806904294614e-01 dt=3.7071924721777601e-06
cycle=2180 time=1.5389177623541830e-01 dt=3.6226906521711261e-06
cycle=2181 time=1.5389539892607049e-01 dt=3.5671959261664489e-06
cycle=2182 time=1.5389896612199666e-01 dt=3.5347502249601295e-06
cycle=2183 time=1.5390250087222163e-01 dt=3.5202639684089625e-06
cycle=2184 time=1.5390602113619004e-01 dt=3.5192975636270641e-06
cycle=2185 time=1.5390954043375366e-01 dt=3.5279512523882694e-06
cycle=2186 time=1.5391306838500604e-01 dt=3.5425211340049426e-06
cycle=2187 time=1.5391661090614003e-01 dt=3.5598424685345431e-06
cycle=2188 time=1.5392017074860856e-01 dt=3.5771766742566020e-06
cycle=2189 time=1.5392374792528282e-01 dt=3.8670747839110622e-06
cycle=2190 time=1.5392761500006674e-01 dt=4.9238164543329102e-06
cycle=2191 time=1.5393253881652108e-01 dt=7.3089719775401649e-06
cycle=2192 time=1.5393984778849862e-01 dt=8.6613513224854981e-06
cycle=2193 time=1.5394850913982111e-01 dt=8.6585587425665821e-06
cycle=2194 time=1.5395716769856368e-01 dt=7.7568490857501197e-06
cycle=2195 time=1.5396492454764943e-01 dt=6.6727529629129898e-06
cycle=2196 time=1.5397159730061233e-01 dt=5.6594455867997663e-06
cycle=2197 time=1.5397725674619914e-01 dt=4.8694301431397749e-06
cycle=2198 time=1.5398212617634227e-01 dt=4.4816276149665349e-06
cycle=2199 time=1.5398660780395723e-01 dt=4.3079755525112525e-06
cycle=2200 time=1.5399091577950974e-01 dt=4.1926175473295370e-06
cycle=2201 time=1.5399510839705707e-01 dt=4.1105767700407646e-06
cycle=2202 time=1.5399921897382712e-01 dt=4.0553737489590380e-06
cycle=2203 time=1.5400327434757607e-01 dt=4.0215895181161969e-06
cycle=2204 time=1.5400729593709420e-01 dt=4.0046059036807075e-06
cycle=2205 time=1.5401130054299789e-01 dt=4.0004107897725041e-06
cycle=2206 time=1.5401530095378765e-01 dt=4.0054858606275116e-06
cycle=2207 time=1.5401930643964828e-01 dt=4.0167454883411923e-06
cycle=2208 time=1.5402332318513662e-01 dt=4.0315076769376136e-06
cycle=2209 time=1.5402735469281356e-01 dt=4.0474922104475605e-06
cycle=2210 time=1.5403140218502401e-01 dt=4.0628083330730752e-06
cycle=2211 time=1.5403546499335707e-01 dt=4.0759583013438317e-06
cycle=2212 time=1.5403954095165842e-01 dt=4.1858557422293517e-06
cycle=2213 time=1.5404372680740064e-01 dt=4.5287362977025209e-06
cycle=2214 time=1.5404825554369833e-01 dt=5.2476084916268873e-06
cycle=2215 time=1.5405350315218996e-01 dt=6.6003749855384179e-06
cycle=2216 time=1.5406010352717550e-01 dt=8.6696680615510672e-06
cycle=2217 time=1.5406877319523704e-01 dt=8.0257426333541242e-06
cycle=2218 time=1.5407679893787041e-01 dt=7.1765561802601025e-06
cycle=2219 time=1.5408397549405067e-01 dt=6.2832408305140443e-06
cycle=2220 time=1.5409025873488119e-01 dt=5.4715263030911165e-06
cycle=2221 time=1.5409573026118428e-01 dt=4.8585184789358973e-06
cycle=2222 time=1.5410058877966321e-01 dt=4.5506093647722092e-06
cycle=2223 time=1.5410513938902798e-01 dt=4.4133656140198493e-06
cycle=2224 time=1.5410955275464200e-01 dt=4.3554644948932270e-06
cycle=2225 time=1.5411390821913690e-01 dt=4.3367367179032425e-06
cycle=2226 time=1.5411824495585480e-01 dt=4.3390399558163395e-06
cycle=2227 time=1.5412258399581061e-01 dt=4.3521130391103173e-06
cycle=2228 time=1.5412693610884973e-01 dt=4.3686138324699917e-06
cycle=2229 time=1.5413130472268219e-01 dt=4.3844863018733167e-06
cycle=2230 time=1.5413568920898407e-01 dt=4.3003394391796190e-06
cycle=2231 time=1.5413998954842326e-01 dt=4.2138589347551628e-06
cycle=2232 time=1.5414420340735802e-01 dt=4.1295666478791415e-06
cycle=2233 time=1.5414833297400590e-01 dt=4.2662898240289876e-06
cycle=2234 time=1.5415259926382993e-01 dt=4.9431992721672461e-06
cycle=2235 time=1.5415754246310209e-01 dt=5.8960369728277086e-06
cycle=2236 time=1.5416343850007491e-01 dt=7.5664008218763382e-06
cycle=2237 time=1.5417100490089680e-01 dt=8.4959345964090381e-06
cycle=2238 time=1.5417950083549320e-01 dt=8.4034372295252300e-06
cycle=2239 time=1.5418790427272272e-01 dt=8.1608816453928034e-06
cycle=2240 time=1.5419606515436812e-01 dt=7.0991571967602687e-06
cycle=2241 time=1.5420316431156489e-01 dt=6.1233196657187904e-06
cycle=2242 time=1.5420928763123060e-01 dt=5.4296652009508214e-06
cycle=2243 time=1.5421471729643155e-01 dt=5.0382824163982235e-06
cycle=2244 time=1.5421975557884796e-01 dt=4.8048062767601651e-06
cycle=2245 time=1.5422456038512472e-01 dt=4.6879030480226442e-06
cycle=2246 time=1.5422924828817275e-01 dt=4.6078484865768287e-06
cycle=2247 time=1.5423385613665933e-01 dt=4.5501004886466384e-06
cycle=2248 time=1.5423840623714796e-01 dt=4.5092305080134857e-06
cycle=2249 time=1.5424291546765598e-01 dt=4.4807007268957039e-06
cycle=2250 time=1.5424739616838287e-01 dt=4.4606922493477981e-06
cycle=2251 time=1.5425185686063222e-01 dt=4.4460025156774699e-06
cycle=2252 time=1.5425630286314790e-01 dt=4.4337788544973527e-06
cycle=2253 time=1.5426073664200241e-01 dt=4.4147442781482225e-06
cycle=2254 time=1.5426515138628055e-01 dt=4.3921676307800425e-06
cycle=2255 time=1.5426954355391134e-01 dt=4.3681000205569507e-06
cycle=2256 time=1.5427391165393189e-01 dt=4.5467094925835084e-06
cycle=2257 time=1.5427845836342446e-01 dt=4.9435309695836415e-06
cycle=2258 time=1.5428340189439405e-01 dt=4.9159456287254555e-06
cycle=2259 time=1.5428831784002278e-01 dt=4.8279334083686271e-06
cycle=2260 time=1.5429314577343115e-01 dt=4.7052631902885335e-06
cycle=2261 time=1.5429785103662144e-01 dt=4.5714288342596556e-06
cycle=2262 time=1.5430242246545570e-01 dt=4.4444114164459274e-06
cycle=2263 time=1.5430686687687215e-01 dt=4.3353977359084081e-06
cycle=2264 time=1.5431120227460807e-01 dt=4.2490849639508448e-06
cycle=2265 time=1.5431545135957203e-01 dt=4.1847092082821554e-06
cycle=2266 time=1.5431963606878032e-01 dt=4.2131924808346768e-06
cycle=2267 time=1.5432384926126116e-01 dt=4.1605422636818750e-06
cycle=2268 time=1.5432800980352485e-01 dt=4.3006192614585390e-06
cycle=2269 time=1.5433231042278631e-01 dt=4.6964597632984873e-06
cycle=2270 time=1.5433700688254962e-01 dt=5.5080059097258452e-06
cycle=2271 time=1.5434251488845935e-01 dt=6.9963332013789633e-06
cycle=2272 time=1.5434951122166074e-01 dt=8.0080519861670871e-06
cycle=2273 time=1.5435751927364691e-01 dt=7.4597424572313942e-06
cycle=2274 time=1.5436497901610413e-01 dt=6.6188922166010478e-06
cycle=2275 time=1.5437159790832072e-01 dt=5.7903456076419081e-06
cycle=2276 time=1.5437738825392835e-01 dt=5.0849740588620052e-06
cycle=2277 time=1.5438247322798720e-01 dt=4.6288512567323083e-06
cycle=2278 time=1.5438710207924394e-01 dt=4.3264363948298605e-06
cycle=2279 time=1.5439142851563878e-01 dt=4.1196424542873224e-06
cycle=2280 time=1.5439554815809306e-01 dt=4.0152731452357502e-06
cycle=2281 time=1.5439956343123828e-01 dt=4.3749329351131585e-06
cycle=2282 time=1.5440393836417340e-01 dt=4.3963641830290754e-06
cycle=2283 time=1.5440833472835644e-01 dt=4.3952412083993467e-06
cycle=2284 time=1.5441272996956484e-01 dt=4.4086941515283295e-06
cycle=2285 time=1.5441713866371637e-01 dt=4.4394964090204258e-06
cycle=2286 time=1.5442157816012539e-01 dt=4.4805848801911653e-06
cycle=2287 time=1.5442605874500559e-01 dt=4.5240236846155271e-06
cycle=2288 time=1.5443058276869021e-01 dt=4.5636750800981079e-06
cycle=2289 time=1.5443514644377029e-01 dt=4.5957744607459643e-06
cycle=2290 time=1.5443974221823104e-01 dt=4.6186251642550039e-06
cycle=2291 time=1.5444436084339530e-01 dt=4.7824078425535449e-06
cycle=2292 time=1.5444914325123785e-01 dt=5.2255758091424043e-06
cycle=2293 time=1.5445436882704699e-01 dt=6.0875334692118047e-06
cycle=2294 time=1.5446045636051620e-01 dt=6.6111711334300417e-06
cycle=2295 time=1.5446706753164963e-01 dt=6.8415512671144606e-06
cycle=2296 time=1.5447390908291675e-01 dt=6.6388371966121148e-06
cycle=2297 time=1.5448054792011337e-01 dt=6.4141243730367523e-06
cycle=2298 time=1.5448696204448642e-01 dt=6.6275400711003097e-06
cycle=2299 time=1.5449358958455753e-01 dt=6.3739218234524750e-06
cycle=2300 time=1.5449996350638098e-01 dt=5.6779453354550838e-06
cycle=2301 time=1.5450564145171644e-01 dt=5.0664699503218710e-06
cycle=2302 time=1.5451070792166677e-01 dt=4.6272867404189437e-06
cycle=2303 time=1.5451533520840718e-01 dt=4.4997219065277142e-06
cycle=2304 time=1.5451983493031371e-01 dt=4.6625453417447400e-06
cycle=2305 time=1.5452449747565544e-01 dt=5.1358086399162047e-06
cycle=2306 time=1.5452963328429536e-01 dt=6.0719616593491406e-06
cycle=2307 time=1.5453570524595472e-01 dt=7.6751403606388613e-06
cycle=2308 time=1.5454338038631538e-01 dt=8.2156623002490624e-06
cycle=2309 time=1.5455159604861562e-01 dt=7.5783033123642471e-06
cycle=2310 time=1.5455917435192798e-01 dt=6.6967843054389089e-06
cycle=2311 time=1.5456587113623341e-01 dt=5.8764211269698747e-06
cycle=2312 time=1.5457174755736039e-01 dt=5.2534666351526709e-06
cycle=2313 time=1.5457700102399555e-01 dt=5.0764043232603651e-06
cycle=2314 time=1.5458207742831881e-01 dt=5.2862010121735377e-06
cycle=2315 time=1.5458736362933098e-01 dt=5.6018225082825899e-06
cycle=2316 time=1.5459296545183926e-01 dt=5.5064130532882997e-06
cycle=2317 time=1.5459847186489253e-01 dt=5.3363477146957843e-06
cycle=2318 time=1.5460380821260722e-01 dt=5.1830985337413064e-06
cycle=2319 time=1.5460899131114095e-01 dt=5.0557344262876125e-06
cycle=2320 time=1.5461404704556725e-01 dt=4.9549395201318483e-06
cycle=2321 time=1.5461900198508738e-01 dt=4.8760594779776370e-06
cycle=2322 time=1.5462387804456534e-01 dt=4.8127016494739988e-06
cycle=2323 time=1.5462869074621483e-01 dt=4.7594610525482070e-06
cycle=2324 time=1.5463345020726738e-01 dt=4.7121517383396869e-06
cycle=2325 time=1.5463816235900571e-01 dt=4.6676372502132154e-06
cycle=2326 time=1.5464282999625592e-01 dt=4.6238159318279484e-06
cycle=2327 time=1.5464745381218775e-01 dt=4.5794490257135685e-06
cycle=2328 time=1.5465203326121346e-01 dt=4.5340027704519520e-06
cycle=2329 time=1.5465656726398391e-01 dt=4.4874219239623374e-06
cycle=2330 time=1.5466105468590788e-01 dt=4.4399997213340139e-06
cycle=2331 time=1.5466549468562921e-01 dt=4.4859961983862046e-06
cycle=2332 time=1.5466998068182761e-01 dt=4.8662710051093325e-06
cycle=2333 time=1.5467484695283271e-01 dt=5.6346535171873707e-06
cycle=2334 time=1.5468048160634990e-01 dt=5.5878778049731035e-06
cycle=2335 time=1.5468606948415486e-01 dt=5.5104912376181607e-06
cycle=2336 time=1.5469157997539248e-01 dt=5.5418091304779416e-06
cycle=2337 time=1.5469712178452297e-01 dt=5.7856472456950002e-06
cycle=2338 time=1.5470290743176865e-01 dt=5.6916166798270852e-06
cycle=2339 time=1.5470859904844847e-01 dt=5.5549704813747368e-06
cycle=2340 time=1.5471415401892985e-01 dt=5.6520761263352798e-06
cycle=2341 time=1.5471980609505617e-01 dt=6.0842614920719859e-06
cycle=2342 time=1.5472589035654824e-01 dt=6.4256596724004623e-06
cycle=2343 time=1.5473231601622064e-01 dt=5.7310670311619599e-06
cycle=2344 time=1.5473804708325181e-01 dt=5.0480060968665798e-06
cycle=2345 time=1.5474309508934866e-01 dt=4.4916153032489502e-06
cycle=2346 time=1.5474758670465191e-01 dt=4.1937874205811926e-06
cycle=2347 time=1.5475178049207250e-01 dt=4.4527776029822107e-06
cycle=2348 time=1.5475623326967547e-01 dt=5.1799213970406700e-06
cycle=2349 time=1.5476141319107251e-01 dt=6.0546958785694462e-06
cycle=2350 time=1.5476746788695109e-01 dt=5.8621155500347148e-06
cycle=2351 time=1.5477333000250112e-01 dt=5.5825592071134182e-06
cycle=2352 time=1.5477891256170823e-01 dt=5.2859491669182535e-06
cycle=2353 time=1.5478419851087513e-01 dt=5.0230225086836478e-06
cycle=2354 time=1.5478922153338381e-01 dt=4.8220984143514919e-06
cycle=2355 time=1.5479404363179816e-01 dt=4.6904554199473771e-06
cycle=2356 time=1.5479873408721812e-01 dt=4.6179428332882082e-06
cycle=2357 time=1.5480335203005141e-01 dt=4.5896032538692217e-06
cycle=2358 time=1.5480794163330527e-01 dt=4.5911643906587858e-06
cycle=2359 time=1.5481253279769594e-01 dt=4.6089635262012663e-06
cycle=2360 time=1.5481714176122213e-01 dt=4.6318710341673172e-06
cycle=2361 time=1.5482177363225630e-01 dt=4.6528694234404695e-06
cycle=2362 time=1.5482642650167974e-01 dt=4.6676775236526237e-06
cycle=2363 time=1.5483109417920340e-01 dt=4.6822970131291532e-06
cycle=2364 time=1.5483577647621655e-01 dt=4.7905107734363593e-06
cycle=2365 time=1.5484056698698997e-01 dt=4.9877130877703691e-06
cycle=2366 time=1.5484555470007774e-01 dt=4.9305904121103983e-06
cycle=2367 time=1.5485048529048986e-01 dt=4.7145331790783350e-06
cycle=2368 time=1.5485519982366894e-01 dt=4.5587615246914915e-06
cycle=2369 time=1.5485975858519363e-01 dt=4.5474516633711001e-06
cycle=2370 time=1.5486430603685700e-01 dt=4.7477024908294695e-06
cycle=2371 time=1.5486905373934784e-01 dt=5.2309818022489551e-06
cycle=2372 time=1.5487428472115009e-01 dt=6.0887800095720419e-06
cycle=2373 time=1.5488037350115966e-01 dt=7.4744041733556274e-06
cycle=2374 time=1.5488784790533303e-01 dt=7.6619983001948920e-06
cycle=2375 time=1.5489550990363321e-01 dt=6.9673960874474836e-06
cycle=2376 time=1.5490247729972065e-01 dt=6.1477749390760717e-06
cycle=2377 time=1.5490862507465972e-01 dt=5.4594302763537175e-06
cycle=2378 time=1.5491408450493607e-01 dt=4.9943892303340902e-06
cycle=2379 time=1.5491907889416640e-01 dt=4.7214855715858282e-06
cycle=2380 time=1.5492380037973799e-01 dt=4.5919058710309682e-06
cycle=2381 time=1.5492839228560903e-01 dt=4.5372949632326810e-06
cycle=2382 time=1.5493292958057225e-01 dt=4.5192174088948313e-06
cycle=2383 time=1.5493744879798116e-01 dt=4.5210658556850584e-06
cycle=2384 time=1.5494196986383685e-01 dt=4.5334387117496004e-06
cycle=2385 time=1.5494650330254861e-01 dt=4.5641986472387448e-06
cycle=2386 time=1.5495106750119586e-01 dt=4.6131190753382344e-06
cycle=2387 time=1.5495568062027121e-01 dt=4.6680927861916642e-06
cycle=2388 time=1.5496034871305739e-01 dt=4.7201031716153030e-06
cycle=2389 time=1.5496506881622901e-01 dt=4.7636944104550723e-06
cycle=2390 time=1.5496983251063948e-01 dt=4.7964350243918124e-06
cycle=2391 time=1.5497462894566386e-01 dt=4.8181072825721890e-06
cycle=2392 time=1.5497944705294642e-01 dt=4.8655488586572834e-06
cycle=2393 time=1.5498431260180506e-01 dt=5.0941858282406854e-06
cycle=2394 time=1.5498940678763332e-01 dt=5.6335543424251499e-06
cycle=2395 time=1.5499504034197575e-01 dt=5.9627337802590471e-06
cycle=2396 time=1.5500100307575601e-01 dt=5.4740061803415927e-06
cycle=2397 time=1.5500647708193635e-01 dt=4.9113106291210472e-06
cycle=2398 time=1.5501138839256548e-01 dt=4.3806535676384384e-06
cycle=2399 time=1.5501576904613312e-01 dt=4.2914112322694244e-06
cycle=2400 time=1.5502006045736538e-01 dt=4.7511415245236413e-06
cycle=2401 time=1.5502481159888989e-01 dt=5.9585059245326098e-06
cycle=2402 time=1.5503077010481442e-01 dt=7.9921112364406018e-06
cycle=2403 time=1.5503876221605087e-01 dt=7.7074051071356617e-06
cycle=2404 time=1.5504646962115801e-01 dt=7.1977123811734618e-06
cycle=2405 time=1.5505366733353917e-01 dt=6.5938779181574815e-06
cycle=2406 time=1.5506026121145733e-01 dt=5.9973824782359026e-06
cycle=2407 time=1.5506625859393555e-01 dt=5.4849450566699088e-06
cycle=2408 time=1.5507174353899222e-01 dt=5.1049001843436386e-06
cycle=2409 time=1.5507684843917657e-01 dt=4.8729367924486310e-06
cycle=2410 time=1.5508172137596901e-01 dt=4.7757751197036906e-06
cycle=2411 time=1.5508649715108871e-01 dt=4.7830692228379624e-06
cycle=2412 time=1.5509128022031154e-01 dt=4.8613823211309084e-06
cycle=2413 time=1.5509614160263269e-01 dt=4.9799624604957010e-06
cycle=2414 time=1.5510112156509318e-01 dt=5.1135127909519230e-06
cycle=2415 time=1.5510623507788412e-01 dt=5.2427697832096485e-06
cycle=2416 time=1.5511147784766732e-01 dt=5.4672614378810116e-06
cycle=2417 time=1.5511694510910520e-01 dt=5.6228814920616735e-06
cycle=2418 time=1.5512256799059726e-01 dt=5.9800198996672576e-06
cycle=2419 time=1.5512854801049691e-01 dt=6.7558255947214163e-06
cycle=2420 time=1.5513530383609164e-01 dt=7.8557971413364651e-06
cycle=2421 time=1.5514315963323297e-01 dt=7.4606187250014970e-06
cycle=2422 time=1.5515062025195797e-01 dt=6.9240269650267218e-06
cycle=2423 time=1.5515754427892300e-01 dt=6.3736631219540488e-06
cycle=2424 time=1.5516391794204495e-01 dt=5.9004323753361396e-06
cycle=2425 time=1.5516981837442029e-01 dt=5.5548706138354353e-06
cycle=2426 time=1.5517537324503411e-01 dt=5.3491739090886306e-06
cycle=2427 time=1.5518072241894321e-01 dt=5.2666878582912723e-06
cycle=2428 time=1.5518598910680151e-01 dt=5.2770245347787001e-06
cycle=2429 time=1.5519126613133630e-01 dt=5.3478861729081755e-06
cycle=2430 time=1.5519661401750920e-01 dt=5.4479975585444787e-06
cycle=2431 time=1.5520206201506775e-01 dt=5.5564691721975548e-06
cycle=2432 time=1.5520761848423995e-01 dt=5.5723724145111000e-06
cycle=2433 time=1.5521319085665444e-01 dt=5.4420753108767710e-06
cycle=2434 time=1.5521863293196531e-01 dt=5.3049381126633818e-06
cycle=2435 time=1.5522393787007796e-01 dt=5.1793879087180143e-06
cycle=2436 time=1.5522911725798669e-01 dt=5.0739183315164719e-06
cycle=2437 time=1.5523419117631820e-01 dt=4.9896062782823065e-06
cycle=2438 time=1.5523918078259649e-01 dt=4.9231379537450869e-06
cycle=2439 time=1.5524410392055024e-01 dt=4.8696258203579239e-06
cycle=2440 time=1.5524897354637060e-01 dt=4.9866822705927370e-06
cycle=2441 time=1.5525396022864119e-01 dt=5.2832163371389981e-06
cycle=2442 time=1.5525924344497832e-01 dt=5.9050849767593965e-06
cycle=2443 time=1.5526514852995507e-01 dt=6.9658019806589419e-06
cycle=2444 time=1.5527211433193572e-01 dt=6.5115871194108051e-06
cycle=2445 time=1.5527862591905514e-01 dt=5.7865489913551913e-06
cycle=2446 time=1.5528441246804650e-01 dt=5.0817350961125997e-06
cycle=2447 time=1.5528949420314261e-01 dt=4.5171543383588767e-06
cycle=2448 time=1.5529401135748097e-01 dt=4.2140717903580277e-06
cycle=2449 time=1.5529822542927132e-01 dt=4.0784767538150615e-06
cycle=2450 time=1.5530230390602515e-01 dt=3.9930627624531027e-06
cycle=2451 time=1.5530629696878759e-01 dt=3.9301778106982836e-06
cycle=2452 time=1.5531022714659828e-01 dt=3.8846940430365392e-06
cycle=2453 time=1.5531411184064131e-01 dt=3.8521441982786268e-06
cycle=2454 time=1.5531796398483960e-01 dt=3.8287035546313278e-06
cycle=2455 time=1.5532179268839424e-01 dt=3.8111186020150397e-06
cycle=2456 time=1.5532560380699625e-01 dt=3.7966977175619488e-06
cycle=2457 time=1.5532940050471380e-01 dt=3.8286910340450568e-06
cycle=2458 time=1.5533322919574785e-01 dt=4.2960516135266639e-06
cycle=2459 time=1.5533752524736139e-01 dt=5.4407725631524856e-06
cycle=2460 time=1.5534296601992453e-01 dt=6.5937661191670873e-06
cycle=2461 time=1.5534955978604370e-01 dt=6.3084842461542774e-06
cycle=2462 time=1.5535586827028985e-01 dt=5.8213549123696035e-06
cycle=2463 time=1.5536168962520222e-01 dt=5.2649663156090305e-06
cycle=2464 time=1.5536695459151784e-01 dt=4.7520273644617983e-06
cycle=2465 time=1.5537170661888230e-01 dt=4.3652309480069780e-06
cycle=2466 time=1.5537607184983032e-01 dt=4.1657779961495490e-06
cycle=2467 time=1.5538023762782646e-01 dt=4.0691405012498281e-06
cycle=2468 time=1.5538430676832771e-01 dt=4.0085717086831731e-06
cycle=2469 time=1.5538831534003639e-01 dt=4.0098470701891196e-06
cycle=2470 time=1.5539232518710658e-01 dt=4.0767122973798311e-06
cycle=2471 time=1.5539640189940396e-01 dt=4.1811176769054027e-06
cycle=2472 time=1.5540058301708087e-01 dt=4.4124867421098408e-06
cycle=2473 time=1.5540499550382297e-01 dt=4.6201897940893733e-06
cycle=2474 time=1.5540961569361705e-01 dt=4.4045499367398966e-06
cycle=2475 time=1.5541402024355380e-01 dt=4.1406383294552974e-06
cycle=2476 time=1.5541816088188326e-01 dt=3.8786265592606768e-06
cycle=2477 time=1.5542203950844252e-01 dt=3.6564065603401442e-06
cycle=2478 time=1.5542569591500285e-01 dt=3.4976415677628776e-06
cycle=2479 time=1.5542919355657062e-01 dt=3.4131924501748874e-06
cycle=2480 time=1.5543260674902079e-01 dt=3.3591197674059426e-06
cycle=2481 time=1.5543596586878819e-01 dt=3.3179598164601631e-06
cycle=2482 time=1.5543928382860464e-01 dt=3.2824206613004553e-06
cycle=2483 time=1.5544256624926595e-01 dt=3.2489941115577509e-06
cycle=2484 time=1.5544581524337750e-01 dt=3.2161893464895091e-06
cycle=2485 time=1.5544903143272398e-01 dt=3.1870075181270110e-06
cycle=2486 time=1.5545221844024212e-01 dt=3.1610929186455997e-06
cycle=2487 time=1.5545537953316077e-01 dt=3.1362689948687563e-06
cycle=2488 time=1.5545851580215564e-01 dt=3.1106228237806186e-06
cycle=2489 time=1.5546162642497943e-01 dt=3.0829194760391927e-06
cycle=2490 time=1.5546470934445547e-01 dt=3.0526407512136763e-06
cycle=2491 time=1.5546776198520668e-01 dt=3.0198961468286988e-06
cycle=2492 time=1.5547078188135349e-01 dt=2.9852286722070573e-06
cycle=2493 time=1.5547376711002570e-01 dt=2.9494167955777414e-06
cycle=2494 time=1.5547671652682127e-01 dt=2.9132998969547960e-06
cycle=2495 time=1.5547962982671823e-01 dt=2.8776432017218755e-06
cycle=2496 time=1.5548250746991996e-01 dt=2.8430501389937138e-06
cycle=2497 time=1.5548535052005896e-01 dt=2.8099230587980304e-06
cycle=2498 time=1.5548816044311775e-01 dt=2.9613128647239489e-06
cycle=2499 time=1.5549112175598248e-01 dt=3.1582124142787971e-06
cycle=2500 time=1.5549427996839676e-01 dt=3.6482291340736898e-06
cycle=2501 time=1.5549792819753083e-01 dt=4.7973056963862802e-06
cycle=2502 time=1.5550272550322722e-01 dt=4.7017403059348230e-06
cycle=2503 time=1.5550742724353314e-01 dt=4.6086467625535456e-06
cycle=2504 time=1.5551203589029569e-01 dt=4.3600532099854881e-06
cycle=2505 time=1.5551639594350566e-01 dt=4.3685682894786715e-06
cycle=2506 time=1.5552076451179514e-01 dt=4.9558154520396689e-06
cycle=2507 time=1.5552572032724718e-01 dt=6.1402720529425428e-06
cycle=2508 time=1.5553186059930013e-01 dt=5.4102214947369353e-06
cycle=2509 time=1.5553727082079488e-01 dt=4.5567718606519453e-06
cycle=2510 time=1.5554182759265553e-01 dt=3.7418871288801579e-06
cycle=2511 time=1.5554556947978440e-01 dt=3.1508547295384857e-06
cycle=2512 time=1.5554872033451395e-01 dt=2.9378842349227273e-06
cycle=2513 time=1.5555165821874886e-01 dt=2.8091452649300949e-06
cycle=2514 time=1.5555446736401379e-01 dt=2.7154692554654472e-06
cycle=2515 time=1.5555718283326925e-01 dt=2.6503987823943401e-06
cycle=2516 time=1.5555983323205164e-01 dt=2.6087023121374286e-06
cycle=2517 time=1.5556244193436378e-01 dt=2.5860186907122621e-06
cycle=2518 time=1.5556502795305449e-01 dt=2.5785700978954710e-06
cycle=2519 time=1.5556760652315238e-01 dt=2.5828145256071089e-06
cycle=2520 time=1.5557018933767799e-01 dt=2.5957560111061074e-06
cycle=2521 time=1.5557278509368910e-01 dt=2.6146709588616363e-06
cycle=2522 time=1.5557539976464796e-01 dt=2.6813554678072594e-06
cycle=2523 time=1.5557808112011576e-01 dt=2.8728330752461737e-06
cycle=2524 time=1.5558095395319099e-01 dt=3.3294052353529632e-06
cycle=2525 time=1.5558428335842633e-01 dt=4.2750547411331968e-06
cycle=2526 time=1.5558855841316746e-01 dt=5.4883108705674692e-06
cycle=2527 time=1.5559404672403804e-01 dt=5.3094038487624219e-06
cycle=2528 time=1.5559935612788681e-01 dt=4.8765418573827296e-06
cycle=2529 time=1.5560423266974419e-01 dt=4.2904082603125293e-06
cycle=2530 time=1.5560852307800449e-01 dt=3.6642623984081441e-06
cycle=2531 time=1.5561218734040289e-01 dt=3.1240190605457410e-06
cycle=2532 time=1.5561531135946344e-01 dt=2.8873944424830989e-06
cycle=2533 time=1.5561819875390592e-01 dt=2.8973900189521883e-06
cycle=2534 time=1.5562109614392489e-01 dt=3.1725494064531956e-06
cycle=2535 time=1.5562426869333135e-01 dt=3.7049602092070560e-06
cycle=2536 time=1.5562797365354056e-01 dt=4.7621240039662982e-06
cycle=2537 time=1.5563273577754452e-01 dt=4.7674080788771223e-06
cycle=2538 time=1.5563750318562339e-01 dt=4.5915448188401192e-06
cycle=2539 time=1.5564209473044222e-01 dt=4.3108182647219343e-06
cycle=2540 time=1.5564640554870693e-01 dt=3.9773480678086818e-06
cycle=2541 time=1.5565038289677474e-01 dt=3.7082401883950566e-06
cycle=2542 time=1.5565409113696313e-01 dt=3.5927368535208000e-06
cycle=2543 time=1.5565768387381665e-01 dt=3.9486044797017478e-06
cycle=2544 time=1.5566163247829634e-01 dt=4.6625332665119950e-06
cycle=2545 time=1.5566629501156284e-01 dt=4.2830991681141123e-06
cycle=2546 time=1.5567057811073096e-01 dt=3.9168574001370815e-06
cycle=2547 time=1.5567449496813110e-01 dt=3.6110792721379349e-06
cycle=2548 time=1.5567810604740323e-01 dt=3.3506919187147371e-06
cycle=2549 time=1.5568145673932193e-01 dt=3.1289237966371210e-06
cycle=2550 time=1.5568458566311857e-01 dt=2.9553176816765472e-06
cycle=2551 time=1.5568754098080026e-01 dt=2.8430639585884044e-06
cycle=2552 time=1.5569038404475885e-01 dt=2.7760544142926482e-06
cycle=2553 time=1.5569316009917314e-01 dt=2.7322673799035059e-06
cycle=2554 time=1.5569589236655304e-01 dt=2.7002670063522884e-06
cycle=2555 time=1.5569859263355940e-01 dt=2.6741472162973570e-06
cycle=2556 time=1.5570126678077570e-01 dt=2.6509493458870426e-06
cycle=2557 time=1.5570391773012160e-01 dt=2.6293764641973722e-06
cycle=2558 time=1.5570654710658580e-01 dt=2.6084192557437504e-06
cycle=2559 time=1.5570915552584155e-01 dt=2.5876348158886331e-06
cycle=2560 time=1.5571174316065745e-01 dt=2.5681527254022913e-06
cycle=2561 time=1.5571431131338284e-01 dt=2.5495209792480708e-06
cycle=2562 time=1.5571686083436209e-01 dt=2.5322454867135699e-06
cycle=2563 time=1.5571939307984881e-01 dt=2.5158267810014075e-06
cycle=2564 time=1.5572190890662982e-01 dt=2.4993646545464824e-06
cycle=2565 time=1.5572440827128436e-01 dt=2.4821277502933203e-06
cycle=2566 time=1.5572689039903465e-01 dt=2.4637228014152569e-06
cycle=2567 time=1.5572935412183606e-01 dt=2.4440420233662273e-06
cycle=2568 time=1.5573179816385943e-01 dt=2.4231774121475533e-06
cycle=2569 time=1.5573422134127157e-01 dt=2.4013384957624692e-06
cycle=2570 time=1.5573662267976734e-01 dt=2.3787867178117646e-06
cycle=2571 time=1.5573900146648514e-01 dt=2.3557963612844453e-06
cycle=2572 time=1.5574135726284644e-01 dt=2.3326362677561826e-06
cycle=2573 time=1.5574368989911419e-01 dt=2.3095464027023335e-06
cycle=2574 time=1.5574599944551690e-01 dt=2.2867315185160737e-06
cycle=2575 time=1.5574828617703540e-01 dt=2.2643855867082600e-06
cycle=2576 time=1.5575055056262210e-01 dt=2.2426064412553117e-06
cycle=2577 time=1.5575279316906335e-01 dt=2.2214549452881688e-06
cycle=2578 time=1.5575501462400865e-01 dt=2.2009601422054921e-06
cycle=2579 time=1.5575721558415084e-01 dt=2.1809926393132781e-06
cycle=2580 time=1.5575939657679017e-01 dt=2.1614955101596716e-06
cycle=2581 time=1.5576155807230033e-01 dt=2.1425180169688502e-06
cycle=2582 time=1.5576370059031730e-01 dt=2.1240804342177532e-06
cycle=2583 time=1.5576582467075151e-01 dt=2.1061826156818729e-06
cycle=2584 time=1.5576793085336718e-01 dt=2.0888096191737079e-06
cycle=2585 time=1.5577001966298634e-01 dt=2.0719383467139200e-06
cycle=2586 time=1.5577209160133307e-01 dt=2.0555389391278168e-06
cycle=2587 time=1.5577414714027218e-01 dt=2.0395780949268703e-06
cycle=2588 time=1.5577618671836710e-01 dt=2.0240217313982264e-06
cycle=2589 time=1.5577821074009851e-01 dt=2.0088370647243495e-06
cycle=2590 time=1.5578021957716323e-01 dt=1.9939938736312077e-06
cycle=2591 time=1.5578221357103686e-01 dt=1.9794653025025332e-06
cycle=2592 time=1.5578419303633936e-01 dt=1.9652283037303229e-06
cycle=2593 time=1.5578615826464309e-01 dt=1.9512636465628436e-06
cycle=2594 time=1.5578810952828964e-01 dt=1.9375557219800388e-06
cycle=2595 time=1.5579004708401162e-01 dt=1.9240917517186776e-06
cycle=2596 time=1.5579197117576335e-01 dt=1.9108619439480881e-06
cycle=2597 time=1.5579388203770730e-01 dt=1.8978587663618429e-06
cycle=2598 time=1.5579577989647367e-01 dt=1.8850763848866515e-06
cycle=2599 time=1.5579766497285855e-01 dt=1.8725103488137944e-06
cycle=2600 time=1.5579953748320735e-01 dt=1.8601570985302054e-06
cycle=2601 time=1.5580139764030587e-01 dt=1.8480137223251861e-06
cycle=2602 time=1.5580324565402820e-01 dt=1.8360776594118014e-06
cycle=2603 time=1.5580508173168761e-01 dt=1.8243464833148305e-06
cycle=2604 time=1.5580690607817094e-01 dt=1.8128177230242517e-06
cycle=2605 time=1.5580871889589396e-01 dt=1.8014887474447353e-06
cycle=2606 time=1.5581052038464141e-01 dt=1.7903566917623144e-06
cycle=2607 time=1.5581231074133317e-01 dt=1.7794175872202773e-06
cycle=2608 time=1.5581409015892039e-01 dt=1.7686679486201224e-06
cycle=2609 time=1.5581585882686902e-01 dt=1.7589320084090338e-06
cycle=2610 time=1.5581761775887742e-01 dt=1.7504444649080879e-06
cycle=2611 time=1.5581936820334233e-01 dt=1.7429212651843995e-06
cycle=2612 time=1.5582111112460750e-01 dt=1.7360956213938539e-06
cycle=2613 time=1.5582284722022890e-01 dt=1.7297279862094207e-06
cycle=2614 time=1.5582457694821511e-01 dt=1.7236122257997567e-06
cycle=2615 time=1.5582630056044092e-01 dt=1.7172068111605781e-06
cycle=2616 time=1.5582801776725208e-01 dt=1.7104577790006874e-06
cycle=2617 time=1.5582972822503108e-01 dt=1.7033693205681670e-06
cycle=2618 time=1.5583143159435164e-01 dt=1.6959721315512117e-06
cycle=2619 time=1.5583312756648318e-01 dt=1.6883076693491728e-06
cycle=2620 time=1.5583481587415254e-01 dt=1.6804197552802529e-06
cycle=2621 time=1.5583649629390783e-01 dt=1.6720638807178895e-06
cycle=2622 time=1.5583816835778855e-01 dt=1.6632933409243654e-06
cycle=2623 time=1.5583983165112947e-01 dt=1.6542637754302521e-06
cycle=2624 time=1.5584148591490490e-01 dt=1.6451082479230487e-06
cycle=2625 time=1.5584313102315284e-01 dt=1.6359379016145595e-06
cycle=2626 time=1.5584476696105445e-01 dt=1.6268430621958867e-06
cycle=2627 time=1.5584639380411666e-01 dt=1.6178945198557850e-06
cycle=2628 time=1.5584801169863652e-01 dt=1.6091452965184894e-06
cycle=2629 time=1.5584962084393303e-01 dt=1.6006328441022823e-06
cycle=2630 time=1.5585122147677713e-01 dt=1.5923799877431140e-06
cycle=2631 time=1.5585281385676486e-01 dt=1.5843971407403206e-06
cycle=2632 time=1.5585439825390560e-01 dt=1.5766843312033602e-06
cycle=2633 time=1.5585597493823680e-01 dt=1.5692332898267231e-06
cycle=2634 time=1.5585754417152664e-01 dt=1.5620291492753052e-06
cycle=2635 time=1.5585910620067592e-01 dt=1.5550523946276093e-06
cycle=2636 time=1.5586066125307055e-01 dt=1.5482805094675018e-06
cycle=2637 time=1.5586220953358002e-01 dt=1.5416894457260592e-06
cycle=2638 time=1.5586375122302573e-01 dt=1.5352548498496771e-06
cycle=2639 time=1.5586528647787559e-01 dt=1.5289530535921548e-06
cycle=2640 time=1.5586681543092917e-01 dt=1.5227618844909160e-06
cycle=2641 time=1.5586833819281368e-01 dt=1.5166612621502441e-06
cycle=2642 time=1.5586985485407584e-01 dt=1.5106335938187545e-06
cycle=2643 time=1.5587136548766967e-01 dt=1.5046639544909683e-06
cycle=2644 time=1.5587287015162415e-01 dt=1.5104726273572225e-06
cycle=2645 time=1.5587438062425152e-01 dt=1.6328850860293539e-06
cycle=2646 time=1.5587601350933755e-01 dt=2.1143884604178372e-06
cycle=2647 time=1.5587812789779798e-01 dt=3.8549987657499562e-06
cycle=2648 time=1.5588198289656374e-01 dt=7.7099975314999124e-06
cycle=2649 time=1.5588969289409524e-01 dt=1.1494152762937783e-05
cycle=2650 time=1.5590118704685818e-01 dt=1.0411332313472490e-05
cycle=2651 time=1.5591159837917165e-01 dt=9.1493347502096244e-06
cycle=2652 time=1.5592074771392186e-01 dt=7.1691965286820843e-06
cycle=2653 time=1.5592791691045055e-01 dt=5.7455199497505937e-06
cycle=2654 time=1.5593366243040030e-01 dt=5.1036898172178964e-06
cycle=2655 time=1.5593876612021751e-01 dt=4.2147828826432142e-06
cycle=2656 time=1.5594298090310016e-01 dt=3.8222713408372315e-06
cycle=2657 time=1.5594680317444098e-01 dt=3.5356867246560046e-06
cycle=2658 time=1.5595033886116563e-01 dt=3.2104816199179600e-06
cycle=2659 time=1.5595354934278555e-01 dt=3.0024426018843508e-06
cycle=2660 time=1.5595655178538742e-01 dt=2.8618615939264634e-06
cycle=2661 time=1.5595941364698135e-01 dt=2.7657318165493308e-06
cycle=2662 time=1.5596217937879789e-01 dt=2.7053029872460890e-06
cycle=2663 time=1.5596488468178513e-01 dt=2.6723108323124312e-06
cycle=2664 time=1.5596755699261744e-01 dt=2.6610511534863248e-06
cycle=2665 time=1.5597021804377093e-01 dt=2.6633426002441466e-06
cycle=2666 time=1.5597288138637116e-01 dt=2.6711961856659745e-06
cycle=2667 time=1.5597555258255683e-01 dt=2.6851963483927573e-06
cycle=2668 time=1.5597823777890521e-01 dt=2.7058624713414806e-06
cycle=2669 time=1.5598094364137655e-01 dt=2.7335576635462912e-06
cycle=2670 time=1.5598367719904010e-01 dt=2.7684819639324267e-06
cycle=2671 time=1.5598644568100403e-01 dt=2.8106499547792868e-06
cycle=2672 time=1.5598925633095881e-01 dt=2.8598328848243744e-06
cycle=2673 time=1.5599211616384362e-01 dt=2.9155453401587217e-06
cycle=2674 time=1.5599503170918377e-01 dt=2.9773548537212470e-06
cycle=2675 time=1.5599800906403749e-01 dt=3.0442437850308531e-06
cycle=2676 time=1.5600105330782252e-01 dt=3.1189373811147737e-06
cycle=2677 time=1.5600417224520363e-01 dt=3.2014616530574186e-06
cycle=2678 time=1.5600737370685669e-01 dt=3.2901539014877536e-06
cycle=2679 time=1.5601066386075818e-01 dt=3.3829033398944323e-06
cycle=2680 time=1.5601404676409808e-01 dt=3.4829371744085931e-06
cycle=2681 time=1.5601752970127250e-01 dt=3.5974324120653811e-06
cycle=2682 time=1.5602112713368457e-01 dt=3.7159541108572683e-06
cycle=2683 time=1.5602484308779543e-01 dt=3.8217561192079112e-06
cycle=2684 time=1.5602866484391464e-01 dt=3.9000194013607457e-06
cycle=2685 time=1.5603256486331601e-01 dt=3.9503166520361259e-06
cycle=2686 time=1.5603651517996805e-01 dt=3.9741174441805755e-06
cycle=2687 time=1.5604048929741224e-01 dt=3.9737353261585876e-06
cycle=2688 time=1.5604446303273839e-01 dt=3.9526279413498827e-06
cycle=2689 time=1.5604841566067973e-01 dt=3.9146955765157855e-06
cycle=2690 time=1.5605233035625624e-01 dt=3.8645644139654556e-06
cycle=2691 time=1.5605619492067019e-01 dt=3.8079781752233464e-06
cycle=2692 time=1.5606000289884542e-01 dt=3.7495191897924606e-06
cycle=2693 time=1.5606375241803522e-01 dt=3.6929879994824334e-06
cycle=2694 time=1.5606744540603470e-01 dt=3.6415839185929861e-06
cycle=2695 time=1.5607108698995331e-01 dt=3.5973094054810431e-06
cycle=2696 time=1.5607468429935878e-01 dt=3.5614190039533008e-06
cycle=2697 time=1.5607824571836273e-01 dt=3.5350845521798786e-06
cycle=2698 time=1.5608178080291490e-01 dt=3.5159027449761236e-06
cycle=2699 time=1.5608529670565988e-01 dt=3.5020697829152642e-06
cycle=2700 time=1.5608879877544279e-01 dt=3.4922972054126532e-06
cycle=2701 time=1.5609229107264821e-01 dt=3.4856534151470640e-06
cycle=2702 time=1.5609577672606337e-01 dt=3.4814522002989606e-06
cycle=2703 time=1.5609925817826367e-01 dt=3.4791682374764793e-06
cycle=2704 time=1.5610273734650115e-01 dt=3.4783681817444654e-06
cycle=2705 time=1.5610621571468289e-01 dt=3.4786747559759783e-06
cycle=2706 time=1.5610969438943886e-01 dt=3.4797529437086203e-06
cycle=2707 time=1.5611317414238257e-01 dt=3.4813194857907873e-06
cycle=2708 time=1.5611665546186837e-01 dt=3.4834975275251179e-06
cycle=2709 time=1.5612013895939589e-01 dt=3.4864465666311636e-06
cycle=2710 time=1.5612362540596253e-01 dt=3.4899970881105065e-06
cycle=2711 time=1.5612711540305063e-01 dt=3.4938125012395031e-06
cycle=2712 time=1.5613060921555186e-01 dt=3.4975419229888222e-06
cycle=2713 time=1.5613410675747486e-01 dt=3.5008681187648356e-06
cycle=2714 time=1.5613760762559362e-01 dt=3.5035339859334789e-06
cycle=2715 time=1.5614111115957954e-01 dt=3.5053535966969380e-06
cycle=2716 time=1.5614461651317624e-01 dt=3.5062135328813602e-06
cycle=2717 time=1.5614812272670911e-01 dt=3.5060696062234082e-06
cycle=2718 time=1.5615162879631533e-01 dt=3.5049364233033841e-06
cycle=2719 time=1.5615513373273865e-01 dt=3.5028753889447433e-06
cycle=2720 time=1.5615863660812759e-01 dt=3.4057014962750500e-06
cycle=2721 time=1.5616204230962386e-01 dt=3.2511093327000482e-06
cycle=2722 time=1.5616529341895655e-01 dt=3.1052619291669121e-06
cycle=2723 time=1.5616839868088572e-01 dt=2.9825866152184692e-06
cycle=2724 time=1.5617138126750094e-01 dt=2.8919819653222102e-06
cycle=2725 time=1.5617427324946626e-01 dt=2.8353580760226255e-06
cycle=2726 time=1.5617710860754228e-01 dt=2.8018653865975689e-06
cycle=2727 time=1.5617991047292887e-01 dt=2.7828184332148106e-06
cycle=2728 time=1.5618269329136208e-01 dt=2.7721702166125152e-06
cycle=2729 time=1.5618546546157869e-01 dt=2.7689819252315323e-06
cycle=2730 time=1.5618823444350391e-01 dt=2.7710684458208349e-06
cycle=2731 time=1.5619100551194973e-01 dt=2.7750920712175681e-06
cycle=2732 time=1.5619378060402095e-01 dt=2.7782548203271404e-06
cycle=2733 time=1.5619655885884129e-01 dt=2.7785509998724577e-06
cycle=2734 time=1.5619933740984115e-01 dt=2.7747883871499596e-06
cycle=2735 time=1.5620211219822830e-01 dt=2.7665147244468905e-06
cycle=2736 time=1.5620487871295274e-01 dt=2.7538927383621114e-06
cycle=2737 time=1.5620763260569109e-01 dt=2.7375580118675647e-06
cycle=2738 time=1.5621037016370296e-01 dt=2.7184390721731691e-06
cycle=2739 time=1.5621308860277514e-01 dt=2.6975966141046247e-06
cycle=2740 time=1.5621578619938925e-01 dt=2.6760860817744955e-06
cycle=2741 time=1.5621846228547104e-01 dt=2.6548471121710615e-06
cycle=2742 time=1.5622111713258321e-01 dt=2.6346298692743849e-06
cycle=2743 time=1.5622375176245248e-01 dt=2.6159624963239274e-06
cycle=2744 time=1.5622636772494880e-01 dt=2.5991445553856416e-06
cycle=2745 time=1.5622896686950419e-01 dt=2.5842677934752328e-06
cycle=2746 time=1.5623155113729767e-01 dt=2.5712532295691048e-06
cycle=2747 time=1.5623412239052725e-01 dt=2.5598970858244660e-06
cycle=2748 time=1.5623668228761309e-01 dt=2.5499165935485270e-06
cycle=2749 time=1.5623923220420663e-01 dt=2.5409933757093063e-06
cycle=2750 time=1.5624177319758234e-01 dt=2.5328847000180887e-06
cycle=2751 time=1.5624430608228235e-01 dt=2.5253407052578923e-06
cycle=2752 time=1.5624683142298759e-01 dt=2.5180164864008729e-06
cycle=2753 time=1.5624934943947399e-01 dt=2.5107111921506769e-06
cycle=2754 time=1.5625186015066614e-01 dt=2.5032914910087096e-06
cycle=2755 time=1.5625436344215715e-01 dt=2.4956897026659235e-06
cycle=2756 time=1.5625685913185983e-01 dt=2.4878965326552897e-06
cycle=2757 time=1.5625934702839248e-01 dt=2.4799505790966104e-06
cycle=2758 time=1.5626182697897156e-01 dt=2.5354926107657730e-06
cycle=2759 time=1.5626436247158232e-01 dt=2.8340688651422657e-06
cycle=2760 time=1.5626719654044746e-01 dt=3.6242473575064343e-06
cycle=2761 time=1.5627082078780496e-01 dt=5.4398363550968369e-06
cycle=2762 time=1.5627626062416006e-01 dt=6.0242372120623007e-06
cycle=2763 time=1.5628228486137211e-01 dt=6.0095006486558073e-06
cycle=2764 time=1.5628829436202077e-01 dt=5.9051659307112380e-06
cycle=2765 time=1.5629419952795148e-01 dt=5.7115918718619148e-06
cycle=2766 time=1.5629991111982333e-01 dt=5.4409303769602888e-06
cycle=2767 time=1.5630535205020030e-01 dt=5.1117803947012092e-06
cycle=2768 time=1.5631046383059499e-01 dt=4.7465547908979499e-06
cycle=2769 time=1.5631521038538590e-01 dt=4.3738802163368802e-06
cycle=2770 time=1.5631958426560225e-01 dt=4.0208344557153962e-06
cycle=2771 time=1.5632360510005797e-01 dt=3.7043227070403744e-06
cycle=2772 time=1.5632730942276502e-01 dt=3.4708683046449858e-06
cycle=2773 time=1.5633078029106967e-01 dt=3.3148897125476963e-06
cycle=2774 time=1.5633409518078223e-01 dt=3.2138380374437244e-06
cycle=2775 time=1.5633730901881968e-01 dt=3.1504021903151149e-06
cycle=2776 time=1.5634045942100999e-01 dt=3.1005060048030791e-06
cycle=2777 time=1.5634355992701479e-01 dt=3.0634851996107215e-06
cycle=2778 time=1.5634662341221439e-01 dt=3.0431760946118431e-06
cycle=2779 time=1.5634966658830901e-01 dt=3.0366513773457061e-06
cycle=2780 time=1.5635270323968636e-01 dt=3.0253582617484065e-06
cycle=2781 time=1.5635572859794811e-01 dt=2.9946400629486112e-06
cycle=2782 time=1.5635872323801106e-01 dt=2.9756096622541074e-06
cycle=2783 time=1.5636169884767331e-01 dt=2.9664789097374531e-06
cycle=2784 time=1.5636466532658305e-01 dt=2.9658131648966610e-06
cycle=2785 time=1.5636763113974794e-01 dt=2.9717775963843333e-06
cycle=2786 time=1.5637060291734434e-01 dt=2.9833528881508615e-06
cycle=2787 time=1.5637358627023248e-01 dt=2.9996643600336464e-06
cycle=2788 time=1.5637658593459253e-01 dt=3.0199139808373361e-06
cycle=2789 time=1.5637960584857336e-01 dt=3.0435810401397217e-06
cycle=2790 time=1.5638264942961350e-01 dt=3.0692621633995811e-06
cycle=2791 time=1.5638571869177689e-01 dt=3.0932898705965805e-06
cycle=2792 time=1.5638881198164750e-01 dt=3.1155824085744493e-06
cycle=2793 time=1.5639192756405607e-01 dt=3.1398520223840274e-06
cycle=2794 time=1.5639506741607845e-01 dt=3.1662307279034001e-06
cycle=2795 time=1.5639823364680636e-01 dt=3.1949254432951526e-06
cycle=2796 time=1.5640142857224965e-01 dt=3.2270609665289776e-06
cycle=2797 time=1.5640465563321618e-01 dt=3.2659351904447866e-06
cycle=2798 time=1.5640792156840663e-01 dt=3.3122928595781843e-06
cycle=2799 time=1.5641123386126621e-01 dt=3.3606651741006135e-06
cycle=2800 time=1.5641459452644030e-01 dt=3.4021602261964872e-06
cycle=2801 time=1.5641799668666651e-01 dt=3.4334352618561554e-06
cycle=2802 time=1.5642143012192836e-01 dt=3.4545711683868776e-06
cycle=2803 time=1.5642488469309673e-01 dt=3.4662313115710753e-06
cycle=2804 time=1.5642835092440829e-01 dt=3.4693586614433523e-06
cycle=2805 time=1.5643182028306973e-01 dt=3.4650850029989988e-06
cycle=2806 time=1.5643528536807275e-01 dt=3.4546660903823237e-06
cycle=2807 time=1.5643874003416314e-01 dt=3.4394183715853678e-06
cycle=2808 time=1.5644217945253472e-01 dt=3.4206557694200005e-06
cycle=2809 time=1.5644560010830413e-01 dt=3.3996321794034566e-06
cycle=2810 time=1.5644899974048354e-01 dt=3.3774919066472483e-06
cycle=2811 time=1.5645237723239019e-01 dt=3.3552349430744617e-06
cycle=2812 time=1.5645573246733327e-01 dt=3.3336919898865932e-06
cycle=2813 time=1.5645906615932315e-01 dt=3.3135130745101069e-06
cycle=2814 time=1.5646237967239765e-01 dt=3.2951707610287029e-06
cycle=2815 time=1.5646567484315868e-01 dt=3.2789705854855021e-06
cycle=2816 time=1.5646895381374418e-01 dt=3.2650297252170965e-06
cycle=2817 time=1.5647221884346940e-01 dt=3.2533236781260829e-06
cycle=2818 time=1.5647547216714752e-01 dt=3.2437044002751928e-06
cycle=2819 time=1.5647871587154780e-01 dt=3.2359049699385552e-06
cycle=2820 time=1.5648195177651775e-01 dt=3.2295989808600142e-06
cycle=2821 time=1.5648518137549861e-01 dt=3.2245073357921082e-06
cycle=2822 time=1.5648840588283439e-01 dt=3.2204428231372762e-06
cycle=2823 time=1.5649162632565752e-01 dt=3.2173086628394642e-06
cycle=2824 time=1.5649484363432037e-01 dt=3.2150512156091235e-06
cycle=2825 time=1.5649805868553598e-01 dt=3.2136110869499146e-06
cycle=2826 time=1.5650127229662295e-01 dt=3.2129003731116933e-06
cycle=2827 time=1.5650448519699606e-01 dt=3.2127984202899455e-06
cycle=2828 time=1.5650769799541633e-01 dt=3.2131626524631378e-06
cycle=2829 time=1.5651091115806881e-01 dt=3.2138074911493033e-06
cycle=2830 time=1.5651412496555997e-01 dt=3.2145518253331031e-06
cycle=2831 time=1.5651733951738531e-01 dt=3.2152334184560261e-06
cycle=2832 time=1.5652055475080376e-01 dt=3.2157155614735575e-06
cycle=2833 time=1.5652377046636523e-01 dt=3.2158912876810177e-06
cycle=2834 time=1.5652698635765291e-01 dt=3.2156858593646714e-06
cycle=2835 time=1.5653020204351228e-01 dt=3.2150549683957521e-06
cycle=2836 time=1.5653341709848068e-01 dt=3.2139823624897085e-06
cycle=2837 time=1.5653663108084317e-01 dt=3.1957423229672356e-06
cycle=2838 time=1.5653982682316614e-01 dt=3.1571922799240347e-06
cycle=2839 time=1.5654298401544606e-01 dt=3.1178430172463656e-06
cycle=2840 time=1.5654610185846329e-01 dt=3.0795255327523289e-06
cycle=2841 time=1.5654918138399604e-01 dt=3.0439642589677272e-06
cycle=2842 time=1.5655222534825500e-01 dt=3.0122842067268280e-06
cycle=2843 time=1.5655523763246174e-01 dt=2.9851180887962885e-06
cycle=2844 time=1.5655822275055054e-01 dt=2.9629217787853931e-06
cycle=2845 time=1.5656118567232932e-01 dt=2.9460134915705065e-06
cycle=2846 time=1.5656413168582090e-01 dt=2.9321571209441050e-06
cycle=2847 time=1.5656706384294183e-01 dt=2.9210405558278552e-06
cycle=2848 time=1.5656998488349766e-01 dt=2.9122880744403642e-06
cycle=2849 time=1.5657289717157211e-01 dt=2.9055576603271973e-06
cycle=2850 time=1.5657580272923244e-01 dt=2.9005471113340570e-06
cycle=2851 time=1.5657870327634377e-01 dt=2.8964095642054460e-06
cycle=2852 time=1.5658159968590799e-01 dt=2.8925593561366408e-06
cycle=2853 time=1.5658449224526413e-01 dt=2.8891367025338298e-06
cycle=2854 time=1.5658738138196668e-01 dt=2.8862089353587057e-06
cycle=2855 time=1.5659026759090203e-01 dt=2.8836329746976161e-06
cycle=2856 time=1.5659315122387674e-01 dt=2.8813035180449725e-06
cycle=2857 time=1.5659603252739479e-01 dt=2.8791681763160115e-06
cycle=2858 time=1.5659891169557111e-01 dt=2.8770591250271553e-06
cycle=2859 time=1.5660178875469613e-01 dt=2.8748138563728121e-06
cycle=2860 time=1.5660466356855252e-01 dt=2.7388946255379058e-06
cycle=2861 time=1.5660740246317806e-01 dt=2.4527110857415224e-06
cycle=2862 time=1.5660985517426379e-01 dt=2.1629208357798729e-06
cycle=2863 time=1.5661201809509956e-01 dt=1.8771860991649741e-06
cycle=2864 time=1.5661389528119873e-01 dt=1.6044181451998118e-06
cycle=2865 time=1.5661549969934394e-01 dt=1.3914941408467325e-06
cycle=2866 time=1.5661689119348479e-01 dt=1.2491813350064465e-06
cycle=2867 time=1.5661814037481980e-01 dt=1.1534927673992570e-06
cycle=2868 time=1.5661929386758719e-01 dt=1.0826611319821120e-06
cycle=2869 time=1.5662037652871919e-01 dt=1.0189004502369918e-06
cycle=2870 time=1.5662139542916942e-01 dt=9.6152654338873991e-07
cycle=2871 time=1.5662235695571280e-01 dt=9.0988328381593688e-07
cycle=2872 time=1.5662326683899663e-01 dt=8.6339395052175486e-07
cycle=2873 time=1.5662413023294716e-01 dt=8.2155075657383950e-07
cycle=2874 time=1.5662495178370373e-01 dt=7.8390633634687929e-07
cycle=2875 time=1.5662573569004007e-01 dt=7.5006625527267411e-07
cycle=2876 time=1.5662648575629534e-01 dt=7.1968257053061156e-07
cycle=2877 time=1.5662720543886588e-01 dt=6.9244827535851350e-07
cycle=2878 time=1.5662789788714124e-01 dt=6.6809258817954538e-07
cycle=2879 time=1.5662856597972941e-01 dt=6.4637762521670513e-07
cycle=2880 time=1.5662921235735464e-01 dt=6.2709268658026886e-07
cycle=2881 time=1.5662983945004122e-01 dt=6.1005223750684954e-07
cycle=2882 time=1.5663044950227872e-01 dt=5.9509315010722797e-07
cycle=2883 time=1.5663104459542884e-01 dt=5.8207229025833242e-07
cycle=2884 time=1.5663162666771910e-01 dt=5.7086440241369422e-07
cycle=2885 time=1.5663219753212151e-01 dt=5.6136025171185470e-07
cycle=2886 time=1.5663275889237321e-01 dt=5.5346498798897589e-07
cycle=2887 time=1.5663331235736119e-01 dt=5.4709670063306736e-07
cycle=2888 time=1.5663385945406183e-01 dt=5.4218513681011390e-07
cycle=2889 time=1.5663440163919864e-01 dt=5.3867055856545575e-07
cycle=2890 time=1.5663494030975722e-01 dt=5.3650271525420917e-07
cycle=2891 time=1.5663547681247247e-01 dt=5.3563991682345299e-07
cycle=2892 time=1.5663601245238928e-01 dt=5.3604818208176960e-07
cycle=2893 time=1.5663654850057138e-01 dt=5.3770044936933198e-07
cycle=2894 time=1.5663708620102074e-01 dt=5.4057583277509736e-07
cycle=2895 time=1.5663762677685350e-01 dt=5.4465890887074666e-07
cycle=2896 time=1.5663817143576236e-01 dt=5.4993901955933270e-07
cycle=2897 time=1.5663872137478194e-01 dt=5.5640957873523285e-07
cycle=2898 time=1.5663927778436068e-01 dt=5.6406748404656767e-07
cycle=2899 time=1.5663984185184474e-01 dt=5.7291304926403622e-07
cycle=2900 time=1.5664041476489399e-01 dt=5.8294871946967350e-07
cycle=2901 time=1.5664099771361345e-01 dt=5.9417769483775110e-07
cycle=2902 time=1.5664159189130830e-01 dt=6.0660322249024349e-07
cycle=2903 time=1.5664219849453079e-01 dt=6.2022786991121357e-07
cycle=2904 time=1.5664281872240071e-01 dt=6.3505258700071111e-07
cycle=2905 time=1.5664345377498770e-01 dt=6.5107562382162745e-07
cycle=2906 time=1.5664410485061153e-01 dt=6.6829142283084036e-07
cycle=2907 time=1.5664477314203437e-01 dt=6.8668945694761811e-07
cycle=2908 time=1.5664545983149131e-01 dt=7.0625302996018182e-07
cycle=2909 time=1.5664616608452125e-01 dt=7.2695805866255604e-07
cycle=2910 time=1.5664689304257992e-01 dt=7.4877186529445845e-07
cycle=2911 time=1.5664764181444521e-01 dt=7.7165201640403965e-07
cycle=2912 time=1.5664841346646161e-01 dt=7.9554525175559095e-07
cycle=2913 time=1.5664920901171336e-01 dt=8.2038655401386990e-07
cycle=2914 time=1.5665002939826739e-01 dt=8.4609841554267602e-07
cycle=2915 time=1.5665087549668294e-01 dt=8.7260967342237389e-07
cycle=2916 time=1.5665174810635638e-01 dt=8.9981736024478821e-07
cycle=2917 time=1.5665264792371661e-01 dt=9.2759442274317486e-07
cycle=2918 time=1.5665357551813935e-01 dt=9.5580246727725016e-07
cycle=2919 time=1.5665453132060664e-01 dt=9.8435635903872172e-07
cycle=2920 time=1.5665551567696567e-01 dt=1.0131250492527991e-06
cycle=2921 time=1.5665652880201492e-01 dt=1.0418971896321875e-06
cycle=2922 time=1.5665757069920455e-01 dt=1.0716180948853945e-06
cycle=2923 time=1.5665864231729942e-01 dt=1.1067577534944890e-06
cycle=2924 time=1.5665974907505292e-01 dt=1.1482983804883314e-06
cycle=2925 time=1.5666089737343342e-01 dt=1.1966383546386503e-06
cycle=2926 time=1.5666209401178804e-01 dt=1.2435936354471440e-06
cycle=2927 time=1.5666333760542350e-01 dt=1.2882069641571740e-06
cycle=2928 time=1.5666462581238766e-01 dt=1.3300872657641449e-06
cycle=2929 time=1.5666595589965343e-01 dt=1.3689087238529610e-06
cycle=2930 time=1.5666732480837728e-01 dt=1.4043391271526593e-06
cycle=2931 time=1.5666872914750443e-01 dt=1.4359502729679748e-06
cycle=2932 time=1.5667016509777740e-01 dt=1.4633109157841881e-06
cycle=2933 time=1.5667162840869317e-01 dt=1.4860015089096283e-06
cycle=2934 time=1.5667311441020207e-01 dt=1.5036329817544478e-06
cycle=2935 time=1.5667461804318383e-01 dt=1.5158667959268983e-06
cycle=2936 time=1.5667613390997975e-01 dt=1.5224342907176733e-06
cycle=2937 time=1.5667765634427047e-01 dt=1.5231550207362311e-06
cycle=2938 time=1.5667917949929122e-01 dt=1.5179536980613242e-06
cycle=2939 time=1.5668069745298929e-01 dt=1.5068752754797547e-06
cycle=2940 time=1.5668220432826477e-01 dt=1.4900976010757324e-06
cycle=2941 time=1.5668369442586585e-01 dt=1.4679409202119244e-06
cycle=2942 time=1.5668516236678606e-01 dt=1.4408706774137818e-06
cycle=2943 time=1.5668660323746347e-01 dt=1.4094820924920593e-06
cycle=2944 time=1.5668801271955596e-01 dt=1.3745246802098921e-06
cycle=2945 time=1.5668938724423617e-01 dt=1.3369435493605730e-06
cycle=2946 time=1.5669072418778554e-01 dt=1.2977605013283583e-06
cycle=2947 time=1.5669202194828688e-01 dt=1.2580398670539653e-06
cycle=2948 time=1.5669327998815394e-01 dt=1.2188180541344543e-06
cycle=2949 time=1.5669449880620806e-01 dt=1.1811078057783835e-06
cycle=2950 time=1.5669567991401384e-01 dt=1.1484223657660079e-06
cycle=2951 time=1.5669682833637960e-01 dt=1.1246521126669924e-06
cycle=2952 time=1.5669795298849226e-01 dt=1.1072133440365155e-06
cycle=2953 time=1.5669906020183630e-01 dt=1.0932409493815570e-06
cycle=2954 time=1.5670015344278568e-01 dt=1.0801228239350136e-06
cycle=2955 time=1.5670123356560961e-01 dt=1.0678785216518044e-06
cycle=2956 time=1.5670230144413128e-01 dt=1.0564976771591335e-06
cycle=2957 time=1.5670335794180842e-01 dt=1.0459593142435648e-06
cycle=2958 time=1.5670440390112267e-01 dt=1.0362512359437696e-06
cycle=2959 time=1.5670544015235860e-01 dt=1.0273544288541313e-06
cycle=2960 time=1.5670646750678746e-01 dt=1.0192492841817567e-06
cycle=2961 time=1.5670748675607166e-01 dt=1.0119157349700390e-06
cycle=2962 time=1.5670849867180664e-01 dt=1.0053333613431296e-06
cycle=2963 time=1.5670950400516798e-01 dt=9.9948146961871091e-07
cycle=2964 time=1.5671050348663759e-01 dt=9.9433914962021953e-07
cycle=2965 time=1.5671149782578722e-01 dt=9.8988531390768095e-07
cycle=2966 time=1.5671248771110113e-01 dt=9.8610014707965897e-07
cycle=2967 time=1.5671347381124823e-01 dt=9.8296468286282582e-07
cycle=2968 time=1.5671445677593110e-01 dt=9.8045716394156194e-07
cycle=2969 time=1.5671543723309503e-01 dt=9.7855569240979056e-07
cycle=2970 time=1.5671641578878745e-01 dt=9.7723821619470881e-07
cycle=2971 time=1.5671739302700363e-01 dt=9.7648251536076667e-07
cycle=2972 time=1.5671836950951901e-01 dt=9.7626618277437130e-07
cycle=2973 time=1.5671934577570179e-01 dt=9.7656660404018883e-07
cycle=2974 time=1.5672032234230582e-01 dt=9.7736092986205592e-07
cycle=2975 time=1.5672129970323567e-01 dt=9.7862607709387463e-07
cycle=2976 time=1.5672227832931276e-01 dt=9.8033870505671062e-07
cycle=2977 time=1.5672325866801781e-01 dt=9.8247520517449966e-07
cycle=2978 time=1.5672424114322298e-01 dt=9.8501169492081350e-07
cycle=2979 time=1.5672522615491791e-01 dt=9.8792401751698262e-07
cycle=2980 time=1.5672621407893542e-01 dt=9.9118774781241794e-07
cycle=2981 time=1.5672720526668324e-01 dt=9.9477820474579505e-07
cycle=2982 time=1.5672820004488799e-01 dt=9.9867047123357314e-07
cycle=2983 time=1.5672919871535923e-01 dt=1.0028394208269291e-06
cycle=2984 time=1.5673020155478007e-01 dt=1.0072760032220272e-06
cycle=2985 time=1.5673120883078329e-01 dt=1.0119588452357683e-06
cycle=2986 time=1.5673222078962853e-01 dt=1.0168607640817536e-06
cycle=2987 time=1.5673323765039263e-01 dt=1.0219543516136858e-06
cycle=2988 time=1.5673425960474424e-01 dt=1.0272120716968139e-06
cycle=2989 time=1.5673528681681595e-01 dt=1.0326068426234202e-06
cycle=2990 time=1.5673631942365857e-01 dt=1.0381129277868223e-06
cycle=2991 time=1.5673735753658635e-01 dt=1.0437023054079565e-06
cycle=2992 time=1.5673840123889177e-01 dt=1.0493474147533495e-06
cycle=2993 time=1.5673945058630653e-01 dt=1.0550212743527663e-06
cycle=2994 time=1.5674050560758088e-01 dt=1.0606993929642966e-06
cycle=2995 time=1.5674156630697383e-01 dt=1.0663582032398005e-06
cycle=2996 time=1.5674263266517707e-01 dt=1.0719709421953871e-06
cycle=2997 time=1.5674370463611928e-01 dt=1.0775128495300827e-06
cycle=2998 time=1.5674478214896881e-01 dt=1.0829609116751446e-06
cycle=2999 time=1.5674586510988048e-01 dt=1.0884536060785084e-06
cycle=3000 time=1.5674695356348656e-01 dt=1.0945734979588123e-06
cycle=3001 time=1.5674804813698451e-01 dt=1.1016111696865561e-06
cycle=3002 time=1.5674914974815418e-01 dt=1.1095706002056202e-06
cycle=3003 time=1.5675025931875439e-01 dt=1.1175185457061220e-06
cycle=3004 time=1.5675137683730009e-01 dt=1.1250401893075134e-06
cycle=3005 time=1.5675250187748940e-01 dt=1.1319629514313921e-06
cycle=3006 time=1.5675363384044083e-01 dt=1.1381879986104630e-06
cycle=3007 time=1.5675477202843943e-01 dt=1.1436484666523810e-06
cycle=3008 time=1.5675591567690608e-01 dt=1.1482966307122536e-06
cycle=3009 time=1.5675706397353678e-01 dt=1.1520994096240905e-06
cycle=3010 time=1.5675821607294640e-01 dt=1.1550367246466393e-06
cycle=3011 time=1.5675937110967106e-01 dt=1.1571009295168976e-06
cycle=3012 time=1.5676052821060057e-01 dt=1.1582862675702048e-06
cycle=3013 time=1.5676168649686814e-01 dt=1.1586121630662890e-06
cycle=3014 time=1.5676284510903121e-01 dt=1.1581118940185804e-06
cycle=3015 time=1.5676400322092524e-01 dt=1.1568301230672544e-06
cycle=3016 time=1.5676516005104829e-01 dt=1.1548220116937141e-06
cycle=3017 time=1.5676631487305998e-01 dt=1.1521521025271209e-06
cycle=3018 time=1.5676746702516250e-01 dt=1.1488929799440118e-06
cycle=3019 time=1.5676861591814245e-01 dt=1.1451117753838291e-06
cycle=3020 time=1.5676976102991783e-01 dt=1.1408908541794397e-06
cycle=3021 time=1.5677090192077200e-01 dt=1.1363170464001172e-06
cycle=3022 time=1.5677203823781841e-01 dt=1.1314792139198589e-06
cycle=3023 time=1.5677316971703231e-01 dt=1.1264664034002336e-06
cycle=3024 time=1.5677429618343572e-01 dt=1.1213661382924459e-06
cycle=3025 time=1.5677541754957400e-01 dt=1.1162630440782519e-06
cycle=3026 time=1.5677653381261808e-01 dt=1.1112381743864904e-06
cycle=3027 time=1.5677764505079247e-01 dt=1.1063690264479752e-06
cycle=3028 time=1.5677875141981892e-01 dt=1.1017316759013940e-06
cycle=3029 time=1.5677985315149481e-01 dt=1.0974066540812392e-06
cycle=3030 time=1.5678095055814889e-01 dt=1.0934934926505760e-06
cycle=3031 time=1.5678204405164153e-01 dt=1.0901441218407848e-06
cycle=3032 time=1.5678313419576337e-01 dt=1.0874127053718657e-06
cycle=3033 time=1.5678422160846875e-01 dt=1.0851460399714892e-06
cycle=3034 time=1.5678530675450872e-01 dt=1.0832318378801247e-06
cycle=3035 time=1.5678638998634659e-01 dt=1.0815872619651972e-06
cycle=3036 time=1.5678747157360856e-01 dt=1.0801510411337961e-06
cycle=3037 time=1.5678855172464970e-01 dt=1.0788776959108999e-06
cycle=3038 time=1.5678963060234560e-01 dt=1.0777333335969490e-06
cycle=3039 time=1.5679070833567921e-01 dt=1.0766928332183748e-06
cycle=3040 time=1.5679178502851243e-01 dt=1.0757482781623130e-06
cycle=3041 time=1.5679286077679058e-01 dt=1.0748971388280868e-06
cycle=3042 time=1.5679393567392941e-01 dt=1.0741366419239298e-06
cycle=3043 time=1.5679500981057135e-01 dt=1.0734637909723482e-06
cycle=3044 time=1.5679608327436231e-01 dt=1.0728753864693748e-06
cycle=3045 time=1.5679715614974879e-01 dt=1.0723680455146078e-06
cycle=3046 time=1.5679822851779429e-01 dt=1.0719382213546369e-06
cycle=3047 time=1.5679930045601564e-01 dt=1.0715822226914609e-06
cycle=3048 time=1.5680037203823832e-01 dt=1.0712962326978358e-06
cycle=3049 time=1.5680144333447102e-01 dt=1.0710763277237814e-06
cycle=3050 time=1.5680251441079873e-01 dt=1.0709184956745642e-06
cycle=3051 time=1.5680358532929442e-01 dt=1.0708186538038453e-06
cycle=3052 time=1.5680465614794822e-01 dt=1.0707726662209157e-06
cycle=3053 time=1.5680572692061445e-01 dt=1.0707760877420571e-06
cycle=3054 time=1.5680679769670219e-01 dt=1.0708147505938515e-06
cycle=3055 time=1.5680786851145279e-01 dt=1.0708676864389334e-06
cycle=3056 time=1.5680893937913923e-01 dt=1.0709152815946364e-06
cycle=3057 time=1.5681001029442082e-01 dt=1.0709410727680599e-06
cycle=3058 time=1.5681108123549359e-01 dt=1.0709380109251908e-06
cycle=3059 time=1.5681215217350453e-01 dt=1.0709238345235357e-06
cycle=3060 time=1.5681322309733906e-01 dt=1.0709135838102307e-06
cycle=3061 time=1.5681429401092287e-01 dt=1.0709166390889347e-06
cycle=3062 time=1.5681536492756196e-01 dt=1.0709385256349724e-06
cycle=3063 time=1.5681643586608759e-01 dt=1.0709819130806110e-06
cycle=3064 time=1.5681750684800067e-01 dt=1.0710472014510319e-06
cycle=3065 time=1.5681857789520212e-01 dt=1.0711329663814856e-06
cycle=3066 time=1.5681964902816850e-01 dt=1.0712362868051575e-06
cycle=3067 time=1.5682072026445532e-01 dt=1.0713530200891689e-06
cycle=3068 time=1.5682179161747539e-01 dt=1.0714780499912296e-06
cycle=3069 time=1.5682286309552537e-01 dt=1.0716054979816269e-06
cycle=3070 time=1.5682393470102335e-01 dt=1.0717289724370905e-06
cycle=3071 time=1.5682500642999578e-01 dt=1.0718417643286733e-06
cycle=3072 time=1.5682607827176009e-01 dt=1.0719370402166951e-06
cycle=3073 time=1.5682715020880031e-01 dt=1.0720080197650631e-06
cycle=3074 time=1.5682822221682008e-01 dt=1.0720481360697908e-06
cycle=3075 time=1.5682929426495615e-01 dt=1.0720511775046346e-06
cycle=3076 time=1.5683036631613365e-01 dt=1.0720114102707024e-06
cycle=3077 time=1.5683143832754393e-01 dt=1.0719236813012455e-06
cycle=3078 time=1.5683251025122522e-01 dt=1.0717830401669046e-06
cycle=3079 time=1.5683358203426540e-01 dt=1.0715835546783386e-06
cycle=3080 time=1.5683465361782006e-01 dt=1.0713222178346724e-06
cycle=3081 time=1.5683572494003789e-01 dt=1.0709968512887930e-06
cycle=3082 time=1.5683679593688918e-01 dt=1.0706058015427710e-06
cycle=3083 time=1.5683786654269072e-01 dt=1.0701451002586026e-06
cycle=3084 time=1.5683893668779098e-01 dt=1.0696151255364618e-06
cycle=3085 time=1.5684000630291650e-01 dt=1.0690174537744286e-06
cycle=3086 time=1.5684107532037028e-01 dt=1.0683543859417751e-06
cycle=3087 time=1.5684214367475621e-01 dt=1.0676288836276277e-06
cycle=3088 time=1.5684321130363985e-01 dt=1.0668444971067421e-06
cycle=3089 time=1.5684427814813695e-01 dt=1.0660052865372782e-06
cycle=3090 time=1.5684534415342349e-01 dt=1.0651157379430200e-06
cycle=3091 time=1.5684640926916144e-01 dt=1.0641806757447493e-06
cycle=3092 time=1.5684747344983718e-01 dt=1.0632051735046617e-06
cycle=3093 time=1.5684853665501070e-01 dt=1.0621944645076010e-06
cycle=3094 time=1.5684959884947519e-01 dt=1.0611555189417161e-06
cycle=3095 time=1.5685066000499415e-01 dt=1.0600980182683824e-06
cycle=3096 time=1.5685172010301240e-01 dt=1.0590271599036951e-06
cycle=3097 time=1.5685277913017232e-01 dt=1.0579479424325599e-06
cycle=3098 time=1.5685383707811476e-01 dt=1.0568651082411963e-06
cycle=3099 time=1.5685489394322299e-01 dt=1.0557830942823419e-06
cycle=3100 time=1.5685594972631728e-01 dt=1.0547059915112293e-06
cycle=3101 time=1.5685700443230879e-01 dt=1.0536375131840143e-06
cycle=3102 time=1.5685805806982198e-01 dt=1.0525809720788964e-06
cycle=3103 time=1.5685911065079405e-01 dt=1.0515392664836119e-06
cycle=3104 time=1.5686016219006055e-01 dt=1.0505148745750357e-06
cycle=3105 time=1.5686121270493511e-01 dt=1.0495098566132538e-06
cycle=3106 time=1.5686226221479171e-01 dt=1.0485258641797381e-06
cycle=3107 time=1.5686331074065590e-01 dt=1.0475641526735662e-06
cycle=3108 time=1.5686435830480858e-01 dt=1.0466255916458286e-06
cycle=3109 time=1.5686540493040022e-01 dt=1.0457107104737532e-06
cycle=3110 time=1.5686645064111068e-01 dt=1.0448197193494157e-06
cycle=3111 time=1.5686749546083004e-01 dt=1.0439525377884494e-06
cycle=3112 time=1.5686853941336781e-01 dt=1.0431088236244758e-06
cycle=3113 time=1.5686958252219144e-01 dt=1.0422880016912563e-06
cycle=3114 time=1.5687062481019312e-01 dt=1.0414892913864451e-06
cycle=3115 time=1.5687166629948451e-01 dt=1.0407117326514548e-06
cycle=3116 time=1.5687270701121717e-01 dt=1.0399542101152855e-06
cycle=3117 time=1.5687374696542727e-01 dt=1.0392154752402087e-06
cycle=3118 time=1.5687478618090250e-01 dt=1.0384941666632180e-06
cycle=3119 time=1.5687582467506916e-01 dt=1.0377888288356282e-06
cycle=3120 time=1.5687686246389801e-01 dt=1.0370979290253040e-06
cycle=3121 time=1.5687789956182704e-01 dt=1.0364198733165999e-06
cycle=3122 time=1.5687893598170036e-01 dt=1.0357530296609507e-06
cycle=3123 time=1.5687997173473001e-01 dt=1.0350957360580957e-06
cycle=3124 time=1.5688100683046607e-01 dt=1.0344463079508323e-06
cycle=3125 time=1.5688204127677402e-01 dt=1.0338030571275544e-06
cycle=3126 time=1.5688307507983115e-01 dt=1.0331643059987424e-06
cycle=3127 time=1.5688410824413715e-01 dt=1.0325283927038276e-06
cycle=3128 time=1.5688514077252985e-01 dt=1.0318936930747612e-06
cycle=3129 time=1.5688617266622293e-01 dt=1.0312586346322098e-06
cycle=3130 time=1.5688720392485755e-01 dt=1.0306217077963916e-06
cycle=3131 time=1.5688823454656536e-01 dt=1.0299814783517728e-06
cycle=3132 time=1.5688926452804372e-01 dt=1.0293365977483014e-06
cycle=3133 time=1.5689029386464146e-01 dt=1.0286858138001703e-06
cycle=3134 time=1.5689132255045526e-01 dt=1.0280149290945392e-06
cycle=3135 time=1.5689235056538436e-01 dt=1.0273137213915007e-06
cycle=3136 time=1.5689337787910576e-01 dt=1.0266491964511655e-06
cycle=3137 time=1.5689440452830222e-01 dt=1.0260221320120491e-06
cycle=3138 time=1.5689543055043423e-01 dt=1.0254148806350078e-06
cycle=3139 time=1.5689645596531487e-01 dt=1.0248145452289423e-06
cycle=3140 time=1.5689748077986010e-01 dt=1.0242187332120595e-06
cycle=3141 time=1.5689850499859331e-01 dt=1.0236251160681346e-06
cycle=3142 time=1.5689952862370937e-01 dt=1.0230314500011392e-06
cycle=3143 time=1.5690055165515937e-01 dt=1.0224355953339218e-06
cycle=3144 time=1.5690157409075470e-01 dt=1.0218355345779552e-06
cycle=3145 time=1.5690259592628927e-01 dt=1.0212293889524982e-06
cycle=3146 time=1.5690361715567822e-01 dt=1.0206154334274649e-06
cycle=3147 time=1.5690463777111163e-01 dt=1.0199921108664609e-06
cycle=3148 time=1.5690565776322249e-01 dt=1.0193580420147007e-06
cycle=3149 time=1.5690667712126449e-01 dt=1.0187120352391041e-06
cycle=3150 time=1.5690769583329972e-01 dt=1.0180531051122904e-06
cycle=3151 time=1.5690871388640484e-01 dt=1.0173804849227197e-06
cycle=3152 time=1.5690973126688976e-01 dt=1.0166935977340012e-06
cycle=3153 time=1.5691074796048748e-01 dt=1.0159905117145789e-06
cycle=3154 time=1.5691176395099921e-01 dt=1.0152637399709769e-06
cycle=3155 time=1.5691277921473917e-01 dt=1.0145151350318647e-06
cycle=3156 time=1.5691379372987421e-01 dt=1.0137465903114999e-06
cycle=3157 time=1.5691480747646452e-01 dt=1.0129600210555381e-06
cycle=3158 time=1.5691582043648558e-01 dt=1.0121573454493897e-06
cycle=3159 time=1.5691683259383102e-01 dt=1.0113404659174270e-06
cycle=3160 time=1.5691784393429695e-01 dt=1.0105112551407775e-06
cycle=3161 time=1.5691885444555209e-01 dt=1.0096715320450752e-06
cycle=3162 time=1.5691986411708414e-01 dt=1.0088230492196531e-06
cycle=3163 time=1.5692087294013335e-01 dt=1.0079674793875161e-06
cycle=3164 time=1.5692188090761275e-01 dt=1.0071064031264109e-06
cycle=3165 time=1.5692288801401588e-01 dt=1.0062412983270673e-06
cycle=3166 time=1.5692389425531422e-01 dt=1.0053735314319126e-06
cycle=3167 time=1.5692489962884565e-01 dt=1.0044999927574605e-06
cycle=3168 time=1.5692590412883842e-01 dt=1.0036195770446615e-06
cycle=3169 time=1.5692690774841547e-01 dt=1.0027331136053337e-06
cycle=3170 time=1.5692791048152907e-01 dt=1.0018414006893119e-06
cycle=3171 time=1.5692891232292977e-01 dt=1.0009451866060932e-06
cycle=3172 time=1.5692991326811637e-01 dt=1.0000451950030376e-06
cycle=3173 time=1.5693091331331138e-01 dt=9.9914211151810345e-07
cycle=3174 time=1.5693191245542290e-01 dt=9.9823657217758377e-07
cycle=3175 time=1.5693291069199508e-01 dt=9.9732915858674911e-07
cycle=3176 time=1.5693390802115367e-01 dt=9.9642039409321722e-07
cycle=3177 time=1.5693490444154776e-01 dt=9.9551074127662014e-07
cycle=3178 time=1.5693589995228904e-01 dt=9.9460060029660429e-07
cycle=3179 time=1.5693689455288934e-01 dt=9.9369030805362428e-07
cycle=3180 time=1.5693788824319740e-01 dt=9.9278013821505912e-07
cycle=3181 time=1.5693888102333561e-01 dt=9.9187029049775488e-07
cycle=3182 time=1.5693987289362610e-01 dt=9.9096080121060852e-07
cycle=3183 time=1.5694086385442732e-01 dt=9.9005170691195908e-07
cycle=3184 time=1.5694185390613424e-01 dt=9.8914299393260845e-07
cycle=3185 time=1.5694284304912817e-01 dt=9.8823460196326087e-07
cycle=3186 time=1.5694383128373013e-01 dt=9.8732642801472863e-07
cycle=3187 time=1.5694481861015813e-01 dt=9.8641833068373875e-07
cycle=3188 time=1.5694580502848882e-01 dt=9.8551013455908859e-07
cycle=3189 time=1.5694679053862337e-01 dt=9.8460163511757047e-07
cycle=3190 time=1.5694777514025848e-01 dt=9.8369260400187031e-07
cycle=3191 time=1.5694875883286249e-01 dt=9.8278279400519442e-07
cycle=3192 time=1.5694974161565650e-01 dt=9.8187194317727261e-07
cycle=3193 time=1.5695072348759967e-01 dt=9.8095977877601729e-07
cycle=3194 time=1.5695170444737844e-01 dt=9.8004602180206324e-07
cycle=3195 time=1.5695268449340025e-01 dt=9.7913039127510581e-07
cycle=3196 time=1.5695366362379151e-01 dt=9.7821260832863121e-07
cycle=3197 time=1.5695464183639984e-01 dt=9.7729240007158943e-07
cycle=3198 time=1.5695561912879991e-01 dt=9.7636950318996249e-07
cycle=3199 time=1.5695659549830310e-01 dt=9.7544366726511508e-07
cycle=3200 time=1.5695757094197035e-01 dt=9.7451465768104759e-07
cycle=3201 time=1.5695854545662805e-01 dt=9.7358225835101860e-07
cycle=3202 time=1.5695951903888639e-01 dt=9.7264627437272303e-07
cycle=3203 time=1.5696049168516077e-01 dt=9.7170653373265008e-07
cycle=3204 time=1.5696146339169451e-01 dt=9.7076289064743762e-07
cycle=3205 time=1.5696243415458516e-01 dt=9.6981522550078396e-07
cycle=3206 time=1.5696340396981065e-01 dt=9.6886344499885546e-07
cycle=3207 time=1.5696437283325565e-01 dt=9.6790748209754698e-07
cycle=3208 time=1.5696534074073776e-01 dt=9.6694729613196545e-07
cycle=3209 time=1.5696630768803388e-01 dt=9.6598287272132951e-07
cycle=3210 time=1.5696727367090660e-01 dt=9.6501422345999914e-07
cycle=3211 time=1.5696823868513005e-01 dt=9.6404138538571921e-07
cycle=3212 time=1.5696920272651543e-01 dt=9.6306442025552066e-07
cycle=3213 time=1.5697016579093570e-01 dt=9.6208341363943718e-07
cycle=3214 time=1.5697112787434933e-01 dt=9.6109847384846175e-07
cycle=3215 time=1.5697208897282319e-01 dt=9.6010973071433069e-07
cycle=3216 time=1.5697304908255391e-01 dt=9.5911733516845595e-07
cycle=3217 time=1.5697400819988908e-01 dt=9.5812145643380845e-07
cycle=3218 time=1.5697496632134550e-01 dt=9.5712228044061833e-07
cycle=3219 time=1.5697592344362593e-01 dt=9.5612000863796403e-07
cycle=3220 time=1.5697687956363457e-01 dt=9.5511485631880824e-07
cycle=3221 time=1.5697783467849089e-01 dt=9.5410705082308124e-07
cycle=3222 time=1.5697878878554170e-01 dt=9.5309682979927804e-07
cycle=3223 time=1.5697974188237149e-01 dt=9.5208443957196868e-07
cycle=3224 time=1.5698069396681105e-01 dt=9.5107013349416120e-07

Terminating on Terminate signal
time=1.5698069396681105e-01 cycle=3224
tlim=2.5000000000000000e+00 nlim=-1

zone-cycles = 3380609024
cpu time used  = 1.5803604860000000e+03
zone-cycles/cpu_second = 2.1391379080582759e+06
