No data_format specified in output block 'output1', using default
No data_format specified in output block 'output1', using default
No data_format specified in output block 'output1', using default
No data_format specified in output block 'output1', using default
No data_format specified in output block 'output1', using default
No data_format specified in output block 'output1', using default
No data_format specified in output block 'output1', using default
No data_format specified in output block 'output1', using default

Setup complete, entering main loop...

cycle=0 time=0.0000000000000000e+00 dt=2.9703308984229790e-03
cycle=1 time=2.9703308984229790e-03 dt=2.9702198421078878e-03
cycle=2 time=5.9405507405308668e-03 dt=2.9695535442337048e-03
cycle=3 time=8.9101042847645716e-03 dt=2.9681774445460148e-03
cycle=4 time=1.1878281729310587e-02 dt=2.9660236657853278e-03
cycle=5 time=1.4844305395095915e-02 dt=2.9631223771339850e-03
cycle=6 time=1.7807427772229899e-02 dt=2.9595322656623276e-03
cycle=7 time=2.0766960037892225e-02 dt=2.9552370141149907e-03
cycle=8 time=2.3722197052007215e-02 dt=2.9502177528730289e-03
cycle=9 time=2.6672414804880244e-02 dt=2.9443349708762915e-03
cycle=10 time=2.9616749775756537e-02 dt=2.9376008047307437e-03
cycle=11 time=3.2554350580487279e-02 dt=2.9300165077623284e-03
cycle=12 time=3.5484367088249605e-02 dt=2.9215418083758903e-03
cycle=13 time=3.8405908896625499e-02 dt=2.9121354224461997e-03
cycle=14 time=4.1318044319071698e-02 dt=2.9016109149189377e-03
cycle=15 time=4.4219655233990636e-02 dt=2.8894262941092982e-03
cycle=16 time=4.7109081528099936e-02 dt=2.7651646899863498e-03
cycle=17 time=4.9874246218086282e-02 dt=2.6391502418462720e-03
cycle=18 time=5.2513396459932554e-02 dt=2.5160949404804322e-03
cycle=19 time=5.5029491400412987e-02 dt=2.3300355561743200e-03
cycle=20 time=5.7359526956587310e-02 dt=2.1637450480763700e-03
cycle=21 time=5.9523272004663681e-02 dt=2.0143421771299280e-03
cycle=22 time=6.1537614181793612e-02 dt=1.8792827653820916e-03
cycle=23 time=6.3416896947175699e-02 dt=1.7563424256972044e-03
cycle=24 time=6.5173239372872907e-02 dt=1.6471127002465550e-03
cycle=25 time=6.6820352073119468e-02 dt=1.5507038781670647e-03
cycle=26 time=6.8371055951286536e-02 dt=1.4650306558323153e-03
cycle=27 time=6.9836086607118847e-02 dt=1.3883700062834563e-03
cycle=28 time=7.1224456613402307e-02 dt=1.3191570048362135e-03
cycle=29 time=7.2543613618238523e-02 dt=1.2563602125436112e-03
cycle=30 time=7.3799973830782128e-02 dt=1.1991292784529937e-03
cycle=31 time=7.4999103109235118e-02 dt=1.1467569814671097e-03
cycle=32 time=7.6145860090702233e-02 dt=1.0986505127486338e-03
cycle=33 time=7.7244510603450861e-02 dt=1.0543093865749982e-03
cycle=34 time=7.8298819990025859e-02 dt=1.0133082507793616e-03
cycle=35 time=7.9312128240805219e-02 dt=9.7528242895094860e-04
cycle=36 time=8.0287410669756171e-02 dt=9.3991918950396991e-04
cycle=37 time=8.1227329859260136e-02 dt=9.0599885452013920e-04
cycle=38 time=8.2133328713780276e-02 dt=8.7180924258286403e-04
cycle=39 time=8.3005137956363134e-02 dt=8.4053716354255507e-04
cycle=40 time=8.3845675119905691e-02 dt=8.0772416723627540e-04
cycle=41 time=8.4653399287141967e-02 dt=7.7681227409950599e-04
cycle=42 time=8.5430211561241476e-02 dt=7.4805443288444894e-04
cycle=43 time=8.6178265994125924e-02 dt=7.2131761690210521e-04
cycle=44 time=8.6899583611028036e-02 dt=6.9646587004585508e-04
cycle=45 time=8.7596049481073884e-02 dt=6.7337429861960010e-04
cycle=46 time=8.8269423779693490e-02 dt=6.5192709267454052e-04
cycle=47 time=8.8921350872368035e-02 dt=6.3200638094115802e-04
cycle=48 time=8.9553357253309193e-02 dt=6.1351884719546088e-04
cycle=49 time=9.0166876100504653e-02 dt=5.9637083377221439e-04
cycle=50 time=9.0763246934276870e-02 dt=5.8045903149057661e-04
cycle=51 time=9.1343705965767449e-02 dt=5.6567583402218895e-04
cycle=52 time=9.1909381799789636e-02 dt=5.5191244056965747e-04
cycle=53 time=9.2461294240359287e-02 dt=5.3905989921671773e-04
cycle=54 time=9.3000354139576011e-02 dt=5.2700695960313795e-04
cycle=55 time=9.3527361099179154e-02 dt=5.1566549856732263e-04
cycle=56 time=9.4043026597746479e-02 dt=5.0249959010754258e-04
cycle=57 time=9.4545526187854015e-02 dt=4.8991551528937969e-04
cycle=58 time=9.5035441703143389e-02 dt=4.7790084292819921e-04
cycle=59 time=9.5513342546071592e-02 dt=4.6645393357807902e-04
cycle=60 time=9.5979796479649673e-02 dt=4.5557973027473967e-04
cycle=61 time=9.6435376209924414e-02 dt=4.4527024723603503e-04
cycle=62 time=9.6880646457160449e-02 dt=4.3551304097648675e-04
cycle=63 time=9.7316159498136934e-02 dt=4.2629557302435153e-04
cycle=64 time=9.7742455071161291e-02 dt=4.1760384319065446e-04
cycle=65 time=9.8160058914351950e-02 dt=4.0942312402419636e-04
cycle=66 time=9.8569482038376149e-02 dt=4.0173674456379124e-04
cycle=67 time=9.8971218782939935e-02 dt=3.9452338801141003e-04
cycle=68 time=9.9365742170951343e-02 dt=3.8775489818169425e-04
cycle=69 time=9.9753497069133043e-02 dt=3.8139744805661162e-04
cycle=70 time=1.0013489451718965e-01 dt=3.7540199154199535e-04
cycle=71 time=1.0051029650873165e-01 dt=3.6948903447084038e-04
cycle=72 time=1.0087978554320250e-01 dt=3.6238505853396561e-04
cycle=73 time=1.0124217060173646e-01 dt=3.5552357257423488e-04
cycle=74 time=1.0159769417431069e-01 dt=3.4891286782037399e-04
cycle=75 time=1.0194660704213107e-01 dt=3.4255913064633298e-04
cycle=76 time=1.0228916617277740e-01 dt=3.3646916045578570e-04
cycle=77 time=1.0262563533323318e-01 dt=3.3064726967226699e-04
cycle=78 time=1.0295628260290544e-01 dt=3.2509582632533435e-04
cycle=79 time=1.0328137842923078e-01 dt=3.1981567252343336e-04
cycle=80 time=1.0360119410175421e-01 dt=3.1480663992478460e-04
cycle=81 time=1.0391600074167899e-01 dt=3.1006788056050691e-04
cycle=82 time=1.0422606862223950e-01 dt=3.0559716336293143e-04
cycle=83 time=1.0453166578560243e-01 dt=3.0138886923913784e-04
cycle=84 time=1.0483305465484156e-01 dt=2.9743145673927592e-04
cycle=85 time=1.0513048611158084e-01 dt=2.9370846443302904e-04
cycle=86 time=1.0542419457601386e-01 dt=2.9019056629833647e-04
cycle=87 time=1.0571438514231220e-01 dt=2.8677345965329767e-04
cycle=88 time=1.0600115860196549e-01 dt=2.8231064646410368e-04
cycle=89 time=1.0628346924842959e-01 dt=2.7797509594168544e-04
cycle=90 time=1.0656144434437127e-01 dt=2.7377412468288637e-04
cycle=91 time=1.0683521846905415e-01 dt=2.6971613849434536e-04
cycle=92 time=1.0710493460754850e-01 dt=2.6580816625047300e-04
cycle=93 time=1.0737074277379897e-01 dt=2.6205596502643634e-04
cycle=94 time=1.0763279873882541e-01 dt=2.5846380352239463e-04
cycle=95 time=1.0789126254234779e-01 dt=2.5503490558898055e-04
cycle=96 time=1.0814629744793677e-01 dt=2.5177190221688467e-04
cycle=97 time=1.0839806935015366e-01 dt=2.4867709211251406e-04
cycle=98 time=1.0864674644226617e-01 dt=2.4575183063934528e-04
cycle=99 time=1.0889249827290552e-01 dt=2.4299567043210886e-04
cycle=100 time=1.0913549394333763e-01 dt=2.4040357691224615e-04
cycle=101 time=1.0937589752024987e-01 dt=2.3796630639188405e-04
cycle=102 time=1.0961386382664176e-01 dt=2.3566364841381277e-04
cycle=103 time=1.0984952747505558e-01 dt=2.3349748968601544e-04
cycle=104 time=1.1008302496474159e-01 dt=2.3056710741497374e-04
cycle=105 time=1.1031359207215657e-01 dt=2.2756437115425127e-04
cycle=106 time=1.1054115644331082e-01 dt=2.2464459821494121e-04
cycle=107 time=1.1076580104152577e-01 dt=2.2181486832856441e-04
cycle=108 time=1.1098761590985433e-01 dt=2.1908149259538049e-04
cycle=109 time=1.1120669740244971e-01 dt=2.1644970513491954e-04
cycle=110 time=1.1142314710758462e-01 dt=2.1392379893113900e-04
cycle=111 time=1.1163707090651576e-01 dt=2.1150723410703388e-04
cycle=112 time=1.1184857814062280e-01 dt=2.0920281879371349e-04
cycle=113 time=1.1205778095941651e-01 dt=2.0701405596888612e-04
cycle=114 time=1.1226479501538540e-01 dt=2.0494325120714468e-04
cycle=115 time=1.1246973826659255e-01 dt=2.0299161438644639e-04
cycle=116 time=1.1267272988097900e-01 dt=2.0115720269812379e-04
cycle=117 time=1.1287388708367713e-01 dt=1.9943538806698101e-04
cycle=118 time=1.1307332247174411e-01 dt=1.9781189225454753e-04
cycle=119 time=1.1327113436399866e-01 dt=1.9628457024696173e-04
cycle=120 time=1.1346741893424563e-01 dt=1.9438937444506691e-04
cycle=121 time=1.1366180830869069e-01 dt=1.9217832939888676e-04
cycle=122 time=1.1385398663808957e-01 dt=1.9002254025007428e-04
cycle=123 time=1.1404400917833965e-01 dt=1.8792813983832570e-04
cycle=124 time=1.1423193731817798e-01 dt=1.8590059653559332e-04
cycle=125 time=1.1441783791471356e-01 dt=1.8394460765050211e-04
cycle=126 time=1.1460178252236407e-01 dt=1.8206407346629176e-04
cycle=127 time=1.1478384659583037e-01 dt=1.8026200800594941e-04
cycle=128 time=1.1496410860383631e-01 dt=1.7854195385130691e-04
cycle=129 time=1.1514265055768762e-01 dt=1.7690647748160051e-04
cycle=130 time=1.1531955703516922e-01 dt=1.7535832739666479e-04
cycle=131 time=1.1549491536256588e-01 dt=1.7389973959515672e-04
cycle=132 time=1.1566881510216104e-01 dt=1.7252955748723310e-04
cycle=133 time=1.1584134465964827e-01 dt=1.7124631696250565e-04
cycle=134 time=1.1601259097661078e-01 dt=1.7003970541531305e-04
cycle=135 time=1.1618263068202608e-01 dt=1.6890468299428298e-04
cycle=136 time=1.1635153536502037e-01 dt=1.6767276203494866e-04
cycle=137 time=1.1651920812705531e-01 dt=1.6597163670387148e-04
cycle=138 time=1.1668517976375918e-01 dt=1.6430964124014181e-04
cycle=139 time=1.1684948940499933e-01 dt=1.6269200031614976e-04
cycle=140 time=1.1701218140531548e-01 dt=1.6112351102064550e-04
cycle=141 time=1.1717330491633612e-01 dt=1.5960834876966210e-04
cycle=142 time=1.1733291326510578e-01 dt=1.5814965900357852e-04
cycle=143 time=1.1749106292410937e-01 dt=1.5675114017550234e-04
cycle=144 time=1.1764781406428487e-01 dt=1.5541510620722149e-04
cycle=145 time=1.1780322917049209e-01 dt=1.5414417904013259e-04
cycle=146 time=1.1795737334953223e-01 dt=1.5294094393188782e-04
cycle=147 time=1.1811031429346411e-01 dt=1.5180788848401176e-04
cycle=148 time=1.1826212218194812e-01 dt=1.5074446199451796e-04
cycle=149 time=1.1841286664394264e-01 dt=1.4975075926198280e-04
cycle=150 time=1.1856261740320462e-01 dt=1.4881906934307353e-04
cycle=151 time=1.1871143647254769e-01 dt=1.4794287803777904e-04
cycle=152 time=1.1885937935058546e-01 dt=1.4713641826807230e-04
cycle=153 time=1.1900651576885354e-01 dt=1.4578778665632128e-04
cycle=154 time=1.1915230355550986e-01 dt=1.4446492285876737e-04
cycle=155 time=1.1929676847836863e-01 dt=1.4317555411719004e-04
cycle=156 time=1.1943994403248583e-01 dt=1.4192388249869510e-04
cycle=157 time=1.1958186791498453e-01 dt=1.4071303829665141e-04
cycle=158 time=1.1972258095328119e-01 dt=1.3954729217269867e-04
cycle=159 time=1.1986212824545388e-01 dt=1.3842869153140135e-04
cycle=160 time=1.2000055693698528e-01 dt=1.3735962361784482e-04
cycle=161 time=1.2013791656060312e-01 dt=1.3634242514169606e-04
cycle=162 time=1.2027425898574481e-01 dt=1.3537945652799979e-04
cycle=163 time=1.2040963844227281e-01 dt=1.3447277548955041e-04
cycle=164 time=1.2054411121776236e-01 dt=1.3362356335873258e-04
cycle=165 time=1.2067773478112109e-01 dt=1.3283099680617838e-04
cycle=166 time=1.2081056577792727e-01 dt=1.3208983533372377e-04
cycle=167 time=1.2094265561326099e-01 dt=1.3139325983566944e-04
cycle=168 time=1.2107404887309667e-01 dt=1.3075471327917161e-04
cycle=169 time=1.2120480358637584e-01 dt=1.2976941993514247e-04
cycle=170 time=1.2133457300631098e-01 dt=1.2868977163277273e-04
cycle=171 time=1.2146326277794375e-01 dt=1.2763678250316850e-04
cycle=172 time=1.2159089956044693e-01 dt=1.2661370102134257e-04
cycle=173 time=1.2171751326146826e-01 dt=1.2562372181857618e-04
cycle=174 time=1.2184313698328685e-01 dt=1.2466961538232471e-04
cycle=175 time=1.2196780659866917e-01 dt=1.2375375113743160e-04
cycle=176 time=1.2209156034980660e-01 dt=1.2287826027561398e-04
cycle=177 time=1.2221443861008222e-01 dt=1.2204521961439389e-04
cycle=178 time=1.2233648382969661e-01 dt=1.2125673260193308e-04
cycle=179 time=1.2245774056229855e-01 dt=1.2051477238600833e-04
cycle=180 time=1.2257825533468455e-01 dt=1.1982033064437511e-04
cycle=181 time=1.2269807566532893e-01 dt=1.1917385097374720e-04
cycle=182 time=1.2281724951630268e-01 dt=1.1857067013428644e-04
cycle=183 time=1.2293582018643696e-01 dt=1.1800469031422208e-04
cycle=184 time=1.2305382487675119e-01 dt=1.1748727925058177e-04
cycle=185 time=1.2317131215600177e-01 dt=1.1675135219528766e-04
cycle=186 time=1.2328806350819706e-01 dt=1.1585370516072234e-04
cycle=187 time=1.2340391721335778e-01 dt=1.1497706337724969e-04
cycle=188 time=1.2351889427673503e-01 dt=1.1412466467593400e-04
cycle=189 time=1.2363301894141096e-01 dt=1.1329938809289512e-04
cycle=190 time=1.2374631832950385e-01 dt=1.1250370507019032e-04
cycle=191 time=1.2385882203457405e-01 dt=1.1173973286750848e-04
cycle=192 time=1.2397056176744155e-01 dt=1.1100937566490971e-04
cycle=193 time=1.2408157114310646e-01 dt=1.1031448632212813e-04
cycle=194 time=1.2419188562942858e-01 dt=1.0965694693733560e-04
cycle=195 time=1.2430154257636591e-01 dt=1.0903852666721638e-04
cycle=196 time=1.2441058110303313e-01 dt=1.0846033407188673e-04
cycle=197 time=1.2451904143710502e-01 dt=1.0792312264137702e-04
cycle=198 time=1.2462696455974639e-01 dt=1.0742286428804902e-04
cycle=199 time=1.2473438742403445e-01 dt=1.0695431740927818e-04
cycle=200 time=1.2484134174144372e-01 dt=1.0652700427604838e-04
cycle=201 time=1.2494786874571977e-01 dt=1.0596145577673009e-04
cycle=202 time=1.2505383020149649e-01 dt=1.0520302845016360e-04
cycle=203 time=1.2515903322994665e-01 dt=1.0446185496863644e-04
cycle=204 time=1.2526349508491527e-01 dt=1.0374078698624496e-04
cycle=205 time=1.2536723587190152e-01 dt=1.0304237485853577e-04
cycle=206 time=1.2547027824676005e-01 dt=1.0236881888665208e-04
cycle=207 time=1.2557264706564669e-01 dt=1.0172201690755770e-04
cycle=208 time=1.2567436908255425e-01 dt=1.0110367619959730e-04
cycle=209 time=1.2577547275875384e-01 dt=1.0051545849788963e-04
cycle=210 time=1.2587598821725174e-01 dt=9.9959060993708602e-05
cycle=211 time=1.2597594727824546e-01 dt=9.9436089569076427e-05
cycle=212 time=1.2607538336781454e-01 dt=9.8947798487915842e-05
cycle=213 time=1.2617433116630244e-01 dt=9.8494800927807592e-05
cycle=214 time=1.2627282596723025e-01 dt=9.8073615316080024e-05
cycle=215 time=1.2637089958254633e-01 dt=9.7679685907796975e-05
cycle=216 time=1.2646857926845412e-01 dt=9.7311152928593350e-05
cycle=217 time=1.2656589042138272e-01 dt=9.6871056796953657e-05
cycle=218 time=1.2666276147817968e-01 dt=9.6222119136580173e-05
cycle=219 time=1.2675898359731624e-01 dt=9.5587632721307061e-05
cycle=220 time=1.2685457123003754e-01 dt=9.4970093898158136e-05
cycle=221 time=1.2694954132393571e-01 dt=9.4371764895692095e-05
cycle=222 time=1.2704391308883139e-01 dt=9.3794607473962169e-05
cycle=223 time=1.2713770769630536e-01 dt=9.3240325620271762e-05
cycle=224 time=1.2723094802192564e-01 dt=9.2710459103100763e-05
cycle=225 time=1.2732365848102875e-01 dt=9.2206509124176389e-05
cycle=226 time=1.2741586499015292e-01 dt=9.1730012747477069e-05
cycle=227 time=1.2750759500290040e-01 dt=9.1282443426445679e-05
cycle=228 time=1.2759887744632684e-01 dt=9.0865298156901395e-05
cycle=229 time=1.2768974274448375e-01 dt=9.0478644869399169e-05
cycle=230 time=1.2778022138935316e-01 dt=9.0111658318311680e-05
cycle=231 time=1.2787033304767148e-01 dt=8.9764160823797750e-05
cycle=232 time=1.2796009720849527e-01 dt=8.9438174616981661e-05
cycle=233 time=1.2804953538311226e-01 dt=8.9107722077361024e-05
cycle=234 time=1.2813864310518960e-01 dt=8.8546479446968308e-05
cycle=235 time=1.2822718958463658e-01 dt=8.7997497384242155e-05
cycle=236 time=1.2831518708202083e-01 dt=8.7463002856382380e-05
cycle=237 time=1.2840265008487722e-01 dt=8.6945007827557682e-05
cycle=238 time=1.2848959509270477e-01 dt=8.6445268828053517e-05
cycle=239 time=1.2857604036153283e-01 dt=8.5965321562043724e-05
cycle=240 time=1.2866200568309488e-01 dt=8.5506566256396893e-05
cycle=241 time=1.2874751224935127e-01 dt=8.5070476390189772e-05
cycle=242 time=1.2883258272574147e-01 dt=8.4658100038292240e-05
cycle=243 time=1.2891724082577977e-01 dt=8.4271073845313606e-05
cycle=244 time=1.2900151189962508e-01 dt=8.3910671424407136e-05
cycle=245 time=1.2908542257104949e-01 dt=8.3559169314614755e-05
cycle=246 time=1.2916898174036409e-01 dt=8.3234817884830062e-05
cycle=247 time=1.2925221655824892e-01 dt=8.2922918899159268e-05
cycle=248 time=1.2933513947714809e-01 dt=8.2629156397742330e-05
cycle=249 time=1.2941776863354582e-01 dt=8.2358876365689408e-05
cycle=250 time=1.2950012750991149e-01 dt=8.1908239559829902e-05
cycle=251 time=1.2958203574947133e-01 dt=8.1429108075887685e-05
cycle=252 time=1.2966346485754721e-01 dt=8.0962479803326303e-05
cycle=253 time=1.2974442733735053e-01 dt=8.0510196469757577e-05
cycle=254 time=1.2982493753382029e-01 dt=8.0073802467714922e-05
cycle=255 time=1.2990501133628801e-01 dt=7.9654686673830203e-05
cycle=256 time=1.2998466602296185e-01 dt=7.9254130526688630e-05
cycle=257 time=1.3006392015348855e-01 dt=7.8873393843995599e-05
cycle=258 time=1.3014279354733255e-01 dt=7.8513767254664328e-05
cycle=259 time=1.3022130731458720e-01 dt=7.8165778113850623e-05
cycle=260 time=1.3029947309270104e-01 dt=7.7834930406501423e-05
cycle=261 time=1.3037730802310754e-01 dt=7.7528838272220336e-05
cycle=262 time=1.3045483686137976e-01 dt=7.7229788183260766e-05
cycle=263 time=1.3053206664956302e-01 dt=7.6950097088989626e-05
cycle=264 time=1.3060901674665201e-01 dt=7.6694032917275752e-05
cycle=265 time=1.3068571077956928e-01 dt=7.6435481458925824e-05
cycle=266 time=1.3076214626102819e-01 dt=7.6108072574028097e-05
cycle=267 time=1.3083825433360222e-01 dt=7.5686978575935555e-05
cycle=268 time=1.3091394131217815e-01 dt=7.5276795096676380e-05
cycle=269 time=1.3098921810727482e-01 dt=7.4879118962997574e-05
cycle=270 time=1.3106409722623782e-01 dt=7.4495365797030630e-05
cycle=271 time=1.3113859259203486e-01 dt=7.4126795745359581e-05
cycle=272 time=1.3121271938778023e-01 dt=7.3774317634837407e-05
cycle=273 time=1.3128649370541506e-01 dt=7.3430751480633519e-05
cycle=274 time=1.3135992445689570e-01 dt=7.3100471047010494e-05
cycle=275 time=1.3143302492794270e-01 dt=7.2789232804853476e-05
cycle=276 time=1.3150581416074755e-01 dt=7.2499084657955367e-05
cycle=277 time=1.3157831324540550e-01 dt=7.2210506772435432e-05
cycle=278 time=1.3165052375217795e-01 dt=7.1943368866230677e-05
cycle=279 time=1.3172246712104418e-01 dt=7.1697436532997482e-05
cycle=280 time=1.3179416455757717e-01 dt=7.1454435552598691e-05
cycle=281 time=1.3186561899312976e-01 dt=7.1222715878689366e-05
cycle=282 time=1.3193684170900846e-01 dt=7.0996516940870707e-05
cycle=283 time=1.3200783822594933e-01 dt=7.0623997299434826e-05
cycle=284 time=1.3207846222324876e-01 dt=7.0260838305957537e-05
cycle=285 time=1.3214872306155473e-01 dt=6.9906958517348979e-05
cycle=286 time=1.3221863002007209e-01 dt=6.9564937589091259e-05
cycle=287 time=1.3228819495766117e-01 dt=6.9228467766484897e-05
cycle=288 time=1.3235742342542767e-01 dt=6.8905434816218545e-05
cycle=289 time=1.3242632886024389e-01 dt=6.8597040108079503e-05
cycle=290 time=1.3249492590035197e-01 dt=6.8304482161756703e-05
cycle=291 time=1.3256323038251372e-01 dt=6.8023782960036346e-05
cycle=292 time=1.3263125416547375e-01 dt=6.7749443255641682e-05
cycle=293 time=1.3269900360872938e-01 dt=6.7494070044160076e-05
cycle=294 time=1.3276649767877355e-01 dt=6.7257729324564930e-05
cycle=295 time=1.3283375540809811e-01 dt=6.7029663108471234e-05
cycle=296 time=1.3290078507120659e-01 dt=6.6804153991762842e-05
cycle=297 time=1.3296758922519836e-01 dt=6.6597923236470455e-05
cycle=298 time=1.3303418714843482e-01 dt=6.6411196169569072e-05
cycle=299 time=1.3310059834460439e-01 dt=6.6111518352185804e-05
cycle=300 time=1.3316670986295656e-01 dt=6.5782696266044956e-05
cycle=301 time=1.3323249255922259e-01 dt=6.5462273612460696e-05
cycle=302 time=1.3329795483283505e-01 dt=6.5151500183241776e-05
cycle=303 time=1.3336310633301829e-01 dt=6.4851570786821189e-05
cycle=304 time=1.3342795790380510e-01 dt=6.4563618441508655e-05
cycle=305 time=1.3349252152224661e-01 dt=6.4288753509420880e-05
cycle=306 time=1.3355681027575603e-01 dt=6.4015394522740949e-05
cycle=307 time=1.3362082567027878e-01 dt=6.3755429961292470e-05
cycle=308 time=1.3368458110024006e-01 dt=6.3511725308199930e-05
cycle=309 time=1.3374809282554825e-01 dt=6.3284622611238525e-05
cycle=310 time=1.3381137744815949e-01 dt=6.3070198076970019e-05
cycle=311 time=1.3387444764623646e-01 dt=6.2851917579629206e-05
cycle=312 time=1.3393729956381609e-01 dt=6.2650159756055422e-05
cycle=313 time=1.3399994972357215e-01 dt=6.2465397549837877e-05
cycle=314 time=1.3406241512112199e-01 dt=6.2298170799763295e-05
cycle=315 time=1.3412471329192174e-01 dt=6.2055391282568711e-05
cycle=316 time=1.3418676868320431e-01 dt=6.1761125135262375e-05
cycle=317 time=1.3424852980833957e-01 dt=6.1474244331476913e-05
cycle=318 time=1.3431000405267104e-01 dt=6.1195876799287200e-05
cycle=319 time=1.3437119992947033e-01 dt=6.0927115946793366e-05
cycle=320 time=1.3443212704541713e-01 dt=6.0659277253228937e-05
cycle=321 time=1.3449278632267037e-01 dt=6.0401306798503045e-05
cycle=322 time=1.3455318762946886e-01 dt=6.0155657828234006e-05
cycle=323 time=1.3461334328729710e-01 dt=5.9923719177257774e-05
cycle=324 time=1.3467326700647436e-01 dt=5.9705957128550609e-05
cycle=325 time=1.3473297296360293e-01 dt=5.9502765248413432e-05
cycle=326 time=1.3479247572885134e-01 dt=5.9293374746161745e-05
cycle=327 time=1.3485176910359750e-01 dt=5.9096988517410293e-05
cycle=328 time=1.3491086609211492e-01 dt=5.8915289382051830e-05
cycle=329 time=1.3496978138149696e-01 dt=5.8748581419633630e-05
cycle=330 time=1.3502852996291659e-01 dt=5.8589052072541562e-05
cycle=331 time=1.3508711901498913e-01 dt=5.8402194907973104e-05
cycle=332 time=1.3514552120989709e-01 dt=5.8137671775217968e-05
cycle=333 time=1.3520365888167230e-01 dt=5.7873633983855702e-05
cycle=334 time=1.3526153251565615e-01 dt=5.7615927244413910e-05
cycle=335 time=1.3531914844290055e-01 dt=5.7365540139080182e-05
cycle=336 time=1.3537651398303963e-01 dt=5.7123355614955907e-05
cycle=337 time=1.3543363733865457e-01 dt=5.6891912931974552e-05
cycle=338 time=1.3549052925158656e-01 dt=5.6671814726861639e-05
cycle=339 time=1.3554720106631341e-01 dt=5.6463607229020204e-05
cycle=340 time=1.3560366467354243e-01 dt=5.6267792788553090e-05
cycle=341 time=1.3565993246633098e-01 dt=5.6070701768328043e-05
cycle=342 time=1.3571600316809931e-01 dt=5.5880033202303015e-05
cycle=343 time=1.3577188320130162e-01 dt=5.5702155784654284e-05
cycle=344 time=1.3582758535708628e-01 dt=5.5537384149142205e-05
cycle=345 time=1.3588312274123543e-01 dt=5.5385852105120797e-05
cycle=346 time=1.3593850859334056e-01 dt=5.5232544223016820e-05
cycle=347 time=1.3599374113756357e-01 dt=5.5077312730779913e-05
cycle=348 time=1.3604881845029435e-01 dt=5.4834260385738040e-05
cycle=349 time=1.3610365271068009e-01 dt=5.4595636327161199e-05
cycle=350 time=1.3615824834700724e-01 dt=5.4362368457374419e-05
cycle=351 time=1.3621261071546462e-01 dt=5.4136086434957476e-05
cycle=352 time=1.3626674680189957e-01 dt=5.3918323512808395e-05
cycle=353 time=1.3632066512541238e-01 dt=5.3709745814462655e-05
cycle=354 time=1.3637437487122683e-01 dt=5.3510976457904694e-05
cycle=355 time=1.3642788584768473e-01 dt=5.3322587459682749e-05
cycle=356 time=1.3648120843514441e-01 dt=5.3136081710181902e-05
cycle=357 time=1.3653434451685459e-01 dt=5.2951805807949984e-05
cycle=358 time=1.3658729632266253e-01 dt=5.2778365284590121e-05
cycle=359 time=1.3664007468794712e-01 dt=5.2616259691455418e-05
cycle=360 time=1.3669269094763858e-01 dt=5.2465889741613150e-05
cycle=361 time=1.3674515683738020e-01 dt=5.2327327058868238e-05
cycle=362 time=1.3679748416443907e-01 dt=5.2173365130202803e-05
cycle=363 time=1.3684965752956926e-01 dt=5.2031028169381362e-05
cycle=364 time=1.3690168855773865e-01 dt=5.1827794607293955e-05
cycle=365 time=1.3695351635234596e-01 dt=5.1611166169173362e-05
cycle=366 time=1.3700512751851512e-01 dt=5.1400251628998361e-05
cycle=367 time=1.3705652777014413e-01 dt=5.1195839911165907e-05
cycle=368 time=1.3710772361005530e-01 dt=5.0998628754107653e-05
cycle=369 time=1.3715872223880940e-01 dt=5.0809294893399848e-05
cycle=370 time=1.3720953153370280e-01 dt=5.0628475628262047e-05
cycle=371 time=1.3726016000933106e-01 dt=5.0451338973646036e-05
cycle=372 time=1.3731061134830469e-01 dt=5.0273121671727765e-05
cycle=373 time=1.3736088446997641e-01 dt=5.0103949917529704e-05
cycle=374 time=1.3741098841989394e-01 dt=4.9944487455994936e-05
cycle=375 time=1.3746093290734993e-01 dt=4.9795283550424013e-05
cycle=376 time=1.3751072819090035e-01 dt=4.9656777023590727e-05
cycle=377 time=1.3756038496792394e-01 dt=4.9511967778229477e-05
cycle=378 time=1.3760989693570216e-01 dt=4.9368922509551251e-05
cycle=379 time=1.3765926585821173e-01 dt=4.9236719119951948e-05
cycle=380 time=1.3770850257733167e-01 dt=4.9078182171699472e-05
cycle=381 time=1.3775758075950337e-01 dt=4.8882378320386178e-05
cycle=382 time=1.3780646313782374e-01 dt=4.8691182133387289e-05
cycle=383 time=1.3785515431995712e-01 dt=4.8505399002247411e-05
cycle=384 time=1.3790365971895938e-01 dt=4.8325727292707154e-05
cycle=385 time=1.3795198544625209e-01 dt=4.8152839738002044e-05
cycle=386 time=1.3800013828599009e-01 dt=4.7977778105391471e-05
cycle=387 time=1.3804811606409548e-01 dt=4.7805098429409989e-05
cycle=388 time=1.3809592116252489e-01 dt=4.7639880682644028e-05
cycle=389 time=1.3814356104320755e-01 dt=4.7482862038442579e-05
cycle=390 time=1.3819104390524600e-01 dt=4.7334690813298083e-05
cycle=391 time=1.3823837859605931e-01 dt=4.7195920464990088e-05
cycle=392 time=1.3828557451652429e-01 dt=4.7067021086965394e-05
cycle=393 time=1.3833264153761127e-01 dt=4.6928793788319413e-05
cycle=394 time=1.3837957033139958e-01 dt=4.6795470178469301e-05
cycle=395 time=1.3842636580157805e-01 dt=4.6672199760901630e-05
cycle=396 time=1.3847303800133895e-01 dt=4.6555792977210985e-05
cycle=397 time=1.3851959379431616e-01 dt=4.6376745607337391e-05
cycle=398 time=1.3856597053992351e-01 dt=4.6200982509866967e-05
cycle=399 time=1.3861217152243338e-01 dt=4.6029459410200280e-05
cycle=400 time=1.3865820098184359e-01 dt=4.5863029458969536e-05
cycle=401 time=1.3870406401130256e-01 dt=4.5694183904316756e-05
cycle=402 time=1.3874975819520688e-01 dt=4.5527987324645854e-05
cycle=403 time=1.3879528618253154e-01 dt=4.5367742666715107e-05
cycle=404 time=1.3884065392519826e-01 dt=4.5214250532861070e-05
cycle=405 time=1.3888586817573112e-01 dt=4.5068228844872864e-05
cycle=406 time=1.3893093640457599e-01 dt=4.4930313423686112e-05
cycle=407 time=1.3897586671799966e-01 dt=4.4801068167315969e-05
cycle=408 time=1.3902066778616698e-01 dt=4.4680975397803060e-05
cycle=409 time=1.3906534876156479e-01 dt=4.4552128577124855e-05
cycle=410 time=1.3910990089014191e-01 dt=4.4426827049887733e-05
cycle=411 time=1.3915432771719180e-01 dt=4.4310932604124793e-05
cycle=412 time=1.3919863864979592e-01 dt=4.4204617883481317e-05
cycle=413 time=1.3924284326767941e-01 dt=4.4061315333917761e-05
cycle=414 time=1.3928690458301332e-01 dt=4.3898471029202417e-05
cycle=415 time=1.3933080305404252e-01 dt=4.3739290072532904e-05
cycle=416 time=1.3937454234411506e-01 dt=4.3579965741371425e-05
cycle=417 time=1.3941812230985642e-01 dt=4.3421162850981042e-05
cycle=418 time=1.3946154347270739e-01 dt=4.3266809231098494e-05
cycle=419 time=1.3950481028193848e-01 dt=4.3117775730339916e-05
cycle=420 time=1.3954792805766883e-01 dt=4.2974815266055531e-05
cycle=421 time=1.3959090287293488e-01 dt=4.2838613131198630e-05
cycle=422 time=1.3963374148606608e-01 dt=4.2709790084635446e-05
cycle=423 time=1.3967645127615072e-01 dt=4.2588905354174232e-05
cycle=424 time=1.3971904018150488e-01 dt=4.2476441378637874e-05
cycle=425 time=1.3976151662288352e-01 dt=4.2358340953591759e-05
cycle=426 time=1.3980387496383712e-01 dt=4.2239811346280383e-05
cycle=427 time=1.3984611477518338e-01 dt=4.2129910981050973e-05
cycle=428 time=1.3988824468616443e-01 dt=4.2028857752668228e-05
cycle=429 time=1.3993027354391710e-01 dt=4.1919490749279616e-05
cycle=430 time=1.3997219303466638e-01 dt=4.1768260584090781e-05
cycle=431 time=1.4001396129525046e-01 dt=4.1620152613506798e-05
cycle=432 time=1.4005558144786395e-01 dt=4.1469860609090819e-05
cycle=433 time=1.4009705130847305e-01 dt=4.1322004374136878e-05
cycle=434 time=1.4013837331284720e-01 dt=4.1177922717792021e-05
cycle=435 time=1.4017955123556500e-01 dt=4.1038471530807085e-05
cycle=436 time=1.4022058970709581e-01 dt=4.0904430692891765e-05
cycle=437 time=1.4026149413778868e-01 dt=4.0776483623933216e-05
cycle=438 time=1.4030227062141262e-01 dt=4.0655219304569855e-05
cycle=439 time=1.4034292584071720e-01 dt=4.0541193611875091e-05
cycle=440 time=1.4038346703432908e-01 dt=4.0434899820377829e-05
cycle=441 time=1.4042390193414947e-01 dt=4.0324866034337995e-05
cycle=442 time=1.4046422680018381e-01 dt=4.0212759212803100e-05
cycle=443 time=1.4050443955939662e-01 dt=4.0108593349876857e-05
cycle=444 time=1.4054454815274650e-01 dt=4.0012913666439621e-05
cycle=445 time=1.4058456106641293e-01 dt=3.9926468334191873e-05
cycle=446 time=1.4062448753474713e-01 dt=3.9792966140210282e-05
cycle=447 time=1.4066428050088733e-01 dt=3.9652527452407792e-05
cycle=448 time=1.4070393302833975e-01 dt=3.9512242196677417e-05
cycle=449 time=1.4074344527053642e-01 dt=3.9374368157697436e-05
cycle=450 time=1.4078281963869413e-01 dt=3.9239674096790481e-05
cycle=451 time=1.4082205931279093e-01 dt=3.9108930263853951e-05
cycle=452 time=1.4086116824305478e-01 dt=3.8982908481636098e-05
cycle=453 time=1.4090015115153642e-01 dt=3.8862297369938842e-05
cycle=454 time=1.4093901344890636e-01 dt=3.8747711013248502e-05
cycle=455 time=1.4097776115991961e-01 dt=3.8639698178831616e-05
cycle=456 time=1.4101640085809844e-01 dt=3.8538722848765053e-05
cycle=457 time=1.4105493958094720e-01 dt=3.8436617445656008e-05
cycle=458 time=1.4109337619839285e-01 dt=3.8329286599740927e-05
cycle=459 time=1.4113170548499260e-01 dt=3.8229144329924757e-05
cycle=460 time=1.4116993462932254e-01 dt=3.8136891327088026e-05
cycle=461 time=1.4120807152064963e-01 dt=3.8053164698953887e-05
cycle=462 time=1.4124612468534858e-01 dt=3.7956252015931920e-05
cycle=463 time=1.4128408093736453e-01 dt=3.7826416916681151e-05
cycle=464 time=1.4132190735428121e-01 dt=3.7695259781448175e-05
cycle=465 time=1.4135960261406266e-01 dt=3.7566322732535445e-05
cycle=466 time=1.4139716893679519e-01 dt=3.7439943946558354e-05
cycle=467 time=1.4143460888074175e-01 dt=3.7316872819329629e-05
cycle=468 time=1.4147192575356107e-01 dt=3.7197823015801197e-05
cycle=469 time=1.4150912357657688e-01 dt=3.7083486140975983e-05
cycle=470 time=1.4154620706271787e-01 dt=3.6974495370715377e-05
cycle=471 time=1.4158318155808858e-01 dt=3.6871410787334175e-05
cycle=472 time=1.4162005296887592e-01 dt=3.6774774968336435e-05
cycle=473 time=1.4165682774384425e-01 dt=3.6683112369138280e-05
cycle=474 time=1.4169351085621340e-01 dt=3.6579755700274618e-05
cycle=475 time=1.4173009061191366e-01 dt=3.6482840394496581e-05
cycle=476 time=1.4176657345230817e-01 dt=3.6393178970518983e-05
cycle=477 time=1.4180296663127870e-01 dt=3.6311368869738707e-05
cycle=478 time=1.4183927800014845e-01 dt=3.6237802174446469e-05
cycle=479 time=1.4187551580232291e-01 dt=3.6124207704837238e-05
cycle=480 time=1.4191164001002773e-01 dt=3.6001649647135772e-05
cycle=481 time=1.4194764165967488e-01 dt=3.5880998439129085e-05
cycle=482 time=1.4198352265811401e-01 dt=3.5762359705076117e-05
cycle=483 time=1.4201928501781907e-01 dt=3.5646386122565254e-05
cycle=484 time=1.4205493140394165e-01 dt=3.5533770315647492e-05
cycle=485 time=1.4209046517425730e-01 dt=3.5425186855438248e-05
cycle=486 time=1.4212589036111273e-01 dt=3.5321267208661233e-05
cycle=487 time=1.4216121162832138e-01 dt=3.5222584096746992e-05
cycle=488 time=1.4219643421241812e-01 dt=3.5129828317232142e-05
cycle=489 time=1.4223156404073536e-01 dt=3.5043686557799574e-05
cycle=490 time=1.4226660772729316e-01 dt=3.4949920776634796e-05
cycle=491 time=1.4230155764806979e-01 dt=3.4856008315200585e-05
cycle=492 time=1.4233641365638500e-01 dt=3.4768702049205645e-05
cycle=493 time=1.4237118235843421e-01 dt=3.4688507610905407e-05
cycle=494 time=1.4240587086604511e-01 dt=3.4615860914616966e-05
cycle=495 time=1.4244048672695972e-01 dt=3.4515737279097004e-05
cycle=496 time=1.4247500246423880e-01 dt=3.4401336679066873e-05
cycle=497 time=1.4250940380091787e-01 dt=3.4289297572148092e-05
cycle=498 time=1.4254369309849002e-01 dt=3.4175090893290802e-05
cycle=499 time=1.4257786818938331e-01 dt=3.4062211907544131e-05
cycle=500 time=1.4261193040129086e-01 dt=3.3952081872370811e-05
cycle=501 time=1.4264588248316323e-01 dt=3.3845405369137080e-05
cycle=502 time=1.4267972788853236e-01 dt=3.3742848392668682e-05
cycle=503 time=1.4271347073692503e-01 dt=3.3645218169313975e-05
cycle=504 time=1.4274711595509434e-01 dt=3.3553210115699981e-05
cycle=505 time=1.4278066916521004e-01 dt=3.3467335410429157e-05
cycle=506 time=1.4281413650062047e-01 dt=3.3386826251231898e-05
cycle=507 time=1.4284752332687170e-01 dt=3.3263121290978600e-05
cycle=508 time=1.4288078644816268e-01 dt=3.3119023592619631e-05
cycle=509 time=1.4291390547175531e-01 dt=3.2974954798049678e-05
cycle=510 time=1.4294688042655335e-01 dt=3.2831423872393082e-05
cycle=511 time=1.4297971185042574e-01 dt=3.2688974997797067e-05
cycle=512 time=1.4301240082542355e-01 dt=3.2548144804667349e-05
cycle=513 time=1.4304494897022821e-01 dt=3.2409485959068377e-05
cycle=514 time=1.4307735845618727e-01 dt=3.2273549118755797e-05
cycle=515 time=1.4310963200530602e-01 dt=1.9488800160870177e-05
cycle=516 time=1.4312912080546689e-01 dt=8.6295090154178840e-06
cycle=517 time=1.4313775031448231e-01 dt=4.3379319456831894e-06
cycle=518 time=1.4314208824642799e-01 dt=3.1503226703754999e-06
cycle=519 time=1.4314523856909836e-01 dt=2.7254393630868119e-06
cycle=520 time=1.4314796400846144e-01 dt=2.5772615757671208e-06
cycle=521 time=1.4315054127003721e-01 dt=2.5453984524123087e-06
cycle=522 time=1.4315308666848961e-01 dt=2.5659892062659989e-06
cycle=523 time=1.4315565265769586e-01 dt=2.6100465128706264e-06
cycle=524 time=1.4315826270420873e-01 dt=2.6633083643754523e-06
cycle=525 time=1.4316092601257310e-01 dt=2.7182927602839304e-06
cycle=526 time=1.4316364430533338e-01 dt=2.7705997367319429e-06
cycle=527 time=1.4316641490507012e-01 dt=2.8177071089159866e-06
cycle=528 time=1.4316923261217904e-01 dt=2.8772033269404049e-06
cycle=529 time=1.4317210981550599e-01 dt=2.9752529549562230e-06
cycle=530 time=1.4317508506846094e-01 dt=3.0730581072717765e-06
cycle=531 time=1.4317815812656820e-01 dt=3.1443252212626836e-06
cycle=532 time=1.4318130245178945e-01 dt=3.1850621861813989e-06
cycle=533 time=1.4318448751397564e-01 dt=3.2015724679033223e-06
cycle=534 time=1.4318768908644355e-01 dt=3.2020763949035825e-06
cycle=535 time=1.4319089116283845e-01 dt=3.1933787670640018e-06
cycle=536 time=1.4319408454160551e-01 dt=3.1802865060089843e-06
cycle=537 time=1.4319726482811151e-01 dt=3.1658251363490868e-06
cycle=538 time=1.4320043065324786e-01 dt=3.1518957359198123e-06
cycle=539 time=1.4320358254898377e-01 dt=3.1397372395845077e-06
cycle=540 time=1.4320672228622336e-01 dt=3.1301611886244339e-06
cycle=541 time=1.4320985244741199e-01 dt=3.1235054235023720e-06
cycle=542 time=1.4321297595283550e-01 dt=3.1202785924317203e-06
cycle=543 time=1.4321609623142792e-01 dt=3.1206562335686026e-06
cycle=544 time=1.4321921688766148e-01 dt=3.1175511290032108e-06
cycle=545 time=1.4322233443879048e-01 dt=3.1138962741265783e-06
cycle=546 time=1.4322544833506462e-01 dt=3.1590564037483620e-06
cycle=547 time=1.4322860739146837e-01 dt=3.2563808858521061e-06
cycle=548 time=1.4323186377235422e-01 dt=3.4027597624357089e-06
cycle=549 time=1.4323526653211666e-01 dt=3.5916392129479756e-06
cycle=550 time=1.4323885817132961e-01 dt=3.8538834059689560e-06
cycle=551 time=1.4324271205473557e-01 dt=4.2028837399858147e-06
cycle=552 time=1.4324691493847555e-01 dt=4.6401649735984533e-06
cycle=553 time=1.4325155510344914e-01 dt=7.5850482946805387e-06
cycle=554 time=1.4325914015174382e-01 dt=1.5170096589361077e-05
cycle=555 time=1.4327431024833318e-01 dt=3.0340193178722155e-05
cycle=556 time=1.4330465044151189e-01 dt=2.4655772232794773e-05
cycle=557 time=1.4332930621374468e-01 dt=1.6786829733493703e-05
cycle=558 time=1.4334609304347817e-01 dt=1.1775230297382742e-05
cycle=559 time=1.4335786827377556e-01 dt=8.0901941573578383e-06
cycle=560 time=1.4336595846793290e-01 dt=5.1433344024316129e-06
cycle=561 time=1.4337110180233534e-01 dt=3.7529273889474330e-06
cycle=562 time=1.4337485472972428e-01 dt=3.2743436438700762e-06
cycle=563 time=1.4337812907336814e-01 dt=3.1749562371496687e-06
cycle=564 time=1.4338130402960528e-01 dt=3.2936280709190588e-06
cycle=565 time=1.4338459765767619e-01 dt=3.5516633189933074e-06
cycle=566 time=1.4338814932099520e-01 dt=3.9355811678918190e-06
cycle=567 time=1.4339208490216310e-01 dt=4.4523082270083043e-06
cycle=568 time=1.4339653721039011e-01 dt=5.4748541677937920e-06
cycle=569 time=1.4340201206455791e-01 dt=7.3336982471688034e-06
cycle=570 time=1.4340934576280509e-01 dt=1.0190075250187709e-05
cycle=571 time=1.4341953583805528e-01 dt=1.2082194053589651e-05
cycle=572 time=1.4343161803210888e-01 dt=1.0715096253682216e-05
cycle=573 time=1.4344233312836258e-01 dt=9.4708095911111551e-06
cycle=574 time=1.4345180393795368e-01 dt=8.3636774728420224e-06
cycle=575 time=1.4346016761542651e-01 dt=7.6777410157308823e-06
cycle=576 time=1.4346784535644225e-01 dt=7.2931012289143690e-06
cycle=577 time=1.4347513845767115e-01 dt=7.0811711174466509e-06
cycle=578 time=1.4348221962878860e-01 dt=6.9701497884734501e-06
cycle=579 time=1.4348918977857708e-01 dt=6.9190923021737737e-06
cycle=580 time=1.4349610887087924e-01 dt=6.9029749791267201e-06
cycle=581 time=1.4350301184585837e-01 dt=6.8663105591123239e-06
cycle=582 time=1.4350987815641747e-01 dt=6.5748732988316397e-06
cycle=583 time=1.4351645302971630e-01 dt=6.2898851100741790e-06
cycle=584 time=1.4352274291482636e-01 dt=6.0066375697148954e-06
cycle=585 time=1.4352874955239608e-01 dt=5.7326758747196364e-06
cycle=586 time=1.4353448222827081e-01 dt=5.4186892567195624e-06
cycle=587 time=1.4353990091752752e-01 dt=5.1196684238430669e-06
cycle=588 time=1.4354502058595137e-01 dt=4.8492752128618058e-06
cycle=589 time=1.4354986986116422e-01 dt=4.6074604345016398e-06
cycle=590 time=1.4355447732159873e-01 dt=4.3894803297164842e-06
cycle=591 time=1.4355886680192845e-01 dt=4.1918034893725739e-06
cycle=592 time=1.4356305860541782e-01 dt=4.0117316352617532e-06
cycle=593 time=1.4356707033705307e-01 dt=3.8471303435846624e-06
cycle=594 time=1.4357091746739667e-01 dt=3.6962955830939045e-06
cycle=595 time=1.4357461376297975e-01 dt=3.5578043280624827e-06
cycle=596 time=1.4357817156730782e-01 dt=3.4304350175068489e-06
cycle=597 time=1.4358160200232534e-01 dt=3.3131156172997530e-06
cycle=598 time=1.4358491511794264e-01 dt=3.2048621107276724e-06
cycle=599 time=1.4358811998005336e-01 dt=3.1048372152931631e-06
cycle=600 time=1.4359122481726866e-01 dt=3.0125838258534436e-06
cycle=601 time=1.4359423740109450e-01 dt=2.9274689851318161e-06
cycle=602 time=1.4359716487007965e-01 dt=2.8487135006590630e-06
cycle=603 time=1.4360001358358029e-01 dt=3.0144943912868780e-06
cycle=604 time=1.4360302807797157e-01 dt=3.8176336160395908e-06
cycle=605 time=1.4360684571158761e-01 dt=5.6113161180055813e-06
cycle=606 time=1.4361245702770561e-01 dt=9.0445188241529547e-06
cycle=607 time=1.4362150154652978e-01 dt=1.3421005995318927e-05
cycle=608 time=1.4363492255252511e-01 dt=7.1416539089953821e-06
cycle=609 time=1.4364206420643411e-01 dt=5.1914745046790723e-06
cycle=610 time=1.4364725568093878e-01 dt=3.8857583274388912e-06
cycle=611 time=1.4365114143926622e-01 dt=2.8991035374948459e-06
cycle=612 time=1.4365404054280370e-01 dt=2.5599616412501112e-06
cycle=613 time=1.4365660050444495e-01 dt=2.7476990200892648e-06
cycle=614 time=1.4365934820346504e-01 dt=3.3230842934882748e-06
cycle=615 time=1.4366267128775853e-01 dt=4.4942466478131148e-06
cycle=616 time=1.4366716553440634e-01 dt=6.7484971629635224e-06
cycle=617 time=1.4367391403156929e-01 dt=1.0474841347155153e-05
cycle=618 time=1.4368438887291646e-01 dt=1.6322395631139714e-05
cycle=619 time=1.4370071126854761e-01 dt=3.0015478960193721e-05
cycle=620 time=1.4373072674750781e-01 dt=2.9919022457315483e-05
cycle=621 time=1.4376064576996511e-01 dt=2.9826584451252194e-05
cycle=622 time=1.4379047235441636e-01 dt=2.9737790720007466e-05
cycle=623 time=1.4382021014513638e-01 dt=2.9652256392921634e-05
cycle=624 time=1.4384986240152930e-01 dt=2.9569562961739899e-05
cycle=625 time=1.4387943196449104e-01 dt=2.9489336282426119e-05
cycle=626 time=1.4390892130077348e-01 dt=2.9411211122574589e-05
cycle=627 time=1.4393833251189606e-01 dt=2.4354364942753799e-05
cycle=628 time=1.4396268687683880e-01 dt=2.0142171953181587e-05
cycle=629 time=1.4398282904879198e-01 dt=1.6793658950386935e-05
cycle=630 time=1.4399962270774236e-01 dt=1.4023428516076304e-05
cycle=631 time=1.4401364613625844e-01 dt=1.1716631240407009e-05
cycle=632 time=1.4402536276749886e-01 dt=9.7679446001920293e-06
cycle=633 time=1.4403513071209906e-01 dt=8.3416794556379376e-06
cycle=634 time=1.4404347239155468e-01 dt=7.5184678536979961e-06
cycle=635 time=1.4405099085940837e-01 dt=7.2469417635118120e-06
cycle=636 time=1.4405823780117188e-01 dt=7.5584469304446814e-06
cycle=637 time=1.4406579624810234e-01 dt=8.5874276688640856e-06
cycle=638 time=1.4407438367577122e-01 dt=1.0621439721825323e-05
cycle=639 time=1.4408500511549305e-01 dt=1.0048594546143974e-05
cycle=640 time=1.4409505371003919e-01 dt=9.1578321505708313e-06
cycle=641 time=1.4410421154218978e-01 dt=9.1717042298709792e-06
cycle=642 time=1.4411338324641965e-01 dt=1.0304030825293134e-05
cycle=643 time=1.4412368727724495e-01 dt=1.2677776259126630e-05
cycle=644 time=1.4413636505350408e-01 dt=1.4511823911392874e-05
cycle=645 time=1.4415087687741548e-01 dt=1.2478197055889203e-05
cycle=646 time=1.4416335507447137e-01 dt=1.2357717008702566e-05
cycle=647 time=1.4417571279148006e-01 dt=1.3898762489974674e-05
cycle=648 time=1.4418961155397003e-01 dt=1.7776692549778630e-05
cycle=649 time=1.4420738824651982e-01 dt=1.3615362987139503e-05
cycle=650 time=1.4422100360950696e-01 dt=1.1473145884243437e-05
cycle=651 time=1.4423247675539119e-01 dt=1.1025768071684244e-05
cycle=652 time=1.4424350252346288e-01 dt=1.1916406416134886e-05
cycle=653 time=1.4425541892987900e-01 dt=1.4131471708538645e-05
cycle=654 time=1.4426955040158754e-01 dt=1.7899220667595239e-05
cycle=655 time=1.4428744962225512e-01 dt=2.4695893831962669e-05
cycle=656 time=1.4431214551608709e-01 dt=2.3537714552013159e-05
cycle=657 time=1.4433568323063911e-01 dt=1.7324313803588521e-05
cycle=658 time=1.4435300754444269e-01 dt=1.3513985605558018e-05
cycle=659 time=1.4436652153004825e-01 dt=1.0757631665618175e-05
cycle=660 time=1.4437727916171386e-01 dt=9.2929102349829886e-06
cycle=661 time=1.4438657207194885e-01 dt=8.9433286239553801e-06
cycle=662 time=1.4439551540057280e-01 dt=9.6989176605412842e-06
cycle=663 time=1.4440521431823333e-01 dt=1.1862899751011293e-05
cycle=664 time=1.4441707721798436e-01 dt=1.5467378047740746e-05
cycle=665 time=1.4443254459603211e-01 dt=2.0597383962373766e-05
cycle=666 time=1.4445314197999448e-01 dt=2.7964368286477539e-05
cycle=667 time=1.4448110634828096e-01 dt=2.7892855892457548e-05
cycle=668 time=1.4450899920417343e-01 dt=2.7822871495709927e-05
cycle=669 time=1.4453682207566915e-01 dt=2.2405086174853802e-05
cycle=670 time=1.4455922716184400e-01 dt=1.8087045388677942e-05
cycle=671 time=1.4457731420723266e-01 dt=1.6492521818122838e-05
cycle=672 time=1.4459380672905078e-01 dt=1.6969284341365926e-05
cycle=673 time=1.4461077601339214e-01 dt=1.9383601572038688e-05
cycle=674 time=1.4463015961496417e-01 dt=2.3574264436161378e-05
cycle=675 time=1.4465373387940034e-01 dt=2.7476297617479770e-05
cycle=676 time=1.4468121017701782e-01 dt=2.7412999874097168e-05
cycle=677 time=1.4470862317689193e-01 dt=2.6497417663663346e-05
cycle=678 time=1.4473512059455559e-01 dt=2.5873048377471392e-05
cycle=679 time=1.4476099364293307e-01 dt=2.5715885171918633e-05
cycle=680 time=1.4478670952810499e-01 dt=2.6231858570170939e-05
cycle=681 time=1.4481294138667516e-01 dt=2.5515215766956411e-05
cycle=682 time=1.4483845660244213e-01 dt=2.6795129615565565e-05
cycle=683 time=1.4486525173205769e-01 dt=2.6355087722014607e-05
cycle=684 time=1.4489160681977969e-01 dt=2.5338833276191558e-05
cycle=685 time=1.4491694565305588e-01 dt=2.5456675499700072e-05
cycle=686 time=1.4494240232855557e-01 dt=2.6170381195927436e-05
cycle=687 time=1.4496857270975150e-01 dt=2.5913253237003759e-05
cycle=688 time=1.4499448596298850e-01 dt=2.4857593584727116e-05
cycle=689 time=1.4501934355657323e-01 dt=2.5439490665229538e-05
cycle=690 time=1.4504478304723845e-01 dt=2.6567075050328462e-05
cycle=691 time=1.4507135012228878e-01 dt=2.6507913215568987e-05
cycle=692 time=1.4509785803550435e-01 dt=2.4575248970042537e-05
cycle=693 time=1.4512243328447438e-01 dt=2.3375432085121615e-05
cycle=694 time=1.4514580871655949e-01 dt=2.3010419471550785e-05
cycle=695 time=1.4516881913603105e-01 dt=2.3209058131762165e-05
cycle=696 time=1.4519202819416283e-01 dt=2.3292895441712667e-05
cycle=697 time=1.4521532108960453e-01 dt=2.2999084943867672e-05
cycle=698 time=1.4523832017454841e-01 dt=2.3599251228594493e-05
cycle=699 time=1.4526191942577701e-01 dt=2.4191150165614148e-05
cycle=700 time=1.4528611057594262e-01 dt=2.2844140890773695e-05
cycle=701 time=1.4530895471683339e-01 dt=2.2119566641528139e-05
cycle=702 time=1.4533107428347491e-01 dt=2.2544587907091194e-05
cycle=703 time=1.4535361887138201e-01 dt=2.2248911780784145e-05
cycle=704 time=1.4537586778316280e-01 dt=2.2552004699081429e-05
cycle=705 time=1.4539841978786189e-01 dt=2.2433367752438243e-05
cycle=706 time=1.4542085315561432e-01 dt=2.1993261716951063e-05
cycle=707 time=1.4544284641733127e-01 dt=2.2842033684657686e-05
cycle=708 time=1.4546568845101593e-01 dt=2.5117888779814353e-05
cycle=709 time=1.4549080633979575e-01 dt=2.1958898159507216e-05
cycle=710 time=1.4551276523795525e-01 dt=2.0979527445840500e-05
cycle=711 time=1.4553374476540110e-01 dt=2.0180642619202270e-05
cycle=712 time=1.4555392540802028e-01 dt=2.0558085486024322e-05
cycle=713 time=1.4557448349350630e-01 dt=2.1938463940643588e-05
cycle=714 time=1.4559642195744693e-01 dt=2.2072418441073639e-05
cycle=715 time=1.4561849437588800e-01 dt=2.3047233448488403e-05
cycle=716 time=1.4564154160933648e-01 dt=1.9864080011953231e-05
cycle=717 time=1.4566140568934843e-01 dt=1.8217146543931475e-05
cycle=718 time=1.4567962283589236e-01 dt=1.8380871007747186e-05
cycle=719 time=1.4569800370690011e-01 dt=1.8966155742596863e-05
cycle=720 time=1.4571696986264271e-01 dt=2.1677311179165442e-05
cycle=721 time=1.4573864717382187e-01 dt=2.2973339525357802e-05
cycle=722 time=1.4576162051334723e-01 dt=2.3178500758101364e-05
cycle=723 time=1.4578479901410535e-01 dt=2.0995937449125506e-05
cycle=724 time=1.4580579495155446e-01 dt=1.9449066949171165e-05
cycle=725 time=1.4582524401850364e-01 dt=1.9770133193171924e-05
cycle=726 time=1.4584501415169682e-01 dt=1.9524608748142862e-05
cycle=727 time=1.4586453876044497e-01 dt=2.0263803125174562e-05
cycle=728 time=1.4588480256357014e-01 dt=2.2468201702487553e-05
cycle=729 time=1.4590727076527263e-01 dt=2.0403102447066249e-05
cycle=730 time=1.4592767386771968e-01 dt=1.6504607722033900e-05
cycle=731 time=1.4594417847544172e-01 dt=1.4898414449793446e-05
cycle=732 time=1.4595907688989151e-01 dt=1.4855672404356349e-05
cycle=733 time=1.4597393256229588e-01 dt=1.6210460829027369e-05
cycle=734 time=1.4599014302312491e-01 dt=1.9045051299848041e-05
cycle=735 time=1.4600918807442476e-01 dt=2.1116247663827820e-05
cycle=736 time=1.4603030432208858e-01 dt=1.8603951260928495e-05
cycle=737 time=1.4604890827334951e-01 dt=1.8008264609841032e-05
cycle=738 time=1.4606691653795936e-01 dt=1.7279682797835560e-05
cycle=739 time=1.4608419622075719e-01 dt=1.7109223143363919e-05
cycle=740 time=1.4610130544390054e-01 dt=1.7103160104804122e-05
cycle=741 time=1.4611840860400535e-01 dt=1.8660268440264681e-05
cycle=742 time=1.4613706887244562e-01 dt=1.9288649161795739e-05
cycle=743 time=1.4615635752160741e-01 dt=1.9724457617551450e-05
cycle=744 time=1.4617608197922496e-01 dt=1.8321068834939518e-05
cycle=745 time=1.4619440304805992e-01 dt=1.6742060996736355e-05
cycle=746 time=1.4621114510905667e-01 dt=1.6084963840498472e-05
cycle=747 time=1.4622723007289717e-01 dt=1.7228308785141325e-05
cycle=748 time=1.4624445838168232e-01 dt=1.6778347787266164e-05
cycle=749 time=1.4626123672946958e-01 dt=1.6355528726501259e-05
cycle=750 time=1.4627759225819609e-01 dt=1.6211255782984109e-05
cycle=751 time=1.4629380351397908e-01 dt=1.5223403194814632e-05
cycle=752 time=1.4630902691717390e-01 dt=1.5634305482110189e-05
cycle=753 time=1.4632466122265600e-01 dt=1.7200575059209047e-05
cycle=754 time=1.4634186179771522e-01 dt=1.9902509412500257e-05
cycle=755 time=1.4636176430712772e-01 dt=1.9553966292007331e-05
cycle=756 time=1.4638131827341971e-01 dt=1.7259585959859951e-05
cycle=757 time=1.4639857785937957e-01 dt=1.6262123812250967e-05
cycle=758 time=1.4641483998319182e-01 dt=1.5393264274521622e-05
cycle=759 time=1.4643023324746635e-01 dt=1.6110826192703010e-05
cycle=760 time=1.4644634407365906e-01 dt=1.6257883582790542e-05
cycle=761 time=1.4646260195724184e-01 dt=1.6736251688557559e-05
cycle=762 time=1.4647933820893039e-01 dt=1.4894232755037513e-05
cycle=763 time=1.4649423244168541e-01 dt=1.6892606050594055e-05
cycle=764 time=1.4651112504773600e-01 dt=1.8395563245906319e-05
cycle=765 time=1.4652952061098190e-01 dt=1.7378977116019270e-05
cycle=766 time=1.4654689958809791e-01 dt=1.7893298921914676e-05
cycle=767 time=1.4656479288701982e-01 dt=1.8027144360666374e-05
cycle=768 time=1.4658282003138048e-01 dt=1.7076318809942439e-05
cycle=769 time=1.4659989635019044e-01 dt=1.6240342551101732e-05
cycle=770 time=1.4661613669274154e-01 dt=1.6385732384600123e-05
cycle=771 time=1.4663252242512614e-01 dt=1.5201481715784194e-05
cycle=772 time=1.4664772390684191e-01 dt=1.5341993099218462e-05
cycle=773 time=1.4666306589994113e-01 dt=1.7196112616375409e-05
cycle=774 time=1.4668026201255752e-01 dt=1.7378398294879383e-05
cycle=775 time=1.4669764041085240e-01 dt=1.5935715434688593e-05
cycle=776 time=1.4671357612628708e-01 dt=1.5919234346179599e-05
cycle=777 time=1.4672949536063326e-01 dt=1.5454132692496413e-05
cycle=778 time=1.4674494949332575e-01 dt=1.5383782933213441e-05
cycle=779 time=1.4676033327625898e-01 dt=1.5602723117666871e-05
cycle=780 time=1.4677593599937666e-01 dt=1.4987199114768646e-05
cycle=781 time=1.4679092319849144e-01 dt=1.4567974611910996e-05
cycle=782 time=1.4680549117310335e-01 dt=1.3448990973131339e-05
cycle=783 time=1.4681894016407648e-01 dt=1.2575259339108151e-05
cycle=784 time=1.4683151542341560e-01 dt=1.1944728101060762e-05
cycle=785 time=1.4684346015151667e-01 dt=1.2354361241166075e-05
cycle=786 time=1.4685581451275784e-01 dt=1.3173834967266512e-05
cycle=787 time=1.4686898834772510e-01 dt=1.1786592473932288e-05
cycle=788 time=1.4688077494019905e-01 dt=1.0498872416919722e-05
cycle=789 time=1.4689127381261596e-01 dt=9.4776422831034548e-06
cycle=790 time=1.4690075145489906e-01 dt=8.7526349890985697e-06
cycle=791 time=1.4690950408988815e-01 dt=1.0094724680333378e-05
cycle=792 time=1.4691959881456848e-01 dt=1.3690658225576894e-05
cycle=793 time=1.4693328947279405e-01 dt=1.3345029036414583e-05
cycle=794 time=1.4694663450183046e-01 dt=1.1769019929416783e-05
cycle=795 time=1.4695840352175987e-01 dt=1.0302011262700635e-05
cycle=796 time=1.4696870553302258e-01 dt=1.0830006575065157e-05
cycle=797 time=1.4697953553959764e-01 dt=1.3745988559004973e-05
cycle=798 time=1.4699328152815663e-01 dt=1.6439392131879972e-05
cycle=799 time=1.4700972092028852e-01 dt=1.7819258305838168e-05
cycle=800 time=1.4702754017859437e-01 dt=1.6487247859103078e-05
cycle=801 time=1.4704402742645348e-01 dt=1.4888133509979997e-05
cycle=802 time=1.4705891555996345e-01 dt=1.2891211368690700e-05
cycle=803 time=1.4707180677133214e-01 dt=1.1827465848726133e-05
cycle=804 time=1.4708363423718085e-01 dt=1.1948501052495126e-05
cycle=805 time=1.4709558273823334e-01 dt=1.2652156182725183e-05
cycle=806 time=1.4710823489441607e-01 dt=1.2217972339746840e-05
cycle=807 time=1.4712045286675582e-01 dt=1.1271398833528159e-05
cycle=808 time=1.4713172426558935e-01 dt=1.0818256188839235e-05
cycle=809 time=1.4714254252177819e-01 dt=1.0795556422213930e-05
cycle=810 time=1.4715333807820041e-01 dt=1.1136120754006256e-05
cycle=811 time=1.4716447419895443e-01 dt=1.1780895000794353e-05
cycle=812 time=1.4717625509395521e-01 dt=1.2716906088734739e-05
cycle=813 time=1.4718897200004394e-01 dt=1.4017835962786178e-05
cycle=814 time=1.4720298983600671e-01 dt=1.5704037522034508e-05
cycle=815 time=1.4721869387352876e-01 dt=1.4216944159144744e-05
cycle=816 time=1.4723291081768791e-01 dt=1.2727028221796082e-05
cycle=817 time=1.4724563784590972e-01 dt=1.2194566787811472e-05
cycle=818 time=1.4725783241269752e-01 dt=1.2957138324690941e-05
cycle=819 time=1.4727078955102221e-01 dt=1.3113977322039754e-05
cycle=820 time=1.4728390352834425e-01 dt=1.3659842453214591e-05
cycle=821 time=1.4729756337079747e-01 dt=1.4663053937111103e-05
cycle=822 time=1.4731222642473457e-01 dt=1.4441553587624393e-05
cycle=823 time=1.4732666797832220e-01 dt=1.3533573815424795e-05
cycle=824 time=1.4734020155213762e-01 dt=1.2682552600197736e-05
cycle=825 time=1.4735288410473782e-01 dt=1.2098984343107133e-05
cycle=826 time=1.4736498308908091e-01 dt=1.1709864212203350e-05
cycle=827 time=1.4737669295329311e-01 dt=1.1433576596255297e-05
cycle=828 time=1.4738812652988936e-01 dt=1.1212667159023145e-05
cycle=829 time=1.4739933919704840e-01 dt=1.1389817967269557e-05
cycle=830 time=1.4741072901501567e-01 dt=1.2457360606119543e-05
cycle=831 time=1.4742318637562180e-01 dt=1.4356471639164904e-05
cycle=832 time=1.4743754284726096e-01 dt=1.4527694436343126e-05
cycle=833 time=1.4745207054169732e-01 dt=1.4221730025302904e-05
cycle=834 time=1.4746629227172262e-01 dt=1.4318561159012794e-05
cycle=835 time=1.4748061083288164e-01 dt=1.3830482464577351e-05
cycle=836 time=1.4749444131534623e-01 dt=1.3893060652803869e-05
cycle=837 time=1.4750833437599903e-01 dt=1.3119930824170652e-05
cycle=838 time=1.4752145430682320e-01 dt=1.2553849065179742e-05
cycle=839 time=1.4753400815588838e-01 dt=1.2170438630076104e-05
cycle=840 time=1.4754617859451846e-01 dt=1.1910258673470691e-05
cycle=841 time=1.4755808885319194e-01 dt=1.1717138110942633e-05
cycle=842 time=1.4756980599130287e-01 dt=1.0881945455384336e-05
cycle=843 time=1.4758068793675824e-01 dt=9.7682350683359278e-06
cycle=844 time=1.4759045617182659e-01 dt=8.9077070346712560e-06
cycle=845 time=1.4759936387886127e-01 dt=8.3234853742770760e-06
cycle=846 time=1.4760768736423555e-01 dt=7.8632438590996131e-06
cycle=847 time=1.4761555060809464e-01 dt=7.5162548434422682e-06
cycle=848 time=1.4762306686293808e-01 dt=7.4904461609776895e-06
cycle=849 time=1.4763055730909905e-01 dt=7.7734806401859393e-06
cycle=850 time=1.4763833078973923e-01 dt=8.3653785237595189e-06
cycle=851 time=1.4764669616826298e-01 dt=9.1687925866351047e-06
cycle=852 time=1.4765586496084962e-01 dt=1.0284990063367416e-05
cycle=853 time=1.4766614995091298e-01 dt=1.1810333760246717e-05
cycle=854 time=1.4767796028467323e-01 dt=1.3287662197948324e-05
cycle=855 time=1.4769124794687116e-01 dt=1.2272389600291595e-05
cycle=856 time=1.4770352033647147e-01 dt=1.1177153610196904e-05
cycle=857 time=1.4771469749008168e-01 dt=9.2621230980773777e-06
cycle=858 time=1.4772395961317974e-01 dt=7.8430044108359824e-06
cycle=859 time=1.4773180261759059e-01 dt=7.0758489698647793e-06
cycle=860 time=1.4773887846656045e-01 dt=6.7327241424203939e-06
cycle=861 time=1.4774561119070287e-01 dt=6.5403313875367863e-06
cycle=862 time=1.4775215152209040e-01 dt=6.4040772472445210e-06
cycle=863 time=1.4775855559933765e-01 dt=6.7667266782404544e-06
cycle=864 time=1.4776532232601589e-01 dt=8.3479339310800121e-06
cycle=865 time=1.4777367025994698e-01 dt=1.0314376645722096e-05
cycle=866 time=1.4778398463659270e-01 dt=1.0678190518430154e-05
cycle=867 time=1.4779466282711112e-01 dt=1.1051406239558028e-05
cycle=868 time=1.4780571423335068e-01 dt=1.0779584859408135e-05
cycle=869 time=1.4781649381821008e-01 dt=1.1313640603055529e-05
cycle=870 time=1.4782780745881313e-01 dt=1.0639635182290516e-05
cycle=871 time=1.4783844709399543e-01 dt=1.0010706568914465e-05
cycle=872 time=1.4784845780056435e-01 dt=9.5371091426297436e-06
cycle=873 time=1.4785799490970700e-01 dt=9.2571053242915056e-06
cycle=874 time=1.4786725201503129e-01 dt=9.1407807298744104e-06
cycle=875 time=1.4787639279576117e-01 dt=9.1360305517333254e-06
cycle=876 time=1.4788552882631290e-01 dt=9.1918645765392850e-06
cycle=877 time=1.4789472069088944e-01 dt=9.2688861476223186e-06
cycle=878 time=1.4790398957703707e-01 dt=9.3417527953943828e-06
cycle=879 time=1.4791333132983248e-01 dt=9.3977543996599694e-06
cycle=880 time=1.4792272908423212e-01 dt=9.4336684809544113e-06
cycle=881 time=1.4793216275271309e-01 dt=9.4522744454117822e-06
cycle=882 time=1.4794161502715850e-01 dt=9.4592209960221096e-06
cycle=883 time=1.4795107424815451e-01 dt=9.4607408688746305e-06
cycle=884 time=1.4796053498902340e-01 dt=8.5800857499829073e-06
cycle=885 time=1.4796911507477337e-01 dt=8.0064681658448475e-06
cycle=886 time=1.4797712154293921e-01 dt=8.9177729099007487e-06
cycle=887 time=1.4798603931584911e-01 dt=9.9988855266648856e-06
cycle=888 time=1.4799603820137577e-01 dt=1.0189425073037794e-05
cycle=889 time=1.4800622762644880e-01 dt=1.0200188522741365e-05
cycle=890 time=1.4801642781497154e-01 dt=1.0099224969767713e-05
cycle=891 time=1.4802652703994132e-01 dt=9.9506445655923656e-06
cycle=892 time=1.4803647768450692e-01 dt=9.8043545266223008e-06
cycle=893 time=1.4804628203903356e-01 dt=9.6919373533073465e-06
cycle=894 time=1.4805597397638687e-01 dt=9.6275413482140446e-06
cycle=895 time=1.4806560151773507e-01 dt=9.6114699508936958e-06
cycle=896 time=1.4807521298768597e-01 dt=9.6352435320038316e-06
cycle=897 time=1.4808484823121798e-01 dt=9.6863894157986220e-06
cycle=898 time=1.4809453462063377e-01 dt=9.7521393397246721e-06
cycle=899 time=1.4810428675997350e-01 dt=9.8217965507047544e-06
cycle=900 time=1.4811410855652421e-01 dt=9.8878244670524436e-06
cycle=901 time=1.4812399638099127e-01 dt=9.9462162921396918e-06
cycle=902 time=1.4813394259728341e-01 dt=9.9959669174140626e-06
cycle=903 time=1.4814393856420083e-01 dt=8.7961651014896529e-06
cycle=904 time=1.4815273472930232e-01 dt=7.7661919947509352e-06
cycle=905 time=1.4816050092129707e-01 dt=7.0156334140392308e-06
cycle=906 time=1.4816751655471111e-01 dt=6.8273950997152102e-06
cycle=907 time=1.4817434394981083e-01 dt=7.8498649266969862e-06
cycle=908 time=1.4818219381473752e-01 dt=1.0348375382694423e-05
cycle=909 time=1.4819254219012021e-01 dt=1.2841829323318897e-05
cycle=910 time=1.4820538401944353e-01 dt=1.2255743433455614e-05
cycle=911 time=1.4821763976287697e-01 dt=1.1026783079514929e-05
cycle=912 time=1.4822866654595648e-01 dt=9.9424185010000770e-06
cycle=913 time=1.4823860896445748e-01 dt=9.1401791604906701e-06
cycle=914 time=1.4824774914361796e-01 dt=8.6406696887602691e-06
cycle=915 time=1.4825638981330672e-01 dt=8.3821453452728270e-06
cycle=916 time=1.4826477195865198e-01 dt=8.5290835735503400e-06
cycle=917 time=1.4827330104222552e-01 dt=9.1830564790889042e-06
cycle=918 time=1.4828248409870462e-01 dt=1.0372215274650801e-05
cycle=919 time=1.4829285631397926e-01 dt=1.0323754700182557e-05
cycle=920 time=1.4830318006867943e-01 dt=9.6824171786114749e-06
cycle=921 time=1.4831286248585804e-01 dt=9.0897535083624243e-06
cycle=922 time=1.4832195223936639e-01 dt=8.6292239590107909e-06
cycle=923 time=1.4833058146332539e-01 dt=8.3092771791251056e-06
cycle=924 time=1.4833889074050452e-01 dt=8.0983932554659003e-06
cycle=925 time=1.4834698913375999e-01 dt=7.9534516710710058e-06
cycle=926 time=1.4835494258543105e-01 dt=7.8438286115324914e-06
cycle=927 time=1.4836278641404257e-01 dt=7.7517608922541659e-06
cycle=928 time=1.4837053817493484e-01 dt=7.6668227201693594e-06
cycle=929 time=1.4837820499765500e-01 dt=7.7004682212043289e-06
cycle=930 time=1.4838590546587621e-01 dt=8.0467268122921178e-06
cycle=931 time=1.4839395219268850e-01 dt=8.7390068569330398e-06
cycle=932 time=1.4840269119954544e-01 dt=9.8171997495847632e-06
cycle=933 time=1.4841250839929501e-01 dt=9.6660167846918652e-06
cycle=934 time=1.4842217441607972e-01 dt=1.1125717258071837e-05
cycle=935 time=1.4843330013333778e-01 dt=1.0772065049582650e-05
cycle=936 time=1.4844407219838734e-01 dt=9.7126611672442255e-06
cycle=937 time=1.4845378485955460e-01 dt=8.8474624326881707e-06
cycle=938 time=1.4846263232198728e-01 dt=8.2535471351674002e-06
cycle=939 time=1.4847088586912244e-01 dt=7.9209128789951868e-06
cycle=940 time=1.4847880678200143e-01 dt=7.7404569410889777e-06
cycle=941 time=1.4848654723894253e-01 dt=7.6318333093366803e-06
cycle=942 time=1.4849417907225188e-01 dt=7.5525000850014081e-06
cycle=943 time=1.4850173157233687e-01 dt=7.4907353717220818e-06
cycle=944 time=1.4850922230770860e-01 dt=7.4425749397672420e-06
cycle=945 time=1.4851666488264836e-01 dt=7.4000395832041989e-06
cycle=946 time=1.4852406492223158e-01 dt=7.3562908297331391e-06
cycle=947 time=1.4853142121306132e-01 dt=7.3091355515034450e-06
cycle=948 time=1.4853873034861281e-01 dt=7.2607527030796025e-06
cycle=949 time=1.4854599110131589e-01 dt=7.2092895718700190e-06
cycle=950 time=1.4855320039088776e-01 dt=7.1520723053767148e-06
cycle=951 time=1.4856035246319313e-01 dt=7.0912567348304499e-06
cycle=952 time=1.4856744371992797e-01 dt=7.0291579000234261e-06
cycle=953 time=1.4857447287782799e-01 dt=6.9677846234623828e-06
cycle=954 time=1.4858144066245146e-01 dt=6.9086323895883379e-06
cycle=955 time=1.4858834929484105e-01 dt=6.8525557521192587e-06
cycle=956 time=1.4859520185059316e-01 dt=6.7998848775777510e-06
cycle=957 time=1.4860200173547075e-01 dt=6.7505594865301317e-06
cycle=958 time=1.4860875229495729e-01 dt=6.7367891154218479e-06
cycle=959 time=1.4861548908407271e-01 dt=6.9072207495544927e-06
cycle=960 time=1.4862239630482227e-01 dt=7.3182794174170088e-06
cycle=961 time=1.4862971458423968e-01 dt=8.0268409221390082e-06
cycle=962 time=1.4863774142516181e-01 dt=9.0934814265744692e-06
cycle=963 time=1.4864683490658839e-01 dt=1.0565426633432421e-05
cycle=964 time=1.4865740033322183e-01 dt=1.1605613593600212e-05
cycle=965 time=1.4866900594681542e-01 dt=9.8447287468935383e-06
cycle=966 time=1.4867885067556233e-01 dt=9.5400294028266176e-06
cycle=967 time=1.4868839070496515e-01 dt=8.4991203710485163e-06
cycle=968 time=1.4869688982533619e-01 dt=7.9440468325679671e-06
cycle=969 time=1.4870483387216876e-01 dt=7.9108128036545046e-06
cycle=970 time=1.4871274468497242e-01 dt=8.3743320918514274e-06
cycle=971 time=1.4872111901706428e-01 dt=9.4413550836755161e-06
cycle=972 time=1.4873056037214796e-01 dt=1.0457242811936749e-05
cycle=973 time=1.4874101761495989e-01 dt=9.7167530174628815e-06
cycle=974 time=1.4875073436797737e-01 dt=8.9354344021198561e-06
cycle=975 time=1.4875966980237948e-01 dt=8.2816570890359781e-06
cycle=976 time=1.4876795145946853e-01 dt=7.8193507048405929e-06
cycle=977 time=1.4877577081017337e-01 dt=7.5407198891750801e-06
cycle=978 time=1.4878331153006255e-01 dt=7.1100935028514928e-06
cycle=979 time=1.4879042162356540e-01 dt=6.7119226386964951e-06
cycle=980 time=1.4879713354620411e-01 dt=6.4335555015663160e-06
cycle=981 time=1.4880356710170567e-01 dt=6.2457715259346970e-06
cycle=982 time=1.4880981287323161e-01 dt=6.1122239385974046e-06
cycle=983 time=1.4881592509717020e-01 dt=6.0071359604361767e-06
cycle=984 time=1.4882193223313064e-01 dt=5.9139234058721834e-06
cycle=985 time=1.4882784615653652e-01 dt=5.8222679477616038e-06
cycle=986 time=1.4883366842448428e-01 dt=5.7267893765020351e-06
cycle=987 time=1.4883939521386078e-01 dt=5.6256268471226415e-06
cycle=988 time=1.4884502084070789e-01 dt=5.8092692323198208e-06
cycle=989 time=1.4885083010994021e-01 dt=6.7211451639813507e-06
cycle=990 time=1.4885755125510419e-01 dt=8.7590366859121023e-06
cycle=991 time=1.4886631029179009e-01 dt=9.6986475587904060e-06
cycle=992 time=1.4887600893934888e-01 dt=9.0297607713270365e-06
cycle=993 time=1.4888503870012021e-01 dt=8.0902283492121795e-06
cycle=994 time=1.4889312892846943e-01 dt=7.3663858883352700e-06
cycle=995 time=1.4890049531435776e-01 dt=6.8735866219698944e-06
cycle=996 time=1.4890736890097972e-01 dt=6.4751229507334286e-06
cycle=997 time=1.4891384402393046e-01 dt=6.2671646127064939e-06
cycle=998 time=1.4892011118854317e-01 dt=6.1730819567577688e-06
cycle=999 time=1.4892628427049992e-01 dt=6.1390902547951384e-06
cycle=1000 time=1.4893242336075471e-01 dt=6.1371375987595051e-06
cycle=1001 time=1.4893856049835347e-01 dt=6.1572363749105605e-06
cycle=1002 time=1.4894471773472837e-01 dt=6.1823525399899191e-06
cycle=1003 time=1.4895090008726836e-01 dt=6.1999284738717400e-06
cycle=1004 time=1.4895710001574222e-01 dt=6.2036051050761029e-06
cycle=1005 time=1.4896330362084731e-01 dt=6.1918523270421326e-06
cycle=1006 time=1.4896949547317434e-01 dt=6.1663401341054249e-06
cycle=1007 time=1.4897566181330846e-01 dt=6.1305165025960164e-06
cycle=1008 time=1.4898179232981104e-01 dt=6.0884110812175273e-06
cycle=1009 time=1.4898788074089225e-01 dt=6.0438022788641333e-06
cycle=1010 time=1.4899392454317112e-01 dt=5.9993248868336508e-06
cycle=1011 time=1.4899992386805797e-01 dt=5.9561846074545090e-06
cycle=1012 time=1.4900588005266541e-01 dt=5.9161768103681702e-06
cycle=1013 time=1.4901179622947577e-01 dt=5.8803090620892623e-06
cycle=1014 time=1.4901767653853787e-01 dt=5.8488770186916755e-06
cycle=1015 time=1.4902352541555655e-01 dt=5.8216741997260188e-06
cycle=1016 time=1.4902934708975626e-01 dt=5.7978466876641537e-06
cycle=1017 time=1.4903514493644393e-01 dt=5.7765012185701519e-06
cycle=1018 time=1.4904092143766251e-01 dt=5.7576708812039754e-06
cycle=1019 time=1.4904667910854372e-01 dt=5.7409255849914860e-06
cycle=1020 time=1.4905242003412872e-01 dt=5.7259132116722979e-06
cycle=1021 time=1.4905814594734040e-01 dt=5.7123772463773299e-06
cycle=1022 time=1.4906385832458677e-01 dt=5.7114942294721849e-06
cycle=1023 time=1.4906956981881625e-01 dt=5.8871231231230629e-06
cycle=1024 time=1.4907545694193938e-01 dt=6.3261085758220706e-06
cycle=1025 time=1.4908178305051520e-01 dt=7.1493514772373164e-06
cycle=1026 time=1.4908893240199245e-01 dt=8.5162969127810448e-06
cycle=1027 time=1.4909744869890523e-01 dt=1.0557114898883435e-05
cycle=1028 time=1.4910800581380412e-01 dt=1.1172149415075679e-05
cycle=1029 time=1.4911917796321919e-01 dt=9.8387836689003395e-06
cycle=1030 time=1.4912901674688808e-01 dt=9.9509396932917797e-06
cycle=1031 time=1.4913896768658139e-01 dt=8.7021411139072337e-06
cycle=1032 time=1.4914766982769528e-01 dt=7.7679970262649002e-06
cycle=1033 time=1.4915543782472154e-01 dt=7.2087340261129964e-06
cycle=1034 time=1.4916264655874767e-01 dt=6.9282500824911514e-06
cycle=1035 time=1.4916957480883017e-01 dt=6.7741128099079764e-06
cycle=1036 time=1.4917634892164008e-01 dt=6.6726006828295460e-06
cycle=1037 time=1.4918302152232291e-01 dt=6.5922242530645041e-06
cycle=1038 time=1.4918961374657597e-01 dt=6.5187649322915449e-06
cycle=1039 time=1.4919613251150826e-01 dt=6.4519733998832377e-06
cycle=1040 time=1.4920258448490814e-01 dt=6.3912736007536807e-06
cycle=1041 time=1.4920897575850889e-01 dt=6.3295265526043401e-06
cycle=1042 time=1.4921530528506149e-01 dt=6.2615361355407471e-06
cycle=1043 time=1.4922156682119703e-01 dt=6.1856360155674744e-06
cycle=1044 time=1.4922775245721259e-01 dt=6.1026843852753328e-06
cycle=1045 time=1.4923385514159787e-01 dt=6.0148890696978957e-06
cycle=1046 time=1.4923987003066758e-01 dt=5.9248612546963416e-06
cycle=1047 time=1.4924579489192227e-01 dt=5.8495394015366993e-06
cycle=1048 time=1.4925164443132380e-01 dt=6.0332130592916675e-06
cycle=1049 time=1.4925767764438308e-01 dt=6.4154987529490161e-06
cycle=1050 time=1.4926409314313602e-01 dt=6.2308785432356146e-06
cycle=1051 time=1.4927032402167925e-01 dt=5.9968347661750851e-06
cycle=1052 time=1.4927632085644543e-01 dt=5.7601281536625789e-06
cycle=1053 time=1.4928208098459911e-01 dt=5.6190035859666142e-06
cycle=1054 time=1.4928769998818509e-01 dt=5.6957310377664973e-06
cycle=1055 time=1.4929339571922284e-01 dt=6.0902086630111083e-06
cycle=1056 time=1.4929948592788586e-01 dt=6.9211976429984219e-06
cycle=1057 time=1.4930640712552887e-01 dt=8.3511529097851368e-06
cycle=1058 time=1.4931475827843865e-01 dt=1.0309267765057364e-05
cycle=1059 time=1.4932506754620370e-01 dt=9.2766744748871764e-06
cycle=1060 time=1.4933434422067859e-01 dt=8.1134592876511665e-06
cycle=1061 time=1.4934245767996623e-01 dt=7.0809685270242204e-06
cycle=1062 time=1.4934953864849326e-01 dt=6.2870329413150226e-06
cycle=1063 time=1.4935582568143457e-01 dt=5.8218877919192997e-06
cycle=1064 time=1.4936164756922649e-01 dt=5.6025973709774988e-06
cycle=1065 time=1.4936725016659747e-01 dt=5.4929872194304089e-06
cycle=1066 time=1.4937274315381691e-01 dt=5.4327850288315375e-06
cycle=1067 time=1.4937817593884573e-01 dt=5.3963923875638420e-06
cycle=1068 time=1.4938357233123328e-01 dt=5.3707470266537258e-06
cycle=1069 time=1.4938894307825995e-01 dt=5.3488589086515125e-06
cycle=1070 time=1.4939429193716861e-01 dt=5.3289492374273795e-06
cycle=1071 time=1.4939962088640604e-01 dt=5.3113837854041622e-06
cycle=1072 time=1.4940493227019144e-01 dt=5.3059330693698661e-06
cycle=1073 time=1.4941023820326083e-01 dt=5.3088659625935059e-06
cycle=1074 time=1.4941554706922341e-01 dt=5.3122420420953035e-06
cycle=1075 time=1.4942085931126550e-01 dt=5.3079411367501203e-06
cycle=1076 time=1.4942616725240226e-01 dt=5.3378515524266189e-06
cycle=1077 time=1.4943150510395470e-01 dt=5.6189844398642835e-06
cycle=1078 time=1.4943712408839457e-01 dt=6.2935342560151769e-06
cycle=1079 time=1.4944341762265059e-01 dt=7.5421160444892305e-06
cycle=1080 time=1.4945095973869507e-01 dt=7.7632352338021858e-06
cycle=1081 time=1.4945872297392887e-01 dt=7.4330705386860498e-06
cycle=1082 time=1.4946615604446756e-01 dt=6.9950626786133693e-06
cycle=1083 time=1.4947315110714618e-01 dt=6.5385134699146692e-06
cycle=1084 time=1.4947968962061609e-01 dt=6.1351200006558810e-06
cycle=1085 time=1.4948582474061675e-01 dt=5.8348177961106007e-06
cycle=1086 time=1.4949165955841287e-01 dt=5.6514724600931606e-06
cycle=1087 time=1.4949731103087296e-01 dt=5.5737253111910556e-06
cycle=1088 time=1.4950288475618415e-01 dt=5.5757268791666965e-06
cycle=1089 time=1.4950846048306332e-01 dt=5.6285537456248266e-06
cycle=1090 time=1.4951408903680893e-01 dt=5.7066893960228521e-06
cycle=1091 time=1.4951979572620497e-01 dt=5.7900139317778933e-06
cycle=1092 time=1.4952558574013675e-01 dt=5.9964899025686303e-06
cycle=1093 time=1.4953158223003932e-01 dt=6.4686380102784966e-06
cycle=1094 time=1.4953805086804958e-01 dt=7.3507618827620404e-06
cycle=1095 time=1.4954540162993235e-01 dt=8.7788088610736143e-06
cycle=1096 time=1.4955418043879343e-01 dt=8.4870402349364223e-06
cycle=1097 time=1.4956266747902836e-01 dt=8.0414744355005614e-06
cycle=1098 time=1.4957070895346386e-01 dt=7.6052857372765589e-06
cycle=1099 time=1.4957831423920115e-01 dt=7.1842127715453516e-06
cycle=1100 time=1.4958549845197269e-01 dt=6.8124485456762859e-06
cycle=1101 time=1.4959231090051836e-01 dt=6.5336224946855894e-06
cycle=1102 time=1.4959884452301306e-01 dt=6.1882158643281315e-06
cycle=1103 time=1.4960503273887737e-01 dt=5.9474359793145459e-06
cycle=1104 time=1.4961098017485669e-01 dt=5.8056868935881695e-06
cycle=1105 time=1.4961678586175028e-01 dt=5.7312672150488864e-06
cycle=1106 time=1.4962251712896532e-01 dt=5.6993782180115717e-06
cycle=1107 time=1.4962821650718333e-01 dt=5.6905030458175366e-06
cycle=1108 time=1.4963390701022916e-01 dt=5.6881994962201158e-06
cycle=1109 time=1.4963959520972539e-01 dt=5.6845219702194267e-06
cycle=1110 time=1.4964527973169561e-01 dt=5.6744285217573608e-06
cycle=1111 time=1.4965095416021737e-01 dt=5.6563953216025844e-06
cycle=1112 time=1.4965661055553897e-01 dt=5.6312090428341538e-06
cycle=1113 time=1.4966224176458182e-01 dt=5.6009654925833152e-06
cycle=1114 time=1.4966784273007441e-01 dt=5.5682153936923907e-06
cycle=1115 time=1.4967341094546810e-01 dt=5.5353940812036254e-06
cycle=1116 time=1.4967894633954931e-01 dt=5.5044582454496106e-06
cycle=1117 time=1.4968445079779477e-01 dt=5.6448238003017763e-06
cycle=1118 time=1.4969009562159508e-01 dt=6.0373943084743157e-06
cycle=1119 time=1.4969613301590354e-01 dt=6.8681356552111914e-06
cycle=1120 time=1.4970300115155874e-01 dt=8.2324449971264042e-06
cycle=1121 time=1.4971123359655586e-01 dt=8.1139241982600716e-06
cycle=1122 time=1.4971934752075411e-01 dt=7.8454228964871536e-06
cycle=1123 time=1.4972719294365058e-01 dt=7.5543916073412778e-06
cycle=1124 time=1.4973474733525793e-01 dt=7.3156399051280893e-06
cycle=1125 time=1.4974206297516307e-01 dt=7.2064362618980839e-06
cycle=1126 time=1.4974926941142497e-01 dt=7.2990781498079961e-06
cycle=1127 time=1.4975656848957478e-01 dt=7.6534624853065258e-06
cycle=1128 time=1.4976422195206007e-01 dt=7.2214095424313355e-06
cycle=1129 time=1.4977144336160250e-01 dt=6.8225455135624542e-06
cycle=1130 time=1.4977826590711607e-01 dt=6.5001700286119001e-06
cycle=1131 time=1.4978476607714469e-01 dt=6.2712247158834428e-06
cycle=1132 time=1.4979103730186058e-01 dt=6.1210021811523131e-06
cycle=1133 time=1.4979715830404172e-01 dt=6.0207755930813134e-06
cycle=1134 time=1.4980317907963481e-01 dt=5.9510688367330135e-06
cycle=1135 time=1.4980913014847155e-01 dt=5.8999618715092461e-06
cycle=1136 time=1.4981503011034306e-01 dt=5.8602172763241678e-06
cycle=1137 time=1.4982089032761939e-01 dt=5.8268238239873274e-06
cycle=1138 time=1.4982671715144338e-01 dt=5.7954037848585439e-06
cycle=1139 time=1.4983251255522825e-01 dt=5.7628723500908682e-06
cycle=1140 time=1.4983827542757835e-01 dt=5.7285920149343050e-06
cycle=1141 time=1.4984400401959330e-01 dt=5.6923281119584412e-06
cycle=1142 time=1.4984969634770526e-01 dt=5.6543170368347346e-06
cycle=1143 time=1.4985535066474209e-01 dt=5.6151675379968937e-06
cycle=1144 time=1.4986096583228009e-01 dt=5.5787655063056229e-06
cycle=1145 time=1.4986654459778639e-01 dt=5.5443553687808726e-06
cycle=1146 time=1.4987208895315518e-01 dt=5.5110540010184204e-06
cycle=1147 time=1.4987760000715619e-01 dt=5.4783709616790629e-06
cycle=1148 time=1.4988307837811787e-01 dt=5.4461119308394699e-06
cycle=1149 time=1.4988852449004872e-01 dt=5.4142862286955763e-06
cycle=1150 time=1.4989393877627741e-01 dt=5.4272763374204364e-06
cycle=1151 time=1.4989936605261484e-01 dt=5.5115416670211971e-06
cycle=1152 time=1.4990487759428187e-01 dt=5.7217159995181240e-06
cycle=1153 time=1.4991059931028139e-01 dt=6.1763332932733553e-06
cycle=1154 time=1.4991677564357467e-01 dt=6.9735024986618798e-06
cycle=1155 time=1.4992374914607334e-01 dt=7.5325783746605360e-06
cycle=1156 time=1.4993128172444800e-01 dt=6.6089342736668560e-06
cycle=1157 time=1.4993789065872168e-01 dt=5.6498033660742190e-06
cycle=1158 time=1.4994354046208774e-01 dt=4.8348346576850791e-06
cycle=1159 time=1.4994837529674543e-01 dt=4.3385367226534563e-06
cycle=1160 time=1.4995271383346809e-01 dt=4.1425578469154272e-06
cycle=1161 time=1.4995685639131501e-01 dt=4.0306697058468245e-06
cycle=1162 time=1.4996088706102084e-01 dt=3.9496965818444104e-06
cycle=1163 time=1.4996483675760269e-01 dt=3.8924768073887397e-06
cycle=1164 time=1.4996872923441007e-01 dt=3.8530581492789289e-06
cycle=1165 time=1.4997258229255936e-01 dt=3.8264371277088887e-06
cycle=1166 time=1.4997640872968707e-01 dt=3.8083978862624811e-06
cycle=1167 time=1.4998021712757334e-01 dt=3.7955116545069586e-06
cycle=1168 time=1.4998401263922784e-01 dt=3.7848923063405282e-06
cycle=1169 time=1.4998779753153418e-01 dt=3.7655897610312793e-06
cycle=1170 time=1.4999156312129522e-01 dt=3.7598920414858052e-06
cycle=1171 time=1.4999532301333671e-01 dt=4.0960019985863442e-06
cycle=1172 time=1.4999941901533528e-01 dt=4.9300003704396377e-06
cycle=1173 time=1.5000434901570572e-01 dt=6.0735294961827277e-06
cycle=1174 time=1.5001042254520192e-01 dt=6.8264166256448996e-06
cycle=1175 time=1.5001724896182755e-01 dt=8.6485803477141035e-06
cycle=1176 time=1.5002589754217527e-01 dt=9.4550638295655972e-06
cycle=1177 time=1.5003535260600484e-01 dt=8.0805685386469631e-06
cycle=1178 time=1.5004343317454349e-01 dt=6.6287816442104816e-06
cycle=1179 time=1.5005006195618770e-01 dt=5.3375735625305060e-06
cycle=1180 time=1.5005539952975022e-01 dt=4.4419056981587381e-06
cycle=1181 time=1.5005984143544837e-01 dt=4.2217810035437128e-06
cycle=1182 time=1.5006406321645191e-01 dt=4.3549185387638252e-06
cycle=1183 time=1.5006841813499067e-01 dt=4.5981115089267048e-06
cycle=1184 time=1.5007301624649960e-01 dt=5.1662728388109865e-06
cycle=1185 time=1.5007818251933841e-01 dt=4.8942145990593023e-06
cycle=1186 time=1.5008307673393748e-01 dt=4.6299934305532817e-06
cycle=1187 time=1.5008770672736804e-01 dt=4.4012622181798137e-06
cycle=1188 time=1.5009210798958622e-01 dt=4.2219473692538587e-06
cycle=1189 time=1.5009632993695549e-01 dt=4.0915656819688467e-06
cycle=1190 time=1.5010042150263744e-01 dt=3.9996207304445316e-06
cycle=1191 time=1.5010442112336789e-01 dt=3.9295247508985415e-06
cycle=1192 time=1.5010835064811878e-01 dt=3.8742821626520932e-06
cycle=1193 time=1.5011222493028142e-01 dt=3.9496736795698215e-06
cycle=1194 time=1.5011617460396098e-01 dt=4.4965351745001035e-06
cycle=1195 time=1.5012067113913549e-01 dt=5.8701276603239265e-06
cycle=1196 time=1.5012654126679581e-01 dt=8.0539601908710769e-06
cycle=1197 time=1.5013459522698669e-01 dt=9.0866993961354487e-06
cycle=1198 time=1.5014368192638283e-01 dt=1.0150951461677694e-05
cycle=1199 time=1.5015383287784451e-01 dt=9.6085395809420154e-06
cycle=1200 time=1.5016344141742544e-01 dt=8.2369757347132690e-06
cycle=1201 time=1.5017167839316015e-01 dt=7.1271008327320037e-06
cycle=1202 time=1.5017880549399287e-01 dt=6.0968413043174363e-06
cycle=1203 time=1.5018490233529719e-01 dt=5.2881432362081270e-06
cycle=1204 time=1.5019019047853341e-01 dt=4.9870020535426445e-06
cycle=1205 time=1.5019517748058694e-01 dt=4.8489230014229381e-06
cycle=1206 time=1.5020002640358837e-01 dt=4.7539504891023072e-06
cycle=1207 time=1.5020478035407747e-01 dt=4.6858918195269421e-06
cycle=1208 time=1.5020946624589701e-01 dt=4.6361160739713551e-06
cycle=1209 time=1.5021410236197097e-01 dt=4.5980714268005245e-06
cycle=1210 time=1.5021870043339777e-01 dt=4.5552801793583437e-06
cycle=1211 time=1.5022325571357714e-01 dt=4.4991345733524536e-06
cycle=1212 time=1.5022775484815049e-01 dt=4.4465499252621451e-06
cycle=1213 time=1.5023220139807575e-01 dt=4.3953814305100647e-06
cycle=1214 time=1.5023659677950627e-01 dt=4.3383489593772209e-06
cycle=1215 time=1.5024093512846565e-01 dt=4.2729699166706580e-06
cycle=1216 time=1.5024520809838232e-01 dt=4.1994742678010477e-06
cycle=1217 time=1.5024940757265012e-01 dt=4.1213863861623589e-06
cycle=1218 time=1.5025352895903629e-01 dt=4.0408818408714731e-06
cycle=1219 time=1.5025756984087715e-01 dt=4.4102853485167830e-06
cycle=1220 time=1.5026198012622566e-01 dt=5.4301696749285116e-06
cycle=1221 time=1.5026741029590060e-01 dt=7.6635107420039461e-06
cycle=1222 time=1.5027507380664260e-01 dt=1.1079867143378236e-05
cycle=1223 time=1.5028615367378598e-01 dt=9.6158143528708971e-06
cycle=1224 time=1.5029576948813886e-01 dt=8.3080463046139390e-06
cycle=1225 time=1.5030407753444347e-01 dt=7.1910204491556840e-06
cycle=1226 time=1.5031126855489263e-01 dt=6.3421858715611755e-06
cycle=1227 time=1.5031761074076419e-01 dt=5.8399020571129789e-06
cycle=1228 time=1.5032345064282129e-01 dt=5.6150006756778267e-06
cycle=1229 time=1.5032906564349696e-01 dt=5.5189079379176959e-06
cycle=1230 time=1.5033458455143489e-01 dt=5.4803331450995731e-06
cycle=1231 time=1.5034006488457999e-01 dt=5.4660856054115956e-06
cycle=1232 time=1.5034553097018541e-01 dt=5.4604058992263693e-06
cycle=1233 time=1.5035099137608463e-01 dt=5.4613693862175499e-06
cycle=1234 time=1.5035645274547085e-01 dt=5.6100874519211638e-06
cycle=1235 time=1.5036206283292278e-01 dt=5.7324291640124360e-06
cycle=1236 time=1.5036779526208680e-01 dt=6.0021553203542389e-06
cycle=1237 time=1.5037379741740714e-01 dt=5.8256008206247916e-06
cycle=1238 time=1.5037962301822777e-01 dt=5.3560361363298124e-06
cycle=1239 time=1.5038497905436410e-01 dt=4.9032531490812257e-06
cycle=1240 time=1.5038988230751318e-01 dt=4.5264756351685575e-06
cycle=1241 time=1.5039440878314836e-01 dt=4.2577196534811680e-06
cycle=1242 time=1.5039866650280184e-01 dt=4.1165427186280204e-06
cycle=1243 time=1.5040278304552046e-01 dt=4.0270420123993973e-06
cycle=1244 time=1.5040681008753287e-01 dt=3.9593227578168064e-06
cycle=1245 time=1.5041076941029069e-01 dt=3.9981412765471495e-06
cycle=1246 time=1.5041476755156724e-01 dt=4.5575364309351178e-06
cycle=1247 time=1.5041932508799818e-01 dt=5.9653447396552461e-06
cycle=1248 time=1.5042529043273783e-01 dt=8.8773670923813118e-06
cycle=1249 time=1.5043416779983021e-01 dt=9.3322031701823396e-06
cycle=1250 time=1.5044350000300039e-01 dt=8.4566227745173807e-06
cycle=1251 time=1.5045195662577490e-01 dt=7.5017301223675669e-06
cycle=1252 time=1.5045945835589727e-01 dt=6.6161103072973207e-06
cycle=1253 time=1.5046607446620458e-01 dt=5.9290165795288700e-06
cycle=1254 time=1.5047200348278411e-01 dt=5.5450664944810379e-06
cycle=1255 time=1.5047754854927858e-01 dt=5.3842946423622448e-06
cycle=1256 time=1.5048293284392095e-01 dt=5.3292551001452070e-06
cycle=1257 time=1.5048826209902108e-01 dt=5.3232700759809788e-06
cycle=1258 time=1.5049358536909707e-01 dt=5.3388684894349414e-06
cycle=1259 time=1.5049892423758651e-01 dt=5.3624523873568314e-06
cycle=1260 time=1.5050428668997387e-01 dt=5.3924182921065780e-06
cycle=1261 time=1.5050967910826599e-01 dt=5.4280935951340789e-06
cycle=1262 time=1.5051510720186112e-01 dt=5.4609142833559774e-06
cycle=1263 time=1.5052056811614448e-01 dt=5.4835996490433497e-06
cycle=1264 time=1.5052605171579353e-01 dt=5.4927142598543040e-06
cycle=1265 time=1.5053154443005337e-01 dt=5.4880942441131745e-06
cycle=1266 time=1.5053703252429748e-01 dt=5.4718896813941636e-06
cycle=1267 time=1.5054250441397887e-01 dt=5.4473991582250552e-06
cycle=1268 time=1.5054795181313710e-01 dt=5.4181451274736021e-06
cycle=1269 time=1.5055336995826457e-01 dt=5.3872527809481317e-06
cycle=1270 time=1.5055875721104553e-01 dt=5.3571129374889283e-06
cycle=1271 time=1.5056411432398301e-01 dt=5.3292715076080130e-06
cycle=1272 time=1.5056944359549063e-01 dt=5.3044963602982785e-06
cycle=1273 time=1.5057474809185092e-01 dt=5.2601539452990714e-06
cycle=1274 time=1.5058000824579623e-01 dt=4.8603803122762427e-06
cycle=1275 time=1.5058486862610851e-01 dt=5.0675293349750993e-06
cycle=1276 time=1.5058993615544347e-01 dt=5.3141667466792884e-06
cycle=1277 time=1.5059525032219015e-01 dt=5.3352212924006033e-06
cycle=1278 time=1.5060058554348255e-01 dt=5.1480176272669994e-06
cycle=1279 time=1.5060573356110982e-01 dt=4.7016052661056786e-06
cycle=1280 time=1.5061043516637593e-01 dt=4.6497313406423274e-06
cycle=1281 time=1.5061508489771658e-01 dt=4.7344322968592999e-06
cycle=1282 time=1.5061981933001345e-01 dt=4.8483456495115254e-06
cycle=1283 time=1.5062466767566296e-01 dt=5.4082405171293111e-06
cycle=1284 time=1.5063007591618008e-01 dt=5.9194327077750485e-06
cycle=1285 time=1.5063599534888786e-01 dt=6.2465104768913985e-06
cycle=1286 time=1.5064224185936476e-01 dt=6.6814677642506454e-06
cycle=1287 time=1.5064892332712901e-01 dt=6.8442398943606689e-06
cycle=1288 time=1.5065576756702337e-01 dt=6.0469124923336544e-06
cycle=1289 time=1.5066181447951571e-01 dt=5.2627362759717204e-06
cycle=1290 time=1.5066707721579167e-01 dt=4.6424641086692880e-06
cycle=1291 time=1.5067171967990034e-01 dt=4.5225689129974249e-06
cycle=1292 time=1.5067624224881335e-01 dt=4.6696768129062233e-06
cycle=1293 time=1.5068091192562624e-01 dt=5.5938061280964194e-06
cycle=1294 time=1.5068650573175435e-01 dt=6.3017719284164084e-06
cycle=1295 time=1.5069280750368277e-01 dt=7.0367162857551981e-06
cycle=1296 time=1.5069984421996854e-01 dt=7.7534539045738954e-06
cycle=1297 time=1.5070759767387312e-01 dt=6.7925545678010120e-06
cycle=1298 time=1.5071439022844094e-01 dt=5.7845054593262320e-06
cycle=1299 time=1.5072017473390026e-01 dt=4.9118351031046273e-06
cycle=1300 time=1.5072508656900335e-01 dt=4.3230169756846798e-06
cycle=1301 time=1.5072940958597902e-01 dt=4.2610076117511286e-06
cycle=1302 time=1.5073367059359077e-01 dt=4.4841494878970083e-06
cycle=1303 time=1.5073815474307867e-01 dt=5.2048169135362756e-06
cycle=1304 time=1.5074335955999221e-01 dt=6.8288418876559556e-06
cycle=1305 time=1.5075018840187987e-01 dt=7.5838965919942841e-06
cycle=1306 time=1.5075777229847187e-01 dt=8.1998028356175904e-06
cycle=1307 time=1.5076597210130749e-01 dt=7.4352824779349427e-06
cycle=1308 time=1.5077340738378542e-01 dt=6.2545715158380378e-06
cycle=1309 time=1.5077966195530126e-01 dt=5.1903474156115619e-06
cycle=1310 time=1.5078485230271688e-01 dt=4.4022288141543392e-06
cycle=1311 time=1.5078925453153103e-01 dt=4.1113526676581112e-06
cycle=1312 time=1.5079336588419867e-01 dt=4.4313467518088090e-06
cycle=1313 time=1.5079779723095049e-01 dt=5.2758167171067642e-06
cycle=1314 time=1.5080307304766760e-01 dt=7.0634529115091364e-06
cycle=1315 time=1.5081013650057912e-01 dt=8.3445271824669058e-06
cycle=1316 time=1.5081848102776158e-01 dt=8.5298543075558186e-06
cycle=1317 time=1.5082701088206912e-01 dt=7.7039052230889300e-06
cycle=1318 time=1.5083471478729221e-01 dt=6.8777465483060729e-06
cycle=1319 time=1.5084159253384052e-01 dt=6.2201044283086515e-06
cycle=1320 time=1.5084781263826882e-01 dt=5.7880668797914222e-06
cycle=1321 time=1.5085360070514861e-01 dt=5.5670110928602469e-06
cycle=1322 time=1.5085916771624147e-01 dt=5.4586444143500712e-06
cycle=1323 time=1.5086462636065581e-01 dt=5.4007794152026276e-06
cycle=1324 time=1.5087002714007103e-01 dt=5.3670811194010714e-06
cycle=1325 time=1.5087539422119042e-01 dt=5.1199931493590663e-06
cycle=1326 time=1.5088051421433979e-01 dt=4.8603473913575262e-06
cycle=1327 time=1.5088537456173115e-01 dt=4.9447990284998891e-06
cycle=1328 time=1.5089031936075964e-01 dt=5.5162832515375063e-06
cycle=1329 time=1.5089583564401118e-01 dt=5.5224597660854631e-06
cycle=1330 time=1.5090135810377728e-01 dt=5.4712557156610720e-06
cycle=1331 time=1.5090682935949293e-01 dt=5.6148977784262672e-06
cycle=1332 time=1.5091244425727135e-01 dt=5.6911500352563612e-06
cycle=1333 time=1.5091813540730661e-01 dt=5.9013033255163714e-06
cycle=1334 time=1.5092403671063212e-01 dt=6.3935498988171456e-06
cycle=1335 time=1.5093043026053093e-01 dt=7.2562511441469942e-06
cycle=1336 time=1.5093768651167508e-01 dt=8.5672220808010547e-06
cycle=1337 time=1.5094625373375589e-01 dt=8.6127141133392320e-06
cycle=1338 time=1.5095486644786923e-01 dt=7.7597474210063387e-06
cycle=1339 time=1.5096262619529024e-01 dt=7.0376037561793353e-06
cycle=1340 time=1.5096966379904642e-01 dt=6.4951584310890526e-06
cycle=1341 time=1.5097615895747751e-01 dt=6.1606929491565273e-06
cycle=1342 time=1.5098231965042666e-01 dt=6.0031981051628664e-06
cycle=1343 time=1.5098832284853184e-01 dt=5.9598577125767382e-06
cycle=1344 time=1.5099428270624440e-01 dt=5.9765285780229669e-06
cycle=1345 time=1.5100025923482244e-01 dt=6.0145246301131801e-06
cycle=1346 time=1.5100627375945255e-01 dt=6.0499117473369444e-06
cycle=1347 time=1.5101232367119988e-01 dt=6.0707917579265524e-06
cycle=1348 time=1.5101839446295781e-01 dt=6.0737162245846310e-06
cycle=1349 time=1.5102446817918239e-01 dt=5.9731508922108451e-06
cycle=1350 time=1.5103044133007459e-01 dt=5.4200064666597423e-06
cycle=1351 time=1.5103586133654126e-01 dt=5.2966585816513692e-06
cycle=1352 time=1.5104115799512291e-01 dt=5.9616423806624787e-06
cycle=1353 time=1.5104711963750359e-01 dt=6.1752927973426223e-06
cycle=1354 time=1.5105329493030092e-01 dt=6.1762842906158616e-06
cycle=1355 time=1.5105947121459154e-01 dt=6.1198545482861484e-06
cycle=1356 time=1.5106559106913983e-01 dt=6.0319075944861885e-06
cycle=1357 time=1.5107162297673432e-01 dt=5.9346158187775766e-06
cycle=1358 time=1.5107755759255309e-01 dt=5.8449775846932168e-06
cycle=1359 time=1.5108340257013778e-01 dt=5.7714892005514154e-06
cycle=1360 time=1.5108917405933833e-01 dt=5.7172824116880111e-06
cycle=1361 time=1.5109489134175003e-01 dt=5.6816327700147841e-06
cycle=1362 time=1.5110057297452004e-01 dt=5.6614180886679576e-06
cycle=1363 time=1.5110623439260870e-01 dt=5.6524954281008219e-06
cycle=1364 time=1.5111188688803681e-01 dt=5.6506965133658923e-06
cycle=1365 time=1.5111753758455018e-01 dt=5.5492096046291353e-06
cycle=1366 time=1.5112308679415482e-01 dt=5.3907291055517081e-06
cycle=1367 time=1.5112847752326036e-01 dt=5.2525260092662401e-06
cycle=1368 time=1.5113373004926964e-01 dt=5.1447633137882223e-06
cycle=1369 time=1.5113887481258342e-01 dt=5.0681134637483697e-06
cycle=1370 time=1.5114394292604716e-01 dt=5.0180043490842896e-06
cycle=1371 time=1.5114896093039623e-01 dt=4.9876715461022687e-06
cycle=1372 time=1.5115394860194234e-01 dt=4.9702571870447228e-06
cycle=1373 time=1.5115891885912938e-01 dt=4.9599665612531782e-06
cycle=1374 time=1.5116387882569063e-01 dt=4.9594271415842211e-06
cycle=1375 time=1.5116883825283220e-01 dt=4.9628467443868301e-06
cycle=1376 time=1.5117380109957659e-01 dt=5.1162903046745364e-06
cycle=1377 time=1.5117891738988126e-01 dt=5.2356306355731742e-06
cycle=1378 time=1.5118415302051683e-01 dt=5.4482364286256730e-06
cycle=1379 time=1.5118960125694544e-01 dt=5.8010408664529227e-06
cycle=1380 time=1.5119540229781189e-01 dt=6.4645497857964941e-06
cycle=1381 time=1.5120186684759768e-01 dt=7.5461036430825868e-06
cycle=1382 time=1.5120941295124077e-01 dt=8.3221624408733670e-06
cycle=1383 time=1.5121773511368164e-01 dt=7.4068739977165117e-06
cycle=1384 time=1.5122514198767936e-01 dt=6.5398679350290084e-06
cycle=1385 time=1.5123168185561439e-01 dt=5.8926229061524227e-06
cycle=1386 time=1.5123757447852054e-01 dt=5.5709599708782740e-06
cycle=1387 time=1.5124314543849143e-01 dt=5.4192502735069936e-06
cycle=1388 time=1.5124856468876494e-01 dt=5.4291229728642770e-06
cycle=1389 time=1.5125399381173779e-01 dt=5.7183415594824840e-06
cycle=1390 time=1.5125971215329728e-01 dt=6.3622796871193746e-06
cycle=1391 time=1.5126607443298440e-01 dt=6.9293841650406552e-06
cycle=1392 time=1.5127300381714945e-01 dt=7.0682096610474048e-06
cycle=1393 time=1.5128007202681049e-01 dt=7.4154857540302189e-06
cycle=1394 time=1.5128748751256452e-01 dt=7.6071970609863120e-06
cycle=1395 time=1.5129509470962552e-01 dt=6.5716647913022188e-06
cycle=1396 time=1.5130166637441680e-01 dt=6.0013495364510990e-06
cycle=1397 time=1.5130766772395327e-01 dt=6.4044260407653879e-06
cycle=1398 time=1.5131407214999404e-01 dt=6.9596102740918353e-06
cycle=1399 time=1.5132103176026812e-01 dt=6.5885241367830642e-06
cycle=1400 time=1.5132762028440491e-01 dt=6.2216267425435695e-06
cycle=1401 time=1.5133384191114746e-01 dt=5.9316669963547362e-06
cycle=1402 time=1.5133977357814382e-01 dt=5.7350302599108653e-06
cycle=1403 time=1.5134550860840373e-01 dt=5.6113088123760836e-06
cycle=1404 time=1.5135111991721611e-01 dt=5.5356755578021533e-06
cycle=1405 time=1.5135665559277392e-01 dt=5.4873054016705794e-06
cycle=1406 time=1.5136214289817559e-01 dt=5.4486683601088755e-06
cycle=1407 time=1.5136759156653570e-01 dt=5.4101037458752091e-06
cycle=1408 time=1.5137300167028159e-01 dt=5.3666752142693267e-06
cycle=1409 time=1.5137836834549587e-01 dt=5.3166814061997235e-06
cycle=1410 time=1.5138368502690205e-01 dt=5.4114783078193925e-06
cycle=1411 time=1.5138909650520987e-01 dt=5.5635310961104763e-06
cycle=1412 time=1.5139466003630597e-01 dt=5.8488541114806346e-06
cycle=1413 time=1.5140050889041745e-01 dt=6.4398594922038562e-06
cycle=1414 time=1.5140694874990965e-01 dt=7.4974785090637380e-06
cycle=1415 time=1.5141444622841871e-01 dt=7.1095594058743113e-06
cycle=1416 time=1.5142155578782460e-01 dt=6.5610654443938646e-06
cycle=1417 time=1.5142811685326898e-01 dt=6.0606901338948945e-06
cycle=1418 time=1.5143417754340288e-01 dt=5.6682684830032337e-06
cycle=1419 time=1.5143984581188588e-01 dt=5.4076726516395064e-06
cycle=1420 time=1.5144525348453752e-01 dt=5.2647517786564795e-06
cycle=1421 time=1.5145051823631617e-01 dt=5.2073380487901124e-06
cycle=1422 time=1.5145572557436496e-01 dt=5.2014359632451000e-06
cycle=1423 time=1.5146092701032821e-01 dt=5.2196233974229990e-06
cycle=1424 time=1.5146614663372562e-01 dt=5.2429496363340947e-06
cycle=1425 time=1.5147138958336195e-01 dt=5.2602900779045539e-06
cycle=1426 time=1.5147664987343987e-01 dt=5.2775739177475390e-06
cycle=1427 time=1.5148192744735761e-01 dt=5.2916591224833266e-06
cycle=1428 time=1.5148721910648011e-01 dt=5.2996068075179165e-06
cycle=1429 time=1.5149251871328762e-01 dt=5.3004787030457777e-06
cycle=1430 time=1.5149781919199065e-01 dt=5.2947635717118022e-06
cycle=1431 time=1.5150311395556237e-01 dt=5.2838533291180526e-06
cycle=1432 time=1.5150839780889150e-01 dt=5.2695654367858152e-06
cycle=1433 time=1.5151366737432828e-01 dt=5.2530767564732556e-06
cycle=1434 time=1.5151892045108475e-01 dt=5.2294211162669410e-06
cycle=1435 time=1.5152414987220103e-01 dt=5.2019363993697796e-06
cycle=1436 time=1.5152935180860039e-01 dt=5.3529254278241165e-06
cycle=1437 time=1.5153470473402822e-01 dt=5.4781808818424555e-06
cycle=1438 time=1.5154018291491006e-01 dt=5.5993975349444408e-06
cycle=1439 time=1.5154578231244500e-01 dt=5.8161877989486569e-06
cycle=1440 time=1.5155159850024394e-01 dt=6.2963641966852527e-06
cycle=1441 time=1.5155789486444063e-01 dt=7.0489722796095805e-06
cycle=1442 time=1.5156494383672023e-01 dt=6.6314188211888410e-06
cycle=1443 time=1.5157157525554141e-01 dt=6.2739379977030236e-06
cycle=1444 time=1.5157784919353912e-01 dt=5.8269232124286851e-06
cycle=1445 time=1.5158367611675155e-01 dt=5.4942387572097336e-06
cycle=1446 time=1.5158917035550876e-01 dt=5.3351001295221407e-06
cycle=1447 time=1.5159450545563827e-01 dt=5.4344695130964136e-06
cycle=1448 time=1.5159993992515136e-01 dt=5.9406059334908926e-06
cycle=1449 time=1.5160588053108484e-01 dt=5.9753675611753968e-06
cycle=1450 time=1.5161185589864601e-01 dt=5.8048808329467838e-06
cycle=1451 time=1.5161766077947897e-01 dt=5.7189070692034714e-06
cycle=1452 time=1.5162337968654818e-01 dt=5.6380709869316429e-06
cycle=1453 time=1.5162901775753512e-01 dt=5.5397362978619250e-06
cycle=1454 time=1.5163455749383298e-01 dt=5.4907108119463960e-06
cycle=1455 time=1.5164004820464491e-01 dt=5.4504554640559965e-06
cycle=1456 time=1.5164549866010896e-01 dt=5.4427836448413639e-06
cycle=1457 time=1.5165094144375380e-01 dt=5.3772857477793553e-06
cycle=1458 time=1.5165631872950158e-01 dt=4.9247969700699121e-06
cycle=1459 time=1.5166124352647165e-01 dt=4.5269363921353547e-06
cycle=1460 time=1.5166577046286378e-01 dt=4.2290583560872698e-06
cycle=1461 time=1.5166999952121987e-01 dt=4.0480133237262471e-06
cycle=1462 time=1.5167404753454361e-01 dt=3.9434960231419671e-06
cycle=1463 time=1.5167799103056676e-01 dt=3.8692122069994173e-06
cycle=1464 time=1.5168186024277375e-01 dt=3.8070938518246986e-06
cycle=1465 time=1.5168566733662558e-01 dt=3.7504788917733713e-06
cycle=1466 time=1.5168941781551737e-01 dt=3.7028118162386202e-06
cycle=1467 time=1.5169312062733362e-01 dt=3.6600418312504129e-06
cycle=1468 time=1.5169678066916487e-01 dt=3.6175617103193256e-06
cycle=1469 time=1.5170039823087519e-01 dt=3.5724667857523315e-06
cycle=1470 time=1.5170397069766095e-01 dt=3.5236521400794867e-06
cycle=1471 time=1.5170749434980102e-01 dt=3.4713789316234716e-06
cycle=1472 time=1.5171096572873263e-01 dt=3.4206394986073373e-06
cycle=1473 time=1.5171438636823123e-01 dt=3.6019882234417596e-06
cycle=1474 time=1.5171798835645467e-01 dt=3.9561656796068559e-06
cycle=1475 time=1.5172194452213428e-01 dt=4.6334837540361479e-06
cycle=1476 time=1.5172657800588832e-01 dt=5.2313190967561429e-06
cycle=1477 time=1.5173180932498506e-01 dt=5.5930479101042240e-06
cycle=1478 time=1.5173740237289515e-01 dt=5.4406329281975942e-06
cycle=1479 time=1.5174284300582336e-01 dt=5.0984746766545773e-06
cycle=1480 time=1.5174794148050003e-01 dt=5.0883110004662147e-06
cycle=1481 time=1.5175302979150049e-01 dt=5.6346282084865188e-06
cycle=1482 time=1.5175866441970898e-01 dt=6.8535585165151161e-06
cycle=1483 time=1.5176551797822549e-01 dt=6.5964947570157580e-06
cycle=1484 time=1.5177211447298250e-01 dt=5.6434149817760805e-06
cycle=1485 time=1.5177775788796427e-01 dt=4.7505128267698151e-06
cycle=1486 time=1.5178250840079105e-01 dt=4.0696303611328905e-06
cycle=1487 time=1.5178657803115217e-01 dt=3.7510949624088799e-06
cycle=1488 time=1.5179032912611456e-01 dt=3.6353549919387351e-06
cycle=1489 time=1.5179396448110649e-01 dt=3.5980262632404584e-06
cycle=1490 time=1.5179756250736973e-01 dt=3.5918946825972898e-06
cycle=1491 time=1.5180115440205233e-01 dt=3.5960336895881383e-06
cycle=1492 time=1.5180475043574193e-01 dt=3.6182265035934461e-06
cycle=1493 time=1.5180836866224554e-01 dt=3.6713044161063169e-06
cycle=1494 time=1.5181203996666165e-01 dt=3.9182753716872079e-06
cycle=1495 time=1.5181595824203334e-01 dt=4.1645548573063463e-06
cycle=1496 time=1.5182012279689064e-01 dt=4.8922663539347711e-06
cycle=1497 time=1.5182501506324458e-01 dt=6.4485674753546004e-06
cycle=1498 time=1.5183146363071995e-01 dt=7.8102108017363299e-06
cycle=1499 time=1.5183927384152168e-01 dt=7.2489563390273648e-06
cycle=1500 time=1.5184652279786071e-01 dt=6.0749669645336692e-06
cycle=1501 time=1.5185259776482524e-01 dt=5.0162720083067003e-06
cycle=1502 time=1.5185761403683354e-01 dt=4.2483383920360726e-06
cycle=1503 time=1.5186186237522559e-01 dt=3.9630203830811660e-06
cycle=1504 time=1.5186582539560867e-01 dt=3.8410307495987089e-06
cycle=1505 time=1.5186966642635827e-01 dt=3.7571433776341161e-06
cycle=1506 time=1.5187342356973590e-01 dt=3.7019696834750895e-06
cycle=1507 time=1.5187712553941937e-01 dt=3.6679484433400309e-06
cycle=1508 time=1.5188079348786271e-01 dt=3.6488855309865970e-06
cycle=1509 time=1.5188444237339369e-01 dt=3.6396442362419802e-06
cycle=1510 time=1.5188808201762993e-01 dt=3.7656654183254728e-06
cycle=1511 time=1.5189184768304825e-01 dt=4.0889609003460115e-06
cycle=1512 time=1.5189593664394860e-01 dt=4.8017268414036091e-06
cycle=1513 time=1.5190073837078999e-01 dt=6.0919209253667945e-06
cycle=1514 time=1.5190683029171537e-01 dt=6.6495754770866088e-06
cycle=1515 time=1.5191347986719245e-01 dt=6.4034415661504387e-06
cycle=1516 time=1.5191988330875861e-01 dt=6.0379669908920641e-06
cycle=1517 time=1.5192592127574950e-01 dt=5.6448351266518303e-06
cycle=1518 time=1.5193156611087616e-01 dt=5.2858680692114327e-06
cycle=1519 time=1.5193685197894538e-01 dt=5.0062717467746494e-06
cycle=1520 time=1.5194185825069215e-01 dt=4.8462100267622026e-06
cycle=1521 time=1.5194670446071890e-01 dt=4.7632699181087880e-06
cycle=1522 time=1.5195146773063700e-01 dt=4.7161408568794299e-06
cycle=1523 time=1.5195618387149387e-01 dt=4.6874732657389620e-06
cycle=1524 time=1.5196087134475961e-01 dt=4.6699939079876322e-06
cycle=1525 time=1.5196554133866760e-01 dt=4.6620785412372461e-06
cycle=1526 time=1.5197020341720885e-01 dt=4.6614930860276843e-06
cycle=1527 time=1.5197486491029488e-01 dt=4.6662769001364182e-06
cycle=1528 time=1.5197953118719501e-01 dt=4.6742728761553261e-06
cycle=1529 time=1.5198420546007116e-01 dt=4.6843346466667402e-06
cycle=1530 time=1.5198888979471784e-01 dt=4.6954399599193600e-06
cycle=1531 time=1.5199358523467776e-01 dt=4.7066796240694711e-06
cycle=1532 time=1.5199829191430184e-01 dt=4.7176511762905303e-06
cycle=1533 time=1.5200300956547813e-01 dt=4.7283752778881906e-06
cycle=1534 time=1.5200773794075603e-01 dt=4.7369771039805272e-06
cycle=1535 time=1.5201247491786002e-01 dt=4.7422918332145431e-06
cycle=1536 time=1.5201721720969325e-01 dt=4.7435304669915543e-06
cycle=1537 time=1.5202196074016025e-01 dt=4.7403664015313759e-06
cycle=1538 time=1.5202670110656177e-01 dt=4.7331330445780412e-06
cycle=1539 time=1.5203143423960636e-01 dt=4.7226119481542930e-06
cycle=1540 time=1.5203615685155450e-01 dt=4.6854519686249601e-06
cycle=1541 time=1.5204084230352313e-01 dt=4.6365187253068576e-06
cycle=1542 time=1.5204547882224845e-01 dt=4.5933013916984263e-06
cycle=1543 time=1.5205007212364013e-01 dt=4.5574629212390967e-06
cycle=1544 time=1.5205462958656138e-01 dt=4.5042694742471797e-06
cycle=1545 time=1.5205913385603562e-01 dt=4.2175328068406493e-06
cycle=1546 time=1.5206335138884244e-01 dt=3.9697440309750824e-06
cycle=1547 time=1.5206732113287341e-01 dt=3.7887310371873345e-06
cycle=1548 time=1.5207110986391059e-01 dt=3.7279527580519122e-06
cycle=1549 time=1.5207483781666864e-01 dt=3.9374975446038570e-06
cycle=1550 time=1.5207877531421324e-01 dt=4.5435981008518808e-06
cycle=1551 time=1.5208331891231408e-01 dt=4.6968076697831915e-06
cycle=1552 time=1.5208801571998387e-01 dt=4.7048067757552001e-06
cycle=1553 time=1.5209272052675962e-01 dt=4.6748383600934488e-06
cycle=1554 time=1.5209739536511971e-01 dt=4.6211484172176022e-06
cycle=1555 time=1.5210201651353691e-01 dt=4.5564957961869011e-06
cycle=1556 time=1.5210657300933311e-01 dt=4.4910446740941688e-06
cycle=1557 time=1.5211106405400721e-01 dt=4.4318111867556561e-06
cycle=1558 time=1.5211549586519396e-01 dt=4.3829730996843020e-06
cycle=1559 time=1.5211987883829364e-01 dt=4.3449445077627967e-06
cycle=1560 time=1.5212422378280141e-01 dt=4.3168132627620458e-06
cycle=1561 time=1.5212854059606418e-01 dt=4.2962826471147587e-06
cycle=1562 time=1.5213283687871129e-01 dt=4.2810251095615724e-06
cycle=1563 time=1.5213711790382084e-01 dt=4.2694310383043274e-06
cycle=1564 time=1.5214138733485916e-01 dt=4.2604488143821992e-06
cycle=1565 time=1.5214564778367354e-01 dt=4.2533827764252656e-06
cycle=1566 time=1.5214990116644997e-01 dt=4.2477576166489583e-06
cycle=1567 time=1.5215414892406662e-01 dt=4.2432952261000599e-06
cycle=1568 time=1.5215839221929273e-01 dt=4.2397004866890864e-06
cycle=1569 time=1.5216263191977941e-01 dt=4.2367076581889697e-06
cycle=1570 time=1.5216686862743761e-01 dt=4.2341839163650226e-06
cycle=1571 time=1.5217110281135399e-01 dt=4.2319426743803903e-06
cycle=1572 time=1.5217533475402836e-01 dt=4.2297264330337111e-06
cycle=1573 time=1.5217956448046141e-01 dt=4.2273054145120912e-06
cycle=1574 time=1.5218379178587593e-01 dt=4.2245078019127549e-06
cycle=1575 time=1.5218801629367784e-01 dt=4.2212328947262592e-06
cycle=1576 time=1.5219223752657257e-01 dt=4.2174508121749086e-06
cycle=1577 time=1.5219645497738474e-01 dt=4.2131933530672075e-06
cycle=1578 time=1.5220066817073780e-01 dt=4.2085391215382288e-06
cycle=1579 time=1.5220487670985933e-01 dt=4.2036006195721094e-06
cycle=1580 time=1.5220908031047889e-01 dt=4.1985116560954196e-06
cycle=1581 time=1.5221327882213498e-01 dt=4.1934080278624972e-06
cycle=1582 time=1.5221747223016285e-01 dt=4.1884158253379642e-06
cycle=1583 time=1.5222166064598819e-01 dt=4.1836452153047238e-06
cycle=1584 time=1.5222584429120350e-01 dt=4.1791856813547685e-06
cycle=1585 time=1.5223002347688486e-01 dt=4.1751037097882555e-06
cycle=1586 time=1.5223419858059464e-01 dt=4.1714388983214251e-06
cycle=1587 time=1.5223837001949297e-01 dt=4.1682135771407309e-06
cycle=1588 time=1.5224253823307010e-01 dt=4.1654344518620361e-06
cycle=1589 time=1.5224670366752197e-01 dt=4.1630967579441190e-06
cycle=1590 time=1.5225086676427990e-01 dt=4.1611877898588852e-06
cycle=1591 time=1.5225502795206977e-01 dt=4.1596888805925441e-06
cycle=1592 time=1.5225918764095037e-01 dt=4.1585770872513671e-06
cycle=1593 time=1.5226334621803761e-01 dt=4.1578288389838855e-06
cycle=1594 time=1.5226750404687658e-01 dt=4.1574201528214242e-06
cycle=1595 time=1.5227166146702942e-01 dt=4.1573278759582420e-06
cycle=1596 time=1.5227581879490537e-01 dt=4.1575304885026624e-06
cycle=1597 time=1.5227997632539386e-01 dt=4.1580076029259020e-06
cycle=1598 time=1.5228413433299678e-01 dt=4.1587410655778466e-06
cycle=1599 time=1.5228829307406236e-01 dt=4.1597154784683607e-06
cycle=1600 time=1.5229245278954082e-01 dt=4.1609183275442207e-06
cycle=1601 time=1.5229661370786837e-01 dt=4.1623394529993103e-06
cycle=1602 time=1.5230077604732137e-01 dt=4.1639687952725962e-06
cycle=1603 time=1.5230494001611664e-01 dt=4.1657994636508231e-06
cycle=1604 time=1.5230910581558030e-01 dt=4.1678275098184294e-06
cycle=1605 time=1.5231327364309011e-01 dt=4.1700515475233128e-06
cycle=1606 time=1.5231744369463762e-01 dt=4.1724708142478076e-06
cycle=1607 time=1.5232161616545187e-01 dt=4.1750919296193690e-06
cycle=1608 time=1.5232579125738149e-01 dt=4.1779242519679573e-06
cycle=1609 time=1.5232996918163347e-01 dt=4.1809745557472715e-06
cycle=1610 time=1.5233415015618920e-01 dt=4.1842477464749185e-06
cycle=1611 time=1.5233833440393568e-01 dt=4.1877472007137132e-06
cycle=1612 time=1.5234252215113639e-01 dt=4.1914750613807028e-06
cycle=1613 time=1.5234671362619778e-01 dt=4.1954324984696463e-06
cycle=1614 time=1.5235090905869625e-01 dt=4.1996199660495635e-06
cycle=1615 time=1.5235510867866231e-01 dt=4.2040374180005454e-06
cycle=1616 time=1.5235931271608030e-01 dt=4.2086844293083871e-06
cycle=1617 time=1.5236352140050960e-01 dt=4.2135603173712941e-06
cycle=1618 time=1.5236773496082698e-01 dt=4.2186633529314313e-06
cycle=1619 time=1.5237195362417991e-01 dt=4.2239902928268664e-06
cycle=1620 time=1.5237617761447272e-01 dt=4.2295382582749261e-06
cycle=1621 time=1.5238040715273099e-01 dt=4.2353045681141787e-06
cycle=1622 time=1.5238464245729910e-01 dt=4.2412860276430138e-06
cycle=1623 time=1.5238888374332674e-01 dt=4.2474821885169507e-06
cycle=1624 time=1.5239313122551526e-01 dt=4.2538927598338926e-06
cycle=1625 time=1.5239738511827508e-01 dt=4.2605176687448514e-06
cycle=1626 time=1.5240164563594383e-01 dt=4.2673570064289223e-06
cycle=1627 time=1.5240591299295025e-01 dt=4.2744088188510764e-06
cycle=1628 time=1.5241018740176909e-01 dt=4.2816701756489153e-06
cycle=1629 time=1.5241446907194475e-01 dt=4.2891397470657946e-06
cycle=1630 time=1.5241875821169182e-01 dt=4.2968167813554174e-06
cycle=1631 time=1.5242305502847317e-01 dt=4.3047008357001272e-06
cycle=1632 time=1.5242735972930888e-01 dt=4.3127917052764609e-06
cycle=1633 time=1.5243167252101414e-01 dt=4.3210889130473660e-06
cycle=1634 time=1.5243599360992718e-01 dt=4.3295919744563152e-06
cycle=1635 time=1.5244032320190165e-01 dt=4.3383000860486901e-06
cycle=1636 time=1.5244466150198771e-01 dt=4.3472125851290420e-06
cycle=1637 time=1.5244900871457284e-01 dt=4.3563304328519910e-06
cycle=1638 time=1.5245336504500570e-01 dt=4.3656547048247208e-06
cycle=1639 time=1.5245773069971053e-01 dt=4.3751862394560068e-06
cycle=1640 time=1.5246210588594999e-01 dt=4.3849188574777251e-06
cycle=1641 time=1.5246649080480748e-01 dt=4.3948524599486808e-06
cycle=1642 time=1.5247088565726744e-01 dt=4.4049884119704301e-06
cycle=1643 time=1.5247529064567941e-01 dt=4.4153281173691083e-06
cycle=1644 time=1.5247970597379679e-01 dt=4.4258728428632229e-06
cycle=1645 time=1.5248413184663964e-01 dt=4.4366235679326168e-06
cycle=1646 time=1.5248856847020759e-01 dt=4.4475809406892615e-06
cycle=1647 time=1.5249301605114829e-01 dt=4.4587454341609147e-06
cycle=1648 time=1.5249747479658246e-01 dt=4.4701172117648416e-06
cycle=1649 time=1.5250194491379424e-01 dt=4.4816962322409289e-06
cycle=1650 time=1.5250642661002647e-01 dt=4.4934822715398565e-06
cycle=1651 time=1.5251092009229802e-01 dt=4.5054748271390605e-06
cycle=1652 time=1.5251542556712516e-01 dt=4.5176738390093957e-06
cycle=1653 time=1.5251994324096418e-01 dt=4.5300837152506891e-06
cycle=1654 time=1.5252447332467944e-01 dt=4.5427079564583501e-06
cycle=1655 time=1.5252901603263591e-01 dt=4.5555429527947971e-06
cycle=1656 time=1.5253357157558869e-01 dt=4.5685846722776634e-06
cycle=1657 time=1.5253814016026096e-01 dt=4.5818287330069438e-06
cycle=1658 time=1.5254272198899396e-01 dt=4.5946064365436004e-06
cycle=1659 time=1.5254731659543050e-01 dt=4.6070361894401115e-06
cycle=1660 time=1.5255192363161993e-01 dt=4.6197660684537491e-06
cycle=1661 time=1.5255654339768837e-01 dt=4.6327929981877187e-06
cycle=1662 time=1.5256117619068657e-01 dt=4.6461087877348986e-06
cycle=1663 time=1.5256582229947430e-01 dt=4.6597309147263695e-06
cycle=1664 time=1.5257048203038903e-01 dt=4.6736627361065154e-06
cycle=1665 time=1.5257515569312513e-01 dt=4.6879020353805265e-06
cycle=1666 time=1.5257984359516052e-01 dt=4.7024426685203860e-06
cycle=1667 time=1.5258454603782903e-01 dt=4.7172758277473975e-06
cycle=1668 time=1.5258926331365677e-01 dt=4.7323912975527660e-06
cycle=1669 time=1.5259399570495433e-01 dt=4.7477788371714571e-06
cycle=1670 time=1.5259874348379149e-01 dt=4.7634274595946906e-06
cycle=1671 time=1.5260350691125107e-01 dt=4.5810598027948368e-06
cycle=1672 time=1.5260808797105388e-01 dt=4.2114402066118834e-06
cycle=1673 time=1.5261229941126050e-01 dt=3.9058010033326107e-06
cycle=1674 time=1.5261620521226385e-01 dt=3.7066358192006649e-06
cycle=1675 time=1.5261991184808305e-01 dt=3.8303423216157583e-06
cycle=1676 time=1.5262374219040467e-01 dt=4.2416394249620389e-06
cycle=1677 time=1.5262798382982964e-01 dt=5.1952325802772719e-06
cycle=1678 time=1.5263317906240992e-01 dt=5.2824042217668498e-06
cycle=1679 time=1.5263846146663168e-01 dt=5.2335533269589333e-06
cycle=1680 time=1.5264369501995864e-01 dt=5.0549409817349620e-06
cycle=1681 time=1.5264874996094038e-01 dt=4.8984992809939192e-06
cycle=1682 time=1.5265364846022136e-01 dt=4.7658038619068891e-06
cycle=1683 time=1.5265841426408328e-01 dt=4.6576687266202388e-06
cycle=1684 time=1.5266307193280990e-01 dt=4.5739996067387519e-06
cycle=1685 time=1.5266764593241663e-01 dt=4.5160063948310797e-06
cycle=1686 time=1.5267216193881147e-01 dt=4.4846919735067510e-06
cycle=1687 time=1.5267664663078498e-01 dt=4.4716719685565251e-06
cycle=1688 time=1.5268111830275355e-01 dt=4.4704122973507602e-06
cycle=1689 time=1.5268558871505089e-01 dt=4.4760763713172225e-06
cycle=1690 time=1.5269006479142222e-01 dt=4.4885143870486655e-06
cycle=1691 time=1.5269455330580928e-01 dt=4.4971540543870393e-06
cycle=1692 time=1.5269905045986368e-01 dt=4.5108831706739672e-06
cycle=1693 time=1.5270356134303434e-01 dt=4.5284180112395129e-06
cycle=1694 time=1.5270808976104558e-01 dt=4.5487553836404526e-06
cycle=1695 time=1.5271263851642922e-01 dt=4.5701284440721900e-06
cycle=1696 time=1.5271720864487329e-01 dt=4.5972393312277403e-06
cycle=1697 time=1.5272180588420450e-01 dt=4.6253679744578169e-06
cycle=1698 time=1.5272643125217897e-01 dt=4.6554207991757654e-06
cycle=1699 time=1.5273108667297813e-01 dt=4.6883799193522619e-06
cycle=1700 time=1.5273577505289748e-01 dt=4.7247411108662726e-06
cycle=1701 time=1.5274049979400836e-01 dt=4.4762456741063356e-06
cycle=1702 time=1.5274497603968246e-01 dt=4.2104166253176314e-06
cycle=1703 time=1.5274918645630778e-01 dt=4.0103378943670702e-06
cycle=1704 time=1.5275319679420216e-01 dt=3.8947757742578207e-06
cycle=1705 time=1.5275709156997641e-01 dt=3.8352397590727017e-06
cycle=1706 time=1.5276092680973549e-01 dt=3.7968114366586280e-06
cycle=1707 time=1.5276472362117216e-01 dt=3.7666488341228655e-06
cycle=1708 time=1.5276849027000627e-01 dt=3.6537652431910333e-06
cycle=1709 time=1.5277214403524947e-01 dt=3.3821333697760186e-06
cycle=1710 time=1.5277552616861925e-01 dt=3.1259006101089110e-06
cycle=1711 time=1.5277865206922936e-01 dt=2.8905025084512601e-06
cycle=1712 time=1.5278154257173782e-01 dt=2.6805302548548077e-06
cycle=1713 time=1.5278422310199266e-01 dt=2.5049483135937042e-06
cycle=1714 time=1.5278672805030624e-01 dt=2.3795780889005898e-06
cycle=1715 time=1.5278910762839515e-01 dt=2.2890116594844834e-06
cycle=1716 time=1.5279139664005464e-01 dt=2.2229638621618309e-06
cycle=1717 time=1.5279361960391680e-01 dt=2.1741081202811424e-06
cycle=1718 time=1.5279579371203708e-01 dt=2.1348011413456332e-06
cycle=1719 time=1.5279792851317842e-01 dt=2.1000767564858157e-06
cycle=1720 time=1.5280002858993491e-01 dt=2.0695669180073541e-06
cycle=1721 time=1.5280209815685292e-01 dt=2.0429291180139383e-06
cycle=1722 time=1.5280414108597093e-01 dt=2.0198516237510475e-06
cycle=1723 time=1.5280616093759469e-01 dt=2.0000500039906369e-06
cycle=1724 time=1.5280816098759870e-01 dt=1.9832634529933927e-06
cycle=1725 time=1.5281014425105169e-01 dt=1.9692517081234911e-06
cycle=1726 time=1.5281211350275981e-01 dt=1.9577923340558788e-06
cycle=1727 time=1.5281407129509386e-01 dt=1.9486783741649217e-06
cycle=1728 time=1.5281601997346803e-01 dt=1.9417163355603208e-06
cycle=1729 time=1.5281796168980358e-01 dt=1.9367242458400087e-06
cycle=1730 time=1.5281989841404942e-01 dt=1.9335300096403524e-06
cycle=1731 time=1.5282183194405904e-01 dt=1.9319715629577006e-06
cycle=1732 time=1.5282376391562200e-01 dt=1.9318947857513552e-06
cycle=1733 time=1.5282569581040775e-01 dt=1.9331529885296435e-06
cycle=1734 time=1.5282762896339627e-01 dt=1.9356058998194108e-06
cycle=1735 time=1.5282956456929608e-01 dt=1.9391171533299181e-06
cycle=1736 time=1.5283150368644940e-01 dt=1.9435556863026062e-06
cycle=1737 time=1.5283344724213571e-01 dt=1.9487966417231665e-06
cycle=1738 time=1.5283539603877744e-01 dt=1.9547200885152846e-06
cycle=1739 time=1.5283735075886595e-01 dt=1.9612109875533519e-06
cycle=1740 time=1.5283931196985351e-01 dt=1.9681595226868560e-06
cycle=1741 time=1.5284128012937620e-01 dt=1.9754607566692678e-06
cycle=1742 time=1.5284325559013287e-01 dt=1.9830100349768349e-06
cycle=1743 time=1.5284523860016785e-01 dt=1.9907109319039618e-06
cycle=1744 time=1.5284722931109976e-01 dt=1.9984750618915433e-06
cycle=1745 time=1.5284922778616164e-01 dt=2.0062204269773233e-06
cycle=1746 time=1.5285123400658862e-01 dt=2.0139119854915744e-06
cycle=1747 time=1.5285324791857410e-01 dt=2.0223475947566865e-06
cycle=1748 time=1.5285527026616885e-01 dt=2.0309271372910066e-06
cycle=1749 time=1.5285730119330615e-01 dt=2.0391337072341382e-06
cycle=1750 time=1.5285934032701337e-01 dt=2.0466760292915894e-06
cycle=1751 time=1.5286138700304266e-01 dt=2.0533445483161564e-06
cycle=1752 time=1.5286344034759097e-01 dt=2.0589793744247921e-06
cycle=1753 time=1.5286549932696539e-01 dt=2.0634634183317759e-06
cycle=1754 time=1.5286756279038372e-01 dt=2.0667207325622226e-06
cycle=1755 time=1.5286962951111627e-01 dt=2.0687137178901599e-06
cycle=1756 time=1.5287169822483415e-01 dt=2.0694461086730045e-06
cycle=1757 time=1.5287376767094282e-01 dt=2.0689512359321257e-06
cycle=1758 time=1.5287583662217877e-01 dt=2.0672903381215856e-06
cycle=1759 time=1.5287790391251688e-01 dt=2.0641688897124210e-06
cycle=1760 time=1.5287996808140658e-01 dt=2.0461646319960478e-06
cycle=1761 time=1.5288201424603859e-01 dt=2.0268487510369443e-06
cycle=1762 time=1.5288404109478962e-01 dt=2.0068401001019216e-06
cycle=1763 time=1.5288604793488972e-01 dt=1.9867212374092684e-06
cycle=1764 time=1.5288803465612713e-01 dt=1.9670218486860522e-06
cycle=1765 time=1.5289000167797581e-01 dt=1.9482091361427881e-06
cycle=1766 time=1.5289194988711197e-01 dt=1.9306932603068365e-06
cycle=1767 time=1.5289388058037226e-01 dt=1.9148771983706173e-06
cycle=1768 time=1.5289579545757062e-01 dt=1.9014131573179189e-06
cycle=1769 time=1.5289769687072793e-01 dt=1.8909694619662156e-06
cycle=1770 time=1.5289958784018989e-01 dt=1.8827675119912466e-06
cycle=1771 time=1.5290147060770187e-01 dt=1.8762168583257660e-06
cycle=1772 time=1.5290334682456019e-01 dt=1.8708727713918268e-06
cycle=1773 time=1.5290521769733159e-01 dt=1.8663935470621168e-06
cycle=1774 time=1.5290708409087866e-01 dt=1.8625020607373115e-06
cycle=1775 time=1.5290894659293941e-01 dt=1.8590730357771280e-06
cycle=1776 time=1.5291080566597517e-01 dt=1.8560852558954062e-06
cycle=1777 time=1.5291266175123108e-01 dt=1.8535167567614639e-06
cycle=1778 time=1.5291451526798785e-01 dt=1.8513449656492981e-06
cycle=1779 time=1.5291636661295349e-01 dt=1.8495468341757395e-06
cycle=1780 time=1.5291821615978768e-01 dt=1.8480989647281544e-06
cycle=1781 time=1.5292006425875240e-01 dt=1.8469777312018997e-06
cycle=1782 time=1.5292191123648360e-01 dt=1.8461593939952808e-06
cycle=1783 time=1.5292375739587760e-01 dt=1.8456202099451887e-06
cycle=1784 time=1.5292560301608754e-01 dt=1.8453365374685941e-06
cycle=1785 time=1.5292744835262501e-01 dt=1.8452849360668757e-06
cycle=1786 time=1.5292929363756108e-01 dt=1.8454422575531593e-06
cycle=1787 time=1.5293113907981865e-01 dt=1.8457857408772976e-06
cycle=1788 time=1.5293298486555953e-01 dt=1.8462930979541837e-06
cycle=1789 time=1.5293483115865750e-01 dt=1.8469425915521444e-06
cycle=1790 time=1.5293667810124906e-01 dt=1.8477131071865744e-06
cycle=1791 time=1.5293852581435624e-01 dt=1.8485842225937029e-06
cycle=1792 time=1.5294037439857883e-01 dt=1.8495182305939123e-06
cycle=1793 time=1.5294222391680942e-01 dt=1.8504644930965263e-06
cycle=1794 time=1.5294407438130253e-01 dt=1.8514537711878112e-06
cycle=1795 time=1.5294592583507371e-01 dt=1.8524950193239768e-06
cycle=1796 time=1.5294777833009304e-01 dt=1.8535798280783942e-06
cycle=1797 time=1.5294963190992111e-01 dt=1.8546881142218854e-06
cycle=1798 time=1.5295148659803534e-01 dt=1.8557922856922033e-06
cycle=1799 time=1.5295334239032105e-01 dt=1.8568604991288578e-06
cycle=1800 time=1.5295519925082018e-01 dt=1.8578592713282610e-06
cycle=1801 time=1.5295705711009150e-01 dt=1.8587555722990652e-06
cycle=1802 time=1.5295891586566379e-01 dt=1.8595184637692761e-06
cycle=1803 time=1.5296077538412756e-01 dt=1.8601203516905709e-06
cycle=1804 time=1.5296263550447925e-01 dt=1.8605378953916673e-06
cycle=1805 time=1.5296449604237464e-01 dt=1.8607526155708653e-06
cycle=1806 time=1.5296635679499021e-01 dt=1.8607512361619332e-06
cycle=1807 time=1.5296821754622636e-01 dt=1.8605258028286847e-06
cycle=1808 time=1.5297007807202920e-01 dt=1.8600736105882713e-06
cycle=1809 time=1.5297193814563978e-01 dt=1.8593969690044010e-06
cycle=1810 time=1.5297379754260879e-01 dt=1.8585028385116532e-06
cycle=1811 time=1.5297565604544730e-01 dt=1.8574023658369818e-06
cycle=1812 time=1.5297751344781313e-01 dt=1.8561103559039484e-06
cycle=1813 time=1.5297936955816904e-01 dt=1.8546446989127749e-06
cycle=1814 time=1.5298122420286794e-01 dt=1.8530257781553101e-06
cycle=1815 time=1.5298307722864610e-01 dt=1.8512758773479654e-06
cycle=1816 time=1.5298492850452344e-01 dt=1.8133663547224429e-06
cycle=1817 time=1.5298674187087816e-01 dt=1.7292031479797721e-06
cycle=1818 time=1.5298847107402613e-01 dt=1.6434812911093422e-06
cycle=1819 time=1.5299011455531725e-01 dt=1.5591178022693277e-06
cycle=1820 time=1.5299167367311953e-01 dt=1.4792535156219911e-06
cycle=1821 time=1.5299315292663515e-01 dt=1.4192830076686700e-06
cycle=1822 time=1.5299457220964283e-01 dt=1.3762824275886849e-06
cycle=1823 time=1.5299594849207040e-01 dt=1.3451951139473691e-06
cycle=1824 time=1.5299729368718434e-01 dt=1.3183253296268317e-06
cycle=1825 time=1.5299861201251397e-01 dt=1.2934621204716851e-06
cycle=1826 time=1.5299990547463443e-01 dt=1.2705825452267194e-06
cycle=1827 time=1.5300117605717967e-01 dt=1.2496355468250851e-06
cycle=1828 time=1.5300242569272648e-01 dt=1.2305556065319505e-06
cycle=1829 time=1.5300365624833301e-01 dt=1.2132753059736616e-06
cycle=1830 time=1.5300486952363898e-01 dt=1.1977196578447972e-06
cycle=1831 time=1.5300606724329682e-01 dt=1.1838200967505875e-06
cycle=1832 time=1.5300725106339358e-01 dt=1.1715144151583323e-06
cycle=1833 time=1.5300842257780875e-01 dt=1.1607421768508629e-06
cycle=1834 time=1.5300958331998560e-01 dt=1.1514448441174652e-06
cycle=1835 time=1.5301073476482971e-01 dt=1.1435657721217001e-06
cycle=1836 time=1.5301187833060184e-01 dt=1.1370501352429984e-06
cycle=1837 time=1.5301301538073708e-01 dt=1.1318447897589947e-06
cycle=1838 time=1.5301414722552684e-01 dt=1.1278981016743638e-06
cycle=1839 time=1.5301527512362850e-01 dt=1.1251597480157753e-06
cycle=1840 time=1.5301640028337651e-01 dt=1.1235805010010249e-06
cycle=1841 time=1.5301752386387751e-01 dt=1.1231120048389370e-06
cycle=1842 time=1.5301864697588236e-01 dt=1.1237064013716274e-06
cycle=1843 time=1.5301977068228373e-01 dt=1.1253163088953531e-06
cycle=1844 time=1.5302089599859262e-01 dt=1.1278945638460435e-06
cycle=1845 time=1.5302202389315647e-01 dt=1.1313939726101369e-06
cycle=1846 time=1.5302315528712909e-01 dt=1.1357671157714397e-06
cycle=1847 time=1.5302429105424487e-01 dt=1.1409664849680095e-06
cycle=1848 time=1.5302543202072982e-01 dt=1.1469444946382190e-06
cycle=1849 time=1.5302657896522445e-01 dt=1.1536869927328894e-06
cycle=1850 time=1.5302773265221720e-01 dt=1.1611432372656821e-06
cycle=1851 time=1.5302889379545445e-01 dt=1.1692596472625114e-06
cycle=1852 time=1.5303006305510172e-01 dt=1.1779799280893144e-06
cycle=1853 time=1.5303124103502982e-01 dt=1.1872407770009144e-06
cycle=1854 time=1.5303242827580682e-01 dt=1.1969845237825007e-06
cycle=1855 time=1.5303362526033060e-01 dt=1.2071526294480005e-06
cycle=1856 time=1.5303483241296004e-01 dt=1.2176863474070857e-06
cycle=1857 time=1.5303605009930743e-01 dt=1.2285265651052503e-06
cycle=1858 time=1.5303727862587255e-01 dt=1.2396138938037617e-06
cycle=1859 time=1.5303851823976636e-01 dt=1.2508934600098797e-06
cycle=1860 time=1.5303976913322637e-01 dt=1.2623090564522669e-06
cycle=1861 time=1.5304103144228282e-01 dt=1.2737980111988536e-06
cycle=1862 time=1.5304230524029402e-01 dt=1.2853055980995996e-06
cycle=1863 time=1.5304359054589212e-01 dt=1.2967786155979032e-06
cycle=1864 time=1.5304488732450772e-01 dt=1.3081622976859842e-06
cycle=1865 time=1.5304619548680540e-01 dt=1.3194051302538255e-06
cycle=1866 time=1.5304751489193566e-01 dt=1.3311581902243951e-06
cycle=1867 time=1.5304884605012589e-01 dt=1.3445321611362822e-06
cycle=1868 time=1.5305019058228703e-01 dt=1.3599049631819475e-06
cycle=1869 time=1.5305155048725022e-01 dt=1.3770639692446894e-06
cycle=1870 time=1.5305292755121946e-01 dt=1.3935804045131344e-06
cycle=1871 time=1.5305432113162398e-01 dt=1.4087688079242904e-06
cycle=1872 time=1.5305572990043190e-01 dt=1.4223769377530225e-06
cycle=1873 time=1.5305715227736966e-01 dt=1.4342473962419985e-06
cycle=1874 time=1.5305858652476589e-01 dt=1.4442670036452173e-06
cycle=1875 time=1.5306003079176955e-01 dt=1.4523563757468047e-06
cycle=1876 time=1.5306148314814530e-01 dt=1.4584684096744857e-06
cycle=1877 time=1.5306294161655498e-01 dt=1.4625890249670321e-06
cycle=1878 time=1.5306440420557996e-01 dt=1.4647381929745904e-06
cycle=1879 time=1.5306586894377294e-01 dt=1.4649704989985014e-06
cycle=1880 time=1.5306733391427194e-01 dt=1.4633748624230448e-06
cycle=1881 time=1.5306879728913436e-01 dt=1.4600731953225163e-06
cycle=1882 time=1.5307025736232968e-01 dt=1.4552180321901882e-06
cycle=1883 time=1.5307171258036187e-01 dt=1.4489890128408909e-06
cycle=1884 time=1.5307316156937470e-01 dt=1.4415882795964940e-06
cycle=1885 time=1.5307460315765428e-01 dt=1.4332350576815192e-06
cycle=1886 time=1.5307603639271197e-01 dt=1.4241588890975004e-06
cycle=1887 time=1.5307746055160107e-01 dt=1.4145944734919122e-06
cycle=1888 time=1.5307887514607457e-01 dt=1.4047750523755143e-06
cycle=1889 time=1.5308027992112694e-01 dt=1.3949266691850816e-06
cycle=1890 time=1.5308167484779611e-01 dt=1.3852648698120425e-06
cycle=1891 time=1.5308306011266593e-01 dt=1.3759966464224741e-06
cycle=1892 time=1.5308443610931236e-01 dt=1.3673376208730219e-06
cycle=1893 time=1.5308580344693323e-01 dt=1.3595862610740011e-06
cycle=1894 time=1.5308716303319431e-01 dt=1.3533687758478179e-06
cycle=1895 time=1.5308851640197016e-01 dt=1.3485460845304925e-06
cycle=1896 time=1.5308986494805468e-01 dt=1.3447486539286518e-06
cycle=1897 time=1.5309120969670861e-01 dt=1.3416921457184726e-06
cycle=1898 time=1.5309255138885433e-01 dt=1.3391484278309440e-06
cycle=1899 time=1.5309389053728217e-01 dt=1.3369162969828571e-06
cycle=1900 time=1.5309522745357915e-01 dt=1.3349182644661537e-06
cycle=1901 time=1.5309656237184360e-01 dt=1.3331506227604923e-06
cycle=1902 time=1.5309789552246636e-01 dt=1.3316088838771482e-06
cycle=1903 time=1.5309922713135024e-01 dt=1.3302878388336449e-06
cycle=1904 time=1.5310055741918907e-01 dt=1.3291836346903787e-06
cycle=1905 time=1.5310188660282376e-01 dt=1.3282949611586811e-06
cycle=1906 time=1.5310321489778492e-01 dt=1.3276115903625097e-06
cycle=1907 time=1.5310454250937527e-01 dt=1.3271241972541630e-06
cycle=1908 time=1.5310586963357253e-01 dt=1.3268237596883183e-06
cycle=1909 time=1.5310719645733223e-01 dt=1.3267012834992798e-06
cycle=1910 time=1.5310852315861573e-01 dt=1.3267476809404104e-06
cycle=1911 time=1.5310984990629667e-01 dt=1.3269542021116701e-06
cycle=1912 time=1.5311117686049877e-01 dt=1.3273143379981921e-06
cycle=1913 time=1.5311250417483677e-01 dt=1.3278185575930735e-06
cycle=1914 time=1.5311383199339437e-01 dt=1.3284572193886217e-06
cycle=1915 time=1.5311516045061377e-01 dt=1.3292205888428163e-06
cycle=1916 time=1.5311648967120262e-01 dt=1.3300988608003907e-06
cycle=1917 time=1.5311781977006342e-01 dt=1.3310821949195032e-06
cycle=1918 time=1.5311915085225833e-01 dt=1.3321607653766252e-06
cycle=1919 time=1.5312048301302369e-01 dt=1.3333247953279181e-06
cycle=1920 time=1.5312181633781902e-01 dt=1.3345645842492360e-06
cycle=1921 time=1.5312315090240328e-01 dt=1.3358705472240245e-06
cycle=1922 time=1.5312448677295051e-01 dt=1.3372332527933724e-06
cycle=1923 time=1.5312582400620331e-01 dt=1.3386434600411422e-06
cycle=1924 time=1.5312716264966336e-01 dt=1.3400833446688518e-06
cycle=1925 time=1.5312850273300804e-01 dt=1.3415622224775866e-06
cycle=1926 time=1.5312984429523052e-01 dt=1.3430890167313578e-06
cycle=1927 time=1.5313118738424725e-01 dt=1.3446610021449451e-06
cycle=1928 time=1.5313253204524940e-01 dt=1.3462675209733112e-06
cycle=1929 time=1.5313387831277037e-01 dt=1.3478924387947339e-06
cycle=1930 time=1.5313522620520917e-01 dt=1.3495161234356592e-06
cycle=1931 time=1.5313657572133260e-01 dt=1.3511170022763895e-06
cycle=1932 time=1.5313792683833488e-01 dt=1.3526728074949285e-06
cycle=1933 time=1.5313927951114237e-01 dt=1.3541615576132284e-06
cycle=1934 time=1.5314063367269998e-01 dt=1.3555623853411269e-06
cycle=1935 time=1.5314198923508532e-01 dt=1.3568561506471144e-06
cycle=1936 time=1.5314334609123598e-01 dt=1.3580259309565164e-06
cycle=1937 time=1.5314470411716694e-01 dt=1.3590573769468575e-06
cycle=1938 time=1.5314606317454388e-01 dt=1.3599389646944332e-06
cycle=1939 time=1.5314742311350857e-01 dt=1.3606621501493360e-06
cycle=1940 time=1.5314878377565871e-01 dt=1.3612214363356997e-06
cycle=1941 time=1.5315014499709506e-01 dt=1.3616143621438485e-06
cycle=1942 time=1.5315150661145721e-01 dt=1.3618414208993181e-06
cycle=1943 time=1.5315286845287812e-01 dt=1.3619059167554531e-06
cycle=1944 time=1.5315423035879489e-01 dt=1.3618137669090991e-06
cycle=1945 time=1.5315559217256181e-01 dt=1.3615732577911880e-06
cycle=1946 time=1.5315695374581959e-01 dt=1.3611947636097597e-06
cycle=1947 time=1.5315831494058318e-01 dt=1.3606904354751091e-06
cycle=1948 time=1.5315967563101865e-01 dt=1.3600738685304431e-06
cycle=1949 time=1.5316103570488718e-01 dt=1.3593597593337091e-06
cycle=1950 time=1.5316239506464652e-01 dt=1.3585635604251135e-06
cycle=1951 time=1.5316375362820694e-01 dt=1.3577011397364693e-06
cycle=1952 time=1.5316511132934668e-01 dt=1.3567884523811099e-06
cycle=1953 time=1.5316646811779908e-01 dt=1.3558412315607013e-06
cycle=1954 time=1.5316782395903064e-01 dt=1.3548747044959010e-06
cycle=1955 time=1.5316917883373513e-01 dt=1.3539033383324732e-06
cycle=1956 time=1.5317053273707346e-01 dt=1.3529406200395594e-06
cycle=1957 time=1.5317188567769349e-01 dt=1.3519988733769326e-06
cycle=1958 time=1.5317323767656688e-01 dt=1.3510891151451510e-06
cycle=1959 time=1.5317458876568202e-01 dt=1.3502209521440500e-06
cycle=1960 time=1.5317593898663417e-01 dt=1.3494025195229002e-06
cycle=1961 time=1.5317728838915370e-01 dt=1.3486404604210291e-06
cycle=1962 time=1.5317863702961412e-01 dt=1.3479399458733996e-06
cycle=1963 time=1.5317998496956001e-01 dt=1.3473047327717671e-06
cycle=1964 time=1.5318133227429279e-01 dt=1.3467372561982938e-06
cycle=1965 time=1.5318267901154897e-01 dt=1.3462387507587366e-06
cycle=1966 time=1.5318402525029973e-01 dt=1.3458093936997790e-06
cycle=1967 time=1.5318537105969343e-01 dt=1.3454484617848537e-06
cycle=1968 time=1.5318671650815521e-01 dt=1.3451544924957264e-06
cycle=1969 time=1.5318806166264770e-01 dt=1.3449254406341517e-06
cycle=1970 time=1.5318940658808833e-01 dt=1.3447588225911309e-06
cycle=1971 time=1.5319075134691093e-01 dt=1.3446518424446398e-06
cycle=1972 time=1.5319209599875339e-01 dt=1.3446014964096854e-06
cycle=1973 time=1.5319344060024981e-01 dt=1.3446046545474683e-06
cycle=1974 time=1.5319478520490434e-01 dt=1.3446581206455089e-06
cycle=1975 time=1.5319612986302500e-01 dt=1.3447586728434261e-06
cycle=1976 time=1.5319747462169783e-01 dt=1.3449030892995285e-06
cycle=1977 time=1.5319881952478714e-01 dt=1.3450881602711311e-06
cycle=1978 time=1.5320016461294741e-01 dt=1.3453106934334602e-06
cycle=1979 time=1.5320150992364084e-01 dt=1.3455675169443532e-06
cycle=1980 time=1.5320285549115778e-01 dt=1.3458554809931849e-06
cycle=1981 time=1.5320420134663879e-01 dt=1.3461714601158020e-06
cycle=1982 time=1.5320554751809889e-01 dt=1.3465123577901307e-06
cycle=1983 time=1.5320689403045668e-01 dt=1.3468751141386427e-06
cycle=1984 time=1.5320824090557081e-01 dt=1.3472567171124563e-06
cycle=1985 time=1.5320958816228791e-01 dt=1.3476542168357030e-06
cycle=1986 time=1.5321093581650475e-01 dt=1.3480647425917515e-06
cycle=1987 time=1.5321228388124733e-01 dt=1.3484855218388836e-06
cycle=1988 time=1.5321363236676916e-01 dt=1.3489139004187326e-06
cycle=1989 time=1.5321498128066957e-01 dt=1.3493473630839250e-06
cycle=1990 time=1.5321633062803267e-01 dt=1.3497835534912003e-06
cycle=1991 time=1.5321768041158615e-01 dt=1.3502202928156628e-06
cycle=1992 time=1.5321903063187897e-01 dt=1.3506555967231484e-06
cycle=1993 time=1.5322038128747570e-01 dt=1.3510876912803728e-06
cycle=1994 time=1.5322173237516698e-01 dt=1.3515150136698663e-06
cycle=1995 time=1.5322308389018066e-01 dt=1.3519362316944533e-06
cycle=1996 time=1.5322443582641235e-01 dt=1.3523502483989653e-06
cycle=1997 time=1.5322578817666074e-01 dt=1.3527562002574666e-06
cycle=1998 time=1.5322714093286099e-01 dt=1.3531534669138405e-06
cycle=1999 time=1.5322849408632791e-01 dt=1.3535416337616916e-06
cycle=2000 time=1.5322984762796169e-01 dt=1.3539204878560220e-06
cycle=2001 time=1.5323120154844955e-01 dt=1.3542900111651566e-06
cycle=2002 time=1.5323255583846071e-01 dt=1.3546503653676468e-06
cycle=2003 time=1.5323391048882606e-01 dt=1.3550018748304054e-06
cycle=2004 time=1.5323526549070091e-01 dt=1.3553450081708846e-06
cycle=2005 time=1.5323662083570908e-01 dt=1.3556803588161305e-06
cycle=2006 time=1.5323797651606788e-01 dt=1.3560086249939410e-06
cycle=2007 time=1.5323933252469288e-01 dt=1.3563305895905325e-06
cycle=2008 time=1.5324068885528247e-01 dt=1.3566470999555772e-06
cycle=2009 time=1.5324204550238243e-01 dt=1.3569590500685296e-06
cycle=2010 time=1.5324340246143250e-01 dt=1.3572673614287427e-06
cycle=2011 time=1.5324475972879392e-01 dt=1.3575729648841342e-06
cycle=2012 time=1.5324611730175880e-01 dt=1.3578767841538155e-06
cycle=2013 time=1.5324747517854295e-01 dt=1.3581797196039319e-06
cycle=2014 time=1.5324883335826256e-01 dt=1.3584826362111447e-06
cycle=2015 time=1.5325019184089878e-01 dt=1.3587863520165075e-06
cycle=2016 time=1.5325155062725079e-01 dt=1.3590916283122008e-06
cycle=2017 time=1.5325290971887912e-01 dt=1.3593991615809105e-06
cycle=2018 time=1.5325426911804069e-01 dt=1.3597095771478426e-06
cycle=2019 time=1.5325562882761784e-01 dt=1.3600234244706038e-06
cycle=2020 time=1.5325698885104230e-01 dt=1.3603411739654557e-06
cycle=2021 time=1.5325834919221626e-01 dt=1.3606632152519470e-06
cycle=2022 time=1.5325970985543150e-01 dt=1.3609898566831922e-06
cycle=2023 time=1.5326107084528817e-01 dt=1.3613213260213946e-06
cycle=2024 time=1.5326243216661420e-01 dt=1.3616577717845755e-06
cycle=2025 time=1.5326379382438599e-01 dt=1.3619992657880280e-06
cycle=2026 time=1.5326515582365177e-01 dt=1.3623458068283705e-06
cycle=2027 time=1.5326651816945860e-01 dt=1.3626973255313768e-06
cycle=2028 time=1.5326788086678414e-01 dt=1.3630536890647986e-06
cycle=2029 time=1.5326924392047320e-01 dt=1.3634147066257591e-06
cycle=2030 time=1.5327060733517983e-01 dt=1.3637801326639215e-06
cycle=2031 time=1.5327197111531249e-01 dt=1.3641496720277818e-06
cycle=2032 time=1.5327333526498452e-01 dt=1.3645229871448508e-06
cycle=2033 time=1.5327469978797167e-01 dt=1.3648997020636215e-06
cycle=2034 time=1.5327606468767374e-01 dt=1.3652794068414518e-06
cycle=2035 time=1.5327742996708058e-01 dt=1.3656616629685273e-06
cycle=2036 time=1.5327879562874355e-01 dt=1.3660460087536992e-06
cycle=2037 time=1.5328016167475231e-01 dt=1.3648539218557647e-06
cycle=2038 time=1.5328152652867416e-01 dt=1.3631746219560218e-06
cycle=2039 time=1.5328288970329612e-01 dt=1.3614650339493502e-06
cycle=2040 time=1.5328425116833008e-01 dt=1.3579412204363448e-06
cycle=2041 time=1.5328560910955052e-01 dt=1.3515614231966426e-06
cycle=2042 time=1.5328696067097372e-01 dt=1.3450613991334944e-06
cycle=2043 time=1.5328830573237284e-01 dt=1.3385939199314267e-06
cycle=2044 time=1.5328964432629277e-01 dt=1.3323053225704320e-06
cycle=2045 time=1.5329097663161534e-01 dt=1.3263401337618883e-06
cycle=2046 time=1.5329230297174909e-01 dt=1.3208604308931259e-06
cycle=2047 time=1.5329362383217998e-01 dt=1.3161189153372446e-06
cycle=2048 time=1.5329493995109533e-01 dt=1.3124849827122498e-06
cycle=2049 time=1.5329625243607806e-01 dt=1.3097290265840463e-06
cycle=2050 time=1.5329756216510465e-01 dt=1.3076303566604746e-06
cycle=2051 time=1.5329886979546131e-01 dt=1.3060211026627321e-06
cycle=2052 time=1.5330017581656397e-01 dt=1.3047717660713416e-06
cycle=2053 time=1.5330148058833004e-01 dt=1.3037790857317458e-06
cycle=2054 time=1.5330278436741576e-01 dt=1.3029569574654642e-06
cycle=2055 time=1.5330408732437323e-01 dt=1.3022832154634232e-06
cycle=2056 time=1.5330538960758869e-01 dt=1.3017552394182400e-06
cycle=2057 time=1.5330669136282810e-01 dt=1.3013700199434591e-06
cycle=2058 time=1.5330799273284804e-01 dt=1.3011240418322126e-06
cycle=2059 time=1.5330929385688988e-01 dt=1.3010133719899569e-06
cycle=2060 time=1.5331059487026186e-01 dt=1.3009245691843794e-06
cycle=2061 time=1.5331189579483104e-01 dt=1.2995249147109742e-06
cycle=2062 time=1.5331319531974574e-01 dt=1.2983422590959449e-06
cycle=2063 time=1.5331449366200484e-01 dt=1.2973713787835561e-06
cycle=2064 time=1.5331579103338361e-01 dt=1.2965999097007523e-06
cycle=2065 time=1.5331708763329330e-01 dt=1.2960098583169838e-06
cycle=2066 time=1.5331838364315162e-01 dt=1.2955799507701076e-06
cycle=2067 time=1.5331967922310238e-01 dt=1.2952882867194086e-06
cycle=2068 time=1.5332097451138910e-01 dt=1.2951146026138697e-06
cycle=2069 time=1.5332226962599171e-01 dt=1.2950416752177880e-06
cycle=2070 time=1.5332356466766695e-01 dt=1.2950558260312265e-06
cycle=2071 time=1.5332485972349297e-01 dt=1.2951467596281444e-06
cycle=2072 time=1.5332615487025258e-01 dt=1.2953070427764906e-06
cycle=2073 time=1.5332745017729535e-01 dt=1.2955314641352539e-06
cycle=2074 time=1.5332874570875948e-01 dt=1.2958164133406901e-06
cycle=2075 time=1.5333004152517282e-01 dt=1.2961593399158518e-06
cycle=2076 time=1.5333133768451274e-01 dt=1.2965583066256566e-06
cycle=2077 time=1.5333263424281937e-01 dt=1.2970116320195149e-06
cycle=2078 time=1.5333393125445138e-01 dt=1.2975176103821622e-06
cycle=2079 time=1.5333522877206177e-01 dt=1.2980742983115263e-06
cycle=2080 time=1.5333652684636007e-01 dt=1.2986792437496122e-06
cycle=2081 time=1.5333782552560382e-01 dt=1.2993294257408384e-06
cycle=2082 time=1.5333912485502957e-01 dt=1.3000213245818486e-06
cycle=2083 time=1.5334042487635416e-01 dt=1.3007508186103925e-06
cycle=2084 time=1.5334172562717277e-01 dt=1.3015132011592903e-06
cycle=2085 time=1.5334302714037393e-01 dt=1.3023032317714431e-06
cycle=2086 time=1.5334432944360571e-01 dt=1.3031152124085712e-06
cycle=2087 time=1.5334563255881811e-01 dt=1.3039430960334476e-06
cycle=2088 time=1.5334693650191414e-01 dt=1.3047805935340589e-06
cycle=2089 time=1.5334824128250768e-01 dt=1.3056213015199873e-06
cycle=2090 time=1.5334954690380920e-01 dt=1.3064588197926883e-06
cycle=2091 time=1.5335085336262899e-01 dt=1.3072868927838391e-06
cycle=2092 time=1.5335216064952178e-01 dt=1.3080995289573124e-06
cycle=2093 time=1.5335346874905073e-01 dt=1.3088911099519525e-06
cycle=2094 time=1.5335477764016067e-01 dt=1.3096564867824952e-06
cycle=2095 time=1.5335608729664746e-01 dt=1.3103910609551742e-06
cycle=2096 time=1.5335739768770842e-01 dt=1.3110908487346802e-06
cycle=2097 time=1.5335870877855715e-01 dt=1.3117527209096411e-06
cycle=2098 time=1.5336002053127806e-01 dt=1.3123741485084366e-06
cycle=2099 time=1.5336133290542658e-01 dt=1.3129533192834720e-06
cycle=2100 time=1.5336264585874587e-01 dt=1.3134891414910357e-06
cycle=2101 time=1.5336395934788735e-01 dt=1.3139812296302597e-06
cycle=2102 time=1.5336527332911698e-01 dt=1.3144298915920694e-06
cycle=2103 time=1.5336658775900858e-01 dt=1.3148360753875582e-06
cycle=2104 time=1.5336790259508395e-01 dt=1.3152013002688736e-06
cycle=2105 time=1.5336921779638421e-01 dt=1.3155276139593578e-06
cycle=2106 time=1.5337053332399816e-01 dt=1.3158175272958274e-06
cycle=2107 time=1.5337184914152546e-01 dt=1.3160739399158512e-06
cycle=2108 time=1.5337316521546537e-01 dt=1.3163000685196058e-06
cycle=2109 time=1.5337448151553390e-01 dt=1.3164993712611381e-06
cycle=2110 time=1.5337579801490517e-01 dt=1.3166754727788813e-06
cycle=2111 time=1.5337711469037796e-01 dt=1.3168320914294492e-06
cycle=2112 time=1.5337843152246938e-01 dt=1.3169729701887380e-06
cycle=2113 time=1.5337974849543956e-01 dt=1.3171018124131442e-06
cycle=2114 time=1.5338106559725198e-01 dt=1.3172222233949364e-06
cycle=2115 time=1.5338238281947539e-01 dt=1.3173376586144196e-06
cycle=2116 time=1.5338370015713401e-01 dt=1.3174513792823042e-06
cycle=2117 time=1.5338501760851331e-01 dt=1.3175664155381488e-06
cycle=2118 time=1.5338633517492883e-01 dt=1.3176855374450485e-06
cycle=2119 time=1.5338765286046627e-01 dt=1.3178112337028265e-06
cycle=2120 time=1.5338897067169996e-01 dt=1.3179457016657649e-06
cycle=2121 time=1.5339028861740162e-01 dt=1.3180909066787616e-06
cycle=2122 time=1.5339160670830829e-01 dt=1.3182484345170798e-06
cycle=2123 time=1.5339292495674281e-01 dt=1.3184195717403802e-06
cycle=2124 time=1.5339424337631455e-01 dt=1.3186053155805675e-06
cycle=2125 time=1.5339556198163012e-01 dt=1.3188063876466651e-06
cycle=2126 time=1.5339688078801778e-01 dt=1.3190232511163162e-06
cycle=2127 time=1.5339819981126890e-01 dt=1.3192561294489192e-06
cycle=2128 time=1.5339951906739835e-01 dt=1.3195050262754151e-06
cycle=2129 time=1.5340083857242462e-01 dt=1.3197697465616379e-06
cycle=2130 time=1.5340215834217119e-01 dt=1.3200499180124013e-06
cycle=2131 time=1.5340347839208920e-01 dt=1.3203450107210540e-06
cycle=2132 time=1.5340479873709992e-01 dt=1.3206543566147822e-06
cycle=2133 time=1.5340611939145654e-01 dt=1.3209771678369336e-06
cycle=2134 time=1.5340744036862439e-01 dt=1.3213125538609286e-06
cycle=2135 time=1.5340876168117826e-01 dt=1.3216595369638978e-06
cycle=2136 time=1.5341008334071521e-01 dt=1.3220170675619297e-06
cycle=2137 time=1.5341140535778278e-01 dt=1.3223840383471587e-06
cycle=2138 time=1.5341272774182113e-01 dt=1.3227592971996458e-06
cycle=2139 time=1.5341405050111834e-01 dt=1.3231416593425078e-06
cycle=2140 time=1.5341537364277769e-01 dt=1.3235299188527693e-06
cycle=2141 time=1.5341669717269654e-01 dt=1.3239228596407931e-06
cycle=2142 time=1.5341802109555619e-01 dt=1.3243192654273545e-06
cycle=2143 time=1.5341934541482161e-01 dt=1.3247179299816548e-06
cycle=2144 time=1.5342067013275160e-01 dt=1.3251176671434182e-06
cycle=2145 time=1.5342199525041875e-01 dt=1.3255173201398913e-06
cycle=2146 time=1.5342332076773887e-01 dt=1.3259157689788176e-06
cycle=2147 time=1.5342464668350786e-01 dt=1.3263119405778893e-06
cycle=2148 time=1.5342597299544844e-01 dt=1.3267048167619022e-06
cycle=2149 time=1.5342729970026520e-01 dt=1.3270934416120472e-06
cycle=2150 time=1.5342862679370681e-01 dt=1.3274769280052778e-06
cycle=2151 time=1.5342995427063480e-01 dt=1.3278544645365033e-06
cycle=2152 time=1.5343128212509935e-01 dt=1.3282253202351363e-06
cycle=2153 time=1.5343261035041958e-01 dt=1.3285888476929157e-06
cycle=2154 time=1.5343393893926727e-01 dt=1.3289444858780471e-06
cycle=2155 time=1.5343526788375314e-01 dt=1.3292917618743059e-06
cycle=2156 time=1.5343659717551503e-01 dt=1.3296302915295083e-06
cycle=2157 time=1.5343792680580656e-01 dt=1.3299597790187934e-06
cycle=2158 time=1.5343925676558559e-01 dt=1.3302800154996895e-06
cycle=2159 time=1.5344058704560110e-01 dt=1.3305908764589226e-06
cycle=2160 time=1.5344191763647755e-01 dt=1.3308923182347202e-06
cycle=2161 time=1.5344324852879579e-01 dt=1.3311843736918843e-06
cycle=2162 time=1.5344457971316949e-01 dt=1.3314671471268398e-06
cycle=2163 time=1.5344591118031661e-01 dt=1.3317408085092393e-06
cycle=2164 time=1.5344724292112513e-01 dt=1.3320055871736633e-06
cycle=2165 time=1.5344857492671229e-01 dt=1.3322617650806194e-06
cycle=2166 time=1.5344990718847737e-01 dt=1.3325096697651704e-06
cycle=2167 time=1.5345123969814714e-01 dt=1.3327496671033351e-06
cycle=2168 time=1.5345257244781424e-01 dt=1.3329821540181255e-06
cycle=2169 time=1.5345390542996826e-01 dt=1.3332075512202548e-06
cycle=2170 time=1.5345523863751948e-01 dt=1.3334262959568004e-06
cycle=2171 time=1.5345657206381544e-01 dt=1.3336388354246360e-06
cycle=2172 time=1.5345790570265086e-01 dt=1.3338456202623900e-06
cycle=2173 time=1.5345923954827112e-01 dt=1.3340470984012486e-06
cycle=2174 time=1.5346057359536952e-01 dt=1.3342437094368739e-06
cycle=2175 time=1.5346190783907895e-01 dt=1.3344358806051913e-06
cycle=2176 time=1.5346324227495955e-01 dt=1.3346240215812606e-06
cycle=2177 time=1.5346457689898113e-01 dt=1.3348085200516518e-06
cycle=2178 time=1.5346591170750118e-01 dt=1.3349897382091385e-06
cycle=2179 time=1.5346724669723938e-01 dt=1.3351680098396259e-06
cycle=2180 time=1.5346858186524923e-01 dt=1.3353436379948848e-06
cycle=2181 time=1.5346991720888722e-01 dt=1.3355168932363560e-06
cycle=2182 time=1.5347125272578047e-01 dt=1.3356880124277727e-06
cycle=2183 time=1.5347258841379288e-01 dt=1.3358571980482404e-06
cycle=2184 time=1.5347392427099094e-01 dt=1.3360246179927248e-06
cycle=2185 time=1.5347526029560893e-01 dt=1.3361904058230653e-06
cycle=2186 time=1.5347659648601475e-01 dt=1.3363546614300774e-06
cycle=2187 time=1.5347793284067618e-01 dt=1.3365174518250153e-06
cycle=2188 time=1.5347926935812800e-01 dt=1.3366788123646738e-06
cycle=2189 time=1.5348060603694036e-01 dt=1.3368387488618628e-06
cycle=2190 time=1.5348194287568923e-01 dt=1.3369972394141768e-06
cycle=2191 time=1.5348327987292865e-01 dt=1.3371542364725962e-06
cycle=2192 time=1.5348461702716512e-01 dt=1.3373096691533650e-06
cycle=2193 time=1.5348595433683426e-01 dt=1.3374634456310844e-06
cycle=2194 time=1.5348729180027990e-01 dt=1.3376154556217179e-06
cycle=2195 time=1.5348862941573552e-01 dt=1.3377655729220396e-06
cycle=2196 time=1.5348996718130845e-01 dt=1.3379136593849854e-06
cycle=2197 time=1.5349130509496783e-01 dt=1.3380595677707798e-06
cycle=2198 time=1.5349264315453559e-01 dt=1.3382031419783991e-06
cycle=2199 time=1.5349398135767756e-01 dt=1.3383442196404850e-06
cycle=2200 time=1.5349531970189720e-01 dt=1.3384826343348559e-06
cycle=2201 time=1.5349665818453154e-01 dt=1.3386182180781424e-06
cycle=2202 time=1.5349799680274961e-01 dt=1.3387508033960467e-06
cycle=2203 time=1.5349933555355302e-01 dt=1.3388802253805263e-06
cycle=2204 time=1.5350067443377841e-01 dt=1.3390063235890163e-06
cycle=2205 time=1.5350201344010200e-01 dt=1.3391289437763649e-06
cycle=2206 time=1.5350335256904579e-01 dt=1.3392479394488491e-06
cycle=2207 time=1.5350469181698523e-01 dt=1.3393631732322363e-06
cycle=2208 time=1.5350603118015846e-01 dt=1.3394745180481900e-06
cycle=2209 time=1.5350737065467651e-01 dt=1.3395818580957883e-06
cycle=2210 time=1.5350871023653462e-01 dt=1.3396850896373286e-06
cycle=2211 time=1.5351004992162426e-01 dt=1.3397841215899353e-06
cycle=2212 time=1.5351138970574585e-01 dt=1.3398788759225428e-06
cycle=2213 time=1.5351272958462178e-01 dt=1.3399692878672594e-06
cycle=2214 time=1.5351406955390964e-01 dt=1.3400553069938731e-06
cycle=2215 time=1.5351540960921664e-01 dt=1.3401369072115575e-06
cycle=2216 time=1.5351674974612387e-01 dt=1.3402140671831230e-06
cycle=2217 time=1.5351808996019106e-01 dt=1.3402867769992367e-06
cycle=2218 time=1.5351943024696807e-01 dt=1.3403550377249251e-06
cycle=2219 time=1.5352077060200581e-01 dt=1.3404188608296710e-06
cycle=2220 time=1.5352211102086663e-01 dt=1.3404782675195028e-06
cycle=2221 time=1.5352345149913416e-01 dt=1.3405332879893854e-06
cycle=2222 time=1.5352479203242214e-01 dt=1.3405839606123457e-06
cycle=2223 time=1.5352613261638276e-01 dt=1.3406303275037806e-06
cycle=2224 time=1.5352747324671026e-01 dt=1.3406724330111469e-06
cycle=2225 time=1.5352881391914328e-01 dt=1.3407103356051384e-06
cycle=2226 time=1.5353015462947889e-01 dt=1.3407440982541802e-06
cycle=2227 time=1.5353149537357713e-01 dt=1.3407737874695214e-06
cycle=2228 time=1.5353283614736460e-01 dt=1.3407994723686520e-06
cycle=2229 time=1.5353417694683696e-01 dt=1.3408212237710242e-06
cycle=2230 time=1.5353551776806074e-01 dt=1.3408391133352193e-06
cycle=2231 time=1.5353685860717406e-01 dt=1.3408532127462551e-06
cycle=2232 time=1.5353819946038680e-01 dt=1.3408635928786578e-06
cycle=2233 time=1.5353954032397968e-01 dt=1.3408703230444461e-06
cycle=2234 time=1.5354088119430273e-01 dt=1.3408734705405763e-06
cycle=2235 time=1.5354222206777327e-01 dt=1.3408731001893070e-06
cycle=2236 time=1.5354356294087346e-01 dt=1.3408692740027724e-06
cycle=2237 time=1.5354490381014746e-01 dt=1.3408620276387615e-06
cycle=2238 time=1.5354624467217509e-01 dt=1.3408513121132120e-06
cycle=2239 time=1.5354758552348721e-01 dt=1.3408370253575679e-06
cycle=2240 time=1.5354892636051257e-01 dt=1.3408190776606076e-06
cycle=2241 time=1.5355026717959022e-01 dt=1.3407973922482637e-06
cycle=2242 time=1.5355160797698247e-01 dt=1.3407719053543880e-06
cycle=2243 time=1.5355294874888784e-01 dt=1.3407425661345183e-06
cycle=2244 time=1.5355428949145397e-01 dt=1.3407093364303515e-06
cycle=2245 time=1.5355563020079041e-01 dt=1.3406721904011007e-06
cycle=2246 time=1.5355697087298081e-01 dt=1.3406311140351632e-06
cycle=2247 time=1.5355831150409485e-01 dt=1.3405861045556359e-06
cycle=2248 time=1.5355965209019939e-01 dt=1.3405371697341609e-06
cycle=2249 time=1.5356099262736914e-01 dt=1.3404843271276482e-06
cycle=2250 time=1.5356233311169626e-01 dt=1.3404276035533505e-06
cycle=2251 time=1.5356367353929981e-01 dt=1.3403670339007552e-06
cycle=2252 time=1.5356501390633370e-01 dt=1.3403026601704264e-06
cycle=2253 time=1.5356635420899387e-01 dt=1.3402345305498737e-06
cycle=2254 time=1.5356769444352442e-01 dt=1.3401626985397354e-06
cycle=2255 time=1.5356903460622295e-01 dt=1.3400872213923361e-06
cycle=2256 time=1.5357037469344434e-01 dt=1.3400081593729460e-06
cycle=2257 time=1.5357171470160372e-01 dt=1.3399255750049189e-06
cycle=2258 time=1.5357305462717871e-01 dt=1.3398395334796652e-06
cycle=2259 time=1.5357439446671220e-01 dt=1.3397501004171965e-06
cycle=2260 time=1.5357573421681261e-01 dt=1.3396573410486841e-06
cycle=2261 time=1.5357707387415367e-01 dt=1.3395613194964695e-06
cycle=2262 time=1.5357841343547318e-01 dt=1.3394620981631678e-06
cycle=2263 time=1.5357975289757134e-01 dt=1.3393597369244432e-06
cycle=2264 time=1.5358109225730826e-01 dt=1.3392542923955488e-06
cycle=2265 time=1.5358243151160064e-01 dt=1.3391458171778247e-06
cycle=2266 time=1.5358377065741782e-01 dt=1.3390343588180722e-06
cycle=2267 time=1.5358510969177663e-01 dt=1.3389199617640221e-06
cycle=2268 time=1.5358644861173840e-01 dt=1.3388026674328462e-06
cycle=2269 time=1.5358778741440582e-01 dt=1.3386825145365618e-06
cycle=2270 time=1.5358912609692035e-01 dt=1.3385595390958988e-06
cycle=2271 time=1.5359046465645945e-01 dt=1.3384337738187941e-06
cycle=2272 time=1.5359180309023326e-01 dt=1.3383052485636226e-06
cycle=2273 time=1.5359314139548183e-01 dt=1.3381739881332663e-06
cycle=2274 time=1.5359447956946998e-01 dt=1.3380400012019455e-06
cycle=2275 time=1.5359581760947119e-01 dt=1.3379032965226469e-06
cycle=2276 time=1.5359715551276770e-01 dt=1.3377638831864369e-06
cycle=2277 time=1.5359849327665090e-01 dt=1.3376217708487237e-06
cycle=2278 time=1.5359983089842175e-01 dt=1.3374769699222140e-06
cycle=2279 time=1.5360116837539167e-01 dt=1.3373294917368488e-06
cycle=2280 time=1.5360250570488340e-01 dt=1.3371793486675464e-06
cycle=2281 time=1.5360384288423207e-01 dt=1.3370265542311261e-06
cycle=2282 time=1.5360517991078629e-01 dt=1.3368711231544027e-06
cycle=2283 time=1.5360651678190945e-01 dt=1.3367130714156278e-06
cycle=2284 time=1.5360785349498088e-01 dt=1.3365524162623020e-06
cycle=2285 time=1.5360919004739715e-01 dt=1.3363891762063916e-06
cycle=2286 time=1.5361052643657336e-01 dt=1.3362233712427950e-06
cycle=2287 time=1.5361186265994461e-01 dt=1.3360550228654344e-06
cycle=2288 time=1.5361319871496748e-01 dt=1.3358841539634079e-06
cycle=2289 time=1.5361453459912144e-01 dt=1.3357107886327092e-06
cycle=2290 time=1.5361587030991009e-01 dt=1.3355349520479517e-06
cycle=2291 time=1.5361720584486213e-01 dt=1.3353566703496119e-06
cycle=2292 time=1.5361854120153248e-01 dt=1.3351759705159155e-06
cycle=2293 time=1.5361987637750299e-01 dt=1.3349928802414460e-06
cycle=2294 time=1.5362121137038323e-01 dt=1.3348074278181496e-06
cycle=2295 time=1.5362254617781104e-01 dt=1.3346196420196713e-06
cycle=2296 time=1.5362388079745307e-01 dt=1.3344295519875543e-06
cycle=2297 time=1.5362521522700506e-01 dt=1.3342371871241329e-06
cycle=2298 time=1.5362654946419219e-01 dt=1.3340425769920129e-06
cycle=2299 time=1.5362788350676918e-01 dt=1.3338457507190333e-06
cycle=2300 time=1.5362921735251989e-01 dt=1.3336467368727946e-06
cycle=2301 time=1.5363055099925677e-01 dt=1.3334455643186605e-06
cycle=2302 time=1.5363188444482109e-01 dt=1.3332422618588578e-06
cycle=2303 time=1.5363321768708296e-01 dt=1.3330368581730593e-06
cycle=2304 time=1.5363455072394114e-01 dt=1.3328293817654854e-06
cycle=2305 time=1.5363588355332292e-01 dt=1.3326198609194763e-06
cycle=2306 time=1.5363721617318385e-01 dt=1.3324083236594176e-06
cycle=2307 time=1.5363854858150752e-01 dt=1.3321947977198274e-06
cycle=2308 time=1.5363988077630525e-01 dt=1.3319793105212897e-06
cycle=2309 time=1.5364121275561576e-01 dt=1.3317618891525941e-06
cycle=2310 time=1.5364254451750492e-01 dt=1.3315425603588750e-06
cycle=2311 time=1.5364387606006527e-01 dt=1.3313213505354726e-06
cycle=2312 time=1.5364520738141579e-01 dt=1.3310982857271829e-06
cycle=2313 time=1.5364653847970153e-01 dt=1.3308733916337598e-06
cycle=2314 time=1.5364786935309316e-01 dt=1.3306466936181844e-06
cycle=2315 time=1.5364919999978677e-01 dt=1.3304182167184040e-06
cycle=2316 time=1.5365053041800347e-01 dt=1.3301879856619441e-06
cycle=2317 time=1.5365186060598912e-01 dt=1.3299560248829581e-06
cycle=2318 time=1.5365319056201401e-01 dt=1.3297223585410414e-06
cycle=2319 time=1.5365452028437254e-01 dt=1.3294870105412600e-06
cycle=2320 time=1.5365584977138308e-01 dt=1.3292500045549106e-06
cycle=2321 time=1.5365717902138765e-01 dt=1.3290113676037970e-06
cycle=2322 time=1.5365850803275524e-01 dt=1.3287711260554065e-06
cycle=2323 time=1.5365983680388129e-01 dt=1.3285293051410930e-06
cycle=2324 time=1.5366116533318644e-01 dt=1.3282859297181536e-06
cycle=2325 time=1.5366249361911616e-01 dt=1.3280410243041130e-06
cycle=2326 time=1.5366382166014048e-01 dt=1.3277946130990754e-06
cycle=2327 time=1.5366514945475357e-01 dt=1.3275467200021808e-06
cycle=2328 time=1.5366647700147357e-01 dt=1.3272973686299032e-06
cycle=2329 time=1.5366780429884219e-01 dt=1.3270465822615646e-06
cycle=2330 time=1.5366913134542445e-01 dt=1.3267943839188541e-06
cycle=2331 time=1.5367045813980837e-01 dt=1.3265407964211862e-06
cycle=2332 time=1.5367178468060480e-01 dt=1.3262858424038564e-06
cycle=2333 time=1.5367311096644720e-01 dt=1.3260295443356888e-06
cycle=2334 time=1.5367443699599154e-01 dt=1.3257719245361266e-06
cycle=2335 time=1.5367576276791609e-01 dt=1.3255130051915954e-06
cycle=2336 time=1.5367708828092128e-01 dt=1.3252528083705472e-06
cycle=2337 time=1.5367841353372966e-01 dt=1.3249913560565187e-06
cycle=2338 time=1.5367973852508571e-01 dt=1.3247286706477761e-06
cycle=2339 time=1.5368106325375636e-01 dt=1.3244647746693257e-06
cycle=2340 time=1.5368238771853102e-01 dt=1.3241996904548051e-06
cycle=2341 time=1.5368371191822147e-01 dt=1.3239334401565242e-06
cycle=2342 time=1.5368503585166163e-01 dt=1.3236660457605362e-06
cycle=2343 time=1.5368635951770740e-01 dt=1.3233975290321906e-06
cycle=2344 time=1.5368768291523643e-01 dt=1.3231279185061762e-06
cycle=2345 time=1.5368900604315494e-01 dt=1.3228572449264164e-06
cycle=2346 time=1.5369032890039988e-01 dt=1.3225855291667765e-06
cycle=2347 time=1.5369165148592906e-01 dt=1.3223127917767929e-06
cycle=2348 time=1.5369297379872085e-01 dt=1.3220390530254524e-06
cycle=2349 time=1.5369429583777389e-01 dt=1.3217643329400071e-06
cycle=2350 time=1.5369561760210682e-01 dt=1.3214886513603727e-06
cycle=2351 time=1.5369693909075818e-01 dt=1.3212120279855123e-06
cycle=2352 time=1.5369826030278616e-01 dt=1.3209344824135084e-06
cycle=2353 time=1.5369958123726857e-01 dt=1.3206560317634045e-06
cycle=2354 time=1.5370090189330032e-01 dt=1.3203766910136929e-06
cycle=2355 time=1.5370222226999133e-01 dt=1.3200964740067047e-06
cycle=2356 time=1.5370354236646533e-01 dt=1.3198153936795640e-06
cycle=2357 time=1.5370486218185900e-01 dt=1.3195334622946947e-06
cycle=2358 time=1.5370618171532130e-01 dt=1.3192506917846947e-06
cycle=2359 time=1.5370750096601307e-01 dt=1.3189670938658063e-06
cycle=2360 time=1.5370881993310695e-01 dt=1.3186826782019274e-06
cycle=2361 time=1.5371013861578514e-01 dt=1.3183974570082903e-06
cycle=2362 time=1.5371145701324215e-01 dt=1.3181114430358342e-06
cycle=2363 time=1.5371277512468520e-01 dt=1.3178246497415327e-06
cycle=2364 time=1.5371409294933494e-01 dt=1.3175370914676404e-06
cycle=2365 time=1.5371541048642640e-01 dt=1.3172487836993107e-06
cycle=2366 time=1.5371672773521008e-01 dt=1.3169597432084083e-06
cycle=2367 time=1.5371804469495329e-01 dt=1.3166699880488514e-06
cycle=2368 time=1.5371936136494133e-01 dt=1.3163795376265090e-06
cycle=2369 time=1.5372067774447895e-01 dt=1.3160884127719023e-06
cycle=2370 time=1.5372199383289173e-01 dt=1.3157966357908807e-06
cycle=2371 time=1.5372330962952752e-01 dt=1.3155042305334521e-06
cycle=2372 time=1.5372462513375804e-01 dt=1.3152112224475292e-06
cycle=2373 time=1.5372594034498049e-01 dt=1.3149176384645422e-06
cycle=2374 time=1.5372725526261896e-01 dt=1.3146235069650689e-06
cycle=2375 time=1.5372856988612593e-01 dt=1.3143288577296259e-06
cycle=2376 time=1.5372988421498365e-01 dt=1.3140337218716505e-06
cycle=2377 time=1.5373119824870551e-01 dt=1.3137381317558775e-06
cycle=2378 time=1.5373251198683727e-01 dt=1.3134421209037533e-06
cycle=2379 time=1.5373382542895817e-01 dt=1.3131457238876322e-06
cycle=2380 time=1.5373513857468205e-01 dt=1.3128489762155245e-06
cycle=2381 time=1.5373645142365827e-01 dt=1.3125519142081785e-06
cycle=2382 time=1.5373776397557248e-01 dt=1.3122545748703197e-06
cycle=2383 time=1.5373907623014735e-01 dt=1.3119569957577966e-06
cycle=2384 time=1.5374038818714311e-01 dt=1.3116592148423211e-06
cycle=2385 time=1.5374169984635797e-01 dt=1.3113612703754414e-06
cycle=2386 time=1.5374301120762834e-01 dt=1.3110632007532941e-06
cycle=2387 time=1.5374432227082910e-01 dt=1.3107650443835793e-06
cycle=2388 time=1.5374563303587349e-01 dt=1.3104668395562293e-06
cycle=2389 time=1.5374694350271303e-01 dt=1.3101686243185853e-06
cycle=2390 time=1.5374825367133735e-01 dt=1.3098704363557730e-06
cycle=2391 time=1.5374956354177371e-01 dt=1.3095723128791220e-06
cycle=2392 time=1.5375087311408658e-01 dt=1.3092742905213016e-06
cycle=2393 time=1.5375218238837710e-01 dt=1.3089764052397871e-06
cycle=2394 time=1.5375349136478234e-01 dt=1.3086786922476189e-06
cycle=2395 time=1.5375480004347458e-01 dt=1.3083811859133379e-06
cycle=2396 time=1.5375610842466050e-01 dt=1.3080839196908193e-06
cycle=2397 time=1.5375741650858019e-01 dt=1.3077869260591991e-06
cycle=2398 time=1.5375872429550624e-01 dt=1.3074902364748235e-06
cycle=2399 time=1.5376003178574271e-01 dt=1.3071938813526161e-06
cycle=2400 time=1.5376133897962407e-01 dt=1.3068978900233092e-06
cycle=2401 time=1.5376264587751409e-01 dt=1.3066022907086394e-06
cycle=2402 time=1.5376395247980479e-01 dt=1.3063071105067087e-06
cycle=2403 time=1.5376525878691530e-01 dt=1.3060123753872696e-06
cycle=2404 time=1.5376656479929068e-01 dt=1.3057181101842734e-06
cycle=2405 time=1.5376787051740087e-01 dt=1.3054243386082052e-06
cycle=2406 time=1.5376917594173947e-01 dt=1.3051310832889964e-06
cycle=2407 time=1.5377048107282276e-01 dt=1.3048383658146059e-06
cycle=2408 time=1.5377178591118856e-01 dt=1.3045462067828663e-06
cycle=2409 time=1.5377309045739534e-01 dt=1.3042546258688817e-06
cycle=2410 time=1.5377439471202120e-01 dt=1.3039636419113808e-06
cycle=2411 time=1.5377569867566313e-01 dt=1.3036732730452941e-06
cycle=2412 time=1.5377700234893618e-01 dt=1.3033835366313126e-06
cycle=2413 time=1.5377830573247281e-01 dt=1.3030944489978908e-06
cycle=2414 time=1.5377960882692179e-01 dt=1.3028060254635392e-06
cycle=2415 time=1.5378091163294727e-01 dt=1.3025182803574787e-06
cycle=2416 time=1.5378221415122761e-01 dt=1.3022312270453261e-06
cycle=2417 time=1.5378351638245466e-01 dt=1.3019448779597369e-06
cycle=2418 time=1.5378481832733262e-01 dt=1.3016592446360126e-06
cycle=2419 time=1.5378611998657726e-01 dt=1.3013743377525277e-06
cycle=2420 time=1.5378742136091503e-01 dt=1.3010901671760418e-06
cycle=2421 time=1.5378872245108222e-01 dt=1.3008067420118208e-06
cycle=2422 time=1.5379002325782423e-01 dt=1.3005240705866931e-06
cycle=2423 time=1.5379132378189481e-01 dt=1.3002421637561497e-06
cycle=2424 time=1.5379262402405855e-01 dt=1.2999610483477218e-06
cycle=2425 time=1.5379392398510688e-01 dt=1.2996807305277070e-06
cycle=2426 time=1.5379522366583742e-01 dt=1.2994012141070929e-06
cycle=2427 time=1.5379652306705152e-01 dt=1.2991224923828710e-06
cycle=2428 time=1.5379782218954391e-01 dt=1.2988445612641831e-06
cycle=2429 time=1.5379912103410517e-01 dt=1.2985674273350359e-06
cycle=2430 time=1.5380041960153251e-01 dt=1.2982910971606763e-06
cycle=2431 time=1.5380171789262967e-01 dt=1.2980155770136010e-06
cycle=2432 time=1.5380301590820669e-01 dt=1.2977408726615460e-06
cycle=2433 time=1.5380431364907934e-01 dt=1.2974669892219299e-06
cycle=2434 time=1.5380561111606855e-01 dt=1.2971939310724799e-06
cycle=2435 time=1.5380690830999963e-01 dt=1.2969217018284339e-06
cycle=2436 time=1.5380820523170147e-01 dt=1.2966503043910556e-06
cycle=2437 time=1.5380950188200584e-01 dt=1.2963797410342763e-06
cycle=2438 time=1.5381079826174687e-01 dt=1.2961100127539225e-06
cycle=2439 time=1.5381209437175963e-01 dt=1.2958411163927935e-06
cycle=2440 time=1.5381339021287602e-01 dt=1.2955730512471912e-06
cycle=2441 time=1.5381468578592727e-01 dt=1.2953058195003355e-06
cycle=2442 time=1.5381598109174677e-01 dt=1.2950394252752595e-06
cycle=2443 time=1.5381727613117205e-01 dt=1.2947738735266864e-06
cycle=2444 time=1.5381857090504558e-01 dt=1.2945091705195949e-06
cycle=2445 time=1.5381986541421611e-01 dt=1.2942453249993165e-06
cycle=2446 time=1.5382115965954110e-01 dt=1.2939823473553901e-06
cycle=2447 time=1.5382245364188846e-01 dt=1.2937202495319166e-06
cycle=2448 time=1.5382374736213800e-01 dt=1.2934590449765810e-06
cycle=2449 time=1.5382504082118298e-01 dt=1.2931987692368830e-06
cycle=2450 time=1.5382633401995222e-01 dt=1.2929395495507700e-06
cycle=2451 time=1.5382762695950178e-01 dt=1.2926814004386676e-06
cycle=2452 time=1.5382891964090223e-01 dt=1.2924243363816784e-06
cycle=2453 time=1.5383021206523861e-01 dt=1.2921683719497505e-06
cycle=2454 time=1.5383150423361056e-01 dt=1.2919135219365509e-06
cycle=2455 time=1.5383279614713249e-01 dt=1.2916598014927746e-06
cycle=2456 time=1.5383408780693400e-01 dt=1.2914072262558423e-06
cycle=2457 time=1.5383537921416027e-01 dt=1.2911558124755540e-06
cycle=2458 time=1.5383667036997276e-01 dt=1.2909055771383908e-06
cycle=2459 time=1.5383796127554988e-01 dt=1.2906565272453350e-06
cycle=2460 time=1.5383925193207712e-01 dt=1.2904086784041663e-06
cycle=2461 time=1.5384054234075553e-01 dt=1.2901620510826302e-06
cycle=2462 time=1.5384183250280661e-01 dt=1.2899166679643548e-06
cycle=2463 time=1.5384312241947457e-01 dt=1.2896725522807794e-06
cycle=2464 time=1.5384441209202684e-01 dt=1.2894297182749711e-06
cycle=2465 time=1.5384570152174512e-01 dt=1.2891881815386385e-06
cycle=2466 time=1.5384699070992666e-01 dt=1.2889479591102952e-06
cycle=2467 time=1.5384827965788578e-01 dt=1.2887090691631076e-06
cycle=2468 time=1.5384956836695493e-01 dt=1.2884715306885142e-06
cycle=2469 time=1.5385085683848562e-01 dt=1.2882353631204590e-06
cycle=2470 time=1.5385214507384876e-01 dt=1.2880005860363123e-06
cycle=2471 time=1.5385343307443480e-01 dt=1.2877672186529426e-06
cycle=2472 time=1.5385472084165347e-01 dt=1.2875352791651455e-06
cycle=2473 time=1.5385600837693264e-01 dt=1.2873047841826031e-06
cycle=2474 time=1.5385729568171683e-01 dt=1.2870757481360003e-06
cycle=2475 time=1.5385858275746497e-01 dt=1.2868481819638406e-06
cycle=2476 time=1.5385986960564693e-01 dt=1.2866220930824115e-06
cycle=2477 time=1.5386115622774002e-01 dt=1.2863974850177089e-06
cycle=2478 time=1.5386244262522503e-01 dt=1.2861743567953644e-06
cycle=2479 time=1.5386372879958182e-01 dt=1.2859527023566055e-06
cycle=2480 time=1.5386501475228417e-01 dt=1.2857325095534747e-06
cycle=2481 time=1.5386630048479372e-01 dt=1.2855137598895564e-06
cycle=2482 time=1.5386758599855360e-01 dt=1.2852964293135039e-06
cycle=2483 time=1.5386887129498292e-01 dt=1.2850804895481904e-06
cycle=2484 time=1.5387015637547247e-01 dt=1.2848659089643559e-06
cycle=2485 time=1.5387144124138144e-01 dt=1.2846526443695098e-06
cycle=2486 time=1.5387272589402581e-01 dt=1.2844406467132013e-06
cycle=2487 time=1.5387401033467252e-01 dt=1.2842298602823114e-06
cycle=2488 time=1.5387529456453281e-01 dt=1.2840202227227417e-06
cycle=2489 time=1.5387657858475554e-01 dt=1.2838116651249754e-06
cycle=2490 time=1.5387786239642065e-01 dt=1.2836041121527867e-06
cycle=2491 time=1.5387914600053279e-01 dt=1.2833974822095907e-06
cycle=2492 time=1.5388042939801500e-01 dt=1.2831916876372899e-06
cycle=2493 time=1.5388171258970262e-01 dt=1.2829866349423708e-06
cycle=2494 time=1.5388299557633756e-01 dt=1.2827822250336844e-06
cycle=2495 time=1.5388427835856258e-01 dt=1.2825783527403708e-06
cycle=2496 time=1.5388556093691533e-01 dt=1.2823749077674914e-06
cycle=2497 time=1.5388684331182309e-01 dt=1.2821717752006445e-06
cycle=2498 time=1.5388812548359829e-01 dt=1.2819688355011133e-06
cycle=2499 time=1.5388940745243379e-01 dt=1.2817825848364875e-06
cycle=2500 time=1.5389068923501864e-01 dt=1.2815988569220684e-06
cycle=2501 time=1.5389197083387557e-01 dt=1.2814152764204619e-06
cycle=2502 time=1.5389325224915198e-01 dt=1.2812314301243277e-06
cycle=2503 time=1.5389453348058210e-01 dt=1.2810469235673331e-06
cycle=2504 time=1.5389581452750567e-01 dt=1.2808613831525996e-06
cycle=2505 time=1.5389709538888882e-01 dt=1.2806744576926659e-06
cycle=2506 time=1.5389837606334653e-01 dt=1.2804858200757303e-06
cycle=2507 time=1.5389965654916660e-01 dt=1.2802951683345593e-06
cycle=2508 time=1.5390093684433492e-01 dt=1.2801022347350062e-06
cycle=2509 time=1.5390221694656966e-01 dt=1.2799068799014005e-06
cycle=2510 time=1.5390349685344956e-01 dt=1.2797088482269192e-06
cycle=2511 time=1.5390477656229778e-01 dt=1.2795079160735139e-06
cycle=2512 time=1.5390605607021385e-01 dt=1.2793038887022154e-06
cycle=2513 time=1.5390733537410256e-01 dt=1.2790965984196162e-06
cycle=2514 time=1.5390861447070098e-01 dt=1.2788859021716595e-06
cycle=2515 time=1.5390989335660316e-01 dt=1.2786716795870724e-06
cycle=2516 time=1.5391117202828275e-01 dt=1.2784538314940206e-06
cycle=2517 time=1.5391245048211424e-01 dt=1.2782322779709303e-06
cycle=2518 time=1.5391372871439221e-01 dt=1.2780069563936799e-06
cycle=2519 time=1.5391500672134861e-01 dt=1.2777778193960715e-06
cycle=2520 time=1.5391628449916800e-01 dt=1.2775448328794792e-06
cycle=2521 time=1.5391756204400087e-01 dt=1.2773079740732101e-06
cycle=2522 time=1.5391883935197495e-01 dt=1.2770672296441032e-06
cycle=2523 time=1.5392011641920458e-01 dt=1.2768225938785262e-06
cycle=2524 time=1.5392139324179846e-01 dt=1.2765740669583775e-06
cycle=2525 time=1.5392266981586541e-01 dt=1.2763216533503077e-06
cycle=2526 time=1.5392394613751875e-01 dt=1.2760653603246350e-06
cycle=2527 time=1.5392522220287908e-01 dt=1.2758051966174622e-06
cycle=2528 time=1.5392649800807570e-01 dt=1.2755411712464320e-06
cycle=2529 time=1.5392777354924694e-01 dt=1.2752732924874810e-06
cycle=2530 time=1.5392904882253944e-01 dt=1.2750015670169582e-06
cycle=2531 time=1.5393032382410646e-01 dt=1.2747259992207148e-06
cycle=2532 time=1.5393159855010569e-01 dt=1.2744465906735001e-06
cycle=2533 time=1.5393287299669636e-01 dt=1.2741633397695596e-06
cycle=2534 time=1.5393414716003614e-01 dt=1.2738762415176376e-06
cycle=2535 time=1.5393542103627766e-01 dt=1.2735852886139237e-06
cycle=2536 time=1.5393669462156628e-01 dt=1.2732904692261790e-06
cycle=2537 time=1.5393796791203551e-01 dt=1.2729917683194144e-06
cycle=2538 time=1.5393924090380384e-01 dt=1.2726891680364336e-06
cycle=2539 time=1.5394051359297187e-01 dt=1.2723826481340942e-06
cycle=2540 time=1.5394178597562000e-01 dt=1.2720721865110637e-06
cycle=2541 time=1.5394305804780650e-01 dt=1.2717577598131620e-06
cycle=2542 time=1.5394432980556633e-01 dt=1.2714393359208460e-06
cycle=2543 time=1.5394560124490225e-01 dt=1.2711167910517734e-06
cycle=2544 time=1.5394687236169330e-01 dt=1.2707901008272772e-06
cycle=2545 time=1.5394814315179411e-01 dt=1.2704592484604555e-06
cycle=2546 time=1.5394941361104258e-01 dt=1.2701242250213793e-06
cycle=2547 time=1.5395068373526760e-01 dt=1.2697850300381148e-06
cycle=2548 time=1.5395195352029764e-01 dt=1.2694416708863645e-06
cycle=2549 time=1.5395322296196853e-01 dt=1.2690941632130942e-06
cycle=2550 time=1.5395449205613174e-01 dt=1.2687425312723851e-06
cycle=2551 time=1.5395576079866302e-01 dt=1.2683868078739081e-06
cycle=2552 time=1.5395702918547088e-01 dt=1.2680270343705252e-06
cycle=2553 time=1.5395829721250526e-01 dt=1.2676632606209919e-06
cycle=2554 time=1.5395956487576587e-01 dt=1.2672955448913394e-06
cycle=2555 time=1.5396083217131076e-01 dt=1.2669239563721295e-06
cycle=2556 time=1.5396209909526715e-01 dt=1.2665485780310858e-06
cycle=2557 time=1.5396336564384519e-01 dt=1.2661694920402325e-06
cycle=2558 time=1.5396463181333722e-01 dt=1.2657867880094247e-06
cycle=2559 time=1.5396589760012522e-01 dt=1.2654005627046557e-06
cycle=2560 time=1.5396716300068791e-01 dt=1.2650109196953610e-06
cycle=2561 time=1.5396842801160759e-01 dt=1.2646179690522884e-06
cycle=2562 time=1.5396969262957666e-01 dt=1.2642218269792487e-06
cycle=2563 time=1.5397095685140363e-01 dt=1.2638226154150337e-06
cycle=2564 time=1.5397222067401906e-01 dt=1.2634204616139613e-06
cycle=2565 time=1.5397348409448067e-01 dt=1.2630154977084296e-06
cycle=2566 time=1.5397474710997838e-01 dt=1.2626078602568288e-06
cycle=2567 time=1.5397600971783865e-01 dt=1.2621976897805787e-06
cycle=2568 time=1.5397727191552843e-01 dt=1.2617851302938385e-06
cycle=2569 time=1.5397853370065873e-01 dt=1.2613703288280601e-06
cycle=2570 time=1.5397979507098755e-01 dt=1.2609534349544350e-06
cycle=2571 time=1.5398105602442250e-01 dt=1.2605345942501576e-06
cycle=2572 time=1.5398231655901676e-01 dt=1.2601121602384892e-06
cycle=2573 time=1.5398357667117699e-01 dt=1.2596793517688168e-06
cycle=2574 time=1.5398483635052876e-01 dt=1.2592256085949260e-06
cycle=2575 time=1.5398609557613735e-01 dt=1.2587565201298681e-06
cycle=2576 time=1.5398735433265748e-01 dt=1.2582764756055385e-06
cycle=2577 time=1.5398861260913307e-01 dt=1.2577890663683316e-06
cycle=2578 time=1.5398987039819945e-01 dt=1.2572972992903621e-06
cycle=2579 time=1.5399112769549875e-01 dt=1.2568037208834407e-06
cycle=2580 time=1.5399238449921962e-01 dt=1.2563104937948610e-06
cycle=2581 time=1.5399364080971342e-01 dt=1.2558194490639313e-06
cycle=2582 time=1.5399489662916249e-01 dt=1.2553321232154246e-06
cycle=2583 time=1.5399615196128572e-01 dt=1.2548497856791100e-06
cycle=2584 time=1.5399740681107141e-01 dt=1.2543734625756854e-06
cycle=2585 time=1.5399866118453398e-01 dt=1.2539039576472226e-06
cycle=2586 time=1.5399991508849162e-01 dt=1.2534418713011383e-06
cycle=2587 time=1.5400116853036291e-01 dt=1.2529876187020214e-06
cycle=2588 time=1.5400242151798160e-01 dt=1.2519426940949271e-06
cycle=2589 time=1.5400367346067570e-01 dt=1.2507554854173157e-06
cycle=2590 time=1.5400492421616110e-01 dt=1.2495713313380593e-06
cycle=2591 time=1.5400617378749243e-01 dt=1.2484044374273754e-06
cycle=2592 time=1.5400742219192987e-01 dt=1.2472673202008063e-06
cycle=2593 time=1.5400866945925007e-01 dt=1.2461706450966316e-06
cycle=2594 time=1.5400991562989516e-01 dt=1.2451231788610202e-06
cycle=2595 time=1.5401116075307403e-01 dt=1.2441317980379494e-06
cycle=2596 time=1.5401240488487206e-01 dt=1.2432015514205449e-06
cycle=2597 time=1.5401364808642348e-01 dt=1.2423357728104952e-06
cycle=2598 time=1.5401489042219629e-01 dt=1.2415362372099737e-06
cycle=2599 time=1.5401613195843350e-01 dt=1.2408033504173318e-06
cycle=2600 time=1.5401737276178393e-01 dt=1.2401363593044273e-06
cycle=2601 time=1.5401861289814323e-01 dt=1.2395335685432833e-06
cycle=2602 time=1.5401985243171176e-01 dt=1.2389925497214629e-06
cycle=2603 time=1.5402109142426149e-01 dt=1.2385103188554332e-06
cycle=2604 time=1.5402232993458034e-01 dt=1.2380835165954834e-06
cycle=2605 time=1.5402356801809694e-01 dt=1.2377085312410261e-06
cycle=2606 time=1.5402480572662819e-01 dt=1.2373815959418056e-06
cycle=2607 time=1.5402604310822413e-01 dt=1.2370988571389110e-06
cycle=2608 time=1.5402728020708126e-01 dt=1.2368564196524766e-06
cycle=2609 time=1.5402851706350090e-01 dt=1.2366503744904629e-06
cycle=2610 time=1.5402975371387539e-01 dt=1.2364768155872907e-06
cycle=2611 time=1.5403099019069097e-01 dt=1.2363318510031973e-06
cycle=2612 time=1.5403222652254198e-01 dt=1.2362116127536926e-06
cycle=2613 time=1.5403346273415472e-01 dt=1.2361122682889112e-06
cycle=2614 time=1.5403469884642301e-01 dt=1.2360300353104360e-06
cycle=2615 time=1.5403593487645834e-01 dt=1.2359612005559549e-06
cycle=2616 time=1.5403717083765889e-01 dt=1.2359021425110404e-06
cycle=2617 time=1.5403840673980140e-01 dt=1.2358495948330586e-06
cycle=2618 time=1.5403964258939623e-01 dt=1.2358003998104449e-06
cycle=2619 time=1.5404087838979605e-01 dt=1.2357515362949759e-06
cycle=2620 time=1.5404211414133234e-01 dt=1.2356999387277917e-06
cycle=2621 time=1.5404334984127108e-01 dt=1.2356425518597987e-06
cycle=2622 time=1.5404458548382294e-01 dt=1.2355763988542338e-06
cycle=2623 time=1.5404582106022180e-01 dt=1.2354989107757445e-06
cycle=2624 time=1.5404705655913256e-01 dt=1.2354077429617532e-06
cycle=2625 time=1.5404829196687553e-01 dt=1.2353007799510550e-06
cycle=2626 time=1.5404952726765547e-01 dt=1.2351761277042395e-06
cycle=2627 time=1.5405076244378318e-01 dt=1.2350320506771497e-06
cycle=2628 time=1.5405199747583387e-01 dt=1.2348668955856353e-06
cycle=2629 time=1.5405323234272944e-01 dt=1.2346789505167705e-06
cycle=2630 time=1.5405446702167996e-01 dt=1.2344661634233045e-06
cycle=2631 time=1.5405570148784339e-01 dt=1.2342255411581717e-06
cycle=2632 time=1.5405693571338455e-01 dt=1.2339511225974156e-06
cycle=2633 time=1.5405816966450714e-01 dt=1.2336353765948544e-06
cycle=2634 time=1.5405940329988374e-01 dt=1.2333064117745263e-06
cycle=2635 time=1.5406063660629551e-01 dt=1.2329831601536272e-06
cycle=2636 time=1.5406186958945567e-01 dt=1.2326711069943479e-06
cycle=2637 time=1.5406310226056266e-01 dt=1.2323755869409054e-06
cycle=2638 time=1.5406433463614960e-01 dt=1.2321018185550095e-06
cycle=2639 time=1.5406556673796815e-01 dt=1.2318549351965069e-06
cycle=2640 time=1.5406679859290334e-01 dt=1.2316401297297801e-06
cycle=2641 time=1.5406803023303306e-01 dt=1.2314627192502004e-06
cycle=2642 time=1.5406926169575230e-01 dt=1.2313283750370771e-06
cycle=2643 time=1.5407049302412734e-01 dt=1.2312433727541197e-06
cycle=2644 time=1.5407172426750010e-01 dt=1.2312147956533118e-06
cycle=2645 time=1.5407295548229574e-01 dt=1.2312509638638422e-06
cycle=2646 time=1.5407418673325959e-01 dt=1.2313619977490987e-06
cycle=2647 time=1.5407541809525735e-01 dt=1.2315606335011536e-06
cycle=2648 time=1.5407664965589085e-01 dt=1.2317168154896326e-06
cycle=2649 time=1.5407788137270634e-01 dt=1.2318120813748190e-06
cycle=2650 time=1.5407911318478770e-01 dt=1.2318462529395261e-06
cycle=2651 time=1.5408034503104065e-01 dt=1.2318200426307182e-06
cycle=2652 time=1.5408157685108329e-01 dt=1.2317350118345869e-06
cycle=2653 time=1.5408280858609513e-01 dt=1.2315935069432946e-06
cycle=2654 time=1.5408404017960209e-01 dt=1.2313985814512651e-06
cycle=2655 time=1.5408527157818355e-01 dt=1.2311538866276321e-06
cycle=2656 time=1.5408650273207017e-01 dt=1.2308635793322026e-06
cycle=2657 time=1.5408773359564951e-01 dt=1.2305315855228085e-06
cycle=2658 time=1.5408896412723502e-01 dt=1.2301627875567635e-06
cycle=2659 time=1.5409019429002258e-01 dt=1.2297621965384001e-06
cycle=2660 time=1.5409142405221912e-01 dt=1.2293349118441864e-06
cycle=2661 time=1.5409265338713096e-01 dt=1.2288860275605556e-06
cycle=2662 time=1.5409388227315851e-01 dt=1.2284205436703326e-06
cycle=2663 time=1.5409511069370219e-01 dt=1.2279432894322900e-06
cycle=2664 time=1.5409633863699163e-01 dt=1.2274588466744971e-06
cycle=2665 time=1.5409756609583830e-01 dt=1.2269714951032320e-06
cycle=2666 time=1.5409879306733340e-01 dt=1.2264851657280114e-06
cycle=2667 time=1.5410001955249913e-01 dt=1.2260034059714644e-06
cycle=2668 time=1.5410124555590510e-01 dt=1.2255293562657781e-06
cycle=2669 time=1.5410247108526137e-01 dt=1.2250657376651668e-06
cycle=2670 time=1.5410369615099903e-01 dt=1.2246148495475666e-06
cycle=2671 time=1.5410492076584859e-01 dt=1.2241785763702371e-06
cycle=2672 time=1.5410614494442496e-01 dt=1.2237584022279975e-06
cycle=2673 time=1.5410736870282718e-01 dt=1.2233554378980288e-06
cycle=2674 time=1.5410859205826508e-01 dt=1.2229704422561615e-06
cycle=2675 time=1.5410981502870733e-01 dt=1.2226038490394485e-06
cycle=2676 time=1.5411103763255637e-01 dt=1.2222557987156025e-06
cycle=2677 time=1.5411225988835509e-01 dt=1.2219261713354374e-06
cycle=2678 time=1.5411348181452642e-01 dt=1.2216146213163408e-06
cycle=2679 time=1.5411470342914774e-01 dt=1.2213206092179792e-06
cycle=2680 time=1.5411592474975697e-01 dt=1.2210434293371548e-06
cycle=2681 time=1.5411714579318631e-01 dt=1.2207822386236460e-06
cycle=2682 time=1.5411836657542494e-01 dt=1.2205360833627926e-06
cycle=2683 time=1.5411958711150830e-01 dt=1.2203039235462043e-06
cycle=2684 time=1.5412080741543185e-01 dt=1.2200846549555694e-06
cycle=2685 time=1.5412202750008680e-01 dt=1.2198771290592253e-06
cycle=2686 time=1.5412324737721586e-01 dt=1.2196801708869208e-06
cycle=2687 time=1.5412446705738675e-01 dt=1.2194925950497882e-06
cycle=2688 time=1.5412568654998179e-01 dt=1.2193132200862229e-06
cycle=2689 time=1.5412690586320188e-01 dt=1.2191408812963689e-06
cycle=2690 time=1.5412812500408318e-01 dt=1.2189744422038973e-06
cycle=2691 time=1.5412934397852537e-01 dt=1.2188128047862496e-06
cycle=2692 time=1.5413056279133017e-01 dt=1.2186549185081544e-06
cycle=2693 time=1.5413178144624867e-01 dt=1.2184997882073930e-06
cycle=2694 time=1.5413299994603688e-01 dt=1.2183464809369723e-06
cycle=2695 time=1.5413421829251781e-01 dt=1.2181941317520865e-06
cycle=2696 time=1.5413543648664957e-01 dt=1.2180419484542878e-06
cycle=2697 time=1.5413665452859801e-01 dt=1.2178892152993340e-06
cycle=2698 time=1.5413787241781332e-01 dt=1.2177346111431139e-06
cycle=2699 time=1.5413909015242447e-01 dt=1.2175737142153019e-06
cycle=2700 time=1.5414030772613868e-01 dt=1.2174065366627317e-06
cycle=2701 time=1.5414152513267534e-01 dt=1.2172331844709730e-06
cycle=2702 time=1.5414274236585981e-01 dt=1.2170538740912836e-06
cycle=2703 time=1.5414395941973391e-01 dt=1.2168689260527525e-06
cycle=2704 time=1.5414517628865995e-01 dt=1.2166787029318044e-06
cycle=2705 time=1.5414639296736288e-01 dt=1.2164835938432971e-06
cycle=2706 time=1.5414760945095671e-01 dt=1.2162840363859146e-06
cycle=2707 time=1.5414882573499308e-01 dt=1.2160805074082917e-06
cycle=2708 time=1.5415004181550049e-01 dt=1.2158735194426044e-06
cycle=2709 time=1.5415125768901994e-01 dt=1.2156636026601167e-06
cycle=2710 time=1.5415247335262261e-01 dt=1.2154512975086368e-06
cycle=2711 time=1.5415368880392011e-01 dt=1.2152371487894312e-06
cycle=2712 time=1.5415490404106891e-01 dt=1.2150216981815907e-06
cycle=2713 time=1.5415611906276708e-01 dt=1.2148054774241165e-06
cycle=2714 time=1.5415733386824451e-01 dt=1.2145890022067789e-06
cycle=2715 time=1.5415854845724672e-01 dt=1.2143727668059024e-06
cycle=2716 time=1.5415976283001354e-01 dt=1.2141572394828447e-06
cycle=2717 time=1.5416097698725301e-01 dt=1.2139428586100757e-06
cycle=2718 time=1.5416219093011160e-01 dt=1.2137300295965544e-06
cycle=2719 time=1.5416340466014120e-01 dt=1.2135191905678977e-06
cycle=2720 time=1.5416461817933177e-01 dt=1.2133107045581570e-06
cycle=2721 time=1.5416583149003632e-01 dt=1.2131048559753801e-06
cycle=2722 time=1.5416704459489231e-01 dt=1.2129018897812840e-06
cycle=2723 time=1.5416825749678209e-01 dt=1.2127020119153890e-06
cycle=2724 time=1.5416947019879401e-01 dt=1.2125041646643670e-06
cycle=2725 time=1.5417068270295867e-01 dt=1.2123027046358491e-06
cycle=2726 time=1.5417189500566331e-01 dt=1.2120979742100043e-06
cycle=2727 time=1.5417310710363752e-01 dt=1.2118903714345886e-06
cycle=2728 time=1.5417431899400896e-01 dt=1.2116803313263659e-06
cycle=2729 time=1.5417553067434028e-01 dt=1.2114744858843795e-06
cycle=2730 time=1.5417674214882618e-01 dt=1.2112807961242038e-06
cycle=2731 time=1.5417795342962232e-01 dt=1.2110861966856203e-06
cycle=2732 time=1.5417916451581901e-01 dt=1.2108908475079664e-06
cycle=2733 time=1.5418037540666651e-01 dt=1.2106949216522520e-06
cycle=2734 time=1.5418158610158816e-01 dt=1.2104986039218808e-06
cycle=2735 time=1.5418279660019207e-01 dt=1.2103020862976336e-06
cycle=2736 time=1.5418400690227838e-01 dt=1.2101055619103923e-06
cycle=2737 time=1.5418521700784030e-01 dt=1.2099092220882685e-06
cycle=2738 time=1.5418642691706239e-01 dt=1.2097132537873918e-06
cycle=2739 time=1.5418763663031618e-01 dt=1.2095178373823308e-06
cycle=2740 time=1.5418884614815356e-01 dt=1.2093231399193577e-06
cycle=2741 time=1.5419005547129347e-01 dt=1.2091293224353422e-06
cycle=2742 time=1.5419126460061591e-01 dt=1.2089365362675806e-06
cycle=2743 time=1.5419247353715218e-01 dt=1.2087449198889551e-06
cycle=2744 time=1.5419368228207206e-01 dt=1.2085545994816895e-06
cycle=2745 time=1.5419489083667154e-01 dt=1.2083656878808826e-06
cycle=2746 time=1.5419609920235941e-01 dt=1.2081782843260970e-06
cycle=2747 time=1.5419730738064374e-01 dt=1.2079924744392204e-06
cycle=2748 time=1.5419851537311818e-01 dt=1.2078083294645031e-06
cycle=2749 time=1.5419972318144765e-01 dt=1.2076259083968375e-06
cycle=2750 time=1.5420093080735603e-01 dt=1.2074502018504905e-06
cycle=2751 time=1.5420213825755788e-01 dt=1.2072841363817729e-06
cycle=2752 time=1.5420334554169426e-01 dt=1.2071268472367577e-06
cycle=2753 time=1.5420455266854149e-01 dt=1.2069774508202472e-06
cycle=2754 time=1.5420575964599231e-01 dt=1.2068350569055404e-06
cycle=2755 time=1.5420696648104923e-01 dt=1.2066987789732269e-06
cycle=2756 time=1.5420817317982821e-01 dt=1.2065677441498019e-06
cycle=2757 time=1.5420937974757237e-01 dt=1.2064411021661923e-06
cycle=2758 time=1.5421058618867453e-01 dt=1.2063180340152521e-06
cycle=2759 time=1.5421179250670855e-01 dt=1.2061977592781802e-06
cycle=2760 time=1.5421299870446784e-01 dt=1.2060795396170379e-06
cycle=2761 time=1.5421420478400746e-01 dt=1.2059626858919255e-06
cycle=2762 time=1.5421541074669334e-01 dt=1.2058465625557776e-06
cycle=2763 time=1.5421661659325589e-01 dt=1.2057305911864989e-06
cycle=2764 time=1.5421782232384706e-01 dt=1.2056142531545946e-06
cycle=2765 time=1.5421902793810022e-01 dt=1.2054970914412909e-06
cycle=2766 time=1.5422023343519164e-01 dt=1.2053787116280071e-06
cycle=2767 time=1.5422143881390327e-01 dt=1.2052587820845279e-06
cycle=2768 time=1.5422264407268535e-01 dt=1.2051370333929806e-06
cycle=2769 time=1.5422384920971874e-01 dt=1.2050132570533409e-06
cycle=2770 time=1.5422505422297580e-01 dt=1.2048873035190568e-06
cycle=2771 time=1.5422625911027932e-01 dt=1.2047590796246440e-06
cycle=2772 time=1.5422746386935896e-01 dt=1.2046285454713681e-06
cycle=2773 time=1.5422866849790443e-01 dt=1.2044957108432266e-06
cycle=2774 time=1.5422987299361526e-01 dt=1.2043606312282340e-06
cycle=2775 time=1.5423107735424649e-01 dt=1.2042234035236700e-06
cycle=2776 time=1.5423228157765001e-01 dt=1.2040841615046928e-06
cycle=2777 time=1.5423348566181153e-01 dt=1.2039430711352137e-06
cycle=2778 time=1.5423468960488265e-01 dt=1.2038064187434703e-06
cycle=2779 time=1.5423589341130139e-01 dt=1.2036740224538352e-06
cycle=2780 time=1.5423709708532385e-01 dt=1.2035456055248171e-06
cycle=2781 time=1.5423830063092939e-01 dt=1.2034208621467572e-06
cycle=2782 time=1.5423950405179154e-01 dt=1.2032994298288378e-06
cycle=2783 time=1.5424070735122136e-01 dt=1.2031809732772721e-06
cycle=2784 time=1.5424191053219463e-01 dt=1.2030651536969415e-06
cycle=2785 time=1.5424311359734832e-01 dt=1.2029516341428829e-06
cycle=2786 time=1.5424431654898246e-01 dt=1.2028400866259678e-06
cycle=2787 time=1.5424551938906908e-01 dt=1.2027301970977361e-06
cycle=2788 time=1.5424672211926618e-01 dt=1.2026216679918043e-06
cycle=2789 time=1.5424792474093418e-01 dt=1.2025142217515780e-06
cycle=2790 time=1.5424912725515594e-01 dt=1.2024076064246201e-06
cycle=2791 time=1.5425032966276236e-01 dt=1.2023015982656405e-06
cycle=2792 time=1.5425153196436062e-01 dt=1.2021959992926947e-06
cycle=2793 time=1.5425273416035992e-01 dt=1.2019423806467487e-06
cycle=2794 time=1.5425393610274057e-01 dt=1.2015520374678259e-06
cycle=2795 time=1.5425513765477805e-01 dt=1.2011568945791966e-06
cycle=2796 time=1.5425633881167264e-01 dt=1.2007616440684932e-06
cycle=2797 time=1.5425753957331670e-01 dt=1.2003705528645262e-06
cycle=2798 time=1.5425873994386957e-01 dt=1.1999874267673410e-06
cycle=2799 time=1.5425993993129633e-01 dt=1.1996155896081074e-06
cycle=2800 time=1.5426113954688594e-01 dt=1.1992578748807302e-06
cycle=2801 time=1.5426233880476081e-01 dt=1.1989166287441848e-06
cycle=2802 time=1.5426353772138957e-01 dt=1.1985937230103677e-06
cycle=2803 time=1.5426473631511259e-01 dt=1.1982905765328925e-06
cycle=2804 time=1.5426593460568913e-01 dt=1.1980081832869046e-06
cycle=2805 time=1.5426713261387243e-01 dt=1.1977471452709144e-06
cycle=2806 time=1.5426833036101770e-01 dt=1.1975077087834726e-06
cycle=2807 time=1.5426952786872647e-01 dt=1.1972898029541945e-06
cycle=2808 time=1.5427072515852944e-01 dt=1.1970930777046862e-06
cycle=2809 time=1.5427192225160713e-01 dt=1.1969169413955926e-06
cycle=2810 time=1.5427311916854852e-01 dt=1.1967605963922477e-06
cycle=2811 time=1.5427431592914492e-01 dt=1.1966230734694937e-06
cycle=2812 time=1.5427551255221839e-01 dt=1.1965032633821887e-06
cycle=2813 time=1.5427670905548177e-01 dt=1.1963999458217634e-06
cycle=2814 time=1.5427790545542761e-01 dt=1.1963118158082760e-06
cycle=2815 time=1.5427910176724341e-01 dt=1.1962375076466922e-06
cycle=2816 time=1.5428029800475104e-01 dt=1.1961756166366545e-06
cycle=2817 time=1.5428149418036768e-01 dt=1.1961247190480469e-06
cycle=2818 time=1.5428269030508673e-01 dt=1.1960833959854509e-06
cycle=2819 time=1.5428388638848273e-01 dt=1.1960502474802312e-06
cycle=2820 time=1.5428508243873021e-01 dt=1.1960238855409974e-06
cycle=2821 time=1.5428627846261575e-01 dt=1.1960029653262539e-06
cycle=2822 time=1.5428747446558108e-01 dt=1.1959861971745795e-06
cycle=2823 time=1.5428867045177824e-01 dt=1.1959723573407125e-06
cycle=2824 time=1.5428986642413559e-01 dt=1.1959602974247416e-06
cycle=2825 time=1.5429106238443302e-01 dt=1.1959489524825872e-06
cycle=2826 time=1.5429225833338550e-01 dt=1.1959373478039714e-06
cycle=2827 time=1.5429345427073329e-01 dt=1.1959246043240345e-06
cycle=2828 time=1.5429465019533761e-01 dt=1.1959099426568278e-06
cycle=2829 time=1.5429584610528027e-01 dt=1.1958926857327416e-06
cycle=2830 time=1.5429704199796601e-01 dt=1.1958722600521559e-06
cycle=2831 time=1.5429823787022606e-01 dt=1.1958481955833315e-06
cycle=2832 time=1.5429943371842164e-01 dt=1.1958201243525944e-06
cycle=2833 time=1.5430062953854598e-01 dt=1.1957877777968787e-06
cycle=2834 time=1.5430182532632378e-01 dt=1.1957509829854827e-06
cycle=2835 time=1.5430302107730676e-01 dt=1.1957096579375243e-06
cycle=2836 time=1.5430421678696468e-01 dt=1.1956638058914449e-06
cycle=2837 time=1.5430541245077056e-01 dt=1.1956135087340908e-06
cycle=2838 time=1.5430660806427929e-01 dt=1.1955589197838417e-06
cycle=2839 time=1.5430780362319907e-01 dt=1.1955002560660988e-06
cycle=2840 time=1.5430899912345514e-01 dt=1.1954377900239574e-06
cycle=2841 time=1.5431019456124517e-01 dt=1.1953718254106259e-06
cycle=2842 time=1.5431138993307059e-01 dt=1.1953027227084951e-06
cycle=2843 time=1.5431258523579330e-01 dt=1.1952308732323455e-06
cycle=2844 time=1.5431378046666652e-01 dt=1.1951566910572229e-06
cycle=2845 time=1.5431497562335758e-01 dt=1.1950806052236608e-06
cycle=2846 time=1.5431617070396281e-01 dt=1.1950030523565329e-06
cycle=2847 time=1.5431736570701515e-01 dt=1.1949244697758423e-06
cycle=2848 time=1.5431856063148494e-01 dt=1.1948452891724382e-06
cycle=2849 time=1.5431975547677412e-01 dt=1.1947659309016224e-06
cycle=2850 time=1.5432095024270504e-01 dt=1.1946867989351000e-06
cycle=2851 time=1.5432214492950397e-01 dt=1.1946082764932153e-06
cycle=2852 time=1.5432333953778046e-01 dt=1.1945307223666672e-06
cycle=2853 time=1.5432453406850283e-01 dt=1.1944544679240050e-06
cycle=2854 time=1.5432572852297075e-01 dt=1.1943798147895903e-06
cycle=2855 time=1.5432692290278555e-01 dt=1.1943070331665808e-06
cycle=2856 time=1.5432811720981870e-01 dt=1.1942363607709970e-06
cycle=2857 time=1.5432931144617948e-01 dt=1.1941680023360083e-06
cycle=2858 time=1.5433050561418182e-01 dt=1.1941021296400807e-06
cycle=2859 time=1.5433169971631147e-01 dt=1.1940388820087703e-06
cycle=2860 time=1.5433289375519349e-01 dt=1.1939783672376187e-06
cycle=2861 time=1.5433408773356072e-01 dt=1.1939206628818143e-06
cycle=2862 time=1.5433528165422361e-01 dt=1.1938658178585315e-06
cycle=2863 time=1.5433647552004148e-01 dt=1.1938138543091541e-06
cycle=2864 time=1.5433766933389578e-01 dt=1.1937647696694177e-06
cycle=2865 time=1.5433886309866546e-01 dt=1.1937185388983183e-06
cycle=2866 time=1.5434005681720436e-01 dt=1.1936751167769417e-06
cycle=2867 time=1.5434125049232114e-01 dt=1.1936344410960612e-06
cycle=2868 time=1.5434244412676223e-01 dt=1.1935964363137750e-06
cycle=2869 time=1.5434363772319856e-01 dt=1.1935610157504143e-06
cycle=2870 time=1.5434483128421431e-01 dt=1.1935280837064824e-06
cycle=2871 time=1.5434602481229800e-01 dt=1.1934975373717125e-06
cycle=2872 time=1.5434721830983539e-01 dt=1.1934692686608913e-06
cycle=2873 time=1.5434841177910405e-01 dt=1.1934434452813676e-06
cycle=2874 time=1.5434960522254934e-01 dt=1.1934203366048122e-06
cycle=2875 time=1.5435079864288595e-01 dt=1.1933998110029959e-06
cycle=2876 time=1.5435199204269695e-01 dt=1.1933817305143818e-06
cycle=2877 time=1.5435318542442747e-01 dt=1.1933659531339796e-06
cycle=2878 time=1.5435437879038061e-01 dt=1.1933523349746761e-06
cycle=2879 time=1.5435557214271559e-01 dt=1.1933407322817035e-06
cycle=2880 time=1.5435676548344787e-01 dt=1.1933310032846789e-06
cycle=2881 time=1.5435795881445116e-01 dt=1.1933230098799031e-06
cycle=2882 time=1.5435915213746104e-01 dt=1.1933166191288393e-06
cycle=2883 time=1.5436034545408017e-01 dt=1.1933117045708112e-06
cycle=2884 time=1.5436153876578473e-01 dt=1.1933081473463466e-06
cycle=2885 time=1.5436273207393209e-01 dt=1.1933058371311969e-06
cycle=2886 time=1.5436392537976923e-01 dt=1.1933046728833511e-06
cycle=2887 time=1.5436511868444211e-01 dt=1.1933045634076541e-06
cycle=2888 time=1.5436631198900552e-01 dt=1.1933054277446271e-06
cycle=2889 time=1.5436750529443327e-01 dt=1.1933071953917670e-06
cycle=2890 time=1.5436869860162866e-01 dt=1.1933098063675429e-06
cycle=2891 time=1.5436989191143502e-01 dt=1.1933132111293013e-06
cycle=2892 time=1.5437108522464615e-01 dt=1.1933173703575203e-06
cycle=2893 time=1.5437227854201652e-01 dt=1.1933222546195027e-06
cycle=2894 time=1.5437347186427114e-01 dt=1.1933278439285933e-06
cycle=2895 time=1.5437466519211507e-01 dt=1.1933341272095895e-06
cycle=2896 time=1.5437585852624228e-01 dt=1.1933411016865581e-06
cycle=2897 time=1.5437705186734396e-01 dt=1.1933487722083946e-06
cycle=2898 time=1.5437824521611618e-01 dt=1.1933571505420753e-06
cycle=2899 time=1.5437943857326672e-01 dt=1.1933662545947066e-06
cycle=2900 time=1.5438063193952131e-01 dt=1.1933761076332464e-06
cycle=2901 time=1.5438182531562894e-01 dt=1.1933867374952631e-06
cycle=2902 time=1.5438301870236643e-01 dt=1.1933981758024504e-06
cycle=2903 time=1.5438421210054223e-01 dt=1.1934104571876593e-06
cycle=2904 time=1.5438540551099941e-01 dt=1.1934236185467049e-06
cycle=2905 time=1.5438659893461795e-01 dt=1.1934376983522561e-06
cycle=2906 time=1.5438779237231631e-01 dt=1.1934527359814531e-06
cycle=2907 time=1.5438898582505228e-01 dt=1.1934687710870364e-06
cycle=2908 time=1.5439017929382337e-01 dt=1.1934858430172040e-06
cycle=2909 time=1.5439137277966639e-01 dt=1.1935039902882442e-06
cycle=2910 time=1.5439256628365666e-01 dt=1.1935232501128800e-06
cycle=2911 time=1.5439375980690678e-01 dt=1.1935436579864166e-06
cycle=2912 time=1.5439495335056477e-01 dt=1.1935652473315947e-06
cycle=2913 time=1.5439614691581210e-01 dt=1.1935880492021521e-06
cycle=2914 time=1.5439734050386131e-01 dt=1.1936120920438106e-06
cycle=2915 time=1.5439853411595336e-01 dt=1.1936374015114480e-06
cycle=2916 time=1.5439972775335487e-01 dt=1.1936640003401648e-06
cycle=2917 time=1.5440092141735520e-01 dt=1.1936919082674261e-06
cycle=2918 time=1.5440211510926347e-01 dt=1.1937211420031549e-06
cycle=2919 time=1.5440330883040546e-01 dt=1.1937517152448567e-06
cycle=2920 time=1.5440450258212071e-01 dt=1.1937836387292194e-06
cycle=2921 time=1.5440569636575943e-01 dt=1.1938169203219973e-06
cycle=2922 time=1.5440689018267975e-01 dt=1.1938515651394075e-06
cycle=2923 time=1.5440808403424489e-01 dt=1.1938875756963507e-06
cycle=2924 time=1.5440927792182058e-01 dt=1.1939249520804739e-06
cycle=2925 time=1.5441047184677265e-01 dt=1.1939636914719162e-06
cycle=2926 time=1.5441166581046412e-01 dt=1.1940037884295324e-06
cycle=2927 time=1.5441285981425254e-01 dt=1.1940452358059336e-06
cycle=2928 time=1.5441405385948834e-01 dt=1.1940880249725134e-06
cycle=2929 time=1.5441524794751332e-01 dt=1.1941321457059145e-06
cycle=2930 time=1.5441644207965902e-01 dt=1.1941775858626773e-06
cycle=2931 time=1.5441763625724489e-01 dt=1.1942243337695968e-06
cycle=2932 time=1.5441883048157864e-01 dt=1.1942723771585637e-06
cycle=2933 time=1.5442002475395580e-01 dt=1.1943217033613074e-06
cycle=2934 time=1.5442121907565917e-01 dt=1.1943722994917642e-06
cycle=2935 time=1.5442241344795865e-01 dt=1.1944241526145145e-06
cycle=2936 time=1.5442360787211126e-01 dt=1.1944772501466801e-06
cycle=2937 time=1.5442480234936140e-01 dt=1.1945315798670031e-06
cycle=2938 time=1.5442599688094127e-01 dt=1.1945871295271137e-06
cycle=2939 time=1.5442719146807080e-01 dt=1.1946438873346447e-06
cycle=2940 time=1.5442838611195814e-01 dt=1.1947018420414806e-06
cycle=2941 time=1.5442958081380018e-01 dt=1.1947609830792579e-06
cycle=2942 time=1.5443077557478327e-01 dt=1.1948213005683269e-06
cycle=2943 time=1.5443197039608383e-01 dt=1.1948827851442248e-06
cycle=2944 time=1.5443316527886897e-01 dt=1.1949454280469991e-06
cycle=2945 time=1.5443436022429702e-01 dt=1.1950092217046815e-06
cycle=2946 time=1.5443555523351873e-01 dt=1.1950741593087797e-06
cycle=2947 time=1.5443675030767803e-01 dt=1.1951402348014410e-06
cycle=2948 time=1.5443794544791284e-01 dt=1.1952074424046466e-06
cycle=2949 time=1.5443914065535524e-01 dt=1.1952757763221675e-06
cycle=2950 time=1.5444033593113157e-01 dt=1.1953452314636428e-06
cycle=2951 time=1.5444153127636304e-01 dt=1.1954158034117834e-06
cycle=2952 time=1.5444272669216644e-01 dt=1.1954874883799396e-06
cycle=2953 time=1.5444392217965483e-01 dt=1.1955602831645654e-06
cycle=2954 time=1.5444511773993799e-01 dt=1.1956341850929909e-06
cycle=2955 time=1.5444631337412310e-01 dt=1.1957091919674292e-06
cycle=2956 time=1.5444750908331506e-01 dt=1.1957853020067103e-06
cycle=2957 time=1.5444870486861706e-01 dt=1.1958625137877702e-06
cycle=2958 time=1.5444990073113085e-01 dt=1.1959408247025483e-06
cycle=2959 time=1.5445109667195556e-01 dt=1.1960202320942481e-06
cycle=2960 time=1.5445229269218766e-01 dt=1.1961007335745451e-06
cycle=2961 time=1.5445348879292123e-01 dt=1.1961823232741903e-06
cycle=2962 time=1.5445468497524451e-01 dt=1.1962649965894625e-06
cycle=2963 time=1.5445588124024109e-01 dt=1.1963487514258875e-06
cycle=2964 time=1.5445707758899252e-01 dt=1.1964335839818277e-06
cycle=2965 time=1.5445827402257650e-01 dt=1.1965194932432024e-06
cycle=2966 time=1.5445947054206974e-01 dt=1.1966064785142925e-06
cycle=2967 time=1.5446066714854825e-01 dt=1.1966945393536065e-06
cycle=2968 time=1.5446186384308760e-01 dt=1.1967836755192173e-06
cycle=2969 time=1.5446306062676313e-01 dt=1.1968738869419486e-06
cycle=2970 time=1.5446425750065007e-01 dt=1.1969651736743758e-06
cycle=2971 time=1.5446545446582374e-01 dt=1.1970575357978296e-06
cycle=2972 time=1.5446665152335953e-01 dt=1.1971509733718351e-06
cycle=2973 time=1.5446784867433291e-01 dt=1.1972454863880563e-06
cycle=2974 time=1.5446904591981930e-01 dt=1.1973410747283284e-06
cycle=2975 time=1.5447024326089404e-01 dt=1.1974377381270599e-06
cycle=2976 time=1.5447144069863217e-01 dt=1.1975354761381364e-06
cycle=2977 time=1.5447263823410831e-01 dt=1.1976342881065803e-06
cycle=2978 time=1.5447383586839641e-01 dt=1.1977341731444254e-06
cycle=2979 time=1.5447503360256956e-01 dt=1.1978351300989289e-06
cycle=2980 time=1.5447623143769967e-01 dt=1.1979371575124158e-06
cycle=2981 time=1.5447742937485717e-01 dt=1.1980402536056144e-06
cycle=2982 time=1.5447862741511079e-01 dt=1.1981444162673645e-06
cycle=2983 time=1.5447982555952705e-01 dt=1.1982496430502903e-06
cycle=2984 time=1.5448102380917011e-01 dt=1.1983559311719171e-06
cycle=2985 time=1.5448222216510130e-01 dt=1.1984632775209146e-06
cycle=2986 time=1.5448342062837880e-01 dt=1.1985716786676526e-06
cycle=2987 time=1.5448461920005746e-01 dt=1.1986811308787067e-06
cycle=2988 time=1.5448581788118834e-01 dt=1.1987916301073144e-06
cycle=2989 time=1.5448701667281844e-01 dt=1.1989031720510044e-06
cycle=2990 time=1.5448821557599049e-01 dt=1.1990157522701828e-06
cycle=2991 time=1.5448941459174276e-01 dt=1.1991293662569590e-06
cycle=2992 time=1.5449061372110900e-01 dt=1.1992440094952383e-06
cycle=2993 time=1.5449181296511849e-01 dt=1.1993596775121871e-06
cycle=2994 time=1.5449301232479601e-01 dt=1.1994763659208466e-06
cycle=2995 time=1.5449421180116193e-01 dt=1.1995940709367054e-06
cycle=2996 time=1.5449541139523287e-01 dt=1.1997127890835554e-06
cycle=2997 time=1.5449661110802196e-01 dt=1.1998325169810924e-06
cycle=2998 time=1.5449781094053894e-01 dt=1.1999532513427782e-06
cycle=2999 time=1.5449901089379028e-01 dt=1.2000749889715702e-06
cycle=3000 time=1.5450021096877925e-01 dt=1.2001977267526893e-06
cycle=3001 time=1.5450141116650601e-01 dt=1.2003214616587962e-06
cycle=3002 time=1.5450261148796768e-01 dt=1.2004461907646817e-06
cycle=3003 time=1.5450381193415844e-01 dt=1.2005719112463376e-06
cycle=3004 time=1.5450501250606968e-01 dt=1.2006986203753909e-06
cycle=3005 time=1.5450621320469005e-01 dt=1.2008263155100257e-06
cycle=3006 time=1.5450741403100557e-01 dt=1.2009549940827441e-06
cycle=3007 time=1.5450861498599966e-01 dt=1.2010846535854073e-06
cycle=3008 time=1.5450981607065326e-01 dt=1.2012152915552055e-06
cycle=3009 time=1.5451101728594482e-01 dt=1.2013469055449556e-06
cycle=3010 time=1.5451221863285036e-01 dt=1.2014794931229584e-06
cycle=3011 time=1.5451342011234348e-01 dt=1.2016130518398784e-06
cycle=3012 time=1.5451462172539532e-01 dt=1.2017475792032214e-06
cycle=3013 time=1.5451582347297452e-01 dt=1.2018830726539392e-06
cycle=3014 time=1.5451702535604717e-01 dt=1.2020195295442338e-06
cycle=3015 time=1.5451822737557672e-01 dt=1.2021569471168930e-06
cycle=3016 time=1.5451942953252384e-01 dt=1.2022953224863518e-06
cycle=3017 time=1.5452063182784634e-01 dt=1.2024346551167996e-06
cycle=3018 time=1.5452183426250146e-01 dt=1.2025749516142965e-06
cycle=3019 time=1.5452303683745308e-01 dt=1.2027162190715745e-06
cycle=3020 time=1.5452423955367214e-01 dt=1.2028584628057050e-06
cycle=3021 time=1.5452544241213495e-01 dt=1.2030016823371715e-06
cycle=3022 time=1.5452664541381728e-01 dt=1.2031458971188596e-06
cycle=3023 time=1.5452784855971438e-01 dt=1.2032911276625876e-06
cycle=3024 time=1.5452905185084204e-01 dt=1.2034373899432614e-06
cycle=3025 time=1.5453025528823197e-01 dt=1.2035846955190064e-06
cycle=3026 time=1.5453145887292749e-01 dt=1.2037330517041255e-06
cycle=3027 time=1.5453266260597920e-01 dt=1.2038824620648513e-06
cycle=3028 time=1.5453386648844125e-01 dt=1.2040329426136477e-06
cycle=3029 time=1.5453507052138388e-01 dt=1.2041845045511562e-06
cycle=3030 time=1.5453627470588843e-01 dt=1.2043371544864228e-06
cycle=3031 time=1.5453747904304291e-01 dt=1.2044908946881872e-06
cycle=3032 time=1.5453868353393760e-01 dt=1.2046457233758315e-06
cycle=3033 time=1.5453988817966097e-01 dt=1.2048016350433520e-06
cycle=3034 time=1.5454109298129601e-01 dt=1.2049586208234303e-06
cycle=3035 time=1.5454229793991683e-01 dt=1.2051166688656759e-06
cycle=3036 time=1.5454350305658571e-01 dt=1.2052757647106070e-06
cycle=3037 time=1.5454470833235043e-01 dt=1.2054358916480806e-06
cycle=3038 time=1.5454591376824209e-01 dt=1.2055970311059343e-06
cycle=3039 time=1.5454711936527318e-01 dt=1.2057591630504441e-06
cycle=3040 time=1.5454832512443623e-01 dt=1.2059222663850214e-06
cycle=3041 time=1.5454953104670260e-01 dt=1.2060863101237461e-06
cycle=3042 time=1.5455073713301273e-01 dt=1.2062511211680704e-06
cycle=3043 time=1.5455194338413389e-01 dt=1.2064166703095320e-06
cycle=3044 time=1.5455314980080420e-01 dt=1.2065829294284452e-06
cycle=3045 time=1.5455435638373363e-01 dt=1.2067498717734266e-06
cycle=3046 time=1.5455556313360541e-01 dt=1.2069174721933136e-06
cycle=3047 time=1.5455677005107760e-01 dt=1.2070857073251289e-06
cycle=3048 time=1.5455797713678493e-01 dt=1.2072545557164316e-06
cycle=3049 time=1.5455918439134064e-01 dt=1.2074239979264664e-06
cycle=3050 time=1.5456039181533857e-01 dt=1.2075940165818240e-06
cycle=3051 time=1.5456159940935515e-01 dt=1.2077645963864656e-06
cycle=3052 time=1.5456280717395154e-01 dt=1.2079357239198064e-06
cycle=3053 time=1.5456401510967546e-01 dt=1.2081073881241331e-06
cycle=3054 time=1.5456522321706359e-01 dt=1.2082795800580956e-06
cycle=3055 time=1.5456643149664365e-01 dt=1.2084522925690853e-06
cycle=3056 time=1.5456763994893621e-01 dt=1.2086255201587744e-06
cycle=3057 time=1.5456884857445638e-01 dt=1.2087992588326732e-06
cycle=3058 time=1.5457005737371521e-01 dt=1.2089735059378403e-06
cycle=3059 time=1.5457126634722115e-01 dt=1.2091482598650902e-06
cycle=3060 time=1.5457247549548103e-01 dt=1.2093235197737636e-06
cycle=3061 time=1.5457368481900080e-01 dt=1.2094992856634039e-06
cycle=3062 time=1.5457489431828647e-01 dt=1.2096755581950394e-06
cycle=3063 time=1.5457610399384467e-01 dt=1.2098523385190376e-06
cycle=3064 time=1.5457731384618317e-01 dt=1.2100296281034532e-06
cycle=3065 time=1.5457852387581128e-01 dt=1.2102074285748259e-06
cycle=3066 time=1.5457973408323986e-01 dt=1.2103857415701162e-06
cycle=3067 time=1.5458094446898143e-01 dt=1.2105645686004234e-06
cycle=3068 time=1.5458215503355002e-01 dt=1.2107439109271645e-06
cycle=3069 time=1.5458336577746096e-01 dt=1.2109237694508863e-06
cycle=3070 time=1.5458457670123041e-01 dt=1.2111041446088809e-06
cycle=3071 time=1.5458578780537502e-01 dt=1.2112850362707256e-06
cycle=3072 time=1.5458699909041129e-01 dt=1.2114664425254738e-06
cycle=3073 time=1.5458821055685382e-01 dt=1.2116483566106297e-06
cycle=3074 time=1.5458942220521044e-01 dt=1.2118307772599804e-06
cycle=3075 time=1.5459063403598769e-01 dt=1.2120137021045649e-06
cycle=3076 time=1.5459184604968979e-01 dt=1.2121971275857291e-06
cycle=3077 time=1.5459305824681738e-01 dt=1.2123810491582308e-06
cycle=3078 time=1.5459427062786654e-01 dt=1.2125654655195014e-06
cycle=3079 time=1.5459548319333205e-01 dt=1.2127503689219547e-06
cycle=3080 time=1.5459669594370098e-01 dt=1.2129357502840469e-06
cycle=3081 time=1.5459790887945127e-01 dt=1.2131215992529234e-06
cycle=3082 time=1.5459912200105053e-01 dt=1.2133079042619756e-06
cycle=3083 time=1.5460033530895478e-01 dt=1.2134946526016985e-06
cycle=3084 time=1.5460154880360738e-01 dt=1.2136818305018036e-06
cycle=3085 time=1.5460276248543789e-01 dt=1.2138694232228276e-06
cycle=3086 time=1.5460397635486112e-01 dt=1.2140574151432239e-06
cycle=3087 time=1.5460519041227627e-01 dt=1.2142457898564256e-06
cycle=3088 time=1.5460640465806613e-01 dt=1.2144345303482013e-06
cycle=3089 time=1.5460761909259649e-01 dt=1.2146236189723939e-06
cycle=3090 time=1.5460883371621545e-01 dt=1.2148130375561446e-06
cycle=3091 time=1.5461004852925300e-01 dt=1.2150027675331547e-06
cycle=3092 time=1.5461126353202054e-01 dt=1.2151928110285788e-06
cycle=3093 time=1.5461247872483155e-01 dt=1.2153831825821507e-06
cycle=3094 time=1.5461369410801415e-01 dt=1.2155738940183847e-06
cycle=3095 time=1.5461490968190816e-01 dt=1.2157649543738549e-06
cycle=3096 time=1.5461612544686254e-01 dt=1.2159563698744064e-06
cycle=3097 time=1.5461734140323241e-01 dt=1.2161481439584571e-06
cycle=3098 time=1.5461855755137638e-01 dt=1.2163402773421704e-06
cycle=3099 time=1.5461977389165371e-01 dt=1.2165327679263822e-06
cycle=3100 time=1.5462099042442165e-01 dt=1.2167256100988088e-06
cycle=3101 time=1.5462220715003175e-01 dt=1.2169187960799222e-06
cycle=3102 time=1.5462342406882784e-01 dt=1.2171123162484891e-06
cycle=3103 time=1.5462464118114408e-01 dt=1.2173061592897458e-06
cycle=3104 time=1.5462585848730337e-01 dt=1.2175003122883720e-06
cycle=3105 time=1.5462707598761566e-01 dt=1.2176947609368193e-06
cycle=3106 time=1.5462829368237660e-01 dt=1.2178894898003740e-06
cycle=3107 time=1.5462951157186641e-01 dt=1.2180844811000032e-06
cycle=3108 time=1.5463072965634753e-01 dt=1.2182797159973354e-06
cycle=3109 time=1.5463194793606352e-01 dt=1.2184751753176864e-06
cycle=3110 time=1.5463316641123884e-01 dt=1.2186708397486955e-06
cycle=3111 time=1.5463438508207858e-01 dt=1.2188666913677958e-06
cycle=3112 time=1.5463560394876993e-01 dt=1.2190627112600614e-06
cycle=3113 time=1.5463682301148118e-01 dt=1.2192588806509728e-06
cycle=3114 time=1.5463804227036185e-01 dt=1.2194551817298841e-06
cycle=3115 time=1.5463926172554357e-01 dt=1.2196515972656154e-06
cycle=3116 time=1.5464048137714084e-01 dt=1.2198481107024476e-06
cycle=3117 time=1.5464170122525153e-01 dt=1.2200447062382343e-06
cycle=3118 time=1.5464292126995777e-01 dt=1.2202413688820941e-06
cycle=3119 time=1.5464414151132666e-01 dt=1.2204380845026589e-06
cycle=3120 time=1.5464536194941117e-01 dt=1.2165179766916214e-06
cycle=3121 time=1.5464657846738786e-01 dt=1.2119905572492169e-06
cycle=3122 time=1.5464779045794511e-01 dt=1.2073852765324803e-06
cycle=3123 time=1.5464899784322164e-01 dt=1.2028108305579496e-06
cycle=3124 time=1.5465020065405219e-01 dt=1.1983672786703861e-06
cycle=3125 time=1.5465139902133085e-01 dt=1.1941464213119445e-06
cycle=3126 time=1.5465259316775215e-01 dt=1.1902347172434520e-06
cycle=3127 time=1.5465378340246938e-01 dt=1.1867210845305465e-06
cycle=3128 time=1.5465497012355392e-01 dt=1.1837134204935224e-06
cycle=3129 time=1.5465615383697442e-01 dt=1.1813517745915168e-06
cycle=3130 time=1.5465733518874902e-01 dt=1.1795406405053934e-06
cycle=3131 time=1.5465851472938952e-01 dt=1.1781498045167414e-06
cycle=3132 time=1.5465969287919404e-01 dt=1.1770832887361964e-06
cycle=3133 time=1.5466086996248277e-01 dt=1.1762698498014040e-06
cycle=3134 time=1.5466204623233257e-01 dt=1.1756559933990103e-06
cycle=3135 time=1.5466322188832596e-01 dt=1.1752008988262447e-06
cycle=3136 time=1.5466439708922478e-01 dt=1.1748728166641567e-06
cycle=3137 time=1.5466557196204145e-01 dt=1.1746465504861961e-06
cycle=3138 time=1.5466674660859192e-01 dt=1.1745015380445654e-06
cycle=3139 time=1.5466792111012997e-01 dt=1.1744207410337351e-06
cycle=3140 time=1.5466909553087102e-01 dt=1.1743901262766328e-06
cycle=3141 time=1.5467026992099731e-01 dt=1.1743981317083864e-06
cycle=3142 time=1.5467144431912902e-01 dt=1.1744352820345638e-06
cycle=3143 time=1.5467261875441105e-01 dt=1.1744938896073932e-06
cycle=3144 time=1.5467379324830066e-01 dt=1.1745678029886109e-06
cycle=3145 time=1.5467496781610365e-01 dt=1.1746521840950745e-06
cycle=3146 time=1.5467614246828776e-01 dt=1.1747433056542097e-06
cycle=3147 time=1.5467731721159342e-01 dt=1.1748425265313055e-06
cycle=3148 time=1.5467849205411996e-01 dt=1.1749531435172012e-06
cycle=3149 time=1.5467966700726349e-01 dt=1.1750715155477452e-06
cycle=3150 time=1.5468084207877902e-01 dt=1.1752006882111390e-06
cycle=3151 time=1.5468201727946723e-01 dt=1.1753565851773098e-06
cycle=3152 time=1.5468319263605240e-01 dt=1.1755506994985964e-06
cycle=3153 time=1.5468436818675191e-01 dt=1.1757906785661783e-06
cycle=3154 time=1.5468554397743048e-01 dt=1.1760812130144214e-06
cycle=3155 time=1.5468672005864351e-01 dt=1.1764239040389745e-06
cycle=3156 time=1.5468789648254755e-01 dt=1.1768190905583240e-06
cycle=3157 time=1.5468907330163811e-01 dt=1.1772652113239948e-06
cycle=3158 time=1.5469025056684943e-01 dt=1.1777593114239426e-06
cycle=3159 time=1.5469142832616084e-01 dt=1.1782971277160561e-06
cycle=3160 time=1.5469260662328857e-01 dt=1.1788732002917466e-06
cycle=3161 time=1.5469378549648885e-01 dt=1.1794810118077513e-06
cycle=3162 time=1.5469496497750065e-01 dt=1.1801125446516501e-06
cycle=3163 time=1.5469614509004531e-01 dt=1.1807594335043379e-06
cycle=3164 time=1.5469732584947882e-01 dt=1.1814131942702203e-06
cycle=3165 time=1.5469850726267309e-01 dt=1.1820650750251560e-06
cycle=3166 time=1.5469968932774811e-01 dt=1.1827062840565755e-06
cycle=3167 time=1.5470087203403216e-01 dt=1.1833283562580188e-06
cycle=3168 time=1.5470205536238840e-01 dt=1.1839231113295355e-06
cycle=3169 time=1.5470323928549973e-01 dt=1.1844829223122965e-06
cycle=3170 time=1.5470442376842203e-01 dt=1.1850008733693091e-06
cycle=3171 time=1.5470560876929540e-01 dt=1.1854708926386249e-06
cycle=3172 time=1.5470679424018804e-01 dt=1.1858878382153843e-06
cycle=3173 time=1.5470798012802625e-01 dt=1.1862475817904686e-06
cycle=3174 time=1.5470916637560805e-01 dt=1.1865470621433618e-06
cycle=3175 time=1.5471035292267019e-01 dt=1.1867843050739800e-06
cycle=3176 time=1.5471153970697527e-01 dt=1.1869584183498843e-06
cycle=3177 time=1.5471272666539362e-01 dt=1.1870695588734533e-06
cycle=3178 time=1.5471391373495250e-01 dt=1.1871188778761184e-06
cycle=3179 time=1.5471510085383036e-01 dt=1.1871084472334860e-06
cycle=3180 time=1.5471628796227760e-01 dt=1.1870411702112535e-06
cycle=3181 time=1.5471747500344782e-01 dt=1.1869206790896288e-06
cycle=3182 time=1.5471866192412692e-01 dt=1.1867512236260689e-06
cycle=3183 time=1.5471984867535055e-01 dt=1.1865375534427640e-06
cycle=3184 time=1.5472103521290398e-01 dt=1.1862847975387697e-06
cycle=3185 time=1.5472222149770151e-01 dt=1.1859983439691579e-06
cycle=3186 time=1.5472340749604549e-01 dt=1.1856837225178329e-06
cycle=3187 time=1.5472459317976800e-01 dt=1.1853464929202049e-06
cycle=3188 time=1.5472577852626093e-01 dt=1.1849921408919621e-06
cycle=3189 time=1.5472696351840182e-01 dt=1.1846259838568604e-06
cycle=3190 time=1.5472814814438568e-01 dt=1.1842530879023199e-06
cycle=3191 time=1.5472933239747358e-01 dt=1.1838781970889654e-06
cycle=3192 time=1.5473051627567067e-01 dt=1.1835056758318604e-06
cycle=3193 time=1.5473169978134649e-01 dt=1.1831394646540710e-06
cycle=3194 time=1.5473288292081114e-01 dt=1.1827830499252742e-06
cycle=3195 time=1.5473406570386106e-01 dt=1.1824394477603780e-06
cycle=3196 time=1.5473524814330883e-01 dt=1.1821111983112614e-06
cycle=3197 time=1.5473643025450715e-01 dt=1.1818003699094661e-06
cycle=3198 time=1.5473761205487704e-01 dt=1.1815085726864336e-06
cycle=3199 time=1.5473879356344972e-01 dt=1.1812369801578208e-06
cycle=3200 time=1.5473997480042986e-01 dt=1.1809863572051471e-06
cycle=3201 time=1.5474115578678707e-01 dt=1.1807570928474783e-06
cycle=3202 time=1.5474233654387992e-01 dt=1.1805492362669541e-06

Terminating on Terminate signal
time=1.5474233654387992e-01 cycle=3202
tlim=2.5000000000000000e+00 nlim=-1

zone-cycles = 3357540352
cpu time used  = 1.5806519260000000e+03
zone-cycles/cpu_second = 2.1241490911263409e+06
