No data_format specified in output block 'output1', using default
No data_format specified in output block 'output1', using default
No data_format specified in output block 'output1', using default
No data_format specified in output block 'output1', using default
No data_format specified in output block 'output1', using default
No data_format specified in output block 'output1', using default
No data_format specified in output block 'output1', using default
No data_format specified in output block 'output1', using default

Setup complete, entering main loop...

cycle=0 time=0.0000000000000000e+00 dt=2.4322182518995575e-03
cycle=1 time=2.4322182518995575e-03 dt=2.4321343434121120e-03
cycle=2 time=4.8643525953116695e-03 dt=2.4317697860218967e-03
cycle=3 time=7.2961223813335658e-03 dt=2.4310749765937478e-03
cycle=4 time=9.7271973579273127e-03 dt=2.4301188056572126e-03
cycle=5 time=1.2157316163584526e-02 dt=2.4288164885229130e-03
cycle=6 time=1.4586132652107439e-02 dt=2.4271966905209269e-03
cycle=7 time=1.7013329342628367e-02 dt=2.4252761345121953e-03
cycle=8 time=1.9438605477140561e-02 dt=2.4230646684797424e-03
cycle=9 time=2.1861670145620304e-02 dt=2.4204917604236640e-03
cycle=10 time=2.4282161906043969e-02 dt=2.4175353429398976e-03
cycle=11 time=2.6699697248983866e-02 dt=2.4142262837982213e-03
cycle=12 time=2.9113923532782089e-02 dt=2.4105548409958555e-03
cycle=13 time=3.1524478373777948e-02 dt=2.4051282909335258e-03
cycle=14 time=3.3929606664711474e-02 dt=2.3980553690622648e-03
cycle=15 time=3.6327662033773737e-02 dt=2.3901247011045919e-03
cycle=16 time=3.8717786734878329e-02 dt=2.3802363458143285e-03
cycle=17 time=4.1098023080692658e-02 dt=2.3682621605938133e-03
cycle=18 time=4.3466285241286470e-02 dt=2.3550351623185398e-03
cycle=19 time=4.5821320403605009e-02 dt=2.3403321814036374e-03
cycle=20 time=4.8161652585008645e-02 dt=2.3235884150516650e-03
cycle=21 time=5.0485241000060313e-02 dt=2.3054666546974798e-03
cycle=22 time=5.2790707654757796e-02 dt=2.2506926958887445e-03
cycle=23 time=5.5041400350646544e-02 dt=2.1257370862334773e-03
cycle=24 time=5.7167137436880018e-02 dt=2.0100293841473927e-03
cycle=25 time=5.9177166821027409e-02 dt=1.9028620761363296e-03
cycle=26 time=6.1080028897163741e-02 dt=1.8035045472750808e-03
cycle=27 time=6.2883533444438824e-02 dt=1.7112400243457764e-03
cycle=28 time=6.4594773468784603e-02 dt=1.6253853750712343e-03
cycle=29 time=6.6220158843855834e-02 dt=1.5453009606715066e-03
cycle=30 time=6.7765459804527334e-02 dt=1.4703814825933225e-03
cycle=31 time=6.9235841287120653e-02 dt=1.4000682015856652e-03
cycle=32 time=7.0635909488706322e-02 dt=1.3338404095779664e-03
cycle=33 time=7.1969749898284294e-02 dt=1.2716616487902534e-03
cycle=34 time=7.3241411547074545e-02 dt=1.2136760163617140e-03
cycle=35 time=7.4455087563436259e-02 dt=1.1571276819889612e-03
cycle=36 time=7.5612215245425218e-02 dt=1.1047219067968394e-03
cycle=37 time=7.6716937152222053e-02 dt=1.0559993946560680e-03
cycle=38 time=7.7772936546878127e-02 dt=1.0105544798053336e-03
cycle=39 time=7.8783491026683458e-02 dt=9.6802630519525500e-04
cycle=40 time=7.9751517331878713e-02 dt=9.2845121335528098e-04
cycle=41 time=8.0679968545233988e-02 dt=8.9147894382176924e-04
cycle=42 time=8.1571447489055759e-02 dt=8.5683980173138286e-04
cycle=43 time=8.2428287290787147e-02 dt=8.2429502716607609e-04
cycle=44 time=8.3252582317953225e-02 dt=7.9368331450278362e-04
cycle=45 time=8.4046265632456013e-02 dt=7.6482864543491152e-04
cycle=46 time=8.4811094277890922e-02 dt=7.3825527333552777e-04
cycle=47 time=8.5549349551226450e-02 dt=7.1380482272110127e-04
cycle=48 time=8.6263154373947548e-02 dt=6.9127334494035282e-04
cycle=49 time=8.6954427718887894e-02 dt=6.7064374660396036e-04
cycle=50 time=8.7625071465491852e-02 dt=6.5176703574374405e-04
cycle=51 time=8.8276838501235591e-02 dt=6.3439216982968559e-04
cycle=52 time=8.8911230671065281e-02 dt=6.1649014643954032e-04
cycle=53 time=8.9527720817504819e-02 dt=5.9715462671901297e-04
cycle=54 time=9.0124875444223831e-02 dt=5.7886786712434254e-04
cycle=55 time=9.0703743311348173e-02 dt=5.6162129686568730e-04
cycle=56 time=9.1265364608213856e-02 dt=5.4540411762082008e-04
cycle=57 time=9.1810768725834671e-02 dt=5.3019515877241298e-04
cycle=58 time=9.2340963884607080e-02 dt=5.1595934891035782e-04
cycle=59 time=9.2856923233517435e-02 dt=5.0265552883695770e-04
cycle=60 time=9.3359578762354387e-02 dt=4.9023837496539472e-04
cycle=61 time=9.3849817137319783e-02 dt=4.7866517660745617e-04
cycle=62 time=9.4328482313927237e-02 dt=4.6787981766655202e-04
cycle=63 time=9.4796362131593787e-02 dt=4.5782101584726205e-04
cycle=64 time=9.5254183147441052e-02 dt=4.4842444260544286e-04
cycle=65 time=9.5702607590046493e-02 dt=4.3962664138774070e-04
cycle=66 time=9.6142234231434240e-02 dt=4.3135932668671151e-04
cycle=67 time=9.6573593558120951e-02 dt=4.2363706318939988e-04
cycle=68 time=9.6997230621310354e-02 dt=4.1644877564772181e-04
cycle=69 time=9.7413679396958081e-02 dt=4.0790228195279767e-04
cycle=70 time=9.7821581678910877e-02 dt=3.9899456195377161e-04
cycle=71 time=9.8220576240864652e-02 dt=3.9043306112306736e-04
cycle=72 time=9.8611009301987712e-02 dt=3.8222848555980176e-04
cycle=73 time=9.8993237787547511e-02 dt=3.7439002086799570e-04
cycle=74 time=9.9367627808415501e-02 dt=3.6692340332081908e-04
cycle=75 time=9.9734551211736314e-02 dt=3.5983249778055731e-04
cycle=76 time=1.0009438370951687e-01 dt=3.5311850715493581e-04
cycle=77 time=1.0044750221667181e-01 dt=3.4678009460153834e-04
cycle=78 time=1.0079428231127335e-01 dt=3.4081307281781415e-04
cycle=79 time=1.0113509538409117e-01 dt=3.3520930974517308e-04
cycle=80 time=1.0147030469383635e-01 dt=3.2995545357043663e-04
cycle=81 time=1.0180026014740678e-01 dt=3.2503356550158064e-04
cycle=82 time=1.0212529371290836e-01 dt=3.2041809166706011e-04
cycle=83 time=1.0244571180457543e-01 dt=3.1614308223896657e-04
cycle=84 time=1.0276185488681440e-01 dt=3.1184418471974366e-04
cycle=85 time=1.0307369907153414e-01 dt=3.0642430265596493e-04
cycle=86 time=1.0338012337419011e-01 dt=3.0115948955815016e-04
cycle=87 time=1.0368128286374827e-01 dt=2.9606196602027817e-04
cycle=88 time=1.0397734482976854e-01 dt=2.9114385412403149e-04
cycle=89 time=1.0426848868389257e-01 dt=2.8641660774174501e-04
cycle=90 time=1.0455490529163432e-01 dt=2.8188894153192902e-04
cycle=91 time=1.0483679423316625e-01 dt=2.7756815893544961e-04
cycle=92 time=1.0511436239210170e-01 dt=2.7346112115735641e-04
cycle=93 time=1.0538782351325905e-01 dt=2.6957219880377687e-04
cycle=94 time=1.0565739571206283e-01 dt=2.6590393934982026e-04
cycle=95 time=1.0592329965141264e-01 dt=2.6245605995678823e-04
cycle=96 time=1.0618575571136943e-01 dt=2.5922471999737212e-04
cycle=97 time=1.0644498043136680e-01 dt=2.5619997465329257e-04
cycle=98 time=1.0670118040602009e-01 dt=2.5339886948235916e-04
cycle=99 time=1.0695457927550245e-01 dt=2.5082728139609454e-04
cycle=100 time=1.0720540655689854e-01 dt=2.4725894827775009e-04
cycle=101 time=1.0745266550517629e-01 dt=2.4370702657937891e-04
cycle=102 time=1.0769637253175567e-01 dt=2.4024687452702084e-04
cycle=103 time=1.0793661940628269e-01 dt=2.3688849913451284e-04
cycle=104 time=1.0817350790541720e-01 dt=2.3364147541085506e-04
cycle=105 time=1.0840714938082806e-01 dt=2.3051478170043834e-04
cycle=106 time=1.0863766416252850e-01 dt=2.2751479123517409e-04
cycle=107 time=1.0886517895376367e-01 dt=2.2464869368367223e-04
cycle=108 time=1.0908982764744735e-01 dt=2.2192208937135048e-04
cycle=109 time=1.0931174973681870e-01 dt=2.1933979920581902e-04
cycle=110 time=1.0953108953602453e-01 dt=2.1690527871756163e-04
cycle=111 time=1.0974799481474209e-01 dt=2.1462030553603880e-04
cycle=112 time=1.0996261512027813e-01 dt=2.1248165724851035e-04
cycle=113 time=1.1017509677752664e-01 dt=2.1049379469854034e-04
cycle=114 time=1.1038559057222518e-01 dt=2.0867761370805521e-04
cycle=115 time=1.1059426818593324e-01 dt=2.0650738832454039e-04
cycle=116 time=1.1080077557425777e-01 dt=2.0395544259411386e-04
cycle=117 time=1.1100473101685189e-01 dt=2.0145760987753060e-04
cycle=118 time=1.1120618862672942e-01 dt=1.9902152169977828e-04
cycle=119 time=1.1140521014842919e-01 dt=1.9665469012455903e-04
cycle=120 time=1.1160186483855375e-01 dt=1.9436406870459647e-04
cycle=121 time=1.1179622890725835e-01 dt=1.9215620488640189e-04
cycle=122 time=1.1198838511214475e-01 dt=1.9003577457896330e-04
cycle=123 time=1.1217842088672371e-01 dt=1.8800744699225331e-04
cycle=124 time=1.1236642833371596e-01 dt=1.8607674813431619e-04
cycle=125 time=1.1255250508185027e-01 dt=1.8424796659386052e-04
cycle=126 time=1.1273675304844413e-01 dt=1.8252476111367015e-04
cycle=127 time=1.1291927780955781e-01 dt=1.8090952804990297e-04
cycle=128 time=1.1310018733760771e-01 dt=1.7939994911817558e-04
cycle=129 time=1.1327958728672588e-01 dt=1.7801396929620952e-04
cycle=130 time=1.1345760125602208e-01 dt=1.7675484376693354e-04
cycle=131 time=1.1363435609978902e-01 dt=1.7498764784999838e-04
cycle=132 time=1.1380934374763901e-01 dt=1.7309603499331993e-04
cycle=133 time=1.1398243978263234e-01 dt=1.7124274571496254e-04
cycle=134 time=1.1415368252834730e-01 dt=1.6943370416308597e-04
cycle=135 time=1.1432311623251039e-01 dt=1.6767460304029455e-04
cycle=136 time=1.1449079083555068e-01 dt=1.6597058756002219e-04
cycle=137 time=1.1465676142311070e-01 dt=1.6432621891522065e-04
cycle=138 time=1.1482108764202592e-01 dt=1.6274559444109715e-04
cycle=139 time=1.1498383323646702e-01 dt=1.6123259706723870e-04
cycle=140 time=1.1514506583353426e-01 dt=1.5979108826923665e-04
cycle=141 time=1.1530485692180349e-01 dt=1.5842492462520458e-04
cycle=142 time=1.1546328184642869e-01 dt=1.5713769226932206e-04
cycle=143 time=1.1562041953869802e-01 dt=1.5593181319754847e-04
cycle=144 time=1.1577635135189557e-01 dt=1.5480710373030622e-04
cycle=145 time=1.1593115845562588e-01 dt=1.5378339181629607e-04
cycle=146 time=1.1608494184744217e-01 dt=1.5285862860472279e-04
cycle=147 time=1.1623780047604690e-01 dt=1.5149870282437830e-04
cycle=148 time=1.1638929917887128e-01 dt=1.5003577593852079e-04
cycle=149 time=1.1653933495480980e-01 dt=1.4860120324458714e-04
cycle=150 time=1.1668793615805438e-01 dt=1.4719974478689959e-04
cycle=151 time=1.1683513590284128e-01 dt=1.4583587073259104e-04
cycle=152 time=1.1698097177357387e-01 dt=1.4451385648254919e-04
cycle=153 time=1.1712548563005643e-01 dt=1.4323714846839843e-04
cycle=154 time=1.1726872277852482e-01 dt=1.4200898741218628e-04
cycle=155 time=1.1741073176593701e-01 dt=1.4083251129262190e-04
cycle=156 time=1.1755156427722964e-01 dt=1.3971097734872290e-04
cycle=157 time=1.1769127525457836e-01 dt=1.3864775433169353e-04
cycle=158 time=1.1782992300891006e-01 dt=1.3764615941376065e-04
cycle=159 time=1.1796756916832382e-01 dt=1.3670867994338838e-04
cycle=160 time=1.1810427784826721e-01 dt=1.3583593435086694e-04
cycle=161 time=1.1824011378261808e-01 dt=1.3504765845347196e-04
cycle=162 time=1.1837516144107155e-01 dt=1.3433978502400777e-04
cycle=163 time=1.1850950122609555e-01 dt=1.3329914247441744e-04
cycle=164 time=1.1864280036856996e-01 dt=1.3212978270317111e-04
cycle=165 time=1.1877493015127313e-01 dt=1.3098239090958782e-04
cycle=166 time=1.1890591254218272e-01 dt=1.2986101858412320e-04
cycle=167 time=1.1903577356076685e-01 dt=1.2876941864240691e-04
cycle=168 time=1.1916454297940926e-01 dt=1.2771094633668998e-04
cycle=169 time=1.1929225392574595e-01 dt=1.2668838598837775e-04
cycle=170 time=1.1941894231173433e-01 dt=1.2570476438301394e-04
cycle=171 time=1.1954464707611735e-01 dt=1.2476248931259491e-04
cycle=172 time=1.1966940956542994e-01 dt=1.2386429540925544e-04
cycle=173 time=1.1979327386083920e-01 dt=1.2301310472747032e-04
cycle=174 time=1.1991628696556667e-01 dt=1.2221185817903952e-04
cycle=175 time=1.2003849882374570e-01 dt=1.2146291790291243e-04
cycle=176 time=1.2015996174164861e-01 dt=1.2076901404796740e-04
cycle=177 time=1.2028073075569658e-01 dt=1.2014030551695006e-04
cycle=178 time=1.2040087106121353e-01 dt=1.1957905051802130e-04
cycle=179 time=1.2052045011173154e-01 dt=1.1875878139325922e-04
cycle=180 time=1.2063920889312481e-01 dt=1.1780040727737157e-04
cycle=181 time=1.2075700930040217e-01 dt=1.1686000008519254e-04
cycle=182 time=1.2087386930048737e-01 dt=1.1594105824942070e-04
cycle=183 time=1.2098981035873679e-01 dt=1.1504679025823187e-04
cycle=184 time=1.2110485714899502e-01 dt=1.1418000492581068e-04
cycle=185 time=1.2121903715392084e-01 dt=1.1334312611247295e-04
cycle=186 time=1.2133238028003331e-01 dt=1.1253842723008662e-04
cycle=187 time=1.2144491870726339e-01 dt=1.1176809538898597e-04
cycle=188 time=1.2155668680265237e-01 dt=1.1103354470772229e-04
cycle=189 time=1.2166772034736009e-01 dt=1.1033625707082340e-04
cycle=190 time=1.2177805660443092e-01 dt=1.0968044689355860e-04
cycle=191 time=1.2188773705132448e-01 dt=1.0906836061944929e-04
cycle=192 time=1.2199680541194394e-01 dt=1.0850504820084560e-04
cycle=193 time=1.2210531046014478e-01 dt=1.0799979825218002e-04
cycle=194 time=1.2221331025839696e-01 dt=1.0753597137293386e-04
cycle=195 time=1.2232084622976989e-01 dt=1.0686911409777983e-04
cycle=196 time=1.2242771534386768e-01 dt=1.0606898702054540e-04
cycle=197 time=1.2253378433088823e-01 dt=1.0528381634166828e-04
cycle=198 time=1.2263906814722990e-01 dt=1.0451659147625416e-04
cycle=199 time=1.2274358473870615e-01 dt=1.0377006960892372e-04
cycle=200 time=1.2284735480831507e-01 dt=1.0304668178220899e-04
cycle=201 time=1.2295040149009728e-01 dt=1.0234855072467000e-04
cycle=202 time=1.2305275004082196e-01 dt=1.0167769622450644e-04
cycle=203 time=1.2315442773704646e-01 dt=1.0103591220672953e-04
cycle=204 time=1.2325546364925319e-01 dt=1.0042525391419517e-04
cycle=205 time=1.2335588890316738e-01 dt=9.9847977971123173e-05
cycle=206 time=1.2345573688113851e-01 dt=9.9306361634206116e-05
cycle=207 time=1.2355504324277271e-01 dt=9.8802304209573432e-05
cycle=208 time=1.2365384554698228e-01 dt=9.8335210340750703e-05
cycle=209 time=1.2375218075732303e-01 dt=9.7910396515308275e-05
cycle=210 time=1.2385009115383834e-01 dt=9.7528521629086217e-05
cycle=211 time=1.2394761967546743e-01 dt=9.6966173896495354e-05
cycle=212 time=1.2404458584936393e-01 dt=9.6287094128561656e-05
cycle=213 time=1.2414087294349249e-01 dt=9.5621296972279516e-05
cycle=214 time=1.2423649424046478e-01 dt=9.4971398606584164e-05
cycle=215 time=1.2433146563907135e-01 dt=9.4339774873330532e-05
cycle=216 time=1.2442580541394468e-01 dt=9.3728499376551064e-05
cycle=217 time=1.2451953391332124e-01 dt=9.3139369360738627e-05
cycle=218 time=1.2461267328268198e-01 dt=9.2574080816940744e-05
cycle=219 time=1.2470524736349892e-01 dt=9.2034299267333483e-05
cycle=220 time=1.2479728166276625e-01 dt=9.1521756431224292e-05
cycle=221 time=1.2488880341919747e-01 dt=9.1038459221645090e-05
cycle=222 time=1.2497984187841912e-01 dt=9.0577497751600527e-05
cycle=223 time=1.2507041937617072e-01 dt=9.0148000827955480e-05
cycle=224 time=1.2516056737699868e-01 dt=8.9756361722582903e-05
cycle=225 time=1.2525032373872128e-01 dt=8.9394307909258927e-05
cycle=226 time=1.2533971804663052e-01 dt=8.9063163661061765e-05
cycle=227 time=1.2542878121029158e-01 dt=8.8601567668507213e-05
cycle=228 time=1.2551738277796010e-01 dt=8.8018020565080844e-05
cycle=229 time=1.2560540079852517e-01 dt=8.7446564660755534e-05
cycle=230 time=1.2569284736318592e-01 dt=8.6889486679729301e-05
cycle=231 time=1.2577973684986565e-01 dt=8.6348832484840280e-05
cycle=232 time=1.2586608568235050e-01 dt=8.5826373357400485e-05
cycle=233 time=1.2595191205570791e-01 dt=8.5323652619229744e-05
cycle=234 time=1.2603723570832714e-01 dt=8.4842072858438871e-05
cycle=235 time=1.2612207778118559e-01 dt=8.4377162857380829e-05
cycle=236 time=1.2620645494404298e-01 dt=8.3934736042875425e-05
cycle=237 time=1.2629038968008585e-01 dt=8.3517475662206461e-05
cycle=238 time=1.2637390715574806e-01 dt=8.3127216634751552e-05
cycle=239 time=1.2645703437238281e-01 dt=8.2765965402451446e-05
cycle=240 time=1.2653980033778528e-01 dt=8.2420639649621140e-05
cycle=241 time=1.2662222097743489e-01 dt=8.2106849052688877e-05
cycle=242 time=1.2670432782648758e-01 dt=8.1823129334980624e-05
cycle=243 time=1.2678615095582255e-01 dt=8.1444111100951465e-05
cycle=244 time=1.2686759506692349e-01 dt=8.0937851004854274e-05
cycle=245 time=1.2694853291792835e-01 dt=8.0442756267152255e-05
cycle=246 time=1.2702897567419549e-01 dt=7.9960811754163034e-05
cycle=247 time=1.2710893648594965e-01 dt=7.9490474465987156e-05
cycle=248 time=1.2718842696041563e-01 dt=7.9034996033986940e-05
cycle=249 time=1.2726746195644961e-01 dt=7.8596497988495890e-05
cycle=250 time=1.2734605845443811e-01 dt=7.8176298091701623e-05
cycle=251 time=1.2742423475252981e-01 dt=7.7775742983226436e-05
cycle=252 time=1.2750201049551305e-01 dt=7.7396191772003295e-05
cycle=253 time=1.2757940668728504e-01 dt=7.7039201917853916e-05
cycle=254 time=1.2765644588920289e-01 dt=7.6695660961593275e-05
cycle=255 time=1.2773314155016449e-01 dt=7.6372482036829879e-05
cycle=256 time=1.2780951403220131e-01 dt=7.6079543289371093e-05
cycle=257 time=1.2788559357549067e-01 dt=7.5807574777407786e-05
cycle=258 time=1.2796140115026808e-01 dt=7.5544684062525002e-05
cycle=259 time=1.2803694583433059e-01 dt=7.5241721448195963e-05
cycle=260 time=1.2811218755577877e-01 dt=7.4797584283185347e-05
cycle=261 time=1.2818698514006197e-01 dt=7.4362838010109917e-05
cycle=262 time=1.2826134797807207e-01 dt=7.3939217932499979e-05
cycle=263 time=1.2833528719600457e-01 dt=7.3528308213544793e-05
cycle=264 time=1.2840881550421812e-01 dt=7.3131511028618336e-05
cycle=265 time=1.2848194701524673e-01 dt=7.2750072752785953e-05
cycle=266 time=1.2855469708799952e-01 dt=7.2385159723047199e-05
cycle=267 time=1.2862708224772257e-01 dt=7.2037943428568992e-05
cycle=268 time=1.2869912019115115e-01 dt=7.1698324580512929e-05
cycle=269 time=1.2877081851573166e-01 dt=7.1377899823486330e-05
cycle=270 time=1.2884219641555514e-01 dt=7.1077930239574848e-05
cycle=271 time=1.2891327434579472e-01 dt=7.0800305555927606e-05
cycle=272 time=1.2898407465135064e-01 dt=7.0539194902125943e-05
cycle=273 time=1.2905461384625277e-01 dt=7.0289740011783463e-05
cycle=274 time=1.2912490358626455e-01 dt=7.0064389151532273e-05
cycle=275 time=1.2919496797541608e-01 dt=6.9815714637440826e-05
cycle=276 time=1.2926478369005351e-01 dt=6.9424285840987156e-05
cycle=277 time=1.2933420797589448e-01 dt=6.9041582585507958e-05
cycle=278 time=1.2940324955847998e-01 dt=6.8669127954416081e-05
cycle=279 time=1.2947191868643440e-01 dt=6.8308302659151658e-05
cycle=280 time=1.2954022698909357e-01 dt=6.7960327736206114e-05
cycle=281 time=1.2960818731682977e-01 dt=6.7619344776448132e-05
cycle=282 time=1.2967580666160622e-01 dt=6.7291448642831819e-05
cycle=283 time=1.2974309811024906e-01 dt=6.6978539155761901e-05
cycle=284 time=1.2981007664940483e-01 dt=6.6681700952854158e-05
cycle=285 time=1.2987675835035770e-01 dt=6.6402297823475915e-05
cycle=286 time=1.2994316064818118e-01 dt=6.6141374852489451e-05
cycle=287 time=1.3000930202303368e-01 dt=6.5889187157688699e-05
cycle=288 time=1.3007519121019137e-01 dt=6.5648615300359131e-05
cycle=289 time=1.3014083982549174e-01 dt=6.5432870671516756e-05
cycle=290 time=1.3020627269616325e-01 dt=6.5230014176329067e-05
cycle=291 time=1.3027150271033958e-01 dt=6.5025431276432788e-05
cycle=292 time=1.3033652814161600e-01 dt=6.4684720681314504e-05
cycle=293 time=1.3040121286229731e-01 dt=6.4342633624861551e-05
cycle=294 time=1.3046555549592218e-01 dt=6.4008744068673253e-05
cycle=295 time=1.3052956423999085e-01 dt=6.3684312571973982e-05
cycle=296 time=1.3059324855256282e-01 dt=6.3370504949059072e-05
cycle=297 time=1.3065661905751189e-01 dt=6.3068381498092760e-05
cycle=298 time=1.3071968743900997e-01 dt=6.2778923245893054e-05
cycle=299 time=1.3078246636225585e-01 dt=6.2503086882032108e-05
cycle=300 time=1.3084496944913787e-01 dt=6.2241853765565179e-05
cycle=301 time=1.3090721130290345e-01 dt=6.1996468031087770e-05
cycle=302 time=1.3096920777093454e-01 dt=6.1752225913594243e-05
cycle=303 time=1.3103095999684813e-01 dt=6.1522697642147947e-05
cycle=304 time=1.3109248269449028e-01 dt=6.1312408313231952e-05
cycle=305 time=1.3115379510280351e-01 dt=6.1124039163428122e-05
cycle=306 time=1.3121491914196692e-01 dt=6.0926340523229601e-05
cycle=307 time=1.3127584548249016e-01 dt=6.0746202604656492e-05
cycle=308 time=1.3133659168509482e-01 dt=6.0456264374238923e-05
cycle=309 time=1.3139704794946905e-01 dt=6.0151134595576472e-05
cycle=310 time=1.3145719908406461e-01 dt=5.9853514935924004e-05
cycle=311 time=1.3151705259900054e-01 dt=5.9564536198192957e-05
cycle=312 time=1.3157661713519872e-01 dt=5.9285248770573056e-05
cycle=313 time=1.3163590238396930e-01 dt=5.9016614202055561e-05
cycle=314 time=1.3169491899817135e-01 dt=5.8759530599321964e-05
cycle=315 time=1.3175367852877068e-01 dt=5.8514876562852545e-05
cycle=316 time=1.3181219340533354e-01 dt=5.8277975200577075e-05
cycle=317 time=1.3187047138053412e-01 dt=5.8046245935798209e-05
cycle=318 time=1.3192851762646993e-01 dt=5.7828172923349138e-05
cycle=319 time=1.3198634579939328e-01 dt=5.7625469635098651e-05
cycle=320 time=1.3204397126902837e-01 dt=5.7440310216491024e-05
cycle=321 time=1.3210141157924485e-01 dt=5.7259626701342190e-05
cycle=322 time=1.3215867120594618e-01 dt=5.7081226486887775e-05
cycle=323 time=1.3221575243243308e-01 dt=5.6921439283673577e-05
cycle=324 time=1.3227267387171676e-01 dt=5.6673867258551131e-05
cycle=325 time=1.3232934773897531e-01 dt=5.6400444660473964e-05
cycle=326 time=1.3238574818363580e-01 dt=5.6133876678606201e-05
cycle=327 time=1.3244188206031440e-01 dt=5.5875181141941564e-05
cycle=328 time=1.3249775724145635e-01 dt=5.5625310512930855e-05
cycle=329 time=1.3255338255196927e-01 dt=5.5385147011412252e-05
cycle=330 time=1.3260876769898070e-01 dt=5.5152993146556981e-05
cycle=331 time=1.3266392069212726e-01 dt=5.4923865877336000e-05
cycle=332 time=1.3271884455800459e-01 dt=5.4705481285809999e-05
cycle=333 time=1.3277355003929039e-01 dt=5.4498598523295066e-05
cycle=334 time=1.3282804863781369e-01 dt=5.4304426753650268e-05
cycle=335 time=1.3288235306456733e-01 dt=5.4124562353881031e-05
cycle=336 time=1.3293647762692121e-01 dt=5.3958703085129437e-05
cycle=337 time=1.3299043633000635e-01 dt=5.3784044443494788e-05
cycle=338 time=1.3304422037444985e-01 dt=5.3624346325557791e-05
cycle=339 time=1.3309784472077540e-01 dt=5.3481517641372500e-05
cycle=340 time=1.3315132623841677e-01 dt=5.3269505891744058e-05
cycle=341 time=1.3320459574430851e-01 dt=5.3023503288560896e-05
cycle=342 time=1.3325761924759708e-01 dt=5.2783736145983397e-05
cycle=343 time=1.3331040298374305e-01 dt=5.2551129704034390e-05
cycle=344 time=1.3336295411344709e-01 dt=5.2321137615427662e-05
cycle=345 time=1.3341527525106253e-01 dt=5.2097974231901369e-05
cycle=346 time=1.3346737322529442e-01 dt=5.1883043370085705e-05
cycle=347 time=1.3351925626866451e-01 dt=5.1677097589003129e-05
cycle=348 time=1.3357093336625350e-01 dt=5.1480879052141430e-05
cycle=349 time=1.3362241424530563e-01 dt=5.1295597957293031e-05
cycle=350 time=1.3367370984326293e-01 dt=5.1122358043667641e-05
cycle=351 time=1.3372483220130660e-01 dt=5.0961685232423180e-05
cycle=352 time=1.3377579388653901e-01 dt=5.0800360822918400e-05
cycle=353 time=1.3382659424736193e-01 dt=5.0643063426073038e-05
cycle=354 time=1.3387723731078802e-01 dt=5.0498994199195690e-05
cycle=355 time=1.3392773630498722e-01 dt=5.0370150792281514e-05
cycle=356 time=1.3397810645577951e-01 dt=5.0179098060537828e-05
cycle=357 time=1.3402828555384005e-01 dt=4.9955510316257227e-05
cycle=358 time=1.3407824106415631e-01 dt=4.9736263144483884e-05
cycle=359 time=1.3412797732730078e-01 dt=4.9522162319023827e-05
cycle=360 time=1.3417749948961979e-01 dt=4.9313976529749432e-05
cycle=361 time=1.3422681346614954e-01 dt=4.9112450740180796e-05
cycle=362 time=1.3427592591688972e-01 dt=4.8918304196120430e-05
cycle=363 time=1.3432484422108584e-01 dt=4.8732223268673576e-05
cycle=364 time=1.3437357644435452e-01 dt=4.8555689934053158e-05
cycle=365 time=1.3442213213428858e-01 dt=4.8389515988462780e-05
cycle=366 time=1.3447052165027704e-01 dt=4.8233937574335745e-05
cycle=367 time=1.3451875558785137e-01 dt=4.8086407753196998e-05
cycle=368 time=1.3456684199560456e-01 dt=4.7933286500779220e-05
cycle=369 time=1.3461477528210533e-01 dt=4.7790645805926573e-05
cycle=370 time=1.3466256592791126e-01 dt=4.7659551105570452e-05
cycle=371 time=1.3471022547901684e-01 dt=4.7541480790448596e-05
cycle=372 time=1.3475776695980729e-01 dt=4.7359641240724553e-05
cycle=373 time=1.3480512660104801e-01 dt=4.7157433705936164e-05
cycle=374 time=1.3485228403475394e-01 dt=4.6959003389909300e-05
cycle=375 time=1.3489924303814385e-01 dt=4.6765100521479260e-05
cycle=376 time=1.3494600813866534e-01 dt=4.6576424202657697e-05
cycle=377 time=1.3499258456286800e-01 dt=4.6393627334308871e-05
cycle=378 time=1.3503897819020230e-01 dt=4.6217503713520623e-05
cycle=379 time=1.3508519569391583e-01 dt=4.6049666378911740e-05
cycle=380 time=1.3513124536029475e-01 dt=4.5890505402558071e-05
cycle=381 time=1.3517713586569730e-01 dt=4.5740386041511467e-05
cycle=382 time=1.3522287625173882e-01 dt=4.5599627188954081e-05
cycle=383 time=1.3526847587892776e-01 dt=4.5458611270871239e-05
cycle=384 time=1.3531393449019863e-01 dt=4.5319024299153006e-05
cycle=385 time=1.3535925351449779e-01 dt=4.5188590227111796e-05
cycle=386 time=1.3540444210472491e-01 dt=4.5068161416808166e-05
cycle=387 time=1.3544951026614171e-01 dt=4.4948492344688901e-05
cycle=388 time=1.3549445875848640e-01 dt=4.4785924250875384e-05
cycle=389 time=1.3553924468273726e-01 dt=4.4602582920095234e-05
cycle=390 time=1.3558384726565736e-01 dt=4.4422440036521180e-05
cycle=391 time=1.3562826970569389e-01 dt=4.4246168397512510e-05
cycle=392 time=1.3567251587409140e-01 dt=4.4074342953448516e-05
cycle=393 time=1.3571659021704485e-01 dt=4.3908370614897082e-05
cycle=394 time=1.3576049858765976e-01 dt=4.3749059840097020e-05
cycle=395 time=1.3580424764749985e-01 dt=4.3596858206716766e-05
cycle=396 time=1.3584784450570656e-01 dt=4.3452178365058343e-05
cycle=397 time=1.3589129668407163e-01 dt=4.3315410532970575e-05
cycle=398 time=1.3593461209460458e-01 dt=4.3186957102820022e-05
cycle=399 time=1.3597779905170740e-01 dt=4.3050782183388720e-05
cycle=400 time=1.3602084983389079e-01 dt=4.2921520366365148e-05
cycle=401 time=1.3606377135425715e-01 dt=4.2800320270032761e-05
cycle=402 time=1.3610657167452719e-01 dt=4.2688053374873344e-05
cycle=403 time=1.3614925972790207e-01 dt=4.2569550233513251e-05
cycle=404 time=1.3619182927813558e-01 dt=4.2426899894635104e-05
cycle=405 time=1.3623425617803023e-01 dt=4.2260266901438571e-05
cycle=406 time=1.3627651644493166e-01 dt=4.2096168442433245e-05
cycle=407 time=1.3631861261337411e-01 dt=4.1935690764078211e-05
cycle=408 time=1.3636054830413818e-01 dt=4.1779780452113236e-05
cycle=409 time=1.3640232808459030e-01 dt=4.1628982611886187e-05
cycle=410 time=1.3644395706720219e-01 dt=4.1483801791128204e-05
cycle=411 time=1.3648544086899331e-01 dt=4.1344710252746383e-05
cycle=412 time=1.3652678557924605e-01 dt=4.1212151650204707e-05
cycle=413 time=1.3656799773089626e-01 dt=4.1086538918835738e-05
cycle=414 time=1.3660908426981508e-01 dt=4.0955193152813171e-05
cycle=415 time=1.3665003946296789e-01 dt=4.0827490986221278e-05
cycle=416 time=1.3669086695395410e-01 dt=4.0706709623234394e-05
cycle=417 time=1.3673157366357733e-01 dt=4.0593164734544381e-05
cycle=418 time=1.3677216682831186e-01 dt=4.0487755362476358e-05
cycle=419 time=1.3681265458367434e-01 dt=4.0372265856774088e-05
cycle=420 time=1.3685302684953110e-01 dt=4.0240232723361071e-05
cycle=421 time=1.3689326708225447e-01 dt=4.0104931108004352e-05
cycle=422 time=1.3693337201336248e-01 dt=3.9956012305874230e-05
cycle=423 time=1.3697332802566836e-01 dt=3.9810168834631050e-05
cycle=424 time=1.3701313819450300e-01 dt=3.9668011085906980e-05
cycle=425 time=1.3705280620558891e-01 dt=3.9529706125939256e-05
cycle=426 time=1.3709233591171485e-01 dt=3.9395765931918379e-05
cycle=427 time=1.3713173167764678e-01 dt=3.9266811007908433e-05
cycle=428 time=1.3717099848865469e-01 dt=3.9143415742975508e-05
cycle=429 time=1.3721014190439768e-01 dt=3.9018619270571249e-05
cycle=430 time=1.3724916052366826e-01 dt=3.8893437538087591e-05
cycle=431 time=1.3728805396120636e-01 dt=3.8773943229153796e-05
cycle=432 time=1.3732682790443551e-01 dt=3.8660707611550178e-05
cycle=433 time=1.3736548861204706e-01 dt=3.8554168746031190e-05
cycle=434 time=1.3740404278079310e-01 dt=3.8447439096079727e-05
cycle=435 time=1.3744249021988919e-01 dt=3.8335735253596035e-05
cycle=436 time=1.3748082595514280e-01 dt=3.8219949983092626e-05
cycle=437 time=1.3751904590512590e-01 dt=3.8099306122392635e-05
cycle=438 time=1.3755714521124829e-01 dt=3.7979208550739154e-05
cycle=439 time=1.3759512441979901e-01 dt=3.7844371878770635e-05
cycle=440 time=1.3763296879167777e-01 dt=3.7712092116179580e-05
cycle=441 time=1.3767068088379394e-01 dt=3.7583027018203710e-05
cycle=442 time=1.3770826391081215e-01 dt=3.7457808958258234e-05
cycle=443 time=1.3774572171977040e-01 dt=3.7337027986458642e-05
cycle=444 time=1.3778305874775684e-01 dt=3.7221236901255091e-05
cycle=445 time=1.3782027998465810e-01 dt=3.7103680261810749e-05
cycle=446 time=1.3785738366491990e-01 dt=3.6986314201709702e-05
cycle=447 time=1.3789436997912161e-01 dt=3.6874017906551716e-05
cycle=448 time=1.3793124399702816e-01 dt=3.6767285999247487e-05
cycle=449 time=1.3796801128302741e-01 dt=3.6663185039910014e-05
cycle=450 time=1.3800467446806733e-01 dt=3.6550601495521828e-05
cycle=451 time=1.3804122506956285e-01 dt=3.6443376242689751e-05
cycle=452 time=1.3807766844580555e-01 dt=3.6341996357381132e-05
cycle=453 time=1.3811401044216293e-01 dt=3.6239298583521023e-05
cycle=454 time=1.3815024974074644e-01 dt=3.6128446642163694e-05
cycle=455 time=1.3818637818738860e-01 dt=3.6021115128410047e-05
cycle=456 time=1.3822239930251701e-01 dt=3.5897704676619837e-05
cycle=457 time=1.3825829700719364e-01 dt=3.5776999801747263e-05
cycle=458 time=1.3829407400699539e-01 dt=3.5659616557252544e-05
cycle=459 time=1.3832973362355264e-01 dt=3.5546141977286449e-05
cycle=460 time=1.3836527976552992e-01 dt=3.5437127064632226e-05
cycle=461 time=1.3840071689259456e-01 dt=3.5328305472633352e-05
cycle=462 time=1.3843604519806718e-01 dt=3.5217875670099269e-05
cycle=463 time=1.3847126307373728e-01 dt=3.5111893629805106e-05
cycle=464 time=1.3850637496736709e-01 dt=3.5010864229063129e-05
cycle=465 time=1.3854138583159614e-01 dt=3.4900194491694100e-05
cycle=466 time=1.3857628602608785e-01 dt=3.4792740954384127e-05
cycle=467 time=1.3861107876704223e-01 dt=3.4689577242261951e-05
cycle=468 time=1.3864576834428449e-01 dt=3.4591428308623690e-05
cycle=469 time=1.3868035977259310e-01 dt=3.4499093561343795e-05
cycle=470 time=1.3871485886615445e-01 dt=3.4412002245099182e-05
cycle=471 time=1.3874927086839955e-01 dt=3.4310209409666543e-05
cycle=472 time=1.3878358107780922e-01 dt=3.4210036778265566e-05
cycle=473 time=1.3881779111458747e-01 dt=3.4097088614729082e-05
cycle=474 time=1.3885188820320221e-01 dt=3.3986940513292744e-05
cycle=475 time=1.3888587514371550e-01 dt=3.3880153439168070e-05
cycle=476 time=1.3891975529715467e-01 dt=3.3777281176785514e-05
cycle=477 time=1.3895353257833146e-01 dt=3.3678840487878946e-05
cycle=478 time=1.3898721141881934e-01 dt=3.3575222375703446e-05
cycle=479 time=1.3902078664119505e-01 dt=3.3474846882851110e-05
cycle=480 time=1.3905426148807790e-01 dt=3.3368025271792603e-05
cycle=481 time=1.3908762951334969e-01 dt=3.3262788609233668e-05
cycle=482 time=1.3912089230195893e-01 dt=3.3160477603725219e-05
cycle=483 time=1.3915405277956266e-01 dt=3.3061851011500500e-05
cycle=484 time=1.3918711463057418e-01 dt=3.2967394258100550e-05
cycle=485 time=1.3922008202483227e-01 dt=3.2877526375295873e-05
cycle=486 time=1.3925295955120756e-01 dt=3.2792964154739419e-05
cycle=487 time=1.3928575251536229e-01 dt=3.2714027992545286e-05
cycle=488 time=1.3931846654335484e-01 dt=3.2631630479070976e-05
cycle=489 time=1.3935109817383390e-01 dt=3.2533166322954753e-05
cycle=490 time=1.3938363134015685e-01 dt=3.2429695764737257e-05
cycle=491 time=1.3941606103592158e-01 dt=3.2329079110545529e-05
cycle=492 time=1.3944839011503213e-01 dt=3.2231834365230969e-05
cycle=493 time=1.3948062194939737e-01 dt=3.2138467479873994e-05
cycle=494 time=1.3951276041687724e-01 dt=3.2040095843101940e-05
cycle=495 time=1.3954480051272034e-01 dt=3.1938694830761658e-05
cycle=496 time=1.3957673920755109e-01 dt=3.1838513565377219e-05
cycle=497 time=1.3960857772111648e-01 dt=3.1740090844626402e-05
cycle=498 time=1.3964031781196112e-01 dt=3.1643994467091204e-05
cycle=499 time=1.3967196180642821e-01 dt=3.1550695819962840e-05
cycle=500 time=1.3970351250224819e-01 dt=3.1460688804307280e-05
cycle=501 time=1.3973497319105249e-01 dt=3.1374439346356003e-05
cycle=502 time=1.3976634763039886e-01 dt=3.1292391234821535e-05
cycle=503 time=1.3979764002163367e-01 dt=3.1215079786580620e-05
cycle=504 time=1.3982885510142024e-01 dt=3.1132695381404164e-05
cycle=505 time=1.3985998779680164e-01 dt=3.1028860428629701e-05
cycle=506 time=1.3989101665723028e-01 dt=3.0926998890170538e-05
cycle=507 time=1.3992194365612046e-01 dt=3.0827739932364716e-05
cycle=508 time=1.3995277139605283e-01 dt=3.0731855356530560e-05
cycle=509 time=1.3998350325140937e-01 dt=3.0640816222829984e-05
cycle=510 time=1.4001414406763221e-01 dt=3.0503766396792026e-05
cycle=511 time=1.4004464783402901e-01 dt=3.0358304406903699e-05
cycle=512 time=1.4007500613843590e-01 dt=3.0213002531606432e-05
cycle=513 time=1.4010521914096752e-01 dt=3.0068080362170868e-05
cycle=514 time=1.4013528722132970e-01 dt=2.9923766429159817e-05
cycle=515 time=1.4016521098775886e-01 dt=2.9780289676140218e-05
cycle=516 time=1.4019499127743501e-01 dt=2.9637876706047590e-05
cycle=517 time=1.4022462915414105e-01 dt=2.9496757110070279e-05
cycle=518 time=1.4025412591125111e-01 dt=2.9357181100450229e-05
cycle=519 time=1.4028348309235156e-01 dt=2.9215188001512687e-05
cycle=520 time=1.4031269828035306e-01 dt=2.9070736924349974e-05
cycle=521 time=1.4034176901727741e-01 dt=2.8927510471400396e-05
cycle=522 time=1.4037069652774881e-01 dt=2.8785613765068971e-05
cycle=523 time=1.4039948214151388e-01 dt=2.8645142029077627e-05
cycle=524 time=1.4042812728354295e-01 dt=2.8506187977526016e-05
cycle=525 time=1.4045663347152049e-01 dt=2.8368841729066903e-05
cycle=526 time=1.4048500231324956e-01 dt=2.8233184283068893e-05
cycle=527 time=1.4051323549753264e-01 dt=2.8099332451926085e-05
cycle=528 time=1.4054133482998457e-01 dt=2.7967422265605432e-05
cycle=529 time=1.4056930225225017e-01 dt=2.7837609111965982e-05
cycle=530 time=1.4059713986136213e-01 dt=2.7710056246175686e-05
cycle=531 time=1.4062484991760832e-01 dt=2.7584940601742316e-05
cycle=532 time=1.4065243485821005e-01 dt=2.7462457272061425e-05
cycle=533 time=1.4067989731548211e-01 dt=2.7342812673515976e-05
cycle=534 time=1.4070724012815564e-01 dt=2.7226211485632111e-05
cycle=535 time=1.4073446633964126e-01 dt=2.7112872287699924e-05
cycle=536 time=1.4076157921192897e-01 dt=2.7003043835223163e-05
cycle=537 time=1.4078858225576418e-01 dt=2.6896980603277352e-05
cycle=538 time=1.4081547923636745e-01 dt=2.6794876713948172e-05
cycle=539 time=1.4084227411308139e-01 dt=2.6696882426768425e-05
cycle=540 time=1.4086897099550816e-01 dt=2.6601627262758955e-05
cycle=541 time=1.4089557262277091e-01 dt=2.6492281957734111e-05
cycle=542 time=1.4092206490472864e-01 dt=2.6386070756647616e-05
cycle=543 time=1.4094845097548528e-01 dt=2.6283190147940622e-05
cycle=544 time=1.4097473416563322e-01 dt=2.6183391720527082e-05
cycle=545 time=1.4100091755735375e-01 dt=2.6086795681969819e-05
cycle=546 time=1.4102700435303572e-01 dt=2.5993595349029282e-05
cycle=547 time=1.4105299794838475e-01 dt=2.5903913692562612e-05
cycle=548 time=1.4107890186207730e-01 dt=2.5817793364179511e-05
cycle=549 time=1.4110471965544150e-01 dt=2.5735175254353402e-05
cycle=550 time=1.4113045483069586e-01 dt=2.5655954859656178e-05
cycle=551 time=1.4115611078555551e-01 dt=2.5579956435793558e-05
cycle=552 time=1.4118169074199130e-01 dt=2.5495068153500078e-05
cycle=553 time=1.4120718581014480e-01 dt=2.5401590808198696e-05
cycle=554 time=1.4123258740095299e-01 dt=2.5311452160137476e-05
cycle=555 time=1.4125789885311313e-01 dt=2.5224524176990422e-05
cycle=556 time=1.4128312337729013e-01 dt=2.5140393633718960e-05
cycle=557 time=1.4130826377092384e-01 dt=2.5059153849443983e-05
cycle=558 time=1.4133332292477330e-01 dt=2.4980831443623553e-05
cycle=559 time=1.4135830375621691e-01 dt=2.4905378006575063e-05
cycle=560 time=1.4138320913422348e-01 dt=2.4832687287173227e-05
cycle=561 time=1.4140804182151065e-01 dt=2.4762589913281511e-05
cycle=562 time=1.4143280441142392e-01 dt=2.4694841047984137e-05
cycle=563 time=1.4145749925247189e-01 dt=2.4629309033008341e-05
cycle=564 time=1.4148212856150491e-01 dt=2.4565803482387939e-05
cycle=565 time=1.4150669436498731e-01 dt=2.4485183060233700e-05
cycle=566 time=1.4153117954804753e-01 dt=2.4403684025347574e-05
cycle=567 time=1.4155558323207287e-01 dt=2.3537940090642693e-05
cycle=568 time=1.4157912117216351e-01 dt=2.1441640526537789e-05
cycle=569 time=1.4160056281269004e-01 dt=1.9299626436824583e-05
cycle=570 time=1.4161986243912686e-01 dt=2.0301075177551566e-05
cycle=571 time=1.4164016351430442e-01 dt=2.4069305180153659e-05
cycle=572 time=1.4166423281948456e-01 dt=2.4001160510015716e-05
cycle=573 time=1.4168823397999458e-01 dt=2.3935113886448913e-05
cycle=574 time=1.4171216909388104e-01 dt=2.3871073226782364e-05
cycle=575 time=1.4173604016710784e-01 dt=2.3809005864623205e-05
cycle=576 time=1.4175984917297246e-01 dt=2.3748818824117963e-05
cycle=577 time=1.4178359799179657e-01 dt=2.3690276960773280e-05
cycle=578 time=1.4180728826875735e-01 dt=2.3633256646729817e-05
cycle=579 time=1.4183092152540408e-01 dt=2.2790807657599641e-05
cycle=580 time=1.4185371233306168e-01 dt=1.8995802018570233e-05
cycle=581 time=1.4187270813508024e-01 dt=1.8577959165201601e-05
cycle=582 time=1.4189128609424545e-01 dt=2.0307682542520990e-05
cycle=583 time=1.4191159377678797e-01 dt=2.3355768360399712e-05
cycle=584 time=1.4193494954514838e-01 dt=2.3288802580671841e-05
cycle=585 time=1.4195823834772905e-01 dt=1.9950676438349711e-05
cycle=586 time=1.4197818902416739e-01 dt=1.9002201497683629e-05
cycle=587 time=1.4199719122566506e-01 dt=2.0207766878244326e-05
cycle=588 time=1.4201739899254331e-01 dt=2.3063841304965939e-05
cycle=589 time=1.4204046283384827e-01 dt=2.3004212142134800e-05
cycle=590 time=1.4206346704599040e-01 dt=2.2945960845950996e-05
cycle=591 time=1.4208641300683636e-01 dt=2.2889041116981924e-05
cycle=592 time=1.4210930204795333e-01 dt=2.2833401006092105e-05
cycle=593 time=1.4213213544895942e-01 dt=2.2778971670493372e-05
cycle=594 time=1.4215491442062991e-01 dt=2.2725688927329623e-05
cycle=595 time=1.4217764010955725e-01 dt=2.2195481679922711e-05
cycle=596 time=1.4219983559123717e-01 dt=2.1479574330125828e-05
cycle=597 time=1.4222131516556730e-01 dt=2.0893621296797631e-05
cycle=598 time=1.4224220878686408e-01 dt=2.0416572546688593e-05
cycle=599 time=1.4226262535941078e-01 dt=2.0026954230799701e-05
cycle=600 time=1.4228265231364159e-01 dt=1.9704976326598337e-05
cycle=601 time=1.4230235728996821e-01 dt=1.9396560060071614e-05
cycle=602 time=1.4232175385002827e-01 dt=1.9205798022773571e-05
cycle=603 time=1.4234095964805105e-01 dt=1.8998886562548194e-05
cycle=604 time=1.4235995853461358e-01 dt=1.8811632645922106e-05
cycle=605 time=1.4237877016725950e-01 dt=1.8638417065400621e-05
cycle=606 time=1.4239740858432490e-01 dt=1.8475150670767673e-05
cycle=607 time=1.4241588373499567e-01 dt=1.8318919938448718e-05
cycle=608 time=1.4243420265493412e-01 dt=1.8167701711406176e-05
cycle=609 time=1.4245237035664551e-01 dt=1.8020160323011289e-05
cycle=610 time=1.4247039051696853e-01 dt=1.7875490128191814e-05
cycle=611 time=1.4248826600709671e-01 dt=1.7733261385392674e-05
cycle=612 time=1.4250599926848212e-01 dt=1.7593638522183873e-05
cycle=613 time=1.4252359290700431e-01 dt=1.7405292853788945e-05
cycle=614 time=1.4254099819985810e-01 dt=1.7078399977374333e-05
cycle=615 time=1.4255807659983546e-01 dt=1.6804106390020553e-05
cycle=616 time=1.4257488070622548e-01 dt=1.6577924213070116e-05
cycle=617 time=1.4259145863043854e-01 dt=1.6394195499024300e-05
cycle=618 time=1.4260785282593758e-01 dt=1.6247428019224852e-05
cycle=619 time=1.4262410025395680e-01 dt=1.6113162031203009e-05
cycle=620 time=1.4264021341598801e-01 dt=1.6001980761689311e-05
cycle=621 time=1.4265621539674969e-01 dt=1.5918225782644753e-05
cycle=622 time=1.4267213362253234e-01 dt=1.6030843036195720e-05
cycle=623 time=1.4268816446556853e-01 dt=1.6496006827309899e-05
cycle=624 time=1.4270466047239586e-01 dt=1.6753448998315463e-05
cycle=625 time=1.4272141392139417e-01 dt=1.6731521766966821e-05
cycle=626 time=1.4273814544316113e-01 dt=1.6720006999328159e-05
cycle=627 time=1.4275486545016045e-01 dt=1.6584500510214965e-05
cycle=628 time=1.4277144995067065e-01 dt=1.6446182479837947e-05
cycle=629 time=1.4278789613315049e-01 dt=1.6345059606959498e-05
cycle=630 time=1.4280424119275745e-01 dt=1.6270996681300976e-05
cycle=631 time=1.4282051218943875e-01 dt=1.6107851361261210e-05
cycle=632 time=1.4283662004080003e-01 dt=1.5952754715785502e-05
cycle=633 time=1.4285257279551580e-01 dt=1.5803764629199567e-05
cycle=634 time=1.4286837656014501e-01 dt=1.5657169615686692e-05
cycle=635 time=1.4288403372976069e-01 dt=1.5415880350827760e-05
cycle=636 time=1.4289944961011153e-01 dt=1.5191120799377084e-05
cycle=637 time=1.4291464073091090e-01 dt=1.4988353675680505e-05
cycle=638 time=1.4292962908458659e-01 dt=1.4900574198416861e-05
cycle=639 time=1.4294452965878501e-01 dt=1.5451139210812659e-05
cycle=640 time=1.4295998079799582e-01 dt=1.5736563223641052e-05
cycle=641 time=1.4297571736121947e-01 dt=1.6150257015172775e-05
cycle=642 time=1.4299186761823465e-01 dt=1.6302590524138497e-05
cycle=643 time=1.4300817020875878e-01 dt=1.6248696129338592e-05
cycle=644 time=1.4302441890488812e-01 dt=1.6199134483955725e-05
cycle=645 time=1.4304061803937207e-01 dt=1.6078769074660412e-05
cycle=646 time=1.4305669680844674e-01 dt=1.5959588687907894e-05
cycle=647 time=1.4307265639713465e-01 dt=1.5840710507873250e-05
cycle=648 time=1.4308849710764251e-01 dt=1.5716984008006652e-05
cycle=649 time=1.4310421409165053e-01 dt=1.5603293797960128e-05
cycle=650 time=1.4311981738544849e-01 dt=1.5483653322958606e-05
cycle=651 time=1.4313530103877145e-01 dt=1.5283808076978239e-05
cycle=652 time=1.4315058484684842e-01 dt=1.5138758337224738e-05
cycle=653 time=1.4316572360518565e-01 dt=1.5046499477704037e-05
cycle=654 time=1.4318077010466335e-01 dt=1.5004383955650740e-05
cycle=655 time=1.4319577448861900e-01 dt=1.5010088098139095e-05
cycle=656 time=1.4321078457671715e-01 dt=1.5130246326102903e-05
cycle=657 time=1.4322591482304325e-01 dt=1.6050900699606045e-05
cycle=658 time=1.4324196572374287e-01 dt=1.5939116509123961e-05
cycle=659 time=1.4325790484025200e-01 dt=1.5720462810950373e-05
cycle=660 time=1.4327362530306295e-01 dt=1.7016687926694787e-05
cycle=661 time=1.4329064199098965e-01 dt=1.6785073937676808e-05
cycle=662 time=1.4330742706492733e-01 dt=1.6486495795117453e-05
cycle=663 time=1.4332391356072244e-01 dt=1.6243197159064167e-05
cycle=664 time=1.4334015675788150e-01 dt=1.6059705499270596e-05
cycle=665 time=1.4335621646338079e-01 dt=1.5934583633825069e-05
cycle=666 time=1.4337215104701462e-01 dt=1.5863286218216876e-05
cycle=667 time=1.4338801433323284e-01 dt=1.5840072119634491e-05
cycle=668 time=1.4340385440535247e-01 dt=1.5859175672800202e-05
cycle=669 time=1.4341971358102526e-01 dt=1.5915466714121634e-05
cycle=670 time=1.4343562904773938e-01 dt=1.5691136168185667e-05
cycle=671 time=1.4345132018390755e-01 dt=1.6154094586509491e-05
cycle=672 time=1.4346747427849404e-01 dt=1.6303288280000325e-05
cycle=673 time=1.4348377756677405e-01 dt=1.5004828031177400e-05
cycle=674 time=1.4349878239480524e-01 dt=1.3185823809283904e-05
cycle=675 time=1.4351196821861453e-01 dt=1.1785660872674102e-05
cycle=676 time=1.4352375387948721e-01 dt=1.1355958511929567e-05
cycle=677 time=1.4353510983799914e-01 dt=1.2130056321830836e-05
cycle=678 time=1.4354723989432097e-01 dt=1.4221620250018940e-05
cycle=679 time=1.4356146151457100e-01 dt=1.7175255184688641e-05
cycle=680 time=1.4357863676975569e-01 dt=1.6617339263748961e-05
cycle=681 time=1.4359525410901944e-01 dt=1.7398433194441417e-05
cycle=682 time=1.4361265254221389e-01 dt=1.6007330313286764e-05
cycle=683 time=1.4362865987252718e-01 dt=1.5689742725250221e-05
cycle=684 time=1.4364434961525244e-01 dt=1.5228099887715880e-05
cycle=685 time=1.4365957771514015e-01 dt=1.4832597988172336e-05
cycle=686 time=1.4367441031312833e-01 dt=1.5367094976902262e-05
cycle=687 time=1.4368977740810523e-01 dt=1.7086811512582361e-05
cycle=688 time=1.4370686421961781e-01 dt=1.7036893784603966e-05
cycle=689 time=1.4372390111340241e-01 dt=1.5648640584627948e-05
cycle=690 time=1.4373954975398703e-01 dt=1.4476814673081369e-05
cycle=691 time=1.4375402656866013e-01 dt=1.1908988330267971e-05
cycle=692 time=1.4376593555699038e-01 dt=1.2195394337058351e-05
cycle=693 time=1.4377813095132744e-01 dt=1.1476451820413790e-05
cycle=694 time=1.4378960740314786e-01 dt=1.1279404727761442e-05
cycle=695 time=1.4380088680787562e-01 dt=1.2042850308567597e-05
cycle=696 time=1.4381292965818418e-01 dt=1.3778714222135619e-05
cycle=697 time=1.4382670837240633e-01 dt=1.6673872924570831e-05
cycle=698 time=1.4384338224533089e-01 dt=1.6720621615532928e-05
cycle=699 time=1.4386010286694642e-01 dt=1.5893433667311153e-05
cycle=700 time=1.4387599630061373e-01 dt=1.4101277601978505e-05
cycle=701 time=1.4389009757821572e-01 dt=1.2715429672449478e-05
cycle=702 time=1.4390281300788818e-01 dt=1.1744910632639022e-05
cycle=703 time=1.4391455791852081e-01 dt=1.1166062436064173e-05
cycle=704 time=1.4392572398095688e-01 dt=1.0918903186865946e-05
cycle=705 time=1.4393664288414373e-01 dt=1.0937478028576889e-05
cycle=706 time=1.4394758036217231e-01 dt=1.1176433473162967e-05
cycle=707 time=1.4395875679564549e-01 dt=1.3083984481736851e-05
cycle=708 time=1.4397184078012723e-01 dt=1.5960508990007880e-05
cycle=709 time=1.4398780128911723e-01 dt=1.4461323304319249e-05
cycle=710 time=1.4400226261242155e-01 dt=1.1687132402721745e-05
cycle=711 time=1.4401394974482426e-01 dt=1.0667887786096351e-05
cycle=712 time=1.4402461763261035e-01 dt=1.1857959015689764e-05
cycle=713 time=1.4403647559162602e-01 dt=1.5142173940971647e-05
cycle=714 time=1.4405161776556699e-01 dt=1.6744851296559491e-05
cycle=715 time=1.4406836261686354e-01 dt=1.4979858686642624e-05
cycle=716 time=1.4408334247555019e-01 dt=1.3369984545438257e-05
cycle=717 time=1.4409671246009562e-01 dt=1.2211717024406006e-05
cycle=718 time=1.4410892417712001e-01 dt=1.1460988004348884e-05
cycle=719 time=1.4412038516512435e-01 dt=1.1028328958786184e-05
cycle=720 time=1.4413141349408312e-01 dt=1.0822521389332136e-05
cycle=721 time=1.4414223601547246e-01 dt=1.0767468950439452e-05
cycle=722 time=1.4415300348442289e-01 dt=1.0811031169254725e-05
cycle=723 time=1.4416381451559215e-01 dt=1.0925499243915512e-05
cycle=724 time=1.4417474001483607e-01 dt=1.1100323004000109e-05
cycle=725 time=1.4418584033784007e-01 dt=1.1351442452706761e-05
cycle=726 time=1.4419719178029278e-01 dt=1.1682093333172214e-05
cycle=727 time=1.4420887387362594e-01 dt=1.1922588714420787e-05
cycle=728 time=1.4422079646234034e-01 dt=1.3721998204963940e-05
cycle=729 time=1.4423451846054530e-01 dt=1.3282549608162134e-05
cycle=730 time=1.4424780101015347e-01 dt=1.1858054120240194e-05
cycle=731 time=1.4425965906427371e-01 dt=1.0787033601160957e-05
cycle=732 time=1.4427044609787487e-01 dt=1.0491060513150170e-05
cycle=733 time=1.4428093715838802e-01 dt=1.0957138941354705e-05
cycle=734 time=1.4429189429732939e-01 dt=1.2076285142317473e-05
cycle=735 time=1.4430397058247171e-01 dt=1.3826929770283206e-05
cycle=736 time=1.4431779751224200e-01 dt=1.2886853584663086e-05
cycle=737 time=1.4433068436582666e-01 dt=1.2177920612150779e-05
cycle=738 time=1.4434286228643881e-01 dt=1.1103579625205565e-05
cycle=739 time=1.4435396586606400e-01 dt=1.0332882575968814e-05
cycle=740 time=1.4436429874863996e-01 dt=1.0360163925158377e-05
cycle=741 time=1.4437465891256512e-01 dt=1.1136017036253518e-05
cycle=742 time=1.4438579492960138e-01 dt=9.7676559168065052e-06
cycle=743 time=1.4439556258551819e-01 dt=8.4007399330158351e-06
cycle=744 time=1.4440396332545122e-01 dt=7.3094759476197843e-06
cycle=745 time=1.4441127280139884e-01 dt=7.6600902630319421e-06
cycle=746 time=1.4441893289166188e-01 dt=8.7381772751120517e-06
cycle=747 time=1.4442767106893700e-01 dt=1.1507932424590382e-05
cycle=748 time=1.4443917900136161e-01 dt=1.5197979530897539e-05
cycle=749 time=1.4445437698089250e-01 dt=1.2613415368313432e-05
cycle=750 time=1.4446699039626082e-01 dt=1.0202155602313811e-05
cycle=751 time=1.4447719255186314e-01 dt=8.8711195875955045e-06
cycle=752 time=1.4448606367145073e-01 dt=9.4409235207944342e-06
cycle=753 time=1.4449550459497151e-01 dt=1.1731694710551531e-05
cycle=754 time=1.4450723628968207e-01 dt=1.4231404013329691e-05
cycle=755 time=1.4452146769369539e-01 dt=1.2845743654421322e-05
cycle=756 time=1.4453431343734982e-01 dt=1.2162287538864302e-05
cycle=757 time=1.4454647572488868e-01 dt=1.2045637732814723e-05
cycle=758 time=1.4455852136262151e-01 dt=1.0144833700908973e-05
cycle=759 time=1.4456866619632242e-01 dt=8.6255743528557313e-06
cycle=760 time=1.4457729177067527e-01 dt=7.5774958784577175e-06
cycle=761 time=1.4458486926655373e-01 dt=7.3225246505403672e-06
cycle=762 time=1.4459219179120428e-01 dt=8.5506963797542352e-06
cycle=763 time=1.4460074248758403e-01 dt=1.1405783924035957e-05
cycle=764 time=1.4461214827150806e-01 dt=1.5285412061070337e-05
cycle=765 time=1.4462743368356915e-01 dt=1.2782706469287466e-05
cycle=766 time=1.4464021639003843e-01 dt=1.2300405952893543e-05
cycle=767 time=1.4465251679599134e-01 dt=1.1470785258765668e-05
cycle=768 time=1.4466398758125010e-01 dt=1.0502779764020521e-05
cycle=769 time=1.4467449036101412e-01 dt=9.8564654253275221e-06
cycle=770 time=1.4468434682643946e-01 dt=9.4373697633553339e-06
cycle=771 time=1.4469378419620282e-01 dt=8.3069846475125491e-06
cycle=772 time=1.4470209118085034e-01 dt=7.4172941572917834e-06
cycle=773 time=1.4470950847500763e-01 dt=8.1194095995821856e-06
cycle=774 time=1.4471762788460721e-01 dt=1.0434334135780202e-05
cycle=775 time=1.4472806221874299e-01 dt=1.3153600836096568e-05
cycle=776 time=1.4474121581957908e-01 dt=1.2352817303629266e-05
cycle=777 time=1.4475356863688271e-01 dt=1.1796622179139942e-05
cycle=778 time=1.4476536525906186e-01 dt=1.0762425229211143e-05
cycle=779 time=1.4477612768429107e-01 dt=9.8523542196500986e-06
cycle=780 time=1.4478598003851073e-01 dt=9.4151251368653767e-06
cycle=781 time=1.4479539516364759e-01 dt=9.7288214564350961e-06
cycle=782 time=1.4480512398510403e-01 dt=1.0708366567482142e-05
cycle=783 time=1.4481583235167150e-01 dt=1.1109207699581883e-05
cycle=784 time=1.4482694155937109e-01 dt=9.4795177047998857e-06
cycle=785 time=1.4483642107707589e-01 dt=9.0463896548132807e-06
cycle=786 time=1.4484546746673072e-01 dt=1.0496247266732111e-05
cycle=787 time=1.4485596371399745e-01 dt=1.1818285023975292e-05
cycle=788 time=1.4486778199902142e-01 dt=1.1175483720095567e-05
cycle=789 time=1.4487895748274152e-01 dt=1.0881196783028108e-05
cycle=790 time=1.4488983867952454e-01 dt=1.0706692720405571e-05
cycle=791 time=1.4490054537224495e-01 dt=1.0087084512753212e-05
cycle=792 time=1.4491063245675770e-01 dt=9.6392291339775748e-06
cycle=793 time=1.4492027168589167e-01 dt=9.3332424540591508e-06
cycle=794 time=1.4492960492834572e-01 dt=9.1186237495620613e-06
cycle=795 time=1.4493872355209528e-01 dt=9.2337479101805812e-06
cycle=796 time=1.4494795730000545e-01 dt=9.7344578694145143e-06
cycle=797 time=1.4495769175787487e-01 dt=1.0045105110464247e-05
cycle=798 time=1.4496773686298534e-01 dt=9.0207376911360906e-06
cycle=799 time=1.4497675760067646e-01 dt=8.0827138758408803e-06
cycle=800 time=1.4498484031455230e-01 dt=7.3903469326914904e-06
cycle=801 time=1.4499223066148501e-01 dt=6.9408003784526459e-06
cycle=802 time=1.4499917146186345e-01 dt=6.6721563806379861e-06
cycle=803 time=1.4500584361824409e-01 dt=6.4987941286424823e-06
cycle=804 time=1.4501234241237274e-01 dt=6.3675958432059680e-06
cycle=805 time=1.4501871000821595e-01 dt=6.2495330520457483e-06
cycle=806 time=1.4502495954126798e-01 dt=6.1293507471715245e-06
cycle=807 time=1.4503108889201516e-01 dt=6.0010551898897268e-06
cycle=808 time=1.4503708994720504e-01 dt=5.8677333517596269e-06
cycle=809 time=1.4504295768055681e-01 dt=5.7338238525026418e-06
cycle=810 time=1.4504869150440930e-01 dt=6.0571392272129425e-06
cycle=811 time=1.4505474864363652e-01 dt=7.5066693965474594e-06
cycle=812 time=1.4506225531303307e-01 dt=1.0447268062131317e-05
cycle=813 time=1.4507270258109520e-01 dt=1.0930820470053219e-05
cycle=814 time=1.4508363340156524e-01 dt=9.2531272489681927e-06
cycle=815 time=1.4509288652881422e-01 dt=8.3009190286900943e-06
cycle=816 time=1.4510118744784292e-01 dt=8.7120588059584622e-06
cycle=817 time=1.4510989950664888e-01 dt=1.0388710439630539e-05
cycle=818 time=1.4512028821708850e-01 dt=1.0431587320288607e-05
cycle=819 time=1.4513071980440878e-01 dt=9.6473442263838923e-06
cycle=820 time=1.4514036714863515e-01 dt=9.1081610926355739e-06
cycle=821 time=1.4514947530972780e-01 dt=8.9843838316118079e-06
cycle=822 time=1.4515845969355942e-01 dt=9.1095490587781578e-06
cycle=823 time=1.4516756924261820e-01 dt=9.4886159272957415e-06
cycle=824 time=1.4517705785854548e-01 dt=1.0123778842134228e-05
cycle=825 time=1.4518718163738761e-01 dt=1.0101156260030741e-05
cycle=826 time=1.4519728279364763e-01 dt=9.7877182129524571e-06
cycle=827 time=1.4520707051186058e-01 dt=1.0149980156485513e-05
cycle=828 time=1.4521722049201707e-01 dt=1.0447977400192941e-05
cycle=829 time=1.4522766846941726e-01 dt=1.0623831142193396e-05
cycle=830 time=1.4523829230055946e-01 dt=1.0809762333936707e-05
cycle=831 time=1.4524910206289340e-01 dt=9.8780777427862967e-06
cycle=832 time=1.4525898014063618e-01 dt=9.3463606170590532e-06
cycle=833 time=1.4526832650125324e-01 dt=8.2674120558094078e-06
cycle=834 time=1.4527659391330905e-01 dt=7.4955495437497151e-06
cycle=835 time=1.4528408946285279e-01 dt=7.0002193466330208e-06
cycle=836 time=1.4529108968219942e-01 dt=6.6916904878315709e-06
cycle=837 time=1.4529778137268726e-01 dt=6.4837189754588193e-06
cycle=838 time=1.4530426509166272e-01 dt=6.3235294857315483e-06
cycle=839 time=1.4531058862114846e-01 dt=6.1819482267769912e-06
cycle=840 time=1.4531677056937523e-01 dt=6.0444002088834283e-06
cycle=841 time=1.4532281496958410e-01 dt=5.9108705940272502e-06
cycle=842 time=1.4532872584017814e-01 dt=6.7342085302735121e-06
cycle=843 time=1.4533546004870843e-01 dt=8.6017850922456490e-06
cycle=844 time=1.4534406183380066e-01 dt=1.1886583871020423e-05
cycle=845 time=1.4535594841767169e-01 dt=1.2725687513949991e-05
cycle=846 time=1.4536867410518564e-01 dt=1.0987483969646926e-05
cycle=847 time=1.4537966158915530e-01 dt=9.6733134913000971e-06
cycle=848 time=1.4538933490264661e-01 dt=8.8477314882292959e-06
cycle=849 time=1.4539818263413484e-01 dt=8.4219277399749812e-06
cycle=850 time=1.4540660456187482e-01 dt=8.2039631295751177e-06
cycle=851 time=1.4541480852500441e-01 dt=8.1682703397306806e-06
cycle=852 time=1.4542297679534413e-01 dt=8.5354803842770914e-06
cycle=853 time=1.4543151227572840e-01 dt=9.3040376118148071e-06
cycle=854 time=1.4544081631334022e-01 dt=9.3323772231473158e-06
cycle=855 time=1.4545014869056336e-01 dt=8.9371227275358105e-06
cycle=856 time=1.4545908581329089e-01 dt=8.5687070797232820e-06
cycle=857 time=1.4546765452037061e-01 dt=7.5560768329245350e-06
cycle=858 time=1.4547521059720353e-01 dt=6.7604123253497571e-06
cycle=859 time=1.4548197100952889e-01 dt=6.2136877685362989e-06
cycle=860 time=1.4548818469729743e-01 dt=5.8770784217671632e-06
cycle=861 time=1.4549406177571919e-01 dt=5.6771837882932366e-06
cycle=862 time=1.4549973895950749e-01 dt=5.6133139130007548e-06
cycle=863 time=1.4550535227342049e-01 dt=6.5407439766123855e-06
cycle=864 time=1.4551189301739709e-01 dt=8.6204676513448986e-06
cycle=865 time=1.4552051348504844e-01 dt=9.8302158702627535e-06
cycle=866 time=1.4553034370091869e-01 dt=8.9314503753857651e-06
cycle=867 time=1.4553927515129408e-01 dt=8.0086841478939190e-06
cycle=868 time=1.4554728383544197e-01 dt=7.2885827360725298e-06
cycle=869 time=1.4555457241817804e-01 dt=6.8415194229788541e-06
cycle=870 time=1.4556141393760103e-01 dt=6.6380607969376694e-06
cycle=871 time=1.4556805199839795e-01 dt=6.6063594502945210e-06
cycle=872 time=1.4557465835784825e-01 dt=6.6901492568692655e-06
cycle=873 time=1.4558134850710511e-01 dt=6.8527036949495075e-06
cycle=874 time=1.4558820121080004e-01 dt=7.0639412918551486e-06
cycle=875 time=1.4559526515209190e-01 dt=7.3025513155147901e-06
cycle=876 time=1.4560256770340740e-01 dt=7.5549683857112532e-06
cycle=877 time=1.4561012267179310e-01 dt=7.8139210203184254e-06
cycle=878 time=1.4561793659281341e-01 dt=8.0770232089438414e-06
cycle=879 time=1.4562601361602234e-01 dt=8.3457255012784202e-06
cycle=880 time=1.4563435934152363e-01 dt=8.6235834991581100e-06
cycle=881 time=1.4564298292502278e-01 dt=8.6570345309721202e-06
cycle=882 time=1.4565163995955377e-01 dt=7.4393697689835331e-06
cycle=883 time=1.4565907932932276e-01 dt=6.3973606783463905e-06
cycle=884 time=1.4566547669000110e-01 dt=6.5981365874434974e-06
cycle=885 time=1.4567207482658853e-01 dt=7.9975889883059336e-06
cycle=886 time=1.4568007241557684e-01 dt=1.0902053161278111e-05
cycle=887 time=1.4569097446873813e-01 dt=1.1312812697440951e-05
cycle=888 time=1.4570228728143558e-01 dt=9.3565704937149381e-06
cycle=889 time=1.4571164385192931e-01 dt=7.6611460218821418e-06
cycle=890 time=1.4571930499795119e-01 dt=6.4175378164395380e-06
cycle=891 time=1.4572572253576763e-01 dt=5.7023380873033846e-06
cycle=892 time=1.4573142487385493e-01 dt=5.3906491292595490e-06
cycle=893 time=1.4573681552298420e-01 dt=5.2191967595652434e-06
cycle=894 time=1.4574203471974376e-01 dt=5.0989553388806053e-06
cycle=895 time=1.4574713367508263e-01 dt=4.9992007117950243e-06
cycle=896 time=1.4575213287579442e-01 dt=5.2907398347693968e-06
cycle=897 time=1.4575742361562918e-01 dt=6.4082019415396786e-06
cycle=898 time=1.4576383181757072e-01 dt=7.7334280598297634e-06
cycle=899 time=1.4577156524563054e-01 dt=7.4266039343024520e-06
cycle=900 time=1.4577899184956483e-01 dt=8.1237541718391690e-06
cycle=901 time=1.4578711560373667e-01 dt=9.9127404792779013e-06
cycle=902 time=1.4579702834421596e-01 dt=9.6105246880356045e-06
cycle=903 time=1.4580663886890399e-01 dt=8.2466471802262073e-06
cycle=904 time=1.4581488551608421e-01 dt=7.1071846865747229e-06
cycle=905 time=1.4582199270077079e-01 dt=7.2759111871034940e-06
cycle=906 time=1.4582926861195789e-01 dt=7.3829597430016979e-06
cycle=907 time=1.4583665157170089e-01 dt=6.9617311362918283e-06
cycle=908 time=1.4584361330283718e-01 dt=6.6138256948866262e-06
cycle=909 time=1.4585022712853207e-01 dt=6.3595279317957930e-06
cycle=910 time=1.4585658665646387e-01 dt=6.1909145046314999e-06
cycle=911 time=1.4586277757096849e-01 dt=6.0874321929546911e-06
cycle=912 time=1.4586886500316146e-01 dt=6.0262823239686564e-06
cycle=913 time=1.4587489128548542e-01 dt=5.9882639146787657e-06
cycle=914 time=1.4588087954940010e-01 dt=6.2693432915708594e-06
cycle=915 time=1.4588714889269166e-01 dt=7.2230278665805388e-06
cycle=916 time=1.4589437192055824e-01 dt=8.9992920884999862e-06
cycle=917 time=1.4590337121264674e-01 dt=1.1032843134311588e-05
cycle=918 time=1.4591440405578104e-01 dt=1.0427100394253846e-05
cycle=919 time=1.4592483115617530e-01 dt=9.5403485618931397e-06
cycle=920 time=1.4593437150473720e-01 dt=8.6961517134661336e-06
cycle=921 time=1.4594306765645068e-01 dt=7.0833694118029821e-06
cycle=922 time=1.4595015102586248e-01 dt=6.0698528850410788e-06
cycle=923 time=1.4595622087874752e-01 dt=6.3315386429022930e-06
cycle=924 time=1.4596255241739042e-01 dt=7.7669516721400674e-06
cycle=925 time=1.4597031936906257e-01 dt=9.2423783521377539e-06
cycle=926 time=1.4597956174741472e-01 dt=9.0912183914899728e-06
cycle=927 time=1.4598865296580621e-01 dt=8.9462704843274395e-06
cycle=928 time=1.4599759923629055e-01 dt=8.3238241302478909e-06
cycle=929 time=1.4600592306042079e-01 dt=8.0690578653338982e-06
cycle=930 time=1.4601399211828611e-01 dt=8.3481532116401966e-06
cycle=931 time=1.4602234027149774e-01 dt=8.4781840769950399e-06
cycle=932 time=1.4603081845557472e-01 dt=7.9424681427475418e-06
cycle=933 time=1.4603876092371748e-01 dt=7.4898129230869126e-06
cycle=934 time=1.4604625073664057e-01 dt=7.1519470899201938e-06
cycle=935 time=1.4605340268373049e-01 dt=6.9146056619974863e-06
cycle=936 time=1.4606031728939248e-01 dt=6.7463013310756112e-06
cycle=937 time=1.4606706359072355e-01 dt=6.6177795476383308e-06
cycle=938 time=1.4607368137027119e-01 dt=6.5755889298324989e-06
cycle=939 time=1.4608025695920102e-01 dt=6.6134255785755643e-06
cycle=940 time=1.4608687038477960e-01 dt=6.7005350933760214e-06
cycle=941 time=1.4609357091987299e-01 dt=6.8148058203464736e-06
cycle=942 time=1.4610038572569334e-01 dt=6.9416459426803874e-06
cycle=943 time=1.4610732737163601e-01 dt=7.0720075617740484e-06
cycle=944 time=1.4611439937919779e-01 dt=7.2031238436235076e-06
cycle=945 time=1.4612160250304140e-01 dt=7.3331990593490864e-06
cycle=946 time=1.4612893570210075e-01 dt=7.4635650164260594e-06
cycle=947 time=1.4613639926711719e-01 dt=7.5959234773918518e-06
cycle=948 time=1.4614399519059459e-01 dt=7.7354379164335381e-06
cycle=949 time=1.4615173062851103e-01 dt=7.8307217010889453e-06
cycle=950 time=1.4615956135021213e-01 dt=7.2956970037170199e-06
cycle=951 time=1.4616685704721585e-01 dt=6.8398897773357342e-06
cycle=952 time=1.4617369693699320e-01 dt=6.5087275444000266e-06
cycle=953 time=1.4618020566453760e-01 dt=6.2956001016548773e-06
cycle=954 time=1.4618650126463925e-01 dt=6.1696222108045145e-06
cycle=955 time=1.4619267088685006e-01 dt=6.0972184302709887e-06
cycle=956 time=1.4619876810528035e-01 dt=6.4762066402861077e-06
cycle=957 time=1.4620524431192064e-01 dt=7.3320152350528072e-06
cycle=958 time=1.4621257632715570e-01 dt=8.7057281325741786e-06
cycle=959 time=1.4622128205528828e-01 dt=1.0478976084397785e-05
cycle=960 time=1.4623176103137267e-01 dt=9.9005355322171098e-06
cycle=961 time=1.4624166156690488e-01 dt=9.2659179915235428e-06
cycle=962 time=1.4625092748489640e-01 dt=8.8509965921158419e-06
cycle=963 time=1.4625977848148852e-01 dt=8.6500935514476184e-06
cycle=964 time=1.4626842857503997e-01 dt=8.6646892657641192e-06
cycle=965 time=1.4627709326430574e-01 dt=8.9110356974542071e-06
cycle=966 time=1.4628600430000319e-01 dt=9.1488107517417172e-06
cycle=967 time=1.4629515311075492e-01 dt=8.7930437646157450e-06
cycle=968 time=1.4630394615451953e-01 dt=8.7200468205922721e-06
cycle=969 time=1.4631266620134012e-01 dt=8.8954784903688518e-06
cycle=970 time=1.4632156167983049e-01 dt=8.5826857553798732e-06
cycle=971 time=1.4633014436558586e-01 dt=7.9334756621213836e-06
cycle=972 time=1.4633807784124797e-01 dt=8.1403557260986274e-06
cycle=973 time=1.4634621819697408e-01 dt=8.3995802224635342e-06
cycle=974 time=1.4635461777719655e-01 dt=8.2387375520013606e-06
cycle=975 time=1.4636285651474856e-01 dt=8.1012398500792975e-06
cycle=976 time=1.4637095775459863e-01 dt=7.9878581982582768e-06
cycle=977 time=1.4637894561279688e-01 dt=7.8950588826551839e-06
cycle=978 time=1.4638684067167954e-01 dt=7.8172440073688824e-06
cycle=979 time=1.4639465791568690e-01 dt=7.7492266695609860e-06
cycle=980 time=1.4640240714235647e-01 dt=7.6871649332444940e-06
cycle=981 time=1.4641009430728971e-01 dt=7.6361693729347696e-06
cycle=982 time=1.4641773047666265e-01 dt=7.6717142955044060e-06
cycle=983 time=1.4642540219095815e-01 dt=7.7643977331425047e-06
cycle=984 time=1.4643316658869129e-01 dt=7.8926776806146615e-06
cycle=985 time=1.4644105926637191e-01 dt=8.0424394960191408e-06
cycle=986 time=1.4644910170586792e-01 dt=8.2058438261565120e-06
cycle=987 time=1.4645730754969408e-01 dt=8.3791554449732272e-06
cycle=988 time=1.4646568670513904e-01 dt=8.5612301373532693e-06
cycle=989 time=1.4647424793527639e-01 dt=8.7523980193439733e-06
cycle=990 time=1.4648300033329573e-01 dt=8.9543555639457530e-06
cycle=991 time=1.4649195468885967e-01 dt=9.1693838914982052e-06
cycle=992 time=1.4650112407275118e-01 dt=8.7700972410583171e-06
cycle=993 time=1.4650989416999224e-01 dt=8.6681052404366053e-06
cycle=994 time=1.4651856227523269e-01 dt=8.6218410712215861e-06
cycle=995 time=1.4652718411630392e-01 dt=8.4027553848247951e-06
cycle=996 time=1.4653558687168874e-01 dt=8.2271095375322846e-06
cycle=997 time=1.4654381398122629e-01 dt=8.0920818155068634e-06
cycle=998 time=1.4655190606304180e-01 dt=7.9127225187831008e-06
cycle=999 time=1.4655981878556060e-01 dt=7.7603910508257476e-06
cycle=1000 time=1.4656757917661142e-01 dt=7.8967149633739510e-06
cycle=1001 time=1.4657547589157480e-01 dt=7.8463218031636579e-06
cycle=1002 time=1.4658332221337797e-01 dt=7.8018432853857691e-06
cycle=1003 time=1.4659112405666336e-01 dt=7.7604910055536427e-06
cycle=1004 time=1.4659888454766892e-01 dt=7.7203888149166566e-06
cycle=1005 time=1.4660660493648384e-01 dt=7.6798676440327487e-06
cycle=1006 time=1.4661428480412786e-01 dt=7.6374387264411271e-06
cycle=1007 time=1.4662192224285431e-01 dt=7.3759495985789535e-06
cycle=1008 time=1.4662929819245288e-01 dt=7.2275984810540356e-06
cycle=1009 time=1.4663652579093392e-01 dt=7.2093119408981457e-06
cycle=1010 time=1.4664373510287482e-01 dt=7.2898535941641036e-06
cycle=1011 time=1.4665102495646898e-01 dt=7.4390823352061336e-06
cycle=1012 time=1.4665846403880420e-01 dt=7.5381812401280526e-06
cycle=1013 time=1.4666600222004433e-01 dt=7.4851289227446260e-06
cycle=1014 time=1.4667348734896707e-01 dt=7.4243427632074439e-06
cycle=1015 time=1.4668091169173028e-01 dt=7.3600584701991776e-06
cycle=1016 time=1.4668827175020049e-01 dt=7.2959874865239820e-06
cycle=1017 time=1.4669556773768702e-01 dt=6.7763209984993657e-06
cycle=1018 time=1.4670234405868551e-01 dt=6.2717806299695797e-06
cycle=1019 time=1.4670861583931549e-01 dt=5.9068404198440939e-06
cycle=1020 time=1.4671452267973534e-01 dt=5.6623282861841800e-06
cycle=1021 time=1.4672018500802153e-01 dt=5.4973713862149865e-06
cycle=1022 time=1.4672568237940775e-01 dt=5.3751553891328652e-06
cycle=1023 time=1.4673105753479687e-01 dt=5.2723062280827734e-06
cycle=1024 time=1.4673632984102494e-01 dt=5.1776289972913864e-06
cycle=1025 time=1.4674150747002224e-01 dt=5.0836727291235345e-06
cycle=1026 time=1.4674659114275135e-01 dt=4.9875811454370233e-06
cycle=1027 time=1.4675157872389680e-01 dt=4.8896459719605266e-06
cycle=1028 time=1.4675646836986875e-01 dt=4.7916915614611802e-06
cycle=1029 time=1.4676126006143020e-01 dt=4.6958769629841687e-06
cycle=1030 time=1.4676595593839317e-01 dt=4.7965482309691628e-06
cycle=1031 time=1.4677075248662413e-01 dt=5.6176148278408190e-06
cycle=1032 time=1.4677637010145198e-01 dt=7.2355313744937060e-06
cycle=1033 time=1.4678360563282647e-01 dt=8.9850070270138445e-06
cycle=1034 time=1.4679259063985348e-01 dt=8.7184391430254835e-06
cycle=1035 time=1.4680130907899649e-01 dt=8.3468558210386614e-06
cycle=1036 time=1.4680965593481754e-01 dt=7.9318164326840752e-06
cycle=1037 time=1.4681758775125023e-01 dt=7.5170771568871028e-06
cycle=1038 time=1.4682510482840710e-01 dt=7.1384386341196717e-06
cycle=1039 time=1.4683224326704122e-01 dt=6.5376727525369761e-06
cycle=1040 time=1.4683878093979377e-01 dt=5.9775721601514698e-06
cycle=1041 time=1.4684475851195392e-01 dt=5.6274003282497096e-06
cycle=1042 time=1.4685038591228217e-01 dt=5.4296168650275347e-06
cycle=1043 time=1.4685581552914720e-01 dt=5.2999470284013181e-06
cycle=1044 time=1.4686111547617561e-01 dt=5.2045419036255465e-06
cycle=1045 time=1.4686632001807923e-01 dt=5.1247458884733473e-06
cycle=1046 time=1.4687144476396771e-01 dt=5.0470204381532070e-06
cycle=1047 time=1.4687649178440587e-01 dt=4.9645303778347095e-06
cycle=1048 time=1.4688145631478369e-01 dt=4.8751227093535662e-06
cycle=1049 time=1.4688633143749305e-01 dt=5.3881680488388062e-06
cycle=1050 time=1.4689171960554190e-01 dt=6.5371614047367908e-06
cycle=1051 time=1.4689825676694662e-01 dt=6.9782119884588964e-06
cycle=1052 time=1.4690523497893507e-01 dt=6.9162504939834773e-06
cycle=1053 time=1.4691215122942905e-01 dt=6.8052844083743454e-06
cycle=1054 time=1.4691895651383743e-01 dt=6.6689955837821737e-06
cycle=1055 time=1.4692562550942120e-01 dt=6.5251186355753348e-06
cycle=1056 time=1.4693215062805678e-01 dt=6.3860379114114754e-06
cycle=1057 time=1.4693853666596821e-01 dt=6.2595313233447451e-06
cycle=1058 time=1.4694479619729156e-01 dt=6.1499376699527955e-06
cycle=1059 time=1.4695094613496151e-01 dt=6.0593802029698984e-06
cycle=1060 time=1.4695700551516450e-01 dt=5.9871670265242402e-06
cycle=1061 time=1.4696299268219101e-01 dt=5.5687131702837542e-06
cycle=1062 time=1.4696856139536130e-01 dt=5.0287382139887698e-06
cycle=1063 time=1.4697359013357528e-01 dt=4.8256766864566919e-06
cycle=1064 time=1.4697841581026172e-01 dt=5.3841439782861590e-06
cycle=1065 time=1.4698379995424002e-01 dt=6.0650369704078002e-06
cycle=1066 time=1.4698986499121042e-01 dt=6.0598669696197572e-06
cycle=1067 time=1.4699592485818003e-01 dt=6.0326214525152772e-06
cycle=1068 time=1.4700195747963254e-01 dt=5.9926644272565164e-06
cycle=1069 time=1.4700795014405979e-01 dt=5.9467084290668166e-06
cycle=1070 time=1.4701389685248886e-01 dt=5.8994328670651577e-06
cycle=1071 time=1.4701979628535591e-01 dt=5.8538606160883915e-06
cycle=1072 time=1.4702565014597199e-01 dt=5.8117217121619296e-06
cycle=1073 time=1.4703146186768415e-01 dt=5.3974554029829091e-06
cycle=1074 time=1.4703685932308713e-01 dt=4.9074310842986870e-06
cycle=1075 time=1.4704176675417144e-01 dt=4.5388646849199100e-06
cycle=1076 time=1.4704630561885637e-01 dt=4.3188672747267855e-06
cycle=1077 time=1.4705062448613110e-01 dt=4.7031902377366461e-06
cycle=1078 time=1.4705532767636884e-01 dt=5.7095572619223437e-06
cycle=1079 time=1.4706103723363076e-01 dt=6.1143258127142666e-06
cycle=1080 time=1.4706715155944347e-01 dt=6.0935156256048141e-06
cycle=1081 time=1.4707324507506908e-01 dt=6.0352450949477415e-06
cycle=1082 time=1.4707928032016404e-01 dt=5.9567744219422578e-06
cycle=1083 time=1.4708523709458599e-01 dt=5.8708080877703646e-06
cycle=1084 time=1.4709110790267377e-01 dt=5.7859119043732907e-06
cycle=1085 time=1.4709689381457813e-01 dt=5.7075395728762344e-06
cycle=1086 time=1.4710260135415101e-01 dt=5.6387472302382843e-06
cycle=1087 time=1.4710824010138127e-01 dt=5.4722996070469528e-06
cycle=1088 time=1.4711371240098831e-01 dt=5.5451503275017059e-06
cycle=1089 time=1.4711925755131580e-01 dt=5.5066968975370047e-06
cycle=1090 time=1.4712476424821333e-01 dt=5.4756063933195181e-06
cycle=1091 time=1.4713023985460666e-01 dt=5.4505224652324540e-06
cycle=1092 time=1.4713569037707189e-01 dt=5.4301376422608886e-06
cycle=1093 time=1.4714112051471415e-01 dt=5.4132830706813102e-06
cycle=1094 time=1.4714653379778483e-01 dt=5.3994500563267157e-06
cycle=1095 time=1.4715193324784115e-01 dt=5.3883590008765074e-06
cycle=1096 time=1.4715732160684203e-01 dt=5.3787726903542977e-06
cycle=1097 time=1.4716270037953239e-01 dt=5.3699088329962335e-06
cycle=1098 time=1.4716807028836537e-01 dt=5.3612276173680292e-06
cycle=1099 time=1.4717343151598275e-01 dt=5.3524063224521653e-06
cycle=1100 time=1.4717878392230521e-01 dt=5.3432549882427528e-06
cycle=1101 time=1.4718412717729346e-01 dt=5.3336756174635577e-06
cycle=1102 time=1.4718946085291093e-01 dt=5.3234703049912757e-06
cycle=1103 time=1.4719478432321592e-01 dt=5.3125409062072202e-06
cycle=1104 time=1.4720009686412214e-01 dt=5.3012099800537387e-06
cycle=1105 time=1.4720539807410218e-01 dt=5.2894907638195073e-06
cycle=1106 time=1.4721068756486599e-01 dt=5.2773626046372347e-06
cycle=1107 time=1.4721596492747063e-01 dt=5.2647699346084962e-06
cycle=1108 time=1.4722122969740525e-01 dt=5.2524071332000423e-06
cycle=1109 time=1.4722648210453845e-01 dt=5.2402297419254661e-06
cycle=1110 time=1.4723172233428039e-01 dt=5.2281894003084503e-06
cycle=1111 time=1.4723695052368069e-01 dt=5.2162831283015379e-06
cycle=1112 time=1.4724216680680899e-01 dt=5.2045122127762046e-06
cycle=1113 time=1.4724737131902177e-01 dt=5.1928760027884766e-06
cycle=1114 time=1.4725256419502455e-01 dt=5.1814452173913640e-06
cycle=1115 time=1.4725774564024194e-01 dt=5.1703095673537997e-06
cycle=1116 time=1.4726291594980928e-01 dt=5.1600504654055798e-06
cycle=1117 time=1.4726807600027469e-01 dt=5.1508496659031319e-06
cycle=1118 time=1.4727322684994060e-01 dt=5.1423011733329795e-06
cycle=1119 time=1.4727836915111392e-01 dt=5.1341190407642483e-06
cycle=1120 time=1.4728350327015469e-01 dt=5.1261035667466193e-06
cycle=1121 time=1.4728862937372145e-01 dt=5.1181115567095292e-06
cycle=1122 time=1.4729374748527815e-01 dt=5.1100849422048839e-06
cycle=1123 time=1.4729885757022035e-01 dt=5.1019502399230423e-06
cycle=1124 time=1.4730395952046027e-01 dt=5.0936491815945064e-06
cycle=1125 time=1.4730905316964185e-01 dt=5.0851476606639937e-06
cycle=1126 time=1.4731413831730253e-01 dt=5.0764285207231344e-06
cycle=1127 time=1.4731921474582324e-01 dt=5.0674863940894210e-06
cycle=1128 time=1.4732428223221733e-01 dt=5.0583249106644680e-06
cycle=1129 time=1.4732934055712799e-01 dt=5.0489541284471901e-06
cycle=1130 time=1.4733438951125644e-01 dt=5.0393885077953007e-06
cycle=1131 time=1.4733942889976423e-01 dt=5.0296417721082910e-06
cycle=1132 time=1.4734445854153633e-01 dt=5.0197185674402925e-06
cycle=1133 time=1.4734947826010378e-01 dt=5.0096185472791210e-06
cycle=1134 time=1.4735448787865105e-01 dt=4.9993724785086283e-06
cycle=1135 time=1.4735948725112955e-01 dt=4.9892398757285453e-06
cycle=1136 time=1.4736447649100529e-01 dt=4.9792620759501411e-06
cycle=1137 time=1.4736945575308125e-01 dt=4.9687041174012751e-06
cycle=1138 time=1.4737442445719864e-01 dt=4.9549551643351519e-06
cycle=1139 time=1.4737937941236298e-01 dt=4.9417049229008173e-06
cycle=1140 time=1.4738432111728589e-01 dt=4.9296591405512211e-06
cycle=1141 time=1.4738925077642645e-01 dt=4.9192120330710951e-06
cycle=1142 time=1.4739416998845953e-01 dt=4.9105453427170314e-06
cycle=1143 time=1.4739908053380224e-01 dt=4.9055784051891607e-06
cycle=1144 time=1.4740398611220742e-01 dt=4.9061571638187881e-06
cycle=1145 time=1.4740889226937123e-01 dt=4.9141495644820540e-06
cycle=1146 time=1.4741380641893573e-01 dt=4.9313762332142896e-06
cycle=1147 time=1.4741873779516895e-01 dt=4.9597152297312785e-06
cycle=1148 time=1.4742369751039869e-01 dt=4.9933526188608855e-06
cycle=1149 time=1.4742869086301755e-01 dt=5.0465261457378379e-06
cycle=1150 time=1.4743373738916329e-01 dt=5.1239292685659688e-06
cycle=1151 time=1.4743886131843187e-01 dt=9.7009744273139291e-07
cycle=1152 time=1.4743983141587461e-01 dt=1.9401948854627858e-06
cycle=1153 time=1.4744177161076008e-01 dt=3.8803897709255716e-06
cycle=1154 time=1.4744565200053100e-01 dt=5.8927192716106875e-06
cycle=1155 time=1.4745154471980262e-01 dt=6.1542078216061696e-06
cycle=1156 time=1.4745769892762423e-01 dt=6.3979909944588408e-06
cycle=1157 time=1.4746409691861870e-01 dt=6.6299039120761826e-06
cycle=1158 time=1.4747072682253076e-01 dt=6.8571572652637835e-06
cycle=1159 time=1.4747758397979602e-01 dt=7.0874810388781635e-06
cycle=1160 time=1.4748467146083488e-01 dt=7.3272487808883523e-06
cycle=1161 time=1.4749199870961577e-01 dt=7.5862102519586197e-06
cycle=1162 time=1.4749958491986773e-01 dt=7.0672821970446952e-06
cycle=1163 time=1.4750665220206477e-01 dt=6.5814151834645509e-06
cycle=1164 time=1.4751323361724825e-01 dt=6.1899494848408769e-06
cycle=1165 time=1.4751942356673309e-01 dt=5.9251441795740983e-06
cycle=1166 time=1.4752534871091266e-01 dt=5.7833937728405585e-06
cycle=1167 time=1.4753113210468549e-01 dt=5.7392280884000463e-06
cycle=1168 time=1.4753687133277391e-01 dt=5.5460653004288367e-06
cycle=1169 time=1.4754241739807433e-01 dt=5.2501352846584534e-06
cycle=1170 time=1.4754766753335899e-01 dt=5.1506459618043396e-06
cycle=1171 time=1.4755281817932078e-01 dt=5.1169729291212890e-06
cycle=1172 time=1.4755793515224991e-01 dt=5.1048429987731921e-06
cycle=1173 time=1.4756303999524867e-01 dt=5.0983957005037680e-06
cycle=1174 time=1.4756813839094918e-01 dt=5.0849694308453337e-06
cycle=1175 time=1.4757322336038003e-01 dt=5.0621663573051278e-06
cycle=1176 time=1.4757828552673735e-01 dt=5.0313360257043707e-06
cycle=1177 time=1.4758331686276305e-01 dt=4.9947240214694236e-06
cycle=1178 time=1.4758831158678451e-01 dt=4.9549460347174044e-06
cycle=1179 time=1.4759326653281923e-01 dt=4.9150724383424892e-06
cycle=1180 time=1.4759818160525759e-01 dt=4.8781903973315354e-06
cycle=1181 time=1.4760305979565491e-01 dt=4.8463101634988340e-06
cycle=1182 time=1.4760790610581842e-01 dt=4.8186083419612922e-06
cycle=1183 time=1.4761272471416037e-01 dt=4.7985618778749899e-06
cycle=1184 time=1.4761752327603825e-01 dt=4.7898195465092064e-06
cycle=1185 time=1.4762231309558477e-01 dt=4.7963267144738432e-06
cycle=1186 time=1.4762710942229923e-01 dt=4.8244434885485565e-06
cycle=1187 time=1.4763193386578777e-01 dt=4.8785771410980544e-06
cycle=1188 time=1.4763681244292887e-01 dt=4.9636793345737685e-06
cycle=1189 time=1.4764177612226345e-01 dt=5.0854264908219885e-06
cycle=1190 time=1.4764686154875428e-01 dt=5.2472832662958345e-06
cycle=1191 time=1.4765210883202057e-01 dt=5.4520094225577019e-06
cycle=1192 time=1.4765756084144313e-01 dt=5.7064700609299326e-06
cycle=1193 time=1.4766326731150406e-01 dt=6.0092896999185448e-06
cycle=1194 time=1.4766927660120399e-01 dt=6.3575179706245778e-06
cycle=1195 time=1.4767563411917461e-01 dt=6.7415304835788999e-06
cycle=1196 time=1.4768237564965819e-01 dt=7.1453743466568242e-06
cycle=1197 time=1.4768952102400484e-01 dt=7.5510705362143614e-06
cycle=1198 time=1.4769707209454105e-01 dt=7.9367838568895886e-06
cycle=1199 time=1.4770500887839794e-01 dt=8.1470257801618765e-06
cycle=1200 time=1.4771315590417811e-01 dt=7.4085751239557049e-06
cycle=1201 time=1.4772056447930207e-01 dt=6.4495972979620455e-06
cycle=1202 time=1.4772701407660002e-01 dt=5.7092573974089645e-06
cycle=1203 time=1.4773272333399742e-01 dt=5.1211124591862782e-06
cycle=1204 time=1.4773784444645660e-01 dt=4.6344729408599103e-06
cycle=1205 time=1.4774247891939746e-01 dt=4.2519589117453744e-06
cycle=1206 time=1.4774673087830920e-01 dt=3.9645955720165524e-06
cycle=1207 time=1.4775069547388120e-01 dt=3.7738012957491222e-06
cycle=1208 time=1.4775446927517694e-01 dt=3.6500472438387817e-06
cycle=1209 time=1.4775811932242078e-01 dt=3.5703467834150630e-06
cycle=1210 time=1.4776168966920419e-01 dt=3.5191100440058771e-06
cycle=1211 time=1.4776520877924820e-01 dt=4.6184974432134447e-06
cycle=1212 time=1.4776982727669141e-01 dt=8.8338961925014079e-06
cycle=1213 time=1.4777866117288391e-01 dt=8.3143586346551495e-06
cycle=1214 time=1.4778697553151857e-01 dt=7.6023828665630141e-06
cycle=1215 time=1.4779457791438513e-01 dt=6.8105870919310395e-06
cycle=1216 time=1.4780138850147706e-01 dt=6.2472881199281763e-06
cycle=1217 time=1.4780763578959699e-01 dt=5.9505170517121109e-06
cycle=1218 time=1.4781358630664870e-01 dt=5.9068924585568070e-06
cycle=1219 time=1.4781949319910725e-01 dt=6.0639618055073907e-06
cycle=1220 time=1.4782555716091275e-01 dt=6.4191269427041899e-06
cycle=1221 time=1.4783197628785547e-01 dt=6.8921588405394334e-06
cycle=1222 time=1.4783886844669600e-01 dt=6.4343203101914876e-06
cycle=1223 time=1.4784530276700619e-01 dt=5.8793819703101161e-06
cycle=1224 time=1.4785118214897650e-01 dt=5.5750871379582243e-06
cycle=1225 time=1.4785675723611447e-01 dt=5.4462778367055491e-06
cycle=1226 time=1.4786220351395118e-01 dt=5.4258380784006280e-06
cycle=1227 time=1.4786762935202957e-01 dt=5.4686109001616323e-06
cycle=1228 time=1.4787309796292974e-01 dt=5.5504803679823355e-06
cycle=1229 time=1.4787864844329773e-01 dt=5.6609275679096778e-06
cycle=1230 time=1.4788430937086564e-01 dt=5.7934483975860913e-06
cycle=1231 time=1.4789010281926321e-01 dt=5.9326451675344005e-06
cycle=1232 time=1.4789603546443075e-01 dt=6.0761073644246720e-06
cycle=1233 time=1.4790211157179517e-01 dt=6.2234021325058236e-06
cycle=1234 time=1.4790833497392766e-01 dt=6.3802897290324118e-06
cycle=1235 time=1.4791471526365668e-01 dt=6.5522838148363289e-06
cycle=1236 time=1.4792126754747151e-01 dt=6.6202390845076256e-06
cycle=1237 time=1.4792788778655602e-01 dt=6.4300049127791122e-06
cycle=1238 time=1.4793431779146879e-01 dt=5.6815657287690366e-06
cycle=1239 time=1.4793999935719757e-01 dt=4.8246175983725582e-06
cycle=1240 time=1.4794482397479594e-01 dt=3.9025035159394896e-06
cycle=1241 time=1.4794872647831189e-01 dt=2.7793329011278499e-06
cycle=1242 time=1.4795150581121302e-01 dt=2.4132388745033618e-06
cycle=1243 time=1.4795391905008753e-01 dt=2.4302857494752322e-06
cycle=1244 time=1.4795634933583701e-01 dt=2.5007523291173780e-06
cycle=1245 time=1.4795885008816612e-01 dt=2.6002900716418506e-06
cycle=1246 time=1.4796145037823777e-01 dt=2.7296132233530813e-06
cycle=1247 time=1.4796417999146111e-01 dt=2.8939914837230403e-06
cycle=1248 time=1.4796707398294484e-01 dt=3.1009768313532779e-06
cycle=1249 time=1.4797017495977619e-01 dt=3.3560206629346423e-06
cycle=1250 time=1.4797353098043911e-01 dt=3.6601967593177563e-06
cycle=1251 time=1.4797719117719843e-01 dt=4.0202418643760236e-06
cycle=1252 time=1.4798121141906281e-01 dt=4.4421057655411294e-06
cycle=1253 time=1.4798565352482834e-01 dt=4.9478203515964917e-06
cycle=1254 time=1.4799060134517994e-01 dt=5.5580945245172977e-06
cycle=1255 time=1.4799615943970446e-01 dt=6.2900190824743870e-06
cycle=1256 time=1.4800244945878693e-01 dt=6.9400321469225053e-06
cycle=1257 time=1.4800938949093387e-01 dt=7.5374121494166961e-06
cycle=1258 time=1.4801692690308330e-01 dt=8.1683723000866747e-06
cycle=1259 time=1.4802509527538338e-01 dt=7.7510909384932630e-06
cycle=1260 time=1.4803284636632189e-01 dt=6.7816673867152540e-06
cycle=1261 time=1.4803962803370860e-01 dt=5.6439794867842314e-06
cycle=1262 time=1.4804527201319539e-01 dt=4.8914916733483781e-06
cycle=1263 time=1.4805016350486874e-01 dt=4.5696709615424107e-06
cycle=1264 time=1.4805473317583029e-01 dt=4.4168484671888099e-06
cycle=1265 time=1.4805915002429748e-01 dt=4.2502797861343859e-06
cycle=1266 time=1.4806340030408360e-01 dt=3.9629473221427108e-06
cycle=1267 time=1.4806736325140574e-01 dt=3.7746692603795706e-06
cycle=1268 time=1.4807113792066612e-01 dt=3.6525539919224346e-06
cycle=1269 time=1.4807479047465805e-01 dt=3.5760572769615903e-06
cycle=1270 time=1.4807836653193501e-01 dt=4.5722598805634925e-06
cycle=1271 time=1.4808293879181558e-01 dt=8.2041863830907473e-06
cycle=1272 time=1.4809114297819867e-01 dt=8.3571591967742660e-06
cycle=1273 time=1.4809950013739545e-01 dt=7.1072388479195715e-06
cycle=1274 time=1.4810660737624337e-01 dt=5.8765964824525455e-06
cycle=1275 time=1.4811248397272583e-01 dt=5.1109689320283623e-06
cycle=1276 time=1.4811759494165785e-01 dt=4.5479954196208971e-06
cycle=1277 time=1.4812214293707748e-01 dt=4.5958012588990757e-06
cycle=1278 time=1.4812673873833637e-01 dt=5.1716538419614143e-06
cycle=1279 time=1.4813191039217832e-01 dt=6.4622253350604475e-06
cycle=1280 time=1.4813837261751339e-01 dt=4.5874804874853903e-06
cycle=1281 time=1.4814296009800088e-01 dt=3.8818500786906711e-06
cycle=1282 time=1.4814684194807956e-01 dt=4.2001059861046079e-06
cycle=1283 time=1.4815104205406565e-01 dt=4.2326228271662944e-06
cycle=1284 time=1.4815527467689282e-01 dt=4.3528025531741317e-06
cycle=1285 time=1.4815962747944600e-01 dt=4.4306961704838727e-06
cycle=1286 time=1.4816405817561648e-01 dt=4.5031472004204437e-06
cycle=1287 time=1.4816856132281689e-01 dt=4.5642786449463184e-06
cycle=1288 time=1.4817312560146184e-01 dt=4.6193091221680478e-06
cycle=1289 time=1.4817774491058400e-01 dt=4.6772830946641704e-06
cycle=1290 time=1.4818242219367866e-01 dt=4.7367988745525112e-06
cycle=1291 time=1.4818715899255322e-01 dt=4.7973873141326000e-06
cycle=1292 time=1.4819195637986735e-01 dt=4.8532109893343505e-06
cycle=1293 time=1.4819680959085668e-01 dt=4.8920575734212814e-06
cycle=1294 time=1.4820170164843011e-01 dt=4.9153665486959254e-06
cycle=1295 time=1.4820661701497881e-01 dt=4.9253647495104816e-06
cycle=1296 time=1.4821154237972831e-01 dt=4.9227178357517399e-06
cycle=1297 time=1.4821646509756406e-01 dt=4.9089694843303799e-06
cycle=1298 time=1.4822137406704838e-01 dt=4.8837228773904578e-06
cycle=1299 time=1.4822625778992576e-01 dt=4.8454323677492841e-06
cycle=1300 time=1.4823110322229352e-01 dt=4.7942782034710492e-06
cycle=1301 time=1.4823589750049698e-01 dt=4.7342395612172811e-06
cycle=1302 time=1.4824063174005819e-01 dt=4.6724502893943956e-06
cycle=1303 time=1.4824530419034759e-01 dt=4.6090458716834958e-06
cycle=1304 time=1.4824991323621928e-01 dt=4.5503831956069573e-06
cycle=1305 time=1.4825446361941488e-01 dt=4.5065971488187696e-06
cycle=1306 time=1.4825897021656370e-01 dt=4.4882571341436445e-06
cycle=1307 time=1.4826345847369785e-01 dt=4.5050685920150821e-06
cycle=1308 time=1.4826796354228985e-01 dt=4.5768393486676652e-06
cycle=1309 time=1.4827254038163853e-01 dt=4.7378795131281032e-06
cycle=1310 time=1.4827727826115167e-01 dt=5.0391287159355968e-06
cycle=1311 time=1.4828231738986761e-01 dt=5.5138871183333014e-06
cycle=1312 time=1.4828783127698594e-01 dt=6.2016650510620399e-06
cycle=1313 time=1.4829403294203700e-01 dt=6.8683646612192026e-06
cycle=1314 time=1.4830090130669821e-01 dt=6.1111872075710492e-06
cycle=1315 time=1.4830701249390577e-01 dt=5.3565241029264066e-06
cycle=1316 time=1.4831236901800871e-01 dt=4.7462028620899176e-06
cycle=1317 time=1.4831711522087079e-01 dt=4.3487601835033712e-06
cycle=1318 time=1.4832146398105431e-01 dt=4.1579699142946935e-06
cycle=1319 time=1.4832562195096860e-01 dt=4.1204226437203063e-06
cycle=1320 time=1.4832974237361232e-01 dt=4.1766056065096802e-06
cycle=1321 time=1.4833391897921883e-01 dt=4.2802338608500955e-06
cycle=1322 time=1.4833819921307967e-01 dt=4.6266044907519254e-06
cycle=1323 time=1.4834282581757041e-01 dt=5.2271947938702143e-06
cycle=1324 time=1.4834805301236428e-01 dt=5.2151169492845995e-06
cycle=1325 time=1.4835326812931357e-01 dt=4.9601460161122558e-06
cycle=1326 time=1.4835822827532968e-01 dt=4.7844713315360736e-06
cycle=1327 time=1.4836301274666122e-01 dt=5.1355545708130438e-06
cycle=1328 time=1.4836814830123204e-01 dt=7.4596120408299154e-06
cycle=1329 time=1.4837560791327287e-01 dt=7.6508995342618798e-06
cycle=1330 time=1.4838325881280712e-01 dt=6.9199287353271616e-06
cycle=1331 time=1.4839017874154245e-01 dt=6.3252559872492910e-06
cycle=1332 time=1.4839650399752971e-01 dt=5.9277416031118738e-06
cycle=1333 time=1.4840243173913281e-01 dt=5.7309665780177601e-06
cycle=1334 time=1.4840816270571083e-01 dt=5.0461435005379613e-06
cycle=1335 time=1.4841320884921136e-01 dt=3.3898659283538611e-06
cycle=1336 time=1.4841659871513971e-01 dt=2.8513543639934854e-06
cycle=1337 time=1.4841945006950369e-01 dt=3.0801277303438691e-06
cycle=1338 time=1.4842253019723403e-01 dt=3.1423249267905405e-06
cycle=1339 time=1.4842567252216082e-01 dt=3.2561696174042431e-06
cycle=1340 time=1.4842892869177823e-01 dt=3.3648847726916913e-06
cycle=1341 time=1.4843229357655094e-01 dt=3.4815324752224251e-06
cycle=1342 time=1.4843577510902617e-01 dt=3.6045915905346704e-06
cycle=1343 time=1.4843937970061671e-01 dt=3.7357192952521938e-06
cycle=1344 time=1.4844311541991195e-01 dt=3.8788244508937786e-06
cycle=1345 time=1.4844699424436283e-01 dt=4.0374886697078953e-06
cycle=1346 time=1.4845103173303253e-01 dt=4.2131159649430622e-06
cycle=1347 time=1.4845524484899747e-01 dt=4.3971164300641588e-06
cycle=1348 time=1.4845964196542755e-01 dt=4.5833139683828365e-06
cycle=1349 time=1.4846422527939593e-01 dt=4.7650654950284241e-06
cycle=1350 time=1.4846899034489094e-01 dt=4.9363005478412469e-06
cycle=1351 time=1.4847392664543879e-01 dt=5.0979483244088843e-06
cycle=1352 time=1.4847902459376319e-01 dt=5.2570487342183835e-06
cycle=1353 time=1.4848428164249741e-01 dt=5.4298504672384740e-06
cycle=1354 time=1.4848971149296464e-01 dt=5.6347788160975367e-06
cycle=1355 time=1.4849534627178074e-01 dt=5.8928138271263502e-06
cycle=1356 time=1.4850123908560786e-01 dt=5.7196061917074398e-06
cycle=1357 time=1.4850695869179956e-01 dt=5.3425304964780101e-06
cycle=1358 time=1.4851230122229603e-01 dt=4.9134458030337209e-06
cycle=1359 time=1.4851721466809906e-01 dt=4.5797212282568101e-06
cycle=1360 time=1.4852179438932731e-01 dt=4.3722633320158624e-06
cycle=1361 time=1.4852616665265933e-01 dt=4.2885831632304462e-06
cycle=1362 time=1.4853045523582256e-01 dt=4.3006018860997714e-06
cycle=1363 time=1.4853475583770867e-01 dt=4.3686522277419185e-06
cycle=1364 time=1.4853912448993642e-01 dt=4.4543350802984301e-06
cycle=1365 time=1.4854357882501673e-01 dt=4.5541169641785963e-06
cycle=1366 time=1.4854813294198091e-01 dt=4.6472696778565709e-06
cycle=1367 time=1.4855278021165877e-01 dt=4.7067260402609359e-06
cycle=1368 time=1.4855748693769902e-01 dt=4.7292429525808727e-06
cycle=1369 time=1.4856221618065160e-01 dt=4.7198023312554247e-06
cycle=1370 time=1.4856693598298285e-01 dt=4.6881534377775193e-06
cycle=1371 time=1.4857162413642061e-01 dt=4.6454123202220525e-06
cycle=1372 time=1.4857626954874084e-01 dt=4.6018539909195958e-06
cycle=1373 time=1.4858087140273177e-01 dt=4.5658313793779385e-06
cycle=1374 time=1.4858543723411113e-01 dt=4.5416934542035118e-06
cycle=1375 time=1.4858997892756534e-01 dt=4.5306875378434353e-06
cycle=1376 time=1.4859450961510318e-01 dt=4.5317449470438101e-06
cycle=1377 time=1.4859904136005023e-01 dt=4.5423086601608543e-06
cycle=1378 time=1.4860358366871038e-01 dt=4.5591686103886354e-06
cycle=1379 time=1.4860814283732077e-01 dt=4.4584435585631323e-06
cycle=1380 time=1.4861260128087933e-01 dt=4.3703232100465652e-06
cycle=1381 time=1.4861697160408938e-01 dt=4.3125306942774774e-06
cycle=1382 time=1.4862128413478365e-01 dt=4.4954564406572213e-06
cycle=1383 time=1.4862577959122431e-01 dt=4.5224907261127188e-06
cycle=1384 time=1.4863030208195041e-01 dt=4.5336099168562682e-06
cycle=1385 time=1.4863483569186728e-01 dt=4.5313368496763493e-06
cycle=1386 time=1.4863936702871697e-01 dt=4.5198175176460484e-06
cycle=1387 time=1.4864388684623461e-01 dt=4.5038150774522465e-06
cycle=1388 time=1.4864839066131205e-01 dt=4.4878723601478356e-06
cycle=1389 time=1.4865287853367221e-01 dt=4.4757049983627595e-06
cycle=1390 time=1.4865735423867057e-01 dt=4.4698203073651670e-06
cycle=1391 time=1.4866182405897793e-01 dt=4.4713994690589405e-06
cycle=1392 time=1.4866629545844698e-01 dt=4.4804315979576941e-06
cycle=1393 time=1.4867077589004493e-01 dt=4.4959823888992253e-06
cycle=1394 time=1.4867527187243382e-01 dt=4.5165252245150544e-06
cycle=1395 time=1.4867978839765833e-01 dt=4.5402847136910801e-06
cycle=1396 time=1.4868432868237202e-01 dt=4.5655615192729596e-06
cycle=1397 time=1.4868889424389128e-01 dt=4.5909174597477703e-06
cycle=1398 time=1.4869348516135103e-01 dt=4.6153098087452946e-06
cycle=1399 time=1.4869810047115978e-01 dt=4.6381394128506150e-06
cycle=1400 time=1.4870273861057262e-01 dt=4.6592322478694090e-06
cycle=1401 time=1.4870739784282050e-01 dt=4.6787697074006986e-06
cycle=1402 time=1.4871207661252789e-01 dt=4.6971973864634966e-06
cycle=1403 time=1.4871677380991435e-01 dt=4.7095150143101039e-06
cycle=1404 time=1.4872148332492865e-01 dt=4.7136945758680595e-06
cycle=1405 time=1.4872619701950451e-01 dt=4.7184686069334384e-06
cycle=1406 time=1.4873091548811146e-01 dt=4.7260843356357727e-06
cycle=1407 time=1.4873564157244709e-01 dt=4.7380547635612600e-06
cycle=1408 time=1.4874037962721065e-01 dt=4.7551122334810167e-06
cycle=1409 time=1.4874513473944412e-01 dt=4.7772746560144838e-06
cycle=1410 time=1.4874991201410012e-01 dt=4.8039926123571887e-06
cycle=1411 time=1.4875471600671247e-01 dt=4.8343241634830224e-06
cycle=1412 time=1.4875955033087596e-01 dt=4.8671203847658616e-06
cycle=1413 time=1.4876441745126073e-01 dt=4.9012183451459918e-06
cycle=1414 time=1.4876931866960588e-01 dt=4.9356016787921496e-06
cycle=1415 time=1.4877425427128468e-01 dt=4.9695039451943100e-06
cycle=1416 time=1.4877922377522987e-01 dt=5.0024283152344080e-06
cycle=1417 time=1.4878422620354509e-01 dt=5.0341711960434207e-06
cycle=1418 time=1.4878926037474113e-01 dt=5.0647882507753525e-06
cycle=1419 time=1.4879432516299190e-01 dt=5.0945397233647191e-06
cycle=1420 time=1.4879941970271526e-01 dt=5.1238225824356163e-06
cycle=1421 time=1.4880454352529771e-01 dt=5.1530941173143877e-06
cycle=1422 time=1.4880969661941501e-01 dt=5.1827973657294184e-06
cycle=1423 time=1.4881487941678073e-01 dt=5.2133053666719986e-06
cycle=1424 time=1.4882009272214741e-01 dt=5.2457728544333198e-06
cycle=1425 time=1.4882533849500185e-01 dt=5.2792740286906976e-06
cycle=1426 time=1.4883061776903053e-01 dt=5.3131390672158557e-06
cycle=1427 time=1.4883593090809774e-01 dt=4.8352819148175811e-06
cycle=1428 time=1.4884076619001255e-01 dt=4.3953397417453468e-06
cycle=1429 time=1.4884516152975430e-01 dt=4.1000248486088465e-06
cycle=1430 time=1.4884926155460290e-01 dt=3.9045149342027727e-06
cycle=1431 time=1.4885316606953711e-01 dt=3.7734615044589488e-06
cycle=1432 time=1.4885693953104157e-01 dt=3.6863541165381738e-06
cycle=1433 time=1.4886062588515811e-01 dt=3.6281792473628148e-06
cycle=1434 time=1.4886425406440548e-01 dt=3.5882726464995043e-06
cycle=1435 time=1.4886784233705197e-01 dt=3.5594870674146033e-06
cycle=1436 time=1.4887140182411940e-01 dt=3.5383474842884761e-06
cycle=1437 time=1.4887494017160369e-01 dt=3.5181497104971854e-06
cycle=1438 time=1.4887845832131419e-01 dt=3.4992924648114197e-06
cycle=1439 time=1.4888195761377901e-01 dt=3.4803896639898728e-06
cycle=1440 time=1.4888543800344300e-01 dt=4.8103368281376400e-06
cycle=1441 time=1.4889024834027115e-01 dt=6.8000820685203587e-06
cycle=1442 time=1.4889704842233967e-01 dt=6.6414807416416836e-06
cycle=1443 time=1.4890368990308131e-01 dt=6.4141196241366579e-06
cycle=1444 time=1.4891010402270544e-01 dt=5.5978803621601213e-06
cycle=1445 time=1.4891570190306760e-01 dt=4.8427732265834995e-06
cycle=1446 time=1.4892054467629418e-01 dt=4.3953416208364474e-06
cycle=1447 time=1.4892494001791501e-01 dt=4.2380026394278853e-06
cycle=1448 time=1.4892917802055444e-01 dt=4.1924145682389541e-06
cycle=1449 time=1.4893337043512267e-01 dt=4.2661383314902812e-06
cycle=1450 time=1.4893763657345416e-01 dt=4.4800037468196231e-06
cycle=1451 time=1.4894211657720097e-01 dt=4.5372804557410264e-06
cycle=1452 time=1.4894665385765671e-01 dt=4.5525097928825092e-06
cycle=1453 time=1.4895120636744960e-01 dt=4.5742523308228333e-06
cycle=1454 time=1.4895578061978043e-01 dt=4.7254929348427367e-06
cycle=1455 time=1.4896050611271527e-01 dt=5.0910046289125555e-06
cycle=1456 time=1.4896559711734420e-01 dt=5.0775153608617992e-06
cycle=1457 time=1.4897067463270505e-01 dt=5.0050868124446167e-06
cycle=1458 time=1.4897567971951750e-01 dt=4.8366606383571857e-06
cycle=1459 time=1.4898051638015586e-01 dt=4.8421982080584405e-06
cycle=1460 time=1.4898535857836392e-01 dt=4.9727249715990301e-06
cycle=1461 time=1.4899033130333553e-01 dt=4.8769249559338460e-06
cycle=1462 time=1.4899520822829146e-01 dt=4.7863718416648220e-06
cycle=1463 time=1.4899999460013313e-01 dt=4.7057928513453162e-06
cycle=1464 time=1.4900470039298447e-01 dt=4.6398001244666568e-06
cycle=1465 time=1.4900934019310894e-01 dt=4.5890057975831892e-06
cycle=1466 time=1.4901392919890652e-01 dt=4.5507284728357423e-06
cycle=1467 time=1.4901847992737935e-01 dt=4.5227122795652108e-06
cycle=1468 time=1.4902300263965892e-01 dt=4.5030120822361853e-06
cycle=1469 time=1.4902750565174117e-01 dt=4.4899813051976107e-06
cycle=1470 time=1.4903199563304637e-01 dt=4.4813631772178312e-06
cycle=1471 time=1.4903647699622358e-01 dt=4.4758890628857764e-06
cycle=1472 time=1.4904095288528646e-01 dt=4.4730325525248789e-06
cycle=1473 time=1.4904542591783898e-01 dt=4.2502577882627873e-06
cycle=1474 time=1.4904967617562725e-01 dt=3.7508640634188939e-06
cycle=1475 time=1.4905342703969068e-01 dt=3.4153427776010921e-06
cycle=1476 time=1.4905684238246827e-01 dt=3.2018269850211427e-06
cycle=1477 time=1.4906004420945329e-01 dt=3.0637808209264170e-06
cycle=1478 time=1.4906310799027422e-01 dt=2.9718611299775936e-06
cycle=1479 time=1.4906607985140422e-01 dt=2.9077086192522521e-06
cycle=1480 time=1.4906898756002346e-01 dt=2.8599232257209858e-06
cycle=1481 time=1.4907184748324917e-01 dt=2.8214872952029789e-06
cycle=1482 time=1.4907466897054436e-01 dt=2.7881523038483866e-06
cycle=1483 time=1.4907745712284820e-01 dt=3.6521733704987784e-06
cycle=1484 time=1.4908110929621871e-01 dt=5.6113086274660045e-06
cycle=1485 time=1.4908672060484618e-01 dt=5.6511863637216221e-06
cycle=1486 time=1.4909237179120990e-01 dt=5.6256245846865424e-06
cycle=1487 time=1.4909799741579460e-01 dt=5.5485072143196427e-06
cycle=1488 time=1.4910354592300892e-01 dt=5.4283883631288996e-06
cycle=1489 time=1.4910897431137204e-01 dt=5.2876568255223828e-06
cycle=1490 time=1.4911426196819758e-01 dt=4.8728555257688703e-06
cycle=1491 time=1.4911913482372335e-01 dt=4.5790893060028298e-06
cycle=1492 time=1.4912371391302937e-01 dt=4.2443824132591404e-06
cycle=1493 time=1.4912795829544262e-01 dt=4.1918330933982553e-06
cycle=1494 time=1.4913215012853601e-01 dt=4.3864850490491124e-06
cycle=1495 time=1.4913653661358506e-01 dt=4.9137665189561369e-06
cycle=1496 time=1.4914145038010401e-01 dt=4.4528683821456906e-06
cycle=1497 time=1.4914590324848614e-01 dt=4.0881461023980492e-06
cycle=1498 time=1.4914999139458854e-01 dt=4.2841814542547700e-06
cycle=1499 time=1.4915427557604280e-01 dt=4.3946205033360669e-06
cycle=1500 time=1.4915867019654613e-01 dt=4.4963577180488382e-06
cycle=1501 time=1.4916316655426418e-01 dt=4.5762561385288853e-06
cycle=1502 time=1.4916774281040271e-01 dt=4.6412423864841047e-06
cycle=1503 time=1.4917238405278918e-01 dt=4.6960495673857493e-06
cycle=1504 time=1.4917708010235656e-01 dt=4.6757818381045287e-06
cycle=1505 time=1.4918175588419466e-01 dt=4.5901176651462685e-06
cycle=1506 time=1.4918634600185982e-01 dt=4.5084629150491952e-06
cycle=1507 time=1.4919085446477487e-01 dt=4.4342272849127459e-06
cycle=1508 time=1.4919528869205978e-01 dt=4.3691482303248736e-06
cycle=1509 time=1.4919965784029010e-01 dt=4.3137164416812149e-06
cycle=1510 time=1.4920397155673179e-01 dt=4.2671809850991811e-06
cycle=1511 time=1.4920823873771688e-01 dt=4.2287988677930425e-06
cycle=1512 time=1.4921246753658468e-01 dt=4.1974427889934651e-06
cycle=1513 time=1.4921666497937366e-01 dt=4.1717660807059649e-06
cycle=1514 time=1.4922083674545436e-01 dt=4.1503182225968382e-06
cycle=1515 time=1.4922498706367696e-01 dt=4.1320033446677888e-06
cycle=1516 time=1.4922911906702163e-01 dt=4.1160017944596861e-06
cycle=1517 time=1.4923323506881608e-01 dt=4.1018280014961450e-06
cycle=1518 time=1.4923733689681759e-01 dt=4.0889353080065650e-06
cycle=1519 time=1.4924142583212560e-01 dt=4.0769503822587710e-06
cycle=1520 time=1.4924550278250787e-01 dt=4.0658346984639974e-06
cycle=1521 time=1.4924956861720634e-01 dt=4.0553476835657445e-06
cycle=1522 time=1.4925362396488992e-01 dt=4.0451785200382332e-06
cycle=1523 time=1.4925766914340996e-01 dt=4.0350242858352306e-06
cycle=1524 time=1.4926170416769580e-01 dt=4.0257051539405105e-06
cycle=1525 time=1.4926572987284975e-01 dt=4.0171860050495533e-06
cycle=1526 time=1.4926974705885479e-01 dt=4.0092777132742098e-06
cycle=1527 time=1.4927375633656806e-01 dt=3.5253480423083479e-06
cycle=1528 time=1.4927728168461038e-01 dt=3.1947854110451719e-06
cycle=1529 time=1.4928047647002143e-01 dt=2.9871539828327822e-06
cycle=1530 time=1.4928346362400427e-01 dt=2.8529677248435955e-06
cycle=1531 time=1.4928631659172911e-01 dt=2.7639550039059285e-06
cycle=1532 time=1.4928908054673301e-01 dt=2.7021246170237823e-06
cycle=1533 time=1.4929178267135004e-01 dt=2.6564199172648353e-06
cycle=1534 time=1.4929443909126730e-01 dt=2.6202232289238202e-06
cycle=1535 time=1.4929705931449622e-01 dt=2.5895789669151745e-06
cycle=1536 time=1.4929964889346314e-01 dt=2.5621587894355567e-06
cycle=1537 time=1.4930221105225258e-01 dt=2.5366187776007516e-06
cycle=1538 time=1.4930474767103019e-01 dt=2.9486716854883186e-06
cycle=1539 time=1.4930769634271568e-01 dt=4.7999768707249212e-06
cycle=1540 time=1.4931249631958640e-01 dt=4.8851029063445317e-06
cycle=1541 time=1.4931738142249273e-01 dt=4.8942149605607652e-06
cycle=1542 time=1.4932227563745329e-01 dt=4.8448847201534278e-06
cycle=1543 time=1.4932712052217345e-01 dt=4.7550817808034429e-06
cycle=1544 time=1.4933187560395425e-01 dt=4.6414236804513886e-06
cycle=1545 time=1.4933651702763470e-01 dt=4.5171793781979144e-06
cycle=1546 time=1.4934103420701289e-01 dt=4.3928556531358606e-06
cycle=1547 time=1.4934542706266601e-01 dt=4.2762814734400777e-06
cycle=1548 time=1.4934970334413947e-01 dt=4.1709435591442576e-06
cycle=1549 time=1.4935387428769861e-01 dt=4.0794885494796251e-06
cycle=1550 time=1.4935795377624808e-01 dt=4.0045229904080023e-06
cycle=1551 time=1.4936195829923848e-01 dt=3.9476512470657604e-06
cycle=1552 time=1.4936590595048554e-01 dt=3.9064961572598122e-06
cycle=1553 time=1.4936981244664280e-01 dt=3.8798923133198882e-06
cycle=1554 time=1.4937369233895612e-01 dt=3.8650031997801611e-06
cycle=1555 time=1.4937755734215591e-01 dt=3.8597562792765412e-06
cycle=1556 time=1.4938141709843519e-01 dt=3.8638373256021531e-06
cycle=1557 time=1.4938528093576078e-01 dt=3.8759834562027466e-06
cycle=1558 time=1.4938915691921698e-01 dt=3.8917773632916350e-06
cycle=1559 time=1.4939304869658027e-01 dt=3.9035333303226886e-06
cycle=1560 time=1.4939695222991059e-01 dt=3.9180795252636593e-06
cycle=1561 time=1.4940087030943586e-01 dt=3.9374117659749095e-06
cycle=1562 time=1.4940480772120182e-01 dt=3.9617689904927727e-06
cycle=1563 time=1.4940876949019230e-01 dt=3.9909559092398014e-06
cycle=1564 time=1.4941276044610155e-01 dt=4.0251333260593649e-06
cycle=1565 time=1.4941678557942761e-01 dt=4.0679404160997421e-06
cycle=1566 time=1.4942085351984372e-01 dt=4.1145079945258695e-06
cycle=1567 time=1.4942496802783825e-01 dt=4.1267594521274572e-06
cycle=1568 time=1.4942909478729038e-01 dt=4.1404725427008174e-06
cycle=1569 time=1.4943323525983310e-01 dt=4.1606455747232102e-06
cycle=1570 time=1.4943739590540783e-01 dt=4.1882789759610909e-06
cycle=1571 time=1.4944158418438380e-01 dt=4.2224111176436824e-06
cycle=1572 time=1.4944580659550144e-01 dt=4.2632750484575185e-06
cycle=1573 time=1.4945006987054990e-01 dt=4.2456136995679588e-06
cycle=1574 time=1.4945431548424948e-01 dt=3.9821658437205409e-06
cycle=1575 time=1.4945829765009319e-01 dt=3.4287470714764917e-06
cycle=1576 time=1.4946172639716468e-01 dt=3.0742788814338015e-06
cycle=1577 time=1.4946480067604612e-01 dt=2.8536691566025507e-06
cycle=1578 time=1.4946765434520273e-01 dt=2.7132742949436011e-06
cycle=1579 time=1.4947036761949767e-01 dt=2.6235210516476670e-06
cycle=1580 time=1.4947299114054932e-01 dt=2.5640878194920695e-06
cycle=1581 time=1.4947555522836881e-01 dt=2.5226435112179341e-06
cycle=1582 time=1.4947807787188003e-01 dt=2.4916852853833316e-06
cycle=1583 time=1.4948056955716540e-01 dt=2.4666639014020906e-06
cycle=1584 time=1.4948303622106682e-01 dt=2.4448927861936825e-06
cycle=1585 time=1.4948548111385301e-01 dt=2.4248292590472945e-06
cycle=1586 time=1.4948790594311206e-01 dt=2.4055978705358364e-06
cycle=1587 time=1.4949031154098261e-01 dt=3.9348533939976168e-06
cycle=1588 time=1.4949424639437661e-01 dt=5.0118048666887357e-06
cycle=1589 time=1.4949925819924331e-01 dt=4.9601821318702713e-06
cycle=1590 time=1.4950421838137518e-01 dt=4.7744224211469961e-06
cycle=1591 time=1.4950899280379631e-01 dt=4.5099547456542640e-06
cycle=1592 time=1.4951350275854197e-01 dt=4.2177335282703610e-06
cycle=1593 time=1.4951772049207024e-01 dt=3.9390427974725462e-06
cycle=1594 time=1.4952165953486771e-01 dt=3.7047010699169295e-06
cycle=1595 time=1.4952536423593762e-01 dt=3.5125781416822408e-06
cycle=1596 time=1.4952887681407931e-01 dt=3.3645855936456645e-06
cycle=1597 time=1.4953224139967294e-01 dt=3.2708621185989399e-06
cycle=1598 time=1.4953551226179154e-01 dt=3.2193394083223185e-06
cycle=1599 time=1.4953873160119988e-01 dt=3.1952119190199049e-06
cycle=1600 time=1.4954192681311890e-01 dt=3.1867486184250580e-06
cycle=1601 time=1.4954511356173733e-01 dt=3.1864559042921116e-06
cycle=1602 time=1.4954830001764163e-01 dt=3.1906897630369582e-06
cycle=1603 time=1.4955149070740467e-01 dt=3.1965719694088457e-06
cycle=1604 time=1.4955468727937407e-01 dt=3.2025644003947428e-06
cycle=1605 time=1.4955788984377447e-01 dt=3.2074731156502949e-06
cycle=1606 time=1.4956109731689013e-01 dt=3.2115084495189865e-06
cycle=1607 time=1.4956430882533964e-01 dt=3.2144624346718473e-06
cycle=1608 time=1.4956752328777431e-01 dt=3.2157436306044017e-06
cycle=1609 time=1.4957073903140491e-01 dt=3.2159749721307311e-06
cycle=1610 time=1.4957395500637705e-01 dt=3.2148065250000029e-06
cycle=1611 time=1.4957716981290203e-01 dt=3.2119608731895009e-06
cycle=1612 time=1.4958038177377522e-01 dt=3.2073312294102637e-06
cycle=1613 time=1.4958358910500463e-01 dt=3.2009755143127202e-06
cycle=1614 time=1.4958679008051895e-01 dt=3.1930809003060675e-06
cycle=1615 time=1.4958998316141925e-01 dt=3.1839230100169686e-06
cycle=1616 time=1.4959316708442927e-01 dt=3.1738272513058389e-06
cycle=1617 time=1.4959634091168059e-01 dt=3.1631345139176454e-06
cycle=1618 time=1.4959950404619451e-01 dt=3.1521704359326122e-06
cycle=1619 time=1.4960265621663044e-01 dt=3.1412228658003609e-06
cycle=1620 time=1.4960579743949623e-01 dt=3.1305269359437395e-06
cycle=1621 time=1.4960892796643219e-01 dt=3.1202867400001370e-06
cycle=1622 time=1.4961204825317218e-01 dt=3.1104591161175733e-06
cycle=1623 time=1.4961515871228828e-01 dt=3.1011017933467307e-06
cycle=1624 time=1.4961825981408164e-01 dt=3.0922545495025665e-06
cycle=1625 time=1.4962135206863114e-01 dt=3.0839103163780922e-06
cycle=1626 time=1.4962443597894751e-01 dt=3.0760326039019623e-06
cycle=1627 time=1.4962751201155142e-01 dt=3.0685674927893351e-06
cycle=1628 time=1.4963058057904421e-01 dt=3.0614534215565432e-06
cycle=1629 time=1.4963364203246576e-01 dt=3.0546289239300989e-06
cycle=1630 time=1.4963669666138971e-01 dt=3.0480368148867006e-06
cycle=1631 time=1.4963974469820460e-01 dt=3.0416284350653564e-06
cycle=1632 time=1.4964278632663966e-01 dt=3.0353648860664854e-06
cycle=1633 time=1.4964582169152574e-01 dt=3.0289159405636591e-06
cycle=1634 time=1.4964885060746630e-01 dt=3.0224020127525335e-06
cycle=1635 time=1.4965187300947905e-01 dt=3.0159264677011012e-06
cycle=1636 time=1.4965488893594675e-01 dt=3.0095674132375748e-06
cycle=1637 time=1.4965789850335998e-01 dt=3.0033796109908916e-06
cycle=1638 time=1.4966090188297096e-01 dt=2.9973927340687511e-06
cycle=1639 time=1.4966389927570503e-01 dt=2.9916187441257540e-06
cycle=1640 time=1.4966689089444915e-01 dt=2.9860562646131742e-06
cycle=1641 time=1.4966987695071376e-01 dt=2.9806865125849511e-06
cycle=1642 time=1.4967285763722635e-01 dt=2.9754897283117582e-06
cycle=1643 time=1.4967583312695465e-01 dt=2.9704529080418189e-06
cycle=1644 time=1.4967880357986268e-01 dt=2.9655617592536528e-06
cycle=1645 time=1.4968176914162193e-01 dt=2.9608024184015192e-06
cycle=1646 time=1.4968472994404033e-01 dt=2.9561625727462398e-06
cycle=1647 time=1.4968768610661309e-01 dt=2.9516315189812170e-06
cycle=1648 time=1.4969063773813207e-01 dt=2.9470005699225728e-06
cycle=1649 time=1.4969358473870201e-01 dt=2.9422610971539732e-06
cycle=1650 time=1.4969652699979916e-01 dt=2.9373186353182559e-06
cycle=1651 time=1.4969946431843448e-01 dt=2.9321948263674892e-06
cycle=1652 time=1.4970239651326084e-01 dt=2.9269741922592142e-06
cycle=1653 time=1.4970532348745311e-01 dt=2.9217577723540037e-06
cycle=1654 time=1.4970824524522547e-01 dt=2.9166420008860808e-06
cycle=1655 time=1.4971116188722636e-01 dt=2.9117070989670839e-06
cycle=1656 time=1.4971407359432531e-01 dt=2.9070116436175055e-06
cycle=1657 time=1.4971698060596894e-01 dt=2.9025909614141696e-06
cycle=1658 time=1.4971988319693036e-01 dt=2.8984590342515613e-06
cycle=1659 time=1.4972278165596462e-01 dt=2.8946126070612124e-06
cycle=1660 time=1.4972567626857167e-01 dt=2.8910359484918431e-06
cycle=1661 time=1.4972856730452017e-01 dt=2.8877053758062229e-06
cycle=1662 time=1.4973145500989596e-01 dt=2.8845934443913684e-06
cycle=1663 time=1.4973433960334034e-01 dt=2.8816722601649622e-06
cycle=1664 time=1.4973722127560052e-01 dt=2.8789160020882290e-06
cycle=1665 time=1.4974010019160261e-01 dt=2.8763025524159155e-06
cycle=1666 time=1.4974297649415502e-01 dt=2.8738139099510404e-06
cycle=1667 time=1.4974585030806498e-01 dt=2.8714365868319097e-06
cycle=1668 time=1.4974872174465181e-01 dt=2.8691614334824850e-06
cycle=1669 time=1.4975159090608531e-01 dt=2.8669829589755647e-06
cycle=1670 time=1.4975445788904429e-01 dt=2.8648985579664892e-06
cycle=1671 time=1.4975732278760226e-01 dt=2.8629076348186769e-06
cycle=1672 time=1.4976018569523708e-01 dt=2.8610107764754539e-06
cycle=1673 time=1.4976304670601356e-01 dt=2.8592090160582354e-06
cycle=1674 time=1.4976590591502961e-01 dt=2.8575033676834334e-06
cycle=1675 time=1.4976876341839729e-01 dt=2.8558937976891916e-06
cycle=1676 time=1.4977161931219499e-01 dt=2.8544397907330827e-06
cycle=1677 time=1.4977447375198571e-01 dt=2.8530852022975929e-06
cycle=1678 time=1.4977732683718800e-01 dt=2.8518802615730221e-06
cycle=1679 time=1.4978017871744959e-01 dt=2.8500858014894725e-06
cycle=1680 time=1.4978302880325106e-01 dt=2.8474871547170448e-06
cycle=1681 time=1.4978587629040577e-01 dt=2.8445961933841569e-06
cycle=1682 time=1.4978872088659914e-01 dt=2.8417803343811230e-06
cycle=1683 time=1.4979156266693353e-01 dt=2.8393087129203131e-06
cycle=1684 time=1.4979440197564645e-01 dt=2.8393279871454708e-06
cycle=1685 time=1.4979724130363359e-01 dt=2.8411330523653832e-06
cycle=1686 time=1.4980008243668597e-01 dt=2.8440785740064006e-06
cycle=1687 time=1.4980292651525998e-01 dt=2.8476201453247098e-06
cycle=1688 time=1.4980577413540530e-01 dt=2.8512632263961132e-06
cycle=1689 time=1.4980862539863168e-01 dt=2.8548027060611143e-06
cycle=1690 time=1.4981148020133775e-01 dt=2.8580765068056019e-06
cycle=1691 time=1.4981433827784454e-01 dt=2.8610133998358113e-06
cycle=1692 time=1.4981719929124437e-01 dt=2.8636564528707437e-06
cycle=1693 time=1.4982006294769726e-01 dt=2.8659906067641844e-06
cycle=1694 time=1.4982292893830401e-01 dt=2.8680172046782265e-06
cycle=1695 time=1.4982579695550868e-01 dt=2.8696340239783831e-06
cycle=1696 time=1.4982866658953267e-01 dt=2.8709657919159211e-06
cycle=1697 time=1.4983153755532458e-01 dt=2.8720672747597810e-06
cycle=1698 time=1.4983440962259933e-01 dt=2.8729941577423148e-06
cycle=1699 time=1.4983728261675708e-01 dt=2.8738020503397478e-06
cycle=1700 time=1.4984015641880741e-01 dt=2.8745390741727962e-06
cycle=1701 time=1.4984303095788157e-01 dt=2.8752467869726493e-06
cycle=1702 time=1.4984590620466853e-01 dt=2.8759612618658312e-06
cycle=1703 time=1.4984878216593039e-01 dt=2.8767133694738447e-06
cycle=1704 time=1.4985165887929988e-01 dt=2.8775314097628166e-06
cycle=1705 time=1.4985453641070964e-01 dt=2.8784425935804624e-06
cycle=1706 time=1.4985741485330323e-01 dt=2.8794432141353692e-06
cycle=1707 time=1.4986029429651737e-01 dt=2.8805280175030208e-06
cycle=1708 time=1.4986317482453487e-01 dt=2.8816913955280841e-06
cycle=1709 time=1.4986605651593041e-01 dt=2.8829281680652868e-06
cycle=1710 time=1.4986893944409846e-01 dt=2.8842342414198372e-06
cycle=1711 time=1.4987182367833987e-01 dt=2.8856099044824529e-06
cycle=1712 time=1.4987470928824437e-01 dt=2.8870571240222005e-06
cycle=1713 time=1.4987759634536840e-01 dt=2.8885775511120546e-06
cycle=1714 time=1.4988048492291953e-01 dt=2.6946542729878805e-06
cycle=1715 time=1.4988317957719252e-01 dt=2.5129156792134954e-06
cycle=1716 time=1.4988569249287173e-01 dt=2.3880076712868962e-06
cycle=1717 time=1.4988808050054303e-01 dt=2.7158294365789025e-06
cycle=1718 time=1.4989079632997962e-01 dt=3.0704660286373750e-06
cycle=1719 time=1.4989386679600825e-01 dt=3.0903403329072130e-06
cycle=1720 time=1.4989695713634116e-01 dt=3.0910371203406141e-06
cycle=1721 time=1.4990004817346150e-01 dt=3.0766671287830077e-06
cycle=1722 time=1.4990312484059029e-01 dt=3.0517321316074545e-06
cycle=1723 time=1.4990617657272190e-01 dt=3.0215353784907590e-06
cycle=1724 time=1.4990919810810038e-01 dt=2.9920021568342831e-06
cycle=1725 time=1.4991219011025722e-01 dt=2.9648938599815278e-06
cycle=1726 time=1.4991515500411720e-01 dt=2.9411842402036423e-06
cycle=1727 time=1.4991809618835741e-01 dt=2.9218803489224627e-06
cycle=1728 time=1.4992101806870634e-01 dt=2.9078495663079269e-06
cycle=1729 time=1.4992392591827264e-01 dt=2.8993750340294395e-06
cycle=1730 time=1.4992682529330667e-01 dt=2.8960308577219320e-06
cycle=1731 time=1.4992972132416441e-01 dt=2.8970090303521517e-06
cycle=1732 time=1.4993261833319477e-01 dt=2.9013334917992231e-06
cycle=1733 time=1.4993551966668656e-01 dt=2.9079643920470831e-06
cycle=1734 time=1.4993842763107859e-01 dt=2.9159388129001623e-06
cycle=1735 time=1.4994134356989150e-01 dt=2.9244529977820229e-06
cycle=1736 time=1.4994426802288929e-01 dt=2.9328840051705672e-06
cycle=1737 time=1.4994720090689445e-01 dt=2.9407868608055123e-06
cycle=1738 time=1.4995014169375526e-01 dt=2.9478809165237459e-06
cycle=1739 time=1.4995308957467179e-01 dt=2.9540279499884884e-06
cycle=1740 time=1.4995604360262177e-01 dt=2.9592071892294440e-06
cycle=1741 time=1.4995900280981100e-01 dt=2.9634820630120363e-06
cycle=1742 time=1.4996196629187403e-01 dt=2.9669771991260526e-06
cycle=1743 time=1.4996493326907315e-01 dt=2.9698609240295164e-06
cycle=1744 time=1.4996790312999717e-01 dt=2.9723182514722714e-06
cycle=1745 time=1.4997087544824864e-01 dt=2.9745272535026824e-06
cycle=1746 time=1.4997384997550214e-01 dt=2.9766405963355118e-06
cycle=1747 time=1.4997682661609849e-01 dt=2.9787665880893659e-06
cycle=1748 time=1.4997980538268657e-01 dt=2.9810208713237050e-06
cycle=1749 time=1.4998278640355789e-01 dt=2.9834843500615519e-06
cycle=1750 time=1.4998576988790796e-01 dt=2.9862040629397229e-06
cycle=1751 time=1.4998875609197090e-01 dt=2.9891958250242303e-06
cycle=1752 time=1.4999174528779594e-01 dt=2.9924595595797264e-06
cycle=1753 time=1.4999473774735553e-01 dt=2.9959807715847839e-06
cycle=1754 time=1.4999773372812711e-01 dt=2.9997307896817476e-06
cycle=1755 time=1.5000073345891679e-01 dt=3.0036730028616699e-06
cycle=1756 time=1.5000373713191964e-01 dt=3.0077677813547613e-06
cycle=1757 time=1.5000674489970101e-01 dt=3.0119793071052448e-06
cycle=1758 time=1.5000975687900811e-01 dt=3.0162755578258165e-06
cycle=1759 time=1.5001277315456593e-01 dt=3.0206315949091984e-06
cycle=1760 time=1.5001579378616084e-01 dt=3.0250342030653591e-06
cycle=1761 time=1.5001881882036391e-01 dt=3.0294732387076838e-06
cycle=1762 time=1.5002184829360263e-01 dt=3.0339461961039396e-06
cycle=1763 time=1.5002488223979873e-01 dt=3.0384538660818530e-06
cycle=1764 time=1.5002792069366483e-01 dt=3.0429992748912824e-06
cycle=1765 time=1.5003096369293972e-01 dt=3.0475866180750274e-06
cycle=1766 time=1.5003401127955779e-01 dt=3.0522202672159270e-06
cycle=1767 time=1.5003706349982501e-01 dt=2.9356361268220898e-06
cycle=1768 time=1.5003999913595184e-01 dt=2.6625517902805055e-06
cycle=1769 time=1.5004266168774211e-01 dt=2.4883549226884717e-06
cycle=1770 time=1.5004515004266480e-01 dt=2.3684263960836802e-06
cycle=1771 time=1.5004751846906089e-01 dt=2.2856332638596332e-06
cycle=1772 time=1.5004980410232474e-01 dt=2.2275439313262090e-06
cycle=1773 time=1.5005203164625608e-01 dt=2.6991144281580423e-06
cycle=1774 time=1.5005473076068424e-01 dt=3.6293867655933285e-06
cycle=1775 time=1.5005836014744983e-01 dt=3.6917907312697265e-06
cycle=1776 time=1.5006205193818109e-01 dt=3.6810907131756533e-06
cycle=1777 time=1.5006573302889425e-01 dt=3.6188057368447015e-06
cycle=1778 time=1.5006935183463110e-01 dt=3.5276138408234085e-06
cycle=1779 time=1.5007287944847192e-01 dt=3.4268756775468148e-06
cycle=1780 time=1.5007630632414948e-01 dt=3.3325777405788680e-06
cycle=1781 time=1.5007963890189005e-01 dt=3.2482352253131416e-06
cycle=1782 time=1.5008288713711537e-01 dt=3.1768977695492309e-06
cycle=1783 time=1.5008606403488492e-01 dt=3.1225669024213277e-06
cycle=1784 time=1.5008918660178733e-01 dt=3.0876794370269170e-06
cycle=1785 time=1.5009227428122435e-01 dt=3.0713596070360544e-06
cycle=1786 time=1.5009534564083138e-01 dt=3.0699291432600814e-06
cycle=1787 time=1.5009841556997464e-01 dt=3.0792572875500192e-06
cycle=1788 time=1.5010149482726218e-01 dt=3.0961673984026699e-06
cycle=1789 time=1.5010459099466059e-01 dt=3.1177114876789152e-06
cycle=1790 time=1.5010770870614826e-01 dt=3.1410002578004047e-06
cycle=1791 time=1.5011084970640606e-01 dt=3.1640904161806796e-06
cycle=1792 time=1.5011401379682224e-01 dt=3.1856500494870535e-06
cycle=1793 time=1.5011719944687171e-01 dt=3.2048054018869623e-06
cycle=1794 time=1.5012040425227360e-01 dt=3.2210908741652554e-06
cycle=1795 time=1.5012362534314777e-01 dt=3.2344451563188590e-06
cycle=1796 time=1.5012685978830409e-01 dt=3.2450331484557679e-06
cycle=1797 time=1.5013010482145256e-01 dt=3.2532368865443819e-06
cycle=1798 time=1.5013335805833911e-01 dt=3.2595792714027264e-06
cycle=1799 time=1.5013661763761052e-01 dt=3.2646461847978363e-06
cycle=1800 time=1.5013988228379532e-01 dt=3.2690189982960948e-06
cycle=1801 time=1.5014315130279363e-01 dt=3.2732209096356506e-06
cycle=1802 time=1.5014642452370325e-01 dt=3.2776800527862071e-06
cycle=1803 time=1.5014970220375604e-01 dt=3.2827090550500002e-06
cycle=1804 time=1.5015298491281109e-01 dt=3.2885026834111663e-06
cycle=1805 time=1.5015627341549451e-01 dt=3.2951473173926464e-06
cycle=1806 time=1.5015956856281190e-01 dt=3.2749246473038637e-06
cycle=1807 time=1.5016284348745920e-01 dt=3.2471759507172101e-06
cycle=1808 time=1.5016609066340991e-01 dt=3.2215675848919633e-06
cycle=1809 time=1.5016931223099481e-01 dt=3.1989014478759640e-06
cycle=1810 time=1.5017251113244268e-01 dt=3.1789802260021481e-06
cycle=1811 time=1.5017569011266868e-01 dt=3.1627657927889900e-06
cycle=1812 time=1.5017885287846147e-01 dt=3.1509963219071914e-06
cycle=1813 time=1.5018200387478337e-01 dt=3.1440637067460615e-06
cycle=1814 time=1.5018514793849011e-01 dt=3.1421837523448734e-06
cycle=1815 time=1.5018829012224247e-01 dt=3.1452266157369806e-06
cycle=1816 time=1.5019143534885820e-01 dt=2.8123300251671803e-06
cycle=1817 time=1.5019424767888337e-01 dt=2.5428497910697255e-06
cycle=1818 time=1.5019679052867443e-01 dt=2.3720059477804756e-06
cycle=1819 time=1.5019916253462220e-01 dt=2.2572541059610214e-06
cycle=1820 time=1.5020141978872817e-01 dt=2.1813915602698760e-06
cycle=1821 time=1.5020360118028844e-01 dt=2.1315977328594177e-06
cycle=1822 time=1.5020573277802129e-01 dt=2.0972548614968698e-06
cycle=1823 time=1.5020783003288279e-01 dt=2.0723027475023680e-06
cycle=1824 time=1.5020990233563031e-01 dt=2.0533630027703785e-06
cycle=1825 time=1.5021195569863308e-01 dt=2.0382406470447983e-06
cycle=1826 time=1.5021399393928012e-01 dt=2.6092373907458890e-06
cycle=1827 time=1.5021660317667085e-01 dt=4.3331704800224734e-06
cycle=1828 time=1.5022093634715086e-01 dt=4.4627843202737277e-06
cycle=1829 time=1.5022539913147115e-01 dt=4.4941461666922036e-06
cycle=1830 time=1.5022989327763783e-01 dt=4.4356575140476231e-06
cycle=1831 time=1.5023432893515187e-01 dt=4.3038690609913864e-06
cycle=1832 time=1.5023863280421287e-01 dt=4.1213028127956920e-06
cycle=1833 time=1.5024275410702567e-01 dt=3.9134238736321663e-06
cycle=1834 time=1.5024666753089930e-01 dt=3.7043338564051132e-06
cycle=1835 time=1.5025037186475571e-01 dt=3.5192233931710513e-06
cycle=1836 time=1.5025389108814888e-01 dt=3.3675124357942152e-06
cycle=1837 time=1.5025725860058467e-01 dt=3.2593660279426877e-06
cycle=1838 time=1.5026051796661261e-01 dt=3.1968853894102690e-06
cycle=1839 time=1.5026371485200202e-01 dt=3.1697585193825477e-06
cycle=1840 time=1.5026688461052140e-01 dt=3.1687620254443995e-06
cycle=1841 time=1.5027005337254684e-01 dt=3.1859958716710331e-06
cycle=1842 time=1.5027323936841852e-01 dt=3.2152591385503996e-06
cycle=1843 time=1.5027645462755707e-01 dt=3.2522766299788639e-06
cycle=1844 time=1.5027970690418704e-01 dt=3.2971095293296046e-06
cycle=1845 time=1.5028300401371639e-01 dt=3.3513574911869218e-06
cycle=1846 time=1.5028635537120758e-01 dt=3.4127351147481173e-06
cycle=1847 time=1.5028976810632233e-01 dt=3.4757084867878263e-06
cycle=1848 time=1.5029324381480913e-01 dt=3.5363646388279819e-06
cycle=1849 time=1.5029678017944795e-01 dt=3.5918572500489208e-06
cycle=1850 time=1.5030037203669799e-01 dt=3.6409469861412120e-06
cycle=1851 time=1.5030401298368412e-01 dt=3.6831124182880491e-06
cycle=1852 time=1.5030769609610242e-01 dt=3.7185080840675485e-06
cycle=1853 time=1.5031141460418648e-01 dt=3.7478709697707087e-06
cycle=1854 time=1.5031516247515625e-01 dt=3.7723668938158720e-06
cycle=1855 time=1.5031893484205006e-01 dt=3.7934174642180786e-06
cycle=1856 time=1.5032272825951429e-01 dt=3.8125411693540137e-06
cycle=1857 time=1.5032654080068364e-01 dt=3.8311740137789581e-06
cycle=1858 time=1.5033037197469742e-01 dt=3.8505511298733614e-06
cycle=1859 time=1.5033422252582729e-01 dt=3.8719050278830275e-06
cycle=1860 time=1.5033809443085516e-01 dt=3.8957753276370382e-06
cycle=1861 time=1.5034199020618280e-01 dt=3.8934543482014499e-06
cycle=1862 time=1.5034588366053100e-01 dt=3.7896200942077543e-06
cycle=1863 time=1.5034967328062521e-01 dt=3.6919487435204099e-06
cycle=1864 time=1.5035336522936874e-01 dt=3.6050290170492744e-06
cycle=1865 time=1.5035697025838579e-01 dt=3.5319434810189135e-06
cycle=1866 time=1.5036050220186681e-01 dt=3.4715002267602522e-06
cycle=1867 time=1.5036397370209356e-01 dt=3.4243585691219390e-06
cycle=1868 time=1.5036739806066268e-01 dt=3.3893958003410473e-06
cycle=1869 time=1.5037078745646301e-01 dt=3.3643545029944635e-06
cycle=1870 time=1.5037415181096600e-01 dt=3.3462606152974627e-06
cycle=1871 time=1.5037749807158129e-01 dt=3.0188488181379013e-06
cycle=1872 time=1.5038051692039944e-01 dt=2.6694541437983665e-06
cycle=1873 time=1.5038318637454323e-01 dt=2.4444996621343067e-06
cycle=1874 time=1.5038563087420537e-01 dt=2.3004314010932756e-06
cycle=1875 time=1.5038793130560646e-01 dt=2.2083005920634005e-06
cycle=1876 time=1.5039013960619851e-01 dt=2.1494743741600155e-06
cycle=1877 time=1.5039228908057267e-01 dt=2.1116874902789785e-06
cycle=1878 time=1.5039440076806296e-01 dt=2.0847793762865712e-06
cycle=1879 time=1.5039648554743926e-01 dt=2.0640303763991894e-06
cycle=1880 time=1.5039854957781565e-01 dt=2.0489320192812257e-06
cycle=1881 time=1.5040059850983492e-01 dt=2.0373431365759745e-06
cycle=1882 time=1.5040263585297151e-01 dt=2.0273285016432444e-06
cycle=1883 time=1.5040466318147314e-01 dt=2.0178086848409590e-06
cycle=1884 time=1.5040668099015797e-01 dt=2.0086350459338510e-06
cycle=1885 time=1.5040868962520390e-01 dt=1.9996771502927342e-06
cycle=1886 time=1.5041068930235418e-01 dt=1.9908211209776700e-06
cycle=1887 time=1.5041268012347517e-01 dt=3.1731385787615344e-06
cycle=1888 time=1.5041585326205392e-01 dt=4.5985299194687420e-06
cycle=1889 time=1.5042045179197339e-01 dt=4.6536983833460144e-06
cycle=1890 time=1.5042510549035673e-01 dt=4.6156917458639090e-06
cycle=1891 time=1.5042972118210260e-01 dt=4.5058650801092900e-06
cycle=1892 time=1.5043422704718271e-01 dt=4.3470248956347337e-06
cycle=1893 time=1.5043857407207833e-01 dt=4.1602417058324415e-06
cycle=1894 time=1.5044273431378416e-01 dt=3.9638531825736692e-06
cycle=1895 time=1.5044669816696674e-01 dt=3.7729289780262392e-06
cycle=1896 time=1.5045047109594475e-01 dt=3.5988835019021419e-06
cycle=1897 time=1.5045406997944666e-01 dt=3.4497065503583411e-06
cycle=1898 time=1.5045751968599702e-01 dt=3.3272878439437903e-06
cycle=1899 time=1.5046084697384096e-01 dt=3.2387819217139740e-06
cycle=1900 time=1.5046408575576267e-01 dt=3.1782589591245007e-06
cycle=1901 time=1.5046726401472180e-01 dt=3.1380813452775973e-06
cycle=1902 time=1.5047040209606707e-01 dt=3.1125649946961704e-06
cycle=1903 time=1.5047351466106176e-01 dt=3.0977929939589791e-06
cycle=1904 time=1.5047661245405572e-01 dt=3.0910373252948258e-06
cycle=1905 time=1.5047970349138101e-01 dt=3.0897526056402048e-06
cycle=1906 time=1.5048279324398664e-01 dt=3.0918812031474499e-06
cycle=1907 time=1.5048588512518979e-01 dt=3.0963733213095721e-06
cycle=1908 time=1.5048898149851109e-01 dt=3.1028321631130413e-06
cycle=1909 time=1.5049208433067421e-01 dt=3.1109710262872014e-06
cycle=1910 time=1.5049519530170050e-01 dt=3.1203306402298820e-06
cycle=1911 time=1.5049831563234073e-01 dt=3.1310488491663579e-06
cycle=1912 time=1.5050144668118989e-01 dt=3.1439947581041475e-06
cycle=1913 time=1.5050459067594799e-01 dt=3.1585014385878161e-06
cycle=1914 time=1.5050774917738657e-01 dt=3.1741039893435538e-06
cycle=1915 time=1.5051092328137591e-01 dt=3.1900081246626451e-06
cycle=1916 time=1.5051411328950057e-01 dt=3.2055538239262235e-06
cycle=1917 time=1.5051731884332450e-01 dt=3.2202280114541627e-06
cycle=1918 time=1.5052053907133595e-01 dt=3.2336724431469803e-06
cycle=1919 time=1.5052377274377909e-01 dt=3.2457069791701860e-06
cycle=1920 time=1.5052701845075828e-01 dt=3.2562422673597149e-06
cycle=1921 time=1.5053027469302563e-01 dt=3.2653045298112607e-06
cycle=1922 time=1.5053353999755545e-01 dt=3.2730073772974388e-06
cycle=1923 time=1.5053681300493274e-01 dt=3.2795259543338454e-06
cycle=1924 time=1.5054009253088707e-01 dt=3.2850812525241718e-06
cycle=1925 time=1.5054337761213960e-01 dt=3.2792398808839874e-06
cycle=1926 time=1.5054665685202048e-01 dt=3.2704480860462478e-06
cycle=1927 time=1.5054992730010652e-01 dt=3.2618072212794820e-06
cycle=1928 time=1.5055318910732779e-01 dt=3.2539601082740616e-06
cycle=1929 time=1.5055644306743607e-01 dt=3.2473643394268863e-06
cycle=1930 time=1.5055969043177550e-01 dt=3.2423148867276545e-06
cycle=1931 time=1.5056293274666221e-01 dt=3.2389649600046733e-06
cycle=1932 time=1.5056617171162223e-01 dt=3.2373854240817575e-06
cycle=1933 time=1.5056940909704630e-01 dt=3.2375748975274898e-06
cycle=1934 time=1.5057264667194384e-01 dt=3.2394444903926388e-06
cycle=1935 time=1.5057588611643424e-01 dt=3.2428596410146883e-06
cycle=1936 time=1.5057912897607525e-01 dt=2.9122293150817696e-06
cycle=1937 time=1.5058204120539034e-01 dt=2.5983881402461746e-06
cycle=1938 time=1.5058463959353058e-01 dt=2.3932461807676080e-06
cycle=1939 time=1.5058703283971134e-01 dt=2.2650446297983933e-06
cycle=1940 time=1.5058929788434114e-01 dt=2.1837429182366186e-06
cycle=1941 time=1.5059148162725938e-01 dt=2.1304852996703583e-06
cycle=1942 time=1.5059361211255906e-01 dt=2.0933964777014195e-06
cycle=1943 time=1.5059570550903675e-01 dt=2.0668006057690519e-06
cycle=1944 time=1.5059777230964252e-01 dt=2.0470576718996410e-06
cycle=1945 time=1.5059981936731442e-01 dt=2.0316878151609298e-06
cycle=1946 time=1.5060185105512958e-01 dt=2.0191178889780985e-06
cycle=1947 time=1.5060387017301854e-01 dt=2.0084505143236451e-06
cycle=1948 time=1.5060587862353286e-01 dt=2.0004001293253389e-06
cycle=1949 time=1.5060787902366218e-01 dt=1.9945496336149765e-06
cycle=1950 time=1.5060987357329580e-01 dt=1.9886074937323395e-06
cycle=1951 time=1.5061186218078954e-01 dt=1.9818539163604029e-06
cycle=1952 time=1.5061384403470590e-01 dt=2.0093939869507760e-06
cycle=1953 time=1.5061585342869285e-01 dt=3.8418656413935559e-06
cycle=1954 time=1.5061969529433425e-01 dt=4.8634226838576786e-06
cycle=1955 time=1.5062455871701810e-01 dt=4.8423407262491733e-06
cycle=1956 time=1.5062940105774436e-01 dt=4.7335541329763841e-06
cycle=1957 time=1.5063413461187733e-01 dt=4.5598467398542634e-06
cycle=1958 time=1.5063869445861719e-01 dt=4.3487976104770093e-06
cycle=1959 time=1.5064304325622765e-01 dt=4.1217565669327216e-06
cycle=1960 time=1.5064716501279460e-01 dt=3.8964086504038826e-06
cycle=1961 time=1.5065106142144499e-01 dt=3.6861175289858411e-06
cycle=1962 time=1.5065474753897398e-01 dt=3.5012587833466016e-06
cycle=1963 time=1.5065824879775733e-01 dt=3.3470947658297108e-06
cycle=1964 time=1.5066159589252315e-01 dt=3.2082521265607901e-06
cycle=1965 time=1.5066480414464972e-01 dt=3.0981380551675305e-06
cycle=1966 time=1.5066790228270488e-01 dt=3.0203150218542339e-06
cycle=1967 time=1.5067092259772674e-01 dt=2.9649914886980589e-06
cycle=1968 time=1.5067388758921543e-01 dt=2.9235699348058229e-06
cycle=1969 time=1.5067681115915024e-01 dt=2.8885781078582270e-06
cycle=1970 time=1.5067969973725809e-01 dt=2.8600075453664064e-06
cycle=1971 time=1.5068255974480346e-01 dt=2.8387513876586615e-06
cycle=1972 time=1.5068539849619111e-01 dt=2.8236973444936083e-06
cycle=1973 time=1.5068822219353561e-01 dt=2.8138541848756369e-06
cycle=1974 time=1.5069103604772049e-01 dt=2.8083238035058933e-06
cycle=1975 time=1.5069384437152400e-01 dt=2.8063367830593476e-06
cycle=1976 time=1.5069665070830707e-01 dt=2.8072654704964639e-06
cycle=1977 time=1.5069945797377757e-01 dt=2.8106316373478050e-06
cycle=1978 time=1.5070226860541491e-01 dt=2.8160045588184016e-06
cycle=1979 time=1.5070508460997373e-01 dt=2.8229584485118632e-06
cycle=1980 time=1.5070790756842223e-01 dt=2.8317188488163184e-06
cycle=1981 time=1.5071073928727105e-01 dt=2.8422675355718196e-06
cycle=1982 time=1.5071358155480663e-01 dt=2.8541509869618923e-06
cycle=1983 time=1.5071643570579360e-01 dt=2.8670666206263644e-06
cycle=1984 time=1.5071930277241422e-01 dt=2.8818722457126341e-06
cycle=1985 time=1.5072218464465992e-01 dt=2.8985951892156464e-06
cycle=1986 time=1.5072508323984912e-01 dt=2.9137120496635657e-06
cycle=1987 time=1.5072799695189878e-01 dt=2.9245688213476721e-06
cycle=1988 time=1.5073092152072012e-01 dt=2.9307621432893168e-06
cycle=1989 time=1.5073385228286340e-01 dt=2.9327141644815548e-06
cycle=1990 time=1.5073678499702789e-01 dt=2.9309041973694546e-06
cycle=1991 time=1.5073971590122526e-01 dt=2.9259316595666502e-06
cycle=1992 time=1.5074264183288483e-01 dt=2.9183434113266584e-06
cycle=1993 time=1.5074556017629615e-01 dt=2.9086549546442762e-06
cycle=1994 time=1.5074846883125079e-01 dt=2.8974331349074244e-06
cycle=1995 time=1.5075136626438571e-01 dt=2.8852151289356031e-06
cycle=1996 time=1.5075425147951463e-01 dt=2.8724631264869291e-06
cycle=1997 time=1.5075712394264112e-01 dt=2.8595577281166907e-06
cycle=1998 time=1.5075998350036923e-01 dt=2.8468054055762776e-06
cycle=1999 time=1.5076283030577481e-01 dt=2.8344286228718588e-06
cycle=2000 time=1.5076566473439768e-01 dt=2.8225744856517457e-06
cycle=2001 time=1.5076848730888331e-01 dt=2.8114124393101003e-06
cycle=2002 time=1.5077129872132261e-01 dt=2.8010333569507325e-06
cycle=2003 time=1.5077409975467956e-01 dt=2.6807391312268216e-06
cycle=2004 time=1.5077678049381080e-01 dt=2.4009195006082232e-06
cycle=2005 time=1.5077918141331140e-01 dt=2.2226641362995340e-06
cycle=2006 time=1.5078140407744769e-01 dt=2.1075793674589612e-06
cycle=2007 time=1.5078351165681517e-01 dt=2.0306933879386558e-06
cycle=2008 time=1.5078554235020311e-01 dt=1.9789523848157500e-06
cycle=2009 time=1.5078752130258793e-01 dt=1.9439883096779840e-06
cycle=2010 time=1.5078946529089762e-01 dt=1.9194971249737975e-06
cycle=2011 time=1.5079138478802259e-01 dt=1.9015371996496818e-06
cycle=2012 time=1.5079328632522224e-01 dt=1.8876753966878349e-06
cycle=2013 time=1.5079517400061893e-01 dt=1.8764040834104129e-06
cycle=2014 time=1.5079705040470234e-01 dt=1.8667193625026518e-06
cycle=2015 time=1.5079891712406485e-01 dt=1.8579834249698530e-06
cycle=2016 time=1.5080077510748982e-01 dt=1.8497925107246072e-06
cycle=2017 time=1.5080262490000054e-01 dt=1.8420563606267559e-06
cycle=2018 time=1.5080446695636118e-01 dt=1.8348856641005925e-06
cycle=2019 time=1.5080630184202529e-01 dt=2.3944556298339691e-06
cycle=2020 time=1.5080869629765511e-01 dt=3.5443826589763345e-06
cycle=2021 time=1.5081224068031410e-01 dt=3.6195436191683137e-06
cycle=2022 time=1.5081586022393326e-01 dt=3.6416526783251491e-06
cycle=2023 time=1.5081950187661158e-01 dt=3.6192911233978047e-06
cycle=2024 time=1.5082312116773497e-01 dt=3.5620111049497687e-06
cycle=2025 time=1.5082668317883993e-01 dt=3.4795863712290800e-06
cycle=2026 time=1.5083016276521116e-01 dt=3.3814243424250720e-06
cycle=2027 time=1.5083354418955358e-01 dt=3.2761406435127586e-06
cycle=2028 time=1.5083682033019710e-01 dt=3.1711900548599247e-06
cycle=2029 time=1.5083999152025196e-01 dt=3.0744131749536539e-06
cycle=2030 time=1.5084306593342692e-01 dt=2.9884651811750149e-06
cycle=2031 time=1.5084605439860810e-01 dt=2.9150778565060403e-06
cycle=2032 time=1.5084896947646462e-01 dt=2.8558517749751423e-06
cycle=2033 time=1.5085182532823960e-01 dt=2.8114304679088744e-06
cycle=2034 time=1.5085463675870750e-01 dt=2.7812073054128823e-06
cycle=2035 time=1.5085741796601290e-01 dt=2.7638353404427632e-06
cycle=2036 time=1.5086018180135335e-01 dt=2.7575876201560434e-06
cycle=2037 time=1.5086293938897352e-01 dt=2.7609246337711905e-06
cycle=2038 time=1.5086570031360730e-01 dt=2.7724820726680904e-06
cycle=2039 time=1.5086847279567997e-01 dt=2.7908741941781086e-06
cycle=2040 time=1.5087126366987416e-01 dt=2.8147976646111696e-06
cycle=2041 time=1.5087407846753878e-01 dt=2.8430316720943441e-06
cycle=2042 time=1.5087692149921086e-01 dt=2.8746104237979374e-06
cycle=2043 time=1.5087979610963467e-01 dt=2.9087193199196568e-06
cycle=2044 time=1.5088270482895461e-01 dt=2.9446898919442916e-06
cycle=2045 time=1.5088564951884656e-01 dt=2.9820295999302915e-06
cycle=2046 time=1.5088863154844648e-01 dt=3.0204092534857788e-06
cycle=2047 time=1.5089165195769996e-01 dt=3.0269752304109339e-06
cycle=2048 time=1.5089467893293038e-01 dt=3.0067525803978904e-06
cycle=2049 time=1.5089768568551076e-01 dt=2.9859947795415324e-06
cycle=2050 time=1.5090067168029031e-01 dt=2.9657517233479776e-06
cycle=2051 time=1.5090363743201365e-01 dt=2.9470611349088223e-06
cycle=2052 time=1.5090658449314856e-01 dt=2.9297844846957414e-06
cycle=2053 time=1.5090951427763324e-01 dt=2.9139828530190937e-06
cycle=2054 time=1.5091242826048626e-01 dt=2.9002097635257463e-06
cycle=2055 time=1.5091532847024977e-01 dt=2.8898513666003105e-06
cycle=2056 time=1.5091821832161637e-01 dt=2.8831334921738280e-06
cycle=2057 time=1.5092110145510854e-01 dt=2.8800590967982515e-06
cycle=2058 time=1.5092398151420533e-01 dt=2.8804600108472953e-06
cycle=2059 time=1.5092686197421618e-01 dt=2.8840779877409365e-06
cycle=2060 time=1.5092974605220391e-01 dt=2.8906082999679063e-06
cycle=2061 time=1.5093263666050388e-01 dt=2.8997540484363481e-06
cycle=2062 time=1.5093553641455232e-01 dt=2.9112473085640738e-06
cycle=2063 time=1.5093844766186088e-01 dt=2.8976232379518960e-06
cycle=2064 time=1.5094134528509884e-01 dt=2.8731554675237872e-06
cycle=2065 time=1.5094421844056635e-01 dt=2.8499870240944643e-06
cycle=2066 time=1.5094706842759045e-01 dt=2.8284617014561001e-06
cycle=2067 time=1.5094989688929192e-01 dt=2.8090354757184954e-06
cycle=2068 time=1.5095270592476764e-01 dt=2.7919517776505903e-06
cycle=2069 time=1.5095549787654530e-01 dt=2.7772475723217243e-06
cycle=2070 time=1.5095827512411764e-01 dt=2.7647907502529663e-06
cycle=2071 time=1.5096103991486789e-01 dt=2.7543309227985312e-06
cycle=2072 time=1.5096379424579071e-01 dt=2.7455883566075722e-06
cycle=2073 time=1.5096653983414732e-01 dt=2.7382876715408068e-06
cycle=2074 time=1.5096927812181885e-01 dt=2.5460341067733005e-06
cycle=2075 time=1.5097182415592561e-01 dt=2.3167842481414613e-06
cycle=2076 time=1.5097414094017375e-01 dt=2.1656924472869939e-06
cycle=2077 time=1.5097630663262104e-01 dt=2.0702871185739508e-06
cycle=2078 time=1.5097837691973962e-01 dt=2.0087785995073339e-06
cycle=2079 time=1.5098038569833913e-01 dt=1.9680186718057322e-06
cycle=2080 time=1.5098235371701094e-01 dt=1.9402130223729068e-06
cycle=2081 time=1.5098429393003332e-01 dt=1.9201850014970033e-06
cycle=2082 time=1.5098621411503482e-01 dt=1.9045029814902839e-06
cycle=2083 time=1.5098811861801631e-01 dt=1.8910442181660835e-06
cycle=2084 time=1.5099000966223447e-01 dt=1.8785956762561689e-06
cycle=2085 time=1.5099188825791074e-01 dt=1.8666027922020788e-06
cycle=2086 time=1.5099375486070293e-01 dt=1.8547450997099748e-06
cycle=2087 time=1.5099560960580263e-01 dt=1.8428615913048824e-06
cycle=2088 time=1.5099745246739393e-01 dt=1.8309165750673105e-06
cycle=2089 time=1.5099928338396901e-01 dt=2.0039721019598155e-06
cycle=2090 time=1.5100128735607096e-01 dt=3.3311023417063315e-06
cycle=2091 time=1.5100461845841268e-01 dt=3.3787963356942842e-06
cycle=2092 time=1.5100799725474837e-01 dt=3.3929723746861826e-06
cycle=2093 time=1.5101139022712307e-01 dt=3.3795062922120398e-06
cycle=2094 time=1.5101476973341527e-01 dt=3.3429006199505124e-06
cycle=2095 time=1.5101811263403522e-01 dt=3.2879937793319693e-06
cycle=2096 time=1.5102140062781455e-01 dt=3.2204014619466324e-06
cycle=2097 time=1.5102462102927650e-01 dt=3.1458346086440832e-06
cycle=2098 time=1.5102776686388514e-01 dt=3.0550704596437474e-06
cycle=2099 time=1.5103082193434478e-01 dt=2.9472622135918272e-06
cycle=2100 time=1.5103376919655837e-01 dt=2.8467426779230430e-06
cycle=2101 time=1.5103661593923629e-01 dt=2.7576111250190655e-06
cycle=2102 time=1.5103937355036132e-01 dt=2.6821522321754132e-06
cycle=2103 time=1.5104205570259349e-01 dt=2.6220506366088815e-06
cycle=2104 time=1.5104467775323011e-01 dt=2.5793223067190228e-06
cycle=2105 time=1.5104725707553682e-01 dt=2.5499189320163922e-06
cycle=2106 time=1.5104980699446882e-01 dt=2.5312190654648847e-06
cycle=2107 time=1.5105233821353428e-01 dt=2.5212458028422650e-06
cycle=2108 time=1.5105485945933714e-01 dt=2.5180462509244519e-06
cycle=2109 time=1.5105737750558806e-01 dt=2.5201030831650847e-06
cycle=2110 time=1.5105989760867122e-01 dt=2.5262987676184435e-06
cycle=2111 time=1.5106242390743885e-01 dt=2.5357193951236667e-06
cycle=2112 time=1.5106495962683397e-01 dt=2.5485847141293414e-06
cycle=2113 time=1.5106750821154810e-01 dt=2.5667085707420973e-06
cycle=2114 time=1.5107007492011884e-01 dt=2.5888953937226114e-06
cycle=2115 time=1.5107266381551257e-01 dt=2.6142934429738738e-06
cycle=2116 time=1.5107527810895555e-01 dt=2.6420808530974825e-06
cycle=2117 time=1.5107792018980865e-01 dt=2.6714649116745957e-06
cycle=2118 time=1.5108059165472032e-01 dt=2.7017441466084891e-06
cycle=2119 time=1.5108329339886692e-01 dt=2.7323459571520164e-06
cycle=2120 time=1.5108602574482408e-01 dt=2.7628726354889250e-06
cycle=2121 time=1.5108878861745956e-01 dt=2.7930774100044939e-06
cycle=2122 time=1.5109158169486955e-01 dt=2.8228479410967439e-06
cycle=2123 time=1.5109440454281065e-01 dt=2.8520619707893505e-06
cycle=2124 time=1.5109725660478143e-01 dt=2.8807873929050903e-06
cycle=2125 time=1.5110013739217434e-01 dt=2.9092117189084407e-06
cycle=2126 time=1.5110304660389326e-01 dt=2.9376077675258101e-06
cycle=2127 time=1.5110598421166080e-01 dt=2.9663175111577408e-06
cycle=2128 time=1.5110895052917195e-01 dt=2.9957398806731805e-06
cycle=2129 time=1.5111194626905261e-01 dt=3.0263251878340663e-06
cycle=2130 time=1.5111497259424045e-01 dt=3.0585779857173364e-06
cycle=2131 time=1.5111803117222616e-01 dt=3.0862725896003138e-06
cycle=2132 time=1.5112111744481577e-01 dt=3.0102476449936692e-06
cycle=2133 time=1.5112412769246075e-01 dt=2.9328462716127796e-06
cycle=2134 time=1.5112706053873237e-01 dt=2.8585302360874835e-06
cycle=2135 time=1.5112991906896847e-01 dt=2.7906788650427757e-06
cycle=2136 time=1.5113270974783352e-01 dt=2.7328032691937688e-06
cycle=2137 time=1.5113544255110273e-01 dt=2.6851420370732796e-06
cycle=2138 time=1.5113812769313981e-01 dt=2.6493728415704640e-06
cycle=2139 time=1.5114077706598136e-01 dt=2.6267762688656646e-06
cycle=2140 time=1.5114340384225022e-01 dt=2.6152262649207972e-06
cycle=2141 time=1.5114601906851513e-01 dt=2.6289836876382325e-06
cycle=2142 time=1.5114864805220277e-01 dt=2.7071675931700395e-06
cycle=2143 time=1.5115135521979595e-01 dt=2.4945408192922272e-06
cycle=2144 time=1.5115384976061524e-01 dt=2.2011160210136109e-06
cycle=2145 time=1.5115605087663625e-01 dt=2.0157807209402478e-06
cycle=2146 time=1.5115806665735718e-01 dt=1.9008686212632658e-06
cycle=2147 time=1.5115996752597843e-01 dt=1.8283481673616884e-06
cycle=2148 time=1.5116179587414580e-01 dt=1.7815971289858978e-06
cycle=2149 time=1.5116357747127479e-01 dt=1.7499143083945909e-06
cycle=2150 time=1.5116532738558319e-01 dt=1.7268922802298971e-06
cycle=2151 time=1.5116705427786342e-01 dt=1.7092166680951906e-06
cycle=2152 time=1.5116876349453151e-01 dt=1.6945904044761115e-06
cycle=2153 time=1.5117045808493598e-01 dt=1.6818497805582528e-06
cycle=2154 time=1.5117213993471654e-01 dt=1.6701189395408031e-06
cycle=2155 time=1.5117381005365607e-01 dt=1.6587943817489721e-06
cycle=2156 time=1.5117546884803781e-01 dt=1.6475184998985374e-06
cycle=2157 time=1.5117711636653772e-01 dt=1.6362480009698626e-06
cycle=2158 time=1.5117875261453870e-01 dt=1.6249170477183238e-06
cycle=2159 time=1.5118037753158642e-01 dt=1.6135219687073290e-06
cycle=2160 time=1.5118199105355512e-01 dt=1.6020803592790941e-06
cycle=2161 time=1.5118359313391441e-01 dt=2.1831059856294356e-06
cycle=2162 time=1.5118577623990004e-01 dt=4.3662119712588712e-06
cycle=2163 time=1.5119014245187129e-01 dt=4.5703177566770552e-06
cycle=2164 time=1.5119471276962795e-01 dt=4.5521700339309513e-06
cycle=2165 time=1.5119926493966188e-01 dt=4.4366556142525424e-06
cycle=2166 time=1.5120370159527613e-01 dt=4.2607595143446012e-06
cycle=2167 time=1.5120796235479048e-01 dt=3.8013455262846129e-06
cycle=2168 time=1.5121176370031675e-01 dt=3.3917768166169458e-06
cycle=2169 time=1.5121515547713338e-01 dt=3.1542319833485950e-06
cycle=2170 time=1.5121830970911673e-01 dt=3.0632616611425659e-06
cycle=2171 time=1.5122137297077787e-01 dt=3.0136620542279580e-06
cycle=2172 time=1.5122438663283211e-01 dt=2.8646173037088258e-06
cycle=2173 time=1.5122725125013581e-01 dt=2.7665511134077658e-06
cycle=2174 time=1.5123001780124923e-01 dt=2.7190959771576820e-06
cycle=2175 time=1.5123273689722638e-01 dt=2.6991592519388886e-06
cycle=2176 time=1.5123543605647832e-01 dt=2.6942192690934793e-06
cycle=2177 time=1.5123813027574742e-01 dt=2.6974210228104623e-06
cycle=2178 time=1.5124082769677025e-01 dt=2.7046413551655036e-06
cycle=2179 time=1.5124353233812540e-01 dt=2.7144556569146961e-06
cycle=2180 time=1.5124624679378232e-01 dt=2.7285479484741204e-06
cycle=2181 time=1.5124897534173079e-01 dt=2.7443886215193566e-06
cycle=2182 time=1.5125171973035231e-01 dt=2.7615627142284257e-06
cycle=2183 time=1.5125448129306654e-01 dt=2.7777861418335608e-06
cycle=2184 time=1.5125725907920837e-01 dt=2.7908587544896066e-06
cycle=2185 time=1.5126004993796285e-01 dt=2.7997768337386203e-06
cycle=2186 time=1.5126284971479659e-01 dt=2.8048407280487478e-06
cycle=2187 time=1.5126565455552463e-01 dt=2.8194794908148700e-06
cycle=2188 time=1.5126847403501545e-01 dt=2.8951274113211640e-06
cycle=2189 time=1.5127136916242678e-01 dt=3.0482638813111481e-06
cycle=2190 time=1.5127441742630809e-01 dt=3.3067241136127760e-06
cycle=2191 time=1.5127772415042171e-01 dt=3.3044665082631421e-06
cycle=2192 time=1.5128102861692996e-01 dt=3.1493125852474114e-06
cycle=2193 time=1.5128417792951521e-01 dt=3.0036207276121603e-06
cycle=2194 time=1.5128718155024282e-01 dt=2.8901847619872427e-06
cycle=2195 time=1.5129007173500481e-01 dt=2.8210783422233287e-06
cycle=2196 time=1.5129289281334704e-01 dt=2.7853271228833492e-06
cycle=2197 time=1.5129567814046993e-01 dt=2.7667108236124210e-06
cycle=2198 time=1.5129844485129354e-01 dt=2.7560305345280522e-06
cycle=2199 time=1.5130120088182808e-01 dt=2.7491344612994838e-06
cycle=2200 time=1.5130395001628938e-01 dt=2.7439596842586684e-06
cycle=2201 time=1.5130669397597363e-01 dt=2.7394065021557279e-06
cycle=2202 time=1.5130943338247579e-01 dt=2.7352534722478246e-06
cycle=2203 time=1.5131216863594804e-01 dt=2.7312882656063893e-06
cycle=2204 time=1.5131489992421365e-01 dt=2.7285097844994891e-06
cycle=2205 time=1.5131762843399815e-01 dt=2.7265185786818911e-06
cycle=2206 time=1.5132035495257684e-01 dt=2.7248253235163049e-06
cycle=2207 time=1.5132307977790035e-01 dt=2.7228597335564809e-06
cycle=2208 time=1.5132580263763390e-01 dt=2.7203287877503682e-06
cycle=2209 time=1.5132852296642166e-01 dt=2.7172346476416944e-06
cycle=2210 time=1.5133124020106931e-01 dt=2.7137795471768192e-06
cycle=2211 time=1.5133395398061647e-01 dt=2.7102677408489837e-06
cycle=2212 time=1.5133666424835732e-01 dt=2.7073756225507442e-06
cycle=2213 time=1.5133937162397987e-01 dt=2.3256073164001512e-06
cycle=2214 time=1.5134169723129626e-01 dt=2.0587053254157327e-06
cycle=2215 time=1.5134375593662167e-01 dt=1.8936680778344553e-06
cycle=2216 time=1.5134564960469951e-01 dt=1.7912250077025923e-06
cycle=2217 time=1.5134744082970722e-01 dt=1.7264916856746972e-06
cycle=2218 time=1.5134916732139289e-01 dt=1.6843282404132490e-06
cycle=2219 time=1.5135085164963330e-01 dt=1.6555200412651461e-06
cycle=2220 time=1.5135250716967458e-01 dt=1.6344764322773885e-06
cycle=2221 time=1.5135414164610686e-01 dt=1.6178395463277940e-06
cycle=2222 time=1.5135575948565319e-01 dt=1.6036117600592181e-06
cycle=2223 time=1.5135736309741324e-01 dt=1.5906050122805435e-06
cycle=2224 time=1.5135895370242552e-01 dt=1.5781445690287675e-06
cycle=2225 time=1.5136053184699455e-01 dt=1.5658713007905007e-06
cycle=2226 time=1.5136209771829534e-01 dt=1.5536453345313458e-06
cycle=2227 time=1.5136365136362986e-01 dt=1.5418500159153761e-06
cycle=2228 time=1.5136519321364578e-01 dt=1.5310301787375499e-06
cycle=2229 time=1.5136672424382452e-01 dt=1.5208324706776913e-06
cycle=2230 time=1.5136824507629520e-01 dt=1.5105068998869203e-06
cycle=2231 time=1.5136975558319510e-01 dt=2.6817244285786626e-06
cycle=2232 time=1.5137243730762368e-01 dt=4.9317973725764586e-06
cycle=2233 time=1.5137736910499625e-01 dt=4.7908096727024396e-06
cycle=2234 time=1.5138215991466894e-01 dt=4.2284649387779768e-06
cycle=2235 time=1.5138638837960772e-01 dt=3.6501192632187049e-06
cycle=2236 time=1.5139003849887095e-01 dt=3.1643849846297583e-06
cycle=2237 time=1.5139320288385558e-01 dt=2.8355529030207404e-06
cycle=2238 time=1.5139603843675858e-01 dt=2.7057267099260853e-06
cycle=2239 time=1.5139874416346852e-01 dt=2.6764243547685642e-06
cycle=2240 time=1.5140142058782330e-01 dt=2.6899246438645894e-06
cycle=2241 time=1.5140411051246716e-01 dt=2.7209821188208241e-06
cycle=2242 time=1.5140683149458598e-01 dt=2.7579344290917406e-06
cycle=2243 time=1.5140958942901506e-01 dt=2.7953791554310079e-06
cycle=2244 time=1.5141238480817049e-01 dt=2.8328432459586476e-06
cycle=2245 time=1.5141521765141644e-01 dt=2.8722405777899721e-06
cycle=2246 time=1.5141808989199423e-01 dt=2.8566861826975174e-06
cycle=2247 time=1.5142094657817692e-01 dt=2.7815576762972556e-06
cycle=2248 time=1.5142372813585322e-01 dt=2.7116210774335069e-06
cycle=2249 time=1.5142643975693065e-01 dt=2.6539659393035166e-06
cycle=2250 time=1.5142909372286995e-01 dt=2.6006227285657109e-06
cycle=2251 time=1.5143169434559850e-01 dt=2.5561630470916613e-06
cycle=2252 time=1.5143425050864559e-01 dt=2.5474614185985281e-06
cycle=2253 time=1.5143679797006418e-01 dt=2.6638390834919066e-06
cycle=2254 time=1.5143946180914766e-01 dt=2.9101496932200033e-06
cycle=2255 time=1.5144237195884089e-01 dt=3.3373039173829308e-06
cycle=2256 time=1.5144570926275827e-01 dt=3.6452265257290758e-06
cycle=2257 time=1.5144935448928401e-01 dt=3.5452713269279065e-06
cycle=2258 time=1.5145289976061094e-01 dt=3.3996385178057391e-06
cycle=2259 time=1.5145629939912875e-01 dt=3.2592570627163359e-06
cycle=2260 time=1.5145955865619146e-01 dt=3.1550559899936154e-06
cycle=2261 time=1.5146271371218145e-01 dt=3.0977295314270936e-06
cycle=2262 time=1.5146581144171287e-01 dt=3.0826528063418640e-06
cycle=2263 time=1.5146889409451922e-01 dt=3.0976867020028764e-06
cycle=2264 time=1.5147199178122123e-01 dt=3.1296582604718669e-06
cycle=2265 time=1.5147512143948169e-01 dt=3.1677856415242235e-06
cycle=2266 time=1.5147828922512321e-01 dt=3.2048492937867079e-06
cycle=2267 time=1.5148149407441699e-01 dt=3.2370855539254236e-06
cycle=2268 time=1.5148473115997091e-01 dt=3.2634522289162195e-06
cycle=2269 time=1.5148799461219983e-01 dt=3.2846767481229265e-06
cycle=2270 time=1.5149127928894796e-01 dt=3.2816718227605546e-06
cycle=2271 time=1.5149456096077071e-01 dt=3.1161976019202386e-06
cycle=2272 time=1.5149767715837265e-01 dt=2.9720710296369067e-06
cycle=2273 time=1.5150064922940229e-01 dt=2.8638318175642071e-06
cycle=2274 time=1.5150351306121984e-01 dt=2.7937092422688304e-06
cycle=2275 time=1.5150630677046212e-01 dt=2.7501980315517188e-06
cycle=2276 time=1.5150905696849368e-01 dt=2.7212798631104717e-06
cycle=2277 time=1.5151177824835679e-01 dt=2.6238473297752243e-06
cycle=2278 time=1.5151440209568656e-01 dt=2.2245993505886754e-06
cycle=2279 time=1.5151662669503715e-01 dt=1.9741292717562105e-06
cycle=2280 time=1.5151860082430890e-01 dt=1.8233805840980390e-06
cycle=2281 time=1.5152042420489301e-01 dt=1.7319019954135075e-06
cycle=2282 time=1.5152215610688841e-01 dt=1.6756433598264614e-06
cycle=2283 time=1.5152383175024822e-01 dt=1.6401285726594921e-06
cycle=2284 time=1.5152547187882087e-01 dt=1.6165798523884394e-06
cycle=2285 time=1.5152708845867327e-01 dt=1.5996804153970278e-06
cycle=2286 time=1.5152868813908868e-01 dt=1.5862457230782081e-06
cycle=2287 time=1.5153027438481176e-01 dt=1.5744104368224282e-06
cycle=2288 time=1.5153184879524859e-01 dt=1.5631335701619522e-06
cycle=2289 time=1.5153341192881875e-01 dt=1.5518639744890812e-06
cycle=2290 time=1.5153496379279324e-01 dt=1.5403416858173493e-06
cycle=2291 time=1.5153650413447906e-01 dt=1.5284777267474485e-06
cycle=2292 time=1.5153803261220580e-01 dt=1.5162810173415460e-06
cycle=2293 time=1.5153954889322316e-01 dt=1.5038149423227199e-06
cycle=2294 time=1.5154105270816548e-01 dt=1.4911546616018383e-06
cycle=2295 time=1.5154254386282709e-01 dt=1.8216777301649124e-06
cycle=2296 time=1.5154436554055725e-01 dt=3.6433554603298248e-06
cycle=2297 time=1.5154800889601758e-01 dt=6.4708834835315899e-06
cycle=2298 time=1.5155447977950112e-01 dt=5.9037277163786357e-06
cycle=2299 time=1.5156038350721751e-01 dt=4.7753681564492122e-06
cycle=2300 time=1.5156515887537397e-01 dt=3.4650775142354693e-06
cycle=2301 time=1.5156862395288820e-01 dt=2.7301423689838608e-06
cycle=2302 time=1.5157135409525718e-01 dt=2.5533884959031415e-06
cycle=2303 time=1.5157390748375307e-01 dt=2.5923086621218758e-06
cycle=2304 time=1.5157649979241519e-01 dt=2.6595840730833447e-06
cycle=2305 time=1.5157915937648828e-01 dt=2.7271096311360509e-06
cycle=2306 time=1.5158188648611942e-01 dt=2.7926728499594012e-06
cycle=2307 time=1.5158467915896939e-01 dt=2.8553115338186974e-06
cycle=2308 time=1.5158753447050322e-01 dt=2.9139438266764478e-06
cycle=2309 time=1.5159044841432989e-01 dt=2.9678306192458174e-06
cycle=2310 time=1.5159341624494913e-01 dt=3.0163487918392414e-06
cycle=2311 time=1.5159643259374098e-01 dt=3.0623510581574408e-06
cycle=2312 time=1.5159949494479913e-01 dt=3.1109545375672009e-06
cycle=2313 time=1.5160260589933669e-01 dt=3.1520046971062726e-06
cycle=2314 time=1.5160575790403380e-01 dt=3.1821210503392510e-06
cycle=2315 time=1.5160894002508413e-01 dt=3.2019477879646630e-06
cycle=2316 time=1.5161214197287209e-01 dt=3.2123161730029395e-06
cycle=2317 time=1.5161535428904510e-01 dt=3.2143606882154193e-06
cycle=2318 time=1.5161856864973330e-01 dt=3.2095195636646755e-06
cycle=2319 time=1.5162177816929698e-01 dt=3.2005073555646442e-06
cycle=2320 time=1.5162497867665253e-01 dt=3.1885679536192954e-06
cycle=2321 time=1.5162816724460615e-01 dt=3.1750828490934911e-06
cycle=2322 time=1.5163134232745523e-01 dt=3.1628043566956124e-06
cycle=2323 time=1.5163450513181193e-01 dt=3.1559496281395222e-06
cycle=2324 time=1.5163766108144006e-01 dt=3.1607879703436329e-06
cycle=2325 time=1.5164082186941039e-01 dt=3.1866717631754519e-06
cycle=2326 time=1.5164400854117357e-01 dt=3.0440962337885851e-06
cycle=2327 time=1.5164705263740735e-01 dt=3.1944568873830385e-06
cycle=2328 time=1.5165024709429473e-01 dt=3.5773912153233767e-06
cycle=2329 time=1.5165382448551004e-01 dt=4.1860682222089568e-06
cycle=2330 time=1.5165801055373226e-01 dt=4.3575344845811912e-06
cycle=2331 time=1.5166236808821684e-01 dt=4.1099151775480224e-06
cycle=2332 time=1.5166647800339439e-01 dt=3.8358631617089484e-06
cycle=2333 time=1.5167031386655611e-01 dt=3.6223450387311552e-06
cycle=2334 time=1.5167393621159483e-01 dt=3.4880240290842592e-06
cycle=2335 time=1.5167742423562391e-01 dt=2.9211229164134681e-06
cycle=2336 time=1.5168034535854033e-01 dt=2.3226934345723888e-06
cycle=2337 time=1.5168266805197489e-01 dt=1.9585349807646325e-06
cycle=2338 time=1.5168462658695567e-01 dt=1.7514502949217637e-06
cycle=2339 time=1.5168637803725060e-01 dt=1.6354707387458314e-06
cycle=2340 time=1.5168801350798936e-01 dt=1.5723765144779645e-06
cycle=2341 time=1.5168958588450385e-01 dt=1.5396478982194590e-06
cycle=2342 time=1.5169112553240208e-01 dt=1.5237811952339145e-06
cycle=2343 time=1.5169264931359730e-01 dt=1.5166255972888660e-06
cycle=2344 time=1.5169416593919458e-01 dt=1.5133103369591100e-06
cycle=2345 time=1.5169567924953153e-01 dt=1.5110094379755080e-06
cycle=2346 time=1.5169719025896952e-01 dt=1.5081744320772515e-06
cycle=2347 time=1.5169869843340161e-01 dt=1.5040461377745766e-06
cycle=2348 time=1.5170020247953939e-01 dt=1.4983418950253787e-06
cycle=2349 time=1.5170170082143442e-01 dt=1.4910511197510171e-06
cycle=2350 time=1.5170319187255416e-01 dt=1.4823425013832255e-06
cycle=2351 time=1.5170467421505554e-01 dt=1.4723984401450899e-06
cycle=2352 time=1.5170614661349568e-01 dt=1.4614469914341101e-06
cycle=2353 time=1.5170760806048711e-01 dt=1.4497070017090690e-06
cycle=2354 time=1.5170905776748883e-01 dt=1.4375084439968964e-06
cycle=2355 time=1.5171049527593283e-01 dt=1.4256017801396506e-06
cycle=2356 time=1.5171192087771299e-01 dt=1.4145871741632703e-06
cycle=2357 time=1.5171333546488716e-01 dt=1.4033829718257626e-06
cycle=2358 time=1.5171473884785899e-01 dt=1.3914442956283197e-06
cycle=2359 time=1.5171613029215461e-01 dt=1.9842863753818264e-06
cycle=2360 time=1.5171811457852999e-01 dt=3.9685727507636528e-06
cycle=2361 time=1.5172208315128075e-01 dt=6.1838744137288672e-06
cycle=2362 time=1.5172826702569447e-01 dt=5.6530358427172177e-06
cycle=2363 time=1.5173392006153719e-01 dt=4.4819235465182163e-06
cycle=2364 time=1.5173840198508370e-01 dt=3.3790973536034347e-06
cycle=2365 time=1.5174178108243730e-01 dt=2.8486421398323007e-06
cycle=2366 time=1.5174462972457714e-01 dt=2.7182865028276442e-06
cycle=2367 time=1.5174734801107997e-01 dt=2.7899677469007404e-06
cycle=2368 time=1.5175013797882689e-01 dt=2.8715296819405491e-06
cycle=2369 time=1.5175300950850884e-01 dt=2.9516932694284861e-06
cycle=2370 time=1.5175596120177826e-01 dt=3.0303387514688074e-06
cycle=2371 time=1.5175899154052971e-01 dt=3.1097426671568471e-06
cycle=2372 time=1.5176210128319687e-01 dt=3.1863391947720705e-06
cycle=2373 time=1.5176528762239164e-01 dt=3.2604512076202438e-06
cycle=2374 time=1.5176854807359927e-01 dt=3.3321453014844128e-06
cycle=2375 time=1.5177188021890076e-01 dt=3.3461319880528680e-06
cycle=2376 time=1.5177522635088880e-01 dt=3.1954930780402203e-06
cycle=2377 time=1.5177842184396684e-01 dt=3.0627816335672608e-06
cycle=2378 time=1.5178148462560040e-01 dt=2.9616992175947899e-06
cycle=2379 time=1.5178444632481800e-01 dt=2.8924552277823024e-06
cycle=2380 time=1.5178733878004577e-01 dt=2.8480971672093483e-06
cycle=2381 time=1.5179018687721299e-01 dt=2.9188391012190878e-06
cycle=2382 time=1.5179310571631421e-01 dt=3.1735537200240073e-06
cycle=2383 time=1.5179627927003425e-01 dt=3.6393210949593513e-06
cycle=2384 time=1.5179991859112921e-01 dt=3.9828635300188245e-06
cycle=2385 time=1.5180390145465922e-01 dt=3.9862479153416875e-06
cycle=2386 time=1.5180788770257456e-01 dt=3.9640990241860590e-06
cycle=2387 time=1.5181185180159873e-01 dt=3.9837375853200310e-06
cycle=2388 time=1.5181583553918404e-01 dt=4.1998791375694444e-06
cycle=2389 time=1.5182003541832162e-01 dt=4.1180451974136051e-06
cycle=2390 time=1.5182415346351905e-01 dt=4.0826495444282275e-06
cycle=2391 time=1.5182823611306348e-01 dt=3.9413211039273561e-06
cycle=2392 time=1.5183217743416741e-01 dt=3.7155421614046837e-06
cycle=2393 time=1.5183589297632882e-01 dt=3.5615839170424096e-06
cycle=2394 time=1.5183945456024586e-01 dt=3.4698866629410558e-06
cycle=2395 time=1.5184292444690881e-01 dt=3.4179023984981883e-06
cycle=2396 time=1.5184634234930730e-01 dt=3.3864439258443803e-06
cycle=2397 time=1.5184972879323314e-01 dt=2.8888306277793855e-06
cycle=2398 time=1.5185261762386090e-01 dt=2.3469638281928108e-06
cycle=2399 time=1.5185496458768910e-01 dt=2.0277302468974635e-06
cycle=2400 time=1.5185699231793601e-01 dt=1.8465990765910448e-06
cycle=2401 time=1.5185883891701260e-01 dt=1.7442857519998685e-06
cycle=2402 time=1.5186058320276460e-01 dt=1.6870810904617612e-06
cycle=2403 time=1.5186227028385507e-01 dt=1.6553110386309248e-06
cycle=2404 time=1.5186392559489370e-01 dt=1.6373659988118913e-06
cycle=2405 time=1.5186556296089251e-01 dt=1.6263855365844994e-06
cycle=2406 time=1.5186718934642909e-01 dt=1.6185541490655054e-06
cycle=2407 time=1.5186880790057816e-01 dt=1.6116834969920766e-06
cycle=2408 time=1.5187041958407516e-01 dt=1.6045572126645743e-06
cycle=2409 time=1.5187202414128781e-01 dt=1.5966107774407262e-06
cycle=2410 time=1.5187362075206526e-01 dt=1.5876466924029372e-06
cycle=2411 time=1.5187520839875765e-01 dt=1.5776659474819547e-06
cycle=2412 time=1.5187678606470514e-01 dt=1.5670526603098876e-06
cycle=2413 time=1.5187835311736544e-01 dt=1.5573463674889371e-06
cycle=2414 time=1.5187991046373292e-01 dt=1.5490003681515047e-06
cycle=2415 time=1.5188145946410106e-01 dt=1.5397652395723326e-06
cycle=2416 time=1.5188299922934062e-01 dt=1.5290543787652879e-06
cycle=2417 time=1.5188452828371937e-01 dt=1.5168143234686356e-06
cycle=2418 time=1.5188604509804285e-01 dt=1.5031594361720488e-06
cycle=2419 time=1.5188754825747902e-01 dt=1.4881728025982221e-06
cycle=2420 time=1.5188903643028162e-01 dt=1.4734357074021784e-06
cycle=2421 time=1.5189050986598901e-01 dt=1.4596116073717740e-06
cycle=2422 time=1.5189196947759639e-01 dt=1.4463985841741777e-06
cycle=2423 time=1.5189341587618058e-01 dt=2.8157756841709779e-06
cycle=2424 time=1.5189623165186475e-01 dt=5.6315513683419559e-06
cycle=2425 time=1.5190186320323310e-01 dt=5.7156031129958323e-06
cycle=2426 time=1.5190757880634609e-01 dt=4.6822274729139887e-06
cycle=2427 time=1.5191226103381900e-01 dt=3.5811924531196715e-06
cycle=2428 time=1.5191584222627211e-01 dt=2.9313947832208404e-06
cycle=2429 time=1.5191877362105533e-01 dt=2.6982930472280653e-06
cycle=2430 time=1.5192147191410255e-01 dt=2.7144907903147281e-06
cycle=2431 time=1.5192418640489286e-01 dt=2.7763949628320074e-06
cycle=2432 time=1.5192696279985568e-01 dt=2.8331010639884465e-06
cycle=2433 time=1.5192979590091968e-01 dt=2.8891099336422224e-06
cycle=2434 time=1.5193268501085333e-01 dt=2.9422636460755213e-06
cycle=2435 time=1.5193562727449941e-01 dt=2.9923454336592670e-06
cycle=2436 time=1.5193861961993307e-01 dt=3.0392313120244273e-06
cycle=2437 time=1.5194165885124511e-01 dt=3.0840534927729287e-06
cycle=2438 time=1.5194474290473789e-01 dt=3.1308479804836780e-06
cycle=2439 time=1.5194787375271837e-01 dt=3.1739308092794570e-06
cycle=2440 time=1.5195104768352766e-01 dt=3.2083090738578576e-06
cycle=2441 time=1.5195425599260151e-01 dt=3.2351671363384136e-06
cycle=2442 time=1.5195749115973786e-01 dt=3.2543358711674695e-06
cycle=2443 time=1.5196074549560903e-01 dt=3.2659283881802931e-06
cycle=2444 time=1.5196401142399721e-01 dt=3.2697865162560778e-06
cycle=2445 time=1.5196728121051348e-01 dt=3.2677082266364144e-06
cycle=2446 time=1.5197054891874012e-01 dt=3.1992193507266208e-06
cycle=2447 time=1.5197374813809084e-01 dt=3.1165313499326856e-06
cycle=2448 time=1.5197686466944077e-01 dt=2.9701385429140794e-06
cycle=2449 time=1.5197983480798369e-01 dt=2.8660148086093433e-06
cycle=2450 time=1.5198270082279230e-01 dt=2.8013090298269843e-06
cycle=2451 time=1.5198550213182213e-01 dt=2.7631935466739157e-06
cycle=2452 time=1.5198826532536880e-01 dt=2.7386827951336983e-06
cycle=2453 time=1.5199100400816393e-01 dt=2.7193293415898381e-06
cycle=2454 time=1.5199372333750552e-01 dt=2.7000721605943164e-06
cycle=2455 time=1.5199642340966613e-01 dt=2.6784905359097442e-06
cycle=2456 time=1.5199910190020205e-01 dt=2.6539752521058011e-06
cycle=2457 time=1.5200175587545414e-01 dt=2.6271379186319238e-06
cycle=2458 time=1.5200438301337277e-01 dt=2.5990331889964048e-06
cycle=2459 time=1.5200698204656177e-01 dt=2.5707176045687010e-06
cycle=2460 time=1.5200955276416633e-01 dt=2.5429394305039722e-06
cycle=2461 time=1.5201209570359683e-01 dt=2.5160940017258701e-06
cycle=2462 time=1.5201461179759856e-01 dt=2.4903000878911491e-06
cycle=2463 time=1.5201710209768646e-01 dt=2.4655106984429902e-06
cycle=2464 time=1.5201956760838489e-01 dt=2.4416010940180168e-06
cycle=2465 time=1.5202200920947892e-01 dt=2.4184370733030740e-06
cycle=2466 time=1.5202442764655222e-01 dt=2.4268314305182462e-06
cycle=2467 time=1.5202685447798273e-01 dt=2.5686404353475394e-06
cycle=2468 time=1.5202942311841808e-01 dt=2.7912233514923063e-06
cycle=2469 time=1.5203221434176958e-01 dt=2.4507719115759390e-06
cycle=2470 time=1.5203466511368116e-01 dt=2.1245013844063718e-06
cycle=2471 time=1.5203678961506556e-01 dt=1.9185422839318219e-06
cycle=2472 time=1.5203870815734949e-01 dt=1.7877494110742855e-06
cycle=2473 time=1.5204049590676055e-01 dt=1.7043490989632922e-06
cycle=2474 time=1.5204220025585952e-01 dt=1.6511866052423873e-06
cycle=2475 time=1.5204385144246477e-01 dt=1.6157407964611082e-06
cycle=2476 time=1.5204546718326123e-01 dt=1.5906504931555690e-06
cycle=2477 time=1.5204705783375438e-01 dt=1.5715697330003677e-06
cycle=2478 time=1.5204862940348737e-01 dt=1.5567434302807258e-06
cycle=2479 time=1.5205018614691765e-01 dt=1.5444616563107682e-06
cycle=2480 time=1.5205173060857397e-01 dt=1.5328784033528876e-06
cycle=2481 time=1.5205326348697731e-01 dt=1.5207086588583596e-06
cycle=2482 time=1.5205478419563617e-01 dt=1.5083010919638698e-06
cycle=2483 time=1.5205629249672814e-01 dt=1.4976181330142315e-06
cycle=2484 time=1.5205779011486115e-01 dt=1.5264448280353260e-06
cycle=2485 time=1.5205931655968918e-01 dt=3.0528896560706521e-06
cycle=2486 time=1.5206236944934526e-01 dt=5.6796733827552097e-06
cycle=2487 time=1.5206804912272801e-01 dt=5.2000175743556240e-06
cycle=2488 time=1.5207324914030237e-01 dt=4.1992110029772044e-06
cycle=2489 time=1.5207744835130535e-01 dt=3.2820527188836613e-06
cycle=2490 time=1.5208073040402423e-01 dt=2.7867337905561935e-06
cycle=2491 time=1.5208351713781479e-01 dt=2.5484661967279668e-06
cycle=2492 time=1.5208606560401153e-01 dt=2.5177001835458627e-06
cycle=2493 time=1.5208858330419509e-01 dt=2.5264785634360226e-06
cycle=2494 time=1.5209110978275853e-01 dt=2.5311243543189361e-06
cycle=2495 time=1.5209364090711286e-01 dt=2.5351274361593977e-06
cycle=2496 time=1.5209617603454903e-01 dt=2.5386899810683080e-06
cycle=2497 time=1.5209871472453010e-01 dt=2.5410994687491705e-06
cycle=2498 time=1.5210125582399886e-01 dt=2.5403584765765554e-06
cycle=2499 time=1.5210379618247544e-01 dt=2.5369587455931888e-06
cycle=2500 time=1.5210633314122102e-01 dt=2.5309868809831938e-06
cycle=2501 time=1.5210886412810201e-01 dt=2.5232400128030284e-06
cycle=2502 time=1.5211138736811480e-01 dt=2.5142820837868230e-06
cycle=2503 time=1.5211390165019859e-01 dt=2.4968376141264386e-06
cycle=2504 time=1.5211639848781272e-01 dt=2.4741857633577212e-06
cycle=2505 time=1.5211887267357607e-01 dt=2.4463487770524559e-06
cycle=2506 time=1.5212131902235312e-01 dt=2.4142342182704779e-06
cycle=2507 time=1.5212373325657139e-01 dt=2.3784863739013368e-06
cycle=2508 time=1.5212611174294530e-01 dt=2.3396530759890469e-06
cycle=2509 time=1.5212845139602130e-01 dt=2.2990628516075443e-06
cycle=2510 time=1.5213075045887289e-01 dt=2.2579092428120775e-06
cycle=2511 time=1.5213300836811572e-01 dt=2.2154019873004372e-06
cycle=2512 time=1.5213522377010302e-01 dt=2.1718241376924277e-06
cycle=2513 time=1.5213739559424072e-01 dt=2.1276083052460729e-06
cycle=2514 time=1.5213952320254598e-01 dt=2.0832130943713249e-06
cycle=2515 time=1.5214160641564034e-01 dt=2.0393179538792756e-06
cycle=2516 time=1.5214364573359421e-01 dt=1.9965722538013636e-06
cycle=2517 time=1.5214564230584801e-01 dt=1.9553633930048684e-06
cycle=2518 time=1.5214759766924102e-01 dt=1.9160232912877475e-06
cycle=2519 time=1.5214951369253230e-01 dt=1.8788836031393935e-06
cycle=2520 time=1.5215139257613544e-01 dt=1.8442726249593903e-06
cycle=2521 time=1.5215323684876039e-01 dt=1.8124495544665925e-06
cycle=2522 time=1.5215504929831486e-01 dt=1.7836986705411168e-06
cycle=2523 time=1.5215683299698540e-01 dt=1.7585300663233425e-06
cycle=2524 time=1.5215859152705172e-01 dt=1.7378572673938403e-06
cycle=2525 time=1.5216032938431912e-01 dt=1.7199432181656563e-06
cycle=2526 time=1.5216204932753727e-01 dt=1.7064339760769590e-06
cycle=2527 time=1.5216375576151334e-01 dt=1.6989491257219219e-06
cycle=2528 time=1.5216545471063905e-01 dt=1.6993892712448899e-06
cycle=2529 time=1.5216715409991030e-01 dt=1.7104872137578428e-06
cycle=2530 time=1.5216886458712406e-01 dt=1.7364174883743584e-06
cycle=2531 time=1.5217060100461244e-01 dt=1.7838373469879683e-06
cycle=2532 time=1.5217238484195941e-01 dt=1.8617840017748600e-06
cycle=2533 time=1.5217424662596118e-01 dt=1.9329061384702310e-06
cycle=2534 time=1.5217617953209966e-01 dt=2.1098188378490105e-06
cycle=2535 time=1.5217828935093752e-01 dt=2.5863475967976916e-06
cycle=2536 time=1.5218087569853433e-01 dt=3.1280967775368616e-06
cycle=2537 time=1.5218400379531188e-01 dt=3.6957732120732015e-06
cycle=2538 time=1.5218769956852396e-01 dt=4.2951580407830568e-06
cycle=2539 time=1.5219199472656475e-01 dt=3.6596240385390198e-06
cycle=2540 time=1.5219565435060328e-01 dt=2.8659531241378935e-06
cycle=2541 time=1.5219852030372741e-01 dt=2.2958993413860361e-06
cycle=2542 time=1.5220081620306880e-01 dt=1.9020379145761851e-06
cycle=2543 time=1.5220271824098339e-01 dt=1.6438923207867919e-06
cycle=2544 time=1.5220436213330418e-01 dt=1.4862459621664243e-06
cycle=2545 time=1.5220584837926635e-01 dt=1.3901591733116392e-06
cycle=2546 time=1.5220723853843965e-01 dt=1.3319662039533100e-06
cycle=2547 time=1.5220857050464359e-01 dt=1.2990099701118610e-06
cycle=2548 time=1.5220986951461371e-01 dt=1.2806392779700915e-06
cycle=2549 time=1.5221115015389167e-01 dt=1.2699591608918046e-06
cycle=2550 time=1.5221242011305255e-01 dt=1.2632150289340515e-06
cycle=2551 time=1.5221368332808149e-01 dt=1.2582871447277699e-06
cycle=2552 time=1.5221494161522622e-01 dt=1.2539082876342649e-06
cycle=2553 time=1.5221619552351387e-01 dt=1.2493585152360664e-06
cycle=2554 time=1.5221744488202910e-01 dt=1.2442642925829153e-06
cycle=2555 time=1.5221868914632167e-01 dt=1.2384719757442927e-06
cycle=2556 time=1.5221992761829742e-01 dt=1.2319766493792066e-06
cycle=2557 time=1.5222115959494681e-01 dt=1.5385539214506101e-06
cycle=2558 time=1.5222269814886827e-01 dt=3.0771078429012202e-06
cycle=2559 time=1.5222577525671116e-01 dt=4.9904465657382374e-06
cycle=2560 time=1.5223076570327690e-01 dt=4.5464145762114073e-06
cycle=2561 time=1.5223531211785310e-01 dt=3.6879302995683411e-06
cycle=2562 time=1.5223900004815266e-01 dt=2.9238254826467526e-06
cycle=2563 time=1.5224192387363530e-01 dt=2.5249335537996743e-06
cycle=2564 time=1.5224444880718910e-01 dt=2.3594767269746216e-06
cycle=2565 time=1.5224680828391607e-01 dt=2.3166089961317437e-06
cycle=2566 time=1.5224912489291220e-01 dt=2.3282542619991861e-06
cycle=2567 time=1.5225145314717420e-01 dt=2.3454402307629595e-06
cycle=2568 time=1.5225379858740495e-01 dt=2.3616205815508408e-06
cycle=2569 time=1.5225616020798652e-01 dt=2.3763962177457201e-06
cycle=2570 time=1.5225853660420427e-01 dt=2.3920789373130541e-06
cycle=2571 time=1.5226092868314159e-01 dt=2.4048393711447279e-06
cycle=2572 time=1.5226333352251273e-01 dt=2.4150415920795701e-06
cycle=2573 time=1.5226574856410480e-01 dt=2.4222185355156811e-06
cycle=2574 time=1.5226817078264032e-01 dt=2.4255163718808868e-06
cycle=2575 time=1.5227059629901221e-01 dt=2.4281591686126246e-06
cycle=2576 time=1.5227302445818083e-01 dt=2.4270227143612052e-06
cycle=2577 time=1.5227545148089519e-01 dt=2.4232335801148676e-06
cycle=2578 time=1.5227787471447529e-01 dt=2.4172719313063647e-06
cycle=2579 time=1.5228029198640661e-01 dt=2.4049778131508139e-06
cycle=2580 time=1.5228269696421975e-01 dt=2.3863219035812694e-06
cycle=2581 time=1.5228508328612334e-01 dt=2.3622302763865271e-06
cycle=2582 time=1.5228744551639972e-01 dt=2.3331691278765994e-06
cycle=2583 time=1.5228977868552759e-01 dt=2.2997386650283004e-06
cycle=2584 time=1.5229207842419262e-01 dt=2.2625260483554544e-06
cycle=2585 time=1.5229434095024097e-01 dt=2.2221396094775846e-06
cycle=2586 time=1.5229656308985046e-01 dt=2.1792321696986056e-06
cycle=2587 time=1.5229874232202015e-01 dt=2.1343884681974721e-06
cycle=2588 time=1.5230087671048834e-01 dt=2.0885079261155681e-06
cycle=2589 time=1.5230296521841447e-01 dt=2.0420286341919326e-06
cycle=2590 time=1.5230500724704865e-01 dt=1.9944680023741593e-06
cycle=2591 time=1.5230700171505102e-01 dt=1.9459755950385567e-06
cycle=2592 time=1.5230894769064607e-01 dt=1.8966474335319547e-06
cycle=2593 time=1.5231084433807959e-01 dt=1.8464179924494779e-06
cycle=2594 time=1.5231269075607204e-01 dt=1.7952159698063957e-06
cycle=2595 time=1.5231448597204184e-01 dt=1.7429211717324723e-06
cycle=2596 time=1.5231622889321356e-01 dt=1.6893657625759197e-06
cycle=2597 time=1.5231791825897614e-01 dt=1.6342610095117143e-06
cycle=2598 time=1.5231955251998566e-01 dt=1.5771313212927349e-06
cycle=2599 time=1.5232112965130695e-01 dt=1.5172125631299382e-06
cycle=2600 time=1.5232264686387009e-01 dt=1.4533985200835391e-06
cycle=2601 time=1.5232410026239018e-01 dt=1.3838307665556672e-06
cycle=2602 time=1.5232548409315674e-01 dt=1.3044241543211004e-06
cycle=2603 time=1.5232678851731107e-01 dt=1.2134448532769813e-06
cycle=2604 time=1.5232800196216434e-01 dt=1.1083664465746031e-06
cycle=2605 time=1.5232911032861091e-01 dt=9.7259594038421891e-07
cycle=2606 time=1.5233008292455130e-01 dt=7.8537318643470616e-07
cycle=2607 time=1.5233086829773773e-01 dt=5.2795620103193050e-07
cycle=2608 time=1.5233139625393877e-01 dt=3.3228843658526415e-07
cycle=2609 time=1.5233172854237534e-01 dt=6.6457687317052830e-07
cycle=2610 time=1.5233239311924851e-01 dt=5.6495052892198667e-26
cycle=2611 time=1.5233239311924851e-01 dt=1.1299010578439733e-25
cycle=2612 time=1.5233239311924851e-01 dt=5.6936890506168858e-26
cycle=2613 time=1.5233239311924851e-01 dt=1.1387378101233772e-25
cycle=2614 time=1.5233239311924851e-01 dt=2.2774756202467543e-25
cycle=2615 time=1.5233239311924851e-01 dt=4.5549512404935087e-25
cycle=2616 time=1.5233239311924851e-01 dt=9.1099024809870174e-25
cycle=2617 time=1.5233239311924851e-01 dt=1.2676724192784844e-27
cycle=2618 time=1.5233239311924851e-01 dt=1.4699799624383391e-27
cycle=2619 time=1.5233239311924851e-01 dt=1.6897423199239360e-27
cycle=2620 time=1.5233239311924851e-01 dt=2.1573473602540319e-27
cycle=2621 time=1.5233239311924851e-01 dt=4.3146947205080638e-27
cycle=2622 time=1.5233239311924851e-01 dt=8.6293894410161275e-27
cycle=2623 time=1.5233239311924851e-01 dt=1.7258778882032255e-26
cycle=2624 time=1.5233239311924851e-01 dt=3.4517557764064510e-26
cycle=2625 time=1.5233239311924851e-01 dt=6.9035115528129020e-26
cycle=2626 time=1.5233239311924851e-01 dt=1.3807023105625804e-25
cycle=2627 time=1.5233239311924851e-01 dt=2.7614046211251608e-25
cycle=2628 time=1.5233239311924851e-01 dt=5.5228092422503216e-25
cycle=2629 time=1.5233239311924851e-01 dt=1.1045618484500643e-24
cycle=2630 time=1.5233239311924851e-01 dt=2.2091236969001286e-24
cycle=2631 time=1.5233239311924851e-01 dt=4.4182473938002573e-24
cycle=2632 time=1.5233239311924851e-01 dt=8.8364947876005146e-24
cycle=2633 time=1.5233239311924851e-01 dt=1.7672989575201029e-23
cycle=2634 time=1.5233239311924851e-01 dt=3.5345979150402058e-23
cycle=2635 time=1.5233239311924851e-01 dt=7.0691958300804117e-23
cycle=2636 time=1.5233239311924851e-01 dt=1.4138391660160823e-22
cycle=2637 time=1.5233239311924851e-01 dt=2.8276783320321647e-22
cycle=2638 time=1.5233239311924851e-01 dt=5.6553566640643293e-22
cycle=2639 time=1.5233239311924851e-01 dt=1.1310713328128659e-21
cycle=2640 time=1.5233239311924851e-01 dt=2.2621426656257317e-21
cycle=2641 time=1.5233239311924851e-01 dt=4.5242853312514635e-21
cycle=2642 time=1.5233239311924851e-01 dt=9.0485706625029269e-21
cycle=2643 time=1.5233239311924851e-01 dt=1.8097141325005854e-20
cycle=2644 time=1.5233239311924851e-01 dt=3.6194282650011708e-20
cycle=2645 time=1.5233239311924851e-01 dt=7.2388565300023416e-20
cycle=2646 time=1.5233239311924851e-01 dt=1.4477713060004683e-19
cycle=2647 time=1.5233239311924851e-01 dt=2.8955426120009366e-19
cycle=2648 time=1.5233239311924851e-01 dt=5.7910852240018732e-19
cycle=2649 time=1.5233239311924851e-01 dt=1.1582170448003746e-18
cycle=2650 time=1.5233239311924851e-01 dt=2.3164340896007493e-18
cycle=2651 time=1.5233239311924851e-01 dt=4.6328681792014986e-18
cycle=2652 time=1.5233239311924851e-01 dt=9.2657363584029972e-18
cycle=2653 time=1.5233239311924851e-01 dt=1.8531472716805994e-17
cycle=2654 time=1.5233239311924854e-01 dt=3.7062945433611989e-17
cycle=2655 time=1.5233239311924857e-01 dt=7.4125890867223978e-17
cycle=2656 time=1.5233239311924865e-01 dt=1.4825178173444796e-16
cycle=2657 time=1.5233239311924879e-01 dt=2.9650356346889591e-16
cycle=2658 time=1.5233239311924909e-01 dt=5.9300712693779182e-16
cycle=2659 time=1.5233239311924968e-01 dt=1.1860142538755836e-15
cycle=2660 time=1.5233239311925087e-01 dt=2.3720285077511673e-15
cycle=2661 time=1.5233239311925323e-01 dt=4.7440570155023346e-15
cycle=2662 time=1.5233239311925797e-01 dt=9.4881140310046691e-15
cycle=2663 time=1.5233239311926747e-01 dt=1.8976228062009338e-14
cycle=2664 time=1.5233239311928645e-01 dt=3.7952456124018676e-14
cycle=2665 time=1.5233239311932439e-01 dt=7.5904912248037353e-14
cycle=2666 time=1.5233239311940031e-01 dt=1.5180982449607471e-13
cycle=2667 time=1.5233239311955213e-01 dt=3.0361964899214941e-13
cycle=2668 time=1.5233239311985575e-01 dt=6.0723929798429882e-13
cycle=2669 time=1.5233239312046298e-01 dt=1.2144785959685976e-12
cycle=2670 time=1.5233239312167746e-01 dt=2.4289571919371953e-12
cycle=2671 time=1.5233239312410640e-01 dt=4.8579143838743906e-12
cycle=2672 time=1.5233239312896432e-01 dt=9.7158287677487812e-12
cycle=2673 time=1.5233239313868016e-01 dt=1.9431657535497562e-11
cycle=2674 time=1.5233239315811181e-01 dt=3.8863315070995125e-11
cycle=2675 time=1.5233239319697511e-01 dt=7.7726630141990249e-11
cycle=2676 time=1.5233239327470174e-01 dt=1.5545326028398050e-10
cycle=2677 time=1.5233239343015501e-01 dt=3.1090652056796100e-10
cycle=2678 time=1.5233239374106153e-01 dt=6.2181304113592200e-10
cycle=2679 time=1.5233239436287457e-01 dt=1.2436260822718440e-09
cycle=2680 time=1.5233239560650066e-01 dt=2.4872521645436880e-09
cycle=2681 time=1.5233239809375282e-01 dt=4.9745043290873760e-09
cycle=2682 time=1.5233240306825716e-01 dt=9.9490086581747519e-09
cycle=2683 time=1.5233241301726580e-01 dt=1.9898017316349504e-08
cycle=2684 time=1.5233243291528312e-01 dt=3.9796034632699008e-08
cycle=2685 time=1.5233247271131775e-01 dt=7.9592069265398015e-08
cycle=2686 time=1.5233255230338702e-01 dt=1.5918413853079603e-07
cycle=2687 time=1.5233271148752556e-01 dt=3.1836827706159206e-07
cycle=2688 time=1.5233302985580263e-01 dt=6.3673655412318412e-07
cycle=2689 time=1.5233366659235675e-01 dt=1.2734731082463682e-06
cycle=2690 time=1.5233494006546500e-01 dt=2.2821007943802863e-06
cycle=2691 time=1.5233722216625939e-01 dt=3.1502614321386064e-06
cycle=2692 time=1.5234037242769152e-01 dt=3.3740281983709901e-06
cycle=2693 time=1.5234374645588988e-01 dt=3.5334509521691106e-06
cycle=2694 time=1.5234727990684205e-01 dt=3.6882443459066585e-06
cycle=2695 time=1.5235096815118795e-01 dt=3.8516091948141746e-06
cycle=2696 time=1.5235481976038276e-01 dt=4.0337328384320079e-06
cycle=2697 time=1.5235885349322120e-01 dt=4.2371060367902698e-06
cycle=2698 time=1.5236309059925798e-01 dt=3.7525311893364919e-06
cycle=2699 time=1.5236684313044732e-01 dt=3.1728965358110480e-06
cycle=2700 time=1.5237001602698313e-01 dt=2.7038316323723729e-06
cycle=2701 time=1.5237271985861550e-01 dt=2.3468930176227521e-06
cycle=2702 time=1.5237506675163312e-01 dt=2.0814774108299092e-06
cycle=2703 time=1.5237714822904394e-01 dt=1.8874202540732839e-06
cycle=2704 time=1.5237903564929800e-01 dt=1.7500661635571505e-06
cycle=2705 time=1.5238078571546157e-01 dt=1.6544475136485347e-06
cycle=2706 time=1.5238244016297522e-01 dt=1.5887830255586206e-06
cycle=2707 time=1.5238402894600078e-01 dt=1.5442555672950585e-06
cycle=2708 time=1.5238557320156806e-01 dt=1.5144986029831800e-06
cycle=2709 time=1.5238708770017104e-01 dt=1.4948937398544372e-06
cycle=2710 time=1.5238858259391089e-01 dt=1.4821803228186579e-06
cycle=2711 time=1.5239006477423370e-01 dt=1.4738546087685137e-06
cycle=2712 time=1.5239153862884247e-01 dt=1.4680800682144839e-06
cycle=2713 time=1.5239300670891068e-01 dt=1.4635731600626649e-06
cycle=2714 time=1.5239447028207073e-01 dt=1.4594600137595722e-06
cycle=2715 time=1.5239592974208449e-01 dt=1.4552067138596543e-06
cycle=2716 time=1.5239738494879834e-01 dt=1.4504836498054754e-06
cycle=2717 time=1.5239883543244814e-01 dt=1.4444555471812819e-06
cycle=2718 time=1.5240027988799532e-01 dt=1.4369432232542934e-06
cycle=2719 time=1.5240171683121856e-01 dt=1.4288076866567166e-06
cycle=2720 time=1.5240314563890522e-01 dt=2.2176692224827113e-06
cycle=2721 time=1.5240536330812771e-01 dt=4.4353384449654226e-06
cycle=2722 time=1.5240979864657267e-01 dt=4.7716398381197468e-06
cycle=2723 time=1.5241457028641078e-01 dt=4.8974156998144012e-06
cycle=2724 time=1.5241946770211059e-01 dt=4.7441535279675860e-06
cycle=2725 time=1.5242421185563856e-01 dt=4.1820081394820066e-06
cycle=2726 time=1.5242839386377804e-01 dt=3.3584273206665085e-06
cycle=2727 time=1.5243175229109870e-01 dt=2.8268222919063848e-06
cycle=2728 time=1.5243457911339062e-01 dt=2.6112390719254594e-06
cycle=2729 time=1.5243719035246253e-01 dt=2.5169769816177276e-06
cycle=2730 time=1.5243970732944415e-01 dt=2.4614867836574061e-06
cycle=2731 time=1.5244216881622780e-01 dt=2.6306885855213162e-06
cycle=2732 time=1.5244479950481332e-01 dt=2.9655943087276116e-06
cycle=2733 time=1.5244776509912206e-01 dt=3.4854474194126345e-06
cycle=2734 time=1.5245125054654146e-01 dt=3.3822281967482759e-06
cycle=2735 time=1.5245463277473820e-01 dt=3.2613558392006475e-06
cycle=2736 time=1.5245789413057739e-01 dt=3.1519528168567442e-06
cycle=2737 time=1.5246104608339425e-01 dt=3.0559780430133036e-06
cycle=2738 time=1.5246410206143726e-01 dt=2.9745899789848818e-06
cycle=2739 time=1.5246707665141623e-01 dt=2.9096285225612406e-06
cycle=2740 time=1.5246998627993880e-01 dt=2.8582167114057692e-06
cycle=2741 time=1.5247284449665019e-01 dt=2.8193286886856411e-06
cycle=2742 time=1.5247566382533886e-01 dt=2.7923506460414517e-06
cycle=2743 time=1.5247845617598491e-01 dt=2.7756423651425921e-06
cycle=2744 time=1.5248123181835005e-01 dt=2.7669154873107303e-06
cycle=2745 time=1.5248399873383736e-01 dt=2.7632937721243437e-06
cycle=2746 time=1.5248676202760950e-01 dt=2.7633107756109675e-06
cycle=2747 time=1.5248952533838511e-01 dt=2.7656797174240044e-06
cycle=2748 time=1.5249229101810255e-01 dt=2.7697793824106285e-06
cycle=2749 time=1.5249506079748495e-01 dt=2.7749137095198190e-06
cycle=2750 time=1.5249783571119446e-01 dt=2.7803365026950150e-06
cycle=2751 time=1.5250061604769716e-01 dt=2.7855313803741931e-06
cycle=2752 time=1.5250340157907752e-01 dt=2.7901671435301655e-06
cycle=2753 time=1.5250619174622104e-01 dt=2.7940582053409998e-06
cycle=2754 time=1.5250898580442637e-01 dt=2.7971356252280016e-06
cycle=2755 time=1.5251178294005160e-01 dt=2.7994108938415474e-06
cycle=2756 time=1.5251458235094545e-01 dt=2.8013056373470914e-06
cycle=2757 time=1.5251738365658279e-01 dt=2.8140555255074060e-06
cycle=2758 time=1.5252019771210831e-01 dt=2.9147374552719173e-06
cycle=2759 time=1.5252311244956360e-01 dt=3.0361355104572935e-06
cycle=2760 time=1.5252614858507405e-01 dt=3.0485983678785854e-06
cycle=2761 time=1.5252919718344193e-01 dt=3.0792326133484979e-06
cycle=2762 time=1.5253227641605530e-01 dt=3.1290781702710370e-06
cycle=2763 time=1.5253540549422556e-01 dt=3.2006577473744968e-06
cycle=2764 time=1.5253860615197293e-01 dt=2.9995114614932186e-06
cycle=2765 time=1.5254160566343442e-01 dt=2.5233137384016471e-06
cycle=2766 time=1.5254412897717282e-01 dt=2.1809745526087731e-06
cycle=2767 time=1.5254630995172541e-01 dt=1.9378820664738777e-06
cycle=2768 time=1.5254824783379189e-01 dt=1.7692109394230105e-06
cycle=2769 time=1.5255001704473131e-01 dt=1.6532948290338700e-06
cycle=2770 time=1.5255167033956035e-01 dt=1.5737373994148218e-06
cycle=2771 time=1.5255324407695978e-01 dt=1.5189437042687404e-06
cycle=2772 time=1.5255476302066404e-01 dt=1.4807209501728106e-06
cycle=2773 time=1.5255624374161422e-01 dt=1.4533903155941320e-06
cycle=2774 time=1.5255769713192982e-01 dt=1.4330919364083256e-06
cycle=2775 time=1.5255913022386622e-01 dt=1.4172273265228730e-06
cycle=2776 time=1.5256054745119274e-01 dt=1.4040743907969387e-06
cycle=2777 time=1.5256195152558355e-01 dt=1.3924819965456361e-06
cycle=2778 time=1.5256334400758009e-01 dt=1.3817448933770012e-06
cycle=2779 time=1.5256472575247346e-01 dt=1.3714340638970114e-06
cycle=2780 time=1.5256609718653735e-01 dt=2.3819568062508950e-06
cycle=2781 time=1.5256847914334359e-01 dt=4.7639136125017900e-06
cycle=2782 time=1.5257324305695610e-01 dt=5.1448604664760893e-06
cycle=2783 time=1.5257838791742259e-01 dt=4.6830979266184488e-06
cycle=2784 time=1.5258307101534921e-01 dt=4.0852279964965356e-06
cycle=2785 time=1.5258715624334571e-01 dt=3.4617536314870766e-06
cycle=2786 time=1.5259061799697721e-01 dt=2.7471146362417814e-06
cycle=2787 time=1.5259336511161345e-01 dt=2.2895442486804163e-06
cycle=2788 time=1.5259565465586214e-01 dt=2.1922815192326318e-06
cycle=2789 time=1.5259784693738138e-01 dt=2.3287552260014934e-06
cycle=2790 time=1.5260017569260736e-01 dt=2.6762708804180022e-06
cycle=2791 time=1.5260285196348777e-01 dt=2.6286270121539553e-06
cycle=2792 time=1.5260548059049991e-01 dt=2.5062474888636015e-06
cycle=2793 time=1.5260798683798879e-01 dt=2.4149388593648654e-06
cycle=2794 time=1.5261040177684815e-01 dt=2.4147016236075941e-06
cycle=2795 time=1.5261281647847175e-01 dt=2.5370279350672898e-06
cycle=2796 time=1.5261535350640681e-01 dt=2.7869789931134161e-06
cycle=2797 time=1.5261814048539993e-01 dt=2.8592744533007304e-06
cycle=2798 time=1.5262099975985322e-01 dt=2.6967853327103315e-06
cycle=2799 time=1.5262369654518593e-01 dt=2.5824775623290693e-06
cycle=2800 time=1.5262627902274825e-01 dt=2.5110010526764547e-06
cycle=2801 time=1.5262879002380092e-01 dt=2.4763268243433802e-06
cycle=2802 time=1.5263126635062527e-01 dt=2.4746872467266822e-06
cycle=2803 time=1.5263374103787200e-01 dt=2.5057434075701146e-06
cycle=2804 time=1.5263624678127957e-01 dt=2.5715612083176513e-06
cycle=2805 time=1.5263881834248788e-01 dt=2.6754012452466547e-06
cycle=2806 time=1.5264149374373312e-01 dt=2.8208078072587751e-06
cycle=2807 time=1.5264431455154037e-01 dt=3.0088321458341169e-06
cycle=2808 time=1.5264732338368620e-01 dt=3.1517811192614001e-06
cycle=2809 time=1.5265047516480545e-01 dt=2.8993437303114756e-06
cycle=2810 time=1.5265337450853578e-01 dt=2.6275981921155724e-06
cycle=2811 time=1.5265600210672789e-01 dt=2.6445115206671165e-06
cycle=2812 time=1.5265864661824854e-01 dt=2.9722789775954982e-06
cycle=2813 time=1.5266161889722615e-01 dt=3.1579693753654965e-06
cycle=2814 time=1.5266477686660151e-01 dt=2.5397399356814297e-06
cycle=2815 time=1.5266731660653721e-01 dt=2.0379052091365546e-06
cycle=2816 time=1.5266935451174635e-01 dt=1.7209366632845929e-06
cycle=2817 time=1.5267107544840963e-01 dt=1.5238570561729476e-06
cycle=2818 time=1.5267259930546581e-01 dt=1.4031595703036497e-06
cycle=2819 time=1.5267400246503612e-01 dt=1.3303385806578689e-06
cycle=2820 time=1.5267533280361678e-01 dt=1.2876010974774522e-06
cycle=2821 time=1.5267662040471425e-01 dt=1.2629843431583432e-06
cycle=2822 time=1.5267788338905741e-01 dt=1.2488109181323218e-06
cycle=2823 time=1.5267913219997553e-01 dt=1.2403721501432964e-06
cycle=2824 time=1.5268037257212566e-01 dt=1.2351032573495083e-06
cycle=2825 time=1.5268160767538302e-01 dt=1.2312383539852142e-06
cycle=2826 time=1.5268283891373702e-01 dt=1.2279703766918326e-06
cycle=2827 time=1.5268406688411371e-01 dt=1.2246777008381784e-06
cycle=2828 time=1.5268529156181454e-01 dt=1.2209394946279247e-06
cycle=2829 time=1.5268651250130916e-01 dt=1.2165666570313220e-06
cycle=2830 time=1.5268772906796618e-01 dt=1.2123775979573344e-06
cycle=2831 time=1.5268894144556414e-01 dt=1.2088233049826887e-06
cycle=2832 time=1.5269015026886912e-01 dt=1.2050820738122572e-06
cycle=2833 time=1.5269135535094294e-01 dt=1.8390028909239656e-06
cycle=2834 time=1.5269319435383386e-01 dt=3.6780057818479311e-06
cycle=2835 time=1.5269687235961571e-01 dt=4.2516991979829977e-06
cycle=2836 time=1.5270112405881370e-01 dt=3.7985012482099494e-06
cycle=2837 time=1.5270492256006191e-01 dt=3.1972444220392672e-06
cycle=2838 time=1.5270811980448395e-01 dt=2.7156243467449243e-06
cycle=2839 time=1.5271083542883071e-01 dt=2.4487059930709538e-06
cycle=2840 time=1.5271328413482377e-01 dt=2.3586938089223930e-06
cycle=2841 time=1.5271564282863270e-01 dt=2.3371705872867075e-06
cycle=2842 time=1.5271797999921999e-01 dt=2.3347327459029222e-06
cycle=2843 time=1.5272031473196590e-01 dt=2.3387206639741051e-06
cycle=2844 time=1.5272265345262986e-01 dt=2.3458290212005124e-06
cycle=2845 time=1.5272499928165106e-01 dt=2.3597534732268248e-06
cycle=2846 time=1.5272735903512430e-01 dt=2.3727409678491931e-06
cycle=2847 time=1.5272973177609214e-01 dt=2.3819225557738614e-06
cycle=2848 time=1.5273211369864792e-01 dt=2.3861117499859964e-06
cycle=2849 time=1.5273449981039791e-01 dt=2.3865395214196214e-06
cycle=2850 time=1.5273688634991933e-01 dt=2.3832020248787734e-06
cycle=2851 time=1.5273926955194422e-01 dt=2.3762577277196122e-06
cycle=2852 time=1.5274164580967195e-01 dt=2.3661390136665028e-06
cycle=2853 time=1.5274401194868562e-01 dt=2.3544422588119421e-06
cycle=2854 time=1.5274636639094444e-01 dt=2.3382448240035786e-06
cycle=2855 time=1.5274870463576845e-01 dt=2.3159735767325486e-06
cycle=2856 time=1.5275102060934517e-01 dt=2.2880472831500926e-06
cycle=2857 time=1.5275330865662831e-01 dt=2.2552696538029650e-06
cycle=2858 time=1.5275556392628212e-01 dt=2.2184793811289850e-06
cycle=2859 time=1.5275778240566323e-01 dt=2.1791573439371333e-06
cycle=2860 time=1.5275996156300717e-01 dt=2.1383335739543910e-06
cycle=2861 time=1.5276209989658113e-01 dt=2.0955180329452776e-06
cycle=2862 time=1.5276419541461408e-01 dt=2.0508247906157166e-06
cycle=2863 time=1.5276624623940471e-01 dt=2.0046634692053780e-06
cycle=2864 time=1.5276825090287391e-01 dt=1.9574816944607853e-06
cycle=2865 time=1.5277020838456837e-01 dt=1.9094840238462379e-06
cycle=2866 time=1.5277211786859221e-01 dt=1.8609526934021393e-06
cycle=2867 time=1.5277397882128560e-01 dt=1.8121961013137663e-06
cycle=2868 time=1.5277579101738692e-01 dt=1.7635009716904957e-06
cycle=2869 time=1.5277755451835862e-01 dt=1.7151478876229731e-06
cycle=2870 time=1.5277926966624625e-01 dt=1.6673761780571911e-06
cycle=2871 time=1.5278093704242429e-01 dt=1.6202554228138329e-06
cycle=2872 time=1.5278255729784709e-01 dt=1.5736747485060183e-06
cycle=2873 time=1.5278413097259561e-01 dt=1.5274893287052750e-06
cycle=2874 time=1.5278565846192432e-01 dt=1.4812930279022653e-06
cycle=2875 time=1.5278713975495223e-01 dt=1.4334201292468614e-06
cycle=2876 time=1.5278857317508149e-01 dt=1.3831669910305819e-06
cycle=2877 time=1.5278995634207251e-01 dt=1.3296474802579571e-06
cycle=2878 time=1.5279128598955277e-01 dt=1.2693653418758039e-06
cycle=2879 time=1.5279255535489464e-01 dt=1.1860395168987089e-06
cycle=2880 time=1.5279374139441154e-01 dt=9.7154862371265331e-07
cycle=2881 time=1.5279471294303526e-01 dt=1.0187561047211976e-06
cycle=2882 time=1.5279573169913999e-01 dt=1.1175308047243949e-06
cycle=2883 time=1.5279684922994471e-01 dt=1.2506971828654259e-06
cycle=2884 time=1.5279809992712759e-01 dt=1.4221760562047292e-06
cycle=2885 time=1.5279952210318379e-01 dt=1.6405575344759865e-06
cycle=2886 time=1.5280116266071828e-01 dt=1.8615452937317447e-06
cycle=2887 time=1.5280302420601199e-01 dt=2.2265591879146980e-06
cycle=2888 time=1.5280525076519991e-01 dt=2.6897944679192637e-06
cycle=2889 time=1.5280794055966782e-01 dt=3.0550634430689178e-06
cycle=2890 time=1.5281099562311087e-01 dt=3.4806322093247139e-06
cycle=2891 time=1.5281447625532019e-01 dt=3.9087675775299057e-06
cycle=2892 time=1.5281838502289771e-01 dt=3.6121531095723693e-06
cycle=2893 time=1.5282199717600728e-01 dt=2.8379174230449128e-06
cycle=2894 time=1.5282483509343031e-01 dt=2.3218153304946879e-06
cycle=2895 time=1.5282715690876081e-01 dt=1.9945634636790342e-06
cycle=2896 time=1.5282915147222448e-01 dt=1.7899290124503429e-06
cycle=2897 time=1.5283094140123693e-01 dt=1.6678298755150284e-06
cycle=2898 time=1.5283260923111244e-01 dt=1.5956964388168218e-06
cycle=2899 time=1.5283420492755126e-01 dt=1.5538264987149196e-06
cycle=2900 time=1.5283575875404998e-01 dt=1.5298958268134969e-06
cycle=2901 time=1.5283728864987678e-01 dt=1.5162413911559990e-06
cycle=2902 time=1.5283880489126794e-01 dt=1.5088692793292886e-06
cycle=2903 time=1.5284031376054727e-01 dt=1.5051857711390904e-06
cycle=2904 time=1.5284181894631840e-01 dt=1.5035542138689782e-06
cycle=2905 time=1.5284332250053226e-01 dt=1.5031268101129613e-06
cycle=2906 time=1.5284482562734236e-01 dt=1.5014927856680948e-06
cycle=2907 time=1.5284632712012802e-01 dt=1.4997656131115387e-06
cycle=2908 time=1.5284782688574114e-01 dt=1.4984606259708109e-06
cycle=2909 time=1.5284932534636711e-01 dt=1.4964766067803022e-06
cycle=2910 time=1.5285082182297388e-01 dt=1.4953585759034497e-06
cycle=2911 time=1.5285231718154979e-01 dt=1.4956533127385547e-06
cycle=2912 time=1.5285381283486252e-01 dt=1.4968304588094835e-06
cycle=2913 time=1.5285530966532132e-01 dt=1.4989695474259635e-06
cycle=2914 time=1.5285680863486875e-01 dt=1.5023616791148829e-06
cycle=2915 time=1.5285831099654787e-01 dt=1.5070865927377399e-06
cycle=2916 time=1.5285981808314061e-01 dt=1.8337349323042199e-06
cycle=2917 time=1.5286165181807293e-01 dt=3.6674698646084398e-06
cycle=2918 time=1.5286531928793753e-01 dt=4.7689435301419427e-06
cycle=2919 time=1.5287008823146767e-01 dt=4.3255794840899094e-06
cycle=2920 time=1.5287441381095176e-01 dt=3.7192144753962052e-06
cycle=2921 time=1.5287813302542716e-01 dt=3.1980849111762747e-06
cycle=2922 time=1.5288133111033833e-01 dt=2.7500143963373009e-06
cycle=2923 time=1.5288408112473467e-01 dt=2.5405203555959761e-06
cycle=2924 time=1.5288662164509026e-01 dt=2.4574886750006178e-06
cycle=2925 time=1.5288907913376526e-01 dt=2.5204500633857537e-06
cycle=2926 time=1.5289159958382864e-01 dt=2.7309205156643042e-06
cycle=2927 time=1.5289433050434431e-01 dt=2.6182128945003921e-06
cycle=2928 time=1.5289694871723880e-01 dt=2.5711280463109726e-06
cycle=2929 time=1.5289951984528510e-01 dt=2.5482368774366953e-06
cycle=2930 time=1.5290206808216253e-01 dt=2.5320089096513464e-06
cycle=2931 time=1.5290460009107218e-01 dt=2.5158072847203074e-06
cycle=2932 time=1.5290711589835690e-01 dt=2.4994261258768010e-06
cycle=2933 time=1.5290961532448277e-01 dt=2.4824451233541788e-06
cycle=2934 time=1.5291209776960613e-01 dt=2.4615929744722039e-06
cycle=2935 time=1.5291455936258061e-01 dt=2.4358160652864502e-06
cycle=2936 time=1.5291699517864590e-01 dt=2.4035537507172682e-06
cycle=2937 time=1.5291939873239663e-01 dt=2.3647339572207980e-06
cycle=2938 time=1.5292176346635386e-01 dt=2.3200957070735155e-06
cycle=2939 time=1.5292408356206094e-01 dt=2.2702321944627154e-06
cycle=2940 time=1.5292635379425540e-01 dt=2.2158156142651375e-06
cycle=2941 time=1.5292856960986967e-01 dt=2.1574978788496285e-06
cycle=2942 time=1.5293072710774852e-01 dt=2.0957574372394935e-06
cycle=2943 time=1.5293282286518575e-01 dt=2.0311084879561430e-06
cycle=2944 time=1.5293485397367371e-01 dt=1.9639615735618882e-06
cycle=2945 time=1.5293681793524727e-01 dt=1.8945928199790688e-06
cycle=2946 time=1.5293871252806726e-01 dt=1.8230667468733270e-06
cycle=2947 time=1.5294053559481413e-01 dt=1.7491743783907369e-06
cycle=2948 time=1.5294228476919253e-01 dt=1.6724153693877190e-06
cycle=2949 time=1.5294395718456191e-01 dt=1.5915532546019937e-06
cycle=2950 time=1.5294554873781652e-01 dt=1.5043149726072134e-06
cycle=2951 time=1.5294705305278913e-01 dt=1.4060635513942172e-06
cycle=2952 time=1.5294845911634053e-01 dt=1.2607558179972170e-06
cycle=2953 time=1.5294971987215852e-01 dt=1.1297281801042614e-06
cycle=2954 time=1.5295084960033864e-01 dt=1.1307810679954948e-06
cycle=2955 time=1.5295198038140664e-01 dt=1.1740435847866664e-06
cycle=2956 time=1.5295315442499144e-01 dt=1.2407435913152793e-06
cycle=2957 time=1.5295439516858275e-01 dt=1.3311432218686965e-06
cycle=2958 time=1.5295572631180462e-01 dt=1.4516695534112768e-06
cycle=2959 time=1.5295717798135802e-01 dt=1.6099317462544502e-06
cycle=2960 time=1.5295878791310427e-01 dt=1.8131276789784553e-06
cycle=2961 time=1.5296060104078324e-01 dt=2.0741449796107857e-06
cycle=2962 time=1.5296267518576284e-01 dt=2.4088020125245389e-06
cycle=2963 time=1.5296508398777536e-01 dt=2.7582294720837613e-06
cycle=2964 time=1.5296784221724744e-01 dt=3.0990538330202435e-06
cycle=2965 time=1.5297094127108046e-01 dt=3.4995154117642281e-06
cycle=2966 time=1.5297444078649222e-01 dt=3.9006177817784821e-06
cycle=2967 time=1.5297834140427399e-01 dt=3.9840559910481943e-06
cycle=2968 time=1.5298232546026505e-01 dt=3.1005737926096768e-06
cycle=2969 time=1.5298542603405765e-01 dt=2.5196842095314204e-06
cycle=2970 time=1.5298794571826718e-01 dt=2.1477953707115385e-06
cycle=2971 time=1.5299009351363790e-01 dt=1.9150023151485788e-06
cycle=2972 time=1.5299200851595304e-01 dt=1.7766172366593452e-06
cycle=2973 time=1.5299378513318970e-01 dt=1.6969525138625904e-06
cycle=2974 time=1.5299548208570357e-01 dt=1.6537645891523140e-06
cycle=2975 time=1.5299713585029273e-01 dt=1.6324404572559553e-06
cycle=2976 time=1.5299876829074999e-01 dt=1.6238490048194977e-06
cycle=2977 time=1.5300039213975480e-01 dt=1.6213703488176653e-06
cycle=2978 time=1.5300201351010362e-01 dt=1.6232852964809180e-06
cycle=2979 time=1.5300363679540011e-01 dt=1.6282110191045982e-06
cycle=2980 time=1.5300526500641920e-01 dt=1.6345823800219551e-06
cycle=2981 time=1.5300689958879923e-01 dt=1.6418730588897331e-06
cycle=2982 time=1.5300854146185813e-01 dt=1.6520617745590329e-06
cycle=2983 time=1.5301019352363268e-01 dt=1.6618015980498943e-06
cycle=2984 time=1.5301185532523073e-01 dt=1.6686575433973875e-06
cycle=2985 time=1.5301352398277412e-01 dt=1.6749149225271740e-06
cycle=2986 time=1.5301519889769666e-01 dt=1.6808604804921900e-06
cycle=2987 time=1.5301687975817715e-01 dt=1.6867251388501663e-06
cycle=2988 time=1.5301856648331599e-01 dt=1.6926917063975982e-06
cycle=2989 time=1.5302025917502238e-01 dt=1.6988950116197270e-06
cycle=2990 time=1.5302195807003399e-01 dt=1.7054268297868697e-06
cycle=2991 time=1.5302366349686378e-01 dt=1.7123501691496568e-06
cycle=2992 time=1.5302537584703294e-01 dt=1.7196825645374711e-06
cycle=2993 time=1.5302709552959748e-01 dt=1.7274308172911507e-06
cycle=2994 time=1.5302882296041476e-01 dt=1.7355971402763625e-06
cycle=2995 time=1.5303055855755504e-01 dt=2.1334467225412583e-06
cycle=2996 time=1.5303269200427758e-01 dt=4.2668934450825167e-06
cycle=2997 time=1.5303695889772265e-01 dt=4.9063987296055965e-06
cycle=2998 time=1.5304186529645225e-01 dt=4.4743574190490090e-06
cycle=2999 time=1.5304633965387129e-01 dt=3.9351391967946102e-06
cycle=3000 time=1.5305027479306810e-01 dt=3.4407675912974204e-06
cycle=3001 time=1.5305371556065939e-01 dt=3.0043322986463541e-06
cycle=3002 time=1.5305671989295802e-01 dt=2.7912465564694324e-06
cycle=3003 time=1.5305951113951449e-01 dt=2.7110296508343437e-06
cycle=3004 time=1.5306222216916532e-01 dt=2.6815342120864991e-06
cycle=3005 time=1.5306490370337741e-01 dt=2.6695959978077272e-06
cycle=3006 time=1.5306757329937523e-01 dt=2.6624332136202960e-06
cycle=3007 time=1.5307023573258885e-01 dt=2.6610090629673020e-06
cycle=3008 time=1.5307289674165181e-01 dt=2.6584200018380492e-06
cycle=3009 time=1.5307555516165364e-01 dt=2.6475530720353008e-06
cycle=3010 time=1.5307820271472566e-01 dt=2.6272957922472153e-06
cycle=3011 time=1.5308083001051792e-01 dt=2.5992111821012773e-06
cycle=3012 time=1.5308342922170001e-01 dt=2.5692205425549447e-06
cycle=3013 time=1.5308599844224258e-01 dt=2.5525216318476609e-06
cycle=3014 time=1.5308855096387441e-01 dt=2.7055223755202211e-06
cycle=3015 time=1.5309125648624994e-01 dt=3.0071012330005189e-06
cycle=3016 time=1.5309426358748293e-01 dt=2.8274553607841588e-06
cycle=3017 time=1.5309709104284372e-01 dt=2.6846829979933938e-06
cycle=3018 time=1.5309977572584171e-01 dt=2.5689945351359980e-06
cycle=3019 time=1.5310234472037684e-01 dt=2.4736915994312273e-06
cycle=3020 time=1.5310481841197626e-01 dt=2.3946133858709901e-06
cycle=3021 time=1.5310721302536212e-01 dt=2.3293937981608798e-06
cycle=3022 time=1.5310954241916028e-01 dt=2.2770259991714030e-06
cycle=3023 time=1.5311181944515945e-01 dt=2.2377428618718325e-06
cycle=3024 time=1.5311405718802132e-01 dt=2.2127751797587849e-06
cycle=3025 time=1.5311626996320107e-01 dt=2.2043761360576290e-06
cycle=3026 time=1.5311847433933712e-01 dt=2.2159002513352705e-06
cycle=3027 time=1.5312069023958846e-01 dt=2.2519079396424115e-06
cycle=3028 time=1.5312294214752811e-01 dt=2.3180048536179260e-06
cycle=3029 time=1.5312526015238173e-01 dt=2.4185777895178719e-06
cycle=3030 time=1.5312767873017125e-01 dt=2.5585827415104842e-06
cycle=3031 time=1.5313023731291275e-01 dt=2.7464202928871446e-06
cycle=3032 time=1.5313298373320564e-01 dt=2.9787683045184485e-06
cycle=3033 time=1.5313596250151015e-01 dt=3.2513958898840205e-06
cycle=3034 time=1.5313921389740004e-01 dt=3.5456514863796704e-06
cycle=3035 time=1.5314275954888643e-01 dt=3.2393797159544846e-06
cycle=3036 time=1.5314599892860237e-01 dt=2.8964572311752165e-06
cycle=3037 time=1.5314889538583354e-01 dt=2.6289751145672506e-06
cycle=3038 time=1.5315152436094812e-01 dt=2.3756644064347403e-06
cycle=3039 time=1.5315390002535456e-01 dt=2.0391830306080502e-06
cycle=3040 time=1.5315593920838516e-01 dt=1.8272715778905795e-06
cycle=3041 time=1.5315776647996304e-01 dt=1.6994158995578304e-06
cycle=3042 time=1.5315946589586260e-01 dt=1.6256045830569547e-06
cycle=3043 time=1.5316109150044566e-01 dt=1.5863135212301556e-06
cycle=3044 time=1.5316267781396689e-01 dt=1.5688071265628756e-06
cycle=3045 time=1.5316424662109346e-01 dt=1.5643520876773601e-06
cycle=3046 time=1.5316581097318113e-01 dt=1.5667712019952161e-06
cycle=3047 time=1.5316737774438313e-01 dt=1.5719815209281622e-06
cycle=3048 time=1.5316894972590406e-01 dt=1.5778557204659050e-06
cycle=3049 time=1.5317052758162453e-01 dt=1.5834412180198390e-06
cycle=3050 time=1.5317211102284253e-01 dt=1.5908338705767330e-06
cycle=3051 time=1.5317370185671311e-01 dt=1.5997357098451790e-06
cycle=3052 time=1.5317530159242296e-01 dt=1.6084004735263575e-06
cycle=3053 time=1.5317690999289649e-01 dt=1.6159987430850422e-06
cycle=3054 time=1.5317852599163959e-01 dt=1.6222692818173340e-06
cycle=3055 time=1.5318014826092141e-01 dt=1.6274391498981498e-06
cycle=3056 time=1.5318177570007130e-01 dt=1.6335794948952652e-06
cycle=3057 time=1.5318340927956620e-01 dt=1.6404007302714534e-06
cycle=3058 time=1.5318504968029648e-01 dt=1.6477871193662040e-06
cycle=3059 time=1.5318669746741584e-01 dt=1.6556616374041147e-06
cycle=3060 time=1.5318835312905324e-01 dt=1.6639965389009511e-06
cycle=3061 time=1.5319001712559213e-01 dt=1.6727860370439025e-06
cycle=3062 time=1.5319168991162918e-01 dt=1.6820324458694308e-06
cycle=3063 time=1.5319337194407506e-01 dt=1.6919737309070317e-06
cycle=3064 time=1.5319506391780596e-01 dt=1.7057607674854423e-06
cycle=3065 time=1.5319676967857346e-01 dt=1.7213973065333503e-06
cycle=3066 time=1.5319849107587999e-01 dt=1.7366487575290074e-06
cycle=3067 time=1.5320022772463751e-01 dt=1.7501539917035369e-06
cycle=3068 time=1.5320197787862921e-01 dt=1.7629564070981157e-06
cycle=3069 time=1.5320374083503632e-01 dt=1.7756060600314812e-06
cycle=3070 time=1.5320551644109637e-01 dt=1.7862215913709471e-06
cycle=3071 time=1.5320730266268773e-01 dt=1.8725534755536779e-06
cycle=3072 time=1.5320917521616328e-01 dt=3.7451069511073558e-06
cycle=3073 time=1.5321292032311440e-01 dt=4.6416491398137414e-06
cycle=3074 time=1.5321756197225422e-01 dt=4.7029369912571054e-06
cycle=3075 time=1.5322226490924548e-01 dt=4.4532608696676056e-06
cycle=3076 time=1.5322671817011516e-01 dt=3.7597702694998236e-06
cycle=3077 time=1.5323047794038466e-01 dt=3.2889243993688863e-06
cycle=3078 time=1.5323376686478404e-01 dt=3.0108537379460859e-06
cycle=3079 time=1.5323677771852198e-01 dt=2.8999986939025314e-06
cycle=3080 time=1.5323967771721589e-01 dt=2.8604622064177697e-06
cycle=3081 time=1.5324253817942229e-01 dt=2.8505383088133991e-06
cycle=3082 time=1.5324538871773111e-01 dt=3.0000096636888128e-06
cycle=3083 time=1.5324838872739480e-01 dt=3.0771753448693703e-06
cycle=3084 time=1.5325146590273966e-01 dt=3.0281674325764357e-06
cycle=3085 time=1.5325449407017225e-01 dt=2.9729435359095796e-06
cycle=3086 time=1.5325746701370815e-01 dt=2.9200427019546267e-06
cycle=3087 time=1.5326038705641010e-01 dt=2.8726474756729492e-06
cycle=3088 time=1.5326325970388577e-01 dt=2.8309989583971614e-06
cycle=3089 time=1.5326609070284417e-01 dt=2.9100008479362034e-06
cycle=3090 time=1.5326900070369209e-01 dt=3.1157956603616401e-06
cycle=3091 time=1.5327211649935246e-01 dt=3.2207917432082938e-06
cycle=3092 time=1.5327533729109566e-01 dt=3.0541833987174827e-06
cycle=3093 time=1.5327839147449437e-01 dt=2.8963247892063806e-06
cycle=3094 time=1.5328128779928357e-01 dt=2.7737670642421341e-06
cycle=3095 time=1.5328406156634780e-01 dt=2.7694866106005856e-06
cycle=3096 time=1.5328683105295840e-01 dt=2.8980410307586468e-06
cycle=3097 time=1.5328972909398916e-01 dt=2.9657553907389064e-06
cycle=3098 time=1.5329269484937991e-01 dt=2.8766566094344499e-06
cycle=3099 time=1.5329557150598935e-01 dt=2.7898336235148525e-06
cycle=3100 time=1.5329836133961286e-01 dt=2.7199875444191508e-06
cycle=3101 time=1.5330108132715728e-01 dt=2.3228584192060830e-06
cycle=3102 time=1.5330340418557648e-01 dt=2.0706710209804426e-06
cycle=3103 time=1.5330547485659746e-01 dt=1.9111697387826044e-06
cycle=3104 time=1.5330738602633623e-01 dt=1.8137563989292973e-06
cycle=3105 time=1.5330919978273516e-01 dt=1.7570188977824966e-06
cycle=3106 time=1.5331095680163295e-01 dt=1.7266400636701033e-06
cycle=3107 time=1.5331268344169663e-01 dt=1.7130781518904663e-06
cycle=3108 time=1.5331439651984852e-01 dt=1.7134018125285612e-06
cycle=3109 time=1.5331610992166106e-01 dt=1.7186836148380593e-06
cycle=3110 time=1.5331782860527590e-01 dt=1.7256832639928689e-06
cycle=3111 time=1.5331955428853988e-01 dt=1.7330522884343982e-06
cycle=3112 time=1.5332128734082831e-01 dt=1.7429730117689318e-06
cycle=3113 time=1.5332303031384009e-01 dt=1.7546549482261158e-06
cycle=3114 time=1.5332478496878832e-01 dt=1.7672396155534581e-06
cycle=3115 time=1.5332655220840388e-01 dt=1.7802972770195166e-06
cycle=3116 time=1.5332833250568090e-01 dt=1.7944325555370654e-06
cycle=3117 time=1.5333012693823644e-01 dt=1.8100560199447052e-06
cycle=3118 time=1.5333193699425640e-01 dt=1.8265123852789986e-06
cycle=3119 time=1.5333376350664168e-01 dt=1.8432164326372770e-06
cycle=3120 time=1.5333560672307434e-01 dt=1.8599411283774136e-06
cycle=3121 time=1.5333746666420273e-01 dt=1.8768549835392507e-06
cycle=3122 time=1.5333934351918627e-01 dt=1.8943213007685204e-06
cycle=3123 time=1.5334123784048703e-01 dt=1.9124391587317954e-06
cycle=3124 time=1.5334315027964576e-01 dt=1.9292748307053140e-06
cycle=3125 time=1.5334507955447646e-01 dt=1.9501514535857101e-06
cycle=3126 time=1.5334702970593003e-01 dt=1.9748270870265983e-06
cycle=3127 time=1.5334900453301706e-01 dt=2.0098793742380429e-06
cycle=3128 time=1.5335101441239130e-01 dt=2.0443559187802184e-06
cycle=3129 time=1.5335305876831007e-01 dt=2.0770879885277706e-06
cycle=3130 time=1.5335513585629859e-01 dt=2.1079158722894550e-06
cycle=3131 time=1.5335724377217089e-01 dt=2.1376118219899681e-06
cycle=3132 time=1.5335938138399288e-01 dt=2.1660775493564688e-06
cycle=3133 time=1.5336154746154224e-01 dt=2.6330835358759679e-06
cycle=3134 time=1.5336418054507811e-01 dt=5.0252064372116288e-06
cycle=3135 time=1.5336920575151533e-01 dt=4.3808969587618528e-06
cycle=3136 time=1.5337358664847409e-01 dt=3.6807298400329589e-06
cycle=3137 time=1.5337726737831411e-01 dt=3.1875684349563127e-06
cycle=3138 time=1.5338045494674907e-01 dt=2.9646600526817731e-06
cycle=3139 time=1.5338341960680174e-01 dt=2.8937310270160152e-06
cycle=3140 time=1.5338631333782876e-01 dt=2.8712216333419025e-06
cycle=3141 time=1.5338918455946210e-01 dt=2.8627390147547135e-06
cycle=3142 time=1.5339204729847686e-01 dt=2.8630760808147193e-06
cycle=3143 time=1.5339491037455769e-01 dt=2.8682906237261767e-06
cycle=3144 time=1.5339777866518142e-01 dt=2.8755105426571482e-06
cycle=3145 time=1.5340065417572407e-01 dt=2.8827070815036357e-06
cycle=3146 time=1.5340353688280559e-01 dt=2.8885495586068029e-06
cycle=3147 time=1.5340642543236419e-01 dt=2.8927185956858316e-06
cycle=3148 time=1.5340931815095987e-01 dt=2.8941284969652050e-06
cycle=3149 time=1.5341221227945684e-01 dt=2.8905579969695101e-06
cycle=3150 time=1.5341510283745380e-01 dt=2.8826030376660953e-06
cycle=3151 time=1.5341798544049146e-01 dt=2.8716119820176283e-06
cycle=3152 time=1.5342085705247346e-01 dt=2.8590128715682306e-06
cycle=3153 time=1.5342371606534502e-01 dt=2.7940793264132130e-06
cycle=3154 time=1.5342651014467143e-01 dt=2.6922346181325647e-06
cycle=3155 time=1.5342920237928956e-01 dt=2.6121943187755765e-06
cycle=3156 time=1.5343181457360833e-01 dt=2.6018613559331882e-06
cycle=3157 time=1.5343441643496425e-01 dt=2.7096701682304678e-06
cycle=3158 time=1.5343712610513249e-01 dt=2.9019519125519601e-06
cycle=3159 time=1.5344002805704504e-01 dt=2.8784713755918529e-06
cycle=3160 time=1.5344290652842063e-01 dt=2.8361442976203605e-06
cycle=3161 time=1.5344574267271824e-01 dt=2.7938089211076324e-06
cycle=3162 time=1.5344853648163934e-01 dt=2.7602255271261577e-06
cycle=3163 time=1.5345129670716645e-01 dt=2.7368110950018515e-06
cycle=3164 time=1.5345403351826145e-01 dt=2.7211461984581141e-06
cycle=3165 time=1.5345675466445990e-01 dt=2.7100554709771128e-06
cycle=3166 time=1.5345946471993088e-01 dt=2.7013202205909770e-06
cycle=3167 time=1.5346216604015148e-01 dt=2.6048162955750633e-06
cycle=3168 time=1.5346477085644705e-01 dt=2.3842893055554273e-06
cycle=3169 time=1.5346715514575260e-01 dt=2.2404652434256436e-06
cycle=3170 time=1.5346939561099601e-01 dt=2.1494322440759143e-06
cycle=3171 time=1.5347154504324009e-01 dt=2.1003705647727390e-06
cycle=3172 time=1.5347364541380487e-01 dt=2.0744909020101839e-06
cycle=3173 time=1.5347571990470688e-01 dt=2.0622906519702388e-06
cycle=3174 time=1.5347778219535885e-01 dt=2.0580834299214594e-06
cycle=3175 time=1.5347984027878878e-01 dt=2.0576016567077778e-06
cycle=3176 time=1.5348189788044547e-01 dt=2.0594541043313969e-06
cycle=3177 time=1.5348395733454981e-01 dt=2.0627701406793883e-06
cycle=3178 time=1.5348602010469048e-01 dt=2.0670805302383614e-06
cycle=3179 time=1.5348808718522072e-01 dt=2.0721406831371070e-06
cycle=3180 time=1.5349015932590385e-01 dt=2.0778376056130576e-06
cycle=3181 time=1.5349223716350946e-01 dt=2.0841381046351030e-06
cycle=3182 time=1.5349432130161408e-01 dt=2.0911494771682258e-06
cycle=3183 time=1.5349641245109125e-01 dt=2.0988260555435769e-06
cycle=3184 time=1.5349851127714678e-01 dt=2.1070822766453063e-06
cycle=3185 time=1.5350061835942344e-01 dt=2.1158406489679484e-06
cycle=3186 time=1.5350273420007240e-01 dt=2.1221624627336070e-06
cycle=3187 time=1.5350485636253514e-01 dt=2.1358381483337842e-06
cycle=3188 time=1.5350699220068348e-01 dt=2.1542155687994841e-06
cycle=3189 time=1.5350914641625227e-01 dt=2.1755348505057034e-06
cycle=3190 time=1.5351132195110279e-01 dt=2.4555085013489393e-06
cycle=3191 time=1.5351377745960412e-01 dt=3.5978800594582034e-06
cycle=3192 time=1.5351737533966359e-01 dt=3.3183650844935278e-06
cycle=3193 time=1.5352069370474808e-01 dt=2.9809333557456436e-06
cycle=3194 time=1.5352367463810382e-01 dt=2.6930671383424314e-06
cycle=3195 time=1.5352636770524217e-01 dt=2.5145666813974674e-06
cycle=3196 time=1.5352888227192357e-01 dt=2.4258708601292247e-06
cycle=3197 time=1.5353130814278371e-01 dt=2.3444318113481414e-06
cycle=3198 time=1.5353365257459506e-01 dt=2.3070601358849095e-06
cycle=3199 time=1.5353595963473093e-01 dt=2.2876348119921721e-06
cycle=3200 time=1.5353824726954293e-01 dt=2.2753530803448054e-06
cycle=3201 time=1.5354052262262327e-01 dt=2.2661459680718242e-06
cycle=3202 time=1.5354278876859134e-01 dt=2.2576982267139778e-06
cycle=3203 time=1.5354504646681805e-01 dt=2.2488353741913597e-06
cycle=3204 time=1.5354729530219224e-01 dt=2.2396372760227312e-06
cycle=3205 time=1.5354953493946827e-01 dt=2.2303464061633406e-06
cycle=3206 time=1.5355176528587444e-01 dt=2.2205635304767521e-06
cycle=3207 time=1.5355398584940491e-01 dt=2.2095097193514259e-06
cycle=3208 time=1.5355619535912426e-01 dt=2.1969225318510616e-06
cycle=3209 time=1.5355839228165610e-01 dt=2.1829786151331668e-06
cycle=3210 time=1.5356057526027123e-01 dt=2.2795123291860441e-06
cycle=3211 time=1.5356285477260040e-01 dt=2.4955420521735428e-06
cycle=3212 time=1.5356535031465257e-01 dt=2.7928933860307235e-06
cycle=3213 time=1.5356814320803860e-01 dt=2.6595058579130745e-06
cycle=3214 time=1.5357080271389650e-01 dt=2.5196224396166635e-06
cycle=3215 time=1.5357332233633611e-01 dt=2.5273589982888296e-06
cycle=3216 time=1.5357584969533439e-01 dt=2.6878913358789150e-06
cycle=3217 time=1.5357853758667026e-01 dt=3.0043588954171706e-06
cycle=3218 time=1.5358154194556567e-01 dt=2.9631224634351284e-06
cycle=3219 time=1.5358450506802909e-01 dt=2.7346854705306846e-06
cycle=3220 time=1.5358723975349961e-01 dt=2.5385286937407800e-06
cycle=3221 time=1.5358977828219336e-01 dt=2.4074218984783119e-06
cycle=3222 time=1.5359218570409183e-01 dt=2.3417595336481219e-06
cycle=3223 time=1.5359452746362548e-01 dt=2.4006572214646398e-06
cycle=3224 time=1.5359692812084694e-01 dt=2.5662835480607546e-06
cycle=3225 time=1.5359949440439499e-01 dt=2.7148339871665182e-06
cycle=3226 time=1.5360220923838216e-01 dt=2.5604983384495517e-06
cycle=3227 time=1.5360476973672060e-01 dt=2.4554814911432281e-06
cycle=3228 time=1.5360722521821174e-01 dt=2.3791794020612803e-06
cycle=3229 time=1.5360960439761381e-01 dt=2.3241159773790546e-06
cycle=3230 time=1.5361192851359121e-01 dt=2.2827590744097475e-06
cycle=3231 time=1.5361421127266561e-01 dt=2.2510166991692167e-06
cycle=3232 time=1.5361646228936479e-01 dt=2.2266950269315276e-06
cycle=3233 time=1.5361868898439171e-01 dt=2.2061293864729354e-06
cycle=3234 time=1.5362089511377819e-01 dt=2.1934928523323920e-06
cycle=3235 time=1.5362308860663051e-01 dt=2.1867074409917943e-06
cycle=3236 time=1.5362527531407150e-01 dt=2.1846276133368848e-06
cycle=3237 time=1.5362745994168484e-01 dt=2.1878015972160677e-06
cycle=3238 time=1.5362964774328206e-01 dt=2.1947025950021025e-06
cycle=3239 time=1.5363184244587705e-01 dt=2.1997555895783891e-06
cycle=3240 time=1.5363404220146662e-01 dt=2.2022678465877601e-06
cycle=3241 time=1.5363624446931320e-01 dt=2.2031792053159257e-06
cycle=3242 time=1.5363844764851853e-01 dt=2.2029487905746694e-06
cycle=3243 time=1.5364065059730911e-01 dt=2.2029850584658632e-06
cycle=3244 time=1.5364285358236757e-01 dt=2.2036006588189729e-06
cycle=3245 time=1.5364505718302637e-01 dt=2.2043703370780375e-06
cycle=3246 time=1.5364726155336345e-01 dt=2.2046069960275396e-06
cycle=3247 time=1.5364946616035946e-01 dt=2.2043987957409001e-06
cycle=3248 time=1.5365167055915521e-01 dt=2.2037761513745893e-06
cycle=3249 time=1.5365387433530658e-01 dt=2.2027297445712890e-06
cycle=3250 time=1.5365607706505116e-01 dt=2.2012122116407306e-06
cycle=3251 time=1.5365827827726281e-01 dt=2.1991675892494081e-06
cycle=3252 time=1.5366047744485206e-01 dt=2.3795433028459043e-06
cycle=3253 time=1.5366285698815491e-01 dt=3.9203747357532132e-06
cycle=3254 time=1.5366677736289067e-01 dt=3.8565066417991469e-06
cycle=3255 time=1.5367063386953247e-01 dt=3.7016223273547506e-06
cycle=3256 time=1.5367433549185983e-01 dt=3.3102323556719811e-06
cycle=3257 time=1.5367764572421549e-01 dt=2.7072650816227663e-06
cycle=3258 time=1.5368035298929711e-01 dt=2.2633804242733226e-06
cycle=3259 time=1.5368261636972139e-01 dt=2.0718597568706391e-06
cycle=3260 time=1.5368468822947826e-01 dt=1.9954515769581589e-06
cycle=3261 time=1.5368668368105520e-01 dt=1.9471626569249721e-06
cycle=3262 time=1.5368863084371212e-01 dt=1.9134841783536214e-06
cycle=3263 time=1.5369054432789048e-01 dt=1.9132764323801226e-06
cycle=3264 time=1.5369245760432285e-01 dt=1.9862882098885628e-06
cycle=3265 time=1.5369444389253273e-01 dt=2.2350325812884059e-06
cycle=3266 time=1.5369667892511402e-01 dt=2.6742849077614614e-06
cycle=3267 time=1.5369935321002179e-01 dt=3.3549259967506483e-06
cycle=3268 time=1.5370270813601855e-01 dt=3.5766202062175020e-06
cycle=3269 time=1.5370628475622478e-01 dt=3.2926612056550851e-06
cycle=3270 time=1.5370957741743044e-01 dt=2.9753012927676094e-06
cycle=3271 time=1.5371255271872319e-01 dt=2.6888498340853641e-06
cycle=3272 time=1.5371524156855729e-01 dt=2.4719360026726966e-06
cycle=3273 time=1.5371771350455996e-01 dt=2.3407618918942220e-06
cycle=3274 time=1.5372005426645186e-01 dt=2.2768052771350475e-06
cycle=3275 time=1.5372233107172900e-01 dt=2.2496355929475414e-06
cycle=3276 time=1.5372458070732195e-01 dt=2.2924723988969775e-06
cycle=3277 time=1.5372687317972084e-01 dt=2.5295025593751820e-06
cycle=3278 time=1.5372940268228022e-01 dt=3.0100343144196846e-06
cycle=3279 time=1.5373241271659463e-01 dt=2.9976731245519957e-06
cycle=3280 time=1.5373541038971919e-01 dt=2.7537957476916191e-06
cycle=3281 time=1.5373816418546687e-01 dt=2.5382428830096955e-06
cycle=3282 time=1.5374070242834989e-01 dt=2.3900407448002534e-06
cycle=3283 time=1.5374309246909468e-01 dt=2.2871843915330058e-06
cycle=3284 time=1.5374537965348620e-01 dt=2.2152244545534039e-06
cycle=3285 time=1.5374759487794076e-01 dt=2.1646436736419679e-06
cycle=3286 time=1.5374975952161440e-01 dt=2.1283140282971774e-06
cycle=3287 time=1.5375188783564270e-01 dt=2.1017211845744504e-06
cycle=3288 time=1.5375398955682726e-01 dt=2.0818236697926470e-06
cycle=3289 time=1.5375607138049704e-01 dt=2.0665246106221747e-06
cycle=3290 time=1.5375813790510767e-01 dt=2.0543913581343733e-06
cycle=3291 time=1.5376019229646581e-01 dt=2.0450383425026258e-06
cycle=3292 time=1.5376223733480832e-01 dt=2.0386600766730461e-06
cycle=3293 time=1.5376427599488499e-01 dt=2.0332427266185565e-06
cycle=3294 time=1.5376630923761161e-01 dt=2.0290878379501029e-06
cycle=3295 time=1.5376833832544956e-01 dt=2.0259283663635281e-06
cycle=3296 time=1.5377036425381593e-01 dt=2.0234206159780244e-06
cycle=3297 time=1.5377238767443191e-01 dt=2.0212406830631274e-06
cycle=3298 time=1.5377440891511499e-01 dt=2.0190970787009829e-06
cycle=3299 time=1.5377642801219368e-01 dt=2.2098330416300344e-06
cycle=3300 time=1.5377863784523532e-01 dt=3.7182550491811456e-06
cycle=3301 time=1.5378235610028451e-01 dt=3.6225186070077473e-06
cycle=3302 time=1.5378597861889151e-01 dt=3.4375887983755458e-06
cycle=3303 time=1.5378941620768988e-01 dt=2.9886132942220012e-06
cycle=3304 time=1.5379240482098411e-01 dt=2.6245527988263254e-06
cycle=3305 time=1.5379502937378292e-01 dt=2.3988427184543633e-06
cycle=3306 time=1.5379742821650139e-01 dt=2.2995969728795112e-06
cycle=3307 time=1.5379972781347426e-01 dt=2.1902009642944235e-06
cycle=3308 time=1.5380191801443854e-01 dt=2.0815970800755135e-06
cycle=3309 time=1.5380399961151861e-01 dt=2.0133895410052877e-06
cycle=3310 time=1.5380601300105962e-01 dt=1.9722502232180920e-06
cycle=3311 time=1.5380798525128284e-01 dt=1.9446605116930883e-06
cycle=3312 time=1.5380992991179454e-01 dt=1.9244929357743061e-06
cycle=3313 time=1.5381185440473030e-01 dt=1.9087957860860975e-06
cycle=3314 time=1.5381376320051640e-01 dt=1.8952762169521476e-06
cycle=3315 time=1.5381565847673334e-01 dt=1.8830501208873540e-06
cycle=3316 time=1.5381754152685423e-01 dt=1.8719392332439799e-06
cycle=3317 time=1.5381941346608746e-01 dt=1.8610253686859452e-06
cycle=3318 time=1.5382127449145616e-01 dt=1.8497568183719547e-06
cycle=3319 time=1.5382312424827455e-01 dt=1.8375844691782186e-06
cycle=3320 time=1.5382496183274372e-01 dt=1.8241393959275806e-06
cycle=3321 time=1.5382678597213964e-01 dt=1.8092542820174158e-06
cycle=3322 time=1.5382859522642164e-01 dt=1.7929380561156162e-06
cycle=3323 time=1.5383038816447775e-01 dt=1.7753336140993611e-06
cycle=3324 time=1.5383216349809184e-01 dt=1.7566755468626447e-06
cycle=3325 time=1.5383392017363870e-01 dt=1.7372497465647108e-06
cycle=3326 time=1.5383565742338526e-01 dt=1.7173605295205309e-06
cycle=3327 time=1.5383737478391477e-01 dt=1.6973041589087940e-06
cycle=3328 time=1.5383907208807368e-01 dt=1.6773491036325226e-06
cycle=3329 time=1.5384074943717732e-01 dt=1.6577221636638471e-06
cycle=3330 time=1.5384240715934097e-01 dt=1.6386027564373461e-06
cycle=3331 time=1.5384404576209740e-01 dt=1.6201182108476120e-06
cycle=3332 time=1.5384566588030824e-01 dt=1.6023403425372761e-06
cycle=3333 time=1.5384726822065078e-01 dt=1.5852682424422436e-06
cycle=3334 time=1.5384885348889324e-01 dt=1.5689942678781118e-06
cycle=3335 time=1.5385042248316111e-01 dt=1.5535448524972097e-06
cycle=3336 time=1.5385197602801359e-01 dt=1.5388949642487909e-06
cycle=3337 time=1.5385351492297783e-01 dt=1.5249845598567262e-06
cycle=3338 time=1.5385503990753768e-01 dt=1.5117329490135473e-06
cycle=3339 time=1.5385655164048670e-01 dt=1.4990518484838491e-06
cycle=3340 time=1.5385805069233519e-01 dt=1.4868526293969657e-06
cycle=3341 time=1.5385953754496459e-01 dt=1.4750497137398692e-06
cycle=3342 time=1.5386101259467833e-01 dt=1.4635648869911835e-06
cycle=3343 time=1.5386247615956530e-01 dt=1.4523297485650802e-06
cycle=3344 time=1.5386392848931388e-01 dt=1.4412866501064582e-06
cycle=3345 time=1.5386536977596399e-01 dt=1.4303889868418014e-06
cycle=3346 time=1.5386680016495083e-01 dt=1.4196023720444909e-06
cycle=3347 time=1.5386821976732287e-01 dt=1.4089065260219008e-06
cycle=3348 time=1.5386962867384890e-01 dt=1.3982460797186558e-06
cycle=3349 time=1.5387102691992863e-01 dt=1.3875933773893187e-06
cycle=3350 time=1.5387241451330602e-01 dt=1.3769422281830326e-06
cycle=3351 time=1.5387379145553420e-01 dt=1.3663020609051767e-06
cycle=3352 time=1.5387515775759511e-01 dt=1.3556934273334197e-06
cycle=3353 time=1.5387651345102243e-01 dt=1.3451377206182033e-06
cycle=3354 time=1.5387785858874306e-01 dt=1.3346458480793360e-06
cycle=3355 time=1.5387919323459115e-01 dt=1.3242360183206631e-06
cycle=3356 time=1.5388051747060946e-01 dt=1.3139311902096581e-06
cycle=3357 time=1.5388183140179967e-01 dt=1.3037698297955361e-06
cycle=3358 time=1.5388313517162946e-01 dt=1.2938081541255440e-06
cycle=3359 time=1.5388442897978358e-01 dt=1.2840732793477376e-06
cycle=3360 time=1.5388571305306292e-01 dt=1.2745804421504168e-06
cycle=3361 time=1.5388698763350508e-01 dt=1.2653351744786182e-06
cycle=3362 time=1.5388825296867956e-01 dt=1.2563352602489220e-06
cycle=3363 time=1.5388950930393980e-01 dt=1.2475724242601228e-06
cycle=3364 time=1.5389075687636405e-01 dt=1.2390334844064547e-06
cycle=3365 time=1.5389199590984845e-01 dt=1.2307043053962975e-06
cycle=3366 time=1.5389322661415383e-01 dt=1.2225713286371881e-06
cycle=3367 time=1.5389444918548248e-01 dt=1.2146191096689413e-06
cycle=3368 time=1.5389566380459216e-01 dt=1.2068340116851191e-06
cycle=3369 time=1.5389687063860386e-01 dt=1.1992029641177001e-06
cycle=3370 time=1.5389806984156798e-01 dt=1.1917096376997524e-06
cycle=3371 time=1.5389926155120567e-01 dt=1.1843389509897301e-06
cycle=3372 time=1.5390044589015667e-01 dt=1.1770774857086471e-06
cycle=3373 time=1.5390162296764237e-01 dt=1.1699153801488937e-06
cycle=3374 time=1.5390279288302253e-01 dt=1.1628552350245286e-06
cycle=3375 time=1.5390395573825755e-01 dt=1.1558790939957117e-06
cycle=3376 time=1.5390511161735154e-01 dt=1.1489823534689651e-06
cycle=3377 time=1.5390626059970502e-01 dt=1.1421619964217477e-06
cycle=3378 time=1.5390740276170145e-01 dt=1.1354162082763287e-06
cycle=3379 time=1.5390853817790973e-01 dt=1.1287440748235685e-06
cycle=3380 time=1.5390966692198454e-01 dt=1.1221452967094479e-06
cycle=3381 time=1.5391078906728126e-01 dt=1.1156199574930717e-06
cycle=3382 time=1.5391190468723875e-01 dt=1.1091683574389386e-06
cycle=3383 time=1.5391301385559619e-01 dt=1.1027908682155408e-06
cycle=3384 time=1.5391411664646440e-01 dt=1.0964878311951744e-06
cycle=3385 time=1.5391521313429560e-01 dt=1.0902594811761729e-06
cycle=3386 time=1.5391630339377677e-01 dt=1.0841058971545677e-06
cycle=3387 time=1.5391738749967393e-01 dt=1.1004576183870128e-06
cycle=3388 time=1.5391848795729232e-01 dt=1.1804904487123901e-06
cycle=3389 time=1.5391966844774102e-01 dt=1.4032269559478907e-06
cycle=3390 time=1.5392107167469696e-01 dt=1.9592065174011413e-06
cycle=3391 time=1.5392303088121437e-01 dt=3.2092712033641231e-06
cycle=3392 time=1.5392624015241774e-01 dt=3.6768412897262472e-06
cycle=3393 time=1.5392991699370745e-01 dt=3.3068052918864840e-06
cycle=3394 time=1.5393322379899935e-01 dt=2.8774578779159632e-06
cycle=3395 time=1.5393610125687726e-01 dt=2.4200171224444600e-06
cycle=3396 time=1.5393852127399971e-01 dt=1.9707627623332605e-06
cycle=3397 time=1.5394049203676205e-01 dt=1.5674484280421608e-06
cycle=3398 time=1.5394205948519010e-01 dt=1.3245585954607222e-06
cycle=3399 time=1.5394338404378557e-01 dt=1.2129201575826090e-06
cycle=3400 time=1.5394459696394316e-01 dt=1.1448532959897655e-06
cycle=3401 time=1.5394574181723916e-01 dt=1.0959003051077787e-06
cycle=3402 time=1.5394683771754428e-01 dt=1.0547625788177633e-06
cycle=3403 time=1.5394789248012308e-01 dt=1.0221248137651298e-06
cycle=3404 time=1.5394891460493684e-01 dt=9.9767335345414794e-07
cycle=3405 time=1.5394991227829030e-01 dt=9.8077984762568444e-07
cycle=3406 time=1.5395089305813792e-01 dt=9.7073937916223825e-07
cycle=3407 time=1.5395186379751707e-01 dt=9.6685016210964403e-07
cycle=3408 time=1.5395283064767917e-01 dt=9.6843478529189241e-07
cycle=3409 time=1.5395379908246445e-01 dt=9.7483713609469257e-07
cycle=3410 time=1.5395477391960055e-01 dt=9.8541202074581410e-07
cycle=3411 time=1.5395575933162128e-01 dt=9.9951331810230543e-07
cycle=3412 time=1.5395675884493940e-01 dt=1.0164829095917589e-06
cycle=3413 time=1.5395777532784899e-01 dt=1.0357083825111101e-06
cycle=3414 time=1.5395881103623149e-01 dt=1.0572837159384104e-06
cycle=3415 time=1.5395986831994743e-01 dt=1.0804040826923830e-06
cycle=3416 time=1.5396094872403013e-01 dt=1.1042932042112687e-06
cycle=3417 time=1.5396205301723434e-01 dt=1.1282956458823280e-06
cycle=3418 time=1.5396318131288023e-01 dt=1.1561300640831118e-06
cycle=3419 time=1.5396433744294430e-01 dt=1.1879085853877488e-06
cycle=3420 time=1.5396552535152969e-01 dt=1.2160266679840278e-06
cycle=3421 time=1.5396674137819766e-01 dt=1.2344615655042686e-06
cycle=3422 time=1.5396797583976315e-01 dt=1.2429014523444425e-06
cycle=3423 time=1.5396921874121550e-01 dt=1.2418792375000356e-06
cycle=3424 time=1.5397046062045300e-01 dt=1.2324900981420412e-06
cycle=3425 time=1.5397169311055114e-01 dt=1.2162351568123115e-06
cycle=3426 time=1.5397290934570795e-01 dt=1.1948809482651509e-06
cycle=3427 time=1.5397410422665622e-01 dt=1.1703049075815359e-06
cycle=3428 time=1.5397527453156382e-01 dt=1.1443926485471450e-06
cycle=3429 time=1.5397641892421235e-01 dt=1.1188657726721818e-06
cycle=3430 time=1.5397753778998502e-01 dt=1.0951945410786740e-06
cycle=3431 time=1.5397863298452610e-01 dt=1.0744905854272039e-06
cycle=3432 time=1.5397970747511153e-01 dt=1.0574817843402712e-06
cycle=3433 time=1.5398076495689586e-01 dt=1.0442463011576451e-06
cycle=3434 time=1.5398180920319701e-01 dt=1.0342540336321331e-06
cycle=3435 time=1.5398284345723065e-01 dt=1.0266280880853954e-06
cycle=3436 time=1.5398387008531875e-01 dt=1.0205726537264928e-06
cycle=3437 time=1.5398489065797247e-01 dt=1.0385004952841364e-06
cycle=3438 time=1.5398592915846776e-01 dt=1.1216647677748151e-06
cycle=3439 time=1.5398705082323552e-01 dt=1.3502320018157350e-06
cycle=3440 time=1.5398840105523734e-01 dt=1.9181347560023456e-06
cycle=3441 time=1.5399031918999334e-01 dt=3.1729780614722940e-06
cycle=3442 time=1.5399349216805480e-01 dt=3.8783041987383721e-06
cycle=3443 time=1.5399737047225354e-01 dt=4.0108390960680855e-06
cycle=3444 time=1.5400138131134961e-01 dt=3.6369055527472716e-06
cycle=3445 time=1.5400501821690235e-01 dt=2.9812017618063197e-06
cycle=3446 time=1.5400799941866417e-01 dt=2.4686421804710944e-06
cycle=3447 time=1.5401046806084465e-01 dt=2.1038837931133202e-06
cycle=3448 time=1.5401257194463777e-01 dt=1.8621573257969450e-06
cycle=3449 time=1.5401443410196358e-01 dt=1.7042107797899729e-06
cycle=3450 time=1.5401613831274338e-01 dt=1.6019029780870280e-06
cycle=3451 time=1.5401774021572148e-01 dt=1.5362425109344551e-06
cycle=3452 time=1.5401927645823241e-01 dt=1.4946058096036864e-06
cycle=3453 time=1.5402077106404202e-01 dt=1.4685213450525459e-06
cycle=3454 time=1.5402223958538708e-01 dt=1.4522922231772293e-06
cycle=3455 time=1.5402369187761025e-01 dt=1.4421248485452843e-06
cycle=3456 time=1.5402513400245879e-01 dt=1.4353697852473472e-06
cycle=3457 time=1.5402656937224404e-01 dt=1.4303107726296280e-06
cycle=3458 time=1.5402799968301667e-01 dt=1.4259552628045931e-06
cycle=3459 time=1.5402942563827948e-01 dt=1.4217325857871503e-06
cycle=3460 time=1.5403084737086528e-01 dt=1.4173583223011030e-06
cycle=3461 time=1.5403226472918757e-01 dt=1.4128292256240158e-06
cycle=3462 time=1.5403367755841318e-01 dt=1.4083357550427884e-06
cycle=3463 time=1.5403508589416823e-01 dt=1.4039268784610065e-06
cycle=3464 time=1.5403648982104670e-01 dt=1.3996945190926301e-06
cycle=3465 time=1.5403788951556580e-01 dt=1.3958452138748424e-06
cycle=3466 time=1.5403928536077968e-01 dt=1.3923372189251297e-06
cycle=3467 time=1.5404067769799862e-01 dt=1.4341565382574003e-06
cycle=3468 time=1.5404211185453687e-01 dt=2.5242572494245091e-06
cycle=3469 time=1.5404463611178629e-01 dt=2.6934990860648497e-06
cycle=3470 time=1.5404732961087236e-01 dt=2.4724482660889624e-06
cycle=3471 time=1.5404980205913846e-01 dt=2.2084489172827716e-06
cycle=3472 time=1.5405201050805575e-01 dt=1.9415662303025435e-06
cycle=3473 time=1.5405395207428604e-01 dt=1.7052644979803168e-06
cycle=3474 time=1.5405565733878401e-01 dt=1.5282043293819252e-06
cycle=3475 time=1.5405718554311340e-01 dt=1.4377125660945713e-06
cycle=3476 time=1.5405862325567948e-01 dt=1.3933465637836123e-06
cycle=3477 time=1.5406001660224328e-01 dt=1.3640203108911335e-06
cycle=3478 time=1.5406138062255417e-01 dt=1.3421182520827854e-06
cycle=3479 time=1.5406272274080626e-01 dt=1.3260997020617189e-06
cycle=3480 time=1.5406404884050831e-01 dt=1.3145733352467479e-06
cycle=3481 time=1.5406536341384355e-01 dt=1.3064110555271006e-06
cycle=3482 time=1.5406666982489908e-01 dt=1.3006498070905809e-06
cycle=3483 time=1.5406797047470616e-01 dt=1.2964705322124323e-06
cycle=3484 time=1.5406926694523837e-01 dt=1.2931839799004174e-06
cycle=3485 time=1.5407056012921827e-01 dt=1.2902146274244994e-06
cycle=3486 time=1.5407185034384568e-01 dt=1.2861889412508749e-06
cycle=3487 time=1.5407313653278693e-01 dt=1.2814059137279554e-06
cycle=3488 time=1.5407441793870066e-01 dt=1.2753108848555357e-06
cycle=3489 time=1.5407569324958553e-01 dt=1.2673926699400392e-06
cycle=3490 time=1.5407696064225548e-01 dt=1.2574934568198136e-06
cycle=3491 time=1.5407821813571229e-01 dt=1.2551433566880516e-06
cycle=3492 time=1.5407947327906898e-01 dt=1.3026848922299229e-06
cycle=3493 time=1.5408077596396122e-01 dt=1.4365063056188874e-06
cycle=3494 time=1.5408221247026685e-01 dt=1.7266721457273233e-06
cycle=3495 time=1.5408393914241258e-01 dt=2.3053750983399885e-06
cycle=3496 time=1.5408624451751093e-01 dt=3.3267578267725209e-06
cycle=3497 time=1.5408957127533771e-01 dt=3.7450062194853477e-06
cycle=3498 time=1.5409331628155720e-01 dt=3.0807138129808960e-06
cycle=3499 time=1.5409639699537017e-01 dt=2.5549782289111981e-06
cycle=3500 time=1.5409895197359907e-01 dt=2.1690725041070733e-06
cycle=3501 time=1.5410112104610318e-01 dt=1.9474059095136475e-06
cycle=3502 time=1.5410306845201269e-01 dt=1.8534886298494909e-06
cycle=3503 time=1.5410492194064254e-01 dt=1.8105468162624143e-06
cycle=3504 time=1.5410673248745879e-01 dt=1.7830303952251178e-06
cycle=3505 time=1.5410851551785401e-01 dt=1.7638419501475126e-06
cycle=3506 time=1.5411027935980415e-01 dt=1.7504287438589242e-06
cycle=3507 time=1.5411202978854802e-01 dt=1.7407550194450105e-06
cycle=3508 time=1.5411377054356745e-01 dt=1.7332158709105727e-06
cycle=3509 time=1.5411550375943836e-01 dt=1.7264718595774270e-06
cycle=3510 time=1.5411723023129795e-01 dt=1.7169672460523875e-06
cycle=3511 time=1.5411894719854399e-01 dt=1.7064660708300191e-06
cycle=3512 time=1.5412065366461483e-01 dt=1.6950517587535413e-06
cycle=3513 time=1.5412234871637359e-01 dt=1.6817771167446105e-06
cycle=3514 time=1.5412403049349033e-01 dt=1.6663257191382113e-06
cycle=3515 time=1.5412569681920946e-01 dt=1.6489048627214494e-06
cycle=3516 time=1.5412734572407219e-01 dt=1.6300068248426242e-06
cycle=3517 time=1.5412897573089704e-01 dt=1.6124739177935038e-06
cycle=3518 time=1.5413058820481484e-01 dt=1.5966241896208007e-06
cycle=3519 time=1.5413218482900445e-01 dt=1.5816246347706257e-06
cycle=3520 time=1.5413376645363921e-01 dt=1.5668786676116543e-06
cycle=3521 time=1.5413533333230683e-01 dt=1.5520077677031356e-06
cycle=3522 time=1.5413688534007453e-01 dt=1.5368178031611077e-06
cycle=3523 time=1.5413842215787768e-01 dt=1.5264538073863399e-06
cycle=3524 time=1.5413994861168506e-01 dt=1.5894476287711832e-06
cycle=3525 time=1.5414153805931383e-01 dt=1.7655725785861061e-06
cycle=3526 time=1.5414330363189241e-01 dt=2.1214392841047177e-06
cycle=3527 time=1.5414542507117651e-01 dt=2.7587714164805593e-06
cycle=3528 time=1.5414818384259299e-01 dt=3.7371338539502859e-06
cycle=3529 time=1.5415192097644695e-01 dt=3.4122783175173812e-06
cycle=3530 time=1.5415533325476447e-01 dt=2.9306573187193988e-06
cycle=3531 time=1.5415826391208318e-01 dt=2.5392536488287218e-06
cycle=3532 time=1.5416080316573200e-01 dt=2.3139392605854761e-06
cycle=3533 time=1.5416311710499259e-01 dt=2.2278681202666446e-06
cycle=3534 time=1.5416534497311285e-01 dt=2.1967240972817695e-06
cycle=3535 time=1.5416754169721014e-01 dt=2.1788069439308647e-06
cycle=3536 time=1.5416972050415406e-01 dt=2.1702786803324583e-06
cycle=3537 time=1.5417189078283439e-01 dt=2.1681738301527039e-06
cycle=3538 time=1.5417405895666453e-01 dt=2.1700760026579241e-06
cycle=3539 time=1.5417622903266717e-01 dt=2.1742013144330479e-06
cycle=3540 time=1.5417840323398160e-01 dt=2.1791078811849371e-06
cycle=3541 time=1.5418058234186280e-01 dt=2.1837287699711453e-06
cycle=3542 time=1.5418276607063278e-01 dt=2.1873537000555418e-06
cycle=3543 time=1.5418495342433283e-01 dt=2.1901197057542691e-06
cycle=3544 time=1.5418714354403859e-01 dt=2.1618582161916722e-06
cycle=3545 time=1.5418930540225478e-01 dt=1.9950174213208272e-06
cycle=3546 time=1.5419130041967610e-01 dt=1.8512515719629229e-06
cycle=3547 time=1.5419315167124806e-01 dt=1.7270195810887254e-06
cycle=3548 time=1.5419487869082915e-01 dt=1.5797965444277487e-06
cycle=3549 time=1.5419645848737357e-01 dt=1.4287986778723151e-06
cycle=3550 time=1.5419788728605144e-01 dt=1.4278925392581562e-06
cycle=3551 time=1.5419931517859070e-01 dt=1.5029438602213307e-06
cycle=3552 time=1.5420081812245093e-01 dt=1.6261715731633068e-06
cycle=3553 time=1.5420244429402410e-01 dt=1.7885318868448691e-06
cycle=3554 time=1.5420423282591095e-01 dt=1.9917622632222586e-06
cycle=3555 time=1.5420622458817418e-01 dt=2.1377291283354992e-06
cycle=3556 time=1.5420836231730251e-01 dt=2.3359864898242903e-06
cycle=3557 time=1.5421069830379233e-01 dt=2.5757935553724107e-06
cycle=3558 time=1.5421327409734770e-01 dt=2.5051940497573987e-06
cycle=3559 time=1.5421577929139746e-01 dt=2.3320154077822256e-06
cycle=3560 time=1.5421811130680524e-01 dt=2.1667160532814056e-06
cycle=3561 time=1.5422027802285851e-01 dt=2.0414501152802741e-06
cycle=3562 time=1.5422231947297380e-01 dt=1.9750055202027948e-06
cycle=3563 time=1.5422429447849401e-01 dt=1.9446938990771696e-06
cycle=3564 time=1.5422623917239309e-01 dt=1.7607102630412317e-06
cycle=3565 time=1.5422799988265612e-01 dt=1.6168410286118956e-06
cycle=3566 time=1.5422961672368474e-01 dt=1.5330270029091212e-06
cycle=3567 time=1.5423114975068763e-01 dt=1.4844821224205246e-06
cycle=3568 time=1.5423263423281006e-01 dt=1.4566629727918730e-06
cycle=3569 time=1.5423409089578285e-01 dt=1.4408708987100213e-06
cycle=3570 time=1.5423553176668156e-01 dt=1.4332718954185536e-06
cycle=3571 time=1.5423696503857698e-01 dt=1.4316498922611393e-06
cycle=3572 time=1.5423839668846923e-01 dt=1.4309516535297823e-06
cycle=3573 time=1.5423982764012276e-01 dt=1.4303433364448303e-06
cycle=3574 time=1.5424125798345920e-01 dt=1.4295712981557186e-06
cycle=3575 time=1.5424268755475734e-01 dt=1.4285346404710241e-06
cycle=3576 time=1.5424411608939781e-01 dt=1.4272560605482619e-06
cycle=3577 time=1.5424554334545837e-01 dt=1.4258146202817956e-06
cycle=3578 time=1.5424696916007866e-01 dt=1.4280481374372358e-06
cycle=3579 time=1.5424839720821609e-01 dt=1.4337007019287086e-06
cycle=3580 time=1.5424983090891803e-01 dt=1.4399215310968506e-06
cycle=3581 time=1.5425127083044912e-01 dt=1.4458344833209978e-06
cycle=3582 time=1.5425271666493245e-01 dt=1.4505980978464908e-06
cycle=3583 time=1.5425416726303029e-01 dt=1.4538807311219063e-06
cycle=3584 time=1.5425562114376140e-01 dt=1.6394493594717467e-06
cycle=3585 time=1.5425726059312087e-01 dt=3.0506143084676027e-06
cycle=3586 time=1.5426031120742933e-01 dt=3.0219341047443432e-06
cycle=3587 time=1.5426333314153409e-01 dt=2.8824055153449443e-06
cycle=3588 time=1.5426621554704945e-01 dt=2.4779805206920986e-06
cycle=3589 time=1.5426869352757014e-01 dt=2.1326070159712231e-06
cycle=3590 time=1.5427082613458612e-01 dt=1.8823336049303466e-06
cycle=3591 time=1.5427270846819105e-01 dt=1.7162864467689502e-06
cycle=3592 time=1.5427442475463782e-01 dt=1.6066105940585017e-06
cycle=3593 time=1.5427603136523188e-01 dt=1.5349540286868180e-06
cycle=3594 time=1.5427756631926057e-01 dt=1.4928208071433473e-06
cycle=3595 time=1.5427905914006770e-01 dt=1.4732806525214134e-06
cycle=3596 time=1.5428053242072023e-01 dt=1.4638644860827534e-06
cycle=3597 time=1.5428199628520631e-01 dt=1.4605746214903236e-06
cycle=3598 time=1.5428345685982781e-01 dt=1.4613290243868572e-06
cycle=3599 time=1.5428491818885220e-01 dt=1.4624632457472755e-06
cycle=3600 time=1.5428638065209796e-01 dt=1.4630526676653259e-06
cycle=3601 time=1.5428784370476561e-01 dt=1.4630408463119512e-06
cycle=3602 time=1.5428930674561192e-01 dt=1.4626526445269184e-06
cycle=3603 time=1.5429076939825645e-01 dt=1.4620944450287180e-06
cycle=3604 time=1.5429223149270146e-01 dt=1.4616528120476478e-06
cycle=3605 time=1.5429369314551350e-01 dt=1.4617908506840985e-06
cycle=3606 time=1.5429515493636417e-01 dt=1.4630063043436667e-06
cycle=3607 time=1.5429661794266852e-01 dt=1.4658425055067323e-06
cycle=3608 time=1.5429808378517404e-01 dt=1.4709106041138176e-06
cycle=3609 time=1.5429955469577816e-01 dt=1.4790815146559919e-06
cycle=3610 time=1.5430103377729282e-01 dt=1.4912188216037558e-06
cycle=3611 time=1.5430252499611441e-01 dt=1.5080990056882948e-06
cycle=3612 time=1.5430403309512009e-01 dt=1.5309217266219802e-06
cycle=3613 time=1.5430556401684670e-01 dt=1.5612107463027550e-06
cycle=3614 time=1.5430712522759299e-01 dt=1.6008718996004901e-06
cycle=3615 time=1.5430872609949259e-01 dt=1.6522073442619178e-06
cycle=3616 time=1.5431037830683686e-01 dt=1.7179068720128855e-06
cycle=3617 time=1.5431209621370887e-01 dt=1.8009873473194840e-06
cycle=3618 time=1.5431389720105618e-01 dt=1.9045034274586442e-06
cycle=3619 time=1.5431580170448364e-01 dt=2.0317872933445422e-06
cycle=3620 time=1.5431783349177700e-01 dt=2.1838877793258919e-06
cycle=3621 time=1.5432001737955633e-01 dt=2.3614406680420426e-06
cycle=3622 time=1.5432237882022437e-01 dt=2.5550610945128094e-06
cycle=3623 time=1.5432493388131888e-01 dt=2.7187630813084690e-06
cycle=3624 time=1.5432765264440018e-01 dt=2.6787057309443842e-06
cycle=3625 time=1.5433033135013113e-01 dt=2.6392677904661368e-06
cycle=3626 time=1.5433297061792159e-01 dt=2.1006429698016114e-06
cycle=3627 time=1.5433507126089138e-01 dt=1.7452005537973534e-06
cycle=3628 time=1.5433681646144518e-01 dt=1.5391071390971676e-06
cycle=3629 time=1.5433835556858427e-01 dt=1.4226530037650567e-06
cycle=3630 time=1.5433977822158804e-01 dt=1.3614450600939283e-06
cycle=3631 time=1.5434113966664814e-01 dt=1.3330025893714942e-06
cycle=3632 time=1.5434247266923751e-01 dt=1.3236016545356640e-06
cycle=3633 time=1.5434379627089204e-01 dt=1.3247868350239236e-06
cycle=3634 time=1.5434512105772705e-01 dt=1.3313543193121827e-06
cycle=3635 time=1.5434645241204636e-01 dt=1.3404233666053867e-06
cycle=3636 time=1.5434779283541297e-01 dt=1.3500000950759753e-06
cycle=3637 time=1.5434914283550805e-01 dt=1.3589526854653578e-06
cycle=3638 time=1.5435050178819351e-01 dt=1.3667486285997247e-06
cycle=3639 time=1.5435186853682212e-01 dt=1.3732839414162647e-06
cycle=3640 time=1.5435324182076354e-01 dt=1.3786289003236350e-06
cycle=3641 time=1.5435462044966386e-01 dt=1.3829362848347586e-06
cycle=3642 time=1.5435600338594868e-01 dt=1.3925946863718172e-06
cycle=3643 time=1.5435739598063505e-01 dt=1.4049441444136125e-06
cycle=3644 time=1.5435880092477947e-01 dt=1.4177740723293327e-06
cycle=3645 time=1.5436021869885180e-01 dt=1.4297447520169317e-06
cycle=3646 time=1.5436164844360381e-01 dt=1.6466932116276689e-06
cycle=3647 time=1.5436329513681543e-01 dt=2.9048282168911583e-06
cycle=3648 time=1.5436619996503231e-01 dt=2.8899818122584856e-06
cycle=3649 time=1.5436908994684456e-01 dt=2.9200945766971208e-06
cycle=3650 time=1.5437201004142126e-01 dt=2.6943448004287144e-06
cycle=3651 time=1.5437470438622169e-01 dt=2.2822110663907232e-06
cycle=3652 time=1.5437698659728807e-01 dt=1.8930867255880672e-06
cycle=3653 time=1.5437887968401368e-01 dt=1.5970872470988476e-06
cycle=3654 time=1.5438047677126077e-01 dt=1.4693932487837508e-06
cycle=3655 time=1.5438194616450954e-01 dt=1.4402541977443475e-06
cycle=3656 time=1.5438338641870727e-01 dt=1.4696812912198001e-06
cycle=3657 time=1.5438485609999850e-01 dt=1.6018331513008970e-06
cycle=3658 time=1.5438645793314978e-01 dt=1.8810325642089273e-06
cycle=3659 time=1.5438833896571399e-01 dt=2.1070843011391258e-06
cycle=3660 time=1.5439044605001515e-01 dt=1.9320356126760063e-06
cycle=3661 time=1.5439237808562783e-01 dt=1.8391946322969292e-06
cycle=3662 time=1.5439421728026012e-01 dt=1.7975752910336740e-06
cycle=3663 time=1.5439601485555116e-01 dt=1.7809695600174517e-06
cycle=3664 time=1.5439779582511118e-01 dt=1.7766939040896779e-06
cycle=3665 time=1.5439957251901526e-01 dt=1.7795128423692194e-06
cycle=3666 time=1.5440135203185762e-01 dt=1.7876695777905226e-06
cycle=3667 time=1.5440313970143540e-01 dt=1.8010639406531620e-06
cycle=3668 time=1.5440494076537606e-01 dt=1.8204772054423335e-06
cycle=3669 time=1.5440676124258151e-01 dt=1.8472180046809009e-06
cycle=3670 time=1.5440860846058618e-01 dt=1.8830491188012482e-06
cycle=3671 time=1.5441049150970498e-01 dt=1.9301426017989242e-06
cycle=3672 time=1.5441242165230679e-01 dt=1.9909315895396328e-06
cycle=3673 time=1.5441441258389632e-01 dt=2.0680435630400626e-06
cycle=3674 time=1.5441648062745936e-01 dt=2.1641804982740839e-06
cycle=3675 time=1.5441864480795764e-01 dt=2.2811836362015932e-06
cycle=3676 time=1.5442092599159385e-01 dt=2.3899178179651465e-06
cycle=3677 time=1.5442331590941180e-01 dt=2.1541524066404954e-06
cycle=3678 time=1.5442547006181845e-01 dt=1.9466664680718689e-06
cycle=3679 time=1.5442741672828653e-01 dt=1.8860358084642875e-06
cycle=3680 time=1.5442930276409500e-01 dt=1.9846517924164589e-06
cycle=3681 time=1.5443128741588741e-01 dt=2.2133196625994050e-06
cycle=3682 time=1.5443350073555001e-01 dt=2.5852929216404112e-06
cycle=3683 time=1.5443608602847164e-01 dt=2.6164490097254560e-06
cycle=3684 time=1.5443870247748137e-01 dt=2.0839779425868906e-06
cycle=3685 time=1.5444078645542395e-01 dt=1.7469659306776770e-06
cycle=3686 time=1.5444253342135461e-01 dt=1.5472133788177254e-06
cycle=3687 time=1.5444408063473342e-01 dt=1.4304827605108528e-06
cycle=3688 time=1.5444551111749394e-01 dt=1.3639329010553098e-06
cycle=3689 time=1.5444687505039500e-01 dt=1.3276752389532246e-06
cycle=3690 time=1.5444820272563395e-01 dt=1.3106386292462135e-06
cycle=3691 time=1.5444951336426319e-01 dt=1.3054704215990558e-06
cycle=3692 time=1.5445081883468478e-01 dt=1.3069247972527322e-06
cycle=3693 time=1.5445212575948203e-01 dt=1.3117692074072177e-06
cycle=3694 time=1.5445343752868942e-01 dt=1.3180622821102285e-06
cycle=3695 time=1.5445475559097155e-01 dt=1.3247159601772769e-06
cycle=3696 time=1.5445608030693173e-01 dt=1.3312457298715836e-06
cycle=3697 time=1.5445741155266160e-01 dt=1.3374364991065288e-06
cycle=3698 time=1.5445874898916070e-01 dt=1.3430634617337878e-06
cycle=3699 time=1.5446009205262243e-01 dt=1.3480856268105091e-06
cycle=3700 time=1.5446144013824925e-01 dt=1.3525320674341213e-06
cycle=3701 time=1.5446279267031668e-01 dt=1.3566394504547485e-06
cycle=3702 time=1.5446414930976712e-01 dt=1.3647771046085464e-06
cycle=3703 time=1.5446551408687173e-01 dt=1.3749904424895942e-06
cycle=3704 time=1.5446688907731421e-01 dt=1.3847255477867179e-06
cycle=3705 time=1.5446827380286199e-01 dt=2.0171821978287083e-06
cycle=3706 time=1.5447029098505982e-01 dt=3.0695192216309791e-06
cycle=3707 time=1.5447336050428145e-01 dt=3.0673162521993470e-06
cycle=3708 time=1.5447642782053364e-01 dt=3.1117021551497703e-06
cycle=3709 time=1.5447953952268878e-01 dt=2.9012116277243282e-06
cycle=3710 time=1.5448244073431650e-01 dt=2.5984617846915012e-06
cycle=3711 time=1.5448503919610118e-01 dt=2.3969489550540997e-06
cycle=3712 time=1.5448743614505622e-01 dt=2.2674118032372470e-06
cycle=3713 time=1.5448970355685945e-01 dt=2.1841223970599731e-06
cycle=3714 time=1.5449188767925651e-01 dt=2.1193917169044529e-06
cycle=3715 time=1.5449400707097341e-01 dt=2.0613688108779302e-06
cycle=3716 time=1.5449606843978428e-01 dt=2.0151744228746398e-06
cycle=3717 time=1.5449808361420717e-01 dt=1.9762104844659225e-06
cycle=3718 time=1.5450005982469164e-01 dt=1.9425888329187076e-06
cycle=3719 time=1.5450200241352458e-01 dt=1.9140976808340035e-06
cycle=3720 time=1.5450391651120540e-01 dt=1.8851461485642447e-06
cycle=3721 time=1.5450580165735397e-01 dt=1.8546404290301679e-06
cycle=3722 time=1.5450765629778301e-01 dt=1.8226201088989917e-06
cycle=3723 time=1.5450947891789191e-01 dt=1.7893456141033103e-06
cycle=3724 time=1.5451126826350600e-01 dt=1.7551364217119263e-06
cycle=3725 time=1.5451302339992770e-01 dt=1.7203446331634552e-06
cycle=3726 time=1.5451474374456087e-01 dt=1.6853281926330696e-06
cycle=3727 time=1.5451642907275351e-01 dt=1.6504486523105500e-06
cycle=3728 time=1.5451807952140581e-01 dt=1.6160926473965787e-06
cycle=3729 time=1.5451969561405321e-01 dt=1.5824664722093959e-06
cycle=3730 time=1.5452127808052543e-01 dt=1.5495524462898001e-06
cycle=3731 time=1.5452282763297173e-01 dt=1.5174591945853985e-06
cycle=3732 time=1.5452434509216631e-01 dt=1.4866680190519843e-06
cycle=3733 time=1.5452583176018536e-01 dt=1.4576830092216333e-06
cycle=3734 time=1.5452728944319458e-01 dt=1.4310165072889598e-06
cycle=3735 time=1.5452872045970187e-01 dt=1.4072790293464093e-06
cycle=3736 time=1.5453012773873120e-01 dt=1.3871548556649446e-06
cycle=3737 time=1.5453151489358688e-01 dt=1.3707285286891204e-06
cycle=3738 time=1.5453288562211556e-01 dt=1.3167121381847589e-06
cycle=3739 time=1.5453420233425375e-01 dt=1.3149886015769835e-06
cycle=3740 time=1.5453551732285531e-01 dt=1.3462253616386858e-06
cycle=3741 time=1.5453686354821694e-01 dt=1.4032739030709812e-06
cycle=3742 time=1.5453826682212002e-01 dt=1.4866128148474685e-06
cycle=3743 time=1.5453975343493487e-01 dt=1.5992916429103411e-06
cycle=3744 time=1.5454135272657779e-01 dt=1.7456091723341628e-06
cycle=3745 time=1.5454309833575011e-01 dt=1.9305491308770121e-06
cycle=3746 time=1.5454502888488100e-01 dt=2.1592487142643246e-06
cycle=3747 time=1.5454718813359528e-01 dt=2.4372147810692834e-06
cycle=3748 time=1.5454962534837635e-01 dt=2.6692744229854709e-06
cycle=3749 time=1.5455229462279935e-01 dt=2.6127871516865595e-06
cycle=3750 time=1.5455490740995104e-01 dt=2.2312837027064709e-06
cycle=3751 time=1.5455713869365376e-01 dt=1.9095938502659864e-06
cycle=3752 time=1.5455904828750403e-01 dt=1.7089101356329954e-06
cycle=3753 time=1.5456075719763965e-01 dt=1.6525265868753774e-06
cycle=3754 time=1.5456240972422652e-01 dt=1.6432301771685020e-06
cycle=3755 time=1.5456405295440370e-01 dt=1.6493567934421234e-06
cycle=3756 time=1.5456570231119715e-01 dt=1.6593880289731313e-06
cycle=3757 time=1.5456736169922614e-01 dt=1.6695957205306943e-06
cycle=3758 time=1.5456903129494667e-01 dt=1.6868067040446112e-06
cycle=3759 time=1.5457071810165071e-01 dt=1.5975048929927638e-06
cycle=3760 time=1.5457231560654369e-01 dt=1.4836945659973381e-06
cycle=3761 time=1.5457379930110968e-01 dt=1.4152860431975890e-06
cycle=3762 time=1.5457521458715287e-01 dt=1.3745456686936713e-06
cycle=3763 time=1.5457658913282157e-01 dt=1.3505565470907461e-06
cycle=3764 time=1.5457793968936867e-01 dt=1.3368013783944816e-06
cycle=3765 time=1.5457927649074707e-01 dt=1.3290558738364766e-06
cycle=3766 time=1.5458060554662090e-01 dt=1.3247277618214934e-06
cycle=3767 time=1.5458193027438272e-01 dt=1.3222817486421940e-06
cycle=3768 time=1.5458325255613137e-01 dt=1.3208536612155382e-06
cycle=3769 time=1.5458457340979259e-01 dt=1.3199968403336237e-06
cycle=3770 time=1.5458589340663292e-01 dt=1.3195150317632184e-06
cycle=3771 time=1.5458721292166469e-01 dt=1.3193497265198573e-06
cycle=3772 time=1.5458853227139122e-01 dt=1.3195120958284350e-06
cycle=3773 time=1.5458985178348705e-01 dt=1.7472008692922387e-06
cycle=3774 time=1.5459159898435634e-01 dt=2.9634711767772380e-06
cycle=3775 time=1.5459456245553313e-01 dt=3.1705235677182759e-06
cycle=3776 time=1.5459773297910084e-01 dt=2.7189569106891777e-06
cycle=3777 time=1.5460045193601155e-01 dt=2.2449160097860608e-06
cycle=3778 time=1.5460269685202133e-01 dt=1.8734584478621200e-06
cycle=3779 time=1.5460457031046917e-01 dt=1.5852078473172743e-06
cycle=3780 time=1.5460615551831650e-01 dt=1.4249287385641360e-06
cycle=3781 time=1.5460758044705505e-01 dt=1.4310956619511653e-06
cycle=3782 time=1.5460901154271700e-01 dt=1.5202305117551874e-06
cycle=3783 time=1.5461053177322875e-01 dt=1.6845246262931552e-06
cycle=3784 time=1.5461221629785504e-01 dt=1.6887652102473781e-06
cycle=3785 time=1.5461390506306530e-01 dt=1.6935344826884808e-06
cycle=3786 time=1.5461559859754798e-01 dt=1.6979503695583492e-06
cycle=3787 time=1.5461729654791753e-01 dt=1.7015383919190549e-06
cycle=3788 time=1.5461899808630944e-01 dt=1.7024199944871800e-06
cycle=3789 time=1.5462070050630392e-01 dt=1.6997044274713453e-06
cycle=3790 time=1.5462240021073140e-01 dt=1.6937514310184760e-06
cycle=3791 time=1.5462409396216242e-01 dt=1.6855300176589787e-06
cycle=3792 time=1.5462577949218009e-01 dt=1.6760907021818021e-06
cycle=3793 time=1.5462745558288227e-01 dt=1.6663070069132367e-06
cycle=3794 time=1.5462912188988917e-01 dt=1.6568266152862540e-06
cycle=3795 time=1.5463077871650446e-01 dt=1.6480645484181648e-06
cycle=3796 time=1.5463242678105288e-01 dt=1.6400787528767638e-06
cycle=3797 time=1.5463406685980577e-01 dt=1.6327810558160981e-06
cycle=3798 time=1.5463569964086157e-01 dt=1.6260269842854923e-06
cycle=3799 time=1.5463732566784585e-01 dt=1.6195983869736730e-06
cycle=3800 time=1.5463894526623284e-01 dt=1.6133836248344369e-06
cycle=3801 time=1.5464055864985768e-01 dt=1.6072543346881651e-06
cycle=3802 time=1.5464216590419236e-01 dt=1.6012848655148680e-06
cycle=3803 time=1.5464376718905787e-01 dt=1.5955335227381867e-06
cycle=3804 time=1.5464536272258061e-01 dt=1.5900128297952611e-06
cycle=3805 time=1.5464695273541040e-01 dt=1.5846852225142873e-06
cycle=3806 time=1.5464853742063292e-01 dt=1.5795366961448716e-06
cycle=3807 time=1.5465011695732905e-01 dt=1.5745689036716295e-06
cycle=3808 time=1.5465169152623273e-01 dt=1.5697873896424686e-06
cycle=3809 time=1.5465326131362236e-01 dt=1.5651980937249040e-06
cycle=3810 time=1.5465482651171608e-01 dt=1.5607978358266699e-06
cycle=3811 time=1.5465638730955192e-01 dt=1.5565793201285209e-06
cycle=3812 time=1.5465794388887205e-01 dt=1.5525307448109524e-06
cycle=3813 time=1.5465949641961685e-01 dt=1.5486430148780677e-06
cycle=3814 time=1.5466104506263173e-01 dt=1.5449080982600192e-06
cycle=3815 time=1.5466258997072999e-01 dt=1.5413208231339608e-06
cycle=3816 time=1.5466413129155313e-01 dt=1.5378760423514397e-06
cycle=3817 time=1.5466566916759547e-01 dt=1.5345690685145773e-06
cycle=3818 time=1.5466720373666398e-01 dt=1.5313947287241763e-06
cycle=3819 time=1.5466873513139270e-01 dt=1.5283542600418654e-06
cycle=3820 time=1.5467026348565274e-01 dt=1.5083838640460239e-06
cycle=3821 time=1.5467177186951678e-01 dt=1.3889506912370285e-06
cycle=3822 time=1.5467316082020802e-01 dt=1.2794902860775367e-06
cycle=3823 time=1.5467444031049410e-01 dt=1.1946433701797886e-06
cycle=3824 time=1.5467563495386427e-01 dt=1.1533492158502506e-06
cycle=3825 time=1.5467678830308013e-01 dt=1.1307827330834514e-06
cycle=3826 time=1.5467791908581321e-01 dt=1.1140623353292475e-06
cycle=3827 time=1.5467903314814854e-01 dt=1.1008577095085583e-06
cycle=3828 time=1.5468013400585806e-01 dt=1.0903630508764118e-06
cycle=3829 time=1.5468122436890894e-01 dt=1.0837663656468549e-06
cycle=3830 time=1.5468230813527459e-01 dt=1.1083955531846721e-06
cycle=3831 time=1.5468341653082776e-01 dt=1.1547913359754149e-06
cycle=3832 time=1.5468457132216373e-01 dt=1.2188861335932336e-06
cycle=3833 time=1.5468579020829731e-01 dt=1.3088878349941585e-06
cycle=3834 time=1.5468709909613232e-01 dt=1.4570785916221175e-06
cycle=3835 time=1.5468855617472393e-01 dt=1.8515002900809666e-06
cycle=3836 time=1.5469040767501402e-01 dt=2.2761525292634433e-06
cycle=3837 time=1.5469268382754328e-01 dt=2.1472658761568413e-06
cycle=3838 time=1.5469483109341944e-01 dt=1.9374334764034161e-06
cycle=3839 time=1.5469676852689584e-01 dt=1.7097448288267786e-06
cycle=3840 time=1.5469847827172467e-01 dt=1.5188114167449253e-06
cycle=3841 time=1.5469999708314142e-01 dt=1.4175831598269271e-06
cycle=3842 time=1.5470141466630125e-01 dt=1.3911730423286157e-06
cycle=3843 time=1.5470280583934357e-01 dt=1.3912721643151379e-06
cycle=3844 time=1.5470419711150787e-01 dt=1.4005881676554849e-06
cycle=3845 time=1.5470559769967554e-01 dt=1.4124631705819430e-06
cycle=3846 time=1.5470701016284613e-01 dt=1.4242981441930315e-06
cycle=3847 time=1.5470843446099034e-01 dt=1.4351445964283259e-06
cycle=3848 time=1.5470986960558678e-01 dt=1.4475079027042164e-06
cycle=3849 time=1.5471131711348948e-01 dt=1.4632302921364386e-06
cycle=3850 time=1.5471278034378161e-01 dt=1.4789905588451858e-06
cycle=3851 time=1.5471425933434046e-01 dt=1.4919874319377295e-06
cycle=3852 time=1.5471575132177240e-01 dt=1.5008313619607802e-06
cycle=3853 time=1.5471725215313437e-01 dt=1.5053662523704681e-06
cycle=3854 time=1.5471875751938674e-01 dt=1.5063080612825281e-06
cycle=3855 time=1.5472026382744802e-01 dt=1.5048289732418353e-06
cycle=3856 time=1.5472176865642126e-01 dt=1.4434909228870670e-06
cycle=3857 time=1.5472321214734414e-01 dt=1.3503350584359269e-06
cycle=3858 time=1.5472456248240257e-01 dt=1.2712285196460994e-06
cycle=3859 time=1.5472583371092222e-01 dt=1.2169799473863937e-06
cycle=3860 time=1.5472705069086962e-01 dt=1.1914717505696355e-06
cycle=3861 time=1.5472824216262018e-01 dt=1.2120113897791787e-06
cycle=3862 time=1.5472945417400996e-01 dt=1.3131696720463332e-06
cycle=3863 time=1.5473076734368202e-01 dt=1.5186695295000320e-06
cycle=3864 time=1.5473228601321151e-01 dt=1.8625704664314891e-06
cycle=3865 time=1.5473414858367796e-01 dt=1.8862407475398496e-06
cycle=3866 time=1.5473603482442549e-01 dt=1.8219644793021774e-06
cycle=3867 time=1.5473785678890481e-01 dt=1.7134749109057330e-06
cycle=3868 time=1.5473957026381571e-01 dt=1.5980349753426349e-06
cycle=3869 time=1.5474116829879106e-01 dt=1.5037645279998321e-06
cycle=3870 time=1.5474267206331907e-01 dt=1.4451389185189723e-06
cycle=3871 time=1.5474411720223760e-01 dt=1.4280857356893846e-06
cycle=3872 time=1.5474554528797330e-01 dt=1.4323860302484233e-06
cycle=3873 time=1.5474697767400356e-01 dt=1.4782989637904673e-06
cycle=3874 time=1.5474845597296735e-01 dt=1.5732030584337619e-06
cycle=3875 time=1.5475002917602579e-01 dt=1.7198413627028691e-06
cycle=3876 time=1.5475174901738850e-01 dt=1.9169330308603978e-06
cycle=3877 time=1.5475366595041937e-01 dt=2.1565128231643012e-06
cycle=3878 time=1.5475582246324254e-01 dt=2.2343182414053924e-06
cycle=3879 time=1.5475805678148394e-01 dt=2.0157868585708403e-06
cycle=3880 time=1.5476007256834251e-01 dt=1.8108341322113589e-06
cycle=3881 time=1.5476188340247471e-01 dt=1.6129933068080920e-06
cycle=3882 time=1.5476349639578152e-01 dt=1.4665685617143425e-06
cycle=3883 time=1.5476496296434322e-01 dt=1.4108409121413515e-06
cycle=3884 time=1.5476637380525538e-01 dt=1.3807076782691304e-06
cycle=3885 time=1.5476775451293365e-01 dt=1.3594971539972610e-06
cycle=3886 time=1.5476911401008764e-01 dt=1.3451760008495713e-06
cycle=3887 time=1.5477045918608848e-01 dt=1.3360213842695065e-06
cycle=3888 time=1.5477179520747275e-01 dt=1.3305314330188124e-06
cycle=3889 time=1.5477312573890578e-01 dt=1.3274342310598854e-06
cycle=3890 time=1.5477445317313684e-01 dt=1.3256855647991970e-06
cycle=3891 time=1.5477577885870164e-01 dt=1.3244460083998292e-06
cycle=3892 time=1.5477710330471003e-01 dt=1.3230386562118702e-06
cycle=3893 time=1.5477842634336625e-01 dt=1.3206848129921715e-06
cycle=3894 time=1.5477974702817923e-01 dt=1.3165806851095986e-06
cycle=3895 time=1.5478106360886434e-01 dt=1.3104927829118480e-06
cycle=3896 time=1.5478237410164725e-01 dt=1.3023059794770750e-06
cycle=3897 time=1.5478367640762672e-01 dt=1.2921786291368756e-06
cycle=3898 time=1.5478496858625584e-01 dt=1.2948291287075163e-06
cycle=3899 time=1.5478626341538454e-01 dt=1.3791320447889303e-06
cycle=3900 time=1.5478764254742933e-01 dt=1.5691098084489323e-06
cycle=3901 time=1.5478921165723777e-01 dt=1.8820179392647879e-06
cycle=3902 time=1.5479109367517704e-01 dt=2.2523611004620028e-06
cycle=3903 time=1.5479334603627751e-01 dt=2.1049636004731211e-06
cycle=3904 time=1.5479545099987799e-01 dt=1.9085922895051655e-06
cycle=3905 time=1.5479735959216750e-01 dt=1.7265393214858932e-06
cycle=3906 time=1.5479908613148899e-01 dt=1.6005518436269451e-06
cycle=3907 time=1.5480068668333261e-01 dt=1.5451382175527185e-06
cycle=3908 time=1.5480223182155015e-01 dt=1.4146445873682129e-06
cycle=3909 time=1.5480364646613751e-01 dt=1.3558513602259754e-06
cycle=3910 time=1.5480500231749772e-01 dt=1.3285547703574489e-06
cycle=3911 time=1.5480633087226808e-01 dt=1.3087564700538769e-06
cycle=3912 time=1.5480763962873814e-01 dt=1.2948638258298467e-06
cycle=3913 time=1.5480893449256397e-01 dt=1.2855096157195509e-06
cycle=3914 time=1.5481022000217970e-01 dt=1.2795128530077045e-06
cycle=3915 time=1.5481149951503270e-01 dt=1.2758581405791026e-06
cycle=3916 time=1.5481277537317328e-01 dt=1.2735885475926779e-06
cycle=3917 time=1.5481404896172088e-01 dt=1.2718549000386094e-06
cycle=3918 time=1.5481532081662092e-01 dt=1.2703263021519144e-06
cycle=3919 time=1.5481659114292307e-01 dt=1.2685807840927992e-06
cycle=3920 time=1.5481785972370715e-01 dt=1.2658852277107090e-06
cycle=3921 time=1.5481912560893485e-01 dt=1.2618830865102876e-06
cycle=3922 time=1.5482038749202137e-01 dt=1.2562337715896683e-06
cycle=3923 time=1.5482164372579296e-01 dt=1.2604623087428891e-06
cycle=3924 time=1.5482290418810171e-01 dt=1.2917280726692026e-06
cycle=3925 time=1.5482419591617438e-01 dt=1.3446714629716904e-06
cycle=3926 time=1.5482554058763737e-01 dt=1.4153135978192658e-06
cycle=3927 time=1.5482695590123519e-01 dt=1.5005687693595165e-06
cycle=3928 time=1.5482845647000454e-01 dt=1.5997384556051031e-06
cycle=3929 time=1.5483005620846013e-01 dt=1.7163055330133567e-06
cycle=3930 time=1.5483177251399313e-01 dt=1.8456442353575773e-06
cycle=3931 time=1.5483361815822849e-01 dt=1.9858311708198304e-06
cycle=3932 time=1.5483560398939930e-01 dt=2.1010657605951884e-06
cycle=3933 time=1.5483770505515990e-01 dt=1.9277394973164966e-06
cycle=3934 time=1.5483963279465721e-01 dt=1.7599547159728917e-06
cycle=3935 time=1.5484139274937317e-01 dt=1.6398893598465048e-06
cycle=3936 time=1.5484303263873300e-01 dt=1.6013009731763066e-06
cycle=3937 time=1.5484463393970618e-01 dt=1.5962817331718041e-06
cycle=3938 time=1.5484623022143937e-01 dt=1.6028203652205460e-06
cycle=3939 time=1.5484783304180458e-01 dt=1.6133704159532405e-06
cycle=3940 time=1.5484944641222054e-01 dt=1.6247585508640866e-06
cycle=3941 time=1.5485107117077140e-01 dt=1.6357006793914380e-06
cycle=3942 time=1.5485270687145081e-01 dt=1.6458563921880925e-06
cycle=3943 time=1.5485435272784301e-01 dt=1.6552430501549650e-06
cycle=3944 time=1.5485600797089316e-01 dt=1.6639831467915391e-06
cycle=3945 time=1.5485767195403996e-01 dt=1.6722179717632063e-06
cycle=3946 time=1.5485934417201172e-01 dt=1.6807228622696457e-06
cycle=3947 time=1.5486102489487399e-01 dt=1.6900988716493483e-06
cycle=3948 time=1.5486271499374565e-01 dt=1.6998657136880305e-06
cycle=3949 time=1.5486441485945934e-01 dt=1.7091552040561593e-06
cycle=3950 time=1.5486612401466340e-01 dt=1.7175492678676118e-06
cycle=3951 time=1.5486784156393127e-01 dt=1.7095051286512159e-06
cycle=3952 time=1.5486955106905992e-01 dt=1.6353396453095450e-06
cycle=3953 time=1.5487118640870523e-01 dt=1.5676022024710329e-06
cycle=3954 time=1.5487275401090769e-01 dt=1.5144926160866963e-06
cycle=3955 time=1.5487426850352379e-01 dt=1.4813058817958878e-06
cycle=3956 time=1.5487574980940558e-01 dt=1.4611397542648582e-06
cycle=3957 time=1.5487721094915985e-01 dt=1.4477840299059719e-06
cycle=3958 time=1.5487865873318976e-01 dt=1.4376703521129119e-06
cycle=3959 time=1.5488009640354186e-01 dt=1.4291814991668997e-06
cycle=3960 time=1.5488152558504104e-01 dt=1.4214503405196853e-06
cycle=3961 time=1.5488294703538155e-01 dt=1.4141613572382630e-06
cycle=3962 time=1.5488436119673879e-01 dt=1.4071305659701577e-06
cycle=3963 time=1.5488576832730477e-01 dt=1.4000553048031888e-06
cycle=3964 time=1.5488716838260957e-01 dt=1.3931413880597534e-06
cycle=3965 time=1.5488856152399763e-01 dt=1.4090210300810272e-06
cycle=3966 time=1.5488997054502771e-01 dt=1.4948764623957146e-06
cycle=3967 time=1.5489146542149010e-01 dt=1.6675377779641626e-06
cycle=3968 time=1.5489313295926807e-01 dt=1.8884795825229188e-06
cycle=3969 time=1.5489502143885059e-01 dt=2.3565020130723940e-06
cycle=3970 time=1.5489737794086367e-01 dt=2.3909006079201226e-06
cycle=3971 time=1.5489976884147158e-01 dt=2.1758047836756533e-06
cycle=3972 time=1.5490194464625526e-01 dt=1.9487206605838014e-06
cycle=3973 time=1.5490389336691585e-01 dt=1.7233015686705979e-06
cycle=3974 time=1.5490561666848451e-01 dt=1.5626143422600825e-06
cycle=3975 time=1.5490717928282677e-01 dt=1.4866083785164442e-06
cycle=3976 time=1.5490866589120528e-01 dt=1.4516558807073179e-06
cycle=3977 time=1.5491011754708597e-01 dt=1.4263625685472538e-06
cycle=3978 time=1.5491154390965453e-01 dt=1.4087768599578608e-06
cycle=3979 time=1.5491295268651448e-01 dt=1.3972909243819325e-06
cycle=3980 time=1.5491434997743886e-01 dt=1.3905251214350366e-06
cycle=3981 time=1.5491574050256030e-01 dt=1.3872847861302691e-06
cycle=3982 time=1.5491712778734643e-01 dt=1.3865406358400887e-06
cycle=3983 time=1.5491851432798226e-01 dt=1.3874130530870564e-06
cycle=3984 time=1.5491990174103534e-01 dt=1.3891633003417492e-06
cycle=3985 time=1.5492129090433568e-01 dt=1.3911822914597449e-06
cycle=3986 time=1.5492268208662713e-01 dt=1.3929860071294906e-06
cycle=3987 time=1.5492407507263425e-01 dt=1.3942293435066072e-06
cycle=3988 time=1.5492546930197776e-01 dt=1.3955364251012945e-06
cycle=3989 time=1.5492686483840287e-01 dt=1.3953001934681142e-06
cycle=3990 time=1.5492826013859634e-01 dt=1.3924538096640254e-06
cycle=3991 time=1.5492965259240601e-01 dt=1.3905692458628915e-06
cycle=3992 time=1.5493104316165188e-01 dt=1.4740793829303282e-06
cycle=3993 time=1.5493251724103480e-01 dt=1.6779658335250940e-06
cycle=3994 time=1.5493419520686832e-01 dt=1.8997030013149501e-06
cycle=3995 time=1.5493609490986965e-01 dt=1.8469075737044412e-06
cycle=3996 time=1.5493794181744336e-01 dt=1.7591636491440244e-06
cycle=3997 time=1.5493970098109250e-01 dt=1.6599753499014775e-06
cycle=3998 time=1.5494136095644240e-01 dt=1.5682160514631586e-06
cycle=3999 time=1.5494292917249386e-01 dt=1.4969328652455980e-06
cycle=4000 time=1.5494442610535911e-01 dt=1.4576815089666567e-06
cycle=4001 time=1.5494588378686808e-01 dt=1.4328441935851566e-06
cycle=4002 time=1.5494731663106165e-01 dt=1.4057961862429298e-06
cycle=4003 time=1.5494872242724789e-01 dt=1.3882443071148276e-06
cycle=4004 time=1.5495011067155501e-01 dt=1.4107843381946802e-06
cycle=4005 time=1.5495152145589319e-01 dt=1.4073514414163626e-06
cycle=4006 time=1.5495292880733461e-01 dt=1.4047816580539230e-06
cycle=4007 time=1.5495433358899266e-01 dt=1.4030470999078038e-06
cycle=4008 time=1.5495573663609258e-01 dt=1.4018426363406446e-06
cycle=4009 time=1.5495713847872891e-01 dt=1.4009419687565033e-06
cycle=4010 time=1.5495853942069768e-01 dt=1.4001205726384742e-06
cycle=4011 time=1.5495993954127033e-01 dt=1.3992160317195512e-06
cycle=4012 time=1.5496133875730206e-01 dt=1.3982650971611920e-06
cycle=4013 time=1.5496273702239921e-01 dt=1.3968796468234532e-06
cycle=4014 time=1.5496413390204603e-01 dt=1.3947690825818223e-06
cycle=4015 time=1.5496552867112862e-01 dt=1.3918160810612641e-06
cycle=4016 time=1.5496692048720967e-01 dt=1.3880904872646343e-06
cycle=4017 time=1.5496830857769694e-01 dt=1.3836971883027297e-06
cycle=4018 time=1.5496969227488525e-01 dt=1.3787872963105173e-06
cycle=4019 time=1.5497107106218155e-01 dt=1.3735323916987240e-06
cycle=4020 time=1.5497244459457324e-01 dt=1.3680991444002539e-06
cycle=4021 time=1.5497381269371763e-01 dt=1.3626243617272611e-06
cycle=4022 time=1.5497517531807936e-01 dt=1.3572063452095106e-06
cycle=4023 time=1.5497653252442456e-01 dt=1.3519067304275627e-06
cycle=4024 time=1.5497788443115498e-01 dt=1.3541972075390412e-06
cycle=4025 time=1.5497923862836252e-01 dt=1.3995243012359430e-06
cycle=4026 time=1.5498063815266375e-01 dt=1.5051324049259415e-06
cycle=4027 time=1.5498214328506868e-01 dt=1.6969023061824824e-06
cycle=4028 time=1.5498384018737485e-01 dt=2.0158288585613598e-06
cycle=4029 time=1.5498585601623341e-01 dt=2.5140361287394523e-06
cycle=4030 time=1.5498837005236216e-01 dt=2.6350874769899307e-06
cycle=4031 time=1.5499100513983916e-01 dt=2.3532727810082021e-06
cycle=4032 time=1.5499335841262016e-01 dt=2.0602195796680686e-06
cycle=4033 time=1.5499541863219982e-01 dt=1.8072287613191064e-06
cycle=4034 time=1.5499722586096112e-01 dt=1.6465400929769968e-06
cycle=4035 time=1.5499887240105409e-01 dt=1.5796821413152089e-06
cycle=4036 time=1.5500045208319541e-01 dt=1.5446164891658251e-06
cycle=4037 time=1.5500199669968456e-01 dt=1.5208516536726574e-06
cycle=4038 time=1.5500351755133823e-01 dt=1.5061865230623287e-06
cycle=4039 time=1.5500502373786129e-01 dt=1.4987559235943936e-06
cycle=4040 time=1.5500652249378488e-01 dt=1.4969518692202182e-06
cycle=4041 time=1.5500801944565409e-01 dt=1.4993730891281839e-06
cycle=4042 time=1.5500951881874322e-01 dt=1.5047953654968168e-06
cycle=4043 time=1.5501102361410873e-01 dt=1.5121580434701311e-06
cycle=4044 time=1.5501253577215221e-01 dt=1.5205233952982669e-06
cycle=4045 time=1.5501405629554751e-01 dt=1.5291632177182791e-06
cycle=4046 time=1.5501558545876523e-01 dt=1.5374910726251100e-06
cycle=4047 time=1.5501712294983785e-01 dt=1.5450578477103196e-06
cycle=4048 time=1.5501866800768557e-01 dt=1.5515536499449226e-06
cycle=4049 time=1.5502021956133552e-01 dt=1.5568091589759262e-06
cycle=4050 time=1.5502177637049450e-01 dt=1.5619378711403304e-06
cycle=4051 time=1.5502333830836565e-01 dt=1.5668357335815160e-06
cycle=4052 time=1.5502490514409922e-01 dt=1.5688721205073132e-06
cycle=4053 time=1.5502647401621972e-01 dt=1.5675036604333634e-06
cycle=4054 time=1.5502804151988014e-01 dt=1.5633648199401832e-06
cycle=4055 time=1.5502960488470008e-01 dt=1.5574025299108231e-06
cycle=4056 time=1.5503116228722999e-01 dt=1.5504898020050607e-06
cycle=4057 time=1.5503271277703198e-01 dt=1.5433220261071083e-06
cycle=4058 time=1.5503425609905810e-01 dt=1.5363867282224028e-06
cycle=4059 time=1.5503579248578633e-01 dt=1.5299969181807770e-06
cycle=4060 time=1.5503732248270452e-01 dt=1.5242062016952558e-06
cycle=4061 time=1.5503884668890622e-01 dt=1.5189688816998708e-06
cycle=4062 time=1.5504036565778792e-01 dt=1.5141877629796422e-06
cycle=4063 time=1.5504187984555090e-01 dt=1.5097529824059228e-06
cycle=4064 time=1.5504338959853331e-01 dt=1.5055672746676203e-06
cycle=4065 time=1.5504489516580797e-01 dt=1.5015502256927879e-06
cycle=4066 time=1.5504639671603365e-01 dt=1.4976384532125939e-06
cycle=4067 time=1.5504789435448688e-01 dt=1.4937809316286617e-06
cycle=4068 time=1.5504938813541849e-01 dt=1.4899443798792444e-06
cycle=4069 time=1.5505087807979837e-01 dt=1.4861107348016710e-06
cycle=4070 time=1.5505236419053317e-01 dt=1.5012994415883371e-06
cycle=4071 time=1.5505386548997477e-01 dt=1.5515782843030774e-06
cycle=4072 time=1.5505541706825907e-01 dt=1.6458043277564079e-06
cycle=4073 time=1.5505706287258683e-01 dt=1.7953277167052771e-06
cycle=4074 time=1.5505885820030355e-01 dt=2.0166617732195177e-06
cycle=4075 time=1.5506087486207676e-01 dt=2.3348183884787149e-06
cycle=4076 time=1.5506320968046525e-01 dt=2.7598376426983145e-06
cycle=4077 time=1.5506596951810794e-01 dt=2.5250659034156334e-06
cycle=4078 time=1.5506849458401137e-01 dt=2.2485156384600680e-06
cycle=4079 time=1.5507074309964983e-01 dt=2.0062324465982968e-06
cycle=4080 time=1.5507274933209642e-01 dt=1.8098520221337525e-06
cycle=4081 time=1.5507455918411855e-01 dt=1.7210845457447690e-06
cycle=4082 time=1.5507628026866430e-01 dt=1.6871273866188045e-06
cycle=4083 time=1.5507796739605093e-01 dt=1.7140695759721172e-06
cycle=4084 time=1.5507968146562690e-01 dt=1.8209650448712018e-06
cycle=4085 time=1.5508150243067176e-01 dt=2.0038713833938433e-06
cycle=4086 time=1.5508350630205514e-01 dt=2.0221065233866114e-06
cycle=4087 time=1.5508552840857853e-01 dt=2.0078126608128821e-06
cycle=4088 time=1.5508753622123936e-01 dt=1.9790836944386104e-06
cycle=4089 time=1.5508951530493378e-01 dt=1.8721109287450763e-06
cycle=4090 time=1.5509138741586254e-01 dt=1.7867208616709144e-06
cycle=4091 time=1.5509317413672422e-01 dt=1.7260069173282480e-06
cycle=4092 time=1.5509490014364155e-01 dt=1.6859773219216985e-06
cycle=4093 time=1.5509658612096347e-01 dt=1.6594942913556758e-06
cycle=4094 time=1.5509824561525482e-01 dt=1.6934004423798694e-06
cycle=4095 time=1.5509993901569719e-01 dt=1.8228993614801492e-06
cycle=4096 time=1.5510176191505867e-01 dt=2.0440469150913579e-06
cycle=4097 time=1.5510380596197376e-01 dt=2.3139556089582210e-06
cycle=4098 time=1.5510611991758272e-01 dt=2.3028326413687248e-06
cycle=4099 time=1.5510842275022410e-01 dt=2.2403064539562625e-06
cycle=4100 time=1.5511066305667806e-01 dt=2.1740256742145848e-06
cycle=4101 time=1.5511283708235227e-01 dt=2.1218118983776267e-06
cycle=4102 time=1.5511495889425064e-01 dt=2.0891408090960105e-06
cycle=4103 time=1.5511704803505974e-01 dt=2.0704714504353278e-06
cycle=4104 time=1.5511911850651017e-01 dt=2.0616011595077513e-06
cycle=4105 time=1.5512118010766968e-01 dt=2.0582176121929109e-06
cycle=4106 time=1.5512323832528188e-01 dt=2.0370195724143799e-06
cycle=4107 time=1.5512527534485429e-01 dt=1.8789081500402511e-06
cycle=4108 time=1.5512715425300433e-01 dt=1.7785823326938878e-06
cycle=4109 time=1.5512893283533702e-01 dt=1.7136374691199192e-06
cycle=4110 time=1.5513064647280614e-01 dt=1.6709850474087237e-06
cycle=4111 time=1.5513231745785355e-01 dt=1.6423550688630126e-06
cycle=4112 time=1.5513395981292241e-01 dt=1.6225321759391023e-06
cycle=4113 time=1.5513558234509836e-01 dt=2.0944789570994500e-06
cycle=4114 time=1.5513767682405546e-01 dt=2.3274871480882703e-06
cycle=4115 time=1.5514000431120356e-01 dt=2.3088532817509733e-06
cycle=4116 time=1.5514231316448532e-01 dt=2.2544169643969528e-06
cycle=4117 time=1.5514456758144970e-01 dt=2.1963315213944767e-06
cycle=4118 time=1.5514676391297111e-01 dt=2.1515981954642022e-06
cycle=4119 time=1.5514891551116658e-01 dt=2.1246496078836743e-06
cycle=4120 time=1.5515104016077447e-01 dt=2.0125640973277430e-06
cycle=4121 time=1.5515305272487179e-01 dt=1.8600071713499257e-06
cycle=4122 time=1.5515491273204313e-01 dt=1.7468745297350067e-06
cycle=4123 time=1.5515665960657285e-01 dt=1.6857248001081333e-06
cycle=4124 time=1.5515834533137296e-01 dt=1.6615251554282946e-06
cycle=4125 time=1.5516000685652839e-01 dt=1.6516317359352271e-06
cycle=4126 time=1.5516165848826433e-01 dt=1.6479172826015532e-06
cycle=4127 time=1.5516330640554693e-01 dt=1.6524130882088363e-06
cycle=4128 time=1.5516495881863515e-01 dt=1.6600233537519388e-06
cycle=4129 time=1.5516661884198890e-01 dt=1.6661356967404230e-06
cycle=4130 time=1.5516828497768564e-01 dt=1.6679750352263544e-06
cycle=4131 time=1.5516995295272087e-01 dt=1.6644242683932501e-06
cycle=4132 time=1.5517161737698926e-01 dt=1.6557355464456440e-06
cycle=4133 time=1.5517327311253570e-01 dt=1.6430152301686921e-06
cycle=4134 time=1.5517491612776588e-01 dt=1.6277003757469603e-06
cycle=4135 time=1.5517654382814161e-01 dt=1.6112856567392111e-06
cycle=4136 time=1.5517815511379834e-01 dt=1.5950699295424908e-06
cycle=4137 time=1.5517975018372790e-01 dt=1.5800043015704449e-06
cycle=4138 time=1.5518133018802946e-01 dt=1.5666134578074860e-06
cycle=4139 time=1.5518289680148728e-01 dt=1.5550711099939634e-06
cycle=4140 time=1.5518445187259727e-01 dt=1.5452897590494134e-06
cycle=4141 time=1.5518599716235632e-01 dt=1.5369983977264323e-06
cycle=4142 time=1.5518753416075404e-01 dt=1.5823589269175569e-06
cycle=4143 time=1.5518911651968095e-01 dt=1.7116258743873891e-06
cycle=4144 time=1.5519082814555535e-01 dt=1.9337082315289303e-06
cycle=4145 time=1.5519276185378689e-01 dt=2.2685010765798932e-06
cycle=4146 time=1.5519503035486346e-01 dt=2.4873858299666533e-06
cycle=4147 time=1.5519751774069343e-01 dt=2.3109555468542157e-06
cycle=4148 time=1.5519982869624027e-01 dt=2.1146578503181342e-06
cycle=4149 time=1.5520194335409060e-01 dt=1.9425273878245463e-06
cycle=4150 time=1.5520388588147843e-01 dt=1.8242824712664781e-06
cycle=4151 time=1.5520571016394971e-01 dt=1.7684260289380058e-06
cycle=4152 time=1.5520747858997866e-01 dt=1.7437637526835113e-06
cycle=4153 time=1.5520922235373133e-01 dt=1.7283257549196653e-06
cycle=4154 time=1.5521095067948626e-01 dt=1.7125874058474495e-06
cycle=4155 time=1.5521266326689212e-01 dt=1.6306298945474219e-06
cycle=4156 time=1.5521429389678668e-01 dt=1.5763264552933110e-06
cycle=4157 time=1.5521587022324196e-01 dt=1.5400109627632839e-06
cycle=4158 time=1.5521741023420471e-01 dt=1.5154265514355793e-06
cycle=4159 time=1.5521892566075615e-01 dt=1.4984675665892802e-06
cycle=4160 time=1.5522042412832274e-01 dt=1.4864262022330544e-06
cycle=4161 time=1.5522191055452497e-01 dt=1.4775272780949298e-06
cycle=4162 time=1.5522338808180305e-01 dt=1.4704858877166992e-06
cycle=4163 time=1.5522485856769078e-01 dt=1.4644555881768947e-06
cycle=4164 time=1.5522632302327896e-01 dt=1.9391007998872410e-06
cycle=4165 time=1.5522826212407884e-01 dt=1.9510268018507533e-06
cycle=4166 time=1.5523021315088067e-01 dt=1.9184895323706769e-06
cycle=4167 time=1.5523213164041305e-01 dt=1.8626207810048265e-06
cycle=4168 time=1.5523399426119405e-01 dt=1.8014949896741048e-06
cycle=4169 time=1.5523579575618374e-01 dt=1.7478274254297109e-06
cycle=4170 time=1.5523754358360917e-01 dt=1.6876166098388889e-06
cycle=4171 time=1.5523923120021901e-01 dt=1.6911074863954401e-06
cycle=4172 time=1.5524092230770542e-01 dt=1.6780997729873464e-06
cycle=4173 time=1.5524260040747842e-01 dt=1.6712031566743458e-06
cycle=4174 time=1.5524427161063509e-01 dt=1.6677302613229331e-06
cycle=4175 time=1.5524593934089642e-01 dt=1.6659450581050609e-06
cycle=4176 time=1.5524760528595452e-01 dt=1.6652314375331261e-06
cycle=4177 time=1.5524927051739204e-01 dt=1.6339818698039989e-06
cycle=4178 time=1.5525090449926185e-01 dt=1.6035902409790894e-06
cycle=4179 time=1.5525250808950283e-01 dt=1.5781460661283232e-06
cycle=4180 time=1.5525408623556897e-01 dt=1.5583658178444694e-06
cycle=4181 time=1.5525564460138680e-01 dt=1.5433854432864574e-06
cycle=4182 time=1.5525718798683008e-01 dt=1.5318174661741660e-06
cycle=4183 time=1.5525871980429626e-01 dt=1.5223011821285761e-06
cycle=4184 time=1.5526024210547840e-01 dt=1.5137145127909699e-06
cycle=4185 time=1.5526175581999119e-01 dt=1.5052848509895893e-06
cycle=4186 time=1.5526326110484218e-01 dt=1.4965827994682817e-06
cycle=4187 time=1.5526475768764164e-01 dt=1.4874491293623645e-06
cycle=4188 time=1.5526624513677101e-01 dt=1.4779810433033570e-06
cycle=4189 time=1.5526772311781431e-01 dt=1.4689556290900014e-06
cycle=4190 time=1.5526919207344339e-01 dt=1.4603251456964566e-06
cycle=4191 time=1.5527065239858909e-01 dt=1.4520230869697707e-06
cycle=4192 time=1.5527210442167605e-01 dt=1.4449012626983573e-06
cycle=4193 time=1.5527354932293874e-01 dt=1.4388471957359186e-06
cycle=4194 time=1.5527498817013446e-01 dt=1.4333912547217341e-06
cycle=4195 time=1.5527642156138918e-01 dt=1.4281615380257263e-06
cycle=4196 time=1.5527784972292721e-01 dt=1.4229107453625531e-06
cycle=4197 time=1.5527927263367258e-01 dt=1.4175103401816145e-06
cycle=4198 time=1.5528069014401277e-01 dt=1.4119264638931648e-06
cycle=4199 time=1.5528210207047666e-01 dt=1.4061885405692584e-06
cycle=4200 time=1.5528350825901724e-01 dt=1.4003592195611199e-06
cycle=4201 time=1.5528490861823679e-01 dt=1.3945105157238935e-06
cycle=4202 time=1.5528630312875252e-01 dt=1.3946341898592112e-06
cycle=4203 time=1.5528769776294238e-01 dt=1.4192689389041637e-06
cycle=4204 time=1.5528911703188128e-01 dt=1.4593034807813634e-06
cycle=4205 time=1.5529057633536206e-01 dt=1.5206080811515165e-06
cycle=4206 time=1.5529209694344320e-01 dt=1.6160519264242555e-06
cycle=4207 time=1.5529371299536962e-01 dt=1.7549393698567699e-06
cycle=4208 time=1.5529546793473947e-01 dt=1.9716787519961660e-06
cycle=4209 time=1.5529743961349146e-01 dt=1.8791465526107445e-06
cycle=4210 time=1.5529931876004407e-01 dt=1.7689275159150659e-06
cycle=4211 time=1.5530108768755999e-01 dt=1.6863523795798980e-06
cycle=4212 time=1.5530277403993956e-01 dt=1.6501179227267669e-06
cycle=4213 time=1.5530442415786228e-01 dt=1.6412418481907876e-06
cycle=4214 time=1.5530606539971045e-01 dt=1.6388941752274208e-06
cycle=4215 time=1.5530770429388568e-01 dt=1.6418901975809086e-06
cycle=4216 time=1.5530934618408326e-01 dt=1.6491637330505324e-06
cycle=4217 time=1.5531099534781631e-01 dt=1.6597672099382924e-06
cycle=4218 time=1.5531265511502626e-01 dt=1.6728701993760927e-06
cycle=4219 time=1.5531432798522563e-01 dt=1.6299120459683061e-06
cycle=4220 time=1.5531595789727159e-01 dt=1.5549838375607194e-06
cycle=4221 time=1.5531751288110915e-01 dt=1.4965613727194923e-06
cycle=4222 time=1.5531900944248186e-01 dt=1.4613351184608251e-06
cycle=4223 time=1.5532047077760033e-01 dt=1.4504007451631375e-06
cycle=4224 time=1.5532192117834551e-01 dt=1.4602984139753537e-06
cycle=4225 time=1.5532338147675948e-01 dt=1.4849026075514098e-06
cycle=4226 time=1.5532486637936702e-01 dt=1.5173576130120922e-06
cycle=4227 time=1.5532638373698002e-01 dt=1.5513970549889296e-06
cycle=4228 time=1.5532793513403501e-01 dt=1.5815088067072875e-06
cycle=4229 time=1.5532951664284173e-01 dt=1.6037484895876262e-06
cycle=4230 time=1.5533112039133132e-01 dt=1.6527252530685894e-06
cycle=4231 time=1.5533277311658439e-01 dt=1.7461827903868431e-06
cycle=4232 time=1.5533451929937478e-01 dt=1.7922332651860163e-06
cycle=4233 time=1.5533631153263996e-01 dt=1.7520543525061345e-06
cycle=4234 time=1.5533806358699248e-01 dt=1.7054768948695615e-06
cycle=4235 time=1.5533976906388736e-01 dt=1.6564897534521571e-06
cycle=4236 time=1.5534142555364081e-01 dt=1.6083861210091715e-06
cycle=4237 time=1.5534303393976182e-01 dt=1.5637004856882248e-06
cycle=4238 time=1.5534459764024749e-01 dt=1.5241193986702051e-06
cycle=4239 time=1.5534612175964616e-01 dt=1.4905358810653939e-06
cycle=4240 time=1.5534761229552721e-01 dt=1.4631177012506868e-06
cycle=4241 time=1.5534907541322845e-01 dt=1.4415593941704846e-06
cycle=4242 time=1.5535051697262262e-01 dt=1.4252498443784614e-06
cycle=4243 time=1.5535194222246698e-01 dt=1.4134162672918134e-06
cycle=4244 time=1.5535335563873429e-01 dt=1.2236234225249096e-06
cycle=4245 time=1.5535457926215682e-01 dt=1.0624780855365846e-06
cycle=4246 time=1.5535564174024236e-01 dt=9.7850725684266151e-07
cycle=4247 time=1.5535662024749919e-01 dt=9.2994398548407751e-07
cycle=4248 time=1.5535755019148467e-01 dt=9.0368101581711668e-07
cycle=4249 time=1.5535845387250050e-01 dt=8.9160308508684220e-07
cycle=4250 time=1.5535934547558558e-01 dt=8.8927845811019020e-07
cycle=4251 time=1.5536023475404370e-01 dt=8.9422505677964311e-07
cycle=4252 time=1.5536112897910048e-01 dt=9.0469903522946608e-07
cycle=4253 time=1.5536203367813572e-01 dt=9.1940922449556027e-07
cycle=4254 time=1.5536295308736023e-01 dt=9.3734998401174957e-07
cycle=4255 time=1.5536389043734425e-01 dt=9.5770191216166842e-07
cycle=4256 time=1.5536484813925641e-01 dt=9.7977212141286451e-07
cycle=4257 time=1.5536582791137782e-01 dt=1.0029584223100044e-06
cycle=4258 time=1.5536683086980013e-01 dt=1.0262638210978454e-06
cycle=4259 time=1.5536785713362122e-01 dt=1.0486326890384425e-06
cycle=4260 time=1.5536890576631027e-01 dt=1.0722685106718886e-06
cycle=4261 time=1.5536997803482094e-01 dt=1.0967551489381086e-06
cycle=4262 time=1.5537107478996989e-01 dt=1.1220251520173872e-06
cycle=4263 time=1.5537219681512190e-01 dt=1.1480415273095542e-06
cycle=4264 time=1.5537334485664922e-01 dt=1.1720933338379968e-06
cycle=4265 time=1.5537451694998305e-01 dt=1.1904696151992692e-06
cycle=4266 time=1.5537570741959825e-01 dt=1.2032824245846081e-06
cycle=4267 time=1.5537691070202284e-01 dt=1.2116274973159512e-06
cycle=4268 time=1.5537812232952014e-01 dt=1.2164576381433446e-06
cycle=4269 time=1.5537933878715829e-01 dt=1.2186099891353495e-06
cycle=4270 time=1.5538055739714743e-01 dt=1.2185663373585838e-06
cycle=4271 time=1.5538177596348479e-01 dt=1.2169477950768744e-06
cycle=4272 time=1.5538299291127988e-01 dt=1.2144226425753810e-06
cycle=4273 time=1.5538420733392247e-01 dt=1.2115709390886940e-06
cycle=4274 time=1.5538541890486157e-01 dt=1.2088621848384773e-06
cycle=4275 time=1.5538662776704640e-01 dt=1.2066428141779226e-06
cycle=4276 time=1.5538783440986056e-01 dt=1.2051349277912779e-06
cycle=4277 time=1.5538903954478836e-01 dt=1.2044451901484809e-06
cycle=4278 time=1.5539024398997850e-01 dt=1.2045823893373468e-06
cycle=4279 time=1.5539144857236784e-01 dt=1.2052474241612539e-06
cycle=4280 time=1.5539265381979200e-01 dt=1.2061938604145849e-06
cycle=4281 time=1.5539386001365241e-01 dt=1.2073736632608338e-06
cycle=4282 time=1.5539506738731568e-01 dt=1.2087332996617773e-06
cycle=4283 time=1.5539627612061535e-01 dt=1.2102199999408572e-06
cycle=4284 time=1.5539748634061529e-01 dt=1.2117868925585061e-06
cycle=4285 time=1.5539869812750784e-01 dt=1.2133192950877917e-06
cycle=4286 time=1.5539991144680293e-01 dt=1.2147254592565285e-06
cycle=4287 time=1.5540112617226218e-01 dt=1.2160162695114210e-06
cycle=4288 time=1.5540234218853169e-01 dt=1.2172105692085258e-06
cycle=4289 time=1.5540355939910089e-01 dt=1.2183307256443863e-06
cycle=4290 time=1.5540477772982653e-01 dt=1.2193995923805977e-06
cycle=4291 time=1.5540599712941891e-01 dt=1.2204383085763687e-06
cycle=4292 time=1.5540721756772749e-01 dt=1.2214649282273044e-06
cycle=4293 time=1.5540843903265572e-01 dt=1.2224924457332580e-06
cycle=4294 time=1.5540966152510147e-01 dt=1.2235224926835383e-06
cycle=4295 time=1.5541088504759415e-01 dt=1.2245575133379484e-06
cycle=4296 time=1.5541210960510748e-01 dt=1.2255990968030275e-06
cycle=4297 time=1.5541333520420428e-01 dt=1.2266481694946587e-06
cycle=4298 time=1.5541456185237376e-01 dt=1.2277051138740583e-06
cycle=4299 time=1.5541578955748764e-01 dt=1.2287696583540028e-06
cycle=4300 time=1.5541701832714599e-01 dt=1.2298411529766051e-06
cycle=4301 time=1.5541824816829897e-01 dt=1.2309189921894023e-06
cycle=4302 time=1.5541947908729115e-01 dt=1.2320028553559401e-06
cycle=4303 time=1.5542071109014649e-01 dt=1.2330928326908146e-06
cycle=4304 time=1.5542194418297919e-01 dt=1.2341896358993012e-06
cycle=4305 time=1.5542317837261510e-01 dt=1.2352946902262563e-06
cycle=4306 time=1.5542441366730533e-01 dt=1.2364110939618727e-06
cycle=4307 time=1.5542565007839929e-01 dt=1.2375287488693979e-06
cycle=4308 time=1.5542688760714815e-01 dt=1.2386443031547457e-06
cycle=4309 time=1.5542812625145130e-01 dt=1.2397491673142521e-06
cycle=4310 time=1.5542936600061863e-01 dt=1.2408253775269996e-06
cycle=4311 time=1.5543060682599616e-01 dt=1.2418324961343719e-06
cycle=4312 time=1.5543184865849230e-01 dt=1.2426871661390343e-06
cycle=4313 time=1.5543309134565844e-01 dt=1.2434129774104160e-06
cycle=4314 time=1.5543433475863586e-01 dt=1.2440540709971963e-06
cycle=4315 time=1.5543557881270686e-01 dt=1.2446503825860311e-06
cycle=4316 time=1.5543682346308946e-01 dt=1.2452369184906291e-06
cycle=4317 time=1.5543806870000795e-01 dt=1.2458482971472516e-06
cycle=4318 time=1.5543931454830509e-01 dt=1.2465202410136757e-06
cycle=4319 time=1.5544056106854612e-01 dt=1.2472797325682592e-06
cycle=4320 time=1.5544180834827870e-01 dt=1.2481466343968179e-06
cycle=4321 time=1.5544305649491311e-01 dt=1.2491348292851277e-06
cycle=4322 time=1.5544430562974240e-01 dt=1.2502540898446682e-06
cycle=4323 time=1.5544555588383224e-01 dt=1.2515023367132282e-06
cycle=4324 time=1.5544680738616895e-01 dt=1.2528548263174240e-06
cycle=4325 time=1.5544806024099528e-01 dt=1.2543224247190548e-06
cycle=4326 time=1.5544931456342001e-01 dt=1.2559208223644864e-06
cycle=4327 time=1.5545057048424238e-01 dt=1.2576976891803399e-06
cycle=4328 time=1.5545182818193157e-01 dt=1.2596851438086549e-06
cycle=4329 time=1.5545308786707537e-01 dt=1.2618971200221686e-06
cycle=4330 time=1.5545434976419539e-01 dt=1.2643291933481100e-06
cycle=4331 time=1.5545561409338873e-01 dt=1.2669716060398737e-06
cycle=4332 time=1.5545688106499478e-01 dt=1.2698014097542795e-06
cycle=4333 time=1.5545815086640452e-01 dt=1.2727791847779392e-06
cycle=4334 time=1.5545942364558929e-01 dt=1.2758787855682985e-06
cycle=4335 time=1.5546069952437486e-01 dt=1.2790269800117075e-06
cycle=4336 time=1.5546197855135488e-01 dt=1.2821644592280364e-06
cycle=4337 time=1.5546326071581409e-01 dt=1.2852490596088409e-06
cycle=4338 time=1.5546454596487369e-01 dt=1.2882584292299717e-06
cycle=4339 time=1.5546583422330293e-01 dt=1.2911820683076176e-06
cycle=4340 time=1.5546712540537125e-01 dt=1.2940105859003810e-06
cycle=4341 time=1.5546841941595715e-01 dt=1.2967469535448243e-06
cycle=4342 time=1.5546971616291069e-01 dt=1.2994008257406686e-06
cycle=4343 time=1.5547101556373644e-01 dt=1.3019844211216927e-06
cycle=4344 time=1.5547231754815755e-01 dt=1.3045114010405861e-06
cycle=4345 time=1.5547362205955859e-01 dt=1.3069966631086631e-06
cycle=4346 time=1.5547492905622171e-01 dt=1.3094563191296602e-06
cycle=4347 time=1.5547623851254083e-01 dt=1.3119069916255560e-06
cycle=4348 time=1.5547755041953246e-01 dt=1.3143648659088816e-06
cycle=4349 time=1.5547886478439837e-01 dt=1.3168448223106284e-06
cycle=4350 time=1.5548018162922070e-01 dt=1.3193565218547032e-06
cycle=4351 time=1.5548150098574257e-01 dt=1.3219111639485515e-06
cycle=4352 time=1.5548282289690651e-01 dt=1.3245189650754114e-06
cycle=4353 time=1.5548414741587158e-01 dt=1.3271872522306279e-06
cycle=4354 time=1.5548547460312381e-01 dt=1.3299209943512860e-06
cycle=4355 time=1.5548680452411817e-01 dt=1.3327225761959301e-06
cycle=4356 time=1.5548813724669436e-01 dt=1.3354846193914293e-06
cycle=4357 time=1.5548947273131375e-01 dt=1.3382094676039829e-06
cycle=4358 time=1.5549081094078135e-01 dt=1.3409117742732195e-06
cycle=4359 time=1.5549215185255563e-01 dt=1.3436613260097257e-06
cycle=4360 time=1.5549349551388164e-01 dt=1.3464666687869876e-06
cycle=4361 time=1.5549484198055044e-01 dt=1.3493345540942298e-06
cycle=4362 time=1.5549619131510453e-01 dt=1.3522701869923880e-06
cycle=4363 time=1.5549754358529153e-01 dt=1.3552773186316319e-06
cycle=4364 time=1.5549889886261015e-01 dt=1.3583583685850958e-06
cycle=4365 time=1.5550025722097874e-01 dt=1.3615145297660654e-06
cycle=4366 time=1.5550161873550850e-01 dt=1.3647457127607724e-06
cycle=4367 time=1.5550298348122127e-01 dt=1.3680506684157886e-06
cycle=4368 time=1.5550435153188968e-01 dt=1.3714272363909606e-06
cycle=4369 time=1.5550572295912607e-01 dt=1.3748723269666109e-06
cycle=4370 time=1.5550709783145303e-01 dt=1.3783822425957960e-06
cycle=4371 time=1.5550847621369562e-01 dt=1.3819536099649815e-06
cycle=4372 time=1.5550985816730559e-01 dt=1.3855821589546036e-06
cycle=4373 time=1.5551124374946454e-01 dt=1.3892629345004976e-06
cycle=4374 time=1.5551263301239904e-01 dt=1.3929919151497358e-06
cycle=4375 time=1.5551402600431419e-01 dt=1.3967653378184431e-06
cycle=4376 time=1.5551542276965200e-01 dt=1.4005796921902436e-06
cycle=4377 time=1.5551682334934419e-01 dt=1.4044318516687809e-06
cycle=4378 time=1.5551822778119587e-01 dt=1.4083193361626610e-06
cycle=4379 time=1.5551963610053202e-01 dt=1.4122401734151659e-06
cycle=4380 time=1.5552104834070543e-01 dt=1.4161925913752928e-06
cycle=4381 time=1.5552246453329679e-01 dt=1.4201751314084432e-06
cycle=4382 time=1.5552388470842821e-01 dt=1.4241869225021349e-06
cycle=4383 time=1.5552530889535071e-01 dt=1.4282280307952701e-06
cycle=4384 time=1.5552673712338150e-01 dt=1.4323001761494003e-06
cycle=4385 time=1.5552816942355766e-01 dt=1.4364048626404960e-06
cycle=4386 time=1.5552960582842029e-01 dt=1.4405683628567021e-06
cycle=4387 time=1.5553104639678314e-01 dt=1.4447864548220600e-06
cycle=4388 time=1.5553249118323798e-01 dt=1.4490500561775105e-06
cycle=4389 time=1.5553394023329414e-01 dt=1.4533527454535198e-06
cycle=4390 time=1.5553539358603960e-01 dt=1.4576904256195486e-06
cycle=4391 time=1.5553685127646522e-01 dt=1.4620609330732576e-06
cycle=4392 time=1.5553831333739829e-01 dt=1.4664636184304378e-06
cycle=4393 time=1.5553977980101671e-01 dt=1.4708988610966801e-06
cycle=4394 time=1.5554125069987781e-01 dt=1.4753676704197255e-06
cycle=4395 time=1.5554272606754824e-01 dt=1.4798713706142528e-06
cycle=4396 time=1.5554420593891885e-01 dt=1.4843609497486285e-06
cycle=4397 time=1.5554569029986859e-01 dt=1.4888311575118375e-06
cycle=4398 time=1.5554717913102611e-01 dt=1.4932938114206771e-06
cycle=4399 time=1.5554867242483753e-01 dt=1.4977578357934373e-06
cycle=4400 time=1.5555017018267331e-01 dt=1.5022295465331003e-06
cycle=4401 time=1.5555167241221984e-01 dt=1.5067133018183695e-06
cycle=4402 time=1.5555317912552166e-01 dt=1.5112120835119513e-06
cycle=4403 time=1.5555469033760516e-01 dt=1.5157277042494246e-06
cycle=4404 time=1.5555620606530940e-01 dt=1.5202612356761747e-06
cycle=4405 time=1.5555772632654508e-01 dt=1.5248129812930952e-06
cycle=4406 time=1.5555925113952637e-01 dt=1.5293824802682531e-06
cycle=4407 time=1.5556078052200664e-01 dt=1.5339686316638774e-06
cycle=4408 time=1.5556231449063831e-01 dt=1.5385699069781622e-06
cycle=4409 time=1.5556385306054529e-01 dt=1.5431846472997173e-06
cycle=4410 time=1.5556539624519258e-01 dt=1.5478112275182605e-06
cycle=4411 time=1.5556694405642010e-01 dt=1.5524482159226557e-06
cycle=4412 time=1.5556849650463603e-01 dt=1.5566198021631285e-06
cycle=4413 time=1.5557005312443820e-01 dt=1.5593660660863652e-06
cycle=4414 time=1.5557161249050427e-01 dt=1.5625411726269233e-06
cycle=4415 time=1.5557317503167689e-01 dt=1.5662635243909607e-06
cycle=4416 time=1.5557474129520127e-01 dt=1.5703086648103601e-06
cycle=4417 time=1.5557631160386609e-01 dt=1.5745188865846518e-06
cycle=4418 time=1.5557788612275267e-01 dt=1.5789357293580196e-06
cycle=4419 time=1.5557946505848202e-01 dt=1.5835944484566104e-06
cycle=4420 time=1.5558104865293049e-01 dt=1.5885172887138903e-06
cycle=4421 time=1.5558263717021920e-01 dt=1.5936933023996407e-06
cycle=4422 time=1.5558423086352161e-01 dt=1.5991128350271569e-06
cycle=4423 time=1.5558582997635664e-01 dt=1.6047683746619744e-06
cycle=4424 time=1.5558743474473130e-01 dt=1.6106405212370528e-06
cycle=4425 time=1.5558904538525253e-01 dt=1.6166953539721392e-06
cycle=4426 time=1.5559066208060651e-01 dt=1.6228934458835983e-06
cycle=4427 time=1.5559228497405239e-01 dt=1.6291919387221176e-06
cycle=4428 time=1.5559391416599111e-01 dt=1.6355458479551241e-06
cycle=4429 time=1.5559554971183906e-01 dt=1.2608408205724038e-06
cycle=4430 time=1.5559681055265964e-01 dt=7.9512722370219104e-07
cycle=4431 time=1.5559760567988334e-01 dt=8.4745390678037412e-07
cycle=4432 time=1.5559845313379012e-01 dt=8.3633314294235887e-07
cycle=4433 time=1.5559928946693305e-01 dt=8.3560795569579346e-07
cycle=4434 time=1.5560012507488874e-01 dt=8.3363089459227592e-07
cycle=4435 time=1.5560095870578333e-01 dt=8.3205699300368512e-07
cycle=4436 time=1.5560179076277633e-01 dt=8.3087878396162609e-07
cycle=4437 time=1.5560262164156030e-01 dt=8.3020186820403796e-07
cycle=4438 time=1.5560345184342850e-01 dt=8.3010217440136736e-07
cycle=4439 time=1.5560428194560291e-01 dt=8.3063798260027644e-07
cycle=4440 time=1.5560511258358550e-01 dt=8.3185546819638698e-07
cycle=4441 time=1.5560594443905371e-01 dt=8.3379953744233477e-07
cycle=4442 time=1.5560677823859115e-01 dt=8.3653119923120489e-07
cycle=4443 time=1.5560761476979038e-01 dt=8.4009803037417105e-07
cycle=4444 time=1.5560845486782074e-01 dt=8.4445152744506896e-07
cycle=4445 time=1.5560929931934819e-01 dt=8.4943002650742614e-07
cycle=4446 time=1.5561014874937470e-01 dt=8.5523795511744654e-07
cycle=4447 time=1.5561100398732983e-01 dt=8.6084002773792358e-07
cycle=4448 time=1.5561186482735756e-01 dt=8.6615197543826345e-07
cycle=4449 time=1.5561273097933301e-01 dt=8.7212443315327568e-07
cycle=4450 time=1.5561360310376615e-01 dt=8.7923286632827332e-07
cycle=4451 time=1.5561448233663247e-01 dt=8.8824724103130896e-07
cycle=4452 time=1.5561537058387351e-01 dt=9.0061670257286577e-07
cycle=4453 time=1.5561627120057608e-01 dt=9.1626497042256452e-07
cycle=4454 time=1.5561718746554651e-01 dt=9.3494920258744870e-07
cycle=4455 time=1.5561812241474909e-01 dt=9.5656799815931360e-07
cycle=4456 time=1.5561907898274727e-01 dt=9.8130630022399661e-07
cycle=4457 time=1.5562006028904748e-01 dt=1.0092309996120121e-06
cycle=4458 time=1.5562106952004709e-01 dt=1.0403376792210805e-06
cycle=4459 time=1.5562210985772632e-01 dt=1.0745727049374721e-06
cycle=4460 time=1.5562318443043124e-01 dt=1.1118901780144849e-06
cycle=4461 time=1.5562429632060926e-01 dt=1.1518900037135213e-06
cycle=4462 time=1.5562544821061297e-01 dt=1.1944500750062020e-06
cycle=4463 time=1.5562664266068799e-01 dt=1.2398203874698885e-06
cycle=4464 time=1.5562788248107545e-01 dt=1.2885183077427308e-06
cycle=4465 time=1.5562917099938320e-01 dt=1.3412044035728858e-06
cycle=4466 time=1.5563051220378676e-01 dt=1.3981935314063606e-06
cycle=4467 time=1.5563191039731816e-01 dt=1.4557373630428425e-06
cycle=4468 time=1.5563336613468121e-01 dt=1.5173088553401086e-06
cycle=4469 time=1.5563488344353654e-01 dt=1.5846311990970764e-06
cycle=4470 time=1.5563646807473563e-01 dt=1.6579912302711791e-06
cycle=4471 time=1.5563812606596591e-01 dt=1.7247618957446334e-06
cycle=4472 time=1.5563985082786166e-01 dt=1.7270299162821088e-06
cycle=4473 time=1.5564157785777794e-01 dt=1.7085256111526392e-06
cycle=4474 time=1.5564328638338909e-01 dt=1.7170044992492025e-06
cycle=4475 time=1.5564500338788834e-01 dt=1.7520702332165252e-06
cycle=4476 time=1.5564675545812157e-01 dt=1.7711897122433094e-06
cycle=4477 time=1.5564852664783380e-01 dt=1.8040161624829303e-06
cycle=4478 time=1.5565033066399628e-01 dt=1.6472157055198538e-06
cycle=4479 time=1.5565197787970181e-01 dt=1.5042561977330799e-06
cycle=4480 time=1.5565348213589955e-01 dt=1.3806298888085583e-06
cycle=4481 time=1.5565486276578835e-01 dt=1.2798884368476481e-06
cycle=4482 time=1.5565614265422520e-01 dt=1.2247551000565645e-06
cycle=4483 time=1.5565736740932526e-01 dt=1.2150533983278974e-06
cycle=4484 time=1.5565858246272360e-01 dt=1.2835060651266127e-06
cycle=4485 time=1.5565986596878872e-01 dt=1.4301186392653744e-06
cycle=4486 time=1.5566129608742799e-01 dt=1.6985705440225393e-06
cycle=4487 time=1.5566299465797201e-01 dt=1.7781097826693806e-06
cycle=4488 time=1.5566477276775467e-01 dt=1.4377609499050656e-06
cycle=4489 time=1.5566621052870458e-01 dt=1.1848828357381005e-06
cycle=4490 time=1.5566739541154032e-01 dt=1.1022925316488740e-06
cycle=4491 time=1.5566849770407196e-01 dt=1.0836435502389881e-06
cycle=4492 time=1.5566958134762218e-01 dt=1.0798200955172705e-06
cycle=4493 time=1.5567066116771769e-01 dt=1.0846505659345394e-06
cycle=4494 time=1.5567174581828364e-01 dt=1.0962545825829835e-06
cycle=4495 time=1.5567284207286622e-01 dt=1.1129648987014522e-06
cycle=4496 time=1.5567395503776493e-01 dt=1.1333298849922976e-06
cycle=4497 time=1.5567508836764993e-01 dt=1.1559646804173298e-06
cycle=4498 time=1.5567624433233035e-01 dt=1.1796595292463320e-06
cycle=4499 time=1.5567742399185960e-01 dt=1.2033998628880369e-06
cycle=4500 time=1.5567862739172250e-01 dt=1.2263880889644347e-06
cycle=4501 time=1.5567985377981147e-01 dt=1.2479323738825966e-06
cycle=4502 time=1.5568110171218535e-01 dt=1.2651566094303470e-06
cycle=4503 time=1.5568236686879477e-01 dt=1.2795462589431465e-06
cycle=4504 time=1.5568364641505372e-01 dt=1.2927621227143723e-06
cycle=4505 time=1.5568493917717643e-01 dt=1.3056813305383715e-06
cycle=4506 time=1.5568624485850696e-01 dt=1.3187470117556065e-06
cycle=4507 time=1.5568756360551872e-01 dt=1.3322244752959826e-06
cycle=4508 time=1.5568889582999401e-01 dt=1.3463043774532120e-06
cycle=4509 time=1.5569024213437146e-01 dt=1.3609927710478011e-06
cycle=4510 time=1.5569160312714250e-01 dt=1.3763131750837255e-06
cycle=4511 time=1.5569297944031760e-01 dt=1.3922851590383632e-06
cycle=4512 time=1.5569437172547665e-01 dt=1.4089026679648982e-06
cycle=4513 time=1.5569578062814463e-01 dt=1.4260620553347128e-06
cycle=4514 time=1.5569720669019996e-01 dt=1.4436118055019907e-06
cycle=4515 time=1.5569865030200547e-01 dt=1.4615284755073452e-06
cycle=4516 time=1.5570011183048096e-01 dt=1.4799809583968802e-06
cycle=4517 time=1.5570159181143936e-01 dt=1.4991338251026352e-06
cycle=4518 time=1.5570309094526447e-01 dt=1.5191435208038594e-06
cycle=4519 time=1.5570461008878528e-01 dt=1.5401585546309850e-06
cycle=4520 time=1.5570615024733991e-01 dt=1.5623203694170601e-06
cycle=4521 time=1.5570771256770932e-01 dt=1.5857693461995003e-06
cycle=4522 time=1.5570929833705552e-01 dt=1.6106427367954835e-06
cycle=4523 time=1.5571090897979231e-01 dt=1.6370754044719641e-06
cycle=4524 time=1.5571254605519677e-01 dt=1.6356116638559760e-06
cycle=4525 time=1.5571418166686063e-01 dt=1.6982816556534420e-06
cycle=4526 time=1.5571587994851629e-01 dt=1.6429333437522950e-06
cycle=4527 time=1.5571752288186005e-01 dt=1.5483212165666948e-06
cycle=4528 time=1.5571907120307663e-01 dt=1.4562809063548396e-06
cycle=4529 time=1.5572052748398299e-01 dt=1.3720914977042449e-06
cycle=4530 time=1.5572189957548069e-01 dt=1.2972881076493350e-06
cycle=4531 time=1.5572319686358835e-01 dt=1.2380912418186314e-06
cycle=4532 time=1.5572443495483015e-01 dt=1.2024920936293414e-06
cycle=4533 time=1.5572563744692378e-01 dt=1.1784825128261615e-06
cycle=4534 time=1.5572681592943660e-01 dt=1.1596650785369861e-06
cycle=4535 time=1.5572797559451515e-01 dt=1.1446919797037104e-06
cycle=4536 time=1.5572912028649485e-01 dt=1.1326202153875967e-06
cycle=4537 time=1.5573025290671025e-01 dt=1.1314851398901186e-06
cycle=4538 time=1.5573138439185014e-01 dt=1.2158464281710760e-06
cycle=4539 time=1.5573260023827831e-01 dt=1.4020710257018995e-06
cycle=4540 time=1.5573400230930401e-01 dt=1.7541985565658037e-06
cycle=4541 time=1.5573575650786056e-01 dt=2.2745403073876668e-06
cycle=4542 time=1.5573803104816794e-01 dt=2.0486994526303472e-06
cycle=4543 time=1.5574007974762058e-01 dt=1.8286974616684055e-06
cycle=4544 time=1.5574190844508226e-01 dt=1.6377612574680219e-06
cycle=4545 time=1.5574354620633973e-01 dt=1.4974875737312442e-06
cycle=4546 time=1.5574504369391345e-01 dt=1.4261845321592767e-06
cycle=4547 time=1.5574646987844562e-01 dt=1.4017469948515678e-06
cycle=4548 time=1.5574787162544046e-01 dt=1.3956538493614235e-06
cycle=4549 time=1.5574926727928981e-01 dt=1.3980483862984008e-06
cycle=4550 time=1.5575066532767612e-01 dt=1.4038059374838248e-06
cycle=4551 time=1.5575206913361361e-01 dt=1.4104201362592519e-06
cycle=4552 time=1.5575347955374988e-01 dt=1.4167156733568325e-06
cycle=4553 time=1.5575489626942324e-01 dt=1.4232399269482419e-06
cycle=4554 time=1.5575631950935018e-01 dt=1.4293969384392185e-06
cycle=4555 time=1.5575774890628863e-01 dt=1.4344168769002584e-06
cycle=4556 time=1.5575918332316552e-01 dt=1.4382830718737498e-06
cycle=4557 time=1.5576062160623738e-01 dt=1.4408941307154717e-06
cycle=4558 time=1.5576206250036809e-01 dt=1.4422991903045369e-06
cycle=4559 time=1.5576350479955839e-01 dt=1.4427129299566409e-06
cycle=4560 time=1.5576494751248834e-01 dt=1.4424613286788534e-06
cycle=4561 time=1.5576638997381703e-01 dt=1.4418775568313432e-06
cycle=4562 time=1.5576783185137386e-01 dt=1.4412397314882051e-06
cycle=4563 time=1.5576927309110533e-01 dt=1.4407284041840060e-06
cycle=4564 time=1.5577071381950952e-01 dt=1.4404436576615481e-06
cycle=4565 time=1.5577215426316718e-01 dt=1.4404010084053085e-06
cycle=4566 time=1.5577359466417559e-01 dt=1.4405983029621422e-06
cycle=4567 time=1.5577503526247855e-01 dt=1.4409671598458846e-06
cycle=4568 time=1.5577647622963839e-01 dt=1.4415296412185590e-06
cycle=4569 time=1.5577791775927960e-01 dt=1.4423538335671251e-06
cycle=4570 time=1.5577936011311316e-01 dt=1.4434409832412724e-06
cycle=4571 time=1.5578080355409640e-01 dt=1.4447762867084582e-06
cycle=4572 time=1.5578224833038312e-01 dt=1.4463441758797778e-06
cycle=4573 time=1.5578369467455899e-01 dt=1.4481359994129578e-06
cycle=4574 time=1.5578514281055841e-01 dt=1.4501866307713227e-06
cycle=4575 time=1.5578659299718919e-01 dt=1.4524522387064132e-06
cycle=4576 time=1.5578804544942790e-01 dt=1.4549440339617775e-06
cycle=4577 time=1.5578950039346187e-01 dt=1.4576708531720259e-06
cycle=4578 time=1.5579095806431503e-01 dt=1.4606354492853357e-06
cycle=4579 time=1.5579241869976432e-01 dt=1.4638340813798317e-06
cycle=4580 time=1.5579388253384568e-01 dt=1.4672437240922539e-06
cycle=4581 time=1.5579534977756979e-01 dt=1.4708416639366916e-06
cycle=4582 time=1.5579682061923372e-01 dt=1.4746092058902391e-06
cycle=4583 time=1.5579829522843960e-01 dt=1.4785318731072729e-06
cycle=4584 time=1.5579977376031270e-01 dt=1.4825974155941015e-06
cycle=4585 time=1.5580125635772829e-01 dt=1.4868007128951045e-06
cycle=4586 time=1.5580274315844120e-01 dt=1.4581529537613248e-06
cycle=4587 time=1.5580420131139497e-01 dt=1.4202687279649282e-06
cycle=4588 time=1.5580562158012293e-01 dt=1.3893969261435103e-06
cycle=4589 time=1.5580701097704908e-01 dt=1.3676770856528094e-06
cycle=4590 time=1.5580837865413472e-01 dt=1.3539437136589689e-06
cycle=4591 time=1.5580973259784839e-01 dt=1.3446799210262338e-06
cycle=4592 time=1.5581107727776941e-01 dt=1.3376994124774334e-06
cycle=4593 time=1.5581241497718190e-01 dt=1.3318234265868053e-06
cycle=4594 time=1.5581374680060850e-01 dt=1.3264448906564636e-06
cycle=4595 time=1.5581507324549915e-01 dt=1.3214654904528981e-06
cycle=4596 time=1.5581639471098960e-01 dt=1.3165867036852121e-06
cycle=4597 time=1.5581771129769328e-01 dt=1.3114997889278981e-06
cycle=4598 time=1.5581902279748222e-01 dt=1.3060255821513048e-06
cycle=4599 time=1.5582032882306437e-01 dt=1.3001210006459293e-06
cycle=4600 time=1.5582162894406501e-01 dt=1.2938380112971423e-06
cycle=4601 time=1.5582292278207630e-01 dt=1.2872791033195189e-06
cycle=4602 time=1.5582421006117961e-01 dt=1.2805604255196655e-06
cycle=4603 time=1.5582549062160514e-01 dt=1.2737876282147461e-06
cycle=4604 time=1.5582676440923335e-01 dt=1.2670430112878573e-06
cycle=4605 time=1.5582803145224464e-01 dt=1.2336147016347703e-06
cycle=4606 time=1.5582926506694628e-01 dt=1.1856416266539483e-06
cycle=4607 time=1.5583045070857293e-01 dt=1.1449574435947126e-06
cycle=4608 time=1.5583159566601654e-01 dt=1.2284904010443195e-06
cycle=4609 time=1.5583282415641758e-01 dt=1.2677730814025404e-06
cycle=4610 time=1.5583409192949899e-01 dt=1.2624315173762961e-06
cycle=4611 time=1.5583535436101636e-01 dt=1.2515348821476413e-06
cycle=4612 time=1.5583660589589851e-01 dt=1.2378714926915255e-06
cycle=4613 time=1.5583784376739121e-01 dt=1.2268955460570782e-06
cycle=4614 time=1.5583907066293726e-01 dt=1.2196319353111652e-06
cycle=4615 time=1.5584029029487256e-01 dt=1.2136292049021909e-06
cycle=4616 time=1.5584150392407747e-01 dt=1.2084869882960191e-06
cycle=4617 time=1.5584271241106576e-01 dt=1.2038723301504606e-06
cycle=4618 time=1.5584391628339592e-01 dt=1.1994678059519955e-06
cycle=4619 time=1.5584511575120186e-01 dt=1.1950342807957883e-06
cycle=4620 time=1.5584631078548264e-01 dt=1.1904184553920181e-06
cycle=4621 time=1.5584750120393803e-01 dt=1.1855503893769365e-06
cycle=4622 time=1.5584868675432742e-01 dt=1.1805006155744027e-06
cycle=4623 time=1.5584986725494299e-01 dt=1.1755682562774353e-06
cycle=4624 time=1.5585104282319925e-01 dt=1.1704487920610440e-06
cycle=4625 time=1.5585221327199131e-01 dt=1.1651937769099253e-06
cycle=4626 time=1.5585337846576822e-01 dt=1.1598746336629207e-06
cycle=4627 time=1.5585453834040189e-01 dt=1.1933944298261867e-06
cycle=4628 time=1.5585573173483172e-01 dt=1.2884465383798183e-06
cycle=4629 time=1.5585702018137010e-01 dt=1.4610483001919575e-06
cycle=4630 time=1.5585848122967030e-01 dt=1.7351721212241727e-06
cycle=4631 time=1.5586021640179154e-01 dt=2.1418756238254742e-06
cycle=4632 time=1.5586235827741537e-01 dt=2.3395157175708777e-06
cycle=4633 time=1.5586469779313294e-01 dt=2.1325685282433131e-06
cycle=4634 time=1.5586683036166118e-01 dt=1.8729530281601186e-06
cycle=4635 time=1.5586870331468936e-01 dt=1.6154513467503924e-06
cycle=4636 time=1.5587031876603610e-01 dt=1.4142846262827003e-06
cycle=4637 time=1.5587173305066238e-01 dt=1.3197938986594515e-06
cycle=4638 time=1.5587305284456104e-01 dt=1.2815941555255405e-06
cycle=4639 time=1.5587433443871657e-01 dt=1.2592061453176040e-06
cycle=4640 time=1.5587559364486189e-01 dt=1.2452545610237480e-06
cycle=4641 time=1.5587683889942291e-01 dt=1.2382924404131466e-06
cycle=4642 time=1.5587807719186333e-01 dt=1.2368646107782277e-06
cycle=4643 time=1.5587931405647412e-01 dt=1.2397946415237498e-06
cycle=4644 time=1.5588055385111566e-01 dt=1.2460516255484977e-06
cycle=4645 time=1.5588179990274120e-01 dt=1.2516090524638891e-06
cycle=4646 time=1.5588305151179366e-01 dt=1.2078824826337288e-06
cycle=4647 time=1.5588425939427630e-01 dt=1.1682184857734312e-06
cycle=4648 time=1.5588542761276208e-01 dt=1.1362222757641417e-06
cycle=4649 time=1.5588656383503785e-01 dt=1.1145146197095964e-06
cycle=4650 time=1.5588767834965755e-01 dt=1.1021436478143820e-06
cycle=4651 time=1.5588878049330537e-01 dt=1.0961842069013367e-06
cycle=4652 time=1.5588987667751228e-01 dt=1.0945854424708245e-06
cycle=4653 time=1.5589097126295476e-01 dt=1.0957984046788549e-06
cycle=4654 time=1.5589206706135944e-01 dt=1.0986345623868594e-06
cycle=4655 time=1.5589316569592182e-01 dt=1.1022042071062098e-06
cycle=4656 time=1.5589426790012892e-01 dt=1.1058992379350551e-06
cycle=4657 time=1.5589537379936685e-01 dt=1.1096829203335159e-06
cycle=4658 time=1.5589648348228718e-01 dt=1.1134456705081214e-06
cycle=4659 time=1.5589759692795768e-01 dt=1.1169236424148679e-06
cycle=4660 time=1.5589871385160009e-01 dt=1.1198735996880086e-06
cycle=4661 time=1.5589983372519978e-01 dt=1.1221248026031143e-06
cycle=4662 time=1.5590095585000238e-01 dt=1.1236379574739671e-06
cycle=4663 time=1.5590207948795987e-01 dt=1.1244742432969387e-06
cycle=4664 time=1.5590320396220317e-01 dt=1.1247390031418004e-06
cycle=4665 time=1.5590432870120632e-01 dt=1.1245803981477749e-06
cycle=4666 time=1.5590545328160446e-01 dt=1.1241631498361342e-06
cycle=4667 time=1.5590657744475431e-01 dt=1.1236453429321249e-06
cycle=4668 time=1.5590770109009724e-01 dt=1.1231610798415262e-06
cycle=4669 time=1.5590882425117708e-01 dt=1.1226625470508017e-06
cycle=4670 time=1.5590994691372412e-01 dt=1.1221620595505423e-06
cycle=4671 time=1.5591106907578367e-01 dt=1.1217168638630737e-06
cycle=4672 time=1.5591219079264754e-01 dt=1.1214049200843738e-06
cycle=4673 time=1.5591331219756763e-01 dt=1.1212701579865668e-06
cycle=4674 time=1.5591443346772563e-01 dt=1.1213381319744736e-06
cycle=4675 time=1.5591555480585761e-01 dt=1.1216174621902847e-06
cycle=4676 time=1.5591667642331980e-01 dt=1.1221058961230235e-06
cycle=4677 time=1.5591779852921592e-01 dt=1.1227956619793847e-06
cycle=4678 time=1.5591892132487789e-01 dt=1.1236755715070243e-06
cycle=4679 time=1.5592004500044940e-01 dt=1.1247305163393595e-06
cycle=4680 time=1.5592116973096573e-01 dt=1.1259422046822690e-06
cycle=4681 time=1.5592229567317042e-01 dt=1.1272894756115434e-06
cycle=4682 time=1.5592342296264602e-01 dt=1.1287590849623443e-06
cycle=4683 time=1.5592455172173098e-01 dt=1.1323517831486836e-06
cycle=4684 time=1.5592568407351412e-01 dt=1.1451126989671773e-06
cycle=4685 time=1.5592682918621309e-01 dt=1.1677011053565824e-06
cycle=4686 time=1.5592799688731845e-01 dt=1.2007282340767206e-06
cycle=4687 time=1.5592919761555252e-01 dt=1.2433434258873745e-06
cycle=4688 time=1.5593044095897840e-01 dt=1.2953927077218640e-06
cycle=4689 time=1.5593173635168611e-01 dt=1.3560853871149448e-06
cycle=4690 time=1.5593309243707323e-01 dt=1.4259381918310233e-06
cycle=4691 time=1.5593451837526506e-01 dt=1.5032614944838673e-06
cycle=4692 time=1.5593602163675954e-01 dt=1.5527453534304343e-06
cycle=4693 time=1.5593757438211298e-01 dt=1.4715964620287075e-06
cycle=4694 time=1.5593904597857500e-01 dt=1.3738942683725421e-06
cycle=4695 time=1.5594041987284338e-01 dt=1.2792170501427003e-06
cycle=4696 time=1.5594169908989353e-01 dt=1.2093280254668025e-06
cycle=4697 time=1.5594290841791900e-01 dt=1.1738947527025555e-06
cycle=4698 time=1.5594408231267171e-01 dt=1.1583826983851581e-06
cycle=4699 time=1.5594524069537008e-01 dt=1.1514488169046172e-06
cycle=4700 time=1.5594639214418698e-01 dt=1.1476118256953357e-06
cycle=4701 time=1.5594753975601269e-01 dt=1.1463876249083026e-06
cycle=4702 time=1.5594868614363760e-01 dt=1.1473101309562766e-06
cycle=4703 time=1.5594983345376856e-01 dt=1.1499398044703205e-06
cycle=4704 time=1.5595098339357302e-01 dt=1.1538631941952915e-06
cycle=4705 time=1.5595213725676721e-01 dt=1.1586986801416907e-06
cycle=4706 time=1.5595329595544735e-01 dt=1.1636109791187022e-06
cycle=4707 time=1.5595445956642648e-01 dt=1.1671193340195375e-06
cycle=4708 time=1.5595562668576049e-01 dt=1.1693873442426199e-06
cycle=4709 time=1.5595679607310473e-01 dt=1.1708117481316752e-06
cycle=4710 time=1.5595796688485286e-01 dt=1.1746088714746690e-06
cycle=4711 time=1.5595914149372433e-01 dt=1.1789244943786512e-06
cycle=4712 time=1.5596032041821872e-01 dt=1.1829032315800284e-06
cycle=4713 time=1.5596150332145031e-01 dt=1.1865639370519660e-06
cycle=4714 time=1.5596268988538736e-01 dt=1.1897244683149604e-06
cycle=4715 time=1.5596387960985567e-01 dt=1.1924525119065197e-06
cycle=4716 time=1.5596507206236757e-01 dt=1.1946868171665615e-06
cycle=4717 time=1.5596626674918473e-01 dt=1.1962842197491413e-06
cycle=4718 time=1.5596746303340447e-01 dt=1.1971413038194768e-06
cycle=4719 time=1.5596866017470828e-01 dt=1.1972506265393353e-06
cycle=4720 time=1.5596985742533481e-01 dt=1.1966923893661829e-06
cycle=4721 time=1.5597105411772419e-01 dt=1.1956086788469421e-06
cycle=4722 time=1.5597224972640303e-01 dt=1.1941723805838280e-06
cycle=4723 time=1.5597344389878362e-01 dt=1.1925587500725584e-06
cycle=4724 time=1.5597463645753371e-01 dt=1.1909223952561471e-06
cycle=4725 time=1.5597582737992896e-01 dt=1.1893820894364832e-06
cycle=4726 time=1.5597701676201839e-01 dt=1.1880166589304294e-06
cycle=4727 time=1.5597820477867733e-01 dt=1.1868599455003194e-06
cycle=4728 time=1.5597939163862282e-01 dt=1.1859249702003109e-06
cycle=4729 time=1.5598057756359301e-01 dt=1.1852101332651905e-06
cycle=4730 time=1.5598176277372627e-01 dt=1.1847067741429337e-06
cycle=4731 time=1.5598294748050043e-01 dt=1.1844097884472666e-06
cycle=4732 time=1.5598413189028887e-01 dt=1.1843072512503446e-06
cycle=4733 time=1.5598531619754011e-01 dt=1.1843846935334185e-06
cycle=4734 time=1.5598650058223365e-01 dt=1.1846204688914564e-06
cycle=4735 time=1.5598768520270254e-01 dt=1.1849892659525210e-06
cycle=4736 time=1.5598887019196850e-01 dt=1.1853892585640595e-06
cycle=4737 time=1.5599005558122706e-01 dt=1.1858073070428059e-06
cycle=4738 time=1.5599124138853410e-01 dt=1.1862694373475204e-06
cycle=4739 time=1.5599242765797144e-01 dt=1.1867979517712767e-06
cycle=4740 time=1.5599361445592322e-01 dt=1.1874096533915023e-06
cycle=4741 time=1.5599480186557660e-01 dt=1.1881241362428039e-06
cycle=4742 time=1.5599598998971284e-01 dt=1.1889513553072796e-06
cycle=4743 time=1.5599717894106815e-01 dt=1.1898948916221739e-06
cycle=4744 time=1.5599836883595977e-01 dt=1.1909538463166859e-06
cycle=4745 time=1.5599955978980609e-01 dt=1.1921245714298604e-06
cycle=4746 time=1.5600075191437751e-01 dt=1.1934024684936751e-06
cycle=4747 time=1.5600194531684600e-01 dt=1.1947810502936103e-06
cycle=4748 time=1.5600314009789629e-01 dt=1.1962440275323518e-06
cycle=4749 time=1.5600433634192382e-01 dt=1.1977917642921037e-06
cycle=4750 time=1.5600553413368812e-01 dt=1.1994256399114723e-06
cycle=4751 time=1.5600673355932804e-01 dt=1.2011475581059413e-06
cycle=4752 time=1.5600793470688615e-01 dt=1.2029597787179804e-06
cycle=4753 time=1.5600913766666485e-01 dt=1.2048647236330469e-06
cycle=4754 time=1.5601034253138849e-01 dt=1.2068645623003797e-06
cycle=4755 time=1.5601154939595080e-01 dt=1.2089574496411388e-06
cycle=4756 time=1.5601275835340045e-01 dt=1.2111402186524535e-06
cycle=4757 time=1.5601396949361909e-01 dt=1.2134117844295116e-06
cycle=4758 time=1.5601518290540353e-01 dt=1.2157727556802372e-06
cycle=4759 time=1.5601639867815922e-01 dt=1.2182249552765658e-06
cycle=4760 time=1.5601761690311450e-01 dt=1.2207709214165089e-06
cycle=4761 time=1.5601883767403590e-01 dt=1.2234101828706445e-06
cycle=4762 time=1.5602006108421879e-01 dt=1.2261446470537642e-06
cycle=4763 time=1.5602128722886585e-01 dt=1.2289766637346107e-06
cycle=4764 time=1.5602251620552959e-01 dt=1.2319087472833606e-06
cycle=4765 time=1.5602374811427688e-01 dt=1.2349433740120309e-06
cycle=4766 time=1.5602498305765089e-01 dt=1.2380828207696205e-06
cycle=4767 time=1.5602622114047165e-01 dt=1.2413288186297521e-06
cycle=4768 time=1.5602746246929028e-01 dt=1.2446822969753060e-06
cycle=4769 time=1.5602870715158726e-01 dt=1.2481433164138656e-06
cycle=4770 time=1.5602995529490368e-01 dt=1.2517113155407809e-06
cycle=4771 time=1.5603120700621922e-01 dt=1.2553856602806408e-06
cycle=4772 time=1.5603246239187951e-01 dt=1.2591658197858163e-06
cycle=4773 time=1.5603372155769929e-01 dt=1.2630525298449176e-06
cycle=4774 time=1.5603498461022913e-01 dt=1.2670488062462485e-06
cycle=4775 time=1.5603625165903537e-01 dt=1.2711538194041481e-06
cycle=4776 time=1.5603752281285477e-01 dt=1.2753668059601198e-06
cycle=4777 time=1.5603879817966074e-01 dt=1.2796872689304695e-06
cycle=4778 time=1.5604007786692967e-01 dt=1.2841150952787079e-06
cycle=4779 time=1.5604136198202495e-01 dt=1.2886505995024082e-06
cycle=4780 time=1.5604265063262446e-01 dt=1.2932944799148635e-06
cycle=4781 time=1.5604394392710438e-01 dt=1.2980478253184258e-06
cycle=4782 time=1.5604524197492969e-01 dt=1.3029120904201017e-06
cycle=4783 time=1.5604654488702011e-01 dt=1.3078890847380823e-06
cycle=4784 time=1.5604785277610483e-01 dt=1.3129806272847753e-06
cycle=4785 time=1.5604916575673211e-01 dt=1.3181882672347499e-06
cycle=4786 time=1.5605048394499935e-01 dt=1.3235132556793617e-06
cycle=4787 time=1.5605180745825503e-01 dt=1.3289571609304326e-06
cycle=4788 time=1.5605313641541596e-01 dt=1.3345218191669853e-06
cycle=4789 time=1.5605447093723512e-01 dt=1.3402092553969253e-06
cycle=4790 time=1.5605581114649053e-01 dt=1.3460207652142214e-06
cycle=4791 time=1.5605715716725574e-01 dt=1.3519575847746951e-06
cycle=4792 time=1.5605850912484051e-01 dt=1.3580211817283895e-06
cycle=4793 time=1.5605986714602224e-01 dt=1.3642131832995141e-06
cycle=4794 time=1.5606123135920555e-01 dt=1.3705352877019818e-06
cycle=4795 time=1.5606260189449325e-01 dt=1.3769892586747760e-06
cycle=4796 time=1.5606397888375192e-01 dt=1.3835764888591078e-06
cycle=4797 time=1.5606536246024078e-01 dt=1.3902981737401112e-06
cycle=4798 time=1.5606675275841453e-01 dt=1.3971557644946662e-06
cycle=4799 time=1.5606814991417903e-01 dt=1.4041506024213284e-06
cycle=4800 time=1.5606955406478146e-01 dt=1.4112841599152161e-06
cycle=4801 time=1.5607096534894138e-01 dt=1.2917272712198694e-06
cycle=4802 time=1.5607225707621261e-01 dt=1.0552881930812787e-06
cycle=4803 time=1.5607331236440569e-01 dt=9.3700862020125071e-07
cycle=4804 time=1.5607424937302589e-01 dt=8.7894087289150207e-07
cycle=4805 time=1.5607512831389878e-01 dt=8.5467982642492152e-07
cycle=4806 time=1.5607598299372519e-01 dt=8.4895803769858521e-07
cycle=4807 time=1.5607683195176289e-01 dt=8.5255749699233285e-07
cycle=4808 time=1.5607768450925988e-01 dt=8.5976375412185715e-07
cycle=4809 time=1.5607854427301401e-01 dt=8.6734634952077156e-07
cycle=4810 time=1.5607941161936353e-01 dt=8.7427432430710436e-07
cycle=4811 time=1.5608028589368783e-01 dt=8.7942367398169976e-07
cycle=4812 time=1.5608116531736183e-01 dt=1.1345088334636174e-06
cycle=4813 time=1.5608229982619529e-01 dt=2.1414967418976204e-06
cycle=4814 time=1.5608444132293720e-01 dt=2.1177292494496336e-06
cycle=4815 time=1.5608655905218666e-01 dt=1.9881530132625052e-06
cycle=4816 time=1.5608854720519991e-01 dt=1.7997046777797083e-06
cycle=4817 time=1.5609034690987769e-01 dt=1.5938303014227757e-06
cycle=4818 time=1.5609194074017912e-01 dt=1.4060145035619441e-06
cycle=4819 time=1.5609334675468270e-01 dt=1.2696722919960930e-06
cycle=4820 time=1.5609461642697470e-01 dt=1.2055223120508855e-06
cycle=4821 time=1.5609582194928676e-01 dt=1.1741870847881852e-06
cycle=4822 time=1.5609699613637154e-01 dt=1.1514552002211159e-06
cycle=4823 time=1.5609814759157176e-01 dt=1.1358472226307657e-06
cycle=4824 time=1.5609928343879440e-01 dt=1.1260983669593115e-06
cycle=4825 time=1.5610040953716137e-01 dt=1.1211076068984002e-06
cycle=4826 time=1.5610153064476825e-01 dt=1.1199054947936621e-06
cycle=4827 time=1.5610265055026304e-01 dt=1.1216306453858052e-06
cycle=4828 time=1.5610377218090843e-01 dt=1.1255130378668720e-06
cycle=4829 time=1.5610489769394631e-01 dt=1.1308678687122071e-06
cycle=4830 time=1.5610602856181502e-01 dt=1.1370888568589881e-06
cycle=4831 time=1.5610716565067187e-01 dt=1.1436802271175242e-06
cycle=4832 time=1.5610830933089898e-01 dt=1.1501952092210357e-06
cycle=4833 time=1.5610945952610819e-01 dt=1.1562680875704526e-06
cycle=4834 time=1.5611061579419577e-01 dt=1.1616145731057580e-06
cycle=4835 time=1.5611177740876889e-01 dt=1.1664483959050575e-06
cycle=4836 time=1.5611294385716479e-01 dt=1.1716235820660450e-06
cycle=4837 time=1.5611411548074686e-01 dt=1.1748739460860991e-06
cycle=4838 time=1.5611529035469293e-01 dt=1.1750958635666173e-06
cycle=4839 time=1.5611646545055649e-01 dt=1.1725767481361831e-06
cycle=4840 time=1.5611763802730463e-01 dt=1.1679479681911614e-06
cycle=4841 time=1.5611880597527283e-01 dt=1.1619329658083548e-06
cycle=4842 time=1.5611996790823865e-01 dt=1.1552116180773904e-06
cycle=4843 time=1.5612112311985674e-01 dt=1.1483393054290646e-06
cycle=4844 time=1.5612227145916216e-01 dt=1.1417123654694454e-06
cycle=4845 time=1.5612341317152764e-01 dt=1.1355643023022195e-06
cycle=4846 time=1.5612454873582995e-01 dt=1.1299876488268967e-06
cycle=4847 time=1.5612567872347879e-01 dt=1.1249728778941799e-06
cycle=4848 time=1.5612680369635668e-01 dt=1.1204504216632128e-06
cycle=4849 time=1.5612792414677834e-01 dt=1.1163230559975290e-06
cycle=4850 time=1.5612904046983433e-01 dt=1.1124938183861801e-06
cycle=4851 time=1.5613015296365271e-01 dt=1.1088781564807080e-06
cycle=4852 time=1.5613126184180920e-01 dt=1.1054021570208416e-06
cycle=4853 time=1.5613236724396623e-01 dt=1.1020067849914599e-06
cycle=4854 time=1.5613346925075122e-01 dt=1.0986489851420056e-06
cycle=4855 time=1.5613456789973637e-01 dt=1.0953005822519524e-06
cycle=4856 time=1.5613566320031863e-01 dt=1.0919462812968615e-06
cycle=4857 time=1.5613675514659991e-01 dt=1.0885811169579887e-06
cycle=4858 time=1.5613784372771689e-01 dt=1.0852076531847374e-06
cycle=4859 time=1.5613892893537007e-01 dt=1.0818332575234632e-06
cycle=4860 time=1.5614001076862760e-01 dt=1.0784677077975232e-06
cycle=4861 time=1.5614108923633541e-01 dt=1.0751214058145337e-06
cycle=4862 time=1.5614216435774123e-01 dt=1.0718040068657752e-06
cycle=4863 time=1.5614323616174808e-01 dt=1.0685234801572051e-06
cycle=4864 time=1.5614430468522825e-01 dt=1.0652857370595846e-06
cycle=4865 time=1.5614536997096531e-01 dt=1.0620946168004357e-06
cycle=4866 time=1.5614643206558212e-01 dt=1.0589520938216413e-06
cycle=4867 time=1.5614749101767594e-01 dt=1.0558586000289138e-06
cycle=4868 time=1.5614854687627597e-01 dt=1.0528134357481256e-06
cycle=4869 time=1.5614959968971170e-01 dt=1.0498151895869263e-06
cycle=4870 time=1.5615064950490129e-01 dt=1.0468620315162699e-06
cycle=4871 time=1.5615169636693280e-01 dt=1.0439519245583383e-06
cycle=4872 time=1.5615274031885734e-01 dt=1.0410828589265464e-06
cycle=4873 time=1.5615378140171626e-01 dt=1.0382530301370884e-06
cycle=4874 time=1.5615481965474640e-01 dt=1.0354608881599786e-06
cycle=4875 time=1.5615585511563457e-01 dt=1.0327051577243157e-06
cycle=4876 time=1.5615688782079229e-01 dt=1.0299849212821390e-06
cycle=4877 time=1.5615791780571356e-01 dt=1.0272993863616134e-06
cycle=4878 time=1.5615894510509992e-01 dt=1.0246479902995415e-06
cycle=4879 time=1.5615996975309021e-01 dt=1.0220304370762593e-06
cycle=4880 time=1.5616099178352730e-01 dt=1.0194465593866063e-06
cycle=4881 time=1.5616201123008669e-01 dt=1.0168962546557212e-06
cycle=4882 time=1.5616302812634134e-01 dt=1.0143794442569872e-06
cycle=4883 time=1.5616404250578558e-01 dt=1.0118960367578823e-06
cycle=4884 time=1.5616505440182235e-01 dt=1.0094459020253935e-06
cycle=4885 time=1.5616606384772438e-01 dt=1.0070284893126923e-06
cycle=4886 time=1.5616707087621370e-01 dt=1.0046430451022469e-06
cycle=4887 time=1.5616807551925882e-01 dt=1.0022887405339471e-06
cycle=4888 time=1.5616907780799935e-01 dt=9.9996474914153104e-07
cycle=4889 time=1.5617007777274849e-01 dt=9.9767029791210364e-07
cycle=4890 time=1.5617107544304640e-01 dt=9.9540469650782370e-07
cycle=4891 time=1.5617207084774290e-01 dt=9.9316735001469646e-07
cycle=4892 time=1.5617306401509293e-01 dt=9.9095775397335550e-07
cycle=4893 time=1.5617405497284689e-01 dt=9.8877549096503183e-07
cycle=4894 time=1.5617504374833785e-01 dt=9.8662032027148785e-07
cycle=4895 time=1.5617603036865813e-01 dt=9.8449212582479005e-07
cycle=4896 time=1.5617701486078395e-01 dt=9.8239083631043049e-07
cycle=4897 time=1.5617799725162027e-01 dt=9.8031639210919368e-07
cycle=4898 time=1.5617897756801238e-01 dt=9.7826872231735006e-07
cycle=4899 time=1.5617995583673469e-01 dt=9.7624773027070389e-07
cycle=4900 time=1.5618093208446496e-01 dt=9.7425328403345662e-07
cycle=4901 time=1.5618190633774900e-01 dt=9.7228521039411143e-07
cycle=4902 time=1.5618287862295940e-01 dt=9.7034330549592944e-07
cycle=4903 time=1.5618384896626489e-01 dt=9.6842733682201283e-07
cycle=4904 time=1.5618481739360171e-01 dt=9.6653705519398456e-07
cycle=4905 time=1.5618578393065691e-01 dt=9.6467219572629061e-07
cycle=4906 time=1.5618674860285264e-01 dt=9.6283248958977245e-07
cycle=4907 time=1.5618771143534224e-01 dt=9.6101766943692524e-07
cycle=4908 time=1.5618867245301168e-01 dt=9.5922747819729812e-07
cycle=4909 time=1.5618963168048988e-01 dt=9.5746167819406419e-07
cycle=4910 time=1.5619058914216807e-01 dt=9.5572003104532531e-07
cycle=4911 time=1.5619154486219911e-01 dt=9.5400227557223596e-07
cycle=4912 time=1.5619249886447467e-01 dt=9.5230820789893954e-07
cycle=4913 time=1.5619345117268257e-01 dt=9.5063761024599817e-07
cycle=4914 time=1.5619440181029282e-01 dt=9.4899026152330794e-07
cycle=4915 time=1.5619535080055433e-01 dt=9.4736594631372528e-07
cycle=4916 time=1.5619629816650063e-01 dt=9.4576445595579942e-07
cycle=4917 time=1.5619724393095658e-01 dt=9.4418256062541180e-07
cycle=4918 time=1.5619818811351721e-01 dt=9.4261972409892398e-07
cycle=4919 time=1.5619913073324132e-01 dt=9.4107658960809307e-07
cycle=4920 time=1.5620007180983092e-01 dt=9.3955379344485648e-07
cycle=4921 time=1.5620101136362435e-01 dt=9.3805191293981674e-07
cycle=4922 time=1.5620194941553731e-01 dt=9.3657142107654345e-07
cycle=4923 time=1.5620288598695839e-01 dt=9.3511266429021291e-07
cycle=4924 time=1.5620382109962269e-01 dt=9.3367585432213269e-07
cycle=4925 time=1.5620475477547702e-01 dt=9.3226107296718879e-07
cycle=4926 time=1.5620568703654999e-01 dt=9.3086828880204089e-07
cycle=4927 time=1.5620661790483881e-01 dt=9.2949738075922642e-07
cycle=4928 time=1.5620754740221957e-01 dt=9.2814815035980607e-07
cycle=4929 time=1.5620847555036993e-01 dt=9.2682034360923020e-07
cycle=4930 time=1.5620940237071354e-01 dt=9.2551367178649646e-07
cycle=4931 time=1.5621032788438532e-01 dt=9.2422796245625862e-07
cycle=4932 time=1.5621125211234779e-01 dt=9.2296289915611440e-07
cycle=4933 time=1.5621217507524696e-01 dt=9.2171780925599106e-07
cycle=4934 time=1.5621309679305620e-01 dt=9.2049192146423974e-07
cycle=4935 time=1.5621401728497766e-01 dt=9.1928453247823399e-07
cycle=4936 time=1.5621493656951013e-01 dt=9.1809471047389749e-07
cycle=4937 time=1.5621585466422061e-01 dt=9.0851498841548672e-07
cycle=4938 time=1.5621676317920902e-01 dt=8.9830057548250047e-07
cycle=4939 time=1.5621766147978450e-01 dt=8.8921060881406964e-07
cycle=4940 time=1.5621855069039331e-01 dt=8.8201886412664796e-07
cycle=4941 time=1.5621943270925745e-01 dt=8.7680288048368989e-07
cycle=4942 time=1.5622030951213794e-01 dt=8.7288123832076975e-07
cycle=4943 time=1.5622118239337626e-01 dt=8.6982563286114710e-07
cycle=4944 time=1.5622205221900912e-01 dt=8.6731219329592506e-07
cycle=4945 time=1.5622291953120240e-01 dt=8.6514052944689770e-07
cycle=4946 time=1.5622378467173184e-01 dt=8.6319419665892129e-07
cycle=4947 time=1.5622464786592849e-01 dt=8.6139437662973708e-07
cycle=4948 time=1.5622550926030512e-01 dt=8.5967973360542237e-07
cycle=4949 time=1.5622636894003872e-01 dt=8.5802932236756046e-07
cycle=4950 time=1.5622722696936109e-01 dt=8.5642629542492568e-07
cycle=4951 time=1.5622808339565653e-01 dt=8.5484757609936411e-07
cycle=4952 time=1.5622893824323261e-01 dt=8.5325569218235205e-07
cycle=4953 time=1.5622979149892480e-01 dt=8.5161442058670079e-07
cycle=4954 time=1.5623064311334539e-01 dt=8.4989069386134221e-07
cycle=4955 time=1.5623149300403924e-01 dt=8.4806739877239313e-07
cycle=4956 time=1.5623234107143802e-01 dt=8.4614257718717184e-07
cycle=4957 time=1.5623318721401522e-01 dt=8.4412625021011937e-07
cycle=4958 time=1.5623403134026542e-01 dt=8.4203673294045199e-07
cycle=4959 time=1.5623487337699837e-01 dt=8.3989641152340326e-07
cycle=4960 time=1.5623571327340990e-01 dt=8.3772789510949173e-07
cycle=4961 time=1.5623655100130501e-01 dt=8.3555155140415023e-07
cycle=4962 time=1.5623738655285641e-01 dt=8.3338441826526727e-07
cycle=4963 time=1.5623821993727466e-01 dt=8.3123899308611125e-07
cycle=4964 time=1.5623905117626774e-01 dt=8.2912325706527364e-07
cycle=4965 time=1.5623988029952482e-01 dt=8.2704128069321432e-07
cycle=4966 time=1.5624070734080550e-01 dt=8.2499403230648775e-07
cycle=4967 time=1.5624153233483781e-01 dt=8.2298023940222312e-07
cycle=4968 time=1.5624235531507721e-01 dt=8.2099713162076104e-07
cycle=4969 time=1.5624317631220883e-01 dt=8.1904123605391014e-07
cycle=4970 time=1.5624399535344488e-01 dt=8.1710894177096210e-07
cycle=4971 time=1.5624481246238664e-01 dt=8.1519685041899941e-07
cycle=4972 time=1.5624562765923705e-01 dt=8.1330202594631204e-07
cycle=4973 time=1.5624644096126300e-01 dt=8.1142212540447547e-07
cycle=4974 time=1.5624725238338841e-01 dt=8.0955543500575830e-07
cycle=4975 time=1.5624806193882340e-01 dt=8.0770084199457570e-07
cycle=4976 time=1.5624886963966539e-01 dt=8.0585779298745087e-07
cycle=4977 time=1.5624967549745838e-01 dt=8.0402615074813829e-07
cycle=4978 time=1.5625047952360913e-01 dt=8.0220607063991086e-07
cycle=4979 time=1.5625128172967975e-01 dt=8.0039788803045503e-07
cycle=4980 time=1.5625208212756778e-01 dt=7.9860202081260994e-07
cycle=4981 time=1.5625288072958859e-01 dt=7.9681889237970726e-07
cycle=4982 time=1.5625367754848096e-01 dt=7.9504887648538563e-07
cycle=4983 time=1.5625447259735745e-01 dt=7.9329228237950893e-07
cycle=4984 time=1.5625526588963984e-01 dt=7.9154933618208105e-07
cycle=4985 time=1.5625605743897603e-01 dt=7.8982016634283662e-07
cycle=4986 time=1.5625684725914238e-01 dt=7.8810480712801197e-07
cycle=4987 time=1.5625763536394952e-01 dt=7.8640321017430710e-07
cycle=4988 time=1.5625842176715968e-01 dt=7.8471526050922113e-07
cycle=4989 time=1.5625920648242020e-01 dt=7.8304079455883753e-07
cycle=4990 time=1.5625998952321477e-01 dt=7.8137961760158378e-07
cycle=4991 time=1.5626077090283236e-01 dt=7.7973153352375495e-07
cycle=4992 time=1.5626155063436589e-01 dt=7.7809640885229642e-07
cycle=4993 time=1.5626232873077475e-01 dt=7.7647402724740203e-07
cycle=4994 time=1.5626310520480199e-01 dt=7.7486418155777042e-07
cycle=4995 time=1.5626388006898356e-01 dt=7.7326667921126835e-07
cycle=4996 time=1.5626465333566278e-01 dt=7.7168134570750644e-07
cycle=4997 time=1.5626542501700849e-01 dt=7.7010802533881025e-07
cycle=4998 time=1.5626619512503384e-01 dt=7.6854658012540790e-07
cycle=4999 time=1.5626696367161397e-01 dt=7.6699688676971245e-07
cycle=5000 time=1.5626773066850075e-01 dt=7.6545883600987279e-07
cycle=5001 time=1.5626849612733676e-01 dt=7.6393232949980975e-07
cycle=5002 time=1.5626926005966627e-01 dt=7.6241727394135671e-07
cycle=5003 time=1.5627002247694022e-01 dt=7.6091357691227778e-07
cycle=5004 time=1.5627078339051714e-01 dt=7.5942114657289225e-07
cycle=5005 time=1.5627154281166372e-01 dt=7.5793989116421941e-07
cycle=5006 time=1.5627230075155488e-01 dt=7.5646971869461554e-07
cycle=5007 time=1.5627305722127358e-01 dt=7.5501051912555973e-07
cycle=5008 time=1.5627381223179271e-01 dt=7.5356219669206642e-07
cycle=5009 time=1.5627456579398941e-01 dt=7.5212466067296191e-07
cycle=5010 time=1.5627531791865007e-01 dt=7.5069782239787499e-07
cycle=5011 time=1.5627606861647247e-01 dt=7.4928159461943181e-07
cycle=5012 time=1.5627681789806711e-01 dt=7.4787589105746618e-07
cycle=5013 time=1.5627756577395815e-01 dt=7.4648061433362495e-07
cycle=5014 time=1.5627831225457248e-01 dt=7.4509563546464470e-07
cycle=5015 time=1.5627905735020794e-01 dt=7.4372082045676972e-07
cycle=5016 time=1.5627980107102840e-01 dt=7.4235603649761010e-07
cycle=5017 time=1.5628054342706491e-01 dt=7.4100115638628645e-07
cycle=5018 time=1.5628128442822128e-01 dt=7.3965606132713889e-07
cycle=5019 time=1.5628202408428260e-01 dt=7.3832064230341102e-07
cycle=5020 time=1.5628276240492489e-01 dt=7.3699480016883948e-07
cycle=5021 time=1.5628349939972505e-01 dt=7.3567844480797430e-07
cycle=5022 time=1.5628423507816985e-01 dt=7.3437149395996324e-07
cycle=5023 time=1.5628496944966380e-01 dt=7.3307387202792340e-07
cycle=5024 time=1.5628570252353582e-01 dt=7.3178550854438900e-07
cycle=5025 time=1.5628643430904438e-01 dt=7.3050632533948647e-07
cycle=5026 time=1.5628716481536972e-01 dt=7.2923624253805662e-07
cycle=5027 time=1.5628789405161225e-01 dt=7.2797517997272810e-07
cycle=5028 time=1.5628862202679222e-01 dt=7.2672305799496816e-07
cycle=5029 time=1.5628934874985023e-01 dt=7.2547979806397234e-07
cycle=5030 time=1.5629007422964830e-01 dt=7.2424532311372219e-07
cycle=5031 time=1.5629079847497140e-01 dt=7.2301955773284370e-07
cycle=5032 time=1.5629152149452913e-01 dt=7.2180242818497509e-07
cycle=5033 time=1.5629224329695732e-01 dt=7.2059386234423980e-07
cycle=5034 time=1.5629296389081967e-01 dt=7.1939378956608426e-07
cycle=5035 time=1.5629368328460924e-01 dt=7.1820214052104977e-07
cycle=5036 time=1.5629440148674975e-01 dt=7.1701884697925230e-07
cycle=5037 time=1.5629511850559674e-01 dt=7.1584384148928603e-07
cycle=5038 time=1.5629583434943822e-01 dt=7.1467705713181115e-07
cycle=5039 time=1.5629654902649537e-01 dt=7.1351842774411935e-07
cycle=5040 time=1.5629726254492310e-01 dt=7.1236788844699203e-07
cycle=5041 time=1.5629797491281155e-01 dt=7.1122574050577380e-07
cycle=5042 time=1.5629868613855205e-01 dt=7.1009199480423984e-07
cycle=5043 time=1.5629939623054687e-01 dt=7.0896659550069236e-07
cycle=5044 time=1.5630010519714238e-01 dt=7.0784944459286866e-07
cycle=5045 time=1.5630081304658697e-01 dt=7.0674043067277123e-07
cycle=5046 time=1.5630151978701765e-01 dt=7.0563939566431178e-07
cycle=5047 time=1.5630222542641331e-01 dt=7.0454617455127655e-07
cycle=5048 time=1.5630292997258785e-01 dt=7.0346060593622525e-07
cycle=5049 time=1.5630363343319378e-01 dt=7.0238253985557265e-07
cycle=5050 time=1.5630433581573364e-01 dt=7.0131184315928533e-07
cycle=5051 time=1.5630503712757679e-01 dt=7.0024840216958247e-07
cycle=5052 time=1.5630573737597897e-01 dt=6.9919212192594711e-07
cycle=5053 time=1.5630643656810089e-01 dt=6.9814292479324762e-07
cycle=5054 time=1.5630713471102570e-01 dt=6.9710074830523862e-07
cycle=5055 time=1.5630783181177399e-01 dt=6.9606554209152237e-07
cycle=5056 time=1.5630852787731608e-01 dt=6.9503726497316609e-07
cycle=5057 time=1.5630922291458105e-01 dt=6.9401588199163275e-07
cycle=5058 time=1.5630991693046303e-01 dt=6.9300136154045121e-07
cycle=5059 time=1.5631060993182458e-01 dt=6.9199367260312793e-07
cycle=5060 time=1.5631130192549719e-01 dt=6.9099278212154627e-07
cycle=5061 time=1.5631199291827932e-01 dt=6.8999927937308603e-07
cycle=5062 time=1.5631268291755870e-01 dt=6.8901830546864957e-07
cycle=5063 time=1.5631337193586417e-01 dt=6.8805360725407016e-07
cycle=5064 time=1.5631405998947143e-01 dt=6.8710756312428426e-07
cycle=5065 time=1.5631474709703455e-01 dt=6.8618132310855924e-07
cycle=5066 time=1.5631543327835765e-01 dt=6.8527501079873736e-07
cycle=5067 time=1.5631611855336844e-01 dt=6.9191699426290316e-07
cycle=5068 time=1.5631681047036269e-01 dt=7.0932627946841437e-07
cycle=5069 time=1.5631751979664216e-01 dt=7.4186370902873158e-07
cycle=5070 time=1.5631826166035118e-01 dt=7.9720025668973760e-07
cycle=5071 time=1.5631905886060787e-01 dt=8.8825972368685514e-07
cycle=5072 time=1.5631994712033156e-01 dt=1.0372773775255145e-06
cycle=5073 time=1.5632098439770908e-01 dt=1.2824522839574471e-06
cycle=5074 time=1.5632226684999304e-01 dt=1.6800557077630805e-06
cycle=5075 time=1.5632394690570081e-01 dt=1.8286508850726487e-06
cycle=5076 time=1.5632577555658589e-01 dt=1.8231501045545101e-06
cycle=5077 time=1.5632759870669044e-01 dt=1.6629785564622080e-06
cycle=5078 time=1.5632926168524691e-01 dt=1.4030472751144407e-06
cycle=5079 time=1.5633066473252202e-01 dt=1.1456524155494556e-06
cycle=5080 time=1.5633181038493757e-01 dt=9.3456961967364777e-07
cycle=5081 time=1.5633274495455723e-01 dt=8.3854678264658215e-07
cycle=5082 time=1.5633358350133988e-01 dt=7.9014760240779856e-07
cycle=5083 time=1.5633437364894229e-01 dt=7.5315439508040778e-07
cycle=5084 time=1.5633512680333736e-01 dt=7.2575925125853986e-07
cycle=5085 time=1.5633585256258861e-01 dt=7.0648826981362982e-07
cycle=5086 time=1.5633655905085841e-01 dt=6.9414373074564646e-07
cycle=5087 time=1.5633725319458916e-01 dt=6.8774344619366725e-07
cycle=5088 time=1.5633794093803535e-01 dt=6.8646814140892491e-07
cycle=5089 time=1.5633862740617677e-01 dt=6.8961469402862048e-07
cycle=5090 time=1.5633931702087078e-01 dt=6.9655700830780609e-07
cycle=5091 time=1.5634001357787908e-01 dt=7.0671534648410826e-07
cycle=5092 time=1.5634072029322557e-01 dt=7.1953751010582265e-07
cycle=5093 time=1.5634143983073567e-01 dt=7.3448519185657528e-07
cycle=5094 time=1.5634217431592753e-01 dt=7.5102806238215250e-07
cycle=5095 time=1.5634292534398991e-01 dt=7.6864537874725957e-07
cycle=5096 time=1.5634369398936865e-01 dt=7.8683092801543600e-07
cycle=5097 time=1.5634448082029667e-01 dt=8.0510179477681738e-07
cycle=5098 time=1.5634528592209146e-01 dt=8.2301272231588207e-07
cycle=5099 time=1.5634610893481377e-01 dt=8.4018073000600334e-07
cycle=5100 time=1.5634694911554378e-01 dt=8.5631693048503093e-07
cycle=5101 time=1.5634780543247426e-01 dt=8.7118346677651509e-07
cycle=5102 time=1.5634867661594104e-01 dt=8.8508517319809084e-07
cycle=5103 time=1.5634956170111425e-01 dt=8.9993215441201558e-07
cycle=5104 time=1.5635046163326866e-01 dt=9.1547644256355712e-07
cycle=5105 time=1.5635137710971123e-01 dt=9.2899557935560367e-07
cycle=5106 time=1.5635230610529058e-01 dt=9.3697858633136058e-07
cycle=5107 time=1.5635324308387691e-01 dt=9.3979020526206546e-07
cycle=5108 time=1.5635418287408218e-01 dt=9.3855568624512115e-07
cycle=5109 time=1.5635512142976843e-01 dt=9.3460011096156905e-07
cycle=5110 time=1.5635605602987940e-01 dt=9.2923175046289134e-07
cycle=5111 time=1.5635698526162986e-01 dt=9.2354686843728997e-07
cycle=5112 time=1.5635790880849829e-01 dt=9.1842090229166773e-07
cycle=5113 time=1.5635882722940059e-01 dt=9.1452244284689856e-07
cycle=5114 time=1.5635974175184345e-01 dt=9.1212221603006378e-07
cycle=5115 time=1.5636065387405948e-01 dt=9.1065977229599841e-07
cycle=5116 time=1.5636156453383177e-01 dt=9.0963024455194738e-07
cycle=5117 time=1.5636247416407631e-01 dt=9.0901945765784312e-07
cycle=5118 time=1.5636338318353396e-01 dt=9.0881032691966715e-07
cycle=5119 time=1.5636429199386087e-01 dt=9.0897787131623296e-07
cycle=5120 time=1.5636520097173218e-01 dt=9.0949159714510230e-07
cycle=5121 time=1.5636611046332932e-01 dt=9.1031718023561032e-07
cycle=5122 time=1.5636702078050957e-01 dt=9.1141790181642340e-07
cycle=5123 time=1.5636793219841139e-01 dt=9.1275608896774501e-07
cycle=5124 time=1.5636884495450035e-01 dt=9.1429425744917702e-07
cycle=5125 time=1.5636975924875779e-01 dt=9.1599604927982629e-07
cycle=5126 time=1.5637067524480708e-01 dt=9.1782683113587303e-07
cycle=5127 time=1.5637159307163823e-01 dt=9.1975445964973488e-07
cycle=5128 time=1.5637251282609788e-01 dt=9.2174981321620957e-07
cycle=5129 time=1.5637343457591110e-01 dt=9.2378717090494861e-07
cycle=5130 time=1.5637435836308200e-01 dt=9.2584442718063518e-07
cycle=5131 time=1.5637528420750918e-01 dt=9.2790315904474585e-07
cycle=5132 time=1.5637621211066821e-01 dt=9.2994857256006601e-07
cycle=5133 time=1.5637714205924078e-01 dt=9.3196934840317372e-07
cycle=5134 time=1.5637807402858919e-01 dt=9.3395740856136362e-07
cycle=5135 time=1.5637900798599774e-01 dt=9.3590762430197374e-07
cycle=5136 time=1.5637994389362203e-01 dt=9.3781748371738973e-07
cycle=5137 time=1.5638088171110576e-01 dt=9.3968676447388543e-07
cycle=5138 time=1.5638182139787024e-01 dt=9.4151712848695510e-07
cycle=5139 time=1.5638276291499872e-01 dt=9.4331168051651397e-07
cycle=5140 time=1.5638370622667924e-01 dt=9.4507468352524526e-07
cycle=5141 time=1.5638465130136275e-01 dt=9.4681126717184740e-07
cycle=5142 time=1.5638559811262992e-01 dt=9.4852734043134546e-07
cycle=5143 time=1.5638654663997034e-01 dt=9.5022916074143444e-07
cycle=5144 time=1.5638749686913109e-01 dt=9.5192312513546913e-07
cycle=5145 time=1.5638844879225622e-01 dt=9.5361555494245158e-07
cycle=5146 time=1.5638940240781116e-01 dt=9.5531251886455072e-07
cycle=5147 time=1.5639035772033003e-01 dt=9.5701987415173642e-07
cycle=5148 time=1.5639131474020418e-01 dt=9.5874279677376338e-07
cycle=5149 time=1.5639227348300094e-01 dt=9.6048589268251905e-07
cycle=5150 time=1.5639323396889362e-01 dt=9.6225319249239350e-07
cycle=5151 time=1.5639419622208611e-01 dt=9.6404814386643746e-07
cycle=5152 time=1.5639516027022998e-01 dt=9.6587361459224156e-07
cycle=5153 time=1.5639612614384457e-01 dt=9.6773191802204363e-07
cycle=5154 time=1.5639709387576259e-01 dt=9.6962295370022407e-07
cycle=5155 time=1.5639806349871629e-01 dt=9.7154752554625394e-07
cycle=5156 time=1.5639903504624184e-01 dt=9.7350702968665050e-07
cycle=5157 time=1.5640000855327152e-01 dt=9.7550246992016575e-07
cycle=5158 time=1.5640098405574143e-01 dt=9.7753450885849668e-07
cycle=5159 time=1.5640196159025030e-01 dt=9.7960352086837200e-07
cycle=5160 time=1.5640294119377116e-01 dt=9.8170964519563306e-07
cycle=5161 time=1.5640392290341634e-01 dt=9.8385283753155376e-07
cycle=5162 time=1.5640490675625388e-01 dt=9.8603291815655365e-07
cycle=5163 time=1.5640589278917202e-01 dt=9.8824961875718235e-07
cycle=5164 time=1.5640688103879077e-01 dt=9.9050273818294754e-07
cycle=5165 time=1.5640787154152896e-01 dt=9.9279208780141581e-07
cycle=5166 time=1.5640886433361675e-01 dt=9.9511751169253319e-07
cycle=5167 time=1.5640985945112845e-01 dt=9.9747889743944215e-07
cycle=5168 time=1.5641085693002590e-01 dt=9.9987619375144304e-07
cycle=5169 time=1.5641185680621966e-01 dt=1.0023094164792781e-06
cycle=5170 time=1.5641285911563615e-01 dt=1.0047786582977894e-06
cycle=5171 time=1.5641386389429446e-01 dt=1.0072840948243212e-06
cycle=5172 time=1.5641487117838929e-01 dt=1.0098259917690953e-06
cycle=5173 time=1.5641588100438106e-01 dt=1.0124046964482394e-06
cycle=5174 time=1.5641689340907750e-01 dt=1.0150206348858848e-06
cycle=5175 time=1.5641790842971237e-01 dt=1.0176743107067516e-06
cycle=5176 time=1.5641892610402308e-01 dt=1.0203662961329470e-06
cycle=5177 time=1.5641994647031920e-01 dt=1.0230972237218686e-06
cycle=5178 time=1.5642096956754292e-01 dt=1.0258677768556053e-06
cycle=5179 time=1.5642199543531979e-01 dt=1.0286786876180584e-06
cycle=5180 time=1.5642302411400741e-01 dt=1.0315307297962793e-06
cycle=5181 time=1.5642405564473721e-01 dt=1.0344246588697106e-06
cycle=5182 time=1.5642509006939609e-01 dt=1.0373612371913474e-06
cycle=5183 time=1.5642612743063328e-01 dt=1.0403412628925904e-06
cycle=5184 time=1.5642716777189616e-01 dt=1.0433655725976839e-06
cycle=5185 time=1.5642821113746877e-01 dt=1.0464350189360398e-06
cycle=5186 time=1.5642925757248771e-01 dt=1.0495504908220379e-06
cycle=5187 time=1.5643030712297853e-01 dt=1.0527129272718117e-06
cycle=5188 time=1.5643135983590581e-01 dt=1.0559232676447627e-06
cycle=5189 time=1.5643241575917347e-01 dt=1.0591824479985736e-06
cycle=5190 time=1.5643347494162146e-01 dt=1.0624914387361526e-06
cycle=5191 time=1.5643453743306021e-01 dt=1.0658512566174170e-06
cycle=5192 time=1.5643560328431683e-01 dt=1.0692629240059752e-06
cycle=5193 time=1.5643667254724083e-01 dt=1.0727274398465322e-06
cycle=5194 time=1.5643774527468068e-01 dt=1.0762458489403004e-06
cycle=5195 time=1.5643882152052963e-01 dt=1.0798192163319106e-06
cycle=5196 time=1.5643990133974595e-01 dt=1.0834487542669434e-06
cycle=5197 time=1.5644098478850021e-01 dt=1.0871357533136740e-06
cycle=5198 time=1.5644207192425352e-01 dt=1.0908814362249184e-06
cycle=5199 time=1.5644316280568976e-01 dt=1.0946904803994345e-06
cycle=5200 time=1.5644425749617016e-01 dt=1.0985668109115534e-06
cycle=5201 time=1.5644535606298107e-01 dt=1.1025090220568418e-06
cycle=5202 time=1.5644645857200312e-01 dt=1.1065165297991506e-06
cycle=5203 time=1.5644756508853291e-01 dt=1.1105893512944966e-06
cycle=5204 time=1.5644867567788420e-01 dt=1.1147165359611489e-06
cycle=5205 time=1.5644979039442017e-01 dt=1.1188988678805098e-06
cycle=5206 time=1.5645090929328806e-01 dt=1.1231401823649492e-06
cycle=5207 time=1.5645203243347042e-01 dt=1.1274505054153383e-06
cycle=5208 time=1.5645315988397585e-01 dt=1.1318346522080737e-06
cycle=5209 time=1.5645429171862804e-01 dt=1.1362951924194176e-06
cycle=5210 time=1.5645542801382045e-01 dt=1.1408347286929764e-06
cycle=5211 time=1.5645656884854914e-01 dt=1.1454558905324006e-06
cycle=5212 time=1.5645771430443967e-01 dt=1.1501613261995458e-06
cycle=5213 time=1.5645886446576587e-01 dt=1.1549536972424094e-06
cycle=5214 time=1.5646001941946311e-01 dt=1.1598356837708445e-06
cycle=5215 time=1.5646117925514688e-01 dt=1.1648099906981092e-06
cycle=5216 time=1.5646234406513759e-01 dt=1.1698793723675934e-06
cycle=5217 time=1.5646351394450997e-01 dt=1.1750466173233322e-06
cycle=5218 time=1.5646468899112728e-01 dt=1.1803145215003680e-06
cycle=5219 time=1.5646586930564879e-01 dt=1.1856860997076596e-06
cycle=5220 time=1.5646705499174851e-01 dt=1.1911644583604843e-06
cycle=5221 time=1.5646824615620686e-01 dt=1.1967525439405109e-06
cycle=5222 time=1.5646944290875081e-01 dt=1.2024533501885607e-06
cycle=5223 time=1.5647064536210101e-01 dt=1.2082699630482840e-06
cycle=5224 time=1.5647185363206406e-01 dt=1.2142055819571447e-06
cycle=5225 time=1.5647306783764603e-01 dt=1.2202635440660104e-06
cycle=5226 time=1.5647428810119010e-01 dt=1.2264474166790768e-06
cycle=5227 time=1.5647551454860678e-01 dt=1.2327608401392225e-06
cycle=5228 time=1.5647674730944691e-01 dt=1.2392075578125705e-06
cycle=5229 time=1.5647798651700473e-01 dt=1.2457914688626166e-06
cycle=5230 time=1.5647923230847360e-01 dt=1.2525166260946479e-06
cycle=5231 time=1.5648048482509969e-01 dt=1.2593872598564789e-06
cycle=5232 time=1.5648174421235955e-01 dt=1.2664077963070251e-06
cycle=5233 time=1.5648301062015585e-01 dt=1.2735828991958904e-06
cycle=5234 time=1.5648428420305505e-01 dt=1.2809175248179691e-06
cycle=5235 time=1.5648556512057987e-01 dt=1.2884169395911834e-06
cycle=5236 time=1.5648685353751945e-01 dt=1.2960867383240963e-06
cycle=5237 time=1.5648814962425778e-01 dt=1.3039328438926765e-06
cycle=5238 time=1.5648945355710167e-01 dt=1.3119614507484966e-06
cycle=5239 time=1.5649076551855243e-01 dt=1.3201790497083161e-06
cycle=5240 time=1.5649208569760215e-01 dt=1.3285924655817371e-06
cycle=5241 time=1.5649341429006772e-01 dt=1.3372088627503095e-06
cycle=5242 time=1.5649475149893047e-01 dt=1.3460357824040198e-06
cycle=5243 time=1.5649609753471286e-01 dt=1.3550810868779551e-06
cycle=5244 time=1.5649745261579973e-01 dt=1.3643529961957235e-06
cycle=5245 time=1.5649881696879592e-01 dt=1.3738600434283186e-06
cycle=5246 time=1.5650019082883934e-01 dt=1.3836112824723164e-06
cycle=5247 time=1.5650157444012180e-01 dt=1.3936163194767060e-06
cycle=5248 time=1.5650296805644129e-01 dt=1.4038853240004755e-06
cycle=5249 time=1.5650437194176528e-01 dt=1.4144291064594229e-06
cycle=5250 time=1.5650578637087173e-01 dt=1.4252592106661029e-06
cycle=5251 time=1.5650721163008238e-01 dt=1.4363875607093642e-06
cycle=5252 time=1.5650864801764308e-01 dt=1.4478268795664386e-06
cycle=5253 time=1.5651009584452263e-01 dt=1.4595905405297727e-06
cycle=5254 time=1.5651155543506318e-01 dt=1.4716927354171324e-06
cycle=5255 time=1.5651302712779860e-01 dt=1.4841485927616190e-06
cycle=5256 time=1.5651451127639138e-01 dt=1.4969742352814100e-06
cycle=5257 time=1.5651600825062667e-01 dt=1.5101861628758140e-06
cycle=5258 time=1.5651751843678954e-01 dt=1.5238008191026016e-06
cycle=5259 time=1.5651904223760865e-01 dt=1.5378357215138309e-06
cycle=5260 time=1.5652058007333017e-01 dt=1.5523095307736615e-06
cycle=5261 time=1.5652213238286095e-01 dt=1.5672420995812795e-06
cycle=5262 time=1.5652369962496052e-01 dt=1.5685495784198547e-06
cycle=5263 time=1.5652526817453893e-01 dt=1.5143759778159242e-06
cycle=5264 time=1.5652678255051675e-01 dt=1.4690800859937267e-06
cycle=5265 time=1.5652825163060274e-01 dt=1.4381545537995632e-06
cycle=5266 time=1.5652968978515655e-01 dt=1.4205716164257856e-06
cycle=5267 time=1.5653111035677297e-01 dt=1.4120888799879525e-06
cycle=5268 time=1.5653252244565297e-01 dt=1.4089320617868501e-06
cycle=5269 time=1.5653393137771476e-01 dt=1.4084682645008377e-06
cycle=5270 time=1.5653533984597925e-01 dt=1.4087673034765761e-06
cycle=5271 time=1.5653674861328273e-01 dt=1.4085690051342698e-06
cycle=5272 time=1.5653815718228786e-01 dt=1.4072464507657076e-06
cycle=5273 time=1.5653956442873862e-01 dt=1.4047206465388307e-06
cycle=5274 time=1.5654096914938515e-01 dt=1.4012591697005545e-06
cycle=5275 time=1.5654237040855484e-01 dt=1.3972680851596565e-06
cycle=5276 time=1.5654376767663999e-01 dt=1.3931431857162859e-06
cycle=5277 time=1.5654516081982572e-01 dt=1.3891953845971880e-06
cycle=5278 time=1.5654655001521031e-01 dt=1.3856252925980465e-06
cycle=5279 time=1.5654793564050290e-01 dt=1.3825248428501744e-06
cycle=5280 time=1.5654931816534576e-01 dt=1.3799098456825277e-06
cycle=5281 time=1.5655069807519145e-01 dt=1.3777533079213549e-06
cycle=5282 time=1.5655207582849937e-01 dt=1.3759928123668210e-06
cycle=5283 time=1.5655345182131172e-01 dt=1.3745468200325590e-06
cycle=5284 time=1.5655482636813176e-01 dt=1.3733388492067798e-06
cycle=5285 time=1.5655619970698095e-01 dt=1.3723104698426474e-06
cycle=5286 time=1.5655757201745080e-01 dt=1.3714266865028377e-06
cycle=5287 time=1.5655894344413729e-01 dt=1.3706707021953964e-06
cycle=5288 time=1.5656031411483948e-01 dt=1.3700381929009308e-06
cycle=5289 time=1.5656168415303237e-01 dt=1.3694853805196385e-06
cycle=5290 time=1.5656305363841289e-01 dt=1.3689869661041045e-06
cycle=5291 time=1.5656442262537898e-01 dt=1.3685595001712609e-06
cycle=5292 time=1.5656579118487915e-01 dt=1.3682266364112192e-06
cycle=5293 time=1.5656715941151556e-01 dt=1.3680106555779741e-06
cycle=5294 time=1.5656852742217114e-01 dt=1.3609315958844495e-06
cycle=5295 time=1.5656988835376703e-01 dt=1.3687004640990839e-06
cycle=5296 time=1.5657125705423114e-01 dt=1.3696400563964792e-06
cycle=5297 time=1.5657262669428754e-01 dt=1.3700596089785802e-06
cycle=5298 time=1.5657399675389652e-01 dt=1.3702165608641669e-06
cycle=5299 time=1.5657536697045737e-01 dt=1.3703417105514768e-06
cycle=5300 time=1.5657673731216792e-01 dt=1.3706007309044998e-06
cycle=5301 time=1.5657810791289883e-01 dt=1.3710873471362063e-06
cycle=5302 time=1.5657947900024596e-01 dt=1.3718344139573322e-06
cycle=5303 time=1.5658085083465992e-01 dt=1.3728257111675918e-06
cycle=5304 time=1.5658222366037108e-01 dt=1.3740185932053285e-06
cycle=5305 time=1.5658359767896429e-01 dt=1.3753785879983797e-06
cycle=5306 time=1.5658497305755228e-01 dt=1.3768882167155452e-06
cycle=5307 time=1.5658634994576900e-01 dt=1.3520120136572361e-06
cycle=5308 time=1.5658770195778265e-01 dt=1.3212272968923431e-06
cycle=5309 time=1.5658902318507956e-01 dt=1.2845434955780869e-06
cycle=5310 time=1.5659030772857513e-01 dt=1.2899387802197025e-06
cycle=5311 time=1.5659159766735534e-01 dt=1.3552355904861566e-06
cycle=5312 time=1.5659295290294584e-01 dt=1.4572575832584206e-06
cycle=5313 time=1.5659441016052911e-01 dt=1.4559492056120118e-06
cycle=5314 time=1.5659586610973472e-01 dt=1.4396968040983128e-06
cycle=5315 time=1.5659730580653883e-01 dt=1.4191969780287269e-06
cycle=5316 time=1.5659872500351685e-01 dt=1.4017825874825133e-06
cycle=5317 time=1.5660012678610433e-01 dt=1.3911580207110931e-06
cycle=5318 time=1.5660151794412505e-01 dt=1.3875431175329155e-06
cycle=5319 time=1.5660290548724259e-01 dt=1.3890976264118787e-06
cycle=5320 time=1.5660429458486902e-01 dt=1.3937488404888441e-06
cycle=5321 time=1.5660568833370950e-01 dt=1.3735663211733008e-06
cycle=5322 time=1.5660706190003068e-01 dt=1.3077602039812533e-06
cycle=5323 time=1.5660836966023467e-01 dt=1.2440947748203145e-06
cycle=5324 time=1.5660961375500948e-01 dt=1.1851661968252702e-06
cycle=5325 time=1.5661079892120630e-01 dt=1.1356690043871165e-06
cycle=5326 time=1.5661193459021069e-01 dt=1.0993377668412037e-06
cycle=5327 time=1.5661303392797754e-01 dt=1.0743325519677735e-06
cycle=5328 time=1.5661410826052952e-01 dt=1.0584343971731094e-06
cycle=5329 time=1.5661516669492670e-01 dt=1.0493841846462680e-06
cycle=5330 time=1.5661621607911136e-01 dt=1.0451112043749780e-06
cycle=5331 time=1.5661726119031574e-01 dt=1.0442364281846029e-06
cycle=5332 time=1.5661830542674393e-01 dt=1.0452681951964620e-06
cycle=5333 time=1.5661935069493912e-01 dt=1.0467841403801547e-06
cycle=5334 time=1.5662039747907949e-01 dt=1.0477839406582269e-06
cycle=5335 time=1.5662144526302016e-01 dt=1.0475837265332684e-06
cycle=5336 time=1.5662249284674670e-01 dt=1.0458595738990101e-06
cycle=5337 time=1.5662353870632059e-01 dt=1.0425532696710235e-06
cycle=5338 time=1.5662458125959025e-01 dt=1.0377992638740605e-06
cycle=5339 time=1.5662561905885414e-01 dt=1.0318540550571452e-06
cycle=5340 time=1.5662665091290920e-01 dt=1.0250354976208371e-06
cycle=5341 time=1.5662767594840682e-01 dt=1.0176753301908167e-06
cycle=5342 time=1.5662869362373702e-01 dt=1.0100828405152780e-06
cycle=5343 time=1.5662970370657753e-01 dt=1.0025230917664119e-06
cycle=5344 time=1.5663070622966929e-01 dt=9.9520277871615528e-07
cycle=5345 time=1.5663170143244801e-01 dt=9.8826447859153819e-07
cycle=5346 time=1.5663268969692659e-01 dt=9.8179061426943854e-07
cycle=5347 time=1.5663367148754087e-01 dt=9.7581310604389213e-07
cycle=5348 time=1.5663464730064691e-01 dt=9.7031704508204483e-07
cycle=5349 time=1.5663561761769199e-01 dt=9.6541111423698032e-07
cycle=5350 time=1.5663658302880623e-01 dt=9.6097289510820489e-07
cycle=5351 time=1.5663754400170135e-01 dt=9.5682986297041960e-07
cycle=5352 time=1.5663850083156433e-01 dt=9.5285057231784644e-07
cycle=5353 time=1.5663945368213664e-01 dt=9.4894011998692233e-07
cycle=5354 time=1.5664040262225662e-01 dt=9.4503819569596982e-07
cycle=5355 time=1.5664134766045232e-01 dt=9.4111691410792018e-07
cycle=5356 time=1.5664228877736644e-01 dt=9.3717003474896055e-07
cycle=5357 time=1.5664322594740118e-01 dt=9.3320209330782605e-07
cycle=5358 time=1.5664415914949448e-01 dt=9.2922288215261536e-07
cycle=5359 time=1.5664508837237662e-01 dt=9.2524676011670606e-07
cycle=5360 time=1.5664601361913674e-01 dt=9.2129039190052747e-07
cycle=5361 time=1.5664693490952863e-01 dt=9.1737780948031138e-07
cycle=5362 time=1.5664785228733810e-01 dt=9.1352422443242209e-07
cycle=5363 time=1.5664876581156253e-01 dt=9.0974004424118908e-07
cycle=5364 time=1.5664967555160678e-01 dt=9.0607443992450652e-07
cycle=5365 time=1.5665058162604670e-01 dt=9.0259123790590388e-07
cycle=5366 time=1.5665148421728461e-01 dt=8.9931310149882882e-07
cycle=5367 time=1.5665238353038610e-01 dt=8.9628432109152528e-07
cycle=5368 time=1.5665327981470720e-01 dt=8.9353525366958471e-07
cycle=5369 time=1.5665417334996087e-01 dt=8.9107988759082880e-07
cycle=5370 time=1.5665506442984847e-01 dt=8.8891749113766265e-07
cycle=5371 time=1.5665595334733962e-01 dt=8.8703400935132455e-07
cycle=5372 time=1.5665684038134897e-01 dt=8.8540451165070594e-07
cycle=5373 time=1.5665772578586062e-01 dt=8.8400297486140785e-07
cycle=5374 time=1.5665860978883547e-01 dt=8.8280675120196280e-07
cycle=5375 time=1.5665949259558667e-01 dt=8.8177209415391548e-07
cycle=5376 time=1.5666037436768082e-01 dt=8.8086816594273426e-07
cycle=5377 time=1.5666125523584676e-01 dt=8.8006384059826145e-07
cycle=5378 time=1.5666213529968737e-01 dt=8.7933303060641212e-07
cycle=5379 time=1.5666301463271798e-01 dt=8.7859321660678550e-07
cycle=5380 time=1.5666389322593458e-01 dt=8.7778465440103951e-07
cycle=5381 time=1.5666477101058898e-01 dt=8.7691972202604647e-07
cycle=5382 time=1.5666564793031101e-01 dt=8.7603236457428097e-07
cycle=5383 time=1.5666652396267558e-01 dt=8.7513994513110466e-07
cycle=5384 time=1.5666739910262070e-01 dt=8.7425325956643592e-07
cycle=5385 time=1.5666827335588027e-01 dt=8.7338408004385898e-07
cycle=5386 time=1.5666914673996030e-01 dt=8.7253165203916421e-07
cycle=5387 time=1.5667001927161234e-01 dt=8.7168067185110668e-07
cycle=5388 time=1.5667089095228418e-01 dt=8.7081175954950307e-07
cycle=5389 time=1.5667176176404374e-01 dt=8.6990246960308204e-07
cycle=5390 time=1.5667263166651335e-01 dt=8.6892898128119021e-07
cycle=5391 time=1.5667350059549462e-01 dt=8.6786293244620911e-07
cycle=5392 time=1.5667436845842705e-01 dt=8.6666840189593421e-07
cycle=5393 time=1.5667523512682896e-01 dt=8.6526085406138986e-07
cycle=5394 time=1.5667610038768301e-01 dt=8.6357969005403149e-07
cycle=5395 time=1.5667696396737307e-01 dt=8.6159973552099020e-07
cycle=5396 time=1.5667782556710860e-01 dt=8.5932922161605393e-07
cycle=5397 time=1.5667868489633022e-01 dt=8.5683569489651300e-07
cycle=5398 time=1.5667954173202511e-01 dt=8.5412187097560644e-07
cycle=5399 time=1.5668039585389609e-01 dt=8.5120895905897254e-07
cycle=5400 time=1.5668124706285516e-01 dt=8.4813311651724145e-07
cycle=5401 time=1.5668209519597168e-01 dt=8.4493359658963346e-07
cycle=5402 time=1.5668294012956827e-01 dt=8.4164956970310410e-07
cycle=5403 time=1.5668378177913797e-01 dt=8.3831779719405234e-07
cycle=5404 time=1.5668462009693515e-01 dt=8.3497014423016157e-07
cycle=5405 time=1.5668545506707937e-01 dt=8.3112011881690292e-07
cycle=5406 time=1.5668628618719818e-01 dt=8.2856361350389707e-07
cycle=5407 time=1.5668711475081168e-01 dt=8.2799506450365483e-07
cycle=5408 time=1.5668794274587619e-01 dt=8.2899083590352732e-07
cycle=5409 time=1.5668877173671208e-01 dt=8.3141450655865845e-07
cycle=5410 time=1.5668960315121863e-01 dt=8.3522502249609438e-07
cycle=5411 time=1.5669043837624114e-01 dt=8.4082018630772084e-07
cycle=5412 time=1.5669127919642745e-01 dt=8.4812538771852170e-07
cycle=5413 time=1.5669212732181517e-01 dt=8.5700890473052644e-07
cycle=5414 time=1.5669298433071990e-01 dt=8.6736413927034442e-07
cycle=5415 time=1.5669385169485917e-01 dt=8.7899805624165936e-07
cycle=5416 time=1.5669473069291540e-01 dt=8.9170381810239353e-07
cycle=5417 time=1.5669562239673349e-01 dt=9.0526964296656807e-07
cycle=5418 time=1.5669652766637646e-01 dt=8.9170068904278727e-07
cycle=5419 time=1.5669741936706549e-01 dt=8.7085542123620685e-07
cycle=5420 time=1.5669829022248674e-01 dt=8.5002442633177073e-07
cycle=5421 time=1.5669914024691306e-01 dt=8.3202745414965304e-07
cycle=5422 time=1.5669997227436722e-01 dt=8.1998442917288296e-07
cycle=5423 time=1.5670079225879638e-01 dt=8.1298614460868171e-07
cycle=5424 time=1.5670160524494098e-01 dt=8.0901656722830043e-07
cycle=5425 time=1.5670241426150822e-01 dt=8.0659181112653685e-07
cycle=5426 time=1.5670322085331934e-01 dt=8.0495850118550947e-07
cycle=5427 time=1.5670402581182052e-01 dt=8.0372421969360204e-07
cycle=5428 time=1.5670482953604023e-01 dt=8.0436780567252317e-07
cycle=5429 time=1.5670563390384590e-01 dt=8.0950550199805975e-07
cycle=5430 time=1.5670644340934789e-01 dt=8.1504687635700367e-07
cycle=5431 time=1.5670725845622424e-01 dt=8.1502207646058069e-07
cycle=5432 time=1.5670807347830071e-01 dt=8.1414460169785030e-07
cycle=5433 time=1.5670888762290242e-01 dt=8.1277008317364745e-07
cycle=5434 time=1.5670970039298560e-01 dt=8.1123878641108790e-07
cycle=5435 time=1.5671051163177202e-01 dt=8.0984582859417103e-07
cycle=5436 time=1.5671132147760061e-01 dt=8.0879600896121798e-07
cycle=5437 time=1.5671213027360958e-01 dt=8.0820648823902960e-07
cycle=5438 time=1.5671293848009782e-01 dt=8.0811143111112914e-07
cycle=5439 time=1.5671374659152892e-01 dt=8.0847959011567595e-07
cycle=5440 time=1.5671455507111903e-01 dt=8.0923626113536915e-07
cycle=5441 time=1.5671536430738017e-01 dt=8.1028135231336885e-07
cycle=5442 time=1.5671617458873249e-01 dt=8.1150818504282929e-07
cycle=5443 time=1.5671698609691753e-01 dt=8.1281838622990122e-07
cycle=5444 time=1.5671779891530377e-01 dt=8.1413209758623133e-07
cycle=5445 time=1.5671861304740137e-01 dt=8.1539390682357308e-07
cycle=5446 time=1.5671942844130818e-01 dt=8.1657558591468028e-07
cycle=5447 time=1.5672024501689411e-01 dt=8.1766683819775944e-07
cycle=5448 time=1.5672106268373232e-01 dt=8.1867705774381191e-07
cycle=5449 time=1.5672188136079007e-01 dt=8.1963046531044597e-07
cycle=5450 time=1.5672270099125538e-01 dt=8.2055939905863366e-07
cycle=5451 time=1.5672352155065444e-01 dt=8.2149997523353747e-07
cycle=5452 time=1.5672434305062968e-01 dt=8.2248627394186234e-07
cycle=5453 time=1.5672516553690363e-01 dt=8.2354668972167302e-07
cycle=5454 time=1.5672598908359336e-01 dt=8.2470076352143828e-07
cycle=5455 time=1.5672681378435688e-01 dt=8.2596025732372323e-07
cycle=5456 time=1.5672763974461421e-01 dt=8.2732949383192521e-07
cycle=5457 time=1.5672846707410804e-01 dt=8.2880693484331221e-07
cycle=5458 time=1.5672929588104287e-01 dt=8.3036662688035489e-07
cycle=5459 time=1.5673012624766974e-01 dt=8.3200180195915852e-07
cycle=5460 time=1.5673095824947170e-01 dt=8.3370914530874678e-07
cycle=5461 time=1.5673179195861700e-01 dt=8.3548531566704795e-07
cycle=5462 time=1.5673262744393265e-01 dt=8.3733458922156065e-07
cycle=5463 time=1.5673346477852187e-01 dt=8.3926613382007033e-07
cycle=5464 time=1.5673430404465569e-01 dt=8.4128674348159591e-07
cycle=5465 time=1.5673514533139918e-01 dt=8.4340385373276592e-07
cycle=5466 time=1.5673598873525291e-01 dt=8.4562558403092724e-07
cycle=5467 time=1.5673683436083694e-01 dt=8.4795964590094873e-07
cycle=5468 time=1.5673768232048282e-01 dt=8.5041090802713863e-07
cycle=5469 time=1.5673853273139085e-01 dt=8.5240526610865731e-07
cycle=5470 time=1.5673938513665697e-01 dt=8.5387614732044968e-07
cycle=5471 time=1.5674023901280429e-01 dt=8.5492755017671982e-07
cycle=5472 time=1.5674109394035446e-01 dt=8.5570139706230044e-07
cycle=5473 time=1.5674194964175153e-01 dt=8.5635460268086407e-07
cycle=5474 time=1.5674280599635421e-01 dt=8.5703459937904528e-07
cycle=5475 time=1.5674366303095358e-01 dt=8.5786329897117212e-07
cycle=5476 time=1.5674452089425256e-01 dt=8.5892728370327284e-07
cycle=5477 time=1.5674537982153627e-01 dt=8.6027415555971228e-07
cycle=5478 time=1.5674624009569182e-01 dt=8.6191535577156280e-07
cycle=5479 time=1.5674710201104761e-01 dt=8.6383262438644964e-07
cycle=5480 time=1.5674796584367198e-01 dt=8.6598381283468277e-07
cycle=5481 time=1.5674883182748481e-01 dt=8.6831337560416069e-07
cycle=5482 time=1.5674970014086040e-01 dt=8.7076844730828462e-07
cycle=5483 time=1.5675057090930772e-01 dt=8.7329384606287767e-07
cycle=5484 time=1.5675144420315379e-01 dt=8.7583312084855805e-07
cycle=5485 time=1.5675232003627465e-01 dt=8.7834611307374926e-07
cycle=5486 time=1.5675319838238772e-01 dt=8.8081042442801762e-07
cycle=5487 time=1.5675407919281215e-01 dt=8.8322203031213095e-07
cycle=5488 time=1.5675496241484246e-01 dt=8.8559410018832076e-07
cycle=5489 time=1.5675584800894266e-01 dt=8.8795057838941788e-07
cycle=5490 time=1.5675673595952105e-01 dt=8.9032155416085052e-07
cycle=5491 time=1.5675762628107520e-01 dt=8.9273878430501394e-07
cycle=5492 time=1.5675851901985952e-01 dt=8.9520317382548495e-07
cycle=5493 time=1.5675941422303333e-01 dt=8.9773726277247071e-07
cycle=5494 time=1.5676031196029611e-01 dt=9.0036522146924824e-07
cycle=5495 time=1.5676121232551757e-01 dt=9.0310527555336118e-07
cycle=5496 time=1.5676211543079313e-01 dt=9.0596887407340011e-07
cycle=5497 time=1.5676302139966719e-01 dt=9.0381053631543002e-07
cycle=5498 time=1.5676392521020352e-01 dt=8.8032353015706816e-07
cycle=5499 time=1.5676480553373368e-01 dt=8.5634685555594731e-07
cycle=5500 time=1.5676566188058924e-01 dt=8.3316803990081988e-07
cycle=5501 time=1.5676649504862913e-01 dt=8.1176785084090123e-07
cycle=5502 time=1.5676730681647996e-01 dt=7.9289108221529397e-07
cycle=5503 time=1.5676809970756217e-01 dt=7.7755392734867437e-07
cycle=5504 time=1.5676887726148953e-01 dt=7.6688811553580371e-07
cycle=5505 time=1.5676964414960506e-01 dt=7.5889251559847082e-07
cycle=5506 time=1.5677040304212067e-01 dt=7.5199899401380284e-07
cycle=5507 time=1.5677115504111469e-01 dt=7.4606205627605454e-07
cycle=5508 time=1.5677190110317096e-01 dt=7.4098188313144862e-07
cycle=5509 time=1.5677264208505409e-01 dt=7.3666295786474204e-07
cycle=5510 time=1.5677337874801195e-01 dt=7.3301460977152458e-07
cycle=5511 time=1.5677411176262171e-01 dt=7.2995138221929241e-07
cycle=5512 time=1.5677484171400394e-01 dt=7.2739303772380750e-07
cycle=5513 time=1.5677556910704166e-01 dt=7.2526438546288015e-07
cycle=5514 time=1.5677629437142712e-01 dt=7.2349470352385906e-07
cycle=5515 time=1.5677701786613066e-01 dt=7.2204728063467513e-07
cycle=5516 time=1.5677773991341129e-01 dt=7.2092548333064064e-07
cycle=5517 time=1.5677846083889463e-01 dt=7.2007179713586892e-07
cycle=5518 time=1.5677918091069176e-01 dt=7.1943421125290927e-07
cycle=5519 time=1.5677990034490302e-01 dt=7.1896587566996368e-07
cycle=5520 time=1.5678061931077869e-01 dt=7.1862211205080339e-07
cycle=5521 time=1.5678133793289073e-01 dt=7.1835586055769512e-07
cycle=5522 time=1.5678205628875128e-01 dt=7.1813109429390453e-07
cycle=5523 time=1.5678277441984556e-01 dt=7.1791817988210861e-07
cycle=5524 time=1.5678349233802544e-01 dt=7.1772732889371363e-07
cycle=5525 time=1.5678421006535434e-01 dt=7.1775536783507328e-07
cycle=5526 time=1.5678492782072218e-01 dt=7.1806432526253842e-07
cycle=5527 time=1.5678564588504743e-01 dt=7.1849764070846979e-07
cycle=5528 time=1.5678636438268814e-01 dt=7.1872518651090961e-07
cycle=5529 time=1.5678708310787465e-01 dt=7.1866722231671102e-07
cycle=5530 time=1.5678780177509696e-01 dt=7.1829653924798129e-07
cycle=5531 time=1.5678852007163621e-01 dt=7.1760408143428152e-07
cycle=5532 time=1.5678923767571765e-01 dt=7.1659194738796032e-07
cycle=5533 time=1.5678995426766504e-01 dt=7.1527081656512150e-07
cycle=5534 time=1.5679066953848161e-01 dt=7.1365844611359874e-07
cycle=5535 time=1.5679138319692773e-01 dt=7.1177830913549286e-07
cycle=5536 time=1.5679209497523686e-01 dt=7.0965821565656054e-07
cycle=5537 time=1.5679280463345252e-01 dt=7.0732893599807197e-07
cycle=5538 time=1.5679351196238853e-01 dt=7.0482286740521120e-07
cycle=5539 time=1.5679421678525593e-01 dt=7.0217283422051100e-07
cycle=5540 time=1.5679491895809014e-01 dt=6.9941107600487391e-07
cycle=5541 time=1.5679561836916614e-01 dt=6.9656829876692355e-07
cycle=5542 time=1.5679631493746490e-01 dt=6.9367287783538423e-07
cycle=5543 time=1.5679700861034274e-01 dt=6.9075034454462153e-07
cycle=5544 time=1.5679769936068727e-01 dt=6.8782300698083951e-07
cycle=5545 time=1.5679838718369424e-01 dt=6.8492599542130991e-07
cycle=5546 time=1.5679907210968966e-01 dt=6.8207905559701756e-07
cycle=5547 time=1.5679975418874526e-01 dt=6.7929674150551618e-07
cycle=5548 time=1.5680043348548675e-01 dt=6.7658958792923584e-07
cycle=5549 time=1.5680111007507469e-01 dt=6.7396318475532341e-07
cycle=5550 time=1.5680178403825945e-01 dt=6.7142074675952822e-07
cycle=5551 time=1.5680245545900620e-01 dt=6.6896300640275085e-07
cycle=5552 time=1.5680312442201261e-01 dt=6.6658825867372098e-07
cycle=5553 time=1.5680379101027128e-01 dt=6.6429258764995352e-07
cycle=5554 time=1.5680445530285894e-01 dt=6.6207063876977421e-07
cycle=5555 time=1.5680511737349770e-01 dt=6.5991613532928480e-07
cycle=5556 time=1.5680577728963302e-01 dt=6.5782228861690663e-07
cycle=5557 time=1.5680643511192163e-01 dt=6.5578212847428975e-07
cycle=5558 time=1.5680709089405009e-01 dt=6.5378876727091735e-07
cycle=5559 time=1.5680774468281736e-01 dt=6.5183559889075140e-07
cycle=5560 time=1.5680839651841624e-01 dt=6.4991644866195981e-07
cycle=5561 time=1.5680904643486490e-01 dt=6.4802567879602140e-07
cycle=5562 time=1.5680969446054369e-01 dt=6.4615825684309767e-07
cycle=5563 time=1.5681034061880053e-01 dt=6.4430979312422423e-07
cycle=5564 time=1.5681098492859366e-01 dt=6.4247654337085392e-07
cycle=5565 time=1.5681162740513704e-01 dt=6.4065541370227259e-07
cycle=5566 time=1.5681226806055074e-01 dt=6.3884393677909133e-07
cycle=5567 time=1.5681290690448751e-01 dt=6.3704021754255868e-07
cycle=5568 time=1.5681354394470506e-01 dt=6.3524283954188641e-07
cycle=5569 time=1.5681417918754462e-01 dt=6.3345085614145660e-07
cycle=5570 time=1.5681481263840075e-01 dt=6.3166373227689101e-07
cycle=5571 time=1.5681544430213301e-01 dt=6.2988128583028359e-07
cycle=5572 time=1.5681607418341884e-01 dt=6.2810362783205518e-07
cycle=5573 time=1.5681670228704667e-01 dt=6.2633110396776723e-07
cycle=5574 time=1.5681732861815065e-01 dt=6.2456423750262585e-07
cycle=5575 time=1.5681795318238814e-01 dt=6.2280368303427668e-07
cycle=5576 time=1.5681857598607118e-01 dt=6.2105018872827619e-07
cycle=5577 time=1.5681919703625991e-01 dt=6.1930454710909374e-07
cycle=5578 time=1.5681981634080702e-01 dt=6.1756755866751064e-07
cycle=5579 time=1.5682043390836570e-01 dt=6.1584000303205135e-07
cycle=5580 time=1.5682104974836872e-01 dt=6.1412261264364715e-07
cycle=5581 time=1.5682166387098137e-01 dt=6.1241608201597351e-07
cycle=5582 time=1.5682227628706338e-01 dt=6.1072102639023122e-07
cycle=5583 time=1.5682288700808977e-01 dt=6.0903796328462750e-07
cycle=5584 time=1.5682349604605306e-01 dt=6.0736732404543638e-07
cycle=5585 time=1.5682410341337710e-01 dt=6.0570943609938831e-07
cycle=5586 time=1.5682470912281321e-01 dt=6.0406453356597042e-07
cycle=5587 time=1.5682531318734677e-01 dt=6.0243276139441357e-07
cycle=5588 time=1.5682591562010817e-01 dt=6.0081417989828650e-07
cycle=5589 time=1.5682651643428808e-01 dt=5.9920877661019638e-07
cycle=5590 time=1.5682711564306467e-01 dt=5.9761658368219167e-07
cycle=5591 time=1.5682771325964837e-01 dt=5.9603374691135325e-07
cycle=5592 time=1.5682830929339528e-01 dt=5.9445621828793115e-07
cycle=5593 time=1.5682890374961356e-01 dt=5.9288097800906696e-07
cycle=5594 time=1.5682949663059156e-01 dt=5.9130621713059306e-07
cycle=5595 time=1.5683008793680869e-01 dt=5.8973033417208668e-07
cycle=5596 time=1.5683067766714287e-01 dt=5.8815753745339181e-07
cycle=5597 time=1.5683126582468032e-01 dt=5.8658947649391504e-07
cycle=5598 time=1.5683185241415681e-01 dt=5.8502488931657304e-07
cycle=5599 time=1.5683243743904612e-01 dt=5.8345600288771939e-07
cycle=5600 time=1.5683302089504902e-01 dt=5.8191683023492761e-07
cycle=5601 time=1.5683360281187925e-01 dt=5.8041487678271938e-07
cycle=5602 time=1.5683418322675602e-01 dt=5.7891939817650836e-07
cycle=5603 time=1.5683476214615419e-01 dt=5.7743364600098642e-07
cycle=5604 time=1.5683533957980020e-01 dt=5.7595992678989515e-07
cycle=5605 time=1.5683591553972698e-01 dt=5.7449971103829116e-07
cycle=5606 time=1.5683649003943800e-01 dt=5.7305466315880273e-07
cycle=5607 time=1.5683706309410117e-01 dt=5.7162590611627339e-07
cycle=5608 time=1.5683763472000728e-01 dt=5.7021419634530939e-07
cycle=5609 time=1.5683820493420361e-01 dt=5.6881979808402873e-07
cycle=5610 time=1.5683877375400171e-01 dt=5.6744259702802387e-07
cycle=5611 time=1.5683934119659873e-01 dt=5.6608217394139177e-07
cycle=5612 time=1.5683990727877267e-01 dt=5.6473786664503454e-07
cycle=5613 time=1.5684047201663931e-01 dt=5.6340886300689436e-07
cycle=5614 time=1.5684103542550232e-01 dt=5.6209424018763585e-07
cycle=5615 time=1.5684159751974250e-01 dt=5.6079300552198673e-07
cycle=5616 time=1.5684215831274803e-01 dt=5.5950414495630041e-07
cycle=5617 time=1.5684271781689299e-01 dt=5.5822665621936336e-07
cycle=5618 time=1.5684327604354922e-01 dt=5.5695957586404521e-07
cycle=5619 time=1.5684383300312510e-01 dt=5.5570199255164297e-07
cycle=5620 time=1.5684438870511766e-01 dt=5.5445306454977313e-07
cycle=5621 time=1.5684494315818220e-01 dt=5.5321203523057273e-07
cycle=5622 time=1.5684549637021744e-01 dt=5.5197824072188215e-07
cycle=5623 time=1.5684604834845817e-01 dt=5.5075110490132465e-07
cycle=5624 time=1.5684659909956306e-01 dt=5.4953015823458918e-07
cycle=5625 time=1.5684714862972129e-01 dt=5.5883556676831055e-07
cycle=5626 time=1.5684770746528806e-01 dt=5.9274349518988697e-07
cycle=5627 time=1.5684830020878326e-01 dt=6.7427939647309242e-07
cycle=5628 time=1.5684897448817975e-01 dt=8.5741285610324049e-07
cycle=5629 time=1.5684983190103585e-01 dt=1.0927295353899791e-06
cycle=5630 time=1.5685092463057124e-01 dt=1.0628046120333632e-06
cycle=5631 time=1.5685198743518328e-01 dt=1.0015592827221275e-06
cycle=5632 time=1.5685298899446601e-01 dt=9.1902524301646166e-07
cycle=5633 time=1.5685390801970903e-01 dt=8.2518388609380852e-07
cycle=5634 time=1.5685473320359511e-01 dt=7.3114813846207744e-07
cycle=5635 time=1.5685546435173356e-01 dt=6.5123115729776327e-07
cycle=5636 time=1.5685611558289086e-01 dt=6.0902120970980607e-07
cycle=5637 time=1.5685672460410058e-01 dt=5.8659316925988180e-07
cycle=5638 time=1.5685731119726984e-01 dt=5.6896064614256903e-07
cycle=5639 time=1.5685788015791599e-01 dt=5.5555830803474898e-07
cycle=5640 time=1.5685843571622402e-01 dt=5.4587187644037040e-07
cycle=5641 time=1.5685898158810047e-01 dt=5.3944862630072165e-07
cycle=5642 time=1.5685952103672676e-01 dt=5.3588610609082313e-07
cycle=5643 time=1.5686005692283286e-01 dt=5.3482172514204793e-07
cycle=5644 time=1.5686059174455799e-01 dt=5.3592313723953985e-07
cycle=5645 time=1.5686112766769522e-01 dt=5.3888034992156678e-07
cycle=5646 time=1.5686166654804515e-01 dt=5.4340015425806445e-07
cycle=5647 time=1.5686220994819941e-01 dt=5.4920212457426319e-07
cycle=5648 time=1.5686275915032399e-01 dt=5.5601648881313251e-07
cycle=5649 time=1.5686331516681282e-01 dt=5.6358366332255112e-07
cycle=5650 time=1.5686387875047614e-01 dt=5.7165501397998254e-07
cycle=5651 time=1.5686445040549013e-01 dt=5.7999362963806021e-07
cycle=5652 time=1.5686503039911978e-01 dt=5.8841022628813582e-07
cycle=5653 time=1.5686561880934607e-01 dt=5.9674203507053429e-07
cycle=5654 time=1.5686621555138114e-01 dt=6.0482002775374998e-07
cycle=5655 time=1.5686682037140889e-01 dt=6.1248219436946630e-07
cycle=5656 time=1.5686743285360327e-01 dt=6.1959531879123383e-07
cycle=5657 time=1.5686805244892207e-01 dt=6.2605462907473253e-07
cycle=5658 time=1.5686867850355116e-01 dt=6.3237590682441254e-07
cycle=5659 time=1.5686931087945799e-01 dt=6.3905501264395904e-07
cycle=5660 time=1.5686994993447065e-01 dt=6.4595820678809645e-07
cycle=5661 time=1.5687059589267743e-01 dt=6.5136607101368030e-07
cycle=5662 time=1.5687124725874846e-01 dt=6.4920870221445474e-07
cycle=5663 time=1.5687189646745067e-01 dt=6.3999908372266085e-07
cycle=5664 time=1.5687253646653440e-01 dt=6.3888338593363520e-07
cycle=5665 time=1.5687317534992035e-01 dt=6.5305583687945179e-07
cycle=5666 time=1.5687382840575723e-01 dt=6.5421225943817525e-07
cycle=5667 time=1.5687448261801668e-01 dt=6.5323494992145939e-07
cycle=5668 time=1.5687513585296659e-01 dt=6.5157004574390765e-07
cycle=5669 time=1.5687578742301234e-01 dt=6.4964049260635354e-07
cycle=5670 time=1.5687643706350493e-01 dt=6.4779917413720021e-07
cycle=5671 time=1.5687708486267907e-01 dt=6.4633363710310043e-07
cycle=5672 time=1.5687773119631618e-01 dt=6.4533227325340267e-07
cycle=5673 time=1.5687837652858944e-01 dt=6.4455866016340325e-07
cycle=5674 time=1.5687902108724960e-01 dt=6.4396894687326588e-07
cycle=5675 time=1.5687966505619647e-01 dt=6.4356945818656581e-07
cycle=5676 time=1.5688030862565466e-01 dt=6.4336063505246965e-07
cycle=5677 time=1.5688095198628971e-01 dt=6.4333793387460578e-07
cycle=5678 time=1.5688159532422358e-01 dt=6.4349303558162682e-07
cycle=5679 time=1.5688223881725916e-01 dt=6.4381461457179483e-07
cycle=5680 time=1.5688288263187372e-01 dt=6.4428908265965731e-07
cycle=5681 time=1.5688352692095639e-01 dt=6.4490127560356596e-07
cycle=5682 time=1.5688417182223199e-01 dt=6.4563507463128781e-07
cycle=5683 time=1.5688481745730662e-01 dt=6.4647395917249186e-07
cycle=5684 time=1.5688546393126579e-01 dt=6.4740148937094351e-07
cycle=5685 time=1.5688611133275515e-01 dt=6.4840172213477661e-07
cycle=5686 time=1.5688675973447730e-01 dt=6.4945953878028046e-07
cycle=5687 time=1.5688740919401609e-01 dt=6.5056092212701733e-07
cycle=5688 time=1.5688805975493822e-01 dt=6.5169315972745911e-07
cycle=5689 time=1.5688871144809793e-01 dt=6.5284498463044359e-07
cycle=5690 time=1.5688936429308256e-01 dt=6.5400665735508544e-07
cycle=5691 time=1.5689001829973992e-01 dt=6.5516999528730139e-07
cycle=5692 time=1.5689067346973520e-01 dt=6.5632835585052136e-07
cycle=5693 time=1.5689132979809106e-01 dt=6.5747658019665269e-07
cycle=5694 time=1.5689198727467127e-01 dt=6.5861090616509371e-07
cycle=5695 time=1.5689264588557744e-01 dt=6.5972885520628140e-07
cycle=5696 time=1.5689330561443265e-01 dt=6.6082910646614638e-07
cycle=5697 time=1.5689396644353912e-01 dt=6.6191135143334879e-07
cycle=5698 time=1.5689462835489054e-01 dt=6.6297614667529407e-07
cycle=5699 time=1.5689529133103722e-01 dt=6.6402476504708006e-07
cycle=5700 time=1.5689595535580225e-01 dt=6.6505905256804708e-07
cycle=5701 time=1.5689662041485483e-01 dt=6.6608129182151784e-07
cycle=5702 time=1.5689728649614665e-01 dt=6.6709407486364669e-07
cycle=5703 time=1.5689795359022152e-01 dt=6.6810018809454471e-07
cycle=5704 time=1.5689862169040961e-01 dt=6.6910251015223244e-07
cycle=5705 time=1.5689929079291975e-01 dt=6.7010392533831755e-07
cycle=5706 time=1.5689996089684510e-01 dt=6.7110724813385699e-07
cycle=5707 time=1.5690063200409324e-01 dt=6.7211516448343203e-07
cycle=5708 time=1.5690130411925773e-01 dt=6.7313018428043913e-07
cycle=5709 time=1.5690197724944202e-01 dt=6.7415460623242279e-07
cycle=5710 time=1.5690265140404824e-01 dt=6.7519049787415076e-07
cycle=5711 time=1.5690332659454612e-01 dt=6.7623969074988532e-07
cycle=5712 time=1.5690400283423686e-01 dt=6.7730376104854986e-07
cycle=5713 time=1.5690468013799791e-01 dt=6.7838404129217201e-07
cycle=5714 time=1.5690535852203921e-01 dt=6.7948162945671432e-07
cycle=5715 time=1.5690603800366867e-01 dt=6.8059740270221646e-07
cycle=5716 time=1.5690671860107139e-01 dt=6.8173203334220800e-07
cycle=5717 time=1.5690740033310474e-01 dt=6.8288600927754678e-07
cycle=5718 time=1.5690808321911401e-01 dt=6.8405966019783750e-07
cycle=5719 time=1.5690876727877420e-01 dt=6.8525317932426382e-07
cycle=5720 time=1.5690945253195351e-01 dt=6.8646664615478462e-07
cycle=5721 time=1.5691013899859968e-01 dt=6.8770005338610639e-07
cycle=5722 time=1.5691082669865306e-01 dt=6.8895333130816170e-07
cycle=5723 time=1.5691151565198436e-01 dt=6.9022636314784049e-07
cycle=5724 time=1.5691220587834750e-01 dt=6.9151899990570973e-07
cycle=5725 time=1.5691289739734740e-01 dt=6.9283107401743302e-07
cycle=5726 time=1.5691359022842141e-01 dt=6.9416241314709202e-07
cycle=5727 time=1.5691428439083455e-01 dt=6.9551285266896871e-07
cycle=5728 time=1.5691497990368722e-01 dt=6.9688224484032012e-07
cycle=5729 time=1.5691567678593205e-01 dt=6.9827046623001409e-07
cycle=5730 time=1.5691637505639827e-01 dt=6.9967742355230338e-07
cycle=5731 time=1.5691707473382183e-01 dt=7.0110305861831936e-07
cycle=5732 time=1.5691777583688044e-01 dt=7.0254739348262097e-07
cycle=5733 time=1.5691847838427392e-01 dt=6.9934899488139334e-07
cycle=5734 time=1.5691917773326880e-01 dt=6.8226735497339466e-07
cycle=5735 time=1.5691986000062377e-01 dt=6.6458006921118339e-07
cycle=5736 time=1.5692052458069297e-01 dt=6.4757035437007365e-07
cycle=5737 time=1.5692117215104734e-01 dt=6.3181679848426799e-07
cycle=5738 time=1.5692180396784583e-01 dt=6.2124564606179800e-07
cycle=5739 time=1.5692242521349190e-01 dt=6.1463253897311845e-07
cycle=5740 time=1.5692303984603087e-01 dt=6.0948183741853721e-07
cycle=5741 time=1.5692364932786829e-01 dt=6.0543006620321471e-07
cycle=5742 time=1.5692425475793448e-01 dt=6.0224313755339026e-07
cycle=5743 time=1.5692485700107203e-01 dt=5.9963955071292238e-07
cycle=5744 time=1.5692545664062274e-01 dt=5.9721382526732936e-07
cycle=5745 time=1.5692605385444799e-01 dt=5.9501053299865968e-07
cycle=5746 time=1.5692664886498101e-01 dt=5.9306198109960878e-07
cycle=5747 time=1.5692724192696211e-01 dt=5.9138943211737935e-07
cycle=5748 time=1.5692783331639423e-01 dt=5.9000366224976335e-07
cycle=5749 time=1.5692842332005649e-01 dt=5.8890659806960249e-07
cycle=5750 time=1.5692901222665456e-01 dt=5.8809284942992960e-07
cycle=5751 time=1.5692960031950398e-01 dt=5.8755095417617963e-07
cycle=5752 time=1.5693018787045815e-01 dt=5.8726340857495718e-07
cycle=5753 time=1.5693077513386672e-01 dt=5.8720684965131183e-07
cycle=5754 time=1.5693136234071636e-01 dt=5.8749231956372888e-07
cycle=5755 time=1.5693194983303593e-01 dt=5.8810024900545699e-07
cycle=5756 time=1.5693253793328493e-01 dt=5.8899602752853753e-07
cycle=5757 time=1.5693312692931247e-01 dt=5.9014951330005666e-07
cycle=5758 time=1.5693371707882578e-01 dt=5.9142913756814586e-07
cycle=5759 time=1.5693430850796336e-01 dt=5.9268937256921296e-07
cycle=5760 time=1.5693490119733594e-01 dt=5.9414962900382233e-07
cycle=5761 time=1.5693549534696494e-01 dt=5.9587390886299845e-07
cycle=5762 time=1.5693609122087379e-01 dt=5.9758270474538206e-07
cycle=5763 time=1.5693668880357853e-01 dt=5.9897413197477661e-07
cycle=5764 time=1.5693728777771052e-01 dt=5.9991335660217237e-07
cycle=5765 time=1.5693788769106712e-01 dt=6.0034547468051198e-07
cycle=5766 time=1.5693848803654181e-01 dt=6.0025645782830041e-07
cycle=5767 time=1.5693908829299963e-01 dt=5.9966116477060294e-07
cycle=5768 time=1.5693968795416441e-01 dt=6.0854672035050641e-07
cycle=5769 time=1.5694029650088476e-01 dt=6.4266195532269039e-07
cycle=5770 time=1.5694093916284008e-01 dt=7.2264222437387689e-07
cycle=5771 time=1.5694166180506444e-01 dt=8.9273099725204179e-07
cycle=5772 time=1.5694255453606171e-01 dt=1.2579883027162527e-06
cycle=5773 time=1.5694381252436443e-01 dt=1.2660659685164074e-06
cycle=5774 time=1.5694507859033294e-01 dt=1.1955229428776534e-06
cycle=5775 time=1.5694627411327580e-01 dt=1.0941069827373961e-06
cycle=5776 time=1.5694736822025854e-01 dt=9.8116101449701506e-07
cycle=5777 time=1.5694834938127303e-01 dt=8.7583116040260069e-07
cycle=5778 time=1.5694922521243343e-01 dt=8.0209794600571067e-07
cycle=5779 time=1.5695002731037944e-01 dt=7.7128088132061005e-07
cycle=5780 time=1.5695079859126077e-01 dt=7.5208205341125216e-07
cycle=5781 time=1.5695155067331418e-01 dt=7.3855821556621807e-07
cycle=5782 time=1.5695228923152973e-01 dt=7.2993773408468971e-07
cycle=5783 time=1.5695301916926382e-01 dt=7.2552761015601656e-07
cycle=5784 time=1.5695374469687398e-01 dt=7.2470091483731478e-07
cycle=5785 time=1.5695446939778882e-01 dt=7.2688534563160480e-07
cycle=5786 time=1.5695519628313445e-01 dt=7.3155312901824544e-07
cycle=5787 time=1.5695592783626347e-01 dt=7.3821431836971774e-07
cycle=5788 time=1.5695666605058184e-01 dt=7.4641318020735305e-07
cycle=5789 time=1.5695741246376205e-01 dt=7.5572788550765581e-07
cycle=5790 time=1.5695816819164757e-01 dt=7.6577264269415124e-07
cycle=5791 time=1.5695893396429025e-01 dt=7.7620050514772679e-07
cycle=5792 time=1.5695971016479540e-01 dt=7.8672504733240795e-07
cycle=5793 time=1.5696049688984273e-01 dt=7.9712739376775438e-07
cycle=5794 time=1.5696129401723649e-01 dt=8.0717776657447405e-07
cycle=5795 time=1.5696210119500306e-01 dt=8.1670225245623033e-07
cycle=5796 time=1.5696291789725553e-01 dt=8.2558656933751983e-07
cycle=5797 time=1.5696374348382486e-01 dt=7.9892237269112090e-07
cycle=5798 time=1.5696454240619756e-01 dt=7.6777210102801445e-07
cycle=5799 time=1.5696531017829859e-01 dt=7.3892734724440048e-07
cycle=5800 time=1.5696604910564585e-01 dt=7.1065191167875066e-07
cycle=5801 time=1.5696675975755753e-01 dt=6.8408607787951977e-07
cycle=5802 time=1.5696744384363540e-01 dt=6.5999946357233571e-07
cycle=5803 time=1.5696810384309898e-01 dt=6.4179426897850136e-07
cycle=5804 time=1.5696874563736796e-01 dt=6.2841321449170428e-07
cycle=5805 time=1.5696937405058245e-01 dt=6.1654261966345334e-07
cycle=5806 time=1.5696999059320210e-01 dt=6.0538852584059861e-07
cycle=5807 time=1.5697059598172794e-01 dt=5.9619036899859404e-07
cycle=5808 time=1.5697119217209693e-01 dt=5.8873334370029614e-07
cycle=5809 time=1.5697178090544062e-01 dt=5.8285054385368133e-07
cycle=5810 time=1.5697236375598447e-01 dt=5.7829003180069271e-07
cycle=5811 time=1.5697294204601628e-01 dt=5.7492782807355119e-07
cycle=5812 time=1.5697351697384435e-01 dt=5.7274396608310089e-07
cycle=5813 time=1.5697408971781043e-01 dt=5.7170566014649229e-07
cycle=5814 time=1.5697466142347058e-01 dt=5.7177128318529914e-07
cycle=5815 time=1.5697523319475376e-01 dt=5.7289242999822580e-07
cycle=5816 time=1.5697580608718376e-01 dt=5.7502207005083258e-07
cycle=5817 time=1.5697638110925380e-01 dt=5.7797249790458046e-07
cycle=5818 time=1.5697695908175172e-01 dt=5.8169586241953849e-07
cycle=5819 time=1.5697754077761414e-01 dt=5.8622089770820985e-07
cycle=5820 time=1.5697812699851185e-01 dt=5.9154204869419107e-07
cycle=5821 time=1.5697871854056056e-01 dt=5.9762229124971937e-07
cycle=5822 time=1.5697931616285180e-01 dt=6.0442959150366301e-07
cycle=5823 time=1.5697992059244331e-01 dt=6.1242666230064873e-07
cycle=5824 time=1.5698053301910561e-01 dt=6.2054282246994070e-07
cycle=5825 time=1.5698115356192807e-01 dt=6.2878881141806125e-07
cycle=5826 time=1.5698178235073948e-01 dt=6.3730983768584557e-07
cycle=5827 time=1.5698241966057716e-01 dt=6.4601539792573140e-07
cycle=5828 time=1.5698306567597509e-01 dt=6.5469955530410741e-07
cycle=5829 time=1.5698372037553038e-01 dt=6.5922227350955213e-07
cycle=5830 time=1.5698437959780390e-01 dt=6.5882302752086993e-07
cycle=5831 time=1.5698503842083142e-01 dt=6.5733535906203509e-07
cycle=5832 time=1.5698569575619048e-01 dt=6.5478019984437869e-07
cycle=5833 time=1.5698635053639032e-01 dt=6.5123065208613724e-07
cycle=5834 time=1.5698700176704242e-01 dt=6.4679963747195411e-07
cycle=5835 time=1.5698764856667988e-01 dt=6.4162615328228382e-07
cycle=5836 time=1.5698829019283317e-01 dt=6.3586368090689021e-07
cycle=5837 time=1.5698892605651407e-01 dt=6.2966817204899782e-07
cycle=5838 time=1.5698955572468612e-01 dt=6.2319408393401555e-07
cycle=5839 time=1.5699017891877004e-01 dt=6.1659534009509330e-07
cycle=5840 time=1.5699079551411013e-01 dt=6.1002952097219871e-07
cycle=5841 time=1.5699140554363111e-01 dt=6.0368025848093832e-07
cycle=5842 time=1.5699200922388959e-01 dt=5.9765941505589492e-07
cycle=5843 time=1.5699260688330466e-01 dt=5.9195852282801992e-07
cycle=5844 time=1.5699319884182750e-01 dt=5.8692761945806310e-07
cycle=5845 time=1.5699378576944695e-01 dt=5.8228223705704392e-07
cycle=5846 time=1.5699436805168401e-01 dt=5.7794045484433843e-07
cycle=5847 time=1.5699494599213887e-01 dt=5.7388848152364112e-07
cycle=5848 time=1.5699551988062038e-01 dt=5.7012039462655443e-07
cycle=5849 time=1.5699609000101500e-01 dt=5.6663214418749565e-07
cycle=5850 time=1.5699665663315918e-01 dt=5.6342303588487615e-07
cycle=5851 time=1.5699722005619507e-01 dt=5.6049100983185832e-07
cycle=5852 time=1.5699778054720490e-01 dt=5.5783334308469156e-07
cycle=5853 time=1.5699833838054797e-01 dt=5.5544108966208392e-07
cycle=5854 time=1.5699889382163762e-01 dt=5.5330221160482201e-07
cycle=5855 time=1.5699944712384922e-01 dt=5.5140050131242719e-07
cycle=5856 time=1.5699999852435054e-01 dt=5.4971739954862516e-07
cycle=5857 time=1.5700054824175008e-01 dt=5.4823316854406306e-07
cycle=5858 time=1.5700109647491864e-01 dt=5.4692759286895007e-07
cycle=5859 time=1.5700164340251152e-01 dt=5.4578044115927027e-07
cycle=5860 time=1.5700218918295267e-01 dt=5.4477173203506590e-07
cycle=5861 time=1.5700273395468470e-01 dt=5.4388196816440509e-07
cycle=5862 time=1.5700327783665285e-01 dt=5.4309231827043498e-07
cycle=5863 time=1.5700382092897114e-01 dt=5.4238475817908772e-07
cycle=5864 time=1.5700436331372933e-01 dt=5.4174217010508938e-07
cycle=5865 time=1.5700490505589942e-01 dt=5.4114841083761654e-07
cycle=5866 time=1.5700544620431026e-01 dt=5.4058833435312549e-07
cycle=5867 time=1.5700598679264460e-01 dt=5.4004772129506934e-07
cycle=5868 time=1.5700652684036590e-01 dt=5.3951307629263864e-07
cycle=5869 time=1.5700706635344219e-01 dt=5.3893519778848161e-07
cycle=5870 time=1.5700760528863997e-01 dt=5.3827201198386752e-07
cycle=5871 time=1.5700814356065196e-01 dt=5.3756362506966414e-07
cycle=5872 time=1.5700868112427702e-01 dt=5.3683100704870579e-07
cycle=5873 time=1.5700921795528405e-01 dt=5.3610620803505394e-07
cycle=5874 time=1.5700975406149209e-01 dt=5.3542596099839840e-07
cycle=5875 time=1.5701028948745308e-01 dt=5.3480253786804004e-07
cycle=5876 time=1.5701082428999094e-01 dt=5.3423324332412330e-07
cycle=5877 time=1.5701135852323428e-01 dt=5.3370941757576210e-07
cycle=5878 time=1.5701189223265186e-01 dt=5.3321866586477763e-07
cycle=5879 time=1.5701242545131772e-01 dt=5.3274643000173289e-07
cycle=5880 time=1.5701295819774772e-01 dt=5.3227747852205850e-07
cycle=5881 time=1.5701349047522623e-01 dt=5.3191999594700882e-07
cycle=5882 time=1.5701402239522216e-01 dt=5.3156603889050412e-07
cycle=5883 time=1.5701455396126104e-01 dt=5.4203998898485967e-07
cycle=5884 time=1.5701509600125002e-01 dt=5.7760707827282501e-07
cycle=5885 time=1.5701567360832830e-01 dt=6.5957619976716521e-07
cycle=5886 time=1.5701633318452807e-01 dt=8.3794972343663088e-07
cycle=5887 time=1.5701717113425151e-01 dt=1.2387603641810269e-06
cycle=5888 time=1.5701840989461568e-01 dt=1.8441940870475739e-06
cycle=5889 time=1.5702025408870274e-01 dt=1.7625877820950365e-06
cycle=5890 time=1.5702201667648483e-01 dt=1.5114373283430072e-06
cycle=5891 time=1.5702352811381318e-01 dt=1.2606182840445928e-06
cycle=5892 time=1.5702478873209721e-01 dt=1.0326185670013387e-06
cycle=5893 time=1.5702582135066423e-01 dt=8.4632530890894138e-07
cycle=5894 time=1.5702666767597315e-01 dt=7.5657325322498100e-07
cycle=5895 time=1.5702742424922636e-01 dt=7.1919510901919713e-07
cycle=5896 time=1.5702814344433538e-01 dt=6.9133534965465531e-07
cycle=5897 time=1.5702883477968504e-01 dt=6.7140359019645271e-07
cycle=5898 time=1.5702950618327524e-01 dt=6.5807182025308302e-07
cycle=5899 time=1.5703016425509550e-01 dt=6.2858750487387488e-07
cycle=5900 time=1.5703079284260038e-01 dt=6.0111230469242678e-07
cycle=5901 time=1.5703139395490506e-01 dt=5.8273592842009863e-07
cycle=5902 time=1.5703197669083349e-01 dt=5.7030296907063041e-07
cycle=5903 time=1.5703254699380256e-01 dt=5.6221095930036597e-07
cycle=5904 time=1.5703310920476185e-01 dt=5.5678546846073470e-07
cycle=5905 time=1.5703366599023030e-01 dt=5.5207857166293717e-07
cycle=5906 time=1.5703421806880197e-01 dt=5.4819943512238648e-07
cycle=5907 time=1.5703476626823709e-01 dt=5.4527573705526304e-07
cycle=5908 time=1.5703531154397415e-01 dt=5.4340458037734762e-07
cycle=5909 time=1.5703585494855454e-01 dt=5.4265220600506585e-07
cycle=5910 time=1.5703639760076055e-01 dt=5.4305513525011658e-07
cycle=5911 time=1.5703694065589580e-01 dt=5.4462231347125206e-07
cycle=5912 time=1.5703748527820927e-01 dt=5.4733748287687132e-07
cycle=5913 time=1.5703803261569213e-01 dt=5.5116158106084681e-07
cycle=5914 time=1.5703858377727320e-01 dt=5.5603492829629352e-07
cycle=5915 time=1.5703913981220149e-01 dt=5.6187992742262317e-07
cycle=5916 time=1.5703970169212891e-01 dt=5.6862149073532770e-07
cycle=5917 time=1.5704027031361964e-01 dt=5.7613155867557791e-07
cycle=5918 time=1.5704084644517832e-01 dt=5.8428557482501998e-07
cycle=5919 time=1.5704143073075313e-01 dt=5.9294398340424961e-07
cycle=5920 time=1.5704202367473655e-01 dt=6.0195244835095148e-07
cycle=5921 time=1.5704262562718491e-01 dt=6.1114481030025114e-07
cycle=5922 time=1.5704323677199522e-01 dt=6.2063348078456971e-07
cycle=5923 time=1.5704385740547600e-01 dt=6.3042739474790202e-07
cycle=5924 time=1.5704448783287075e-01 dt=6.4193418724671854e-07
cycle=5925 time=1.5704512976705801e-01 dt=6.5539430891043284e-07
cycle=5926 time=1.5704578516136691e-01 dt=6.6803078043444506e-07
cycle=5927 time=1.5704645319214736e-01 dt=6.7819088950458579e-07
cycle=5928 time=1.5704713138303686e-01 dt=6.8438720402588101e-07
cycle=5929 time=1.5704781577024088e-01 dt=6.8747395056089827e-07
cycle=5930 time=1.5704850324419145e-01 dt=6.8796542134800057e-07
cycle=5931 time=1.5704919120961280e-01 dt=6.8607346168072614e-07
cycle=5932 time=1.5704987728307448e-01 dt=6.8215464731061421e-07
cycle=5933 time=1.5705055943772178e-01 dt=6.7667721896584336e-07
cycle=5934 time=1.5705123611494073e-01 dt=6.7014512910670653e-07
cycle=5935 time=1.5705190626006985e-01 dt=6.6305497418182641e-07
cycle=5936 time=1.5705256931504402e-01 dt=6.5586134669141321e-07
cycle=5937 time=1.5705322517639073e-01 dt=6.4894823342397768e-07
cycle=5938 time=1.5705387412462415e-01 dt=6.4265422968135467e-07
cycle=5939 time=1.5705451677885385e-01 dt=6.3721228028852778e-07
cycle=5940 time=1.5705515399113415e-01 dt=6.3292313405825222e-07
cycle=5941 time=1.5705578691426822e-01 dt=6.2978934627403854e-07
cycle=5942 time=1.5705641670361450e-01 dt=6.2731172547529791e-07
cycle=5943 time=1.5705704401533999e-01 dt=6.2529587227464263e-07
cycle=5944 time=1.5705766931121226e-01 dt=6.2362461916897364e-07
cycle=5945 time=1.5705829293583143e-01 dt=6.2221064180181304e-07
cycle=5946 time=1.5705891514647324e-01 dt=6.2098668859261681e-07
cycle=5947 time=1.5705953613316184e-01 dt=6.1992307448497003e-07
cycle=5948 time=1.5706015605623633e-01 dt=6.1899740200289232e-07
cycle=5949 time=1.5706077505363833e-01 dt=6.1816663624918265e-07
cycle=5950 time=1.5706139322027457e-01 dt=6.1741764797440539e-07
cycle=5951 time=1.5706201063792255e-01 dt=6.1674723577622479e-07
cycle=5952 time=1.5706262738515833e-01 dt=6.1613509086208868e-07
cycle=5953 time=1.5706324352024920e-01 dt=6.1560934078038086e-07
cycle=5954 time=1.5706385912958998e-01 dt=6.1521987713501277e-07
cycle=5955 time=1.5706447434946710e-01 dt=6.1490999229329200e-07
cycle=5956 time=1.5706508925945939e-01 dt=6.1460348655861553e-07
cycle=5957 time=1.5706570386294594e-01 dt=6.1423930289244782e-07
cycle=5958 time=1.5706631810224883e-01 dt=6.1377507178189288e-07
cycle=5959 time=1.5706693187732063e-01 dt=6.1318417008778573e-07
cycle=5960 time=1.5706754506149070e-01 dt=6.1245313215055988e-07
cycle=5961 time=1.5706815751462286e-01 dt=6.1157944557387115e-07
cycle=5962 time=1.5706876909406844e-01 dt=6.1056945378530041e-07
cycle=5963 time=1.5706937966352222e-01 dt=6.0943629293422470e-07
cycle=5964 time=1.5706998909981515e-01 dt=6.0819788134073012e-07
cycle=5965 time=1.5707059729769648e-01 dt=6.0687504751994204e-07
cycle=5966 time=1.5707120417274401e-01 dt=6.0548978172107317e-07
cycle=5967 time=1.5707180966252574e-01 dt=6.0406374699803685e-07
cycle=5968 time=1.5707241372627273e-01 dt=6.0261708472467511e-07
cycle=5969 time=1.5707301634335746e-01 dt=6.0116767005428411e-07
cycle=5970 time=1.5707361751102752e-01 dt=5.9973032986370061e-07
cycle=5971 time=1.5707421724135739e-01 dt=5.9831656019682980e-07
cycle=5972 time=1.5707481555791758e-01 dt=5.9693456817153792e-07
cycle=5973 time=1.5707541249248574e-01 dt=5.9558949987712409e-07
cycle=5974 time=1.5707600808198563e-01 dt=5.9428381966048785e-07
cycle=5975 time=1.5707660236580528e-01 dt=5.9301776113489331e-07
cycle=5976 time=1.5707719538356643e-01 dt=5.9178981195082496e-07
cycle=5977 time=1.5707778717337839e-01 dt=5.9059718207594683e-07
cycle=5978 time=1.5707837777056047e-01 dt=5.8943622269670453e-07
cycle=5979 time=1.5707896720678316e-01 dt=5.8830278410245327e-07
cycle=5980 time=1.5707955550956726e-01 dt=5.8719251024504981e-07
cycle=5981 time=1.5708014270207751e-01 dt=5.8610106882856810e-07
cycle=5982 time=1.5708072880314633e-01 dt=5.8502433056668353e-07
cycle=5983 time=1.5708131382747689e-01 dt=5.8395850438337036e-07
cycle=5984 time=1.5708189778598128e-01 dt=5.8290023399687589e-07
cycle=5985 time=1.5708248068621528e-01 dt=5.8184666049800714e-07
cycle=5986 time=1.5708306253287577e-01 dt=5.8079545466268823e-07
cycle=5987 time=1.5708364332833044e-01 dt=5.7974482260177350e-07
cycle=5988 time=1.5708422307315303e-01 dt=5.7869348839627404e-07
cycle=5989 time=1.5708480176664144e-01 dt=5.7764065759429799e-07
cycle=5990 time=1.5708537940729903e-01 dt=5.7658596589931778e-07
cycle=5991 time=1.5708595599326491e-01 dt=5.7552941931100956e-07
cycle=5992 time=1.5708653152268423e-01 dt=5.7447132715179289e-07
cycle=5993 time=1.5708710599401138e-01 dt=5.7341223206502565e-07
cycle=5994 time=1.5708767940624344e-01 dt=5.7235284087336322e-07
cycle=5995 time=1.5708825175908431e-01 dt=5.7129395984556466e-07
cycle=5996 time=1.5708882305304414e-01 dt=5.7023651931405205e-07
cycle=5997 time=1.5708939328956345e-01 dt=5.6918128909869139e-07
cycle=5998 time=1.5708996247085255e-01 dt=5.6812904853530516e-07
cycle=5999 time=1.5709053059990108e-01 dt=5.6708049566644374e-07
cycle=6000 time=1.5709109768039675e-01 dt=5.6603623392287755e-07
cycle=6001 time=1.5709166371663066e-01 dt=5.6499676116734025e-07
cycle=6002 time=1.5709222871339182e-01 dt=5.6396246557909834e-07
cycle=6003 time=1.5709279267585741e-01 dt=5.6293362752702268e-07
cycle=6004 time=1.5709335560948492e-01 dt=5.6191045288675390e-07
cycle=6005 time=1.5709391751993781e-01 dt=5.6089013255886746e-07
cycle=6006 time=1.5709447841007038e-01 dt=5.5987054776809426e-07
cycle=6007 time=1.5709503828061813e-01 dt=5.5885034769282546e-07
cycle=6008 time=1.5709559713096583e-01 dt=5.5782885691807195e-07
cycle=6009 time=1.5709615495982274e-01 dt=5.5680506278556986e-07
cycle=6010 time=1.5709671176488552e-01 dt=5.5577553894989338e-07
cycle=6011 time=1.5709726754042447e-01 dt=5.5474225508271047e-07
cycle=6012 time=1.5709782228267954e-01 dt=5.5370323468233879e-07
cycle=6013 time=1.5709837598591422e-01 dt=5.5265088816381729e-07
cycle=6014 time=1.5709892863680239e-01 dt=5.5546171372462911e-07
cycle=6015 time=1.5709948409851612e-01 dt=5.7433564138559106e-07
cycle=6016 time=1.5710005843415750e-01 dt=6.2048215350519913e-07
cycle=6017 time=1.5710067891631102e-01 dt=7.1682836094971433e-07
cycle=6018 time=1.5710139574467197e-01 dt=9.1632813719128325e-07
cycle=6019 time=1.5710231207280917e-01 dt=1.3410917349193491e-06
cycle=6020 time=1.5710365316454408e-01 dt=2.2092142395924598e-06
cycle=6021 time=1.5710586237878368e-01 dt=2.2193655089067802e-06
cycle=6022 time=1.5710808174429258e-01 dt=1.8779790663948969e-06
cycle=6023 time=1.5710995972335898e-01 dt=1.4620933575862862e-06
cycle=6024 time=1.5711142181671656e-01 dt=1.1181481809601714e-06
cycle=6025 time=1.5711253996489752e-01 dt=9.6344273858874590e-07
cycle=6026 time=1.5711350340763611e-01 dt=8.7658159092781885e-07
cycle=6027 time=1.5711437998922703e-01 dt=7.3444915469492575e-07
cycle=6028 time=1.5711511443838172e-01 dt=6.6029204584809290e-07
cycle=6029 time=1.5711577473042757e-01 dt=6.3708660692796972e-07
cycle=6030 time=1.5711641181703451e-01 dt=6.3522168288336511e-07
cycle=6031 time=1.5711704703871740e-01 dt=6.4198864073906540e-07
cycle=6032 time=1.5711768902735815e-01 dt=6.5183847694635844e-07
cycle=6033 time=1.5711834086583509e-01 dt=6.6229894790193539e-07
cycle=6034 time=1.5711900316478300e-01 dt=6.7224225072030258e-07
cycle=6035 time=1.5711967540703373e-01 dt=6.8596155403220383e-07
cycle=6036 time=1.5712036136858776e-01 dt=7.0160989540384560e-07
cycle=6037 time=1.5712106297848316e-01 dt=7.1653056635904674e-07
cycle=6038 time=1.5712177950904951e-01 dt=7.2909937420508075e-07
cycle=6039 time=1.5712250860842372e-01 dt=7.4369881411781064e-07
cycle=6040 time=1.5712325230723784e-01 dt=7.5866991268301100e-07
cycle=6041 time=1.5712401097715051e-01 dt=7.6774304007726130e-07
cycle=6042 time=1.5712477872019059e-01 dt=7.5908978322966955e-07
cycle=6043 time=1.5712553780997382e-01 dt=7.5190221032607658e-07
cycle=6044 time=1.5712628971218415e-01 dt=7.4634271040346073e-07
cycle=6045 time=1.5712703605489456e-01 dt=7.4245616597931557e-07
cycle=6046 time=1.5712777851106055e-01 dt=7.4019049170399634e-07
cycle=6047 time=1.5712851870155226e-01 dt=7.2739353519161057e-07
cycle=6048 time=1.5712924609508744e-01 dt=7.1038336853911257e-07
cycle=6049 time=1.5712995647845598e-01 dt=6.9247214604285977e-07
cycle=6050 time=1.5713064895060203e-01 dt=6.8185600365597646e-07
cycle=6051 time=1.5713133080660568e-01 dt=6.7811411290107012e-07
cycle=6052 time=1.5713200892071857e-01 dt=6.7770473162121576e-07
cycle=6053 time=1.5713268662545019e-01 dt=6.7884478802723329e-07
cycle=6054 time=1.5713336547023821e-01 dt=6.8063450060396837e-07
cycle=6055 time=1.5713404610473880e-01 dt=6.8312962372926123e-07
cycle=6056 time=1.5713472923436253e-01 dt=6.8652327818592835e-07
cycle=6057 time=1.5713541575764073e-01 dt=6.9033825417375858e-07
cycle=6058 time=1.5713610609589490e-01 dt=6.9406726642140313e-07
cycle=6059 time=1.5713680016316131e-01 dt=6.9731135616425555e-07
cycle=6060 time=1.5713749747451747e-01 dt=6.9981578800251902e-07
cycle=6061 time=1.5713819729030548e-01 dt=7.0146648719997776e-07
cycle=6062 time=1.5713889875679268e-01 dt=7.0227320603285052e-07
cycle=6063 time=1.5713960102999872e-01 dt=7.0234250907994548e-07
cycle=6064 time=1.5714030337250778e-01 dt=7.0184155470098389e-07
cycle=6065 time=1.5714100521406249e-01 dt=7.0096069047295732e-07
cycle=6066 time=1.5714170617475295e-01 dt=6.9988949243496154e-07
cycle=6067 time=1.5714240606424540e-01 dt=6.9879422412822670e-07
cycle=6068 time=1.5714310485846952e-01 dt=6.9780356081526096e-07
cycle=6069 time=1.5714380266203035e-01 dt=6.9700269204017539e-07
cycle=6070 time=1.5714449966472238e-01 dt=6.9643448213946435e-07
cycle=6071 time=1.5714519609920452e-01 dt=6.9610575903323834e-07
cycle=6072 time=1.5714589220496356e-01 dt=6.9599648328063931e-07
cycle=6073 time=1.5714658820144684e-01 dt=6.9606975609503633e-07
cycle=6074 time=1.5714728427120292e-01 dt=6.9628101619263188e-07
cycle=6075 time=1.5714798055221912e-01 dt=6.9658542356465121e-07
cycle=6076 time=1.5714867713764269e-01 dt=6.9694308566728627e-07
cycle=6077 time=1.5714937408072835e-01 dt=6.9732216218698158e-07
cycle=6078 time=1.5715007140289053e-01 dt=6.9770014384213678e-07
cycle=6079 time=1.5715076910303438e-01 dt=6.9806370536796232e-07
cycle=6080 time=1.5715146716673975e-01 dt=6.9840755103385212e-07
cycle=6081 time=1.5715216557429079e-01 dt=6.9873267797117720e-07
cycle=6082 time=1.5715286430696876e-01 dt=6.9904422368435552e-07
cycle=6083 time=1.5715356335119243e-01 dt=6.9934960682771422e-07
cycle=6084 time=1.5715426270079927e-01 dt=6.9965711424713268e-07
cycle=6085 time=1.5715496235791351e-01 dt=6.9997463452797413e-07
cycle=6086 time=1.5715566233254805e-01 dt=7.0030887253297419e-07
cycle=6087 time=1.5715636264142058e-01 dt=7.0066501581799725e-07
cycle=6088 time=1.5715706330643639e-01 dt=7.0104604539761812e-07
cycle=6089 time=1.5715776435248180e-01 dt=7.0145332247252861e-07
cycle=6090 time=1.5715846580580428e-01 dt=7.0188685275404499e-07
cycle=6091 time=1.5715916769265703e-01 dt=7.0234565763547520e-07
cycle=6092 time=1.5715987003831466e-01 dt=7.0282825817689455e-07
cycle=6093 time=1.5716057286657284e-01 dt=7.0333487933082937e-07
cycle=6094 time=1.5716127620145218e-01 dt=7.0386286535872419e-07
cycle=6095 time=1.5716198006431753e-01 dt=7.0440984692890473e-07
cycle=6096 time=1.5716268447416445e-01 dt=7.0497406800944810e-07
cycle=6097 time=1.5716338944823247e-01 dt=7.0555487770156729e-07
cycle=6098 time=1.5716409500311015e-01 dt=7.0615114240333202e-07
cycle=6099 time=1.5716480115425255e-01 dt=7.0676383774346364e-07
cycle=6100 time=1.5716550791809028e-01 dt=7.0739449707620601e-07
cycle=6101 time=1.5716621531258734e-01 dt=7.0803712384760472e-07
cycle=6102 time=1.5716692334971119e-01 dt=7.0868652444669354e-07
cycle=6103 time=1.5716763203623563e-01 dt=7.0934607396957308e-07
cycle=6104 time=1.5716834138230959e-01 dt=7.1001994143312003e-07
cycle=6105 time=1.5716905140225101e-01 dt=7.1071258109183535e-07
cycle=6106 time=1.5716976211483211e-01 dt=7.1142848440861808e-07
cycle=6107 time=1.5717047354331651e-01 dt=7.1217221583101539e-07
cycle=6108 time=1.5717118571553235e-01 dt=7.1294805286881166e-07
cycle=6109 time=1.5717189866358522e-01 dt=7.1375269387401431e-07
cycle=6110 time=1.5717261241627908e-01 dt=7.1458133490116519e-07
cycle=6111 time=1.5717332699761399e-01 dt=7.1542916713655356e-07
cycle=6112 time=1.5717404242678112e-01 dt=7.1629191733041361e-07
cycle=6113 time=1.5717475871869846e-01 dt=7.1716299792224621e-07
cycle=6114 time=1.5717547588169639e-01 dt=7.1803138935991953e-07
cycle=6115 time=1.5717619391308574e-01 dt=7.1887576232995403e-07
cycle=6116 time=1.5717691278884807e-01 dt=7.1965564807042413e-07
cycle=6117 time=1.5717763244449615e-01 dt=7.2035568439786237e-07
cycle=6118 time=1.5717835280018055e-01 dt=7.2099630053994855e-07
cycle=6119 time=1.5717907379648111e-01 dt=7.2159692445303109e-07
cycle=6120 time=1.5717979539340557e-01 dt=7.2217539542103355e-07
cycle=6121 time=1.5718051756880100e-01 dt=7.2274769116807376e-07
cycle=6122 time=1.5718124031649217e-01 dt=7.2332776803840072e-07
cycle=6123 time=1.5718196364426021e-01 dt=7.2400887992360599e-07
cycle=6124 time=1.5718268765314014e-01 dt=7.2479966261010891e-07
cycle=6125 time=1.5718341245280276e-01 dt=7.2562675591864678e-07
cycle=6126 time=1.5718413807955869e-01 dt=7.2651484912629412e-07
cycle=6127 time=1.5718486459440781e-01 dt=7.2747276713606898e-07
cycle=6128 time=1.5718559206717495e-01 dt=7.2859711507494909e-07
cycle=6129 time=1.5718632066429003e-01 dt=7.2990500320287713e-07
cycle=6130 time=1.5718705056929325e-01 dt=7.3137045835523078e-07
cycle=6131 time=1.5718778193975161e-01 dt=7.3296793014003566e-07
cycle=6132 time=1.5718851490768174e-01 dt=7.3467300693385557e-07
cycle=6133 time=1.5718924958068867e-01 dt=7.3646295914929607e-07
cycle=6134 time=1.5718998604364781e-01 dt=7.3831713132447702e-07
cycle=6135 time=1.5719072436077913e-01 dt=7.4021720810854619e-07
cycle=6136 time=1.5719146457798724e-01 dt=7.4214735865768329e-07
cycle=6137 time=1.5719220672534590e-01 dt=7.4409428098656140e-07
cycle=6138 time=1.5719295081962689e-01 dt=7.4604716842478346e-07
cycle=6139 time=1.5719369686679532e-01 dt=7.4799760254970941e-07
cycle=6140 time=1.5719444486439788e-01 dt=7.4993938978953176e-07
cycle=6141 time=1.5719519480378766e-01 dt=7.5186835824876251e-07
cycle=6142 time=1.5719594667214590e-01 dt=7.5378212536036746e-07
cycle=6143 time=1.5719670045427125e-01 dt=7.5567984810316891e-07
cycle=6144 time=1.5719745613411937e-01 dt=7.5756196739135977e-07
cycle=6145 time=1.5719821369608675e-01 dt=7.5942997253557054e-07
cycle=6146 time=1.5719897312605929e-01 dt=7.6128615673642981e-07
cycle=6147 time=1.5719973441221602e-01 dt=7.6313338534726173e-07
cycle=6148 time=1.5720049754560136e-01 dt=7.6496567081411340e-07
cycle=6149 time=1.5720126251127217e-01 dt=7.6677642812234952e-07
cycle=6150 time=1.5720202928770030e-01 dt=7.6858880095852331e-07
cycle=6151 time=1.5720279787650127e-01 dt=7.7040689594780180e-07
cycle=6152 time=1.5720356828339721e-01 dt=7.7223447890374817e-07
cycle=6153 time=1.5720434051787610e-01 dt=7.7407491808197108e-07
cycle=6154 time=1.5720511459279418e-01 dt=7.7593115212057195e-07
cycle=6155 time=1.5720589052394629e-01 dt=7.7780567617453848e-07
cycle=6156 time=1.5720666832962246e-01 dt=7.7970054987273331e-07
cycle=6157 time=1.5720744803017234e-01 dt=7.8161741838859588e-07
cycle=6158 time=1.5720822964759074e-01 dt=7.8355754427229488e-07
cycle=6159 time=1.5720901320513500e-01 dt=7.8552184592411081e-07
cycle=6160 time=1.5720979872698093e-01 dt=7.8751094074787404e-07
cycle=6161 time=1.5721058623792167e-01 dt=7.8952519070258622e-07
cycle=6162 time=1.5721137576311237e-01 dt=7.9156473603554304e-07
cycle=6163 time=1.5721216732784840e-01 dt=7.9362950665132525e-07
cycle=6164 time=1.5721296095735504e-01 dt=7.9571929576978192e-07
cycle=6165 time=1.5721375667665080e-01 dt=7.9783382923978106e-07
cycle=6166 time=1.5721455451048005e-01 dt=7.9997279718106734e-07
cycle=6167 time=1.5721535448327723e-01 dt=8.0213588109830500e-07
cycle=6168 time=1.5721615661915833e-01 dt=7.8634475806734805e-07
cycle=6169 time=1.5721694296391639e-01 dt=7.6475695588859462e-07
cycle=6170 time=1.5721770772087229e-01 dt=7.4544243338167831e-07
cycle=6171 time=1.5721845316330568e-01 dt=7.3145847578235599e-07
cycle=6172 time=1.5721918462178147e-01 dt=7.2247853459031655e-07
cycle=6173 time=1.5721990710031605e-01 dt=7.1716668723597613e-07
cycle=6174 time=1.5722062426700328e-01 dt=7.1320080696096573e-07
cycle=6175 time=1.5722133746781025e-01 dt=7.1000632467759041e-07
cycle=6176 time=1.5722204747413493e-01 dt=7.0746678555598460e-07
cycle=6177 time=1.5722275494092047e-01 dt=7.0547029740609205e-07
cycle=6178 time=1.5722346041121787e-01 dt=7.0391208280889734e-07
cycle=6179 time=1.5722416432330069e-01 dt=7.0269491115008177e-07
cycle=6180 time=1.5722486701821184e-01 dt=7.0173033395134835e-07
cycle=6181 time=1.5722556874854579e-01 dt=7.0093863729070987e-07
cycle=6182 time=1.5722626968718309e-01 dt=7.0024979684343950e-07
cycle=6183 time=1.5722696993697993e-01 dt=6.9966824840873190e-07
cycle=6184 time=1.5722766960522835e-01 dt=6.9900189213841130e-07
cycle=6185 time=1.5722836860712050e-01 dt=6.9805860490397528e-07
cycle=6186 time=1.5722906666572539e-01 dt=6.9691512212895490e-07
cycle=6187 time=1.5722976358084753e-01 dt=6.9559531467380698e-07
cycle=6188 time=1.5723045917616221e-01 dt=6.9409932077968422e-07
cycle=6189 time=1.5723115327548298e-01 dt=6.9242888273762761e-07
cycle=6190 time=1.5723184570436571e-01 dt=6.9059923106879492e-07
cycle=6191 time=1.5723253630359679e-01 dt=6.8863672723535667e-07
cycle=6192 time=1.5723322494032402e-01 dt=6.8657421176528248e-07
cycle=6193 time=1.5723391151453578e-01 dt=7.0490281908716581e-07
cycle=6194 time=1.5723461641735487e-01 dt=7.5186590599877079e-07
cycle=6195 time=1.5723536828326087e-01 dt=8.3792548393060044e-07
cycle=6196 time=1.5723620620874482e-01 dt=9.8182521432612002e-07
cycle=6197 time=1.5723718803395914e-01 dt=1.2193052444027187e-06
cycle=6198 time=1.5723840733920355e-01 dt=1.2233795255190368e-06
cycle=6199 time=1.5723963071872907e-01 dt=1.1530098969103943e-06
cycle=6200 time=1.5724078372862599e-01 dt=1.0666259003162692e-06
cycle=6201 time=1.5724185035452631e-01 dt=9.8373860055314221e-07
cycle=6202 time=1.5724283409312687e-01 dt=9.1895052277540879e-07
cycle=6203 time=1.5724375304364965e-01 dt=8.8925352260232170e-07
cycle=6204 time=1.5724464229717225e-01 dt=8.7549666543815426e-07
cycle=6205 time=1.5724551779383769e-01 dt=8.6649526520373489e-07
cycle=6206 time=1.5724638428910290e-01 dt=8.6152951399398950e-07
cycle=6207 time=1.5724724581861690e-01 dt=8.5995178454468097e-07
cycle=6208 time=1.5724810577040144e-01 dt=8.6117685718873940e-07
cycle=6209 time=1.5724896694725862e-01 dt=8.6467349738540852e-07
cycle=6210 time=1.5724983162075601e-01 dt=8.6995883426253934e-07
cycle=6211 time=1.5725070157959026e-01 dt=8.7660271990417105e-07
cycle=6212 time=1.5725157818231017e-01 dt=8.8420829561323667e-07
cycle=6213 time=1.5725246239060578e-01 dt=8.9242519490713834e-07
cycle=6214 time=1.5725335481580069e-01 dt=9.0095328464055170e-07
cycle=6215 time=1.5725425576908533e-01 dt=9.0954377079248730e-07
cycle=6216 time=1.5725516531285613e-01 dt=9.1540327916465197e-07
cycle=6217 time=1.5725608071613531e-01 dt=8.9511421381804791e-07
cycle=6218 time=1.5725697583034912e-01 dt=8.7394361196602628e-07
cycle=6219 time=1.5725784977396109e-01 dt=8.5523938585891980e-07
cycle=6220 time=1.5725870501334696e-01 dt=8.4190028188956745e-07
cycle=6221 time=1.5725954691362884e-01 dt=8.3338424629884303e-07
cycle=6222 time=1.5726038029787515e-01 dt=8.2814997628683901e-07
cycle=6223 time=1.5726120844785144e-01 dt=8.2439837484135108e-07
cycle=6224 time=1.5726203284622628e-01 dt=8.2135913107824442e-07
cycle=6225 time=1.5726285420535735e-01 dt=8.1887885657183159e-07
cycle=6226 time=1.5726367308421393e-01 dt=8.1683587876812291e-07
cycle=6227 time=1.5726448992009270e-01 dt=8.1512206103576768e-07
cycle=6228 time=1.5726530504215375e-01 dt=8.1363867449889577e-07
cycle=6229 time=1.5726611868082824e-01 dt=8.1234113514707496e-07
cycle=6230 time=1.5726693102196337e-01 dt=8.1109546691984890e-07
cycle=6231 time=1.5726774211743030e-01 dt=8.0968021019992492e-07
cycle=6232 time=1.5726855179764052e-01 dt=8.0810862183926764e-07
cycle=6233 time=1.5726935990626237e-01 dt=8.0641391778928002e-07
cycle=6234 time=1.5727016632018015e-01 dt=8.0458309864892410e-07
cycle=6235 time=1.5727097090327880e-01 dt=8.0259865024674919e-07
cycle=6236 time=1.5727177350192903e-01 dt=8.0046460173220527e-07
cycle=6237 time=1.5727257396653077e-01 dt=7.9820334190381177e-07
cycle=6238 time=1.5727337216987267e-01 dt=7.9584888149595678e-07
cycle=6239 time=1.5727416801875416e-01 dt=7.9343947518758280e-07
cycle=6240 time=1.5727496145822933e-01 dt=7.9101162157877459e-07
cycle=6241 time=1.5727575246985093e-01 dt=7.8859603217615116e-07
cycle=6242 time=1.5727654106588310e-01 dt=7.8621563002216138e-07
cycle=6243 time=1.5727732728151311e-01 dt=7.8388543211275164e-07
cycle=6244 time=1.5727811116694523e-01 dt=7.8161337596203449e-07
cycle=6245 time=1.5727889278032120e-01 dt=7.7940127955411507e-07
cycle=6246 time=1.5727967218160074e-01 dt=7.7724672770223493e-07
cycle=6247 time=1.5728044942832844e-01 dt=7.7514477605570703e-07
cycle=6248 time=1.5728122457310451e-01 dt=7.7308916956766311e-07
cycle=6249 time=1.5728199766227408e-01 dt=7.7107358254475749e-07
cycle=6250 time=1.5728276873585662e-01 dt=7.6909231624575311e-07
cycle=6251 time=1.5728353782817286e-01 dt=7.6714071812673565e-07
cycle=6252 time=1.5728430496889098e-01 dt=7.6521531916582743e-07
cycle=6253 time=1.5728507018421015e-01 dt=7.6331378706910772e-07
cycle=6254 time=1.5728583349799721e-01 dt=7.6143474818839810e-07
cycle=6255 time=1.5728659493274541e-01 dt=7.5957757926525735e-07
cycle=6256 time=1.5728735451032469e-01 dt=7.5774199297905694e-07
cycle=6257 time=1.5728811225231767e-01 dt=7.5592839266440874e-07
cycle=6258 time=1.5728886818071033e-01 dt=7.5413733696006751e-07
cycle=6259 time=1.5728962231804730e-01 dt=7.5236926932489611e-07
cycle=6260 time=1.5729037468731663e-01 dt=7.5062319719122609e-07
cycle=6261 time=1.5729112531051381e-01 dt=7.4889943851454881e-07
cycle=6262 time=1.5729187420995233e-01 dt=7.4719878365742362e-07
cycle=6263 time=1.5729262140873598e-01 dt=7.4552182706952180e-07
cycle=6264 time=1.5729336693056306e-01 dt=7.4386886018697225e-07
cycle=6265 time=1.5729411079942324e-01 dt=7.4223987992508988e-07
cycle=6266 time=1.5729485303930316e-01 dt=7.4063463947922829e-07
cycle=6267 time=1.5729559367394264e-01 dt=7.3905271408212582e-07
cycle=6268 time=1.5729633272665672e-01 dt=7.3749356943589300e-07
cycle=6269 time=1.5729707022022615e-01 dt=7.3595666686793662e-07
cycle=6270 time=1.5729780617689301e-01 dt=7.3444147262392362e-07
cycle=6271 time=1.5729854061836562e-01 dt=7.3294744224661782e-07
cycle=6272 time=1.5729927356580786e-01 dt=7.3147404754247927e-07
cycle=6273 time=1.5730000503985542e-01 dt=7.3002080409124617e-07
cycle=6274 time=1.5730073506065950e-01 dt=7.2858367752318120e-07
cycle=6275 time=1.5730146364433703e-01 dt=7.2716298761064002e-07
cycle=6276 time=1.5730219080732463e-01 dt=7.2576071924879636e-07
cycle=6277 time=1.5730291656804388e-01 dt=7.2437674925246573e-07
cycle=6278 time=1.5730364094479313e-01 dt=7.2301087206943209e-07
cycle=6279 time=1.5730436395566519e-01 dt=7.2165706790705277e-07
cycle=6280 time=1.5730508561273310e-01 dt=7.2031645936536353e-07
cycle=6281 time=1.5730580592919247e-01 dt=7.1899036018181678e-07
cycle=6282 time=1.5730652491955266e-01 dt=7.1767956077682852e-07
cycle=6283 time=1.5730724259911344e-01 dt=7.1638443638498580e-07
cycle=6284 time=1.5730795898354982e-01 dt=7.1510502138408078e-07
cycle=6285 time=1.5730867408857122e-01 dt=7.1384109420895545e-07
cycle=6286 time=1.5730938792966542e-01 dt=7.1259339181341603e-07
cycle=6287 time=1.5731010052305724e-01 dt=7.1136240335116913e-07
cycle=6288 time=1.5731081188546059e-01 dt=7.1014651477982781e-07
cycle=6289 time=1.5731152203197538e-01 dt=7.0894452907471049e-07
cycle=6290 time=1.5731223097650446e-01 dt=7.0775564242541854e-07
cycle=6291 time=1.5731293873214688e-01 dt=7.0657941223150798e-07
cycle=6292 time=1.5731364531155911e-01 dt=7.0541587185786822e-07
cycle=6293 time=1.5731435072743097e-01 dt=7.0426524164762539e-07
cycle=6294 time=1.5731505499267262e-01 dt=7.0312765309661886e-07
cycle=6295 time=1.5731575812032572e-01 dt=7.0200329384744746e-07
cycle=6296 time=1.5731646012361958e-01 dt=7.0089236714473928e-07
cycle=6297 time=1.5731716101598672e-01 dt=6.9979505652862926e-07
cycle=6298 time=1.5731786081104326e-01 dt=6.9871150519650084e-07
cycle=6299 time=1.5731855952254847e-01 dt=6.9764181381085295e-07
cycle=6300 time=1.5731925716436229e-01 dt=6.9658603150698413e-07
cycle=6301 time=1.5731995375039379e-01 dt=6.9554415772818600e-07
cycle=6302 time=1.5732064929455153e-01 dt=6.9451615657013156e-07
cycle=6303 time=1.5732134381070809e-01 dt=6.9350192516083060e-07
cycle=6304 time=1.5732203731263325e-01 dt=6.9250130030528951e-07
cycle=6305 time=1.5732272981393355e-01 dt=6.9151408939266546e-07
cycle=6306 time=1.5732342132802293e-01 dt=6.9054006791412586e-07
cycle=6307 time=1.5732411186809084e-01 dt=6.8957898912364060e-07
cycle=6308 time=1.5732480144707997e-01 dt=6.8863059728380060e-07
cycle=6309 time=1.5732549007767727e-01 dt=6.8769465178534785e-07
cycle=6310 time=1.5732617777232905e-01 dt=6.8677094724899084e-07
cycle=6311 time=1.5732686454327630e-01 dt=6.8585932030288606e-07
cycle=6312 time=1.5732755040259661e-01 dt=6.8495965368962349e-07
cycle=6313 time=1.5732823536225030e-01 dt=6.8407186786147746e-07
cycle=6314 time=1.5732891943411817e-01 dt=6.8319591569484514e-07
cycle=6315 time=1.5732960263003387e-01 dt=6.8233177602679798e-07
cycle=6316 time=1.5733028496180990e-01 dt=6.8147944792032781e-07
cycle=6317 time=1.5733096644125782e-01 dt=6.8063894070600938e-07
cycle=6318 time=1.5733164708019853e-01 dt=6.7981004875130590e-07
cycle=6319 time=1.5733232689024729e-01 dt=6.7899242130131642e-07
cycle=6320 time=1.5733300588266858e-01 dt=6.7818591465334570e-07
cycle=6321 time=1.5733368406858322e-01 dt=6.7739055748539553e-07
cycle=6322 time=1.5733436145914070e-01 dt=6.7660648626998511e-07
cycle=6323 time=1.5733503806562699e-01 dt=6.7583388869030565e-07
cycle=6324 time=1.5733571389951567e-01 dt=6.7507296014679204e-07
cycle=6325 time=1.5733638897247582e-01 dt=6.7432387714468090e-07
cycle=6326 time=1.5733706329635297e-01 dt=6.7358677779815935e-07
cycle=6327 time=1.5733773688313077e-01 dt=6.7286174502379854e-07
cycle=6328 time=1.5733840974487578e-01 dt=6.7214880409784056e-07
cycle=6329 time=1.5733908189367987e-01 dt=6.7144793971080854e-07
cycle=6330 time=1.5733975334161959e-01 dt=6.7075909894398430e-07
cycle=6331 time=1.5734042410071852e-01 dt=6.7008219961824242e-07
cycle=6332 time=1.5734109418291814e-01 dt=6.6941713734579920e-07
cycle=6333 time=1.5734176360005547e-01 dt=6.6876306020855719e-07
cycle=6334 time=1.5734243236311568e-01 dt=6.6811930484776981e-07
cycle=6335 time=1.5734310048242053e-01 dt=6.6748547102303060e-07
cycle=6336 time=1.5734376796789157e-01 dt=6.6686118338942322e-07
cycle=6337 time=1.5734443482907495e-01 dt=6.6624610543078288e-07
cycle=6338 time=1.5734510107518038e-01 dt=6.6563994402121572e-07
cycle=6339 time=1.5734576671512440e-01 dt=6.6504245765890878e-07
cycle=6340 time=1.5734643175758206e-01 dt=6.6445345694621838e-07
cycle=6341 time=1.5734709621103901e-01 dt=6.6387279914881174e-07
cycle=6342 time=1.5734776008383816e-01 dt=6.6330036549799472e-07
cycle=6343 time=1.5734842338420366e-01 dt=6.6273608780214439e-07
cycle=6344 time=1.5734908612029147e-01 dt=6.6217994211824439e-07
cycle=6345 time=1.5734974830023360e-01 dt=6.6163194094586684e-07
cycle=6346 time=1.5735040993217456e-01 dt=6.6109211793390317e-07
cycle=6347 time=1.5735107102429249e-01 dt=6.6056056458303349e-07
cycle=6348 time=1.5735173158485707e-01 dt=6.6003740802258337e-07
cycle=6349 time=1.5735239162226511e-01 dt=6.5952279249219304e-07
cycle=6350 time=1.5735305114505760e-01 dt=6.5901686667455835e-07
cycle=6351 time=1.5735371016192426e-01 dt=6.5851977386177478e-07
cycle=6352 time=1.5735436868169811e-01 dt=6.5803164372526349e-07
cycle=6353 time=1.5735502671334184e-01 dt=6.5755258623196963e-07
cycle=6354 time=1.5735568426592808e-01 dt=6.5708268791602538e-07
cycle=6355 time=1.5735634134861601e-01 dt=6.5662201012636916e-07
cycle=6356 time=1.5735699797062613e-01 dt=6.5617058904893627e-07
cycle=6357 time=1.5735765414121519e-01 dt=6.5572843718766148e-07
cycle=6358 time=1.5735830986965238e-01 dt=6.5529554583973971e-07
cycle=6359 time=1.5735896516519821e-01 dt=6.5487187874128260e-07
cycle=6360 time=1.5735962003707696e-01 dt=6.5445738348586036e-07
cycle=6361 time=1.5736027449446044e-01 dt=6.5405199722386451e-07
cycle=6362 time=1.5736092854645767e-01 dt=6.5365565154249924e-07
cycle=6363 time=1.5736158220210922e-01 dt=6.5326827628291659e-07
cycle=6364 time=1.5736223547038550e-01 dt=6.5288980374962489e-07
cycle=6365 time=1.5736288836018925e-01 dt=6.5252017003765951e-07
cycle=6366 time=1.5736354088035928e-01 dt=6.5215931522716480e-07
cycle=6367 time=1.5736419303967450e-01 dt=6.5180718420762870e-07
cycle=6368 time=1.5736484484685870e-01 dt=6.5146372322403772e-07
cycle=6369 time=1.5736549631058191e-01 dt=6.5112887895332525e-07
cycle=6370 time=1.5736614743946087e-01 dt=6.5080260046097755e-07
cycle=6371 time=1.5736679824206132e-01 dt=6.5048484046960123e-07
cycle=6372 time=1.5736744872690178e-01 dt=6.5017555365924149e-07
cycle=6373 time=1.5736809890245543e-01 dt=6.4987469927094756e-07
cycle=6374 time=1.5736874877715470e-01 dt=6.4958224236009134e-07
cycle=6375 time=1.5736939835939706e-01 dt=6.4929814656435044e-07
cycle=6376 time=1.5737004765754362e-01 dt=6.4902237536173665e-07
cycle=6377 time=1.5737069667991899e-01 dt=6.4875489794834731e-07
cycle=6378 time=1.5737134543481693e-01 dt=6.4849568902844617e-07
cycle=6379 time=1.5737199393050597e-01 dt=6.4824471567876243e-07
cycle=6380 time=1.5737264217522165e-01 dt=6.4800194177418105e-07
cycle=6381 time=1.5737329017716342e-01 dt=6.4776732672407661e-07
cycle=6382 time=1.5737393794449014e-01 dt=6.4754082433655913e-07
cycle=6383 time=1.5737458548531449e-01 dt=6.4732238326032988e-07
cycle=6384 time=1.5737523280769775e-01 dt=6.4711194705780804e-07
cycle=6385 time=1.5737587991964480e-01 dt=6.4690948857940390e-07
cycle=6386 time=1.5737652682913339e-01 dt=6.4671505683892258e-07
cycle=6387 time=1.5737717354419023e-01 dt=6.4652852657840101e-07
cycle=6388 time=1.5737782007271681e-01 dt=6.4634979109008380e-07
cycle=6389 time=1.5737846642250788e-01 dt=6.4617876577908735e-07
cycle=6390 time=1.5737911260127366e-01 dt=6.4601538696042583e-07
cycle=6391 time=1.5737975861666062e-01 dt=6.4585959948027257e-07
cycle=6392 time=1.5738040447626009e-01 dt=6.4571104970641380e-07
cycle=6393 time=1.5738105018730980e-01 dt=6.4556944154211497e-07
cycle=6394 time=1.5738169575675134e-01 dt=6.4543453330949854e-07
cycle=6395 time=1.5738234119128466e-01 dt=6.4530613355324952e-07
cycle=6396 time=1.5738298649741822e-01 dt=6.4518409271830022e-07
cycle=6397 time=1.5738363168151093e-01 dt=6.4506828899027906e-07
cycle=6398 time=1.5738427674979991e-01 dt=6.4495860148132958e-07
cycle=6399 time=1.5738492170840138e-01 dt=6.4485487078105897e-07
cycle=6400 time=1.5738556656327216e-01 dt=6.4475715929660233e-07
cycle=6401 time=1.5738621132043146e-01 dt=6.4466575409350970e-07
cycle=6402 time=1.5738685598618554e-01 dt=6.4458094211081303e-07
cycle=6403 time=1.5738750056712766e-01 dt=6.4450299879369052e-07
cycle=6404 time=1.5738814507012647e-01 dt=6.4443217816628842e-07
cycle=6405 time=1.5738878950230464e-01 dt=6.4436870549854052e-07
cycle=6406 time=1.5738943387101015e-01 dt=6.4431276559818637e-07
cycle=6407 time=1.5739007818377573e-01 dt=6.4426450147037963e-07
cycle=6408 time=1.5739072244827720e-01 dt=6.4422400791158095e-07
cycle=6409 time=1.5739136667228512e-01 dt=6.4419140221716639e-07
cycle=6410 time=1.5739201086368734e-01 dt=6.4416697261612176e-07
cycle=6411 time=1.5739265503065997e-01 dt=6.4415076336632589e-07
cycle=6412 time=1.5739329918142334e-01 dt=6.4414281255453583e-07
cycle=6413 time=1.5739394332423590e-01 dt=6.4414315325810158e-07
cycle=6414 time=1.5739458746738916e-01 dt=6.4415181488270555e-07
cycle=6415 time=1.5739523161920405e-01 dt=6.4416882411788115e-07
cycle=6416 time=1.5739587578802816e-01 dt=6.4419420570136970e-07
cycle=6417 time=1.5739651998223386e-01 dt=6.4422798356080514e-07
cycle=6418 time=1.5739716421021743e-01 dt=6.4427018211760106e-07
cycle=6419 time=1.5739780848039955e-01 dt=6.4432082783269741e-07
cycle=6420 time=1.5739845280122738e-01 dt=6.4437994999567403e-07
cycle=6421 time=1.5739909718117737e-01 dt=6.4444757906065215e-07
cycle=6422 time=1.5739974162875642e-01 dt=6.4452377342656387e-07
cycle=6423 time=1.5740038615252985e-01 dt=6.4460861868313892e-07
cycle=6424 time=1.5740103076114853e-01 dt=6.4470217785314588e-07
cycle=6425 time=1.5740167546332640e-01 dt=6.4480453871722293e-07
cycle=6426 time=1.5740232026786510e-01 dt=6.4491581420642208e-07
cycle=6427 time=1.5740296518367930e-01 dt=6.4503614285763027e-07
cycle=6428 time=1.5740361021982216e-01 dt=6.4516568965178172e-07
cycle=6429 time=1.5740425538551181e-01 dt=6.4530464767905394e-07
cycle=6430 time=1.5740490069015950e-01 dt=6.4545324698179708e-07
cycle=6431 time=1.5740554614340649e-01 dt=6.4561096767668264e-07
cycle=6432 time=1.5740619175437418e-01 dt=6.4577717720422211e-07
cycle=6433 time=1.5740683753155138e-01 dt=6.4595122841577104e-07
cycle=6434 time=1.5740748348277980e-01 dt=6.4613278711388207e-07
cycle=6435 time=1.5740812961556691e-01 dt=6.4632181702863470e-07
cycle=6436 time=1.5740877593738395e-01 dt=6.4651831807079325e-07
cycle=6437 time=1.5740942245570202e-01 dt=6.4672232273702429e-07
cycle=6438 time=1.5741006917802478e-01 dt=6.4693389169411196e-07
cycle=6439 time=1.5741071611191648e-01 dt=6.4715311392863916e-07
cycle=6440 time=1.5741136326503041e-01 dt=6.4738010292406378e-07
cycle=6441 time=1.5741201064513333e-01 dt=6.4761499910807192e-07
cycle=6442 time=1.5741265826013243e-01 dt=6.4785796239628357e-07
cycle=6443 time=1.5741330611809481e-01 dt=6.4810916461702802e-07
cycle=6444 time=1.5741395422725943e-01 dt=6.4836872289774560e-07
cycle=6445 time=1.5741460259598233e-01 dt=6.4863717585911586e-07
cycle=6446 time=1.5741525123315819e-01 dt=6.4891500489129598e-07
cycle=6447 time=1.5741590014816309e-01 dt=6.4920261871092919e-07
cycle=6448 time=1.5741654935078181e-01 dt=6.4950078886989075e-07
cycle=6449 time=1.5741719885157068e-01 dt=6.4981008562591305e-07
cycle=6450 time=1.5741784866165631e-01 dt=6.5013089972836066e-07
cycle=6451 time=1.5741849879255604e-01 dt=6.5046346378630829e-07
cycle=6452 time=1.5741914925601982e-01 dt=6.5080787922291067e-07
cycle=6453 time=1.5741980006389905e-01 dt=6.5116414001389277e-07
cycle=6454 time=1.5742045122803908e-01 dt=6.5153218089461045e-07
cycle=6455 time=1.5742110276021998e-01 dt=6.5191187620285703e-07
cycle=6456 time=1.5742175467209618e-01 dt=6.5230302938627547e-07
cycle=6457 time=1.5742240697512558e-01 dt=6.5270540749984085e-07
cycle=6458 time=1.5742305968053308e-01 dt=6.5311876458969600e-07
cycle=6459 time=1.5742371279929768e-01 dt=6.5354286661964402e-07
cycle=6460 time=1.5742436634216431e-01 dt=6.5397749375980242e-07
cycle=6461 time=1.5742502031965808e-01 dt=6.5442250016552688e-07
cycle=6462 time=1.5742567474215824e-01 dt=6.5487775736248231e-07
cycle=6463 time=1.5742632961991559e-01 dt=6.5534316708130107e-07
cycle=6464 time=1.5742698496308269e-01 dt=6.5581867762198902e-07
cycle=6465 time=1.5742764078176030e-01 dt=6.5630427580444531e-07
cycle=6466 time=1.5742829708603612e-01 dt=6.5679997733299007e-07
cycle=6467 time=1.5742895388601344e-01 dt=6.5730582243075944e-07
cycle=6468 time=1.5742961119183588e-01 dt=6.5782187264608212e-07
cycle=6469 time=1.5743026901370852e-01 dt=6.5834820962646840e-07
cycle=6470 time=1.5743092736191813e-01 dt=6.5888493217042518e-07
cycle=6471 time=1.5743158624685030e-01 dt=6.5943272936658074e-07
cycle=6472 time=1.5743224567957967e-01 dt=6.5999177097673755e-07
cycle=6473 time=1.5743290567135065e-01 dt=6.6056200949388597e-07
cycle=6474 time=1.5743356623336013e-01 dt=6.6114343092117745e-07
cycle=6475 time=1.5743422737679105e-01 dt=6.6173605056115865e-07
cycle=6476 time=1.5743488911284162e-01 dt=6.6233988417667788e-07
cycle=6477 time=1.5743555145272581e-01 dt=6.6295497758630561e-07
cycle=6478 time=1.5743621440770339e-01 dt=6.6358139791768720e-07
cycle=6479 time=1.5743687798910130e-01 dt=6.6421923198440392e-07
cycle=6480 time=1.5743754220833328e-01 dt=6.6486858712677029e-07
cycle=6481 time=1.5743820707692041e-01 dt=6.6552959625244136e-07
cycle=6482 time=1.5743887260651665e-01 dt=6.6620243355735319e-07
cycle=6483 time=1.5743953880895020e-01 dt=6.6688717439058445e-07
cycle=6484 time=1.5744020569612460e-01 dt=6.6758389086335557e-07
cycle=6485 time=1.5744087328001546e-01 dt=6.6829266419649649e-07
cycle=6486 time=1.5744154157267967e-01 dt=6.6901358370476996e-07
cycle=6487 time=1.5744221058626337e-01 dt=6.6974674583200316e-07
cycle=6488 time=1.5744288033300921e-01 dt=6.7049225303148383e-07
cycle=6489 time=1.5744355082526224e-01 dt=6.7125021259843646e-07
cycle=6490 time=1.5744422207547484e-01 dt=6.7202073484515721e-07
cycle=6491 time=1.5744489409620968e-01 dt=6.7280393260698075e-07
cycle=6492 time=1.5744556690014228e-01 dt=6.7359992085590416e-07
cycle=6493 time=1.5744624050006314e-01 dt=6.7440881611052378e-07
cycle=6494 time=1.5744691490887924e-01 dt=6.7523073592875914e-07
cycle=6495 time=1.5744759013961518e-01 dt=6.7606579855440265e-07
cycle=6496 time=1.5744826620541374e-01 dt=6.7691412213425188e-07
cycle=6497 time=1.5744894311953589e-01 dt=6.7777582106661941e-07
cycle=6498 time=1.5744962089535697e-01 dt=6.7865100871168217e-07
cycle=6499 time=1.5745029954636569e-01 dt=6.7953979672104554e-07
cycle=6500 time=1.5745097908616240e-01 dt=6.8044229670576023e-07
cycle=6501 time=1.5745165952845910e-01 dt=6.8135862062251213e-07
cycle=6502 time=1.5745234088707974e-01 dt=6.8228888186994150e-07
cycle=6503 time=1.5745302317596160e-01 dt=6.8323319565135246e-07
cycle=6504 time=1.5745370640915726e-01 dt=6.8419167822622348e-07
cycle=6505 time=1.5745439060083549e-01 dt=6.8516444501416102e-07
cycle=6506 time=1.5745507576528051e-01 dt=6.8615161185986847e-07
cycle=6507 time=1.5745576191689237e-01 dt=6.8715329195986190e-07
cycle=6508 time=1.5745644907018433e-01 dt=6.8816960360390621e-07
cycle=6509 time=1.5745713723978794e-01 dt=6.8920030578384900e-07
cycle=6510 time=1.5745782644009371e-01 dt=6.9024539509421251e-07
cycle=6511 time=1.5745851668548880e-01 dt=6.9130518178206319e-07
cycle=6512 time=1.5745920799067059e-01 dt=6.9237993786613142e-07
cycle=6513 time=1.5745990037060845e-01 dt=6.9346990981890914e-07
cycle=6514 time=1.5746059384051828e-01 dt=6.9457532531551210e-07
cycle=6515 time=1.5746128841584359e-01 dt=6.9569639111878758e-07
cycle=6516 time=1.5746198411223469e-01 dt=6.9683329671952476e-07
cycle=6517 time=1.5746268094553142e-01 dt=6.9798621909199139e-07
cycle=6518 time=1.5746337893175053e-01 dt=6.9915532458715599e-07
cycle=6519 time=1.5746407808707510e-01 dt=7.0034077209073245e-07
cycle=6520 time=1.5746477842784720e-01 dt=7.0154199521012278e-07
cycle=6521 time=1.5746547996984242e-01 dt=7.0275999400895378e-07
cycle=6522 time=1.5746618272983642e-01 dt=7.0399502303800415e-07
cycle=6523 time=1.5746688672485945e-01 dt=7.0524730584202191e-07
cycle=6524 time=1.5746759197216528e-01 dt=7.0651703923374680e-07
cycle=6525 time=1.5746829848920452e-01 dt=7.0780439967140797e-07
cycle=6526 time=1.5746900629360419e-01 dt=7.0910954930216580e-07
cycle=6527 time=1.5746971540315349e-01 dt=7.1043264205772989e-07
cycle=6528 time=1.5747042583579554e-01 dt=7.1177362387619241e-07
cycle=6529 time=1.5747113760941941e-01 dt=7.1313236896950078e-07
cycle=6530 time=1.5747185074178838e-01 dt=7.1450882312956949e-07
cycle=6531 time=1.5747256525061151e-01 dt=7.1590300278562399e-07
cycle=6532 time=1.5747328115361431e-01 dt=7.1731465891624255e-07
cycle=6533 time=1.5747399846827323e-01 dt=7.1874336915776347e-07
cycle=6534 time=1.5747471721164238e-01 dt=7.2018947078495107e-07
cycle=6535 time=1.5747543740111317e-01 dt=7.2165332815608542e-07
cycle=6536 time=1.5747615905444132e-01 dt=7.2313535699804044e-07
cycle=6537 time=1.5747688218979833e-01 dt=7.2463583671627382e-07
cycle=6538 time=1.5747760682563505e-01 dt=7.2615519931598600e-07
cycle=6539 time=1.5747833298083436e-01 dt=7.2769389746041940e-07
cycle=6540 time=1.5747906067473183e-01 dt=7.2925239263253630e-07
cycle=6541 time=1.5747978992712447e-01 dt=7.3083114556770929e-07
cycle=6542 time=1.5748052075827004e-01 dt=7.3243061180346236e-07
cycle=6543 time=1.5748125318888184e-01 dt=7.3405123750263414e-07
cycle=6544 time=1.5748198724011936e-01 dt=7.3569345606409137e-07
cycle=6545 time=1.5748272293357543e-01 dt=7.3735768543173158e-07
cycle=6546 time=1.5748346029126087e-01 dt=7.3904431436315729e-07
cycle=6547 time=1.5748419933557523e-01 dt=7.4075370808831871e-07
cycle=6548 time=1.5748494008928332e-01 dt=7.4248634249706900e-07
cycle=6549 time=1.5748568257562581e-01 dt=7.4424256868385983e-07
cycle=6550 time=1.5748642681819450e-01 dt=7.4602271984193410e-07
cycle=6551 time=1.5748717284091435e-01 dt=7.4782711026832928e-07
cycle=6552 time=1.5748792066802461e-01 dt=7.4965603834203569e-07
cycle=6553 time=1.5748867032406294e-01 dt=7.5150979391947870e-07
cycle=6554 time=1.5748942183385686e-01 dt=7.5338866015303769e-07
cycle=6555 time=1.5749017522251701e-01 dt=7.5529291723437129e-07
cycle=6556 time=1.5749093051543425e-01 dt=7.5722282518228819e-07
cycle=6557 time=1.5749168773825944e-01 dt=7.5917866801056302e-07
cycle=6558 time=1.5749244691692746e-01 dt=7.6116073820270843e-07
cycle=6559 time=1.5749320807766568e-01 dt=7.6316933107861321e-07
cycle=6560 time=1.5749397124699677e-01 dt=7.6520475932070542e-07
cycle=6561 time=1.5749473645175610e-01 dt=7.6726730579099709e-07
cycle=6562 time=1.5749550371906190e-01 dt=7.6935726222126149e-07
cycle=6563 time=1.5749627307632413e-01 dt=7.7147493140622446e-07
cycle=6564 time=1.5749704455125554e-01 dt=7.7362059871229284e-07
cycle=6565 time=1.5749781817185426e-01 dt=7.7579662739121730e-07
cycle=6566 time=1.5749859396848165e-01 dt=7.7800640113281840e-07
cycle=6567 time=1.5749937197488278e-01 dt=7.8024897645621486e-07
cycle=6568 time=1.5750015222385924e-01 dt=7.8252366861607016e-07
cycle=6569 time=1.5750093474752785e-01 dt=7.8482980619238776e-07
cycle=6570 time=1.5750171957733405e-01 dt=7.8716688749473883e-07
cycle=6571 time=1.5750250674422156e-01 dt=7.8953458799504636e-07
cycle=6572 time=1.5750329627880955e-01 dt=7.9193275122197525e-07
cycle=6573 time=1.5750408821156076e-01 dt=7.9436138428797931e-07
cycle=6574 time=1.5750488257294504e-01 dt=7.9682064629090412e-07
cycle=6575 time=1.5750567939359134e-01 dt=7.9931084514152255e-07
cycle=6576 time=1.5750647870443649e-01 dt=8.0183244472920023e-07
cycle=6577 time=1.5750728053688121e-01 dt=8.0438601147713202e-07
cycle=6578 time=1.5750808492289267e-01 dt=8.0697219562007693e-07
cycle=6579 time=1.5750889189508829e-01 dt=8.0959172692214973e-07
cycle=6580 time=1.5750970148681523e-01 dt=8.1224512843859805e-07
cycle=6581 time=1.5751051373194366e-01 dt=8.1493330640117919e-07
cycle=6582 time=1.5751132866525006e-01 dt=8.1765727118309901e-07
cycle=6583 time=1.5751214632252125e-01 dt=8.2041802947657079e-07
cycle=6584 time=1.5751296674055074e-01 dt=8.2321658744172931e-07
cycle=6585 time=1.5751378995713819e-01 dt=8.2605394481050563e-07
cycle=6586 time=1.5751461601108299e-01 dt=8.2893108115015110e-07
cycle=6587 time=1.5751544494216413e-01 dt=8.3184894519490409e-07
cycle=6588 time=1.5751627679110933e-01 dt=8.2683334641575968e-07
cycle=6589 time=1.5751710362445576e-01 dt=8.0804938876997131e-07
cycle=6590 time=1.5751791167384452e-01 dt=7.9029808795361788e-07
cycle=6591 time=1.5751870197193246e-01 dt=7.7419267799685968e-07
cycle=6592 time=1.5751947616461046e-01 dt=7.6011237050180954e-07
cycle=6593 time=1.5752023627698095e-01 dt=7.4821267033853948e-07
cycle=6594 time=1.5752098448965129e-01 dt=7.3847073064146083e-07
cycle=6595 time=1.5752172296038194e-01 dt=7.3080732308395234e-07
cycle=6596 time=1.5752245376770502e-01 dt=7.2523428049587861e-07
cycle=6597 time=1.5752317900198551e-01 dt=7.2133441934070207e-07
cycle=6598 time=1.5752390033640484e-01 dt=7.1861716153941587e-07
cycle=6599 time=1.5752461895356637e-01 dt=7.1673207020426647e-07
cycle=6600 time=1.5752533568563656e-01 dt=7.1542895913262130e-07
cycle=6601 time=1.5752605111459569e-01 dt=7.1468430600684111e-07
cycle=6602 time=1.5752676579890171e-01 dt=7.1447380786108878e-07
cycle=6603 time=1.5752748027270957e-01 dt=7.1467856944187029e-07
cycle=6604 time=1.5752819495127901e-01 dt=7.1516647163780149e-07
cycle=6605 time=1.5752891011775064e-01 dt=7.1581370651331515e-07
cycle=6606 time=1.5752962593145714e-01 dt=7.1651323338729986e-07
cycle=6607 time=1.5753034244469052e-01 dt=7.1717766094190747e-07
cycle=6608 time=1.5753105962235148e-01 dt=7.1773952515079404e-07
cycle=6609 time=1.5753177736187662e-01 dt=7.1815023583428453e-07
cycle=6610 time=1.5753249551211246e-01 dt=7.1837899882093726e-07
cycle=6611 time=1.5753321389111127e-01 dt=7.1840978381034307e-07
cycle=6612 time=1.5753393230089507e-01 dt=7.1823778586955864e-07
cycle=6613 time=1.5753465053868093e-01 dt=7.1786460912080234e-07
cycle=6614 time=1.5753536840329005e-01 dt=7.1730447826672468e-07
cycle=6615 time=1.5753608570776831e-01 dt=7.1657701027595908e-07
cycle=6616 time=1.5753680228477859e-01 dt=7.1570514270103242e-07
cycle=6617 time=1.5753751798992130e-01 dt=7.1471346433278775e-07
cycle=6618 time=1.5753823270338563e-01 dt=7.1362686040115413e-07
cycle=6619 time=1.5753894633024604e-01 dt=7.1246944925010510e-07
cycle=6620 time=1.5753965879969528e-01 dt=7.1126376229096420e-07
cycle=6621 time=1.5754037006345759e-01 dt=7.1003018428647056e-07
cycle=6622 time=1.5754108009364187e-01 dt=7.0878651338364440e-07
cycle=6623 time=1.5754178888015524e-01 dt=7.0754797679710445e-07
cycle=6624 time=1.5754249642813203e-01 dt=7.0632701510115741e-07
cycle=6625 time=1.5754320275514713e-01 dt=7.0513319738280973e-07
cycle=6626 time=1.5754390788834452e-01 dt=7.0397217649156512e-07
cycle=6627 time=1.5754461186052102e-01 dt=7.0284750788300774e-07
cycle=6628 time=1.5754531470802891e-01 dt=7.0176093321076176e-07
cycle=6629 time=1.5754601646896210e-01 dt=7.0071119373053507e-07
cycle=6630 time=1.5754671718015584e-01 dt=6.9969624273499629e-07
cycle=6631 time=1.5754741687639856e-01 dt=6.9871338202223464e-07
cycle=6632 time=1.5754811558978057e-01 dt=6.9775932629002986e-07
cycle=6633 time=1.5754881334910686e-01 dt=6.9683045345176436e-07
cycle=6634 time=1.5754951017956031e-01 dt=6.9592303544801616e-07
cycle=6635 time=1.5755020610259576e-01 dt=6.9503343885507836e-07
cycle=6636 time=1.5755090113603462e-01 dt=6.9415827975555235e-07
cycle=6637 time=1.5755159529431437e-01 dt=6.9329453287418825e-07
cycle=6638 time=1.5755228858884723e-01 dt=6.9243959819467834e-07
cycle=6639 time=1.5755298102844542e-01 dt=6.9159065581037469e-07
cycle=6640 time=1.5755367261910122e-01 dt=6.9074527076036306e-07
cycle=6641 time=1.5755436336437198e-01 dt=6.8990172072522574e-07
cycle=6642 time=1.5755505326609270e-01 dt=6.8905887747496399e-07
cycle=6643 time=1.5755574232497019e-01 dt=6.8821618596913834e-07
cycle=6644 time=1.5755643054115614e-01 dt=6.8737359062577099e-07
cycle=6645 time=1.5755711791474677e-01 dt=6.8653143962105676e-07
cycle=6646 time=1.5755780444618639e-01 dt=6.8569039808513280e-07
cycle=6647 time=1.5755849013658446e-01 dt=6.8485143735735242e-07
cycle=6648 time=1.5755917498802183e-01 dt=6.8400452710925290e-07
cycle=6649 time=1.5755985899254893e-01 dt=6.8312432899794036e-07
cycle=6650 time=1.5756054211687792e-01 dt=6.8221732134623684e-07
cycle=6651 time=1.5756122433419928e-01 dt=6.8129015326283666e-07
cycle=6652 time=1.5756190562435254e-01 dt=6.8034914609595290e-07
cycle=6653 time=1.5756258597349865e-01 dt=6.7940022946692278e-07
cycle=6654 time=1.5756326537372811e-01 dt=6.7844879447705617e-07
cycle=6655 time=1.5756394382252259e-01 dt=6.7749959540836283e-07
cycle=6656 time=1.5756462132211799e-01 dt=6.7655667842900396e-07
cycle=6657 time=1.5756529787879642e-01 dt=6.7562343202492926e-07
cycle=6658 time=1.5756597350222845e-01 dt=6.7470260079051222e-07
cycle=6659 time=1.5756664820482924e-01 dt=6.7379631190476764e-07
cycle=6660 time=1.5756732200114115e-01 dt=6.7290609317371547e-07
cycle=6661 time=1.5756799490723433e-01 dt=6.7203294503333080e-07
cycle=6662 time=1.5756866694017937e-01 dt=6.8352489402804567e-07
cycle=6663 time=1.5756935046507339e-01 dt=7.1412895769448441e-07
cycle=6664 time=1.5757006459403108e-01 dt=7.7949159255985405e-07
cycle=6665 time=1.5757084408562363e-01 dt=9.0818794110810981e-07
cycle=6666 time=1.5757175227356474e-01 dt=1.1553972446075047e-06
cycle=6667 time=1.5757290767080934e-01 dt=1.6142910515084732e-06
cycle=6668 time=1.5757452196186084e-01 dt=1.8019910374084455e-06
cycle=6669 time=1.5757632395289825e-01 dt=1.5932982548283394e-06
cycle=6670 time=1.5757791725115308e-01 dt=1.3493170162931914e-06
cycle=6671 time=1.5757926656816937e-01 dt=1.1553000308987925e-06
cycle=6672 time=1.5758042186820026e-01 dt=1.0676449444595062e-06
cycle=6673 time=1.5758148951314471e-01 dt=1.0399280584207773e-06
cycle=6674 time=1.5758252944120313e-01 dt=1.0238040349352240e-06
cycle=6675 time=1.5758355324523807e-01 dt=1.0168736049492755e-06
cycle=6676 time=1.5758457011884303e-01 dt=1.0172432814030750e-06
cycle=6677 time=1.5758558736212444e-01 dt=1.0232182937568353e-06
cycle=6678 time=1.5758661058041820e-01 dt=1.0333345380464128e-06
cycle=6679 time=1.5758764391495625e-01 dt=1.0176245565957108e-06
cycle=6680 time=1.5758866153951284e-01 dt=9.6049729577168681e-07
cycle=6681 time=1.5758962203680862e-01 dt=9.0510183430903521e-07
cycle=6682 time=1.5759052713864294e-01 dt=8.5366737747510036e-07
cycle=6683 time=1.5759138080602042e-01 dt=8.0801524973715581e-07
cycle=6684 time=1.5759218882127016e-01 dt=7.6952467571841178e-07
cycle=6685 time=1.5759295834594589e-01 dt=7.4283846185235833e-07
cycle=6686 time=1.5759370118440774e-01 dt=7.2495943731599027e-07
cycle=6687 time=1.5759442614384506e-01 dt=7.1355502473047459e-07
cycle=6688 time=1.5759513969886979e-01 dt=7.0691960962172170e-07
cycle=6689 time=1.5759584661847942e-01 dt=7.0379455465560168e-07
cycle=6690 time=1.5759655041303408e-01 dt=7.0324358944592826e-07
cycle=6691 time=1.5759725365662353e-01 dt=7.0456532970290914e-07
cycle=6692 time=1.5759795822195322e-01 dt=7.0723141230785529e-07
cycle=6693 time=1.5759866545336551e-01 dt=7.1084222588398688e-07
cycle=6694 time=1.5759937629559140e-01 dt=7.1666938437847059e-07
cycle=6695 time=1.5760009296497576e-01 dt=7.2467111077024988e-07
cycle=6696 time=1.5760081763608652e-01 dt=7.3433611442368539e-07
cycle=6697 time=1.5760155197220094e-01 dt=7.4517214331357333e-07
cycle=6698 time=1.5760229714434426e-01 dt=7.5672387625232010e-07
cycle=6699 time=1.5760305386822052e-01 dt=7.6857032701888288e-07
cycle=6700 time=1.5760382243854754e-01 dt=7.8032861333501169e-07
cycle=6701 time=1.5760460276716087e-01 dt=7.9165559270685422e-07
cycle=6702 time=1.5760539442275359e-01 dt=8.0224984252777478e-07
cycle=6703 time=1.5760619667259612e-01 dt=8.1185492382472429e-07
cycle=6704 time=1.5760700852751994e-01 dt=8.2026359975247124e-07
cycle=6705 time=1.5760782879111970e-01 dt=8.2732009917030970e-07
cycle=6706 time=1.5760865611121888e-01 dt=8.3292215092288357e-07
cycle=6707 time=1.5760948903336980e-01 dt=8.3702178729900955e-07
cycle=6708 time=1.5761032605515710e-01 dt=8.3962536358437954e-07
cycle=6709 time=1.5761116568052069e-01 dt=8.4079047594446961e-07
cycle=6710 time=1.5761200647099663e-01 dt=8.4062126674547434e-07
cycle=6711 time=1.5761284709226336e-01 dt=8.3926276785352026e-07
cycle=6712 time=1.5761368635503123e-01 dt=8.3689380207676612e-07
cycle=6713 time=1.5761452324883329e-01 dt=8.3371540820658736e-07
cycle=6714 time=1.5761535696424150e-01 dt=8.2994315828352750e-07
cycle=6715 time=1.5761618690739979e-01 dt=8.2580764520624531e-07
cycle=6716 time=1.5761701271504500e-01 dt=8.2153827605072682e-07
cycle=6717 time=1.5761783425332104e-01 dt=8.1735477083059833e-07
cycle=6718 time=1.5761865160809188e-01 dt=8.1345932773163823e-07
cycle=6719 time=1.5761946506741961e-01 dt=8.1003085384962336e-07
cycle=6720 time=1.5762027509827345e-01 dt=8.0719874109921992e-07
cycle=6721 time=1.5762108229701455e-01 dt=8.0508512176277853e-07
cycle=6722 time=1.5762188738213631e-01 dt=8.0138867637509326e-07
cycle=6723 time=1.5762268877081267e-01 dt=7.9760468677518894e-07
cycle=6724 time=1.5762348637549944e-01 dt=7.9427417367571934e-07
cycle=6725 time=1.5762428064967313e-01 dt=7.9144507851125193e-07
cycle=6726 time=1.5762507209475163e-01 dt=7.8913862303070168e-07
cycle=6727 time=1.5762586123337466e-01 dt=7.8735418160815705e-07
cycle=6728 time=1.5762664858755626e-01 dt=7.8607306007122116e-07
cycle=6729 time=1.5762743466061632e-01 dt=7.8526228476760794e-07
cycle=6730 time=1.5762821992290110e-01 dt=7.8487824729753945e-07
cycle=6731 time=1.5762900480114839e-01 dt=7.8487006767180305e-07
cycle=6732 time=1.5762978967121605e-01 dt=7.8518259216588015e-07
cycle=6733 time=1.5763057485380821e-01 dt=7.8575898693589469e-07
cycle=6734 time=1.5763136061279515e-01 dt=7.8654292727238830e-07
cycle=6735 time=1.5763214715572241e-01 dt=7.8748039520117245e-07
cycle=6736 time=1.5763293463611761e-01 dt=7.8852111154344043e-07
cycle=6737 time=1.5763372315722915e-01 dt=7.8961962972368545e-07
cycle=6738 time=1.5763451277685889e-01 dt=7.9073610523079520e-07
cycle=6739 time=1.5763530351296412e-01 dt=7.9183692977048690e-07
cycle=6740 time=1.5763609534989390e-01 dt=7.9289516962614127e-07
cycle=6741 time=1.5763688824506353e-01 dt=7.9389015220264108e-07
cycle=6742 time=1.5763768213521573e-01 dt=7.9480727009656007e-07
cycle=6743 time=1.5763847694248584e-01 dt=7.9563762098110687e-07
cycle=6744 time=1.5763927258010682e-01 dt=7.9637750982719486e-07
cycle=6745 time=1.5764006895761665e-01 dt=7.9702782996220221e-07
cycle=6746 time=1.5764086598544660e-01 dt=7.9759339759254748e-07
cycle=6747 time=1.5764166357884421e-01 dt=7.9808224302287010e-07
cycle=6748 time=1.5764246166108722e-01 dt=7.9850488739325517e-07
cycle=6749 time=1.5764326016597463e-01 dt=7.9887363367858060e-07
cycle=6750 time=1.5764405903960832e-01 dt=7.9920189224373086e-07
cycle=6751 time=1.5764485824150057e-01 dt=7.9950355186919376e-07
cycle=6752 time=1.5764565774505243e-01 dt=7.9979241865646078e-07
cycle=6753 time=1.5764645753747109e-01 dt=8.0008173285474930e-07
cycle=6754 time=1.5764725761920395e-01 dt=8.0038377050306037e-07
cycle=6755 time=1.5764805800297446e-01 dt=8.0070952372412925e-07
cycle=6756 time=1.5764885871249817e-01 dt=8.0106847682849610e-07
cycle=6757 time=1.5764965978097500e-01 dt=8.0146849388760310e-07
cycle=6758 time=1.5765046124946888e-01 dt=8.0191572260021969e-07
cycle=6759 time=1.5765126316519149e-01 dt=8.0241471930433149e-07
cycle=6760 time=1.5765206557991079e-01 dt=8.0296851216545486e-07
cycle=6761 time=1.5765286854842295e-01 dt=8.0357870141268255e-07
cycle=6762 time=1.5765367212712436e-01 dt=8.0424558674955888e-07
cycle=6763 time=1.5765447637271110e-01 dt=8.0496833068384212e-07
cycle=6764 time=1.5765528134104179e-01 dt=8.0574514653136637e-07
cycle=6765 time=1.5765608708618831e-01 dt=8.0657351748915179e-07
cycle=6766 time=1.5765689365970578e-01 dt=8.0745045180835905e-07
cycle=6767 time=1.5765770111015759e-01 dt=8.0837259157668518e-07
cycle=6768 time=1.5765850948274918e-01 dt=8.0933628534686575e-07
cycle=6769 time=1.5765931881903453e-01 dt=8.1033783822466610e-07
cycle=6770 time=1.5766012915687275e-01 dt=8.1137354862701492e-07
cycle=6771 time=1.5766094053042137e-01 dt=8.1243973813244767e-07
cycle=6772 time=1.5766175297015950e-01 dt=8.1353304675930695e-07
cycle=6773 time=1.5766256650320626e-01 dt=8.1465048457261784e-07
cycle=6774 time=1.5766338115369083e-01 dt=8.1578949674697210e-07
cycle=6775 time=1.5766419694318756e-01 dt=8.1694797685961089e-07
cycle=6776 time=1.5766501389116441e-01 dt=8.1812427600063826e-07
cycle=6777 time=1.5766583201544040e-01 dt=8.1931721289939674e-07
cycle=6778 time=1.5766665133265331e-01 dt=8.2052601909487951e-07
cycle=6779 time=1.5766747185867241e-01 dt=8.2175026007549372e-07
cycle=6780 time=1.5766829360893250e-01 dt=8.1332780512037839e-07
cycle=6781 time=1.5766910693673764e-01 dt=7.9817588083268728e-07
cycle=6782 time=1.5766990511261847e-01 dt=7.8322739654295853e-07
cycle=6783 time=1.5767068834001502e-01 dt=7.6900027300710163e-07
cycle=6784 time=1.5767145734028803e-01 dt=7.5589218743374966e-07
cycle=6785 time=1.5767221323247546e-01 dt=7.4422720552944092e-07
cycle=6786 time=1.5767295745968099e-01 dt=7.3421194280238384e-07
cycle=6787 time=1.5767369167162379e-01 dt=7.2596360869555617e-07
cycle=6788 time=1.5767441763523249e-01 dt=7.1981793482096415e-07
cycle=6789 time=1.5767513745316730e-01 dt=7.1546758389883082e-07
cycle=6790 time=1.5767585292075120e-01 dt=7.1245191953986198e-07
cycle=6791 time=1.5767656537267075e-01 dt=7.1042859687998388e-07
cycle=6792 time=1.5767727580126761e-01 dt=7.0918140591720244e-07
cycle=6793 time=1.5767798498267352e-01 dt=7.0847427300482960e-07
cycle=6794 time=1.5767869345694652e-01 dt=7.0817354519600513e-07
cycle=6795 time=1.5767940163049171e-01 dt=7.0840046875935643e-07
cycle=6796 time=1.5768011003096047e-01 dt=7.0916208166690293e-07
cycle=6797 time=1.5768081919304214e-01 dt=7.1036510945827031e-07
cycle=6798 time=1.5768152955815160e-01 dt=7.1189696416565636e-07
cycle=6799 time=1.5768224145511575e-01 dt=7.1364591078518464e-07
cycle=6800 time=1.5768295510102653e-01 dt=7.1550972289792849e-07
cycle=6801 time=1.5768367061074942e-01 dt=7.1739931996851957e-07
cycle=6802 time=1.5768438801006940e-01 dt=7.1923269837339940e-07
cycle=6803 time=1.5768510724276777e-01 dt=7.2095313986596520e-07
cycle=6804 time=1.5768582819590762e-01 dt=7.2251945727437920e-07
cycle=6805 time=1.5768655071536489e-01 dt=7.2390041367509191e-07
cycle=6806 time=1.5768727461577856e-01 dt=7.2507592994508843e-07
cycle=6807 time=1.5768799969170849e-01 dt=7.2603614484968993e-07
cycle=6808 time=1.5768872572785333e-01 dt=7.2678032130310952e-07
cycle=6809 time=1.5768945250817465e-01 dt=7.2731567533529282e-07
cycle=6810 time=1.5769017982384997e-01 dt=7.2765633091489767e-07
cycle=6811 time=1.5769090748018089e-01 dt=7.2782141242547333e-07
cycle=6812 time=1.5769163530159330e-01 dt=7.2783401406014101e-07
cycle=6813 time=1.5769236313560736e-01 dt=7.2771990948947053e-07
cycle=6814 time=1.5769309085551686e-01 dt=7.2750634328701653e-07
cycle=6815 time=1.5769381836186014e-01 dt=7.2722090356760357e-07
cycle=6816 time=1.5769454558276372e-01 dt=7.2689042879958162e-07
cycle=6817 time=1.5769527247319251e-01 dt=7.2653950894987652e-07
cycle=6818 time=1.5769599901270145e-01 dt=7.2618982332172255e-07
cycle=6819 time=1.5769672520252478e-01 dt=7.2586026715708637e-07
cycle=6820 time=1.5769745106279195e-01 dt=7.2556681119174674e-07
cycle=6821 time=1.5769817662960314e-01 dt=7.2532284592743790e-07
cycle=6822 time=1.5769890195244907e-01 dt=7.2514253283278338e-07
cycle=6823 time=1.5769962709498189e-01 dt=7.2503453340052965e-07
cycle=6824 time=1.5770035212951530e-01 dt=7.2500432985835786e-07
cycle=6825 time=1.5770107713384515e-01 dt=7.2505490581048470e-07
cycle=6826 time=1.5770180218875096e-01 dt=7.2518705736554227e-07
cycle=6827 time=1.5770252737580834e-01 dt=7.2539937193027947e-07
cycle=6828 time=1.5770325277518027e-01 dt=7.2568870473221879e-07
cycle=6829 time=1.5770397846388501e-01 dt=7.2605057229308386e-07
cycle=6830 time=1.5770470451445731e-01 dt=7.2647970803435865e-07
cycle=6831 time=1.5770543099416534e-01 dt=7.2696997071862784e-07
cycle=6832 time=1.5770615796413606e-01 dt=7.2751461740377224e-07
cycle=6833 time=1.5770688547875347e-01 dt=7.2810674914986521e-07
cycle=6834 time=1.5770761358550262e-01 dt=7.2873821649512436e-07
cycle=6835 time=1.5770834232371911e-01 dt=7.2940214756204756e-07
cycle=6836 time=1.5770907172586668e-01 dt=7.3009204094259535e-07
cycle=6837 time=1.5770980181790761e-01 dt=7.3080191827525058e-07
cycle=6838 time=1.5771053261982590e-01 dt=7.3152645179135305e-07
cycle=6839 time=1.5771126414627770e-01 dt=7.3226105035793814e-07
cycle=6840 time=1.5771199640732805e-01 dt=7.3300190409870045e-07
cycle=6841 time=1.5771272940923214e-01 dt=7.3374599323426775e-07
cycle=6842 time=1.5771346315522539e-01 dt=7.3449108335324002e-07
cycle=6843 time=1.5771419764630873e-01 dt=7.3523568002257174e-07
cycle=6844 time=1.5771493288198876e-01 dt=7.3597896246102388e-07
cycle=6845 time=1.5771566886095123e-01 dt=7.3672071030104126e-07
cycle=6846 time=1.5771640558166153e-01 dt=7.3753741915932799e-07
cycle=6847 time=1.5771714311908069e-01 dt=7.3844393449151037e-07
cycle=6848 time=1.5771788156301519e-01 dt=7.3943743003009085e-07
cycle=6849 time=1.5771862100044523e-01 dt=7.4051363883213466e-07
cycle=6850 time=1.5771936151408406e-01 dt=7.4166702791995683e-07
cycle=6851 time=1.5772010318111199e-01 dt=7.4289112805527686e-07
cycle=6852 time=1.5772084607224005e-01 dt=7.4417884856485031e-07
cycle=6853 time=1.5772159025108862e-01 dt=7.4552279700903096e-07
cycle=6854 time=1.5772233577388561e-01 dt=7.4691555784410285e-07
cycle=6855 time=1.5772308268944346e-01 dt=7.4834958451386426e-07
cycle=6856 time=1.5772383103902798e-01 dt=7.4981807224710028e-07
cycle=6857 time=1.5772458085710023e-01 dt=7.5131487950686133e-07
cycle=6858 time=1.5772533217197973e-01 dt=7.5283421572945740e-07
cycle=6859 time=1.5772608500619545e-01 dt=7.5437105491304366e-07
cycle=6860 time=1.5772683937725035e-01 dt=7.5592115016370648e-07
cycle=6861 time=1.5772759529840052e-01 dt=7.5748113067008766e-07
cycle=6862 time=1.5772835277953121e-01 dt=7.5904837681281292e-07
cycle=6863 time=1.5772911182790803e-01 dt=7.6062098776576657e-07
cycle=6864 time=1.5772987244889580e-01 dt=7.6219776564647908e-07
cycle=6865 time=1.5773063464666146e-01 dt=7.6377816585644866e-07
cycle=6866 time=1.5773139842482731e-01 dt=7.6536220438053169e-07
cycle=6867 time=1.5773216378703170e-01 dt=7.6695038488633309e-07
cycle=6868 time=1.5773293073741659e-01 dt=7.6854363266917373e-07
cycle=6869 time=1.5773369928104927e-01 dt=7.7014320719079912e-07
cycle=6870 time=1.5773446942425645e-01 dt=7.7175061411028333e-07
cycle=6871 time=1.5773524117487056e-01 dt=7.7336752273544663e-07
cycle=6872 time=1.5773601454239330e-01 dt=7.7499569013790017e-07
cycle=6873 time=1.5773678953808346e-01 dt=7.7663688802757800e-07
cycle=6874 time=1.5773756617497148e-01 dt=7.7829280988161920e-07
cycle=6875 time=1.5773834446778137e-01 dt=7.7996503724873267e-07
cycle=6876 time=1.5773912443281862e-01 dt=7.8165499033001479e-07
cycle=6877 time=1.5773990608780894e-01 dt=7.8336368965017114e-07
cycle=6878 time=1.5774068945149858e-01 dt=7.8509192161039241e-07
cycle=6879 time=1.5774147454342019e-01 dt=7.8684025607267569e-07
cycle=6880 time=1.5774226138367625e-01 dt=7.8860902708301885e-07
cycle=6881 time=1.5774304999270333e-01 dt=7.9039834307037818e-07
cycle=6882 time=1.5774384039104641e-01 dt=7.9214616130801374e-07
cycle=6883 time=1.5774463253720772e-01 dt=7.9388582570816620e-07
cycle=6884 time=1.5774542642303344e-01 dt=7.9561727808307461e-07
cycle=6885 time=1.5774622204031152e-01 dt=7.9734181810777260e-07
cycle=6886 time=1.5774701938212962e-01 dt=7.9906185023421562e-07
cycle=6887 time=1.5774781844397986e-01 dt=8.0078061175829311e-07
cycle=6888 time=1.5774861922459163e-01 dt=8.0250195227743943e-07
cycle=6889 time=1.5774942172654391e-01 dt=8.0422969674387249e-07
cycle=6890 time=1.5775022595624066e-01 dt=8.0596769343299594e-07
cycle=6891 time=1.5775103192393411e-01 dt=8.0771974521359636e-07
cycle=6892 time=1.5775183964367934e-01 dt=8.0948944048556784e-07
cycle=6893 time=1.5775264913311982e-01 dt=8.1128000478788491e-07
cycle=6894 time=1.5775346041312460e-01 dt=8.1309419323118981e-07
cycle=6895 time=1.5775427350731783e-01 dt=8.1493421081884669e-07
cycle=6896 time=1.5775508844152863e-01 dt=8.1680166026289504e-07
cycle=6897 time=1.5775590524318889e-01 dt=8.1869821099707113e-07
cycle=6898 time=1.5775672394139989e-01 dt=8.2062499473047693e-07
cycle=6899 time=1.5775754456639463e-01 dt=8.2258158634150334e-07
cycle=6900 time=1.5775836714798097e-01 dt=8.2456699123675325e-07
cycle=6901 time=1.5775919171497221e-01 dt=8.2657975519583994e-07
cycle=6902 time=1.5776001829472741e-01 dt=8.2861804741620894e-07
cycle=6903 time=1.5776084691277484e-01 dt=8.3068001298397410e-07
cycle=6904 time=1.5776167759278784e-01 dt=8.3276345707864520e-07
cycle=6905 time=1.5776251035624492e-01 dt=8.3486602668444523e-07
cycle=6906 time=1.5776334522227159e-01 dt=8.3698531369478542e-07
cycle=6907 time=1.5776418220758529e-01 dt=8.3843650994456919e-07
cycle=6908 time=1.5776502064409523e-01 dt=7.7502956835641018e-07
cycle=6909 time=1.5776579567366358e-01 dt=7.1189255159416862e-07
cycle=6910 time=1.5776650756621519e-01 dt=6.5590169830573406e-07
cycle=6911 time=1.5776716346791350e-01 dt=6.1572508316967248e-07
cycle=6912 time=1.5776777919299667e-01 dt=5.8776715627232499e-07
cycle=6913 time=1.5776836696015295e-01 dt=5.6958817871610729e-07
cycle=6914 time=1.5776893654833166e-01 dt=5.5856493860726874e-07
cycle=6915 time=1.5776949511327026e-01 dt=5.5200522009674541e-07
cycle=6916 time=1.5777004711849035e-01 dt=5.4856519186528362e-07
cycle=6917 time=1.5777059568368221e-01 dt=5.4817225146204507e-07
cycle=6918 time=1.5777114385593366e-01 dt=5.5054213852802099e-07
cycle=6919 time=1.5777169439807218e-01 dt=5.5385673694296300e-07
cycle=6920 time=1.5777224825480912e-01 dt=5.8382996414560262e-07
cycle=6921 time=1.5777283208477327e-01 dt=6.8056316496741728e-07
cycle=6922 time=1.5777351264793824e-01 dt=9.2203483730742487e-07
cycle=6923 time=1.5777443468277555e-01 dt=1.1828291545321864e-06
cycle=6924 time=1.5777561751193009e-01 dt=1.2431263315445208e-06
cycle=6925 time=1.5777686063826163e-01 dt=1.2875579055965944e-06
cycle=6926 time=1.5777814819616723e-01 dt=1.3148358013953050e-06
cycle=6927 time=1.5777946303196863e-01 dt=1.3296214346222950e-06
cycle=6928 time=1.5778079265340325e-01 dt=1.3287231153766556e-06
cycle=6929 time=1.5778212137651862e-01 dt=1.3061937088945436e-06
cycle=6930 time=1.5778342757022751e-01 dt=1.2698439811043778e-06
cycle=6931 time=1.5778469741420861e-01 dt=1.2096731046900552e-06
cycle=6932 time=1.5778590708731330e-01 dt=1.1395315027310794e-06
cycle=6933 time=1.5778704661881604e-01 dt=1.0679516130727401e-06
cycle=6934 time=1.5778811457042910e-01 dt=9.9859243883563903e-07
cycle=6935 time=1.5778911316286792e-01 dt=9.3456880486289188e-07
cycle=6936 time=1.5779004773167279e-01 dt=8.7831150226758388e-07
cycle=6937 time=1.5779092604317507e-01 dt=8.3470434354592841e-07
cycle=6938 time=1.5779176074751861e-01 dt=8.0447293770601569e-07
cycle=6939 time=1.5779256522045632e-01 dt=7.8388094078697749e-07
cycle=6940 time=1.5779334910139711e-01 dt=7.7028924686949077e-07
cycle=6941 time=1.5779411939064397e-01 dt=7.6179914664720372e-07
cycle=6942 time=1.5779488118979063e-01 dt=7.5703192604489846e-07
cycle=6943 time=1.5779563822171666e-01 dt=7.5498070947977744e-07
cycle=6944 time=1.5779639320242614e-01 dt=7.5490600571243289e-07
cycle=6945 time=1.5779714810843185e-01 dt=7.5627046132389297e-07
cycle=6946 time=1.5779790437889316e-01 dt=7.5869527883643387e-07
cycle=6947 time=1.5779866307417198e-01 dt=7.6207318621530424e-07
cycle=6948 time=1.5779942514735820e-01 dt=7.6612049657833301e-07
cycle=6949 time=1.5780019126785477e-01 dt=7.7062365498854962e-07
cycle=6950 time=1.5780096189150977e-01 dt=7.7543395831159458e-07
cycle=6951 time=1.5780173732546809e-01 dt=7.8044215544791399e-07
cycle=6952 time=1.5780251776762355e-01 dt=7.8676592868531170e-07
cycle=6953 time=1.5780330453355224e-01 dt=7.9432335478574172e-07
cycle=6954 time=1.5780409885690702e-01 dt=8.0270225593141308e-07
cycle=6955 time=1.5780490155916296e-01 dt=8.1154972228507014e-07
cycle=6956 time=1.5780571310888525e-01 dt=8.2053743050486929e-07
cycle=6957 time=1.5780653364631575e-01 dt=8.2938585197812556e-07
cycle=6958 time=1.5780736303216772e-01 dt=8.3786492417687147e-07
cycle=6959 time=1.5780820089709188e-01 dt=8.4579242373368009e-07
cycle=6960 time=1.5780904668951562e-01 dt=8.5303064277317592e-07
cycle=6961 time=1.5780989972015838e-01 dt=8.5950495142125325e-07
cycle=6962 time=1.5781075922510981e-01 dt=8.6518555350033791e-07
cycle=6963 time=1.5781162441066332e-01 dt=8.7008327265693507e-07
cycle=6964 time=1.5781249449393597e-01 dt=8.7424457209085237e-07
cycle=6965 time=1.5781336873850807e-01 dt=8.7774593524997949e-07
cycle=6966 time=1.5781424648444331e-01 dt=8.8068699808218204e-07
cycle=6967 time=1.5781512717144139e-01 dt=8.8318435598409216e-07
cycle=6968 time=1.5781601035579737e-01 dt=8.8536886927000654e-07
cycle=6969 time=1.5781689572466664e-01 dt=8.8737525692414258e-07
cycle=6970 time=1.5781778309992356e-01 dt=8.8932779889240187e-07
cycle=6971 time=1.5781867242772246e-01 dt=8.9134602615161681e-07
cycle=6972 time=1.5781956377374862e-01 dt=8.9353682106990251e-07
cycle=6973 time=1.5782045731056968e-01 dt=8.9599909407413759e-07
cycle=6974 time=1.5782135330966376e-01 dt=8.9881781845289213e-07
cycle=6975 time=1.5782225212748222e-01 dt=9.0150878857528135e-07
cycle=6976 time=1.5782315363627078e-01 dt=9.0390021413721306e-07
cycle=6977 time=1.5782405753648493e-01 dt=9.0599760528346284e-07
cycle=6978 time=1.5782496353409020e-01 dt=9.0781675057771840e-07
cycle=6979 time=1.5782587135084078e-01 dt=9.0939300517476298e-07
cycle=6980 time=1.5782678074384596e-01 dt=8.6439407413579233e-07
cycle=6981 time=1.5782764513792008e-01 dt=7.9644528974659789e-07
cycle=6982 time=1.5782844158320983e-01 dt=7.3842644738502984e-07
cycle=6983 time=1.5782918000965721e-01 dt=7.0313467254155896e-07
cycle=6984 time=1.5782988314432975e-01 dt=6.8585371671459606e-07
cycle=6985 time=1.5783056899804646e-01 dt=6.9245054830298942e-07
cycle=6986 time=1.5783126144859475e-01 dt=7.2254150593239986e-07
cycle=6987 time=1.5783198399010068e-01 dt=7.7325725687077764e-07
cycle=6988 time=1.5783275724735754e-01 dt=8.5357818574530167e-07
cycle=6989 time=1.5783361082554329e-01 dt=9.7219191117174035e-07
cycle=6990 time=1.5783458301745446e-01 dt=1.0650580566381107e-06
cycle=6991 time=1.5783564807551109e-01 dt=1.1007984514923950e-06
cycle=6992 time=1.5783674887396260e-01 dt=1.1267483533159184e-06
cycle=6993 time=1.5783787562231591e-01 dt=1.1423075377691400e-06
cycle=6994 time=1.5783901792985369e-01 dt=1.1473910923526782e-06
cycle=6995 time=1.5784016532094605e-01 dt=1.1431057466612513e-06
cycle=6996 time=1.5784130842669272e-01 dt=1.1302612024829181e-06
cycle=6997 time=1.5784243868789521e-01 dt=1.1099351721911176e-06
cycle=6998 time=1.5784354862306740e-01 dt=1.0834880554696136e-06
cycle=6999 time=1.5784463211112287e-01 dt=1.0545511957360447e-06
cycle=7000 time=1.5784568666231860e-01 dt=1.0248088385520910e-06
cycle=7001 time=1.5784671147115714e-01 dt=9.9582392653050439e-07
cycle=7002 time=1.5784770729508368e-01 dt=9.6893797006579798e-07
cycle=7003 time=1.5784867623305374e-01 dt=9.4264018258752561e-07
cycle=7004 time=1.5784961887323631e-01 dt=9.0697922060753657e-07
cycle=7005 time=1.5785052585245693e-01 dt=8.7700654461836883e-07
cycle=7006 time=1.5785140285900154e-01 dt=8.5658229727085925e-07
cycle=7007 time=1.5785225944129880e-01 dt=8.4269023600765924e-07
cycle=7008 time=1.5785310213153481e-01 dt=8.3309708775861100e-07
cycle=7009 time=1.5785393522862257e-01 dt=8.2599207116110402e-07
cycle=7010 time=1.5785476122069372e-01 dt=8.2103848992832325e-07
cycle=7011 time=1.5785558225918364e-01 dt=8.1795799970120473e-07
cycle=7012 time=1.5785640021718333e-01 dt=8.1652546462192926e-07
cycle=7013 time=1.5785721674264797e-01 dt=8.1652497630703876e-07
cycle=7014 time=1.5785803326762426e-01 dt=8.1774040862949198e-07
cycle=7015 time=1.5785885100803290e-01 dt=8.1995066179019772e-07
cycle=7016 time=1.5785967095869469e-01 dt=8.2292913525234108e-07
cycle=7017 time=1.5786049388782994e-01 dt=8.2644773973969089e-07
cycle=7018 time=1.5786132033556968e-01 dt=8.3072538552048652e-07
cycle=7019 time=1.5786215106095519e-01 dt=8.3529107837515831e-07
cycle=7020 time=1.5786298635203358e-01 dt=8.3920018177242636e-07
cycle=7021 time=1.5786382555221534e-01 dt=8.4197964704363068e-07
cycle=7022 time=1.5786466753186237e-01 dt=8.4262103377546951e-07
cycle=7023 time=1.5786551015289615e-01 dt=8.4171158520635736e-07
cycle=7024 time=1.5786635186448136e-01 dt=8.3967832942747819e-07
cycle=7025 time=1.5786719154281079e-01 dt=8.3686716951237023e-07
cycle=7026 time=1.5786802840998029e-01 dt=8.3354839536496929e-07
cycle=7027 time=1.5786886195837566e-01 dt=8.2992634300297207e-07
cycle=7028 time=1.5786969188471867e-01 dt=8.2624179186467464e-07
cycle=7029 time=1.5787051812651054e-01 dt=8.2247697105878744e-07
cycle=7030 time=1.5787134060348160e-01 dt=8.1850922562423055e-07
cycle=7031 time=1.5787215911270722e-01 dt=8.1454553532592388e-07
cycle=7032 time=1.5787297365824254e-01 dt=8.1072382157578890e-07
cycle=7033 time=1.5787378438206412e-01 dt=8.0712241120503878e-07
cycle=7034 time=1.5787459150447533e-01 dt=8.0377494935746390e-07
cycle=7035 time=1.5787539527942468e-01 dt=8.0068540043360611e-07
cycle=7036 time=1.5787619596482511e-01 dt=7.9784007594330725e-07
cycle=7037 time=1.5787699380490106e-01 dt=7.9521521482564510e-07
cycle=7038 time=1.5787778902011587e-01 dt=7.9278050819112290e-07
cycle=7039 time=1.5787858180062406e-01 dt=7.9045788231686718e-07
cycle=7040 time=1.5787937225850637e-01 dt=7.9931489671121508e-07
cycle=7041 time=1.5788017157340309e-01 dt=8.2106568357092582e-07
cycle=7042 time=1.5788099263908667e-01 dt=8.5860742299337647e-07
cycle=7043 time=1.5788185124650966e-01 dt=9.1724243391371812e-07
cycle=7044 time=1.5788276848894359e-01 dt=9.4493239235876020e-07
cycle=7045 time=1.5788371342133595e-01 dt=1.0151888931355427e-06
cycle=7046 time=1.5788472861022909e-01 dt=1.1544521265718473e-06
cycle=7047 time=1.5788588306235565e-01 dt=1.2784873170570546e-06
cycle=7048 time=1.5788716154967272e-01 dt=1.2477227398572517e-06
cycle=7049 time=1.5788840927241257e-01 dt=1.2050578928103980e-06
cycle=7050 time=1.5788961433030538e-01 dt=1.1542953866677585e-06
cycle=7051 time=1.5789076862569204e-01 dt=1.0992074748790328e-06
cycle=7052 time=1.5789186783316692e-01 dt=1.0433298991079683e-06
cycle=7053 time=1.5789291116306603e-01 dt=9.8974486905741364e-07
cycle=7054 time=1.5789390090793509e-01 dt=9.4044993670811024e-07
cycle=7055 time=1.5789484135787180e-01 dt=8.9708610057639473e-07
cycle=7056 time=1.5789573844397237e-01 dt=8.6238044722209765e-07
cycle=7057 time=1.5789660082441959e-01 dt=8.3767510421965030e-07
cycle=7058 time=1.5789743849952381e-01 dt=8.2014107828117463e-07
cycle=7059 time=1.5789825864060208e-01 dt=8.0775414228062996e-07
cycle=7060 time=1.5789906639474435e-01 dt=7.9901786030830335e-07
cycle=7061 time=1.5789986541260467e-01 dt=7.9224310854876692e-07
cycle=7062 time=1.5790065765571323e-01 dt=7.8644375366694199e-07
cycle=7063 time=1.5790144409946691e-01 dt=7.8154433603409430e-07
cycle=7064 time=1.5790222564380293e-01 dt=7.7747180356157423e-07
cycle=7065 time=1.5790300311560648e-01 dt=7.7415563074861579e-07
cycle=7066 time=1.5790377727123722e-01 dt=7.7152781818003299e-07
cycle=7067 time=1.5790454879905541e-01 dt=7.6952284278046014e-07
cycle=7068 time=1.5790531832189819e-01 dt=7.6807724452841276e-07
cycle=7069 time=1.5790608639914272e-01 dt=7.6712978832041646e-07
cycle=7070 time=1.5790685352893105e-01 dt=7.6662150030534390e-07
cycle=7071 time=1.5790762015043136e-01 dt=7.6649572824648982e-07
cycle=7072 time=1.5790838664615961e-01 dt=7.6669818920593954e-07
cycle=7073 time=1.5790915334434882e-01 dt=7.6717700961943400e-07
cycle=7074 time=1.5790992052135844e-01 dt=7.6788282509724642e-07
cycle=7075 time=1.5791068840418354e-01 dt=7.6876889113191773e-07
cycle=7076 time=1.5791145717307467e-01 dt=7.6979119439291566e-07
cycle=7077 time=1.5791222696426907e-01 dt=7.7090856091496025e-07
cycle=7078 time=1.5791299787282997e-01 dt=7.7208277684321577e-07
cycle=7079 time=1.5791376995560683e-01 dt=7.7330074397829406e-07
cycle=7080 time=1.5791454325635079e-01 dt=7.7486874971000559e-07
cycle=7081 time=1.5791531812510051e-01 dt=7.7681326624496836e-07
cycle=7082 time=1.5791609493836675e-01 dt=7.7859761308796963e-07
cycle=7083 time=1.5791687353597983e-01 dt=7.7999692790597778e-07
cycle=7084 time=1.5791765353290774e-01 dt=7.8093215863919296e-07
cycle=7085 time=1.5791843446506637e-01 dt=7.8137113380220822e-07
cycle=7086 time=1.5791921583620017e-01 dt=7.8130828505922891e-07
cycle=7087 time=1.5791999714448524e-01 dt=7.8076066645509751e-07
cycle=7088 time=1.5792077790515169e-01 dt=7.7976330400236800e-07
cycle=7089 time=1.5792155766845570e-01 dt=7.7836345849618156e-07
cycle=7090 time=1.5792233603191419e-01 dt=7.7661601565545238e-07
cycle=7091 time=1.5792311264792985e-01 dt=7.7457984693841257e-07
cycle=7092 time=1.5792388722777678e-01 dt=7.7231477731247429e-07
cycle=7093 time=1.5792465954255411e-01 dt=7.6987911206175364e-07
cycle=7094 time=1.5792542942166618e-01 dt=7.6732892728896704e-07
cycle=7095 time=1.5792619675059347e-01 dt=7.6471999570294435e-07
cycle=7096 time=1.5792696147058918e-01 dt=7.6209822295945273e-07
cycle=7097 time=1.5792772356881216e-01 dt=7.5950226797391071e-07
cycle=7098 time=1.5792848307108012e-01 dt=7.5696348624266786e-07
cycle=7099 time=1.5792924003456638e-01 dt=7.5450591571021744e-07
cycle=7100 time=1.5792999454048209e-01 dt=7.5214670845542536e-07
cycle=7101 time=1.5793074668719054e-01 dt=7.4989681387868360e-07
cycle=7102 time=1.5793149658400440e-01 dt=7.4776173656288258e-07
cycle=7103 time=1.5793224434574096e-01 dt=7.4574238187024706e-07
cycle=7104 time=1.5793299008812284e-01 dt=7.4383591975149900e-07
cycle=7105 time=1.5793373392404259e-01 dt=7.4203661602526466e-07
cycle=7106 time=1.5793447596065860e-01 dt=7.4033660536416947e-07
cycle=7107 time=1.5793521629726395e-01 dt=7.3872658631948971e-07
cycle=7108 time=1.5793595502385027e-01 dt=7.3719642391119522e-07
cycle=7109 time=1.5793669222027418e-01 dt=7.3573566200380570e-07
cycle=7110 time=1.5793742795593618e-01 dt=7.3433394475353523e-07
cycle=7111 time=1.5793816228988095e-01 dt=7.3298135435806013e-07
cycle=7112 time=1.5793889527123531e-01 dt=7.3166867131000642e-07
cycle=7113 time=1.5793962693990662e-01 dt=7.3038755814550946e-07
cycle=7114 time=1.5794035732746478e-01 dt=7.2913065135727823e-07
cycle=7115 time=1.5794108645811614e-01 dt=7.2789166380926680e-07
cycle=7116 time=1.5794181434977994e-01 dt=7.2666537783785200e-07
cycle=7117 time=1.5794254101515778e-01 dt=7.2544763062973147e-07
cycle=7118 time=1.5794326646278842e-01 dt=7.2423528009881334e-07
cycle=7119 time=1.5794399069806853e-01 dt=7.2302612256888998e-07
cycle=7120 time=1.5794471372419108e-01 dt=7.2181884218991916e-07
cycle=7121 time=1.5794543554303328e-01 dt=7.2061299157744803e-07
cycle=7122 time=1.5794615615602486e-01 dt=7.1940880237000983e-07
cycle=7123 time=1.5794687556482723e-01 dt=7.1820695129250989e-07
cycle=7124 time=1.5794759377177853e-01 dt=7.1700850633200104e-07
cycle=7125 time=1.5794831078028487e-01 dt=7.1581475968818077e-07
cycle=7126 time=1.5794902659504456e-01 dt=7.1462710044694345e-07
cycle=7127 time=1.5794974122214500e-01 dt=7.1344691733625912e-07
cycle=7128 time=1.5795045466906235e-01 dt=7.1227552716887412e-07
cycle=7129 time=1.5795116694458952e-01 dt=7.1111411258781546e-07
cycle=7130 time=1.5795187805870212e-01 dt=7.0996369686457203e-07
cycle=7131 time=1.5795258802239898e-01 dt=7.0882511750496054e-07
cycle=7132 time=1.5795329684751649e-01 dt=7.0769898574931704e-07
cycle=7133 time=1.5795400454650224e-01 dt=7.0658576785832292e-07
cycle=7134 time=1.5795471113227011e-01 dt=7.0548574636285031e-07
cycle=7135 time=1.5795541661801646e-01 dt=7.0439904867221956e-07
cycle=7136 time=1.5795612101706513e-01 dt=7.0332561236634212e-07
cycle=7137 time=1.5795682434267749e-01 dt=7.0226519524781970e-07
cycle=7138 time=1.5795752660787274e-01 dt=7.0121741296544520e-07
cycle=7139 time=1.5795822782528571e-01 dt=7.0018177779915838e-07
cycle=7140 time=1.5795892800706351e-01 dt=6.9915773815140049e-07
cycle=7141 time=1.5795962716480166e-01 dt=6.9814370455504245e-07
cycle=7142 time=1.5796032530850621e-01 dt=6.9713908158956718e-07
cycle=7143 time=1.5796102244758781e-01 dt=6.9614332318038289e-07
cycle=7144 time=1.5796171859091099e-01 dt=6.9515595315421613e-07
cycle=7145 time=1.5796241374686415e-01 dt=6.9417662064047333e-07
cycle=7146 time=1.5796310792348478e-01 dt=6.9320463242705237e-07
cycle=7147 time=1.5796380112811720e-01 dt=6.9223929903874081e-07
cycle=7148 time=1.5796449336741625e-01 dt=6.9127225129423848e-07
cycle=7149 time=1.5796518463966755e-01 dt=6.9030154544491081e-07
cycle=7150 time=1.5796587494121300e-01 dt=6.8932626752335053e-07
cycle=7151 time=1.5796656426748051e-01 dt=6.8834557457817450e-07
cycle=7152 time=1.5796725261305508e-01 dt=6.8736004947895065e-07
cycle=7153 time=1.5796793997310457e-01 dt=6.8637073720286328e-07
cycle=7154 time=1.5796862634384176e-01 dt=6.8537900561271071e-07
cycle=7155 time=1.5796931172284737e-01 dt=6.8440824131529340e-07
cycle=7156 time=1.5796999613108867e-01 dt=6.8345193530964139e-07
cycle=7157 time=1.5797067958302397e-01 dt=6.8249735551745091e-07
cycle=7158 time=1.5797136208037948e-01 dt=6.8154511227901542e-07
cycle=7159 time=1.5797204362549178e-01 dt=6.8059593693732419e-07
cycle=7160 time=1.5797272422142872e-01 dt=6.7962606694206944e-07
cycle=7161 time=1.5797340384749567e-01 dt=6.7863519037305440e-07
cycle=7162 time=1.5797408248268605e-01 dt=6.7764344209574788e-07
cycle=7163 time=1.5797476012612813e-01 dt=6.7665359793069581e-07
cycle=7164 time=1.5797543677972606e-01 dt=6.7566841079934406e-07
cycle=7165 time=1.5797611244813686e-01 dt=6.7469046022314447e-07
cycle=7166 time=1.5797678713859709e-01 dt=6.7372203382785632e-07
cycle=7167 time=1.5797746086063091e-01 dt=6.7276508436379008e-07
cycle=7168 time=1.5797813362571528e-01 dt=6.7182106922004048e-07
cycle=7169 time=1.5797880544678450e-01 dt=6.7304332560515167e-07
cycle=7170 time=1.5797947849011010e-01 dt=6.8393235675857527e-07
cycle=7171 time=1.5798016242246685e-01 dt=7.1069789230344194e-07
cycle=7172 time=1.5798087312035916e-01 dt=7.6427192567835888e-07
cycle=7173 time=1.5798163739228485e-01 dt=8.6503016032217788e-07
cycle=7174 time=1.5798250242244519e-01 dt=1.0542847603608113e-06
cycle=7175 time=1.5798355670720554e-01 dt=1.1421309996806030e-06
cycle=7176 time=1.5798469883820523e-01 dt=1.1395409011696913e-06
cycle=7177 time=1.5798583837910640e-01 dt=1.1236397439521876e-06
cycle=7178 time=1.5798696201885035e-01 dt=1.0950933109465887e-06
cycle=7179 time=1.5798805711216130e-01 dt=1.0565634695675634e-06
cycle=7180 time=1.5798911367563087e-01 dt=1.0109759449129890e-06
cycle=7181 time=1.5799012465157578e-01 dt=9.6142885855289937e-07
cycle=7182 time=1.5799108608043433e-01 dt=9.1095568715146624e-07
cycle=7183 time=1.5799199703612149e-01 dt=8.6214167875711824e-07
cycle=7184 time=1.5799285917780026e-01 dt=8.1719417092071646e-07
cycle=7185 time=1.5799367637197118e-01 dt=7.7861902373281545e-07
cycle=7186 time=1.5799445499099490e-01 dt=7.5100684716657935e-07
cycle=7187 time=1.5799520599784206e-01 dt=7.3111502965253551e-07
cycle=7188 time=1.5799593711287171e-01 dt=7.1693625965310231e-07
cycle=7189 time=1.5799665404913138e-01 dt=7.0700410386417512e-07
cycle=7190 time=1.5799736105323525e-01 dt=6.9825193001021697e-07
cycle=7191 time=1.5799805930516525e-01 dt=6.9054777732174111e-07
cycle=7192 time=1.5799874985294257e-01 dt=6.8386464252733062e-07
cycle=7193 time=1.5799943371758510e-01 dt=6.7816406882507406e-07
cycle=7194 time=1.5800011188165392e-01 dt=6.7340171438394178e-07
cycle=7195 time=1.5800078528336831e-01 dt=6.6953359389789611e-07
cycle=7196 time=1.5800145481696221e-01 dt=6.6651599094694935e-07
cycle=7197 time=1.5800212133295316e-01 dt=6.6430508857063992e-07
cycle=7198 time=1.5800278563804174e-01 dt=6.6285654135617846e-07
cycle=7199 time=1.5800344849458309e-01 dt=6.6212547456734432e-07
cycle=7200 time=1.5800411062005765e-01 dt=6.6206614711719262e-07
cycle=7201 time=1.5800477268620478e-01 dt=6.6263181770765857e-07
cycle=7202 time=1.5800543531802247e-01 dt=6.6377469508561566e-07
cycle=7203 time=1.5800609909271757e-01 dt=6.6544601887474318e-07
cycle=7204 time=1.5800676453873644e-01 dt=6.6759500082836015e-07
cycle=7205 time=1.5800743213373727e-01 dt=6.7016360039307204e-07
cycle=7206 time=1.5800810229733767e-01 dt=6.7303213356569195e-07
cycle=7207 time=1.5800877532947122e-01 dt=6.7608274111774991e-07
cycle=7208 time=1.5800945141221234e-01 dt=6.7927886600311993e-07
cycle=7209 time=1.5801013069107833e-01 dt=6.8258288189667287e-07
cycle=7210 time=1.5801081327396022e-01 dt=6.8595690693301932e-07
cycle=7211 time=1.5801149923086716e-01 dt=6.8936427690690020e-07
cycle=7212 time=1.5801218859514407e-01 dt=6.9277007600152724e-07
cycle=7213 time=1.5801288136522007e-01 dt=6.9614254639612550e-07
cycle=7214 time=1.5801357750776646e-01 dt=6.9945135798274624e-07
cycle=7215 time=1.5801427695912443e-01 dt=7.0287620647683736e-07
cycle=7216 time=1.5801497983533092e-01 dt=7.0672987217042873e-07
cycle=7217 time=1.5801568656520310e-01 dt=7.1103702928161539e-07
cycle=7218 time=1.5801639760223238e-01 dt=7.1565470309025675e-07
cycle=7219 time=1.5801711325693546e-01 dt=7.1974338384672728e-07
cycle=7220 time=1.5801783300031930e-01 dt=7.2322718044857619e-07
cycle=7221 time=1.5801855622749975e-01 dt=7.2605000746348631e-07
cycle=7222 time=1.5801928227750722e-01 dt=7.2818594691548128e-07
cycle=7223 time=1.5802001046345412e-01 dt=7.2963524484471104e-07
cycle=7224 time=1.5802074009869896e-01 dt=7.3042377887992408e-07
cycle=7225 time=1.5802147052247784e-01 dt=7.3060048555225511e-07
cycle=7226 time=1.5802220112296339e-01 dt=7.3023396038329370e-07
cycle=7227 time=1.5802293135692377e-01 dt=7.2940853758903095e-07
cycle=7228 time=1.5802366076546137e-01 dt=7.2822004552271393e-07
cycle=7229 time=1.5802438898550689e-01 dt=7.2677136517993464e-07
cycle=7230 time=1.5802511575687206e-01 dt=7.0061096067885526e-07
cycle=7231 time=1.5802581636783275e-01 dt=6.6665230643389666e-07
cycle=7232 time=1.5802648302013919e-01 dt=6.3690879092803810e-07
cycle=7233 time=1.5802711992893012e-01 dt=6.1972881319778080e-07
cycle=7234 time=1.5802773965774333e-01 dt=6.1088873527445154e-07
cycle=7235 time=1.5802835054647860e-01 dt=6.0390742881251890e-07
cycle=7236 time=1.5802895445390741e-01 dt=5.9846031816348457e-07
cycle=7237 time=1.5802955291422557e-01 dt=5.9432884500865170e-07
cycle=7238 time=1.5803014724307057e-01 dt=5.9130077299366399e-07
cycle=7239 time=1.5803073854384356e-01 dt=5.8917355428006075e-07
cycle=7240 time=1.5803132771739783e-01 dt=5.8775633296307932e-07
cycle=7241 time=1.5803191547373080e-01 dt=5.8687196188892135e-07
cycle=7242 time=1.5803250234569269e-01 dt=5.8636310234160203e-07
cycle=7243 time=1.5803308870879504e-01 dt=5.8608647861772118e-07
cycle=7244 time=1.5803367479527367e-01 dt=5.9496554141277044e-07
cycle=7245 time=1.5803426976081508e-01 dt=6.2525223686316715e-07
cycle=7246 time=1.5803489501305196e-01 dt=6.8389975346745025e-07
cycle=7247 time=1.5803557891280542e-01 dt=7.8212136662992421e-07
cycle=7248 time=1.5803636103417207e-01 dt=8.6068541694861624e-07
cycle=7249 time=1.5803722171958900e-01 dt=8.9772980379875631e-07
cycle=7250 time=1.5803811944939281e-01 dt=9.2870563368992506e-07
cycle=7251 time=1.5803904815502651e-01 dt=9.5258439419711783e-07
cycle=7252 time=1.5804000073942071e-01 dt=9.6882782867454452e-07
cycle=7253 time=1.5804096956724939e-01 dt=9.7725664831416899e-07
cycle=7254 time=1.5804194682389772e-01 dt=9.0308025834271529e-07
cycle=7255 time=1.5804284990415607e-01 dt=8.0932476746828500e-07
cycle=7256 time=1.5804365922892355e-01 dt=7.4254407932215427e-07
cycle=7257 time=1.5804440177300288e-01 dt=7.2046527987048821e-07
cycle=7258 time=1.5804512223828276e-01 dt=7.1286153699518738e-07
cycle=7259 time=1.5804583509981976e-01 dt=7.0908849591713329e-07
cycle=7260 time=1.5804654418831568e-01 dt=7.0827616498618817e-07
cycle=7261 time=1.5804725246448068e-01 dt=7.0966549312698499e-07
cycle=7262 time=1.5804796212997380e-01 dt=7.1259142942907174e-07
cycle=7263 time=1.5804867472140322e-01 dt=7.1648018430844329e-07
cycle=7264 time=1.5804939120158754e-01 dt=7.2084711278765769e-07
cycle=7265 time=1.5805011204870031e-01 dt=7.2368016295306981e-07
cycle=7266 time=1.5805083572886328e-01 dt=7.2473524716278807e-07
cycle=7267 time=1.5805156046411045e-01 dt=7.2523925634311426e-07
cycle=7268 time=1.5805228570336680e-01 dt=7.2556984797581370e-07
cycle=7269 time=1.5805301127321478e-01 dt=7.2575086745179262e-07
cycle=7270 time=1.5805373702408224e-01 dt=7.2554607100888476e-07
cycle=7271 time=1.5805446257015324e-01 dt=7.2483769689205707e-07
cycle=7272 time=1.5805518740785013e-01 dt=7.2362970890993195e-07
cycle=7273 time=1.5805591103755903e-01 dt=7.2200452441379723e-07
cycle=7274 time=1.5805663304208345e-01 dt=7.2008485647960764e-07
cycle=7275 time=1.5805735312693994e-01 dt=7.1799861291864248e-07
cycle=7276 time=1.5805807112555287e-01 dt=7.1585564266293534e-07
cycle=7277 time=1.5805878698119552e-01 dt=7.1373654284547498e-07
cycle=7278 time=1.5805950071773836e-01 dt=7.1168965481209650e-07
cycle=7279 time=1.5806021240739318e-01 dt=7.0973026513935910e-07
cycle=7280 time=1.5806092213765832e-01 dt=7.0785601983360668e-07
cycle=7281 time=1.5806162999367815e-01 dt=7.0605499917581728e-07
cycle=7282 time=1.5806233604867734e-01 dt=7.0431134501666627e-07
cycle=7283 time=1.5806304036002236e-01 dt=7.0259905237856656e-07
cycle=7284 time=1.5806374295907474e-01 dt=7.0090487415792986e-07
cycle=7285 time=1.5806444386394891e-01 dt=6.9922359179721877e-07
cycle=7286 time=1.5806514308754072e-01 dt=6.9755304587234687e-07
cycle=7287 time=1.5806584064058660e-01 dt=6.9589394921341593e-07
cycle=7288 time=1.5806653653453581e-01 dt=6.9424837841157935e-07
cycle=7289 time=1.5806723078291424e-01 dt=6.9261879825621608e-07
cycle=7290 time=1.5806792340171250e-01 dt=6.9100729074278205e-07
cycle=7291 time=1.5806861440900324e-01 dt=6.9425412352283647e-07
cycle=7292 time=1.5806930866312677e-01 dt=7.0497985293467640e-07
cycle=7293 time=1.5807001364297971e-01 dt=7.2193666529713814e-07
cycle=7294 time=1.5807073557964502e-01 dt=7.4368507992306501e-07
cycle=7295 time=1.5807147926472495e-01 dt=7.6873879145268558e-07
cycle=7296 time=1.5807224800351641e-01 dt=7.9568657557349474e-07
cycle=7297 time=1.5807304369009198e-01 dt=8.2318856690614943e-07
cycle=7298 time=1.5807386687865888e-01 dt=8.5001196262649426e-07
cycle=7299 time=1.5807471689062150e-01 dt=8.7474872826884255e-07
cycle=7300 time=1.5807559163934976e-01 dt=8.8628059303822660e-07
cycle=7301 time=1.5807647791994278e-01 dt=8.9305240946241987e-07
cycle=7302 time=1.5807737097235225e-01 dt=8.9667084695643407e-07
cycle=7303 time=1.5807826764319921e-01 dt=8.9890780028493395e-07
cycle=7304 time=1.5807916655099949e-01 dt=9.0142702787692025e-07
cycle=7305 time=1.5808006797802737e-01 dt=9.0557882423244226e-07
cycle=7306 time=1.5808097355685161e-01 dt=9.1227866163285995e-07
cycle=7307 time=1.5808188583551325e-01 dt=9.2197537882247838e-07
cycle=7308 time=1.5808280781089207e-01 dt=9.1826495524070653e-07
cycle=7309 time=1.5808372607584731e-01 dt=8.9088110841406146e-07
cycle=7310 time=1.5808461695695572e-01 dt=8.6221998190633831e-07
cycle=7311 time=1.5808547917693763e-01 dt=8.3478639747888154e-07
cycle=7312 time=1.5808631396333511e-01 dt=8.0978907022127022e-07
cycle=7313 time=1.5808712375240533e-01 dt=7.8813759721947569e-07
cycle=7314 time=1.5808791189000254e-01 dt=7.7035174946088095e-07
cycle=7315 time=1.5808868224175202e-01 dt=7.5737354427390251e-07
cycle=7316 time=1.5808943961529628e-01 dt=7.4901221305669370e-07
cycle=7317 time=1.5809018862750934e-01 dt=7.4397075687126148e-07
cycle=7318 time=1.5809093259826620e-01 dt=7.4130736911762646e-07
cycle=7319 time=1.5809167390563533e-01 dt=7.4033259023367234e-07
cycle=7320 time=1.5809241423822556e-01 dt=7.4053935216546055e-07
cycle=7321 time=1.5809315477757774e-01 dt=7.4155362249197000e-07
cycle=7322 time=1.5809389633120022e-01 dt=7.4313345180196924e-07
cycle=7323 time=1.5809463946465202e-01 dt=7.4572794974047723e-07
cycle=7324 time=1.5809538519260177e-01 dt=7.4923940675495387e-07
cycle=7325 time=1.5809613443200854e-01 dt=7.5333348027168185e-07
cycle=7326 time=1.5809688776548880e-01 dt=7.5768550035183767e-07
cycle=7327 time=1.5809764545098914e-01 dt=7.6201154050814068e-07
cycle=7328 time=1.5809840746252965e-01 dt=7.6607791841374257e-07
cycle=7329 time=1.5809917354044806e-01 dt=7.6970417880254988e-07
cycle=7330 time=1.5809994324462687e-01 dt=7.7276232722626427e-07
cycle=7331 time=1.5810071600695411e-01 dt=7.7517371175869793e-07
cycle=7332 time=1.5810149118066585e-01 dt=7.7690394436374659e-07
cycle=7333 time=1.5810226808461023e-01 dt=7.7795826701797174e-07
cycle=7334 time=1.5810304604287725e-01 dt=7.7837420505367548e-07
cycle=7335 time=1.5810382441708232e-01 dt=7.7821429335517752e-07
cycle=7336 time=1.5810460263137568e-01 dt=7.7755868552698962e-07
cycle=7337 time=1.5810538019006121e-01 dt=7.7649803693094529e-07
cycle=7338 time=1.5810615668809813e-01 dt=7.7512665309855696e-07
cycle=7339 time=1.5810693181475122e-01 dt=7.7353725872861227e-07
cycle=7340 time=1.5810770535200994e-01 dt=7.7181622791471507e-07
cycle=7341 time=1.5810847716823784e-01 dt=7.3797686888572257e-07
cycle=7342 time=1.5810921514510673e-01 dt=6.9584827857842660e-07
cycle=7343 time=1.5810991099338531e-01 dt=6.5626280932953145e-07
cycle=7344 time=1.5811056725619463e-01 dt=6.2334934436474179e-07
cycle=7345 time=1.5811119060553899e-01 dt=5.9988723615151295e-07
cycle=7346 time=1.5811179049277516e-01 dt=5.8701314528938657e-07
cycle=7347 time=1.5811237750592044e-01 dt=5.8441699718935083e-07
cycle=7348 time=1.5811296192291763e-01 dt=5.9092572675217814e-07
cycle=7349 time=1.5811355284864437e-01 dt=6.0503811017019327e-07
cycle=7350 time=1.5811415788675454e-01 dt=6.6233777057173114e-07
cycle=7351 time=1.5811482022452511e-01 dt=8.0091420694835693e-07
cycle=7352 time=1.5811562113873207e-01 dt=8.0682549214297057e-07
cycle=7353 time=1.5811642796422420e-01 dt=8.0835956572705065e-07
cycle=7354 time=1.5811723632378993e-01 dt=8.0616185257774551e-07
cycle=7355 time=1.5811804248564251e-01 dt=8.0095037685161404e-07
cycle=7356 time=1.5811884343601937e-01 dt=7.9346347467495933e-07
cycle=7357 time=1.5811963689949404e-01 dt=7.8442625804760994e-07
cycle=7358 time=1.5812042132575210e-01 dt=7.7450649686412227e-07
cycle=7359 time=1.5812119583224896e-01 dt=7.6430526544911791e-07
cycle=7360 time=1.5812196013751439e-01 dt=7.5430975760565699e-07
cycle=7361 time=1.5812271444727199e-01 dt=7.4492472591133944e-07
cycle=7362 time=1.5812345937199790e-01 dt=7.3643527915503162e-07
cycle=7363 time=1.5812419580727705e-01 dt=7.2901897231349656e-07
cycle=7364 time=1.5812492482624935e-01 dt=7.2276423441841030e-07
cycle=7365 time=1.5812564759048375e-01 dt=7.1768607160636506e-07
cycle=7366 time=1.5812636527655535e-01 dt=7.1377175134320903e-07
cycle=7367 time=1.5812707904830670e-01 dt=7.1100027116482190e-07
cycle=7368 time=1.5812779004857785e-01 dt=7.0906223411011452e-07
cycle=7369 time=1.5812849911081198e-01 dt=7.1108251800255260e-07
cycle=7370 time=1.5812921019332998e-01 dt=7.2409307900083133e-07
cycle=7371 time=1.5812993428640898e-01 dt=7.5386585814891519e-07
cycle=7372 time=1.5813068815226713e-01 dt=8.0965467936768798e-07
cycle=7373 time=1.5813149780694649e-01 dt=9.0774203396165674e-07
cycle=7374 time=1.5813240554898045e-01 dt=9.2835855584988817e-07
cycle=7375 time=1.5813333390753631e-01 dt=9.2164044602071098e-07
cycle=7376 time=1.5813425554798233e-01 dt=9.1008604686474332e-07
cycle=7377 time=1.5813516563402918e-01 dt=8.9536931039786153e-07
cycle=7378 time=1.5813606100333957e-01 dt=8.7905984602419910e-07
cycle=7379 time=1.5813694006318560e-01 dt=8.6254304676507031e-07
cycle=7380 time=1.5813780260623236e-01 dt=8.4693758187819396e-07
cycle=7381 time=1.5813864954381424e-01 dt=8.3306575253443976e-07
cycle=7382 time=1.5813948260956678e-01 dt=8.2143752191364397e-07
cycle=7383 time=1.5814030404708870e-01 dt=8.1218062066116293e-07
cycle=7384 time=1.5814111622770938e-01 dt=8.0537523970727856e-07
cycle=7385 time=1.5814192160294910e-01 dt=8.0132481829716519e-07
cycle=7386 time=1.5814272292776740e-01 dt=7.9946513566536374e-07
cycle=7387 time=1.5814352239290308e-01 dt=7.9920146249794072e-07
cycle=7388 time=1.5814432159436559e-01 dt=8.0010454620874412e-07
cycle=7389 time=1.5814512169891179e-01 dt=8.0186157672251292e-07
cycle=7390 time=1.5814592356048851e-01 dt=8.0424455201689598e-07
cycle=7391 time=1.5814672780504052e-01 dt=8.0706150017532213e-07
cycle=7392 time=1.5814753486654071e-01 dt=8.1038958898182737e-07
cycle=7393 time=1.5814834525612970e-01 dt=8.1429516757820081e-07
cycle=7394 time=1.5814915955129727e-01 dt=8.1865980575609844e-07
cycle=7395 time=1.5814997821110302e-01 dt=8.2331772397270441e-07
cycle=7396 time=1.5815080152882699e-01 dt=8.2810323430635682e-07
cycle=7397 time=1.5815162963206131e-01 dt=8.3291941809561290e-07
cycle=7398 time=1.5815246255147941e-01 dt=8.3773073733929170e-07
cycle=7399 time=1.5815330028221675e-01 dt=8.4251032603148311e-07
cycle=7400 time=1.5815414279254278e-01 dt=8.4723184138160656e-07
cycle=7401 time=1.5815499002438416e-01 dt=8.5188229299215932e-07
cycle=7402 time=1.5815584190667714e-01 dt=8.5645968198783210e-07
cycle=7403 time=1.5815669836635912e-01 dt=8.6096944818559712e-07
cycle=7404 time=1.5815755933580730e-01 dt=8.6542358303469839e-07
cycle=7405 time=1.5815842475939035e-01 dt=8.6983753613468535e-07
cycle=7406 time=1.5815929459692649e-01 dt=8.7423266191713819e-07
cycle=7407 time=1.5816016882958842e-01 dt=8.7863289070866220e-07
cycle=7408 time=1.5816104746247914e-01 dt=8.8306205408948295e-07
cycle=7409 time=1.5816193052453323e-01 dt=8.8754206896872586e-07
cycle=7410 time=1.5816281806660221e-01 dt=8.9208580848667345e-07
cycle=7411 time=1.5816371015241068e-01 dt=8.9670299544644840e-07
cycle=7412 time=1.5816460685540612e-01 dt=9.0140002671415089e-07
cycle=7413 time=1.5816550825543282e-01 dt=9.0618041725025833e-07
cycle=7414 time=1.5816641443585008e-01 dt=9.0784152935905758e-07
cycle=7415 time=1.5816732227737945e-01 dt=8.9148568275899108e-07
cycle=7416 time=1.5816821376306220e-01 dt=8.7428365120178752e-07
cycle=7417 time=1.5816908804671340e-01 dt=8.5726387159414835e-07
cycle=7418 time=1.5816994531058498e-01 dt=8.4125635713210704e-07
cycle=7419 time=1.5817078656694211e-01 dt=8.2688426744838184e-07
cycle=7420 time=1.5817161345120956e-01 dt=8.1456496528074576e-07
cycle=7421 time=1.5817242801617484e-01 dt=8.0453092939478115e-07
cycle=7422 time=1.5817323254710425e-01 dt=7.9683599896896479e-07
cycle=7423 time=1.5817402938310321e-01 dt=7.9140266548564198e-07
cycle=7424 time=1.5817482078576869e-01 dt=7.8792378423548436e-07
cycle=7425 time=1.5817560870955294e-01 dt=7.8595939240023254e-07
cycle=7426 time=1.5817639466894534e-01 dt=7.8523657383313421e-07
cycle=7427 time=1.5817717990551919e-01 dt=7.8569008327020306e-07
cycle=7428 time=1.5817796559560246e-01 dt=7.8716007053805614e-07
cycle=7429 time=1.5817875275567300e-01 dt=7.8946519232708269e-07
cycle=7430 time=1.5817954222086533e-01 dt=7.9238655045573575e-07
cycle=7431 time=1.5818033460741579e-01 dt=7.9568112691362890e-07
cycle=7432 time=1.5818113028854269e-01 dt=7.9909885510447260e-07
cycle=7433 time=1.5818192938739781e-01 dt=8.0240530657924784e-07
cycle=7434 time=1.5818273179270440e-01 dt=8.0540063221583777e-07
cycle=7435 time=1.5818353719333661e-01 dt=8.0792634629874957e-07
cycle=7436 time=1.5818434511968291e-01 dt=8.0986854267703046e-07
cycle=7437 time=1.5818515498822558e-01 dt=8.1116463446726286e-07
cycle=7438 time=1.5818596615286004e-01 dt=8.1180362728633878e-07
cycle=7439 time=1.5818677795648733e-01 dt=8.1181893313199470e-07
cycle=7440 time=1.5818758977542047e-01 dt=8.1127953043267495e-07
cycle=7441 time=1.5818840105495091e-01 dt=8.1028584718770770e-07
cycle=7442 time=1.5818921134079811e-01 dt=8.0895552274327768e-07
cycle=7443 time=1.5819002029632084e-01 dt=8.0741076210123300e-07
cycle=7444 time=1.5819082770708295e-01 dt=8.0577000245439210e-07
cycle=7445 time=1.5819163347708540e-01 dt=8.0414236933723104e-07
cycle=7446 time=1.5819243761945473e-01 dt=8.0262286219297960e-07
cycle=7447 time=1.5819324024231693e-01 dt=8.0130161762722175e-07
cycle=7448 time=1.5819404154393454e-01 dt=8.0037288028268939e-07
cycle=7449 time=1.5819484191681482e-01 dt=7.9999471253175495e-07
cycle=7450 time=1.5819564191152735e-01 dt=8.0015698069150636e-07
cycle=7451 time=1.5819644206850805e-01 dt=8.0081619307094674e-07
cycle=7452 time=1.5819724288470113e-01 dt=8.0191808286571569e-07
cycle=7453 time=1.5819804480278399e-01 dt=8.0339972993151419e-07
cycle=7454 time=1.5819884820251393e-01 dt=8.0504796842788924e-07
cycle=7455 time=1.5819965325048235e-01 dt=8.0698374193373117e-07
cycle=7456 time=1.5820046023422429e-01 dt=8.0941774131724477e-07
cycle=7457 time=1.5820126965196560e-01 dt=8.1262929315928393e-07
cycle=7458 time=1.5820208228125876e-01 dt=8.1677000087112010e-07
cycle=7459 time=1.5820289905125964e-01 dt=8.2176003197438411e-07
cycle=7460 time=1.5820372081129161e-01 dt=8.2740461708231077e-07
cycle=7461 time=1.5820454821590868e-01 dt=8.3355041170547887e-07
cycle=7462 time=1.5820538176632037e-01 dt=8.4010476103160261e-07
cycle=7463 time=1.5820622187108141e-01 dt=8.4703543898465633e-07
cycle=7464 time=1.5820706890652039e-01 dt=8.5444758753298835e-07
cycle=7465 time=1.5820792335410794e-01 dt=8.6277606092166841e-07
cycle=7466 time=1.5820878613016887e-01 dt=8.7199177718816032e-07
cycle=7467 time=1.5820965812194607e-01 dt=8.8153947152537523e-07
cycle=7468 time=1.5821053966141760e-01 dt=8.9070063184426809e-07
cycle=7469 time=1.5821143036204943e-01 dt=8.9866792016006473e-07
cycle=7470 time=1.5821232902996960e-01 dt=9.0718482774249287e-07
cycle=7471 time=1.5821323621479733e-01 dt=9.1677747221915810e-07
cycle=7472 time=1.5821415299226954e-01 dt=9.2770070563742209e-07
cycle=7473 time=1.5821508069297519e-01 dt=9.4015549554009334e-07
cycle=7474 time=1.5821602084847072e-01 dt=9.5429288949543937e-07
cycle=7475 time=1.5821697514136021e-01 dt=9.7020433375418881e-07
cycle=7476 time=1.5821794534569397e-01 dt=9.8792317096583300e-07
cycle=7477 time=1.5821893326886494e-01 dt=1.0075134753893848e-06
cycle=7478 time=1.5821994078234033e-01 dt=1.0289400220172796e-06
cycle=7479 time=1.5822096972236235e-01 dt=1.0519183583814335e-06
cycle=7480 time=1.5822202164072074e-01 dt=9.9225689879814659e-07
cycle=7481 time=1.5822301389761953e-01 dt=8.8428847868455093e-07
cycle=7482 time=1.5822389818609822e-01 dt=7.8186940765629602e-07
cycle=7483 time=1.5822468005550588e-01 dt=6.9892022321265935e-07
cycle=7484 time=1.5822537897572911e-01 dt=6.5715541847119129e-07
cycle=7485 time=1.5822603613114758e-01 dt=6.3981110660918699e-07
cycle=7486 time=1.5822667594225420e-01 dt=6.3315644176004890e-07
cycle=7487 time=1.5822730909869595e-01 dt=6.3120893096223047e-07
cycle=7488 time=1.5822794030762691e-01 dt=6.3119578399995632e-07
cycle=7489 time=1.5822857150341091e-01 dt=6.8520364774202883e-07
cycle=7490 time=1.5822925670705865e-01 dt=8.2299517618259190e-07
cycle=7491 time=1.5823007970223482e-01 dt=1.0272118462853706e-06
cycle=7492 time=1.5823110691408110e-01 dt=1.0122385748920127e-06
cycle=7493 time=1.5823211915265600e-01 dt=9.6223182118730799e-07
cycle=7494 time=1.5823308138447720e-01 dt=8.8799150912301207e-07
cycle=7495 time=1.5823396937598633e-01 dt=8.0281536633369658e-07
cycle=7496 time=1.5823477219135265e-01 dt=7.2140069609563190e-07
cycle=7497 time=1.5823549359204875e-01 dt=6.5539931532550604e-07
cycle=7498 time=1.5823614899136407e-01 dt=6.2412359364909841e-07
cycle=7499 time=1.5823677311495771e-01 dt=6.1172182591403577e-07
cycle=7500 time=1.5823738483678362e-01 dt=6.0731127165807208e-07
cycle=7501 time=1.5823799214805528e-01 dt=6.0621436199652306e-07
cycle=7502 time=1.5823859836241727e-01 dt=6.0638160656707385e-07
cycle=7503 time=1.5823920474402384e-01 dt=6.2009579011486993e-07
cycle=7504 time=1.5823982483981394e-01 dt=6.8442451090697126e-07
cycle=7505 time=1.5824050926432484e-01 dt=8.1771157726945609e-07
cycle=7506 time=1.5824132697590210e-01 dt=1.0523353672885078e-06
cycle=7507 time=1.5824237931126939e-01 dt=1.4199475228231307e-06
cycle=7508 time=1.5824379925879220e-01 dt=1.3761441850959497e-06
cycle=7509 time=1.5824517540297731e-01 dt=1.3145465951622079e-06
cycle=7510 time=1.5824648994957247e-01 dt=1.2346339102998164e-06
cycle=7511 time=1.5824772458348277e-01 dt=1.1619061363123301e-06
cycle=7512 time=1.5824888648961907e-01 dt=1.1028185942796146e-06
cycle=7513 time=1.5824998930821335e-01 dt=1.0582878913881451e-06
cycle=7514 time=1.5825104759610473e-01 dt=1.0276292361470884e-06
cycle=7515 time=1.5825207522534088e-01 dt=1.0076759291632380e-06
cycle=7516 time=1.5825308290127005e-01 dt=9.9478335805224327e-07
cycle=7517 time=1.5825407768462810e-01 dt=9.8658608137341238e-07
cycle=7518 time=1.5825506427070948e-01 dt=9.8150166025173854e-07
cycle=7519 time=1.5825604577236974e-01 dt=9.7845126666663977e-07
cycle=7520 time=1.5825702422363641e-01 dt=9.5437856529404091e-07
cycle=7521 time=1.5825797860220170e-01 dt=9.4657762957082368e-07
cycle=7522 time=1.5825892517983126e-01 dt=9.4995449020331225e-07
cycle=7523 time=1.5825987513432146e-01 dt=9.5487038608417337e-07
cycle=7524 time=1.5826083000470756e-01 dt=9.7715473987849109e-07
cycle=7525 time=1.5826180715944743e-01 dt=9.8596304020639243e-07
cycle=7526 time=1.5826279312248764e-01 dt=9.8264361330470024e-07
cycle=7527 time=1.5826377576610096e-01 dt=9.7974272434797669e-07
cycle=7528 time=1.5826475550882529e-01 dt=9.7713919714776651e-07
cycle=7529 time=1.5826573264802243e-01 dt=9.7478988196210322e-07
cycle=7530 time=1.5826670743790439e-01 dt=9.7262288435559906e-07
cycle=7531 time=1.5826768006078873e-01 dt=9.7054188188062569e-07
cycle=7532 time=1.5826865060267062e-01 dt=9.6865866288069331e-07
cycle=7533 time=1.5826961926133351e-01 dt=9.6701899739322149e-07
cycle=7534 time=1.5827058628033092e-01 dt=9.6558180437349301e-07
cycle=7535 time=1.5827155186213529e-01 dt=9.6426376242662071e-07
cycle=7536 time=1.5827251612589771e-01 dt=9.6300625196538087e-07
cycle=7537 time=1.5827347913214967e-01 dt=9.6176730036074775e-07
cycle=7538 time=1.5827444089945003e-01 dt=9.6052001121033947e-07
cycle=7539 time=1.5827540141946125e-01 dt=9.5924792468239669e-07
cycle=7540 time=1.5827636066738593e-01 dt=9.5090284543172202e-07
cycle=7541 time=1.5827731157023137e-01 dt=9.3778624321969378e-07
cycle=7542 time=1.5827824935647458e-01 dt=9.2549100877448941e-07
cycle=7543 time=1.5827917484748336e-01 dt=9.1440114200008353e-07
cycle=7544 time=1.5828008924862536e-01 dt=9.0471238375924171e-07
cycle=7545 time=1.5828099396100911e-01 dt=8.9634473810416914e-07
cycle=7546 time=1.5828189030574721e-01 dt=8.8953832600503606e-07
cycle=7547 time=1.5828277984407321e-01 dt=8.8432778355886390e-07
cycle=7548 time=1.5828366417185677e-01 dt=8.8056819306096267e-07
cycle=7549 time=1.5828454474004983e-01 dt=8.7805411600898999e-07
cycle=7550 time=1.5828542279416583e-01 dt=8.7655429144578624e-07
cycle=7551 time=1.5828629934845728e-01 dt=8.7583965299036299e-07
cycle=7552 time=1.5828717518811028e-01 dt=8.7570121295459098e-07
cycle=7553 time=1.5828805088932324e-01 dt=8.7596870999045273e-07
cycle=7554 time=1.5828892685803322e-01 dt=8.7651076954644593e-07
cycle=7555 time=1.5828980336880277e-01 dt=8.7724044885361505e-07
cycle=7556 time=1.5829068060925164e-01 dt=8.7811630675689781e-07
cycle=7557 time=1.5829155872555839e-01 dt=8.7913430616310076e-07
cycle=7558 time=1.5829243785986455e-01 dt=8.8032181948405500e-07
cycle=7559 time=1.5829331818168405e-01 dt=8.8174789383141837e-07
cycle=7560 time=1.5829419992957788e-01 dt=8.8351324924699754e-07
cycle=7561 time=1.5829508344282714e-01 dt=8.8574885248784441e-07
cycle=7562 time=1.5829596919167963e-01 dt=8.8861968192496292e-07
cycle=7563 time=1.5829685781136155e-01 dt=8.9231693343553569e-07
cycle=7564 time=1.5829775012829497e-01 dt=8.9705029583006334e-07
cycle=7565 time=1.5829864717859080e-01 dt=9.0305901020340358e-07
cycle=7566 time=1.5829955023760101e-01 dt=9.1061259227594899e-07
cycle=7567 time=1.5830046085019328e-01 dt=9.2001495653806362e-07
cycle=7568 time=1.5830138086514983e-01 dt=9.3187548784845400e-07
cycle=7569 time=1.5830231274063769e-01 dt=9.4668147613660334e-07
cycle=7570 time=1.5830325942211382e-01 dt=9.6483038824779988e-07
cycle=7571 time=1.5830422425250207e-01 dt=9.8679879873150433e-07
cycle=7572 time=1.5830521105130080e-01 dt=1.0020199166887493e-06
cycle=7573 time=1.5830621307121748e-01 dt=9.8735006779210804e-07
cycle=7574 time=1.5830720042128527e-01 dt=9.7260755514880082e-07
cycle=7575 time=1.5830817302884043e-01 dt=9.5886816681465826e-07
cycle=7576 time=1.5830913189700724e-01 dt=9.4671780361362409e-07
cycle=7577 time=1.5831007861481086e-01 dt=9.3638241188471266e-07
cycle=7578 time=1.5831101499722275e-01 dt=9.1979575314765649e-07
cycle=7579 time=1.5831193479297589e-01 dt=8.9530981780850551e-07
cycle=7580 time=1.5831283010279371e-01 dt=8.7437456483430194e-07
cycle=7581 time=1.5831370447735854e-01 dt=8.6084240123249207e-07
cycle=7582 time=1.5831456531975976e-01 dt=8.5793663828250380e-07
cycle=7583 time=1.5831542325639805e-01 dt=8.6239775669381877e-07
cycle=7584 time=1.5831628565415476e-01 dt=8.5483937196829243e-07
cycle=7585 time=1.5831714049352671e-01 dt=8.5004485122789080e-07
cycle=7586 time=1.5831799053837795e-01 dt=8.4799122044926457e-07
cycle=7587 time=1.5831883852959838e-01 dt=8.4854525172783491e-07
cycle=7588 time=1.5831968707485011e-01 dt=8.5149005009083648e-07
cycle=7589 time=1.5832053856490019e-01 dt=8.5656410706611241e-07
cycle=7590 time=1.5832139512900725e-01 dt=8.6348660550639079e-07
cycle=7591 time=1.5832225861561275e-01 dt=8.7195086167552161e-07
cycle=7592 time=1.5832313056647443e-01 dt=8.8163496044012714e-07
cycle=7593 time=1.5832401220143488e-01 dt=8.9219427204704885e-07
cycle=7594 time=1.5832490439570693e-01 dt=9.0347912710733358e-07
cycle=7595 time=1.5832580787483402e-01 dt=9.1541553348490653e-07
cycle=7596 time=1.5832672329036751e-01 dt=9.2798877496243514e-07
cycle=7597 time=1.5832765127914247e-01 dt=9.2530798374103853e-07
cycle=7598 time=1.5832857658712621e-01 dt=9.1645022055569436e-07
cycle=7599 time=1.5832949303734675e-01 dt=9.0743815788456446e-07
cycle=7600 time=1.5833040047550465e-01 dt=8.9882386205362368e-07
cycle=7601 time=1.5833129929936671e-01 dt=8.9092204577178026e-07
cycle=7602 time=1.5833219022141248e-01 dt=8.8387650857172716e-07
cycle=7603 time=1.5833307409792105e-01 dt=8.7771328607579018e-07
cycle=7604 time=1.5833395181120713e-01 dt=8.7237786473947042e-07
cycle=7605 time=1.5833482418907188e-01 dt=8.6777706947022580e-07
cycle=7606 time=1.5833569196614136e-01 dt=8.6379556502574641e-07
cycle=7607 time=1.5833655576170638e-01 dt=8.6031132208404402e-07
cycle=7608 time=1.5833741607302845e-01 dt=8.5720813025401605e-07
cycle=7609 time=1.5833827328115871e-01 dt=8.5438796948534787e-07
cycle=7610 time=1.5833912766912819e-01 dt=8.5177004327049945e-07
cycle=7611 time=1.5833997943917147e-01 dt=8.4928757311126211e-07
cycle=7612 time=1.5834082872674457e-01 dt=8.4688556924472767e-07
cycle=7613 time=1.5834167561231383e-01 dt=8.4452026877331732e-07
cycle=7614 time=1.5834252013258260e-01 dt=8.4215743220032871e-07
cycle=7615 time=1.5834336229001481e-01 dt=8.3977220148735750e-07
cycle=7616 time=1.5834420206221630e-01 dt=8.3734746175885768e-07
cycle=7617 time=1.5834503940967806e-01 dt=8.3485934021704037e-07
cycle=7618 time=1.5834587426901828e-01 dt=8.3230243388880342e-07
cycle=7619 time=1.5834670657145217e-01 dt=8.2967742511532325e-07
cycle=7620 time=1.5834753624887729e-01 dt=8.2698844238793228e-07
cycle=7621 time=1.5834836323731968e-01 dt=8.2424102893638862e-07
cycle=7622 time=1.5834918747834861e-01 dt=8.2145039519899148e-07
cycle=7623 time=1.5835000892874382e-01 dt=8.1863992011843909e-07
cycle=7624 time=1.5835082756866395e-01 dt=8.1582940159392396e-07
cycle=7625 time=1.5835164339806554e-01 dt=8.1301386981421763e-07
cycle=7626 time=1.5835245641193535e-01 dt=8.1020783527060186e-07
cycle=7627 time=1.5835326661977062e-01 dt=8.0742688207937587e-07
cycle=7628 time=1.5835407404665269e-01 dt=8.0467948334600248e-07
cycle=7629 time=1.5835487872613604e-01 dt=8.0197405768704454e-07
cycle=7630 time=1.5835568070019373e-01 dt=7.9931946882347645e-07
cycle=7631 time=1.5835648001966257e-01 dt=7.9672844653356711e-07
cycle=7632 time=1.5835727674810909e-01 dt=7.9420149445936383e-07
cycle=7633 time=1.5835807094960355e-01 dt=7.9176502039231987e-07
cycle=7634 time=1.5835886271462393e-01 dt=7.8965910690545062e-07
cycle=7635 time=1.5835965237373084e-01 dt=7.8774719617503236e-07
cycle=7636 time=1.5836044012092701e-01 dt=7.8586973133588664e-07
cycle=7637 time=1.5836122599065836e-01 dt=7.8410231917866676e-07
cycle=7638 time=1.5836201009297754e-01 dt=7.8246336558783166e-07
cycle=7639 time=1.5836279255634314e-01 dt=7.8097375365019657e-07
cycle=7640 time=1.5836357353009678e-01 dt=7.7965710475318398e-07
cycle=7641 time=1.5836435318720155e-01 dt=7.7855056298969942e-07
cycle=7642 time=1.5836513173776454e-01 dt=7.7769314482776337e-07
cycle=7643 time=1.5836590943090936e-01 dt=7.7712884588445641e-07
cycle=7644 time=1.5836668655975525e-01 dt=7.7691261165450843e-07
cycle=7645 time=1.5836746347236691e-01 dt=7.7708536576807772e-07
cycle=7646 time=1.5836824055773269e-01 dt=7.7769676795954021e-07
cycle=7647 time=1.5836901825450064e-01 dt=7.7879903801280107e-07
cycle=7648 time=1.5836979705353865e-01 dt=7.8044243569015510e-07
cycle=7649 time=1.5837057749597433e-01 dt=7.8264920030661258e-07
cycle=7650 time=1.5837136014517464e-01 dt=7.8545791465160767e-07
cycle=7651 time=1.5837214560308929e-01 dt=7.8891315646492088e-07
cycle=7652 time=1.5837293451624576e-01 dt=7.9306493639810151e-07
cycle=7653 time=1.5837372758118215e-01 dt=7.9795038514162829e-07
cycle=7654 time=1.5837452553156728e-01 dt=8.0360625106205272e-07
cycle=7655 time=1.5837532913781835e-01 dt=8.1008235188109311e-07
cycle=7656 time=1.5837613922017024e-01 dt=8.1746258055599667e-07
cycle=7657 time=1.5837695668275079e-01 dt=8.2579151880875843e-07
cycle=7658 time=1.5837778247426959e-01 dt=8.3518570394510971e-07
cycle=7659 time=1.5837861765997355e-01 dt=8.4575041043211896e-07
cycle=7660 time=1.5837946341038397e-01 dt=8.5759297069288340e-07
cycle=7661 time=1.5838032100335467e-01 dt=8.7091088084125933e-07
cycle=7662 time=1.5838119191423550e-01 dt=8.8592576882929538e-07
cycle=7663 time=1.5838207784000433e-01 dt=9.0289349228176971e-07
cycle=7664 time=1.5838298073349660e-01 dt=9.2212051254877052e-07
cycle=7665 time=1.5838390285400916e-01 dt=9.4399072814354362e-07
cycle=7666 time=1.5838484684473730e-01 dt=9.6896377731658889e-07
cycle=7667 time=1.5838581580851463e-01 dt=9.9759773762895027e-07
cycle=7668 time=1.5838681340625227e-01 dt=1.0305925831541054e-06
cycle=7669 time=1.5838784399883543e-01 dt=1.0269189214798990e-06
cycle=7670 time=1.5838887091775691e-01 dt=9.9972800065559383e-07
cycle=7671 time=1.5838987064575757e-01 dt=9.7491488953942773e-07
cycle=7672 time=1.5839084556064711e-01 dt=9.5380072919045502e-07
cycle=7673 time=1.5839179936137632e-01 dt=9.3701701632425341e-07
cycle=7674 time=1.5839273637839263e-01 dt=9.2461974736379172e-07
cycle=7675 time=1.5839366099813998e-01 dt=9.1638132860341871e-07
cycle=7676 time=1.5839457737946858e-01 dt=9.1183643004457141e-07
cycle=7677 time=1.5839548921589863e-01 dt=9.1029396365056134e-07
cycle=7678 time=1.5839639950986228e-01 dt=9.1026165871586220e-07
cycle=7679 time=1.5839730977152100e-01 dt=9.0382653306821668e-07
cycle=7680 time=1.5839821359805406e-01 dt=8.9942977783881476e-07
cycle=7681 time=1.5839911302783191e-01 dt=8.9649237144143522e-07
cycle=7682 time=1.5840000952020336e-01 dt=8.9440809160914796e-07
cycle=7683 time=1.5840090392829498e-01 dt=8.9287694909268053e-07
cycle=7684 time=1.5840179680524408e-01 dt=8.9174266993026903e-07
cycle=7685 time=1.5840268854791401e-01 dt=8.9082830483710665e-07
cycle=7686 time=1.5840357937621885e-01 dt=8.8995272400928516e-07
cycle=7687 time=1.5840446932894287e-01 dt=8.8912161521042071e-07
cycle=7688 time=1.5840535845055809e-01 dt=8.8833714869949898e-07
cycle=7689 time=1.5840624678770679e-01 dt=8.8760086505542321e-07
cycle=7690 time=1.5840713438857185e-01 dt=8.8691255271894053e-07
cycle=7691 time=1.5840802130112455e-01 dt=8.8626550056480071e-07
cycle=7692 time=1.5840890756662512e-01 dt=8.8564788625214678e-07
cycle=7693 time=1.5840979321451137e-01 dt=8.8505056915970536e-07
cycle=7694 time=1.5841067826508054e-01 dt=8.8446375567934688e-07
cycle=7695 time=1.5841156272883622e-01 dt=8.8387770255741568e-07
cycle=7696 time=1.5841244660653878e-01 dt=8.8328383449633398e-07
cycle=7697 time=1.5841332989037327e-01 dt=8.8268069996327775e-07
cycle=7698 time=1.5841421257107324e-01 dt=8.8205660049463357e-07
cycle=7699 time=1.5841509462767372e-01 dt=8.8140059297936741e-07
cycle=7700 time=1.5841597602826671e-01 dt=8.8070223344831330e-07
cycle=7701 time=1.5841685673050016e-01 dt=8.7995115401051929e-07
cycle=7702 time=1.5841773668165415e-01 dt=8.7904622423111499e-07
cycle=7703 time=1.5841861572787838e-01 dt=8.7794689910882634e-07
cycle=7704 time=1.5841949367477748e-01 dt=8.7670866494863295e-07
cycle=7705 time=1.5842037038344242e-01 dt=8.7533578160101318e-07
cycle=7706 time=1.5842124571922403e-01 dt=8.7381540184330194e-07
cycle=7707 time=1.5842211953462587e-01 dt=8.7213184684635838e-07
cycle=7708 time=1.5842299166647272e-01 dt=8.7027305465047920e-07
cycle=7709 time=1.5842386193952737e-01 dt=8.6823276752024527e-07
cycle=7710 time=1.5842473017229489e-01 dt=8.6601207071278394e-07
cycle=7711 time=1.5842559618436561e-01 dt=8.6362688800292607e-07
cycle=7712 time=1.5842645981125361e-01 dt=8.6109147936740658e-07
cycle=7713 time=1.5842732090273298e-01 dt=8.5841815465449622e-07
cycle=7714 time=1.5842817932088762e-01 dt=8.5561941774443210e-07
cycle=7715 time=1.5842903494030536e-01 dt=8.5270722561526298e-07
cycle=7716 time=1.5842988764753096e-01 dt=8.4969297242078534e-07
cycle=7717 time=1.5843073734050339e-01 dt=8.4658978282350011e-07
cycle=7718 time=1.5843158393028622e-01 dt=8.4340161985872432e-07
cycle=7719 time=1.5843242733190607e-01 dt=8.4013609245697233e-07
cycle=7720 time=1.5843326746799852e-01 dt=8.2889113782398121e-07
cycle=7721 time=1.5843409635913633e-01 dt=8.0505136697274238e-07
cycle=7722 time=1.5843490141050331e-01 dt=7.8348359859539248e-07
cycle=7723 time=1.5843568489410190e-01 dt=7.6610546529429332e-07
cycle=7724 time=1.5843645099956719e-01 dt=7.5412564510393748e-07
cycle=7725 time=1.5843720512521228e-01 dt=7.4573304259954614e-07
cycle=7726 time=1.5843795085825488e-01 dt=7.3953061321999749e-07
cycle=7727 time=1.5843869038886810e-01 dt=7.3445050516075854e-07
cycle=7728 time=1.5843942483937326e-01 dt=7.3000701085075186e-07
cycle=7729 time=1.5844015484638410e-01 dt=7.2593705059465783e-07
cycle=7730 time=1.5844088078343468e-01 dt=7.2199946902831135e-07
cycle=7731 time=1.5844160278290370e-01 dt=7.1825175029771923e-07
cycle=7732 time=1.5844232103465400e-01 dt=7.1463785478936408e-07
cycle=7733 time=1.5844303567250878e-01 dt=7.1101149250854728e-07
cycle=7734 time=1.5844374668400130e-01 dt=7.0725562104406577e-07
cycle=7735 time=1.5844445393962234e-01 dt=7.0330861991407924e-07
cycle=7736 time=1.5844515724824226e-01 dt=6.9915868645072303e-07
cycle=7737 time=1.5844585640692871e-01 dt=6.9483230947860664e-07
cycle=7738 time=1.5844655123923818e-01 dt=6.9037812454117119e-07
cycle=7739 time=1.5844724161736271e-01 dt=6.8585372340911948e-07
cycle=7740 time=1.5844792747108610e-01 dt=6.8131554687799899e-07
cycle=7741 time=1.5844860878663297e-01 dt=6.7681208562951407e-07
cycle=7742 time=1.5844928559871860e-01 dt=6.7238030553933344e-07
cycle=7743 time=1.5844995797902414e-01 dt=6.6804466316908992e-07
cycle=7744 time=1.5845062602368731e-01 dt=6.6381805937960922e-07
cycle=7745 time=1.5845128984174670e-01 dt=6.5970394468549235e-07
cycle=7746 time=1.5845194954569139e-01 dt=6.5569884778732663e-07
cycle=7747 time=1.5845260524453916e-01 dt=6.5179509341407527e-07
cycle=7748 time=1.5845325703963259e-01 dt=6.4798302950999709e-07
cycle=7749 time=1.5845390502266210e-01 dt=6.4425257625534225e-07
cycle=7750 time=1.5845454927523836e-01 dt=6.4059435178771735e-07
cycle=7751 time=1.5845518986959015e-01 dt=6.3700035479016931e-07
cycle=7752 time=1.5845582686994494e-01 dt=6.3346427890260113e-07
cycle=7753 time=1.5845646033422384e-01 dt=6.2998154215949669e-07
cycle=7754 time=1.5845709031576599e-01 dt=6.2654909648970179e-07
cycle=7755 time=1.5845771686486249e-01 dt=6.2316513739784648e-07
cycle=7756 time=1.5845834002999989e-01 dt=6.1982876768488039e-07
cycle=7757 time=1.5845895985876757e-01 dt=6.1653967077736264e-07
cycle=7758 time=1.5845957639843836e-01 dt=6.1329782983310675e-07
cycle=7759 time=1.5846018969626818e-01 dt=6.1010330643912254e-07
cycle=7760 time=1.5846079979957461e-01 dt=6.0695608741171119e-07
cycle=7761 time=1.5846140675566203e-01 dt=6.0385599178189609e-07
cycle=7762 time=1.5846201061165383e-01 dt=6.0080262604756082e-07
cycle=7763 time=1.5846261141427986e-01 dt=5.9779538082311781e-07
cycle=7764 time=1.5846320920966070e-01 dt=5.9483345567005200e-07
cycle=7765 time=1.5846380404311636e-01 dt=5.9191589995285952e-07
cycle=7766 time=1.5846439595901632e-01 dt=5.8904166109919034e-07
cycle=7767 time=1.5846498500067741e-01 dt=5.8620963132636581e-07
cycle=7768 time=1.5846557121030874e-01 dt=5.8341867981631857e-07
cycle=7769 time=1.5846615462898855e-01 dt=5.8066768280901301e-07
cycle=7770 time=1.5846673529667135e-01 dt=5.7795556793590056e-07
cycle=7771 time=1.5846731325223928e-01 dt=5.7528132554242988e-07
cycle=7772 time=1.5846788853356483e-01 dt=5.7264400978924583e-07
cycle=7773 time=1.5846846117757463e-01 dt=5.7004273991155555e-07
cycle=7774 time=1.5846903122031453e-01 dt=5.6747669614939377e-07
cycle=7775 time=1.5846959869701069e-01 dt=5.6494511404425530e-07
cycle=7776 time=1.5847016364212474e-01 dt=5.6244727732308185e-07
cycle=7777 time=1.5847072608940208e-01 dt=5.5998250936932152e-07
cycle=7778 time=1.5847128607191144e-01 dt=5.5755016501089467e-07
cycle=7779 time=1.5847184362207645e-01 dt=5.5514962353539407e-07
cycle=7780 time=1.5847239877170000e-01 dt=5.5278028260150295e-07
cycle=7781 time=1.5847295155198260e-01 dt=5.5044155411867993e-07
cycle=7782 time=1.5847350199353671e-01 dt=5.4813284300170467e-07
cycle=7783 time=1.5847405012637972e-01 dt=5.4585359213683546e-07
cycle=7784 time=1.5847459597997185e-01 dt=5.4360325620760696e-07
cycle=7785 time=1.5847513958322806e-01 dt=5.4138129401354949e-07
cycle=7786 time=1.5847568096452208e-01 dt=5.3918717361462512e-07
cycle=7787 time=1.5847622015169568e-01 dt=5.3702040603954142e-07
cycle=7788 time=1.5847675717210172e-01 dt=5.3488047495963323e-07
cycle=7789 time=1.5847729205257668e-01 dt=5.3276682592625038e-07
cycle=7790 time=1.5847782481940262e-01 dt=5.3067890580238296e-07
cycle=7791 time=1.5847835549830841e-01 dt=5.2861617292468280e-07
cycle=7792 time=1.5847888411448133e-01 dt=5.2657810556104969e-07
cycle=7793 time=1.5847941069258689e-01 dt=5.2456420473287841e-07
cycle=7794 time=1.5847993525679163e-01 dt=5.2257399580362991e-07
cycle=7795 time=1.5848045783078743e-01 dt=5.2060702850065187e-07
cycle=7796 time=1.5848097843781592e-01 dt=5.1866287590214675e-07
cycle=7797 time=1.5848149710069181e-01 dt=5.1674113200541687e-07
cycle=7798 time=1.5848201384182381e-01 dt=5.1484140895922457e-07
cycle=7799 time=1.5848252868323276e-01 dt=5.1296333419449219e-07
cycle=7800 time=1.5848304164656696e-01 dt=5.1110654768849379e-07
cycle=7801 time=1.5848355275311465e-01 dt=5.0927069893790195e-07
cycle=7802 time=1.5848406202381360e-01 dt=5.0745544425221418e-07
cycle=7803 time=1.5848456947925785e-01 dt=5.0566044420230287e-07
cycle=7804 time=1.5848507513970206e-01 dt=5.0388536398510822e-07
cycle=7805 time=1.5848557902506605e-01 dt=5.0212987441428040e-07
cycle=7806 time=1.5848608115494045e-01 dt=5.0039354880116368e-07
cycle=7807 time=1.5848658154848924e-01 dt=4.9867566709705549e-07
cycle=7808 time=1.5848708022415633e-01 dt=4.9697538905087105e-07
cycle=7809 time=1.5848757719954540e-01 dt=4.9529184582176257e-07
cycle=7810 time=1.5848807249139121e-01 dt=4.9362420970407863e-07
cycle=7811 time=1.5848856611560092e-01 dt=4.9197173182399371e-07
cycle=7812 time=1.5848905808733274e-01 dt=4.9033378599620809e-07
cycle=7813 time=1.5848954842111873e-01 dt=5.0189971923943753e-07
cycle=7814 time=1.5849005032083796e-01 dt=5.3752858619128278e-07
cycle=7815 time=1.5849058784942416e-01 dt=6.0660073803129487e-07
cycle=7816 time=1.5849119445016219e-01 dt=7.2802447589637030e-07
cycle=7817 time=1.5849192247463809e-01 dt=9.4189909851835340e-07
cycle=7818 time=1.5849286437373661e-01 dt=1.0126736135642702e-06
cycle=7819 time=1.5849387704735018e-01 dt=9.6534440421727690e-07
cycle=7820 time=1.5849484239175440e-01 dt=8.8515435991681114e-07
cycle=7821 time=1.5849572754611432e-01 dt=7.8396696398948911e-07
cycle=7822 time=1.5849651151307831e-01 dt=6.7582609975881570e-07
cycle=7823 time=1.5849718733917806e-01 dt=5.7586867496886566e-07
cycle=7824 time=1.5849776320785303e-01 dt=5.1412894821661836e-07
cycle=7825 time=1.5849827733680125e-01 dt=4.8732455564699066e-07
cycle=7826 time=1.5849876466135690e-01 dt=4.6735240882199329e-07
cycle=7827 time=1.5849923201376573e-01 dt=4.5183231436771629e-07
cycle=7828 time=1.5849968384608010e-01 dt=4.4015011226888374e-07
cycle=7829 time=1.5850012399619237e-01 dt=4.3179751353849846e-07
cycle=7830 time=1.5850055579370592e-01 dt=4.2635046127430006e-07
cycle=7831 time=1.5850098214416719e-01 dt=4.2344889491907814e-07
cycle=7832 time=1.5850140559306211e-01 dt=4.2278039342955489e-07
cycle=7833 time=1.5850182837345553e-01 dt=4.2406154902488838e-07
cycle=7834 time=1.5850225243500454e-01 dt=4.2703369674260521e-07
cycle=7835 time=1.5850267946870128e-01 dt=4.3144812649187769e-07
cycle=7836 time=1.5850311091682778e-01 dt=4.3704765544642329e-07
cycle=7837 time=1.5850354796448324e-01 dt=4.4358417763414209e-07
cycle=7838 time=1.5850399154866088e-01 dt=4.5081629526114620e-07
cycle=7839 time=1.5850444236495614e-01 dt=4.5851033880751759e-07
cycle=7840 time=1.5850490087529495e-01 dt=4.6644317647655166e-07
cycle=7841 time=1.5850536731847142e-01 dt=4.7441085122933924e-07
cycle=7842 time=1.5850584172932267e-01 dt=4.8223359414646810e-07
cycle=7843 time=1.5850632396291681e-01 dt=4.9006407165011915e-07
cycle=7844 time=1.5850681402698846e-01 dt=4.9912390412081889e-07
cycle=7845 time=1.5850731315089259e-01 dt=5.0632609701016761e-07
cycle=7846 time=1.5850781947698961e-01 dt=5.1125961616471087e-07
cycle=7847 time=1.5850833073660578e-01 dt=5.1379513630780255e-07
cycle=7848 time=1.5850884453174208e-01 dt=5.1415111429300670e-07
cycle=7849 time=1.5850935868285637e-01 dt=5.1271311249752407e-07
cycle=7850 time=1.5850987139596887e-01 dt=5.0996295800082785e-07
cycle=7851 time=1.5851038135892687e-01 dt=5.0634346302839406e-07
cycle=7852 time=1.5851088770238989e-01 dt=5.0227616062866210e-07
cycle=7853 time=1.5851138997855052e-01 dt=4.9816248537700264e-07
cycle=7854 time=1.5851188814103589e-01 dt=4.9432813711476605e-07
cycle=7855 time=1.5851238246917301e-01 dt=4.9100556937113386e-07
cycle=7856 time=1.5851287347474238e-01 dt=4.8833028549871903e-07
cycle=7857 time=1.5851336180502787e-01 dt=4.8634924151870107e-07
cycle=7858 time=1.5851384815426939e-01 dt=4.8503800774941582e-07
cycle=7859 time=1.5851433319227715e-01 dt=4.8432154964040052e-07
cycle=7860 time=1.5851481751382679e-01 dt=4.8409390760673984e-07
cycle=7861 time=1.5851530160773439e-01 dt=4.8423430461282080e-07
cycle=7862 time=1.5851578584203901e-01 dt=4.8461965440421526e-07
cycle=7863 time=1.5851627046169342e-01 dt=4.8513413376515309e-07
cycle=7864 time=1.5851675559582717e-01 dt=4.8567618989072543e-07
cycle=7865 time=1.5851724127201708e-01 dt=4.8616306259246836e-07
cycle=7866 time=1.5851772743507966e-01 dt=4.8653320720048771e-07
cycle=7867 time=1.5851821396828686e-01 dt=4.8674678470390579e-07
cycle=7868 time=1.5851870071507157e-01 dt=4.8678456443435273e-07
cycle=7869 time=1.5851918749963601e-01 dt=4.8664557682149932e-07
cycle=7870 time=1.5851967414521281e-01 dt=4.9484465108669423e-07
cycle=7871 time=1.5852016898986390e-01 dt=5.2622065643285502e-07
cycle=7872 time=1.5852069521052034e-01 dt=5.9350298829389518e-07
cycle=7873 time=1.5852128871350862e-01 dt=7.2444708279702307e-07
cycle=7874 time=1.5852201316059142e-01 dt=9.7819482940416600e-07
cycle=7875 time=1.5852299135542083e-01 dt=1.4694588586607951e-06
cycle=7876 time=1.5852446081427948e-01 dt=1.8359374855638277e-06
cycle=7877 time=1.5852629675176505e-01 dt=1.7273995680436547e-06
cycle=7878 time=1.5852802415133310e-01 dt=1.3569907868553094e-06
cycle=7879 time=1.5852938114211995e-01 dt=1.1138774843479098e-06
cycle=7880 time=1.5853049501960431e-01 dt=9.8973558213300782e-07
cycle=7881 time=1.5853148475518644e-01 dt=9.7062857899836976e-07
cycle=7882 time=1.5853245538376545e-01 dt=9.7946708726607384e-07
cycle=7883 time=1.5853343485085272e-01 dt=1.0159886135890790e-06
cycle=7884 time=1.5853445083946632e-01 dt=1.0764109190655505e-06
cycle=7885 time=1.5853552725038539e-01 dt=1.0498351505474981e-06
cycle=7886 time=1.5853657708553592e-01 dt=1.0209365881614669e-06
cycle=7887 time=1.5853759802212408e-01 dt=9.9531008079367872e-07
cycle=7888 time=1.5853859333220488e-01 dt=9.6834148233017072e-07
cycle=7889 time=1.5853956167368721e-01 dt=9.3074573481799997e-07
cycle=7890 time=1.5854049241942203e-01 dt=8.9898649751883736e-07
cycle=7891 time=1.5854139140591955e-01 dt=8.7357830709433286e-07
cycle=7892 time=1.5854226498422663e-01 dt=8.5447457211446614e-07
cycle=7893 time=1.5854311945879876e-01 dt=8.4121036323844369e-07
cycle=7894 time=1.5854396066916199e-01 dt=8.3304389959495542e-07
cycle=7895 time=1.5854479371306157e-01 dt=8.2907832460096486e-07
cycle=7896 time=1.5854562279138618e-01 dt=8.2836195583630923e-07
cycle=7897 time=1.5854645115334201e-01 dt=8.2996042498502912e-07
cycle=7898 time=1.5854728111376701e-01 dt=8.3300709430574174e-07
cycle=7899 time=1.5854811412086131e-01 dt=8.3673727619294032e-07
cycle=7900 time=1.5854895085813750e-01 dt=8.4050980650370311e-07
cycle=7901 time=1.5854979136794400e-01 dt=8.4381826640035982e-07
cycle=7902 time=1.5855063518621040e-01 dt=8.4629264087837469e-07
cycle=7903 time=1.5855148147885129e-01 dt=8.4769674329370718e-07
cycle=7904 time=1.5855232917559459e-01 dt=8.4791469005463023e-07
cycle=7905 time=1.5855317709028463e-01 dt=8.4693348481109812e-07
cycle=7906 time=1.5855402402376945e-01 dt=8.4482535917366783e-07
cycle=7907 time=1.5855486884912862e-01 dt=8.4172626092061565e-07
cycle=7908 time=1.5855571057538953e-01 dt=8.3781423278240455e-07
cycle=7909 time=1.5855654838962233e-01 dt=8.3328439867501048e-07
cycle=7910 time=1.5855738167402100e-01 dt=8.2832225604224166e-07
cycle=7911 time=1.5855820999627704e-01 dt=8.2308031503445377e-07
cycle=7912 time=1.5855903307659208e-01 dt=8.0227445105256199e-07
cycle=7913 time=1.5855983535104312e-01 dt=7.7030222051059354e-07
cycle=7914 time=1.5856060565326363e-01 dt=7.5322702013378072e-07
cycle=7915 time=1.5856135888028378e-01 dt=7.4599815119143230e-07
cycle=7916 time=1.5856210487843497e-01 dt=7.4297525699243425e-07
cycle=7917 time=1.5856284785369196e-01 dt=7.4198767222890675e-07
cycle=7918 time=1.5856358984136418e-01 dt=7.4313505889517347e-07
cycle=7919 time=1.5856433297642308e-01 dt=7.4626508807141911e-07
cycle=7920 time=1.5856507924151114e-01 dt=7.5104265956647270e-07
cycle=7921 time=1.5856583028417071e-01 dt=7.5733923845543105e-07
cycle=7922 time=1.5856658762340917e-01 dt=7.6468753219712420e-07
cycle=7923 time=1.5856735231094135e-01 dt=7.7255226652921431e-07
cycle=7924 time=1.5856812486320787e-01 dt=7.8060720246373748e-07
cycle=7925 time=1.5856890547041033e-01 dt=7.8867255103628416e-07
cycle=7926 time=1.5856969414296138e-01 dt=7.9666853511485675e-07
cycle=7927 time=1.5857049081149649e-01 dt=8.0458472228079740e-07
cycle=7928 time=1.5857129539621878e-01 dt=8.0506341309277063e-07
cycle=7929 time=1.5857210045963188e-01 dt=7.9639706490063589e-07
cycle=7930 time=1.5857289685669679e-01 dt=7.8601736589166541e-07
cycle=7931 time=1.5857368287406268e-01 dt=7.7485727390539489e-07
cycle=7932 time=1.5857445773133658e-01 dt=7.6362845122575446e-07
cycle=7933 time=1.5857522135978780e-01 dt=7.5298294709870772e-07
cycle=7934 time=1.5857597434273490e-01 dt=7.4339637807749477e-07
cycle=7935 time=1.5857671773911297e-01 dt=7.3517724522289069e-07
cycle=7936 time=1.5857745291635819e-01 dt=7.2847902091305802e-07
cycle=7937 time=1.5857818139537910e-01 dt=7.2331972073533110e-07
cycle=7938 time=1.5857890471509983e-01 dt=7.1961158961014437e-07
cycle=7939 time=1.5857962432668946e-01 dt=7.1603578200092644e-07
cycle=7940 time=1.5858034036247146e-01 dt=7.1270087615019702e-07
cycle=7941 time=1.5858105306334760e-01 dt=7.1003624767645604e-07
cycle=7942 time=1.5858176309959529e-01 dt=7.0779111449857522e-07
cycle=7943 time=1.5858247089070979e-01 dt=7.0574883001512109e-07
cycle=7944 time=1.5858317663953980e-01 dt=7.1135554770969299e-07
cycle=7945 time=1.5858388799508752e-01 dt=7.1951341309287304e-07
cycle=7946 time=1.5858460750850062e-01 dt=7.2145347724334791e-07
cycle=7947 time=1.5858532896197786e-01 dt=7.2282526358406399e-07
cycle=7948 time=1.5858605178724144e-01 dt=7.2363250386661889e-07
cycle=7949 time=1.5858677541974531e-01 dt=7.2392154450858757e-07
cycle=7950 time=1.5858749934128982e-01 dt=7.2376909915437619e-07
cycle=7951 time=1.5858822311038898e-01 dt=7.2327048308710272e-07
cycle=7952 time=1.5858894638087206e-01 dt=7.2252848451339128e-07
cycle=7953 time=1.5858966890935658e-01 dt=7.2167578090335209e-07
cycle=7954 time=1.5859039058513749e-01 dt=7.2085898183072547e-07
cycle=7955 time=1.5859111144411933e-01 dt=7.2015041278129124e-07
cycle=7956 time=1.5859183159453211e-01 dt=7.1960298042782572e-07
cycle=7957 time=1.5859255119751253e-01 dt=7.1925041631806041e-07
cycle=7958 time=1.5859327044792884e-01 dt=7.1910416865242745e-07
cycle=7959 time=1.5859398955209750e-01 dt=7.1916289203456974e-07
cycle=7960 time=1.5859470871498954e-01 dt=7.1941570992156916e-07
cycle=7961 time=1.5859542813069946e-01 dt=7.1984487592961550e-07
cycle=7962 time=1.5859614797557539e-01 dt=7.2042833574035412e-07
cycle=7963 time=1.5859686840391113e-01 dt=7.2114184640872837e-07
cycle=7964 time=1.5859758954575753e-01 dt=7.2196103616202040e-07
cycle=7965 time=1.5859831150679368e-01 dt=7.2286259885825195e-07
cycle=7966 time=1.5859903436939254e-01 dt=7.2382641586800247e-07
cycle=7967 time=1.5859975819580840e-01 dt=7.2483583607887497e-07
cycle=7968 time=1.5860048303164448e-01 dt=7.2587777833237358e-07
cycle=7969 time=1.5860120890942281e-01 dt=7.2694290639492538e-07
cycle=7970 time=1.5860193585232921e-01 dt=7.2802526685132425e-07
cycle=7971 time=1.5860266387759606e-01 dt=7.2912188591482683e-07
cycle=7972 time=1.5860339299948198e-01 dt=7.3023248682063804e-07
cycle=7973 time=1.5860412323196879e-01 dt=7.3135892572994205e-07
cycle=7974 time=1.5860485459089452e-01 dt=7.3250462493407121e-07
cycle=7975 time=1.5860558709551945e-01 dt=7.2506188283362543e-07
cycle=7976 time=1.5860631215740228e-01 dt=7.1023867683665489e-07
cycle=7977 time=1.5860702239607913e-01 dt=6.9610926428571198e-07
cycle=7978 time=1.5860771850534341e-01 dt=6.8333215211804181e-07
cycle=7979 time=1.5860840183749553e-01 dt=6.7245346008951420e-07
cycle=7980 time=1.5860907429095561e-01 dt=6.6351187952255874e-07
cycle=7981 time=1.5860973780283513e-01 dt=6.5654658022718882e-07
cycle=7982 time=1.5861039434941537e-01 dt=6.5136008686405447e-07
cycle=7983 time=1.5861104570950224e-01 dt=6.4740755800669234e-07
cycle=7984 time=1.5861169311706025e-01 dt=6.4430237483241967e-07
cycle=7985 time=1.5861233741943509e-01 dt=6.4177052805466345e-07
cycle=7986 time=1.5861297918996314e-01 dt=6.3961870459463424e-07
cycle=7987 time=1.5861361880866773e-01 dt=6.3771194577823606e-07
cycle=7988 time=1.5861425652061351e-01 dt=6.3607912626020844e-07
cycle=7989 time=1.5861489259973977e-01 dt=6.3467196581984254e-07
cycle=7990 time=1.5861552727170558e-01 dt=6.3338107327470020e-07
cycle=7991 time=1.5861616065277886e-01 dt=6.3211493136813810e-07
cycle=7992 time=1.5861679276771024e-01 dt=6.3080627447339767e-07
cycle=7993 time=1.5861742357398470e-01 dt=6.2941125466890511e-07
cycle=7994 time=1.5861805298523937e-01 dt=6.2790614200090325e-07
cycle=7995 time=1.5861868089138137e-01 dt=6.2628345094815665e-07
cycle=7996 time=1.5861930717483233e-01 dt=6.2454800474719834e-07
cycle=7997 time=1.5861993172283709e-01 dt=6.2271334629370381e-07
cycle=7998 time=1.5862055443618339e-01 dt=6.2079850169649615e-07
cycle=7999 time=1.5862117523468508e-01 dt=6.1882530669831091e-07
cycle=8000 time=1.5862179405999177e-01 dt=6.1681621957487590e-07
cycle=8001 time=1.5862241087621134e-01 dt=6.1479286019731925e-07
cycle=8002 time=1.5862302566907155e-01 dt=6.1277545828939982e-07
cycle=8003 time=1.5862363844452984e-01 dt=6.1078109832588828e-07
cycle=8004 time=1.5862424922562818e-01 dt=6.0882346550291987e-07
cycle=8005 time=1.5862485804909368e-01 dt=6.0691282748816130e-07
cycle=8006 time=1.5862546496192118e-01 dt=6.0505628324558509e-07
cycle=8007 time=1.5862607001820442e-01 dt=6.0325809530935024e-07
cycle=8008 time=1.5862667327629973e-01 dt=6.0152013468555645e-07
cycle=8009 time=1.5862727479643440e-01 dt=5.9984235207919743e-07
cycle=8010 time=1.5862787463878647e-01 dt=5.9822328009515569e-07
cycle=8011 time=1.5862847286206658e-01 dt=5.9666052420609380e-07
cycle=8012 time=1.5862906952259079e-01 dt=5.9515108555066464e-07
cycle=8013 time=1.5862966467367634e-01 dt=5.9364695136934626e-07
cycle=8014 time=1.5863025832062772e-01 dt=5.9214407473603099e-07
cycle=8015 time=1.5863085046470246e-01 dt=5.9065696973612593e-07
cycle=8016 time=1.5863144112167218e-01 dt=5.8919768986063406e-07
cycle=8017 time=1.5863203031936204e-01 dt=5.8777573227875819e-07
cycle=8018 time=1.5863261809509432e-01 dt=5.8639801621513113e-07
cycle=8019 time=1.5863320449311055e-01 dt=5.8506863909042042e-07
cycle=8020 time=1.5863378956174964e-01 dt=5.8378979617494880e-07
cycle=8021 time=1.5863437335154582e-01 dt=5.8256215765221747e-07
cycle=8022 time=1.5863495591370347e-01 dt=5.8138500206452366e-07
cycle=8023 time=1.5863553729870553e-01 dt=5.8025642107877869e-07
cycle=8024 time=1.5863611755512660e-01 dt=5.7917358039864428e-07
cycle=8025 time=1.5863669672870701e-01 dt=5.7813351207534690e-07
cycle=8026 time=1.5863727486221907e-01 dt=5.7713356730186068e-07
cycle=8027 time=1.5863785199578637e-01 dt=5.7617269976305381e-07
cycle=8028 time=1.5863842816848614e-01 dt=5.7524996509150158e-07
cycle=8029 time=1.5863900341845122e-01 dt=5.7436438753199593e-07
cycle=8030 time=1.5863957778283874e-01 dt=5.7351496161786919e-07
cycle=8031 time=1.5864015129780035e-01 dt=5.7270039743715561e-07
cycle=8032 time=1.5864072399819779e-01 dt=5.7191618016755245e-07
cycle=8033 time=1.5864129591437795e-01 dt=5.7116230308321641e-07
cycle=8034 time=1.5864186707668104e-01 dt=5.7043921976039348e-07
cycle=8035 time=1.5864243751590079e-01 dt=5.6974772994029238e-07
cycle=8036 time=1.5864300726363073e-01 dt=5.6908886794096238e-07
cycle=8037 time=1.5864357635249868e-01 dt=5.6846392933958690e-07
cycle=8038 time=1.5864414481642802e-01 dt=5.6787470707977107e-07
cycle=8039 time=1.5864471269113511e-01 dt=5.6732435337341785e-07
cycle=8040 time=1.5864528001548850e-01 dt=5.6681549930924010e-07
cycle=8041 time=1.5864584683098781e-01 dt=5.6634613290321117e-07
cycle=8042 time=1.5864641317712072e-01 dt=5.6591477496903774e-07
cycle=8043 time=1.5864697909189568e-01 dt=5.6552033419552675e-07
cycle=8044 time=1.5864754461222988e-01 dt=5.6516199740639318e-07
cycle=8045 time=1.5864810977422728e-01 dt=5.6483919524126311e-07
cycle=8046 time=1.5864867461342252e-01 dt=5.6455149223739789e-07
cycle=8047 time=1.5864923916491477e-01 dt=5.6429850989024384e-07
cycle=8048 time=1.5864980346342467e-01 dt=5.6407999636890635e-07
cycle=8049 time=1.5865036754342104e-01 dt=5.6389579889142321e-07
cycle=8050 time=1.5865093143921993e-01 dt=5.6374596696189970e-07
cycle=8051 time=1.5865149518518690e-01 dt=5.6363026120297087e-07
cycle=8052 time=1.5865205881544811e-01 dt=5.6354854473870019e-07
cycle=8053 time=1.5865262236399286e-01 dt=5.6350048231104790e-07
cycle=8054 time=1.5865318586447516e-01 dt=5.6348645084068715e-07
cycle=8055 time=1.5865374935092599e-01 dt=5.6350672682593519e-07
cycle=8056 time=1.5865431285765283e-01 dt=5.6356155897010904e-07
cycle=8057 time=1.5865487641921180e-01 dt=5.6365134225984863e-07
cycle=8058 time=1.5865544007055407e-01 dt=5.6377658082576550e-07
cycle=8059 time=1.5865600384713491e-01 dt=5.6393784544928774e-07
cycle=8060 time=1.5865656778498036e-01 dt=5.6413577031806095e-07
cycle=8061 time=1.5865713192075068e-01 dt=5.6437139337251200e-07
cycle=8062 time=1.5865769629214405e-01 dt=5.6464591284861315e-07
cycle=8063 time=1.5865826093805691e-01 dt=5.6495992495931499e-07
cycle=8064 time=1.5865882589798186e-01 dt=5.6531293330184180e-07
cycle=8065 time=1.5865939121091516e-01 dt=5.6570603419950348e-07
cycle=8066 time=1.5865995691694937e-01 dt=5.6614025028841109e-07
cycle=8067 time=1.5866052305719966e-01 dt=5.6661659649077964e-07
cycle=8068 time=1.5866108967379616e-01 dt=5.6713614303632783e-07
cycle=8069 time=1.5866165680993921e-01 dt=5.6769984457702653e-07
cycle=8070 time=1.5866222450978379e-01 dt=5.6830856789973711e-07
cycle=8071 time=1.5866279281835169e-01 dt=5.6896313776922215e-07
cycle=8072 time=1.5866336178148946e-01 dt=5.6966258641085877e-07
cycle=8073 time=1.5866393144407587e-01 dt=5.7040803289959345e-07
cycle=8074 time=1.5866450185210876e-01 dt=5.7117284769925545e-07
cycle=8075 time=1.5866507302495647e-01 dt=5.7189177982666817e-07
cycle=8076 time=1.5866564491673629e-01 dt=5.7260772566718837e-07
cycle=8077 time=1.5866621752446197e-01 dt=5.7334269290228877e-07
cycle=8078 time=1.5866679086715488e-01 dt=5.7410994948596432e-07
cycle=8079 time=1.5866736497710437e-01 dt=5.7491920599414806e-07
cycle=8080 time=1.5866793989631037e-01 dt=5.7577731426303722e-07
cycle=8081 time=1.5866851567362464e-01 dt=5.7668920068096665e-07
cycle=8082 time=1.5866909236282531e-01 dt=5.7765820070758939e-07
cycle=8083 time=1.5866967002102603e-01 dt=5.7877697343657039e-07
cycle=8084 time=1.5867024879799946e-01 dt=5.8001415372009981e-07
cycle=8085 time=1.5867082881215319e-01 dt=5.8134735265317080e-07
cycle=8086 time=1.5867141015950584e-01 dt=5.8276080797724783e-07
cycle=8087 time=1.5867199292031381e-01 dt=5.8424346782569838e-07
cycle=8088 time=1.5867257716378164e-01 dt=5.8578776102975461e-07
cycle=8089 time=1.5867316295154266e-01 dt=5.8738874766825365e-07
cycle=8090 time=1.5867375034029033e-01 dt=5.8904383546858432e-07
cycle=8091 time=1.5867433938412578e-01 dt=5.9075210919184274e-07
cycle=8092 time=1.5867493013623499e-01 dt=5.9251363297242828e-07
cycle=8093 time=1.5867552264986795e-01 dt=5.9432934699012880e-07
cycle=8094 time=1.5867611697921494e-01 dt=5.9620054024071348e-07
cycle=8095 time=1.5867671317975518e-01 dt=5.9812905512388448e-07
cycle=8096 time=1.5867731130881030e-01 dt=6.0011712648954434e-07
cycle=8097 time=1.5867791142593679e-01 dt=6.0216722604952966e-07
cycle=8098 time=1.5867851359316285e-01 dt=6.0428203553882458e-07
cycle=8099 time=1.5867911787519839e-01 dt=6.0646406911210760e-07
cycle=8100 time=1.5867972433926750e-01 dt=6.0871551599035976e-07
cycle=8101 time=1.5868033305478349e-01 dt=6.1103899983829143e-07
cycle=8102 time=1.5868094409378333e-01 dt=6.1343718832646040e-07
cycle=8103 time=1.5868155753097166e-01 dt=6.1591334315038362e-07
cycle=8104 time=1.5868217344431482e-01 dt=6.1847054335521149e-07
cycle=8105 time=1.5868279191485818e-01 dt=6.2111323992853036e-07
cycle=8106 time=1.5868341302809810e-01 dt=6.2384616635313940e-07
cycle=8107 time=1.5868403687426447e-01 dt=6.2667432061010352e-07
cycle=8108 time=1.5868466354858507e-01 dt=6.2960273410896321e-07
cycle=8109 time=1.5868529315131918e-01 dt=6.3264047306566713e-07
cycle=8110 time=1.5868592579179225e-01 dt=6.3578739572082825e-07
cycle=8111 time=1.5868656157918798e-01 dt=6.3904734773737676e-07
cycle=8112 time=1.5868720062653571e-01 dt=6.4242451174528349e-07
cycle=8113 time=1.5868784305104747e-01 dt=6.4592594772701889e-07
cycle=8114 time=1.5868848897699520e-01 dt=6.4955804503935585e-07
cycle=8115 time=1.5868913853504024e-01 dt=6.5332616721290068e-07
cycle=8116 time=1.5868979186120746e-01 dt=6.5723422392018047e-07
cycle=8117 time=1.5869044909543140e-01 dt=6.6128316892208267e-07
cycle=8118 time=1.5869111037860031e-01 dt=6.6546561224426769e-07
cycle=8119 time=1.5869177584421257e-01 dt=6.6974738026679743e-07
cycle=8120 time=1.5869244559159285e-01 dt=6.7404108691125254e-07
cycle=8121 time=1.5869311963267976e-01 dt=6.7835242214563549e-07
cycle=8122 time=1.5869379798510191e-01 dt=6.8271092030290963e-07
cycle=8123 time=1.5869448069602221e-01 dt=6.8714569761195993e-07
cycle=8124 time=1.5869516784171983e-01 dt=6.9168781726100107e-07
cycle=8125 time=1.5869585952953710e-01 dt=6.9636958486443461e-07
cycle=8126 time=1.5869655589912196e-01 dt=7.0122361748651208e-07
cycle=8127 time=1.5869725712273944e-01 dt=7.0628278320236743e-07
cycle=8128 time=1.5869796340552264e-01 dt=7.1158033069908308e-07
cycle=8129 time=1.5869867498585333e-01 dt=6.9704210350968503e-07
cycle=8130 time=1.5869937202795684e-01 dt=6.8179406592131249e-07
cycle=8131 time=1.5870005382202276e-01 dt=6.6829444094517323e-07
cycle=8132 time=1.5870072211646372e-01 dt=6.5697800979672996e-07
cycle=8133 time=1.5870137909447352e-01 dt=6.4880368547313764e-07
cycle=8134 time=1.5870202789815899e-01 dt=6.4308891070795346e-07
cycle=8135 time=1.5870267098706969e-01 dt=6.3911370502737833e-07
cycle=8136 time=1.5870331010077471e-01 dt=6.3636872984532397e-07
cycle=8137 time=1.5870394646950456e-01 dt=6.3449309466253558e-07
cycle=8138 time=1.5870458096259923e-01 dt=6.3323132499737563e-07
cycle=8139 time=1.5870521419392422e-01 dt=6.3240317736894432e-07
cycle=8140 time=1.5870584659710160e-01 dt=6.3187769919296558e-07
cycle=8141 time=1.5870647847480079e-01 dt=6.3151251032401135e-07
cycle=8142 time=1.5870710998731111e-01 dt=6.3125848005913248e-07
cycle=8143 time=1.5870774124579118e-01 dt=6.3108007999860921e-07
cycle=8144 time=1.5870837232587118e-01 dt=6.3095161938150186e-07
cycle=8145 time=1.5870900327749055e-01 dt=6.3085199428919864e-07
cycle=8146 time=1.5870963412948483e-01 dt=6.3076630879405244e-07
cycle=8147 time=1.5871026489579362e-01 dt=6.3068399627330749e-07
cycle=8148 time=1.5871089557978990e-01 dt=6.3059763921949488e-07
cycle=8149 time=1.5871152617742912e-01 dt=6.3050200025881493e-07
cycle=8150 time=1.5871215667942937e-01 dt=6.3038606642088960e-07
cycle=8151 time=1.5871278706549580e-01 dt=6.3023739295916881e-07
cycle=8152 time=1.5871341730288877e-01 dt=6.3004838632647495e-07
cycle=8153 time=1.5871404735127509e-01 dt=6.2981030463900832e-07
cycle=8154 time=1.5871467716157972e-01 dt=6.2952248397214087e-07
cycle=8155 time=1.5871530668406370e-01 dt=6.2918761631687854e-07
cycle=8156 time=1.5871593587168001e-01 dt=6.2880057513057795e-07
cycle=8157 time=1.5871656467225514e-01 dt=6.2835743016320339e-07
cycle=8158 time=1.5871719302968532e-01 dt=6.2785359571992122e-07
cycle=8159 time=1.5871782088328104e-01 dt=6.2727008863548301e-07
cycle=8160 time=1.5871844815336969e-01 dt=6.2654853325699968e-07
cycle=8161 time=1.5871907470190294e-01 dt=6.2570257853805018e-07
cycle=8162 time=1.5871970040448147e-01 dt=6.2476227573821916e-07
cycle=8163 time=1.5872032516675721e-01 dt=6.2375409279808141e-07
cycle=8164 time=1.5872094892085001e-01 dt=6.2270360452166836e-07
cycle=8165 time=1.5872157162445452e-01 dt=6.2163264683537984e-07
cycle=8166 time=1.5872219325710135e-01 dt=6.2056052609738666e-07
cycle=8167 time=1.5872281381762746e-01 dt=6.1950394965649128e-07
cycle=8168 time=1.5872343332157712e-01 dt=6.1847658385501757e-07
cycle=8169 time=1.5872405179816099e-01 dt=6.1748883652877235e-07
cycle=8170 time=1.5872466928699752e-01 dt=6.1654812654173689e-07
cycle=8171 time=1.5872528583512407e-01 dt=6.1565954339833956e-07
cycle=8172 time=1.5872590149466748e-01 dt=6.1483834597922578e-07
cycle=8173 time=1.5872651633301346e-01 dt=6.1410233144870455e-07
cycle=8174 time=1.5872713043534492e-01 dt=6.1345322104866656e-07
cycle=8175 time=1.5872774388856598e-01 dt=6.1289096975619824e-07
cycle=8176 time=1.5872835677953573e-01 dt=6.1237791474465418e-07
cycle=8177 time=1.5872896915745047e-01 dt=6.1207248819401478e-07
cycle=8178 time=1.5872958122993866e-01 dt=6.1193521866038328e-07
cycle=8179 time=1.5873019316515732e-01 dt=5.6122156251079824e-07
cycle=8180 time=1.5873075438671982e-01 dt=4.9665253201979941e-07
cycle=8181 time=1.5873125103925184e-01 dt=4.3511883907645417e-07
cycle=8182 time=1.5873168615809091e-01 dt=3.8925583108844358e-07
cycle=8183 time=1.5873207541392201e-01 dt=3.6724030666443948e-07
cycle=8184 time=1.5873244265422867e-01 dt=3.5150923729001438e-07
cycle=8185 time=1.5873279416346597e-01 dt=3.3862949091322265e-07
cycle=8186 time=1.5873313279295689e-01 dt=3.2821607606801152e-07
cycle=8187 time=1.5873346100903296e-01 dt=3.3013121566743752e-07
cycle=8188 time=1.5873379114024863e-01 dt=3.6958900757972869e-07
cycle=8189 time=1.5873416072925622e-01 dt=4.6303409540518029e-07
cycle=8190 time=1.5873462376335162e-01 dt=6.6828528294962928e-07
cycle=8191 time=1.5873529204863457e-01 dt=7.1843989991413423e-07
cycle=8192 time=1.5873601048853447e-01 dt=7.2184894919426999e-07
cycle=8193 time=1.5873673233748367e-01 dt=7.1627201772501865e-07
cycle=8194 time=1.5873744860950140e-01 dt=7.0387149978539584e-07
cycle=8195 time=1.5873815248100118e-01 dt=6.8682599726588851e-07
cycle=8196 time=1.5873883930699845e-01 dt=6.6720326728397186e-07
cycle=8197 time=1.5873950651026572e-01 dt=6.4680401071006236e-07
cycle=8198 time=1.5874015331427643e-01 dt=6.2710857694913915e-07
cycle=8199 time=1.5874078042285339e-01 dt=6.0917987767200363e-07
cycle=8200 time=1.5874138960273107e-01 dt=5.9369301704820878e-07
cycle=8201 time=1.5874198329574812e-01 dt=5.8098861507565764e-07
cycle=8202 time=1.5874256428436320e-01 dt=5.7164957103794294e-07
cycle=8203 time=1.5874313593393424e-01 dt=5.6548475449175333e-07
cycle=8204 time=1.5874370141868874e-01 dt=5.6154826011979247e-07
cycle=8205 time=1.5874426296694885e-01 dt=5.5916787999874696e-07
cycle=8206 time=1.5874482213482885e-01 dt=5.5787642294598027e-07
cycle=8207 time=1.5874538001125180e-01 dt=5.6140803227808722e-07
cycle=8208 time=1.5874594141928408e-01 dt=5.7454136638360564e-07
cycle=8209 time=1.5874651596065045e-01 dt=5.9967789558026735e-07
cycle=8210 time=1.5874711563854604e-01 dt=6.4173135784143889e-07
cycle=8211 time=1.5874775736990387e-01 dt=6.8426312675909814e-07
cycle=8212 time=1.5874844163303065e-01 dt=6.7857193022480708e-07
cycle=8213 time=1.5874912020496088e-01 dt=6.7088573087533477e-07
cycle=8214 time=1.5874979109069176e-01 dt=6.6104265766607034e-07
cycle=8215 time=1.5875045213334943e-01 dt=6.4078646652190232e-07
cycle=8216 time=1.5875109291981596e-01 dt=6.2126418312957177e-07
cycle=8217 time=1.5875171418399908e-01 dt=6.0602854004762282e-07
cycle=8218 time=1.5875232021253913e-01 dt=5.9730719337588339e-07
cycle=8219 time=1.5875291751973250e-01 dt=5.9314801255048065e-07
cycle=8220 time=1.5875351066774504e-01 dt=5.9029806609478718e-07
cycle=8221 time=1.5875410096581113e-01 dt=5.6469968050531484e-07
cycle=8222 time=1.5875466566549165e-01 dt=5.8408406775405187e-07
cycle=8223 time=1.5875524974955940e-01 dt=5.8761282383717139e-07
cycle=8224 time=1.5875583736238325e-01 dt=5.8818507150565304e-07
cycle=8225 time=1.5875642554745475e-01 dt=5.8907929239660407e-07
cycle=8226 time=1.5875701462674716e-01 dt=5.9021412505876606e-07
cycle=8227 time=1.5875760484087220e-01 dt=5.9151698365094160e-07
cycle=8228 time=1.5875819635785585e-01 dt=5.9292439157094080e-07
cycle=8229 time=1.5875878928224743e-01 dt=5.9437690160850555e-07
cycle=8230 time=1.5875938365914904e-01 dt=5.9582281991258722e-07
cycle=8231 time=1.5875997948196896e-01 dt=5.9715108755463516e-07
cycle=8232 time=1.5876057663305651e-01 dt=5.9819117793551265e-07
cycle=8233 time=1.5876117482423444e-01 dt=5.9888150712153159e-07
cycle=8234 time=1.5876177370574154e-01 dt=5.9929116539208430e-07
cycle=8235 time=1.5876237299690693e-01 dt=5.9952130029941017e-07
cycle=8236 time=1.5876297251820723e-01 dt=5.9963455454364907e-07
cycle=8237 time=1.5876357215276177e-01 dt=5.9967180855606407e-07
cycle=8238 time=1.5876417182457031e-01 dt=5.9966366618067231e-07
cycle=8239 time=1.5876477148823648e-01 dt=5.9963404603111310e-07
cycle=8240 time=1.5876537112228251e-01 dt=5.9960095515333448e-07
cycle=8241 time=1.5876597072323767e-01 dt=5.9957717225064175e-07
cycle=8242 time=1.5876657030040991e-01 dt=5.9957113639206165e-07
cycle=8243 time=1.5876716987154629e-01 dt=5.9958817318731247e-07
cycle=8244 time=1.5876776945971949e-01 dt=5.9963073975411074e-07
cycle=8245 time=1.5876836909045924e-01 dt=5.9969984405241622e-07
cycle=8246 time=1.5876896879030331e-01 dt=5.9979531948716732e-07
cycle=8247 time=1.5876956858562280e-01 dt=5.9991607070619331e-07
cycle=8248 time=1.5877016850169351e-01 dt=6.0006076477345073e-07
cycle=8249 time=1.5877076856245828e-01 dt=6.0022802746821928e-07
cycle=8250 time=1.5877136879048576e-01 dt=6.0041659988616404e-07
cycle=8251 time=1.5877196920708564e-01 dt=6.0062539977773150e-07
cycle=8252 time=1.5877256983248542e-01 dt=6.0085353417547107e-07
cycle=8253 time=1.5877317068601959e-01 dt=6.0110029108309208e-07
cycle=8254 time=1.5877377178631066e-01 dt=6.0136504566323010e-07
cycle=8255 time=1.5877437315135634e-01 dt=6.0164730580258983e-07
cycle=8256 time=1.5877497479866215e-01 dt=6.0194649246590835e-07
cycle=8257 time=1.5877557674515461e-01 dt=6.0226214572594318e-07
cycle=8258 time=1.5877617900730034e-01 dt=5.8190253342806607e-07
cycle=8259 time=1.5877676090983378e-01 dt=5.4262715962994968e-07
cycle=8260 time=1.5877730353699340e-01 dt=5.0182306420500381e-07
cycle=8261 time=1.5877780536005762e-01 dt=4.6326427770205906e-07
cycle=8262 time=1.5877826862433531e-01 dt=4.3012372703617975e-07
cycle=8263 time=1.5877869874806233e-01 dt=4.0700035455703813e-07
cycle=8264 time=1.5877910574841689e-01 dt=3.9592732827132993e-07
cycle=8265 time=1.5877950167574517e-01 dt=3.9044328594251638e-07
cycle=8266 time=1.5877989211903112e-01 dt=3.8767875921890120e-07
cycle=8267 time=1.5878027979779033e-01 dt=3.8619403051060946e-07
cycle=8268 time=1.5878066599182084e-01 dt=3.8627732374224234e-07
cycle=8269 time=1.5878105226914457e-01 dt=3.8853973080586125e-07
cycle=8270 time=1.5878144080887538e-01 dt=3.9291584629761616e-07
cycle=8271 time=1.5878183372472168e-01 dt=3.9896177372856797e-07
cycle=8272 time=1.5878223268649541e-01 dt=4.0623423004494510e-07
cycle=8273 time=1.5878263892072544e-01 dt=4.1432972576522596e-07
cycle=8274 time=1.5878305325045122e-01 dt=4.2289023460495358e-07
cycle=8275 time=1.5878347614068583e-01 dt=4.3160084274202173e-07
cycle=8276 time=1.5878390774152856e-01 dt=4.4018485836753729e-07
cycle=8277 time=1.5878434792638693e-01 dt=4.4840451513110544e-07
cycle=8278 time=1.5878479633090206e-01 dt=4.5606785815160534e-07
cycle=8279 time=1.5878525239876021e-01 dt=4.6302988272150386e-07
cycle=8280 time=1.5878571542864292e-01 dt=4.6919003607589056e-07
cycle=8281 time=1.5878618461867899e-01 dt=4.7448754707507852e-07
cycle=8282 time=1.5878665910622608e-01 dt=4.7890548387031351e-07
cycle=8283 time=1.5878713801170996e-01 dt=4.8248543293692699e-07
cycle=8284 time=1.5878762049714290e-01 dt=4.8531476550766731e-07
cycle=8285 time=1.5878810581190841e-01 dt=4.8752601724050413e-07
cycle=8286 time=1.5878859333792567e-01 dt=4.8929229611424847e-07
cycle=8287 time=1.5878908263022179e-01 dt=4.9083979781951028e-07
cycle=8288 time=1.5878957347001960e-01 dt=4.9274722147181466e-07
cycle=8289 time=1.5879006621724107e-01 dt=4.9537096762584997e-07
cycle=8290 time=1.5879056158820870e-01 dt=4.9911431118770054e-07
cycle=8291 time=1.5879106070251989e-01 dt=5.2150253760775651e-07
cycle=8292 time=1.5879158220505749e-01 dt=5.9810396322620705e-07
cycle=8293 time=1.5879218030902070e-01 dt=7.9436064018081508e-07
cycle=8294 time=1.5879297466966089e-01 dt=1.1938035475251807e-06
cycle=8295 time=1.5879416847320840e-01 dt=1.1746138162039391e-06
cycle=8296 time=1.5879534308702462e-01 dt=1.0912016512967857e-06
cycle=8297 time=1.5879643428867590e-01 dt=9.6582750751598989e-07
cycle=8298 time=1.5879740011618343e-01 dt=8.2395018277970133e-07
cycle=8299 time=1.5879822406636621e-01 dt=6.9256809974209811e-07
cycle=8300 time=1.5879891663446594e-01 dt=6.1531798824192382e-07
cycle=8301 time=1.5879953195245416e-01 dt=5.8581800352221121e-07
cycle=8302 time=1.5880011777045769e-01 dt=5.6885343178061076e-07
cycle=8303 time=1.5880068662388946e-01 dt=5.5746975106046473e-07
cycle=8304 time=1.5880124409364052e-01 dt=5.5082790284377185e-07
cycle=8305 time=1.5880179492154337e-01 dt=5.4822714035432456e-07
cycle=8306 time=1.5880234314868372e-01 dt=5.4905976216842160e-07
cycle=8307 time=1.5880289220844587e-01 dt=5.5278171837195481e-07
cycle=8308 time=1.5880344499016424e-01 dt=5.5889168098520112e-07
cycle=8309 time=1.5880400388184523e-01 dt=5.6691751011841385e-07
cycle=8310 time=1.5880457079935537e-01 dt=5.7640927717755556e-07
cycle=8311 time=1.5880514720863254e-01 dt=5.8693811841905668e-07
cycle=8312 time=1.5880573414675095e-01 dt=5.9811103935181827e-07
cycle=8313 time=1.5880633225779031e-01 dt=6.0954969603103646e-07
cycle=8314 time=1.5880694180748633e-01 dt=6.2091311762724812e-07
cycle=8315 time=1.5880756272060395e-01 dt=6.3190753615019986e-07
cycle=8316 time=1.5880819462814011e-01 dt=6.4076664127829445e-07
cycle=8317 time=1.5880883539478138e-01 dt=6.4752781294725360e-07
cycle=8318 time=1.5880948292259434e-01 dt=6.5296796789533351e-07
cycle=8319 time=1.5881013589056223e-01 dt=6.5751178821936093e-07
cycle=8320 time=1.5881079340235044e-01 dt=6.6103568090781131e-07
cycle=8321 time=1.5881145443803135e-01 dt=6.6370165049862241e-07
cycle=8322 time=1.5881211813968185e-01 dt=6.6572609112577775e-07
cycle=8323 time=1.5881278386577297e-01 dt=6.6734040816521938e-07
cycle=8324 time=1.5881345120618112e-01 dt=6.6873880002718465e-07
cycle=8325 time=1.5881411994498115e-01 dt=6.7008241490019527e-07
cycle=8326 time=1.5881479002739604e-01 dt=6.7149287440399663e-07
cycle=8327 time=1.5881546152027046e-01 dt=6.7304825844016532e-07
cycle=8328 time=1.5881613456852889e-01 dt=6.7476112728768119e-07
cycle=8329 time=1.5881680932965617e-01 dt=6.7661695325646166e-07
cycle=8330 time=1.5881748594660941e-01 dt=6.7858556431110789e-07
cycle=8331 time=1.5881816453217373e-01 dt=6.8063461169758380e-07
cycle=8332 time=1.5881884516678543e-01 dt=6.7864336159213099e-07
cycle=8333 time=1.5881952381014702e-01 dt=6.6718735627354201e-07
cycle=8334 time=1.5882019099750330e-01 dt=6.5644317950529127e-07
cycle=8335 time=1.5882084744068281e-01 dt=6.4682654681014926e-07
cycle=8336 time=1.5882149426722963e-01 dt=6.3858557481905883e-07
cycle=8337 time=1.5882213285280444e-01 dt=6.3182680594762220e-07
cycle=8338 time=1.5882276467961040e-01 dt=6.2654209141187958e-07
cycle=8339 time=1.5882339122170180e-01 dt=6.2264387023723443e-07
cycle=8340 time=1.5882401386557204e-01 dt=6.1999008348581577e-07
cycle=8341 time=1.5882463385565554e-01 dt=6.1840391814157118e-07
cycle=8342 time=1.5882525225957367e-01 dt=6.1770232705583133e-07
cycle=8343 time=1.5882586996190073e-01 dt=6.1781309053317228e-07
cycle=8344 time=1.5882648777499125e-01 dt=6.1857371229242503e-07
cycle=8345 time=1.5882710634870353e-01 dt=6.1981998154707353e-07
cycle=8346 time=1.5882772616868507e-01 dt=6.2140409509933020e-07
cycle=8347 time=1.5882834757278017e-01 dt=6.2319791823718700e-07
cycle=8348 time=1.5882897077069841e-01 dt=6.2509373521409932e-07
cycle=8349 time=1.5882959586443363e-01 dt=6.2700360181946311e-07
cycle=8350 time=1.5883022286803544e-01 dt=6.2885996817294631e-07
cycle=8351 time=1.5883085172800362e-01 dt=6.3061414863804177e-07
cycle=8352 time=1.5883148234215227e-01 dt=6.3223427044018584e-07
cycle=8353 time=1.5883211457642271e-01 dt=6.3370307149612508e-07
cycle=8354 time=1.5883274827949420e-01 dt=6.3501550242245500e-07
cycle=8355 time=1.5883338329499663e-01 dt=6.3617618783745211e-07
cycle=8356 time=1.5883401947118447e-01 dt=6.3719707555509414e-07
cycle=8357 time=1.5883465666826002e-01 dt=6.3809537774851649e-07
cycle=8358 time=1.5883529476363778e-01 dt=6.3889183500849528e-07
cycle=8359 time=1.5883593365547280e-01 dt=6.3960884891302380e-07
cycle=8360 time=1.5883657326432171e-01 dt=6.4026889090638227e-07
cycle=8361 time=1.5883721353321262e-01 dt=6.4089350352850210e-07
cycle=8362 time=1.5883785442671614e-01 dt=6.4150284170762769e-07
cycle=8363 time=1.5883849592955784e-01 dt=6.4211398194393136e-07
cycle=8364 time=1.5883913804353977e-01 dt=6.4274114881229229e-07
cycle=8365 time=1.5883978078468858e-01 dt=6.4339557874892250e-07
cycle=8366 time=1.5884042418026734e-01 dt=6.4408454962852022e-07
cycle=8367 time=1.5884106826481698e-01 dt=6.4474077696457915e-07
cycle=8368 time=1.5884171300559394e-01 dt=6.4533078548624917e-07
cycle=8369 time=1.5884235833637941e-01 dt=6.4586853922932119e-07
cycle=8370 time=1.5884300420491865e-01 dt=6.4636847217644612e-07
cycle=8371 time=1.5884365057339084e-01 dt=6.4684475343105128e-07
cycle=8372 time=1.5884429741814426e-01 dt=6.4735653049881782e-07
cycle=8373 time=1.5884494477467476e-01 dt=6.4794485838119602e-07
cycle=8374 time=1.5884559271953314e-01 dt=6.4854484266818114e-07
cycle=8375 time=1.5884624126437580e-01 dt=6.4916100293305926e-07
cycle=8376 time=1.5884689042537872e-01 dt=6.4979728614086932e-07
cycle=8377 time=1.5884754022266487e-01 dt=6.5045704252789908e-07
cycle=8378 time=1.5884819067970740e-01 dt=6.5114269992436027e-07
cycle=8379 time=1.5884884182240733e-01 dt=6.5185789115956818e-07
cycle=8380 time=1.5884949368029849e-01 dt=6.4316384181812388e-07
cycle=8381 time=1.5885013684414032e-01 dt=6.3053070965045328e-07
cycle=8382 time=1.5885076737484996e-01 dt=6.1850931609734590e-07
cycle=8383 time=1.5885138588416606e-01 dt=6.0749559415581119e-07
cycle=8384 time=1.5885199337976022e-01 dt=5.9774558981432731e-07
cycle=8385 time=1.5885259112535002e-01 dt=5.8939744441345157e-07
cycle=8386 time=1.5885318052279443e-01 dt=5.8280140940895638e-07
cycle=8387 time=1.5885376332420384e-01 dt=5.7790300922979847e-07
cycle=8388 time=1.5885434122721306e-01 dt=5.7426207454267952e-07
cycle=8389 time=1.5885491548928760e-01 dt=5.7156133943872940e-07
cycle=8390 time=1.5885548705062705e-01 dt=5.6957108919867715e-07
cycle=8391 time=1.5885605662171626e-01 dt=5.6812404344288090e-07
cycle=8392 time=1.5885662474575971e-01 dt=5.6709597104800881e-07
cycle=8393 time=1.5885719184173075e-01 dt=5.6638710278620719e-07
cycle=8394 time=1.5885775822883352e-01 dt=5.6594111442182539e-07
cycle=8395 time=1.5885832416994794e-01 dt=5.6596504461268371e-07
cycle=8396 time=1.5885889013499255e-01 dt=5.6642156238052750e-07
cycle=8397 time=1.5885945655655492e-01 dt=5.6721402981979757e-07
cycle=8398 time=1.5886002377058475e-01 dt=5.6824750208547988e-07
cycle=8399 time=1.5886059201808683e-01 dt=5.6943752349892661e-07
cycle=8400 time=1.5886116145561033e-01 dt=5.7071275380187750e-07
cycle=8401 time=1.5886173216836413e-01 dt=5.7201480936773578e-07
cycle=8402 time=1.5886230418317351e-01 dt=5.7329799351349816e-07
cycle=8403 time=1.5886287748116704e-01 dt=5.7452892182642141e-07
cycle=8404 time=1.5886345201008886e-01 dt=5.7568470632864280e-07
cycle=8405 time=1.5886402769479518e-01 dt=5.7675171650161789e-07
cycle=8406 time=1.5886460444651168e-01 dt=5.7772418807703528e-07
cycle=8407 time=1.5886518217069975e-01 dt=5.7860270475604638e-07
cycle=8408 time=1.5886576077340450e-01 dt=5.7939289098383507e-07
cycle=8409 time=1.5886634016629547e-01 dt=5.8010415994577815e-07
cycle=8410 time=1.5886692027045543e-01 dt=5.8074121521555338e-07
cycle=8411 time=1.5886750101167066e-01 dt=5.8128622161025530e-07
cycle=8412 time=1.5886808229789226e-01 dt=5.8175848267414319e-07
cycle=8413 time=1.5886866405637493e-01 dt=5.8217741894086762e-07
cycle=8414 time=1.5886924623379386e-01 dt=5.8256176359753001e-07
cycle=8415 time=1.5886982879555747e-01 dt=5.8292891619947862e-07
cycle=8416 time=1.5887041172447366e-01 dt=5.8329446873301801e-07
cycle=8417 time=1.5887099501894239e-01 dt=5.8367183536555361e-07
cycle=8418 time=1.5887157869077775e-01 dt=5.8407203191343781e-07
cycle=8419 time=1.5887216276280966e-01 dt=5.8450361844214323e-07
cycle=8420 time=1.5887274726642811e-01 dt=5.8497277451742027e-07
cycle=8421 time=1.5887333223920264e-01 dt=5.8548277780268541e-07
cycle=8422 time=1.5887391772198045e-01 dt=5.8603601272733519e-07
cycle=8423 time=1.5887450375799317e-01 dt=5.8663218016066603e-07
cycle=8424 time=1.5887509039017333e-01 dt=5.8726934278036768e-07
cycle=8425 time=1.5887567765951610e-01 dt=5.8794454673771025e-07
cycle=8426 time=1.5887626560406284e-01 dt=5.8865409200910369e-07
cycle=8427 time=1.5887685425815484e-01 dt=5.8939408276885831e-07
cycle=8428 time=1.5887744365223760e-01 dt=5.9016017371289959e-07
cycle=8429 time=1.5887803381241131e-01 dt=5.9094797944441120e-07
cycle=8430 time=1.5887862476039075e-01 dt=5.9176633308479144e-07
cycle=8431 time=1.5887921652672382e-01 dt=5.9261263811577378e-07
cycle=8432 time=1.5887980913936195e-01 dt=5.9348214831006430e-07
cycle=8433 time=1.5888040262151026e-01 dt=5.9437042766904650e-07
cycle=8434 time=1.5888099699193795e-01 dt=5.9527333417858258e-07
cycle=8435 time=1.5888159226527213e-01 dt=5.9618715546070153e-07
cycle=8436 time=1.5888218845242758e-01 dt=5.9711426036328992e-07
cycle=8437 time=1.5888278556668795e-01 dt=5.9806460348191555e-07
cycle=8438 time=1.5888338363129142e-01 dt=5.9904866587395624e-07
cycle=8439 time=1.5888398267995729e-01 dt=6.0007698926042477e-07
cycle=8440 time=1.5888458275694656e-01 dt=6.0115980922742704e-07
cycle=8441 time=1.5888518391675580e-01 dt=6.0230677283784025e-07
cycle=8442 time=1.5888578622352864e-01 dt=6.0352731029012571e-07
cycle=8443 time=1.5888638975083894e-01 dt=6.0482984734032966e-07
cycle=8444 time=1.5888699458068628e-01 dt=6.0622212032039688e-07
cycle=8445 time=1.5888760080280659e-01 dt=6.0771055927713912e-07
cycle=8446 time=1.5888820851336585e-01 dt=6.0930094048728403e-07
cycle=8447 time=1.5888881781430633e-01 dt=6.1101998984038992e-07
cycle=8448 time=1.5888942883429616e-01 dt=6.1289330613517805e-07
cycle=8449 time=1.5889004172760229e-01 dt=6.1514372850956005e-07
cycle=8450 time=1.5889065687133080e-01 dt=6.1837665686418187e-07
cycle=8451 time=1.5889127524798766e-01 dt=6.2340850781690142e-07
cycle=8452 time=1.5889189865649547e-01 dt=6.3013147296486681e-07
cycle=8453 time=1.5889252878796845e-01 dt=6.3770993415700590e-07
cycle=8454 time=1.5889316649790261e-01 dt=6.4590728683086700e-07
cycle=8455 time=1.5889381240518943e-01 dt=6.5444663941205297e-07
cycle=8456 time=1.5889446685182884e-01 dt=6.6283902562888674e-07
cycle=8457 time=1.5889512969085448e-01 dt=6.7087884812008115e-07
cycle=8458 time=1.5889580056970259e-01 dt=6.7840084797359602e-07
cycle=8459 time=1.5889647897055056e-01 dt=6.8528533120614915e-07
cycle=8460 time=1.5889716425588177e-01 dt=6.9145768854269772e-07
cycle=8461 time=1.5889785571357032e-01 dt=6.9689759207251862e-07
cycle=8462 time=1.5889855261116240e-01 dt=7.0162890472343201e-07
cycle=8463 time=1.5889925424006712e-01 dt=7.0571397004891429e-07
cycle=8464 time=1.5889995995403716e-01 dt=7.0924499367604206e-07
cycle=8465 time=1.5890066919903084e-01 dt=7.1234065802210580e-07
cycle=8466 time=1.5890138153968886e-01 dt=7.1513814967392063e-07
cycle=8467 time=1.5890209667783853e-01 dt=7.1778574139031223e-07
cycle=8468 time=1.5890281446357993e-01 dt=7.2043604423568788e-07
cycle=8469 time=1.5890353489962417e-01 dt=7.2323998413857078e-07
cycle=8470 time=1.5890425813960832e-01 dt=7.2634700834889529e-07
cycle=8471 time=1.5890498448661666e-01 dt=7.2989281212621920e-07
cycle=8472 time=1.5890571437942880e-01 dt=7.3400034610239714e-07
cycle=8473 time=1.5890644837977491e-01 dt=7.3877818720099794e-07
cycle=8474 time=1.5890718715796212e-01 dt=7.4431477892345157e-07
cycle=8475 time=1.5890793147274104e-01 dt=7.5068066078395907e-07
cycle=8476 time=1.5890868215340181e-01 dt=7.5790135543277584e-07
cycle=8477 time=1.5890944005475724e-01 dt=7.6597522949261434e-07
cycle=8478 time=1.5891020602998673e-01 dt=7.7487586420982774e-07
cycle=8479 time=1.5891098090585096e-01 dt=7.8456994185409931e-07
cycle=8480 time=1.5891176547579280e-01 dt=7.9500969324072975e-07
cycle=8481 time=1.5891256048548605e-01 dt=8.0613792560341053e-07
cycle=8482 time=1.5891336662341166e-01 dt=8.1788994858166578e-07
cycle=8483 time=1.5891418451336023e-01 dt=8.3020047284327892e-07
cycle=8484 time=1.5891501471383307e-01 dt=8.4305696318468333e-07
cycle=8485 time=1.5891585777079625e-01 dt=8.5641166365679753e-07
cycle=8486 time=1.5891671418245992e-01 dt=8.7021479485180644e-07
cycle=8487 time=1.5891758439725479e-01 dt=8.8441620688006170e-07
cycle=8488 time=1.5891846881346167e-01 dt=8.9898074169649805e-07
cycle=8489 time=1.5891936779420338e-01 dt=9.1389224668830488e-07
cycle=8490 time=1.5892028168645006e-01 dt=9.2919598793994747e-07
cycle=8491 time=1.5892121088243799e-01 dt=9.4496220153336400e-07
cycle=8492 time=1.5892215584463953e-01 dt=9.6121772633939587e-07
cycle=8493 time=1.5892311706236587e-01 dt=9.7535647367637422e-07
cycle=8494 time=1.5892409241883954e-01 dt=9.3250798036289232e-07
cycle=8495 time=1.5892502492681990e-01 dt=8.9129425981127151e-07
cycle=8496 time=1.5892591622107971e-01 dt=8.5349985717560208e-07
cycle=8497 time=1.5892676972093689e-01 dt=8.1991508690521878e-07
cycle=8498 time=1.5892758963602380e-01 dt=7.9123315366513000e-07
cycle=8499 time=1.5892838086917746e-01 dt=7.6779756402831328e-07
cycle=8500 time=1.5892914866674149e-01 dt=7.2754010811058770e-07
cycle=8501 time=1.5892987620684959e-01 dt=6.4608094815783344e-07
cycle=8502 time=1.5893052228779775e-01 dt=5.6923076762225020e-07
cycle=8503 time=1.5893109151856538e-01 dt=4.9459599838676836e-07
cycle=8504 time=1.5893158611456376e-01 dt=4.2900733488817436e-07
cycle=8505 time=1.5893201512189864e-01 dt=3.7969972879391769e-07
cycle=8506 time=1.5893239482162744e-01 dt=3.4310695132647303e-07
cycle=8507 time=1.5893273792857876e-01 dt=3.1461420971577831e-07
cycle=8508 time=1.5893305254278847e-01 dt=2.9217582405879060e-07
cycle=8509 time=1.5893334471861253e-01 dt=2.7442286659719805e-07
cycle=8510 time=1.5893361914147913e-01 dt=2.6030128887953761e-07
cycle=8511 time=1.5893387944276802e-01 dt=2.4894399508955901e-07
cycle=8512 time=1.5893412838676310e-01 dt=2.3985868808116723e-07
cycle=8513 time=1.5893436824545118e-01 dt=2.3300307209170816e-07
cycle=8514 time=1.5893460124852327e-01 dt=2.2789392016571669e-07
cycle=8515 time=1.5893482914244345e-01 dt=2.2415979320257072e-07
cycle=8516 time=1.5893505330223665e-01 dt=2.2151419175033658e-07
cycle=8517 time=1.5893527481642838e-01 dt=2.1973458899904446e-07
cycle=8518 time=1.5893549455101738e-01 dt=2.1864638183774853e-07
cycle=8519 time=1.5893571319739921e-01 dt=2.1811044882646839e-07
cycle=8520 time=1.5893593130784803e-01 dt=2.1801387775563924e-07
cycle=8521 time=1.5893614932172578e-01 dt=2.1826353406289744e-07
cycle=8522 time=1.5893636758525984e-01 dt=2.1878125849310636e-07
cycle=8523 time=1.5893658636651833e-01 dt=2.1950077876302799e-07
cycle=8524 time=1.5893680586729711e-01 dt=2.2036577907447918e-07
cycle=8525 time=1.5893702623307618e-01 dt=2.2132724595681564e-07
cycle=8526 time=1.5893724756032213e-01 dt=2.2234094618651717e-07
cycle=8527 time=1.5893746990126831e-01 dt=2.2336670254371026e-07
cycle=8528 time=1.5893769326797086e-01 dt=2.2437272831473885e-07
cycle=8529 time=1.5893791764069917e-01 dt=2.2532902757988041e-07
cycle=8530 time=1.5893814296972675e-01 dt=2.2621069230700863e-07
cycle=8531 time=1.5893836918041906e-01 dt=2.2699810024774750e-07
cycle=8532 time=1.5893859617851933e-01 dt=2.2767621592559723e-07
cycle=8533 time=1.5893882385473526e-01 dt=2.2813551394911361e-07
cycle=8534 time=1.5893905199024921e-01 dt=2.2832813439314742e-07
cycle=8535 time=1.5893928031838361e-01 dt=2.2831181975093753e-07
cycle=8536 time=1.5893950863020337e-01 dt=2.2814096618386162e-07
cycle=8537 time=1.5893973677116954e-01 dt=2.2785721274466068e-07
cycle=8538 time=1.5893996462838228e-01 dt=2.2749364902011646e-07
cycle=8539 time=1.5894019212203131e-01 dt=2.2707685141332042e-07
cycle=8540 time=1.5894041919888272e-01 dt=2.2662767705614876e-07
cycle=8541 time=1.5894064582655978e-01 dt=2.2616261505832316e-07
cycle=8542 time=1.5894087198917484e-01 dt=2.2569484848637081e-07
cycle=8543 time=1.5894109768402331e-01 dt=2.2523486614171897e-07
cycle=8544 time=1.5894132291888946e-01 dt=2.2479097230752470e-07
cycle=8545 time=1.5894154770986177e-01 dt=2.2436978041170800e-07
cycle=8546 time=1.5894177207964219e-01 dt=2.2397682864203984e-07
cycle=8547 time=1.5894199605647083e-01 dt=2.2361651852831349e-07
cycle=8548 time=1.5894221967298935e-01 dt=2.2329229836422211e-07
cycle=8549 time=1.5894244296528773e-01 dt=2.2300693888056814e-07
cycle=8550 time=1.5894266597222662e-01 dt=2.2276266234417700e-07
cycle=8551 time=1.5894288873488896e-01 dt=2.2256122949690464e-07
cycle=8552 time=1.5894311129611846e-01 dt=2.2240396513909561e-07
cycle=8553 time=1.5894333370008359e-01 dt=2.2229191745829134e-07
cycle=8554 time=1.5894355599200105e-01 dt=2.2222590109124007e-07
cycle=8555 time=1.5894377821790215e-01 dt=2.2225012875677598e-07
cycle=8556 time=1.5894400046803089e-01 dt=2.2235698112870639e-07
cycle=8557 time=1.5894422282501203e-01 dt=2.2253592202015360e-07
cycle=8558 time=1.5894444536093405e-01 dt=2.2277869627409162e-07
cycle=8559 time=1.5894466813963032e-01 dt=2.2307880471771025e-07
cycle=8560 time=1.5894489121843502e-01 dt=2.2343110336840005e-07
cycle=8561 time=1.5894511464953839e-01 dt=2.2382970529170039e-07
cycle=8562 time=1.5894533847924369e-01 dt=2.2423318506770689e-07
cycle=8563 time=1.5894556271242877e-01 dt=2.2464013381498481e-07
cycle=8564 time=1.5894578735256260e-01 dt=2.2504804835689805e-07
cycle=8565 time=1.5894601240061096e-01 dt=2.2545300632959955e-07
cycle=8566 time=1.5894623785361728e-01 dt=2.2583484092034596e-07
cycle=8567 time=1.5894646368845819e-01 dt=2.2617977174449690e-07
cycle=8568 time=1.5894668986822993e-01 dt=2.2649199683739255e-07
cycle=8569 time=1.5894691636022676e-01 dt=2.2677429202414001e-07
cycle=8570 time=1.5894714313451877e-01 dt=2.2702890582934424e-07
cycle=8571 time=1.5894737016342461e-01 dt=2.2724554074989187e-07
cycle=8572 time=1.5894759740896536e-01 dt=2.2754207869860914e-07
cycle=8573 time=1.5894782495104406e-01 dt=2.2789028704818751e-07
cycle=8574 time=1.5894805284133112e-01 dt=2.2828463250253543e-07
cycle=8575 time=1.5894828112596363e-01 dt=2.2875148308874381e-07
cycle=8576 time=1.5894850987744671e-01 dt=2.2930902145431025e-07
cycle=8577 time=1.5894873918646818e-01 dt=2.2996415898323097e-07
cycle=8578 time=1.5894896915062717e-01 dt=2.3070980500001992e-07
cycle=8579 time=1.5894919986043218e-01 dt=2.3152378772094039e-07
cycle=8580 time=1.5894943138421991e-01 dt=2.3236717066011783e-07
cycle=8581 time=1.5894966375139058e-01 dt=2.3318077011801013e-07
cycle=8582 time=1.5894989693216069e-01 dt=2.3387896887567578e-07
cycle=8583 time=1.5895013081112958e-01 dt=2.3435604787594115e-07
cycle=8584 time=1.5895036516717745e-01 dt=2.3449458563728248e-07
cycle=8585 time=1.5895059966176309e-01 dt=2.3417574203602429e-07
cycle=8586 time=1.5895083383750513e-01 dt=2.3329206353714995e-07
cycle=8587 time=1.5895106712956866e-01 dt=2.3176012332743909e-07
cycle=8588 time=1.5895129888969198e-01 dt=2.2953035201412313e-07
cycle=8589 time=1.5895152842004398e-01 dt=2.2659328439309141e-07
cycle=8590 time=1.5895175501332837e-01 dt=2.2297895358610182e-07
cycle=8591 time=1.5895197799228195e-01 dt=2.1891302625120844e-07
cycle=8592 time=1.5895219690530821e-01 dt=2.1494799725573154e-07
cycle=8593 time=1.5895241185330547e-01 dt=2.1117496742893004e-07
cycle=8594 time=1.5895262302827290e-01 dt=2.0767087561370298e-07
cycle=8595 time=1.5895283069914851e-01 dt=2.0450062092871068e-07
cycle=8596 time=1.5895303519976944e-01 dt=2.0171843331157328e-07
cycle=8597 time=1.5895323691820276e-01 dt=1.9936918173718779e-07
cycle=8598 time=1.5895343628738451e-01 dt=1.9748997681927250e-07
cycle=8599 time=1.5895363377736133e-01 dt=1.9611164410075556e-07
cycle=8600 time=1.5895382988900542e-01 dt=1.9525996827029129e-07
cycle=8601 time=1.5895402514897369e-01 dt=1.9495656062678877e-07
cycle=8602 time=1.5895422010553431e-01 dt=1.9521953623228402e-07
cycle=8603 time=1.5895441532507054e-01 dt=1.9606600449206044e-07
cycle=8604 time=1.5895461139107503e-01 dt=1.9751270065277801e-07
cycle=8605 time=1.5895480890377567e-01 dt=1.9957589001631709e-07
cycle=8606 time=1.5895500847966568e-01 dt=2.0227154202684394e-07
cycle=8607 time=1.5895521075120769e-01 dt=2.0561517710901935e-07
cycle=8608 time=1.5895541636638480e-01 dt=2.0961633040335825e-07
cycle=8609 time=1.5895562598271520e-01 dt=2.1428661271241791e-07
cycle=8610 time=1.5895584026932791e-01 dt=2.1963751369696354e-07
cycle=8611 time=1.5895605990684161e-01 dt=2.2567810426205653e-07
cycle=8612 time=1.5895628558494587e-01 dt=2.3241432836968706e-07
cycle=8613 time=1.5895651799927424e-01 dt=2.3984826688407886e-07
cycle=8614 time=1.5895675784754112e-01 dt=2.4798508702817703e-07
cycle=8615 time=1.5895700583262815e-01 dt=2.5690108986615171e-07
cycle=8616 time=1.5895726273371802e-01 dt=2.6657864677114849e-07
cycle=8617 time=1.5895752931236479e-01 dt=2.7699210188300309e-07
cycle=8618 time=1.5895780630446668e-01 dt=2.8810725292020155e-07
cycle=8619 time=1.5895809441171960e-01 dt=2.9988467074094605e-07
cycle=8620 time=1.5895839429639033e-01 dt=3.1228225431414230e-07
cycle=8621 time=1.5895870657864464e-01 dt=3.2538292473242879e-07
cycle=8622 time=1.5895903196156938e-01 dt=3.3905252377123197e-07
cycle=8623 time=1.5895937101409316e-01 dt=3.5296054057287443e-07
cycle=8624 time=1.5895972397463373e-01 dt=3.6716784829657053e-07
cycle=8625 time=1.5896009114248202e-01 dt=3.8176795481840186e-07
cycle=8626 time=1.5896047291043683e-01 dt=3.9688879340647885e-07
cycle=8627 time=1.5896086979923024e-01 dt=4.1268793562859517e-07
cycle=8628 time=1.5896128248716587e-01 dt=4.2935578652002914e-07
cycle=8629 time=1.5896171184295238e-01 dt=4.4712090496155217e-07
cycle=8630 time=1.5896215896385735e-01 dt=4.6577972264764026e-07
cycle=8631 time=1.5896262474358000e-01 dt=4.8551951196104061e-07
cycle=8632 time=1.5896311026309196e-01 dt=5.0662806546686413e-07
cycle=8633 time=1.5896361689115743e-01 dt=5.2933268725572575e-07
cycle=8634 time=1.5896414622384469e-01 dt=5.5412013063268881e-07
cycle=8635 time=1.5896470034397533e-01 dt=5.8167269006227123e-07
cycle=8636 time=1.5896528201666540e-01 dt=6.1304786368935933e-07
cycle=8637 time=1.5896589506452910e-01 dt=6.4936891215228665e-07
cycle=8638 time=1.5896654443344124e-01 dt=6.9217717641177175e-07
cycle=8639 time=1.5896723661061765e-01 dt=7.4361200095541862e-07
cycle=8640 time=1.5896798022261860e-01 dt=8.0674846432829206e-07
cycle=8641 time=1.5896878697108294e-01 dt=8.8614828153831907e-07
cycle=8642 time=1.5896967311936447e-01 dt=9.9006407722871677e-07
cycle=8643 time=1.5897066318344169e-01 dt=1.0708629080792312e-06
cycle=8644 time=1.5897173404634976e-01 dt=1.0253966532079576e-06
cycle=8645 time=1.5897275944300296e-01 dt=9.6753380544209314e-07
cycle=8646 time=1.5897372697680839e-01 dt=9.0100277304276366e-07
cycle=8647 time=1.5897462797958142e-01 dt=8.2971046494913178e-07
cycle=8648 time=1.5897545769004637e-01 dt=7.5786412012786783e-07
cycle=8649 time=1.5897621555416649e-01 dt=6.8902109520570371e-07
cycle=8650 time=1.5897690457526170e-01 dt=6.2753126876798768e-07
cycle=8651 time=1.5897753210653046e-01 dt=5.7679194195672892e-07
cycle=8652 time=1.5897810889847241e-01 dt=5.4223589799618386e-07
cycle=8653 time=1.5897865113437040e-01 dt=5.1952216153382111e-07
cycle=8654 time=1.5897917065653194e-01 dt=5.0534988980845555e-07
cycle=8655 time=1.5897967600642174e-01 dt=4.9739829527977747e-07
cycle=8656 time=1.5898017340471701e-01 dt=4.9405773860909426e-07
cycle=8657 time=1.5898066746245562e-01 dt=4.9415709260621043e-07
cycle=8658 time=1.5898116161954823e-01 dt=4.9682137043115657e-07
cycle=8659 time=1.5898165844091866e-01 dt=5.0140923910152466e-07
cycle=8660 time=1.5898215985015776e-01 dt=5.0742297916179434e-07
cycle=8661 time=1.5898266727313692e-01 dt=5.1452591002858766e-07
cycle=8662 time=1.5898318179904694e-01 dt=5.2247803536497276e-07
cycle=8663 time=1.5898370427708231e-01 dt=5.3131141683622884e-07
cycle=8664 time=1.5898423558849914e-01 dt=5.4228771758854401e-07
cycle=8665 time=1.5898477787621673e-01 dt=5.5492409709863924e-07
cycle=8666 time=1.5898533280031382e-01 dt=5.6874272563163716e-07
cycle=8667 time=1.5898590154303946e-01 dt=5.8327716539940532e-07
cycle=8668 time=1.5898648482020486e-01 dt=5.9814199543272469e-07
cycle=8669 time=1.5898708296220029e-01 dt=6.1306577378361182e-07
cycle=8670 time=1.5898769602797408e-01 dt=6.2789779611935796e-07
cycle=8671 time=1.5898832392577020e-01 dt=6.4248774293523617e-07
cycle=8672 time=1.5898896641351312e-01 dt=6.5673108580385385e-07
cycle=8673 time=1.5898962314459891e-01 dt=6.7056814146129577e-07
cycle=8674 time=1.5899029371274037e-01 dt=6.8398104695955333e-07
cycle=8675 time=1.5899097769378734e-01 dt=6.9753415940907279e-07
cycle=8676 time=1.5899167522794674e-01 dt=7.1123726716574936e-07
cycle=8677 time=1.5899238646521391e-01 dt=7.2512874952110520e-07
cycle=8678 time=1.5899311159396343e-01 dt=7.3925979638706761e-07
cycle=8679 time=1.5899385085375980e-01 dt=7.5369060773741439e-07
cycle=8680 time=1.5899460454436753e-01 dt=7.6849097055443102e-07
cycle=8681 time=1.5899537303533809e-01 dt=7.8373646875827432e-07
cycle=8682 time=1.5899615677180684e-01 dt=7.4940933255519955e-07
cycle=8683 time=1.5899690618113940e-01 dt=6.5099809780198622e-07
cycle=8684 time=1.5899755717923719e-01 dt=5.7552294181449675e-07
cycle=8685 time=1.5899813270217900e-01 dt=5.0961818016397599e-07
cycle=8686 time=1.5899864232035915e-01 dt=4.4576621933378529e-07
cycle=8687 time=1.5899908808657848e-01 dt=3.8646801165165900e-07
cycle=8688 time=1.5899947455459013e-01 dt=3.5430599169951815e-07
cycle=8689 time=1.5899982886058184e-01 dt=3.3612094321388477e-07
cycle=8690 time=1.5900016498152506e-01 dt=3.2567019803947735e-07
cycle=8691 time=1.5900049065172309e-01 dt=3.2014430781747458e-07
cycle=8692 time=1.5900081079603090e-01 dt=3.1795545527071364e-07
cycle=8693 time=1.5900112875148617e-01 dt=3.1808135866273123e-07
cycle=8694 time=1.5900144683284484e-01 dt=3.1980376130586093e-07
cycle=8695 time=1.5900176663660615e-01 dt=3.2258843884872747e-07
cycle=8696 time=1.5900208922504500e-01 dt=3.2603268622700231e-07
cycle=8697 time=1.5900241525773123e-01 dt=3.2982873425973773e-07
cycle=8698 time=1.5900274508646550e-01 dt=3.3372146504684931e-07
cycle=8699 time=1.5900307880793055e-01 dt=3.3752143939241443e-07
cycle=8700 time=1.5900341632936993e-01 dt=3.4109354846278100e-07
cycle=8701 time=1.5900375742291839e-01 dt=3.4434496752095088e-07
cycle=8702 time=1.5900410176788590e-01 dt=3.4722877534212018e-07
cycle=8703 time=1.5900444899666125e-01 dt=3.4972029899878245e-07
cycle=8704 time=1.5900479871696024e-01 dt=3.5182253525857795e-07
cycle=8705 time=1.5900515053949552e-01 dt=3.5354035903714484e-07
cycle=8706 time=1.5900550407985456e-01 dt=3.5484922754585554e-07
cycle=8707 time=1.5900585892908212e-01 dt=3.5712426397878492e-07
cycle=8708 time=1.5900621605334608e-01 dt=3.6042753791358487e-07
cycle=8709 time=1.5900657648088401e-01 dt=3.6558065100184346e-07
cycle=8710 time=1.5900694206153501e-01 dt=3.7233218704271131e-07
cycle=8711 time=1.5900731439372207e-01 dt=3.8036111166024138e-07
cycle=8712 time=1.5900769475483373e-01 dt=3.8928950623628362e-07
cycle=8713 time=1.5900808404433997e-01 dt=3.9887694450378514e-07
cycle=8714 time=1.5900848292128447e-01 dt=4.0929919026771643e-07
cycle=8715 time=1.5900889222047473e-01 dt=4.1989005105071065e-07
cycle=8716 time=1.5900931211052580e-01 dt=4.3002387008135825e-07
cycle=8717 time=1.5900974213439587e-01 dt=4.3951158939607244e-07
cycle=8718 time=1.5901018164598527e-01 dt=4.4830304250544042e-07
cycle=8719 time=1.5901062994902776e-01 dt=4.5630857854710469e-07
cycle=8720 time=1.5901108625760629e-01 dt=8.6739514718061243e-07
cycle=8721 time=1.5901195365275347e-01 dt=1.5876205116974999e-06
cycle=8722 time=1.5901354127326517e-01 dt=1.5310157521307813e-06
cycle=8723 time=1.5901507228901729e-01 dt=1.4426099439473366e-06
cycle=8724 time=1.5901651489896124e-01 dt=1.3353510214347149e-06
cycle=8725 time=1.5901785024998266e-01 dt=1.2248248381132138e-06
cycle=8726 time=1.5901907507482077e-01 dt=1.1251259957134393e-06
cycle=8727 time=1.5902020020081648e-01 dt=1.0357910182458239e-06
cycle=8728 time=1.5902123599183471e-01 dt=9.3832213176526907e-07
cycle=8729 time=1.5902217431396648e-01 dt=8.5964204373513686e-07
cycle=8730 time=1.5902303395601022e-01 dt=8.0064172711777450e-07
cycle=8731 time=1.5902383459773733e-01 dt=7.5914339551241410e-07
cycle=8732 time=1.5902459374113284e-01 dt=7.2999482048867898e-07
cycle=8733 time=1.5902532373595332e-01 dt=7.0956075870611282e-07
cycle=8734 time=1.5902603329671203e-01 dt=6.9522164615528379e-07
cycle=8735 time=1.5902672851835820e-01 dt=6.8511128560481347e-07
cycle=8736 time=1.5902741362964379e-01 dt=6.7790052713642091e-07
cycle=8737 time=1.5902809153017092e-01 dt=6.7266229321209636e-07
cycle=8738 time=1.5902876419246412e-01 dt=6.6878431929432450e-07
cycle=8739 time=1.5902943297678340e-01 dt=6.6588338621613086e-07
cycle=8740 time=1.5903009886016961e-01 dt=6.6373363937954228e-07
cycle=8741 time=1.5903076259380899e-01 dt=6.6218958383618838e-07
cycle=8742 time=1.5903142478339283e-01 dt=6.6111741954728947e-07
cycle=8743 time=1.5903208590081239e-01 dt=6.6035840147379110e-07
cycle=8744 time=1.5903274625921385e-01 dt=6.3306338815214997e-07
cycle=8745 time=1.5903337932260200e-01 dt=5.8831060150177910e-07
cycle=8746 time=1.5903396763320352e-01 dt=5.4705348725726091e-07
cycle=8747 time=1.5903451468669078e-01 dt=5.0822919118468026e-07
cycle=8748 time=1.5903502291588195e-01 dt=4.7338265579012934e-07
cycle=8749 time=1.5903549629853775e-01 dt=4.4373533288005123e-07
cycle=8750 time=1.5903594003387062e-01 dt=4.2151361560804711e-07
cycle=8751 time=1.5903636154748621e-01 dt=4.0759352903602071e-07
cycle=8752 time=1.5903676914101525e-01 dt=3.9853963844122855e-07
cycle=8753 time=1.5903716768065368e-01 dt=3.9588902738929899e-07
cycle=8754 time=1.5903756356968107e-01 dt=3.9829782226208348e-07
cycle=8755 time=1.5903796186750332e-01 dt=4.0604243261153389e-07
cycle=8756 time=1.5903836790993595e-01 dt=4.2028667164592542e-07
cycle=8757 time=1.5903878819660761e-01 dt=4.4013593781309700e-07
cycle=8758 time=1.5903922833254541e-01 dt=4.6392878907061592e-07
cycle=8759 time=1.5903969226133449e-01 dt=4.7955029106521510e-07
cycle=8760 time=1.5904017181162555e-01 dt=4.9453636570210887e-07
cycle=8761 time=1.5904066634799124e-01 dt=5.0818193507704714e-07
cycle=8762 time=1.5904117452992633e-01 dt=5.1993964034119885e-07
cycle=8763 time=1.5904169446956667e-01 dt=5.2964345207583396e-07
cycle=8764 time=1.5904222411301874e-01 dt=5.3719636488027366e-07
cycle=8765 time=1.5904276130938363e-01 dt=5.4244536194965713e-07
cycle=8766 time=1.5904330375474560e-01 dt=5.4537041964555192e-07
cycle=8767 time=1.5904384912516525e-01 dt=5.4607027182452209e-07
cycle=8768 time=1.5904439519543709e-01 dt=5.4473562467289610e-07
cycle=8769 time=1.5904493993106175e-01 dt=5.4162034213192699e-07
cycle=8770 time=1.5904548155140388e-01 dt=5.3701583615320355e-07
cycle=8771 time=1.5904601856724004e-01 dt=5.3123078675517494e-07
cycle=8772 time=1.5904654979802679e-01 dt=5.2457609449150656e-07
cycle=8773 time=1.5904707437412127e-01 dt=5.1735430132473554e-07
cycle=8774 time=1.5904759172842259e-01 dt=5.0985313061771530e-07
cycle=8775 time=1.5904810158155322e-01 dt=5.0233971514495043e-07
cycle=8776 time=1.5904860392126838e-01 dt=4.9506521568104716e-07
cycle=8777 time=1.5904909898648406e-01 dt=4.8821330190811378e-07
cycle=8778 time=1.5904958719978596e-01 dt=4.8196777344956495e-07
cycle=8779 time=1.5905006916755940e-01 dt=4.7647968718408241e-07
cycle=8780 time=1.5905054564724658e-01 dt=4.7186340188561106e-07
cycle=8781 time=1.5905101751064846e-01 dt=4.6819079629667878e-07
cycle=8782 time=1.5905148570144476e-01 dt=4.6550688109917105e-07
cycle=8783 time=1.5905195120832585e-01 dt=4.6382115847572335e-07
cycle=8784 time=1.5905241502948433e-01 dt=4.6312506022312538e-07
cycle=8785 time=1.5905287815454455e-01 dt=4.6335901923666506e-07
cycle=8786 time=1.5905334151356379e-01 dt=4.6443279236492588e-07
cycle=8787 time=1.5905380594635615e-01 dt=4.6622988694154411e-07
cycle=8788 time=1.5905427217624310e-01 dt=4.6861343359469625e-07
cycle=8789 time=1.5905474078967669e-01 dt=4.7124948837383289e-07
cycle=8790 time=1.5905521203916506e-01 dt=4.7398875040592465e-07
cycle=8791 time=1.5905568602791548e-01 dt=4.7670120452350326e-07
cycle=8792 time=1.5905616272911999e-01 dt=4.7927095896418767e-07
cycle=8793 time=1.5905664200007896e-01 dt=4.8159984473776722e-07
cycle=8794 time=1.5905712359992369e-01 dt=4.8360995480614510e-07
cycle=8795 time=1.5905760720987849e-01 dt=4.8524515102996699e-07
cycle=8796 time=1.5905809245502953e-01 dt=4.8647282712284828e-07
cycle=8797 time=1.5905857892785666e-01 dt=4.8728017109340152e-07
cycle=8798 time=1.5905906620802776e-01 dt=4.8767257923049880e-07
cycle=8799 time=1.5905955388060700e-01 dt=4.8767135477028982e-07
cycle=8800 time=1.5906004155196177e-01 dt=4.8731096834269784e-07
cycle=8801 time=1.5906052886293012e-01 dt=4.8663661773028532e-07
cycle=8802 time=1.5906101549954785e-01 dt=4.8570057570531802e-07
cycle=8803 time=1.5906150120012355e-01 dt=4.8455914660296381e-07
cycle=8804 time=1.5906198575927016e-01 dt=4.8320635333616721e-07
cycle=8805 time=1.5906246896562351e-01 dt=4.8170613867793988e-07
cycle=8806 time=1.5906295067176218e-01 dt=4.8012244773848660e-07
cycle=8807 time=1.5906343079420993e-01 dt=4.7851600487423550e-07
cycle=8808 time=1.5906390931021480e-01 dt=4.7694148436945456e-07
cycle=8809 time=1.5906438625169916e-01 dt=4.7544684285666362e-07
cycle=8810 time=1.5906486169854203e-01 dt=4.7407342368901560e-07
cycle=8811 time=1.5906533577196572e-01 dt=4.7285372282407407e-07
cycle=8812 time=1.5906580862568853e-01 dt=4.7181109218740120e-07
cycle=8813 time=1.5906628043678073e-01 dt=4.7095998385903331e-07
cycle=8814 time=1.5906675139676460e-01 dt=4.7030653792403033e-07
cycle=8815 time=1.5906722170330254e-01 dt=4.6984826078474059e-07
cycle=8816 time=1.5906769155156333e-01 dt=4.6957473117778713e-07
cycle=8817 time=1.5906816112629452e-01 dt=4.6946829385262764e-07
cycle=8818 time=1.5906863059458837e-01 dt=4.6950486141008779e-07
cycle=8819 time=1.5906910009944977e-01 dt=4.6965762725958342e-07
cycle=8820 time=1.5906956975707703e-01 dt=4.6988145849085254e-07
cycle=8821 time=1.5907003963853553e-01 dt=4.7012767142597235e-07
cycle=8822 time=1.5907050976620696e-01 dt=4.7034648251517398e-07
cycle=8823 time=1.5907098011268947e-01 dt=4.7048753276284091e-07
cycle=8824 time=1.5907145060022224e-01 dt=4.7050286524113593e-07
cycle=8825 time=1.5907192110308749e-01 dt=4.7034783675357224e-07
cycle=8826 time=1.5907239145092425e-01 dt=4.6998264102729831e-07
cycle=8827 time=1.5907286143356528e-01 dt=4.6935519044248513e-07
cycle=8828 time=1.5907333078875571e-01 dt=4.6842691601776800e-07
cycle=8829 time=1.5907379921567172e-01 dt=4.6716696998269304e-07
cycle=8830 time=1.5907426638264169e-01 dt=4.6557762556900918e-07
cycle=8831 time=1.5907473196026725e-01 dt=4.6366723398226000e-07
cycle=8832 time=1.5907519562750122e-01 dt=4.5936976882085780e-07
cycle=8833 time=1.5907565499727003e-01 dt=4.5392051909424142e-07
cycle=8834 time=1.5907610891778912e-01 dt=4.4810991800182321e-07
cycle=8835 time=1.5907655702770712e-01 dt=4.4207944061125718e-07
cycle=8836 time=1.5907699910714773e-01 dt=4.3596612397048998e-07
cycle=8837 time=1.5907743507327171e-01 dt=4.2990228355205624e-07
cycle=8838 time=1.5907786497555526e-01 dt=4.2402026843210891e-07
cycle=8839 time=1.5907828899582369e-01 dt=4.1830675364539693e-07
cycle=8840 time=1.5907870730257734e-01 dt=4.1281272793934196e-07
cycle=8841 time=1.5907912011530528e-01 dt=4.0759622964558332e-07
cycle=8842 time=1.5907952771153494e-01 dt=4.0270440518068321e-07
cycle=8843 time=1.5907993041594012e-01 dt=3.9817083689253512e-07
cycle=8844 time=1.5908032858677701e-01 dt=3.9401035939418451e-07
cycle=8845 time=1.5908072259713640e-01 dt=3.9017342304618297e-07
cycle=8846 time=1.5908111277055945e-01 dt=3.8638240513274747e-07
cycle=8847 time=1.5908149915296457e-01 dt=3.8225016880007069e-07
cycle=8848 time=1.5908188140313337e-01 dt=3.7775744277098405e-07
cycle=8849 time=1.5908225916057614e-01 dt=3.7289302847366508e-07
cycle=8850 time=1.5908263205360462e-01 dt=3.6764483977066722e-07
cycle=8851 time=1.5908299969844439e-01 dt=3.6202771089318515e-07
cycle=8852 time=1.5908336172615528e-01 dt=3.5607096869694342e-07
cycle=8853 time=1.5908371779712399e-01 dt=3.4981593667544934e-07
cycle=8854 time=1.5908406761306065e-01 dt=3.4331582095231052e-07
cycle=8855 time=1.5908441092888159e-01 dt=3.3666747178535682e-07
cycle=8856 time=1.5908474759635338e-01 dt=3.2998068612722440e-07
cycle=8857 time=1.5908507757703952e-01 dt=3.2336481237018986e-07
cycle=8858 time=1.5908540094185189e-01 dt=3.1692806041861773e-07
cycle=8859 time=1.5908571786991230e-01 dt=3.1077117143747551e-07
cycle=8860 time=1.5908602864108373e-01 dt=3.0500871961517225e-07
cycle=8861 time=1.5908633364980335e-01 dt=2.9972160491910569e-07
cycle=8862 time=1.5908663337140827e-01 dt=2.9497287834586442e-07
cycle=8863 time=1.5908692834428662e-01 dt=2.9080781698960369e-07
cycle=8864 time=1.5908721915210361e-01 dt=2.8724621504339351e-07
cycle=8865 time=1.5908750639831865e-01 dt=2.8427316852030586e-07
cycle=8866 time=1.5908779067148718e-01 dt=2.8185641346834534e-07
cycle=8867 time=1.5908807252790064e-01 dt=2.7997002434833470e-07
cycle=8868 time=1.5908835249792500e-01 dt=2.7858656373697741e-07
cycle=8869 time=1.5908863108448873e-01 dt=2.7766951305837143e-07
cycle=8870 time=1.5908890875400178e-01 dt=2.7717452381189626e-07
cycle=8871 time=1.5908918592852558e-01 dt=2.7704211551868067e-07
cycle=8872 time=1.5908946297064111e-01 dt=2.7720672726685865e-07
cycle=8873 time=1.5908974017736838e-01 dt=2.7760496094814432e-07
cycle=8874 time=1.5909001778232931e-01 dt=2.7817178149630758e-07
cycle=8875 time=1.5909029595411081e-01 dt=2.7884273481974000e-07
cycle=8876 time=1.5909057479684563e-01 dt=2.7955558193826237e-07
cycle=8877 time=1.5909085435242756e-01 dt=2.8025168904311400e-07
cycle=8878 time=1.5909113460411661e-01 dt=2.8087798590710993e-07
cycle=8879 time=1.5909141548210251e-01 dt=2.8144345391118012e-07
cycle=8880 time=1.5909169692555641e-01 dt=2.8192174655130945e-07
cycle=8881 time=1.5909197884730297e-01 dt=2.8228175562639370e-07
cycle=8882 time=1.5909226112905861e-01 dt=2.8249779111483620e-07
cycle=8883 time=1.5909254362684971e-01 dt=2.8255036507552416e-07
cycle=8884 time=1.5909282617721479e-01 dt=2.8242647563160657e-07
cycle=8885 time=1.5909310860369041e-01 dt=2.8212039948684537e-07
cycle=8886 time=1.5909339072408990e-01 dt=2.8163250719011009e-07
cycle=8887 time=1.5909367235659708e-01 dt=2.8096413396447661e-07
cycle=8888 time=1.5909395332073104e-01 dt=2.8013063842881445e-07
cycle=8889 time=1.5909423345136947e-01 dt=2.7915398450005332e-07
cycle=8890 time=1.5909451260535398e-01 dt=2.7806240510505986e-07
cycle=8891 time=1.5909479066775908e-01 dt=2.7681765393997006e-07
cycle=8892 time=1.5909506748541302e-01 dt=2.7545439056112204e-07
cycle=8893 time=1.5909534293980360e-01 dt=2.7401722978233813e-07
cycle=8894 time=1.5909561695703339e-01 dt=2.7251489477651572e-07
cycle=8895 time=1.5909588947192818e-01 dt=2.7098945263129079e-07
cycle=8896 time=1.5909616046138081e-01 dt=2.6948750883837413e-07
cycle=8897 time=1.5909642994888964e-01 dt=2.6803962293154335e-07
cycle=8898 time=1.5909669798851259e-01 dt=2.6662614781031147e-07
cycle=8899 time=1.5909696461466039e-01 dt=2.6522075322577565e-07
cycle=8900 time=1.5909722983541361e-01 dt=2.6386033140813072e-07
cycle=8901 time=1.5909749369574502e-01 dt=2.6258227751405817e-07
cycle=8902 time=1.5909775627802253e-01 dt=2.6132988906665148e-07
cycle=8903 time=1.5909801760791159e-01 dt=2.6010457647879430e-07
cycle=8904 time=1.5909827771248808e-01 dt=2.5896492364047894e-07
cycle=8905 time=1.5909853667741172e-01 dt=2.5795846608754155e-07
cycle=8906 time=1.5909879463587781e-01 dt=2.5710928716374413e-07
cycle=8907 time=1.5909905174516498e-01 dt=2.5643852862411917e-07
cycle=8908 time=1.5909930818369361e-01 dt=2.5596921127662945e-07
cycle=8909 time=1.5909956415290488e-01 dt=2.5571939738105063e-07
cycle=8910 time=1.5909981987230226e-01 dt=2.5569990023381672e-07
cycle=8911 time=1.5910007557220249e-01 dt=2.5591745833107979e-07
cycle=8912 time=1.5910033148966082e-01 dt=2.5365222298857640e-07
cycle=8913 time=1.5910058514188380e-01 dt=2.5102319515061948e-07
cycle=8914 time=1.5910083616507895e-01 dt=2.4827845723026978e-07
cycle=8915 time=1.5910108444353618e-01 dt=2.4548974725288110e-07
cycle=8916 time=1.5910132993328344e-01 dt=2.4273125039465312e-07
cycle=8917 time=1.5910157266453384e-01 dt=2.4007631093873953e-07
cycle=8918 time=1.5910181274084478e-01 dt=2.3759576779014217e-07
cycle=8919 time=1.5910205033661257e-01 dt=2.3536092125395775e-07
cycle=8920 time=1.5910228569753382e-01 dt=2.3343573515978437e-07
cycle=8921 time=1.5910251913326898e-01 dt=2.3187514927620639e-07
cycle=8922 time=1.5910275100841825e-01 dt=2.3072400357479953e-07
cycle=8923 time=1.5910298173242182e-01 dt=2.3001703312196139e-07
cycle=8924 time=1.5910321174945494e-01 dt=2.2977955611881714e-07
cycle=8925 time=1.5910344152901107e-01 dt=2.3002920122828304e-07
cycle=8926 time=1.5910367155821228e-01 dt=2.3077981667686816e-07
cycle=8927 time=1.5910390233802896e-01 dt=2.3204920251028775e-07
cycle=8928 time=1.5910413438723148e-01 dt=2.3383873831945118e-07
cycle=8929 time=1.5910436822596979e-01 dt=2.3614018923868366e-07
cycle=8930 time=1.5910460436615903e-01 dt=2.3894424261467659e-07
cycle=8931 time=1.5910484331040164e-01 dt=2.4223628498226752e-07
cycle=8932 time=1.5910508554668662e-01 dt=2.4599797231462208e-07
cycle=8933 time=1.5910533154465895e-01 dt=2.5020792903330991e-07
cycle=8934 time=1.5910558175258799e-01 dt=2.5484208665460953e-07
cycle=8935 time=1.5910583659467464e-01 dt=2.5665097609591108e-07
cycle=8936 time=1.5910609324565073e-01 dt=2.5713014216493035e-07
cycle=8937 time=1.5910635037579290e-01 dt=2.5706660906768634e-07
cycle=8938 time=1.5910660744240196e-01 dt=2.5645065498422416e-07
cycle=8939 time=1.5910686389305695e-01 dt=2.5528453790035054e-07
cycle=8940 time=1.5910711917759485e-01 dt=2.5358324555775207e-07
cycle=8941 time=1.5910737276084042e-01 dt=2.5137506155827470e-07
cycle=8942 time=1.5910762413590199e-01 dt=2.4870164405335765e-07
cycle=8943 time=1.5910787283754604e-01 dt=2.4560861185315216e-07
cycle=8944 time=1.5910811844615791e-01 dt=2.4214957651278160e-07
cycle=8945 time=1.5910836059573441e-01 dt=2.3840555496916472e-07
cycle=8946 time=1.5910859900128937e-01 dt=2.3446666764045655e-07
cycle=8947 time=1.5910883346795701e-01 dt=2.3042983686626207e-07
cycle=8948 time=1.5910906389779389e-01 dt=2.2639599096517152e-07
cycle=8949 time=1.5910929029378484e-01 dt=2.2246698480188754e-07
cycle=8950 time=1.5910951276076965e-01 dt=2.1874400513148067e-07
cycle=8951 time=1.5910973150477478e-01 dt=2.1533016032746437e-07
cycle=8952 time=1.5910994683493510e-01 dt=2.1235011185088372e-07
cycle=8953 time=1.5911015918504695e-01 dt=2.1006888850917815e-07
cycle=8954 time=1.5911036925393546e-01 dt=2.0847584524813011e-07
cycle=8955 time=1.5911057772978071e-01 dt=2.0741573808730584e-07
cycle=8956 time=1.5911078514551880e-01 dt=2.0676853743970661e-07
cycle=8957 time=1.5911099191405623e-01 dt=2.0644110469936553e-07
cycle=8958 time=1.5911119835516094e-01 dt=2.0636093846354481e-07
cycle=8959 time=1.5911140471609941e-01 dt=2.0647146245114918e-07
cycle=8960 time=1.5911161118756187e-01 dt=2.0673018362513988e-07
cycle=8961 time=1.5911181791774551e-01 dt=2.0710710817649141e-07
cycle=8962 time=1.5911202502485369e-01 dt=2.0764491537261987e-07
cycle=8963 time=1.5911223266976907e-01 dt=2.0841053688316267e-07
cycle=8964 time=1.5911244108030595e-01 dt=2.0942476457909779e-07
cycle=8965 time=1.5911265050507054e-01 dt=2.1069074251784046e-07
cycle=8966 time=1.5911286119581305e-01 dt=2.1220047084231370e-07
cycle=8967 time=1.5911307339628389e-01 dt=2.1393813085532237e-07
cycle=8968 time=1.5911328733441474e-01 dt=2.1588220700811633e-07
cycle=8969 time=1.5911350321662174e-01 dt=2.1800543206920297e-07
cycle=8970 time=1.5911372122205381e-01 dt=2.2027770969367531e-07
cycle=8971 time=1.5911394149976349e-01 dt=2.2266680376267237e-07
cycle=8972 time=1.5911416416656726e-01 dt=2.2523146512206974e-07
cycle=8973 time=1.5911438939803238e-01 dt=2.2798092596552979e-07
cycle=8974 time=1.5911461737895835e-01 dt=2.3088015855833845e-07
cycle=8975 time=1.5911484825911690e-01 dt=2.3389100071939198e-07
cycle=8976 time=1.5911508215011760e-01 dt=2.3697417762805462e-07
cycle=8977 time=1.5911531912429522e-01 dt=2.4015065682801810e-07
cycle=8978 time=1.5911555927495205e-01 dt=2.4346119347734475e-07
cycle=8979 time=1.5911580273614553e-01 dt=2.4684044270222485e-07
cycle=8980 time=1.5911604957658823e-01 dt=2.5022001065292022e-07
cycle=8981 time=1.5911629979659889e-01 dt=2.5353014364162784e-07
cycle=8982 time=1.5911655332674252e-01 dt=2.5670092681545999e-07
cycle=8983 time=1.5911681002766934e-01 dt=2.5966326264915659e-07
cycle=8984 time=1.5911706969093198e-01 dt=2.6234972255727728e-07
cycle=8985 time=1.5911733204065454e-01 dt=2.6469534951823360e-07
cycle=8986 time=1.5911759673600406e-01 dt=2.6663855689995134e-07
cycle=8987 time=1.5911786337456096e-01 dt=2.6812221436292850e-07
cycle=8988 time=1.5911813149677534e-01 dt=2.6909497529378128e-07
cycle=8989 time=1.5911840059175064e-01 dt=2.6951262812820070e-07
cycle=8990 time=1.5911867010437877e-01 dt=2.6935674507147902e-07
cycle=8991 time=1.5911893946112385e-01 dt=2.6860506478272706e-07
cycle=8992 time=1.5911920806618862e-01 dt=2.6723908523683345e-07
cycle=8993 time=1.5911947530527387e-01 dt=2.6525310535625757e-07
cycle=8994 time=1.5911974055837924e-01 dt=2.6265570674006474e-07
cycle=8995 time=1.5912000321408598e-01 dt=2.5947045825439952e-07
cycle=8996 time=1.5912026268454424e-01 dt=2.5573579440612506e-07
cycle=8997 time=1.5912051842033864e-01 dt=2.5150434211049150e-07
cycle=8998 time=1.5912076992468074e-01 dt=2.4684147507981460e-07
cycle=8999 time=1.5912101676615584e-01 dt=2.4182314345980400e-07
cycle=9000 time=1.5912125858929929e-01 dt=2.3654964998708369e-07
cycle=9001 time=1.5912149513894927e-01 dt=2.3120549796618575e-07
cycle=9002 time=1.5912172634444724e-01 dt=2.2605759278556329e-07
cycle=9003 time=1.5912195240204002e-01 dt=2.2128870874692939e-07
cycle=9004 time=1.5912217369074877e-01 dt=2.1718914340045845e-07
cycle=9005 time=1.5912239087989216e-01 dt=2.1421661535164607e-07
cycle=9006 time=1.5912260509650752e-01 dt=2.1213812587917668e-07
cycle=9007 time=1.5912281723463340e-01 dt=2.1075924651277562e-07
cycle=9008 time=1.5912302799387990e-01 dt=2.0992696273312940e-07
cycle=9009 time=1.5912323792084263e-01 dt=2.0952092354350486e-07
cycle=9010 time=1.5912344744176618e-01 dt=2.0944654699966159e-07
cycle=9011 time=1.5912365688831318e-01 dt=2.0962956869969747e-07
cycle=9012 time=1.5912386651788188e-01 dt=2.1001163625969812e-07
cycle=9013 time=1.5912407652951813e-01 dt=2.1054682915688252e-07
cycle=9014 time=1.5912428707634729e-01 dt=2.1119891793815069e-07
cycle=9015 time=1.5912449827526523e-01 dt=2.1193921947004956e-07
cycle=9016 time=1.5912471021448471e-01 dt=2.1274522937737560e-07
cycle=9017 time=1.5912492295971409e-01 dt=2.1372257394043810e-07
cycle=9018 time=1.5912513668228803e-01 dt=2.1492352651765392e-07
cycle=9019 time=1.5912535160581456e-01 dt=2.1639846835062646e-07
cycle=9020 time=1.5912556800428290e-01 dt=2.1825326218321443e-07
cycle=9021 time=1.5912578625754509e-01 dt=2.2048351169181033e-07
cycle=9022 time=1.5912600674105679e-01 dt=2.2307621866107261e-07
cycle=9023 time=1.5912622981727545e-01 dt=2.2600933352670135e-07
cycle=9024 time=1.5912645582660898e-01 dt=2.2925225187477217e-07
cycle=9025 time=1.5912668507886085e-01 dt=2.3276972802656508e-07
cycle=9026 time=1.5912691784858887e-01 dt=2.3651997507876532e-07
cycle=9027 time=1.5912715436856395e-01 dt=2.4048400490866339e-07
cycle=9028 time=1.5912739485256885e-01 dt=2.4460951359924690e-07
cycle=9029 time=1.5912763946208244e-01 dt=2.4884061076452674e-07
cycle=9030 time=1.5912788830269320e-01 dt=2.5311743930902256e-07
cycle=9031 time=1.5912814142013251e-01 dt=2.5737697410450478e-07
cycle=9032 time=1.5912839879710661e-01 dt=2.6155690074829066e-07
cycle=9033 time=1.5912866035400736e-01 dt=2.6558957362256776e-07
cycle=9034 time=1.5912892594358097e-01 dt=2.6940445815838334e-07
cycle=9035 time=1.5912919534803913e-01 dt=2.7292908296059444e-07
cycle=9036 time=1.5912946827712210e-01 dt=2.7608990550204988e-07
cycle=9037 time=1.5912974436702759e-01 dt=2.7881350706618701e-07
cycle=9038 time=1.5913002318053465e-01 dt=2.8102825572765164e-07
cycle=9039 time=1.5913030420879037e-01 dt=2.8266581167684701e-07
cycle=9040 time=1.5913058687460205e-01 dt=2.8366363083633733e-07
cycle=9041 time=1.5913087053823288e-01 dt=2.8396802346982540e-07
cycle=9042 time=1.5913115450625634e-01 dt=2.8353719481545667e-07
cycle=9043 time=1.5913143804345115e-01 dt=2.8234438434228278e-07
cycle=9044 time=1.5913172038783549e-01 dt=2.8038090005090304e-07
cycle=9045 time=1.5913200076873554e-01 dt=2.7765889017694694e-07
cycle=9046 time=1.5913227842762573e-01 dt=2.7421368822502807e-07
cycle=9047 time=1.5913255264131396e-01 dt=2.7010562762944669e-07
cycle=9048 time=1.5913282274694160e-01 dt=2.6542061589136624e-07
cycle=9049 time=1.5913308816755750e-01 dt=2.6027031952596985e-07
cycle=9050 time=1.5913334843787702e-01 dt=2.5479409452823589e-07
cycle=9051 time=1.5913360323197154e-01 dt=2.4916502151516172e-07
cycle=9052 time=1.5913385239699304e-01 dt=2.4355082637100129e-07
cycle=9053 time=1.5913409594781941e-01 dt=2.3794423437956185e-07
cycle=9054 time=1.5913433389205378e-01 dt=2.3250929395866655e-07
cycle=9055 time=1.5913456640134774e-01 dt=2.2752017553870323e-07
cycle=9056 time=1.5913479392152327e-01 dt=2.2344314783418052e-07
cycle=9057 time=1.5913501736467112e-01 dt=2.2040945989104607e-07
cycle=9058 time=1.5913523777413099e-01 dt=2.1828446473369307e-07
cycle=9059 time=1.5913545605859572e-01 dt=2.1687576724473846e-07
cycle=9060 time=1.5913567293436295e-01 dt=2.1603401191109871e-07
cycle=9061 time=1.5913588896837486e-01 dt=2.1564269285472114e-07
cycle=9062 time=1.5913610461106770e-01 dt=2.1560472356759564e-07
cycle=9063 time=1.5913632021579127e-01 dt=2.1584782840469463e-07
cycle=9064 time=1.5913653606361969e-01 dt=2.1631458072954339e-07
cycle=9065 time=1.5913675237820041e-01 dt=2.1700443251508612e-07
cycle=9066 time=1.5913696938263291e-01 dt=2.1790902096288153e-07
cycle=9067 time=1.5913718729165388e-01 dt=2.1898499788680068e-07
cycle=9068 time=1.5913740627665177e-01 dt=2.2019394567871737e-07
cycle=9069 time=1.5913762647059745e-01 dt=2.2158903869314082e-07
cycle=9070 time=1.5913784805963616e-01 dt=2.2327147010652628e-07
cycle=9071 time=1.5913807133110627e-01 dt=2.2528593384971192e-07
cycle=9072 time=1.5913829661704013e-01 dt=2.2765577951648845e-07
cycle=9073 time=1.5913852427281963e-01 dt=2.3038776368179429e-07
cycle=9074 time=1.5913875466058330e-01 dt=2.3340138476476959e-07
cycle=9075 time=1.5913898806196808e-01 dt=2.3665023769285374e-07
cycle=9076 time=1.5913922471220576e-01 dt=2.4013939066151927e-07
cycle=9077 time=1.5913946485159641e-01 dt=2.4386124907759419e-07
cycle=9078 time=1.5913970871284550e-01 dt=2.4779907068119633e-07
cycle=9079 time=1.5913995651191618e-01 dt=2.5192888571036009e-07
cycle=9080 time=1.5914020844080187e-01 dt=2.5622251806413927e-07
cycle=9081 time=1.5914046466331994e-01 dt=2.6064712936215964e-07
cycle=9082 time=1.5914072531044929e-01 dt=2.6516376449526257e-07
cycle=9083 time=1.5914099047421379e-01 dt=2.6973240651535000e-07
cycle=9084 time=1.5914126020662031e-01 dt=2.7433377849737615e-07
cycle=9085 time=1.5914153454039881e-01 dt=2.7893330079634308e-07
cycle=9086 time=1.5914181347369960e-01 dt=2.8349872261692733e-07
cycle=9087 time=1.5914209697242221e-01 dt=2.8800438852507998e-07
cycle=9088 time=1.5914238497681074e-01 dt=2.9240118433182733e-07
cycle=9089 time=1.5914267737799506e-01 dt=2.9663712579946171e-07
cycle=9090 time=1.5914297401512087e-01 dt=3.0065768604513126e-07
cycle=9091 time=1.5914327467280692e-01 dt=3.0440573302438400e-07
cycle=9092 time=1.5914357907853996e-01 dt=3.0782166043872866e-07
cycle=9093 time=1.5914388690020040e-01 dt=3.1084304754936544e-07
cycle=9094 time=1.5914419774324795e-01 dt=3.1340481854857209e-07
cycle=9095 time=1.5914451114806649e-01 dt=3.1544022747435788e-07
cycle=9096 time=1.5914482658829396e-01 dt=3.1688168054799005e-07
cycle=9097 time=1.5914514346997449e-01 dt=3.1766460609646581e-07
cycle=9098 time=1.5914546113458058e-01 dt=3.1773367653189256e-07
cycle=9099 time=1.5914577886825712e-01 dt=3.1704851375665501e-07
cycle=9100 time=1.5914609591677087e-01 dt=3.1558949401602941e-07
cycle=9101 time=1.5914641150626488e-01 dt=3.1336033099622962e-07
cycle=9102 time=1.5914672486659587e-01 dt=3.1042945967901603e-07
cycle=9103 time=1.5914703529605553e-01 dt=3.0686453672222378e-07
cycle=9104 time=1.5914734216059226e-01 dt=3.0273338741395878e-07
cycle=9105 time=1.5914764489397967e-01 dt=2.9811638065758812e-07
cycle=9106 time=1.5914794301036034e-01 dt=2.9309309669311805e-07
cycle=9107 time=1.5914823610345702e-01 dt=2.8788613678513615e-07
cycle=9108 time=1.5914852398959381e-01 dt=2.8291614724475541e-07
cycle=9109 time=1.5914880690574104e-01 dt=2.7828162876237693e-07
cycle=9110 time=1.5914908518736981e-01 dt=2.7397924724571070e-07
cycle=9111 time=1.5914935916661704e-01 dt=2.7012467510719827e-07
cycle=9112 time=1.5914962929129214e-01 dt=2.6681849650967915e-07
cycle=9113 time=1.5914989610978866e-01 dt=2.6414219695588039e-07
cycle=9114 time=1.5915016025198561e-01 dt=2.6215566850992328e-07
cycle=9115 time=1.5915042240765412e-01 dt=2.6089700102054572e-07
cycle=9116 time=1.5915068330465515e-01 dt=2.6038515937508756e-07
cycle=9117 time=1.5915094368981453e-01 dt=2.6062500623203855e-07
cycle=9118 time=1.5915120431482077e-01 dt=2.6161280418403382e-07
cycle=9119 time=1.5915146592762497e-01 dt=2.6334015707703501e-07
cycle=9120 time=1.5915172926778204e-01 dt=2.6579601262235915e-07
cycle=9121 time=1.5915199506379465e-01 dt=2.6882864354020390e-07
cycle=9122 time=1.5915226389243819e-01 dt=2.6909535296373817e-07
cycle=9123 time=1.5915253298779117e-01 dt=2.6890099213488754e-07
cycle=9124 time=1.5915280188878331e-01 dt=2.6870063599640678e-07
cycle=9125 time=1.5915307058941930e-01 dt=2.6850915522909956e-07
cycle=9126 time=1.5915333909857451e-01 dt=2.6833379161106964e-07
cycle=9127 time=1.5915360743236612e-01 dt=2.6818141338060219e-07
cycle=9128 time=1.5915387561377950e-01 dt=2.6805829619460825e-07
cycle=9129 time=1.5915414367207570e-01 dt=2.6797003087140064e-07
cycle=9130 time=1.5915441164210656e-01 dt=2.6792137562818827e-07
cycle=9131 time=1.5915467956348220e-01 dt=2.6791632999458127e-07
cycle=9132 time=1.5915494747981218e-01 dt=2.6795908417744338e-07
cycle=9133 time=1.5915521543889635e-01 dt=2.6805304476624003e-07
cycle=9134 time=1.5915548349194111e-01 dt=2.6820068026442718e-07
cycle=9135 time=1.5915575169262139e-01 dt=2.6840366380492032e-07
cycle=9136 time=1.5915602009628518e-01 dt=2.6866285819478948e-07
cycle=9137 time=1.5915628875914337e-01 dt=2.6897838690592300e-07
cycle=9138 time=1.5915655773753026e-01 dt=2.6934744045710010e-07
cycle=9139 time=1.5915682708497073e-01 dt=2.6976858259574893e-07
cycle=9140 time=1.5915709685355331e-01 dt=2.7024030965568325e-07
cycle=9141 time=1.5915736709386297e-01 dt=2.7076083319235724e-07
cycle=9142 time=1.5915763785469617e-01 dt=2.7132819484569987e-07
cycle=9143 time=1.5915790918289102e-01 dt=2.7194034866922504e-07
cycle=9144 time=1.5915818112323968e-01 dt=2.7259522566166533e-07
cycle=9145 time=1.5915845371846535e-01 dt=2.7329081985272018e-07
cycle=9146 time=1.5915872700928521e-01 dt=2.7402517558389818e-07
cycle=9147 time=1.5915900103446079e-01 dt=2.7479649759006051e-07
cycle=9148 time=1.5915927583095837e-01 dt=2.7560479370049342e-07
cycle=9149 time=1.5915955143575208e-01 dt=2.7645240209699501e-07
cycle=9150 time=1.5915982788815419e-01 dt=2.7736227018857041e-07
cycle=9151 time=1.5916010525042437e-01 dt=2.7834006348924417e-07
cycle=9152 time=1.5916038359048787e-01 dt=2.7939177804998384e-07
cycle=9153 time=1.5916066298226592e-01 dt=2.8053179404475598e-07
cycle=9154 time=1.5916094351405996e-01 dt=2.8177989349822759e-07
cycle=9155 time=1.5916122529395346e-01 dt=2.8313976221470572e-07
cycle=9156 time=1.5916150843371568e-01 dt=2.8461762142376366e-07
cycle=9157 time=1.5916179305133710e-01 dt=2.8621925690227954e-07
cycle=9158 time=1.5916207927059400e-01 dt=2.8794996922634348e-07
cycle=9159 time=1.5916236722056323e-01 dt=2.8981447163743548e-07
cycle=9160 time=1.5916265703503488e-01 dt=2.9181700328697800e-07
cycle=9161 time=1.5916294885203816e-01 dt=2.9396125351924037e-07
cycle=9162 time=1.5916324281329167e-01 dt=2.9625034009053002e-07
cycle=9163 time=1.5916353906363176e-01 dt=2.9868669242874283e-07
cycle=9164 time=1.5916383775032419e-01 dt=3.0127196774099240e-07
cycle=9165 time=1.5916413902229193e-01 dt=3.0400733157456133e-07
cycle=9166 time=1.5916444302962351e-01 dt=3.0689292320480879e-07
cycle=9167 time=1.5916474992254673e-01 dt=3.0994615828588916e-07
cycle=9168 time=1.5916505986870502e-01 dt=3.1317594666969248e-07
cycle=9169 time=1.5916537304465170e-01 dt=3.1658214230163598e-07
cycle=9170 time=1.5916568962679400e-01 dt=3.2016381339577820e-07
cycle=9171 time=1.5916600979060741e-01 dt=3.2388355134943982e-07
cycle=9172 time=1.5916633367415875e-01 dt=3.2773361863423887e-07
cycle=9173 time=1.5916666140777738e-01 dt=3.3170499802099372e-07
cycle=9174 time=1.5916699311277541e-01 dt=3.3580000709564913e-07
cycle=9175 time=1.5916732891278251e-01 dt=3.3999468092311641e-07
cycle=9176 time=1.5916766890746345e-01 dt=3.4427379071070356e-07
cycle=9177 time=1.5916801318125415e-01 dt=3.4861963862346587e-07
cycle=9178 time=1.5916836180089278e-01 dt=3.5301262854455231e-07
cycle=9179 time=1.5916871481352132e-01 dt=3.5743129042784943e-07
cycle=9180 time=1.5916907224481175e-01 dt=3.6184744623000362e-07
cycle=9181 time=1.5916943409225798e-01 dt=3.6622920312399777e-07
cycle=9182 time=1.5916980032146111e-01 dt=3.7054337838182668e-07
cycle=9183 time=1.5917017086483948e-01 dt=3.7475542398528950e-07
cycle=9184 time=1.5917054562026348e-01 dt=3.7883008743860182e-07
cycle=9185 time=1.5917092445035091e-01 dt=3.8273247116118360e-07
cycle=9186 time=1.5917130718282207e-01 dt=3.8642872033501976e-07
cycle=9187 time=1.5917169361154240e-01 dt=3.8987083000797643e-07
cycle=9188 time=1.5917208348237241e-01 dt=3.9301126043770641e-07
cycle=9189 time=1.5917247649363284e-01 dt=3.9580444561777238e-07
cycle=9190 time=1.5917287229807844e-01 dt=3.9820862736061307e-07
cycle=9191 time=1.5917327050670579e-01 dt=4.0018649975299613e-07
cycle=9192 time=1.5917367069320554e-01 dt=3.9537953950763792e-07
cycle=9193 time=1.5917406607274504e-01 dt=3.8708247622813253e-07
cycle=9194 time=1.5917445315522127e-01 dt=3.7752946851784026e-07
cycle=9195 time=1.5917483068468979e-01 dt=3.6704372787409518e-07
cycle=9196 time=1.5917519772841768e-01 dt=3.5600726745773979e-07
cycle=9197 time=1.5917555373568515e-01 dt=3.4487904936636885e-07
cycle=9198 time=1.5917589861473452e-01 dt=3.3396441567070846e-07
cycle=9199 time=1.5917623257915020e-01 dt=3.2335137224540206e-07
cycle=9200 time=1.5917655593052243e-01 dt=3.1344045358504453e-07
cycle=9201 time=1.5917686937097603e-01 dt=3.0466854515481814e-07
cycle=9202 time=1.5917717403952117e-01 dt=2.9792277009480829e-07
cycle=9203 time=1.5917747196229126e-01 dt=2.9319764305405561e-07
cycle=9204 time=1.5917776515993431e-01 dt=2.9007595671965651e-07
cycle=9205 time=1.5917805523589104e-01 dt=2.8823281573728747e-07
cycle=9206 time=1.5917834346870677e-01 dt=2.8741071064528737e-07
cycle=9207 time=1.5917863087941742e-01 dt=2.8740372086598879e-07
cycle=9208 time=1.5917891828313829e-01 dt=2.8804570100518094e-07
cycle=9209 time=1.5917920632883931e-01 dt=2.8920135901481712e-07
cycle=9210 time=1.5917949553019833e-01 dt=2.9076177438010775e-07
cycle=9211 time=1.5917978629197271e-01 dt=2.9265584135134601e-07
cycle=9212 time=1.5918007894781405e-01 dt=2.9512542851417161e-07
cycle=9213 time=1.5918037407324256e-01 dt=2.9831392618511289e-07
cycle=9214 time=1.5918067238716874e-01 dt=3.0227048427360284e-07
cycle=9215 time=1.5918097465765302e-01 dt=3.0699746950006312e-07
cycle=9216 time=1.5918128165512252e-01 dt=3.1247176689921488e-07
cycle=9217 time=1.5918159412688943e-01 dt=3.1864157397350141e-07
cycle=9218 time=1.5918191276846338e-01 dt=3.2524803633943723e-07
cycle=9219 time=1.5918223801649972e-01 dt=3.3220351430128582e-07
cycle=9220 time=1.5918257022001403e-01 dt=3.3946376699172820e-07
cycle=9221 time=1.5918290968378102e-01 dt=3.4695818743675832e-07
cycle=9222 time=1.5918325664196845e-01 dt=3.5460700513947235e-07
cycle=9223 time=1.5918361124897359e-01 dt=3.6232673687203218e-07
cycle=9224 time=1.5918397357571046e-01 dt=3.7000835649908471e-07
cycle=9225 time=1.5918434358406697e-01 dt=3.7753338014204483e-07
cycle=9226 time=1.5918472111744711e-01 dt=3.8477804482275331e-07
cycle=9227 time=1.5918510589549192e-01 dt=3.9161604257421411e-07
cycle=9228 time=1.5918549751153449e-01 dt=3.9792457430404266e-07
cycle=9229 time=1.5918589543610878e-01 dt=3.9225301063409812e-07
cycle=9230 time=1.5918628768911941e-01 dt=3.8495897586533396e-07
cycle=9231 time=1.5918667264809527e-01 dt=3.7660824891794891e-07
cycle=9232 time=1.5918704925634419e-01 dt=3.6767867936439171e-07
cycle=9233 time=1.5918741693502356e-01 dt=3.5860265998524120e-07
cycle=9234 time=1.5918777553768354e-01 dt=3.4987115207169498e-07
cycle=9235 time=1.5918812540883562e-01 dt=3.4196960912525404e-07
cycle=9236 time=1.5918846737844475e-01 dt=3.3597582331124444e-07
cycle=9237 time=1.5918880335426805e-01 dt=3.3175681741826238e-07
cycle=9238 time=1.5918913511108546e-01 dt=3.2882016636416421e-07
cycle=9239 time=1.5918946393125183e-01 dt=3.2681185601882230e-07
cycle=9240 time=1.5918979074310785e-01 dt=3.2547698029745704e-07
cycle=9241 time=1.5919011622008813e-01 dt=3.2463067995699915e-07
cycle=9242 time=1.5919044085076808e-01 dt=3.2413896767364356e-07
cycle=9243 time=1.5919076498973575e-01 dt=3.2390448036737278e-07
cycle=9244 time=1.5919108889421613e-01 dt=3.2385631891003830e-07
cycle=9245 time=1.5919141275053503e-01 dt=3.2330805727892212e-07
cycle=9246 time=1.5919173605859230e-01 dt=3.2166268094687443e-07
cycle=9247 time=1.5919205772127323e-01 dt=3.2050447088913203e-07
cycle=9248 time=1.5919237822574411e-01 dt=3.1970210695540578e-07
cycle=9249 time=1.5919269792785107e-01 dt=3.1915809250315549e-07
cycle=9250 time=1.5919301708594358e-01 dt=3.1880021000459499e-07
cycle=9251 time=1.5919333588615359e-01 dt=3.1857518866600734e-07
cycle=9252 time=1.5919365446134226e-01 dt=3.1844387850036520e-07
cycle=9253 time=1.5919397290522075e-01 dt=3.1837771250859176e-07
cycle=9254 time=1.5919429128293325e-01 dt=3.1835597276449954e-07
cycle=9255 time=1.5919460963890603e-01 dt=3.1836376862269078e-07
cycle=9256 time=1.5919492800267465e-01 dt=3.1839045967051478e-07
cycle=9257 time=1.5919524639313432e-01 dt=3.1842859005090074e-07
cycle=9258 time=1.5919556482172437e-01 dt=3.1847311755201560e-07
cycle=9259 time=1.5919588329484191e-01 dt=3.1852361254539811e-07
cycle=9260 time=1.5919620181845445e-01 dt=3.1857717269273419e-07
cycle=9261 time=1.5919652039562715e-01 dt=3.1790964352289249e-07
cycle=9262 time=1.5919683830527068e-01 dt=3.1749309675117997e-07
cycle=9263 time=1.5919715579836743e-01 dt=3.1725611406041278e-07
cycle=9264 time=1.5919747305448151e-01 dt=3.1714656044341732e-07
cycle=9265 time=1.5919779020104194e-01 dt=3.1712654738478002e-07
cycle=9266 time=1.5919810732758932e-01 dt=3.1716860577286732e-07
cycle=9267 time=1.5919842449619509e-01 dt=3.1725295395649134e-07
cycle=9268 time=1.5919874174914905e-01 dt=3.1736549290274045e-07
cycle=9269 time=1.5919905911464197e-01 dt=3.1749635363176475e-07
cycle=9270 time=1.5919937661099559e-01 dt=3.1763858703504370e-07
cycle=9271 time=1.5919969424958264e-01 dt=3.1778738939426524e-07
cycle=9272 time=1.5920001203697204e-01 dt=3.1793955114355844e-07
cycle=9273 time=1.5920032997652317e-01 dt=3.1809406449909350e-07
cycle=9274 time=1.5920064807058767e-01 dt=3.1824939021335166e-07
cycle=9275 time=1.5920096631997788e-01 dt=3.1840460297933823e-07
cycle=9276 time=1.5920128472458087e-01 dt=3.1855922497275969e-07
cycle=9277 time=1.5920160328380584e-01 dt=3.1871310415532711e-07
cycle=9278 time=1.5920192199691000e-01 dt=3.1886631476778102e-07
cycle=9279 time=1.5920224086322476e-01 dt=3.1901908254279731e-07
cycle=9280 time=1.5920255988230730e-01 dt=3.1917174690417792e-07
cycle=9281 time=1.5920287905405420e-01 dt=3.1932472239084171e-07
cycle=9282 time=1.5920319837877658e-01 dt=3.1947862272701529e-07
cycle=9283 time=1.5920351785739931e-01 dt=3.1963406326700732e-07
cycle=9284 time=1.5920383749146258e-01 dt=3.1979164171412882e-07
cycle=9285 time=1.5920415728310430e-01 dt=3.1995193510393955e-07
cycle=9286 time=1.5920447723503942e-01 dt=3.2011549669270651e-07
cycle=9287 time=1.5920479735053611e-01 dt=3.2028285917601795e-07
cycle=9288 time=1.5920511763339529e-01 dt=3.2045453463653623e-07
cycle=9289 time=1.5920543808792992e-01 dt=3.2063100120992670e-07
cycle=9290 time=1.5920575871893114e-01 dt=3.2081270375671132e-07
cycle=9291 time=1.5920607953163490e-01 dt=3.2100008611417361e-07
cycle=9292 time=1.5920640053172103e-01 dt=3.2119350502665585e-07
cycle=9293 time=1.5920672172522604e-01 dt=3.2139312738679686e-07
cycle=9294 time=1.5920704311835343e-01 dt=3.2159915745193324e-07
cycle=9295 time=1.5920736471751087e-01 dt=3.2181176986247717e-07
cycle=9296 time=1.5920768652928075e-01 dt=3.2203110797541034e-07
cycle=9297 time=1.5920800856038872e-01 dt=3.2225733004795247e-07
cycle=9298 time=1.5920833081771876e-01 dt=3.2249071589316302e-07
cycle=9299 time=1.5920865330843464e-01 dt=3.2273139642003730e-07
cycle=9300 time=1.5920897603983106e-01 dt=3.2297950483598372e-07
cycle=9301 time=1.5920929901933589e-01 dt=3.2323517315318113e-07
cycle=9302 time=1.5920962225450905e-01 dt=3.2349855425004174e-07
cycle=9303 time=1.5920994575306330e-01 dt=3.2376986212276474e-07
cycle=9304 time=1.5921026952292541e-01 dt=3.2404927096987257e-07
cycle=9305 time=1.5921059357219638e-01 dt=3.2433691677241727e-07
cycle=9306 time=1.5921091790911315e-01 dt=3.2463290860493529e-07
cycle=9307 time=1.5921124254202176e-01 dt=3.2493734159385373e-07
cycle=9308 time=1.5921156747936335e-01 dt=3.2525030772819971e-07
cycle=9309 time=1.5921189272967107e-01 dt=3.2557219494155234e-07
cycle=9310 time=1.5921221830186602e-01 dt=3.2590429527657170e-07
cycle=9311 time=1.5921254420616129e-01 dt=3.2624676167268519e-07
cycle=9312 time=1.5921287045292296e-01 dt=3.2659997304246095e-07
cycle=9313 time=1.5921319705289599e-01 dt=3.2696423256761945e-07
cycle=9314 time=1.5921352401712857e-01 dt=3.2733983972919459e-07
cycle=9315 time=1.5921385135696831e-01 dt=3.2772710011969820e-07
cycle=9316 time=1.5921417908406843e-01 dt=3.2812625770527562e-07
cycle=9317 time=1.5921450721032612e-01 dt=3.2853751248079007e-07
cycle=9318 time=1.5921483574783860e-01 dt=3.2896103723552027e-07
cycle=9319 time=1.5921516470887584e-01 dt=3.2939699162254181e-07
cycle=9320 time=1.5921549410586747e-01 dt=3.2984554332155466e-07
cycle=9321 time=1.5921582395141079e-01 dt=3.3030680319303118e-07
cycle=9322 time=1.5921615425821398e-01 dt=3.3078042701882596e-07
cycle=9323 time=1.5921648503864100e-01 dt=3.3126635209665798e-07
cycle=9324 time=1.5921681630499310e-01 dt=3.3176469353343454e-07
cycle=9325 time=1.5921714806968662e-01 dt=3.3227567744003594e-07
cycle=9326 time=1.5921748034536407e-01 dt=3.3279986874886036e-07
cycle=9327 time=1.5921781314523281e-01 dt=3.3333788672379579e-07
cycle=9328 time=1.5921814648311955e-01 dt=3.3389026063213605e-07
cycle=9329 time=1.5921848037338018e-01 dt=3.3445744396024984e-07
cycle=9330 time=1.5921881483082415e-01 dt=3.3503967151740090e-07
cycle=9331 time=1.5921914987049565e-01 dt=3.3563733302651792e-07
cycle=9332 time=1.5921948550782869e-01 dt=3.3625068554171003e-07
cycle=9333 time=1.5921982175851424e-01 dt=3.3687995002167892e-07
cycle=9334 time=1.5922015863846425e-01 dt=3.3752534274980497e-07
cycle=9335 time=1.5922049616380701e-01 dt=3.3818707669711359e-07
cycle=9336 time=1.5922083435088372e-01 dt=3.3886540438595762e-07
cycle=9337 time=1.5922117321628809e-01 dt=3.3956033888761500e-07
cycle=9338 time=1.5922151277662697e-01 dt=3.4027171001304661e-07
cycle=9339 time=1.5922185304833697e-01 dt=3.4099921258343105e-07
cycle=9340 time=1.5922219404754956e-01 dt=3.4174270025561918e-07
cycle=9341 time=1.5922253579024981e-01 dt=3.4250215671750916e-07
cycle=9342 time=1.5922287829240653e-01 dt=3.4327740672229972e-07
cycle=9343 time=1.5922322156981325e-01 dt=3.4406841561827503e-07
cycle=9344 time=1.5922356563822887e-01 dt=3.4487524775813188e-07
cycle=9345 time=1.5922391051347662e-01 dt=3.4569803063844254e-07
cycle=9346 time=1.5922425621150726e-01 dt=3.4653693252148951e-07
cycle=9347 time=1.5922460274843978e-01 dt=3.4739215551770720e-07
cycle=9348 time=1.5922495014059529e-01 dt=3.4826419179854622e-07
cycle=9349 time=1.5922529840478708e-01 dt=3.4915351309823582e-07
cycle=9350 time=1.5922564755830018e-01 dt=3.5006063080353093e-07
cycle=9351 time=1.5922599761893100e-01 dt=3.5099054417274274e-07
cycle=9352 time=1.5922634860947518e-01 dt=3.5194373533324686e-07
cycle=9353 time=1.5922670055321050e-01 dt=3.5292039287223367e-07
cycle=9354 time=1.5922705347360339e-01 dt=3.5392052039541352e-07
cycle=9355 time=1.5922740739412378e-01 dt=3.5494395697734529e-07
cycle=9356 time=1.5922776233808075e-01 dt=3.5599001733107792e-07
cycle=9357 time=1.5922811832809808e-01 dt=3.5705752161090843e-07
cycle=9358 time=1.5922847538561968e-01 dt=3.5814586823603040e-07
cycle=9359 time=1.5922883353148792e-01 dt=3.5925484379708234e-07
cycle=9360 time=1.5922919278633171e-01 dt=3.6038448881466097e-07
cycle=9361 time=1.5922955317082052e-01 dt=3.6153500060170411e-07
cycle=9362 time=1.5922991470582112e-01 dt=3.6270666973150500e-07
cycle=9363 time=1.5923027741249085e-01 dt=3.6389901521908374e-07
cycle=9364 time=1.5923064131150608e-01 dt=3.6511121951778774e-07
cycle=9365 time=1.5923100642272559e-01 dt=3.6634323865493644e-07
cycle=9366 time=1.5923137276596425e-01 dt=3.6759532399955765e-07
cycle=9367 time=1.5923174036128826e-01 dt=3.6886790674305581e-07
cycle=9368 time=1.5923210922919501e-01 dt=3.7016151524576154e-07
cycle=9369 time=1.5923247939071025e-01 dt=3.7147671280962212e-07
cycle=9370 time=1.5923285086742306e-01 dt=3.7281402506596905e-07
cycle=9371 time=1.5923322368144813e-01 dt=3.7417385620043047e-07
cycle=9372 time=1.5923359785530433e-01 dt=3.7555849576639960e-07
cycle=9373 time=1.5923397341380011e-01 dt=3.7697315771717177e-07
cycle=9374 time=1.5923435038695782e-01 dt=3.7842566546525877e-07
cycle=9375 time=1.5923472881262329e-01 dt=3.7992566751424720e-07
cycle=9376 time=1.5923510873829080e-01 dt=3.8148298699345019e-07
cycle=9377 time=1.5923549022127781e-01 dt=3.8314247251116119e-07
cycle=9378 time=1.5923587336375031e-01 dt=3.8500717614865212e-07
cycle=9379 time=1.5923625837092645e-01 dt=3.8716371726055339e-07
cycle=9380 time=1.5923664553464370e-01 dt=3.8966237764679447e-07
cycle=9381 time=1.5923703519702134e-01 dt=3.9251917665927316e-07
cycle=9382 time=1.5923742771619800e-01 dt=3.9565866472285131e-07
cycle=9383 time=1.5923782337486272e-01 dt=3.9900419793502881e-07
cycle=9384 time=1.5923822237906066e-01 dt=4.0244400664271957e-07
cycle=9385 time=1.5923862482306730e-01 dt=4.0589800648222731e-07
cycle=9386 time=1.5923903072107379e-01 dt=4.0934418427518266e-07
cycle=9387 time=1.5923944006525806e-01 dt=4.1282301881686555e-07
cycle=9388 time=1.5923985288827688e-01 dt=4.1630124986708203e-07
cycle=9389 time=1.5924026918952675e-01 dt=4.1973097078942320e-07
cycle=9390 time=1.5924068892049753e-01 dt=4.2307741988327781e-07
cycle=9391 time=1.5924111199791741e-01 dt=4.2630848367322328e-07
cycle=9392 time=1.5924153830640109e-01 dt=4.2939929725101547e-07
cycle=9393 time=1.5924196770569835e-01 dt=4.3233833288165325e-07
cycle=9394 time=1.5924240004403123e-01 dt=4.3512420138411736e-07
cycle=9395 time=1.5924283516823262e-01 dt=4.3776671844192529e-07
cycle=9396 time=1.5924327293495105e-01 dt=4.4028388472971272e-07
cycle=9397 time=1.5924371321883579e-01 dt=4.4269968456867275e-07
cycle=9398 time=1.5924415591852037e-01 dt=4.4504395397363119e-07
cycle=9399 time=1.5924460096247434e-01 dt=4.4734857204045456e-07
cycle=9400 time=1.5924504831104638e-01 dt=4.4964138446414371e-07
cycle=9401 time=1.5924549795243084e-01 dt=4.5195754431561635e-07
cycle=9402 time=1.5924594990997515e-01 dt=4.5432784549998792e-07
cycle=9403 time=1.5924640423782066e-01 dt=4.5679286509524252e-07
cycle=9404 time=1.5924686103068575e-01 dt=4.5936121102525297e-07
cycle=9405 time=1.5924732039189676e-01 dt=4.6206884214910510e-07
cycle=9406 time=1.5924778246073892e-01 dt=4.6493237333114478e-07
cycle=9407 time=1.5924824739311225e-01 dt=4.6793741313985825e-07
cycle=9408 time=1.5924871533052540e-01 dt=4.7109420080553575e-07
cycle=9409 time=1.5924918642472621e-01 dt=4.7441925238792560e-07
cycle=9410 time=1.5924966084397860e-01 dt=4.7787188358720133e-07
cycle=9411 time=1.5925013871586219e-01 dt=4.8144337658375856e-07
cycle=9412 time=1.5925062015923877e-01 dt=4.8513081472306639e-07
cycle=9413 time=1.5925110529005349e-01 dt=4.8893366306298306e-07
