|
| TABLE A.2: Derived properties of the dense cores identified in the Herschel Gould Belt survey maps of the Orion B region
|
| "First-generation" product from the Herschel Gould Belt survey (HGBS - André et al. 2010, A&A, 518, L102)
|
| Published in Könyves et al. (2019 - arXiv:1910.04053): "Properties of the dense core population in Orion B as seen by the Herschel Gould Belt survey"
|
| Acknowledgements: If you use this HGBS product for a publication, please refer to the above two papers (Könyves et al. 2019 and André et al. 2010).
|
| Description of columns:
|
|  (1)   Core running number.
|  (2)   Core name. The full name consists of the HGBS_J prefix followed by a tag created from the J2000 sexagesimal coordinates.
|  (3)   Core right ascension (J2000).
|  (4)   Core declination (J2000).
|  (5)   Geometrical average between the major and minor FWHM sizes of the core [pc], as measured in the high-resolution column density map after deconvolution from the 18.2" HPBW resolution of the map.
|  (6)   Geometrical average between the major and minor FWHM sizes of the core [pc], as measured in the high-resolution column density map before deconvolution from the 18.2" HPBW resolution of the map. 
|  (7)   Estimated core mass [Msun] assuming the dust opacity law advocated by Roy et al. (2014, A&A, 562, A138).
|  (8)   Uncertainty in the core mass [Msun], including calibration uncertainties, but excluding dust opacity uncertainties.
|  (9)   Dust temperature [K] derived from simple SED fitting of the core integrated flux densities between 160 micron and 500 micron.
| (10)   Uncertainty in the dust temperature [K], including calibration uncertainties, but excluding uncertainties in the dust opacity index.
| (11)   Peak H2 column density [10^21 cm^-2] at the resolution of the 500 micron data, derived from a graybody SED fit to the core peak flux densities in a common 36.3" beam at all wavelengths. 
| (12)   Average column density of the core [10^21 cm^-2] derived using the observed radius (col. 6).
| (13)   Average column density of the core [10^21 cm^-2] derived using the deconvolved radius (col. 5).
| (14)   Beam-averaged peak volume density [10^4 cm^-3] at the resolution of the 500 micron data, derived from the peak column density (col. 11) assuming a Gaussian spherical distribution.
| (15)   Average volume density of the core [10^4 cm^-3] derived using the observed radius (col. 6).
| (16)   Average volume density of the core [10^4 cm^-3] derived using the deconvolved radius (col. 5).
| (17)   Bonnor-Ebert mass ratio of the core, M_BE,crit/Mobs.
| (18)   Core type: 1-starless, 2-prestellar, 3-protostellar. 
| (19)   Comments: "no SED fit", "tentative bound", or "N region" (see Könyves et al. 2019 for details).
|
| Note: The sizes listed in Col. 5 and Col. 6 provide estimates of the object's outer radius when the core can be approximately described by a Gaussian distribution, as is the case for a critical Bonnor-Ebert spheroid. 
|       In the case of a protostellar core with pronounced power-law wings, however, the quoted sizes may significantly underestimate the true outer radius.
|
|------------------------------------------------------------------------------------------------------------------------------------------------------------------------------------------------------------------------------
runNO|    Core_name    |   RA_2000   |   Dec_2000  |	  R_core      |    M_core    |    T_dust   |   Nh2_peak  |    Nh2_ave	 |  nh2_peak  |    nh2_ave    |alpha_BE| Core_type |   Comments        
     |     HGBS_J*     |   (h:m:s)   |    (d:m:s)  |	   (pc)       |    (Msun)    |     (K)     |(10^21 cm^-2)| (10^21 cm^-2) |(10^4 cm^-3)|  (10^4 cm^-3) |        |	   |		       
 (1) |       (2)       |     (3)     |     (4)     |   (5)	(6)   |   (7) ± (8)  |  (9) ± (10) |	 (11)	 |  (12)   (13)  |    (14)    |  (15)	(16)  |  (17)  |   (18)    |	 (19)	       
     |  	       |	     |  	   |		      | 	     |  	   |		 |		 |	      | 	      |        |	   |		       
   1   053758.8-013942   05:37:58.88   -01:39:42.5   3.7e-02  5.2e-02	 0.08  0.02	17.6  1.3	  0.8	     0.3     0.7       0.3	  0.1	  0.4	  9.3	     1  					      
   2   053805.2-014513   05:38:05.26   -01:45:13.4   3.7e-02  5.2e-02	 2.10  0.44	13.4  0.8	 23.6	     9.3    18.5       8.9	  3.9	 11.1	  0.3	     3  					      
   3   053822.0-021215   05:38:22.06   -02:12:15.1   2.2e-02  4.2e-02	 0.13  0.03	11.8  0.6	  1.1	     0.9     3.1       0.4	  0.5	  3.1	  3.3	     3  					      
   4   053838.7-011632   05:38:38.73   -01:16:32.2   6.7e-02  7.7e-02	 0.07  0.01	19.3  1.4	  0.4	     0.1     0.2       0.1	  0.0	  0.1	 18.5	     1  					      
   5   053919.1-012357   05:39:19.17   -01:23:57.9   4.7e-02  6.0e-02	 0.20  0.08	12.3  1.1	  1.4	     0.7     1.0       0.5	  0.2	  0.5	  4.8	     1  					      
   6   053923.3-024006   05:39:23.37   -02:40:06.7   5.1e-02  6.6e-02	 0.21  0.10	11.0  4.5	  0.7	     0.6     0.9       0.2	  0.2	  0.4	  4.9	     1         no SED fit			      
   7   053925.2-012443   05:39:25.22   -01:24:43.1   4.5e-02  5.8e-02	 0.17  0.05	13.3  0.9	  1.2	     0.6     1.0       0.4	  0.2	  0.5	  5.3	     1  					      
   8   053927.4-012541   05:39:27.47   -01:25:41.1   3.6e-02  5.3e-02	 0.01  0.01	19.2  3.5	  0.1	     0.1     0.1       0.0	  0.0	  0.1	 50.0	     1  					      
   9   053937.3-013027   05:39:37.36   -01:30:27.5   3.1e-02  4.8e-02	 0.06  0.03	15.4  1.8	  0.5	     0.3     0.7       0.2	  0.1	  0.5	 10.9	     1  					      
  10   053939.7-012759   05:39:39.77   -01:27:59.4   2.5e-02  4.2e-02	 0.02  0.01	17.4  2.3	  0.2	     0.1     0.3       0.1	  0.1	  0.3	 27.3	     1  					      
  11   053940.0-023123   05:39:40.07   -02:31:23.2   1.8e-02  3.8e-02	 0.11  0.06	11.0  4.5	  0.8	     1.0     4.0       0.3	  0.6	  4.8	  3.2	     3         no SED fit			      
  12   053954.9-024634   05:39:54.92   -02:46:34.6   1.8e-02  3.8e-02	 0.10  0.02	10.6  0.4	  1.0	     0.8     3.4       0.4	  0.5	  4.1	  3.7	     2  		    tentative bound	      
  13   053956.9-012854   05:39:56.94   -01:28:54.0   2.5e-02  4.4e-02	 0.02  0.01	25.3  3.5	  0.2	     0.1     0.3       0.1	  0.1	  0.3	 27.5	     1  					      
  14   054003.9-021647   05:40:03.95   -02:16:47.5   2.0e-02  3.8e-02	 0.13  0.03	11.8  0.6	  1.1	     1.1     4.0       0.5	  0.6	  4.4	  3.0	     3  					      
  15   054009.3-012759   05:40:09.38   -01:27:59.0   4.5e-02  5.8e-02	 0.06  0.03	17.3  2.3	  0.2	     0.2     0.3       0.1	  0.1	  0.2	 15.7	     1  					      
  16   054011.5-013920   05:40:11.55   -01:39:20.7   4.2e-02  6.4e-02	 0.10  0.09	16.2  4.4	  1.0	     0.3     0.7       0.3	  0.1	  0.4	  8.1	     1  					      
  17   054013.1-013026   05:40:13.13   -01:30:26.5   1.8e-02  3.5e-02	 0.05  0.02	16.0  1.5	  0.6	     0.5     2.1       0.3	  0.3	  2.5	  6.5	     1  					      
  18   054013.8-013000   05:40:13.83   -01:30:00.8   2.6e-02  4.4e-02	 0.09  0.02	19.6  1.8	  0.9	     0.5     1.6       0.4	  0.3	  1.3	  5.9	     1  					      
  19   054014.0-013231   05:40:14.09   -01:32:31.4   4.2e-02  5.5e-02	 0.04  0.02	17.7  2.7	  0.3	     0.2     0.3       0.1	  0.1	  0.1	 21.1	     1  					      
  20   054015.3-013027   05:40:15.39   -01:30:27.6   8.0e-02  8.8e-02	 0.24  0.06	18.7  1.5	  1.0	     0.4     0.4       0.3	  0.1	  0.1	  6.6	     1  					      
  21   054017.1-013556   05:40:17.16   -01:35:56.4   6.3e-02  7.3e-02	 0.19  0.13	14.5  2.6	  0.8	     0.4     0.6       0.2	  0.1	  0.2	  6.5	     1  					      
  22   054018.1-013318   05:40:18.19   -01:33:18.8   3.0e-02  4.7e-02	 0.03  0.03	16.0  3.5	  0.2	     0.2     0.4       0.1	  0.1	  0.3	 17.5	     1  					      
  23   054023.7-013717   05:40:23.75   -01:37:17.5   4.1e-02  5.5e-02	 0.13  0.16	12.4  3.4	  0.9	     0.5     0.9       0.3	  0.2	  0.5	  6.4	     1  					      
  24   054033.6-022337   05:40:33.61   -02:23:37.9   5.1e-02  6.6e-02	 0.08  0.05	16.8  3.2	  0.3	     0.2     0.4       0.1	  0.1	  0.2	 11.9	     1  					      
  25   054033.8-013121   05:40:33.89   -01:31:21.3   4.4e-02  6.0e-02	 0.07  0.05	16.1  3.5	  0.4	     0.2     0.4       0.1	  0.1	  0.2	 12.8	     1  					      
  26   054035.7-013409   05:40:35.79   -01:34:09.3   2.7e-02  4.6e-02	 0.12  0.04	17.6  1.6	  0.9	     0.7     1.9       0.4	  0.3	  1.5	  4.6	     1  					      
  27   054035.8-013656   05:40:35.82   -01:36:56.7   3.3e-02  5.2e-02	 0.11  0.10	12.7  2.3	  0.6	     0.5     1.2       0.2	  0.2	  0.8	  5.9	     1  					      
  28   054036.2-015935   05:40:36.29   -01:59:35.5   3.9e-02  5.8e-02	 0.08  0.04	19.3  3.0	  0.8	     0.3     0.6       0.3	  0.1	  0.3	  9.7	     1  					      
  29   054037.6-014712   05:40:37.68   -01:47:12.3   5.1e-02  6.2e-02	 0.04  0.03	27.5  4.5	  0.6	     0.1     0.2       0.2	  0.0	  0.1	 27.0	     1  					      
  30   054038.0-014819   05:40:38.01   -01:48:19.9   1.9e-02  3.8e-02	 0.02  0.02	25.5  4.5	  0.2	     0.2     0.7       0.1	  0.1	  0.8	 17.3	     1  					      
  31   054038.4-014315   05:40:38.41   -01:43:15.6   7.5e-02  8.4e-02	 0.42  0.10	17.4  1.5	  1.5	     0.7     0.9       0.4	  0.2	  0.3	  3.5	     2  		    tentative bound	      
  32   054040.5-031839   05:40:40.56   -03:18:39.3   5.6e-02  6.8e-02	 0.06  0.02	18.1  1.7	  0.2	     0.1     0.2       0.1	  0.0	  0.1	 18.8	     1  					      
  33   054040.7-013441   05:40:40.70   -01:34:41.9   2.0e-02  3.8e-02	 0.08  0.05	15.7  2.6	  0.4	     0.6     2.3       0.2	  0.4	  2.6	  5.1	     1  					      
  34   054041.0-015627   05:40:41.07   -01:56:27.9   1.8e-02  3.5e-02	 0.11  0.05	16.8  2.7	  1.1	     1.0     4.1       0.5	  0.6	  5.1	  3.2	     2  		    tentative bound	      
  35   054042.3-013612   05:40:42.34   -01:36:12.3   4.5e-02  5.8e-02	 0.20  0.07	15.3  1.2	  1.3	     0.7     1.2       0.5	  0.3	  0.6	  4.5	     1  					      
  36   054043.7-015453   05:40:43.70   -01:54:53.6   3.0e-02  4.7e-02	 0.20  0.09	20.4  2.8	  1.6	     1.1     2.7       0.6	  0.5	  2.0	  2.9	     2  		    tentative bound	      
  37   054047.2-015325   05:40:47.22   -01:53:25.8   2.9e-02  4.6e-02	 0.13  0.09	17.9  2.6	  0.9	     0.7     1.9       0.3	  0.4	  1.4	  4.3	     2  		    tentative bound	      
  38   054047.9-013822   05:40:47.94   -01:38:22.3   2.7e-02  4.6e-02	 0.14  0.03	15.7  1.0	  1.4	     0.8     2.3       0.6	  0.4	  1.8	  3.8	     2  		    tentative bound	      
  39   054048.1-020739   05:40:48.14   -02:07:39.9   5.1e-02  6.2e-02	 0.32  0.15	18.7  2.6	  2.2	     1.0     1.5       0.8	  0.3	  0.6	  3.1	     2  		    tentative bound	      
  40   054048.2-005751   05:40:48.25   -00:57:51.2   4.0e-02  5.7e-02	 0.08  0.02	16.1  1.2	  0.6	     0.3     0.6       0.2	  0.1	  0.3	 10.3	     1  					      
  41   054049.5-014642   05:40:49.51   -01:46:42.3   3.2e-02  4.9e-02	 0.02  0.01	26.3  4.5	  0.3	     0.1     0.2       0.1	  0.0	  0.1	 36.4	     1  					      
  42   054051.4-014803   05:40:51.48   -01:48:03.0   6.4e-02  7.3e-02	 0.21  0.07	17.8  1.9	  1.2	     0.5     0.6       0.4	  0.1	  0.2	  6.0	     1  					      
  43   054052.4-014702   05:40:52.44   -01:47:02.3   2.6e-02  4.4e-02	 0.01  0.01	30.5  2.6	  0.3	     0.1     0.2       0.1	  0.0	  0.2	 45.4	     1  					      
  44   054052.7-013724   05:40:52.77   -01:37:24.7   3.6e-02  5.6e-02	 0.03  0.02	19.1  2.3	  0.3	     0.1     0.3       0.1	  0.1	  0.2	 20.2	     1  					      
  45   054053.3-015054   05:40:53.37   -01:50:54.1   3.2e-02  4.9e-02	 0.04  0.01	28.3  2.1	  0.2	     0.2     0.4       0.1	  0.1	  0.3	 17.1	     1  					      
  46   054053.4-013821   05:40:53.40   -01:38:21.8   3.5e-02  5.2e-02	 0.16  0.05	15.3  1.4	  1.6	     0.7     1.6       0.6	  0.3	  1.0	  4.2	     2  		    tentative bound	      
  47   054053.4-022704   05:40:53.48   -02:27:04.1   3.6e-02  5.4e-02	 2.18  0.39	14.8  0.8	 16.5	     8.9    19.7       6.2	  3.6	 11.9	  0.3	     2  					      
  48   054054.2-015205   05:40:54.27   -01:52:05.0   3.0e-02  4.7e-02	 0.12  0.03	23.5  1.8	  0.7	     0.6     1.5       0.3	  0.3	  1.1	  5.1	     1  					      
  49   054054.4-022757   05:40:54.49   -02:27:57.2   8.6e-02  9.4e-02	 2.66  0.47	15.4  0.8	 10.7	     3.6     4.3       2.9	  0.8	  1.1	  0.6	     2  					      
  50   054054.8-015313   05:40:54.85   -01:53:13.5   3.5e-02  5.5e-02	 0.37  0.06	26.4  1.5	  1.8	     1.5     3.6       0.7	  0.6	  2.2	  1.9	     2  					      
  51   054054.9-021751   05:40:54.94   -02:17:51.5   2.5e-02  4.4e-02	 0.04  0.01	24.1  2.9	  1.2	     0.3     0.8       0.5	  0.1	  0.7	 11.5	     1  					      
  52   054055.1-011307   05:40:55.16   -01:13:07.5   1.2e-01  1.2e-01	 2.02  0.42	15.2  0.9	  4.3	     1.5     1.7       0.9	  0.3	  0.3	  1.2	     2  					      
  53   054055.2-014459   05:40:55.23   -01:44:59.1   1.8e-02  3.5e-02	 0.01  0.03	22.5  4.5	  0.1	     0.1     0.5       0.1	  0.1	  0.6	 27.8	     1  					      
  54   054055.4-021718   05:40:55.40   -02:17:18.9   2.3e-02  4.0e-02	 0.10  0.05	11.0  4.5	  0.8	     0.7     2.2       0.3	  0.4	  2.1	  4.7	     2         no SED fit   tentative bound	      
  55   054056.4-014159   05:40:56.45   -01:41:59.6   5.1e-02  6.3e-02	 0.02  0.02	19.8  4.5	  0.4	     0.1     0.1       0.1	  0.0	  0.0	 46.3	     1  					      
  56   054056.9-012023   05:40:56.99   -01:20:23.4   4.8e-02  6.1e-02	 0.07  0.02	19.6  2.1	  0.6	     0.2     0.4       0.2	  0.1	  0.2	 13.2	     1  					      
  57   054057.1-014827   05:40:57.12   -01:48:27.4   2.1e-02  3.9e-02	 0.64  0.41	11.0  1.7	  3.4	     4.9    16.8       1.4	  2.8	 17.3	  0.7	     2  					      
  58   054057.5-012348   05:40:57.52   -01:23:48.7   2.5e-02  4.2e-02	 0.05  0.05	14.1  3.8	  0.5	     0.3     0.9       0.2	  0.2	  0.8	 10.3	     1  					      
  59   054057.6-015408   05:40:57.61   -01:54:08.9   3.1e-02  4.8e-02	 0.14  0.06	22.6  4.0	  1.5	     0.7     1.7       0.6	  0.3	  1.2	  4.4	     1  					      
  60   054058.0-015709   05:40:58.07   -01:57:09.3   2.0e-02  3.8e-02	 0.02  0.01	23.3  3.6	  0.2	     0.2     0.6       0.1	  0.1	  0.6	 20.2	     1  					      
  61   054058.0-020729   05:40:58.09   -02:07:29.5   3.7e-02  5.7e-02	 8.60  2.89	 8.2  0.6	 52.2	    31.7    74.1      19.0	 12.2	 43.8	  0.1	     2  					      
  62   054058.2-022542   05:40:58.29   -02:25:42.9   2.0e-02  3.9e-02	 0.14  0.07	15.3  1.9	  1.7	     1.1     4.0       0.7	  0.6	  4.3	  2.9	     2  		    tentative bound	      
  63   054058.3-021741   05:40:58.39   -02:17:41.7   3.4e-02  5.2e-02	 0.03  0.02	21.7  4.5	  0.5	     0.1     0.3       0.2	  0.1	  0.2	 22.7	     1  					      
  64   054058.6-020842   05:40:58.66   -02:08:42.1   2.8e-02  4.6e-02	 6.06  3.03	11.0  4.5	 39.9	    34.4    88.7      15.9	 16.5	 68.2	  0.1	     2         no SED fit			      
  65   054058.8-022715   05:40:58.81   -02:27:15.9   3.6e-02  5.1e-02	 2.38  0.94	 9.4  0.8	 10.1	    10.9    21.8       3.9	  4.7	 13.2	  0.3	     2  					      
  66   054058.8-013305   05:40:58.87   -01:33:05.6   6.0e-02  7.1e-02	 0.14  0.07	14.3  2.1	  1.5	     0.3     0.5       0.5	  0.1	  0.2	  8.3	     1  					      
  67   054059.3-013609   05:40:59.35   -01:36:09.2   9.9e-02  1.1e-01	 0.10  0.03	24.9  2.9	  0.6	     0.1     0.1       0.1	  0.0	  0.0	 19.4	     1  					      
  68   054059.4-011544   05:40:59.40   -01:15:44.2   5.3e-02  6.5e-02	 0.18  0.11	16.8  2.4	  2.3	     0.5     0.8       0.8	  0.2	  0.3	  5.8	     1  					      
  69   054059.4-021631   05:40:59.40   -02:16:31.2   2.7e-02  4.5e-02	 0.12  0.04	18.2  1.7	  1.0	     0.7     1.8       0.4	  0.3	  1.4	  4.7	     1  					      
  70   054059.6-015356   05:40:59.68   -01:53:56.2   1.8e-02  3.5e-02	 0.09  0.05	20.5  3.4	  0.8	     0.9     3.5       0.3	  0.5	  4.3	  3.8	     2  		    tentative bound	      
  71   054059.8-012635   05:40:59.84   -01:26:35.8   9.5e-02  1.0e-01	 0.27  0.08	18.9  1.7	  1.2	     0.3     0.4       0.3	  0.1	  0.1	  6.9	     1  					      
  72   054059.9-011256   05:40:59.90   -01:12:56.1   6.3e-02  7.4e-02	 1.51  0.25	12.2  0.5	  5.8	     3.3     4.5       1.8	  1.0	  1.5	  0.8	     2  					      
  73   054100.3-014726   05:41:00.31   -01:47:26.2   4.0e-02  5.4e-02	 0.04  0.01	24.0  4.1	  0.5	     0.2     0.3       0.2	  0.1	  0.2	 20.4	     1  					      
  74   054100.3-020340   05:41:00.37   -02:03:40.9   1.2e-01  1.3e-01	 0.44  0.22	16.6  3.3	  1.7	     0.3     0.3       0.4	  0.1	  0.1	  5.5	     1  					      
  75   054100.4-021852   05:41:00.46   -02:18:52.8   3.8e-02  5.8e-02	 0.15  0.08	19.3  2.9	  1.3	     0.5     1.3       0.5	  0.2	  0.7	  4.9	     1  					      
  76   054100.6-011704   05:41:00.66   -01:17:04.1   8.6e-02  9.5e-02	 0.64  0.32	14.9  1.6	  5.2	     0.9     1.0       1.4	  0.2	  0.3	  2.6	     2  		    tentative bound	      
  77   054101.0-014308   05:41:01.01   -01:43:08.0   3.0e-02  4.9e-02	 0.02  0.01	23.7  1.3	  0.4	     0.1     0.3       0.1	  0.0	  0.2	 30.7	     1  					      
  78   054101.3-015911   05:41:01.30   -01:59:11.2   3.0e-02  4.8e-02	 0.11  0.05	20.8  3.8	  1.6	     0.6     1.5       0.6	  0.3	  1.1	  5.1	     1  					      
  79   054101.6-012622   05:41:01.60   -01:26:22.0   2.0e-02  3.9e-02	 0.45  0.22	11.0  4.5	  2.5	     3.5    12.7       1.1	  2.0	 13.7	  0.9	     2         no SED fit			      
  80   054101.7-020658   05:41:01.75   -02:06:58.2   3.3e-02  5.0e-02	 0.04  0.05	18.7  4.5	  0.4	     0.2     0.5       0.1	  0.1	  0.3	 15.2	     1  					      
  81   054101.9-015331   05:41:01.93   -01:53:31.3   3.3e-02  5.0e-02	 0.12  0.05	26.7  4.2	  1.0	     0.6     1.4       0.4	  0.3	  0.9	  5.3	     1  					      
  82   054101.9-011751   05:41:01.96   -01:17:51.6   2.7e-02  4.6e-02	 0.45  0.13	12.4  0.8	  5.1	     2.5     7.2       2.0	  1.2	  5.9	  1.2	     2  					      
  83   054102.9-015510   05:41:02.96   -01:55:10.5   2.9e-02  4.8e-02	 0.16  0.09	19.4  3.4	  0.9	     0.8     2.3       0.4	  0.4	  1.7	  3.5	     2  		    tentative bound	      
  84   054103.4-015157   05:41:03.44   -01:51:57.4   2.1e-02  4.0e-02	 0.07  0.04	25.6  4.5	  0.8	     0.5     1.9       0.3	  0.3	  1.9	  5.9	     1  					      
  85   054103.5-020533   05:41:03.51   -02:05:33.1   3.6e-02  5.2e-02	 0.04  0.02	22.6  4.3	  0.5	     0.2     0.3       0.2	  0.1	  0.2	 18.8	     1  					      
  86   054103.9-015606   05:41:03.91   -01:56:06.8   4.6e-02  5.9e-02	 0.60  0.18	22.4  3.1	  4.2	     2.1     3.3       1.5	  0.8	  1.6	  1.5	     2  					      
  87   054103.9-013137   05:41:03.98   -01:31:37.8   2.6e-02  4.3e-02	 0.10  0.10	13.8  2.6	  0.7	     0.7     1.8       0.3	  0.3	  1.6	  4.9	     1  					      
  88   054104.1-013451   05:41:04.19   -01:34:51.8   5.1e-02  6.3e-02	 0.12  0.05	20.2  2.6	  1.0	     0.4     0.5       0.3	  0.1	  0.2	  8.5	     1  					      
  89   054105.1-015606   05:41:05.15   -01:56:06.2   1.8e-02  3.6e-02	 0.79  0.24	15.1  1.2	  3.9	     7.3    30.1       1.7	  4.5	 37.4	  0.4	     2  					      
  90   054105.5-012722   05:41:05.50   -01:27:22.0   5.2e-02  6.3e-02	 0.20  0.11	11.4  1.2	  0.5	     0.6     0.9       0.2	  0.2	  0.4	  5.0	     1  					      
  91   054105.5-011803   05:41:05.50   -01:18:03.8   5.3e-02  6.4e-02	 3.02  0.83	 9.9  0.5	 17.3	     8.9    13.0       6.0	  3.1	  5.4	  0.3	     2  					      
  92   054105.8-024636   05:41:05.85   -02:46:36.6   3.7e-02  5.5e-02	 0.05  0.02	21.9  3.3	  0.4	     0.2     0.4       0.2	  0.1	  0.2	 15.7	     1  					      
  93   054106.1-021917   05:41:06.13   -02:19:17.7   4.1e-02  5.5e-02	 1.32  0.59	11.4  1.2	  9.3	     5.3     9.4       3.5	  2.1	  5.1	  0.6	     2  					      
  94   054106.5-011255   05:41:06.55   -01:12:55.4   2.8e-02  4.7e-02	 0.06  0.06	13.1  2.6	  0.5	     0.4     1.0       0.2	  0.2	  0.8	  8.4	     1  					      
  95   054106.5-011706   05:41:06.58   -01:17:06.8   1.8e-02  3.8e-02	 0.02  0.01	19.4  4.3	  0.7	     0.1     0.5       0.3	  0.1	  0.6	 23.4	     1  					      
  96   054106.7-014625   05:41:06.77   -01:46:25.3   2.6e-02  4.3e-02	 2.73  1.74	11.7  1.8	 17.7	    17.6    47.6       7.2	  9.0	 39.9	  0.2	     2  					      
  97   054106.8-022041   05:41:06.89   -02:20:41.0   2.6e-02  4.3e-02	 0.19  0.13	14.5  2.3	  1.4	     1.3     3.5       0.6	  0.6	  3.0	  2.6	     2  		    tentative bound	      
  98   054106.9-015833   05:41:06.99   -01:58:33.5   2.9e-02  4.5e-02	 1.06  0.21	15.2  1.0	  7.4	     6.1    15.3       3.0	  2.9	 11.7	  0.5	     2  					      
  99   054107.0-023037   05:41:07.00   -02:30:37.8   7.7e-02  8.5e-02	 0.05  0.03	29.9  4.5	  0.4	     0.1     0.1       0.1	  0.0	  0.0	 30.7	     1  					      
 100   054107.1-014052   05:41:07.10   -01:40:52.0   2.8e-02  4.5e-02	 0.10  0.05	15.3  1.7	  0.5	     0.6     1.5       0.2	  0.3	  1.1	  5.7	     1  					      
 101   054107.2-022721   05:41:07.21   -02:27:21.4   3.5e-02  5.4e-02	 4.81  1.11	11.3  0.6	 38.3	    19.5    45.5      14.3	  7.9	 28.1	  0.1	     2  					      
 102   054107.2-015351   05:41:07.21   -01:53:51.5   6.6e-02  7.6e-02	 0.09  0.06	21.1  4.5	  0.4	     0.2     0.2       0.1	  0.1	  0.1	 14.4	     1  					      
 103   054108.3-015635   05:41:08.30   -01:56:35.3   3.7e-02  5.5e-02	 0.36  0.20	16.9  3.2	  1.9	     1.4     3.0       0.7	  0.5	  1.8	  2.1	     2  		    tentative bound	      
 104   054108.6-011919   05:41:08.66   -01:19:19.7   2.3e-02  4.2e-02	 0.09  0.04	14.5  1.4	  0.8	     0.6     2.1       0.3	  0.3	  2.0	  4.9	     1  					      
 105   054108.7-011639   05:41:08.71   -01:16:39.5   2.2e-02  4.0e-02	 0.09  0.05	11.0  4.5	  0.6	     0.7     2.3       0.2	  0.4	  2.4	  4.6	     2         no SED fit   tentative bound	      
 106   054108.7-012801   05:41:08.76   -01:28:01.8   7.5e-02  8.3e-02	 0.07  0.03	18.2  2.1	  0.5	     0.1     0.2       0.1	  0.0	  0.0	 19.7	     1  					      
 107   054109.0-011807   05:41:09.09   -01:18:07.6   3.2e-02  5.2e-02	 0.27  0.14	11.8  1.1	  1.9	     1.2     3.1       0.7	  0.5	  2.1	  2.4	     2  		    tentative bound	      
 108   054109.2-014535   05:41:09.27   -01:45:35.6   2.9e-02  4.7e-02	14.16  5.92	 8.6  0.8	 67.7	    77.1   194.1      26.8	 36.2	144.5	  0.0	     2  					      
 109   054110.0-015804   05:41:10.02   -01:58:04.4   4.6e-02  5.8e-02	 0.92  0.24	19.5  2.1	  7.5	     3.2     5.2       2.7	  1.2	  2.5	  1.0	     2  					      
 110   054110.0-015456   05:41:10.06   -01:54:56.6   3.2e-02  4.8e-02	 0.02  0.01	29.5  0.1	  0.2	     0.1     0.2       0.1	  0.0	  0.1	 36.2	     1  					      
 111   054110.3-021253   05:41:10.33   -02:12:53.4   3.1e-02  4.8e-02	 0.15  0.17	12.6  3.3	  1.4	     0.8     1.8       0.5	  0.4	  1.2	  4.2	     2  		    tentative bound	      
 112   054110.4-021049   05:41:10.43   -02:10:49.4   3.7e-02  5.1e-02	 0.10  0.05	21.8  4.1	  1.1	     0.5     0.9       0.4	  0.2	  0.5	  7.3	     1  					      
 113   054110.7-011717   05:41:10.71   -01:17:17.8   2.2e-02  4.0e-02	 0.19  0.11	12.2  1.3	  1.2	     1.5     4.9       0.5	  0.8	  5.0	  2.2	     2  		    tentative bound	      
 114   054111.0-022522   05:41:11.05   -02:25:22.2   3.8e-02  5.8e-02	 0.21  0.13	13.8  2.0	  1.7	     0.7     1.7       0.6	  0.3	  1.0	  3.5	     2  		    tentative bound	      
 115   054111.1-014500   05:41:11.17   -01:45:00.9   2.6e-02  4.3e-02	 1.23  0.95	12.5  2.3	  7.8	     7.8    21.0       3.2	  4.0	 17.4	  0.4	     2  					      
 116   054111.7-021227   05:41:11.77   -02:12:27.0   2.0e-02  3.9e-02	 0.06  0.03	18.3  2.8	  0.6	     0.4     1.7       0.2	  0.2	  1.8	  7.0	     1  					      
 117   054111.9-011739   05:41:11.91   -01:17:39.2   1.9e-02  3.8e-02	 0.04  0.04	15.2  3.0	  0.6	     0.4     1.5       0.3	  0.2	  1.7	  8.6	     1  					      
 118   054112.0-020321   05:41:12.06   -02:03:21.2   2.8e-02  4.5e-02	 0.06  0.03	18.1  3.3	  0.8	     0.4     0.9       0.3	  0.2	  0.7	  8.9	     1  					      
 119   054112.5-015415   05:41:12.59   -01:54:15.4   4.2e-02  5.5e-02	 0.18  0.18	18.2  4.5	  2.4	     0.7     1.2       0.9	  0.3	  0.6	  4.5	     1  					      
 120   054112.7-014403   05:41:12.77   -01:44:03.8   3.9e-02  5.6e-02	 2.09  0.83	14.3  1.6	 11.0	     7.9    16.5       4.0	  3.1	  9.3	  0.4	     2  					      
 121   054112.8-013954   05:41:12.89   -01:39:54.6   2.1e-02  3.9e-02	 0.23  0.07	16.6  1.4	  3.7	     1.8     6.1       1.5	  1.0	  6.2	  1.8	     2  					      
 122   054113.4-014746   05:41:13.40   -01:47:46.4   4.4e-02  5.6e-02	 4.03  0.82	18.1  1.3	 34.1	    15.1    25.1      12.5	  5.9	 12.6	  0.2	     2  					      
 123   054113.4-015610   05:41:13.46   -01:56:10.1   6.2e-02  7.2e-02	 0.36  0.17	28.1  4.5	  2.2	     0.8     1.1       0.7	  0.3	  0.4	  3.4	     2  		    tentative bound	      
 124   054113.4-022025   05:41:13.49   -02:20:25.1   2.9e-02  4.6e-02	 0.63  0.38	12.0  1.5	  4.5	     3.6     8.9       1.8	  1.7	  6.7	  0.9	     2  					      
 125   054113.9-022344   05:41:13.91   -02:23:44.0   3.3e-02  5.0e-02	 0.06  0.03	19.7  2.8	  0.7	     0.3     0.6       0.3	  0.1	  0.4	 11.9	     1  					      
 126   054113.9-014703   05:41:13.92   -01:47:03.0   2.1e-02  3.9e-02	 3.43  1.35	12.2  1.1	 23.9	    26.3    88.8      10.0	 14.7	 91.0	  0.1	     2  					      
 127   054114.5-021217   05:41:14.56   -02:12:17.4   2.6e-02  4.3e-02	 0.03  0.03	19.7  4.5	  0.4	     0.2     0.5       0.2	  0.1	  0.4	 18.7	     1  					      
 128   054114.7-014616   05:41:14.76   -01:46:16.9   2.4e-02  4.1e-02	 1.49  2.68	10.8  3.6	 10.2	    10.4    30.7       4.2	  5.6	 28.1	  0.3	     2  					      
 129   054114.7-020805   05:41:14.79   -02:08:05.6   2.4e-02  4.1e-02	 0.01  0.01	24.5  1.0	  0.1	     0.1     0.3       0.1	  0.1	  0.3	 34.5	     1  					      
 130   054115.0-015305   05:41:15.05   -01:53:05.0   2.2e-02  4.0e-02	 0.01  0.01	22.0  0.1	  0.1	     0.1     0.2       0.1	  0.0	  0.2	 53.9	     1  					      
 131   054115.2-015751   05:41:15.28   -01:57:51.2   2.6e-02  4.3e-02	 0.64  0.23	17.5  3.4	  3.4	     4.2    11.4       1.4	  2.1	  9.7	  0.8	     2  					      
 132   054115.3-022547   05:41:15.32   -02:25:47.9   3.0e-02  4.7e-02	 0.15  0.10	14.3  2.6	  1.8	     0.8     1.9       0.7	  0.4	  1.4	  4.0	     2  		    tentative bound	      
 133   054115.6-020943   05:41:15.60   -02:09:43.8   4.1e-02  5.7e-02	 0.03  0.02	24.9  4.5	  0.3	     0.1     0.2       0.1	  0.0	  0.1	 25.5	     1  					      
 134   054115.6-014830   05:41:15.63   -01:48:30.4   2.3e-02  4.1e-02	 1.09  0.45	15.2  2.4	  6.7	     7.7    23.9       2.8	  4.2	 22.5	  0.4	     2  					      
 135   054115.9-022837   05:41:15.99   -02:28:37.1   4.2e-02  5.8e-02	 0.24  0.06	22.1  2.3	  2.3	     0.9     1.6       0.8	  0.3	  0.8	  3.5	     2  		    tentative bound	      
 136   054116.3-022112   05:41:16.33   -02:21:12.3   2.7e-02  4.3e-02	 0.14  0.10	17.3  4.3	  0.8	     0.9     2.3       0.3	  0.4	  1.9	  3.8	     2  		    tentative bound	      
 137   054116.3-015210   05:41:16.36   -01:52:10.8   3.0e-02  4.8e-02	 0.20  0.19	16.8  3.2	  1.5	     1.0     2.6       0.6	  0.5	  1.9	  3.0	     2  		    tentative bound	      
 138   054116.4-021521   05:41:16.47   -02:15:21.0   3.5e-02  5.5e-02	 1.02  0.43	13.6  1.4	  7.8	     4.0     9.8       2.9	  1.6	  6.1	  0.7	     2  					      
 139   054117.0-015108   05:41:17.03   -01:51:08.7   3.7e-02  5.6e-02	 0.19  0.12	26.8  4.5	  2.0	     0.7     1.7       0.7	  0.3	  1.0	  3.8	     2  		    tentative bound	      
 140   054117.0-011312   05:41:17.03   -01:13:12.1   9.3e-02  1.0e-01	 0.35  0.15	14.3  1.7	  1.3	     0.4     0.5       0.3	  0.1	  0.1	  5.2	     1  					      
 141   054117.4-011800   05:41:17.46   -01:18:00.5   3.4e-02  5.2e-02	 0.25  0.09	14.2  1.2	  2.1	     1.1     2.6       0.8	  0.5	  1.7	  2.6	     2  		    tentative bound	      
 142   054117.5-015427   05:41:17.56   -01:54:27.4   3.0e-02  4.8e-02	 0.17  0.09	22.5  4.5	  1.7	     0.9     2.3       0.7	  0.4	  1.6	  3.4	     2  		    tentative bound	      
 143   054117.6-011720   05:41:17.62   -01:17:20.5   2.7e-02  4.4e-02	 0.07  0.03	15.4  1.6	  1.0	     0.4     1.1       0.4	  0.2	  0.9	  8.0	     1  					      
 144   054117.7-021541   05:41:17.73   -02:15:41.0   2.7e-02  4.5e-02	 0.75  0.54	12.2  2.0	  6.4	     4.3    12.5       2.6	  2.1	 10.3	  0.7	     2  					      
 145   054117.7-022426   05:41:17.74   -02:24:26.4   3.7e-02  5.6e-02	 0.56  0.26	13.1  1.5	  4.0	     2.1     5.0       1.5	  0.8	  3.0	  1.3	     2  					      
 146   054117.8-021036   05:41:17.83   -02:10:36.0   1.8e-02  3.5e-02	 0.24  0.13	11.3  1.3	  1.8	     2.3     9.2       0.8	  1.4	 11.5	  1.4	     2  					      
 147   054117.8-011856   05:41:17.86   -01:18:56.5   2.8e-02  4.5e-02	 0.03  0.02	15.5  2.3	  0.4	     0.2     0.5       0.2	  0.1	  0.4	 16.0	     1  					      
 148   054117.9-012102   05:41:17.92   -01:21:02.5   3.2e-02  4.9e-02	 0.08  0.04	14.5  1.4	  0.7	     0.4     0.9       0.3	  0.2	  0.6	  7.8	     1  					      
 149   054117.9-012735   05:41:17.95   -01:27:35.9   2.8e-02  4.7e-02	 0.19  0.10	11.0  4.5	  0.6	     1.0     2.8       0.3	  0.5	  2.2	  2.9	     2         no SED fit   tentative bound	      
 150   054118.0-020037   05:41:18.08   -02:00:37.0   4.4e-02  5.7e-02	 0.10  0.06	21.8  4.5	  0.7	     0.4     0.6       0.3	  0.1	  0.3	  8.7	     1  					      
 151   054118.1-014109   05:41:18.11   -01:41:09.6   2.8e-02  4.4e-02	 0.06  0.01	22.3  0.1	  0.2	     0.4     0.9       0.1	  0.2	  0.7	  9.1	     1  					      
 152   054118.8-021156   05:41:18.86   -02:11:56.2   3.0e-02  4.7e-02	 0.77  0.34	11.8  1.1	  5.9	     4.2    10.2       2.4	  2.0	  7.4	  0.8	     2  					      
 153   054118.8-014030   05:41:18.87   -01:40:30.6   6.1e-02  7.2e-02	 0.15  0.06	28.0  4.5	  1.3	     0.3     0.5       0.4	  0.1	  0.2	  8.0	     1  					      
 154   054118.9-020849   05:41:18.95   -02:08:49.1   2.6e-02  4.3e-02	 0.05  0.02	17.4  2.2	  0.9	     0.3     0.9       0.4	  0.2	  0.7	 10.1	     1  					      
 155   054118.9-020348   05:41:18.97   -02:03:48.7   4.6e-02  5.8e-02	 0.02  0.02	22.6  4.5	  0.2	     0.1     0.1       0.1	  0.0	  0.1	 41.0	     1  					      
 156   054119.1-020715   05:41:19.15   -02:07:15.2   4.3e-02  5.7e-02	 0.25  0.07	18.4  1.9	  1.7	     0.9     1.6       0.6	  0.4	  0.8	  3.4	     2  		    tentative bound	      
 157   054119.2-014931   05:41:19.25   -01:49:31.1   2.0e-02  3.9e-02	 0.21  0.13	25.3  3.3	  1.2	     1.7     6.1       0.5	  1.0	  6.6	  1.9	     2  					      
 158   054119.5-021057   05:41:19.53   -02:10:57.3   2.3e-02  4.3e-02	 0.34  0.33	11.5  1.6	  1.8	     2.2     7.4       0.7	  1.1	  6.9	  1.4	     2  					      
 159   054119.6-022124   05:41:19.61   -02:21:24.4   2.6e-02  4.6e-02	 0.62  0.34	13.5  1.8	  5.1	     3.6    10.6       2.1	  1.7	  8.8	  0.8	     2  					      
 160   054119.6-022755   05:41:19.64   -02:27:55.3   3.4e-02  5.3e-02	 0.47  0.14	15.4  1.3	  3.4	     2.0     4.9       1.3	  0.8	  3.2	  1.4	     2  					      
 161   054119.6-022047   05:41:19.68   -02:20:47.7   3.2e-02  5.1e-02	 0.77  0.36	12.5  1.0	  4.4	     3.6     8.8       1.7	  1.6	  6.0	  0.8	     2  					      
 162   054119.7-014600   05:41:19.72   -01:46:00.0   6.7e-02  7.7e-02	 4.33  2.19	12.8  1.7	 25.1	     8.7    11.5       7.8	  2.5	  3.8	  0.3	     2  					      
 163   054119.8-014226   05:41:19.80   -01:42:26.9   3.1e-02  4.8e-02	 2.35  0.84	11.8  0.9	 19.0	    12.1    29.8       7.4	  5.5	 21.3	  0.3	     2  					      
 164   054119.8-014355   05:41:19.85   -01:43:55.2   2.1e-02  3.9e-02	 0.11  0.01	23.2  0.1	  0.5	     0.8     2.9       0.2	  0.5	  3.0	  3.8	     2  		    tentative bound	      
 165   054120.1-022001   05:41:20.19   -02:20:01.5   2.8e-02  4.5e-02	 0.27  0.22	14.9  2.9	  4.4	     1.6     3.9       1.8	  0.8	  3.0	  2.1	     2  		    tentative bound	      
 166   054120.3-020235   05:41:20.35   -02:02:35.6   3.3e-02  4.9e-02	 0.02  0.02	24.5  4.5	  0.2	     0.1     0.2       0.1	  0.0	  0.2	 29.5	     1  					      
 167   054120.5-020643   05:41:20.57   -02:06:43.9   3.2e-02  4.9e-02	 0.15  0.04	18.8  1.9	  1.7	     0.7     1.7       0.7	  0.3	  1.1	  4.3	     2  		    tentative bound	      
 168   054120.6-015721   05:41:20.67   -01:57:21.1   2.4e-02  4.1e-02	 0.17  0.27	19.0  3.8	  1.1	     1.2     3.5       0.4	  0.6	  3.1	  2.8	     2  		    tentative bound	      
 169   054120.8-015654   05:41:20.80   -01:56:54.1   2.3e-02  4.1e-02	 1.21  1.01	11.8  2.3	  4.6	     8.8    26.7       1.9	  4.7	 25.2	  0.4	     2  					      
 170   054120.8-015416   05:41:20.81   -01:54:16.5   2.9e-02  4.8e-02	 0.03  0.01	28.9  2.3	  0.2	     0.2     0.5       0.1	  0.1	  0.4	 17.4	     1  					      
 171   054120.8-022502   05:41:20.86   -02:25:02.1   3.4e-02  5.2e-02	 0.49  0.44	10.2  1.9	  3.7	     2.2     5.0       1.4	  0.9	  3.2	  1.4	     2  					      
 172   054121.0-021436   05:41:21.06   -02:14:36.2   2.1e-02  3.9e-02	 0.00  0.01	39.9  4.5	  0.3	     0.0     0.1       0.1	  0.0	  0.1	220.9	     1  					      
 173   054121.2-012513   05:41:21.27   -01:25:13.6   3.8e-02  5.4e-02	 0.04  0.03	15.8  2.9	  0.3	     0.2     0.4       0.1	  0.1	  0.2	 17.4	     1  					      
 174   054121.5-020609   05:41:21.50   -02:06:09.8   3.0e-02  4.6e-02	 0.14  0.04	15.1  1.3	  1.2	     0.8     1.9       0.5	  0.4	  1.4	  4.2	     2  		    tentative bound	      
 175   054121.5-022335   05:41:21.55   -02:23:35.5   3.3e-02  5.2e-02	 0.03  0.04	18.6  4.5	  0.5	     0.1     0.3       0.2	  0.1	  0.2	 20.6	     1  					      
 176   054121.5-011956   05:41:21.58   -01:19:56.6   2.1e-02  3.9e-02	 0.07  0.04	13.9  1.6	  0.6	     0.6     1.9       0.2	  0.3	  2.0	  5.7	     1  					      
 177   054121.7-014202   05:41:21.71   -01:42:02.8   2.6e-02  4.5e-02	 2.95  0.79	12.9  1.0	 29.8	    17.5    52.1      12.0	  8.6	 44.1	  0.2	     2  					      
 178   054121.7-014111   05:41:21.74   -01:41:11.0   1.9e-02  3.8e-02	 0.11  0.10	19.2  4.5	  3.0	     1.0     4.0       1.3	  0.6	  4.7	  3.2	     2  		    tentative bound	      
 179   054122.3-014520   05:41:22.33   -01:45:20.3   3.1e-02  5.0e-02	 3.85  3.33	10.8  2.1	 25.1	    18.1    48.0       9.6	  7.9	 34.1	  0.2	     2  					      
 180   054122.4-015807   05:41:22.41   -01:58:07.5   3.4e-02  5.0e-02	 0.17  0.13	27.2  4.5	  1.7	     0.8     1.8       0.6	  0.4	  1.1	  3.9	     2  		    tentative bound	      
 181   054122.6-015333   05:41:22.68   -01:53:33.6   3.0e-02  4.6e-02	 0.00  0.01	95.3  4.5	  0.1	     0.0     0.0       0.1	  0.0	  0.0	295.5	     1  					      
 182   054122.7-014257   05:41:22.72   -01:42:57.1   3.0e-02  4.7e-02	 4.35  0.95	13.7  0.9	 39.8	    23.6    57.0      15.7	 11.1	 41.5	  0.1	     2  					      
 183   054123.2-014342   05:41:23.25   -01:43:42.3   2.9e-02  4.6e-02	 5.15  2.57	11.0  4.5	 37.0	    28.9    71.6      14.7	 13.8	 53.7	  0.1	     2         no SED fit			      
 184   054123.5-012636   05:41:23.52   -01:26:36.1   9.2e-02  9.9e-02	 0.47  0.23	11.0  4.5	  1.8	     0.6     0.7       0.5	  0.1	  0.2	  3.9	     1         no SED fit			      
 185   054124.0-012043   05:41:24.04   -01:20:43.6   4.2e-02  5.9e-02	 0.06  0.04	15.8  2.8	  0.6	     0.2     0.4       0.2	  0.1	  0.2	 12.7	     1  					      
 186   054124.0-015049   05:41:24.07   -01:50:49.5   1.8e-02  3.7e-02	 0.83  0.20	19.7  1.7	  8.8	     7.2    31.5       3.8	  4.2	 39.1	  0.4	     2  					      
 187   054124.1-021313   05:41:24.12   -02:13:13.1   3.3e-02  5.3e-02	 2.08  1.05	10.0  1.0	 13.0	     8.7    22.2       4.9	  3.6	 14.6	  0.3	     2  					      
 188   054124.2-020737   05:41:24.20   -02:07:37.8   2.8e-02  4.4e-02	 0.03  0.02	19.0  3.7	  0.2	     0.2     0.4       0.1	  0.1	  0.4	 18.9	     1  					      
 189   054124.6-022856   05:41:24.65   -02:28:56.8   2.4e-02  4.4e-02	 1.07  0.18	12.6  0.5	 11.7	     6.7    21.3       4.7	  3.4	 19.1	  0.4	     2  					      
 190   054124.9-021409   05:41:24.94   -02:14:09.3   3.3e-02  5.1e-02	 4.08  4.14	 7.9  1.7	 25.2	    18.8    44.7       9.6	  8.1	 29.8	  0.2	     2  					      
 191   054124.9-021717   05:41:24.95   -02:17:17.9   3.0e-02  4.7e-02	 4.51  2.26	11.0  4.5	 37.5	    23.8    59.0      14.7	 11.0	 42.9	  0.1	     2         no SED fit			      
 192   054125.1-014226   05:41:25.16   -01:42:26.5   2.7e-02  4.7e-02	 4.35  2.18	11.0  4.5	 37.7	    23.8    68.5      14.9	 11.2	 54.6	  0.1	     2         no SED fit			      
 193   054125.2-021807   05:41:25.21   -02:18:07.7   1.9e-02  3.8e-02	13.90  2.75	12.2  0.6	100.6	   113.3   436.3      42.5	 65.1	491.5	  0.0	     3  					      
 194   054125.2-014139   05:41:25.26   -01:41:39.9   2.8e-02  4.6e-02	 1.92  2.11	10.4  2.9	 13.2	    11.0    28.2       5.3	  5.3	 21.8	  0.3	     2  					      
 195   054125.7-021605   05:41:25.70   -02:16:05.6   5.1e-02  6.3e-02	 4.04  1.47	14.5  1.7	 28.7	    12.2    18.3      10.0	  4.3	  7.8	  0.2	     2  					      
 196   054125.7-014712   05:41:25.74   -01:47:12.3   2.6e-02  4.3e-02	 1.55  0.59	14.3  1.5	 10.7	     9.9    26.7       4.4	  5.0	 22.4	  0.3	     2  					      
 197   054125.7-021927   05:41:25.79   -02:19:27.5   2.8e-02  4.6e-02	 2.93  1.24	12.9  1.1	 44.1	    16.2    44.8      17.5	  7.7	 35.2	  0.2	     2  					      
 198   054125.9-022743   05:41:25.91   -02:27:43.3   3.1e-02  4.8e-02	 0.05  0.02	18.2  2.2	  0.6	     0.2     0.6       0.2	  0.1	  0.4	 12.7	     1  					      
 199   054126.0-012148   05:41:26.03   -01:21:48.4   3.6e-02  5.2e-02	 0.11  0.04	15.2  1.4	  1.4	     0.5     1.1       0.5	  0.2	  0.7	  6.2	     1  					      
 200   054126.2-020156   05:41:26.28   -02:01:56.6   5.1e-02  6.2e-02	 0.30  0.09	23.3  3.2	  2.8	     0.9     1.4       1.0	  0.3	  0.6	  3.4	     2  		    tentative bound	      
 201   054126.4-015504   05:41:26.45   -01:55:04.4   3.4e-02  5.0e-02	 0.10  0.17	29.4  4.5	  1.0	     0.5     1.0       0.4	  0.2	  0.7	  6.7	     1  					      
 202   054126.5-022959   05:41:26.55   -02:29:59.3   2.9e-02  4.5e-02	 0.01  0.01	25.6  4.5	  0.1	     0.1     0.2       0.0	  0.0	  0.1	 44.2	     1  					      
 203   054126.6-013801   05:41:26.65   -01:38:01.5   1.9e-02  3.8e-02	 0.01  0.01	22.9  1.8	  0.1	     0.1     0.3       0.0	  0.0	  0.4	 37.1	     1  					      
 204   054126.7-014453   05:41:26.78   -01:44:53.2   2.1e-02  3.9e-02	 8.80  2.07	11.1  0.6	 59.0	    68.2   233.9      24.8	 38.2	242.5	  0.0	     2  					      
 205   054126.8-013650   05:41:26.80   -01:36:50.4   6.8e-02  7.8e-02	 0.15  0.07	17.2  2.8	  1.2	     0.3     0.4       0.4	  0.1	  0.1	  8.7	     1  					      
 206   054126.9-012240   05:41:26.91   -01:22:40.9   2.8e-02  4.5e-02	 0.24  0.12	11.0  4.5	  2.2	     1.4     3.6       0.9	  0.7	  2.8	  2.3	     2         no SED fit   tentative bound	      
 207   054127.0-020553   05:41:27.07   -02:05:53.3   4.5e-02  6.8e-02	 0.54  0.13	17.2  1.2	  2.0	     1.4     3.1       0.7	  0.5	  1.5	  1.7	     2  					      
 208   054127.1-020033   05:41:27.15   -02:00:33.5   3.2e-02  4.8e-02	 0.08  0.03	19.3  1.9	  0.3	     0.4     0.9       0.1	  0.2	  0.6	  8.3	     1  					      
 209   054127.5-014758   05:41:27.53   -01:47:58.0   3.8e-02  5.3e-02	 2.22  0.51	15.1  0.9	 14.6	     9.5    17.9       5.5	  3.9	 10.3	  0.3	     3  					      
 210   054127.7-020806   05:41:27.72   -02:08:06.8   2.8e-02  4.5e-02	 0.07  0.02	19.4  2.5	  1.0	     0.4     1.1       0.4	  0.2	  0.8	  7.9	     1  					      
 211   054127.7-021258   05:41:27.76   -02:12:58.4   2.6e-02  4.4e-02	14.06  7.03	 6.2  0.5	 29.7	    85.9   253.7      12.0	 42.7	216.7	  0.0	     2  					      
 212   054127.8-022400   05:41:27.86   -02:24:00.1   2.9e-02  4.6e-02	 3.14  1.02	11.2  0.8	 22.0	    17.8    44.1       8.7	  8.5	 33.2	  0.2	     2  					      
 213   054128.1-022051   05:41:28.16   -02:20:51.0   2.7e-02  4.4e-02	 0.95  0.74	11.8  1.8	 15.5	     5.9    15.4       6.3	  2.9	 12.4	  0.6	     2  					      
 214   054128.4-021429   05:41:28.41   -02:14:29.1   2.7e-02  4.5e-02	 0.02  0.01	26.3  2.8	  0.8	     0.1     0.2       0.3	  0.0	  0.2	 35.3	     1  					      
 215   054128.4-013849   05:41:28.47   -01:38:49.5   3.3e-02  5.1e-02	 0.08  0.04	21.9  4.4	  1.1	     0.4     0.9       0.4	  0.2	  0.6	  8.2	     1  					      
 216   054128.6-013223   05:41:28.65   -01:32:23.7   4.1e-02  5.5e-02	 0.08  0.08	14.7  4.0	  0.4	     0.3     0.6       0.2	  0.1	  0.3	  9.8	     1  					      
 217   054129.0-012331   05:41:29.06   -01:23:31.1   3.8e-02  5.8e-02	 0.68  0.19	11.2  0.9	  4.2	     2.4     5.6       1.5	  0.9	  3.2	  1.1	     2  					      
 218   054129.2-022007   05:41:29.26   -02:20:07.4   2.3e-02  4.1e-02	 2.77  1.39	11.0  4.5	 32.5	    20.0    60.9      13.5	 10.8	 57.5	  0.2	     2         no SED fit			      
 219   054129.6-020412   05:41:29.67   -02:04:12.9   1.8e-02  3.5e-02	 0.02  0.02	18.8  3.9	  0.2	     0.2     0.9       0.1	  0.1	  1.1	 14.5	     1  					      
 220   054129.7-022318   05:41:29.70   -02:23:18.9   2.0e-02  3.8e-02	 3.00  1.20	 9.6  0.7	 28.8	    24.3    92.5      12.1	 13.9	103.3	  0.1	     3  					      
 221   054129.8-014522   05:41:29.85   -01:45:22.4   2.9e-02  4.6e-02	 0.44  0.37	16.1  3.0	 11.3	     2.5     6.1       4.5	  1.2	  4.6	  1.3	     2  					      
 222   054129.8-022117   05:41:29.88   -02:21:17.6   1.8e-02  3.5e-02	 5.27  1.17	11.1  0.5	 45.5	    50.0   200.9      19.6	 30.9	249.6	  0.1	     3  					      
 223   054130.0-020116   05:41:30.04   -02:01:16.2   4.2e-02  5.7e-02	 0.28  0.17	14.7  2.8	  1.8	     1.0     1.9       0.6	  0.4	  1.0	  3.0	     2  		    tentative bound	      
 224   054130.2-014323   05:41:30.25   -01:43:23.2   2.0e-02  4.0e-02	 0.03  0.03	22.5  4.5	  0.4	     0.2     0.8       0.1	  0.1	  0.9	 13.6	     1  					      
 225   054130.5-012434   05:41:30.54   -01:24:34.6   3.6e-02  5.4e-02	 0.32  0.07	12.6  0.8	  3.0	     1.3     2.9       1.1	  0.5	  1.8	  2.2	     2  		    tentative bound	      
 226   054130.6-020743   05:41:30.67   -02:07:43.0   3.3e-02  5.0e-02	 0.08  0.03	18.2  2.2	  0.9	     0.4     0.8       0.3	  0.2	  0.5	  8.5	     1  					      
 227   054131.0-021908   05:41:31.05   -02:19:08.7   4.0e-02  5.8e-02	 1.49  1.56	13.0  2.9	 26.4	     5.2    10.8       9.5	  2.0	  5.9	  0.5	     2  					      
 228   054131.1-024246   05:41:31.14   -02:42:46.7   4.1e-02  5.5e-02	 0.03  0.01	28.6  4.5	  0.3	     0.1     0.2       0.1	  0.0	  0.1	 27.3	     1  					      
 229   054131.2-022509   05:41:31.27   -02:25:09.9   3.0e-02  4.6e-02	10.88  4.53	 8.1  0.7	 51.1	    60.3   148.4      20.3	 28.6	110.2	  0.1	     2  					      
 230   054131.3-021159   05:41:31.35   -02:11:59.6   2.7e-02  4.4e-02	 1.80  0.78	 9.7  0.8	 16.0	    11.2    30.0       6.5	  5.6	 24.7	  0.3	     2  					      
 231   054131.3-020058   05:41:31.35   -02:00:58.5   5.4e-02  6.4e-02	 0.03  0.04	24.7  4.5	  0.6	     0.1     0.1       0.2	  0.0	  0.1	 35.1	     1  					      
 232   054131.4-022628   05:41:31.42   -02:26:28.2   5.8e-02  6.8e-02	 2.34  0.53	13.8  1.0	 15.8	     6.0     8.2       5.3	  1.9	  3.1	  0.5	     2  					      
 233   054131.7-020954   05:41:31.77   -02:09:54.1   3.4e-02  5.0e-02	 0.07  0.04	20.2  4.5	  0.7	     0.3     0.7       0.3	  0.1	  0.5	  9.7	     1  					      
 234   054131.9-014237   05:41:31.94   -01:42:37.0   2.6e-02  4.3e-02	 0.04  0.01	25.2  2.4	  0.2	     0.2     0.6       0.1	  0.1	  0.6	 14.2	     1  					      
 235   054132.1-014736   05:41:32.15   -01:47:36.1   3.1e-02  4.8e-02	 0.05  0.05	28.1  4.5	  0.6	     0.3     0.6       0.2	  0.1	  0.5	 11.7	     1  					      
 236   054132.1-015428   05:41:32.19   -01:54:28.7   1.8e-02  3.6e-02	 0.11  0.05	29.6  3.5	  0.7	     1.0     4.2       0.3	  0.6	  5.2	  3.2	     2  		    tentative bound	      
 237   054132.3-020516   05:41:32.33   -02:05:16.3   2.5e-02  4.2e-02	 0.04  0.02	17.7  2.9	  0.3	     0.3     0.8       0.1	  0.1	  0.7	 12.0	     1  					      
 238   054132.4-022242   05:41:32.43   -02:22:42.5   1.9e-02  3.8e-02	 0.59  0.48	12.0  2.1	  6.4	     4.8    19.4       2.7	  2.8	 22.5	  0.6	     2  					      
 239   054132.5-013131   05:41:32.56   -01:31:31.8   3.3e-02  4.9e-02	 0.03  0.03	18.8  4.5	  0.4	     0.1     0.3       0.1	  0.1	  0.2	 22.2	     1  					      
 240   054132.6-012542   05:41:32.60   -01:25:42.8   2.6e-02  4.3e-02	 0.03  0.01	15.8  1.6	  0.4	     0.2     0.5       0.2	  0.1	  0.4	 17.1	     1  					      
 241   054132.7-021224   05:41:32.75   -02:12:24.3   2.3e-02  4.0e-02	 3.58  1.38	 9.6  0.9	 24.1	    26.3    82.7      10.0	 14.4	 80.0	  0.1	     2  					      
 242   054132.9-014011   05:41:32.99   -01:40:11.9   3.5e-02  5.0e-02	 0.33  0.16	16.2  2.7	  2.8	     1.6     3.2       1.1	  0.7	  2.1	  2.1	     2  		    tentative bound	      
 243   054133.3-015011   05:41:33.36   -01:50:11.0   3.3e-02  4.9e-02	 0.72  0.12	26.9  2.1	  4.6	     3.5     7.7       1.8	  1.6	  5.0	  0.9	     2  					      
 244   054133.6-012209   05:41:33.63   -01:22:09.3   2.4e-02  4.3e-02	 0.02  0.01	18.7  2.7	  0.2	     0.2     0.5       0.1	  0.1	  0.5	 19.2	     1  					      
 245   054133.8-014946   05:41:33.82   -01:49:46.6   1.8e-02  3.5e-02	 0.78  0.23	21.5  2.3	  9.0	     7.4    29.7       3.9	  4.6	 37.0	  0.4	     2  					      
 246   054133.8-014122   05:41:33.83   -01:41:22.3   3.5e-02  5.3e-02	 0.04  0.02	20.0  3.0	  0.9	     0.2     0.4       0.3	  0.1	  0.3	 15.4	     1  					      
 247   054133.8-022057   05:41:33.85   -02:20:57.5   1.8e-02  3.7e-02	 1.85  1.65	10.0  1.6	 16.0	    16.2    70.7       6.8	  9.6	 87.8	  0.2	     2  					      
 248   054134.0-024509   05:41:34.01   -02:45:09.5   3.7e-02  5.4e-02	 0.17  0.06	15.0  1.5	  1.2	     0.7     1.5       0.5	  0.3	  0.9	  4.3	     1  					      
 249   054134.1-024618   05:41:34.19   -02:46:18.4   4.0e-02  5.9e-02	 0.20  0.06	15.2  1.4	  1.5	     0.7     1.5       0.5	  0.3	  0.8	  3.9	     2  		    tentative bound	      
 250   054134.2-012735   05:41:34.28   -01:27:35.6   2.0e-02  3.9e-02	 0.05  0.03	15.0  2.4	  0.5	     0.4     1.3       0.2	  0.2	  1.4	  8.5	     1  					      
 251   054134.4-021434   05:41:34.48   -02:14:34.1   3.3e-02  5.0e-02	 0.42  0.32	15.5  3.6	  3.3	     2.0     4.6       1.3	  0.9	  3.0	  1.6	     2  					      
 252   054134.5-024209   05:41:34.56   -02:42:09.1   2.9e-02  4.7e-02	 0.13  0.06	11.0  4.5	  0.7	     0.7     1.8       0.3	  0.3	  1.4	  4.5	     1         no SED fit			      
 253   054134.5-014546   05:41:34.59   -01:45:46.8   2.9e-02  4.6e-02	 0.12  0.08	28.2  4.5	  1.6	     0.7     1.7       0.6	  0.3	  1.3	  4.7	     1  					      
 254   054134.6-013852   05:41:34.65   -01:38:52.2   2.7e-02  4.4e-02	 0.02  0.01	23.1  1.8	  0.7	     0.1     0.3       0.3	  0.1	  0.2	 31.3	     1  					      
 255   054134.6-021814   05:41:34.69   -02:18:14.5   2.6e-02  4.3e-02	 0.68  0.82	14.3  3.9	 19.0	     4.4    12.3       7.8	  2.3	 10.5	  0.7	     2  					      
 256   054134.7-020420   05:41:34.71   -02:04:20.7   2.6e-02  4.3e-02	 0.04  0.04	14.6  3.4	  0.3	     0.3     0.7       0.1	  0.1	  0.6	 12.7	     1  					      
 257   054135.0-024737   05:41:35.07   -02:47:37.9   6.1e-02  7.3e-02	 0.21  0.05	14.8  1.0	  1.2	     0.5     0.7       0.4	  0.1	  0.2	  5.9	     1  					      
 258   054135.1-021305   05:41:35.16   -02:13:05.6   3.5e-02  5.3e-02	 0.62  0.47	13.1  2.8	  6.8	     2.6     6.0       2.6	  1.1	  3.7	  1.1	     2  					      
 259   054135.1-023018   05:41:35.17   -02:30:18.5   2.9e-02  4.7e-02	 1.07  0.20	13.5  0.7	  9.1	     5.8    14.7       3.6	  2.7	 11.0	  0.5	     2  					      
 260   054135.4-024608   05:41:35.45   -02:46:08.2   3.0e-02  4.7e-02	 0.20  0.10	12.1  1.4	  1.6	     1.1     2.7       0.6	  0.5	  2.0	  2.9	     2  		    tentative bound	      
 261   054135.6-020833   05:41:35.62   -02:08:33.4   6.4e-02  7.8e-02	 0.15  0.07	22.2  3.8	  1.5	     0.3     0.4       0.5	  0.1	  0.2	  8.3	     1  					      
 262   054135.8-024845   05:41:35.85   -02:48:45.1   5.4e-02  6.6e-02	 0.03  0.01	21.8  2.6	  0.3	     0.1     0.1       0.1	  0.0	  0.0	 38.6	     1  					      
 263   054136.1-014914   05:41:36.17   -01:49:14.5   1.8e-02  3.5e-02	 3.65  1.00	14.1  1.1	 21.2	    34.8   139.3       9.1	 21.6	173.0	  0.1	     2  					      
 264   054136.4-022121   05:41:36.40   -02:21:21.4   1.9e-02  3.8e-02	 1.11  0.82	10.8  1.7	  8.3	     9.1    35.4       3.5	  5.2	 40.3	  0.3	     2  					      
 265   054136.4-013746   05:41:36.44   -01:37:46.7   1.8e-02  3.7e-02	 1.28  0.24	14.7  0.8	 13.2	    10.9    48.7       5.6	  6.4	 60.5	  0.3	     2  					      
 266   054136.7-024126   05:41:36.70   -02:41:26.9   8.5e-02  9.7e-02	 0.49  0.13	17.5  1.4	  1.1	     0.6     0.8       0.3	  0.1	  0.2	  3.4	     1  					      
 267   054136.7-023227   05:41:36.70   -02:32:27.3   3.3e-02  5.1e-02	 0.06  0.02	16.4  2.4	  1.0	     0.3     0.6       0.4	  0.1	  0.4	 11.2	     1  					      
 268   054136.8-023931   05:41:36.84   -02:39:31.4   4.5e-02  5.8e-02	 0.06  0.03	17.0  2.6	  0.5	     0.2     0.4       0.2	  0.1	  0.2	 14.7	     1  					      
 269   054136.9-014931   05:41:36.91   -01:49:31.5   2.6e-02  4.3e-02	 1.32  0.37	22.0  2.4	 13.4	     8.5    24.0       5.5	  4.3	 20.6	  0.4	     2  					      
 270   054137.0-024305   05:41:37.06   -02:43:05.1   3.4e-02  5.2e-02	 0.27  0.08	13.0  0.8	  2.0	     1.2     2.7       0.8	  0.5	  1.8	  2.5	     2  		    tentative bound	      
 271   054137.1-012715   05:41:37.11   -01:27:15.3   3.1e-02  4.7e-02	 0.14  0.04	14.4  1.3	  1.4	     0.8     1.8       0.6	  0.3	  1.3	  4.2	     2  		    tentative bound	      
 272   054137.2-023058   05:41:37.28   -02:30:58.2   2.9e-02  4.8e-02	 1.67  0.57	 9.3  0.8	 11.3	     8.6    23.5       4.4	  3.9	 17.8	  0.3	     2  					      
 273   054137.3-021718   05:41:37.37   -02:17:18.6   2.3e-02  4.1e-02	 3.34  1.52	13.6  1.4	 60.3	    23.1    74.0      24.9	 12.2	 70.1	  0.1	     3  					      
 274   054137.4-022253   05:41:37.43   -02:22:53.0   3.0e-02  4.6e-02	 0.51  0.35	11.9  1.8	  4.9	     2.8     6.9       1.9	  1.3	  5.2	  1.1	     2  					      
 275   054137.6-020640   05:41:37.65   -02:06:40.9   5.1e-02  6.5e-02	 0.12  0.04	16.9  2.2	  1.7	     0.3     0.5       0.6	  0.1	  0.2	  8.7	     1  					      
 276   054137.7-012112   05:41:37.76   -01:21:12.1   3.1e-02  4.8e-02	 0.16  0.08	11.0  4.5	  0.6	     0.8     2.0       0.2	  0.4	  1.4	  3.8	     2         no SED fit   tentative bound	      
 277   054138.0-013700   05:41:38.00   -01:37:00.6   3.2e-02  5.2e-02	 1.59  0.54	11.6  1.1	 11.8	     7.1    18.3       4.5	  3.0	 12.5	  0.4	     2  					      
 278   054138.0-014040   05:41:38.04   -01:40:40.3   7.0e-02  7.9e-02	 0.52  0.24	18.3  3.0	  1.5	     1.0     1.3       0.5	  0.3	  0.4	  2.7	     2  		    tentative bound	      
 279   054138.2-013143   05:41:38.22   -01:31:43.7   2.9e-02  4.7e-02	 0.38  0.06	13.5  0.6	  3.0	     2.1     5.3       1.2	  1.0	  4.0	  1.5	     2  					      
 280   054138.2-015100   05:41:38.27   -01:51:00.5   6.9e-02  7.8e-02	 0.57  0.01	31.3  0.1	  3.5	     1.1     1.4       1.1	  0.3	  0.4	  2.4	     2  		    tentative bound	      
 281   054138.4-013500   05:41:38.41   -01:35:00.3   2.7e-02  4.5e-02	 1.47  0.30	11.5  0.6	 13.4	     8.8    24.2       5.4	  4.3	 19.7	  0.4	     2  					      
 282   054138.8-022906   05:41:38.83   -02:29:06.7   2.7e-02  4.4e-02	 0.09  0.04	14.4  1.4	  1.1	     0.6     1.5       0.5	  0.3	  1.2	  5.9	     1  					      
 283   054138.9-021208   05:41:38.98   -02:12:08.3   5.6e-02  6.7e-02	 0.65  0.38	13.7  2.2	  4.6	     1.7     2.4       1.5	  0.6	  0.9	  1.7	     2  					      
 284   054139.1-013937   05:41:39.13   -01:39:37.3   2.9e-02  4.8e-02	 0.36  0.18	15.1  2.3	  2.4	     1.8     5.0       0.9	  0.8	  3.8	  1.6	     2  					      
 285   054139.2-013210   05:41:39.22   -01:32:10.6   2.4e-02  4.1e-02	 0.06  0.02	16.6  1.8	  0.8	     0.4     1.3       0.3	  0.2	  1.2	  7.5	     1  					      
 286   054139.2-014548   05:41:39.27   -01:45:48.3   3.3e-02  5.0e-02	 0.03  0.01	29.9  0.1	  0.3	     0.2     0.4       0.1	  0.1	  0.3	 18.7	     1  					      
 287   054139.4-022355   05:41:39.48   -02:23:55.0   3.1e-02  4.8e-02	 0.14  0.10	14.3  2.9	  1.3	     0.7     1.7       0.5	  0.3	  1.2	  4.5	     1  					      
 288   054139.6-013558   05:41:39.68   -01:35:58.3   3.3e-02  4.9e-02	 2.22  0.37	15.1  0.7	 19.6	    11.1    24.3       7.6	  5.0	 16.2	  0.3	     2  					      
 289   054139.8-013002   05:41:39.82   -01:30:02.5   2.1e-02  3.9e-02	 0.22  0.11	11.0  4.5	  0.9	     1.7     6.0       0.4	  1.0	  6.3	  1.9	     2         no SED fit			      
 290   054139.9-014444   05:41:39.95   -01:44:44.1   2.6e-02  4.4e-02	 0.31  0.15	20.8  3.0	  2.2	     1.9     5.3       0.9	  0.9	  4.4	  1.7	     2  					      
 291   054140.0-013357   05:41:40.02   -01:33:57.6   3.1e-02  5.1e-02	 0.25  0.18	13.4  2.4	  5.4	     1.1     3.0       2.1	  0.5	  2.1	  2.5	     2  		    tentative bound	      
 292   054140.4-024011   05:41:40.45   -02:40:11.0   5.6e-02  6.6e-02	 0.23  0.12	11.0  4.5	  0.6	     0.6     0.9       0.2	  0.2	  0.3	  4.8	     1         no SED fit			      
 293   054140.4-012833   05:41:40.46   -01:28:33.2   5.1e-02  6.7e-02	 0.59  0.11	15.3  0.8	  3.1	     1.5     2.6       1.0	  0.5	  1.1	  1.7	     2  					      
 294   054140.5-021705   05:41:40.50   -02:17:05.8   2.3e-02  4.0e-02	 5.49  1.48	14.2  1.2	 51.7	    39.9   123.1      21.5	 21.6	117.3	  0.1	     2  					      
 295   054140.6-020342   05:41:40.60   -02:03:42.7   2.2e-02  4.0e-02	 0.03  0.03	16.5  3.5	  0.3	     0.2     0.8       0.1	  0.1	  0.8	 13.3	     1  					      
 296   054140.6-022204   05:41:40.67   -02:22:04.9   3.1e-02  4.8e-02	 0.05  0.03	14.7  2.8	  0.7	     0.3     0.7       0.3	  0.1	  0.5	 11.2	     1  					      
 297   054140.6-014818   05:41:40.69   -01:48:18.9   3.4e-02  5.1e-02	 0.06  0.07	25.5  4.5	  0.8	     0.3     0.6       0.3	  0.1	  0.4	 11.6	     1  					      
 298   054140.9-014150   05:41:40.90   -01:41:50.5   5.6e-02  6.7e-02	 0.17  0.08	28.4  4.5	  1.3	     0.5     0.7       0.4	  0.1	  0.3	  6.3	     1  					      
 299   054140.9-021338   05:41:40.98   -02:13:38.7   3.9e-02  5.6e-02	 0.06  0.06	30.0  4.5	  0.7	     0.2     0.5       0.3	  0.1	  0.3	 12.3	     1  					      
 300   054141.2-024954   05:41:41.20   -02:49:54.2   7.0e-02  7.9e-02	 0.05  0.01	20.1  1.9	  0.3	     0.1     0.1       0.1	  0.0	  0.0	 29.6	     1  					      
 301   054141.3-023206   05:41:41.31   -02:32:06.4   2.9e-02  4.6e-02	 0.01  0.01	28.1  4.5	  0.1	     0.0     0.1       0.1	  0.0	  0.1	 66.2	     1  					      
 302   054141.4-023932   05:41:41.47   -02:39:32.0   2.8e-02  4.5e-02	 0.06  0.03	17.5  1.8	  0.5	     0.4     1.0       0.2	  0.2	  0.8	  8.4	     1  					      
 303   054141.9-020446   05:41:41.97   -02:04:46.2   1.8e-02  3.5e-02	 0.21  0.11	11.0  4.5	  0.9	     2.0     8.0       0.4	  1.2	 10.0	  1.7	     2         no SED fit			      
 304   054142.2-014645   05:41:42.29   -01:46:45.9   2.1e-02  4.1e-02	 0.03  0.03	30.1  4.5	  0.2	     0.2     0.8       0.1	  0.1	  0.8	 14.2	     1  					      
 305   054142.4-013316   05:41:42.42   -01:33:16.7   1.8e-02  3.7e-02	 0.34  0.11	13.0  0.9	  5.0	     3.0    13.0       2.1	  1.8	 16.2	  1.0	     2  					      
 306   054142.4-021006   05:41:42.45   -02:10:06.2   2.5e-02  4.2e-02	 0.05  0.03	15.8  2.3	  0.7	     0.3     1.0       0.3	  0.2	  0.9	  9.5	     1  					      
 307   054142.6-023049   05:41:42.60   -02:30:49.5   3.7e-02  5.5e-02	 0.04  0.03	15.0  2.5	  0.3	     0.2     0.3       0.1	  0.1	  0.2	 18.2	     1  					      
 308   054142.7-014944   05:41:42.72   -01:49:44.0   2.4e-02  4.1e-02	 0.33  0.26	19.5  4.5	  1.8	     2.3     7.0       0.7	  1.3	  6.4	  1.4	     2  					      
 309   054142.8-022457   05:41:42.87   -02:24:57.1   2.8e-02  4.4e-02	 0.02  0.02	20.4  4.5	  0.2	     0.1     0.2       0.1	  0.0	  0.2	 35.4	     1  					      
 310   054143.0-024217   05:41:43.04   -02:42:17.2   2.5e-02  4.4e-02	 0.06  0.04	14.8  2.1	  0.4	     0.4     1.2       0.2	  0.2	  1.1	  7.7	     1  					      
 311   054143.1-015420   05:41:43.12   -01:54:20.4   2.6e-02  4.3e-02	37.85 18.92	17.3  1.3	272.9	   243.3   658.9     111.1	124.1	552.9	  0.0	     2  					      
 312   054143.1-021611   05:41:43.14   -02:16:11.3   3.2e-02  4.9e-02	 3.80  1.16	15.0  1.5	 34.7	    18.9    44.3      13.5	  8.5	 30.4	  0.2	     2  					      
 313   054143.2-013400   05:41:43.26   -01:34:00.2   2.0e-02  3.8e-02	 1.27  0.16	12.6  0.8	  8.8	    10.3    39.1       3.7	  5.9	 43.7	  0.3	     2  					      
 314   054143.4-025536   05:41:43.47   -02:55:36.9   6.2e-02  7.4e-02	 0.05  0.02	20.7  2.5	  0.3	     0.1     0.2       0.1	  0.0	  0.1	 25.1	     1  					      
 315   054143.8-014522   05:41:43.87   -01:45:22.9   3.3e-02  5.0e-02	 0.08  0.06	22.7  4.5	  0.8	     0.4     0.8       0.3	  0.2	  0.5	  8.7	     1  					      
 316   054144.1-023849   05:41:44.12   -02:38:49.1   4.1e-02  5.8e-02	 0.12  0.06	13.9  1.9	  1.1	     0.4     0.9       0.4	  0.2	  0.5	  6.5	     1  					      
 317   054144.1-023748   05:41:44.16   -02:37:48.7   3.0e-02  4.8e-02	 0.02  0.01	18.4  3.4	  0.2	     0.1     0.3       0.1	  0.0	  0.2	 30.2	     1  					      
 318   054144.1-013243   05:41:44.19   -01:32:43.6   1.8e-02  3.7e-02	 0.05  0.03	15.9  2.0	  0.8	     0.5     2.0       0.4	  0.3	  2.5	  6.6	     1  					      
 319   054144.2-021943   05:41:44.21   -02:19:43.0   2.7e-02  4.5e-02	 0.86  0.63	12.6  2.4	  6.4	     5.0    13.5       2.6	  2.4	 10.7	  0.6	     2  					      
 320   054144.3-015445   05:41:44.37   -01:54:45.4   2.2e-02  4.0e-02	23.96  5.93	18.9  1.5	157.2	   178.5   571.8      65.5	 98.0	561.8	  0.0	     3  					      
 321   054144.3-014850   05:41:44.39   -01:48:50.4   3.8e-02  5.7e-02	 0.17  0.12	24.2  4.5	  1.4	     0.6     1.4       0.5	  0.2	  0.8	  4.5	     1  					      
 322   054144.4-023321   05:41:44.41   -02:33:21.2   2.8e-02  4.5e-02	 0.08  0.03	16.7  1.4	  0.8	     0.5     1.2       0.3	  0.2	  1.0	  6.8	     1  					      
 323   054144.4-015248   05:41:44.48   -01:52:48.1   4.2e-02  5.6e-02	 5.61  3.66	15.7  3.0	 36.4	    21.5    38.4      13.4	  8.5	 20.2	  0.1	     2  					      
 324   054144.8-014212   05:41:44.80   -01:42:12.0   4.7e-02  5.9e-02	 0.16  0.12	23.2  4.5	  1.5	     0.6     0.9       0.5	  0.2	  0.4	  5.6	     1  					      
 325   054144.8-014739   05:41:44.88   -01:47:39.4   3.1e-02  5.1e-02	 0.27  0.17	22.8  4.5	  2.3	     1.2     3.3       0.9	  0.5	  2.3	  2.3	     2  		    tentative bound	      
 326   054144.9-015543   05:41:44.99   -01:55:43.4   1.8e-02  3.6e-02	18.60  4.98	25.6  3.1	193.8	   172.7   709.8      83.3	105.8	881.8	  0.0	     2  					      
 327   054145.3-021336   05:41:45.37   -02:13:36.9   2.5e-02  4.4e-02	 0.81  0.40	11.0  4.5	  4.7	     5.1    15.8       1.9	  2.5	 14.1	  0.6	     2         no SED fit			      
 328   054145.3-022102   05:41:45.39   -02:21:02.9   2.8e-02  4.5e-02	 0.48  0.30	11.5  1.4	  2.8	     2.8     7.2       1.1	  1.4	  5.5	  1.2	     2  					      
 329   054145.6-022356   05:41:45.61   -02:23:56.1   3.8e-02  5.2e-02	 0.22  0.09	14.0  1.3	  1.8	     1.0     1.8       0.7	  0.4	  1.1	  3.4	     2  		    tentative bound	      
 330   054145.6-013009   05:41:45.61   -01:30:09.9   2.3e-02  4.1e-02	 0.04  0.02	14.5  2.3	  0.3	     0.3     1.0       0.1	  0.2	  0.9	 10.3	     1  					      
 331   054145.8-020154   05:41:45.83   -02:01:54.3   3.0e-02  4.7e-02	 0.03  0.01	23.0  2.6	  0.1	     0.1     0.3       0.0	  0.1	  0.2	 23.2	     1  					      
 332   054145.9-020855   05:41:45.95   -02:08:55.5   3.5e-02  5.3e-02	 0.27  0.08	12.4  0.9	  2.4	     1.2     2.5       0.9	  0.5	  1.6	  2.6	     2  		    tentative bound	      
 333   054146.2-013538   05:41:46.25   -01:35:38.9   1.8e-02  3.5e-02	 0.01  0.01	25.2  4.2	  0.2	     0.1     0.3       0.1	  0.0	  0.3	 48.7	     1  					      
 334   054146.2-021026   05:41:46.26   -02:10:26.5   2.4e-02  4.1e-02	 0.04  0.01	19.3  2.1	  0.6	     0.3     0.9       0.3	  0.2	  0.9	 10.6	     1  					      
 335   054146.4-021914   05:41:46.48   -02:19:14.6   3.9e-02  5.3e-02	 0.57  0.38	15.1  2.8	  4.1	     2.4     4.4       1.5	  1.0	  2.4	  1.4	     2  					      
 336   054146.7-022419   05:41:46.73   -02:24:19.4   1.8e-02  3.6e-02	 0.02  0.01	11.9  2.2	  0.5	     0.1     0.6       0.2	  0.1	  0.7	 22.9	     1  					      
 337   054146.9-014549   05:41:46.90   -01:45:49.2   2.9e-02  4.6e-02	 0.03  0.03	29.3  4.4	  0.2	     0.2     0.5       0.1	  0.1	  0.4	 17.4	     1  					      
 338   054146.9-013802   05:41:46.90   -01:38:02.1   5.5e-02  6.6e-02	 1.03  0.20	17.1  1.1	  7.7	     2.8     4.0       2.6	  0.9	  1.6	  1.1	     2  					      
 339   054146.9-025258   05:41:46.93   -02:52:58.1   3.0e-02  4.7e-02	 0.05  0.02	19.8  2.2	  0.5	     0.3     0.6       0.2	  0.1	  0.5	 12.4	     1  					      
 340   054147.0-014229   05:41:47.01   -01:42:29.1   2.7e-02  4.5e-02	 0.10  0.08	19.8  4.5	  0.8	     0.6     1.7       0.3	  0.3	  1.4	  5.3	     1  					      
 341   054147.0-014045   05:41:47.02   -01:40:45.8   1.8e-02  3.5e-02	 0.26  0.13	11.0  4.5	  1.6	     2.5    10.0       0.7	  1.6	 12.4	  1.3	     2         no SED fit			      
 342   054147.1-014820   05:41:47.13   -01:48:20.1   2.1e-02  3.9e-02	 0.02  0.01	35.2  4.5	  0.2	     0.2     0.6       0.1	  0.1	  0.6	 19.5	     1  					      
 343   054147.2-013141   05:41:47.27   -01:31:41.1   2.5e-02  4.2e-02	 0.22  0.04	13.7  0.9	  1.9	     1.5     4.1       0.8	  0.8	  3.6	  2.3	     2  		    tentative bound	      
 344   054147.3-013846   05:41:47.34   -01:38:46.8   5.2e-02  6.8e-02	 1.81  0.53	15.3  1.6	 10.5	     4.6     7.8       3.5	  1.5	  3.3	  0.6	     2  					      
 345   054147.4-014145   05:41:47.48   -01:41:45.5   2.0e-02  3.8e-02	 0.02  0.02	25.0  4.5	  0.3	     0.2     0.6       0.1	  0.1	  0.7	 18.4	     1  					      
 346   054147.6-022520   05:41:47.69   -02:25:20.9   2.7e-02  4.5e-02	 0.02  0.02	16.8  4.5	  0.2	     0.1     0.3       0.1	  0.1	  0.2	 28.9	     1  					      
 347   054147.8-022314   05:41:47.86   -02:23:14.6   2.5e-02  4.2e-02	 0.06  0.04	14.6  2.3	  0.5	     0.4     1.0       0.2	  0.2	  0.9	  8.8	     1  					      
 348   054148.0-014654   05:41:48.05   -01:46:54.4   3.4e-02  5.3e-02	 0.04  0.05	29.3  4.5	  0.7	     0.2     0.4       0.3	  0.1	  0.3	 17.2	     1  					      
 349   054148.0-020709   05:41:48.05   -02:07:09.2   2.8e-02  4.5e-02	 0.01  0.01	27.6  4.5	  0.2	     0.0     0.1       0.1	  0.0	  0.1	 79.3	     1  					      
 350   054148.0-020339   05:41:48.07   -02:03:39.9   5.0e-02  6.3e-02	 0.09  0.05	17.3  2.9	  1.0	     0.3     0.4       0.3	  0.1	  0.2	 10.6	     1  					      
 351   054148.3-022350   05:41:48.34   -02:23:50.3   2.2e-02  4.0e-02	 0.10  0.06	12.6  1.5	  0.6	     0.7     2.5       0.3	  0.4	  2.5	  4.4	     2  		    tentative bound	      
 352   054148.8-014627   05:41:48.83   -01:46:27.8   2.7e-02  4.4e-02	 0.04  0.04	26.5  4.5	  0.4	     0.3     0.7       0.2	  0.1	  0.6	 12.1	     1  					      
 353   054148.8-025224   05:41:48.83   -02:52:24.0   2.7e-02  4.4e-02	 0.04  0.02	21.1  2.7	  0.5	     0.2     0.6       0.2	  0.1	  0.5	 13.6	     1  					      
 354   054148.9-021414   05:41:48.90   -02:14:14.1   2.6e-02  4.3e-02	 0.51  0.16	12.7  1.3	  4.0	     3.3     8.7       1.6	  1.7	  7.3	  1.0	     2  					      
 355   054149.2-022655   05:41:49.24   -02:26:55.2   3.0e-02  4.8e-02	 0.04  0.01	19.7  2.3	  0.4	     0.2     0.5       0.2	  0.1	  0.3	 16.3	     1  					      
 356   054149.4-021505   05:41:49.40   -02:15:05.2   1.9e-02  3.8e-02	 0.18  2.21	12.5  1.9	  0.5	     1.5     6.3       0.2	  0.9	  7.5	  2.0	     2  					      
 357   054149.5-024727   05:41:49.52   -02:47:27.9   7.9e-02  9.5e-02	 0.08  0.03	27.4  3.7	  0.4	     0.1     0.2       0.1	  0.0	  0.0	 19.0	     1  					      
 358   054149.5-015941   05:41:49.58   -01:59:41.2   2.6e-02  4.3e-02	 3.59  1.53	15.0  1.6	 27.1	    23.2    63.8      11.1	 11.9	 54.1	  0.1	     2  					      
 359   054149.6-013035   05:41:49.60   -01:30:35.3   5.9e-02  6.9e-02	 0.13  0.07	13.6  1.7	  0.6	     0.3     0.4       0.2	  0.1	  0.2	  9.1	     1  					      
 360   054149.8-013640   05:41:49.83   -01:36:40.5   2.7e-02  4.4e-02	 0.77  0.40	12.7  2.0	  6.2	     4.6    12.6       2.5	  2.3	 10.2	  0.7	     2  					      
 361   054149.8-022140   05:41:49.85   -02:21:40.7   2.4e-02  4.1e-02	 0.00  0.01	29.1  4.5	  0.2	     0.0     0.1       0.1	  0.0	  0.1	101.3	     1  					      
 362   054149.9-022443   05:41:49.94   -02:24:43.4   2.6e-02  4.3e-02	 0.06  0.03	15.8  2.0	  0.6	     0.4     1.0       0.2	  0.2	  0.9	  8.6	     1  					      
 363   054149.9-015744   05:41:49.95   -01:57:44.2   2.6e-02  4.3e-02	 4.26  2.20	17.5  2.7	 28.8	    27.9    76.8      11.8	 14.4	 65.6	  0.1	     2  					      
 364   054150.1-022318   05:41:50.13   -02:23:18.4   2.1e-02  3.9e-02	 0.04  0.03	14.5  2.1	  0.5	     0.3     1.1       0.2	  0.2	  1.1	 10.3	     1  					      
 365   054150.5-020024   05:41:50.59   -02:00:24.7   2.5e-02  4.2e-02	 0.99  0.48	14.6  1.9	  8.5	     6.8    19.6       3.5	  3.6	 17.5	  0.5	     2  					      
 366   054151.0-021205   05:41:51.01   -02:12:05.8   1.8e-02  3.8e-02	 0.02  0.01	28.2  1.7	  0.1	     0.1     0.6       0.0	  0.1	  0.7	 22.7	     1  					      
 367   054151.6-015328   05:41:51.66   -01:53:28.5   2.3e-02  4.0e-02	 0.05  0.07	29.5  4.5	  1.6	     0.3     1.1       0.7	  0.2	  1.0	  9.5	     1  					      
 368   054151.7-013236   05:41:51.72   -01:32:36.5   3.2e-02  4.8e-02	 0.81  0.15	15.2  0.8	  9.1	     4.1     9.3       3.6	  1.9	  6.3	  0.8	     2  					      
 369   054151.8-013116   05:41:51.87   -01:31:16.6   1.8e-02  3.6e-02	 0.07  0.07	13.6  3.2	  0.6	     0.7     2.7       0.3	  0.4	  3.4	  4.9	     2  		    tentative bound	      
 370   054151.9-020305   05:41:51.98   -02:03:05.2   3.4e-02  5.1e-02	 0.06  0.02	20.3  2.7	  0.7	     0.3     0.6       0.3	  0.1	  0.4	 11.6	     1  					      
 371   054152.1-024912   05:41:52.11   -02:49:12.0   7.1e-02  8.0e-02	 0.13  0.06	12.7  1.2	  0.2	     0.2     0.3       0.1	  0.1	  0.1	 11.0	     1  					      
 372   054152.2-020452   05:41:52.20   -02:04:52.5   2.9e-02  4.6e-02	 0.04  0.02	20.4  3.1	  0.5	     0.2     0.6       0.2	  0.1	  0.4	 14.2	     1  					      
 373   054152.4-013706   05:41:52.46   -01:37:06.3   2.3e-02  4.0e-02	 0.35  0.17	14.9  1.6	  2.6	     2.6     8.2       1.1	  1.4	  8.0	  1.3	     2  					      
 374   054152.5-013644   05:41:52.51   -01:36:44.5   3.3e-02  5.1e-02	 0.43  0.22	15.9  2.8	  3.7	     1.9     4.6       1.4	  0.8	  3.1	  1.5	     2  					      
 375   054152.5-022521   05:41:52.56   -02:25:21.5   2.4e-02  4.1e-02	 0.08  0.02	15.4  1.3	  0.9	     0.5     1.6       0.4	  0.3	  1.5	  6.1	     1  					      
 376   054152.7-014846   05:41:52.77   -01:48:46.9   4.2e-02  6.3e-02	 0.06  0.01	31.0  0.1	  0.6	     0.2     0.4       0.2	  0.1	  0.2	 12.9	     1  					      
 377   054152.9-012733   05:41:52.97   -01:27:33.5   2.5e-02  4.3e-02	 0.02  0.01	19.5  4.2	  0.2	     0.1     0.4       0.1	  0.1	  0.4	 21.8	     1  					      
 378   054153.1-021015   05:41:53.18   -02:10:15.3   2.3e-02  4.0e-02	 0.03  0.01	17.4  2.9	  0.3	     0.2     0.6       0.1	  0.1	  0.6	 17.0	     1  					      
 379   054153.4-021906   05:41:53.41   -02:19:06.6   2.4e-02  4.1e-02	 0.18  0.07	12.5  1.3	  1.5	     1.3     3.8       0.6	  0.7	  3.5	  2.6	     2  		    tentative bound	      
 380   054153.4-020016   05:41:53.45   -02:00:16.4   3.4e-02  5.1e-02	 3.80  1.15	14.2  1.1	 20.5	    17.1    38.9       7.8	  7.3	 25.0	  0.2	     2  					      
 381   054153.5-015200   05:41:53.55   -01:52:00.8   1.8e-02  3.6e-02	 0.10  0.12	27.9  4.5	  0.3	     0.9     3.7       0.1	  0.6	  4.6	  3.6	     2  		    tentative bound	      
 382   054153.7-020832   05:41:53.77   -02:08:32.2   5.3e-02  6.4e-02	 1.25  0.23	15.1  0.8	  9.8	     3.6     5.2       3.4	  1.2	  2.1	  0.8	     2  					      
 383   054153.8-021646   05:41:53.80   -02:16:46.7   5.8e-02  6.9e-02	 1.89  0.95	11.0  4.5	  7.0	     4.7     6.8       2.3	  1.5	  2.6	  0.6	     2         no SED fit			      
 384   054153.8-014450   05:41:53.89   -01:44:50.7   2.8e-02  4.5e-02	 0.51  0.21	18.4  2.1	  5.3	     3.0     7.8       2.1	  1.5	  6.1	  1.1	     2  					      
 385   054154.2-012649   05:41:54.22   -01:26:49.8   2.6e-02  4.5e-02	 0.04  0.04	15.4  3.8	  0.3	     0.2     0.7       0.1	  0.1	  0.6	 12.6	     1  					      
 386   054154.3-022835   05:41:54.33   -02:28:35.3   2.7e-02  4.4e-02	 0.07  0.02	16.5  1.2	  0.6	     0.4     1.1       0.3	  0.2	  0.9	  7.7	     1  					      
 387   054154.4-024241   05:41:54.41   -02:42:41.5   4.1e-02  5.7e-02	 0.13  0.03	17.4  1.4	  0.8	     0.5     0.9       0.3	  0.2	  0.5	  6.3	     1  					      
 388   054154.4-022254   05:41:54.49   -02:22:54.6   3.1e-02  5.1e-02	 0.16  0.06	13.4  1.5	  2.0	     0.7     1.9       0.8	  0.3	  1.3	  3.9	     2  		    tentative bound	      
 389   054154.7-014718   05:41:54.76   -01:47:18.4   6.5e-02  7.4e-02	 0.41  0.19	22.5  4.0	  2.3	     0.9     1.1       0.7	  0.3	  0.4	  3.1	     2  		    tentative bound	      
 390   054155.0-022121   05:41:55.00   -02:21:21.5   3.2e-02  4.9e-02	 0.02  0.01	23.3  4.5	  0.3	     0.1     0.2       0.1	  0.0	  0.1	 35.3	     1  					      
 391   054155.0-021534   05:41:55.02   -02:15:34.2   2.7e-02  4.7e-02	 0.18  0.09	16.1  2.3	  2.0	     1.0     2.9       0.8	  0.5	  2.3	  2.9	     2  		    tentative bound	      
 392   054155.1-023349   05:41:55.17   -02:33:49.5   2.9e-02  4.7e-02	 0.06  0.03	14.7  1.8	  0.5	     0.3     0.9       0.2	  0.2	  0.7	  9.2	     1  					      
 393   054155.4-022349   05:41:55.45   -02:23:49.1   3.3e-02  5.0e-02	 0.12  0.02	15.5  1.0	  1.3	     0.5     1.2       0.5	  0.2	  0.8	  5.7	     1  					      
 394   054155.5-015409   05:41:55.52   -01:54:09.1   2.1e-02  3.9e-02	 0.11  0.08	28.8  4.5	  0.4	     0.8     2.9       0.2	  0.5	  3.0	  3.8	     2  		    tentative bound	      
 395   054156.1-013548   05:41:56.11   -01:35:48.8   2.1e-02  3.9e-02	 0.11  0.33	13.7  4.5	  0.8	     0.9     3.1       0.3	  0.5	  3.3	  3.6	     2  		    tentative bound	      
 396   054156.4-020915   05:41:56.40   -02:09:15.9   1.8e-02  3.8e-02	 0.02  0.01	21.0  4.2	  0.2	     0.2     0.7       0.1	  0.1	  0.8	 19.3	     1  					      
 397   054156.5-014741   05:41:56.59   -01:47:41.1   2.6e-02  4.3e-02	 0.26  0.15	19.8  3.7	  1.9	     1.6     4.6       0.8	  0.8	  3.9	  2.0	     2  					      
 398   054156.6-015025   05:41:56.62   -01:50:25.4   2.7e-02  4.4e-02	 0.08  0.02	33.6  1.7	  0.5	     0.5     1.3       0.2	  0.2	  1.1	  6.6	     1  					      
 399   054156.6-021739   05:41:56.65   -02:17:39.6   2.2e-02  4.0e-02	 0.06  0.04	15.1  2.9	  0.5	     0.5     1.5       0.2	  0.3	  1.5	  7.1	     1  					      
 400   054156.7-015423   05:41:56.73   -01:54:23.0   2.5e-02  4.4e-02	 0.10  0.24	30.3  4.5	  0.8	     0.6     1.9       0.3	  0.3	  1.7	  4.9	     1  					      
 401   054157.0-014250   05:41:57.08   -01:42:50.9   9.5e-02  1.0e-01	 3.94  0.93	14.8  1.1	 11.2	     4.5     5.1       2.9	  1.0	  1.2	  0.5	     2  					      
 402   054157.1-012838   05:41:57.16   -01:28:38.4   5.5e-02  6.6e-02	 0.15  0.07	15.1  1.9	  0.7	     0.4     0.6       0.3	  0.1	  0.2	  7.5	     1  					      
 403   054157.3-020101   05:41:57.31   -02:01:01.9   2.4e-02  4.1e-02	 1.63  0.41	15.0  1.1	 14.4	    11.2    32.6       5.9	  5.9	 29.4	  0.3	     2  					      
 404   054157.5-020741   05:41:57.56   -02:07:41.7   3.2e-02  5.0e-02	 2.38  0.79	10.5  0.9	 12.3	    11.2    28.2       4.7	  4.9	 19.5	  0.3	     2  					      
 405   054158.0-014613   05:41:58.01   -01:46:13.5   2.4e-02  4.3e-02	 0.39  0.23	16.9  3.3	  2.1	     2.5     7.9       0.8	  1.3	  7.2	  1.2	     2  					      
 406   054158.1-030249   05:41:58.13   -03:02:49.6   1.8e-02  3.5e-02	 3.15  0.93	12.3  0.8	 39.8	    30.1   120.3      17.2	 18.7	149.4	  0.1	     3  					      
 407   054158.3-025033   05:41:58.37   -02:50:33.2   5.7e-02  7.0e-02	 0.04  0.02	22.2  3.4	  0.3	     0.1     0.1       0.1	  0.0	  0.1	 29.1	     1  					      
 408   054158.4-013133   05:41:58.40   -01:31:33.6   2.6e-02  4.5e-02	 0.12  0.05	15.8  2.0	  1.8	     0.7     2.0       0.7	  0.3	  1.7	  4.4	     2  		    tentative bound	      
 409   054158.4-014530   05:41:58.46   -01:45:30.2   3.1e-02  4.8e-02	 0.15  0.11	27.4  4.5	  1.5	     0.8     1.8       0.6	  0.4	  1.3	  4.0	     2  		    tentative bound	      
 410   054158.7-020153   05:41:58.77   -02:01:53.1   1.8e-02  3.5e-02	 0.00  0.01	25.1  0.1	  0.1	     0.0     0.1       0.0	  0.0	  0.2	 89.2	     1  					      
 411   054158.8-014649   05:41:58.87   -01:46:49.7   2.5e-02  4.2e-02	 0.24  0.18	18.1  3.8	  1.6	     1.6     4.5       0.7	  0.8	  3.9	  2.1	     2  		    tentative bound	      
 412   054158.9-021439   05:41:58.91   -02:14:39.4   2.8e-02  4.6e-02	 0.11  0.05	11.0  4.5	  0.5	     0.6     1.6       0.2	  0.3	  1.3	  5.1	     1         no SED fit			      
 413   054159.4-021927   05:41:59.46   -02:19:27.3   3.8e-02  5.6e-02	 0.03  0.02	19.4  4.5	  0.3	     0.1     0.3       0.1	  0.1	  0.2	 21.3	     1  					      
 414   054159.7-015759   05:41:59.77   -01:57:59.5   4.3e-02  5.6e-02	 0.30  0.09	18.7  1.6	  0.8	     1.1     1.9       0.3	  0.5	  1.0	  2.8	     2  		    tentative bound	      
 415   054159.8-025824   05:41:59.84   -02:58:24.6   7.8e-02  8.8e-02	 0.16  0.05	22.3  2.6	  0.7	     0.3     0.3       0.2	  0.1	  0.1	  9.4	     1  					      
 416   054159.9-014827   05:41:59.97   -01:48:27.7   5.1e-02  6.5e-02	 0.73  0.44	20.6  4.5	  3.3	     2.0     3.3       1.1	  0.7	  1.4	  1.4	     2  					      
 417   054200.1-022608   05:42:00.14   -02:26:08.1   4.5e-02  5.9e-02	 0.14  0.04	15.4  1.2	  1.2	     0.5     0.8       0.4	  0.2	  0.4	  6.5	     1  					      
 418   054200.1-023004   05:42:00.16   -02:30:04.5   3.2e-02  4.9e-02	 0.07  0.02	16.4  1.2	  0.4	     0.3     0.8       0.2	  0.1	  0.5	  9.4	     1  					      
 419   054200.3-013112   05:42:00.34   -01:31:12.1   2.3e-02  4.1e-02	 0.14  0.05	13.8  1.6	  1.8	     1.0     3.0       0.7	  0.5	  2.9	  3.4	     2  		    tentative bound	      
 420   054200.4-012925   05:42:00.42   -01:29:25.3   4.2e-02  6.3e-02	 0.03  0.02	20.6  4.5	  0.2	     0.1     0.2       0.1	  0.0	  0.1	 27.5	     1  					      
 421   054200.5-013314   05:42:00.54   -01:33:14.2   2.3e-02  4.1e-02	 0.04  0.02	16.4  2.1	  0.5	     0.3     0.9       0.2	  0.2	  0.8	 11.0	     1  					      
 422   054200.7-022038   05:42:00.76   -02:20:38.4   2.4e-02  4.2e-02	 0.01  0.01	23.5  4.5	  0.2	     0.1     0.3       0.1	  0.0	  0.3	 33.7	     1  					      
 423   054200.9-013740   05:42:00.94   -01:37:40.3   2.3e-02  4.1e-02	 0.02  0.01	23.0  4.5	  0.3	     0.1     0.4       0.1	  0.1	  0.4	 22.7	     1  					      
 424   054201.4-020553   05:42:01.44   -02:05:53.9   1.9e-02  3.8e-02	 0.42  0.15	13.3  1.1	  3.3	     3.5    14.6       1.4	  2.0	 17.2	  0.9	     2  					      
 425   054202.4-023432   05:42:02.46   -02:34:32.1   3.8e-02  5.3e-02	 0.03  0.02	17.3  3.1	  0.2	     0.1     0.2       0.1	  0.0	  0.1	 27.5	     1  					      
 426   054202.6-024003   05:42:02.64   -02:40:03.9   5.2e-02  6.4e-02	 0.03  0.02	20.6  2.7	  0.1	     0.1     0.1       0.0	  0.0	  0.0	 41.3	     1  					      
 427   054202.8-015211   05:42:02.83   -01:52:11.9   9.2e-02  9.8e-02	 0.01  0.01	33.9  0.1	  0.1	     0.0     0.0       0.0	  0.0	  0.0	251.3	     1  					      
 428   054202.9-020745   05:42:02.93   -02:07:45.2   1.8e-02  3.7e-02	 6.17  1.17	11.5  0.5	 56.9	    54.4   235.6      24.3	 32.5	292.7	  0.1	     3  					      
 429   054203.0-024657   05:42:03.08   -02:46:57.9   2.6e-02  4.4e-02	 0.24  0.15	12.3  1.8	  1.9	     1.5     4.1       0.8	  0.7	  3.5	  2.2	     2  		    tentative bound	      
 430   054203.2-020235   05:42:03.24   -02:02:35.8   1.9e-02  3.8e-02	 6.61  1.25	13.2  0.7	 66.2	    54.4   215.1      28.0	 31.4	246.7	  0.1	     2  					      
 431   054203.3-021656   05:42:03.39   -02:16:56.0   2.4e-02  4.1e-02	 0.11  0.05	11.0  4.5	  0.4	     0.7     2.2       0.2	  0.4	  2.0	  4.5	     2         no SED fit   tentative bound	      
 432   054203.8-020421   05:42:03.85   -02:04:21.1   3.2e-02  5.0e-02	 1.28  0.31	13.6  0.8	  8.9	     6.1    14.5       3.4	  2.7	  9.8	  0.5	     2  					      
 433   054204.3-024827   05:42:04.31   -02:48:27.0   2.9e-02  4.7e-02	 0.28  0.10	14.1  1.1	  2.6	     1.5     4.1       1.0	  0.7	  3.1	  2.0	     2  		    tentative bound	      
 434   054204.5-020142   05:42:04.53   -02:01:42.4   2.0e-02  3.9e-02	 1.35  0.32	13.4  0.8	 14.4	    10.7    38.9       6.1	  6.1	 42.1	  0.3	     2  					      
 435   054204.5-013410   05:42:04.58   -01:34:10.6   5.1e-02  6.5e-02	 0.14  0.06	16.6  2.0	  1.0	     0.4     0.6       0.3	  0.1	  0.3	  7.2	     1  					      
 436   054204.8-024851   05:42:04.81   -02:48:51.3   4.3e-02  5.6e-02	 0.31  0.09	15.8  1.2	  2.4	     1.2     2.0       0.9	  0.5	  1.0	  2.8	     2  		    tentative bound	      
 437   054204.8-020601   05:42:04.88   -02:06:01.4   2.4e-02  4.3e-02	 0.80  0.23	12.5  0.8	  5.8	     5.2    16.3       2.4	  2.7	 14.8	  0.6	     2  					      
 438   054205.4-030321   05:42:05.41   -03:03:21.5   8.0e-02  8.8e-02	 1.21  0.47	11.7  0.9	  4.3	     1.8     2.3       1.2	  0.5	  0.6	  1.3	     2  					      
 439   054205.6-025033   05:42:05.65   -02:50:33.8   2.9e-02  4.6e-02	 0.02  0.02	18.8  4.5	  0.2	     0.1     0.2       0.1	  0.0	  0.2	 35.4	     1  					      
 440   054206.4-021422   05:42:06.43   -02:14:22.8   5.6e-02  6.7e-02	 0.49  0.11	14.6  1.0	  3.4	     1.3     1.9       1.1	  0.4	  0.7	  2.2	     2  		    tentative bound	      
 441   054206.5-015918   05:42:06.51   -01:59:18.2   2.1e-02  3.9e-02	 0.32  0.16	11.0  4.5	  1.5	     2.6     9.1       0.6	  1.4	  9.7	  1.3	     2         no SED fit			      
 442   054206.5-021753   05:42:06.58   -02:17:53.7   4.1e-02  6.0e-02	 0.12  0.03	16.3  1.2	  0.9	     0.4     0.9       0.3	  0.1	  0.5	  6.6	     1  					      
 443   054206.6-020557   05:42:06.64   -02:05:57.3   3.9e-02  5.3e-02	 0.37  0.13	17.4  2.0	  3.1	     1.5     2.8       1.2	  0.6	  1.6	  2.1	     2  		    tentative bound	      
 444   054206.6-021927   05:42:06.64   -02:19:27.7   6.0e-02  7.8e-02	 0.51  0.16	12.4  1.1	  2.9	     1.0     1.7       0.9	  0.3	  0.6	  2.3	     2  		    tentative bound	      
 445   054206.8-021100   05:42:06.88   -02:11:00.2   6.6e-02  7.6e-02	 0.20  0.04	18.7  1.3	  1.2	     0.4     0.5       0.4	  0.1	  0.2	  6.5	     1  					      
 446   054206.9-014925   05:42:06.94   -01:49:25.8   3.5e-02  5.1e-02	 0.18  0.13	18.1  4.5	  1.6	     0.8     1.7       0.6	  0.3	  1.1	  3.9	     2  		    tentative bound	      
 447   054207.1-021147   05:42:07.12   -02:11:47.9   4.3e-02  5.6e-02	 0.16  0.04	16.9  1.4	  1.1	     0.6     1.0       0.4	  0.2	  0.5	  5.4	     1  					      
 448   054207.3-015212   05:42:07.36   -01:52:12.4   2.0e-02  3.8e-02	 0.25  0.11	20.3  3.5	  2.1	     2.0     7.7       0.9	  1.2	  8.6	  1.6	     2  					      
 449   054207.6-014804   05:42:07.60   -01:48:04.8   3.0e-02  4.6e-02	 0.06  0.05	21.3  4.5	  0.5	     0.3     0.8       0.2	  0.1	  0.6	 10.3	     1  					      
 450   054208.1-025004   05:42:08.12   -02:50:04.8   3.4e-02  5.1e-02	 0.03  0.03	17.7  3.2	  0.3	     0.1     0.3       0.1	  0.1	  0.2	 21.0	     1  					      
 451   054208.5-012636   05:42:08.59   -01:26:36.1   3.3e-02  5.1e-02	 0.05  0.03	15.1  1.9	  0.3	     0.2     0.6       0.1	  0.1	  0.4	 12.3	     1  					      
 452   054208.7-015840   05:42:08.70   -01:58:40.5   5.5e-02  6.7e-02	 0.07  0.04	20.7  4.5	  0.4	     0.2     0.3       0.1	  0.1	  0.1	 16.8	     1  					      
 453   054209.3-013622   05:42:09.34   -01:36:22.2   5.7e-02  6.9e-02	 0.36  0.07	15.3  0.9	  2.2	     0.9     1.3       0.7	  0.3	  0.5	  3.1	     2  		    tentative bound	      
 454   054209.3-013232   05:42:09.37   -01:32:32.6   3.4e-02  5.1e-02	 0.03  0.02	16.9  2.4	  0.4	     0.1     0.3       0.1	  0.1	  0.2	 21.6	     1  					      
 455   054209.4-024459   05:42:09.46   -02:44:59.6   2.1e-02  3.9e-02	 0.01  0.01	21.9  3.2	  0.1	     0.1     0.3       0.1	  0.1	  0.3	 36.0	     1  					      
 456   054209.9-024025   05:42:09.92   -02:40:25.9   9.0e-02  9.7e-02	 0.75  0.38	11.0  4.5	  1.8	     0.9     1.1       0.5	  0.2	  0.3	  2.3	     2         no SED fit   tentative bound	      
 457   054210.0-020158   05:42:10.08   -02:01:58.1   2.5e-02  4.2e-02	 0.29  0.07	16.5  0.9	  1.2	     1.9     5.5       0.5	  1.0	  4.8	  1.7	     2  					      
 458   054210.1-015235   05:42:10.10   -01:52:35.3   4.1e-02  5.7e-02	 0.43  0.21	19.9  3.8	  3.0	     1.6     3.1       1.1	  0.6	  1.6	  1.9	     2  					      
 459   054210.4-025826   05:42:10.45   -02:58:26.9   4.2e-02  5.6e-02	 0.09  0.03	16.5  1.6	  0.6	     0.3     0.6       0.2	  0.1	  0.3	  9.6	     1  					      
 460   054210.4-021322   05:42:10.49   -02:13:22.7   2.3e-02  4.0e-02	 0.02  0.01	21.0  3.9	  0.2	     0.2     0.5       0.1	  0.1	  0.5	 21.5	     1  					      
 461   054210.7-022615   05:42:10.72   -02:26:15.5   3.1e-02  4.8e-02	 0.19  0.04	14.8  0.8	  1.5	     1.0     2.3       0.6	  0.5	  1.6	  3.2	     2  		    tentative bound	      
 462   054210.8-020340   05:42:10.84   -02:03:40.8   2.4e-02  4.2e-02	 0.11  0.12	15.3  3.4	  1.1	     0.8     2.2       0.5	  0.4	  2.0	  4.3	     2  		    tentative bound	      
 463   054210.8-020420   05:42:10.86   -02:04:20.4   2.3e-02  4.0e-02	 1.27  0.26	14.1  0.8	 11.5	     9.3    29.2       4.8	  5.1	 28.3	  0.4	     2  					      
 464   054211.5-020258   05:42:11.58   -02:02:58.7   3.0e-02  4.7e-02	 0.08  0.08	18.9  4.5	  0.9	     0.4     1.1       0.3	  0.2	  0.8	  7.3	     1  					      
 465   054211.6-025136   05:42:11.60   -02:51:36.3   2.6e-02  4.3e-02	 0.06  0.03	14.7  1.5	  0.4	     0.4     1.0       0.2	  0.2	  0.8	  8.7	     1  					      
 466   054211.7-030418   05:42:11.71   -03:04:18.9   4.7e-02  6.2e-02	 0.82  0.31	11.4  0.9	  6.0	     2.6     4.4       2.1	  0.9	  2.1	  1.1	     2  					      
 467   054212.0-025034   05:42:12.08   -02:50:34.2   3.7e-02  5.5e-02	 0.41  0.33	 8.9  1.0	  0.4	     1.6     3.5       0.2	  0.6	  2.1	  1.8	     2  					      
 468   054212.8-014815   05:42:12.84   -01:48:15.9   2.9e-02  4.6e-02	 0.04  0.01	30.8  2.2	  0.3	     0.2     0.6       0.1	  0.1	  0.4	 13.5	     1  					      
 469   054213.0-030651   05:42:13.06   -03:06:51.2   2.5e-02  4.2e-02	 0.06  0.03	15.7  1.7	  0.4	     0.4     1.2       0.2	  0.2	  1.0	  8.2	     1  					      
 470   054213.4-013857   05:42:13.41   -01:38:57.1   2.9e-02  4.6e-02	 0.10  0.09	13.6  3.2	  1.1	     0.6     1.4       0.5	  0.3	  1.1	  5.7	     1  					      
 471   054213.9-011618   05:42:13.98   -01:16:18.9   4.4e-02  6.6e-02	 0.05  0.03	18.1  4.2	  0.6	     0.1     0.3       0.2	  0.0	  0.2	 16.0	     1  					      
 472   054214.0-015846   05:42:14.05   -01:58:46.0   2.6e-02  4.4e-02	 0.05  0.02	18.9  4.0	  0.4	     0.3     0.8       0.1	  0.1	  0.7	 11.5	     1  					      
 473   054214.1-020440   05:42:14.16   -02:04:40.3   1.8e-02  3.6e-02	 0.58  0.31	11.6  1.5	  5.9	     5.2    22.0       2.5	  3.2	 27.3	  0.6	     2  					      
 474   054214.2-020739   05:42:14.22   -02:07:39.7   3.3e-02  5.0e-02	 0.17  0.03	16.0  0.9	  1.9	     0.8     1.8       0.7	  0.3	  1.2	  3.9	     2  		    tentative bound	      
 475   054214.4-021624   05:42:14.41   -02:16:24.0   2.9e-02  4.6e-02	 0.03  0.01	17.1  2.9	  0.2	     0.2     0.4       0.1	  0.1	  0.3	 20.5	     1  					      
 476   054214.5-030457   05:42:14.55   -03:04:57.7   3.0e-02  5.0e-02	 0.40  0.22	10.6  1.0	  2.5	     1.9     5.1       1.0	  0.8	  3.7	  1.5	     2  					      
 477   054214.5-021305   05:42:14.56   -02:13:05.2   3.2e-02  5.2e-02	 0.08  0.02	19.1  1.8	  0.8	     0.4     0.9       0.3	  0.2	  0.6	  7.7	     1  					      
 478   054214.8-020354   05:42:14.82   -02:03:54.7   2.7e-02  4.6e-02	 0.25  0.39	12.5  4.2	  1.7	     1.4     3.9       0.7	  0.6	  3.1	  2.2	     2  		    tentative bound	      
 479   054215.3-025943   05:42:15.32   -02:59:43.4   6.1e-02  7.1e-02	 0.16  0.07	17.3  2.2	  1.0	     0.4     0.5       0.3	  0.1	  0.2	  7.5	     1  					      
 480   054215.3-014257   05:42:15.35   -01:42:57.6   2.7e-02  4.5e-02	 0.09  0.05	15.4  2.3	  0.9	     0.5     1.4       0.4	  0.3	  1.1	  6.1	     1  					      
 481   054215.5-020253   05:42:15.57   -02:02:53.8   3.4e-02  4.9e-02	 0.06  0.03	11.0  4.5	  0.6	     0.3     0.6       0.2	  0.1	  0.4	 10.7	     1         no SED fit			      
 482   054216.0-014020   05:42:16.05   -01:40:20.8   1.8e-02  3.8e-02	 0.00  0.01	28.4  4.5	  0.1	     0.0     0.1       0.0	  0.0	  0.1	113.7	     1  					      
 483   054216.0-020445   05:42:16.09   -02:04:45.8   2.4e-02  4.1e-02	 0.36  0.12	14.3  1.3	  4.5	     2.5     7.5       1.9	  1.4	  6.9	  1.3	     2  					      
 484   054216.1-013325   05:42:16.15   -01:33:25.9   4.9e-02  6.1e-02	 1.90  0.31	12.5  0.5	  9.3	     6.1     9.6       3.3	  2.2	  4.3	  0.5	     2  					      
 485   054216.4-020343   05:42:16.41   -02:03:43.2   2.2e-02  4.0e-02	 0.23  0.11	13.5  1.7	  1.7	     1.8     5.7       0.7	  1.0	  5.6	  1.9	     2  					      
 486   054216.9-023600   05:42:16.96   -02:36:00.8   2.9e-02  4.5e-02	 0.04  0.03	15.5  2.6	  0.2	     0.2     0.5       0.1	  0.1	  0.4	 15.1	     1  					      
 487   054217.2-022453   05:42:17.22   -02:24:53.9   2.7e-02  4.6e-02	 0.08  0.05	14.3  2.1	  0.5	     0.5     1.4       0.2	  0.2	  1.1	  6.4	     1  					      
 488   054217.3-020045   05:42:17.35   -02:00:45.2   5.6e-02  6.7e-02	 0.03  0.02	25.0  3.4	  0.1	     0.1     0.1       0.0	  0.0	  0.0	 40.9	     1  					      
 489   054217.5-025741   05:42:17.54   -02:57:41.6   2.7e-02  4.7e-02	 0.09  0.03	14.2  1.2	  1.1	     0.5     1.4       0.4	  0.2	  1.1	  6.1	     1  					      
 490   054218.1-015918   05:42:18.15   -01:59:18.6   4.8e-02  6.3e-02	 0.34  0.14	16.8  2.1	  2.9	     1.0     1.8       1.0	  0.4	  0.8	  2.7	     2  		    tentative bound	      
 491   054218.1-014229   05:42:18.18   -01:42:29.6   6.1e-02  7.1e-02	 0.25  0.06	16.6  1.3	  1.1	     0.6     0.8       0.4	  0.2	  0.3	  4.9	     1  					      
 492   054218.3-012542   05:42:18.31   -01:25:42.6   6.7e-02  7.6e-02	 0.08  0.03	19.1  2.1	  0.5	     0.2     0.2       0.1	  0.0	  0.1	 16.3	     1  					      
 493   054218.3-031109   05:42:18.37   -03:11:09.4   2.9e-02  4.8e-02	 0.08  0.02	19.0  1.8	  0.8	     0.4     1.1       0.3	  0.2	  0.9	  7.2	     1  					      
 494   054218.4-013812   05:42:18.46   -01:38:12.3   3.4e-02  5.1e-02	 0.12  0.06	11.0  4.5	  0.6	     0.6     1.3       0.2	  0.2	  0.8	  5.4	     1         no SED fit			      
 495   054218.6-030505   05:42:18.69   -03:05:05.0   5.2e-02  6.3e-02	 1.30  0.26	11.7  0.5	  7.0	     3.9     5.7       2.4	  1.3	  2.4	  0.8	     2  					      
 496   054218.8-023106   05:42:18.84   -02:31:06.3   2.7e-02  4.4e-02	 0.03  0.02	17.2  2.3	  0.3	     0.2     0.6       0.1	  0.1	  0.4	 15.6	     1  					      
 497   054219.1-020636   05:42:19.17   -02:06:36.2   2.7e-02  4.4e-02	 0.01  0.01	27.7  4.5	  0.2	     0.0     0.1       0.1	  0.0	  0.1	 75.1	     1  					      
 498   054219.2-014008   05:42:19.28   -01:40:08.6   2.2e-02  4.0e-02	 0.01  0.01	20.2  4.5	  0.3	     0.1     0.3       0.1	  0.0	  0.3	 40.4	     1  					      
 499   054219.4-015344   05:42:19.42   -01:53:44.1   3.9e-02  5.4e-02	 0.36  0.17	14.8  2.4	  2.7	     1.5     2.9       1.0	  0.6	  1.6	  2.1	     2  		    tentative bound	      
 500   054219.7-024826   05:42:19.75   -02:48:26.7   3.2e-02  4.8e-02	 0.03  0.02	19.0  3.2	  0.2	     0.1     0.3       0.1	  0.1	  0.2	 21.7	     1  					      
 501   054219.9-025720   05:42:19.96   -02:57:20.4   2.7e-02  4.5e-02	 0.21  0.05	11.7  0.6	  1.7	     1.2     3.4       0.7	  0.6	  2.7	  2.5	     2  		    tentative bound	      
 502   054220.0-021741   05:42:20.08   -02:17:41.3   4.3e-02  5.9e-02	 0.11  0.04	15.7  1.6	  0.8	     0.4     0.7       0.3	  0.1	  0.4	  7.7	     1  					      
 503   054220.1-031231   05:42:20.15   -03:12:31.8   3.6e-02  5.5e-02	 0.04  0.02	22.2  2.7	  0.4	     0.2     0.4       0.1	  0.1	  0.2	 16.8	     1  					      
 504   054220.2-020245   05:42:20.26   -02:02:45.7   2.6e-02  4.3e-02	 0.07  0.04	16.3  2.4	  0.2	     0.5     1.4       0.1	  0.3	  1.2	  6.7	     1  					      
 505   054220.4-015502   05:42:20.43   -01:55:02.1   2.2e-02  4.0e-02	 0.30  0.08	17.2  1.4	  2.9	     2.3     7.5       1.2	  1.3	  7.6	  1.4	     2  					      
 506   054220.6-011619   05:42:20.60   -01:16:19.3   2.8e-02  4.8e-02	 0.19  0.10	11.4  1.4	  1.5	     1.0     2.7       0.6	  0.5	  2.1	  3.0	     2  		    tentative bound	      
 507   054221.1-020533   05:42:21.13   -02:05:33.5   3.2e-02  4.9e-02	 0.04  0.02	18.8  3.7	  0.6	     0.2     0.4       0.2	  0.1	  0.3	 16.6	     1  					      
 508   054221.5-030320   05:42:21.59   -03:03:20.1   2.0e-02  3.8e-02	 0.03  0.02	16.4  3.0	  0.2	     0.2     0.9       0.1	  0.1	  1.0	 13.5	     1  					      
 509   054221.9-030053   05:42:21.99   -03:00:53.9   6.2e-02  7.2e-02	 0.07  0.05	15.7  2.7	  0.3	     0.2     0.2       0.1	  0.1	  0.1	 17.0	     1  					      
 510   054222.0-025657   05:42:22.09   -02:56:57.9   3.1e-02  4.8e-02	 0.24  0.05	12.5  0.6	  2.0	     1.3     3.0       0.8	  0.6	  2.1	  2.5	     2  		    tentative bound	      
 511   054222.1-015406   05:42:22.19   -01:54:06.9   4.1e-02  5.7e-02	 0.61  0.28	12.8  1.9	  5.4	     2.2     4.3       2.0	  0.8	  2.3	  1.3	     2  					      
 512   054222.2-020643   05:42:22.21   -02:06:43.0   2.9e-02  4.6e-02	 0.01  0.01	24.8  4.5	  0.2	     0.1     0.1       0.1	  0.0	  0.1	 57.2	     1  					      
 513   054222.2-015022   05:42:22.27   -01:50:22.0   3.6e-02  5.6e-02	 0.04  0.01	30.1  3.0	  0.4	     0.1     0.3       0.1	  0.1	  0.2	 19.1	     1  					      
 514   054222.3-020820   05:42:22.32   -02:08:20.2   2.6e-02  4.3e-02	 0.11  0.03	14.6  0.9	  1.3	     0.7     2.0       0.5	  0.4	  1.7	  4.5	     2  		    tentative bound	      
 515   054222.5-015831   05:42:22.53   -01:58:31.6   3.8e-02  5.7e-02	 0.02  0.03	22.6  4.5	  0.3	     0.1     0.2       0.1	  0.0	  0.1	 30.3	     1  					      
 516   054222.6-022158   05:42:22.60   -02:21:58.2   2.6e-02  4.4e-02	 0.02  0.01	20.9  2.5	  0.2	     0.1     0.3       0.1	  0.0	  0.2	 32.4	     1  					      
 517   054222.8-021438   05:42:22.87   -02:14:38.7   4.8e-02  6.2e-02	 0.05  0.02	17.9  2.0	  0.4	     0.2     0.3       0.1	  0.1	  0.1	 17.6	     1  					      
 518   054222.9-013507   05:42:22.97   -01:35:07.8   3.2e-02  5.0e-02	 0.39  0.17	12.5  1.4	  3.8	     1.9     4.6       1.5	  0.8	  3.2	  1.6	     2  					      
 519   054223.5-013337   05:42:23.54   -01:33:37.7   2.7e-02  4.4e-02	 1.22  0.30	10.0  0.6	  7.2	     7.6    20.0       2.9	  3.8	 16.3	  0.4	     2  					      
 520   054223.5-015606   05:42:23.56   -01:56:06.6   4.9e-02  6.5e-02	 0.04  0.03	24.1  4.5	  0.7	     0.1     0.2       0.2	  0.0	  0.1	 21.7	     1  					      
 521   054223.8-021830   05:42:23.83   -02:18:30.9   4.9e-02  6.6e-02	 0.07  0.06	16.1  3.9	  0.4	     0.2     0.3       0.1	  0.1	  0.2	 13.9	     1  					      
 522   054224.2-015124   05:42:24.29   -01:51:24.6   4.7e-02  5.9e-02	 0.09  0.06	19.2  4.5	  0.9	     0.3     0.5       0.3	  0.1	  0.2	 10.4	     1  					      
 523   054225.3-020430   05:42:25.31   -02:04:30.2   2.9e-02  4.8e-02	 0.49  0.09	15.7  0.9	  4.7	     2.6     6.8       1.9	  1.2	  5.1	  1.2	     2  					      
 524   054225.3-020612   05:42:25.37   -02:06:12.0   2.4e-02  4.1e-02	 0.49  0.09	13.8  0.6	  4.6	     3.5    10.5       1.9	  1.9	  9.7	  0.9	     2  					      
 525   054225.4-030335   05:42:25.40   -03:03:35.9   6.6e-02  7.5e-02	 0.32  0.31	11.1  2.1	  1.3	     0.7     0.9       0.4	  0.2	  0.3	  4.1	     1  					      
 526   054225.4-015558   05:42:25.46   -01:55:58.7   2.0e-02  3.8e-02	 0.03  0.01	21.6  3.8	  0.3	     0.2     0.9       0.1	  0.1	  1.0	 12.7	     1  					      
 527   054225.5-015917   05:42:25.54   -01:59:17.9   7.9e-02  8.7e-02	 0.25  0.16	18.0  4.5	  2.3	     0.4     0.5       0.7	  0.1	  0.1	  6.3	     1  					      
 528   054225.8-012104   05:42:25.87   -01:21:04.0   1.9e-02  3.8e-02	 0.03  0.03	16.3  4.2	  0.8	     0.2     0.8       0.3	  0.1	  0.9	 14.7	     1  					      
 529   054225.8-020335   05:42:25.89   -02:03:35.7   2.4e-02  4.1e-02	 0.01  0.01	29.3  4.5	  0.2	     0.0     0.1       0.1	  0.0	  0.1	 88.4	     1  					      
 530   054225.9-020829   05:42:25.94   -02:08:29.0   5.9e-02  6.9e-02	 0.13  0.06	15.8  2.4	  1.0	     0.3     0.4       0.3	  0.1	  0.2	  9.0	     1  					      
 531   054227.0-015250   05:42:27.06   -01:52:50.3   3.0e-02  4.9e-02	 0.06  0.03	18.6  4.2	  0.8	     0.3     0.8       0.3	  0.1	  0.6	 10.2	     1  					      
 532   054227.4-025226   05:42:27.49   -02:52:26.4   8.9e-02  9.7e-02	 0.17  0.06	18.9  2.0	  0.7	     0.2     0.3       0.2	  0.0	  0.1	 10.4	     1  					      
 533   054227.5-022231   05:42:27.52   -02:22:31.4   7.3e-02  8.3e-02	 0.10  0.03	19.1  2.0	  0.6	     0.2     0.2       0.2	  0.0	  0.1	 14.2	     1  					      
 534   054227.7-013202   05:42:27.77   -01:32:02.2   3.3e-02  5.3e-02	 0.02  0.01	23.6  3.5	  0.2	     0.1     0.2       0.1	  0.0	  0.1	 32.5	     1  					      
 535   054227.8-012003   05:42:27.81   -01:20:03.0   2.0e-02  3.9e-02	 2.27  0.48	16.1  1.1	 20.6	    18.0    64.6       8.7	 10.2	 69.4	  0.2	     3  					      
 536   054227.9-015654   05:42:27.93   -01:56:54.6   2.1e-02  3.9e-02	 0.05  0.02	21.1  2.7	  0.6	     0.4     1.5       0.3	  0.2	  1.5	  7.7	     1  					      
 537   054228.0-020936   05:42:28.02   -02:09:36.0   3.0e-02  4.6e-02	 0.15  0.06	14.6  1.8	  1.4	     0.9     2.1       0.5	  0.4	  1.6	  3.8	     2  		    tentative bound	      
 538   054228.4-015838   05:42:28.43   -01:58:38.4   2.6e-02  4.5e-02	 0.26  0.36	11.4  2.3	  1.5	     1.5     4.6       0.6	  0.8	  3.9	  1.9	     2  					      
 539   054228.7-020459   05:42:28.74   -02:04:59.4   3.5e-02  5.2e-02	 0.52  0.09	14.9  0.8	  4.6	     2.2     5.2       1.7	  0.9	  3.3	  1.3	     2  					      
 540   054230.1-020639   05:42:30.14   -02:06:39.0   3.4e-02  5.2e-02	 0.23  0.09	13.0  1.3	  1.9	     1.0     2.3       0.7	  0.4	  1.5	  2.9	     2  		    tentative bound	      
 541   054230.5-014843   05:42:30.58   -01:48:43.3   3.4e-02  5.2e-02	 0.04  0.01	26.3  1.8	  0.3	     0.2     0.4       0.1	  0.1	  0.3	 17.1	     1  					      
 542   054230.9-012047   05:42:30.98   -01:20:47.5   3.5e-02  5.3e-02	12.45  2.65	 9.0  0.4	 77.7	    52.4   122.5      29.2	 21.6	 77.3	  0.1	     2  					      
 543   054231.0-024648   05:42:31.09   -02:46:48.0   4.0e-02  5.4e-02	 0.16  0.08	11.0  4.5	  0.5	     0.6     1.2       0.2	  0.3	  0.6	  5.0	     1         no SED fit			      
 544   054231.4-012224   05:42:31.43   -01:22:24.3   2.3e-02  4.0e-02	 0.39  0.24	10.9  1.2	  4.6	     2.9     9.1       1.9	  1.6	  8.8	  1.1	     2  					      
 545   054231.4-025020   05:42:31.49   -02:50:20.5   7.5e-02  8.8e-02	 0.10  0.04	20.4  2.3	  0.4	     0.2     0.2       0.1	  0.0	  0.1	 15.0	     1  					      
 546   054232.3-021215   05:42:32.39   -02:12:15.1   3.1e-02  4.8e-02	 0.05  0.03	16.0  2.0	  0.6	     0.3     0.7       0.2	  0.1	  0.5	 11.3	     1  					      
 547   054233.1-012539   05:42:33.18   -01:25:39.7   3.5e-02  5.3e-02	 3.41  0.60	10.9  0.4	 21.3	    14.6    32.7       8.0	  6.1	 20.3	  0.2	     2  					      
 548   054233.4-020409   05:42:33.40   -02:04:09.7   3.2e-02  4.9e-02	 0.26  0.12	13.1  1.8	  2.2	     1.3     2.9       0.9	  0.6	  2.0	  2.5	     2  		    tentative bound	      
 549   054233.4-011447   05:42:33.46   -01:14:47.4   3.7e-02  5.3e-02	 0.13  0.06	12.7  1.2	  1.0	     0.6     1.1       0.4	  0.2	  0.7	  5.6	     1  					      
 550   054233.6-020236   05:42:33.63   -02:02:36.4   2.6e-02  4.5e-02	 0.01  0.01	24.9  4.5	  0.1	     0.0     0.1       0.0	  0.0	  0.1	 64.2	     1  					      
 551   054234.4-011930   05:42:34.42   -01:19:30.8   3.3e-02  5.0e-02	 0.06  0.06	15.4  3.8	  0.7	     0.3     0.6       0.3	  0.1	  0.4	 11.6	     1  					      
 552   054235.2-020858   05:42:35.25   -02:08:58.5   3.0e-02  4.9e-02	 0.07  0.05	15.0  3.2	  0.6	     0.4     1.0       0.2	  0.2	  0.7	  7.9	     1  					      
 553   054235.9-020646   05:42:35.90   -02:06:46.9   3.5e-02  5.3e-02	 0.17  0.05	15.0  1.0	  2.2	     0.7     1.6       0.8	  0.3	  1.0	  4.2	     2  		    tentative bound	      
 554   054235.9-020450   05:42:35.95   -02:04:50.6   2.6e-02  4.4e-02	 1.02  0.19	11.7  0.5	  7.5	     6.1    17.4       3.0	  3.0	 14.5	  0.5	     2  					      
 555   054236.0-013351   05:42:36.00   -01:33:51.6   2.0e-02  3.8e-02	 0.08  0.04	14.1  1.8	  0.7	     0.6     2.4       0.3	  0.4	  2.6	  5.0	     1  					      
 556   054236.2-011549   05:42:36.25   -01:15:49.2   3.0e-02  4.8e-02	 0.20  0.07	11.3  0.8	  2.2	     1.1     2.6       0.9	  0.5	  1.9	  3.0	     2  		    tentative bound	      
 557   054236.3-015649   05:42:36.34   -01:56:49.6   8.1e-02  8.9e-02	 0.72  0.16	18.7  1.5	  2.8	     1.1     1.3       0.8	  0.3	  0.3	  2.2	     2  		    tentative bound	      
 558   054237.0-020458   05:42:37.02   -02:04:58.4   2.6e-02  4.3e-02	 0.75  0.14	11.2  0.4	  3.6	     4.8    13.1       1.5	  2.5	 11.1	  0.7	     2  					      
 559   054237.4-012249   05:42:37.40   -01:22:49.2   2.9e-02  4.6e-02	 0.22  0.12	11.8  1.4	  2.3	     1.3     3.1       0.9	  0.6	  2.3	  2.6	     2  		    tentative bound	      
 560   054238.2-020412   05:42:38.28   -02:04:12.5   3.2e-02  4.9e-02	 0.88  0.19	13.0  0.7	  8.0	     4.3    10.4       3.1	  1.9	  7.2	  0.7	     2  					      
 561   054238.8-022815   05:42:38.83   -02:28:15.5   7.1e-02  8.1e-02	 0.30  0.12	13.2  1.2	  1.3	     0.6     0.7       0.4	  0.2	  0.2	  4.6	     1  					      
 562   054238.8-011827   05:42:38.84   -01:18:27.9   8.6e-02  9.5e-02	 1.14  0.20	12.5  1.6	  3.7	     1.5     1.8       1.0	  0.3	  0.5	  1.5	     2  					      
 563   054239.1-013158   05:42:39.10   -01:31:58.9   3.0e-02  4.7e-02	 0.13  0.06	13.1  1.2	  0.5	     0.7     1.6       0.2	  0.3	  1.2	  4.8	     1  					      
 564   054239.2-024332   05:42:39.21   -02:43:32.7   3.2e-02  4.9e-02	 0.05  0.02	17.2  1.8	  0.2	     0.2     0.5       0.1	  0.1	  0.4	 13.6	     1  					      
 565   054239.2-022649   05:42:39.27   -02:26:49.7   3.4e-02  5.1e-02	 0.08  0.03	17.3  1.9	  0.7	     0.3     0.8       0.3	  0.1	  0.5	  8.7	     1  					      
 566   054239.3-023149   05:42:39.30   -02:31:49.1   5.2e-02  6.6e-02	 0.10  0.03	16.2  1.3	  0.7	     0.3     0.4       0.2	  0.1	  0.2	 10.0	     1  					      
 567   054239.3-012102   05:42:39.31   -01:21:02.6   3.1e-02  4.8e-02	 0.25  0.13	11.6  1.2	  3.2	     1.3     3.0       1.2	  0.6	  2.1	  2.5	     2  		    tentative bound	      
 568   054239.3-011428   05:42:39.34   -01:14:28.0   3.5e-02  5.2e-02	 0.07  0.02	15.7  1.3	  0.8	     0.3     0.7       0.3	  0.1	  0.4	 10.3	     1  					      
 569   054239.7-013337   05:42:39.79   -01:33:37.7   6.4e-02  7.8e-02	 0.49  0.09	13.9  0.7	  1.6	     1.0     1.4       0.5	  0.3	  0.5	  2.6	     2  		    tentative bound	      
 570   054240.0-015505   05:42:40.04   -01:55:05.2   5.2e-02  6.6e-02	 0.55  0.14	14.8  1.0	  2.6	     1.5     2.4       0.9	  0.5	  1.0	  1.9	     2  					      
 571   054240.1-011510   05:42:40.14   -01:15:10.6   2.5e-02  4.2e-02	 0.04  0.04	13.5  2.7	  0.4	     0.3     0.8       0.2	  0.1	  0.7	 12.0	     1  					      
 572   054240.8-012000   05:42:40.80   -01:20:00.5   2.8e-02  4.5e-02	 0.04  0.03	14.5  2.2	  0.6	     0.2     0.6       0.3	  0.1	  0.5	 13.4	     1  					      
 573   054241.4-022806   05:42:41.49   -02:28:06.9   3.9e-02  5.3e-02	 0.13  0.08	12.4  1.4	  0.7	     0.6     1.0       0.3	  0.2	  0.6	  5.8	     1  					      
 574   054241.6-015626   05:42:41.63   -01:56:26.1   3.2e-02  4.9e-02	 0.17  0.11	14.7  2.5	  1.2	     0.9     2.0       0.5	  0.4	  1.4	  3.6	     2  		    tentative bound	      
 575   054241.6-015922   05:42:41.66   -01:59:22.5   3.7e-02  5.6e-02	 0.05  0.03	18.7  2.7	  0.5	     0.2     0.4       0.2	  0.1	  0.3	 14.3	     1  					      
 576   054241.8-011743   05:42:41.88   -01:17:43.7   3.7e-02  5.5e-02	 0.33  0.13	14.1  1.2	  3.0	     1.3     2.8       1.1	  0.5	  1.7	  2.2	     2  		    tentative bound	      
 577   054243.0-024325   05:42:43.01   -02:43:25.5   2.7e-02  4.6e-02	 0.15  0.07	11.0  4.5	  0.6	     0.8     2.3       0.2	  0.4	  1.9	  3.7	     2         no SED fit   tentative bound	      
 578   054243.1-024845   05:42:43.14   -02:48:45.6   3.7e-02  5.6e-02	 0.13  0.04	13.5  1.0	  1.0	     0.5     1.2       0.4	  0.2	  0.7	  5.4	     1  					      
 579   054243.1-020745   05:42:43.16   -02:07:45.0   4.6e-02  5.9e-02	 1.48  0.26	11.9  0.5	 10.6	     5.1     8.3       3.8	  1.9	  3.9	  0.6	     2  					      
 580   054243.4-012212   05:42:43.44   -01:22:12.4   1.8e-02  3.5e-02	 0.12  0.05	12.5  0.9	  1.3	     1.2     4.7       0.6	  0.7	  5.8	  2.8	     2  		    tentative bound	      
 581   054243.4-020108   05:42:43.46   -02:01:08.6   4.5e-02  6.2e-02	 0.06  0.05	16.6  2.8	  0.4	     0.2     0.4       0.1	  0.1	  0.2	 13.9	     1  					      
 582   054243.6-023054   05:42:43.67   -02:30:54.3   3.3e-02  5.0e-02	 0.21  0.11	11.0  4.5	  0.8	     1.0     2.3       0.3	  0.4	  1.5	  3.1	     2         no SED fit   tentative bound	      
 583   054243.8-023757   05:42:43.88   -02:37:57.4   2.6e-02  4.3e-02	 0.13  0.06	11.0  4.5	  0.6	     0.8     2.3       0.2	  0.4	  2.0	  3.9	     2         no SED fit   tentative bound	      
 584   054243.9-023847   05:42:43.96   -02:38:47.2   2.7e-02  4.4e-02	 0.12  0.06	11.0  4.5	  0.5	     0.7     2.0       0.2	  0.4	  1.7	  4.3	     2         no SED fit   tentative bound	      
 585   054244.0-012241   05:42:44.01   -01:22:41.4   5.4e-02  6.5e-02	 0.45  0.08	14.6  0.8	  3.6	     1.3     1.8       1.2	  0.4	  0.7	  2.4	     2  		    tentative bound	      
 586   054244.0-022939   05:42:44.03   -02:29:39.5   4.0e-02  6.0e-02	 0.51  0.13	11.7  0.7	  1.9	     1.7     3.7       0.7	  0.6	  2.0	  1.6	     2  					      
 587   054244.0-011745   05:42:44.07   -01:17:45.3   1.8e-02  3.7e-02	 0.19  0.11	11.6  1.0	  2.5	     1.7     7.4       1.1	  1.0	  9.2	  1.8	     2  					      
 588   054244.2-012120   05:42:44.22   -01:21:20.6   3.0e-02  4.9e-02	 0.09  0.06	13.4  1.6	  0.5	     0.4     1.1       0.2	  0.2	  0.8	  6.9	     1  					      
 589   054245.0-020425   05:42:45.09   -02:04:25.0   2.5e-02  4.2e-02	 0.02  0.02	18.7  3.7	  0.3	     0.2     0.5       0.1	  0.1	  0.4	 20.4	     1  					      
 590   054245.1-020811   05:42:45.19   -02:08:11.8   2.6e-02  4.3e-02	 2.04  0.38	10.3  0.4	 13.5	    13.3    36.2       5.5	  6.8	 30.7	  0.3	     2  					      
 591   054245.2-015944   05:42:45.23   -01:59:44.1   5.0e-02  6.5e-02	 0.24  0.12	15.3  2.3	  2.0	     0.7     1.1       0.7	  0.2	  0.5	  4.1	     1  					      
 592   054245.2-015403   05:42:45.24   -01:54:03.9   1.2e-01  1.2e-01	 0.27  0.12	21.1  3.4	  0.9	     0.2     0.2       0.2	  0.0	  0.0	  8.4	     1  					      
 593   054245.4-011616   05:42:45.43   -01:16:16.1   2.1e-02  3.9e-02	 3.95  0.79	12.5  0.6	 31.7	    30.6   109.5      13.3	 17.1	115.9	  0.1	     3  					      
 594   054245.7-015333   05:42:45.71   -01:53:33.8   1.8e-02  3.6e-02	 0.04  0.06	15.1  4.5	  0.7	     0.4     1.4       0.3	  0.2	  1.8	  9.2	     1  					      
 595   054245.7-020611   05:42:45.78   -02:06:11.4   2.6e-02  4.3e-02	 0.05  0.04	14.8  2.7	  0.6	     0.3     0.8       0.2	  0.2	  0.7	 11.2	     1  					      
 596   054246.1-020330   05:42:46.19   -02:03:30.3   2.6e-02  4.3e-02	 0.03  0.02	19.4  4.5	  0.3	     0.2     0.5       0.1	  0.1	  0.4	 17.4	     1  					      
 597   054246.7-025523   05:42:46.75   -02:55:23.6   3.2e-02  4.8e-02	 0.03  0.02	20.5  4.5	  0.4	     0.1     0.3       0.2	  0.1	  0.2	 23.7	     1  					      
 598   054247.0-012137   05:42:47.06   -01:21:37.3   2.9e-02  4.6e-02	 0.08  0.04	14.8  1.5	  0.5	     0.5     1.2       0.2	  0.2	  0.9	  6.9	     1  					      
 599   054247.2-020213   05:42:47.23   -02:02:13.6   4.0e-02  5.9e-02	 0.22  0.08	15.3  1.5	  1.8	     0.8     1.6       0.6	  0.3	  0.9	  3.6	     2  		    tentative bound	      
 600   054247.4-015537   05:42:47.46   -01:55:37.3   3.6e-02  5.4e-02	 0.06  0.05	18.6  4.5	  0.3	     0.2     0.5       0.1	  0.1	  0.3	 12.5	     1  					      
 601   054247.6-012456   05:42:47.65   -01:24:56.6   3.3e-02  5.1e-02	 0.21  0.05	13.5  0.9	  2.3	     0.9     2.3       0.9	  0.4	  1.5	  3.1	     2  		    tentative bound	      
 602   054248.3-020849   05:42:48.35   -02:08:49.8   2.7e-02  4.5e-02	 1.53  0.28	11.9  0.5	 12.6	     8.8    24.8       5.0	  4.3	 20.1	  0.3	     2  					      
 603   054248.6-020500   05:42:48.64   -02:05:00.0   2.6e-02  4.4e-02	 0.39  0.08	14.8  0.9	  3.8	     2.4     7.0       1.5	  1.2	  6.0	  1.3	     2  					      
 604   054248.6-011630   05:42:48.68   -01:16:30.1   3.9e-02  5.4e-02	 2.14  0.65	 9.7  0.7	 19.4	     8.8    16.4       7.2	  3.6	  9.2	  0.4	     2  					      
 605   054249.3-015624   05:42:49.31   -01:56:24.1   3.0e-02  4.9e-02	 0.03  0.02	21.0  4.5	  0.4	     0.2     0.4       0.2	  0.1	  0.3	 17.5	     1  					      
 606   054250.8-020100   05:42:50.80   -02:01:00.6   3.8e-02  5.7e-02	 0.16  0.10	14.1  2.5	  1.0	     0.6     1.3       0.4	  0.2	  0.8	  4.7	     1  					      
 607   054251.2-020233   05:42:51.24   -02:02:33.5   5.0e-02  6.2e-02	 0.66  0.18	16.0  1.4	  3.0	     2.0     3.1       1.0	  0.7	  1.3	  1.5	     2  					      
 608   054251.6-011809   05:42:51.60   -01:18:09.7   3.2e-02  5.1e-02	 0.32  0.10	12.8  0.9	  3.5	     1.5     3.8       1.3	  0.6	  2.6	  2.0	     2  					      
 609   054251.6-013942   05:42:51.68   -01:39:42.6   2.4e-02  4.1e-02	 0.02  0.01	17.5  1.8	  0.1	     0.1     0.4       0.1	  0.1	  0.4	 22.8	     1  					      
 610   054252.1-012009   05:42:52.15   -01:20:09.8   3.6e-02  5.4e-02	 0.13  0.05	13.2  1.0	  1.2	     0.5     1.2       0.4	  0.2	  0.8	  5.4	     1  					      
 611   054252.1-025404   05:42:52.15   -02:54:04.5   4.2e-02  5.7e-02	 0.17  0.06	16.2  1.5	  1.2	     0.6     1.1       0.4	  0.2	  0.6	  4.9	     1  					      
 612   054252.1-015439   05:42:52.19   -01:54:39.4   5.6e-02  6.8e-02	 0.24  0.12	11.0  4.5	  1.8	     0.6     0.9       0.6	  0.2	  0.4	  4.5	     1         no SED fit			      
 613   054252.3-011601   05:42:52.32   -01:16:01.6   4.1e-02  5.5e-02	 0.31  0.17	11.9  1.1	  5.3	     1.2     2.1       2.0	  0.5	  1.1	  2.6	     2  		    tentative bound	      
 614   054252.4-020528   05:42:52.46   -02:05:28.9   2.4e-02  4.1e-02	 0.28  0.13	12.6  1.3	  2.4	     2.0     5.7       1.0	  1.0	  5.2	  1.7	     2  					      
 615   054253.1-014806   05:42:53.19   -01:48:06.2   3.9e-02  5.9e-02	 0.14  0.06	16.1  2.2	  1.1	     0.5     1.1       0.4	  0.2	  0.6	  5.3	     1  					      
 616   054253.2-015905   05:42:53.20   -01:59:05.9   2.7e-02  4.4e-02	 0.13  0.04	15.6  1.3	  1.4	     0.8     2.1       0.5	  0.4	  1.7	  4.1	     2  		    tentative bound	      
 617   054253.3-011521   05:42:53.30   -01:15:21.2   2.1e-02  3.9e-02	 0.27  0.19	10.4  1.1	  4.7	     2.1     7.6       2.0	  1.2	  8.1	  1.5	     2  					      
 618   054253.7-013453   05:42:53.73   -01:34:53.9   2.7e-02  4.3e-02	 0.06  0.02	16.5  1.2	  0.7	     0.4     1.1       0.3	  0.2	  0.9	  8.3	     1  					      
 619   054253.7-025634   05:42:53.77   -02:56:34.7   1.8e-02  3.5e-02	 0.09  0.04	11.0  4.5	  0.4	     0.8     3.2       0.2	  0.5	  4.0	  4.1	     2         no SED fit   tentative bound	      
 620   054253.9-014154   05:42:53.95   -01:41:54.7   2.4e-02  4.3e-02	 0.17  0.08	11.0  4.5	  0.6	     1.1     3.4       0.3	  0.6	  3.1	  2.8	     2         no SED fit   tentative bound	      
 621   054254.7-013632   05:42:54.74   -01:36:32.6   3.0e-02  4.8e-02	 0.88  0.16	12.0  0.5	  7.1	     4.6    11.4       2.8	  2.1	  8.3	  0.7	     2  					      
 622   054255.0-020546   05:42:55.02   -02:05:46.9   3.1e-02  5.0e-02	 0.31  0.09	14.6  1.1	  3.3	     1.5     3.8       1.3	  0.6	  2.7	  2.0	     2  					      
 623   054255.0-011547   05:42:55.09   -01:15:47.4   2.6e-02  4.4e-02	 0.18  0.09	11.0  4.5	  3.0	     1.1     3.1       1.2	  0.5	  2.6	  2.9	     2         no SED fit   tentative bound	      
 624   054255.2-015724   05:42:55.27   -01:57:24.5   3.8e-02  5.5e-02	 0.30  0.09	14.9  1.3	  2.4	     1.2     2.4       0.9	  0.5	  1.4	  2.5	     2  		    tentative bound	      
 625   054255.6-013807   05:42:55.63   -01:38:07.7   3.3e-02  5.0e-02	 0.04  0.02	18.7  2.6	  0.4	     0.2     0.4       0.1	  0.1	  0.3	 16.3	     1  					      
 626   054256.1-015404   05:42:56.10   -01:54:04.4   3.4e-02  5.2e-02	 0.05  0.02	20.8  3.1	  0.6	     0.2     0.5       0.2	  0.1	  0.3	 13.3	     1  					      
 627   054256.1-020642   05:42:56.12   -02:06:42.7   3.4e-02  5.1e-02	 0.19  0.10	13.2  1.5	  1.4	     0.9     2.0       0.5	  0.4	  1.3	  3.5	     2  		    tentative bound	      
 628   054257.4-014409   05:42:57.42   -01:44:09.7   4.0e-02  5.5e-02	 0.06  0.03	18.1  3.0	  0.6	     0.2     0.4       0.2	  0.1	  0.2	 14.2	     1  					      
 629   054257.5-013426   05:42:57.57   -01:34:26.5   2.8e-02  4.7e-02	 0.26  0.06	13.2  0.8	  1.8	     1.4     3.8       0.7	  0.6	  2.9	  2.2	     2  		    tentative bound	      
 630   054257.7-020123   05:42:57.70   -02:01:23.9   6.8e-02  7.8e-02	 0.39  0.13	15.0  1.3	  2.1	     0.8     1.0       0.6	  0.2	  0.3	  3.5	     2  		    tentative bound	      
 631   054257.9-011529   05:42:57.98   -01:15:29.5   2.6e-02  4.5e-02	 0.08  0.05	14.2  1.8	  1.4	     0.5     1.3       0.6	  0.2	  1.1	  6.7	     1  					      
 632   054258.0-030307   05:42:58.01   -03:03:07.1   8.9e-02  9.7e-02	 0.08  0.02	23.8  2.7	  0.3	     0.1     0.1       0.1	  0.0	  0.0	 23.3	     1  					      
 633   054258.4-030608   05:42:58.49   -03:06:08.2   9.9e-02  1.1e-01	 0.53  0.14	14.6  1.2	  1.2	     0.6     0.6       0.3	  0.1	  0.1	  3.7	     1  					      
 634   054258.9-004018   05:42:58.92   -00:40:18.8   4.0e-02  5.8e-02	 0.16  0.03	13.8  0.8	  1.3	     0.6     1.2       0.5	  0.2	  0.7	  4.9	     1  					      
 635   054259.7-014213   05:42:59.72   -01:42:13.8   5.5e-02  6.6e-02	 0.07  0.05	19.0  4.0	  0.3	     0.2     0.3       0.1	  0.1	  0.1	 15.5	     1  					      
 636   054259.9-013222   05:42:59.92   -01:32:22.5   3.0e-02  4.6e-02	 0.06  0.02	18.6  1.6	  0.7	     0.3     0.8       0.3	  0.2	  0.6	  9.5	     1  					      
 637   054300.0-012342   05:43:00.06   -01:23:42.9   3.2e-02  5.1e-02	 0.06  0.03	15.5  2.1	  0.5	     0.3     0.6       0.2	  0.1	  0.4	 11.3	     1  					      
 638   054300.6-025207   05:43:00.62   -02:52:07.2   2.7e-02  4.6e-02	 0.17  0.04	12.8  0.7	  1.4	     0.9     2.7       0.6	  0.4	  2.2	  3.2	     2  		    tentative bound	      
 639   054300.8-011450   05:43:00.87   -01:14:50.4   2.5e-02  4.3e-02	 0.31  0.24	10.5  1.6	  4.6	     2.0     5.9       1.9	  1.0	  5.1	  1.6	     2  					      
 640   054301.2-025917   05:43:01.22   -02:59:17.5   3.4e-02  5.1e-02	 0.04  0.01	17.2  1.4	  0.4	     0.2     0.4       0.1	  0.1	  0.3	 16.2	     1  					      
 641   054301.5-020232   05:43:01.51   -02:02:32.5   3.0e-02  4.7e-02	 0.05  0.03	15.9  2.3	  0.5	     0.3     0.7       0.2	  0.1	  0.5	 11.7	     1  					      
 642   054301.5-012915   05:43:01.52   -01:29:15.4   3.4e-02  5.2e-02	 0.03  0.02	19.4  2.7	  0.2	     0.1     0.3       0.1	  0.1	  0.2	 21.7	     1  					      
 643   054301.6-025719   05:43:01.64   -02:57:19.4   2.7e-02  4.4e-02	 0.12  0.03	16.0  1.3	  1.4	     0.7     1.8       0.5	  0.3	  1.4	  4.7	     1  					      
 644   054301.7-025537   05:43:01.72   -02:55:37.8   4.8e-02  6.0e-02	 0.13  0.05	15.5  1.5	  0.8	     0.4     0.7       0.3	  0.2	  0.3	  7.5	     1  					      
 645   054302.1-025234   05:43:02.19   -02:52:34.9   4.3e-02  5.6e-02	 0.17  0.04	16.1  1.1	  1.3	     0.6     1.1       0.5	  0.3	  0.6	  4.9	     1  					      
 646   054302.3-025629   05:43:02.37   -02:56:29.4   1.1e-01  1.1e-01	 0.60  0.17	13.7  1.0	  1.8	     0.6     0.6       0.4	  0.1	  0.1	  3.5	     1  					      
 647   054302.8-011625   05:43:02.80   -01:16:25.9   2.4e-02  4.1e-02	 1.77  0.88	11.0  4.5	  9.5	    12.4    36.7       3.9	  6.6	 33.7	  0.3	     3         no SED fit			      
 648   054303.5-015826   05:43:03.59   -01:58:26.5   5.9e-02  6.9e-02	 1.20  0.23	14.0  0.7	  5.4	     3.0     4.1       1.8	  0.9	  1.5	  1.0	     2  					      
 649   054303.8-011306   05:43:03.89   -01:13:06.2   3.9e-02  5.7e-02	 0.02  0.02	20.1  4.1	  0.2	     0.1     0.2       0.1	  0.0	  0.1	 35.7	     1  					      
 650   054304.1-011553   05:43:04.18   -01:15:53.5   2.4e-02  4.1e-02	 2.45  1.22	11.0  4.5	 12.8	    17.1    50.0       5.3	  9.1	 45.5	  0.2	     2         no SED fit			      
 651   054304.7-020212   05:43:04.70   -02:02:12.1   4.3e-02  5.8e-02	 0.14  0.15	13.1  3.5	  1.1	     0.5     0.9       0.4	  0.2	  0.5	  5.9	     1  					      
 652   054304.8-011720   05:43:04.85   -01:17:20.7   3.0e-02  4.9e-02	 1.04  0.27	11.0  0.5	 10.0	     5.2    14.0       3.9	  2.3	 10.4	  0.6	     2  					      
 653   054304.9-012402   05:43:04.94   -01:24:02.8   3.5e-02  5.5e-02	 0.18  0.09	12.0  1.4	  1.0	     0.7     1.8       0.4	  0.3	  1.1	  3.8	     2  		    tentative bound	      
 654   054305.1-011845   05:43:05.10   -01:18:45.9   3.1e-02  4.9e-02	 1.64  0.82	11.0  4.5	 14.6	     8.0    19.6       5.7	  3.6	 13.7	  0.4	     2         no SED fit			      
 655   054305.3-031917   05:43:05.34   -03:19:17.8   4.9e-02  6.2e-02	 0.14  0.04	18.2  1.6	  1.2	     0.4     0.7       0.4	  0.2	  0.3	  6.9	     1  					      
 656   054305.9-011556   05:43:05.91   -01:15:56.0   1.8e-02  3.5e-02	 1.93  0.96	11.0  4.5	 10.2	    18.4    73.6       4.4	 11.4	 91.4	  0.2	     3         no SED fit			      
 657   054306.2-012109   05:43:06.26   -01:21:09.5   4.6e-02  5.8e-02	 0.11  0.05	16.6  1.9	  0.9	     0.4     0.6       0.3	  0.1	  0.3	  7.9	     1  					      
 658   054306.3-020631   05:43:06.30   -02:06:31.8   3.1e-02  4.7e-02	 0.45  0.10	13.1  0.8	  4.2	     2.4     5.7       1.6	  1.1	  4.1	  1.3	     2  					      
 659   054306.3-011500   05:43:06.37   -01:15:00.2   5.6e-02  6.7e-02	 1.84  0.92	 9.9  0.8	 10.2	     4.8     7.1       3.4	  1.6	  2.8	  0.6	     2  					      
 660   054307.0-012426   05:43:07.05   -01:24:26.5   5.7e-02  6.8e-02	 0.36  0.10	14.2  0.9	  1.3	     0.9     1.3       0.4	  0.3	  0.5	  3.1	     2  		    tentative bound	      
 661   054308.2-015850   05:43:08.29   -01:58:50.3   5.1e-02  6.8e-02	 0.76  0.37	11.2  1.2	  4.8	     2.0     3.4       1.6	  0.6	  1.5	  1.3	     2  					      
 662   054308.2-032105   05:43:08.29   -03:21:05.7   3.6e-02  5.4e-02	 0.04  0.03	19.8  4.3	  0.2	     0.2     0.3       0.1	  0.1	  0.2	 19.0	     1  					      
 663   054308.8-012208   05:43:08.87   -01:22:08.1   6.5e-02  7.5e-02	 0.14  0.07	16.7  2.3	  1.1	     0.3     0.4       0.3	  0.1	  0.1	  9.3	     1  					      
 664   054309.5-020937   05:43:09.51   -02:09:37.0   3.1e-02  5.0e-02	 0.56  0.25	10.7  0.9	  4.0	     2.7     6.9       1.5	  1.2	  4.9	  1.1	     2  					      
 665   054309.6-011156   05:43:09.63   -01:11:56.4   5.9e-02  6.9e-02	 0.36  0.12	12.6  1.0	  2.6	     0.9     1.2       0.8	  0.3	  0.5	  3.2	     2  		    tentative bound	      
 666   054310.3-020230   05:43:10.37   -02:02:30.4   3.2e-02  5.2e-02	 0.08  0.06	15.9  3.3	  0.7	     0.4     1.0       0.3	  0.2	  0.7	  7.5	     1  					      
 667   054310.5-011744   05:43:10.50   -01:17:44.4   4.6e-02  6.3e-02	 0.06  0.04	15.3  2.4	  0.3	     0.2     0.4       0.1	  0.1	  0.2	 14.4	     1  					      
 668   054310.6-025322   05:43:10.65   -02:53:22.4   7.9e-02  9.0e-02	 0.16  0.06	16.9  1.7	  0.7	     0.2     0.3       0.2	  0.1	  0.1	 10.0	     1  					      
 669   054311.8-011150   05:43:11.81   -01:11:50.4   2.8e-02  4.6e-02	 0.25  0.10	10.7  0.9	  2.8	     1.4     3.7       1.1	  0.7	  2.9	  2.2	     2  		    tentative bound	      
 670   054312.0-030204   05:43:12.05   -03:02:04.3   3.6e-02  5.1e-02	 0.05  0.03	17.1  1.9	  0.2	     0.2     0.5       0.1	  0.1	  0.3	 13.2	     1  					      
 671   054312.6-011511   05:43:12.60   -01:15:11.4   3.3e-02  5.0e-02	 0.04  0.05	15.2  4.3	  2.2	     0.2     0.4       0.8	  0.1	  0.3	 16.9	     1  					      
 672   054312.7-011937   05:43:12.72   -01:19:37.6   4.0e-02  5.9e-02	 2.84  0.78	 8.9  0.5	 20.6	     9.7    21.4       7.4	  3.6	 11.8	  0.3	     2  					      
 673   054312.9-020911   05:43:12.95   -02:09:11.7   5.4e-02  6.5e-02	 1.23  0.41	11.2  0.8	  7.9	     3.5     5.0       2.7	  1.2	  2.0	  0.9	     2  					      
 674   054313.0-021058   05:43:13.02   -02:10:58.4   3.1e-02  5.1e-02	 1.01  0.27	12.4  0.7	  8.1	     4.7    12.3       3.1	  2.0	  8.6	  0.6	     2  					      
 675   054313.4-015854   05:43:13.46   -01:58:54.1   4.5e-02  6.0e-02	 0.88  0.19	14.3  0.8	  6.4	     2.9     5.2       2.3	  1.1	  2.5	  1.0	     2  					      
 676   054313.6-012954   05:43:13.66   -01:29:54.6   5.4e-02  6.5e-02	 0.33  0.16	11.0  4.5	  1.0	     0.9     1.3       0.3	  0.3	  0.5	  3.3	     2         no SED fit   tentative bound	      
 677   054313.8-030631   05:43:13.80   -03:06:31.3   8.8e-02  9.7e-02	 0.20  0.06	18.0  1.6	  0.9	     0.3     0.3       0.2	  0.1	  0.1	  8.5	     1  					      
 678   054314.3-011304   05:43:14.34   -01:13:04.9   3.0e-02  4.9e-02	 0.15  0.06	12.6  1.0	  1.2	     0.7     2.0       0.5	  0.3	  1.4	  4.0	     2  		    tentative bound	      
 679   054315.4-032037   05:43:15.48   -03:20:37.4   5.7e-02  6.8e-02	 0.10  0.02	19.3  1.5	  0.7	     0.3     0.4       0.2	  0.1	  0.1	 10.8	     1  					      
 680   054315.4-011413   05:43:15.48   -01:14:13.7   3.1e-02  4.8e-02	 0.06  0.05	15.0  3.7	  0.5	     0.3     0.7       0.2	  0.1	  0.5	 10.8	     1  					      
 681   054315.7-021007   05:43:15.78   -02:10:07.6   2.6e-02  4.3e-02	 0.13  0.06	11.0  4.5	  0.6	     0.8     2.2       0.2	  0.4	  1.8	  4.1	     2         no SED fit   tentative bound	      
 682   054316.0-025859   05:43:16.09   -02:58:59.0   2.9e-02  4.6e-02	 0.05  0.02	15.7  1.7	  0.2	     0.3     0.7       0.1	  0.1	  0.5	 11.4	     1  					      
 683   054316.1-030033   05:43:16.17   -03:00:33.8   2.6e-02  4.5e-02	 0.20  0.05	11.5  0.6	  1.8	     1.2     3.5       0.7	  0.6	  3.0	  2.6	     2  		    tentative bound	      
 684   054316.3-020714   05:43:16.31   -02:07:14.7   3.7e-02  5.7e-02	 0.15  0.05	13.7  1.1	  1.0	     0.6     1.3       0.4	  0.2	  0.8	  4.8	     1  					      
 685   054317.6-011845   05:43:17.64   -01:18:45.9   4.1e-02  6.2e-02	 2.46  0.64	 9.1  0.5	 12.3	     7.6    17.7       4.3	  2.7	  9.6	  0.3	     2  					      
 686   054317.6-011225   05:43:17.65   -01:12:25.2   4.0e-02  5.6e-02	 0.12  0.05	15.6  1.6	  1.3	     0.4     0.8       0.5	  0.2	  0.5	  6.9	     1  					      
 687   054318.1-020818   05:43:18.15   -02:08:18.7   3.2e-02  5.0e-02	 0.08  0.04	15.2  1.8	  0.7	     0.4     1.0       0.3	  0.2	  0.7	  7.7	     1  					      
 688   054318.3-021104   05:43:18.32   -02:11:04.1   3.3e-02  5.0e-02	 1.21  0.34	11.1  0.6	  7.3	     5.7    13.3       2.8	  2.5	  8.9	  0.5	     2  					      
 689   054318.4-013024   05:43:18.43   -01:30:24.2   5.4e-02  6.7e-02	 0.10  0.05	14.5  1.5	  0.4	     0.3     0.4       0.1	  0.1	  0.2	 10.6	     1  					      
 690   054318.5-010843   05:43:18.53   -01:08:43.8   5.2e-02  7.1e-02	 0.27  0.23	11.1  2.6	  2.6	     0.6     1.2       0.8	  0.2	  0.5	  3.8	     1  					      
 691   054318.6-015809   05:43:18.60   -01:58:09.3   2.5e-02  4.2e-02	 0.05  0.05	15.1  2.9	  0.7	     0.3     1.0       0.3	  0.2	  0.8	  9.7	     1  					      
 692   054318.6-003820   05:43:18.68   -00:38:20.2   4.3e-02  5.7e-02	 0.25  0.13	11.0  4.5	  1.0	     0.9     1.6       0.4	  0.4	  0.8	  3.4	     2         no SED fit   tentative bound	      
 693   054319.0-025713   05:43:19.01   -02:57:13.9   3.1e-02  4.9e-02	 0.09  0.03	13.3  1.0	  0.7	     0.5     1.1       0.3	  0.2	  0.8	  6.7	     1  					      
 694   054319.3-011931   05:43:19.38   -01:19:31.3   2.8e-02  4.4e-02	 0.30  0.14	10.5  0.9	  2.8	     1.8     4.7       1.1	  0.9	  3.8	  1.8	     2  					      
 695   054319.6-011549   05:43:19.63   -01:15:49.6   3.4e-02  5.2e-02	 0.82  0.30	10.9  0.8	 11.2	     3.7     8.4       4.3	  1.6	  5.4	  0.8	     2  					      
 696   054320.2-033322   05:43:20.29   -03:33:22.3   3.1e-02  4.9e-02	 0.02  0.01	20.7  2.7	  0.2	     0.1     0.3       0.1	  0.1	  0.2	 24.9	     1  					      
 697   054320.5-011034   05:43:20.58   -01:10:34.3   4.3e-02  5.6e-02	 0.13  0.03	15.0  1.1	  1.5	     0.5     0.8       0.5	  0.2	  0.4	  6.5	     1  					      
 698   054321.4-012154   05:43:21.42   -01:21:54.7   3.0e-02  4.8e-02	 0.12  0.06	13.4  1.7	  1.9	     0.6     1.6       0.7	  0.3	  1.2	  5.0	     1  					      
 699   054321.7-021120   05:43:21.71   -02:11:20.2   4.0e-02  6.1e-02	 0.62  0.32	10.9  1.0	  3.0	     2.0     4.5       1.1	  0.7	  2.5	  1.3	     2  					      
 700   054321.7-033610   05:43:21.72   -03:36:10.5   6.3e-02  7.3e-02	 0.17  0.06	17.3  1.5	  1.0	     0.4     0.5       0.3	  0.1	  0.2	  7.3	     1  					      
 701   054321.8-020817   05:43:21.80   -02:08:17.9   2.9e-02  4.8e-02	 0.17  0.06	14.3  1.2	  1.8	     0.9     2.5       0.7	  0.4	  1.9	  3.3	     2  		    tentative bound	      
 702   054322.1-025812   05:43:22.14   -02:58:12.8   6.1e-02  7.1e-02	 0.04  0.02	16.9  2.9	  0.3	     0.1     0.1       0.1	  0.0	  0.0	 29.2	     1  					      
 703   054322.3-011210   05:43:22.32   -01:12:10.1   2.7e-02  4.4e-02	 0.10  0.06	12.8  1.8	  1.8	     0.6     1.6       0.7	  0.3	  1.3	  5.3	     1  					      
 704   054322.4-020943   05:43:22.47   -02:09:43.8   3.3e-02  5.0e-02	 0.97  0.24	12.3  0.7	  7.5	     4.7    10.9       2.9	  2.1	  7.3	  0.7	     2  					      
 705   054322.5-011353   05:43:22.56   -01:13:53.2   2.9e-02  4.7e-02	 3.49  0.62	 9.7  0.3	 34.5	    18.8    48.6      13.6	  8.8	 36.5	  0.2	     2  					      
 706   054323.0-010930   05:43:23.03   -01:09:30.7   4.7e-02  6.1e-02	 0.05  0.02	17.7  2.2	  0.4	     0.2     0.3       0.1	  0.1	  0.1	 19.9	     1  					      
 707   054323.6-012030   05:43:23.61   -01:20:30.1   4.5e-02  6.4e-02	 0.20  0.08	12.8  1.3	  3.0	     0.6     1.1       1.0	  0.2	  0.6	  4.5	     1  					      
 708   054324.5-033356   05:43:24.54   -03:33:56.7   3.8e-02  5.2e-02	 0.12  0.05	16.6  1.7	  0.9	     0.5     1.0       0.3	  0.2	  0.6	  6.3	     1  					      
 709   054324.8-011003   05:43:24.86   -01:10:03.0   2.2e-02  4.1e-02	 0.04  0.02	15.3  2.1	  0.3	     0.3     0.9       0.1	  0.1	  0.8	 12.2	     1  					      
 710   054324.9-015835   05:43:24.90   -01:58:35.1   1.8e-02  3.5e-02	 0.09  0.13	10.9  3.6	  0.9	     0.8     3.3       0.4	  0.5	  4.1	  4.0	     2  		    tentative bound	      
 711   054325.1-015906   05:43:25.16   -01:59:06.8   1.1e-01  1.2e-01	 3.14  0.71	10.3  0.5	  3.8	     2.7     3.1       0.9	  0.5	  0.6	  0.7	     2  					      
 712   054325.3-020818   05:43:25.36   -02:08:18.6   3.2e-02  4.9e-02	 0.07  0.02	17.0  1.5	  0.9	     0.4     0.9       0.3	  0.2	  0.6	  8.5	     1  					      
 713   054325.3-021232   05:43:25.39   -02:12:32.0   2.2e-02  4.0e-02	 0.07  0.03	14.7  1.5	  0.6	     0.5     1.6       0.3	  0.3	  1.6	  6.5	     1  					      
 714   054325.6-020954   05:43:25.62   -02:09:54.4   3.1e-02  4.9e-02	 0.74  0.18	12.4  0.7	  6.7	     3.6     9.4       2.6	  1.6	  6.7	  0.8	     2  					      
 715   054326.1-011650   05:43:26.12   -01:16:50.3   2.6e-02  4.5e-02	 0.08  0.05	13.2  1.8	  0.7	     0.5     1.4       0.3	  0.2	  1.2	  6.5	     1  					      
 716   054326.3-025342   05:43:26.34   -02:53:42.4   2.5e-02  4.4e-02	 0.08  0.03	13.9  1.0	  0.6	     0.5     1.5       0.3	  0.3	  1.3	  6.0	     1  					      
 717   054326.3-011449   05:43:26.36   -01:14:49.2   4.3e-02  5.6e-02	 1.16  0.58	11.0  4.5	 10.6	     4.4     7.6       3.9	  1.7	  3.9	  0.7	     2         no SED fit			      
 718   054327.4-020955   05:43:27.42   -02:09:55.8   2.1e-02  3.9e-02	 0.82  0.21	11.5  0.6	  6.7	     6.3    22.0       2.8	  3.6	 22.9	  0.5	     2  					      
 719   054328.5-011725   05:43:28.53   -01:17:25.5   6.0e-02  7.0e-02	 0.15  0.07	17.9  2.1	  0.5	     0.4     0.5       0.2	  0.1	  0.2	  8.0	     1  					      
 720   054328.6-011816   05:43:28.62   -01:18:16.7   3.1e-02  4.8e-02	 0.07  0.03	13.8  1.3	  0.6	     0.4     0.9       0.2	  0.2	  0.6	  8.7	     1  					      
 721   054328.9-020954   05:43:28.99   -02:09:54.1   4.0e-02  5.3e-02	 0.59  0.12	14.7  0.8	  5.5	     2.5     4.4       2.0	  1.0	  2.4	  1.3	     2  					      
 722   054329.2-011506   05:43:29.29   -01:15:06.9   2.0e-02  3.9e-02	 0.44  0.22	11.0  4.5	  5.1	     3.5    12.6       2.2	  2.0	 13.5	  0.9	     2         no SED fit			      
 723   054329.4-010815   05:43:29.49   -01:08:15.9   3.9e-02  5.3e-02	 0.29  0.08	11.6  0.7	  2.1	     1.2     2.2       0.8	  0.5	  1.2	  2.7	     2  		    tentative bound	      
 724   054330.4-032826   05:43:30.40   -03:28:26.2   3.1e-02  4.9e-02	 0.20  0.05	13.4  0.9	  1.5	     1.0     2.5       0.6	  0.5	  1.8	  3.0	     2  		    tentative bound	      
 725   054330.8-021420   05:43:30.84   -02:14:20.5   4.6e-02  6.6e-02	 0.58  0.25	10.4  0.9	  3.1	     1.6     3.3       1.0	  0.5	  1.6	  1.6	     2  					      
 726   054330.8-021236   05:43:30.89   -02:12:36.2   5.1e-02  6.3e-02	 0.23  0.11	13.2  1.3	  1.6	     0.7     1.1       0.5	  0.2	  0.5	  4.3	     1  					      
 727   054330.9-021557   05:43:30.95   -02:15:57.2   7.8e-02  8.6e-02	 0.22  0.06	19.2  1.7	  1.0	     0.4     0.4       0.3	  0.1	  0.1	  6.9	     1  					      
 728   054332.0-021527   05:43:32.07   -02:15:27.8   3.1e-02  4.7e-02	 0.19  0.07	12.9  1.0	  1.8	     1.0     2.4       0.7	  0.5	  1.7	  3.2	     2  		    tentative bound	      
 729   054332.2-011447   05:43:32.20   -01:14:47.1   2.4e-02  4.3e-02	 0.29  0.09	11.4  0.7	  3.0	     1.8     5.8       1.2	  0.9	  5.2	  1.7	     2  					      
 730   054332.5-033742   05:43:32.58   -03:37:42.0   4.5e-02  6.0e-02	 0.07  0.04	21.0  3.4	  1.0	     0.2     0.4       0.3	  0.1	  0.2	 12.0	     1  					      
 731   054332.9-025439   05:43:32.94   -02:54:39.8   2.3e-02  4.1e-02	 0.04  0.02	14.9  1.4	  0.4	     0.3     1.0       0.2	  0.2	  0.9	 10.4	     1  					      
 732   054332.9-011547   05:43:32.97   -01:15:47.3   4.8e-02  6.3e-02	 1.19  0.25	10.6  0.5	  8.2	     3.6     6.0       2.9	  1.3	  2.7	  0.8	     2  					      
 733   054333.6-025347   05:43:33.60   -02:53:47.8   6.4e-02  7.3e-02	 0.22  0.05	16.4  1.1	  1.1	     0.5     0.6       0.4	  0.1	  0.2	  5.7	     1  					      
 734   054333.7-005841   05:43:33.79   -00:58:41.3   3.5e-02  5.2e-02	 0.10  0.06	12.8  1.7	  1.0	     0.4     1.0       0.4	  0.2	  0.6	  6.8	     1  					      
 735   054334.2-033856   05:43:34.27   -03:38:56.1   3.3e-02  5.0e-02	 0.04  0.03	18.7  3.0	  0.3	     0.2     0.5       0.1	  0.1	  0.3	 15.5	     1  					      
 736   054334.3-020903   05:43:34.31   -02:09:03.0   3.2e-02  4.9e-02	 0.04  0.03	17.0  2.8	  0.3	     0.2     0.5       0.1	  0.1	  0.3	 15.7	     1  					      
 737   054335.1-013435   05:43:35.16   -01:34:35.5   7.3e-02  8.1e-02	 0.22  0.06	14.7  1.2	  1.9	     0.4     0.5       0.6	  0.1	  0.2	  6.4	     1  					      
 738   054335.2-031335   05:43:35.22   -03:13:35.0   1.0e-01  1.1e-01	 0.23  0.10	17.4  2.1	  0.5	     0.2     0.3       0.1	  0.0	  0.1	  8.7	     1  					      
 739   054335.6-032856   05:43:35.66   -03:28:56.0   4.5e-02  6.5e-02	 0.19  0.05	16.7  1.4	  0.9	     0.5     1.1       0.3	  0.2	  0.6	  4.6	     1  					      
 740   054335.7-033810   05:43:35.76   -03:38:10.7   4.3e-02  6.3e-02	 0.27  0.08	16.9  2.3	  1.1	     0.8     1.8       0.4	  0.3	  0.9	  3.1	     2  		    tentative bound	      
 741   054337.1-022529   05:43:37.13   -02:25:29.8   6.8e-02  7.8e-02	 0.27  0.08	16.1  1.2	  1.3	     0.5     0.7       0.4	  0.2	  0.2	  4.9	     1  					      
 742   054338.1-011719   05:43:38.13   -01:17:19.0   4.0e-02  5.6e-02	 0.10  0.04	15.2  1.5	  1.3	     0.4     0.8       0.5	  0.2	  0.4	  7.6	     1  					      
 743   054338.6-021429   05:43:38.61   -02:14:29.1   3.1e-02  4.8e-02	 0.15  0.05	12.9  0.9	  1.1	     0.8     1.8       0.4	  0.4	  1.3	  4.1	     2  		    tentative bound	      
 744   054339.1-011323   05:43:39.12   -01:13:23.1   2.5e-02  4.2e-02	 0.06  0.05	15.9  4.1	  1.2	     0.4     1.1       0.5	  0.2	  1.0	  8.3	     1  					      
 745   054339.5-013325   05:43:39.56   -01:33:25.9   1.0e-01  1.1e-01	 3.08  0.92	 9.5  0.6	  7.0	     3.2     3.6       1.7	  0.6	  0.8	  0.6	     2  					      
 746   054339.8-011257   05:43:39.82   -01:12:57.9   7.0e-02  7.8e-02	 0.17  0.06	17.0  1.6	  4.2	     0.3     0.4       1.3	  0.1	  0.1	  8.3	     1  					      
 747   054339.8-021109   05:43:39.84   -02:11:09.5   4.6e-02  6.3e-02	 0.98  0.34	11.0  0.8	  4.9	     2.9     5.5       1.7	  1.0	  2.6	  0.9	     2  					      
 748   054340.1-011148   05:43:40.14   -01:11:48.0   5.0e-02  6.2e-02	 0.67  0.19	10.0  0.7	  6.9	     2.1     3.2       2.4	  0.7	  1.4	  1.5	     2  					      
 749   054341.3-010507   05:43:41.36   -01:05:07.5   5.4e-02  6.4e-02	 0.64  0.38	10.9  1.6	  5.2	     1.8     2.6       1.8	  0.6	  1.1	  1.7	     2  					      
 750   054341.5-005341   05:43:41.54   -00:53:41.2   5.3e-02  6.4e-02	 0.09  0.07	13.7  2.6	  0.7	     0.3     0.4       0.2	  0.1	  0.2	 11.9	     1  					      
 751   054341.7-021502   05:43:41.79   -02:15:02.3   5.8e-02  6.9e-02	 0.25  0.07	12.4  0.7	  0.9	     0.6     0.9       0.3	  0.2	  0.3	  4.6	     1  					      
 752   054343.1-033913   05:43:43.19   -03:39:13.8   8.1e-02  8.8e-02	 0.93  0.26	14.7  1.1	  2.5	     1.4     1.7       0.7	  0.4	  0.5	  1.7	     2  					      
 753   054344.1-034041   05:43:44.15   -03:40:41.8   5.8e-02  6.8e-02	 0.21  0.08	13.7  1.2	  1.6	     0.5     0.8       0.5	  0.2	  0.3	  5.4	     1  					      
 754   054344.5-032906   05:43:44.51   -03:29:06.8   4.3e-02  5.6e-02	 0.13  0.04	17.5  1.4	  0.9	     0.5     0.9       0.3	  0.2	  0.4	  6.3	     1  					      
 755   054344.6-011454   05:43:44.67   -01:14:54.0   1.0e-01  1.1e-01	 1.14  0.25	13.2  0.8	  4.5	     1.2     1.3       1.1	  0.2	  0.3	  1.7	     2  					      
 756   054344.8-010547   05:43:44.81   -01:05:47.9   4.5e-02  6.1e-02	 0.40  0.15	12.7  1.1	  3.4	     1.3     2.3       1.2	  0.5	  1.1	  2.3	     2  		    tentative bound	      
 757   054346.0-011916   05:43:46.01   -01:19:16.8   5.9e-02  7.3e-02	 0.48  0.18	12.2  1.4	  2.8	     1.1     1.6       0.9	  0.3	  0.6	  2.4	     2  		    tentative bound	      
 758   054346.3-010441   05:43:46.33   -01:04:41.8   2.1e-02  3.9e-02	 1.28  0.64	11.0  4.5	  6.8	    10.1    35.5       2.9	  5.7	 37.5	  0.3	     3         no SED fit			      
 759   054347.7-012005   05:43:47.73   -01:20:05.8   5.5e-02  6.8e-02	 0.56  0.19	10.9  1.0	  4.4	     1.4     2.2       1.5	  0.5	  0.9	  2.0	     2  					      
 760   054350.4-005127   05:43:50.49   -00:51:27.8   3.0e-02  4.8e-02	 0.17  0.13	10.7  1.5	  0.5	     0.9     2.3       0.2	  0.4	  1.7	  3.4	     2  		    tentative bound	      
 761   054351.5-010254   05:43:51.59   -01:02:54.6   1.8e-02  3.5e-02	 1.83  0.40	19.0  1.5	 23.6	    17.3    69.9      10.2	 10.7	 86.8	  0.2	     3  					      
 762   054353.0-033258   05:43:53.09   -03:32:58.8   5.1e-02  6.8e-02	 0.23  0.13	13.3  2.1	  1.2	     0.6     1.0       0.4	  0.2	  0.4	  4.5	     1  					      
 763   054354.5-022125   05:43:54.51   -02:21:25.1   4.2e-02  5.7e-02	 0.09  0.08	15.0  2.7	  0.9	     0.3     0.6       0.3	  0.1	  0.3	  8.9	     1  					      
 764   054354.5-004827   05:43:54.59   -00:48:27.6   3.0e-02  4.7e-02	 0.06  0.03	12.9  1.6	  0.4	     0.3     0.8       0.1	  0.2	  0.6	  9.8	     1  					      
 765   054355.3-005113   05:43:55.38   -00:51:13.2   5.9e-02  7.2e-02	 0.09  0.07	15.0  3.3	  0.7	     0.2     0.3       0.2	  0.1	  0.1	 13.7	     1  					      
 766   054355.6-034332   05:43:55.63   -03:43:32.1   3.7e-02  5.3e-02	 0.03  0.03	16.9  3.3	  0.2	     0.1     0.3       0.1	  0.1	  0.2	 23.9	     1  					      
 767   054355.6-004948   05:43:55.69   -00:49:48.3   4.0e-02  6.0e-02	 0.16  0.10	13.6  2.2	  1.3	     0.5     1.2       0.5	  0.2	  0.6	  5.0	     1  					      
 768   054358.5-034528   05:43:58.51   -03:45:28.9   7.0e-02  8.2e-02	 0.17  0.06	15.5  1.4	  1.0	     0.3     0.4       0.3	  0.1	  0.1	  7.9	     1  					      
 769   054358.9-013422   05:43:58.93   -01:34:22.8   2.1e-02  3.9e-02	 0.82  0.29	 9.5  0.7	  7.1	     6.4    22.0       3.0	  3.6	 23.0	  0.5	     2  					      
 770   054400.2-034306   05:44:00.22   -03:43:06.2   3.4e-02  5.1e-02	 0.03  0.02	18.5  3.1	  0.2	     0.1     0.3       0.1	  0.1	  0.2	 24.8	     1  					      
 771   054400.5-010510   05:44:00.57   -01:05:10.0   5.1e-02  6.3e-02	 0.32  0.09	13.2  1.0	  2.6	     1.0     1.4       0.9	  0.3	  0.6	  3.2	     2  		    tentative bound	      
 772   054400.5-031903   05:44:00.57   -03:19:03.7   1.8e-02  3.6e-02	 0.04  0.04	15.7  2.8	  0.3	     0.4     1.6       0.1	  0.2	  2.0	  8.2	     1  					      
 773   054400.6-005527   05:44:00.66   -00:55:27.7   3.3e-02  5.3e-02	 0.01  0.01	22.3  4.5	  0.1	     0.0     0.1       0.1	  0.0	  0.1	 60.1	     1  					      
 774   054402.5-005606   05:44:02.51   -00:56:06.6   3.2e-02  4.9e-02	 0.02  0.02	17.8  3.1	  0.3	     0.1     0.3       0.1	  0.1	  0.2	 26.6	     1  					      
 775   054402.6-013414   05:44:02.63   -01:34:14.3   2.5e-02  4.3e-02	 0.32  0.08	12.5  0.7	  3.7	     2.1     6.1       1.5	  1.1	  5.4	  1.5	     3  					      
 776   054404.3-012345   05:44:04.31   -01:23:45.8   4.5e-02  6.0e-02	 0.31  0.20	10.7  1.6	  3.4	     1.0     1.9       1.2	  0.4	  0.9	  2.8	     2  		    tentative bound	      
 777   054404.4-034550   05:44:04.46   -03:45:50.7   2.3e-02  4.0e-02	 0.06  0.02	14.8  1.1	  0.7	     0.4     1.4       0.3	  0.2	  1.3	  7.4	     1  					      
 778   054404.5-012754   05:44:04.50   -01:27:54.5   7.3e-02  8.4e-02	 0.79  0.57	10.9  1.6	  2.4	     1.3     1.8       0.7	  0.4	  0.5	  1.8	     2  					      
 779   054404.6-005458   05:44:04.62   -00:54:58.5   5.3e-02  6.5e-02	 0.42  0.21	10.1  1.0	  2.2	     1.2     1.8       0.7	  0.4	  0.7	  2.5	     2  		    tentative bound	      
 780   054404.8-022701   05:44:04.82   -02:27:01.4   3.7e-02  5.1e-02	 0.10  0.06	13.9  2.0	  0.7	     0.4     0.9       0.3	  0.2	  0.5	  7.2	     1  					      
 781   054405.2-022433   05:44:05.23   -02:24:33.4   5.2e-02  6.3e-02	 0.18  0.06	13.5  1.2	  1.4	     0.5     0.8       0.5	  0.2	  0.3	  5.7	     1  					      
 782   054406.2-005646   05:44:06.24   -00:56:46.3   2.5e-02  4.4e-02	 0.12  0.07	11.7  1.4	  1.5	     0.8     2.4       0.6	  0.4	  2.1	  4.0	     2  		    tentative bound	      
 783   054406.3-022809   05:44:06.34   -02:28:09.3   3.3e-02  5.0e-02	 0.18  0.08	13.4  1.3	  1.6	     0.9     2.1       0.6	  0.4	  1.4	  3.5	     2  		    tentative bound	      
 784   054406.8-022722   05:44:06.89   -02:27:22.6   2.7e-02  4.4e-02	 0.10  0.05	11.0  4.5	  1.4	     0.6     1.7       0.6	  0.3	  1.4	  5.2	     1         no SED fit			      
 785   054407.2-010039   05:44:07.25   -01:00:39.2   3.0e-02  4.7e-02	 0.15  0.07	11.0  1.2	  1.2	     0.8     2.0       0.5	  0.4	  1.4	  3.9	     2  		    tentative bound	      
 786   054407.4-011218   05:44:07.44   -01:12:18.2   4.4e-02  5.6e-02	 0.45  0.12	10.0  0.6	  5.1	     1.7     2.7       1.9	  0.6	  1.4	  1.9	     2  					      
 787   054407.4-013017   05:44:07.48   -01:30:17.4   5.5e-02  6.6e-02	 0.59  0.38	11.0  1.3	  3.5	     1.6     2.3       1.2	  0.5	  0.9	  1.8	     2  					      
 788   054409.2-003648   05:44:09.28   -00:36:48.8   6.9e-02  7.9e-02	 0.15  0.06	15.0  1.3	  0.6	     0.3     0.4       0.2	  0.1	  0.1	  9.3	     1  					      
 789   054409.4-021639   05:44:09.46   -02:16:39.1   8.9e-02  9.7e-02	 0.11  0.05	17.0  2.8	  0.6	     0.1     0.2       0.2	  0.0	  0.0	 15.2	     1  					      
 790   054409.8-013136   05:44:09.80   -01:31:36.6   2.5e-02  4.2e-02	 0.03  0.02	16.0  2.7	  0.3	     0.2     0.6       0.1	  0.1	  0.6	 14.9	     1  					      
 791   054409.8-005108   05:44:09.84   -00:51:08.7   2.3e-02  4.2e-02	 0.05  0.03	16.7  2.5	  0.8	     0.3     1.0       0.3	  0.2	  1.0	 10.0	     1  					      
 792   054410.6-013243   05:44:10.69   -01:32:43.3   4.0e-02  5.9e-02	 1.05  0.88	 9.0  1.5	  5.4	     3.6     7.8       1.9	  1.4	  4.3	  0.8	     2  					      
 793   054410.7-022841   05:44:10.74   -02:28:41.3   3.0e-02  4.6e-02	 0.09  0.04	15.0  1.5	  0.8	     0.5     1.3       0.3	  0.2	  0.9	  6.2	     1  					      
 794   054411.1-011209   05:44:11.13   -01:12:09.1   3.3e-02  5.3e-02	 0.86  0.29	 8.7  0.5	  8.2	     3.7     9.4       3.1	  1.5	  6.2	  0.8	     2  					      
 795   054411.5-013005   05:44:11.58   -01:30:05.7   3.3e-02  5.2e-02	 0.12  0.12	12.6  2.3	  0.7	     0.5     1.3       0.3	  0.2	  0.8	  5.6	     1  					      
 796   054411.6-022423   05:44:11.63   -02:24:23.5   2.9e-02  4.6e-02	 0.01  0.01	20.1  3.0	  0.1	     0.1     0.1       0.1	  0.0	  0.1	 53.3	     1  					      
 797   054412.7-011154   05:44:12.76   -01:11:54.9   4.6e-02  6.0e-02	 0.84  0.25	 9.9  0.6	  8.0	     2.8     4.6       2.8	  1.0	  2.2	  1.1	     2  					      
 798   054413.9-004503   05:44:13.97   -00:45:03.1   5.8e-02  7.3e-02	 0.31  0.16	11.0  4.5	  1.0	     0.7     1.1       0.3	  0.2	  0.4	  3.7	     2         no SED fit   tentative bound	      
 799   054414.4-003801   05:44:14.49   -00:38:01.9   3.8e-02  5.7e-02	 0.03  0.02	15.8  2.9	  0.1	     0.1     0.2       0.0	  0.0	  0.1	 25.9	     1  					      
 800   054414.5-031021   05:44:14.50   -03:10:21.2   4.9e-02  6.1e-02	 0.07  0.02	17.3  1.6	  0.6	     0.2     0.4       0.2	  0.1	  0.2	 13.6	     1  					      
 801   054414.5-012924   05:44:14.58   -01:29:24.5   3.3e-02  5.1e-02	 0.80  0.24	10.9  0.6	  4.9	     3.6     8.9       1.9	  1.6	  6.0	  0.8	     2  					      
 802   054414.7-013236   05:44:14.71   -01:32:36.5   3.3e-02  4.9e-02	 0.17  0.10	12.3  1.6	  1.9	     0.8     1.8       0.7	  0.4	  1.2	  3.9	     2  		    tentative bound	      
 803   054415.0-012637   05:44:15.06   -01:26:37.4   5.6e-02  6.8e-02	 0.18  0.10	13.7  1.8	  1.3	     0.5     0.7       0.4	  0.1	  0.3	  6.1	     1  					      
 804   054416.2-004942   05:44:16.25   -00:49:42.0   6.0e-02  7.0e-02	 0.60  0.18	12.1  0.9	  3.5	     1.5     2.0       1.2	  0.5	  0.7	  2.0	     2  					      
 805   054416.2-012944   05:44:16.27   -01:29:44.2   5.9e-02  6.9e-02	 0.77  0.26	12.0  0.8	  4.7	     2.0     2.7       1.5	  0.6	  1.0	  1.5	     2  					      
 806   054416.4-022529   05:44:16.46   -02:25:29.1   3.6e-02  5.5e-02	 0.35  0.10	11.4  0.7	  2.5	     1.4     3.2       0.9	  0.5	  1.9	  2.0	     2  		    tentative bound	      
 807   054416.6-012442   05:44:16.60   -01:24:42.3   5.4e-02  6.6e-02	 0.30  0.11	12.8  1.3	  2.6	     0.8     1.2       0.9	  0.3	  0.5	  3.6	     2  		    tentative bound	      
 808   054417.1-004306   05:44:17.19   -00:43:06.6   2.7e-02  4.4e-02	 0.03  0.03	14.9  2.7	  0.3	     0.2     0.6       0.1	  0.1	  0.4	 15.6	     1  					      
 809   054418.0-011155   05:44:18.06   -01:11:55.6   2.7e-02  4.4e-02	 0.30  0.18	 9.9  1.2	  3.6	     1.8     4.9       1.4	  0.9	  3.9	  1.8	     2  					      
 810   054418.4-030948   05:44:18.46   -03:09:48.2   3.2e-02  5.1e-02	 0.08  0.03	16.3  1.5	  0.6	     0.4     0.9       0.2	  0.2	  0.6	  8.2	     1  					      
 811   054418.7+000839   05:44:18.75   +00:08:39.9   1.8e-02  3.6e-02	 0.38  0.09	18.2  1.5	  4.5	     3.5    14.3       1.9	  2.1	 17.8	  0.9	     3  					      
 812   054419.4-005249   05:44:19.43   -00:52:49.8   5.5e-02  6.6e-02	 0.09  0.06	13.8  2.5	  0.7	     0.3     0.4       0.2	  0.1	  0.1	 11.6	     1  					      
 813   054420.1-022331   05:44:20.14   -02:23:31.8   3.1e-02  4.8e-02	 0.03  0.02	15.2  1.5	  0.2	     0.2     0.4       0.1	  0.1	  0.3	 17.5	     1  					      
 814   054420.2-005348   05:44:20.23   -00:53:48.7   3.6e-02  5.3e-02	 0.06  0.03	15.0  1.7	  0.6	     0.3     0.6       0.2	  0.1	  0.3	 11.5	     1  					      
 815   054420.3-011143   05:44:20.37   -01:11:43.9   2.6e-02  4.3e-02	 0.40  0.18	10.0  0.9	  5.4	     2.6     7.2       2.2	  1.3	  6.2	  1.3	     2  					      
 816   054420.5-022139   05:44:20.58   -02:21:39.9   9.1e-02  9.9e-02	 0.13  0.04	17.8  1.7	  0.6	     0.2     0.2       0.2	  0.0	  0.0	 13.5	     1  					      
 817   054420.7-012740   05:44:20.78   -01:27:40.8   3.2e-02  4.9e-02	 0.11  0.10	13.1  2.2	  1.0	     0.5     1.2       0.4	  0.2	  0.8	  5.9	     1  					      
 818   054421.3-033207   05:44:21.34   -03:32:07.7   3.2e-02  4.9e-02	 0.04  0.02	16.3  2.2	  0.3	     0.2     0.4       0.1	  0.1	  0.3	 17.6	     1  					      
 819   054421.7-013221   05:44:21.78   -01:32:21.8   2.9e-02  4.6e-02	 0.07  0.06	15.4  3.0	  2.4	     0.4     1.0       1.0	  0.2	  0.8	  7.7	     1  					      
 820   054422.5-013123   05:44:22.50   -01:31:23.4   2.5e-02  4.4e-02	 0.13  0.10	13.5  1.9	  3.2	     0.8     2.5       1.3	  0.4	  2.2	  3.7	     2  		    tentative bound	      
 821   054423.3-012959   05:44:23.38   -01:29:59.9   5.4e-02  6.5e-02	 1.46  0.52	10.6  0.8	 10.5	     4.1     5.9       3.6	  1.4	  2.4	  0.7	     2  					      
 822   054423.3-022809   05:44:23.39   -02:28:09.9   3.6e-02  5.6e-02	 0.08  0.03	15.7  1.5	  0.6	     0.3     0.7       0.2	  0.1	  0.4	  9.5	     1  					      
 823   054423.6-012921   05:44:23.67   -01:29:21.4   4.4e-02  5.7e-02	 1.69  0.77	 9.5  0.8	 15.2	     6.3    10.3       5.5	  2.4	  5.1	  0.5	     2  					      
 824   054423.8-005503   05:44:23.87   -00:55:03.9   3.0e-02  4.8e-02	 0.06  0.03	13.9  1.3	  0.6	     0.3     0.8       0.2	  0.1	  0.6	  9.7	     1  					      
 825   054424.5-005549   05:44:24.55   -00:55:49.9   2.6e-02  4.3e-02	 0.05  0.03	14.6  1.9	  0.5	     0.3     0.8       0.2	  0.2	  0.7	 11.0	     1  					      
 826   054425.0-013135   05:44:25.06   -01:31:35.8   5.3e-02  6.6e-02	 0.52  0.24	12.7  1.3	  4.3	     1.4     2.2       1.5	  0.5	  0.9	  2.0	     2  					      
 827   054425.8-012730   05:44:25.80   -01:27:30.7   5.0e-02  6.4e-02	 1.90  0.61	10.9  0.7	 16.4	     5.4     9.0       5.6	  1.9	  3.9	  0.5	     2  					      
 828   054426.0-032610   05:44:26.01   -03:26:10.7   3.7e-02  5.5e-02	 0.08  0.03	18.5  1.9	  0.7	     0.3     0.7       0.3	  0.1	  0.4	  8.9	     1  					      
 829   054427.0-011045   05:44:27.04   -01:10:45.3   5.3e-02  6.5e-02	 1.84  0.41	10.4  0.4	  8.5	     5.1     7.7       2.9	  1.7	  3.2	  0.6	     2  					      
 830   054428.1-012914   05:44:28.11   -01:29:14.8   7.2e-02  8.2e-02	 4.75  1.01	10.1  0.4	 23.2	     8.5    10.8       6.9	  2.3	  3.3	  0.3	     2  					      
 831   054428.7-011039   05:44:28.77   -01:10:39.9   3.2e-02  4.9e-02	 0.28  0.14	11.0  4.5	  3.2	     1.4     3.2       1.2	  0.6	  2.2	  2.3	     2         no SED fit   tentative bound	      
 832   054429.0-013130   05:44:29.00   -01:31:30.6   2.4e-02  4.2e-02	 0.46  0.19	10.4  0.8	  6.0	     3.2     9.2       2.5	  1.7	  8.3	  1.0	     2  					      
 833   054429.2-003418   05:44:29.28   -00:34:18.2   3.0e-02  4.6e-02	 0.02  0.01	18.4  1.8	  0.2	     0.1     0.3       0.1	  0.1	  0.2	 25.0	     1  					      
 834   054429.4-012217   05:44:29.47   -01:22:17.9   1.8e-02  3.6e-02	 0.02  0.01	16.7  1.6	  0.3	     0.2     1.0       0.1	  0.1	  1.2	 14.0	     3  					      
 835   054430.4-012106   05:44:30.45   -01:21:06.3   5.1e-02  6.3e-02	 0.68  0.12	14.2  0.7	  5.1	     2.0     3.1       1.8	  0.7	  1.3	  1.5	     2  					      
 836   054430.5-032010   05:44:30.58   -03:20:10.5   5.8e-02  6.8e-02	 0.15  0.05	15.2  1.4	  0.6	     0.4     0.5       0.2	  0.1	  0.2	  7.6	     1  					      
 837   054431.9-003431   05:44:31.95   -00:34:31.2   5.7e-02  6.8e-02	 0.03  0.02	19.7  3.9	  0.1	     0.1     0.1       0.0	  0.0	  0.0	 40.3	     1  					      
 838   054433.0-012137   05:44:33.08   -01:21:37.3   2.7e-02  4.5e-02	 0.23  0.05	15.4  0.9	  2.4	     1.3     3.8       0.9	  0.7	  3.1	  2.3	     2  		    tentative bound	      
 839   054433.4-011933   05:44:33.40   -01:19:33.5   2.3e-02  4.1e-02	 0.08  0.03	14.7  1.2	  0.7	     0.6     1.9       0.3	  0.3	  1.8	  5.5	     1  					      
 840   054433.4-022749   05:44:33.45   -02:27:49.3   3.1e-02  4.8e-02	 0.04  0.02	15.3  1.9	  0.3	     0.2     0.5       0.1	  0.1	  0.3	 16.1	     1  					      
 841   054433.6-011043   05:44:33.66   -01:10:43.6   5.3e-02  6.4e-02	 2.23  0.60	 9.3  0.5	 14.3	     6.5     9.5       4.9	  2.2	  3.9	  0.5	     2  					      
 842   054433.7-033357   05:44:33.79   -03:33:57.6   5.2e-02  6.3e-02	 0.22  0.06	13.7  1.0	  1.2	     0.7     1.0       0.4	  0.2	  0.4	  4.7	     1  					      
 843   054433.8-013000   05:44:33.88   -01:30:00.4   3.4e-02  5.4e-02	 0.26  0.14	10.9  1.2	  2.6	     1.1     2.7       1.0	  0.4	  1.7	  2.6	     2  		    tentative bound	      
 844   054433.9-033158   05:44:33.92   -03:31:58.8   3.5e-02  5.2e-02	 0.16  0.04	14.7  1.0	  1.4	     0.7     1.5       0.5	  0.3	  1.0	  4.4	     1  					      
 845   054433.9-033431   05:44:33.99   -03:34:31.8   2.8e-02  4.5e-02	 0.24  0.14	10.2  1.1	  1.7	     1.4     3.6       0.7	  0.7	  2.8	  2.3	     2  		    tentative bound	      
 846   054434.3-033534   05:44:34.38   -03:35:34.8   3.7e-02  5.7e-02	 0.43  0.08	12.3  0.6	  3.0	     1.6     3.9       1.1	  0.6	  2.3	  1.7	     2  					      
 847   054434.5-011142   05:44:34.54   -01:11:42.2   2.6e-02  4.4e-02	 0.35  0.17	11.0  4.5	  3.9	     2.2     6.3       1.6	  1.1	  5.3	  1.5	     2         no SED fit			      
 848   054435.6-030720   05:44:35.61   -03:07:20.1   2.9e-02  4.6e-02	 0.02  0.01	17.6  2.4	  0.2	     0.1     0.3       0.1	  0.1	  0.2	 25.8	     1  					      
 849   054435.6-013508   05:44:35.62   -01:35:08.4   6.7e-02  7.6e-02	 0.06  0.02	22.0  2.5	  0.4	     0.1     0.2       0.1	  0.0	  0.1	 20.6	     1  					      
 850   054435.7-005513   05:44:35.73   -00:55:13.6   3.6e-02  5.5e-02	 0.05  0.02	18.5  2.6	  0.2	     0.2     0.4       0.1	  0.1	  0.3	 15.6	     1  					      
 851   054436.2-011212   05:44:36.29   -01:12:12.5   3.3e-02  4.9e-02	 0.49  0.15	11.0  0.8	  6.0	     2.5     5.4       2.3	  1.1	  3.6	  1.3	     2  					      
 852   054436.5-033549   05:44:36.52   -03:35:49.0   3.5e-02  5.0e-02	 0.19  0.05	13.4  0.8	  1.9	     0.9     1.9       0.7	  0.4	  1.2	  3.5	     2  		    tentative bound	      
 853   054436.5-032910   05:44:36.57   -03:29:10.4   6.4e-02  7.4e-02	 0.38  0.12	13.5  1.0	  1.9	     0.8     1.1       0.6	  0.2	  0.4	  3.4	     2  		    tentative bound	      
 854   054436.5-011028   05:44:36.59   -01:10:28.4   3.7e-02  5.1e-02	 2.24  0.69	 8.8  0.6	 24.2	    10.2    19.8       9.3	  4.4	 11.8	  0.3	     2  					      
 855   054437.4-012039   05:44:37.44   -01:20:39.7   5.2e-02  6.4e-02	 0.13  0.05	14.9  1.8	  1.0	     0.4     0.6       0.3	  0.1	  0.2	  8.1	     1  					      
 856   054438.5-031247   05:44:38.58   -03:12:47.5   6.7e-02  7.7e-02	 0.05  0.02	19.2  2.1	  0.3	     0.1     0.1       0.1	  0.0	  0.0	 25.2	     1  					      
 857   054439.0-030849   05:44:39.09   -03:08:49.5   2.1e-02  4.1e-02	 0.16  0.08	11.0  4.5	  0.5	     1.1     4.1       0.2	  0.6	  4.2	  2.7	     2         no SED fit   tentative bound	      
 858   054439.9-005832   05:44:39.96   -00:58:32.7   4.5e-02  5.8e-02	 0.06  0.03	15.1  2.1	  0.6	     0.2     0.4       0.2	  0.1	  0.2	 13.7	     1  					      
 859   054439.9-013207   05:44:39.98   -01:32:07.8   2.7e-02  4.5e-02	 0.13  0.06	13.5  1.6	  1.3	     0.8     2.2       0.5	  0.4	  1.7	  4.0	     2  		    tentative bound	      
 860   054441.1-012329   05:44:41.18   -01:23:29.2   4.8e-02  6.6e-02	 0.29  0.07	13.7  0.9	  1.9	     0.8     1.5       0.7	  0.3	  0.7	  3.2	     2  		    tentative bound	      
 861   054441.7-011834   05:44:41.79   -01:18:34.3   2.5e-02  4.2e-02	 0.05  0.02	14.1  1.3	  0.5	     0.4     1.1       0.2	  0.2	  0.9	  9.0	     1  					      
 862   054443.2-033222   05:44:43.20   -03:32:22.6   1.1e-01  1.2e-01	 0.24  0.08	15.8  1.4	  0.7	     0.2     0.2       0.2	  0.0	  0.0	  9.2	     1  					      
 863   054443.7-010423   05:44:43.78   -01:04:23.0   3.3e-02  5.2e-02	 0.04  0.02	18.2  2.2	  0.3	     0.2     0.4       0.1	  0.1	  0.2	 18.5	     1  					      
 864   054444.0-013110   05:44:44.00   -01:31:10.9   2.6e-02  4.3e-02	 0.17  0.10	11.3  1.5	  1.2	     1.1     2.9       0.5	  0.5	  2.4	  3.1	     2  		    tentative bound	      
 865   054444.0-013516   05:44:44.07   -01:35:16.3   3.4e-02  5.1e-02	 0.15  0.05	12.5  0.9	  1.0	     0.7     1.6       0.4	  0.3	  1.0	  4.4	     1  					      
 866   054444.2-013641   05:44:44.26   -01:36:41.5   1.8e-02  3.6e-02	 0.01  0.01	17.9  2.3	  0.2	     0.1     0.5       0.1	  0.1	  0.7	 24.6	     3  					      
 867   054445.0-003550   05:44:45.08   -00:35:50.5   2.6e-02  4.3e-02	 0.02  0.01	17.0  1.9	  0.2	     0.2     0.4       0.1	  0.1	  0.3	 21.4	     1  					      
 868   054446.4-033458   05:44:46.42   -03:34:58.6   3.5e-02  5.1e-02	 0.05  0.02	16.7  1.5	  0.3	     0.2     0.5       0.1	  0.1	  0.3	 14.4	     1  					      
 869   054446.9-010934   05:44:46.92   -01:09:34.2   2.1e-02  4.0e-02	 0.56  0.28	 9.6  0.9	  4.5	     4.1    15.3       1.9	  2.3	 16.1	  0.7	     2  					      
 870   054447.9-005633   05:44:47.97   -00:56:33.7   5.2e-02  6.3e-02	 0.14  0.03	13.8  0.9	  1.2	     0.4     0.6       0.4	  0.1	  0.3	  7.1	     1  					      
 871   054448.6-010917   05:44:48.68   -01:09:17.9   8.1e-02  8.9e-02	 0.25  0.08	15.4  1.3	  1.7	     0.4     0.5       0.5	  0.1	  0.1	  6.3	     1  					      
 872   054450.0-013615   05:44:50.02   -01:36:15.7   3.2e-02  4.9e-02	 0.64  0.12	11.4  0.5	  3.6	     3.2     7.2       1.4	  1.4	  4.8	  1.0	     2  					      
 873   054451.1-012558   05:44:51.18   -01:25:58.5   4.2e-02  5.9e-02	 1.83  0.25	12.3  0.6	  8.2	     6.3    12.4       2.9	  2.4	  6.5	  0.5	     2  					      
 874   054452.0-005415   05:44:52.04   -00:54:15.9   3.2e-02  4.9e-02	 0.03  0.01	16.8  1.8	  0.2	     0.1     0.3       0.1	  0.1	  0.2	 24.2	     1  					      
 875   054452.3-032723   05:44:52.34   -03:27:23.6   3.8e-02  5.6e-02	 0.46  0.33	10.3  1.6	  3.6	     1.7     3.8       1.3	  0.7	  2.2	  1.6	     2  					      
 876   054452.6-014316   05:44:52.65   -01:43:16.2   4.7e-02  5.9e-02	 0.06  0.03	17.9  2.7	  0.4	     0.2     0.3       0.1	  0.1	  0.1	 16.2	     1  					      
 877   054453.9-033010   05:44:53.95   -03:30:10.5   7.7e-02  8.6e-02	 2.45  0.59	11.9  0.6	  7.7	     4.0     4.9       2.2	  1.0	  1.4	  0.6	     2  					      
 878   054454.4-011010   05:44:54.47   -01:10:10.8   2.8e-02  4.7e-02	 0.08  0.04	13.4  1.4	  0.3	     0.4     1.2       0.1	  0.2	  0.9	  6.8	     1  					      
 879   054456.5-010752   05:44:56.58   -01:07:52.5   2.9e-02  4.5e-02	 0.07  0.05	13.2  1.9	  0.6	     0.4     1.1       0.2	  0.2	  0.8	  7.7	     1  					      
 880   054457.7-002730   05:44:57.76   -00:27:30.4   5.1e-02  6.2e-02	 0.04  0.02	14.7  1.4	  0.1	     0.1     0.2       0.0	  0.0	  0.1	 24.0	     1  					      
 881   054458.6-003509   05:44:58.64   -00:35:09.4   3.4e-02  5.2e-02	 0.02  0.01	17.4  2.3	  0.2	     0.1     0.2       0.1	  0.0	  0.2	 28.9	     1  					      
 882   054459.4-005313   05:44:59.47   -00:53:13.2   2.7e-02  4.4e-02	 0.05  0.03	13.7  2.0	  0.3	     0.3     0.7       0.1	  0.1	  0.6	 11.6	     1  					      
 883   054459.7-012158   05:44:59.71   -01:21:58.8   5.9e-02  6.9e-02	 0.54  0.11	12.9  0.6	  2.4	     1.4     1.8       0.8	  0.4	  0.7	  2.1	     2  		    tentative bound	      
 884   054500.0-032759   05:45:00.01   -03:27:59.9   1.8e-02  3.7e-02	 0.07  0.04	14.3  1.8	  0.6	     0.6     2.7       0.2	  0.4	  3.4	  4.9	     2  		    tentative bound	      
 885   054500.3-013444   05:45:00.33   -01:34:44.2   3.8e-02  5.3e-02	 0.09  0.05	13.5  1.9	  0.7	     0.4     0.7       0.3	  0.1	  0.4	  8.8	     1  					      
 886   054500.4-015847   05:45:00.47   -01:58:47.8   3.4e-02  5.4e-02	 0.07  0.04	14.4  2.6	  0.5	     0.3     0.7       0.2	  0.1	  0.5	  9.8	     1  					      
 887   054501.1-032938   05:45:01.18   -03:29:38.2   4.3e-02  5.9e-02	 0.16  3.43	12.5  0.6	  0.8	     0.5     1.0       0.3	  0.2	  0.5	  5.3	     1  					      
 888   054501.5-032745   05:45:01.54   -03:27:45.8   4.3e-02  5.8e-02	 0.16  0.10	13.8  1.8	  0.9	     0.6     1.0       0.3	  0.2	  0.5	  5.4	     1  					      
 889   054502.6-002622   05:45:02.64   -00:26:22.0   6.9e-02  7.9e-02	 0.08  0.02	15.8  1.3	  0.6	     0.2     0.2       0.2	  0.0	  0.1	 16.2	     1  					      
 890   054503.5-005400   05:45:03.57   -00:54:00.6   3.3e-02  5.2e-02	 0.09  0.03	12.8  1.0	  0.6	     0.4     1.0       0.2	  0.2	  0.7	  6.9	     1  					      
 891   054505.0-032929   05:45:05.02   -03:29:29.3   3.7e-02  5.3e-02	 0.39  0.33	 9.1  1.0	  0.8	     1.6     3.3       0.3	  0.7	  2.0	  1.9	     2  					      
 892   054505.1-004759   05:45:05.15   -00:47:59.5   3.2e-02  5.0e-02	 0.05  0.04	13.8  2.9	  0.4	     0.2     0.5       0.2	  0.1	  0.4	 13.7	     1  					      
 893   054505.3-010925   05:45:05.35   -01:09:25.3   2.5e-02  4.4e-02	 0.16  0.08	11.4  1.3	  1.2	     1.0     3.1       0.5	  0.5	  2.8	  3.0	     2  		    tentative bound	      
 894   054507.4-010904   05:45:07.47   -01:09:04.3   8.8e-02  9.5e-02	 0.55  0.18	11.8  1.0	  1.6	     0.7     0.8       0.4	  0.2	  0.2	  3.2	     2  		    tentative bound	      
 895   054507.9-003725   05:45:07.91   -00:37:25.6   5.5e-02  6.8e-02	 0.05  0.03	17.6  3.6	  0.6	     0.1     0.2       0.2	  0.0	  0.1	 21.1	     1  					      
 896   054508.8-012514   05:45:08.87   -01:25:14.2   4.9e-02  6.3e-02	 0.10  0.03	15.3  1.6	  0.8	     0.3     0.5       0.3	  0.1	  0.2	  9.7	     1  					      
 897   054509.0-004626   05:45:09.01   -00:46:26.9   2.3e-02  4.0e-02	 0.08  0.06	12.6  2.2	  0.5	     0.6     1.8       0.2	  0.3	  1.7	  5.9	     1  					      
 898   054509.2-013609   05:45:09.20   -01:36:09.8   6.8e-02  8.0e-02	 0.11  0.08	15.2  2.4	  1.0	     0.2     0.3       0.3	  0.1	  0.1	 12.3	     1  					      
 899   054510.0-012235   05:45:10.06   -01:22:35.4   6.1e-02  7.1e-02	 0.41  0.08	13.4  0.7	  2.9	     1.0     1.3       0.9	  0.3	  0.5	  2.9	     2  		    tentative bound	      
 900   054511.9-004458   05:45:11.93   -00:44:58.9   2.8e-02  4.5e-02	 0.09  0.05	12.9  1.5	  0.7	     0.6     1.4       0.3	  0.3	  1.1	  5.9	     1  					      
 901   054512.2-014436   05:45:12.26   -01:44:36.9   2.5e-02  4.3e-02	 0.14  0.07	11.0  4.5	  0.5	     0.9     2.7       0.2	  0.5	  2.4	  3.5	     2         no SED fit   tentative bound	      
 902   054512.5-011337   05:45:12.50   -01:13:37.4   1.8e-02  3.5e-02	 0.04  0.02	17.0  1.9	  0.5	     0.4     1.4       0.2	  0.2	  1.8	  9.3	     3  					      
 903   054514.3-003751   05:45:14.30   -00:37:51.1   8.7e-02  9.4e-02	 0.76  0.17	13.5  0.8	  2.7	     1.0     1.2       0.7	  0.2	  0.3	  2.3	     2  		    tentative bound	      
 904   054514.8-031917   05:45:14.88   -03:19:17.1   8.1e-02  9.1e-02	 0.13  0.04	17.6  1.5	  0.6	     0.2     0.2       0.2	  0.0	  0.1	 12.4	     1  					      
 905   054515.5-012032   05:45:15.56   -01:20:32.1   5.1e-02  6.3e-02	 0.23  0.09	13.0  1.2	  1.3	     0.7     1.0       0.5	  0.2	  0.4	  4.4	     1  					      
 906   054516.4-011405   05:45:16.43   -01:14:05.1   4.2e-02  6.5e-02	 3.53  1.22	 8.8  0.7	 13.0	    10.0    23.6       4.4	  3.4	 12.3	  0.2	     2  					      
 907   054517.2-011530   05:45:17.25   -01:15:30.6   3.7e-02  5.5e-02	 1.78  0.89	11.0  4.5	  9.8	     7.0    15.3       3.6	  2.8	  9.0	  0.4	     3         no SED fit			      
 908   054517.3-004658   05:45:17.31   -00:46:58.9   4.4e-02  5.7e-02	 0.08  0.05	14.2  1.6	  0.6	     0.3     0.5       0.2	  0.1	  0.2	 11.0	     1  					      
 909   054517.5-013334   05:45:17.57   -01:33:34.4   4.1e-02  5.5e-02	 0.13  0.22	12.1  4.5	  1.0	     0.5     0.9       0.4	  0.2	  0.5	  6.4	     1  					      
 910   054517.7-032518   05:45:17.79   -03:25:18.5   3.4e-02  5.0e-02	 0.12  0.05	13.9  1.3	  1.2	     0.6     1.3       0.5	  0.3	  0.8	  5.4	     1  					      
 911   054517.9-004848   05:45:17.91   -00:48:48.3   3.3e-02  4.9e-02	 0.25  0.13	11.3  1.2	  2.0	     1.2     2.8       0.8	  0.6	  1.9	  2.5	     2  		    tentative bound	      
 912   054519.2-004519   05:45:19.23   -00:45:19.2   2.7e-02  4.4e-02	 0.06  0.13	13.3  4.5	  1.5	     0.4     1.0       0.6	  0.2	  0.8	  8.3	     1  					      
 913   054519.7-011051   05:45:19.75   -01:10:51.1   3.2e-02  5.0e-02	 0.07  0.03	13.8  1.6	  0.6	     0.3     0.8       0.2	  0.1	  0.6	  9.0	     1  					      
 914   054520.0-014709   05:45:20.00   -01:47:09.4   4.2e-02  5.7e-02	 0.21  0.06	12.4  0.9	  1.5	     0.8     1.5       0.5	  0.3	  0.8	  3.9	     2  		    tentative bound	      
 915   054522.9-011111   05:45:22.92   -01:11:11.1   2.9e-02  4.8e-02	 0.07  0.04	14.4  2.1	  0.6	     0.3     0.9       0.2	  0.2	  0.7	  8.6	     1  					      
 916   054523.1-013118   05:45:23.15   -01:31:18.9   2.0e-02  3.8e-02	 0.06  0.03	14.3  1.5	  0.6	     0.5     1.8       0.2	  0.3	  2.0	  6.7	     1  					      
 917   054523.3-014828   05:45:23.30   -01:48:28.8   3.0e-02  4.7e-02	 0.15  0.08	11.0  4.5	  0.5	     0.8     2.0       0.2	  0.4	  1.4	  3.9	     2         no SED fit   tentative bound	      
 918   054523.3-032202   05:45:23.31   -03:22:02.6   7.2e-02  8.1e-02	 0.09  0.03	17.8  1.5	  0.5	     0.2     0.2       0.1	  0.0	  0.1	 15.5	     1  					      
 919   054523.3-004450   05:45:23.36   -00:44:50.8   4.7e-02  6.0e-02	 0.05  0.04	17.1  2.7	  0.2	     0.2     0.3       0.1	  0.1	  0.1	 17.4	     1  					      
 920   054523.8-004638   05:45:23.84   -00:46:38.6   2.8e-02  4.5e-02	 0.38  0.10	11.6  0.7	  2.8	     2.2     5.5       1.1	  1.0	  4.3	  1.5	     2  					      
 921   054524.4-004801   05:45:24.42   -00:48:01.4   6.7e-02  7.8e-02	 0.82  0.29	11.0  0.8	  2.6	     1.6     2.2       0.8	  0.4	  0.7	  1.6	     2  					      
 922   054525.1-013950   05:45:25.13   -01:39:50.9   2.6e-02  4.3e-02	 0.16  0.08	11.0  4.5	  0.7	     1.1     3.0       0.3	  0.6	  2.5	  3.1	     2         no SED fit   tentative bound	      
 923   054525.3-005915   05:45:25.32   -00:59:15.7   3.8e-02  5.4e-02	 0.18  0.13	10.2  1.3	  0.9	     0.7     1.5       0.3	  0.3	  0.8	  4.2	     1  					      
 924   054525.7-010801   05:45:25.74   -01:08:01.8   3.9e-02  5.9e-02	 0.47  0.15	10.8  0.6	  1.5	     1.6     3.6       0.5	  0.6	  2.0	  1.7	     2  					      
 925   054526.3-015255   05:45:26.34   -01:52:55.1   1.2e-01  1.3e-01	 0.84  0.42	11.0  4.5	  1.9	     0.6     0.7       0.4	  0.1	  0.1	  2.8	     2         no SED fit   tentative bound	      
 926   054526.4-004706   05:45:26.43   -00:47:06.5   3.0e-02  4.7e-02	 0.58  0.12	11.2  0.6	  5.1	     3.2     7.8       2.0	  1.5	  5.7	  1.0	     2  					      
 927   054526.6-011752   05:45:26.61   -01:17:52.7   2.5e-02  4.2e-02	 0.18  0.10	10.9  1.3	  1.5	     1.2     3.3       0.6	  0.6	  2.9	  2.8	     2  		    tentative bound	      
 928   054527.0+002914   05:45:27.02   +00:29:14.5   4.8e-02  6.1e-02	 0.29  0.09	11.5  0.7	  1.2	     0.9     1.5       0.4	  0.3	  0.7	  3.3	     2  		    tentative bound	      
 929   054527.0-012147   05:45:27.05   -01:21:47.1   5.4e-02  7.0e-02	 0.10  0.06	16.8  2.8	  0.9	     0.3     0.4       0.3	  0.1	  0.2	 10.2	     1  					      
 930   054527.3-011651   05:45:27.35   -01:16:51.8   2.8e-02  4.8e-02	 0.06  0.05	14.3  2.8	  0.3	     0.3     0.9       0.1	  0.1	  0.7	  9.6	     1  					      
 931   054527.8-005331   05:45:27.89   -00:53:31.8   6.0e-02  7.0e-02	 0.49  0.09	12.4  0.6	  2.8	     1.2     1.6       0.9	  0.4	  0.6	  2.4	     2  		    tentative bound	      
 932   054528.8-011034   05:45:28.85   -01:10:34.4   3.0e-02  4.6e-02	 0.35  0.16	11.1  1.0	  3.7	     1.9     4.6       1.5	  0.9	  3.4	  1.7	     2  					      
 933   054530.9+002310   05:45:30.93   +00:23:10.6   6.6e-02  7.8e-02	 0.16  0.06	15.0  1.2	  0.7	     0.3     0.4       0.2	  0.1	  0.1	  8.1	     1  					      
 934   054530.9-005332   05:45:30.97   -00:53:32.2   3.1e-02  4.8e-02	 0.53  0.26	11.0  4.5	  3.2	     2.8     6.6       1.2	  1.3	  4.7	  1.2	     2         no SED fit			      
 935   054531.6-000530   05:45:31.62   -00:05:30.9   3.3e-02  5.2e-02	 0.19  0.10	11.0  4.5	  0.6	     0.9     2.1       0.2	  0.4	  1.4	  3.3	     2         no SED fit   tentative bound	      
 936   054531.8+002814   05:45:31.82   +00:28:14.7   1.8e-02  3.7e-02	 0.07  0.03	13.5  1.2	  0.5	     0.6     2.6       0.2	  0.3	  3.2	  5.0	     1  					      
 937   054531.9-012159   05:45:31.96   -01:21:59.4   3.1e-02  5.0e-02	 0.25  0.06	13.5  0.8	  1.8	     1.2     3.1       0.7	  0.5	  2.2	  2.5	     2  		    tentative bound	      
 938   054532.2-022921   05:45:32.21   -02:29:21.9   7.5e-02  8.3e-02	 0.12  0.03	16.5  1.4	  0.5	     0.2     0.2       0.2	  0.1	  0.1	 12.6	     1  					      
 939   054533.1-004746   05:45:33.14   -00:47:46.9   3.2e-02  4.9e-02	 0.34  0.10	11.9  0.7	  1.8	     1.6     3.8       0.7	  0.7	  2.6	  1.9	     2  					      
 940   054533.5-022138   05:45:33.59   -02:21:38.3   4.7e-02  5.9e-02	 0.03  0.01	19.9  2.4	  0.2	     0.1     0.2       0.1	  0.0	  0.1	 28.1	     1  					      
 941   054533.6+002918   05:45:33.62   +00:29:18.2   4.4e-02  5.9e-02	 0.72  0.29	10.5  0.9	  6.7	     2.4     4.5       2.4	  0.9	  2.3	  1.2	     2  					      
 942   054534.0-005815   05:45:34.05   -00:58:15.5   6.3e-02  7.3e-02	 1.30  0.74	 8.7  1.0	  6.0	     2.9     3.9       1.9	  0.9	  1.4	  1.0	     2  					      
 943   054534.5-011030   05:45:34.56   -01:10:30.1   2.5e-02  4.4e-02	 0.79  0.25	10.5  0.7	  8.9	     4.8    14.9       3.6	  2.4	 13.1	  0.6	     2  					      
 944   054534.7+011201   05:45:34.76   +01:12:01.5   4.4e-02  6.0e-02	 0.15  0.03	14.6  0.8	  1.0	     0.5     0.9       0.3	  0.2	  0.5	  5.8	     1  					      
 945   054535.0-005937   05:45:35.04   -00:59:37.5   3.8e-02  5.2e-02	 0.03  0.02	16.6  2.8	  0.2	     0.1     0.2       0.1	  0.1	  0.1	 26.1	     1  					      
 946   054535.1+003037   05:45:35.12   +00:30:37.8   3.7e-02  5.4e-02	 2.11  0.57	 9.1  0.4	 11.1	     8.5    18.6       4.1	  3.4	 11.1	  0.3	     2  					      
 947   054535.2+002350   05:45:35.29   +00:23:50.0   2.3e-02  4.1e-02	 0.05  0.03	13.7  2.1	  0.5	     0.3     1.1       0.2	  0.2	  1.0	  9.5	     1  					      
 948   054535.3-011001   05:45:35.34   -01:10:01.1   3.6e-02  5.0e-02	 0.34  0.15	11.0  0.9	  2.8	     1.6     3.2       1.1	  0.7	  2.0	  2.1	     2  		    tentative bound	      
 949   054536.2-005810   05:45:36.28   -00:58:10.6   3.2e-02  4.8e-02	 0.29  0.14	10.4  1.0	  3.4	     1.5     3.4       1.3	  0.7	  2.4	  2.2	     2  		    tentative bound	      
 950   054536.3-031448   05:45:36.34   -03:14:48.8   3.3e-02  5.0e-02	 0.08  0.02	14.8  1.1	  0.6	     0.4     0.8       0.2	  0.2	  0.6	  8.6	     1  					      
 951   054536.4-010905   05:45:36.43   -01:09:05.8   4.5e-02  6.7e-02	 0.87  0.44	11.0  4.5	  3.4	     2.3     5.1       1.1	  0.8	  2.5	  1.0	     2         no SED fit			      
 952   054536.8-004802   05:45:36.88   -00:48:02.4   3.8e-02  5.4e-02	 0.18  0.09	14.6  1.8	  1.4	     0.7     1.5       0.5	  0.3	  0.9	  4.1	     2  		    tentative bound	      
 953   054537.2-004655   05:45:37.22   -00:46:55.4   3.0e-02  4.7e-02	 0.09  0.06	11.7  1.6	  0.7	     0.5     1.2       0.3	  0.2	  0.9	  6.7	     1  					      
 954   054538.0-010637   05:45:38.03   -01:06:37.9   3.1e-02  4.9e-02	 0.62  0.31	 9.8  0.9	  5.6	     3.1     7.9       2.2	  1.4	  5.6	  1.0	     2  					      
 955   054538.2-004530   05:45:38.25   -00:45:30.3   4.6e-02  5.9e-02	 0.13  0.06	13.7  1.3	  0.3	     0.4     0.7       0.1	  0.2	  0.3	  7.3	     1  					      
 956   054538.3-012243   05:45:38.30   -01:22:43.0   7.1e-02  8.1e-02	 0.14  0.07	17.1  2.5	  0.6	     0.3     0.3       0.2	  0.1	  0.1	  9.9	     1  					      
 957   054538.3+002858   05:45:38.34   +00:28:58.6   5.2e-02  6.3e-02	 4.90  0.95	 8.6  0.3	 23.8	    14.5    21.6       8.2	  5.0	  9.2	  0.2	     2  					      
 958   054538.3+002416   05:45:38.35   +00:24:16.1   2.4e-02  4.1e-02	 0.07  0.04	13.0  1.6	  0.7	     0.5     1.5       0.3	  0.3	  1.4	  6.7	     1  					      
 959   054538.8-004734   05:45:38.83   -00:47:34.3   2.5e-02  4.4e-02	 0.15  0.07	12.6  1.2	  1.7	     0.9     2.8       0.7	  0.5	  2.4	  3.3	     2  		    tentative bound	      
 960   054540.4-010732   05:45:40.44   -01:07:32.2   2.6e-02  4.3e-02	 0.12  0.17	10.9  2.9	  1.2	     0.8     2.2       0.5	  0.4	  1.8	  4.2	     2  		    tentative bound	      
 961   054540.4-015038   05:45:40.47   -01:50:38.2   2.6e-02  4.3e-02	 0.05  0.02	15.1  1.5	  0.4	     0.3     0.9       0.1	  0.2	  0.8	  9.7	     1  					      
 962   054540.5+002719   05:45:40.57   +00:27:19.2   2.3e-02  4.2e-02	 0.52  0.18	10.3  0.7	  4.6	     3.4    11.6       1.9	  1.8	 11.0	  0.9	     2  					      
 963   054541.0-005231   05:45:41.00   -00:52:31.6   4.3e-02  6.2e-02	 1.24  0.22	10.3  0.4	  7.3	     3.8     7.9       2.5	  1.4	  4.0	  0.7	     2  					      
 964   054541.1-010815   05:45:41.17   -01:08:15.9   4.0e-02  5.3e-02	 0.46  0.23	11.0  4.5	  8.1	     2.0     3.5       3.0	  0.8	  1.9	  1.7	     2         no SED fit			      
 965   054542.2-002426   05:45:42.21   -00:24:26.5   3.7e-02  5.2e-02	 0.06  0.04	13.3  2.1	  0.6	     0.3     0.5       0.2	  0.1	  0.3	 11.5	     1  					      
 966   054542.2-021612   05:45:42.29   -02:16:12.1   5.4e-02  6.7e-02	 0.21  0.06	12.9  0.9	  1.2	     0.6     0.9       0.4	  0.2	  0.3	  5.0	     1  					      
 967   054542.4-010543   05:45:42.42   -01:05:43.2   2.7e-02  4.4e-02	 2.32  0.62	 7.8  0.3	 12.5	    14.2    37.4       5.0	  7.1	 30.2	  0.2	     2  					      
 968   054542.4+003438   05:45:42.48   +00:34:38.7   5.3e-02  6.5e-02	 0.26  0.06	12.1  0.7	  2.0	     0.7     1.1       0.7	  0.2	  0.4	  4.1	     1  					      
 969   054543.0+002707   05:45:43.05   +00:27:07.0   6.5e-02  7.4e-02	 0.68  0.17	12.3  0.7	  3.9	     1.5     1.9       1.2	  0.4	  0.7	  1.9	     2  					      
 970   054543.1-004727   05:45:43.10   -00:47:27.6   4.9e-02  6.1e-02	 0.47  0.14	11.9  0.8	  2.8	     1.5     2.3       1.0	  0.5	  1.0	  2.1	     2  		    tentative bound	      
 971   054543.3-010530   05:45:43.36   -01:05:30.5   3.4e-02  5.4e-02	 1.15  0.58	11.0  4.5	  4.8	     4.7    11.8       1.8	  1.9	  7.6	  0.6	     2         no SED fit			      
 972   054543.4+003858   05:45:43.48   +00:38:58.1   3.1e-02  4.8e-02	 0.05  0.02	14.2  1.0	  0.4	     0.3     0.7       0.2	  0.1	  0.5	 11.4	     1  					      
 973   054544.4+002259   05:45:44.47   +00:22:59.9   2.6e-02  4.3e-02	 0.03  0.02	15.7  2.2	  0.2	     0.2     0.5       0.1	  0.1	  0.4	 19.0	     3  					      
 974   054544.5+002541   05:45:44.53   +00:25:41.4   4.2e-02  6.3e-02	 0.74  0.20	10.2  0.6	  4.7	     2.2     5.0       1.6	  0.8	  2.6	  1.1	     2  					      
 975   054545.0-001621   05:45:45.03   -00:16:21.5   4.0e-02  5.6e-02	 0.04  0.02	15.7  2.7	  0.2	     0.1     0.3       0.1	  0.1	  0.1	 22.2	     1  					      
 976   054546.7-005912   05:45:46.74   -00:59:12.4   7.5e-02  8.3e-02	 0.46  0.23	11.0  4.5	  1.6	     0.8     1.0       0.5	  0.2	  0.3	  3.2	     2         no SED fit   tentative bound	      
 977   054547.5-015507   05:45:47.52   -01:55:07.6   6.0e-02  7.0e-02	 0.18  0.09	14.6  1.9	  0.9	     0.4     0.6       0.3	  0.1	  0.2	  6.5	     1  					      
 978   054547.6-001943   05:45:47.64   -00:19:43.8   2.6e-02  4.3e-02	 0.02  0.01	18.2  2.6	  0.2	     0.1     0.4       0.1	  0.1	  0.3	 22.5	     1  					      
 979   054547.8+004028   05:45:47.88   +00:40:28.5   6.3e-02  7.7e-02	 0.31  0.16	11.0  4.5	  1.0	     0.6     0.9       0.3	  0.2	  0.3	  4.0	     1         no SED fit			      
 980   054549.2-002346   05:45:49.23   -00:23:46.1   2.6e-02  4.3e-02	 0.03  0.01	15.2  1.4	  0.3	     0.2     0.6       0.1	  0.1	  0.5	 15.2	     1  					      
 981   054549.7-014055   05:45:49.73   -01:40:55.3   8.5e-02  9.3e-02	 0.18  0.09	15.5  2.1	  0.7	     0.2     0.3       0.2	  0.1	  0.1	  9.5	     1  					      
 982   054550.1+002602   05:45:50.19   +00:26:02.1   4.7e-02  5.9e-02	 0.49  0.12	12.9  0.8	  3.2	     1.7     2.6       1.1	  0.6	  1.2	  1.9	     2  					      
 983   054551.3+002809   05:45:51.36   +00:28:09.8   3.4e-02  5.1e-02	 0.02  0.01	18.1  3.7	  0.3	     0.1     0.2       0.1	  0.0	  0.1	 30.0	     1  					      
 984   054552.8-000247   05:45:52.82   -00:02:47.7   2.4e-02  4.1e-02	 0.05  0.02	16.3  1.9	  0.8	     0.4     1.1       0.3	  0.2	  1.0	  8.7	     1  					      
 985   054552.9-012450   05:45:52.90   -01:24:50.0   3.1e-02  4.9e-02	 0.37  0.12	12.0  1.0	  3.6	     1.9     4.6       1.4	  0.8	  3.2	  1.6	     2  					      
 986   054552.9-000123   05:45:52.95   -00:01:23.1   3.9e-02  5.4e-02	 0.16  0.04	12.8  0.9	  1.5	     0.7     1.3       0.5	  0.3	  0.7	  4.6	     1  					      
 987   054553.0-001257   05:45:53.00   -00:12:57.0   2.8e-02  4.6e-02	 0.71  0.15	10.8  0.5	  6.8	     3.9    10.9       2.7	  1.8	  8.6	  0.8	     2  					      
 988   054553.0-001041   05:45:53.07   -00:10:41.3   3.4e-02  5.3e-02	 0.43  0.12	12.6  0.9	  4.4	     1.9     4.4       1.6	  0.8	  2.8	  1.6	     2  					      
 989   054553.4-001849   05:45:53.43   -00:18:49.2   3.4e-02  5.1e-02	 0.19  0.07	11.7  1.0	  2.4	     0.9     2.0       0.9	  0.4	  1.3	  3.5	     2  		    tentative bound	      
 990   054554.3-001329   05:45:54.31   -00:13:29.5   5.3e-02  6.4e-02	 0.37  0.15	12.5  1.3	  3.9	     1.1     1.6       1.4	  0.4	  0.7	  2.8	     2  		    tentative bound	      
 991   054554.5+002644   05:45:54.59   +00:26:44.4   4.9e-02  6.2e-02	 0.52  0.33	 8.9  1.2	  5.0	     1.6     2.6       1.7	  0.6	  1.2	  1.9	     2  					      
 992   054554.7+004421   05:45:54.73   +00:44:21.8   2.7e-02  4.5e-02	 0.09  0.02	15.2  1.1	  1.2	     0.5     1.5       0.5	  0.3	  1.2	  5.8	     1  					      
 993   054554.9-000941   05:45:54.97   -00:09:41.6   3.8e-02  5.4e-02	 0.31  0.08	13.1  0.8	  2.9	     1.3     2.6       1.1	  0.5	  1.5	  2.4	     2  		    tentative bound	      
 994   054555.4-030259   05:45:55.49   -03:02:59.3   4.3e-02  5.8e-02	 0.21  0.08	16.9  1.7	  1.5	     0.7     1.4       0.5	  0.3	  0.7	  4.0	     2  		    tentative bound	      
 995   054555.5-015804   05:45:55.57   -01:58:04.9   5.4e-02  7.2e-02	 0.36  0.17	12.3  1.5	  2.0	     0.8     1.5       0.6	  0.3	  0.6	  3.0	     2  		    tentative bound	      
 996   054555.6+003225   05:45:55.62   +00:32:25.4   5.8e-02  6.9e-02	 0.04  0.02	18.3  2.6	  0.2	     0.1     0.1       0.1	  0.0	  0.1	 28.7	     1  					      
 997   054556.0-000812   05:45:56.01   -00:08:12.1   3.2e-02  4.9e-02	 0.26  0.06	12.4  0.7	  2.3	     1.3     3.1       0.9	  0.6	  2.1	  2.4	     2  		    tentative bound	      
 998   054556.5+002432   05:45:56.52   +00:24:32.6   3.4e-02  5.1e-02	 0.08  0.04	13.9  1.8	  0.9	     0.4     0.9       0.4	  0.2	  0.6	  7.9	     1  					      
 999   054556.8-012929   05:45:56.80   -01:29:29.2   4.0e-02  5.3e-02	 0.08  0.02	16.1  1.0	  0.8	     0.3     0.6       0.3	  0.1	  0.3	  9.4	     1  					      
1000   054557.3-000312   05:45:57.33   -00:03:12.9   3.1e-02  4.8e-02	 0.03  0.01	18.0  2.6	  0.3	     0.2     0.4       0.1	  0.1	  0.3	 20.0	     1  					      
1001   054557.8+002545   05:45:57.89   +00:25:45.0   3.0e-02  4.7e-02	 0.01  0.01	21.6  4.5	  0.1	     0.0     0.1       0.0	  0.0	  0.1	 77.2	     1  					      
1002   054558.4-001115   05:45:58.43   -00:11:15.3   3.2e-02  4.8e-02	 0.68  0.25	10.5  0.7	  6.7	     3.5     8.1       2.6	  1.6	  5.6	  0.9	     2  					      
1003   054558.8-001756   05:45:58.84   -00:17:56.3   2.6e-02  4.3e-02	 0.04  0.02	14.8  1.7	  0.4	     0.2     0.6       0.1	  0.1	  0.6	 14.1	     1  					      
1004   054558.9-030245   05:45:58.98   -03:02:45.9   4.3e-02  5.7e-02	 0.22  0.08	15.4  1.4	  1.4	     0.8     1.4       0.5	  0.3	  0.7	  3.9	     2  		    tentative bound	      
1005   054600.1-012519   05:46:00.16   -01:25:19.9   2.7e-02  4.5e-02	 0.35  0.10	11.6  0.7	  2.9	     2.0     5.7       1.1	  1.0	  4.7	  1.5	     2  					      
1006   054600.2-001701   05:46:00.22   -00:17:01.0   2.0e-02  3.8e-02	 0.05  0.03	14.9  2.0	  0.8	     0.4     1.4       0.3	  0.2	  1.6	  8.2	     1  					      
1007   054600.3+004221   05:46:00.30   +00:42:21.7   4.0e-02  5.6e-02	 0.22  0.04	13.1  0.7	  2.1	     0.8     1.6       0.8	  0.3	  0.9	  3.6	     2  		    tentative bound	      
1008   054600.4-005944   05:46:00.48   -00:59:44.6   4.1e-02  5.7e-02	 0.13  0.08	11.6  1.8	  1.3	     0.5     0.9       0.5	  0.2	  0.5	  6.4	     1  					      
1009   054601.6-020756   05:46:01.62   -02:07:56.6   3.6e-02  5.7e-02	 0.28  0.14	11.0  4.5	  1.2	     1.0     2.5       0.4	  0.4	  1.5	  2.5	     2         no SED fit   tentative bound	      
1010   054601.6+004548   05:46:01.67   +00:45:48.1   9.4e-02  1.0e-01	 0.85  0.15	13.6  0.7	  2.2	     1.0     1.1       0.6	  0.2	  0.3	  2.2	     2  		    tentative bound	      
1011   054602.3-010221   05:46:02.33   -01:02:21.0   3.1e-02  4.7e-02	 0.14  0.04	12.1  0.7	  1.5	     0.8     1.8       0.6	  0.4	  1.3	  4.2	     2  		    tentative bound	      
1012   054602.4-002046   05:46:02.45   -00:20:46.2   7.8e-02  8.6e-02	 0.04  0.02	22.2  4.0	  0.4	     0.1     0.1       0.1	  0.0	  0.0	 38.4	     1  					      
1013   054602.8-001734   05:46:02.81   -00:17:34.2   2.5e-02  4.2e-02	 0.09  0.04	11.9  1.1	  0.5	     0.6     1.7       0.2	  0.3	  1.5	  5.4	     1  					      
1014   054603.5-001450   05:46:03.56   -00:14:50.5   2.2e-02  3.9e-02	 1.78  0.35	13.8  0.8	 14.2	    13.6    45.7       5.9	  7.6	 46.5	  0.2	     3  					      
1015   054604.3-001627   05:46:04.38   -00:16:27.4   2.9e-02  4.6e-02	 1.14  0.28	 9.7  0.5	 11.4	     6.4    15.7       4.5	  3.0	 11.7	  0.5	     2  					      
1016   054604.6-001417   05:46:04.60   -00:14:17.8   1.9e-02  3.8e-02	 3.76  1.88	11.0  4.5	 18.2	    30.7   118.1       7.7	 17.6	133.0	  0.1	     3         no SED fit			      
1017   054604.7-024431   05:46:04.78   -02:44:31.6   4.4e-02  5.9e-02	 0.11  0.04	15.0  1.2	  0.8	     0.4     0.7       0.3	  0.1	  0.3	  7.7	     1  					      
1018   054604.9-000615   05:46:04.94   -00:06:15.1   3.8e-02  5.8e-02	 0.28  0.16	11.7  1.5	  1.7	     1.0     2.3       0.6	  0.4	  1.3	  2.7	     2  		    tentative bound	      
1019   054604.9-000410   05:46:04.98   -00:04:10.6   4.5e-02  6.3e-02	 0.06  0.02	20.6  2.5	  0.8	     0.2     0.4       0.3	  0.1	  0.2	 14.7	     1  					      
1020   054605.5-000725   05:46:05.54   -00:07:25.4   3.7e-02  5.5e-02	 0.28  0.23	10.4  1.7	  2.2	     1.1     2.5       0.8	  0.5	  1.5	  2.6	     2  		    tentative bound	      
1021   054607.1-001333   05:46:07.19   -00:13:33.8   1.8e-02  3.7e-02	10.02  2.05	14.6  1.0	 67.8	    85.2   377.4      28.8	 50.0	465.9	  0.0	     3  					      
1022   054607.5-001754   05:46:07.50   -00:17:54.6   2.9e-02  4.6e-02	 0.03  0.02	14.9  2.5	  0.3	     0.2     0.5       0.1	  0.1	  0.4	 16.3	     1  					      
1023   054607.5+002421   05:46:07.56   +00:24:21.6   2.9e-02  4.6e-02	 0.03  0.04	15.5  4.5	  2.2	     0.2     0.4       0.9	  0.1	  0.3	 19.9	     1  					      
1024   054607.6-001154   05:46:07.67   -00:11:54.7   2.2e-02  4.0e-02	 4.74  0.79	12.3  0.8	 32.6	    34.6   118.5      13.5	 18.8	119.1	  0.1	     3  					      
1025   054608.1-001001   05:46:08.15   -00:10:01.2   1.9e-02  3.8e-02	 2.31  0.51	16.3  1.2	 21.1	    19.3    79.6       8.9	 11.2	 94.0	  0.2	     3  					      
1026   054608.3-001044   05:46:08.37   -00:10:44.2   1.9e-02  3.8e-02	10.19  2.00	11.9  0.6	 71.6	    84.2   337.6      30.3	 48.7	390.9	  0.0	     3  					      
1027   054608.9-015720   05:46:08.93   -01:57:20.7   3.9e-02  5.5e-02	 0.03  0.03	17.0  3.4	  0.6	     0.1     0.3       0.2	  0.1	  0.2	 21.8	     1  					      
1028   054608.9-020508   05:46:08.97   -02:05:08.9   3.2e-02  5.1e-02	 0.04  0.02	15.4  1.9	  0.3	     0.2     0.5       0.1	  0.1	  0.4	 14.0	     1  					      
1029   054609.1-024414   05:46:09.15   -02:44:14.1   5.7e-02  6.9e-02	 0.13  0.03	14.4  1.1	  1.0	     0.3     0.5       0.3	  0.1	  0.2	  8.5	     1  					      
1030   054609.3-021818   05:46:09.37   -02:18:18.6   6.8e-02  7.8e-02	 0.25  0.07	14.3  1.0	  0.7	     0.5     0.6       0.2	  0.1	  0.2	  5.5	     1  					      
1031   054609.4+002343   05:46:09.40   +00:23:43.5   2.8e-02  4.5e-02	 0.12  0.11	12.8  2.1	  2.7	     0.7     1.8       1.1	  0.3	  1.4	  4.6	     1  					      
1032   054610.0-001218   05:46:10.08   -00:12:18.2   2.2e-02  3.9e-02	 1.76  0.88	11.0  4.5	 18.1	    13.5    45.1       7.6	  7.5	 45.8	  0.2	     3         no SED fit			      
1033   054611.1-001533   05:46:11.15   -00:15:33.8   2.8e-02  4.6e-02	 0.03  0.03	15.8  3.5	  0.4	     0.2     0.5       0.2	  0.1	  0.4	 17.8	     1  					      
1034   054611.3-005752   05:46:11.34   -00:57:52.9   4.8e-02  6.2e-02	 0.15  0.06	14.1  1.3	  0.8	     0.5     0.8       0.3	  0.2	  0.4	  6.1	     1  					      
1035   054611.6-013237   05:46:11.66   -01:32:37.7   3.8e-02  5.8e-02	 0.46  0.13	11.5  0.6	  2.8	     1.6     3.7       1.0	  0.6	  2.1	  1.7	     2  					      
1036   054612.2-000716   05:46:12.27   -00:07:16.5   2.8e-02  4.5e-02	 0.07  0.05	15.2  2.7	  0.8	     0.4     1.0       0.3	  0.2	  0.8	  8.3	     1  					      
1037   054612.3-000950   05:46:12.32   -00:09:50.3   2.7e-02  4.4e-02	 2.34  1.21	10.0  1.0	 17.4	    14.6    38.5       7.1	  7.3	 31.3	  0.2	     2  					      
1038   054612.9+002351   05:46:12.90   +00:23:51.8   5.3e-02  6.6e-02	 1.01  0.39	12.0  0.8	  7.3	     2.8     4.2       2.5	  0.9	  1.8	  1.0	     2  					      
1039   054613.1-000606   05:46:13.13   -00:06:06.9   2.4e-02  4.1e-02	 1.33  0.31	15.7  1.1	 11.9	     9.2    27.9       4.9	  4.9	 25.7	  0.4	     3  					      
1040   054613.3+000255   05:46:13.35   +00:02:55.9   4.1e-02  5.4e-02	 0.03  0.01	19.1  2.6	  0.1	     0.1     0.2       0.0	  0.0	  0.1	 31.7	     1  					      
1041   054613.5-000523   05:46:13.51   -00:05:23.7   3.2e-02  4.9e-02	 2.67  0.50	11.3  0.5	 22.4	    13.5    30.9       8.7	  6.1	 21.1	  0.2	     3  					      
1042   054613.8-000250   05:46:13.83   -00:02:50.2   3.7e-02  5.4e-02	 0.07  0.04	21.3  4.5	  1.0	     0.3     0.6       0.4	  0.1	  0.3	 10.6	     1  					      
1043   054614.6+004133   05:46:14.65   +00:41:33.8   5.1e-02  6.4e-02	 0.15  0.04	15.0  1.2	  0.9	     0.4     0.7       0.3	  0.1	  0.3	  6.7	     1  					      
1044   054615.1-012703   05:46:15.16   -01:27:03.1   6.5e-02  7.5e-02	 0.03  0.02	19.4  4.5	  0.2	     0.1     0.1       0.1	  0.0	  0.0	 43.0	     1  					      
1045   054615.7+002957   05:46:15.72   +00:29:57.4   3.0e-02  4.7e-02	 0.06  0.03	14.5  1.4	  0.6	     0.3     0.8       0.2	  0.2	  0.6	  9.2	     1  					      
1046   054615.7-013051   05:46:15.79   -01:30:51.9   3.4e-02  5.1e-02	 0.17  0.07	12.9  1.1	  1.1	     0.7     1.7       0.4	  0.3	  1.1	  4.1	     2  		    tentative bound	      
1047   054615.8-000707   05:46:15.83   -00:07:07.9   4.9e-02  6.1e-02	 0.13  0.07	14.8  1.8	  0.3	     0.4     0.7       0.1	  0.2	  0.3	  7.4	     1  					      
1048   054615.9+002225   05:46:15.98   +00:22:25.6   4.4e-02  5.8e-02	 0.75  0.24	10.7  0.7	  6.5	     2.6     4.6       2.4	  1.0	  2.3	  1.2	     2  					      
1049   054616.1-000039   05:46:16.11   -00:00:39.8   4.9e-02  6.1e-02	 0.22  0.09	22.5  3.9	  2.5	     0.7     1.1       0.9	  0.3	  0.5	  4.3	     1  					      
1050   054617.4-013229   05:46:17.46   -01:32:29.5   2.9e-02  4.6e-02	 0.18  0.11	11.8  1.2	  1.4	     1.0     2.5       0.6	  0.5	  1.9	  3.2	     2  		    tentative bound	      
1051   054617.6+005050   05:46:17.68   +00:50:50.0   1.0e-01  1.1e-01	 0.47  0.09	15.0  0.8	  1.1	     0.5     0.5       0.3	  0.1	  0.1	  4.3	     1  					      
1052   054618.4-001032   05:46:18.49   -00:10:32.4   3.6e-02  5.5e-02	 0.78  0.26	11.1  0.9	  6.3	     3.0     7.2       2.3	  1.2	  4.4	  0.9	     2  					      
1053   054618.5-013358   05:46:18.59   -01:33:58.7   5.2e-02  6.5e-02	 0.61  0.30	11.0  4.5	  4.6	     1.7     2.6       1.6	  0.6	  1.1	  1.7	     2         no SED fit			      
1054   054618.8-024543   05:46:18.80   -02:45:43.6   2.6e-02  4.3e-02	 0.06  0.03	14.4  1.8	  0.6	     0.4     1.1       0.2	  0.2	  0.9	  8.5	     1  					      
1055   054618.8+000308   05:46:18.83   +00:03:08.6   6.3e-02  7.2e-02	 0.09  0.04	22.2  3.1	  0.7	     0.2     0.3       0.2	  0.1	  0.1	 13.7	     1  					      
1056   054619.1-001514   05:46:19.12   -00:15:14.3   3.3e-02  5.1e-02	 0.41  0.37	10.4  2.3	  4.1	     1.9     4.4       1.6	  0.8	  2.9	  1.6	     2  					      
1057   054619.1-020522   05:46:19.17   -02:05:22.2   2.7e-02  4.5e-02	 0.12  0.09	12.3  2.3	  1.4	     0.7     2.0       0.6	  0.3	  1.6	  4.4	     2  		    tentative bound	      
1058   054619.5-000521   05:46:19.51   -00:05:21.8   1.8e-02  3.5e-02	 0.01  0.01	20.9  3.6	  0.1	     0.1     0.4       0.1	  0.1	  0.5	 33.3	     3  					      
1059   054620.6+002817   05:46:20.67   +00:28:17.4   3.8e-02  5.4e-02	 1.48  0.48	 9.6  0.5	 10.4	     6.1    12.3       3.9	  2.5	  7.1	  0.5	     2  					      
1060   054620.7+001524   05:46:20.73   +00:15:24.7   3.3e-02  5.1e-02	 0.01  0.01	20.9  4.4	  0.2	     0.1     0.1       0.1	  0.0	  0.1	 49.2	     1  					      
1061   054620.8+002615   05:46:20.82   +00:26:15.6   4.4e-02  5.8e-02	 0.94  0.55	12.0  1.5	  8.3	     3.3     5.9       3.0	  1.3	  3.0	  0.9	     2  					      
1062   054621.3-013229   05:46:21.30   -01:32:29.5   3.4e-02  5.4e-02	 0.53  0.30	10.5  1.1	  3.8	     2.2     5.6       1.4	  0.9	  3.6	  1.2	     2  					      
1063   054621.3+000220   05:46:21.31   +00:02:20.7   3.4e-02  5.0e-02	 0.33  0.27	13.1  2.7	  2.7	     1.6     3.4       1.1	  0.7	  2.2	  2.0	     2  		    tentative bound	      
1064   054621.5+002340   05:46:21.53   +00:23:40.1   3.3e-02  5.0e-02	 1.02  1.47	 8.7  2.1	  6.4	     4.8    11.2       2.4	  2.1	  7.4	  0.6	     2  					      
1065   054621.6+000457   05:46:21.64   +00:04:57.3   2.8e-02  4.5e-02	 0.11  0.06	14.0  1.8	  0.8	     0.6     1.6       0.3	  0.3	  1.3	  5.1	     1  					      
1066   054621.9-001552   05:46:21.99   -00:15:52.2   3.9e-02  5.7e-02	 0.21  0.13	12.0  1.3	  1.6	     0.8     1.7       0.6	  0.3	  0.9	  3.6	     2  		    tentative bound	      
1067   054622.0-000420   05:46:22.08   -00:04:20.0   6.0e-02  7.0e-02	 0.05  0.01	16.3  4.5	  0.8	     0.1     0.2       0.3	  0.0	  0.1	 23.3	     1  					      
1068   054622.9-005945   05:46:22.92   -00:59:45.3   2.9e-02  4.5e-02	 0.08  0.05	12.7  2.1	  1.0	     0.5     1.2       0.4	  0.2	  0.9	  6.7	     1  					      
1069   054623.1-002305   05:46:23.16   -00:23:05.4   4.6e-02  5.9e-02	 0.59  0.12	12.3  0.6	  4.7	     2.0     3.3       1.7	  0.7	  1.6	  1.6	     2  					      
1070   054623.2+000602   05:46:23.25   +00:06:02.7   7.0e-02  8.1e-02	 0.59  0.18	14.9  1.1	  3.2	     1.1     1.4       1.0	  0.3	  0.5	  2.3	     2  		    tentative bound	      
1071   054623.2-001637   05:46:23.25   -00:16:37.4   2.7e-02  4.4e-02	 0.13  0.05	13.3  1.1	  1.8	     0.8     2.1       0.7	  0.4	  1.7	  4.1	     2  		    tentative bound	      
1072   054624.1+002236   05:46:24.14   +00:22:36.6   2.9e-02  4.6e-02	 1.37  0.68	11.0  4.5	  8.0	     7.7    18.9       3.2	  3.6	 14.2	  0.4	     2         no SED fit			      
1073   054624.2-000000   05:46:24.29   -00:00:00.9   3.7e-02  5.2e-02	 6.60  1.82	10.9  0.8	 56.4	    28.8    58.5      21.4	 12.1	 35.0	  0.1	     2  					      
1074   054624.3-013135   05:46:24.30   -01:31:35.8   6.1e-02  7.1e-02	 2.86  0.59	 9.8  0.5	 16.4	     6.7     9.0       5.3	  2.1	  3.2	  0.4	     2  					      
1075   054624.5+001652   05:46:24.51   +00:16:52.9   2.8e-02  4.6e-02	 0.04  0.02	16.6  1.5	  0.5	     0.2     0.7       0.2	  0.1	  0.5	 12.7	     1  					      
1076   054624.6-000820   05:46:24.68   -00:08:20.0   2.6e-02  4.3e-02	 0.01  0.01	22.0  3.5	  0.1	     0.1     0.2       0.0	  0.0	  0.2	 39.5	     1  					      
1077   054624.7-001508   05:46:24.78   -00:15:08.5   2.6e-02  4.5e-02	 0.05  0.05	15.0  3.0	  0.5	     0.3     0.9       0.2	  0.2	  0.8	  9.5	     1  					      
1078   054625.3+002455   05:46:25.39   +00:24:55.1   5.7e-02  6.9e-02	 3.56  1.22	 9.5  0.6	 16.5	     8.9    12.9       5.4	  2.8	  4.9	  0.3	     2  					      
1079   054625.4-014559   05:46:25.42   -01:45:59.3   5.0e-02  6.5e-02	 0.08  0.03	20.6  2.7	  0.5	     0.2     0.4       0.2	  0.1	  0.2	 12.8	     1  					      
1080   054625.6+003601   05:46:25.69   +00:36:01.3   1.1e-01  1.1e-01	 0.15  0.04	15.8  1.4	  0.6	     0.1     0.2       0.1	  0.0	  0.0	 14.1	     1  					      
1081   054625.7-000507   05:46:25.75   -00:05:07.8   3.2e-02  4.9e-02	 0.01  0.01	19.4  4.5	  0.2	     0.1     0.1       0.1	  0.0	  0.1	 59.2	     1  					      
1082   054625.9-002408   05:46:25.92   -00:24:08.2   3.0e-02  4.7e-02	 0.16  0.07	13.8  1.3	  1.7	     0.9     2.1       0.7	  0.4	  1.5	  3.7	     2  		    tentative bound	      
1083   054626.1+002210   05:46:26.12   +00:22:10.7   2.1e-02  3.9e-02	 6.86  4.95	 6.6  0.8	  6.0	    53.1   182.3       2.5	 29.8	189.1	  0.1	     2  					      
1084   054626.3-013150   05:46:26.35   -01:31:50.3   1.8e-02  3.5e-02	 0.29  0.07	14.6  1.0	  3.1	     2.7    11.1       1.3	  1.7	 13.8	  1.2	     3  					      
1085   054626.6+001103   05:46:26.67   +00:11:03.3   9.0e-02  9.9e-02	 0.07  0.04	28.1  4.5	  0.4	     0.1     0.1       0.1	  0.0	  0.0	 26.9	     1  					      
1086   054626.7+000107   05:46:26.77   +00:01:07.9   2.6e-02  4.4e-02	 9.29  1.76	 9.2  0.3	 70.6	    57.9   163.9      28.6	 29.1	138.5	  0.1	     2  					      
1087   054627.1-002238   05:46:27.16   -00:22:38.9   2.6e-02  4.3e-02	 0.05  0.05	15.1  3.8	  0.7	     0.3     0.8       0.3	  0.2	  0.7	 11.0	     1  					      
1088   054627.2+003028   05:46:27.21   +00:30:28.2   7.4e-02  8.2e-02	 0.18  0.09	13.8  2.5	  1.0	     0.3     0.4       0.3	  0.1	  0.1	  8.3	     1  					      
1089   054627.2+002701   05:46:27.25   +00:27:01.7   3.9e-02  5.8e-02	 0.46  0.22	11.6  0.8	  3.0	     1.6     3.6       1.1	  0.6	  2.0	  1.7	     2  					      
1090   054627.2-000311   05:46:27.29   -00:03:11.1   1.8e-02  3.5e-02	 0.08  0.04	13.5  1.5	  3.8	     0.8     3.1       1.6	  0.5	  3.8	  4.3	     2  		    tentative bound	      
1091   054627.8-000053   05:46:27.84   -00:00:53.6   2.4e-02  4.1e-02	 9.34  4.67	11.0  4.5	 48.9	    64.6   187.6      20.2	 34.2	169.1	  0.1	     3         no SED fit			      
1092   054627.9-000141   05:46:27.96   -00:01:41.3   2.8e-02  4.5e-02	 3.63  1.55	 9.4  0.6	 29.1	    21.3    53.9      11.7	 10.4	 41.8	  0.2	     2  					      
1093   054628.0-002413   05:46:28.01   -00:24:13.8   3.7e-02  5.5e-02	 0.77  0.37	10.5  0.9	  4.5	     3.0     6.6       1.7	  1.2	  3.9	  1.0	     2  					      
1094   054628.1+000950   05:46:28.16   +00:09:50.2   2.4e-02  4.1e-02	 0.18  0.21	10.5  2.4	  1.3	     1.3     3.7       0.5	  0.7	  3.4	  2.6	     2  		    tentative bound	      
1095   054628.2+001927   05:46:28.28   +00:19:27.8   1.8e-02  3.5e-02	 4.70  1.01	10.5  0.5	 48.4	    44.8   179.4      20.9	 27.9	222.8	  0.1	     3  					      
1096   054628.3+000635   05:46:28.35   +00:06:35.7   2.5e-02  4.2e-02	 0.05  0.03	18.3  3.2	  0.6	     0.3     0.9       0.2	  0.2	  0.8	 10.4	     1  					      
1097   054628.4+001429   05:46:28.49   +00:14:29.1   6.2e-02  7.3e-02	 0.07  0.02	19.2  2.0	  0.5	     0.1     0.2       0.2	  0.0	  0.1	 18.7	     1  					      
1098   054628.5+000425   05:46:28.51   +00:04:25.4   2.9e-02  4.6e-02	 2.58  1.06	 9.4  0.7	 13.2	    14.4    37.3       5.3	  6.8	 28.6	  0.2	     2  					      
1099   054628.6-010839   05:46:28.61   -01:08:39.7   5.2e-02  6.4e-02	 0.16  0.05	15.6  1.2	  0.9	     0.5     0.7       0.3	  0.2	  0.3	  6.4	     1  					      
1100   054628.7+002110   05:46:28.72   +00:21:10.5   3.0e-02  4.9e-02	 2.80  1.40	11.0  4.5	 13.7	    13.8    37.4       5.3	  6.2	 27.5	  0.2	     2         no SED fit			      
1101   054628.9+001244   05:46:28.90   +00:12:44.9   5.3e-02  6.6e-02	 0.11  0.03	15.1  1.1	  0.9	     0.3     0.5       0.3	  0.1	  0.2	  9.1	     1  					      
1102   054629.0-013403   05:46:29.04   -01:34:03.9   2.7e-02  4.4e-02	 0.08  0.03	12.9  1.0	  0.2	     0.5     1.3       0.1	  0.2	  1.0	  6.8	     1  					      
1103   054629.2-005824   05:46:29.21   -00:58:24.3   4.7e-02  5.9e-02	 0.30  0.07	12.1  0.8	  3.2	     1.0     1.6       1.2	  0.4	  0.8	  3.1	     2  		    tentative bound	      
1104   054629.2-000620   05:46:29.24   -00:06:20.0   2.9e-02  4.6e-02	 0.02  0.01	17.6  2.4	  0.2	     0.1     0.3       0.1	  0.1	  0.2	 26.9	     1  					      
1105   054629.2-001544   05:46:29.28   -00:15:44.6   3.7e-02  5.2e-02	 1.51  0.27	11.7  0.5	 13.3	     6.6    13.2       5.0	  2.8	  7.8	  0.5	     2  					      
1106   054629.3+000453   05:46:29.37   +00:04:53.1   2.6e-02  4.3e-02	 0.46  0.20	13.9  1.3	  4.9	     3.0     8.0       2.0	  1.5	  6.8	  1.1	     2  					      
1107   054630.0-000517   05:46:30.06   -00:05:17.3   3.6e-02  5.1e-02	 0.04  0.03	14.4  1.2	  0.5	     0.2     0.4       0.2	  0.1	  0.2	 16.8	     1  					      
1108   054630.8-000234   05:46:30.86   -00:02:34.9   1.8e-02  3.6e-02	 4.19  0.86	13.9  0.8	 40.7	    38.7   159.8      17.5	 23.6	198.6	  0.1	     3  					      
1109   054631.1-002108   05:46:31.13   -00:21:08.0   4.4e-02  5.8e-02	 0.09  0.04	14.8  2.1	  1.0	     0.3     0.5       0.4	  0.1	  0.3	  9.8	     1  					      
1110   054632.1+002737   05:46:32.19   +00:27:37.4   3.9e-02  5.6e-02	 7.96  1.86	 8.1  0.4	 53.1	    29.6    61.5      19.4	 11.5	 34.4	  0.1	     2  					      
1111   054633.3-000003   05:46:33.39   -00:00:03.1   1.8e-02  3.7e-02	 1.56  0.46	13.7  1.0	 18.1	    13.7    59.5       7.7	  8.1	 74.0	  0.2	     3  					      
1112   054634.0-000132   05:46:34.02   -00:01:32.0   1.8e-02  3.6e-02	 0.17  0.13	11.5  1.6	  4.5	     1.5     6.4       1.9	  0.9	  8.0	  2.1	     2  		    tentative bound	      
1113   054634.1-000844   05:46:34.10   -00:08:44.1   2.7e-02  4.5e-02	 0.15  0.11	11.9  2.0	  1.4	     0.9     2.5       0.6	  0.4	  2.0	  3.5	     2  		    tentative bound	      
1114   054634.2+000530   05:46:34.22   +00:05:30.6   4.8e-02  6.0e-02	 1.39  0.46	13.2  1.0	  8.9	     4.6     7.1       3.1	  1.7	  3.2	  0.7	     2  					      
1115   054634.6+002413   05:46:34.60   +00:24:13.8   1.8e-02  3.5e-02	 0.43  0.21	11.0  4.5	  6.6	     4.1    16.2       2.9	  2.5	 20.2	  0.8	     2         no SED fit			      
1116   054634.6+002329   05:46:34.67   +00:23:29.4   6.5e-02  7.4e-02	 1.30  0.41	13.1  0.9	  9.2	     2.8     3.7       2.9	  0.8	  1.2	  1.0	     2  					      
1117   054634.7-005743   05:46:34.76   -00:57:43.1   3.3e-02  5.1e-02	 0.65  0.15	10.2  0.5	  6.1	     3.0     7.0       2.4	  1.3	  4.7	  1.0	     2  					      
1118   054634.8+002432   05:46:34.87   +00:24:32.0   4.7e-02  6.0e-02	 1.14  0.48	11.6  1.0	 10.3	     3.8     6.1       3.7	  1.4	  2.9	  0.8	     2  					      
1119   054635.1+000032   05:46:35.18   +00:00:32.0   2.5e-02  4.2e-02	 6.64  3.32	11.0  4.5	 51.3	    44.2   123.2      21.0	 22.9	106.8	  0.1	     2         no SED fit			      
1120   054635.7-002606   05:46:35.77   -00:26:06.5   5.6e-02  6.7e-02	 0.59  0.15	12.9  0.7	  3.4	     1.6     2.2       1.1	  0.5	  0.9	  1.9	     2  					      
1121   054635.8-001944   05:46:35.82   -00:19:44.1   3.0e-02  4.7e-02	 0.01  0.01	21.1  4.2	  0.2	     0.1     0.2       0.1	  0.0	  0.1	 43.7	     1  					      
1122   054636.0-013411   05:46:36.06   -01:34:11.3   3.1e-02  4.9e-02	 0.19  0.07	13.0  1.1	  2.1	     0.9     2.3       0.8	  0.4	  1.6	  3.3	     2  		    tentative bound	      
1123   054636.1+000547   05:46:36.17   +00:05:47.0   2.4e-02  4.3e-02	 1.95  0.48	12.6  0.7	 16.3	    12.7    41.3       6.6	  6.5	 38.2	  0.2	     2  					      
1124   054636.2-000124   05:46:36.20   -00:01:24.7   3.3e-02  5.1e-02	 0.92  0.56	11.0  1.4	  7.3	     4.1    10.0       2.8	  1.8	  6.6	  0.7	     2  					      
1125   054636.5-013255   05:46:36.59   -01:32:55.4   7.2e-02  8.2e-02	 0.80  0.19	14.9  0.9	  3.7	     1.4     1.8       1.1	  0.4	  0.6	  1.8	     2  					      
1126   054636.6-002203   05:46:36.64   -00:22:03.8   2.4e-02  4.3e-02	 0.04  0.04	14.5  3.8	  0.2	     0.2     0.8       0.1	  0.1	  0.7	 12.6	     1  					      
1127   054636.8-000623   05:46:36.84   -00:06:23.8   2.8e-02  4.8e-02	 0.06  0.01	16.7  1.3	  0.9	     0.3     0.9       0.4	  0.1	  0.7	  9.5	     1  					      
1128   054637.4-002641   05:46:37.44   -00:26:41.1   3.1e-02  4.9e-02	 0.30  0.10	11.9  0.8	  2.7	     1.5     3.7       1.1	  0.7	  2.6	  2.0	     2  		    tentative bound	      
1129   054637.6+000033   05:46:37.69   +00:00:33.2   2.3e-02  4.0e-02	 6.26  1.14	11.6  0.5	 54.5	    45.7   141.7      22.7	 24.8	135.6	  0.1	     3  					      
1130   054637.7-000451   05:46:37.72   -00:04:51.8   2.6e-02  4.5e-02	 0.04  0.02	16.7  1.7	  0.7	     0.2     0.8       0.3	  0.1	  0.6	 12.0	     1  					      
1131   054637.7+004906   05:46:37.75   +00:49:06.6   6.0e-02  7.2e-02	 0.19  0.08	14.5  1.5	  1.2	     0.4     0.6       0.4	  0.1	  0.2	  6.2	     1  					      
1132   054637.8+002704   05:46:37.82   +00:27:04.0   3.5e-02  5.4e-02	 3.72  0.95	 9.1  0.4	 30.3	    15.1    36.6      11.3	  6.1	 23.1	  0.2	     2  					      
1133   054639.2+002001   05:46:39.27   +00:20:01.6   3.3e-02  5.0e-02	 0.22  0.11	11.0  4.5	  2.0	     1.0     2.3       0.8	  0.4	  1.5	  3.0	     2         no SED fit   tentative bound	      
1134   054639.3+003503   05:46:39.31   +00:35:03.4   3.2e-02  5.1e-02	 0.05  0.02	13.6  1.6	  0.4	     0.2     0.5       0.1	  0.1	  0.4	 13.3	     1  					      
1135   054639.3+000110   05:46:39.31   +00:01:10.0   1.8e-02  3.5e-02	 4.06  0.74	14.0  0.8	 27.9	    38.7   154.9      12.1	 24.1	192.4	  0.1	     3  					      
1136   054639.7+000416   05:46:39.78   +00:04:16.9   2.2e-02  4.0e-02	 0.29  0.10	21.7  2.7	  3.5	     2.1     6.9       1.5	  1.2	  6.8	  1.5	     2  					      
1137   054640.3+000031   05:46:40.32   +00:00:31.1   3.8e-02  5.2e-02	13.43  2.68	 9.7  0.4	 87.1	    58.7   111.0      33.0	 24.7	 64.2	  0.1	     2  					      
1138   054640.7-005435   05:46:40.70   -00:54:35.4   3.3e-02  4.9e-02	 0.23  0.09	11.6  1.0	  2.8	     1.1     2.5       1.1	  0.5	  1.6	  2.9	     2  		    tentative bound	      
1139   054641.1+003644   05:46:41.14   +00:36:44.1   9.6e-02  1.0e-01	 0.54  0.20	12.6  1.2	  2.5	     0.6     0.7       0.6	  0.1	  0.2	  3.5	     1  					      
1140   054641.2+000304   05:46:41.21   +00:03:04.0   3.4e-02  5.4e-02	 0.28  0.18	17.7  2.7	  2.4	     1.2     2.8       0.9	  0.5	  1.8	  2.4	     2  		    tentative bound	      
1141   054641.7-010235   05:46:41.79   -01:02:35.8   4.0e-02  5.5e-02	 0.60  0.13	11.6  0.6	  3.8	     2.4     4.5       1.4	  1.0	  2.5	  1.3	     2  					      
1142   054641.9+001400   05:46:41.92   +00:14:00.3   3.5e-02  5.2e-02	 0.09  0.02	15.5  1.0	  0.9	     0.4     0.8       0.3	  0.2	  0.5	  7.9	     1  					      
1143   054641.9+002236   05:46:41.98   +00:22:36.0   3.1e-02  5.1e-02	 0.12  0.06	14.7  1.6	  1.1	     0.6     1.5       0.4	  0.2	  1.0	  5.1	     1  					      
1144   054642.0+003322   05:46:42.03   +00:33:22.5   3.1e-02  4.7e-02	 0.13  0.03	12.8  0.8	  1.3	     0.7     1.7       0.5	  0.3	  1.2	  4.6	     1  					      
1145   054642.0-002313   05:46:42.07   -00:23:13.6   3.2e-02  5.2e-02	 0.04  0.03	17.1  3.8	  0.6	     0.2     0.5       0.2	  0.1	  0.3	 16.1	     1  					      
1146   054642.2+000834   05:46:42.27   +00:08:34.9   2.7e-02  4.6e-02	 0.07  0.03	23.7  2.2	  0.5	     0.4     1.1       0.2	  0.2	  0.9	  7.6	     1  					      
1147   054642.5+003739   05:46:42.52   +00:37:39.1   5.6e-02  6.9e-02	 0.42  0.21	11.0  4.5	  1.5	     1.1     1.6       0.5	  0.3	  0.6	  2.6	     2         no SED fit   tentative bound	      
1148   054642.7-000145   05:46:42.76   -00:01:45.8   3.2e-02  4.9e-02	 2.45  0.65	11.3  0.7	 17.4	    12.0    28.2       6.7	  5.4	 19.3	  0.3	     2  					      
1149   054642.9-022658   05:46:42.94   -02:26:58.6   2.8e-02  4.6e-02	 0.06  0.02	15.4  1.1	  0.4	     0.3     0.9       0.2	  0.1	  0.7	  9.8	     1  					      
1150   054642.9-001340   05:46:42.96   -00:13:40.6   3.2e-02  4.9e-02	 0.09  0.02	14.0  0.9	  1.0	     0.5     1.1       0.4	  0.2	  0.8	  6.6	     1  					      
1151   054643.0-002756   05:46:43.00   -00:27:56.3   4.1e-02  6.2e-02	 0.20  0.16	11.3  1.9	  1.7	     0.6     1.4       0.6	  0.2	  0.8	  4.0	     1  					      
1152   054643.0+000047   05:46:43.03   +00:00:47.2   2.7e-02  4.5e-02	 9.79  4.90	11.0  4.5	 51.4	    56.8   156.0      20.6	 27.5	125.2	  0.1	     3         no SED fit			      
1153   054643.1+002816   05:46:43.14   +00:28:16.6   3.2e-02  5.2e-02	 0.26  0.09	11.9  0.9	  3.3	     1.1     2.9       1.2	  0.5	  2.0	  2.5	     2  		    tentative bound	      
1154   054643.3-002116   05:46:43.34   -00:21:16.6   3.5e-02  5.3e-02	 0.03  0.02	16.1  2.2	  0.3	     0.1     0.3       0.1	  0.1	  0.2	 20.5	     1  					      
1155   054643.6+002135   05:46:43.65   +00:21:35.5   4.6e-02  5.8e-02	 0.17  0.11	11.6  1.6	  0.8	     0.6     0.9       0.3	  0.2	  0.5	  5.4	     1  					      
1156   054643.7-005623   05:46:43.73   -00:56:23.0   3.4e-02  5.1e-02	 0.13  0.14	10.6  2.4	  1.0	     0.6     1.3       0.4	  0.2	  0.8	  5.3	     1  					      
1157   054643.8+003313   05:46:43.88   +00:33:13.7   7.8e-02  8.8e-02	 0.27  0.07	12.9  0.9	  1.1	     0.4     0.5       0.3	  0.1	  0.1	  5.6	     1  					      
1158   054643.8+005049   05:46:43.89   +00:50:49.8   3.9e-02  5.4e-02	 0.50  0.11	13.2  0.7	  4.3	     2.0     3.9       1.6	  0.8	  2.2	  1.5	     2  					      
1159   054644.0-011138   05:46:44.03   -01:11:38.0   6.1e-02  7.4e-02	 0.16  0.11	13.1  2.7	  1.0	     0.3     0.5       0.3	  0.1	  0.2	  7.6	     1  					      
1160   054644.3-001620   05:46:44.37   -00:16:20.5   4.3e-02  5.7e-02	 0.08  0.05	13.8  2.0	  0.3	     0.3     0.5       0.1	  0.1	  0.3	 10.4	     1  					      
1161   054645.1+000326   05:46:45.13   +00:03:26.3   4.6e-02  6.0e-02	 0.11  0.04	32.1  2.9	  1.2	     0.4     0.6       0.4	  0.1	  0.3	  8.1	     1  					      
1162   054645.4+000716   05:46:45.49   +00:07:16.6   3.9e-02  5.8e-02	 9.79  2.25	12.0  0.7	 47.7	    34.6    77.9      17.2	 13.1	 44.2	  0.1	     2  					      
1163   054645.6-005753   05:46:45.60   -00:57:53.9   2.7e-02  4.6e-02	 0.17  0.07	11.6  1.0	  1.6	     1.0     2.8       0.6	  0.5	  2.3	  3.1	     2  		    tentative bound	      
1164   054645.7+000936   05:46:45.70   +00:09:36.7   6.9e-02  7.9e-02	 1.03  0.27	18.3  2.3	  4.1	     2.0     2.5       1.2	  0.6	  0.8	  1.3	     2  					      
1165   054646.3+002538   05:46:46.34   +00:25:38.6   1.8e-02  3.8e-02	 0.24  0.11	12.9  1.1	  2.3	     1.9     8.8       1.0	  1.1	 10.7	  1.5	     2  					      
1166   054646.6-004745   05:46:46.60   -00:47:45.2   4.2e-02  6.3e-02	 0.41  0.27	10.6  1.5	  2.8	     1.2     2.7       1.0	  0.4	  1.4	  2.0	     2  		    tentative bound	      
1167   054646.7+002503   05:46:46.71   +00:25:03.9   8.2e-02  9.0e-02	 0.70  0.37	12.7  1.5	  3.7	     1.0     1.2       1.0	  0.3	  0.3	  2.3	     2  		    tentative bound	      
1168   054647.3+000026   05:46:47.32   +00:00:26.0   1.9e-02  3.8e-02	 3.61  0.80	14.5  0.9	 38.8	    29.9   119.7      16.4	 17.3	138.6	  0.1	     3  					      
1169   054647.6-010312   05:46:47.67   -01:03:12.7   3.7e-02  5.5e-02	 0.62  0.19	 9.1  0.6	  4.4	     2.4     5.4       1.6	  1.0	  3.2	  1.2	     2  					      
1170   054648.1+005211   05:46:48.12   +00:52:11.5   9.1e-02  9.8e-02	 0.77  0.14	12.4  0.5	  2.2	     1.0     1.1       0.6	  0.2	  0.3	  2.3	     2  		    tentative bound	      
1171   054648.3-005302   05:46:48.31   -00:53:02.5   2.4e-02  4.1e-02	 0.08  0.10	11.6  2.8	  1.2	     0.6     1.7       0.5	  0.3	  1.5	  5.7	     1  					      
1172   054648.6+000121   05:46:48.67   +00:01:21.2   2.9e-02  4.6e-02	11.50  2.73	11.2  0.7	 79.2	    64.0   157.5      31.4	 30.4	117.3	  0.1	     2  					      
1173   054649.2+003045   05:46:49.25   +00:30:45.2   3.8e-02  5.4e-02	 0.51  0.09	11.4  0.5	  4.7	     2.1     4.3       1.8	  0.8	  2.5	  1.5	     2  					      
1174   054649.3+000900   05:46:49.31   +00:09:00.1   3.1e-02  4.8e-02	 1.02  0.44	13.6  2.5	  6.4	     5.4    12.8       2.5	  2.5	  9.2	  0.6	     2  					      
1175   054649.3-005525   05:46:49.32   -00:55:25.5   3.9e-02  6.1e-02	 0.22  0.16	10.8  1.2	  0.3	     0.7     1.7       0.1	  0.3	  0.9	  3.5	     2  		    tentative bound	      
1176   054649.6+003948   05:46:49.63   +00:39:48.0   3.0e-02  4.9e-02	 0.11  0.05	11.0  4.5	  1.2	     0.5     1.4       0.5	  0.2	  1.0	  5.7	     1         no SED fit			      
1177   054649.6+003744   05:46:49.68   +00:37:44.3   5.2e-02  6.5e-02	 0.71  0.35	11.0  4.5	  2.8	     2.0     3.1       1.0	  0.7	  1.3	  1.4	     2         no SED fit			      
1178   054649.7+005242   05:46:49.79   +00:52:42.9   2.3e-02  4.0e-02	 0.28  0.06	11.4  0.5	  2.6	     2.1     6.5       1.1	  1.1	  6.3	  1.6	     2  					      
1179   054649.8+003858   05:46:49.85   +00:38:58.5   3.2e-02  4.9e-02	 0.04  0.02	14.9  1.9	  1.5	     0.2     0.4       0.6	  0.1	  0.3	 16.7	     1  					      
1180   054650.0+000203   05:46:50.08   +00:02:03.9   2.8e-02  4.5e-02	10.26  2.39	11.9  0.7	 75.8	    59.3   151.7      30.3	 28.7	117.4	  0.1	     2  					      
1181   054650.2+001222   05:46:50.20   +00:12:22.6   4.0e-02  5.4e-02	 0.13  0.05	14.6  1.5	  1.3	     0.5     0.9       0.5	  0.2	  0.5	  6.3	     1  					      
1182   054650.5-005258   05:46:50.59   -00:52:58.3   5.1e-02  6.6e-02	 0.17  0.12	12.8  2.2	  2.0	     0.5     0.8       0.7	  0.2	  0.3	  5.8	     1  					      
1183   054650.8+002739   05:46:50.81   +00:27:39.3   5.5e-02  6.7e-02	 0.23  0.08	14.6  1.2	  2.1	     0.6     0.9       0.7	  0.2	  0.4	  4.8	     1  					      
1184   054651.4-025031   05:46:51.42   -02:50:31.8   5.0e-02  6.2e-02	 0.21  0.08	14.7  1.4	  1.3	     0.7     1.0       0.4	  0.2	  0.4	  4.7	     1  					      
1185   054651.8+000912   05:46:51.87   +00:09:12.6   5.5e-02  6.6e-02	 1.21  0.36	15.4  1.2	  7.8	     3.3     4.8       2.6	  1.1	  1.9	  0.9	     2  					      
1186   054652.2+004029   05:46:52.24   +00:40:29.7   2.9e-02  4.8e-02	 0.07  0.03	11.0  4.5	  0.9	     0.3     1.0       0.3	  0.2	  0.7	  8.5	     1         no SED fit			      
1187   054652.4+004649   05:46:52.46   +00:46:49.4   5.1e-02  6.3e-02	 0.87  0.14	10.6  0.4	  4.8	     2.6     3.9       1.6	  0.9	  1.7	  1.2	     2  					      
1188   054653.3-025029   05:46:53.38   -02:50:29.3   4.1e-02  5.4e-02	 0.18  0.08	12.7  1.2	  1.3	     0.7     1.3       0.5	  0.3	  0.7	  4.5	     1  					      
1189   054653.4+004726   05:46:53.40   +00:47:26.1   5.2e-02  6.3e-02	 1.09  0.22	11.0  0.5	  3.6	     3.2     4.8       1.2	  1.1	  2.0	  0.9	     2  					      
1190   054653.8+003715   05:46:53.80   +00:37:15.5   4.7e-02  5.9e-02	 1.21  0.60	11.0  4.5	  4.8	     4.1     6.5       1.7	  1.5	  3.1	  0.8	     2         no SED fit			      
1191   054653.8+000440   05:46:53.86   +00:04:40.5   3.9e-02  5.3e-02	 0.29  0.14	22.0  3.1	  1.6	     1.3     2.3       0.6	  0.5	  1.3	  2.6	     2  		    tentative bound	      
1192   054654.1-005444   05:46:54.12   -00:54:44.1   2.0e-02  3.8e-02	 0.09  0.04	13.6  1.3	  1.1	     0.7     2.6       0.5	  0.4	  2.9	  4.6	     2  		    tentative bound	      
1193   054654.6+003900   05:46:54.61   +00:39:00.2   2.9e-02  4.6e-02	 0.01  0.01	17.7  3.8	  0.3	     0.1     0.2       0.1	  0.0	  0.1	 41.0	     1  					      
1194   054654.8+003320   05:46:54.87   +00:33:20.8   3.3e-02  5.0e-02	 0.25  0.05	12.0  0.5	  2.2	     1.2     2.8       0.9	  0.5	  1.9	  2.5	     2  		    tentative bound	      
1195   054655.1+002316   05:46:55.17   +00:23:16.3   2.6e-02  4.5e-02	22.15 11.07	 7.1  0.6	 24.7	   130.9   385.5       9.9	 64.0	323.5	  0.0	     2  					      
1196   054655.2-005603   05:46:55.28   -00:56:03.7   3.1e-02  4.8e-02	 0.16  0.07	13.3  1.2	  1.7	     0.8     2.0       0.7	  0.4	  1.4	  3.9	     2  		    tentative bound	      
1197   054655.6+002841   05:46:55.62   +00:28:41.9   2.6e-02  4.3e-02	 0.06  0.02	14.6  1.6	  1.4	     0.4     1.0       0.6	  0.2	  0.8	  9.2	     1  					      
1198   054655.8-024914   05:46:55.81   -02:49:14.3   4.1e-02  5.5e-02	 0.06  0.03	14.1  1.5	  0.4	     0.2     0.4       0.1	  0.1	  0.2	 13.1	     1  					      
1199   054656.4+002005   05:46:56.46   +00:20:05.7   2.1e-02  3.9e-02	 0.24  0.15	17.5  3.1	  2.4	     1.9     6.3       1.0	  1.0	  6.5	  1.7	     2  					      
1200   054656.4+003614   05:46:56.46   +00:36:14.8   3.5e-02  5.1e-02	 0.09  0.05	13.6  1.9	  2.1	     0.4     0.9       0.8	  0.2	  0.6	  7.7	     1  					      
1201   054656.7-005448   05:46:56.74   -00:54:48.6   4.7e-02  6.1e-02	 0.29  0.14	12.7  1.2	  2.7	     0.9     1.6       1.0	  0.3	  0.7	  3.2	     2  		    tentative bound	      
1202   054657.2+002356   05:46:57.22   +00:23:56.5   2.6e-02  4.3e-02	 3.45  1.73	11.0  4.5	 21.6	    22.0    58.9       8.8	 11.1	 49.0	  0.2	     3         no SED fit			      
1203   054658.0+003115   05:46:58.00   +00:31:15.2   2.8e-02  4.5e-02	 0.10  0.07	10.7  1.7	  0.9	     0.6     1.5       0.4	  0.3	  1.1	  5.7	     1  					      
1204   054658.0+003339   05:46:58.08   +00:33:39.3   2.9e-02  4.6e-02	 0.04  0.02	14.5  1.9	  0.5	     0.2     0.5       0.2	  0.1	  0.4	 14.8	     1  					      
1205   054658.1+002429   05:46:58.17   +00:24:29.7   3.6e-02  5.6e-02	 5.27  3.20	 8.8  1.1	 34.4	    19.7    48.8      12.6	  7.6	 29.8	  0.1	     2  					      
1206   054658.8-010514   05:46:58.88   -01:05:14.1   4.9e-02  6.1e-02	 0.11  0.04	13.6  1.6	  1.1	     0.3     0.5       0.4	  0.1	  0.2	  9.1	     1  					      
1207   054659.0+003712   05:46:59.03   +00:37:12.9   7.9e-02  8.7e-02	 1.96  0.98	11.0  4.5	  5.1	     3.1     3.7       1.5	  0.8	  1.0	  0.8	     2         no SED fit			      
1208   054659.0+002258   05:46:59.09   +00:22:58.3   2.5e-02  4.2e-02	 1.23  0.62	11.0  4.5	 16.7	     8.2    22.8       6.9	  4.2	 19.8	  0.4	     2         no SED fit			      
1209   054659.7+002915   05:46:59.73   +00:29:15.3   2.6e-02  4.3e-02	 0.04  0.01	12.1  0.1	  0.3	     0.3     0.7       0.1	  0.1	  0.6	 12.9	     1  					      
1210   054659.8-004821   05:46:59.87   -00:48:21.4   4.4e-02  5.8e-02	 0.25  0.13	13.0  1.8	  2.3	     0.9     1.5       0.8	  0.3	  0.8	  3.5	     2  		    tentative bound	      
1211   054700.2-024938   05:47:00.20   -02:49:38.9   3.4e-02  5.2e-02	 0.10  0.04	14.4  1.2	  0.7	     0.4     1.0       0.3	  0.2	  0.6	  6.9	     1  					      
1212   054700.7+003609   05:47:00.76   +00:36:09.6   2.5e-02  4.4e-02	 0.08  0.03	13.1  1.2	  1.6	     0.5     1.5       0.6	  0.2	  1.3	  6.3	     1  					      
1213   054700.7-000103   05:47:00.78   -00:01:03.1   2.4e-02  4.1e-02	 0.00  0.01	20.6  0.1	  0.2	     0.0     0.1       0.1	  0.0	  0.0	191.5	     1  					      
1214   054700.8+000215   05:47:00.80   +00:02:15.4   3.7e-02  5.6e-02	 0.34  0.17	11.0  4.5	  3.0	     1.3     2.9       1.1	  0.5	  1.7	  2.2	     2         no SED fit   tentative bound	      
1215   054700.8+003930   05:47:00.83   +00:39:30.0   1.8e-02  3.5e-02	 0.32  0.16	11.0  4.5	  1.9	     3.0    12.1       0.8	  1.9	 15.0	  1.1	     2         no SED fit			      
1216   054701.3+003734   05:47:01.33   +00:37:34.5   3.6e-02  5.1e-02	 1.09  0.27	 9.7  0.5	  8.5	     5.0     9.8       3.3	  2.1	  5.9	  0.7	     2  					      
1217   054701.5+001802   05:47:01.50   +00:18:02.9   3.7e-02  5.3e-02	 2.18  0.59	14.8  1.1	 23.1	     9.4    19.2       8.7	  3.9	 11.5	  0.3	     3  					      
1218   054701.5-011646   05:47:01.50   -01:16:46.1   3.6e-02  5.4e-02	 0.06  0.02	15.4  1.3	  0.2	     0.2     0.5       0.1	  0.1	  0.3	 11.8	     1  					      
1219   054701.9-002009   05:47:01.91   -00:20:09.8   4.2e-02  5.6e-02	 0.05  0.02	17.6  2.4	  0.5	     0.2     0.3       0.2	  0.1	  0.2	 17.5	     1  					      
1220   054702.1+004455   05:47:02.13   +00:44:55.9   2.2e-02  4.0e-02	 0.02  0.02	15.0  4.5	  0.3	     0.2     0.5       0.1	  0.1	  0.5	 21.3	     1  					      
1221   054702.6+002447   05:47:02.61   +00:24:47.7   2.8e-02  4.5e-02	 0.88  0.94	10.4  2.3	  7.3	     5.1    12.9       2.9	  2.5	  9.9	  0.6	     2  					      
1222   054702.7-003843   05:47:02.72   -00:38:43.2   4.5e-02  5.9e-02	 0.12  0.04	14.5  1.2	  0.9	     0.4     0.7       0.3	  0.2	  0.3	  7.4	     1  					      
1223   054702.7-000245   05:47:02.79   -00:02:45.5   6.1e-02  7.0e-02	 0.76  0.14	16.1  0.9	  5.0	     1.8     2.5       1.6	  0.6	  0.9	  1.6	     2  					      
1224   054702.9-000200   05:47:02.96   -00:02:00.4   2.6e-02  4.4e-02	 0.08  0.03	17.1  1.5	  0.9	     0.5     1.3       0.4	  0.2	  1.1	  6.7	     1  					      
1225   054703.1+000450   05:47:03.10   +00:04:50.1   8.6e-02  9.3e-02	 0.41  0.15	18.8  2.2	  2.0	     0.6     0.7       0.5	  0.1	  0.2	  4.1	     1  					      
1226   054703.1-010533   05:47:03.12   -01:05:33.7   4.7e-02  6.1e-02	 0.22  0.05	12.2  0.8	  2.2	     0.7     1.2       0.8	  0.2	  0.5	  4.3	     1  					      
1227   054703.3-005508   05:47:03.31   -00:55:08.0   6.0e-02  6.9e-02	 0.53  0.29	11.2  1.2	  2.8	     1.3     1.8       0.9	  0.4	  0.7	  2.2	     2  		    tentative bound	      
1228   054703.3-003211   05:47:03.38   -00:32:11.8   7.2e-02  8.2e-02	 0.68  0.25	12.6  1.2	  3.3	     1.2     1.6       1.0	  0.3	  0.5	  2.1	     2  		    tentative bound	      
1229   054703.9+002846   05:47:03.93   +00:28:46.9   2.4e-02  4.1e-02	 0.03  0.04	14.9  4.4	  0.3	     0.2     0.7       0.1	  0.1	  0.6	 14.7	     1  					      
1230   054704.0-005359   05:47:04.07   -00:53:59.7   9.2e-02  9.9e-02	 1.35  0.31	14.4  0.9	  6.3	     1.6     1.9       1.7	  0.4	  0.4	  1.3	     2  					      
1231   054704.6+003114   05:47:04.63   +00:31:14.8   4.6e-02  6.8e-02	 0.49  0.11	11.1  0.6	  2.1	     1.3     2.7       0.7	  0.4	  1.3	  1.9	     2  					      
1232   054704.6+001459   05:47:04.64   +00:14:59.5   3.7e-02  5.5e-02	 1.08  0.23	20.7  1.6	  8.2	     4.2     9.6       3.0	  1.7	  5.8	  0.7	     2  					      
1233   054704.7+003621   05:47:04.79   +00:36:21.1   3.2e-02  5.0e-02	 0.07  0.05	14.1  2.4	  0.7	     0.3     0.8       0.3	  0.1	  0.5	  9.6	     1  					      
1234   054704.8+002145   05:47:04.81   +00:21:45.7   2.0e-02  3.9e-02	19.15  4.61	20.1  1.8	208.8	   146.1   545.7      87.3	 81.2	586.0	  0.0	     3  					      
1235   054705.0+001703   05:47:05.01   +00:17:03.4   4.8e-02  6.0e-02	 1.15  0.67	16.2  2.9	 10.4	     3.8     6.0       3.7	  1.4	  2.7	  0.8	     2  					      
1236   054705.0-004552   05:47:05.07   -00:45:52.9   9.5e-02  1.0e-01	 0.77  0.31	12.5  1.4	  2.5	     0.9     1.0       0.6	  0.2	  0.2	  2.4	     2  		    tentative bound	      
1237   054705.2+001324   05:47:05.29   +00:13:24.6   3.2e-02  4.9e-02	 1.34  0.30	12.0  0.7	 15.5	     6.7    15.9       6.0	  3.0	 11.0	  0.5	     2  					      
1238   054705.9+003531   05:47:05.91   +00:35:31.3   7.5e-02  8.3e-02	 0.34  0.08	13.4  0.8	  2.9	     0.6     0.7       0.9	  0.2	  0.2	  4.4	     1  					      
1239   054705.9+003102   05:47:05.94   +00:31:02.0   2.9e-02  4.6e-02	 0.11  0.03	12.0  0.8	  1.1	     0.6     1.5       0.4	  0.3	  1.1	  5.4	     1  					      
1240   054706.1-003615   05:47:06.14   -00:36:15.3   2.9e-02  4.6e-02	 0.21  0.06	11.8  0.7	  2.1	     1.2     2.9       0.8	  0.6	  2.2	  2.8	     2  		    tentative bound	      
1241   054706.1+003203   05:47:06.15   +00:32:03.7   2.7e-02  4.3e-02	 0.02  0.01	17.5  3.1	  0.2	     0.1     0.3       0.1	  0.1	  0.3	 27.7	     3  					      
1242   054706.2+002242   05:47:06.29   +00:22:42.5   2.3e-02  4.1e-02	 1.80  0.90	11.0  4.5	 31.7	    12.5    40.4      13.0	  6.6	 38.4	  0.3	     2         no SED fit			      
1243   054706.5+001232   05:47:06.59   +00:12:32.8   2.8e-02  4.5e-02	 6.31  1.23	 9.9  0.4	 50.1	    36.9    93.3      20.1	 17.9	 72.2	  0.1	     2  					      
1244   054706.8+000045   05:47:06.89   +00:00:45.3   1.8e-02  3.6e-02	 0.11  0.05	12.1  0.9	  1.1	     1.0     4.1       0.5	  0.6	  5.0	  3.3	     3  					      
1245   054707.4+003805   05:47:07.49   +00:38:05.9   2.4e-02  4.1e-02	 0.05  0.04	14.7  3.0	  0.5	     0.3     0.9       0.2	  0.2	  0.9	 10.4	     1  					      
1246   054707.6-000039   05:47:07.60   -00:00:39.8   3.0e-02  4.8e-02	 0.08  0.04	13.8  1.9	  1.4	     0.4     1.1       0.6	  0.2	  0.8	  7.3	     1  					      
1247   054707.8-005250   05:47:07.88   -00:52:50.0   3.0e-02  5.0e-02	 1.05  0.41	10.1  0.7	  5.2	     5.0    13.6       2.0	  2.2	  9.8	  0.6	     2  					      
1248   054707.9+002508   05:47:07.98   +00:25:08.5   2.6e-02  4.4e-02	 1.12  1.03	 8.5  1.3	 11.6	     7.0    19.2       4.7	  3.5	 16.0	  0.5	     2  					      
1249   054708.0+004540   05:47:08.02   +00:45:40.5   4.0e-02  5.5e-02	 0.06  0.03	16.7  2.3	  0.6	     0.2     0.4       0.2	  0.1	  0.2	 14.4	     1  					      
1250   054708.1-005409   05:47:08.12   -00:54:09.6   5.0e-02  6.2e-02	 1.64  0.42	10.6  0.5	  7.6	     5.0     7.7       2.7	  1.8	  3.3	  0.6	     2  					      
1251   054708.2+001517   05:47:08.27   +00:15:17.1   3.1e-02  4.8e-02	 0.30  0.42	15.4  4.5	  1.7	     1.5     3.7       0.7	  0.7	  2.6	  2.0	     2  		    tentative bound	      
1252   054708.5+004016   05:47:08.57   +00:40:16.0   5.2e-02  6.5e-02	 0.15  0.07	14.9  1.8	  1.0	     0.4     0.7       0.4	  0.1	  0.3	  6.7	     1  					      
1253   054708.7-000300   05:47:08.70   -00:03:00.9   2.9e-02  4.6e-02	 0.03  0.01	17.6  1.4	  0.4	     0.2     0.5       0.2	  0.1	  0.4	 17.3	     1  					      
1254   054709.0-004635   05:47:09.02   -00:46:35.4   3.0e-02  4.9e-02	 0.08  0.07	14.0  3.2	  1.0	     0.4     1.0       0.4	  0.2	  0.7	  7.8	     1  					      
1255   054709.4+002557   05:47:09.41   +00:25:57.1   2.4e-02  4.1e-02	 0.15  0.08	13.5  1.8	  2.1	     1.1     3.2       0.9	  0.6	  2.9	  3.1	     2  		    tentative bound	      
1256   054710.1+004734   05:47:10.19   +00:47:34.3   4.5e-02  6.3e-02	 0.06  0.03	17.3  3.0	  0.5	     0.2     0.3       0.2	  0.1	  0.2	 16.0	     1  					      
1257   054710.4+001550   05:47:10.45   +00:15:50.1   3.2e-02  5.0e-02	 0.43  0.17	20.0  2.6	  3.8	     2.1     5.0       1.5	  0.9	  3.4	  1.5	     2  					      
1258   054710.5+002112   05:47:10.53   +00:21:12.9   2.0e-02  3.9e-02	 3.78  0.86	15.8  1.1	 24.6	    30.2   111.0      10.4	 17.2	121.0	  0.1	     3  					      
1259   054710.6+001641   05:47:10.60   +00:16:41.6   2.7e-02  4.6e-02	 0.11  0.20	16.8  4.5	  0.6	     0.6     1.8       0.3	  0.3	  1.4	  4.8	     1  					      
1260   054710.6-002435   05:47:10.64   -00:24:35.5   9.1e-02  9.8e-02	 0.11  0.05	16.2  2.1	  0.3	     0.1     0.2       0.1	  0.0	  0.0	 16.9	     1  					      
1261   054710.7+001322   05:47:10.76   +00:13:22.2   3.5e-02  5.5e-02	 1.51  0.40	12.1  0.9	 15.1	     6.0    14.8       5.6	  2.4	  9.3	  0.5	     2  					      
1262   054710.8+001442   05:47:10.87   +00:14:42.9   2.6e-02  4.3e-02	 0.01  0.01	21.3  0.1	  0.2	     0.0     0.1       0.1	  0.0	  0.1	 88.8	     1  					      
1263   054710.9-005451   05:47:10.93   -00:54:51.0   2.4e-02  4.1e-02	 0.30  0.28	 9.7  1.5	  3.4	     2.1     6.3       1.4	  1.1	  5.9	  1.6	     2  					      
1264   054711.1-023452   05:47:11.15   -02:34:52.6   3.5e-02  5.3e-02	 0.04  0.03	17.0  2.9	  0.3	     0.2     0.4       0.1	  0.1	  0.3	 16.5	     1  					      
1265   054711.7+002831   05:47:11.76   +00:28:31.7   5.8e-02  6.8e-02	 0.77  0.17	11.7  0.6	  7.5	     2.0     2.8       2.5	  0.6	  1.0	  1.5	     2  					      
1266   054711.8-011927   05:47:11.88   -01:19:27.2   4.4e-02  6.0e-02	 0.12  0.05	15.8  2.0	  0.8	     0.4     0.7       0.3	  0.1	  0.4	  7.2	     1  					      
1267   054712.0+001135   05:47:12.02   +00:11:35.2   2.4e-02  4.1e-02	 0.02  0.01	27.2  4.5	  0.2	     0.1     0.3       0.1	  0.1	  0.3	 31.1	     1  					      
1268   054712.1+004205   05:47:12.17   +00:42:05.0   3.1e-02  4.9e-02	 0.23  0.13	12.0  1.2	  3.8	     1.2     2.8       1.5	  0.5	  2.0	  2.7	     2  		    tentative bound	      
1269   054712.5+004322   05:47:12.54   +00:43:22.5   1.8e-02  3.6e-02	 0.12  0.06	13.5  1.3	  2.8	     1.1     4.7       1.2	  0.7	  5.8	  2.8	     3  					      
1270   054712.7+002223   05:47:12.73   +00:22:23.2   2.3e-02  4.0e-02	 1.57  0.80	12.5  1.5	 15.3	    11.6    36.4       6.4	  6.3	 35.2	  0.3	     2  					      
1271   054713.0-011828   05:47:13.01   -01:18:28.7   7.2e-02  8.0e-02	 0.08  0.04	15.5  2.1	  0.5	     0.1     0.2       0.2	  0.0	  0.1	 17.5	     1  					      
1272   054713.0+002520   05:47:13.06   +00:25:20.2   3.6e-02  5.3e-02	 0.05  0.03	16.3  2.8	  1.9	     0.2     0.5       0.7	  0.1	  0.3	 12.8	     1  					      
1273   054713.1-005207   05:47:13.12   -00:52:07.1   2.9e-02  4.7e-02	 0.32  0.17	10.6  1.0	  2.5	     1.7     4.5       1.0	  0.8	  3.4	  1.8	     2  					      
1274   054713.3+003650   05:47:13.36   +00:36:50.3   3.6e-02  5.2e-02	 0.07  0.03	16.4  2.2	  0.7	     0.3     0.6       0.2	  0.1	  0.4	 10.2	     1  					      
1275   054713.3-000414   05:47:13.39   -00:04:14.1   3.9e-02  5.6e-02	 0.26  0.05	13.7  0.7	  1.9	     1.0     2.0       0.7	  0.4	  1.1	  3.0	     2  		    tentative bound	      
1276   054713.4-004148   05:47:13.46   -00:41:48.5   5.5e-02  6.5e-02	 0.28  0.12	13.3  1.5	  1.4	     0.8     1.1       0.5	  0.3	  0.4	  3.9	     2  		    tentative bound	      
1277   054713.9+001207   05:47:13.94   +00:12:07.3   1.8e-02  3.5e-02	 0.01  0.01	21.9  1.9	  0.1	     0.1     0.4       0.0	  0.1	  0.5	 33.4	     1  					      
1278   054714.0+000906   05:47:14.03   +00:09:06.1   1.8e-02  3.6e-02	 0.11  0.04	19.4  1.9	  0.6	     1.0     4.2       0.3	  0.6	  5.2	  3.2	     3  					      
1279   054714.1+000738   05:47:14.19   +00:07:38.7   3.0e-02  4.9e-02	 0.96  0.34	11.1  1.1	  7.5	     4.7    12.5       2.9	  2.1	  9.1	  0.6	     2  					      
1280   054714.3-004503   05:47:14.37   -00:45:03.3   8.0e-02  8.8e-02	 0.59  0.27	11.2  1.4	  1.9	     0.9     1.1       0.6	  0.2	  0.3	  2.7	     2  		    tentative bound	      
1281   054715.2+000310   05:47:15.24   +00:03:10.1   4.4e-02  5.7e-02	 0.10  0.03	15.6  1.2	  1.0	     0.3     0.6       0.3	  0.1	  0.3	  9.0	     1  					      
1282   054715.3+001839   05:47:15.36   +00:18:39.6   5.0e-02  6.1e-02	 1.43  0.41	17.5  1.5	 12.1	     4.5     6.8       4.3	  1.6	  3.0	  0.7	     3  					      
1283   054715.6-005159   05:47:15.62   -00:51:59.3   3.1e-02  5.0e-02	 0.11  0.05	14.4  1.3	  1.0	     0.5     1.3       0.4	  0.2	  0.9	  5.8	     1  					      
1284   054715.9+004217   05:47:15.96   +00:42:17.6   4.4e-02  5.8e-02	 0.76  0.52	11.8  1.6	  7.3	     2.7     4.6       2.6	  1.0	  2.3	  1.1	     2  					      
1285   054716.0+002123   05:47:16.03   +00:21:23.7   2.4e-02  4.1e-02	 1.49  0.56	13.1  1.1	 20.1	    10.5    31.8       8.3	  5.6	 29.5	  0.3	     3  					      
1286   054716.0+000906   05:47:16.09   +00:09:06.8   3.0e-02  4.7e-02	 0.18  0.07	15.1  1.5	  1.6	     1.0     2.4       0.6	  0.5	  1.8	  3.2	     2  		    tentative bound	      
1287   054716.3+003943   05:47:16.33   +00:39:43.1   7.0e-02  8.1e-02	 0.11  0.05	19.5  2.7	  0.5	     0.2     0.3       0.2	  0.1	  0.1	 12.7	     1  					      
1288   054716.4+003454   05:47:16.41   +00:34:54.1   4.4e-02  5.7e-02	 0.08  0.03	14.3  1.4	  1.0	     0.3     0.5       0.4	  0.1	  0.2	 10.6	     1  					      
1289   054716.8+004315   05:47:16.81   +00:43:15.7   4.9e-02  6.1e-02	 0.43  0.21	11.0  4.5	  4.9	     1.4     2.1       1.7	  0.5	  1.0	  2.2	     2         no SED fit   tentative bound	      
1290   054716.9+004537   05:47:16.91   +00:45:37.8   3.6e-02  5.4e-02	 0.10  0.04	15.0  1.6	  0.9	     0.4     0.9       0.3	  0.2	  0.6	  7.1	     1  					      
1291   054717.2-000448   05:47:17.22   -00:04:48.7   3.4e-02  5.3e-02	 0.34  0.08	12.1  0.8	  1.8	     1.4     3.5       0.7	  0.6	  2.3	  2.0	     2  					      
1292   054718.1-005032   05:47:18.10   -00:50:32.1   3.5e-02  5.3e-02	 0.30  0.13	11.1  1.0	  1.7	     1.2     2.9       0.6	  0.5	  1.9	  2.3	     2  		    tentative bound	      
1293   054718.4+001842   05:47:18.44   +00:18:42.2   1.8e-02  3.7e-02	 0.24  0.11	18.0  2.3	  3.8	     2.1     9.1       1.6	  1.2	 11.2	  1.5	     2  					      
1294   054719.6-005201   05:47:19.67   -00:52:01.1   3.0e-02  4.7e-02	 0.04  0.02	14.7  1.8	  0.3	     0.2     0.5       0.1	  0.1	  0.4	 15.6	     1  					      
1295   054719.9+001252   05:47:19.90   +00:12:52.7   5.4e-02  6.6e-02	 0.10  0.03	18.3  1.7	  0.8	     0.3     0.4       0.3	  0.1	  0.2	 10.8	     1  					      
1296   054719.9+001601   05:47:19.93   +00:16:01.7   2.5e-02  4.3e-02	 1.36  0.37	13.4  0.9	 10.1	     8.7    26.7       4.1	  4.4	 23.8	  0.4	     2  					      
1297   054720.2+002802   05:47:20.26   +00:28:02.7   2.7e-02  4.6e-02	 0.03  0.01	17.6  2.5	  0.9	     0.2     0.5       0.4	  0.1	  0.4	 18.3	     1  					      
1298   054720.4+004259   05:47:20.45   +00:42:59.5   3.2e-02  4.9e-02	 0.35  0.18	11.0  4.5	  4.0	     1.8     4.1       1.5	  0.8	  2.8	  1.8	     2         no SED fit			      
1299   054720.8+004532   05:47:20.82   +00:45:32.9   2.7e-02  4.4e-02	 0.04  0.03	15.4  2.6	  0.7	     0.3     0.7       0.3	  0.1	  0.6	 12.3	     1  					      
1300   054720.8+002524   05:47:20.88   +00:25:24.5   2.4e-02  4.1e-02	 0.01  0.01	14.8  3.4	  0.4	     0.0     0.1       0.2	  0.0	  0.1	 86.5	     1  					      
1301   054721.4+000535   05:47:21.47   +00:05:35.8   3.8e-02  5.2e-02	 0.50  0.46	12.5  2.3	 10.6	     2.2     4.2       4.0	  0.9	  2.4	  1.5	     2  					      
1302   054721.4-005355   05:47:21.49   -00:53:55.7   3.5e-02  5.1e-02	 0.12  0.07	12.8  1.5	  1.1	     0.6     1.2       0.4	  0.2	  0.7	  5.6	     1  					      
1303   054721.6+004412   05:47:21.67   +00:44:12.6   2.4e-02  4.2e-02	 2.12  1.17	 8.4  0.7	 16.2	    14.6    42.1       6.7	  7.7	 37.8	  0.2	     2  					      
1304   054722.0+003752   05:47:22.09   +00:37:52.6   3.2e-02  4.9e-02	 0.01  0.01	26.5  4.5	  0.1	     0.0     0.1       0.0	  0.0	  0.1	 78.8	     1  					      
1305   054722.2+000703   05:47:22.24   +00:07:03.1   5.4e-02  6.5e-02	 3.14  0.64	12.3  0.7	 18.5	     8.9    12.8       6.3	  3.0	  5.2	  0.3	     2  					      
1306   054722.6+001534   05:47:22.68   +00:15:34.8   4.6e-02  5.8e-02	 1.30  0.41	13.8  1.2	 13.1	     4.6     7.4       4.7	  1.7	  3.5	  0.7	     2  					      
1307   054723.2+004418   05:47:23.24   +00:44:18.0   5.0e-02  6.2e-02	 1.95  0.75	10.1  0.7	 12.8	     6.0     9.2       4.5	  2.1	  4.0	  0.5	     2  					      
1308   054723.6-010126   05:47:23.64   -01:01:26.4   8.6e-02  9.4e-02	 0.24  0.08	14.1  1.3	  1.0	     0.3     0.4       0.3	  0.1	  0.1	  7.0	     1  					      
1309   054723.7+001056   05:47:23.78   +00:10:56.1   5.3e-02  6.5e-02	 1.20  0.22	16.1  0.9	  8.3	     3.4     5.1       2.8	  1.2	  2.1	  0.9	     2  					      
1310   054724.5-020618   05:47:24.55   -02:06:18.5   3.3e-02  5.0e-02	 0.06  0.03	14.6  1.4	  0.4	     0.3     0.7       0.1	  0.1	  0.4	 10.5	     1  					      
1311   054724.7-005154   05:47:24.70   -00:51:54.8   2.2e-02  4.0e-02	 0.03  0.02	16.9  2.4	  0.3	     0.2     0.7       0.1	  0.1	  0.7	 15.5	     1  					      
1312   054724.9+002058   05:47:24.92   +00:20:58.2   2.2e-02  4.0e-02	 3.34  0.63	15.9  0.9	 25.4	    25.0    80.5      10.6	 13.7	 79.6	  0.1	     3  					      
1313   054724.9-011105   05:47:24.95   -01:11:05.5   5.8e-02  6.8e-02	 0.10  0.07	14.3  2.6	  0.4	     0.2     0.3       0.1	  0.1	  0.1	 11.9	     1  					      
1314   054725.0+002842   05:47:25.01   +00:28:42.0   2.5e-02  4.4e-02	 0.87  0.16	 9.6  0.4	  6.6	     5.3    16.2       2.7	  2.6	 14.0	  0.6	     2  					      
1315   054725.1+001847   05:47:25.11   +00:18:47.5   2.1e-02  3.9e-02	 1.87  0.73	11.0  0.9	 20.9	    14.4    48.5       8.8	  8.0	 49.7	  0.2	     2  					      
1316   054725.1+003506   05:47:25.18   +00:35:06.8   3.2e-02  5.1e-02	 9.95  1.95	 8.0  0.3	 62.5	    44.6   114.6      23.8	 19.0	 78.3	  0.1	     2  					      
1317   054725.2+000903   05:47:25.21   +00:09:03.5   4.6e-02  6.0e-02	 0.27  0.15	11.7  1.0	  1.5	     0.9     1.5       0.5	  0.3	  0.7	  3.4	     2  		    tentative bound	      
1318   054725.4-005501   05:47:25.40   -00:55:01.5   5.3e-02  6.6e-02	 0.29  0.11	14.2  1.3	  2.2	     0.8     1.2       0.7	  0.3	  0.5	  3.6	     2  		    tentative bound	      
1319   054725.4+000407   05:47:25.42   +00:04:07.9   5.3e-02  6.6e-02	 0.37  0.36	11.2  2.0	  8.6	     1.0     1.6       2.9	  0.3	  0.7	  2.8	     2  		    tentative bound	      
1320   054725.4-005001   05:47:25.49   -00:50:01.5   3.5e-02  5.3e-02	 0.06  0.03	14.8  2.0	  0.7	     0.2     0.5       0.3	  0.1	  0.3	 12.6	     1  					      
1321   054726.0-002929   05:47:26.08   -00:29:29.1   4.9e-02  6.1e-02	 0.09  0.08	12.2  1.8	  0.3	     0.3     0.5       0.1	  0.1	  0.2	 10.5	     1  					      
1322   054726.1+001956   05:47:26.12   +00:19:56.1   2.7e-02  4.4e-02	 3.06  1.35	 9.8  0.8	 24.9	    19.0    50.3      10.1	  9.6	 41.0	  0.2	     2  					      
1323   054726.1-004858   05:47:26.12   -00:48:58.9   3.4e-02  5.3e-02	 0.17  0.06	12.1  1.0	  1.1	     0.7     1.7       0.4	  0.3	  1.1	  4.0	     2  		    tentative bound	      
1324   054726.4+003021   05:47:26.47   +00:30:21.1   3.1e-02  4.8e-02	 0.05  0.02	12.5  1.3	  0.3	     0.3     0.6       0.1	  0.1	  0.4	 12.0	     1  					      
1325   054726.7-010116   05:47:26.74   -01:01:16.3   5.7e-02  6.9e-02	 0.15  0.04	13.9  0.9	  1.1	     0.4     0.5       0.4	  0.1	  0.2	  7.5	     1  					      
1326   054726.8+002724   05:47:26.81   +00:27:24.9   4.7e-02  5.9e-02	 0.18  0.10	10.8  1.4	  3.1	     0.6     1.0       1.1	  0.2	  0.4	  5.2	     1  					      
1327   054727.0+004208   05:47:27.02   +00:42:08.3   2.3e-02  4.1e-02	 0.06  0.04	12.6  1.4	  0.6	     0.5     1.4       0.3	  0.3	  1.4	  7.1	     1  					      
1328   054727.9+004539   05:47:27.99   +00:45:39.0   2.5e-02  4.4e-02	 0.06  0.03	13.9  1.6	  0.8	     0.4     1.0       0.3	  0.2	  0.9	  8.8	     1  					      
1329   054728.1+004201   05:47:28.14   +00:42:01.1   2.3e-02  4.3e-02	 0.12  0.15	11.6  2.9	  1.5	     0.8     2.6       0.6	  0.4	  2.5	  3.9	     2  		    tentative bound	      
1330   054728.4+002814   05:47:28.41   +00:28:14.1   3.1e-02  4.7e-02	 0.08  0.03	12.4  1.1	  2.1	     0.4     1.0       0.8	  0.2	  0.7	  7.7	     1  					      
1331   054728.4+000707   05:47:28.45   +00:07:07.6   5.6e-02  6.7e-02	 0.30  0.27	12.4  2.0	  1.7	     0.8     1.1       0.6	  0.3	  0.4	  3.7	     2  		    tentative bound	      
1332   054730.6+001446   05:47:30.64   +00:14:46.3   1.8e-02  3.5e-02	 0.12  0.15	11.0  2.5	  0.8	     1.1     4.4       0.4	  0.7	  5.5	  3.0	     2  		    tentative bound	      
1333   054731.1+000921   05:47:31.10   +00:09:21.1   4.4e-02  6.7e-02	 0.06  0.07	17.9  4.5	  1.1	     0.2     0.4       0.4	  0.1	  0.2	 13.8	     1  					      
1334   054731.1+004000   05:47:31.17   +00:40:00.3   2.5e-02  4.5e-02	 1.66  0.53	 9.9  0.6	 15.0	     9.9    30.8       6.0	  4.9	 26.7	  0.3	     2  					      
1335   054731.2+004409   05:47:31.20   +00:44:09.0   4.3e-02  5.7e-02	 0.13  0.06	14.9  1.6	  1.1	     0.5     0.9       0.4	  0.2	  0.4	  6.3	     1  					      
1336   054731.3+001624   05:47:31.34   +00:16:24.9   2.9e-02  4.8e-02	 1.03  0.72	 9.8  1.5	  9.1	     5.4    14.5       3.6	  2.5	 11.0	  0.6	     2  					      
1337   054731.6+005056   05:47:31.62   +00:50:56.2   3.0e-02  4.7e-02	 0.01  0.01	20.4  4.3	  0.1	     0.1     0.1       0.0	  0.0	  0.1	 56.6	     1  					      
1338   054732.4+002023   05:47:32.49   +00:20:23.0   2.1e-02  3.9e-02	 2.17  0.44	13.4  0.7	 15.5	    17.1    60.9       6.5	  9.7	 64.9	  0.2	     3  					      
1339   054732.5+000512   05:47:32.57   +00:05:12.8   3.1e-02  4.9e-02	 2.18  0.52	 9.5  0.5	 18.7	    10.9    26.3       7.3	  4.9	 18.3	  0.3	     2  					      
1340   054732.6+002234   05:47:32.67   +00:22:34.6   6.9e-02  8.3e-02	 0.26  0.10	16.5  2.2	  1.0	     0.4     0.6       0.3	  0.1	  0.2	  5.3	     1  					      
1341   054732.9+001819   05:47:32.94   +00:18:19.3   2.5e-02  4.2e-02	 0.02  0.02	17.7  4.3	  0.3	     0.1     0.4       0.1	  0.1	  0.4	 22.7	     1  					      
1342   054732.9-005705   05:47:32.98   -00:57:05.7   3.7e-02  5.8e-02	 0.17  0.04	13.7  0.8	  1.5	     0.6     1.5       0.6	  0.2	  0.9	  4.2	     1  					      
1343   054733.6-005558   05:47:33.66   -00:55:58.7   4.1e-02  5.5e-02	 0.21  0.06	12.7  0.9	  3.3	     0.8     1.5       1.2	  0.3	  0.8	  3.8	     2  		    tentative bound	      
1344   054733.8+002545   05:47:33.84   +00:25:45.7   2.5e-02  4.3e-02	 0.13  0.07	10.8  1.2	  1.4	     0.8     2.5       0.6	  0.4	  2.2	  3.7	     2  		    tentative bound	      
1345   054734.0+001717   05:47:34.05   +00:17:17.1   2.5e-02  4.4e-02	 1.25  0.60	10.5  1.0	  8.0	     7.8    23.5       3.3	  3.9	 20.5	  0.4	     2  					      
1346   054734.2+011014   05:47:34.22   +01:10:14.5   3.2e-02  5.1e-02	 0.23  0.10	13.1  1.1	  1.3	     1.0     2.7       0.5	  0.4	  1.8	  2.8	     2  		    tentative bound	      
1347   054734.5+003542   05:47:34.59   +00:35:42.3   3.1e-02  5.0e-02	 2.49  0.53	 9.4  0.4	 22.0	    11.9    29.8       8.5	  5.2	 20.8	  0.2	     2  					      
1348   054734.8+001849   05:47:34.86   +00:18:49.5   1.9e-02  3.8e-02	 0.31  0.18	12.8  1.6	  2.7	     2.6    10.6       1.1	  1.5	 12.5	  1.2	     2  					      
1349   054734.9+000633   05:47:34.92   +00:06:33.0   4.4e-02  5.7e-02	 1.27  0.26	11.4  0.5	  9.1	     4.7     7.8       3.3	  1.8	  3.9	  0.7	     2  					      
1350   054734.9-003327   05:47:34.92   -00:33:27.7   3.2e-02  5.1e-02	 0.13  0.09	11.7  1.8	  0.9	     0.6     1.5       0.3	  0.2	  1.0	  5.0	     1  					      
1351   054734.9+004130   05:47:34.97   +00:41:30.5   2.3e-02  4.0e-02	 2.21  0.70	 9.1  0.6	 21.9	    16.0    49.5       9.1	  8.7	 47.1	  0.2	     2  					      
1352   054735.0+002022   05:47:35.07   +00:20:22.1   1.9e-02  3.8e-02	 1.80  0.36	13.2  0.7	 15.4	    14.9    59.8       6.5	  8.6	 69.3	  0.2	     2  					      
1353   054735.1-002644   05:47:35.10   -00:26:44.1   4.3e-02  5.7e-02	 0.08  0.03	15.8  1.5	  0.7	     0.3     0.5       0.2	  0.1	  0.3	 10.8	     1  					      
1354   054735.5+001435   05:47:35.50   +00:14:35.6   3.4e-02  5.3e-02	 0.59  0.17	10.4  0.5	  2.4	     2.5     5.9       0.9	  1.1	  3.8	  1.1	     2  					      
1355   054735.5+003904   05:47:35.51   +00:39:04.8   2.0e-02  3.8e-02	 1.07  0.45	10.8  0.9	  9.5	     8.7    32.6       4.0	  5.0	 36.1	  0.4	     2  					      
1356   054735.6-010146   05:47:35.66   -01:01:46.4   3.2e-02  5.1e-02	 0.08  0.05	12.7  1.8	  0.7	     0.4     1.0       0.3	  0.2	  0.7	  7.7	     1  					      
1357   054735.8+001753   05:47:35.80   +00:17:53.8   1.8e-02  3.8e-02	 0.10  0.03	13.2  3.1	  1.4	     0.8     3.8       0.6	  0.5	  4.8	  3.5	     2  		    tentative bound	      
1358   054736.2-005629   05:47:36.26   -00:56:29.9   2.4e-02  4.2e-02	 0.07  0.04	12.0  1.3	  0.5	     0.5     1.5       0.2	  0.3	  1.3	  6.6	     1  					      
1359   054736.3-005329   05:47:36.30   -00:53:29.4   6.1e-02  7.4e-02	 0.62  0.27	10.8  1.2	  3.0	     1.3     2.0       0.9	  0.4	  0.7	  2.0	     2  					      
1360   054736.9+002005   05:47:36.90   +00:20:05.4   2.3e-02  4.0e-02	 1.48  0.35	18.7  1.6	 13.8	    10.8    33.3       5.7	  5.8	 31.7	  0.3	     3  					      
1361   054736.9+002417   05:47:36.91   +00:24:17.2   2.9e-02  4.7e-02	 0.02  0.02	22.1  4.5	  0.2	     0.1     0.3       0.1	  0.1	  0.2	 25.3	     1  					      
1362   054736.9+001851   05:47:36.92   +00:18:51.2   2.5e-02  4.4e-02	 0.73  0.27	12.1  1.1	  9.2	     4.4    13.7       3.7	  2.2	 11.9	  0.7	     2  					      
1363   054737.4+003934   05:47:37.46   +00:39:34.5   2.9e-02  4.6e-02	 1.81  0.46	10.7  0.6	 13.5	    10.2    26.4       5.4	  4.9	 20.3	  0.3	     2  					      
1364   054737.7+002115   05:47:37.76   +00:21:15.3   2.8e-02  4.4e-02	 0.01  0.01	18.6  4.3	  0.2	     0.0     0.1       0.1	  0.0	  0.1	 73.8	     1  					      
1365   054737.9+001528   05:47:37.92   +00:15:28.4   2.8e-02  4.7e-02	 0.12  0.10	13.0  2.5	  1.1	     0.6     1.8       0.4	  0.3	  1.4	  4.6	     1  					      
1366   054737.9+000651   05:47:37.98   +00:06:51.5   6.8e-02  7.7e-02	 1.44  0.27	12.9  0.6	  9.3	     2.9     3.7       2.9	  0.8	  1.2	  0.9	     2  					      
1367   054738.1+001758   05:47:38.18   +00:17:58.0   1.8e-02  3.7e-02	 0.04  0.01	19.7  2.4	  1.6	     0.3     1.5       0.7	  0.2	  1.9	  8.9	     1  					      
1368   054738.7-015331   05:47:38.79   -01:53:31.8   4.5e-02  5.8e-02	 0.07  0.03	14.1  1.6	  0.2	     0.2     0.4       0.1	  0.1	  0.2	 13.2	     1  					      
1369   054739.0+001410   05:47:39.00   +00:14:10.3   5.0e-02  6.2e-02	 1.36  0.68	11.0  4.5	  9.7	     4.2     6.5       3.4	  1.5	  2.8	  0.7	     2         no SED fit			      
1370   054739.1+000750   05:47:39.14   +00:07:50.2   4.0e-02  5.8e-02	 0.34  0.25	11.3  1.4	  4.7	     1.2     2.5       1.7	  0.4	  1.4	  2.3	     2  		    tentative bound	      
1371   054739.2+001006   05:47:39.20   +00:10:06.7   6.6e-02  7.6e-02	 0.41  0.26	11.8  2.0	  3.4	     0.8     1.1       1.1	  0.2	  0.4	  3.2	     2  		    tentative bound	      
1372   054739.4+000925   05:47:39.46   +00:09:25.2   2.5e-02  4.2e-02	 0.67  0.34	 8.6  0.7	  3.1	     4.6    13.2       1.3	  2.4	 11.8	  0.7	     2  					      
1373   054739.4-013415   05:47:39.48   -01:34:15.3   7.0e-02  8.0e-02	 0.79  0.16	12.5  0.6	  3.0	     1.5     1.9       0.9	  0.4	  0.6	  1.7	     2  					      
1374   054739.5+003957   05:47:39.50   +00:39:57.6   2.8e-02  4.5e-02	 2.52  1.19	 8.1  0.6	 18.4	    14.8    37.6       7.4	  7.2	 29.3	  0.2	     2  					      
1375   054739.8+001520   05:47:39.89   +00:15:20.9   3.3e-02  5.1e-02	 0.41  0.16	10.4  0.8	  2.5	     1.9     4.3       1.0	  0.8	  2.8	  1.6	     2  					      
1376   054740.3-005740   05:47:40.34   -00:57:40.5   2.9e-02  4.5e-02	 0.10  0.06	11.2  1.3	  0.7	     0.6     1.5       0.3	  0.3	  1.1	  5.5	     1  					      
1377   054740.3+005345   05:47:40.36   +00:53:45.2   3.6e-02  5.5e-02	 0.13  0.06	12.4  1.2	  0.7	     0.5     1.2       0.3	  0.2	  0.7	  5.3	     1  					      
1378   054740.4+001622   05:47:40.47   +00:16:22.8   4.9e-02  6.0e-02	 0.13  0.09	13.9  2.3	  1.4	     0.4     0.7       0.5	  0.2	  0.3	  7.3	     1  					      
1379   054740.8+004011   05:47:40.82   +00:40:11.5   1.8e-02  3.7e-02	 1.41  0.38	 9.7  0.5	 14.3	    12.5    53.8       6.1	  7.5	 66.8	  0.2	     2  					      
1380   054741.2+002704   05:47:41.26   +00:27:04.5   3.0e-02  4.9e-02	 2.95  0.71	 8.5  0.4	 24.9	    14.6    38.4       9.7	  6.5	 27.8	  0.2	     2  					      
1381   054741.4-003609   05:47:41.48   -00:36:09.5   6.5e-02  7.7e-02	 0.12  0.07	17.7  3.6	  0.8	     0.2     0.3       0.3	  0.1	  0.1	 11.0	     1  					      
1382   054741.5+002925   05:47:41.51   +00:29:25.1   2.9e-02  4.6e-02	 0.03  0.01	14.9  1.4	  0.2	     0.2     0.4       0.1	  0.1	  0.3	 18.9	     1  					      
1383   054741.9+000301   05:47:41.95   +00:03:01.5   4.9e-02  6.3e-02	 0.09  0.04	15.6  1.9	  0.8	     0.3     0.4       0.3	  0.1	  0.2	 10.8	     1  					      
1384   054741.9+003610   05:47:41.96   +00:36:10.2   3.2e-02  4.9e-02	 2.11  0.91	 9.0  0.6	 22.9	    10.5    25.1       8.9	  4.7	 17.4	  0.3	     2  					      
1385   054742.2+001800   05:47:42.21   +00:18:00.2   2.0e-02  3.8e-02	 0.13  0.06	12.7  1.3	  2.2	     1.1     4.0       0.9	  0.6	  4.4	  2.9	     2  		    tentative bound	      
1386   054742.2-010438   05:47:42.25   -01:04:38.6   4.0e-02  6.0e-02	 0.73  0.23	10.8  0.9	  4.1	     2.4     5.5       1.5	  0.9	  3.0	  1.1	     2  					      
1387   054742.6+001956   05:47:42.67   +00:19:56.4   2.9e-02  4.6e-02	 0.13  0.07	14.0  1.7	  3.7	     0.7     1.8       1.5	  0.3	  1.4	  4.5	     1  					      
1388   054742.9+003719   05:47:42.98   +00:37:19.6   2.4e-02  4.1e-02	 0.25  0.24	12.8  2.4	  4.6	     1.7     5.2       1.9	  0.9	  4.8	  1.9	     2  					      
1389   054743.1-005630   05:47:43.15   -00:56:30.3   2.6e-02  4.3e-02	 0.07  0.04	13.1  1.8	  0.9	     0.5     1.2       0.4	  0.2	  1.0	  7.2	     1  					      
1390   054743.4+004102   05:47:43.43   +00:41:02.0   2.4e-02  4.3e-02	 0.09  0.05	14.8  1.8	  2.1	     0.6     1.8       0.9	  0.3	  1.7	  5.4	     1  					      
1391   054743.5+003820   05:47:43.54   +00:38:20.2   1.8e-02  3.6e-02	 3.46  1.73	11.0  4.5	 18.9	    31.3   132.2       8.1	 18.9	164.2	  0.1	     2         no SED fit			      
1392   054743.6+004216   05:47:43.66   +00:42:16.5   4.0e-02  5.4e-02	 0.18  0.10	13.9  1.4	  1.3	     0.7     1.3       0.5	  0.3	  0.7	  4.4	     1  					      
1393   054743.7+003045   05:47:43.71   +00:30:45.5   4.3e-02  5.6e-02	 1.27  0.28	 9.2  0.4	 11.3	     4.7     8.1       4.1	  1.8	  4.1	  0.7	     2  					      
1394   054743.8+000915   05:47:43.83   +00:09:15.5   3.6e-02  5.4e-02	 1.29  0.31	10.9  0.7	  9.3	     5.3    12.1       3.5	  2.1	  7.4	  0.5	     2  					      
1395   054743.9+000812   05:47:43.91   +00:08:12.9   3.5e-02  5.2e-02	 0.39  0.30	12.0  1.9	 10.5	     1.7     3.8       4.0	  0.7	  2.4	  1.8	     2  					      
1396   054744.0-005335   05:47:44.01   -00:53:35.8   6.1e-02  7.1e-02	 0.14  0.07	13.6  1.6	  0.9	     0.3     0.4       0.3	  0.1	  0.2	  8.8	     1  					      
1397   054744.6+003624   05:47:44.65   +00:36:24.8   2.8e-02  4.5e-02	 2.11  1.31	 8.5  0.9	 21.8	    12.2    30.8       8.7	  5.9	 23.7	  0.3	     2  					      
1398   054744.8-013414   05:47:44.89   -01:34:14.4   4.4e-02  5.7e-02	 0.19  0.10	11.0  4.5	  0.9	     0.7     1.2       0.3	  0.3	  0.6	  4.5	     1         no SED fit			      
1399   054745.1+003839   05:47:45.12   +00:38:39.7   1.8e-02  3.5e-02	 0.73  0.16	16.4  1.2	  5.4	     7.0    27.8       2.3	  4.3	 34.6	  0.5	     3  					      
1400   054745.3+002934   05:47:45.32   +00:29:34.5   3.6e-02  5.1e-02	 0.03  0.03	16.0  3.8	  0.3	     0.1     0.3       0.1	  0.1	  0.2	 24.2	     1  					      
1401   054745.8+002813   05:47:45.89   +00:28:13.3   3.3e-02  5.0e-02	 1.14  0.39	 9.3  0.6	  6.6	     5.3    12.3       2.5	  2.3	  8.1	  0.6	     2  					      
1402   054746.2+001729   05:47:46.25   +00:17:29.3   4.6e-02  5.9e-02	 1.14  0.31	 9.4  0.5	  8.0	     3.9     6.3       2.8	  1.4	  3.0	  0.8	     2  					      
1403   054746.2+003136   05:47:46.26   +00:31:36.6   3.2e-02  4.9e-02	 0.03  0.01	15.6  2.1	  0.4	     0.1     0.3       0.2	  0.1	  0.2	 21.7	     1  					      
1404   054746.5-004114   05:47:46.51   -00:41:14.0   3.4e-02  5.3e-02	 0.05  0.04	14.7  2.9	  0.4	     0.2     0.6       0.1	  0.1	  0.4	 12.5	     1  					      
1405   054746.6+004100   05:47:46.66   +00:41:00.7   3.6e-02  5.1e-02	 1.13  0.39	10.1  0.7	  8.8	     5.1    10.1       3.4	  2.2	  6.1	  0.6	     2  					      
1406   054746.7+002313   05:47:46.78   +00:23:13.4   4.9e-02  6.1e-02	 0.08  0.03	15.1  1.4	  0.6	     0.3     0.4       0.2	  0.1	  0.2	 12.3	     1  					      
1407   054747.1-005724   05:47:47.13   -00:57:24.1   8.0e-02  8.9e-02	 0.07  0.03	19.2  2.6	  0.8	     0.1     0.1       0.2	  0.0	  0.0	 21.1	     1  					      
1408   054747.5-010517   05:47:47.52   -01:05:17.2   4.4e-02  5.7e-02	 0.08  0.05	14.4  1.9	  0.3	     0.3     0.5       0.1	  0.1	  0.2	 11.4	     1  					      
1409   054747.6+004332   05:47:47.61   +00:43:32.8   5.3e-02  6.5e-02	 1.57  0.81	 9.3  1.0	  9.9	     4.4     6.7       3.4	  1.5	  2.8	  0.7	     2  					      
1410   054747.7+005426   05:47:47.71   +00:54:26.4   5.0e-02  7.1e-02	 0.11  0.05	14.3  1.7	  0.9	     0.3     0.5       0.3	  0.1	  0.2	  8.8	     1  					      
1411   054747.9+000833   05:47:47.93   +00:08:33.6   4.9e-02  6.3e-02	 2.02  0.48	10.0  0.6	 13.0	     6.1    10.0       4.5	  2.1	  4.5	  0.5	     2  					      
1412   054748.0+001929   05:47:48.09   +00:19:29.1   1.8e-02  3.7e-02	 0.12  0.06	12.3  1.2	  1.3	     1.1     4.6       0.6	  0.6	  5.7	  2.9	     2  		    tentative bound	      
1413   054748.2+004306   05:47:48.25   +00:43:06.2   2.5e-02  4.4e-02	 0.38  0.24	10.0  1.2	  4.2	     2.4     6.9       1.7	  1.2	  6.0	  1.3	     2  					      
1414   054748.2+002719   05:47:48.29   +00:27:19.3   3.6e-02  5.5e-02	 0.11  0.04	14.1  1.3	  1.4	     0.4     1.0       0.5	  0.2	  0.6	  6.6	     1  					      
1415   054748.6-010339   05:47:48.60   -01:03:39.9   3.2e-02  4.9e-02	 0.08  0.05	14.2  2.1	  0.7	     0.4     0.9       0.3	  0.2	  0.6	  7.9	     1  					      
1416   054748.6+001610   05:47:48.65   +00:16:10.3   3.8e-02  5.7e-02	 0.75  0.15	11.0  0.5	  7.0	     2.7     6.2       2.5	  1.0	  3.6	  1.0	     2  					      
1417   054748.7+004639   05:47:48.78   +00:46:39.3   5.8e-02  6.9e-02	 0.12  0.04	15.2  1.3	  1.0	     0.3     0.4       0.3	  0.1	  0.2	  9.5	     1  					      
1418   054749.3+004145   05:47:49.30   +00:41:45.7   3.9e-02  6.1e-02	 0.49  0.35	 9.4  1.3	  4.2	     1.6     3.8       1.5	  0.6	  2.1	  1.6	     2  					      
1419   054749.4+001353   05:47:49.44   +00:13:53.3   4.8e-02  6.0e-02	 0.75  0.20	11.7  0.7	  5.8	     2.5     3.9       2.1	  0.9	  1.8	  1.2	     2  					      
1420   054749.6+003822   05:47:49.62   +00:38:22.9   3.0e-02  4.7e-02	 0.64  0.36	10.3  1.0	  6.8	     3.4     8.3       2.7	  1.6	  6.0	  0.9	     2  					      
1421   054749.7+003502   05:47:49.75   +00:35:02.0   3.3e-02  5.0e-02	 0.03  0.02	17.6  3.2	  0.4	     0.1     0.3       0.2	  0.1	  0.2	 20.8	     1  					      
1422   054750.0+003945   05:47:50.02   +00:39:45.6   2.6e-02  4.5e-02	 0.06  0.03	15.5  1.9	  0.7	     0.4     1.1       0.3	  0.2	  1.0	  8.0	     1  					      
1423   054750.3-005536   05:47:50.38   -00:55:36.1   3.6e-02  5.4e-02	 0.05  0.03	14.4  2.2	  0.4	     0.2     0.4       0.2	  0.1	  0.3	 15.0	     1  					      
1424   054751.2+001854   05:47:51.20   +00:18:54.5   2.9e-02  4.8e-02	 1.15  0.28	 9.8  0.5	  8.2	     6.0    16.4       3.2	  2.7	 12.5	  0.5	     2  					      
1425   054751.6+004551   05:47:51.61   +00:45:51.3   6.7e-02  7.6e-02	 0.22  0.07	15.3  1.2	  1.5	     0.5     0.6       0.5	  0.1	  0.2	  5.9	     1  					      
1426   054751.8+003527   05:47:51.82   +00:35:27.8   1.8e-02  3.7e-02	 0.03  0.02	15.9  2.9	  0.3	     0.3     1.3       0.1	  0.2	  1.7	 10.0	     1  					      
1427   054752.4+010331   05:47:52.48   +01:03:31.0   5.7e-02  6.9e-02	 1.20  0.38	11.2  0.8	  5.3	     3.0     4.3       1.7	  1.0	  1.7	  0.9	     2  					      
1428   054752.8-000104   05:47:52.80   -00:01:04.2   2.0e-02  3.9e-02	 0.06  0.05	13.2  2.8	  0.5	     0.4     1.6       0.2	  0.3	  1.7	  7.2	     1  					      
1429   054753.1+004033   05:47:53.12   +00:40:33.9   2.0e-02  3.8e-02	 0.02  0.01	16.4  2.6	  0.2	     0.2     0.7       0.1	  0.1	  0.8	 17.1	     1  					      
1430   054753.3+002954   05:47:53.32   +00:29:54.6   3.5e-02  5.4e-02	 0.25  0.09	12.7  1.1	  2.4	     1.0     2.3       0.9	  0.4	  1.5	  2.8	     2  		    tentative bound	      
1431   054753.4+005206   05:47:53.48   +00:52:06.1   3.2e-02  5.0e-02	 0.04  0.02	16.5  2.0	  0.4	     0.2     0.5       0.2	  0.1	  0.3	 14.7	     1  					      
1432   054753.9+001819   05:47:53.90   +00:18:19.9   6.1e-02  7.2e-02	 1.58  0.28	12.5  0.6	 10.5	     3.7     5.0       3.4	  1.1	  1.8	  0.8	     2  					      
1433   054754.3+002118   05:47:54.30   +00:21:18.8   2.9e-02  4.6e-02	 0.14  0.07	13.0  1.5	  2.1	     0.8     1.9       0.8	  0.4	  1.4	  4.2	     2  		    tentative bound	      
1434   054754.5+004752   05:47:54.52   +00:47:52.9   7.0e-02  7.9e-02	 0.29  0.07	15.7  1.1	  1.4	     0.5     0.7       0.4	  0.2	  0.2	  4.7	     1  					      
1435   054755.3+001943   05:47:55.30   +00:19:43.6   3.2e-02  5.0e-02	 0.50  0.15	11.2  0.8	  4.3	     2.4     5.6       1.6	  1.1	  3.8	  1.3	     2  					      
1436   054755.9+010144   05:47:55.93   +01:01:44.2   2.6e-02  4.3e-02	 0.08  0.05	13.2  1.9	  1.0	     0.5     1.5       0.4	  0.3	  1.2	  6.1	     1  					      
1437   054756.0+004432   05:47:56.03   +00:44:32.0   6.1e-02  7.1e-02	 1.00  0.23	11.1  0.6	  5.6	     2.3     3.1       1.8	  0.7	  1.1	  1.2	     2  					      
1438   054756.1+003333   05:47:56.12   +00:33:33.7   4.3e-02  5.6e-02	 0.58  0.15	11.6  0.7	  4.1	     2.2     3.8       1.5	  0.8	  1.9	  1.5	     2  					      
1439   054756.4+004954   05:47:56.40   +00:49:54.6   9.0e-02  9.8e-02	 0.22  0.06	17.2  1.3	  0.7	     0.3     0.3       0.2	  0.1	  0.1	  8.3	     1  					      
1440   054756.4+003005   05:47:56.43   +00:30:05.5   1.9e-02  3.8e-02	 0.09  0.03	12.2  0.9	  1.1	     0.8     3.2       0.5	  0.5	  3.7	  3.9	     2  		    tentative bound	      
1441   054756.5+010551   05:47:56.51   +01:05:51.8   4.5e-02  5.9e-02	 0.06  0.04	14.6  2.4	  0.3	     0.2     0.4       0.1	  0.1	  0.2	 14.4	     1  					      
1442   054756.5+010257   05:47:56.56   +01:02:57.3   4.3e-02  5.6e-02	 0.24  0.13	10.7  1.0	  1.4	     0.9     1.6       0.5	  0.4	  0.8	  3.5	     2  		    tentative bound	      
1443   054756.9+002251   05:47:56.94   +00:22:51.4   5.0e-02  6.5e-02	 0.88  0.16	11.0  0.5	  6.8	     2.5     4.1       2.3	  0.9	  1.8	  1.1	     2  					      
1444   054757.1+003442   05:47:57.13   +00:34:42.3   2.9e-02  4.6e-02	 0.08  0.06	14.0  2.7	  0.6	     0.4     1.1       0.2	  0.2	  0.8	  7.5	     1  					      
1445   054757.6-005536   05:47:57.61   -00:55:36.8   5.2e-02  6.4e-02	 2.02  0.41	10.2  0.4	 13.8	     5.9     8.9       4.7	  2.0	  3.8	  0.5	     2  					      
1446   054757.7+005322   05:47:57.75   +00:53:22.7   3.3e-02  5.0e-02	 0.04  0.03	15.3  2.3	  0.2	     0.2     0.5       0.1	  0.1	  0.3	 15.3	     1  					      
1447   054757.9-005237   05:47:57.92   -00:52:37.2   3.5e-02  5.6e-02	 0.13  0.04	14.0  1.2	  1.2	     0.5     1.2       0.4	  0.2	  0.7	  5.5	     1  					      
1448   054758.0+002426   05:47:58.06   +00:24:26.6   3.4e-02  5.2e-02	 0.11  0.06	12.3  1.5	  0.7	     0.5     1.1       0.3	  0.2	  0.7	  6.3	     1  					      
1449   054758.8+004625   05:47:58.87   +00:46:25.0   5.9e-02  6.9e-02	 0.69  0.14	12.1  0.6	  4.8	     1.7     2.4       1.6	  0.6	  0.9	  1.7	     2  					      
1450   054758.9+001702   05:47:58.94   +00:17:02.0   3.4e-02  5.1e-02	 2.18  0.42	10.0  0.4	 21.8	    10.0    22.8       8.3	  4.3	 14.8	  0.3	     2  					      
1451   054759.2+003814   05:47:59.26   +00:38:14.3   3.5e-02  5.0e-02	 0.57  0.41	 9.2  1.3	  4.0	     2.7     5.6       1.5	  1.2	  3.5	  1.2	     2  					      
1452   054759.2+004002   05:47:59.29   +00:40:02.9   6.4e-02  7.3e-02	 0.02  0.01	22.4  4.5	  0.3	     0.0     0.1       0.1	  0.0	  0.0	 63.0	     1  					      
1453   054759.4+002536   05:47:59.45   +00:25:36.6   3.4e-02  5.0e-02	 0.24  0.08	11.7  0.9	  3.3	     1.2     2.5       1.3	  0.5	  1.6	  2.8	     2  		    tentative bound	      
1454   054759.5+003534   05:47:59.56   +00:35:34.3   2.9e-02  4.8e-02	 0.66  0.14	15.0  0.9	  8.0	     3.4     9.1       3.1	  1.6	  6.8	  0.9	     3  					      
1455   054800.0+002727   05:48:00.03   +00:27:27.7   2.7e-02  4.3e-02	 0.11  0.06	11.0  4.5	  0.4	     0.7     1.8       0.2	  0.3	  1.5	  4.8	     1         no SED fit			      
1456   054800.7-005343   05:48:00.77   -00:53:43.5   2.5e-02  4.2e-02	 0.07  0.04	13.1  1.5	  0.5	     0.5     1.5       0.2	  0.3	  1.3	  6.5	     1  					      
1457   054801.2+003753   05:48:01.29   +00:37:53.8   3.9e-02  6.0e-02	 0.82  0.24	11.1  0.7	  3.2	     2.7     6.3       1.1	  1.0	  3.5	  0.9	     2  					      
1458   054801.5-005809   05:48:01.52   -00:58:09.1   6.4e-02  8.0e-02	 1.03  0.52	11.0  4.5	  4.1	     1.9     3.0       1.2	  0.5	  1.0	  1.2	     2         no SED fit			      
1459   054802.4-003910   05:48:02.40   -00:39:10.7   1.9e-02  3.8e-02	 0.11  0.07	11.4  1.5	  1.3	     0.9     3.5       0.6	  0.5	  4.0	  3.4	     2  		    tentative bound	      
1460   054802.8+002804   05:48:02.84   +00:28:04.8   3.2e-02  4.9e-02	 0.26  0.18	10.4  1.5	  1.8	     1.3     3.0       0.7	  0.6	  2.1	  2.4	     2  		    tentative bound	      
1461   054803.1+004201   05:48:03.10   +00:42:01.1   4.5e-02  6.5e-02	 0.35  0.12	11.8  0.7	  1.7	     1.0     2.1       0.6	  0.3	  1.0	  2.5	     2  		    tentative bound	      
1462   054803.2+003221   05:48:03.24   +00:32:21.3   3.5e-02  5.3e-02	 0.20  0.08	13.1  1.2	  2.1	     0.9     2.0       0.8	  0.4	  1.2	  3.4	     2  		    tentative bound	      
1463   054803.8+001657   05:48:03.87   +00:16:57.2   4.2e-02  6.1e-02	 0.74  0.17	11.3  0.5	  5.0	     2.4     5.1       1.8	  0.9	  2.7	  1.1	     2  					      
1464   054804.0+010216   05:48:04.04   +01:02:16.4   5.4e-02  6.7e-02	 0.23  0.16	12.4  2.0	  1.8	     0.6     1.0       0.6	  0.2	  0.4	  4.5	     1  					      
1465   054804.2+005241   05:48:04.24   +00:52:41.3   5.2e-02  6.4e-02	 0.12  0.03	15.6  1.3	  1.1	     0.3     0.5       0.4	  0.1	  0.2	  8.8	     1  					      
1466   054804.9+002644   05:48:04.92   +00:26:44.6   5.7e-02  6.7e-02	 0.95  0.25	 9.2  0.5	  5.3	     2.5     3.5       1.8	  0.8	  1.4	  1.2	     2  					      
1467   054804.9+000141   05:48:04.94   +00:01:41.3   5.8e-02  7.5e-02	 0.04  0.04	17.5  4.4	  0.2	     0.1     0.1       0.1	  0.0	  0.1	 27.1	     1  					      
1468   054805.1-005622   05:48:05.12   -00:56:22.4   2.5e-02  4.2e-02	 0.09  0.07	12.2  1.8	  1.6	     0.6     1.7       0.6	  0.3	  1.5	  5.6	     1  					      
1469   054805.1-005840   05:48:05.18   -00:58:40.4   2.7e-02  4.4e-02	 0.02  0.02	14.6  2.0	  0.6	     0.2     0.4       0.2	  0.1	  0.3	 21.6	     1  					      
1470   054805.2+003017   05:48:05.21   +00:30:17.5   3.7e-02  5.6e-02	 0.10  0.05	13.7  1.8	  1.9	     0.4     0.9       0.7	  0.2	  0.5	  7.4	     1  					      
1471   054805.4+003538   05:48:05.47   +00:35:38.7   3.8e-02  5.5e-02	 0.11  0.10	13.0  2.8	  0.9	     0.4     1.0       0.3	  0.2	  0.6	  6.5	     1  					      
1472   054805.5+001651   05:48:05.53   +00:16:51.9   1.8e-02  3.6e-02	 0.39  0.34	 9.5  1.4	  2.9	     3.7    15.0       1.2	  2.3	 18.6	  0.9	     2  					      
1473   054805.8+004613   05:48:05.88   +00:46:13.5   3.3e-02  4.9e-02	 0.08  0.04	12.9  1.3	  0.6	     0.4     0.8       0.2	  0.2	  0.5	  8.6	     1  					      
1474   054806.1-011014   05:48:06.19   -01:10:14.7   3.1e-02  4.7e-02	 0.01  0.01	23.1  4.5	  0.2	     0.1     0.2       0.1	  0.0	  0.1	 50.6	     1  					      
1475   054807.0+002541   05:48:07.02   +00:25:41.8   2.3e-02  4.2e-02	 0.04  0.02	15.2  2.2	  0.4	     0.3     0.9       0.2	  0.1	  0.9	 11.0	     1  					      
1476   054807.3+002721   05:48:07.30   +00:27:21.2   3.8e-02  5.2e-02	 1.70  0.36	 9.0  0.4	 11.4	     7.3    14.1       4.3	  3.1	  8.2	  0.4	     2  					      
1477   054807.3+003129   05:48:07.36   +00:31:29.5   2.7e-02  4.6e-02	 0.07  0.04	13.3  1.6	  0.9	     0.4     1.1       0.3	  0.2	  0.9	  7.6	     1  					      
1478   054807.4+003737   05:48:07.42   +00:37:37.5   2.5e-02  4.2e-02	 0.02  0.02	13.8  1.9	  0.3	     0.2     0.5       0.1	  0.1	  0.4	 20.2	     1  					      
1479   054807.5-005341   05:48:07.54   -00:53:41.1   3.1e-02  4.7e-02	 0.26  0.06	12.0  0.6	  2.9	     1.4     3.3       1.2	  0.6	  2.3	  2.3	     2  		    tentative bound	      
1480   054807.6+003349   05:48:07.68   +00:33:49.9   2.0e-02  3.8e-02	 2.36  0.44	12.2  0.6	 17.9	    19.0    70.5       7.5	 10.8	 77.4	  0.2	     3  					      
1481   054807.9+004219   05:48:07.94   +00:42:19.1   4.5e-02  6.0e-02	 0.16  0.05	14.6  1.3	  1.4	     0.5     1.0       0.5	  0.2	  0.5	  5.3	     1  					      
1482   054808.1-000259   05:48:08.18   -00:02:59.6   4.5e-02  6.2e-02	 0.05  0.03	16.9  2.1	  0.5	     0.2     0.3       0.2	  0.1	  0.1	 17.1	     1  					      
1483   054808.5+000641   05:48:08.50   +00:06:41.3   2.6e-02  4.4e-02	 0.08  0.03	13.7  1.1	  0.7	     0.5     1.5       0.3	  0.3	  1.3	  6.1	     1  					      
1484   054808.8+000342   05:48:08.82   +00:03:42.1   6.3e-02  7.6e-02	 0.04  0.02	21.4  2.6	  0.4	     0.1     0.1       0.1	  0.0	  0.0	 29.3	     1  					      
1485   054808.9-010421   05:48:08.94   -01:04:21.4   2.1e-02  3.9e-02	 0.04  0.02	14.6  1.4	  0.3	     0.3     1.1       0.1	  0.2	  1.1	 10.1	     1  					      
1486   054809.0+003448   05:48:09.08   +00:34:48.7   3.3e-02  5.2e-02	 0.05  0.04	15.2  2.7	  0.4	     0.2     0.6       0.1	  0.1	  0.4	 12.4	     1  					      
1487   054809.1+003532   05:48:09.11   +00:35:32.5   3.1e-02  4.8e-02	 0.03  0.02	16.4  3.2	  0.3	     0.1     0.3       0.1	  0.1	  0.2	 22.5	     1  					      
1488   054809.3+003841   05:48:09.30   +00:38:41.1   7.0e-02  7.9e-02	 0.57  0.19	11.2  1.0	  3.7	     1.1     1.4       1.1	  0.3	  0.4	  2.4	     2  		    tentative bound	      
1489   054810.0+005150   05:48:10.04   +00:51:50.7   4.4e-02  6.1e-02	 0.05  0.03	15.6  2.2	  0.5	     0.2     0.3       0.2	  0.1	  0.2	 15.8	     1  					      
1490   054811.5-005403   05:48:11.51   -00:54:03.0   2.7e-02  4.4e-02	 0.11  0.05	10.8  0.9	  0.5	     0.7     1.8       0.2	  0.4	  1.5	  4.7	     1  					      
1491   054811.8-005839   05:48:11.83   -00:58:39.8   2.7e-02  4.4e-02	 0.31  0.12	10.2  0.8	  3.3	     1.9     4.9       1.3	  0.9	  3.9	  1.8	     2  					      
1492   054812.0-010057   05:48:12.01   -01:00:57.7   3.0e-02  4.7e-02	 0.39  0.19	 9.0  0.7	  1.3	     2.1     5.2       0.5	  1.0	  3.8	  1.5	     2  					      
1493   054812.0+001803   05:48:12.06   +00:18:03.1   4.3e-02  5.7e-02	 0.46  0.08	12.3  0.5	  4.7	     1.7     2.9       1.7	  0.6	  1.5	  1.9	     2  					      
1494   054812.2+004222   05:48:12.28   +00:42:22.9   4.7e-02  6.6e-02	 0.64  0.15	13.2  0.8	  2.2	     1.7     3.4       0.7	  0.6	  1.6	  1.5	     2  					      
1495   054812.3-010306   05:48:12.32   -01:03:06.6   3.3e-02  5.0e-02	 0.05  0.03	13.4  1.9	  0.3	     0.2     0.5       0.1	  0.1	  0.3	 14.2	     1  					      
1496   054812.3-010017   05:48:12.33   -01:00:17.9   2.5e-02  4.3e-02	 0.04  0.02	14.6  1.6	  0.3	     0.3     0.8       0.1	  0.2	  0.7	 11.0	     1  					      
1497   054812.4+005443   05:48:12.48   +00:54:43.1   6.7e-02  7.7e-02	 0.06  0.03	17.6  2.6	  0.5	     0.1     0.2       0.2	  0.0	  0.1	 21.7	     1  					      
1498   054812.5+001630   05:48:12.50   +00:16:30.6   2.7e-02  4.4e-02	 0.03  0.02	13.8  1.7	  0.2	     0.2     0.5       0.1	  0.1	  0.4	 18.0	     1  					      
1499   054813.2+003106   05:48:13.24   +00:31:06.1   2.7e-02  4.4e-02	 0.07  0.03	13.3  1.1	  0.8	     0.4     1.1       0.3	  0.2	  0.9	  7.6	     1  					      
1500   054813.3+002953   05:48:13.31   +00:29:53.2   4.3e-02  5.9e-02	 0.11  0.04	13.6  1.3	  1.1	     0.4     0.7       0.4	  0.1	  0.4	  7.5	     1  					      
1501   054813.6+003241   05:48:13.66   +00:32:41.5   3.3e-02  5.0e-02	 0.02  0.01	17.1  3.7	  0.2	     0.1     0.2       0.1	  0.0	  0.1	 36.8	     1  					      
1502   054814.0+003435   05:48:14.02   +00:34:35.8   3.2e-02  5.0e-02	 0.11  0.05	12.0  1.0	  0.4	     0.5     1.2       0.2	  0.2	  0.8	  6.0	     1  					      
1503   054814.3-010405   05:48:14.36   -01:04:05.5   4.0e-02  5.5e-02	 0.18  0.10	11.7  1.4	  1.8	     0.7     1.3       0.6	  0.3	  0.7	  4.4	     1  					      
1504   054814.4+001539   05:48:14.45   +00:15:39.5   2.8e-02  4.7e-02	 0.04  0.03	13.0  1.7	  0.3	     0.2     0.7       0.1	  0.1	  0.5	 12.5	     1  					      
1505   054815.3-010805   05:48:15.32   -01:08:05.2   5.1e-02  6.5e-02	 0.09  0.06	12.6  1.8	  0.3	     0.2     0.4       0.1	  0.1	  0.2	 11.7	     1  					      
1506   054816.1+003522   05:48:16.19   +00:35:22.7   3.9e-02  5.8e-02	 0.46  0.14	11.0  0.8	  4.1	     1.6     3.6       1.5	  0.6	  2.0	  1.7	     2  					      
1507   054817.0+005841   05:48:17.03   +00:58:41.3   5.8e-02  7.3e-02	 0.17  0.08	11.9  1.4	  1.2	     0.4     0.6       0.4	  0.1	  0.2	  6.6	     1  					      
1508   054817.0-005902   05:48:17.08   -00:59:02.7   3.4e-02  5.2e-02	 0.55  0.18	11.1  0.7	  5.8	     2.5     5.7       2.2	  1.1	  3.7	  1.2	     2  					      
1509   054819.0+001729   05:48:19.09   +00:17:29.2   2.5e-02  4.2e-02	 0.09  0.06	12.0  1.8	  1.5	     0.6     1.7       0.6	  0.3	  1.5	  5.3	     1  					      
1510   054819.2+010004   05:48:19.21   +01:00:04.5   5.5e-02  6.7e-02	 0.17  0.15	11.6  0.5	  1.0	     0.5     0.7       0.3	  0.1	  0.3	  6.3	     1  					      
1511   054819.3-005951   05:48:19.36   -00:59:51.9   4.3e-02  5.7e-02	 0.11  0.07	14.1  1.5	  2.6	     0.4     0.7       1.0	  0.2	  0.4	  7.3	     1  					      
1512   054819.5-010205   05:48:19.51   -01:02:05.9   3.2e-02  4.8e-02	 0.50  0.15	11.7  0.7	  4.2	     2.6     5.8       1.6	  1.2	  4.0	  1.3	     2  					      
1513   054819.6+003313   05:48:19.64   +00:33:13.1   2.3e-02  4.1e-02	 0.03  0.02	14.7  2.1	  0.2	     0.2     0.7       0.1	  0.1	  0.6	 15.1	     1  					      
1514   054819.7+003056   05:48:19.70   +00:30:56.7   4.5e-02  6.5e-02	 0.26  0.10	12.2  1.2	  1.9	     0.7     1.6       0.6	  0.2	  0.8	  3.4	     2  		    tentative bound	      
1515   054819.8-010129   05:48:19.89   -01:01:29.3   6.3e-02  7.2e-02	 1.08  0.34	11.5  0.7	  6.2	     2.4     3.2       2.0	  0.7	  1.1	  1.2	     2  					      
1516   054819.9+004854   05:48:19.98   +00:48:54.6   5.6e-02  7.0e-02	 0.09  0.06	13.5  2.4	  0.6	     0.2     0.3       0.2	  0.1	  0.1	 12.2	     1  					      
1517   054820.2+001535   05:48:20.28   +00:15:35.4   2.8e-02  4.5e-02	 0.02  0.01	16.1  2.5	  0.3	     0.1     0.3       0.1	  0.1	  0.3	 25.5	     1  					      
1518   054820.4-005841   05:48:20.44   -00:58:41.2   3.5e-02  5.5e-02	 0.12  0.06	15.3  1.6	  1.9	     0.5     1.2       0.7	  0.2	  0.7	  5.7	     1  					      
1519   054820.7+003432   05:48:20.76   +00:34:32.3   2.4e-02  4.2e-02	 0.01  0.01	19.5  3.5	  0.1	     0.1     0.2       0.1	  0.0	  0.2	 39.7	     1  					      
1520   054822.5-005114   05:48:22.56   -00:51:14.3   7.5e-02  9.2e-02	 0.17  0.02	16.2  1.9	  0.5	     0.2     0.4       0.1	  0.1	  0.1	  8.7	     1  					      
1521   054822.9+002917   05:48:22.98   +00:29:17.1   6.6e-02  7.5e-02	 0.16  0.08	12.0  1.9	  1.8	     0.3     0.4       0.6	  0.1	  0.1	  8.3	     1  					      
1522   054823.2+003614   05:48:23.25   +00:36:14.0   2.9e-02  4.7e-02	 0.08  0.03	13.8  1.2	  1.1	     0.5     1.2       0.4	  0.2	  0.9	  6.9	     1  					      
1523   054824.0+005806   05:48:24.06   +00:58:06.9   3.4e-02  5.1e-02	 0.05  0.02	16.4  2.5	  0.5	     0.2     0.5       0.2	  0.1	  0.3	 14.5	     1  					      
1524   054824.3+002533   05:48:24.35   +00:25:33.7   2.1e-02  3.9e-02	 0.02  0.02	14.5  2.3	  0.2	     0.2     0.6       0.1	  0.1	  0.6	 18.0	     1  					      
1525   054824.8+001520   05:48:24.81   +00:15:20.0   3.8e-02  5.4e-02	 0.48  0.20	10.4  1.1	  4.0	     1.9     3.9       1.5	  0.8	  2.2	  1.6	     2  					      
1526   054825.2-011001   05:48:25.20   -01:10:01.8   2.2e-02  4.0e-02	 0.04  0.02	16.3  1.8	  0.3	     0.3     1.0       0.1	  0.2	  1.0	 10.7	     1  					      
1527   054825.3+003304   05:48:25.36   +00:33:04.5   6.9e-02  7.9e-02	 0.37  0.57	11.3  2.3	  1.4	     0.7     0.9       0.4	  0.2	  0.3	  3.7	     1  					      
1528   054825.4+003343   05:48:25.43   +00:33:43.4   1.8e-02  3.6e-02	 0.10  0.05	11.0  4.5	  1.3	     0.9     3.9       0.6	  0.5	  4.8	  3.4	     2         no SED fit   tentative bound	      
1529   054825.6-010258   05:48:25.62   -01:02:58.4   2.7e-02  4.4e-02	 0.18  0.13	11.5  1.6	  2.7	     1.1     2.8       1.1	  0.5	  2.3	  3.0	     2  		    tentative bound	      
1530   054825.7+001625   05:48:25.76   +00:16:25.4   3.8e-02  5.4e-02	 0.45  0.09	11.0  0.5	  3.2	     1.9     3.7       1.2	  0.8	  2.1	  1.7	     2  					      
1531   054826.0-010012   05:48:26.00   -01:00:12.2   2.9e-02  4.7e-02	 0.07  0.07	13.1  2.8	  1.0	     0.4     0.9       0.4	  0.2	  0.7	  8.4	     1  					      
1532   054826.5-010117   05:48:26.51   -01:01:17.6   3.2e-02  5.1e-02	 0.12  0.11	13.7  2.6	  4.5	     0.6     1.4       1.7	  0.2	  0.9	  5.3	     1  					      
1533   054826.7-010316   05:48:26.72   -01:03:16.6   5.2e-02  6.8e-02	 0.37  0.25	12.4  1.9	  2.6	     1.0     1.6       0.9	  0.3	  0.7	  2.8	     2  		    tentative bound	      
1534   054827.8+001135   05:48:27.81   +00:11:35.7   4.1e-02  5.8e-02	 0.19  0.09	12.5  1.5	  1.3	     0.7     1.3       0.5	  0.3	  0.7	  4.2	     1  					      
1535   054828.5-011309   05:48:28.50   -01:13:09.1   3.3e-02  5.2e-02	 0.23  0.13	10.8  1.5	  2.3	     1.0     2.4       0.9	  0.4	  1.6	  2.9	     2  		    tentative bound	      
1536   054830.2-010400   05:48:30.22   -01:04:00.1   6.8e-02  7.7e-02	 0.08  0.07	16.4  3.4	  1.2	     0.2     0.2       0.4	  0.0	  0.1	 17.6	     1  					      
1537   054830.3+001524   05:48:30.30   +00:15:24.6   2.5e-02  4.2e-02	 0.37  0.46	 8.7  2.4	  2.9	     2.5     7.1       1.2	  1.3	  6.3	  1.3	     2  					      
1538   054831.5-013047   05:48:31.54   -01:30:47.0   4.8e-02  6.0e-02	 0.08  0.04	15.6  2.3	  0.5	     0.3     0.4       0.2	  0.1	  0.2	 12.1	     1  					      
1539   054832.7+005849   05:48:32.78   +00:58:49.0   7.1e-02  8.0e-02	 0.09  0.04	15.0  1.9	  0.5	     0.2     0.2       0.2	  0.0	  0.1	 16.0	     1  					      
1540   054832.8-010100   05:48:32.80   -01:01:00.4   7.2e-02  8.2e-02	 1.87  1.36	 9.0  1.2	  6.1	     3.3     4.3       1.8	  0.9	  1.3	  0.8	     2  					      
1541   054834.8+001434   05:48:34.81   +00:14:34.7   5.2e-02  6.5e-02	 0.47  0.21	 9.7  0.8	  2.3	     1.3     2.0       0.8	  0.4	  0.9	  2.2	     2  		    tentative bound	      
1542   054835.0-011045   05:48:35.06   -01:10:45.3   2.3e-02  4.0e-02	 0.08  0.08	10.9  2.2	  0.6	     0.6     1.7       0.3	  0.3	  1.7	  5.9	     1  					      
1543   054835.9+002135   05:48:35.94   +00:21:35.9   4.3e-02  5.6e-02	 0.06  0.04	14.3  2.2	  0.4	     0.2     0.4       0.2	  0.1	  0.2	 14.2	     1  					      
1544   054836.2+001522   05:48:36.27   +00:15:22.5   2.8e-02  4.5e-02	 0.19  0.11	10.3  1.4	  2.0	     1.1     2.9       0.8	  0.6	  2.3	  2.9	     2  		    tentative bound	      
1545   054836.4+003359   05:48:36.48   +00:33:59.1   5.5e-02  6.7e-02	 0.24  0.05	13.0  0.8	  1.7	     0.6     0.9       0.6	  0.2	  0.4	  4.6	     1  					      
1546   054837.4-005819   05:48:37.42   -00:58:19.5   8.3e-02  9.1e-02	 0.31  0.15	12.7  1.2	  1.2	     0.4     0.5       0.3	  0.1	  0.1	  5.3	     1  					      
1547   054838.7-010941   05:48:38.71   -01:09:41.0   4.2e-02  5.5e-02	 0.16  0.17	12.5  2.9	  1.0	     0.6     1.1       0.4	  0.3	  0.6	  5.0	     1  					      
1548   054840.1-004251   05:48:40.16   -00:42:51.4   3.4e-02  5.0e-02	 0.73  0.13	12.1  0.5	  6.8	     3.4     7.3       2.6	  1.5	  4.6	  0.9	     2  					      
1549   054840.9-010354   05:48:40.91   -01:03:54.6   1.0e-01  1.1e-01	 0.53  0.23	13.1  1.3	  3.4	     0.5     0.6       0.8	  0.1	  0.1	  3.8	     1  					      
1550   054841.2+004940   05:48:41.25   +00:49:40.5   4.1e-02  5.5e-02	 0.04  0.02	16.9  1.9	  0.4	     0.1     0.3       0.2	  0.1	  0.1	 22.8	     1  					      
1551   054841.2+003336   05:48:41.27   +00:33:36.6   3.9e-02  5.7e-02	 0.32  0.16	11.0  4.5	  1.4	     1.2     2.6       0.5	  0.4	  1.5	  2.3	     2         no SED fit   tentative bound	      
1552   054841.6-005742   05:48:41.67   -00:57:42.5   3.9e-02  5.4e-02	 0.43  0.13	11.3  0.7	  4.3	     1.8     3.4       1.6	  0.7	  1.9	  1.8	     2  					      
1553   054842.5-011516   05:48:42.54   -01:15:16.3   7.0e-02  7.9e-02	 0.23  0.17	12.6  2.8	  1.2	     0.4     0.6       0.4	  0.1	  0.2	  5.9	     1  					      
1554   054842.6-011111   05:48:42.69   -01:11:11.0   3.2e-02  4.9e-02	 0.06  0.05	13.5  2.6	  0.4	     0.3     0.7       0.1	  0.1	  0.5	 10.2	     1  					      
1555   054843.2-001547   05:48:43.22   -00:15:47.3   5.9e-02  6.9e-02	 0.82  0.19	11.0  0.5	  4.0	     2.0     2.8       1.3	  0.6	  1.1	  1.4	     2  					      
1556   054843.6+003326   05:48:43.61   +00:33:26.5   2.5e-02  4.2e-02	 0.10  0.08	10.7  1.7	  1.0	     0.7     1.9       0.4	  0.4	  1.7	  4.9	     1  					      
1557   054844.0+001317   05:48:44.06   +00:13:17.2   2.6e-02  4.5e-02	 0.02  0.01	18.6  2.3	  0.4	     0.1     0.4       0.2	  0.1	  0.4	 20.8	     1  					      
1558   054845.4-011520   05:48:45.44   -01:15:20.2   2.4e-02  4.3e-02	 0.12  0.06	11.0  4.5	  1.6	     0.8     2.3       0.7	  0.4	  2.1	  4.1	     2         no SED fit   tentative bound	      
1559   054845.4-010004   05:48:45.47   -01:00:04.7   2.1e-02  4.1e-02	 0.15  0.05	11.3  0.7	  1.3	     1.1     4.1       0.6	  0.6	  4.3	  2.8	     2  		    tentative bound	      
1560   054845.9+001448   05:48:45.94   +00:14:48.0   3.1e-02  4.8e-02	 0.09  0.03	13.1  1.1	  1.4	     0.5     1.2       0.6	  0.2	  0.8	  6.5	     1  					      
1561   054845.9-013317   05:48:45.98   -01:33:17.7   5.3e-02  6.7e-02	 0.02  0.03	19.5  4.5	  0.2	     0.1     0.1       0.1	  0.0	  0.0	 42.5	     1  					      
1562   054846.4-010528   05:48:46.46   -01:05:28.2   4.2e-02  5.7e-02	 0.21  0.09	11.7  0.9	  1.9	     0.8     1.4       0.7	  0.3	  0.7	  4.0	     2  		    tentative bound	      
1563   054848.0-010343   05:48:48.09   -01:03:43.6   5.4e-02  7.3e-02	 0.89  0.57	10.0  1.1	  3.6	     2.0     3.7       1.1	  0.6	  1.5	  1.2	     2  					      
1564   054848.4-010131   05:48:48.45   -01:01:31.1   2.8e-02  4.7e-02	 0.43  0.17	 9.7  0.7	  2.4	     2.3     6.4       0.9	  1.1	  5.0	  1.3	     2  					      
1565   054848.6+004704   05:48:48.62   +00:47:04.3   7.1e-02  8.1e-02	 0.07  0.03	18.9  2.8	  0.6	     0.1     0.2       0.2	  0.0	  0.0	 21.5	     1  					      
1566   054849.2+001253   05:48:49.23   +00:12:53.0   3.3e-02  5.0e-02	 0.07  0.05	12.4  1.6	  0.2	     0.3     0.8       0.1	  0.1	  0.5	  9.3	     1  					      
1567   054850.4-013024   05:48:50.40   -01:30:24.7   4.5e-02  6.0e-02	 0.06  0.03	17.1  2.4	  0.4	     0.2     0.3       0.1	  0.1	  0.2	 16.1	     1  					      
1568   054850.7-005945   05:48:50.70   -00:59:45.7   5.2e-02  6.3e-02	 0.08  0.04	16.1  2.3	  0.9	     0.2     0.4       0.3	  0.1	  0.1	 12.8	     1  					      
1569   054850.7-010310   05:48:50.73   -01:03:10.2   4.2e-02  5.6e-02	 0.32  0.12	11.0  0.7	  3.1	     1.2     2.1       1.1	  0.5	  1.1	  2.6	     2  		    tentative bound	      
1570   054851.5-010225   05:48:51.50   -01:02:25.3   4.2e-02  5.6e-02	 0.55  0.27	 9.3  0.7	  6.1	     2.1     3.7       2.2	  0.8	  1.9	  1.5	     2  					      
1571   054851.8-001504   05:48:51.89   -00:15:04.6   3.9e-02  5.4e-02	 0.24  0.20	11.2  2.1	  2.6	     1.0     1.8       1.0	  0.4	  1.0	  3.3	     2  		    tentative bound	      
1572   054853.2+005342   05:48:53.29   +00:53:42.0   3.2e-02  4.7e-02	 0.03  0.01	18.9  3.0	  0.2	     0.1     0.3       0.1	  0.1	  0.2	 24.2	     1  					      
1573   054854.2-004217   05:48:54.28   -00:42:17.4   3.3e-02  5.3e-02	 0.04  0.03	15.0  2.2	  0.3	     0.2     0.5       0.1	  0.1	  0.3	 15.0	     1  					      
1574   054854.7-010429   05:48:54.70   -01:04:29.4   2.5e-02  4.2e-02	 0.12  0.06	11.0  4.5	  1.4	     0.8     2.2       0.6	  0.4	  1.9	  4.1	     2         no SED fit   tentative bound	      
1575   054855.0+015653   05:48:55.05   +01:56:53.3   2.8e-02  4.5e-02	 0.03  0.02	13.1  1.5	  1.1	     0.2     0.5       0.4	  0.1	  0.4	 16.1	     1  				      N region
1576   054855.1-011959   05:48:55.18   -01:19:59.9   5.5e-02  6.5e-02	 0.09  0.03	15.8  1.2	  0.5	     0.3     0.4       0.2	  0.1	  0.1	 11.5	     1  					      
1577   054855.3-010006   05:48:55.34   -01:00:06.7   2.4e-02  4.1e-02	 0.03  0.02	13.7  1.8	  0.5	     0.2     0.7       0.2	  0.1	  0.7	 13.7	     1  					      
1578   054855.9-010243   05:48:55.93   -01:02:43.6   3.2e-02  5.1e-02	 0.06  0.06	14.0  3.2	  0.5	     0.3     0.7       0.2	  0.1	  0.5	 10.8	     1  					      
1579   054856.2+001429   05:48:56.22   +00:14:29.5   4.5e-02  6.3e-02	 0.53  0.12	11.9  0.6	  3.8	     1.6     3.2       1.3	  0.5	  1.5	  1.7	     2  					      
1580   054856.5+004702   05:48:56.55   +00:47:02.8   2.6e-02  4.3e-02	 0.02  0.01	15.5  1.8	  0.2	     0.1     0.4       0.1	  0.1	  0.3	 23.7	     1  					      
1581   054856.7+015806   05:48:56.74   +01:58:06.1   4.4e-02  5.7e-02	 0.10  0.02	14.8  0.8	  0.6	     0.4     0.6       0.2	  0.1	  0.3	  8.7	     1  				      N region
1582   054857.1+001558   05:48:57.13   +00:15:58.4   4.0e-02  5.4e-02	 0.07  0.03	14.9  1.4	  0.5	     0.3     0.5       0.2	  0.1	  0.3	 11.1	     1  					      
1583   054858.0+005459   05:48:58.04   +00:54:59.3   4.9e-02  6.2e-02	 0.06  0.04	17.6  3.1	  0.2	     0.2     0.3       0.1	  0.1	  0.1	 17.2	     1  					      
1584   054859.4-012711   05:48:59.43   -01:27:11.2   7.7e-02  8.5e-02	 0.09  0.04	17.0  1.9	  0.4	     0.1     0.2       0.1	  0.0	  0.1	 16.9	     1  					      
1585   054859.8+002549   05:48:59.86   +00:25:49.4   3.4e-02  5.1e-02	 0.15  0.09	11.5  1.6	  1.3	     0.7     1.6       0.5	  0.3	  1.0	  4.4	     1  					      
1586   054900.7-011628   05:49:00.74   -01:16:28.2   2.3e-02  4.3e-02	 0.13  0.06	11.7  1.2	  0.7	     0.8     2.8       0.3	  0.4	  2.7	  3.6	     2  		    tentative bound	      
1587   054900.7-004819   05:49:00.76   -00:48:19.6   3.1e-02  4.8e-02	 0.05  0.06	13.7  3.7	  1.1	     0.3     0.6       0.4	  0.1	  0.4	 12.5	     1  					      
1588   054901.0-011434   05:49:01.03   -01:14:34.9   4.7e-02  6.1e-02	 0.11  0.05	13.0  1.4	  0.9	     0.4     0.6       0.3	  0.1	  0.3	  8.5	     1  					      
1589   054901.1-010227   05:49:01.19   -01:02:27.0   3.9e-02  5.3e-02	 0.30  0.13	10.9  1.1	  3.0	     1.3     2.4       1.1	  0.5	  1.4	  2.5	     2  		    tentative bound	      
1590   054902.3-010734   05:49:02.30   -01:07:34.8   3.9e-02  5.7e-02	 0.11  0.07	12.3  1.5	  0.4	     0.4     0.9       0.1	  0.2	  0.5	  6.7	     1  					      
1591   054902.5+010730   05:49:02.56   +01:07:30.2   1.8e-02  3.8e-02	 0.77  0.32	11.4  0.4	  3.6	     6.5    27.8       1.5	  3.8	 33.5	  0.5	     3  					      
1592   054903.6-010433   05:49:03.67   -01:04:33.1   3.1e-02  4.8e-02	 0.04  0.02	15.5  2.0	  0.4	     0.2     0.5       0.1	  0.1	  0.3	 15.7	     1  					      
1593   054904.7-005842   05:49:04.72   -00:58:42.0   5.9e-02  7.5e-02	 0.23  0.10	13.8  1.6	  1.5	     0.5     0.8       0.5	  0.1	  0.3	  5.1	     1  					      
1594   054905.7-004822   05:49:05.73   -00:48:22.9   3.2e-02  4.7e-02	 0.08  0.06	13.2  1.9	  0.4	     0.4     1.0       0.2	  0.2	  0.7	  7.6	     1  					      
1595   054905.8-012617   05:49:05.80   -01:26:17.8   4.1e-02  5.4e-02	 0.04  0.02	15.0  2.1	  0.2	     0.2     0.3       0.1	  0.1	  0.2	 17.8	     1  					      
1596   054907.7-010234   05:49:07.72   -01:02:34.6   4.5e-02  6.6e-02	 0.11  0.04	15.7  1.5	  1.0	     0.3     0.6       0.3	  0.1	  0.3	  8.1	     1  					      
1597   054908.0-004243   05:49:08.01   -00:42:43.5   2.7e-02  4.4e-02	 0.04  0.02	15.8  1.6	  0.3	     0.3     0.7       0.1	  0.1	  0.5	 13.0	     1  					      
1598   054908.2-010917   05:49:08.22   -01:09:17.0   2.9e-02  4.5e-02	 0.05  0.03	13.9  1.7	  0.4	     0.3     0.8       0.1	  0.2	  0.6	 10.4	     1  					      
1599   054908.7-011558   05:49:08.72   -01:15:58.8   3.5e-02  5.0e-02	 0.46  0.15	10.4  0.8	  3.4	     2.2     4.5       1.3	  0.9	  2.8	  1.5	     2  					      
1600   054909.2-004901   05:49:09.29   -00:49:01.0   5.5e-02  6.5e-02	 0.17  0.08	13.3  1.7	  1.5	     0.5     0.7       0.5	  0.2	  0.3	  6.2	     1  					      
1601   054909.4+015501   05:49:09.49   +01:55:01.5   5.8e-02  6.9e-02	 0.28  0.14	11.0  4.5	  0.9	     0.7     1.0       0.3	  0.2	  0.4	  4.1	     1         no SED fit		      N region
1602   054910.5-011000   05:49:10.56   -01:10:00.7   6.1e-02  7.1e-02	 0.08  0.04	16.4  2.4	  0.3	     0.2     0.2       0.1	  0.1	  0.1	 15.8	     1  					      
1603   054910.6-010635   05:49:10.69   -01:06:35.8   5.9e-02  7.3e-02	 0.23  0.05	14.5  1.6	  0.9	     0.5     0.8       0.3	  0.2	  0.3	  5.0	     1  					      
1604   054911.2-011609   05:49:11.21   -01:16:09.5   5.4e-02  6.5e-02	 0.17  0.05	15.5  1.5	  1.4	     0.5     0.7       0.5	  0.2	  0.3	  6.3	     1  					      
1605   054912.6-010426   05:49:12.60   -01:04:26.3   3.7e-02  5.4e-02	 0.12  0.04	12.6  1.1	  1.4	     0.5     1.0       0.5	  0.2	  0.6	  6.3	     1  					      
1606   054913.5-011603   05:49:13.57   -01:16:03.6   2.6e-02  4.5e-02	 0.18  0.05	11.8  0.8	  1.7	     1.1     3.2       0.7	  0.5	  2.7	  2.8	     2  		    tentative bound	      
1607   054914.5+015353   05:49:14.56   +01:53:53.9   7.0e-02  7.8e-02	 0.36  0.06	13.0  0.6	  0.9	     0.7     0.9       0.3	  0.2	  0.3	  3.8	     1  				      N region
1608   054921.4+010359   05:49:21.42   +01:03:59.3   2.9e-02  4.7e-02	 0.04  0.02	15.2  1.8	  0.2	     0.2     0.6       0.1	  0.1	  0.4	 14.3	     1  					      
1609   054922.1+001311   05:49:22.16   +00:13:11.0   4.0e-02  5.8e-02	 0.26  0.13	11.0  4.5	  1.1	     0.9     1.9       0.4	  0.3	  1.1	  3.1	     2         no SED fit   tentative bound	      
1610   054923.3-012257   05:49:23.38   -01:22:57.2   3.5e-02  5.6e-02	 0.08  0.04	15.0  1.5	  0.6	     0.3     0.8       0.2	  0.1	  0.5	  8.5	     1  					      
1611   054929.3+001352   05:49:29.38   +00:13:52.8   5.0e-02  6.4e-02	 0.05  0.02	14.8  1.6	  0.5	     0.2     0.3       0.2	  0.1	  0.1	 18.9	     1  					      
1612   054929.4-010401   05:49:29.46   -01:04:01.3   6.2e-02  7.4e-02	 0.35  0.14	12.6  1.4	  1.7	     0.7     1.1       0.5	  0.2	  0.4	  3.5	     2  		    tentative bound	      
1613   054929.8-010147   05:49:29.89   -01:01:47.1   4.2e-02  5.5e-02	 0.16  0.09	11.9  1.3	  1.0	     0.6     1.1       0.4	  0.2	  0.6	  5.1	     1  					      
1614   054930.3+011157   05:49:30.30   +01:11:57.5   8.8e-02  9.5e-02	 0.16  0.06	14.7  1.5	  0.6	     0.2     0.2       0.2	  0.0	  0.1	 10.7	     1  					      
1615   054937.8+010721   05:49:37.80   +01:07:21.4   3.7e-02  5.4e-02	 0.03  0.02	17.0  3.3	  0.1	     0.1     0.2       0.0	  0.0	  0.1	 27.6	     1  					      
1616   054940.1+001358   05:49:40.13   +00:13:58.9   3.6e-02  5.2e-02	 0.04  0.02	14.8  1.8	  0.3	     0.2     0.4       0.1	  0.1	  0.2	 16.7	     1  					      
1617   054943.6+010022   05:49:43.62   +01:00:22.2   4.9e-02  6.3e-02	 0.05  0.01	20.9  1.1	  0.2	     0.2     0.3       0.1	  0.1	  0.1	 18.2	     1  					      
1618   054945.2+010408   05:49:45.23   +01:04:08.4   5.1e-02  6.8e-02	 0.11  0.07	13.0  1.5	  0.2	     0.3     0.5       0.1	  0.1	  0.2	  9.1	     1  					      
1619   054949.5+014529   05:49:49.55   +01:45:29.7   6.1e-02  7.2e-02	 0.13  0.03	10.6  0.6	  0.9	     0.3     0.4       0.3	  0.1	  0.2	  9.0	     1  				      N region
1620   054952.1+010242   05:49:52.14   +01:02:42.6   8.4e-02  9.2e-02	 0.07  0.03	19.4  3.2	  0.4	     0.1     0.1       0.1	  0.0	  0.0	 25.2	     1  					      
1621   054953.4+010327   05:49:53.48   +01:03:27.6   1.8e-02  3.7e-02	 0.03  0.03	13.9  3.0	  0.3	     0.3     1.3       0.1	  0.2	  1.6	 10.3	     1  					      
1622   054955.9-010235   05:49:55.92   -01:02:35.3   9.1e-02  9.7e-02	 0.17  0.06	17.4  2.0	  0.6	     0.2     0.2       0.2	  0.0	  0.1	 10.6	     1  					      
1623   055002.4+005847   05:50:02.41   +00:58:47.5   3.9e-02  5.4e-02	 0.02  0.01	21.0  3.3	  0.3	     0.1     0.2       0.1	  0.0	  0.1	 37.2	     1  					      
1624   055006.6-010746   05:50:06.69   -01:07:46.6   8.0e-02  8.7e-02	 0.27  0.06	13.6  0.7	  1.1	     0.4     0.5       0.3	  0.1	  0.1	  5.9	     1  					      
1625   055031.6+012250   05:50:31.65   +01:22:50.8   5.0e-02  6.3e-02	 0.04  0.05	15.1  4.5	  0.3	     0.1     0.2       0.1	  0.0	  0.1	 22.5	     1  					      
1626   055033.2+012304   05:50:33.23   +01:23:04.3   2.4e-02  4.1e-02	 0.02  0.02	15.6  3.1	  0.3	     0.2     0.5       0.1	  0.1	  0.5	 18.8	     1  					      
1627   055051.0+030655   05:50:51.01   +03:06:55.2   2.7e-02  4.3e-02	 0.06  0.02	14.8  1.4	  0.6	     0.4     1.0       0.2	  0.2	  0.8	  9.3	     1  				      N region
1628   055052.9+031149   05:50:52.92   +03:11:49.8   1.0e-01  1.1e-01	 4.44  0.73	10.0  0.3	  5.5	     4.3     4.8       1.3	  0.9	  1.0	  0.5	     2  				      N region
1629   055053.0+011819   05:50:53.08   +01:18:19.7   4.2e-02  5.9e-02	 0.03  0.01	18.5  2.8	  0.1	     0.1     0.2       0.1	  0.0	  0.1	 27.2	     1  					      
1630   055054.1+030803   05:50:54.15   +03:08:03.6   2.2e-02  4.0e-02	 0.13  0.04	20.2  2.2	  2.2	     1.0     3.1       0.9	  0.5	  3.1	  3.4	     3  				      N region
1631   055055.8+011045   05:50:55.88   +01:10:45.7   2.5e-02  4.4e-02	 0.04  0.03	15.0  2.7	  0.4	     0.2     0.7       0.1	  0.1	  0.6	 12.6	     1  					      
1632   055056.3+030709   05:50:56.38   +03:07:09.8   2.4e-02  4.1e-02	 0.04  0.03	16.1  2.7	  1.0	     0.3     0.8       0.4	  0.2	  0.8	 11.4	     1  				      N region
1633   055057.8+030820   05:50:57.86   +03:08:20.3   3.1e-02  4.8e-02	 1.39  1.10	 9.1  1.3	  5.5	     7.1    16.8       2.1	  3.2	 11.7	  0.4	     2  				      N region
1634   055059.3+011209   05:50:59.38   +01:12:09.2   8.0e-02  8.9e-02	 0.07  0.03	17.8  2.8	  0.5	     0.1     0.1       0.1	  0.0	  0.0	 23.2	     1  					      
1635   055100.9+025524   05:51:00.97   +02:55:24.5   5.7e-02  6.7e-02	 0.22  0.04	15.0  0.8	  1.1	     0.6     0.8       0.4	  0.2	  0.3	  5.1	     1  				      N region
1636   055103.6+011030   05:51:03.60   +01:10:30.4   1.1e-01  1.1e-01	 0.21  0.08	16.0  1.6	  0.6	     0.2     0.2       0.1	  0.0	  0.0	 10.1	     1  					      
1637   055106.9+031019   05:51:06.96   +03:10:19.5   4.2e-02  6.3e-02	 0.48  0.23	10.7  1.0	  3.5	     1.4     3.2       1.2	  0.5	  1.7	  1.7	     2  				      N region
1638   055114.3+011409   05:51:14.30   +01:14:09.8   6.1e-02  7.6e-02	 0.12  0.04	15.6  1.2	  0.6	     0.2     0.4       0.2	  0.1	  0.1	 10.1	     1  					      
1639   055114.8+031046   05:51:14.82   +03:10:46.3   4.6e-02  7.0e-02	 1.03  0.34	 9.7  0.7	  5.9	     2.5     5.8       1.9	  0.8	  2.8	  0.9	     2  				      N region
1640   055116.9+024833   05:51:16.98   +02:48:33.5   7.1e-02  8.0e-02	 0.87  0.15	11.0  0.4	  2.7	     1.6     2.1       0.8	  0.5	  0.6	  1.6	     2  				      N region
1641   055117.0+025808   05:51:17.04   +02:58:08.2   4.1e-02  6.2e-02	 0.03  0.04	19.2  4.5	  0.4	     0.1     0.2       0.2	  0.0	  0.1	 26.9	     1  				      N region
1642   055122.2+024816   05:51:22.24   +02:48:16.5   4.7e-02  6.1e-02	 0.67  0.33	11.0  4.5	  1.8	     2.1     3.6       0.6	  0.8	  1.7	  1.4	     2         no SED fit		      N region
1643   055122.6+025604   05:51:22.65   +02:56:04.6   1.8e-02  3.6e-02	 3.18  0.69	14.5  0.9	 32.9	    28.6   121.2      14.1	 17.2	150.5	  0.1	     3  				      N region
1644   055125.1+031141   05:51:25.11   +03:11:41.2   3.1e-02  4.7e-02	 0.22  0.08	10.2  0.8	  1.9	     1.2     2.8       0.7	  0.5	  2.0	  2.7	     2  		    tentative bound   N region
1645   055125.4+022839   05:51:25.45   +02:28:39.6   5.3e-02  6.5e-02	 0.11  0.03	16.7  1.2	  0.5	     0.3     0.5       0.2	  0.1	  0.2	  9.8	     1  				      N region
1646   055128.6+031154   05:51:28.63   +03:11:54.1   2.4e-02  4.1e-02	 0.18  0.05	11.3  0.7	  2.2	     1.3     3.7       0.9	  0.7	  3.4	  2.6	     2  		    tentative bound   N region
1647   055131.3+031400   05:51:31.38   +03:14:00.5   2.6e-02  4.3e-02	 0.02  0.01	16.8  3.4	  0.2	     0.1     0.3       0.1	  0.1	  0.3	 28.5	     1  				      N region
1648   055133.3+031250   05:51:33.37   +03:12:50.1   5.6e-02  7.4e-02	 0.51  0.17	10.1  0.7	  2.4	     1.1     2.0       0.8	  0.3	  0.8	  2.1	     2  		    tentative bound   N region
1649   055135.4+021829   05:51:35.41   +02:18:29.3   5.6e-02  6.8e-02	 0.07  0.05	15.5  2.7	  0.6	     0.2     0.3       0.2	  0.1	  0.1	 15.7	     1  				      N region
1650   055136.6+023306   05:51:36.61   +02:33:06.1   6.1e-02  7.6e-02	 0.21  0.07	13.0  1.0	  1.1	     0.4     0.7       0.3	  0.1	  0.2	  5.7	     1  				      N region
1651   055138.4+031446   05:51:38.45   +03:14:46.3   2.7e-02  4.4e-02	 0.04  0.02	13.5  1.6	  0.7	     0.3     0.7       0.3	  0.1	  0.6	 12.6	     1  				      N region
1652   055139.6+025012   05:51:39.68   +02:50:12.4   3.9e-02  5.4e-02	 0.34  0.12	12.7  1.0	  3.0	     1.4     2.7       1.1	  0.6	  1.5	  2.3	     2  		    tentative bound   N region
1653   055142.2+025459   05:51:42.22   +02:54:59.8   3.5e-02  5.3e-02	 0.10  0.06	13.7  2.2	  1.0	     0.4     0.9       0.4	  0.2	  0.6	  7.1	     1  				      N region
1654   055142.6+025725   05:51:42.61   +02:57:25.5   3.5e-02  5.3e-02	 0.07  0.03	14.8  1.8	  1.0	     0.3     0.7       0.4	  0.1	  0.4	 10.2	     1  				      N region
1655   055143.2+022121   05:51:43.23   +02:21:21.0   3.6e-02  5.1e-02	 0.03  0.03	14.6  3.4	  0.3	     0.2     0.3       0.1	  0.1	  0.2	 22.0	     1  				      N region
1656   055144.6+032008   05:51:44.62   +03:20:08.2   6.2e-02  7.2e-02	 0.11  0.04	14.2  1.4	  0.7	     0.3     0.3       0.2	  0.1	  0.1	 11.0	     1  				      N region
1657   055144.6+032053   05:51:44.65   +03:20:53.6   4.7e-02  5.9e-02	 0.17  0.03	14.9  0.7	  1.1	     0.6     0.9       0.4	  0.2	  0.4	  5.6	     1  				      N region
1658   055146.1+024829   05:51:46.18   +02:48:29.6   2.2e-02  4.2e-02	 3.14  0.75	15.8  1.2	 32.8	    21.6    79.5      13.5	 11.4	 80.4	  0.1	     3  				      N region
1659   055148.2+031556   05:51:48.23   +03:15:56.2   3.7e-02  5.2e-02	 0.08  0.03	13.1  1.3	  0.6	     0.3     0.7       0.2	  0.1	  0.4	  9.5	     1  				      N region
1660   055148.8+031649   05:51:48.87   +03:16:49.9   8.0e-02  8.8e-02	 0.37  0.08	13.8  0.8	  1.1	     0.6     0.7       0.3	  0.1	  0.2	  4.3	     1  				      N region
1661   055149.3+031256   05:51:49.33   +03:12:56.0   3.8e-02  5.5e-02	 0.33  0.10	10.1  0.6	  1.4	     1.3     2.6       0.5	  0.5	  1.5	  2.3	     2  		    tentative bound   N region
1662   055149.4+025513   05:51:49.48   +02:55:13.0   3.9e-02  6.0e-02	 0.24  0.05	14.1  0.9	  2.1	     0.8     1.9       0.7	  0.3	  1.1	  3.2	     2  		    tentative bound   N region
1663   055153.2+032037   05:51:53.20   +03:20:37.6   5.6e-02  6.9e-02	 0.14  0.06	15.3  2.0	  1.0	     0.3     0.5       0.3	  0.1	  0.2	  8.1	     1  				      N region
1664   055153.8+031918   05:51:53.82   +03:19:18.4   7.3e-02  8.4e-02	 0.62  0.12	13.3  0.7	  2.4	     1.0     1.4       0.7	  0.3	  0.4	  2.3	     2  		    tentative bound   N region
1665   055154.4+025536   05:51:54.45   +02:55:36.7   5.1e-02  6.3e-02	 0.58  0.14	10.8  0.7	  4.1	     1.7     2.7       1.4	  0.6	  1.2	  1.7	     2  				      N region
1666   055155.0+031354   05:51:55.00   +03:13:54.2   6.0e-02  7.4e-02	 0.38  0.19	10.6  1.3	  2.0	     0.8     1.2       0.6	  0.2	  0.5	  3.1	     2  		    tentative bound   N region
1667   055155.3+030343   05:51:55.30   +03:03:43.8   7.6e-02  8.8e-02	 0.39  0.13	13.1  1.3	  1.5	     0.6     0.8       0.4	  0.1	  0.2	  3.9	     1  				      N region
1668   055155.9+034232   05:51:55.96   +03:42:32.8   7.5e-02  8.4e-02	 2.10  0.37	 9.8  0.4	  4.3	     3.5     4.4       1.2	  0.9	  1.3	  0.7	     2  				      N region
1669   055156.1+024900   05:51:56.13   +02:49:00.4   4.8e-02  6.6e-02	 0.63  0.37	11.4  1.4	  4.3	     1.7     3.3       1.5	  0.6	  1.5	  1.5	     2  				      N region
1670   055156.8+025603   05:51:56.80   +02:56:03.6   2.6e-02  4.4e-02	 0.17  0.06	11.5  1.0	  1.6	     1.0     2.9       0.7	  0.5	  2.4	  3.1	     2  		    tentative bound   N region
1671   055158.7+025145   05:51:58.76   +02:51:45.1   6.2e-02  7.4e-02	 0.65  0.26	12.4  1.0	  3.5	     1.4     2.0       1.1	  0.4	  0.7	  1.9	     2  				      N region
1672   055159.3+025858   05:51:59.38   +02:58:58.8   5.4e-02  6.8e-02	 0.06  0.02	15.7  1.9	  0.3	     0.1     0.2       0.1	  0.0	  0.1	 19.4	     1  				      N region
1673   055202.0+004701   05:52:02.06   +00:47:01.1   3.6e-02  5.4e-02	 0.22  0.24	11.1  3.1	  2.8	     0.9     2.0       1.0	  0.4	  1.2	  3.2	     2  		    tentative bound	      
1674   055202.6+012137   05:52:02.60   +01:21:37.5   1.0e-01  1.1e-01	 0.15  0.04	18.5  1.6	  0.4	     0.1     0.2       0.1	  0.0	  0.0	 13.7	     1  					      
1675   055202.8+030611   05:52:02.82   +03:06:11.3   5.3e-02  6.5e-02	 0.06  0.04	18.0  3.3	  0.5	     0.2     0.3       0.2	  0.1	  0.1	 17.4	     1  				      N region
1676   055204.6+024927   05:52:04.62   +02:49:27.2   1.0e-01  1.1e-01	 0.30  0.15	16.1  2.0	  1.7	     0.3     0.3       0.4	  0.1	  0.1	  6.9	     1  				      N region
1677   055206.1+004744   05:52:06.12   +00:47:44.7   3.3e-02  5.1e-02	 0.12  0.10	16.0  3.4	  1.4	     0.6     1.3       0.5	  0.2	  0.9	  5.3	     1  					      
1678   055206.4+032327   05:52:06.47   +03:23:27.6   9.2e-02  9.8e-02	 0.29  0.06	15.2  1.0	  0.9	     0.4     0.4       0.2	  0.1	  0.1	  6.3	     1  				      N region
1679   055208.1+024940   05:52:08.16   +02:49:40.1   3.7e-02  5.3e-02	 0.47  0.24	11.3  1.2	  3.7	     2.0     4.0       1.4	  0.8	  2.3	  1.6	     2  				      N region
1680   055209.9+004504   05:52:09.92   +00:45:04.7   5.3e-02  7.1e-02	 0.18  0.11	16.5  2.4	  1.5	     0.4     0.8       0.5	  0.1	  0.3	  5.7	     1  					      
1681   055210.8+020938   05:52:10.86   +02:09:38.5   3.7e-02  5.5e-02	 0.24  0.06	12.7  0.7	  1.5	     0.9     2.1       0.6	  0.4	  1.2	  3.1	     2  		    tentative bound   N region
1682   055211.8+004732   05:52:11.86   +00:47:32.3   5.1e-02  6.3e-02	 0.48  0.17	12.5  1.0	  2.7	     1.4     2.2       0.9	  0.5	  0.9	  2.1	     2  		    tentative bound	      
1683   055212.4+030839   05:52:12.40   +03:08:39.5   3.7e-02  5.5e-02	 0.29  0.14	11.4  1.1	  1.7	     1.2     2.6       0.6	  0.5	  1.5	  2.5	     2  		    tentative bound   N region
1684   055212.6+010957   05:52:12.62   +01:09:57.6   2.8e-02  4.7e-02	 0.03  0.02	21.6  4.3	  0.3	     0.2     0.4       0.1	  0.1	  0.3	 18.7	     1  					      
1685   055213.3+031225   05:52:13.38   +03:12:25.4   7.0e-02  8.1e-02	 0.14  0.08	13.9  1.9	  0.5	     0.2     0.3       0.2	  0.1	  0.1	 10.1	     1  				      N region
1686   055213.4+031105   05:52:13.49   +03:11:05.0   3.5e-02  5.5e-02	 0.11  0.06	11.0  4.5	  0.5	     0.4     1.1       0.2	  0.2	  0.7	  6.2	     1         no SED fit		      N region
1687   055213.5+004403   05:52:13.53   +00:44:03.1   6.1e-02  7.2e-02	 0.80  0.27	10.8  0.9	  5.5	     1.8     2.5       1.8	  0.6	  0.9	  1.5	     2  					      
1688   055216.9+030933   05:52:16.93   +03:09:33.6   3.5e-02  5.3e-02	 0.10  0.07	13.5  2.5	  0.8	     0.4     0.9       0.3	  0.2	  0.6	  7.1	     1  				      N region
1689   055218.8+011736   05:52:18.80   +01:17:36.5   5.0e-02  6.2e-02	 0.07  0.02	14.2  1.1	  0.3	     0.2     0.3       0.1	  0.1	  0.1	 15.0	     1  					      
1690   055224.9+011448   05:52:24.99   +01:14:48.4   3.5e-02  5.2e-02	 0.07  0.03	14.3  1.2	  0.5	     0.3     0.6       0.2	  0.1	  0.4	 10.5	     1  					      
1691   055226.3+004426   05:52:26.34   +00:44:26.1   7.0e-02  7.8e-02	 0.18  0.04	17.6  1.2	  1.1	     0.4     0.4       0.3	  0.1	  0.1	  7.5	     1  					      
1692   055228.0+011137   05:52:28.03   +01:11:37.4   3.6e-02  5.6e-02	 0.15  0.05	12.3  0.8	  0.6	     0.6     1.4       0.2	  0.2	  0.8	  4.8	     1  					      
1693   055228.7+004410   05:52:28.71   +00:44:10.5   2.5e-02  4.4e-02	 0.08  0.02	14.7  1.1	  0.8	     0.5     1.5       0.3	  0.2	  1.3	  6.3	     1  					      
1694   055233.0+034050   05:52:33.01   +03:40:50.8   3.7e-02  5.2e-02	 0.03  0.02	16.0  3.2	  0.2	     0.1     0.2       0.1	  0.0	  0.1	 27.7	     1  				      N region
1695   055235.2+011947   05:52:35.28   +01:19:47.9   5.8e-02  7.5e-02	 0.74  0.22	14.1  1.0	  1.9	     1.6     2.6       0.6	  0.5	  1.0	  1.5	     2  					      
1696   055235.5+034655   05:52:35.57   +03:46:55.3   3.5e-02  5.4e-02	 0.08  0.04	15.4  2.3	  0.5	     0.3     0.7       0.2	  0.1	  0.5	  9.0	     1  				      N region
1697   055235.8+011352   05:52:35.88   +01:13:52.6   9.1e-02  9.9e-02	 0.42  0.11	14.1  0.9	  1.2	     0.5     0.6       0.3	  0.1	  0.1	  4.3	     1  					      
1698   055236.7+034032   05:52:36.71   +03:40:32.7   5.6e-02  6.8e-02	 0.07  0.03	16.9  2.3	  0.4	     0.2     0.3       0.1	  0.1	  0.1	 16.2	     1  				      N region
1699   055237.9+012553   05:52:37.96   +01:25:53.8   3.9e-02  5.7e-02	 0.34  0.17	11.0  4.5	  1.6	     1.2     2.7       0.6	  0.5	  1.5	  2.3	     2         no SED fit   tentative bound	      
1700   055240.9+012521   05:52:40.95   +01:25:21.1   2.6e-02  4.5e-02	 0.09  0.02	13.6  0.8	  0.9	     0.5     1.5       0.4	  0.2	  1.3	  5.9	     1  					      
1701   055241.4+021643   05:52:41.49   +02:16:43.9   8.3e-02  9.0e-02	 0.77  0.15	12.2  0.6	  2.6	     1.1     1.3       0.7	  0.3	  0.4	  2.1	     2  		    tentative bound   N region
1702   055241.8+011942   05:52:41.89   +01:19:42.7   4.2e-02  5.5e-02	 0.12  0.05	14.9  1.4	  0.9	     0.5     0.8       0.3	  0.2	  0.4	  6.8	     1  					      
1703   055242.1+015019   05:52:42.13   +01:50:19.9   2.7e-02  4.4e-02	 0.01  0.01	26.6  4.5	  0.4	     0.1     0.1       0.1	  0.0	  0.1	 62.8	     1  				      N region
1704   055243.0+010954   05:52:43.05   +01:09:54.7   5.3e-02  6.6e-02	 0.03  0.02	17.0  2.8	  0.2	     0.1     0.1       0.1	  0.0	  0.1	 31.0	     1  					      
1705   055244.0+015107   05:52:44.09   +01:51:07.0   3.1e-02  4.8e-02	 0.02  0.01	16.8  2.4	  0.6	     0.1     0.3       0.2	  0.1	  0.2	 26.8	     1  				      N region
1706   055249.4+012417   05:52:49.47   +01:24:17.7   8.6e-02  9.5e-02	 0.40  0.07	12.4  0.5	  1.3	     0.5     0.6       0.4	  0.1	  0.2	  4.3	     1  					      
1707   055250.4+024940   05:52:50.47   +02:49:40.0   6.4e-02  7.4e-02	 0.06  0.02	16.7  1.6	  0.2	     0.1     0.2       0.1	  0.0	  0.1	 21.9	     1  				      N region
1708   055250.7+010423   05:52:50.77   +01:04:23.3   3.1e-02  4.8e-02	 0.12  0.10	11.4  2.0	  0.9	     0.6     1.5       0.3	  0.3	  1.0	  5.2	     1  					      
1709   055300.6+024225   05:53:00.63   +02:42:25.4   3.1e-02  4.8e-02	 0.02  0.02	16.3  3.9	  0.1	     0.1     0.3       0.1	  0.0	  0.2	 29.8	     1  				      N region
1710   055302.5+022545   05:53:02.56   +02:25:45.8   3.0e-02  4.8e-02	 0.02  0.01	15.8  2.1	  0.1	     0.1     0.3       0.1	  0.1	  0.2	 28.2	     1  				      N region
1711   055303.6+012723   05:53:03.60   +01:27:23.3   4.6e-02  6.2e-02	 0.03  0.04	17.6  4.5	  0.5	     0.1     0.2       0.2	  0.0	  0.1	 31.9	     1  					      
1712   055303.7+024427   05:53:03.74   +02:44:27.9   8.2e-02  9.0e-02	 1.15  0.27	10.8  0.6	  4.1	     1.7     2.0       1.1	  0.4	  0.5	  1.4	     2  				      N region
1713   055306.3+025549   05:53:06.38   +02:55:49.0   4.5e-02  5.8e-02	 0.02  0.01	19.3  2.9	  0.1	     0.1     0.1       0.0	  0.0	  0.1	 43.2	     1  				      N region
1714   055306.8+022646   05:53:06.85   +02:26:46.0   5.7e-02  7.0e-02	 0.15  0.06	14.8  1.6	  0.8	     0.4     0.5       0.3	  0.1	  0.2	  7.7	     1  				      N region
1715   055307.8+011135   05:53:07.80   +01:11:35.4   4.5e-02  6.1e-02	 0.05  0.02	16.4  2.1	  0.3	     0.1     0.3       0.1	  0.1	  0.1	 19.2	     1  					      
1716   055308.2+024330   05:53:08.24   +02:43:30.0   4.5e-02  6.8e-02	 0.13  0.01	12.8  0.1	  1.0	     0.3     0.8       0.3	  0.1	  0.4	  6.8	     1  				      N region
1717   055309.9+022602   05:53:09.91   +02:26:02.8   2.7e-02  4.5e-02	 0.01  0.01	19.0  4.1	  0.1	     0.1     0.2       0.0	  0.0	  0.2	 41.8	     1  				      N region
1718   055312.1+022717   05:53:12.17   +02:27:17.6   6.2e-02  7.6e-02	 0.26  0.23	10.8  2.1	  1.4	     0.5     0.8       0.4	  0.2	  0.3	  4.8	     1  				      N region
1719   055316.0+024214   05:53:16.01   +02:42:14.9   1.8e-02  3.6e-02	 0.25  0.14	10.2  1.1	  2.4	     2.3     9.6       1.0	  1.4	 11.9	  1.4	     2  				      N region
1720   055318.5+024301   05:53:18.55   +02:43:01.2   1.8e-02  3.9e-02	 0.66  0.22	 9.5  0.6	  5.6	     5.2    23.8       2.3	  3.0	 28.7	  0.5	     2  				      N region
1721   055318.9+022327   05:53:18.90   +02:23:27.5   6.0e-02  7.0e-02	 0.26  0.13	11.0  4.5	  0.6	     0.6     0.9       0.2	  0.2	  0.3	  4.6	     1         no SED fit		      N region
1722   055319.1+024345   05:53:19.10   +02:43:45.7   6.4e-02  7.3e-02	 1.51  0.31	10.5  0.5	  9.3	     3.4     4.4       3.0	  1.0	  1.5	  0.8	     2  				      N region
1723   055323.5+032212   05:53:23.52   +03:22:12.2   3.3e-02  5.0e-02	 0.13  0.06	11.0  4.5	  2.1	     0.6     1.4       0.8	  0.3	  1.0	  5.0	     1         no SED fit		      N region
1724   055328.0+022408   05:53:28.04   +02:24:08.2   2.1e-02  4.0e-02	 0.05  0.03	14.5  2.5	  0.5	     0.3     1.2       0.2	  0.2	  1.3	  9.1	     1  				      N region
1725   055328.4+011640   05:53:28.49   +01:16:40.6   6.0e-02  7.0e-02	 0.04  0.03	18.1  3.9	  0.2	     0.1     0.1       0.1	  0.0	  0.0	 29.7	     1  					      
1726   055329.4+032006   05:53:29.44   +03:20:06.5   3.5e-02  5.3e-02	 0.07  0.03	14.1  1.5	  0.5	     0.3     0.7       0.2	  0.1	  0.4	  9.9	     1  				      N region
1727   055332.4+030203   05:53:32.43   +03:02:03.2   6.9e-02  7.8e-02	 0.08  0.05	15.5  2.8	  0.4	     0.2     0.2       0.1	  0.0	  0.1	 17.5	     1  				      N region
1728   055333.5+022049   05:53:33.51   +02:20:49.6   4.2e-02  5.7e-02	 0.10  0.03	14.3  1.1	  0.7	     0.4     0.6       0.3	  0.1	  0.3	  8.7	     1  				      N region
1729   055334.8+021007   05:53:34.87   +02:10:07.2   6.2e-02  7.3e-02	 0.08  0.04	15.9  1.9	  0.3	     0.2     0.3       0.1	  0.1	  0.1	 14.7	     1  				      N region
1730   055335.1+032234   05:53:35.13   +03:22:34.2   2.9e-02  4.7e-02	 1.22  0.61	11.0  4.5	 11.4	     6.4    16.8       4.5	  3.0	 12.6	  0.5	     3         no SED fit		      N region
1731   055339.4+032225   05:53:39.49   +03:22:25.3   2.3e-02  4.0e-02	 4.82  2.41	11.0  4.5	 27.9	    35.5   111.5      11.6	 19.4	107.8	  0.1	     3         no SED fit		      N region
1732   055341.3+024831   05:53:41.32   +02:48:31.4   3.9e-02  5.5e-02	 0.07  0.03	13.3  1.5	  0.2	     0.3     0.5       0.1	  0.1	  0.3	 11.3	     1  				      N region
1733   055342.6+032236   05:53:42.67   +03:22:36.3   2.2e-02  4.0e-02	 1.84  0.92	11.0  4.5	 19.3	    13.4    47.2       8.0	  7.2	 48.0	  0.2	     2         no SED fit		      N region
1734   055344.4+014008   05:53:44.49   +01:40:08.7   7.0e-02  7.9e-02	 0.08  0.02	18.6  1.8	  0.5	     0.1     0.2       0.2	  0.0	  0.1	 18.2	     1  				      N region
1735   055344.7+031826   05:53:44.78   +03:18:26.0   4.6e-02  6.2e-02	 0.05  0.03	16.9  2.4	  0.6	     0.2     0.3       0.2	  0.1	  0.1	 16.8	     1  				      N region
1736   055345.9+014330   05:53:45.96   +01:43:30.8   8.7e-02  9.4e-02	 0.19  0.05	18.6  1.7	  0.9	     0.2     0.3       0.2	  0.1	  0.1	  9.2	     1  				      N region
1737   055347.3+014410   05:53:47.30   +01:44:10.6   6.4e-02  7.4e-02	 0.17  0.05	16.1  1.3	  0.9	     0.4     0.5       0.3	  0.1	  0.2	  7.5	     1  				      N region
1738   055347.4+032308   05:53:47.48   +03:23:08.9   5.0e-02  6.3e-02	 9.13  2.02	 8.1  0.3	 40.8	    27.6    42.7      14.2	  9.6	 18.6	  0.1	     2  				      N region
1739   055349.5+021113   05:53:49.50   +02:11:13.8   5.1e-02  7.0e-02	 0.12  0.16	13.9  4.5	  0.8	     0.3     0.5       0.3	  0.1	  0.2	  8.4	     1  				      N region
1740   055349.9+013859   05:53:49.92   +01:38:59.6   2.5e-02  4.2e-02	 0.02  0.01	17.1  2.8	  0.2	     0.2     0.4       0.1	  0.1	  0.4	 20.8	     1  				      N region
1741   055349.9+014227   05:53:49.96   +01:42:27.5   3.4e-02  5.4e-02	 0.06  0.03	17.3  1.9	  0.4	     0.2     0.6       0.2	  0.1	  0.4	 12.2	     1  				      N region
1742   055351.4+013807   05:53:51.47   +01:38:07.2   7.2e-02  8.1e-02	 0.14  0.04	17.8  1.6	  1.0	     0.3     0.3       0.3	  0.1	  0.1	 10.0	     1  				      N region
1743   055351.5+032306   05:53:51.58   +03:23:06.5   5.7e-02  6.9e-02	 8.91  1.80	 8.6  0.3	 15.5	    22.1    32.5       5.1	  7.0	 12.5	  0.1	     2  				      N region
1744   055355.3+023628   05:53:55.39   +02:36:28.3   7.6e-02  8.4e-02	 0.51  0.09	14.2  0.7	  1.8	     0.9     1.1       0.5	  0.2	  0.3	  2.9	     2  		    tentative bound   N region
1745   055355.7+014032   05:53:55.75   +01:40:32.0   7.0e-02  7.8e-02	 0.68  0.18	15.8  1.2	  2.6	     1.3     1.7       0.8	  0.4	  0.5	  2.0	     2  		    tentative bound   N region
1746   055356.7+023650   05:53:56.75   +02:36:50.2   2.2e-02  4.0e-02	 0.25  0.05	11.5  0.5	  2.3	     1.9     6.0       0.9	  1.0	  5.9	  1.7	     3  				      N region
1747   055357.3+031918   05:53:57.37   +03:19:18.3   3.0e-02  5.0e-02	 0.08  0.06	13.7  2.0	  0.3	     0.4     1.0       0.1	  0.2	  0.7	  7.6	     1  				      N region
1748   055358.3+032648   05:53:58.36   +03:26:48.1   4.2e-02  6.2e-02	 0.44  0.22	11.0  4.5	  1.7	     1.4     2.9       0.6	  0.5	  1.5	  1.9	     2         no SED fit		      N region
1749   055400.3+022715   05:54:00.37   +02:27:15.1   4.5e-02  5.7e-02	 0.08  0.05	14.8  2.7	  0.9	     0.3     0.5       0.3	  0.1	  0.2	 11.3	     1  				      N region
1750   055400.8+032303   05:54:00.88   +03:23:03.6   2.6e-02  4.3e-02	 0.29  0.10	14.9  1.3	  3.8	     1.9     5.1       1.6	  1.0	  4.4	  1.8	     3  				      N region
1751   055401.1+031952   05:54:01.12   +03:19:52.2   6.3e-02  7.9e-02	 0.04  0.03	19.3  3.6	  1.0	     0.1     0.1       0.3	  0.0	  0.0	 30.8	     1  				      N region
1752   055401.3+032720   05:54:01.39   +03:27:20.3   4.8e-02  6.5e-02	 0.11  0.04	17.2  1.6	  1.0	     0.3     0.5       0.3	  0.1	  0.2	  8.8	     1  				      N region
1753   055401.5+032419   05:54:01.51   +03:24:19.3   2.6e-02  4.4e-02	 0.97  0.33	10.4  0.6	 10.4	     6.0    17.7       4.2	  3.0	 15.2	  0.5	     2  				      N region
1754   055402.5+013849   05:54:02.53   +01:38:49.1   3.8e-02  5.7e-02	 0.05  0.04	16.0  2.9	  0.4	     0.2     0.4       0.1	  0.1	  0.2	 14.7	     1  				      N region
1755   055402.6+023522   05:54:02.61   +02:35:22.0   4.6e-02  6.1e-02	 0.29  0.20	10.2  1.5	  2.4	     0.9     1.7       0.9	  0.3	  0.8	  3.1	     2  		    tentative bound   N region
1756   055403.3+014023   05:54:03.30   +01:40:23.7   2.6e-02  4.3e-02	 0.09  0.04	20.9  2.7	  1.1	     0.6     1.6       0.4	  0.3	  1.4	  5.6	     3  				      N region
1757   055404.6+014303   05:54:04.69   +01:43:03.5   3.8e-02  5.5e-02	 1.04  0.29	12.8  0.8	  9.3	     4.1     8.6       3.4	  1.6	  5.0	  0.7	     3  				      N region
1758   055405.3+032110   05:54:05.34   +03:21:10.8   2.0e-02  3.9e-02	 0.06  0.05	12.9  2.6	  0.5	     0.5     1.6       0.2	  0.3	  1.8	  7.0	     1  				      N region
1759   055405.5+013946   05:54:05.59   +01:39:46.7   2.8e-02  4.7e-02	 0.03  0.02	17.8  3.9	  0.2	     0.2     0.4       0.1	  0.1	  0.3	 19.8	     1  				      N region
1760   055407.0+022530   05:54:07.06   +02:25:30.4   3.5e-02  5.2e-02	 0.04  0.04	15.6  3.1	  0.2	     0.2     0.4       0.1	  0.1	  0.3	 16.2	     1  				      N region
1761   055407.3+015022   05:54:07.30   +01:50:22.9   9.8e-02  1.0e-01	 0.84  0.33	15.1  1.4	  2.2	     0.9     1.0       0.6	  0.2	  0.2	  2.3	     2  		    tentative bound   N region
1762   055408.5+013842   05:54:08.58   +01:38:42.5   3.2e-02  4.9e-02	 0.07  0.04	15.2  2.0	  0.7	     0.4     0.8       0.3	  0.2	  0.6	  8.7	     1  				      N region
1763   055409.3+022733   05:54:09.30   +02:27:33.7   6.2e-02  7.1e-02	 0.47  0.14	12.1  0.9	  3.5	     1.1     1.5       1.1	  0.3	  0.5	  2.6	     2  		    tentative bound   N region
1764   055409.8+032849   05:54:09.89   +03:28:49.2   4.1e-02  5.6e-02	 0.06  0.02	15.2  1.7	  0.6	     0.2     0.4       0.2	  0.1	  0.2	 13.7	     1  				      N region
1765   055410.0+032151   05:54:10.08   +03:21:51.7   3.6e-02  5.6e-02	 0.06  0.04	14.8  1.9	  0.7	     0.2     0.6       0.3	  0.1	  0.3	 11.3	     1  				      N region
1766   055411.3+012211   05:54:11.39   +01:22:11.3   3.1e-02  4.8e-02	 0.06  0.03	13.1  1.4	  0.3	     0.3     0.7       0.1	  0.1	  0.5	 10.5	     1  					      
1767   055411.5+031939   05:54:11.51   +03:19:39.0   4.7e-02  5.9e-02	 0.19  0.06	13.6  1.0	  1.4	     0.7     1.0       0.5	  0.2	  0.5	  4.8	     1  				      N region
1768   055411.8+022728   05:54:11.83   +02:27:28.8   3.6e-02  5.3e-02	 0.77  0.34	 9.5  0.8	  4.8	     3.3     7.3       1.8	  1.4	  4.5	  0.9	     2  				      N region
1769   055411.9+014237   05:54:11.97   +01:42:37.0   2.8e-02  4.7e-02	 1.77  0.38	12.8  0.7	 18.0	     9.6    27.1       7.1	  4.5	 21.3	  0.3	     3  				      N region
1770   055416.1+013752   05:54:16.14   +01:37:52.0   5.3e-02  7.6e-02	 0.64  0.22	11.2  0.9	  2.2	     1.3     2.7       0.7	  0.4	  1.1	  1.6	     2  				      N region
1771   055417.2+022840   05:54:17.20   +02:28:40.2   2.8e-02  4.5e-02	 0.02  0.01	15.6  2.5	  0.2	     0.1     0.3       0.1	  0.1	  0.2	 29.0	     1  				      N region
1772   055418.3+014909   05:54:18.38   +01:49:09.7   5.7e-02  6.8e-02	 1.95  1.13	 9.6  1.1	 12.3	     5.0     7.2       4.1	  1.6	  2.8	  0.6	     2  				      N region
1773   055418.4+032154   05:54:18.41   +03:21:54.5   4.1e-02  5.7e-02	 0.02  0.01	20.5  3.0	  0.1	     0.1     0.1       0.0	  0.0	  0.1	 50.2	     1  				      N region
1774   055420.0+015041   05:54:20.04   +01:50:41.9   1.9e-02  3.8e-02	 0.11  0.04	16.1  1.5	  2.3	     0.9     3.3       1.0	  0.5	  3.7	  3.6	     3  				      N region
1775   055421.2+014213   05:54:21.25   +01:42:13.4   3.1e-02  5.0e-02	 1.00  0.36	11.5  0.9	 10.6	     4.7    12.2       4.1	  2.1	  8.6	  0.6	     2  				      N region
1776   055422.5+015304   05:54:22.55   +01:53:04.5   3.6e-02  5.1e-02	 0.06  0.05	16.2  3.8	  0.8	     0.3     0.5       0.3	  0.1	  0.3	 12.2	     1  				      N region
1777   055424.3+014422   05:54:24.31   +01:44:22.0   1.8e-02  3.5e-02	 5.21  1.10	14.8  0.9	 51.0	    49.7   198.7      22.0	 30.9	246.8	  0.1	     3  				      N region
1778   055424.9+014531   05:54:24.93   +01:45:31.2   2.4e-02  4.2e-02	 0.03  0.05	15.6  4.5	  0.6	     0.2     0.6       0.3	  0.1	  0.6	 15.4	     1  				      N region
1779   055426.0+015201   05:54:26.06   +01:52:01.6   3.5e-02  5.6e-02	 0.31  0.13	13.8  1.2	  1.8	     1.2     2.9       0.6	  0.5	  1.8	  2.3	     2  		    tentative bound   N region
1780   055426.5+014158   05:54:26.57   +01:41:58.3   5.1e-02  6.3e-02	 0.67  0.17	12.3  0.7	  3.7	     2.0     3.0       1.3	  0.7	  1.3	  1.5	     2  				      N region
1781   055429.4+014743   05:54:29.47   +01:47:43.0   6.6e-02  7.6e-02	 7.91  3.28	 8.0  0.6	 38.6	    16.4    21.5      12.1	  4.8	  7.1	  0.2	     2  				      N region
1782   055431.0+014903   05:54:31.01   +01:49:03.8   3.3e-02  5.2e-02	 0.36  0.16	14.4  1.3	  2.9	     1.6     3.9       1.1	  0.7	  2.6	  1.8	     2  				      N region
1783   055433.4+020246   05:54:33.44   +02:02:46.4   5.6e-02  6.8e-02	 0.11  0.03	15.9  1.2	  0.6	     0.3     0.4       0.2	  0.1	  0.2	 10.3	     1  				      N region
1784   055433.6+014211   05:54:33.68   +01:42:11.9   4.0e-02  5.9e-02	 0.11  0.05	14.2  1.2	  0.8	     0.4     0.8       0.3	  0.1	  0.4	  7.0	     1  				      N region
1785   055433.7+014631   05:54:33.78   +01:46:31.6   6.1e-02  7.1e-02	 0.30  0.20	12.6  1.7	  1.8	     0.7     0.9       0.6	  0.2	  0.3	  4.1	     1  				      N region
1786   055434.6+015101   05:54:34.60   +01:51:01.8   4.1e-02  5.4e-02	 0.16  0.14	13.2  2.6	  1.6	     0.6     1.1       0.6	  0.3	  0.6	  5.2	     1  				      N region
1787   055437.0+014259   05:54:37.00   +01:42:59.7   3.1e-02  4.8e-02	 0.09  0.07	12.9  1.9	  0.8	     0.4     1.0       0.3	  0.2	  0.7	  7.2	     1  				      N region
1788   055439.0+014940   05:54:39.06   +01:49:40.8   3.2e-02  5.0e-02	 0.44  1.50	11.2  0.3	  2.5	     2.1     5.0       1.0	  0.9	  3.4	  1.5	     2  				      N region
1789   055439.1+013816   05:54:39.12   +01:38:16.2   5.3e-02  6.4e-02	 0.06  0.02	19.6  2.3	  0.5	     0.2     0.2       0.2	  0.1	  0.1	 17.7	     1  				      N region
1790   055439.3+014336   05:54:39.35   +01:43:36.3   2.8e-02  4.5e-02	 0.30  0.11	11.7  0.7	  2.8	     1.8     4.5       1.1	  0.9	  3.5	  1.8	     2  				      N region
1791   055440.2+015405   05:54:40.22   +01:54:05.5   3.4e-02  5.0e-02	 1.99  1.00	11.0  4.5	  8.7	     9.3    20.8       3.3	  4.1	 13.5	  0.3	     2         no SED fit		      N region
1792   055442.0+013802   05:54:42.02   +01:38:02.6   9.9e-02  1.1e-01	 0.24  0.07	16.1  1.2	  0.7	     0.3     0.3       0.2	  0.1	  0.1	  8.0	     1  				      N region
1793   055445.1+014645   05:54:45.16   +01:46:45.3   4.1e-02  5.5e-02	 0.38  0.19	10.7  0.9	  1.5	     1.5     2.6       0.6	  0.6	  1.4	  2.2	     2  		    tentative bound   N region
1794   055445.4+014929   05:54:45.41   +01:49:29.2   4.7e-02  6.0e-02	 1.63  1.03	 8.5  0.9	 11.3	     5.4     8.8       4.0	  2.0	  4.1	  0.6	     2  				      N region
1795   055446.4+015516   05:54:46.46   +01:55:16.3   3.5e-02  5.3e-02	 0.15  0.14	13.9  2.8	  4.7	     0.6     1.5       1.8	  0.3	  0.9	  4.5	     1  				      N region
1796   055446.5+015333   05:54:46.57   +01:53:33.2   4.1e-02  5.6e-02	 0.30  0.16	11.6  1.3	  2.4	     1.1     2.1       0.9	  0.4	  1.1	  2.7	     2  		    tentative bound   N region
1797   055448.7+033426   05:54:48.79   +03:34:26.5   5.6e-02  6.8e-02	 0.30  0.10	12.6  1.1	  1.3	     0.8     1.1       0.4	  0.2	  0.4	  3.8	     2  		    tentative bound   N region
1798   055448.9+014542   05:54:48.96   +01:45:42.1   8.6e-02  9.4e-02	 1.19  0.29	10.8  0.5	  4.9	     1.6     1.9       1.3	  0.4	  0.5	  1.4	     2  				      N region
1799   055450.7+035812   05:54:50.73   +03:58:12.5   3.7e-02  5.6e-02	 0.11  0.08	12.3  2.0	  1.2	     0.4     1.0       0.4	  0.2	  0.6	  6.5	     1  				      N region
1800   055451.4+014517   05:54:51.48   +01:45:17.6   4.4e-02  5.9e-02	 0.80  0.15	10.5  0.4	  5.1	     2.8     4.9       1.8	  1.0	  2.5	  1.1	     2  				      N region
1801   055451.5+014623   05:54:51.55   +01:46:23.0   2.9e-02  4.6e-02	 0.73  0.45	 8.8  1.1	  5.6	     4.2    10.4       2.2	  2.0	  7.9	  0.8	     2  				      N region
1802   055451.9+015123   05:54:51.98   +01:51:23.4   2.7e-02  4.5e-02	 0.04  0.02	15.3  2.3	  0.4	     0.2     0.6       0.2	  0.1	  0.5	 13.9	     1  				      N region
1803   055453.2+015841   05:54:53.26   +01:58:41.8   3.4e-02  5.1e-02	 1.17  0.25	 9.0  0.4	 11.4	     5.4    11.9       4.4	  2.3	  7.6	  0.6	     2  				      N region
1804   055453.8+014708   05:54:53.82   +01:47:08.9   2.7e-02  4.4e-02	 0.07  0.03	14.5  1.3	  0.4	     0.4     1.1       0.2	  0.2	  0.9	  7.9	     3  				      N region
1805   055459.9+015828   05:54:59.99   +01:58:28.5   3.4e-02  5.1e-02	 0.08  0.05	13.4  1.5	  0.3	     0.4     0.8       0.1	  0.2	  0.5	  8.4	     1  				      N region
1806   055500.2+033419   05:55:00.21   +03:34:19.3   3.4e-02  4.9e-02	 0.03  0.01	15.8  1.9	  0.2	     0.2     0.3       0.1	  0.1	  0.2	 21.5	     1  				      N region
1807   055501.0+020404   05:55:01.02   +02:04:04.8   4.0e-02  5.4e-02	 0.57  0.17	10.4  0.6	  4.1	     2.3     4.3       1.5	  0.9	  2.4	  1.4	     2  				      N region
1808   055502.3+020027   05:55:02.36   +02:00:27.8   7.3e-02  8.4e-02	 0.70  0.20	12.3  0.9	  3.7	     1.2     1.5       1.1	  0.3	  0.5	  2.1	     2  		    tentative bound   N region
1809   055506.3+015442   05:55:06.33   +01:54:42.6   4.4e-02  5.9e-02	 0.25  0.08	12.2  0.8	  2.0	     0.9     1.6       0.7	  0.3	  0.8	  3.4	     2  		    tentative bound   N region
1810   055509.0+033506   05:55:09.05   +03:35:06.6   4.6e-02  5.9e-02	 0.07  0.04	12.7  1.3	  0.2	     0.3     0.4       0.1	  0.1	  0.2	 12.1	     1  				      N region
1811   055510.5+015611   05:55:10.56   +01:56:11.2   5.0e-02  6.6e-02	 0.90  0.34	 8.9  0.6	  4.2	     2.4     4.3       1.4	  0.8	  1.9	  1.1	     2  				      N region
1812   055516.5+015747   05:55:16.57   +01:57:47.4   5.8e-02  6.9e-02	 0.29  0.10	11.9  0.9	  1.2	     0.7     1.0       0.4	  0.2	  0.4	  4.0	     1  				      N region
1813   055520.1+021157   05:55:20.16   +02:11:57.5   3.1e-02  4.9e-02	 0.08  0.03	14.0  1.1	  0.4	     0.4     1.0       0.2	  0.2	  0.7	  7.8	     1  				      N region
1814   055523.0+020511   05:55:23.03   +02:05:11.1   2.5e-02  4.3e-02	 0.08  0.04	11.1  1.2	  0.5	     0.5     1.5       0.2	  0.3	  1.3	  6.3	     1  				      N region
1815   055526.2+020836   05:55:26.20   +02:08:36.8   6.0e-02  7.0e-02	 1.06  0.22	11.7  0.6	  7.0	     2.6     3.5       2.3	  0.8	  1.3	  1.1	     2  				      N region
1816   055531.6+014923   05:55:31.67   +01:49:23.4   5.4e-02  6.6e-02	 0.05  0.02	16.5  1.7	  0.4	     0.1     0.2       0.2	  0.0	  0.1	 20.1	     1  				      N region
1817   055534.6+014303   05:55:34.63   +01:43:03.3   9.2e-02  1.0e-01	 0.03  0.02	28.8  4.5	  0.3	     0.0     0.0       0.1	  0.0	  0.0	 53.8	     1  				      N region
1818   055535.2+021102   05:55:35.29   +02:11:02.3   1.8e-02  3.6e-02	 2.12  0.41	12.7  0.7	 14.9	    19.1    80.9       6.4	 11.5	100.5	  0.2	     3  				      N region
1819   055535.7+014742   05:55:35.79   +01:47:42.5   4.8e-02  6.1e-02	 0.18  0.05	13.5  0.8	  1.0	     0.6     1.0       0.3	  0.2	  0.4	  5.1	     1  				      N region
1820   055535.8+021326   05:55:35.82   +02:13:26.5   1.1e-01  1.2e-01	 0.43  0.15	14.4  1.3	  1.7	     0.4     0.4       0.4	  0.1	  0.1	  5.3	     1  				      N region
1821   055536.2+021624   05:55:36.25   +02:16:24.6   8.9e-02  9.7e-02	 0.25  0.07	15.1  1.0	  0.9	     0.3     0.4       0.2	  0.1	  0.1	  6.9	     1  				      N region
1822   055537.1+020904   05:55:37.14   +02:09:04.0   3.7e-02  5.4e-02	 0.19  0.10	12.3  1.4	  1.0	     0.8     1.6       0.4	  0.3	  1.0	  3.9	     2  		    tentative bound   N region
1823   055538.2+021134   05:55:38.20   +02:11:34.5   1.8e-02  3.6e-02	 4.98  1.17	11.6  0.5	 34.4	    44.8   189.9      14.7	 27.0	235.9	  0.1	     3  				      N region
1824   055545.8+022222   05:55:45.89   +02:22:22.0   2.8e-02  4.7e-02	 0.03  0.02	16.3  2.8	  0.2	     0.2     0.4       0.1	  0.1	  0.3	 20.1	     1  				      N region
1825   055547.9+021150   05:55:47.93   +02:11:50.9   3.1e-02  4.9e-02	 0.49  0.33	10.1  1.6	  4.8	     2.4     6.0       1.9	  1.1	  4.2	  1.3	     2  				      N region
1826   055550.3+021456   05:55:50.33   +02:14:56.7   6.3e-02  7.2e-02	 2.05  0.50	11.1  0.6	 11.0	     4.7     6.2       3.5	  1.4	  2.2	  0.6	     2  				      N region
1827   055554.1+021354   05:55:54.18   +02:13:54.0   2.6e-02  4.3e-02	 0.14  0.15	 9.9  1.6	  0.7	     0.9     2.5       0.3	  0.5	  2.0	  3.6	     2  		    tentative bound   N region
1828   055554.8+021033   05:55:54.85   +02:10:33.3   4.7e-02  6.0e-02	 0.14  0.07	11.0  4.5	  0.5	     0.5     0.8       0.2	  0.2	  0.4	  6.5	     1         no SED fit		      N region
1829   055555.5+021612   05:55:55.57   +02:16:12.8   1.8e-02  3.7e-02	 0.06  0.09	11.6  3.3	  0.7	     0.5     2.3       0.3	  0.3	  2.8	  5.9	     1  				      N region
1830   055559.5+021532   05:55:59.51   +02:15:32.9   4.4e-02  6.2e-02	 0.04  0.03	18.5  4.1	  0.4	     0.1     0.2       0.1	  0.0	  0.1	 24.7	     1  				      N region
1831   055559.5+021827   05:55:59.56   +02:18:27.8   9.3e-02  1.0e-01	 0.16  0.08	16.3  2.2	  2.3	     0.2     0.2       0.6	  0.0	  0.1	 11.6	     1  				      N region
1832   055602.9+021219   05:56:02.94   +02:12:19.2   7.9e-02  8.8e-02	 0.46  0.29	11.7  1.1	  1.3	     0.7     0.9       0.4	  0.2	  0.2	  3.3	     2  		    tentative bound   N region
1833   055605.2+021451   05:56:05.27   +02:14:51.7   4.3e-02  5.8e-02	 0.12  0.03	14.1  1.0	  1.0	     0.4     0.8       0.3	  0.2	  0.4	  6.9	     1  				      N region
1834   055616.8+021850   05:56:16.81   +02:18:50.2   4.6e-02  5.9e-02	 0.03  0.02	17.4  2.9	  0.2	     0.1     0.2       0.1	  0.0	  0.1	 28.5	     1  				      N region
1835   055626.8+020851   05:56:26.84   +02:08:51.9   4.1e-02  5.6e-02	 0.04  0.03	17.3  3.3	  0.5	     0.2     0.3       0.2	  0.1	  0.2	 20.0	     1  				      N region
1836   055629.8+021111   05:56:29.85   +02:11:11.6   4.1e-02  5.5e-02	 0.03  0.01	17.8  2.2	  0.3	     0.1     0.2       0.1	  0.0	  0.1	 25.8	     1  				      N region
1837   055645.5+021704   05:56:45.54   +02:17:04.1   4.1e-02  6.1e-02	 0.14  0.06	13.2  1.2	  0.9	     0.4     1.0       0.3	  0.2	  0.5	  5.9	     1  				      N region
1838   055646.4+022052   05:56:46.41   +02:20:52.7   2.9e-02  4.6e-02	 0.04  0.02	15.0  3.3	  0.2	     0.2     0.6       0.1	  0.1	  0.4	 14.3	     1  				      N region
1839   055650.7+024118   05:56:50.72   +02:41:18.4   2.5e-02  4.4e-02	 0.04  0.04	15.6  3.8	  0.4	     0.2     0.7       0.2	  0.1	  0.6	 12.5	     1  				      N region
1840   055658.7+021738   05:56:58.70   +02:17:38.9   2.8e-02  4.5e-02	 0.30  0.20	10.6  1.3	  2.9	     1.8     4.6       1.2	  0.9	  3.6	  1.8	     2  				      N region
1841   055720.7+024632   05:57:20.79   +02:46:32.2   5.9e-02  7.0e-02	 0.22  0.07	14.2  1.2	  1.1	     0.5     0.8       0.4	  0.2	  0.3	  5.3	     1  				      N region
1842   055723.6+024633   05:57:23.67   +02:46:33.8   1.1e-01  1.1e-01	 0.50  0.16	12.4  1.1	  1.3	     0.5     0.5       0.3	  0.1	  0.1	  4.2	     1  				      N region
1843   055727.2+023119   05:57:27.22   +02:31:19.2   8.2e-02  9.3e-02	 0.20  0.07	14.8  1.6	  1.0	     0.3     0.4       0.3	  0.1	  0.1	  8.1	     1  				      N region
1844   055733.1+024838   05:57:33.18   +02:48:38.2   6.2e-02  7.1e-02	 0.15  0.04	14.0  0.9	  1.0	     0.4     0.5       0.3	  0.1	  0.2	  8.0	     1  				      N region
