! TABLE A1: Catalog of dense cores identified in the Herschel Gould Belt survey maps of the Serpens region 
!
! "First-generation" product from the Herschel Gould Belt survey (HGBS - Andre et al. 2010, A&A, 518, L102)
!
! Published in Fiorellino et al. (2021 - MNRAS 500, 4257): "The census of dense cores in the Serpens region from the Herschel Gould Belt Survey"
!
! Acknowledgements: If you use this HGBS product in a publication, please refer to the above two papers (Fiorellino et al. 2021 and André et al. 2010).
!
! Description of columns:
!
! (1)      Source number.
! (2)      Source name. The full name consists of the HGBS_J prefix followed by the tabulated label derived from J2000 sexagesimal coordinates.
! (3)      Source right ascension (J2000}
! (4)      Source declination (J2000)
! (5)      Sig_70: Detection significance from monochromatic single scales in the image at the specified wavelength. Non-detections receive a value of 0.0
! (6-7)    (I_70)peak: Estimate of the peak intensity and its uncertainty [Jy/beam].
! (8)      (I_70)peak/Ibg: Contrast of the peak intensity over the local background.
! (9)      (I_70)conv,500: Peak intensity after smoothing to a resolution corresponding to the 500 micron beam [Jy/beam].
! (10-11)  S_70: Estimate of the total flux and its uncertainty [Jy].
! (12)     a_70: Estimate of source size (FWHM) along major axis [arcsec].
! (13)     b_70: Estimate of source size (FWHM) along minor axis [arcsec].
! (14)     PA_70: Position angle of source major axis, east of north [deg].
! (15)     Sig_160: Detection significance from monochromatic single scales in the image at the specified wavelength. Non-detections receive a value of 0.0
! (16-17)  (I_160)peak: Estimate of the peak intensity and its uncertainty [Jy/beam].
! (18)     (I_160)peak/Ibg: Contrast of the peak intensity over the local background.
! (19)     (I_160)conv,500: Peak intensity after smoothing to a resolution corresponding to the 500 micron beam [Jy/beam].
! (20-21)  S_160: Estimate of the total flux and its uncertainty [Jy].
! (22)     a_160: Estimate of source size (FWHM) along major axis [arcsec].
! (23)     b_160: Estimate of source size (FWHM) along minor axis [arcsec].
! (24)     PA_160: Position angle of source major axis, east of north [deg].
! (25)     Sig_250: Detection significance from monochromatic single scales in the image at the specified wavelength. Non-detections receive a value of 0.0
! (26-27)  (I_250)peak: Estimate of the peak intensity and its uncertainty [Jy/beam].
! (28)     (I_250)peak/Ibg: Contrast of the peak intensity over the local background.
! (29)     (I_250)conv,500: Peak intensity after smoothing to a resolution corresponding to the 500 micron beam [Jy/beam].
! (30-31)  S_250: Estimate of the total flux and its uncertainty [Jy].
! (32)     a_250: Estimate of source size (FWHM) along major axis [arcsec].
! (33)     b_250: Estimate of source size (FWHM) along minor axis [arcsec].
! (34)     PA_250: Position angle of source major axis, east of north [deg].
! (35)     Sig_350: Detection significance from monochromatic single scales in the image at the specified wavelength. Non-detections receive a value of 0.0
! (36-37)  (I_350)peak: Estimate of the peak intensity and its uncertainty [Jy/beam].
! (38)     (I_350)peak/Ibg: Contrast of the peak intensity over the local background.
! (39)     (I_350)conv,500: Peak intensity after smoothing to a resolution corresponding to the 500 micron beam [Jy/beam].
! (40-41)  S_350: Estimate of the total flux and its uncertainty [Jy].
! (42)     a_350: Estimate of source size (FWHM) along major axis [arcsec].
! (43)     b_350: Estimate of source size (FWHM) along minor axis [arcsec].
! (44)     PA_350: Position angle of source major axis, east of north [deg].
! (45)     Sig_500: Detection significance from monochromatic single scales in the image at the specified wavelength. Non-detections receive a value of 0.0
! (46-47)  (I_500)peak: Estimate of the peak intensity and its uncertainty [Jy/beam].
! (48)     (I_500)peak/Ibg: Contrast of the peak intensity over the local background.
! (49-50)  S_500: Estimate of the total flux and its uncertainty Jy].
! (51)     a_500: Estimate of source size (FWHM) along major axis [arcsec].
! (52)     b_500: Estimate of source size (FWHM) along minor axis [arcsec].
! (53)     PA_500: Position angle of source major axis, east of north [deg].
! (54)     Sig(N_H2)): Detection significance from single scales on high-res column density map
! (55)     (N_H2)peak: Peak column density at 18.2" resolution, estimated by getsources [10^21 cm^-2].
! (56)     (N_H2)peak/(N_H2)bg: Contrast of peak column density over the local background.
! (57)     (N_H2)conv,500: Peak column density estimated by getsources after smoothing to a resolution corresponding to the 500 micron beam [10^21 cm^-2].
! (58)     (N_H2)bg: Column density of local background [10^21 cm^-2].
! (59)     a_(N_H2): Estimate of source size (FWHM) along major axis in column density map [arcsec].
! (60)     b_(N_H2): Estimate of source size (FWHM) along minor axis in column density map [arcsec].
! (61)     PA_(N_H2): Position angle of source major axis in column density map [deg].
! (62)     N_SED: Number of bands in which the source is significant (Sig_lambda > 5)
! (63)     CuTex flag, equal to 1 if source found independently by CuTex, and 0 otherwise.
! (64)     Core type: 0=starless no physical paramenters, 1=unbound starless, 2=prestellar, 3=candidate prestellar (non-robust), 4=dense core with embedded protostar.
! (65)     SIMBAD association: ID of nearest match if within 1 arcmin of Herschel position.
! (66)     Comments.
! 
!
!  (1)			(2)				(3)			(4)			(5)		  (6)		(7)		  (8)		(9)		  (10)	  (11)	  (12)(13)(14)		(15)	(16)		(17)	   (18)		(19)		(20)	(21)   (22)(23)(24)		 (25)		(26)	 (27)		(28)	(29)		(30)	(31)	(32)(33)(34)	  (35)	   (36)			(37)	 (38)	 (39)		(40)	 (41)	 (42)(43)(44)		(45)	 (46)		(47)	  (48)	  (49)	  (50)	  (51)(52)(53)		(54)	   (55)		(56)	 (57)	 (58)	(59)(60)(61)   (62)   (63)	(64)	(65) 				          (66)		 
    1	  182707.7+003344  18:27:07.78 +00:33:43.8     0.000   2.59e-04   8.5e-04     0.17   1.16e-03   6.56e-01 2.2e+00  104   8 -33       0.000   6.39e-02   4.0e-02     0.08   3.94e-01   1.82e+00 1.2e+00   68  61 -29       6.209   2.60e-01   4.3e-02     0.18   5.13e-01   1.07e+00 1.8e-01   48  25  55       7.187   3.13e-01   5.9e-02     0.23   4.07e-01   7.39e-01 1.4e-01   49  26  52       8.777   3.38e-01   9.6e-02     0.29  5.74e-01 1.6e-01   54  36  57      13.560     1.436     0.47     0.788   3.078   41  30  52      3      0     2                                
    2	  182713.5+003453  18:27:13.55 +00:34:52.9     0.000   3.01e-02   1.7e-02     0.90   4.22e-01   4.86e-01 2.8e-01   57  49  43       7.977   2.36e-01   4.4e-02     0.32   8.10e-01   1.39e+00 2.6e-01   37  24  20      14.240   6.41e-01   5.1e-02     0.45   1.13e+00   2.27e+00 1.8e-01   31  27  18      15.490   6.57e-01   6.9e-02     0.49   7.88e-01   1.33e+00 1.4e-01   33  28  25      13.000   4.94e-01   8.4e-02     0.41  6.37e-01 1.1e-01   38  36  64      27.020     2.521     0.79     1.068   3.182   30  25  11      4      0     3     DOBASHI 1323        	tentative bound 
    3	  182722.0+003108  18:27:22.04 +00:31:07.9     3.742  -3.74e-02   1.0e-02     1.93  -3.59e-01  -1.20e-02 3.2e-03   45  26  69       0.000   1.19e-01   3.9e-02     0.15   5.46e-01   8.44e-01 2.8e-01   44  37 -11       7.088   2.68e-01   7.3e-02     0.20   4.73e-01   7.79e-01 2.1e-01   48  21  -3       8.590   4.17e-01   8.1e-02     0.34   5.39e-01   8.66e-01 1.7e-01   51  25  -4       7.232   3.21e-01   1.0e-01     0.29  4.14e-01 1.3e-01   47  36 -21      15.650     1.360     0.44     0.665   3.093   46  23  -9      3      0     2                            
    4	  182727.3+005032  18:27:27.38 +00:50:32.0     0.000   9.15e-03   1.6e-02     0.26   1.34e-01  -2.54e-01 4.4e-01   63  51   7       0.000   1.37e-01   3.8e-02     0.16   7.48e-01   1.88e+00 5.2e-01   60  44  -7       6.268   2.30e-01   4.0e-02     0.16   4.04e-01   7.80e-01 1.4e-01   44  22 -30       7.126   2.33e-01   3.0e-02     0.18   2.90e-01   4.77e-01 6.2e-02   45  25 -29       0.000   2.10e-01   3.4e-02     0.16  3.47e-01 5.7e-02   45  38 -28       8.071     0.576     0.20     0.276   2.864   49  22 -32      2      0     0      				       		no SED fit    
    5	  182727.7+003112  18:27:27.71 +00:31:11.9     0.000   2.72e-03   1.0e-30   -14.71   3.74e-02   5.19e-01 1.9e-28   54  48 -23       7.271   2.14e-02   4.6e-02     0.03   8.71e-02   6.37e-01 1.4e+00   75  23 -37      23.890   1.25e+00   1.0e-01     0.86   2.89e+00   7.20e+00 6.0e-01   48  33 -42      43.950   2.18e+00   1.1e-01     1.57   3.08e+00   6.70e+00 3.4e-01   44  33 -38      54.220   2.23e+00   1.0e-01     1.75  3.85e+00 1.7e-01   47  38 -35     140.300    14.620     3.99     7.875   3.663   41  29 -38      4      0     2                            
    6	  182731.6+010601  18:27:31.61 +01:06:01.3    15.000   3.17e-01   2.5e-02     4.47   4.40e-01   4.04e-01 3.1e-02   11   8 -46      24.410   9.10e-01   3.2e-02     1.23   9.91e-01   7.52e-01 2.7e-02   14  14 -46      15.260   4.12e-01   2.6e-02     0.33   3.95e-01   3.24e-01 2.1e-02   18  18 -31       6.156   1.57e-01   3.3e-02     0.14   1.55e-01   1.17e-01 2.5e-02   25  25   0       0.000   1.82e-02   2.0e-02     0.02  2.58e-03 2.8e-03   36  36   1       0.094    -0.003    -0.00    -0.001   2.167   18  18  53      4      0     1                            
    7	  182744.0+002513  18:27:44.00 +00:25:13.1    36.660   7.97e-01   2.4e-02    26.12   8.68e-01   8.78e-01 2.6e-02    8   8  55       0.000   1.02e-01   3.3e-02     0.13   1.46e-01   1.41e-01 4.5e-02   19  14  71       0.000   1.61e-02   2.0e-02     0.01   1.56e-02   1.13e-02 1.4e-02   18  18 -37       0.000   3.72e-03   1.8e-02     0.00   3.69e-03   1.69e-03 8.0e-03   25  25  62       0.000   6.55e-03   1.7e-02     0.01  1.05e-03 2.7e-03   36  36  34       0.000    -0.226    -0.08    -0.075   2.761   28  18  -9      1      1     4     		                	no SED fit    
    8	  182759.3+003141  18:27:59.37 +00:31:41.1    20.200   4.36e-01   2.6e-02    10.87   4.90e-01   6.25e-01 3.7e-02    9   8  21      42.210   1.47e+00   3.6e-02     2.01   1.77e+00   1.83e+00 4.5e-02   15  14  24      29.230   9.11e-01   2.5e-02     0.68   8.81e-01   8.56e-01 2.4e-02   18  18  30      13.290   3.86e-01   3.5e-02     0.32   3.83e-01   3.09e-01 2.8e-02   25  25  34       6.023   1.27e-01   3.3e-02     0.12  6.22e-02 1.6e-02   36  36  65       0.000     0.269     0.09     0.068   2.890   18  18   0      5      0     1    	IRAS 18253+0029                         
    9	  182808.5-000107  18:28:08.50 -00:01:07.0    16.290   4.04e-01   2.3e-02    18.49   5.45e-01   4.48e-01 2.5e-02   11   8  36      15.510   4.83e-01   3.2e-02     0.63   5.38e-01   3.64e-01 2.4e-02   14  14  47      15.240   4.19e-01   5.8e-02     0.31   4.02e-01   3.07e-01 4.3e-02   18  18 -87       9.497   2.74e-01   5.1e-02     0.21   2.72e-01   1.85e-01 3.5e-02   25  25 -27       6.208   1.64e-01   4.4e-02     0.14  9.88e-02 2.6e-02   36  36 -75      13.110     0.963     0.33     0.267   2.920   21  18 -68      5      1     4    	2MASS J18280848-0001065                        
   10	  182814.0+002440  18:28:13.99 +00:24:39.6     3.381  -3.99e-02   1.2e-02     1.74  -5.38e-01  -6.05e-01 1.8e-01   86  36 -60       0.000   1.27e-01   4.3e-02     0.12   7.90e-01   2.11e+00 7.2e-01   75  59 -17       6.397   3.68e-01   8.7e-02     0.19   8.94e-01   2.67e+00 6.3e-01   45  38  37      10.270   6.38e-01   1.0e-01     0.32   1.01e+00   2.85e+00 4.6e-01   48  43  42      14.150   7.51e-01   1.1e-01     0.39  1.64e+00 2.4e-01   48  44  31      29.370     3.285     0.54     2.138   6.046   45  41  44      3      1     2     PGCC G030.65+05.34                        
   11	  182814.4+002717  18:28:14.46 +00:27:17.5     0.000   9.98e-04   5.7e-03     0.10   5.80e-03  -1.02e-01 5.9e-01   43  14 -15       0.000   8.28e-02   3.5e-02     0.09   4.07e-01   8.91e-01 3.8e-01   45  42 -61       7.099   2.89e-01   4.7e-02     0.16   4.02e-01   6.18e-01 1.0e-01   32  19 -35       7.534   3.20e-01   6.8e-02     0.18   3.76e-01   5.57e-01 1.2e-01   36  25 -40       6.740   2.35e-01   6.8e-02     0.15  2.65e-01 7.7e-02   46  36 -53      14.750     1.244     0.27     0.488   4.524   29  22 -37      3      0     2                            
   12	  182815.3-000241  18:28:15.29 -00:02:42.9    73.980   1.63e+00   2.8e-02    13.53   1.92e+00   1.81e+00 3.1e-02    9   8 -14      56.910   1.98e+00   5.2e-02     1.77   2.20e+00   2.64e+00 7.0e-02   14  14  13      37.420   1.32e+00   1.5e-01     0.67   1.27e+00   1.38e+00 1.5e-01   18  18   5      21.290   7.40e-01   2.4e-01     0.40   7.34e-01   7.93e-01 2.6e-01   25  25  56      12.980   4.20e-01   1.9e-01     0.25  4.25e-01 1.9e-01   36  36 -80      10.180     0.570     0.12     0.208   4.608   27  21  79      5      0     4     HBC 667                        
   13	  182815.8+002538  18:28:15.83 +00:25:38.0     2.612  -3.44e-02   1.3e-02     1.32  -1.45e-01  -8.08e-03 3.1e-03   41  10 -10       0.000   8.74e-02   3.4e-02     0.09   3.07e-01   3.73e-01 1.4e-01   36  26 -20       6.419   2.78e-01   5.2e-02     0.14   4.31e-01   7.00e-01 1.3e-01   29  23 -48       8.980   3.55e-01   1.1e-01     0.17   4.05e-01   5.47e-01 1.6e-01   32  26 -47       6.227   3.41e-01   1.3e-01     0.17  4.21e-01 1.7e-01   37  36 -48      19.700     1.935     0.32     0.806   6.129   30  24 -33      3      0     2     PGCC G030.65+05.34                        
   14	  182817.3-000347  18:28:17.35 -00:03:48.8     0.000   3.81e-02   1.1e-02     0.82   6.06e-01   1.39e+00 4.0e-01   73  62 -15       0.000   2.15e-01   3.9e-02     0.18   1.12e+00   2.00e+00 3.6e-01   62  39 -62       8.051   4.71e-01   8.9e-02     0.24   1.02e+00   2.33e+00 4.4e-01   49  29 -80      11.650   6.81e-01   1.1e-01     0.34   9.93e-01   2.39e+00 4.0e-01   48  34 -71      13.920   6.66e-01   9.4e-02     0.36  1.22e+00 1.7e-01   51  36 -81      30.410     3.239     0.63     1.942   5.139   50  32 -73      3      1     2                            
   15	  182822.9-000230  18:28:22.95 -00:02:30.2     0.000   1.87e-02   1.7e-02     0.45   2.84e-01  -4.07e-01 3.8e-01   63  58 -25       0.000   1.21e-01   3.6e-02     0.11   6.53e-01   1.08e+00 3.2e-01   65  41  15       6.859   3.41e-01   7.3e-02     0.19   6.63e-01   1.33e+00 2.8e-01   45  25   3       8.660   4.20e-01   8.0e-02     0.23   5.50e-01   1.01e+00 1.9e-01   49  26  12       8.856   4.22e-01   7.9e-02     0.25  6.21e-01 1.2e-01   49  36  10      18.860     1.736     0.36     0.836   4.850   45  23   8      3      0     2                            
   16	  182825.0+005845  18:28:25.08 +00:58:44.7     3.322  -1.95e-02   5.9e-03    -1.78  -1.83e-01  -1.51e-02 4.5e-03   62  22 -84       0.000   3.77e-02   3.0e-02     0.05   2.24e-01   6.97e-01 5.6e-01   62  57  76       7.050   3.11e-01   3.2e-02     0.21   4.93e-01   9.27e-01 9.5e-02   46  18 -36       8.992   3.71e-01   2.2e-02     0.28   4.73e-01   8.11e-01 4.8e-02   49  25 -26       9.291   3.52e-01   5.1e-02     0.31  4.95e-01 7.2e-02   53  36 -30      17.700     1.665     0.53     0.685   3.163   42  19 -39      3      0     2                            
   17	  182828.8+005715  18:28:28.79 +00:57:15.4    19.720  -3.92e-02   2.0e-03   -11.00  -3.20e-01  -1.06e-01 5.4e-03   43  22 -62       0.000   2.82e-02   3.1e-02     0.03   1.35e-01   6.06e-01 6.7e-01   48  38 -89       6.539   2.84e-01   5.0e-02     0.19   3.91e-01   5.69e-01 1.0e-01   33  18 -19       6.757   2.55e-01   4.0e-02     0.18   3.02e-01   4.06e-01 6.4e-02   38  25 -20       0.000   1.80e-01   4.3e-02     0.13  1.68e-01 4.0e-02   37  36 -27      12.340     1.041     0.32     0.392   3.238   36  18 -23      2      2     0     					         no SED fit    
   18	  182832.5+005524  18:28:32.57 +00:55:24.1     0.349  -3.87e-03   1.1e-02    -0.17  -1.83e-02   9.06e-02 2.6e-01   50  11  44       0.000   9.77e-02   3.7e-02     0.11   5.05e-01   5.56e-01 2.1e-01   51  43  69       6.334   2.82e-01   4.0e-02     0.19   6.37e-01   1.07e+00 1.5e-01   41  35  78       8.035   3.20e-01   4.0e-02     0.22   3.80e-01   5.59e-01 7.0e-02   38  25  87       7.609   3.03e-01   6.7e-02     0.23  3.49e-01 7.8e-02   46  36  89      16.300     1.409     0.41     0.618   3.476   38  22 -89      3      0     2                            
   19	  182835.3-000525  18:28:35.38 -00:05:25.4     0.000   2.36e-02   1.7e-02     0.49   3.31e-01   1.38e-01 9.9e-02   55  51  30       0.000   1.49e-01   3.5e-02     0.13   7.66e-01   1.63e+00 3.9e-01   54  40 -17       7.894   3.14e-01   3.3e-02     0.18   5.68e-01   1.03e+00 1.1e-01   37  25 -20       9.110   3.46e-01   4.4e-02     0.20   4.21e-01   6.77e-01 8.6e-02   36  27 -26       7.781   3.05e-01   6.6e-02     0.19  3.74e-01 8.1e-02   43  36 -38      14.690     1.338     0.32     0.695   4.129   38  29 -34      3      0     2                            
   20	  182837.3-001142  18:28:37.35 -00:11:43.9     0.000   0.00e+00   0.0e+00     0.00   0.00e+00   0.00e+00 0.0e+00    0   0   0       0.000   7.59e-02   4.7e-02     0.07   4.85e-01   2.02e+00 1.3e+00   75  65 -67       6.074   2.42e-01   7.6e-02     0.13   5.76e-01   1.54e+00 4.8e-01   57  32 -85       7.139   3.25e-01   7.9e-02     0.17   5.10e-01   1.42e+00 3.5e-01   57  38 -84       8.486   3.40e-01   1.0e-01     0.20  7.27e-01 2.2e-01   60  41 -86      13.380     1.197     0.27     0.834   4.368   57  41  87      3      0     2     DOBASHI 1288                         
   21	  182840.1+001648  18:28:40.15 +00:16:47.5     0.000   3.38e-03   9.7e-03     0.18   5.51e-02   2.64e-01 7.5e-01   78  65  21       0.000   1.38e-01   3.3e-02     0.13   8.42e-01   2.96e+00 7.1e-01   74  56 -70       8.196   3.87e-01   4.1e-02     0.21   9.16e-01   2.46e+00 2.6e-01   54  32 -78       9.470   4.78e-01   8.1e-02     0.24   6.89e-01   1.62e+00 2.8e-01   54  31 -71      11.230   4.69e-01   1.0e-01     0.25  9.02e-01 2.0e-01   65  36 -68      17.080     1.751     0.32     1.109   5.460   57  33 -70      3      1     2                                 
   22	  182840.2+005518  18:28:40.25 +00:55:17.9     0.000   3.88e-02   1.9e-02     0.60   4.21e-01  -6.89e-02 3.4e-02   40  36 -50       0.000   9.75e-02   3.4e-02     0.11   3.75e-01   6.00e-01 2.1e-01   35  31 -56      10.200   4.24e-01   4.3e-02     0.27   6.16e-01   9.03e-01 9.2e-02   37  18 -52      11.920   4.05e-01   4.6e-02     0.26   4.95e-01   5.34e-01 6.0e-02   42  25 -53       9.768   2.56e-01   8.5e-02     0.18  1.94e-01 6.4e-02   54  36 -69      23.100     1.892     0.49     0.704   3.894   35  18 -61      3      2     2                            
   23	  182840.9+002047  18:28:40.94 +00:20:46.7     0.000   6.11e-03   1.1e-02     0.30   8.02e-02   2.97e-01 5.1e-01   59  40  70       0.000   8.86e-02   3.4e-02     0.09   4.38e-01   8.08e-01 3.1e-01   48  40  86       6.244   2.30e-01   2.5e-02     0.12   4.05e-01   6.86e-01 7.4e-02   46  21 -29       7.147   2.67e-01   4.7e-02     0.13   3.18e-01   4.35e-01 7.6e-02   38  25 -32       7.275   2.24e-01   6.0e-02     0.11  2.44e-01 6.5e-02   47  36 -27      11.760     1.042     0.18     0.465   5.889   35  24 -32      3      1     2        						    tentative bound 
   24	  182841.8-000320  18:28:41.87 -00:03:21.7    30.660   7.34e-01   2.4e-02    21.16   8.00e-01   9.11e-01 3.0e-02    8   8  47      42.810   1.59e+00   3.5e-02     1.65   1.73e+00   1.24e+00 2.8e-02   14  14 -64      37.610   1.09e+00   5.6e-02     0.69   1.04e+00   8.81e-01 4.6e-02   18  18  39      24.150   7.01e-01   8.1e-02     0.46   6.95e-01   5.88e-01 6.8e-02   25  25  54      11.050   3.63e-01   9.4e-02     0.25  2.57e-01 6.7e-02   36  36  40      26.140     1.832     0.50     0.477   3.678   19  18  47      5      0     4    2MASS J18284187-0003214                         
   25	  182842.2+005323  18:28:42.24 +00:53:22.6     4.792  -6.79e-02   1.4e-02     2.05  -2.70e-01  -9.44e-02 2.0e-02   38  10  59       8.849   2.16e-01   5.3e-02     0.21   7.68e-01   1.24e+00 3.0e-01   33  29  32      22.190   1.12e+00   4.4e-02     0.49   1.76e+00   2.52e+00 1.0e-01   30  23  42      36.010   1.57e+00   7.1e-02     0.61   1.70e+00   2.20e+00 9.9e-02   30  25  39      23.100   1.20e+00   1.9e-01     0.54  1.23e+00 2.0e-01   36  36  32      98.440    10.150     1.13     4.359   8.953   31  24  39      4      0     2    SSTc2d J182844.0+005337                         
   26	  182843.4-000942  18:28:43.41 -00:09:42.0     0.000   0.00e+00   0.0e+00     0.00   0.00e+00   0.00e+00 0.0e+00    0   0   0       0.000   6.73e-02   3.2e-02     0.06   4.06e-01   6.37e-01 3.0e-01   73  53 -56       6.498   2.64e-01   4.5e-02     0.15   4.69e-01   1.14e+00 2.0e-01   59  20 -76      11.500   5.76e-01   9.1e-02     0.32   7.93e-01   1.81e+00 2.9e-01   63  26 -73      14.110   6.42e-01   7.4e-02     0.39  1.23e+00 1.4e-01   64  36 -75      27.680     2.389     0.47     1.107   5.110   56  20 -71      3      0     2    PGCC G030.18+04.97                         
   27	  182844.1+005255  18:28:44.10 +00:52:55.3     0.000   2.96e-03   1.7e-02     0.07   3.68e-02  -8.25e-01 4.7e+00   51  39  38      11.290   2.63e-01   7.7e-02     0.24   8.15e-01   1.31e+00 3.8e-01   43  20 -66      37.620   1.74e+00   5.6e-02     0.78   2.79e+00   4.84e+00 1.6e-01   31  23 -83      57.950   2.40e+00   7.7e-02     0.94   2.66e+00   3.95e+00 1.3e-01   32  25 -90      35.240   1.77e+00   2.2e-01     0.78  1.93e+00 2.4e-01   36  36 -76     174.300    17.310     1.96     7.343   8.828   31  24 -81      4      1     2    SSTc2d J182844.0+005337                         
   28	  182844.3+002557  18:28:44.32 +00:25:56.7    15.600  -1.30e-02   8.3e-04     8.43  -6.27e-02   7.48e-02 4.8e-03   38  12  83       1.674  -3.18e-02   1.9e-02    -0.03  -9.01e-02  -2.46e-03 1.5e-03   45  17 -15       0.000   1.31e-01   8.5e-02     0.06   1.65e-01   1.93e-01 1.3e-01   28  18  -2       7.558   2.05e-01   9.7e-02     0.09   2.03e-01   2.08e-01 9.9e-02   25  25 -12       6.042   2.22e-01   1.2e-01     0.10  1.83e-01 1.0e-01   36  36 -40      19.120     1.648     0.23     0.560   7.110   25  20   1      3      1     0    						          no SED fit    
   29	  182845.0+005203  18:28:45.05 +00:52:03.1   143.500   3.20e+00   2.4e-02    65.90   3.48e+00   3.94e+00 3.0e-02    8   8 -31     185.500   6.73e+00   1.4e-01     5.25   7.33e+00   5.59e+00 1.1e-01   14  14  81     147.800   4.31e+00   3.2e-01     1.64   4.14e+00   4.29e+00 3.2e-01   18  18 -74      80.970   2.30e+00   4.1e-01     0.75   2.53e+00   1.87e+00 3.3e-01   31  25 -86      21.960   6.93e-01   3.3e-01     0.23  1.21e+00 5.8e-01   46  36 -72      21.130     2.016     0.19     0.761  10.770   28  22  81      5      0     4     MASS J18284503+0052028                        
   30	  182845.6-000711  18:28:45.65 -00:07:12.8    12.920   3.72e-01   2.6e-02     7.85   4.05e-01   3.15e-01 2.2e-02    8   8 -49       0.000   1.37e-01   3.4e-02     0.12   1.49e-01   5.94e-02 1.5e-02   14  14 -70       0.000   2.49e-02   3.8e-02     0.01   2.39e-02   7.12e-03 1.1e-02   18  18 -58       0.000   5.75e-03   4.5e-02     0.00   5.71e-03   3.42e-03 2.7e-02   25  25 -68       0.000   3.93e-02   4.7e-02     0.02  6.61e-02 7.9e-02   53  45  85       0.000     0.010     0.00     0.003   4.634   18  18  90      1      0     4    						          no SED fit    
   31	  182845.7+000245  18:28:45.70 +00:02:44.5    21.070  -3.40e-02   1.6e-03   -12.92  -1.59e-01  -7.37e-02 3.5e-03   48  11  28       0.000   1.04e-01   3.9e-02     0.09   4.00e-01   6.08e-01 2.3e-01   45  26  21       0.000   2.15e-01   5.0e-02     0.10   3.46e-01   5.24e-01 1.2e-01   42  19  37       7.522   2.48e-01   5.9e-02     0.12   3.11e-01   4.15e-01 9.8e-02   46  25  23       6.549   3.17e-01   1.0e-01     0.17  4.57e-01 1.5e-01   52  36  38      10.720     1.049     0.18     0.439   5.784   39  20  39      2      1     0    						          no SED fit    
   32	  182846.0+002022  18:28:46.06 +00:20:21.7     0.000   3.61e-02   1.8e-02     0.79   4.50e-01   2.18e-01 1.1e-01   48  42   7       0.000   5.82e-02   2.5e-02     0.06   2.72e-01   3.70e-01 1.6e-01   43  38   5       0.000   2.19e-01   6.7e-02     0.10   4.29e-01   7.45e-01 2.3e-01   34  31 -50       8.892   3.38e-01   1.0e-01     0.16   3.89e-01   5.47e-01 1.6e-01   35  25 -33       6.773   3.01e-01   1.3e-01     0.14  3.10e-01 1.4e-01   39  36 -51      19.210     1.864     0.26     0.777   7.056   37  21 -39      2      1     0    	DOBASHI 1321 		          no SED fit    
   33	  182847.8+005148  18:28:47.84 +00:51:47.7     0.000   4.13e-02   2.3e-02     0.63   2.89e-01  -9.81e-02 5.5e-02   32  21  81       0.000   2.37e-01   5.8e-02     0.21   6.37e-01   9.05e-01 2.2e-01   25  24 -75      10.960   3.83e-01   1.1e-01     0.15   4.88e-01   4.65e-01 1.4e-01   25  20 -88       9.297   6.87e-01   1.1e-01     0.28   7.90e-01   8.74e-01 1.4e-01   35  25  86       0.000   4.37e-01   2.0e-01     0.13  2.05e-01 9.4e-02   36  36 -29      33.230     2.263     0.19     0.724  11.830   26  18 -87      2      1     0    	IRAS 18262+0050	    	      no SED fit    
   34	  182847.8+000841  18:28:47.86 +00:08:40.6    24.790   5.21e-01   2.8e-02     5.80   6.81e-01   5.94e-01 3.2e-02   10   8  30       6.368   1.90e-01   4.7e-02     0.18   3.16e-01   1.51e-01 3.7e-02   23  14  75       0.000   9.90e-03   1.5e-02     0.01   9.50e-03  -7.33e-05 1.1e-04   18  18 -62       2.847  -3.80e-02   1.3e-02    -0.02  -4.86e-02  -7.10e-02 2.5e-02   35  31 -80       2.630  -5.76e-02   2.2e-02    -0.04 -1.07e-01 4.1e-02   53  43 -22       0.000    -0.116    -0.04    -0.036   3.184   25  18 -16      2      1     4    				          		  no SED fit    
   35	  182847.9+005046  18:28:47.91 +00:50:45.6     0.000  -2.06e-02   1.0e-30    48.65  -1.35e-01  -1.45e-01 7.0e-30   64  14  18       0.000   1.82e-01   5.2e-02     0.17   1.06e+00   3.61e+00 1.0e+00   63  51  27       0.000   2.47e-01   5.2e-02     0.09   7.03e-01   2.18e+00 4.6e-01   64  47   4       9.166   4.44e-01   1.3e-01     0.15   6.64e-01   1.52e+00 4.4e-01   61  32 -36      17.790   9.09e-01   2.6e-01     0.34  1.56e+00 4.5e-01   56  36 -29      43.760     2.375     0.16     1.230  14.490   61  23 -24      2      3     0    	[EGE2007] Bolo 4	          no SED fit    
   36	  182847.9+001451  18:28:47.91 +00:14:50.6     0.000   1.29e-03   1.2e-02     0.05   2.19e-02   2.31e-01 2.2e+00   85  74  -2       0.000   1.01e-01   3.2e-02     0.09   6.62e-01   5.58e-01 1.8e-01   81  70  38       6.689   3.14e-01   4.1e-02     0.15   6.83e-01   1.53e+00 2.0e-01   52  28 -32      10.450   5.98e-01   8.6e-02     0.27   8.61e-01   2.29e+00 3.3e-01   50  32 -43      13.980   6.70e-01   1.2e-01     0.31  1.40e+00 2.4e-01   57  36 -51      29.330     3.253     0.46     1.748   7.072   48  26 -41      3      2     2    	[EGE2007] Bolo 5                            
   37	  182848.3+003018  18:28:48.33 +00:30:17.6     0.000   1.99e-02   1.4e-02     0.67   1.88e-01   2.70e-01 1.9e-01   38  29 -40       0.000   3.22e-02   6.1e-02     0.03   9.86e-02   1.48e-01 2.8e-01   36  21 -71       7.567   2.76e-01   2.1e-01     0.10   3.97e-01   4.69e-01 3.6e-01   33  19   1      15.500   5.87e-01   4.1e-01     0.17   7.01e-01   9.29e-01 6.5e-01   36  26 -12      12.000   1.06e+00   4.8e-01     0.34  1.58e+00 7.1e-01   44  36  64      44.220     4.234     0.29     1.691  14.800   28  24 -42      3      0     0    	DA 450             			  no SED fit    
   38	  182848.3+002210  18:28:48.33 +00:22:10.1    24.960  -2.08e-02   8.3e-04    15.07  -9.86e-02   3.31e-02 1.3e-03   43  11  42       0.000   8.65e-02   4.6e-02     0.08   2.90e-01   5.63e-01 3.0e-01   30  28  47       6.444   2.68e-01   8.1e-02     0.13   4.83e-01   8.33e-01 2.5e-01   35  26  79       9.117   4.62e-01   1.3e-01     0.22   5.10e-01   7.47e-01 2.1e-01   31  25 -88       9.680   6.05e-01   1.7e-01     0.33  8.04e-01 2.3e-01   40  36 -35      22.660     2.534     0.39     1.284   6.501   35  29 -75      4      1     0              					  no SED fit    
   39	  182850.2+000950  18:28:50.25 +00:09:49.5    15.660   4.07e-01   2.8e-02     9.12   4.44e-01   3.84e-01 2.7e-02    8   8 -19       0.000   2.19e-01   5.2e-02     0.17   2.39e-01   1.43e-01 3.4e-02   14  14  51       0.000   8.95e-02   6.5e-02     0.05   8.59e-02   3.81e-02 2.8e-02   18  18  33       0.000   2.32e-03   4.0e-02     0.00   2.41e-03   6.15e-03 1.1e-01   27  25 -23       0.000   1.61e-02   4.0e-02     0.01  2.44e-03 6.1e-03   36  36   9       0.099    -0.009    -0.00    -0.003   4.007   35  18  21      1      0     4        			                  no SED fit    
   40	  182852.1+001902  18:28:52.16 +00:19:02.4     0.000   2.90e-02   1.8e-02     0.66   3.67e-01   6.33e-03 4.0e-03   48  43 -68       8.336   2.73e-01   5.4e-02     0.23   7.75e-01   1.34e+00 2.6e-01   38  19 -53      23.610   1.18e+00   9.7e-02     0.48   1.93e+00   3.60e+00 3.0e-01   32  24 -59      32.880   1.47e+00   1.8e-01     0.49   1.64e+00   2.48e+00 3.0e-01   32  25 -40      30.580   1.45e+00   2.1e-01     0.50  1.92e+00 2.8e-01   40  36 -65      93.860     9.403     0.92     4.042  10.210   32  24 -65      4      1     2    	[EGE2007] Bolo 7                            
   41	  182853.6+002343  18:28:53.67 +00:23:42.7     0.000   4.28e-02   2.2e-02     0.71   3.74e-01  -5.51e-03 2.9e-03   32  29 -47       0.000   4.26e-02   3.2e-02     0.04   1.43e-01   2.26e-01 1.7e-01   34  26  45       7.115   2.11e-01   8.5e-02     0.10   2.46e-01   3.20e-01 1.3e-01   24  18  72       8.617   3.38e-01   1.0e-01     0.17   3.48e-01   3.87e-01 1.2e-01   27  25  33       6.472   2.79e-01   1.6e-01     0.14  2.93e-01 1.6e-01   39  36 -70      21.320     1.815     0.31     0.668   5.883   26  23  14      3      0     2     2MASS J18285613+0023551                           
   42	  182853.7+003607  18:28:53.69 +00:36:07.3     0.000   7.99e-03   1.0e-02     0.38   7.42e-02   4.85e-03 6.3e-03   39  28 -73       0.000   7.66e-02   3.8e-02     0.07   2.82e-01   2.56e-01 1.3e-01   37  28  47       0.000   1.97e-01   8.1e-02     0.09   3.29e-01   4.38e-01 1.8e-01   39  21  78       7.384   3.29e-01   1.6e-01     0.16   3.66e-01   4.18e-01 2.0e-01   32  25  64       6.171   2.09e-01   1.5e-01     0.11  2.47e-01 1.8e-01   52  36  88      14.110     1.252     0.22     0.445   5.703   27  20  44      2      0     0     2MASS J18285525+0035589       no SED fit    
   43	  182854.0+002930  18:28:54.05 +00:29:29.5   617.200   1.19e+01   4.9e-02    30.48   1.46e+01   1.63e+01 6.7e-02   10   8   7     838.300   3.20e+01   2.3e-01    11.87   3.49e+01   3.40e+01 2.5e-01   14  14  70     600.800   2.10e+01   5.7e-01     3.98   2.02e+01   2.38e+01 6.4e-01   18  18 -80     313.600   1.22e+01   9.1e-01     1.72   1.28e+01   1.32e+01 9.9e-01   28  25 -74     248.900   7.75e+00   9.9e-01     1.25  9.18e+00 1.2e+00   45  36 -81     111.800    13.380     0.39     3.726  34.460   21  18  61      5      0     4    	[FJD2019]                         
   44	  182854.3+002918  18:28:54.32 +00:29:18.4   169.600   2.65e-01   2.6e-02     1.00   8.44e-01   1.37e+01 1.3e+00   26  10  68       0.075  -3.05e-02   4.1e-01    -0.01  -3.32e-02   1.04e+01 1.4e+02   14  14  90     272.300   1.09e+01   6.0e-01     1.85   1.38e+01   1.99e+01 1.1e+00   25  19  89     263.200   1.16e+01   6.8e-01     2.04   1.24e+01   1.60e+01 9.4e-01   29  25 -67     226.800   8.66e+00   4.4e-01     2.05  9.23e+00 4.7e-01   36  36 -34     311.000    28.420     0.90     8.780  31.530   25  18 -86      4      0     4    	[DAB2006]                         
   45	  182854.6+001705  18:28:54.60 +00:17:04.7     0.000   2.40e-03   1.1e-02     0.11   1.01e-02   5.43e-02 2.6e-01   69   8  -4       0.000   1.15e-01   5.4e-02     0.09   4.31e-01   6.52e-01 3.0e-01   38  28  61       7.459   2.52e-01   7.4e-02     0.11   3.86e-01   4.81e-01 1.4e-01   41  19  69       7.835   3.05e-01   9.7e-02     0.13   3.56e-01   4.01e-01 1.3e-01   36  25  79       8.021   2.77e-01   1.3e-01     0.13  3.15e-01 1.5e-01   51  36  82      17.700     1.404     0.22     0.497   6.248   25  22  61      3      1     2    	2MASS J18285808+0017243                             
   46	  182854.8+002952  18:28:54.85 +00:29:52.1   162.700   3.70e+00   4.2e-02    19.35   4.62e+00   4.15e+00 4.7e-02   10   8  44     222.000   1.06e+01   2.2e-01     5.26   1.16e+01   1.35e+01 2.8e-01   14  14  56     207.700   1.03e+01   5.2e-01     1.98   9.91e+00   1.04e+01 5.2e-01   18  18  76     208.800   5.49e+00   8.9e-01     0.87   5.45e+00   5.99e+00 9.7e-01   25  25 -74     204.500   2.51e+00   1.1e+00     0.42  2.99e+00 1.3e+00   36  36 -81     224.000    14.460     0.45     4.337  32.090   23  18 -83      5      2     4     [FJD2019] 5                                       
   47	  182854.8+010853  18:28:54.85 +01:08:53.2     8.509   1.38e-01   2.3e-02     5.13   3.00e-01   2.36e-01 3.9e-02   12  12  70       0.000   1.22e-01   3.4e-02     0.14   1.54e-01   6.85e-02 1.9e-02   16  14  33       0.000   2.30e-02   2.9e-02     0.02   2.37e-02   2.92e-02 3.6e-02   20  18  83       0.000   2.01e-03   3.1e-02     0.00   1.99e-03   2.95e-03 4.5e-02   25  25  90       0.000   6.63e-03   2.1e-02     0.01  7.43e-04 2.4e-03   36  36  56       1.033    -0.045    -0.02    -0.017   2.927   31  20 -67      1      0     4    	SSTc2d J182854.9+010855       no SED fit    
   48	  182854.9+001945  18:28:54.98 +00:19:45.3     0.000   1.57e-02   1.9e-02     0.36   1.31e-01  -2.23e-01 2.6e-01   31  29 -90       0.000   1.66e-01   3.7e-02     0.14   4.10e-01   5.33e-01 1.2e-01   25  21  40      12.100   4.26e-01   1.0e-01     0.18   4.22e-01   4.75e-01 1.1e-01   19  18  67       7.170   3.61e-01   2.2e-01     0.14   3.59e-01   3.44e-01 2.1e-01   25  25  -7       0.000   4.67e-01   2.5e-01     0.15  2.52e-01 1.3e-01   36  36  -8      16.630     2.152     0.24     0.547   9.017   19  18  10      2      2     0     2MASS J18285364+0019407       no SED fit    
   49	  182855.8+002945  18:28:55.81 +00:29:45.3    82.720   1.95e+00   3.3e-02    17.11   2.12e+00   2.27e+00 3.9e-02    8   8  38     128.200   7.08e+00   2.0e-01     3.67   8.76e+00   1.26e+01 3.5e-01   16  14  41     175.600   7.97e+00   4.4e-01     1.47   7.65e+00   9.26e+00 5.1e-01   18  18  -6     217.300   7.63e+00   8.5e-01     1.20   7.57e+00   8.39e+00 9.3e-01   25  25 -41     213.200   4.96e+00   1.1e+00     0.81  5.11e+00 1.1e+00   36  36  79     314.000    21.070     0.60     6.606  35.320   24  19 -38      5      0     4    	[DAB2006] MMS1-c                                  
   50	  182856.1+002941  18:28:56.10 +00:29:40.5    35.640   4.39e-01   4.3e-02     0.94   1.33e+00   1.74e+00 1.7e-01   24  10   4      77.750   3.62e+00   3.4e-01     1.57   7.04e+00   1.32e+01 1.2e+00   30  14  26     107.200   6.16e+00   4.4e-01     1.10   6.20e+00   6.61e+00 4.7e-01   19  18  42     152.100   5.42e+00   6.3e-01     0.96   5.38e+00   5.76e+00 6.7e-01   25  25  49     158.900   2.98e+00   4.8e-01     0.65  3.22e+00 5.1e-01   36  36  17     294.600    22.830     0.78     6.637  29.260   22  18  54      5      0     4    	[DAB2006] VLA-3                                   
   51	  182856.4+001857  18:28:56.45 +00:18:56.8     0.000   2.56e-02   2.1e-02     0.50   3.98e-01  -4.52e-01 3.7e-01   67  61  69       0.000   1.42e-01   6.4e-02     0.11   7.66e-01   2.31e+00 1.0e+00   53  48 -22      10.050   7.40e-01   1.1e-01     0.32   1.89e+00   4.91e+00 7.5e-01   51  40 -60      19.790   1.25e+00   1.9e-01     0.49   1.86e+00   4.20e+00 6.5e-01   46  37 -26      29.080   1.37e+00   2.3e-01     0.55  2.39e+00 4.1e-01   50  40 -51      58.650     8.202     1.11     5.261   7.370   45  40  -9      3      2     2    	[EGE2007] Bolo 10                                 
   52	  182857.5+004751  18:28:57.49 +00:47:51.1     1.333  -1.41e-02   1.1e-02    -0.65  -1.01e-01  -5.98e-03 4.5e-03   46  18 -60       9.407   2.85e-01   7.3e-02     0.28   1.13e+00   2.26e+00 5.8e-01   50  26 -56      12.020   7.72e-01   6.8e-02     0.34   1.42e+00   2.94e+00 2.6e-01   58  21 -61      24.700   1.50e+00   1.1e-01     0.66   1.95e+00   3.54e+00 2.5e-01   55  25 -63      32.080   1.73e+00   3.1e-01     0.91  2.37e+00 4.2e-01   56  36 -63      90.060     9.028     1.08     4.038   8.383   62  18 -63      4      0     2    	[EGE2007] Bolo 11                        
   53	  182900.8+003014  18:29:00.88 +00:30:14.1     0.000   2.00e-02   2.2e-02     0.26   1.68e-01   2.75e-01 3.0e-01   36  25 -18      64.670   1.78e+00   3.1e-01     0.94   3.01e+00   4.05e+00 7.2e-01   20  16   1     107.300   3.66e+00   6.7e-01     0.84   3.62e+00   4.66e+00 8.5e-01   19  18 -70      93.390   3.20e+00   5.6e-01     0.61   3.21e+00   3.46e+00 6.1e-01   25  25 -16      38.340   3.18e+00   4.9e-01     0.75  4.26e+00 6.6e-01   42  36  65     154.700    13.470     0.64     4.617  21.170   29  18 -85      4      2     0    	PLCKERC -070 G030.82+05.21    no SED fit    
   54	  182900.9+002931  18:29:00.91 +00:29:31.3    28.280   6.18e-01   3.1e-02     8.18   6.73e-01   7.23e-01 3.7e-02    8   8  51      16.380   3.79e-01   2.3e-01     0.16   5.90e-01  -1.78e-01 1.1e-01   21  14  -9       0.377  -2.00e-01   5.3e-01    -0.05  -2.63e-01  -8.30e-01 2.2e+00   30  18 -18       0.000   3.13e-01   7.8e-01     0.06   3.65e-01   3.92e-01 9.8e-01   36  25 -42       0.000   4.77e-02   8.9e-01     0.01 -7.21e-02 1.3e+00   36  36   9       0.647    -1.302    -0.08    -0.432  17.240   28  18  36      1      1     4    	2MASS J18290088+0029312       no SED fit    
   55	  182902.0+003053  18:29:02.05 +00:30:52.6     0.326  -4.34e-03   1.3e-02    -0.12  -1.42e-02   4.79e-02 1.5e-01   34   8 -89       7.811   2.76e-01   1.2e-01     0.16   7.52e-01   6.93e-01 3.1e-01   28  22 -43      45.320   1.46e+00   6.0e-01     0.34   2.14e+00   2.32e+00 9.6e-01   37  18 -39      52.240   2.19e+00   6.2e-01     0.43   2.42e+00   2.88e+00 8.1e-01   30  26 -19      36.940   3.18e+00   5.2e-01     0.77  3.78e+00 6.1e-01   36  36  18     192.800    15.390     0.72     5.302  21.380   27  19  20      4      0     0    	[DAB2006] VLA-5          	  no SED fit    
   56	  182902.1+002922  18:29:02.10 +00:29:22.2     0.000   3.97e-03   2.0e-02     0.07   1.38e-02   7.07e-01 3.6e+00   31  10  41      30.360   7.70e-01   2.6e-01     0.44   1.59e+00   1.94e+00 6.6e-01   27  16  73      44.680   1.65e+00   7.3e-01     0.46   1.93e+00   2.15e+00 9.6e-01   24  18  64      38.250   1.08e+00   8.2e-01     0.25   1.07e+00   9.93e-01 7.6e-01   25  25 -88      13.570   1.20e+00   5.8e-01     0.31  1.55e+00 7.5e-01   50  36  16      54.340     4.245     0.28     1.381  14.940   27  18  89      4      3     0    	[DLZ2016] MHO 2235-I2         no SED fit    
   57	  182903.4+004230  18:29:03.44 +00:42:30.3    12.330  -4.11e-02   3.3e-03     6.90  -1.87e-01  -1.04e-01 8.4e-03   63   9  51       0.000   8.44e-02   3.5e-02     0.09   4.31e-01   4.61e-01 1.9e-01   55  40 -51       8.638   3.77e-01   4.9e-02     0.21   6.37e-01   1.10e+00 1.4e-01   42  21 -60      14.960   6.29e-01   5.4e-02     0.34   7.78e-01   1.27e+00 1.1e-01   44  25 -58      16.950   6.56e-01   9.6e-02     0.39  8.51e-01 1.2e-01   47  36 -58      41.980     3.534     0.68     1.651   5.164   41  23 -59      3      1     2                            
   58	  182903.8+002022  18:29:03.88 +00:20:21.7    17.050   3.73e-01   2.2e-02    11.60   4.05e-01   3.95e-01 2.4e-02    8   8  35      10.010   3.57e-01   3.3e-02     0.43   3.88e-01   2.27e-01 2.1e-02   14  14  -1       6.072   1.34e-01   3.6e-02     0.09   1.33e-01   8.49e-02 2.3e-02   19  18  60       0.000   3.13e-02   3.1e-02     0.02   3.11e-02   1.13e-02 1.1e-02   25  25 -54       0.000   1.93e-02   4.1e-02     0.01  2.95e-03 6.3e-03   36  36   4       0.000     0.014     0.00     0.003   3.167   18  18  90      3      2     4    						          no SED fit    
   59	  182904.3+003324  18:29:04.34 +00:33:24.0    34.060   8.25e-01   2.4e-02    20.99   8.98e-01   7.70e-01 2.2e-02    8   8  38      23.770   8.96e-01   8.6e-02     0.72   9.76e-01   6.68e-01 6.4e-02   14  14  18      16.930   5.07e-01   1.9e-01     0.20   5.30e-01   5.12e-01 2.0e-01   21  18 -62       9.859   2.93e-01   2.3e-01     0.11   3.52e-01   2.75e-01 2.1e-01   39  25 -67       0.000   7.90e-02   2.5e-01     0.03  9.57e-03 3.0e-02   36  36  13       0.000     0.011     0.00     0.005   8.497   33  23  56      4      0     4    	2MASS J18290437+0033235                        
   60	  182905.6-001210  18:29:05.64 -00:12:10.4     0.000   0.00e+00   0.0e+00     0.00   0.00e+00   0.00e+00 0.0e+00    0   0   0       0.000   4.63e-02   3.0e-02     0.04   2.46e-01   5.42e-01 3.5e-01   54  45  64       0.000   2.85e-01   2.8e-02     0.16   6.28e-01   1.29e+00 1.3e-01   40  34  -1       7.926   3.99e-01   6.7e-02     0.27   5.11e-01   8.12e-01 1.4e-01   38  29 -21       8.912   4.29e-01   6.8e-02     0.31  5.19e-01 8.3e-02   42  36 -13      14.850     1.714     0.53     0.839   3.248   36  27 -16      2      0     0    	[HL2013] 277.26216-00.19988   no SED fit    
   61	  182906.1+003043  18:29:06.14 +00:30:43.0   238.600   8.37e+00   3.2e-02    57.27   1.06e+01   1.20e+01 4.6e-02   10   8  64     681.200   2.16e+01   2.9e-01     7.96   2.35e+01   2.61e+01 3.6e-01   14  14  29     880.000   2.08e+01   1.0e+00     2.63   2.01e+01   2.35e+01 1.1e+00   18  18  53     678.500   1.39e+01   1.1e+00     1.40   1.37e+01   1.36e+01 1.1e+00   25  25  76     552.800   1.03e+01   1.2e+00     1.75  1.21e+01 1.4e+00   37  36  59     641.400    32.980     0.68    10.830  48.820   27  18  67      5      0     4    	[FJD2019] 21                                      
   62	  182906.1+000720  18:29:06.17 +00:07:19.7    26.020  -4.18e-02   1.6e-03    13.74  -7.56e-01   1.87e+00 7.2e-02  113  91 -87       7.367   2.99e-01   7.1e-02     0.25   1.87e+00   8.66e+00 2.1e+00   90  54 -59       7.855   5.48e-01   5.4e-02     0.27   1.66e+00   7.85e+00 7.8e-01   86  50 -30       8.889   5.86e-01   5.6e-02     0.30   1.06e+00   5.05e+00 4.8e-01   89  54 -38      10.500   5.22e-01   9.5e-02     0.29  2.05e+00 3.7e-01   85  53 -34      12.510     1.492     0.31     1.176   4.884   95  47 -48      5      2     2                            
   63	  182906.2+000500  18:29:06.28 +00:04:59.7     0.000   2.06e-02   1.6e-02     0.38   3.76e-01   4.38e-01 3.3e-01  107 101  66       0.000   2.93e-01   4.5e-02     0.20   1.90e+00   9.45e+00 1.5e+00   78  69  22       6.526   4.46e-01   6.5e-02     0.21   1.17e+00   4.19e+00 6.1e-01   63  38  55       8.537   5.24e-01   7.1e-02     0.25   8.71e-01   2.94e+00 4.0e-01   68  42  55       8.577   3.84e-01   6.9e-02     0.19  1.03e+00 1.9e-01   81  36  51      12.740     1.837     0.37     1.223   4.903   59  36  52      3      0     2                            
   64	  182906.6+003034  18:29:06.64 +00:30:34.0  1085.000   2.50e+01   2.7e-02    86.74   3.00e+01   3.40e+01 3.6e-02    9   8  24    1623.000   5.48e+01   2.5e-01    20.64   5.97e+01   6.65e+01 3.0e-01   14  14  85    1235.000   3.77e+01   9.6e-01     4.34   3.61e+01   3.70e+01 9.4e-01   18  18  56     778.200   2.20e+01   1.2e+00     2.19   2.19e+01   2.13e+01 1.1e+00   25  25  50     597.400   1.32e+01   1.3e+00     2.22  1.49e+01 1.5e+00   36  36  45     659.000    32.200     0.65     9.568  49.290   23  18 -85      5      1     4    	[FJD2019] 17                            
   65	  182908.4-002118  18:29:08.46 -00:21:18.3     0.000   0.00e+00   0.0e+00     0.00   0.00e+00   0.00e+00 0.0e+00    0   0   0       0.000   1.82e-02   4.4e-02     0.02   1.26e-01   1.15e+00 2.8e+00   99  84  20       0.000   1.55e-01   5.9e-02     0.09   4.56e-01   1.67e+00 6.4e-01   73  49 -45       6.234   2.42e-01   8.1e-02     0.16   3.89e-01   1.05e+00 3.5e-01   53  43  15       8.103   3.15e-01   9.9e-02     0.23  8.00e-01 2.5e-01   60  47  33       9.123     0.736     0.23     0.573   3.263   71  51 -64      2      1     0              					  no SED fit    
   66	  182908.6+003513  18:29:08.67 +00:35:13.1     1.383  -9.84e-03   7.1e-03    -0.73  -5.95e-02   7.43e-04 5.4e-04   74  12 -36       0.000   8.48e-02   2.8e-02     0.07   5.04e-01   7.88e-01 2.6e-01   62  57  39       9.948   4.04e-01   6.9e-02     0.19   8.94e-01   1.85e+00 3.2e-01   42  33  26      14.020   5.69e-01   9.7e-02     0.25   7.81e-01   1.42e+00 2.4e-01   43  31  27      14.170   5.03e-01   1.5e-01     0.23  6.47e-01 1.9e-01   44  36  33      32.240     2.788     0.43     1.572   6.461   42  31  14      3      2     2                                
   67	  182909.0+003131  18:29:09.04 +00:31:31.0   275.200   5.83e+00   2.9e-02    58.50   7.31e+00   8.34e+00 4.1e-02   10   8  45     836.900   3.09e+01   3.2e-01    12.15   3.36e+01   2.61e+01 2.7e-01   14  14  28     813.000   2.39e+01   1.1e+00     4.44   2.30e+01   2.02e+01 9.5e-01   18  18  69     462.400   1.52e+01   1.1e+00     2.38   1.51e+01   1.33e+01 9.8e-01   25  25  52     241.900   9.70e+00   1.1e+00     2.17  1.92e+01 2.2e+00   51  36  87     571.000    37.240     1.11    10.080  33.420   20  18 -80      5      1     4    	[DAB2006] VLA-7               no SED fit    
   68	  182912.5+002412  18:29:12.50 +00:24:11.5     0.000   2.29e-02   1.7e-02     0.55   3.12e-01   6.66e-02 5.0e-02   55  47 -42       0.000   9.24e-02   4.6e-02     0.09   5.01e-01   6.99e-01 3.5e-01   55  46 -81       6.134   2.35e-01   4.8e-02     0.14   3.90e-01   6.23e-01 1.3e-01   41  21 -64       7.004   3.08e-01   4.3e-02     0.19   3.73e-01   5.91e-01 8.3e-02   40  25 -53       7.101   2.73e-01   4.2e-02     0.18  3.92e-01 6.1e-02   48  36 -50      12.780     1.056     0.26     0.433   4.131   38  20 -57      3      0     2                            
   69	  182912.8+011552  18:29:12.82 +01:15:52.1     3.763  -1.57e-02   4.2e-03     2.16  -2.11e-01   3.53e-01 9.4e-02  118  34 -28       7.299   2.20e-01   4.3e-02     0.21   1.18e+00   4.10e+00 8.0e-01   91  36  31      12.590   8.34e-01   6.1e-02     0.42   2.28e+00   8.64e+00 6.4e-01   54  47   1      14.130   9.69e-01   7.8e-02     0.49   1.61e+00   5.65e+00 4.5e-01   54  47   3      16.040   9.08e-01   1.5e-01     0.50  2.78e+00 4.6e-01   57  52 -16      25.850     3.707     0.70     2.611   5.264   55  43   3      4      0     2    	GBS-VLA J182913.36+011544.3                         
   70	  182913.2+003838  18:29:13.26 +00:38:38.5     8.253  -1.86e-02   2.3e-03    -4.78  -8.13e-02   6.93e-02 8.4e-03   42  10  66       0.000   9.16e-02   3.4e-02     0.08   3.16e-01   2.96e-01 1.1e-01   30  29  61       6.631   2.16e-01   4.5e-02     0.10   2.97e-01   3.85e-01 8.0e-02   33  18 -31       6.634   1.95e-01   4.3e-02     0.09   2.17e-01   2.39e-01 5.3e-02   32  25 -16       0.000   5.91e-02   3.4e-02     0.03  2.84e-02 1.6e-02   36  36 -29       7.574     0.564     0.10     0.196   5.719   30  18 -35      3      1     0     2MASS J18291318+0038479       no SED fit    
   71	  182916.2+001822  18:29:16.22 +00:18:22.3   109.600   2.52e+00   2.3e-02    29.80   2.74e+00   2.67e+00 2.5e-02    8   8   7     132.200   5.04e+00   7.4e-02     4.34   5.49e+00   4.12e+00 6.0e-02   14  14  55     106.000   3.30e+00   1.1e-01     1.63   3.31e+00   3.13e+00 1.0e-01   19  18  90      58.330   1.81e+00   6.8e-02     0.85   1.83e+00   1.51e+00 5.7e-02   26  25  77      30.030   1.08e+00   1.1e-01     0.63  2.43e+00 2.4e-01   70  49  10      47.220     3.221     0.51     0.986   6.344   23  19  90      5      0     4    	IRAS 18267+0016               no SED fit    
   72	  182916.2+001813  18:29:16.27 +00:18:13.4    68.320   1.18e-01   2.5e-02     0.64   5.17e-01   2.40e+00 5.0e-01   38  11 -65      83.650   2.43e+00   4.3e-02     2.40   3.90e+00   4.92e+00 8.8e-02   18  17 -51      91.610   2.90e+00   1.1e-01     1.46   3.21e+00   3.60e+00 1.3e-01   22  18 -76      65.600   2.17e+00   6.4e-02     1.07   2.16e+00   2.20e+00 6.4e-02   25  25 -80      30.110   1.32e+00   9.4e-02     0.75  1.64e+00 1.2e-01   37  36 -62      72.300     5.371     0.88     1.523   6.116   21  19  55      5      0     4    	IRAS 18267+0016                        
   73	  182917.4+003250  18:29:17.43 +00:32:50.5     0.000   1.31e-02   1.6e-02     0.29   1.15e-01  -1.27e-01 1.6e-01   33  29 -25       0.000   1.44e-01   8.2e-02     0.10   4.11e-01   6.05e-01 3.5e-01   34  20  11      15.910   6.77e-01   1.8e-01     0.24   7.40e-01   1.00e+00 2.6e-01   21  19  41      20.660   1.04e+00   3.5e-01     0.34   1.14e+00   1.30e+00 4.4e-01   31  25  18      25.840   1.18e+00   3.3e-01     0.42  1.48e+00 4.2e-01   53  36  23      52.110     5.797     0.58     1.856  10.050   23  20  19      3      0     0    	[EGE2007] Bolo 18             no SED fit    
   74	  182918.5+003324  18:29:18.56 +00:33:23.5     2.471  -2.16e-02   8.7e-03    -1.30  -2.65e-01   2.24e-02 9.1e-03   73  32  23       7.096   1.28e-01   9.4e-02     0.09   4.12e-01   4.67e-01 3.4e-01   73  17  65      11.170   5.32e-01   1.2e-01     0.18   1.20e+00   2.62e+00 5.8e-01   58  28  69      19.560   1.12e+00   2.9e-01     0.39   1.59e+00   3.12e+00 8.2e-01   50  31  61      26.030   1.28e+00   2.5e-01     0.47  1.80e+00 3.5e-01   47  36  58      32.680     4.237     0.54     2.041   7.868   35  27  34      4      1     2    	[EGE2007] Bolo 18                                 
   75	  182919.0+001834  18:29:19.05 +00:18:33.9     0.000   1.81e-02   1.8e-02     0.39   1.91e-01   1.99e-01 2.0e-01   38  36 -88       7.193   1.82e-01   3.8e-02     0.18   3.91e-01   5.30e-01 1.1e-01   33  14  90      22.300   8.45e-01   9.5e-02     0.48   1.14e+00   1.70e+00 1.9e-01   31  18  87      27.490   1.07e+00   1.1e-01     0.62   1.19e+00   1.46e+00 1.6e-01   32  25  86      16.970   9.13e-01   9.2e-02     0.60  9.01e-01 9.1e-02   37  36  84      56.830     4.997     1.08     1.735   4.635   29  19  89      4      0     2    	2MASS J18291969+0018030                           
   76	  182919.5+005220  18:29:19.52 +00:52:19.7     5.468  -4.92e-02   9.0e-03     2.93  -3.57e-01  -1.41e-01 2.6e-02   42  19 -49       0.000   7.38e-02   3.3e-02     0.08   3.27e-01   2.49e-01 1.1e-01   40  36 -66       6.337   1.99e-01   3.8e-02     0.14   2.60e-01   4.17e-01 8.1e-02   29  18  83       6.705   2.20e-01   4.8e-02     0.16   2.46e-01   3.01e-01 6.5e-02   32  25 -87       0.000   1.31e-01   3.0e-02     0.10  1.27e-01 2.9e-02   38  36  78      10.430     0.837     0.28     0.323   2.983   31  21  79      2      0     0              					  no SED fit    
   77	  182920.3+012201  18:29:20.37 +01:22:01.4     0.000   1.91e-02   1.4e-02     0.73   2.84e-01   7.29e-01 5.2e-01   61  56  45      10.810   2.28e-01   4.5e-02     0.23   7.09e-01   1.30e+00 2.5e-01   53  18 -55      15.490   6.68e-01   6.5e-02     0.37   1.20e+00   2.37e+00 2.3e-01   44  22 -60      16.060   7.48e-01   6.7e-02     0.43   9.38e-01   1.65e+00 1.5e-01   45  25 -54      14.830   6.09e-01   9.0e-02     0.40  8.80e-01 1.3e-01   50  36 -55      25.110     2.387     0.55     1.159   4.368   45  23 -65      4      1     2    	2MASS J18292043+0121036                           
   78	  182920.4+004707  18:29:20.46 +00:47:07.1    12.120   2.60e-01   2.4e-02     5.57   2.83e-01   1.89e-01 1.7e-02    8   8 -42       8.097   2.67e-01   3.0e-02     0.31   3.41e-01   1.85e-01 2.1e-02   16  14  18       0.000   9.29e-02   2.0e-02     0.06   8.92e-02   3.89e-02 8.3e-03   18  18  64       0.000   1.32e-02   1.1e-02     0.01   1.30e-02   2.56e-03 2.2e-03   25  25 -65       0.000   2.86e-02   1.9e-02     0.02  3.32e-03 2.2e-03   36  36 -47       1.635    -0.036    -0.01    -0.011   3.014   22  19  28      2      1     4    	[OMP2009] 94                  no SED fit    
   79	  182925.4-002109  18:29:25.43 -00:21:10.8     0.000   0.00e+00   0.0e+00     0.00   0.00e+00   0.00e+00 0.0e+00    0   0   0       0.000   9.54e-02   5.5e-02     0.07   3.71e-01   4.74e-01 2.7e-01   36  31  47       9.656   2.80e-01   5.6e-02     0.14   3.09e-01   4.10e-01 8.2e-02   22  18 -60       7.480   2.75e-01   6.5e-02     0.14   2.73e-01   3.07e-01 7.2e-02   25  25 -41       7.298   2.57e-01   1.1e-01     0.15  2.65e-01 1.2e-01   36  36  28      14.090     1.174     0.28     0.355   4.145   24  18 -54      3      1     3            						tentative bound 
   80	  182926.7+012018  18:29:26.71 +01:20:18.4     0.000   1.26e-02   1.2e-02     0.52   1.05e-01   9.98e-02 9.9e-02   36  25 -84       0.000   9.31e-02   6.2e-02     0.08   1.22e-01   1.66e-01 1.1e-01   17  14 -40      10.370   2.95e-01   1.9e-01     0.12   3.01e-01   2.68e-01 1.7e-01   20  18 -33       9.033   2.35e-01   2.4e-01     0.09   2.68e-01   3.34e-01 3.4e-01   34  25 -53       6.648   1.45e-01   1.9e-01     0.06  1.10e-01 1.4e-01   48  36 -34      20.580     1.336     0.19     0.378   7.156   21  18 -11      3      1     0            						  no SED fit    
   81	  182927.1+012051  18:29:27.10 +01:20:51.3     4.448  -3.85e-02   8.7e-03     2.36  -4.24e-01   2.16e-01 4.9e-02   83  26 -76       7.627   2.37e-01   5.8e-02     0.21   1.09e+00   2.41e+00 5.9e-01   65  29 -65      10.230   4.02e-01   1.7e-01     0.16   8.58e-01   2.13e+00 8.8e-01   60  26 -58      10.570   5.92e-01   2.1e-01     0.26   9.34e-01   2.65e+00 9.5e-01   66  36 -65      10.400   4.71e-01   1.6e-01     0.23  1.13e+00 3.9e-01   79  37 -56      13.490     1.135     0.16     0.741   6.895   74  32 -77      4      1     1    	[GFM2007] 5                 tentative bound 
   82	  182928.7+002557  18:29:28.69 +00:25:57.2     4.735  -2.58e-02   5.5e-03    -2.50  -2.76e-01  -1.16e-01 2.5e-02   59  27  33       0.000   1.86e-02   2.4e-02     0.02   1.04e-01   6.68e-01 8.5e-01   55  50 -68       0.000   3.12e-01   5.2e-02     0.13   7.84e-01   2.11e+00 3.5e-01   58  36 -77      10.120   8.94e-01   1.1e-01     0.46   1.41e+00   4.11e+00 4.9e-01   55  39 -88      14.780   9.70e-01   2.1e-01     0.46  1.33e+00 2.9e-01   42  36  86      25.430     5.753     1.06     3.712   5.423   45  40  30      2      0     0    	2MASS J18292557+0025269       no SED fit    
   83	  182928.9+012923  18:29:28.96 +01:29:22.6     4.418  -1.85e-02   4.2e-03     2.49  -3.60e-01  -1.79e+00 4.1e-01  189 145  69       0.000   1.33e-01   4.9e-02     0.13   1.00e+00   1.19e+01 4.4e+00  174 157 -89       6.474   4.25e-01   9.0e-02     0.24   1.52e+00   1.60e+01 3.4e+00  145 111 -61       7.571   5.11e-01   9.1e-02     0.30   1.03e+00   1.14e+01 2.0e+00  142 114 -61       8.108   5.27e-01   6.4e-02     0.38  5.69e+00 6.9e-01  133 119  79      11.150     1.744     0.44     1.635   3.940  133 113 -48      3      1     2                            
   84	  182930.0+003056  18:29:30.09 +00:30:56.4     4.709  -1.70e-02   3.6e-03    -2.50  -8.36e-02   8.72e-02 1.9e-02   47  11   1       7.642   1.60e-01   5.3e-02     0.13   7.05e-01   1.34e+00 4.5e-01   54  30  62      13.370   6.63e-01   5.5e-02     0.31   1.27e+00   2.51e+00 2.1e-01   34  29  85      18.240   7.28e-01   8.1e-02     0.32   9.53e-01   1.56e+00 1.7e-01   39  30  57      16.370   6.62e-01   1.2e-01     0.32  8.01e-01 1.4e-01   40  36  47      36.430     3.207     0.51     1.381   6.337   32  24 -36      4      2     2     					        tentative bound 
   85	  182930.4+012207  18:29:30.44 +01:22:06.9     0.000   4.98e-03   1.2e-02     0.21   2.90e-02  -2.72e-01 6.6e-01   43  14   3       0.000   3.23e-02   2.8e-02     0.03   1.25e-01   3.96e-01 3.4e-01   39  29 -64       6.402   2.22e-01   4.4e-02     0.13   3.54e-01   4.61e-01 9.2e-02   31  24 -78       6.505   2.18e-01   7.6e-02     0.13   2.34e-01   2.88e-01 1.0e-01   29  25  47       0.000   8.51e-02   6.5e-02     0.05  2.98e-02 2.3e-02   43  36  34      13.370     1.090     0.25     0.337   4.401   24  18  28      2      1     0    	[GFM2007]         			  no SED fit    
   86	  182930.4+002632  18:29:30.47 +00:26:31.9     0.215  -1.89e-03   8.8e-03    -0.11  -2.05e-03   3.83e-02 1.8e-01    8   8  90       0.000   1.22e-02   3.4e-02     0.01   1.61e-02   2.03e-02 5.6e-02   16  14  11      15.950   2.63e-01   1.3e-01     0.11   2.90e-01   3.01e-01 1.5e-01   22  18  69      42.230   1.01e+00   1.8e-01     0.43   1.12e+00   1.43e+00 2.6e-01   31  25 -84      68.800   1.34e+00   2.2e-01     0.56  1.50e+00 2.5e-01   36  36 -66     134.200    10.390     1.59     4.129   6.530   27  24 -76      3      1     0    	[EGE2007] Bolo 19             no SED fit    
   87	  182931.4+002649  18:29:31.41 +00:26:49.5     0.000   3.25e-03   1.4e-02     0.09   5.32e-02  -1.11e+00 4.7e+00   92  61 -16       0.000   1.05e-01   4.0e-02     0.09   6.55e-01   2.72e+00 1.0e+00   75  60   6      19.770   1.01e+00   1.2e-01     0.43   2.37e+00   6.07e+00 7.4e-01   54  32 -17      49.210   2.40e+00   1.8e-01     0.97   3.58e+00   9.49e+00 7.1e-01   50  35 -18      72.660   2.96e+00   1.9e-01     1.20  6.51e+00 4.1e-01   52  41 -23     210.600    24.230     3.28    13.170   7.382   40  30 -21      3      0     2    	[EGE2007] Bolo 19                                 
   88	  182931.6+011906  18:29:31.68 +01:19:06.1     0.000   1.63e-17   2.2e-02     0.00   4.31e-17   1.39e-03 1.9e+12   16  12  54       0.000   2.97e-16   1.4e-01     0.00   3.23e-16   1.52e-02 7.0e+12   14  14 -54      54.060   2.01e+00   2.6e-01     0.52   2.41e+00   2.85e+00 3.6e-01   25  18  -5     111.100   2.79e+00   2.2e-01     0.71   3.16e+00   4.27e+00 3.3e-01   33  25   4     118.900   3.00e+00   2.3e-01     0.93  3.78e+00 2.9e-01   38  36  69     235.600    16.210     0.95     4.579  17.150   21  18  -5      3      0     2    	ESO-HA 279a                                  
   89	  182931.8+011852  18:29:31.79 +01:18:51.9   113.300   2.73e-01   2.5e-02     1.02   1.25e+00   2.68e+00 2.5e-01   25  15  83     115.400   2.48e+00   1.2e-01     1.43   3.67e+00   5.41e+00 2.5e-01   20  14  57     119.600   4.59e+00   2.0e-01     1.30   4.43e+00   5.50e+00 2.4e-01   18  18  28     141.200   3.90e+00   2.7e-01     1.06   3.94e+00   4.45e+00 3.0e-01   26  25  21     115.600   1.97e+00   2.4e-01     0.64  2.16e+00 2.7e-01   36  36   6     198.500    14.270     0.95     5.202  15.010   33  18   1      5      2     4    	ESO-HA 279a                              
   90	  182931.9+011843  18:29:31.97 +01:18:43.5   239.100   5.38e+00   2.4e-02    77.58   5.85e+00   6.03e+00 2.7e-02    8   8  49     228.400   8.23e+00   2.7e-01     3.90   8.96e+00   7.05e+00 2.3e-01   14  14  10     171.400   5.35e+00   4.3e-01     1.24   5.64e+00   5.96e+00 4.8e-01   21  18 -71     113.300   3.93e+00   3.3e-01     0.90   4.32e+00   4.99e+00 4.2e-01   31  25 -67     101.400   3.93e+00   3.2e-01     1.36  8.46e+00 6.9e-01   57  50 -73      84.290     5.633     0.31     1.814  17.900   23  21  90      5      1     4    	ESO-HA 279a         		  no SED fit    
   91	  182932.3-001831  18:29:32.31 -00:18:32.6     0.000   0.00e+00   0.0e+00     0.00   0.00e+00   0.00e+00 0.0e+00    0   0   0       0.000   1.23e-01   4.2e-02     0.09   7.61e-01   2.10e+00 7.1e-01   66  63  47      10.640   5.56e-01   6.4e-02     0.32   1.32e+00   3.75e+00 4.3e-01   47  35  22      13.890   6.21e-01   7.2e-02     0.35   8.66e-01   1.94e+00 2.2e-01   46  31  11      14.650   6.67e-01   1.1e-01     0.42  1.29e+00 2.2e-01   54  38  31      23.600     2.601     0.77     1.580   3.396   45  35  26      3      0     2                            
   92	  182932.4+011839  18:29:32.39 +01:18:39.0   154.500   1.74e+00   2.5e-02     1.18   5.01e+00   3.69e+00 5.3e-02   19  11 -75     121.300   3.85e+00   2.4e-01     2.33   5.24e+00   5.20e+00 3.3e-01   18  14 -22     120.500   4.45e+00   4.5e-01     1.31   4.27e+00   3.98e+00 4.0e-01   18  18  27      87.020   2.48e+00   3.5e-01     0.74   2.46e+00   2.53e+00 3.6e-01   25  25  28      73.230   1.50e+00   2.6e-01     0.52  1.41e+00 2.5e-01   36  36  15      53.670     5.350     0.43     1.345  12.480   18  18  69      5      0     4    	IRAS 18269+0116                        
   93	  182932.4+003406  18:29:32.41 +00:34:05.8     0.000   1.50e-02   1.9e-02     0.30   2.46e-01  -1.06e+00 1.3e+00   76  68  36       9.848   2.95e-01   1.2e-01     0.22   1.56e+00   3.88e+00 1.6e+00   75  37   1      17.770   7.58e-01   9.7e-02     0.29   1.66e+00   3.25e+00 4.2e-01   58  27   5      22.960   1.05e+00   1.4e-01     0.45   1.62e+00   4.03e+00 5.3e-01   45  43 -54      24.200   8.61e-01   1.4e-01     0.35  1.64e+00 2.7e-01   50  40  87      41.310     3.978     0.57     2.471   7.003   52  33 -83      4      1     2    	2MASS J18293490+0034055                           
   94	  182936.0+011356  18:29:36.04 +01:13:56.5     0.000   1.99e-02   1.5e-02     0.62   2.60e-01   3.74e-01 2.8e-01   54  42  88       0.000   1.71e-01   6.9e-02     0.14   7.87e-01   1.37e+00 5.6e-01   52  33 -42       7.122   3.44e-01   1.0e-01     0.16   5.90e-01   9.78e-01 2.9e-01   43  21 -44      10.570   3.72e-01   1.7e-01     0.18   5.02e-01   8.71e-01 3.9e-01   50  28 -43       7.791   3.55e-01   2.2e-01     0.19  4.39e-01 2.7e-01   49  36 -48      12.120     0.906     0.17     0.438   5.465   46  23 -48      3      0     2    	                           
   95	  182936.6+002452  18:29:36.64 +00:24:52.2     5.737  -1.23e-01   2.1e-02     1.66  -1.29e+00  -4.04e-01 7.0e-02   57  27  54       7.858   1.80e-01   3.6e-02     0.18   7.83e-01   1.68e+00 3.4e-01   54  29 -50      18.410   7.69e-01   7.2e-02     0.44   1.67e+00   3.59e+00 3.4e-01   45  30 -44      25.150   1.07e+00   9.4e-02     0.60   1.44e+00   2.69e+00 2.4e-01   42  30 -38      24.100   9.21e-01   1.6e-01     0.54  1.21e+00 2.0e-01   46  36 -43      50.570     4.535     1.05     2.480   4.314   41  30 -37      4      0     2    	2MASS J18293553+0024259                           
   96	  182937.5+003310  18:29:37.56 +00:33:10.3     6.135  -3.25e-02   5.3e-03    -3.30  -2.06e-01   5.15e-02 8.4e-03   45  15   2       6.193   2.51e-01   7.6e-02     0.21   1.05e+00   1.93e+00 5.8e-01   43  31  65      10.820   4.33e-01   1.0e-01     0.18   7.40e-01   1.34e+00 3.2e-01   40  22  45      14.030   5.22e-01   1.2e-01     0.22   6.37e-01   1.02e+00 2.3e-01   42  25  58      11.630   4.26e-01   1.1e-01     0.19  5.00e-01 1.2e-01   43  36  60      29.580     2.556     0.41     1.338   6.261   41  27  61      5      1     1    	                           
   97	  182938.8+011744  18:29:38.85 +01:17:43.7    12.300  -1.50e-02   1.2e-03    -7.13  -5.81e-02   6.35e-02 5.2e-03   49   9  24       0.000   1.88e-01   7.9e-02     0.14   5.87e-01   6.16e-01 2.6e-01   46  19 -40      16.800   7.05e-01   1.5e-01     0.29   1.12e+00   1.68e+00 3.5e-01   47  18 -47      23.250   9.56e-01   3.2e-01     0.36   1.21e+00   1.62e+00 5.4e-01   48  25 -46      20.020   6.77e-01   4.1e-01     0.25  5.82e-01 3.5e-01   54  36 -45      52.910     4.847     0.57     1.967   8.467   43  18 -46      4      0     2    	[WMW2007] 115                                     
   98	  182940.9+004051  18:29:40.91 +00:40:51.2     0.000   8.24e-03   1.6e-02     0.16   1.35e-01  -9.46e-01 1.9e+00   81  65  -2       0.000   8.59e-02   4.5e-02     0.07   5.59e-01   2.09e+00 1.1e+00   74  73   5       6.074   2.46e-01   8.1e-02     0.10   4.53e-01   8.88e-01 2.9e-01   55  21 -57       7.276   2.92e-01   7.9e-02     0.12   3.76e-01   6.72e-01 1.8e-01   52  25 -54       6.843   2.76e-01   6.8e-02     0.12  4.72e-01 1.2e-01   56  36 -54      12.180     1.251     0.20     0.647   6.179   47  25 -54      3      0     3    	[HL2013] 277.41710+00.68849 tentative bound 
   99	  182940.9+003203  18:29:40.91 +00:32:02.5     0.000   4.28e-03   1.7e-02     0.08   5.43e-02  -4.02e-01 1.6e+00   55  39  -9       0.000   1.22e-01   3.9e-02     0.10   4.35e-01   5.55e-01 1.8e-01   38  26  73       8.994   3.06e-01   5.7e-02     0.15   4.50e-01   6.59e-01 1.2e-01   34  19  73       7.648   2.81e-01   7.7e-02     0.14   3.35e-01   4.12e-01 1.1e-01   39  25  84       0.000   1.76e-01   6.2e-02     0.08  1.24e-01 4.4e-02   39  36  83      12.330     0.940     0.19     0.345   4.930   34  18  77      2      1     0            						  no SED fit    
  100	  182942.6+011900  18:29:42.63 +01:19:00.5     6.916  -3.61e-02   5.2e-03     3.72  -2.76e-01  -9.27e-02 1.3e-02   39  21 -36       0.000   1.69e-01   4.3e-02     0.13   6.62e-01   6.55e-01 1.7e-01   39  30 -35      12.010   4.01e-01   1.0e-01     0.17   5.26e-01   6.96e-01 1.8e-01   30  18 -30      12.840   5.77e-01   2.4e-01     0.25   6.75e-01   8.75e-01 3.6e-01   36  25 -31       8.308   2.13e-01   2.4e-01     0.08  1.62e-01 1.9e-01   50  36 -40      16.670     1.416     0.21     0.503   6.748   32  18 -40      3      2     0    	NVSS J182944+011920           no SED fit    
  101	  182942.8+003625  18:29:42.80 +00:36:25.2     0.276  -3.19e-03   1.2e-02    -0.13  -4.87e-02   1.18e-01 4.3e-01  110  45 -59       8.220   2.33e-01   7.8e-02     0.18   1.46e+00   7.41e+00 2.5e+00   91  54  -4      16.550   1.22e+00   1.3e-01     0.55   3.35e+00   1.18e+01 1.3e+00   54  47  20      30.240   1.98e+00   1.9e-01     0.85   3.19e+00   9.93e+00 9.5e-01   50  45   6      37.510   2.01e+00   1.6e-01     0.86  4.94e+00 4.0e-01   50  46   5      82.180    11.030     1.52     7.305   7.275   48  41 -42      4      1     2    	[EGE2007] Bolo 21                        
  102	  182943.7+002718  18:29:43.78 +00:27:18.1     0.000   6.15e-03   1.6e-02     0.14   8.79e-02  -5.30e-01 1.3e+00   56  53   9       0.000   1.03e-01   3.8e-02     0.09   5.47e-01   1.24e+00 4.6e-01   52  46 -62       0.000   1.53e-01   6.8e-02     0.08   3.36e-01   8.02e-01 3.6e-01   39  35 -84       7.269   2.60e-01   1.2e-01     0.14   3.24e-01   5.61e-01 2.5e-01   45  25   0       8.311   2.21e-01   1.3e-01     0.13  2.70e-01 1.5e-01   36  36  23      13.280     1.122     0.25     0.525   4.559   32  27 -11      2      0     0            						  no SED fit    
  103	  182944.3+010454  18:29:44.34 +01:04:53.6    25.530   6.02e-01   2.9e-02     9.67   6.56e-01   7.43e-01 3.6e-02    8   8  39       0.000   1.18e-01   3.8e-02     0.09   1.41e-01   5.24e-02 1.7e-02   15  14  37       0.000   3.60e-02   3.3e-02     0.02   3.45e-02   3.71e-03 3.4e-03   18  18  38       0.274  -1.06e-02   3.9e-02    -0.01  -1.23e-02  -4.66e-03 1.7e-02   34  26 -21       0.000   1.58e-03   1.2e-01     0.00 -3.73e-04 2.8e-02   36  36  90       0.422    -0.025    -0.01    -0.008   4.230   26  18  19      1      1     4    							      no SED fit    
  104	  182944.5+011025  18:29:44.56 +01:10:24.5     0.000   3.89e-02   1.9e-02     0.60   5.45e-01  -1.09e-02 5.3e-03   54  51  51       0.000   6.63e-02   5.7e-02     0.05   3.79e-01   4.95e-01 4.3e-01   60  50 -81       0.000   1.82e-01   7.6e-02     0.08   3.98e-01   5.59e-01 2.3e-01   52  28  69       6.353   2.41e-01   9.7e-02     0.12   3.21e-01   5.03e-01 2.0e-01   54  26  63       6.045   2.53e-01   1.6e-01     0.13  3.10e-01 1.9e-01   52  37  80       8.937     0.701     0.13     0.326   5.399   50  21  54      2      0     0    	SSTc2d J182944.6+011006       no SED fit    
  105	  182947.1+011249  18:29:47.16 +01:12:49.0     7.049  -6.36e-02   9.0e-03     3.55  -1.88e-01  -8.03e-02 1.1e-02   24  10 -17       6.201   2.00e-01   1.5e-01     0.14   3.23e-01   2.50e-01 1.9e-01   22  14  26      14.200   4.02e-01   2.0e-01     0.15   4.53e-01   3.17e-01 1.6e-01   23  18   1      10.840   1.14e-01   2.7e-01     0.04   1.15e-01  -1.26e-01 2.9e-01   26  25 -12       1.023  -3.47e-01   3.4e-01    -0.12 -5.98e-01 5.8e-01   55  39 -53      14.430     0.923     0.11     0.275   8.403   23  18   1      2      2     0    	[K99d] YSO 7                  no SED fit    
  106	  182947.4+003608  18:29:47.45 +00:36:08.4     0.000   1.32e-02   1.4e-02     0.33   1.87e-01   4.99e-01 5.3e-01   61  48  24       0.000   3.04e-01   1.2e-01     0.20   1.57e+00   4.20e+00 1.6e+00   49  45  76       6.917   7.15e-01   2.6e-01     0.25   1.81e+00   4.24e+00 1.5e+00   50  39  -9      11.880   1.06e+00   2.8e-01     0.34   1.58e+00   3.31e+00 8.9e-01   46  37 -18      14.450   1.12e+00   1.8e-01     0.37  1.83e+00 3.0e-01   52  36 -58      25.940     4.603     0.45     2.945  10.280   51  36 -20      3      2     2    	                           
  107	  182948.0+011644  18:29:48.00 +01:16:44.3   529.900   1.17e+01   1.9e-01    27.90   1.29e+01   1.47e+01 2.4e-01    9   8  70    1893.000   7.53e+01   2.2e+00     7.62   8.21e+01   6.31e+01 1.8e+00   14  14  24    1562.000   5.97e+01   3.7e+00     4.69   5.73e+01   5.94e+01 3.7e+00   18  18 -75    1116.000   4.22e+01   2.0e+00     3.53   4.18e+01   4.33e+01 2.1e+00   25  25 -82     850.600   2.43e+01   2.1e+00     2.56  2.34e+01 2.0e+00   36  36 -90    1374.000    81.880     1.32    26.490  62.090   24  20 -82      5      0     4    	SH 2-68 N                                           
  108	  182948.2+003959  18:29:48.26 +00:39:58.8     0.000   6.40e-03   1.4e-02     0.15   9.03e-02   8.59e-02 1.8e-01   68  44 -45       0.000   1.36e-01   4.2e-02     0.11   6.89e-01   1.05e+00 3.2e-01   57  38 -40       8.531   3.10e-01   1.3e-01     0.14   4.83e-01   8.22e-01 3.6e-01   44  18 -14      10.530   4.02e-01   1.7e-01     0.18   5.02e-01   8.21e-01 3.5e-01   46  25 -15       9.219   3.54e-01   1.4e-01     0.18  4.58e-01 1.8e-01   41  36 -46      18.180     1.447     0.24     0.592   6.013   43  18  -8      3      1     2    	2MASS J18294727+0039555                           
  109	  182948.8+011656  18:29:48.80 +01:16:56.3    36.330   1.45e+00   1.7e-01     6.52   1.95e+00   2.20e+00 2.5e-01   11   8   0     158.100   1.65e+01   1.9e+00     3.07   1.80e+01   1.55e+01 1.8e+00   14  14 -68     524.600   1.72e+01   3.2e+00     1.65   1.65e+01   1.75e+01 3.2e+00   18  18 -88     646.900   1.15e+01   1.9e+00     1.08   1.14e+01   1.17e+01 2.0e+00   25  25 -79     668.000   6.91e+00   1.9e+00     0.81  6.99e+00 1.9e+00   36  36 -69     744.600    36.290     0.60    12.350  60.000   29  18 -88      5      1     4    	[FJD2019] 13                             
  110	  182949.1+011620  18:29:49.09 +01:16:20.4   802.900   1.75e+01   1.8e-01    14.39   2.51e+01   2.18e+01 2.3e-01   11   8  69     716.500   2.86e+01   2.0e+00     3.25   3.12e+01   2.82e+01 1.9e+00   14  14  -5     438.100   1.77e+01   3.6e+00     1.18   1.81e+01   1.85e+01 3.8e+00   20  18 -28     120.100   1.13e+01   2.2e+00     0.80   1.15e+01   1.22e+01 2.4e+00   26  25   9      95.680   9.85e+00   2.3e+00     0.83  1.02e+01 2.3e+00   37  36  35       0.000     5.910     0.10     1.908  60.300   26  18 -60      5      2     4    	                             
  111	  182949.6+011706  18:29:49.59 +01:17:05.6    60.630   1.50e+00   4.6e-02    11.53   1.70e+00   1.69e+00 5.2e-02    9   8 -27      50.010   3.64e+00   9.3e-01     0.80   4.26e+00   3.67e+00 9.4e-01   15  14  80      85.770   6.23e+00   1.7e+00     0.69   7.02e+00   8.78e+00 2.4e+00   23  19 -65     153.800   8.87e+00   1.9e+00     0.93   9.07e+00   1.07e+01 2.3e+00   26  25 -71     291.200   8.31e+00   1.9e+00     1.10  9.42e+00 2.2e+00   37  36 -71     307.200    19.340     0.34     6.935  56.360   26  21 -51      5      0     4    	                                
  112	  182949.7+011521  18:29:49.74 +01:15:20.8  7749.000   1.42e+02   1.2e-01   290.76   1.55e+02   2.55e+02 2.2e-01    8   8 -19    13290.000   4.66e+02   1.5e+00    49.28   5.08e+02   5.80e+02 1.9e+00   14  14   5    7626.000   2.32e+02   3.9e+00     8.79   2.22e+02   2.38e+02 4.0e+00   18  18 -59    3552.000   1.23e+02   2.4e+00     6.16   1.22e+02   1.22e+02 2.4e+00   25  25 -47    1803.000   5.52e+01   2.4e+00     3.72  5.51e+01 2.4e+00   36  36  80    1793.000   117.900     2.45    41.590  48.180   28  20 -67      5      1    4    	NAME Serpens SMM 1b                          
  113	  182950.4+002152  18:29:50.44 +00:21:52.2     0.000   7.29e-03   1.5e-02     0.19   9.49e-02   2.13e-01 4.4e-01   52  44  30       0.000   1.28e-01   4.5e-02     0.12   5.62e-01   1.10e+00 3.8e-01   44  33 -63       6.052   2.59e-01   5.6e-02     0.15   4.34e-01   7.28e-01 1.6e-01   41  21  -9       7.833   3.56e-01   6.1e-02     0.22   4.38e-01   6.92e-01 1.2e-01   39  26 -15       7.835   2.85e-01   4.8e-02     0.19  3.40e-01 5.8e-02   42  36 -18      12.440     1.194     0.32     0.539   3.773   39  22 -16      3      0     2                            
  114	  182950.8+003625  18:29:50.84 +00:36:24.6     0.000   3.74e-02   2.1e-02     0.51   3.93e-01   5.01e-01 2.9e-01   39  35  40       0.000   4.39e-01   1.4e-01     0.24   1.38e+00   2.69e+00 8.6e-01   37  21   9      21.960   1.21e+00   2.9e-01     0.37   1.69e+00   2.21e+00 5.3e-01   34  18   5      27.340   1.63e+00   2.8e-01     0.46   1.84e+00   2.22e+00 3.8e-01   33  25  26      38.060   1.70e+00   2.0e-01     0.54  2.01e+00 2.4e-01   44  36  27      92.650     7.802     0.63     2.906  12.430   34  18  14      3      0     2    	IRAS 18273+0034                        
  115	  182950.8+004714  18:29:50.87 +00:47:14.1    18.470  -4.32e-02   2.3e-03    -9.95  -4.87e-01  -1.56e-01 8.5e-03   59  30  41       0.000   1.08e-01   4.2e-02     0.09   6.17e-01   1.34e+00 5.1e-01   74  44 -61       6.183   2.57e-01   5.5e-02     0.14   4.45e-01   8.16e-01 1.8e-01   50  20 -42       6.331   2.84e-01   6.7e-02     0.16   3.67e-01   7.01e-01 1.7e-01   53  25 -50       6.632   2.60e-01   5.8e-02     0.17  4.25e-01 9.5e-02   58  36 -52       9.974     0.897     0.22     0.379   4.042   48  18 -45      3      1     2                            
  116	  182951.1+011641  18:29:51.19 +01:16:41.3   379.500   8.54e+00   7.7e-02    34.36   9.46e+00   9.60e+00 8.7e-02    9   8 -22     636.700   2.51e+01   1.4e+00     5.22   2.74e+01   1.97e+01 1.1e+00   14  14 -41     591.000   1.78e+01   3.3e+00     1.80   1.75e+01   1.84e+01 3.4e+00   19  18 -61     359.000   1.47e+01   2.2e+00     1.35   1.46e+01   1.48e+01 2.2e+00   25  25 -64      87.880   7.41e+00   2.3e+00     0.71  6.79e+00 2.1e+00   36  36 -61     334.900    27.260     0.58     9.497  46.930   25  21 -68      5      1     4    	                           
  117	  182951.2+011926  18:29:51.21 +01:19:26.3     0.000   3.41e-02   2.0e-02     0.62   2.91e-01   1.79e-02 1.1e-02   35  26  78       0.000   9.67e-02   4.7e-02     0.07   2.86e-01   2.17e-01 1.0e-01   39  19  81       7.381   2.38e-01   1.0e-01     0.09   3.66e-01   4.27e-01 1.9e-01   37  20  69       7.440   2.38e-01   1.7e-01     0.09   3.04e-01   3.35e-01 2.4e-01   38  29 -46       0.000   1.38e-01   1.0e-01     0.05  9.84e-02 7.3e-02   37  36  47       8.109     0.588     0.09     0.296   6.630   32  31  82      2      0     0    	GBS-VLA J182949.50+011955.8   no SED fit    
  118	  182951.5+011753  18:29:51.51 +01:17:52.7     0.000   7.48e-20   8.3e-03     0.00   8.14e-20   7.46e-02 8.3e+15    8   8  76       0.000   1.73e-01   2.5e-01     0.08   4.42e-01   6.34e-01 9.4e-01   26  21 -52      24.670   9.30e-01   4.5e-01     0.21   1.21e+00   1.22e+00 5.9e-01   29  18 -76      31.670   1.48e+00   9.3e-01     0.29   1.66e+00   1.71e+00 1.1e+00   33  25  22       0.000   2.60e-01   4.4e-01     0.04  9.68e-02 1.7e-01   36  36 -14      55.500     5.457     0.29     1.612  18.700   23  18 -80      2      0     0    					              no SED fit    
  119	  182951.6+004228  18:29:51.60 +00:42:27.8     0.000   4.90e-02   2.0e-02     0.61   5.16e-01  -4.16e-02 1.7e-02   40  34 -70       0.000   1.01e-01   4.7e-02     0.08   2.31e-01   3.11e-01 1.4e-01   24  19 -27       6.503   2.00e-01   7.1e-02     0.10   1.92e-01   2.30e-01 8.1e-02   18  18 -50       7.181   2.22e-01   9.3e-02     0.10   2.21e-01   2.28e-01 9.5e-02   25  25 -72       0.000   1.28e-01   8.9e-02     0.06  7.93e-02 5.5e-02   36  36 -80       7.838     0.766     0.15     0.255   5.169   25  20  89      2      0     0              					  no SED fit    
  120	  182952.2+011547  18:29:52.19 +01:15:47.4   389.300   8.77e+00   1.0e-01    21.81   9.75e+00   1.10e+01 1.3e-01    9   8  19     372.000   1.41e+01   1.5e+00     2.14   1.53e+01   1.31e+01 1.4e+00   14  14  -1     346.200   1.04e+01   3.6e+00     0.77   1.17e+01   9.58e+00 3.4e+00   23  18  80     256.200   1.05e+01   2.7e+00     0.82   1.22e+01   1.45e+01 3.8e+00   35  25 -79       0.000   9.66e-02   1.5e+00     0.01  5.80e-02 9.0e-01   36  36  59     219.300    17.220     0.37     5.784  46.090   28  18  74      4      1     4    	NAME Serpens SMM 10 IR                              
  121	  182952.8+011456  18:29:52.85 +01:14:56.2   278.800   6.20e+00   1.0e-01    19.54   6.76e+00   7.61e+00 1.3e-01    8   8   7     281.200   1.13e+01   1.1e+00     2.27   1.23e+01   9.76e+00 9.5e-01   14  14  25     185.500   5.28e+00   1.9e+00     0.53   6.82e+00   5.15e+00 1.9e+00   26  20 -71      70.590   3.16e+00   2.1e+00     0.31   3.55e+00   4.19e+00 2.8e+00   33  25  35       0.000   4.81e-01   1.5e+00     0.04  1.38e-01 4.2e-01   55  39 -87       1.005    -2.278    -0.08    -1.138  26.830   33  30 -61      4      1     4    	                         
  122	  182953.0+001747  18:29:53.04 +00:17:47.4     0.000   2.36e-02   1.8e-02     0.35   3.06e-01  -1.62e-01 1.2e-01   48  46  16       0.000   1.44e-01   4.6e-02     0.12   6.04e-01   7.73e-01 2.5e-01   42  31  -1       6.776   2.91e-01   8.0e-02     0.17   4.59e-01   7.01e-01 1.9e-01   34  22  -9       6.662   2.64e-01   6.6e-02     0.17   3.17e-01   4.42e-01 1.1e-01   40  25 -12       0.000   1.78e-01   5.6e-02     0.11  1.82e-01 5.7e-02   40  36  -3       9.261     0.716     0.21     0.289   3.444   35  20 -19      2      1     0     				              no SED fit    
  123	  182954.1+011400  18:29:54.15 +01:14:00.2     1.325  -3.02e-02   2.3e-02    -0.25  -1.06e-01  -2.59e-01 2.0e-01   39   8 -67       0.000   8.13e-01   6.7e-01     0.15   3.26e+00   6.85e+00 5.6e+00   41  30  -3     100.800   5.99e+00   1.8e+00     0.84   9.26e+00   1.39e+01 4.2e+00   26  26 -29     130.300   6.82e+00   2.2e+00     0.81   6.77e+00   8.03e+00 2.6e+00   25  25   9      79.330   5.35e+00   1.4e+00     0.67  5.73e+00 1.5e+00   37  36  59     366.800    31.300     1.04    10.260  30.200   27  18 -10      3      1     2    	PLCKERC -070 G031.58+05.35                          
  124	  182954.3+003601  18:29:54.38 +00:36:01.0    25.810   5.58e-01   3.8e-02     6.23   6.42e-01   7.34e-01 4.9e-02    9   8  76     108.000   4.56e+00   2.6e-01     2.21   7.20e+00   5.40e+00 3.1e-01   22  14 -32     131.300   4.95e+00   4.7e-01     1.33   5.09e+00   5.26e+00 5.0e-01   20  18 -53     101.700   3.63e+00   5.7e-01     1.03   3.60e+00   3.70e+00 5.9e-01   25  25 -85      78.270   2.09e+00   5.2e-01     0.72  1.89e+00 4.7e-01   36  36  84     153.200    10.900     0.97     3.394  11.210   25  18 -78      5      0     4    	2MASS J18295434+0036014                             
  125	  182955.1-002532  18:29:55.12 -00:25:33.7     0.000   0.00e+00   0.0e+00     0.00   0.00e+00   0.00e+00 0.0e+00    0   0   0       0.000   1.85e-01   6.4e-02     0.14   1.13e+00   1.38e+00 4.8e-01   66  60  64       6.885   3.34e-01   6.0e-02     0.22   7.43e-01   1.80e+00 3.3e-01   53  29  51       8.917   3.97e-01   5.2e-02     0.27   5.50e-01   1.20e+00 1.6e-01   50  29  53       8.837   3.58e-01   5.1e-02     0.28  6.15e-01 8.7e-02   52  36  54      14.560     1.380     0.52     0.796   2.679   52  29  49      3      1     2                            
  126	  182955.3+004940  18:29:55.38 +00:49:39.6   110.200   2.51e+00   2.4e-02    24.88   2.73e+00   2.71e+00 2.6e-02    8   8  43      67.210   2.42e+00   3.9e-02     2.18   2.63e+00   1.92e+00 3.1e-02   14  14  88      48.120   1.39e+00   2.9e-02     0.82   1.33e+00   1.20e+00 2.5e-02   18  18  -1      27.720   8.56e-01   3.4e-02     0.55   8.49e-01   7.48e-01 2.9e-02   25  25 -43      15.320   4.66e-01   4.0e-02     0.34  3.51e-01 3.0e-02   36  36 -57      26.010     1.650     0.51     0.509   3.241   22  20 -73      5      2     4    	                         
  127	  182956.6+011310  18:29:56.69 +01:13:10.1     0.000   1.10e-01   9.3e-02     0.22   9.53e-01   1.91e+00 1.6e+00   33  28 -73     493.500   1.86e+01   3.0e+00     1.72   3.06e+01   2.60e+01 4.2e+00   23  14 -36    1126.000   4.56e+01   1.8e+00     3.94   4.92e+01   5.86e+01 2.3e+00   22  18  43    1031.000   4.19e+01   1.8e+00     4.35   4.15e+01   4.65e+01 2.0e+00   25  25  72     478.800   2.82e+01   1.2e+00     3.87  2.89e+01 1.2e+00   36  36  75    2316.000   170.600     3.88    44.240  43.940   19  18  55      4      1     2    	                         
  128	  182957.5+011300  18:29:57.59 +01:12:59.7   295.200   6.77e+00   2.6e-01    10.63   7.73e+00   8.52e+00 3.2e-01    9   8  69     316.400   1.21e+01   2.8e+00     0.86   1.80e+01   1.01e+01 2.3e+00   20  14 -48     322.600   1.29e+01   3.7e+00     0.55   1.25e+01   2.00e+01 5.7e+00   19  18 -28     447.500   2.37e+01   2.7e+00     1.67   2.63e+01   3.38e+01 3.8e+00   31  26 -38     451.500   2.05e+01   2.4e+00     2.28  2.74e+01 3.2e+00   42  36 -23     477.200    19.740     0.27     6.285  72.450   26  18  63      5      1     4    	2MASS J18295760+0113004                             
  129	  182957.8+010556  18:29:57.80 +01:05:56.2     0.000   3.62e-02   2.2e-02     0.33   2.81e-01   1.02e-01 6.1e-02   33  24  19       8.611   1.87e-01   6.3e-02     0.11   5.35e-01   6.91e-01 2.3e-01   29  23   0       9.718   3.54e-01   9.1e-02     0.12   4.57e-01   5.32e-01 1.4e-01   29  18 -36       7.453   2.26e-01   9.8e-02     0.08   2.32e-01   2.20e-01 9.5e-02   27  25 -44       0.000   1.42e-02   1.2e-01     0.01 -2.09e-03 1.7e-02   36  36 -14       8.495     0.773     0.12     0.210   6.362   20  18 -46      3      2     3                            
  130	  182958.5+001600  18:29:58.49 +00:16:00.0     0.000   4.52e-03   1.5e-02     0.08   6.23e-02  -1.34e-01 4.4e-01   66  43 -23       0.000   1.72e-01   4.1e-02     0.14   6.98e-01   1.10e+00 2.6e-01   45  28  38       6.248   2.66e-01   7.9e-02     0.17   4.96e-01   9.72e-01 2.9e-01   38  26  30       6.582   2.40e-01   7.5e-02     0.16   3.05e-01   5.08e-01 1.6e-01   38  29  20       0.000   1.76e-01   6.3e-02     0.11  2.05e-01 7.4e-02   47  36  34       7.478     0.674     0.22     0.298   3.082   34  24  24      2      0     0              					  no SED fit    
  131	  182958.7+011427  18:29:58.78 +01:14:26.5   112.300   2.65e+00   4.0e-01     2.51   2.89e+00   2.75e+00 4.2e-01    8   8  10     195.700   1.26e+01   2.0e+00     1.00   1.60e+01   1.98e+01 3.1e+00   16  14 -14     224.900   1.73e+01   3.1e+00     1.03   1.66e+01   1.68e+01 3.1e+00   18  18 -46     268.400   1.08e+01   2.2e+00     0.81   1.07e+01   1.10e+01 2.3e+00   25  25 -11     234.900   5.97e+00   2.2e+00     0.59  6.60e+00 2.4e+00   36  36 -89      18.400     7.206     0.18     2.378  39.230   27  18  26      5      1     4    	                         
  132	  182959.0+011318  18:29:59.00 +01:13:17.8   148.900   3.29e+00   6.9e-01     0.92   9.86e+00   1.21e+01 2.5e+00   19  12 -50     398.000   1.99e+01   3.1e+00     1.57   3.62e+01   4.31e+01 6.6e+00   25  14 -70     385.900   3.17e+01   1.9e+00     2.44   4.33e+01   5.33e+01 3.1e+00   25  22 -18     288.200   2.20e+01   1.7e+00     2.07   2.22e+01   2.70e+01 2.1e+00   26  25   0     405.400   1.69e+01   1.1e+00     2.19  1.75e+01 1.2e+00   36  36 -35      98.370    34.670     0.98    11.290  35.460   27  18  -1      5      1     4    	[LFS2014] S13                                       
  133	  182959.3+011400  18:29:59.35 +01:14:00.2   292.600   6.76e+00   5.4e-01     6.85   7.36e+00   7.73e+00 6.2e-01    8   8 -40    1006.000   4.35e+01   2.8e+00     2.97   5.49e+01   4.15e+01 2.7e+00   16  14 -55     996.400   4.18e+01   3.6e+00     2.04   4.43e+01   4.46e+01 3.8e+00   21  18  89     657.300   3.14e+01   2.4e+00     2.40   3.16e+01   3.50e+01 2.7e+00   26  25  70     463.100   1.70e+01   2.1e+00     1.69  1.69e+01 2.1e+00   36  36  84     787.500    51.160     1.06    15.610  48.440   24  18 -83      5      0     4    	                         
  134	  182959.5+011020  18:29:59.56 +01:10:19.8     0.000   7.62e-04   7.5e-03     0.06   8.30e-04  -5.91e-02 5.8e-01    8   8  90       6.691   2.46e-01   1.4e-01     0.10   6.24e-01   7.70e-01 4.4e-01   39  16 -87      33.940   1.54e+00   2.7e-01     0.27   2.57e+00   4.01e+00 7.0e-01   39  21  88      58.330   2.52e+00   5.6e-01     0.43   3.03e+00   4.62e+00 1.0e+00   40  25 -81      53.890   3.60e+00   4.6e-01     0.75  4.43e+00 5.7e-01   41  38 -41     137.800    14.140     0.50     5.346  28.440   35  19  87      4      0     2    	JCMTSF J183000.2+011021                             
  135	  182959.5+011200  18:29:59.58 +01:11:59.6   265.500   5.82e+00   9.7e-02    26.17   6.34e+00   7.18e+00 1.2e-01    8   8  24     277.700   1.10e+01   1.5e+00     2.29   1.19e+01   9.74e+00 1.3e+00   14  14 -14      90.630   3.73e+00   1.7e+00     0.33   4.28e+00   3.76e+00 1.7e+00   24  18 -68      72.720   2.97e+00   1.6e+00     0.25   4.07e+00   7.81e+00 4.3e+00   41  32 -53      89.550   7.71e+00   1.7e+00     1.06  1.53e+01 3.4e+00   54  45 -82       1.677    -9.232    -0.20    -2.954  45.380   24  20 -12      5      2     4    						          no SED fit    
  136	  183000.2+011302  18:30:00.25 +01:13:02.2   312.100   3.87e+00   1.9e-01     7.14   6.33e+00   1.09e+01 5.4e-01   11  10 -20     618.500   2.33e+01   3.0e+00     2.44   3.71e+01   3.83e+01 5.0e+00   22  14   0     627.500   2.73e+01   3.2e+00     1.68   2.73e+01   3.05e+01 3.6e+00   19  18 -45     474.400   2.37e+01   2.3e+00     2.00   2.58e+01   3.06e+01 2.9e+00   30  25 -68     364.600   1.64e+01   2.0e+00     1.92  1.81e+01 2.2e+00   36  36 -83     439.500    23.010     0.33     7.005  70.790   24  18  51      5      1     4    	Ser A 7                                     
  137	  183000.4+011141  18:30:00.46 +01:11:40.5     0.000   1.87e-02   2.2e-02     0.25   1.50e-01   2.27e+00 2.6e+00   40  22  38      78.340   2.91e+00   7.5e-01     0.73   5.79e+00   6.73e+00 1.7e+00   25  16 -55     238.600   9.98e+00   1.2e+00     1.28   1.10e+01   1.41e+01 1.6e+00   22  18  61     249.800   1.30e+01   8.7e-01     2.24   1.44e+01   1.96e+01 1.3e+00   29  27  46     152.000   1.10e+01   9.8e-01     2.09  1.17e+01 1.0e+00   36  36  29     739.800    65.350     1.84    20.060  35.610   24  18  72      4      2     2    	SSTc2d J182959.5+011159                            
  138	  183000.4+010626  18:30:00.47 +01:06:26.1     0.109  -1.65e-03   1.5e-02    -0.03  -5.42e-03   1.43e-01 1.3e+00   34   8  51       0.000   1.89e-01   6.2e-02     0.09   6.20e-01   8.12e-01 2.7e-01   34  25 -66       8.017   2.61e-01   8.3e-02     0.07   3.42e-01   4.19e-01 1.3e-01   27  20 -54       7.696   2.07e-01   1.0e-01     0.06   2.12e-01   1.83e-01 9.1e-02   26  25 -76       0.000   1.81e-01   1.5e-01     0.05  9.96e-02 8.5e-02   38  36 -89      14.240     0.968     0.11     0.346   8.993   27  21  90      2      3     0            						  no SED fit    
  139	  183001.1+010918  18:30:01.17 +01:09:18.4     0.000   2.21e-03   1.5e-02     0.06   8.91e-03  -1.28e-01 8.5e-01   59   8  24      12.290   2.70e-01   7.0e-02     0.13   7.34e-01   9.20e-01 2.4e-01   35  18 -76      36.240   1.72e+00   2.2e-01     0.38   2.58e+00   3.54e+00 4.5e-01   40  18 -65      44.000   2.06e+00   4.0e-01     0.42   2.53e+00   2.81e+00 5.5e-01   42  25 -68      26.080   2.59e+00   3.9e-01     0.68  3.93e+00 5.9e-01   48  36 -68      93.840     7.462     0.40     2.985  18.520   42  18 -64      4      0     0    	SSTc2d J183000.3+010944       no SED fit    
  140	  183001.9+011514  18:30:01.96 +01:15:14.0     0.000   1.26e-02   2.2e-02     0.17   1.07e-01   1.61e-01 2.7e-01   35  26  76      31.690   1.13e+00   5.2e-01     0.25   1.24e+00   4.53e-01 2.1e-01   14  14  -8      85.100   3.86e+00   1.0e+00     0.68   3.84e+00   4.69e+00 1.2e+00   19  18  59      49.860   2.26e+00   1.2e+00     0.32   2.55e+00   2.60e+00 1.4e+00   33  25 -11      32.800   2.25e+00   1.3e+00     0.42  2.62e+00 1.5e+00   36  36  22     134.700    14.290     0.75     4.132  19.150   20  20 -17      4      0     0    	2MASS J18300153+0115150       no SED fit    
  141	  183002.4+012405  18:30:02.45 +01:24:05.5    12.100   2.83e-01   2.4e-02     6.79   3.31e-01   3.20e-01 2.7e-02    9   8   9      12.310   4.60e-01   4.6e-02     0.44   5.01e-01   3.16e-01 3.2e-02   14  14 -14       6.446   1.70e-01   3.9e-02     0.10   1.63e-01   1.13e-01 2.6e-02   18  18 -64       0.000   3.45e-02   2.5e-02     0.02   3.42e-02   1.18e-02 8.5e-03   25  25  53       0.000   6.18e-03   6.6e-02     0.00  1.57e-03 1.7e-02   36  36 -89       1.101    -0.042    -0.01    -0.016   3.110   27  23  46      3      1     4    	[HL2013] 277.51006+01.40167   no SED fit    
  142	  183002.6+011229  18:30:02.68 +01:12:28.9   268.700   5.94e+00   4.4e-02    30.58   6.47e+00   7.82e+00 5.7e-02    8   8  61     273.000   9.72e+00   1.1e+00     2.07   1.09e+01   8.88e+00 1.0e+00   14  14  30     157.000   4.65e+00   1.7e+00     0.47   5.94e+00   4.99e+00 1.9e+00   27  19  15      34.950   1.82e+00   1.6e+00     0.17   2.47e+00   3.46e+00 3.0e+00   40  32 -45      15.070   5.16e+00   1.6e+00     0.65  5.50e+00 1.7e+00   42  36  75       1.676    -6.753    -0.15    -2.703  44.200   27  24  48      5      1     4    	[LFS2014] S18                 no SED fit    
  143	  183002.9+011217  18:30:02.90 +01:12:16.6     0.000   1.32e-01   4.9e-02     0.49   3.78e-01   4.06e+00 1.5e+00   17  12  86      65.400   2.04e+00   6.2e-01     0.45   3.33e+00   7.10e+00 2.2e+00   23  14  28     123.400   5.11e+00   1.3e+00     0.57   5.78e+00   6.06e+00 1.5e+00   23  19 -54      46.280   5.26e+00   8.7e-01     0.80   5.96e+00   7.22e+00 1.2e+00   33  25 -80      12.500   5.96e+00   9.9e-01     1.19  8.50e+00 1.4e+00   53  36 -87     123.800    14.170     0.45     3.562  31.380   18  18 -33      4      1     0    	2MASS J18300274+0112280       no SED fit    
  144	  183003.3+003619  18:30:03.36 +00:36:19.4     0.000   2.07e-02   2.0e-02     0.32   2.77e-01  -3.35e-01 3.2e-01   57  43  31       0.000   1.78e-01   3.4e-02     0.14   8.26e-01   1.74e+00 3.4e-01   53  33 -62       6.171   2.00e-01   7.0e-02     0.10   3.50e-01   5.88e-01 2.1e-01   52  20 -59      10.700   3.72e-01   1.1e-01     0.20   4.69e-01   7.29e-01 2.2e-01   47  25 -57       6.857   2.75e-01   9.1e-02     0.16  3.15e-01 1.0e-01   56  36 -54      11.110     0.970     0.22     0.477   4.327   51  22 -57      3      0     2    	2MASS J18300528+0036465                           
  145	  183004.1+011036  18:30:04.09 +01:10:36.3     0.000   1.64e-02   2.0e-02     0.30   1.61e-01  -2.01e-02 2.4e-02   39  31  73      16.290   3.80e-01   1.7e-01     0.14   9.04e-01   1.31e+00 6.0e-01   35  16 -60      29.250   1.21e+00   2.8e-01     0.23   1.85e+00   2.65e+00 6.1e-01   39  19 -71      31.490   1.40e+00   5.5e-01     0.27   1.64e+00   2.19e+00 8.5e-01   36  25 -46      15.830   1.82e+00   4.6e-01     0.44  2.09e+00 5.2e-01   37  36  40      49.050     4.567     0.30     1.649  15.080   33  18 -59      4      1     2    	[EGE2007] Bolo 27                                  
  146	  183004.1+003423  18:30:04.09 +00:34:22.8    31.670   7.17e-01   2.5e-02     8.57   7.81e-01   7.69e-01 2.7e-02    8   8  26      25.310   8.78e-01   8.1e-02     0.71   9.56e-01   7.08e-01 6.5e-02   14  14  10      17.160   4.40e-01   9.3e-02     0.22   4.22e-01   2.94e-01 6.2e-02   18  18  84       8.751   2.44e-01   9.9e-02     0.13   2.89e-01   1.83e-01 7.4e-02   37  25  64       0.000   3.99e-02   9.4e-02     0.02  6.34e-03 1.5e-02   36  36 -48       0.000     0.200     0.04     0.055   4.845   21  18 -83      4      1     4    	2MASS J18300407+0034232                           
  147	  183004.9+003713  18:30:04.91 +00:37:13.3     0.000   2.39e-02   1.7e-02     0.39   1.50e-01   3.29e-02 2.4e-02   27  21  73       8.742   2.79e-01   4.9e-02     0.24   4.62e-01   4.98e-01 8.7e-02   23  14 -55      11.030   4.02e-01   5.0e-02     0.20   4.59e-01   5.16e-01 6.4e-02   23  18 -73       0.000   1.85e-01   6.9e-02     0.08   1.84e-01   1.37e-01 5.1e-02   25  25  84       0.000   7.45e-02   8.8e-02     0.04  2.78e-02 3.3e-02   36  36 -72       9.525     0.694     0.16     0.226   4.462   27  18 -71      2      1     0    	2MASS J18300528+0036465       no SED fit    
  148	  183004.9+011631  18:30:04.95 +01:16:31.3     1.678  -1.30e-02   7.7e-03    -0.92  -4.48e-02   5.50e-02 3.3e-02   38   8 -64       8.051   2.74e-01   9.5e-02     0.16   6.63e-01   9.54e-01 3.3e-01   35  16  50      19.910   8.31e-01   2.8e-01     0.24   9.86e-01   1.24e+00 4.1e-01   25  18  44      24.010   9.65e-01   4.9e-01     0.26   1.09e+00   1.20e+00 6.0e-01   33  25  59      15.490   9.61e-01   5.2e-01     0.30  1.38e+00 7.5e-01   45  36  77      48.500     3.615     0.32     1.231  11.270   28  19  61      4      0     0    	2MASS J18300359+0116408       no SED fit    
  149	  183005.2+004104  18:30:05.29 +00:41:03.9    19.280   4.44e-01   2.5e-02    10.52   4.92e-01   6.05e-01 3.4e-02    9   8  34      23.190   8.82e-01   4.8e-02     0.66   9.61e-01   7.85e-01 4.3e-02   14  14  24      24.110   8.20e-01   1.0e-01     0.32   8.14e-01   8.21e-01 1.0e-01   19  18 -49      18.240   6.70e-01   1.7e-01     0.26   7.31e-01   7.99e-01 2.0e-01   30  25 -50      17.070   5.83e-01   2.2e-01     0.25  6.26e-01 2.3e-01   47  36 -65      29.300     1.845     0.24     0.613   7.602   28  18 -57      5      1     4    	SSTc2d J183005.3+004105                         
  150	  183005.4+001835  18:30:05.47 +00:18:35.5     4.709  -3.61e-02   7.7e-03    -2.47  -3.11e-01   5.12e-02 1.1e-02   35  27   2       0.000   9.60e-02   3.9e-02     0.09   3.83e-01   3.65e-01 1.5e-01   39  31  38       6.600   2.03e-01   6.5e-02     0.13   2.71e-01   3.67e-01 1.2e-01   31  18  59       6.976   1.98e-01   5.1e-02     0.13   2.23e-01   2.55e-01 6.5e-02   33  25  66       0.000   1.11e-01   5.0e-02     0.07  7.52e-02 3.4e-02   36  36  57       8.787     0.640     0.20     0.238   3.217   35  18  61      2      2     0            						  no SED fit    
  151	  183005.6+011516  18:30:05.66 +01:15:16.2     0.000   2.52e-02   1.9e-02     0.41   3.67e-01  -5.43e-01 4.1e-01   59  53 -88       7.557   2.66e-01   1.4e-01     0.13   9.17e-01   1.50e+00 8.0e-01   51  21  46      24.570   1.03e+00   3.7e-01     0.24   1.95e+00   3.18e+00 1.1e+00   46  24  16      29.300   1.41e+00   6.0e-01     0.31   1.78e+00   2.94e+00 1.2e+00   45  25  38      24.290   1.50e+00   8.0e-01     0.36  1.81e+00 9.6e-01   42  36  80      93.430     8.783     0.59     4.247  14.940   40  25   4      4      1     2    	JCMTSF J183005.0+011515                             
  152	  183006.1+004234  18:30:06.19 +00:42:33.8   186.900   3.80e+00   2.7e-02    33.14   4.74e+00   5.30e+00 3.7e-02   10   8  34     151.900   5.89e+00   6.7e-02     4.27   6.41e+00   4.44e+00 5.0e-02   14  14   8     118.400   3.40e+00   7.9e-02     1.56   3.26e+00   2.41e+00 5.6e-02   18  18 -47      61.160   1.82e+00   1.4e-01     0.86   1.80e+00   1.44e+00 1.1e-01   25  25 -79      27.290   7.95e-01   2.2e-01     0.40  5.74e-01 1.6e-01   36  36 -73      55.680     4.074     0.80     1.072   5.102   19  18 -79      5      1     4    	[EGE2007] Bolo 33                                  
  153	  183007.4+011306  18:30:07.42 +01:13:06.1     0.301  -3.95e-03   1.3e-02    -0.12  -4.30e-03  -8.50e-02 2.8e-01    8   8  90       8.986   3.22e-01   1.9e-01     0.15   8.60e-01   9.60e-01 5.5e-01   50  15  13      20.160   1.12e+00   3.8e-01     0.26   1.64e+00   2.09e+00 7.0e-01   37  18  16      35.570   1.74e+00   5.3e-01     0.42   2.01e+00   2.51e+00 7.6e-01   35  25  23      36.140   1.35e+00   5.6e-01     0.33  1.46e+00 6.1e-01   44  36  24      81.190     8.038     0.70     2.899  11.420   28  20  43      4      1     2    	                          
  154	  183008.5+005847  18:30:08.59 +00:58:46.8    16.470   4.04e-01   2.6e-02     4.85   4.40e-01   2.91e-01 1.9e-02    8   8   3       9.933   3.83e-01   6.4e-02     0.30   4.17e-01   3.28e-01 5.5e-02   14  14  32       6.157   2.02e-01   4.3e-02     0.11   2.11e-01   2.34e-01 5.0e-02   20  18  -1       0.000   5.14e-02   2.9e-02     0.03   5.10e-02   1.63e-02 9.1e-03   25  25 -33       0.000   1.43e-02   2.7e-02     0.01  1.77e-03 3.3e-03   36  36  53       0.000     0.032     0.01     0.008   2.818   18  18  -9      3      1     4    					              no SED fit    
  155	  183009.8+012131  18:30:09.89 +01:21:30.6     0.000  -5.16e-02   1.0e-30    31.62  -6.66e-01  -6.95e-01 1.3e-29   50  44 -67       0.000   3.60e-02   3.0e-02     0.03   1.83e-01   4.60e-01 3.8e-01   49  42  78       9.244   5.28e-01   7.8e-02     0.27   7.07e-01   1.24e+00 1.8e-01   29  19 -75      13.930   6.64e-01   9.0e-02     0.37   7.38e-01   1.14e+00 1.5e-01   32  25 -61      14.240   5.55e-01   7.0e-02     0.35  5.96e-01 7.5e-02   37  36 -77      30.090     2.999     0.81     1.148   3.685   28  22 -62      3      0     2    	JCMTSF J183009.8+012127                            
  156	  183010.0+010407  18:30:09.99 +01:04:07.0     0.007  -1.17e-04   1.7e-02    -0.00  -1.28e-04   4.56e-02 6.5e+00    8   8  90       0.000   9.28e-02   4.5e-02     0.07   4.41e-01   3.15e-01 1.5e-01   52  35  17       6.901   2.76e-01   9.5e-02     0.13   4.39e-01   7.28e-01 2.5e-01   35  21 -16       6.785   2.69e-01   4.8e-02     0.14   3.22e-01   4.58e-01 8.1e-02   39  25  -9       0.000   1.85e-01   8.0e-02     0.10  2.15e-01 9.3e-02   41  36 -18      11.350     0.864     0.21     0.362   4.117   38  20 -18      2      1     0    	         					  no SED fit    
  157	  183010.5+010321  18:30:10.58 +01:03:21.0    10.850   2.24e-01   2.2e-02     3.37   2.44e-01   2.57e-01 2.5e-02    8   8  61       8.400   3.38e-01   3.5e-02     0.25   3.68e-01   2.52e-01 2.6e-02   14  14  68       6.395   1.54e-01   4.8e-02     0.07   1.48e-01   9.31e-02 2.9e-02   18  18 -54       0.000   4.53e-03   2.6e-02     0.00   4.50e-03   2.25e-03 1.3e-02   25  25  90       0.000   2.49e-02   4.2e-02     0.01  4.68e-02 7.9e-02   50  36   6       0.293    -0.025    -0.01    -0.009   3.874   30  18  31      3      1     4    	GBS-VLA J183010.60+010320.7   no SED fit    
  158	  183011.2+011600  18:30:11.28 +01:15:59.6     0.000   2.42e-02   2.0e-02     0.38   2.63e-01  -2.18e-02 1.8e-02   42  35  68       8.724   2.75e-01   7.1e-02     0.17   8.18e-01   9.62e-01 2.5e-01   33  22  19      29.200   1.21e+00   1.4e-01     0.43   1.72e+00   2.60e+00 3.0e-01   26  23  22      32.830   1.38e+00   3.4e-01     0.52   1.40e+00   1.82e+00 4.4e-01   26  25 -41      22.740   9.93e-01   2.6e-01     0.40  9.32e-01 2.4e-01   36  36 -61      64.790     5.598     0.87     1.939   6.453   25  21  10      4      1     2    	GBS-VLA J183010.60+010320.7                         
  159	  183011.4+012102  18:30:11.40 +01:21:02.4     0.000   1.35e-02   2.0e-02     0.21   1.36e-01  -2.95e-01 4.4e-01   38  32 -24       0.000   1.70e-01   3.8e-02     0.12   5.28e-01   3.85e-01 8.7e-02   33  23 -56      12.340   5.26e-01   8.8e-02     0.28   6.98e-01   9.99e-01 1.7e-01   30  18 -43      11.790   5.30e-01   9.4e-02     0.31   5.87e-01   7.21e-01 1.3e-01   32  25 -46       9.438   3.83e-01   7.7e-02     0.25  3.17e-01 6.4e-02   36  36 -34      20.830     2.165     0.64     0.816   3.371   30  21 -45      3      1     2    	[K99d] YSO 47                                       
  160	  183011.6+004108  18:30:11.59 +00:41:08.0     1.272  -1.54e-02   1.2e-02    -0.52  -9.61e-02   6.42e-03 5.0e-03   50  14 -26       0.000   6.25e-02   5.5e-02     0.05   2.23e-01   2.35e-01 2.1e-01   36  27  87       9.437   4.86e-01   6.9e-02     0.21   8.37e-01   1.28e+00 1.8e-01   46  21 -85      11.920   6.22e-01   1.2e-01     0.26   7.59e-01   1.19e+00 2.3e-01   42  25 -90      10.100   5.50e-01   1.3e-01     0.25  6.81e-01 1.6e-01   44  36  86      24.420     2.596     0.44     1.164   5.953   42  21  87      3      1     2    	JCMTSF J183009.8+012127                            
  161	  183012.2+011931  18:30:12.27 +01:19:31.3     0.000   2.59e-03   1.9e-02     0.05   4.10e-02   8.73e-01 6.4e+00   70  63  64       0.000   5.70e-02   3.6e-02     0.04   3.36e-01   1.02e+00 6.5e-01   62  55 -63       6.479   2.81e-01   1.0e-01     0.13   5.77e-01   1.17e+00 4.1e-01   53  25  71       8.238   3.89e-01   9.5e-02     0.20   5.24e-01   9.74e-01 2.4e-01   53  27  71       9.733   3.41e-01   9.5e-02     0.20  3.86e-01 1.1e-01   54  36  68      11.140     0.998     0.24     0.461   4.143   52  20  71      3      1     2    	[RDR2015] 4                                       
  162	  183013.4+011615  18:30:13.46 +01:16:15.1     0.000   1.85e-02   2.0e-02     0.27   2.51e-01   2.37e-01 2.5e-01   55  46  71      12.630   3.99e-01   6.1e-02     0.23   1.12e+00   1.44e+00 2.2e-01   53  16  59      16.850   1.01e+00   8.9e-02     0.35   1.54e+00   2.29e+00 2.0e-01   42  18  59      24.240   1.30e+00   2.2e-01     0.50   1.48e+00   2.26e+00 3.8e-01   34  25  56      27.160   1.02e+00   7.9e-02     0.44  1.30e+00 1.0e-01   40  36  39      34.060     4.121     0.70     1.632   5.909   33  21  55      4      1     2    	JCMTSF J183013.4+011615                             
  163	  183014.2+011348  18:30:14.25 +01:13:48.3     0.000   4.81e-02   2.5e-02     0.42   5.78e-01   2.85e-01 1.5e-01   48  38  23      20.490   5.13e-01   2.3e-01     0.24   1.54e+00   2.22e+00 9.8e-01   48  18  25      22.680   1.18e+00   4.0e-01     0.36   1.85e+00   2.74e+00 9.3e-01   46  18  40      29.250   1.27e+00   3.6e-01     0.43   1.58e+00   2.21e+00 6.3e-01   45  25  40      25.450   8.23e-01   2.9e-01     0.29  7.78e-01 2.7e-01   49  36  38      46.550     3.895     0.59     1.769   6.644   48  20  41      4      2     2    	[EGE2007] Bolo 35                                   
  164	  183014.9+011220  18:30:14.89 +01:12:20.2     0.000   2.28e-03   1.5e-02     0.03   2.48e-03   4.35e-02 2.9e-01    8   8  -4      13.450   3.19e-01   8.6e-02     0.19   8.97e-01   1.34e+00 3.6e-01   39  18  -1      15.700   5.70e-01   1.7e-01     0.22   7.75e-01   1.08e+00 3.2e-01   30  19  -1      15.560   5.37e-01   2.3e-01     0.24   6.00e-01   6.92e-01 3.0e-01   32  25   5       0.000   1.83e-01   1.3e-01     0.08  8.74e-02 6.4e-02   40  36 -45      16.080     1.183     0.27     0.410   4.449   24  22  47      3      1     1    	                        
  165	  183023.7+004149  18:30:23.73 +00:41:49.2     0.000   2.26e-02   1.9e-02     0.34   3.42e-01  -1.98e-01 1.6e-01   68  54  -1       0.000   9.93e-02   5.0e-02     0.08   6.04e-01   2.14e+00 1.1e+00   65  59  39       7.392   2.90e-01   5.7e-02     0.14   6.74e-01   1.42e+00 2.8e-01   52  32 -31       8.783   3.90e-01   7.4e-02     0.19   5.61e-01   1.14e+00 2.2e-01   48  33 -31       8.714   3.67e-01   9.7e-02     0.19  5.97e-01 1.6e-01   48  37 -29      16.310     1.422     0.30     0.848   4.745   47  33 -42      3      0     2    	2MASS J18302328+0042286                            
  166	  183023.9+001242  18:30:23.97 +00:12:41.5     1.561  -1.69e-02   1.1e-02    -0.41  -1.69e-01   3.21e-03 2.1e-03   44  29  33       6.186   1.66e-01   4.9e-02     0.16   6.80e-01   1.07e+00 3.1e-01   40  31  18      12.030   4.66e-01   7.0e-02     0.31   8.11e-01   1.43e+00 2.1e-01   34  25  19      13.900   5.13e-01   8.8e-02     0.36   5.63e-01   8.16e-01 1.4e-01   31  25  17      10.260   3.47e-01   9.9e-02     0.27  3.44e-01 9.8e-02   38  36 -13      19.290     1.519     0.56     0.629   2.716   31  23  14      4      0     3                            
  167	  183028.2+003209  18:30:28.26 +00:32:08.7     0.408  -4.72e-03   1.2e-02    -0.20  -6.14e-02   3.37e-01 8.3e-01   50  44 -79       0.000   4.90e-02   4.1e-02     0.05   1.82e-01   3.74e-01 3.1e-01   39  27  55       6.353   2.50e-01   5.8e-02     0.16   4.45e-01   8.67e-01 2.0e-01   42  23  43       6.822   2.91e-01   5.1e-02     0.20   3.42e-01   5.81e-01 1.0e-01   37  25  43       0.000   9.54e-02   5.2e-02     0.06  1.02e-01 5.6e-02   36  36  52       9.330     0.655     0.20     0.279   3.256   42  20  46      2      0     0            						  no SED fit    
  168	  183029.8+003502  18:30:29.81 +00:35:01.6    17.510   3.78e-01   2.5e-02     6.73   4.12e-01   4.21e-01 2.8e-02    8   8 -13      13.930   6.12e-01   3.3e-02     0.62   6.67e-01   4.03e-01 2.1e-02   14  14  30      12.300   3.52e-01   3.1e-02     0.22   3.38e-01   2.76e-01 2.4e-02   18  18 -40       7.366   2.35e-01   3.1e-02     0.15   2.33e-01   2.15e-01 2.8e-02   25  25   0       0.000   4.68e-02   4.1e-02     0.03  7.22e-03 6.4e-03   36  36 -58       8.584     0.571     0.17     0.149   3.451   19  18  19      4      0     4                             
  169	  183030.6+001201  18:30:30.66 +00:12:01.2     0.000   1.20e-03   1.3e-02     0.02   9.24e-03   1.69e-01 1.8e+00   47  19  32       6.033   1.42e-01   4.3e-02     0.14   4.90e-01   7.68e-01 2.3e-01   35  26 -47      17.180   5.75e-01   5.1e-02     0.38   6.97e-01   9.76e-01 8.7e-02   26  18 -40      16.020   6.21e-01   6.0e-02     0.44   6.59e-01   7.93e-01 7.7e-02   29  25 -35      11.090   4.54e-01   5.4e-02     0.37  4.49e-01 5.3e-02   40  36 -35      28.890     2.318     0.83     0.720   2.807   25  18 -39      4      2     2                            
  170	  183032.5+014807  18:30:32.56 +01:48:06.9    15.940   3.21e-01   2.6e-02    21.82   3.56e-01   3.90e-01 3.1e-02    9   8  24      23.140   8.21e-01   3.4e-02     1.60   8.94e-01   6.53e-01 2.7e-02   14  14  -6      10.830   3.46e-01   2.8e-02     0.36   3.32e-01   3.03e-01 2.4e-02   18  18  56       6.059   1.58e-01   2.4e-02     0.19   1.57e-01   1.25e-01 1.9e-02   25  25  42       0.000   1.83e-02   1.6e-02     0.03  3.18e-02 2.7e-02   50  45 -49       0.000    -0.273    -0.16    -0.114   1.674   29  24  37      4      0     4                            
  171	  183036.0-001242  18:30:36.00 -00:12:42.2     0.000   3.43e-02   1.9e-02     0.28   3.69e-01   6.14e-02 3.5e-02   38  37  70       0.000   1.38e-01   6.1e-02     0.10   5.38e-01   7.38e-01 3.3e-01   38  30 -40       6.574   2.51e-01   7.4e-02     0.13   3.67e-01   5.11e-01 1.5e-01   37  18 -47       6.808   2.25e-01   8.8e-02     0.12   2.68e-01   3.26e-01 1.3e-01   38  25 -45       6.421   1.95e-01   1.2e-01     0.12  2.58e-01 1.5e-01   51  36 -53       7.040     0.590     0.16     0.230   3.763   39  18 -51      3      1     1     TGU H279 P40                                      
  172	  183036.6-003557  18:30:36.64 -00:35:58.8     0.000   0.00e+00   0.0e+00     0.00   0.00e+00   0.00e+00 0.0e+00    0   0   0       0.000   5.46e-02   4.3e-02     0.05   2.70e-01   4.65e-01 3.7e-01   46  42 -41       6.411   1.87e-01   7.8e-02     0.14   3.30e-01   5.72e-01 2.4e-01   47  21 -10       7.174   2.72e-01   1.1e-01     0.23   3.37e-01   5.55e-01 2.2e-01   44  25 -11       0.000   2.11e-01   1.1e-01     0.17  2.39e-01 1.3e-01   46  36  -3       8.785     0.635     0.27     0.263   2.319   43  19 -13      2      1     0                                   no SED fit    
  173	  183040.5+001029  18:30:40.56 +00:10:29.4     0.000   3.00e-03   1.3e-02     0.06   3.27e-02   7.46e-01 3.3e+00   41  35 -18       6.526   2.38e-01   3.3e-02     0.23   8.51e-01   1.21e+00 1.7e-01   37  26 -67      13.150   6.72e-01   5.7e-02     0.47   1.13e+00   1.96e+00 1.6e-01   33  24 -65      18.140   7.66e-01   6.2e-02     0.55   9.11e-01   1.42e+00 1.1e-01   35  27 -59      16.940   6.91e-01   6.2e-02     0.56  7.86e-01 7.0e-02   44  36 -63      32.010     3.108     1.17     1.369   2.655   32  25 -71      4      0     2                                                 
  174	  183041.2-003608  18:30:41.27 -00:36:09.8     0.000   0.00e+00   0.0e+00     0.00   0.00e+00   0.00e+00 0.0e+00    0   0   0       0.000   3.02e-01   7.2e-02     0.24   1.12e+00   5.75e-01 1.4e-01   37  28  89       6.944   2.85e-01   1.3e-01     0.24   3.51e-01   5.10e-01 2.3e-01   26  18 -55       7.121   2.72e-01   1.0e-01     0.24   2.91e-01   3.23e-01 1.2e-01   29  25 -55       0.000   1.49e-01   1.0e-01     0.13  1.28e-01 8.8e-02   38  36 -17       8.363     0.661     0.34     0.232   1.930   31  18 -61      2      1     0                                   no SED fit    
  175	  183046.3+000611  18:30:46.30 +00:06:10.6     0.000   1.69e-03   1.4e-02     0.02   2.10e-02   9.69e-02 8.3e-01   61  36 -53       0.000   1.42e-01   3.2e-02     0.12   7.75e-01   2.05e+00 4.7e-01   64  43 -13       6.486   2.50e-01   2.8e-02     0.14   4.24e-01   7.75e-01 8.6e-02   51  19 -15      12.230   4.05e-01   3.7e-02     0.25   5.18e-01   9.00e-01 8.3e-02   50  25 -14      12.980   4.60e-01   6.3e-02     0.34  6.29e-01 8.7e-02   51  36 -17      19.020     1.429     0.35     0.601   4.090   48  18 -15      3      1     2                                                 
  176	  183047.2+000754  18:30:47.28 +00:07:53.6     0.000   3.32e-02   2.1e-02     0.37   4.06e-01   1.61e-01 1.0e-01   44  43 -59       0.000   1.29e-01   5.1e-02     0.11   5.69e-01   7.35e-01 2.9e-01   44  34 -15       8.709   3.28e-01   6.9e-02     0.19   4.81e-01   5.80e-01 1.2e-01   37  18  -1       9.643   4.49e-01   6.1e-02     0.27   5.05e-01   6.65e-01 9.1e-02   33  25 -28      10.450   4.20e-01   6.3e-02     0.28  4.51e-01 6.7e-02   41  36 -31      20.080     1.965     0.55     0.786   3.598   30  22 -30      3      1     2                                                 
  177	  183050.0-003221  18:30:49.99 -00:32:21.1     0.000   0.00e+00   0.0e+00     0.00   0.00e+00   0.00e+00 0.0e+00    0   0   0       0.000   6.28e-02   4.4e-02     0.05   2.67e-01   2.56e-01 1.8e-01   40  34  54       8.624   3.18e-01   8.7e-02     0.23   4.88e-01   6.70e-01 1.8e-01   42  18 -47       7.172   2.65e-01   8.2e-02     0.22   3.13e-01   3.13e-01 9.7e-02   37  25 -46       0.000   1.76e-01   9.8e-02     0.14  1.54e-01 8.5e-02   37  36 -56       9.814     0.792     0.36     0.320   2.205   43  18 -46      2      2     0                                   no SED fit    
  178	  183055.4+003131  18:30:55.46 +00:31:30.5     0.000  -5.09e-02   1.0e-30   -12.65  -3.10e-01   1.10e-02 2.2e-31   38  16  55       0.000   1.24e-01   3.0e-02     0.12   5.12e-01   6.94e-01 1.7e-01   46  29 -12       7.030   2.69e-01   3.0e-02     0.19   3.71e-01   5.77e-01 6.4e-02   33  18 -18       7.805   3.02e-01   3.0e-02     0.23   3.59e-01   4.72e-01 4.7e-02   38  25 -18       0.000   1.75e-01   3.2e-02     0.13  1.77e-01 3.2e-02   44  36 -16      10.110     0.851     0.31     0.349   2.703   34  21 -16      2      1     0                                   no SED fit    
  179	  183058.9-002952  18:30:58.93 -00:29:53.6     0.000   4.90e-02   1.2e-02     0.73   6.48e-01   1.88e+00 4.6e-01   52  45 -61       0.000   1.63e-01   5.0e-02     0.12   7.36e-01   2.43e-01 7.4e-02   41  38  36       7.001   2.39e-01   4.5e-02     0.16   3.05e-01   4.07e-01 7.7e-02   28  18 -33       7.714   2.39e-01   7.6e-02     0.17   2.38e-01   2.99e-01 9.5e-02   25  25 -17       7.891   1.93e-01   9.1e-02     0.15  1.49e-01 7.0e-02   40  36 -22      11.240     0.858     0.31     0.328   2.742   32  20 -29      3      1     1                                                 
  180	  183059.3+003114  18:30:59.38 +00:31:13.7     0.000   2.56e-03   1.4e-02     0.05   3.15e-02   2.55e-02 1.4e-01   49  40  -7       0.000   6.45e-02   3.2e-02     0.06   2.54e-01   1.47e-01 7.2e-02   38  30   5       6.273   2.13e-01   2.9e-02     0.15   3.08e-01   4.17e-01 5.7e-02   31  20  15       6.513   2.01e-01   4.3e-02     0.15   2.28e-01   2.61e-01 5.6e-02   34  25   3       0.000   1.18e-01   4.1e-02     0.09  9.56e-02 3.3e-02   36  36   0       8.485     0.711     0.25     0.262   2.836   28  21   5      2      2     0                                   no SED fit    
  181	  183101.5-001659  18:31:01.54 -00:17:00.5     0.000   3.61e-03   1.5e-02     0.04   2.41e-02   2.69e-01 1.1e+00   46  16  66       0.000   7.21e-02   5.8e-02     0.05   3.47e-01   3.30e-01 2.7e-01   43  41  41       7.367   2.68e-01   9.2e-02     0.14   4.07e-01   4.21e-01 1.4e-01   41  18 -66       8.281   3.60e-01   1.1e-01     0.20   4.02e-01   5.62e-01 1.7e-01   32  25 -89       8.230   3.01e-01   1.1e-01     0.18  3.98e-01 1.4e-01   48  36  88      14.760     1.346     0.36     0.520   3.697   31  21 -77      3      0     2                                                 
  182	  183102.5+000716  18:31:02.54 +00:07:15.6     0.000   3.95e-02   2.3e-02     0.33   3.09e-01  -1.82e-01 1.0e-01   33  24  43       0.000   2.60e-01   6.0e-02     0.18   6.03e-01   7.83e-01 1.8e-01   31  16  -2       6.142   1.83e-01   6.0e-02     0.10   2.71e-01   3.34e-01 1.1e-01   39  18  -3       6.799   2.63e-01   5.7e-02     0.14   3.19e-01   3.12e-01 6.7e-02   41  25   2       0.000   1.98e-01   4.8e-02     0.10  9.42e-02 2.3e-02   36  36  -2      10.240     0.800     0.19     0.314   4.249   37  19   2      2      1     0                                   no SED fit    
  183	  183105.8+000744  18:31:05.86 +00:07:43.5     0.000   2.14e-02   1.9e-02     0.21   3.24e-01  -1.24e-01 1.1e-01   62  58 -52       6.074   6.62e-02   6.8e-02     0.05   2.43e-01   5.64e-01 5.8e-01   67  21 -78      11.710   4.46e-01   5.6e-02     0.23   9.18e-01   1.96e+00 2.5e-01   47  27 -89      19.620   7.02e-01   5.2e-02     0.38   9.10e-01   1.68e+00 1.3e-01   41  28  84      21.450   7.42e-01   6.5e-02     0.44  1.05e+00 9.2e-02   43  36 -88      32.740     2.832     0.68     1.448   4.143   41  26  87      4      2     2                                                 
  184	  183106.3+003931  18:31:06.35 +00:39:30.8     0.000   1.84e-02   1.8e-02     0.26   3.52e-01   3.24e+00 3.1e+00  140 136  85       0.000   1.31e-01   5.0e-02     0.11   9.62e-01   8.20e+00 3.1e+00  142 111 -88       0.000   2.07e-01   5.8e-02     0.10   7.35e-01   6.23e+00 1.7e+00  125 105  34       6.519   3.19e-01   7.9e-02     0.20   6.21e-01   5.06e+00 1.3e+00   98  85   4       7.668   3.61e-01   9.6e-02     0.25  2.00e+00 5.3e-01   99  62 -69      10.100     0.969     0.29     0.827   3.363  102  62 -66      2      0     0                                   no SED fit    
  185	  183109.2+000638  18:31:09.22 +00:06:38.4     1.068  -1.30e-02   1.2e-02    -0.18  -9.40e-02   1.50e-02 1.4e-02   42  19  51       0.000   1.89e-01   3.8e-02     0.14   8.39e-01   1.55e+00 3.1e-01   46  33 -25       9.631   3.97e-01   4.2e-02     0.22   5.34e-01   8.36e-01 8.8e-02   31  18 -33      13.990   5.02e-01   4.8e-02     0.28   5.79e-01   7.46e-01 7.1e-02   35  25 -35      11.670   4.49e-01   5.9e-02     0.29  5.08e-01 6.7e-02   46  36 -39      24.870     2.106     0.53     0.815   3.945   30  21 -40      3      2     2                                                 
  186	  183113.8+000615  18:31:13.81 +00:06:15.4     5.711  -5.36e-02   9.4e-03    -1.16  -6.54e-01  -6.53e-01 1.1e-01   49  39  62       0.000   1.22e-01   4.4e-02     0.09   6.24e-01   1.25e+00 4.5e-01   48  44  48       8.911   3.38e-01   2.5e-02     0.18   5.27e-01   8.46e-01 6.3e-02   32  22 -82      12.210   4.40e-01   4.0e-02     0.24   4.83e-01   7.03e-01 6.3e-02   31  25 -79      11.490   4.07e-01   3.9e-02     0.25  4.50e-01 4.3e-02   41  36 -27      20.050     1.618     0.39     0.640   4.098   31  22 -71      3      3     2                                                 
  187	  183119.8+000541  18:31:19.83 +00:05:41.3     0.000   2.50e-03   1.3e-02     0.03   1.32e-02   2.39e-01 1.2e+00   47  12  32       0.000   1.13e-01   4.7e-02     0.08   4.33e-01   6.01e-01 2.5e-01   35  31  17       6.771   2.13e-01   3.5e-02     0.11   2.62e-01   3.08e-01 5.1e-02   26  18 -83       7.586   2.32e-01   4.2e-02     0.12   2.59e-01   3.00e-01 5.4e-02   32  25 -68       6.855   2.34e-01   4.4e-02     0.14  3.01e-01 5.7e-02   41  37 -29       9.903     0.731     0.18     0.276   4.159   36  18 -75      3      1     0                                   no SED fit    
  188	  183123.9+000545  18:31:23.95 +00:05:45.1     0.000   2.15e-02   1.7e-02     0.21   2.54e-01   2.29e-01 1.8e-01   43  40 -59       7.760   2.62e-01   4.3e-02     0.20   7.43e-01   1.08e+00 1.8e-01   29  23  19      16.350   6.02e-01   4.3e-02     0.32   8.48e-01   1.34e+00 9.7e-02   27  21 -13      16.480   6.13e-01   4.1e-02     0.34   6.65e-01   9.01e-01 6.1e-02   30  25   1      11.710   3.73e-01   6.4e-02     0.23  3.37e-01 5.8e-02   36  36  26      25.650     2.005     0.54     0.782   3.684   27  23 -21      4      0     3            						tentative bound 
  189	  183129.9+000647  18:31:29.92 +00:06:47.4     0.000   2.25e-02   2.0e-02     0.22   2.24e-01  -2.27e-02 2.0e-02   42  29 -84       0.000   7.34e-02   4.3e-02     0.05   2.42e-01   3.99e-01 2.3e-01   30  27  69       6.441   1.91e-01   5.8e-02     0.10   2.87e-01   4.24e-01 1.3e-01   32  21  77       6.679   2.14e-01   5.4e-02     0.11   2.46e-01   3.01e-01 7.5e-02   35  25  75       0.000   1.59e-01   4.5e-02     0.08  9.43e-02 2.7e-02   36  36  68       8.752     0.659     0.16     0.248   4.029   32  20  74      2      3     0            						  no SED fit    
  190	  183130.6-000129  18:31:30.68 -00:01:29.2     0.000   8.23e-03   1.5e-02     0.09   1.23e-01  -4.77e-02 8.8e-02   70  51  84       0.000   1.79e-01   3.7e-02     0.13   8.58e-01   1.17e+00 2.4e-01   54  35 -85       6.573   2.78e-01   3.9e-02     0.17   5.67e-01   1.21e+00 1.7e-01   55  25 -77       7.919   3.47e-01   4.1e-02     0.24   4.75e-01   9.45e-01 1.1e-01   53  28 -72       7.347   3.14e-01   4.3e-02     0.24  5.18e-01 7.1e-02   55  36 -69      10.730     0.973     0.35     0.533   2.747   52  26 -74      3      0     2                            
  191	  183132.3+003313  18:31:32.34 +00:33:13.5     0.000   5.46e-02   2.2e-02     0.47   9.11e-01  -8.69e-01 3.4e-01   81  71 -67       8.156   2.62e-01   5.3e-02     0.23   1.31e+00   3.72e+00 7.5e-01   69  33   0      14.010   7.15e-01   7.9e-02     0.42   1.62e+00   4.21e+00 4.7e-01   59  28   5      18.290   8.43e-01   9.7e-02     0.51   1.24e+00   3.13e+00 3.6e-01   60  31   3      16.810   7.89e-01   9.4e-02     0.54  1.66e+00 2.0e-01   62  36   1      28.980     2.889     0.82     1.613   3.513   56  26   4      4      2     2                            
  192	  183133.6+000719  18:31:33.61 +00:07:19.4     1.368  -1.59e-02   1.2e-02    -0.23  -2.51e-01   2.89e-02 2.1e-02  100  52 -69       0.000   2.35e-01   5.5e-02     0.16   1.45e+00   7.01e+00 1.6e+00   87  51 -39       7.948   4.62e-01   7.2e-02     0.24   1.12e+00   3.46e+00 5.4e-01   75  30 -50      11.700   6.29e-01   6.1e-02     0.33   9.61e-01   2.78e+00 2.7e-01   73  32 -48      12.800   6.12e-01   4.3e-02     0.36  1.49e+00 1.0e-01   74  37 -43      20.410     2.314     0.59     1.432   3.916   71  29 -50      3      2     2    	DOBASHI 1331                          
  193	  183146.7+000729  18:31:46.75 +00:07:29.4     2.365  -2.43e-02   1.0e-02    -0.41  -2.44e-01  -1.57e-02 6.6e-03   66  24  20       0.000   1.72e-01   3.8e-02     0.13   8.33e-01   1.61e+00 3.5e-01   59  34  67       9.588   4.35e-01   5.4e-02     0.27   6.95e-01   1.26e+00 1.6e-01   35  22  89      11.120   4.96e-01   9.3e-02     0.33   6.10e-01   1.06e+00 2.0e-01   38  27  78       8.936   3.78e-01   8.9e-02     0.28  4.90e-01 1.2e-01   46  36  65      15.470     1.394     0.48     0.602   2.905   32  24 -75      3      0     2                            
  194	  183149.9+001007  18:31:49.97 +00:10:06.5     0.000   9.49e-03   1.5e-02     0.11   1.80e-01   9.38e-01 1.5e+00  133 126 -71       0.000   1.65e-01   4.3e-02     0.13   1.18e+00   8.31e+00 2.1e+00  117  97 -23       6.364   3.20e-01   1.1e-01     0.21   1.09e+00   7.71e+00 2.8e+00  120  77 -83       9.179   3.52e-01   1.3e-01     0.23   6.69e-01   4.22e+00 1.5e+00  125  63 -21       9.758   3.26e-01   1.2e-01     0.24  1.75e+00 6.6e-01  119  60 -19      10.840     0.818     0.28     0.696   2.904  128  57 -21      3      0     2                            
  195	  183150.6+002835  18:31:50.65 +00:28:34.9     0.000   2.01e-02   1.8e-02     0.22   3.49e-01  -4.66e-01 4.3e-01   87  83  10       0.000   1.62e-01   4.4e-02     0.14   9.69e-01   2.15e+00 5.8e-01   66  55 -52       8.291   3.85e-01   8.0e-02     0.26   1.06e+00   3.70e+00 7.7e-01   60  44 -40      10.520   5.23e-01   9.2e-02     0.38   8.46e-01   2.52e+00 4.4e-01   58  42 -44      10.990   4.76e-01   1.1e-01     0.37  1.11e+00 2.5e-01   58  41 -44      16.920     1.587     0.57     1.106   2.771   60  40 -41      3      3     2                            
  196	  183156.0-000243  18:31:55.99 -00:02:44.5     0.000   1.55e-02   1.7e-02     0.16   2.34e-01   3.47e-01 3.9e-01   66  55 -41       0.000   1.03e-01   4.5e-02     0.07   5.95e-01   1.51e+00 6.6e-01   65  50  61       8.702   5.04e-01   5.5e-02     0.27   8.63e-01   1.73e+00 1.9e-01   34  24  86      13.110   7.05e-01   9.3e-02     0.39   8.56e-01   1.60e+00 2.1e-01   38  26  87      16.300   6.09e-01   9.0e-02     0.37  9.36e-01 1.4e-01   48  36  66      26.130     2.971     0.81     1.449   3.648   36  27 -89      3      0     2                            
  197	  183157.6-000304  18:31:57.61 -00:03:05.6     4.118  -4.12e-02   1.0e-02    -0.73  -1.70e-01  -4.56e-02 1.1e-02   32  11   2       7.251   2.46e-01   6.9e-02     0.19   5.18e-01   6.73e-01 1.9e-01   25  17  26      10.260   4.68e-01   6.4e-02     0.26   5.10e-01   6.96e-01 9.5e-02   22  18  31       8.751   4.47e-01   1.0e-01     0.27   4.43e-01   4.67e-01 1.0e-01   25  25  36       6.561   2.71e-01   9.4e-02     0.18  2.02e-01 7.0e-02   36  36 -28      12.510     1.244     0.40     0.332   3.139   20  18  45      4      0     3         					   tentative bound 
  198	  183158.4+002409  18:31:58.41 +00:24:09.3     0.000   1.78e-02   1.7e-02     0.20   3.39e-01   9.62e-01 9.3e-01  140 134 -77       6.480   2.80e-01   4.4e-02     0.27   1.93e+00   1.46e+01 2.3e+00  100  81  84       8.597   5.96e-01   7.6e-02     0.44   1.98e+00   1.45e+01 1.9e+00   87  78  87       9.912   6.73e-01   7.6e-02     0.53   1.28e+00   8.65e+00 9.8e-01   84  76 -75      10.910   6.96e-01   8.7e-02     0.59  4.53e+00 5.7e-01   91  78 -66      12.980     1.745     0.69     1.459   2.535   89  60  75      4      1     2                            
  199	  183202.6-000021  18:32:02.61 -00:00:21.1     0.000  -7.10e-02   1.0e-30    -2.52  -5.50e-01  -1.98e-01 2.8e-30   44  20 -19       0.000   1.37e-01   3.8e-02     0.10   5.97e-01   8.33e-01 2.3e-01   43  33  -9       6.180   1.81e-01   3.9e-02     0.10   3.29e-01   5.09e-01 1.1e-01   41  23 -18       6.516   2.47e-01   6.7e-02     0.16   2.90e-01   4.09e-01 1.1e-01   37  25 -10       0.000   1.66e-01   6.9e-02     0.10  1.55e-01 6.4e-02   36  36 -16       8.531     0.552     0.18     0.242   3.145   38  22  -3      2      1     0            						  no SED fit    
  200	  183211.0+013536  18:32:11.08 +01:35:36.2    11.040   2.64e-01   2.7e-02     8.67   2.87e-01   2.09e-01 2.2e-02    8   8  27       8.472   3.46e-01   3.3e-02     0.45   3.77e-01   2.54e-01 2.4e-02   14  14  38       6.162   1.76e-01   2.4e-02     0.15   1.74e-01   1.69e-01 2.3e-02   19  18 -39       0.000   4.34e-02   2.0e-02     0.04   4.31e-02   1.46e-02 6.7e-03   25  25 -31       0.000   2.77e-03   1.7e-02     0.00  5.34e-04 3.4e-03   36  36 -54       0.000     0.052     0.02     0.013   2.151   18  18  34      3      1     4            						  no SED fit    
  201	  183212.0+000139  18:32:12.02 +00:01:38.6     0.000   2.09e-02   1.8e-02     0.21   2.81e-01   5.03e-01 4.3e-01   52  47   9       0.000   1.81e-01   3.6e-02     0.13   7.09e-01   1.14e+00 2.3e-01   51  25 -14       6.818   2.47e-01   3.2e-02     0.15   3.88e-01   6.96e-01 9.0e-02   45  18  -9       7.579   3.15e-01   4.2e-02     0.22   3.95e-01   5.93e-01 8.0e-02   46  25 -14       7.359   2.00e-01   4.6e-02     0.16  2.13e-01 4.9e-02   41  36 -10       9.736     0.683     0.26     0.279   2.619   43  18 -10      3      0     2                            
  202	  183228.0+004843  18:32:28.08 +00:48:43.0     1.218  -1.56e-02   1.3e-02    -0.29  -1.25e-01  -1.54e-02 1.3e-02   48  20  55       0.000   1.25e-01   4.8e-02     0.10   5.85e-01   1.03e+00 4.0e-01   47  37  88       6.554   2.44e-01   7.1e-02     0.14   3.66e-01   6.38e-01 1.8e-01   38  19 -82       7.120   3.31e-01   1.0e-01     0.20   4.05e-01   6.17e-01 1.9e-01   42  25 -82       6.519   2.39e-01   8.5e-02     0.16  2.80e-01 9.9e-02   54  36 -86       8.917     0.774     0.22     0.292   3.498   36  18 -81      3      0     2     DOBASHI 1379                                      
  203	  183234.1+004246  18:32:34.12 +00:42:45.9     1.656  -1.99e-02   1.2e-02    -0.48  -1.51e-01  -1.02e-02 6.2e-03   38  21 -24       0.000   6.83e-02   3.8e-02     0.06   3.02e-01   5.74e-01 3.2e-01   41  36  42       6.969   2.59e-01   5.0e-02     0.16   3.90e-01   5.71e-01 1.1e-01   40  18 -64       7.334   3.03e-01   6.4e-02     0.20   3.59e-01   4.42e-01 9.3e-02   38  25 -68       7.221   2.00e-01   7.2e-02     0.14  2.06e-01 7.4e-02   49  36 -63      11.740     0.974     0.30     0.381   3.223   39  18 -68      3      1     3            						tentative bound 
  204	  183234.1+004033  18:32:34.15 +00:40:32.7     3.602  -3.56e-02   9.9e-03    -0.84  -2.08e-01  -1.97e-01 5.5e-02   42  14  18       0.000   7.42e-02   3.5e-02     0.06   2.83e-01   1.55e-01 7.3e-02   38  28 -26       6.571   2.17e-01   3.5e-02     0.13   3.05e-01   4.20e-01 6.8e-02   30  20 -88       8.637   2.78e-01   4.1e-02     0.18   3.26e-01   3.67e-01 5.4e-02   37  25  80       7.389   2.07e-01   5.2e-02     0.14  1.57e-01 3.9e-02   45  36  71      13.040     0.946     0.28     0.356   3.362   32  20  83      3      0     3            						tentative bound 
  205	  183235.8+003853  18:32:35.89 +00:38:53.4     0.000   1.85e-02   1.7e-02     0.22   2.80e-01  -4.05e-02 3.8e-02   62  59 -90       0.000   7.87e-02   3.7e-02     0.06   4.48e-01   9.48e-01 4.4e-01   56  53 -51       7.441   3.29e-01   5.7e-02     0.19   5.27e-01   8.50e-01 1.5e-01   48  18 -78      15.660   5.76e-01   8.0e-02     0.33   7.29e-01   1.20e+00 1.7e-01   48  25 -71      11.040   6.29e-01   8.2e-02     0.39  8.17e-01 1.1e-01   51  36 -58      23.940     2.345     0.52     0.923   4.487   40  18 -76      3      1     2     DOBASHI 1368                                      
  206	  183238.1+003655  18:32:38.12 +00:36:55.2     0.000   3.28e-03   1.2e-02     0.05   2.11e-02   1.33e-01 4.9e-01   44  16 -40       0.000   3.42e-02   3.7e-02     0.03   1.08e-01   1.06e-01 1.1e-01   35  23  82       9.374   2.95e-01   7.6e-02     0.17   3.91e-01   3.86e-01 9.9e-02   30  18  69      12.640   3.75e-01   9.6e-02     0.20   4.36e-01   3.03e-01 7.8e-02   36  25  76       8.556   4.14e-01   9.3e-02     0.25  4.62e-01 1.0e-01   40  36 -80      22.910     1.953     0.42     0.690   4.675   31  18  80      3      1     0     IRAS 18301+0035               no SED fit    
  207	  183238.2+003451  18:32:38.27 +00:34:51.2     0.000   1.28e-03   1.3e-02     0.02   4.70e-03   1.09e-01 1.1e+00   44   8  36       0.000   8.37e-02   3.9e-02     0.07   3.84e-01   9.12e-01 4.2e-01   47  35 -57       8.268   2.87e-01   5.1e-02     0.17   4.35e-01   6.24e-01 1.1e-01   41  18  87       8.063   3.80e-01   8.8e-02     0.23   4.69e-01   5.75e-01 1.3e-01   43  25 -88       8.969   3.88e-01   8.1e-02     0.26  3.73e-01 7.7e-02   48  36 -84      18.220     1.500     0.37     0.595   4.014   41  18  88      3      1     2                             
  208	  183239.1+003754  18:32:39.16 +00:37:54.0   102.600   2.27e+00   2.6e-02    20.39   2.48e+00   2.77e+00 3.1e-02    8   8  33     127.100   4.25e+00   3.9e-02     3.57   4.63e+00   5.34e+00 4.9e-02   14  14  21      99.840   3.09e+00   8.0e-02     1.60   2.98e+00   3.68e+00 9.5e-02   18  18  85      62.490   2.02e+00   1.5e-01     0.98   2.04e+00   2.04e+00 1.5e-01   26  25 -78      44.680   1.34e+00   1.5e-01     0.74  1.34e+00 1.5e-01   37  36 -79      65.130     3.954     0.61     1.264   6.464   26  18  82      5      1     4     IRAS 18301+0035                                    
  209	  183243.7+003716  18:32:43.72 +00:37:15.6     0.000   2.59e-03   1.4e-02     0.04   2.97e-02   2.93e-01 1.5e+00   76  28  15       0.000   1.06e-01   3.5e-02     0.08   4.44e-01   7.55e-01 2.5e-01   40  33 -58       6.588   2.32e-01   3.3e-02     0.14   3.16e-01   5.08e-01 7.3e-02   26  21 -90       7.785   3.26e-01   7.5e-02     0.20   3.45e-01   5.09e-01 1.2e-01   28  25  86       6.756   3.13e-01   7.0e-02     0.21  4.14e-01 9.2e-02   42  36 -47      11.990     1.172     0.32     0.440   3.608   28  21  78      3      0     2                             
  210	  183244.6+003051  18:32:44.67 +00:30:51.3     0.625  -7.90e-03   1.3e-02    -0.13  -2.92e-02   6.62e-03 1.1e-02   45   8  10       0.000   1.10e-01   3.9e-02     0.09   5.43e-01   9.97e-01 3.6e-01   46  41 -55      14.640   4.69e-01   5.4e-02     0.29   6.75e-01   1.12e+00 1.3e-01   27  22 -58      19.100   7.31e-01   7.1e-02     0.47   7.73e-01   1.07e+00 1.0e-01   28  25 -49      15.450   6.51e-01   7.3e-02     0.46  6.56e-01 7.4e-02   38  36 -48      37.930     3.244     0.98     1.270   3.296   28  23 -52      3      1     2                             
  211	  183245.1+003520  18:32:45.13 +00:35:19.8     0.000   3.44e-02   2.0e-02     0.32   5.22e-01   3.80e-01 2.2e-01   63  58 -61       0.000   1.64e-01   3.4e-02     0.13   8.48e-01   2.03e+00 4.2e-01   57  40  47       6.634   3.22e-01   6.1e-02     0.20   7.76e-01   1.78e+00 3.4e-01   53  34  55       7.805   3.35e-01   8.9e-02     0.21   4.84e-01   9.44e-01 2.5e-01   49  33  57       7.402   3.63e-01   7.7e-02     0.26  4.88e-01 1.0e-01   45  36  47      10.430     0.977     0.30     0.564   3.271   48  30  57      3      0     2                             
  212	  183245.9+003616  18:32:45.92 +00:36:16.4     3.220  -3.27e-02   1.0e-02    -0.65  -3.54e-01  -2.04e-01 6.3e-02  113  24  41       0.000   8.54e-02   3.5e-02     0.07   5.90e-01   3.22e+00 1.3e+00  104  81  -5       6.506   3.97e-01   5.9e-02     0.25   1.16e+00   5.40e+00 8.1e-01   85  44 -61       7.372   5.30e-01   7.5e-02     0.35   9.04e-01   3.64e+00 5.2e-01   75  44 -53      10.930   5.62e-01   7.1e-02     0.40  1.68e+00 2.1e-01   66  46 -45      14.850     1.999     0.63     1.471   3.169   72  42 -50      3      0     2                             
  213	  183248.3-010820  18:32:48.30 -01:08:20.4     0.000   0.00e+00   0.0e+00     0.00   0.00e+00   0.00e+00 0.0e+00    0   0   0       0.000   1.55e-01   5.2e-02     0.11   9.66e-01   2.20e+00 7.3e-01   74  59  81       6.357   2.68e-01   4.2e-02     0.14   5.63e-01   1.39e+00 2.2e-01   63  25 -83       7.231   3.43e-01   4.5e-02     0.19   4.93e-01   1.20e+00 1.6e-01   61  29 -85       7.396   3.68e-01   5.3e-02     0.23  7.17e-01 1.0e-01   63  36 -83      11.880     1.146     0.31     0.623   3.673   58  25 -84      3      1     2                             
  214	  183248.8-010601  18:32:48.79 -01:06:01.4     0.000   0.00e+00   0.0e+00     0.00   0.00e+00   0.00e+00 0.0e+00    0   0   0       0.000   7.08e-02   3.2e-02     0.05   3.09e-01   5.58e-01 2.5e-01   40  35  -2       6.573   2.37e-01   4.1e-02     0.13   2.84e-01   4.25e-01 7.3e-02   25  18  -1       6.884   2.03e-01   5.5e-02     0.11   2.27e-01   2.88e-01 7.8e-02   32  25  21       0.000   1.28e-01   5.2e-02     0.07  1.02e-01 4.1e-02   36  36  24       8.938     0.680     0.19     0.235   3.606   26  20  19      2      2     0             					  no SED fit    
  215	  183249.7+003603  18:32:49.71 +00:36:03.1     0.000   4.23e-02   2.2e-02     0.36   3.75e-01   2.70e-01 1.4e-01   35  28 -55       0.000   1.22e-01   3.7e-02     0.10   4.24e-01   7.77e-01 2.3e-01   35  26 -29       7.561   4.16e-01   4.9e-02     0.26   5.89e-01   8.88e-01 1.1e-01   25  23 -87       7.537   3.63e-01   4.5e-02     0.24   3.76e-01   4.75e-01 5.9e-02   27  25 -32       6.099   2.34e-01   4.4e-02     0.17  2.32e-01 4.4e-02   36  36   7       8.997     0.927     0.31     0.287   3.033   25  18  -1      3      1     2     [NDS2017] 5                         
  216	  183249.9+003616  18:32:49.94 +00:36:16.0    13.220   3.17e-01   2.5e-02     3.73   3.98e-01   3.08e-01 2.5e-02   10   8  49      10.560   3.68e-01   5.7e-02     0.31   4.01e-01   2.96e-01 4.6e-02   14  14 -57       7.315   2.33e-01   1.4e-01     0.13   3.07e-01   2.37e-01 1.4e-01   27  19  67       0.000   6.21e-02   9.1e-02     0.03   6.16e-02   1.52e-02 2.2e-02   25  25 -25       0.000   6.62e-02   6.5e-02     0.04  9.91e-02 9.7e-02   62  36 -11       0.000     0.028     0.01     0.007   3.803   18  18 -22      3      0     4     [NDS2017] 5                   no SED fit    
  217	  183304.4-010604  18:33:04.41 -01:06:04.2     0.000   1.00e-02   1.1e-02     0.20   1.34e-01   1.15e+00 1.3e+00   59  43 -87       0.000   5.62e-02   4.0e-02     0.04   2.86e-01   8.64e-01 6.1e-01   48  43 -38       9.218   3.45e-01   9.6e-02     0.17   5.84e-01   9.64e-01 2.7e-01   32  25  17      11.150   3.77e-01   1.0e-01     0.18   4.30e-01   5.17e-01 1.4e-01   34  25  16      10.130   3.59e-01   1.2e-01     0.19  3.34e-01 1.1e-01   47  36  14      17.400     1.332     0.26     0.545   5.027   32  22  21      3      0     2                             
  218	  183310.4-004649  18:33:10.41 -00:46:49.1     0.000   4.37e-02   1.3e-02     0.46   3.46e-01   1.22e-01 3.7e-02   32  25 -70       0.000   6.32e-02   2.9e-02     0.05   1.26e-01   1.94e-01 9.0e-02   24  17 -22       6.169   1.97e-01   7.6e-02     0.12   2.50e-01   2.39e-01 9.2e-02   28  18 -10       7.843   4.16e-01   4.1e-02     0.27   5.35e-01   6.98e-01 6.9e-02   35  32 -19       0.000   2.80e-01   1.0e-01     0.17  1.30e-01 4.7e-02   36  36  42      11.350     1.341     0.38     0.498   3.544   33  19  -7      2      0     0              					  no SED fit    
  219	  183310.8-004341  18:33:10.88 -00:43:41.2     2.935  -2.34e-02   8.0e-03    -0.56  -2.12e-01   4.83e-03 1.6e-03   39  27  27       0.000   1.09e-01   5.3e-02     0.09   4.73e-01   6.52e-01 3.1e-01   43  33 -27       6.102   2.24e-01   5.3e-02     0.12   2.85e-01   3.60e-01 8.5e-02   28  18  -6       6.680   3.03e-01   7.5e-02     0.17   3.41e-01   3.82e-01 9.5e-02   33  25 -12       9.319   3.45e-01   1.7e-01     0.21  4.17e-01 2.1e-01   43  36 -34      16.730     1.238     0.29     0.435   4.270   31  18 -20      3      1     0             					  no SED fit    
  220	  183311.8-004555  18:33:11.86 -00:45:55.1     4.064  -2.77e-02   6.8e-03    -0.65  -1.46e-01  -1.63e-01 4.0e-02   44  12 -73       0.000   4.91e-19   1.8e-02     0.00   2.57e-18  -1.23e-18 4.4e-02   49  46 -41       6.261   2.38e-01   7.3e-02     0.14   3.94e-01   6.83e-01 2.1e-01   29  26 -22      10.970   4.75e-01   4.4e-02     0.29   5.40e-01   8.14e-01 7.5e-02   32  26  13       9.244   4.23e-01   1.4e-01     0.26  5.11e-01 1.7e-01   42  36 -17      21.350     2.127     0.58     0.916   3.669   30  25   3      3      3     2                             
  221	  183313.9-010811  18:33:13.91 -01:08:11.2     0.000   5.97e-02   1.5e-02     0.83   5.30e-01   7.74e-01 1.9e-01   39  26 -13       0.000   1.61e-01   5.4e-02     0.11   5.57e-01   8.88e-01 3.0e-01   39  24 -43       7.835   2.72e-01   8.6e-02     0.12   4.51e-01   7.67e-01 2.4e-01   42  20 -48       7.468   3.17e-01   8.3e-02     0.15   3.78e-01   4.88e-01 1.3e-01   38  25 -47       6.953   2.97e-01   6.4e-02     0.16  3.59e-01 7.7e-02   45  36 -43      11.080     1.041     0.24     0.492   4.285   36  25 -43      3      0     3     DOBASHI 1263               tentative bound 
  222	  183315.0-004628  18:33:15.07 -00:46:29.9     2.258  -2.19e-02   9.7e-03    -0.51  -4.00e-01  -7.52e-01 3.3e-01  127  91  88       0.000   6.18e-02   3.6e-02     0.05   4.46e-01   6.58e-01 3.8e-01  118 107   3       0.000   2.27e-01   5.3e-02     0.11   7.61e-01   4.25e+00 9.9e-01  104  73  30       7.213   4.66e-01   7.3e-02     0.28   8.24e-01   3.55e+00 5.6e-01   82  49  44      12.400   5.09e-01   1.2e-01     0.28  1.71e+00 4.0e-01   98  41  22      17.290     2.013     0.54     1.518   3.762   73  45  29      2      2     0             					  no SED fit    
  223	  183317.5+001147  18:33:17.51 +00:11:46.9   166.500   3.66e+00   2.6e-02    28.77   4.52e+00   4.54e+00 3.3e-02   10   8  45      25.380   9.42e-01   3.3e-02     0.78   1.03e+00   7.86e-01 2.8e-02   14  14 -20       7.655   2.23e-01   2.2e-02     0.15   2.14e-01   2.21e-01 2.2e-02   18  18  29       0.000   5.46e-02   3.0e-02     0.04   5.42e-02   1.87e-02 1.0e-02   25  25 -67       0.000   3.05e-02   3.1e-02     0.02  5.08e-03 5.2e-03   36  36 -74       1.821    -0.073    -0.03    -0.027   2.432   34  18 -14      3      1     4     PN K 3-6                      no SED fit    
  224	  183318.3+004216  18:33:18.37 +00:42:16.1     0.000   3.17e-02   2.1e-02     0.28   5.95e-01  -2.77e-01 1.9e-01  124 120   7       0.000   2.16e-01   5.8e-02     0.13   1.46e+00   8.80e+00 2.4e+00   95  75  60       8.527   6.90e-01   6.1e-02     0.37   2.21e+00   1.45e+01 1.3e+00  113  56  86       9.525   5.53e-01   7.6e-02     0.27   9.46e-01   4.26e+00 5.9e-01  102  41  90       9.589   6.32e-01   5.5e-02     0.38  3.89e+00 3.4e-01  114  62  89      13.700     2.052     0.54     1.637   3.781  102  48  89      3      0     2                             
  225	  183320.8+005700  18:33:20.80 +00:56:59.9    26.040   5.29e-01   2.3e-02     6.46   5.76e-01   5.07e-01 2.2e-02    8   8 -47      35.410   1.32e+00   3.7e-02     1.17   1.44e+00   9.02e-01 2.5e-02   14  14   7      36.440   9.40e-01   1.7e-02     0.62   9.02e-01   6.75e-01 1.2e-02   18  18 -13      21.540   6.30e-01   2.5e-02     0.44   6.25e-01   5.21e-01 2.0e-02   25  25 -60      10.690   3.19e-01   2.9e-02     0.25  2.43e-01 2.2e-02   36  36 -54      27.110     2.010     0.73     0.505   2.748   18  18  81      5      1     4                             
  226	  183322.6+003900  18:33:22.68 +00:38:59.5     0.159  -1.92e-03   1.2e-02    -0.03  -2.09e-03   2.09e-01 1.3e+00    8   8  90       0.000   7.26e-02   3.8e-02     0.05   2.07e-01   2.46e-01 1.3e-01   31  21 -59       6.685   1.97e-01   4.3e-02     0.10   2.36e-01   2.71e-01 5.9e-02   25  18 -64       7.709   1.91e-01   4.3e-02     0.10   2.01e-01   1.78e-01 4.0e-02   28  25 -45       0.000   1.07e-01   3.3e-02     0.05  4.23e-02 1.3e-02   36  36 -45      10.220     0.706     0.17     0.221   4.179   25  18 -60      2      1     0             					  no SED fit    
  227	  183324.2-004035  18:33:24.21 -00:40:36.8    94.680   2.51e+00   1.5e-02    29.89   2.73e+00   2.36e+00 1.4e-02    8   8  -2     169.300   5.93e+00   4.7e-02     4.55   7.00e+00   6.84e+00 5.4e-02   15  14  35     206.800   6.46e+00   2.1e-01     2.78   6.20e+00   6.96e+00 2.3e-01   18  18  58     157.500   5.09e+00   2.1e-01     1.95   5.04e+00   5.19e+00 2.2e-01   25  25  61     122.000   3.74e+00   2.4e-01     1.57  3.79e+00 2.4e-01   38  36  63     280.700    17.670     1.55     5.564  11.430   25  18  69      5      3     4     IRAS 18308-0043                                    
  228	  183324.4+004125  18:33:24.47 +00:41:24.7     0.000   8.73e-03   1.6e-02     0.09   1.25e-01   1.93e-01 3.5e-01   61  50  24       0.000   9.07e-02   4.1e-02     0.06   4.01e-01   7.66e-01 3.5e-01   44  34  52       8.514   3.31e-01   6.9e-02     0.15   5.77e-01   9.47e-01 2.0e-01   39  23  17       9.266   4.45e-01   8.4e-02     0.21   5.08e-01   7.66e-01 1.4e-01   34  25   5       9.788   3.79e-01   6.7e-02     0.20  5.33e-01 9.4e-02   50  36   7      15.480     1.528     0.33     0.689   4.600   35  24  -4      3      1     2     SSTgbs J1833237+004042                             
  229	  183324.8-003930  18:33:24.87 -00:39:31.5     4.452  -3.01e-02   6.8e-03    -0.64  -1.22e-01  -2.94e-02 6.6e-03   40  10 -77       0.000   9.45e-02   3.6e-02     0.08   3.52e-01   3.87e-01 1.5e-01   41  26 -61      13.070   6.36e-01   1.6e-01     0.36   9.68e-01   1.35e+00 3.5e-01   41  18 -69      24.270   8.61e-01   1.4e-01     0.45   1.08e+00   1.33e+00 2.1e-01   47  25 -73      22.300   1.25e+00   2.0e-01     0.71  1.70e+00 2.8e-01   55  36 -75      44.740     4.585     0.83     1.842   5.514   42  18 -72      3      0     0             					  no SED fit    
  230	  183326.1+004055  18:33:26.13 +00:40:55.1     0.000  -7.14e-02   1.0e-30    -3.40  -5.53e-01   2.84e-02 4.0e-31   61  17 -86       0.000   9.89e-02   4.2e-02     0.06   5.05e-01   8.44e-01 3.6e-01   49  43 -36       6.943   3.80e-01   7.6e-02     0.17   6.32e-01   1.21e+00 2.4e-01   52  19 -54       8.856   5.53e-01   7.9e-02     0.27   6.89e-01   1.18e+00 1.7e-01   45  25 -52      10.650   4.62e-01   6.7e-02     0.25  5.91e-01 8.6e-02   53  36 -47      15.980     1.776     0.38     0.757   4.620   43  20 -57      3      0     2     SSTgbs J1833241+004036                             
  231	  183326.5-004352  18:33:26.58 -00:43:52.1     0.000   8.03e-03   1.4e-02     0.10   1.07e-01   8.58e-01 1.5e+00   57  43 -71       0.000   1.55e-01   4.3e-02     0.11   7.25e-01   1.56e-02 4.3e-03   48  36  48       6.336   2.54e-01   6.5e-02     0.14   4.06e-01   6.84e-01 1.7e-01   40  20 -69       7.376   2.82e-01   8.5e-02     0.16   3.19e-01   4.51e-01 1.4e-01   33  25 -72       7.473   2.46e-01   9.8e-02     0.15  2.65e-01 1.1e-01   48  36 -81      10.440     0.810     0.20     0.347   3.989   37  21 -70      3      0     3             					tentative bound 
  232	  183329.4-005123  18:33:29.46 -00:51:23.4     1.840  -2.08e-02   1.1e-02    -0.42  -3.17e-01  -9.41e-03 5.1e-03   84  50  -9       0.000   1.69e-01   3.6e-02     0.12   1.01e+00   2.67e+00 5.7e-01   74  52  66       0.000   1.83e-01   4.1e-02     0.08   5.08e-01   1.75e+00 3.9e-01   83  39  69       6.204   3.07e-01   4.7e-02     0.17   5.07e-01   1.64e+00 2.5e-01   67  41  87       7.551   3.42e-01   9.4e-02     0.20  9.42e-01 2.6e-01   69  44  86       9.020     0.955     0.24     0.722   3.943   76  45 -77      2      2     0             					  no SED fit    
  233	  183329.6-004734  18:33:29.66 -00:47:34.2     0.000   6.59e-03   1.6e-02     0.08   1.13e-01  -3.24e-01 8.0e-01   89  77 -39       0.000   1.91e-01   5.1e-02     0.13   1.09e+00   2.54e+00 6.8e-01   61  50 -57       9.904   5.82e-01   6.1e-02     0.29   1.55e+00   4.25e+00 4.5e-01   49  47 -36      16.640   9.39e-01   6.1e-02     0.46   1.52e+00   4.51e+00 2.9e-01   49  47 -21      21.620   1.03e+00   7.5e-02     0.54  3.04e+00 2.2e-01   56  51  17      38.240     4.660     0.94     2.990   4.964   46  39  -3      3      0     2     DOBASHI 1292                                       
  234	  183335.2-004018  18:33:35.27 -00:40:18.0    15.540   4.03e-01   2.3e-02     5.02   4.39e-01   2.93e-01 1.7e-02    8   8  -6      10.570   3.75e-01   5.6e-02     0.31   4.24e-01   2.28e-01 3.4e-02   14  14  82       0.000   8.96e-02   7.2e-02     0.05   8.60e-02   4.44e-02 3.5e-02   18  18 -49       0.000   1.43e-02   6.4e-02     0.01   1.42e-02   5.26e-03 2.4e-02   25  25 -70       0.000   1.71e-02   6.9e-02     0.01  2.23e-03 9.0e-03   36  36  60       0.339    -0.059    -0.02    -0.021   2.916   28  20 -48      2      0     4             					  no SED fit    
  235	  183337.2+003631  18:33:37.28 +00:36:30.8     2.947  -3.02e-02   1.0e-02    -0.67  -3.45e-01  -3.08e-01 1.0e-01   88  27  88       0.000   1.58e-01   3.4e-02     0.10   1.01e+00   2.18e+00 4.7e-01   88  59 -25      12.890   4.92e-01   9.1e-02     0.18   1.01e+00   2.66e+00 4.9e-01   79  22 -37      21.820   9.74e-01   2.8e-01     0.34   1.39e+00   3.70e+00 1.1e+00   81  27 -36      26.750   1.36e+00   3.4e-01     0.54  3.32e+00 8.3e-01   83  36 -36      51.180     3.767     0.37     1.982  10.110   80  22 -37      3      0     2     LDN 583                                            
  236	  183340.1-004548  18:33:40.15 -00:45:49.7     0.000   1.42e-03   1.4e-02     0.02   1.11e-02   4.02e-01 4.1e+00   64  17  70       0.000   6.08e-02   4.5e-02     0.04   3.42e-01   3.13e-01 2.3e-01   57  51  89       6.400   2.50e-01   5.6e-02     0.13   5.08e-01   8.90e-01 2.0e-01   41  28  68       6.444   2.92e-01   6.2e-02     0.17   3.70e-01   6.42e-01 1.4e-01   38  29  65       6.771   2.25e-01   1.2e-01     0.14  2.81e-01 1.6e-01   41  36  75      11.110     0.882     0.23     0.374   3.806   38  21  61      3      1     2            						tentative bound 
  237	  183342.6-010529  18:33:42.63 -01:05:30.4     0.000   2.05e-02   1.8e-02     0.24   3.14e-01  -3.75e-01 3.3e-01   71  55  28       0.000   1.81e-01   4.9e-02     0.12   9.63e-01   1.77e+00 4.8e-01   57  43  10       0.000   2.34e-01   5.2e-02     0.10   5.43e-01   1.46e+00 3.2e-01   53  32   8       6.007   2.43e-01   8.7e-02     0.12   3.14e-01   5.43e-01 2.0e-01   52  25   9       7.790   3.70e-01   1.2e-01     0.20  5.66e-01 1.8e-01   54  36  12      11.010     0.975     0.22     0.496   4.447   47  24  10      2      0     0             					  no SED fit    
  238	  183343.5+003456  18:33:43.51 +00:34:55.6    21.130   4.93e-01   2.5e-02     5.78   5.41e-01   6.21e-01 3.2e-02    9   8  59      22.340   9.15e-01   5.2e-02     0.57   9.97e-01   7.15e-01 4.0e-02   14  14 -16      25.130   8.25e-01   1.8e-01     0.27   8.92e-01   8.43e-01 1.8e-01   22  18 -42      29.740   9.44e-01   3.9e-01     0.28   1.06e+00   1.13e+00 4.7e-01   33  25 -30      34.480   9.99e-01   4.5e-01     0.30  1.23e+00 5.5e-01   47  36 -33      51.790     2.862     0.22     0.974  12.950   29  18 -34      5      0     4     IRAS 18311+0032               no SED fit    
  239	  183345.9+003458  18:33:45.92 +00:34:57.7     2.163  -2.59e-02   1.2e-02    -0.38  -9.00e-02   9.57e-03 4.4e-03   37   9  40       0.000   7.20e-02   3.9e-02     0.05   2.15e-01   1.53e-01 8.3e-02   31  23  44       9.278   4.31e-01   9.6e-02     0.16   4.30e-01   6.34e-01 1.4e-01   19  18 -63      13.680   7.93e-01   2.7e-01     0.25   8.01e-01   1.02e+00 3.4e-01   26  25 -44      20.140   6.01e-01   3.2e-01     0.18  7.30e-01 3.9e-01   41  36  24      30.500     3.411     0.31     1.192  11.170   31  18  22      3      1     2     IRAS 18311+0032                             
  240	  183346.5+003249  18:33:46.53 +00:32:49.5     0.000   7.74e-03   1.3e-02     0.10   3.26e-02   8.15e-02 1.3e-01   24  14   0       1.655  -6.82e-02   4.1e-02    -0.05  -1.61e-01  -1.35e-02 8.2e-03   38  15  33       7.110   2.69e-01   4.2e-02     0.12   3.27e-01   3.80e-01 6.0e-02   26  18 -66      16.610   5.62e-01   2.0e-01     0.24   6.06e-01   6.72e-01 2.4e-01   30  25 -67      18.510   6.51e-01   3.1e-01     0.29  6.32e-01 3.1e-01   37  36 -63      38.750     3.305     0.50     1.100   6.622   28  18 -68      3      1     2                             
  241	  183347.7+003226  18:33:47.71 +00:32:25.7     0.000   3.60e-02   2.1e-02     0.30   4.75e-01  -3.21e-02 1.8e-02   51  45  20       0.000   1.06e-01   6.0e-02     0.07   5.53e-01   9.46e-01 5.3e-01   48  46  -5       7.897   3.32e-01   3.7e-02     0.15   4.98e-01   7.96e-01 9.0e-02   36  19 -76      18.160   7.73e-01   1.9e-01     0.33   8.98e-01   1.18e+00 2.9e-01   36  25 -73      25.050   9.35e-01   3.3e-01     0.43  8.82e-01 3.1e-01   36  36 -72      48.460     4.572     0.74     1.697   6.214   31  20 -71      3      0     2                             
  242	  183348.7+003435  18:33:48.75 +00:34:35.0     0.000   1.33e-02   1.7e-02     0.13   1.16e-01   8.84e-02 1.1e-01   33  29 -75       0.000   4.20e-02   2.8e-02     0.03   1.50e-01   1.19e-01 8.1e-02   36  27  71      10.410   3.23e-01   4.4e-02     0.12   3.43e-01   4.13e-01 5.6e-02   21  18  29      12.340   3.77e-01   1.5e-01     0.12   3.89e-01   3.93e-01 1.6e-01   27  25  -4       8.349   3.59e-01   2.2e-01     0.11  3.83e-01 2.3e-01   46  36 -86      21.890     1.634     0.17     0.538   9.576   27  18 -48      3      0     2     PLCKECC G031.44+04.18                              
  243	  183351.2-004324  18:33:51.25 -00:43:23.9     0.000   4.57e-02   2.2e-02     0.41   6.34e-01   1.36e-01 6.7e-02   58  47 -18       0.000   4.83e-02   3.7e-02     0.04   2.77e-01   1.02e+00 7.7e-01   59  52  31       6.220   2.25e-01   6.5e-02     0.13   4.13e-01   7.62e-01 2.2e-01   39  24  10       6.255   2.63e-01   6.6e-02     0.17   3.27e-01   5.44e-01 1.4e-01   40  26   9       6.519   2.24e-01   7.7e-02     0.16  3.05e-01 1.1e-01   47  36  14       8.760     0.814     0.28     0.411   2.870   39  27  17      3      2     3            						tentative bound 
  244	  183351.3-010703  18:33:51.31 -01:07:04.6     0.000   2.21e-02   1.7e-02     0.26   3.75e-01   8.96e-01 6.8e-01   83  76  72       0.000   1.99e-01   4.9e-02     0.13   1.16e+00   3.30e+00 8.1e-01   62  52  16      10.390   5.63e-01   6.7e-02     0.27   1.44e+00   4.37e+00 5.2e-01   48  42  23      14.900   7.78e-01   1.1e-01     0.40   1.23e+00   3.54e+00 5.0e-01   46  45  27      16.090   6.86e-01   1.4e-01     0.38  1.49e+00 3.1e-01   48  44 -88      26.830     2.824     0.69     1.882   4.065   47  42  87      3      1     2            						                
  245	  183352.0+003039  18:33:52.09 +00:30:39.1     1.331  -1.28e-02   9.6e-03    -0.20  -1.25e-01   3.50e-01 2.6e-01   68  23  33       0.000   6.59e-02   4.8e-02     0.05   3.81e-01   5.16e-01 3.8e-01   59  54 -36       6.257   1.99e-01   5.2e-02     0.10   3.42e-01   5.88e-01 1.5e-01   53  19 -37      13.410   5.43e-01   6.3e-02     0.28   6.59e-01   1.10e+00 1.3e-01   41  25 -46      18.420   6.81e-01   1.3e-01     0.38  8.85e-01 1.6e-01   49  36 -53      32.150     2.941     0.61     1.398   4.859   40  24 -47      3      3     2            						                
  246	  183355.4-005036  18:33:55.47 -00:50:36.0     0.000   4.32e-02   2.0e-02     0.45   4.37e-01   1.17e-01 5.4e-02   40  32  38       0.000   8.82e-02   3.8e-02     0.07   3.51e-01   2.91e-01 1.2e-01   36  33  52       6.404   1.91e-01   8.2e-02     0.12   2.75e-01   3.85e-01 1.7e-01   31  20  32       6.811   2.13e-01   9.8e-02     0.14   2.36e-01   2.53e-01 1.2e-01   32  25  30       0.000   1.03e-01   1.0e-01     0.07  7.43e-02 7.5e-02   36  36  -3       7.819     0.611     0.21     0.208   2.955   29  18  38      2      1     0            						  no SED fit    
  247	  183356.3+002916  18:33:56.36 +00:29:16.2     6.227  -5.26e-02   8.4e-03    -1.57  -5.26e-01  -2.78e-02 4.5e-03   49  27 -46       0.000   2.15e-01   4.6e-02     0.14   7.85e-01   7.35e-01 1.6e-01   41  25 -31       7.082   2.93e-01   4.6e-02     0.15   4.69e-01   6.99e-01 1.1e-01   33  22 -25       8.963   3.54e-01   3.3e-02     0.19   3.88e-01   5.31e-01 4.9e-02   31  25 -35       7.974   2.52e-01   6.0e-02     0.15  2.59e-01 6.1e-02   41  36 -46      12.030     1.060     0.26     0.439   4.088   31  23 -65      3      2     2            						tentative bound 
  248	  183359.2+003516  18:33:59.25 +00:35:16.2     2.654  -2.88e-02   1.1e-02    -0.44  -3.72e-01  -2.01e-02 7.6e-03   60  39 -83       0.000   2.02e-01   9.6e-02     0.11   1.01e+00   2.63e+00 1.3e+00   56  38 -62       7.439   3.63e-01   1.6e-01     0.13   6.45e-01   1.24e+00 5.4e-01   45  22 -33      10.470   4.72e-01   2.9e-01     0.16   6.27e-01   1.19e+00 7.3e-01   47  28 -40      12.010   5.39e-01   3.6e-01     0.20  9.38e-01 6.3e-01   53  36 -69      17.700     1.846     0.27     0.959   6.747   36  30 -56      3      3     2            						                
  249	  183359.6+003640  18:33:59.66 +00:36:39.9     1.646  -1.88e-02   1.1e-02    -0.27  -1.74e-01   2.26e-01 1.4e-01   62  22 -54       0.000   8.84e-02   4.2e-02     0.06   4.75e-01   1.29e+00 6.2e-01   58  44 -14       7.584   3.59e-01   7.1e-02     0.16   6.44e-01   1.21e+00 2.4e-01   32  28 -77      10.720   5.95e-01   1.5e-01     0.27   7.83e-01   1.49e+00 3.8e-01   38  31 -90      13.920   6.13e-01   2.3e-01     0.29  9.14e-01 3.5e-01   45  37  85      18.370     2.281     0.45     1.147   5.015   36  28 -87      3      1     2            						                
  250	  183400.2+003716  18:34:00.22 +00:37:15.6     0.000   1.58e-03   1.4e-02     0.02   1.95e-02   2.24e-02 2.0e-01   66  34  -3       0.000   1.54e-01   4.3e-02     0.10   6.29e-01   1.07e+00 3.0e-01   44  29 -66      10.160   4.58e-01   3.6e-02     0.23   6.99e-01   1.22e+00 9.5e-02   33  21 -66      12.880   5.66e-01   9.6e-02     0.28   6.35e-01   9.27e-01 1.6e-01   33  25 -62      12.110   4.81e-01   1.7e-01     0.26  5.15e-01 1.8e-01   39  36 -63      20.670     2.237     0.51     0.902   4.371   33  21 -56      3      2     2            						                
  251	  183418.9-005943  18:34:18.95 -00:59:43.3     0.000   1.17e-02   1.6e-02     0.13   1.52e-01   7.48e-01 1.0e+00   56  41 -33       0.000   1.45e-01   5.6e-02     0.09   7.19e-01   1.39e+00 5.4e-01   48  41 -41       6.252   2.34e-01   6.9e-02     0.12   4.77e-01   9.24e-01 2.7e-01   38  30 -47       6.200   2.26e-01   7.9e-02     0.12   2.85e-01   4.58e-01 1.6e-01   39  27 -51       0.000   1.86e-01   7.9e-02     0.10  2.66e-01 1.1e-01   49  36 -48       7.158     0.576     0.16     0.302   3.543   41  28 -57      2      1     0            						  no SED fit    
  252	  183428.7+005518  18:34:28.76 +00:55:17.9     0.000   1.32e-02   1.5e-02     0.18   2.04e-01  -9.23e-02 1.1e-01   64  61  55       7.546   2.69e-01   3.6e-02     0.28   8.71e-01   1.79e+00 2.4e-01   36  23  42       9.035   4.40e-01   3.1e-02     0.36   8.32e-01   1.82e+00 1.3e-01   36  27  52       8.512   3.83e-01   2.9e-02     0.35   5.14e-01   1.01e+00 7.5e-02   39  32  52       6.896   2.50e-01   2.3e-02     0.25  3.91e-01 3.6e-02   46  38  52       9.131     0.917     0.48     0.485   1.900   36  31  55      4      1     1            						                
  253	  183431.0-002504  18:34:31.09 -00:25:03.9    38.050   7.94e-01   2.2e-02     7.44   8.65e-01   8.74e-01 2.4e-02    8   8  27       0.000   1.75e-01   3.7e-02     0.12   1.91e-01   1.18e-01 2.5e-02   14  14  47       0.000   2.12e-02   2.9e-02     0.01   2.04e-02   1.17e-02 1.6e-02   18  18 -25       0.000   1.22e-02   2.7e-02     0.01   1.21e-02   4.40e-03 9.7e-03   25  25   3       0.000   5.33e-03   3.1e-02     0.00  1.12e-03 6.4e-03   36  36  29       1.931    -0.084    -0.04    -0.028   2.339   24  20 -61      1      1     4            						  no SED fit    
  254	  183433.5-004011  18:34:33.50 -00:40:11.2     2.779  -2.57e-02   9.2e-03    -0.46  -1.01e-01  -8.17e-03 2.9e-03   54   8  25      15.470   5.29e-01   6.3e-02     0.35   8.14e-01   1.38e+00 1.6e-01   21  14  72      31.090   1.13e+00   1.0e-01     0.52   1.34e+00   1.92e+00 1.7e-01   25  18  80      27.710   1.06e+00   1.2e-01     0.52   1.19e+00   1.42e+00 1.5e-01   33  25  73      20.170   7.69e-01   8.3e-02     0.42  8.50e-01 9.2e-02   46  36  76      46.240     4.015     0.97     1.334   4.158   28  18  80      4      1     2                             
  255	  183433.8-003826  18:34:33.84 -00:38:27.6     3.294  -3.28e-02   1.0e-02    -0.62  -3.12e-01   9.37e-02 2.8e-02   53  24 -22       7.938   1.66e-01   5.8e-02     0.11   4.26e-01   5.11e-01 1.8e-01   43  15 -63      11.430   4.65e-01   7.6e-02     0.23   6.74e-01   1.10e+00 1.8e-01   27  23  74      12.060   4.61e-01   1.4e-01     0.25   4.94e-01   7.66e-01 2.3e-01   28  25  82       8.241   2.86e-01   1.3e-01     0.17  3.40e-01 1.6e-01   42  36 -75      15.000     1.398     0.42     0.592   3.338   28  26  65      4      0     3     NVSS J183435-003742         tentative bound 
  256	  183433.8+003152  18:34:33.85 +00:31:51.6     0.000   8.68e-03   1.3e-02     0.12   1.58e-01   1.09e-01 1.6e-01  135  85 -56       0.000   1.25e-01   4.7e-02     0.10   9.01e-01   7.90e+00 3.0e+00  143  95 -69       6.725   4.57e-01   8.0e-02     0.30   1.45e+00   8.90e+00 1.6e+00   87  60 -70       9.442   4.74e-01   9.8e-02     0.30   8.53e-01   4.27e+00 8.8e-01  100  50 -64      10.210   5.04e-01   1.2e-01     0.38  2.49e+00 6.1e-01   97  56 -72      11.540     1.444     0.56     1.150   2.581   82  51 -71      3      0     2                             
  257	  183434.8-005920  18:34:34.79 -00:59:20.0     3.399  -3.23e-02   9.5e-03    -0.60  -4.85e-01   2.08e-02 6.1e-03   66  55  -1       0.000   2.48e-02   3.2e-02     0.02   1.64e-01   6.83e-01 8.8e-01   82  73  34       0.000   1.96e-01   7.3e-02     0.09   5.06e-01   1.35e+00 5.0e-01   53  40  78       6.446   2.71e-01   6.8e-02     0.15   3.85e-01   8.41e-01 2.1e-01   46  33 -78       6.806   2.36e-01   4.4e-02     0.15  3.88e-01 7.3e-02   44  37 -87       8.209     0.797     0.25     0.487   3.196   45  35 -71      2      0     0             					  no SED fit    
  258	  183438.9+001528  18:34:38.91 +00:15:28.3     0.000   1.52e-02   1.6e-02     0.14   2.53e-01   2.47e-01 2.6e-01   77  73 -23       0.000   1.59e-01   4.1e-02     0.12   9.73e-01   2.86e+00 7.4e-01   65  61  41       6.177   2.77e-01   3.8e-02     0.19   7.10e-01   2.03e+00 2.8e-01   53  39 -71       6.502   3.02e-01   3.3e-02     0.24   4.84e-01   1.31e+00 1.5e-01   51  44 -56       6.592   2.49e-01   3.4e-02     0.22  5.73e-01 7.8e-02   52  45 -59       7.491     0.723     0.36     0.488   2.035   53  40 -71      3      1     2                             
  259	  183439.5-005700  18:34:39.50 -00:57:01.8     0.000   3.96e-02   2.1e-02     0.36   5.25e-01   1.49e-01 8.0e-02   52  45 -10       0.000   1.98e-01   3.6e-02     0.13   8.63e-01   1.50e+00 2.7e-01   41  35 -46       7.566   3.97e-01   9.4e-02     0.20   6.46e-01   1.11e+00 2.6e-01   32  23 -26       9.145   4.82e-01   6.4e-02     0.26   5.98e-01   9.24e-01 1.2e-01   40  26 -45      10.310   4.68e-01   4.4e-02     0.29  6.62e-01 6.3e-02   50  36 -71      17.540     1.549     0.43     0.718   3.574   37  24 -46      3      1     2                             
  260	  183441.7-005840  18:34:41.71 -00:58:39.9     0.533  -6.63e-03   1.2e-02    -0.09  -8.87e-02  -4.83e-03 9.1e-03   73  38 -89       0.000   6.91e-03   2.6e-02     0.00   4.50e-02   3.66e-01 1.4e+00   81  68  20       0.000   2.09e-01   6.3e-02     0.10   5.64e-01   1.38e+00 4.2e-01   52  46 -68       6.049   2.02e-01   6.8e-02     0.11   2.82e-01   4.96e-01 1.7e-01   51  29  -2       6.967   2.79e-01   8.3e-02     0.17  5.16e-01 1.5e-01   47  44 -84       8.097     0.707     0.19     0.355   3.633   41  26  75      2      1     0     DOBASHI 1290                  no SED fit    
  261	  183448.3-010924  18:34:48.30 -01:09:25.7     0.000   1.16e-02   1.6e-02     0.12   1.94e-01  -6.48e-01 8.7e-01   79  72 -65       0.000   1.63e-01   5.4e-02     0.10   9.23e-01   1.50e+00 5.0e-01   75  43 -14       6.620   1.50e-01   6.0e-02     0.06   3.03e-01   7.15e-01 2.8e-01   80  22 -31       7.997   3.83e-01   8.5e-02     0.19   5.59e-01   1.40e+00 3.1e-01   53  32 -20       9.334   4.21e-01   8.0e-02     0.23  8.00e-01 1.5e-01   56  36 -14      14.020     0.624     0.13     0.341   4.907   73  23 -32      3      2     2                             
  262	  183449.9-004325  18:34:49.97 -00:43:25.1     0.000   2.52e-02   1.9e-02     0.24   3.13e-01   1.79e-01 1.3e-01   47  41 -39      11.500   3.75e-01   5.0e-02     0.23   1.38e+00   2.29e+00 3.0e-01   45  24 -11      20.410   8.58e-01   7.6e-02     0.33   1.32e+00   2.26e+00 2.0e-01   42  18  -9      20.740   1.05e+00   8.2e-02     0.46   1.26e+00   1.88e+00 1.5e-01   39  25  -1      18.520   7.82e-01   6.0e-02     0.40  9.46e-01 7.3e-02   39  36   2      34.060     3.167     0.69     1.247   4.598   35  20  -4      4      0     2                             
  263	  183451.9-011147  18:34:51.97 -01:11:47.2     0.000   6.14e-03   1.5e-02     0.07   1.01e-01  -1.39e-01 3.4e-01   76  70  25       0.000   7.68e-02   3.7e-02     0.05   4.74e-01   9.18e-01 4.4e-01   74  57 -45       0.000   2.13e-01   5.1e-02     0.09   5.18e-01   1.38e+00 3.3e-01   50  36  30       6.363   2.48e-01   7.6e-02     0.12   3.41e-01   7.06e-01 2.2e-01   49  29  43       6.775   2.07e-01   8.2e-02     0.11  3.44e-01 1.4e-01   45  36  36       8.041     0.810     0.21     0.470   3.855   51  29  48      2      1     0              					  no SED fit    
  264	  183455.2-005405  18:34:55.26 -00:54:05.1     0.000   5.57e-04   1.4e-02     0.01   2.48e-03   1.33e-01 3.4e+00  103   8  73       0.000   2.57e-03   2.0e-02     0.00   1.43e-02   6.76e-01 5.2e+00   78  41  25       7.551   3.26e-01   2.2e-02     0.18   5.92e-01   1.16e+00 7.8e-02   42  23  -1       9.511   4.04e-01   3.0e-02     0.24   5.11e-01   9.16e-01 6.9e-02   41  27  -4       8.750   3.11e-01   4.7e-02     0.21  4.12e-01 6.2e-02   44  36  -7      14.170     1.405     0.47     0.709   2.977   40  26   1      3      1     2              					                
  265	  183455.9-003456  18:34:55.98 -00:34:56.1     2.363  -2.59e-02   1.1e-02    -0.45  -2.06e-01  -4.44e-03 1.9e-03   42  21 -83       0.000   2.05e-01   4.3e-02     0.13   4.84e-01   9.37e-01 1.9e-01   28  18  72       9.350   4.33e-01   8.6e-02     0.21   6.37e-01   9.76e-01 1.9e-01   29  22  71       8.627   4.42e-01   9.6e-02     0.23   4.68e-01   5.94e-01 1.3e-01   28  25  63       8.249   3.62e-01   8.7e-02     0.21  3.55e-01 8.5e-02   36  36  60      14.610     1.383     0.35     0.470   3.968   25  20  76      3      1     2              					                
  266	  183457.3-003423  18:34:57.38 -00:34:24.6     0.000   1.38e-02   1.5e-02     0.16   2.40e-01   6.67e-02 7.5e-02   90  85   2       0.000   2.01e-01   4.2e-02     0.13   1.27e+00   5.36e+00 1.1e+00   77  62 -30       6.622   3.90e-01   1.0e-01     0.18   7.31e-01   1.63e+00 4.3e-01   47  23  23       9.422   4.83e-01   9.8e-02     0.24   7.22e-01   1.91e+00 3.9e-01   54  34   9      10.920   4.96e-01   1.0e-01     0.27  1.11e+00 2.2e-01   62  40 -10      14.800     1.584     0.36     0.797   4.450   48  24  21      3      1     2              					                
  267	  183457.8-004323  18:34:57.83 -00:43:24.7     1.671  -1.91e-02   1.1e-02    -0.33  -2.76e-01  -2.41e-03 1.4e-03   95  41  18       0.000   1.98e-02   3.0e-02     0.01   1.35e-01   1.59e+00 2.4e+00   90  83   4       0.000   2.24e-01   7.6e-02     0.09   6.79e-01   2.73e+00 9.3e-01   71  55  33       7.613   4.91e-01   9.2e-02     0.25   8.61e-01   3.22e+00 6.0e-01   67  53  43       9.673   5.86e-01   6.9e-02     0.34  1.73e+00 2.0e-01   58  52  36      15.830     2.155     0.55     1.574   3.885   55  49  88      2      1     0              					  no SED fit    
  268	  183458.8-011119  18:34:58.85 -01:11:19.2     5.123  -4.38e-02   8.6e-03    -0.94  -5.39e-01  -1.32e-02 2.6e-03   70  33  43       0.000   4.96e-02   3.6e-02     0.03   3.09e-01  -2.74e-01 2.0e-01   69  63  58       0.000   2.44e-01   5.3e-02     0.10   5.25e-01   1.06e+00 2.3e-01   39  33 -72       7.447   3.50e-01   5.9e-02     0.18   5.09e-01   1.14e+00 1.9e-01   44  36  56       7.319   2.91e-01   6.8e-02     0.17  4.51e-01 1.1e-01   45  36  66       9.761     1.027     0.30     0.605   3.478   42  34  37      2      1     0              					  no SED fit    
  269	  183459.5-004228  18:34:59.51 -00:42:28.1     0.000   2.46e-02   1.9e-02     0.25   3.18e-01  -4.88e-01 3.8e-01   52  43  -9       0.000   9.32e-02   4.5e-02     0.06   4.67e-01   9.61e-01 4.6e-01   50  41  21       7.441   2.74e-01   6.6e-02     0.12   4.83e-01   8.23e-01 2.0e-01   36  25  70      10.800   4.84e-01   9.9e-02     0.23   5.59e-01   8.17e-01 1.7e-01   35  25  76      10.600   4.46e-01   9.7e-02     0.23  5.45e-01 1.2e-01   37  36 -86      18.290     1.966     0.46     0.894   4.291   32  26  86      3      0     2     DOBASHI 1307                                       
  270	  183501.1-010538  18:35:01.10 -01:05:39.8     0.000  -8.29e-02   1.0e-30    -6.64  -1.25e+00   2.57e-01 3.1e-30  116  44  83       0.000   1.47e-01   8.6e-02     0.09   1.05e+00   7.02e+00 4.1e+00  112 100  47       7.402   4.19e-01   6.9e-02     0.21   1.41e+00   9.46e+00 1.6e+00   90  83  19       8.843   4.69e-01   8.6e-02     0.24   8.92e-01   5.52e+00 1.0e+00   83  78 -14      10.800   5.36e-01   7.2e-02     0.30  3.10e+00 4.2e-01   82  78   7      14.090     1.615     0.45     1.390   3.599   79  77   6      3      0     2     DOBASHI 1280                                      
  271	  183501.8-005901  18:35:01.80 -00:59:02.5     0.436  -6.09e-03   1.4e-02    -0.07  -8.24e-02  -1.47e-01 3.4e-01   64  41  62       0.000   4.21e-02   3.6e-02     0.03   2.74e-01   1.31e+00 1.1e+00   77  70 -71       6.303   2.49e-01   3.5e-02     0.13   5.96e-01   1.59e+00 2.3e-01   62  31 -66       8.220   3.20e-01   5.1e-02     0.17   4.66e-01   1.07e+00 1.7e-01   59  31 -66       7.754   3.06e-01   5.0e-02     0.19  5.49e-01 9.0e-02   57  36 -62      11.090     0.937     0.28     0.534   3.403   54  28 -67      3      1     2                             
  272	  183503.0-005653  18:35:03.05 -00:56:52.9     0.000   1.13e-03   1.5e-02     0.01   1.65e-02   5.05e-01 6.6e+00  101  42 -46       0.000   5.60e-02   5.1e-02     0.04   3.72e-01   2.66e+00 2.4e+00   86  73 -22       0.000   2.43e-01   4.7e-02     0.10   6.12e-01   1.87e+00 3.6e-01   55  37  27       7.159   3.58e-01   1.0e-01     0.17   5.15e-01   1.14e+00 3.3e-01   57  30  37       8.783   4.01e-01   1.2e-01     0.22  7.22e-01 2.2e-01   51  36  46      14.290     1.578     0.39     0.906   4.086   49  29  46      2      1     0             					  no SED fit    
  273	  183503.7-004212  18:35:03.74 -00:42:12.3     0.000   3.02e-02   1.7e-02     0.30   2.70e-01   1.00e-01 5.7e-02   35  28  61       0.000   1.15e-01   4.7e-02     0.07   4.24e-01   5.63e-01 2.3e-01   35  29  25       6.423   1.89e-01   4.2e-02     0.08   2.46e-01   3.27e-01 7.3e-02   26  20 -76       6.950   2.25e-01   9.3e-02     0.10   2.41e-01   2.70e-01 1.1e-01   29  25 -40       0.000   1.43e-01   9.3e-02     0.07  8.98e-02 5.9e-02   36  36 -35       9.014     0.644     0.14     0.226   4.515   30  19 -58      2      0     0     DOBASHI 1307                  no SED fit    
  274	  183506.4-003855  18:35:06.48 -00:38:56.9     0.000   4.96e-02   2.2e-02     0.37   5.66e-01   6.98e-02 3.1e-02   43  37 -42       0.000   1.72e-02   2.6e-02     0.01   8.31e-02   5.04e-01 7.5e-01   51  37 -67       8.573   3.07e-01   3.5e-02     0.15   4.21e-01   6.44e-01 7.4e-02   29  20  88      11.580   4.29e-01   6.7e-02     0.22   4.75e-01   5.79e-01 9.0e-02   31  25 -80       9.207   3.39e-01   6.6e-02     0.19  3.14e-01 6.1e-02   43  36 -79      19.280     1.599     0.42     0.598   3.787   31  20 -81      3      1     2     TGU H279 P42                                
  275	  183511.4-005640  18:35:11.40 -00:56:40.2     1.769  -2.08e-02   1.2e-02    -0.27  -1.09e-01   1.11e-02 6.3e-03   34  14  -7       0.000   5.67e-02   3.2e-02     0.04   2.75e-01   5.91e-01 3.3e-01   45  41  65       6.495   2.28e-01   3.9e-02     0.10   3.88e-01   6.22e-01 1.1e-01   30  27 -40       7.513   3.13e-01   7.8e-02     0.14   3.57e-01   4.95e-01 1.2e-01   31  27 -46       7.781   2.89e-01   1.1e-01     0.15  3.33e-01 1.3e-01   38  36 -60      10.700     0.916     0.20     0.353   4.569   28  22 -64      3      3     2                             
  276	  183512.4-005835  18:35:12.44 -00:58:36.6     0.405  -5.09e-03   1.3e-02    -0.07  -6.99e-02   6.00e-01 1.5e+00   72  40 -55       0.000   5.26e-02   3.3e-02     0.03   3.22e-01   1.65e+00 1.0e+00   67  60  -1       8.850   3.82e-01   3.9e-02     0.17   7.95e-01   1.49e+00 1.5e-01   47  27  35      15.010   6.67e-01   7.3e-02     0.33   9.26e-01   1.84e+00 2.0e-01   42  33  62      15.730   6.66e-01   7.4e-02     0.36  9.33e-01 1.0e-01   45  36  56      27.890     2.742     0.68     1.444   4.011   38  29  66      3      0     2                             
  277	  183516.0-003409  18:35:16.06 -00:34:10.8     3.627  -3.79e-02   1.0e-02    -1.02  -2.83e-01  -7.21e-02 2.0e-02   37  21 -50       0.000   2.98e-02   2.4e-02     0.02   1.22e-01   4.11e-01 3.3e-01   43  30 -25       6.112   1.93e-01   7.8e-02     0.09   2.77e-01   3.93e-01 1.6e-01   36  18 -23       6.146   2.86e-01   1.0e-01     0.14   3.38e-01   3.26e-01 1.2e-01   38  25  10       6.141   2.39e-01   9.2e-02     0.12  1.86e-01 7.2e-02   45  36  17       8.017     0.881     0.17     0.358   5.133   39  19 -19      3      2     3            						tentative bound 
  278	  183517.6-004250  18:35:17.61 -00:42:50.3     0.000   8.83e-03   1.6e-02     0.09   1.03e-01  -3.92e-01 7.2e-01   48  36  74       0.000   1.50e-01   3.9e-02     0.10   7.23e-01   1.28e+00 3.4e-01   49  37  78       8.697   4.02e-01   5.4e-02     0.19   6.40e-01   9.78e-01 1.3e-01   47  18  87       9.322   4.95e-01   6.1e-02     0.25   6.31e-01   9.26e-01 1.1e-01   49  25  82       9.946   4.25e-01   5.3e-02     0.24  4.89e-01 6.1e-02   51  36  81      17.200     1.566     0.37     0.633   4.229   43  18  80      3      1     2                             
  279	  183517.9-010915  18:35:17.94 -01:09:16.9     0.000   5.89e-02   2.3e-02     0.38   7.39e-01   2.50e-01 9.8e-02   49  41 -55       7.007   3.06e-01   7.1e-02     0.18   1.33e+00   2.75e+00 6.4e-01   40  36  77       7.909   3.84e-01   7.6e-02     0.16   5.65e-01   8.85e-01 1.7e-01   38  18  23       8.552   4.62e-01   7.9e-02     0.22   5.54e-01   9.29e-01 1.6e-01   34  27  15       8.842   3.87e-01   7.5e-02     0.21  4.46e-01 8.7e-02   36  36  24      12.270     1.015     0.26     0.377   3.903   35  18  18      4      0     1     IRAS 18327-0111                                    
  280	  183518.2-003716  18:35:18.29 -00:37:16.0    30.510   6.41e-01   2.8e-02     6.27   7.82e-01   6.49e-01 2.8e-02   10   8  30      21.640   8.11e-01   4.5e-02     0.58   8.83e-01   5.43e-01 3.0e-02   14  14  46      13.230   3.35e-01   5.9e-02     0.17   3.21e-01   2.13e-01 3.8e-02   18  18 -26       6.001   1.24e-01   5.6e-02     0.07   1.23e-01   6.06e-02 2.7e-02   25  25   9       0.000   2.26e-02   4.5e-02     0.01  4.40e-03 8.8e-03   36  36  82       0.000     0.246     0.06     0.062   3.942   18  18 -52      4      0     4                             
  281	  183519.7-003319  18:35:19.70 -00:33:19.0     0.105  -1.47e-03   1.4e-02    -0.02  -1.60e-03   2.00e-02 1.9e-01    8   8  90       0.000   1.03e-01   3.8e-02     0.07   3.04e-01   2.67e-01 1.0e-01   29  24 -84       6.774   1.85e-01   4.2e-02     0.08   2.32e-01   2.24e-01 5.0e-02   27  18  89       8.499   2.62e-01   5.5e-02     0.12   2.74e-01   3.15e-01 6.6e-02   28  25  85       0.000   7.77e-02   4.8e-02     0.03  3.69e-02 2.3e-02   36  36 -63       9.106     0.630     0.12     0.189   5.429   23  18  80      2      0     0             					  no SED fit    
  282	  183521.1-004428  18:35:21.12 -00:44:29.7     0.000   2.42e-02   1.9e-02     0.20   2.81e-01   1.52e-01 1.2e-01   45  37   9       0.000   1.59e-01   3.5e-02     0.10   5.37e-01   6.82e-01 1.5e-01   40  23 -47       7.975   3.20e-01   4.5e-02     0.16   4.77e-01   6.23e-01 8.8e-02   39  18 -43      10.800   3.84e-01   6.1e-02     0.21   4.53e-01   4.84e-01 7.7e-02   37  25 -45       7.256   2.66e-01   4.0e-02     0.17  2.54e-01 3.8e-02   51  36 -41      12.500     1.071     0.32     0.410   3.316   37  18 -40      3      0     2                             
  283	  183522.0-003348  18:35:22.00 -00:33:48.2     1.661  -1.89e-02   1.1e-02    -0.30  -8.16e-02   1.81e-03 1.1e-03   22  16   9       0.000   6.46e-02   3.4e-02     0.04   1.90e-01   3.57e-01 1.9e-01   31  22 -79       8.366   2.30e-01   8.2e-02     0.10   2.20e-01   1.67e-01 6.0e-02   18  18   3       8.522   3.34e-01   1.1e-01     0.14   3.33e-01   3.52e-01 1.1e-01   25  25 -61       0.000   1.28e-01   7.0e-02     0.06  5.13e-02 2.8e-02   36  36 -64       8.720     0.793     0.13     0.214   6.222   20  18  -1      2      1     0     DOBASHI 1317                  no SED fit    
  284	  183523.2-003755  18:35:23.20 -00:37:56.5     2.590  -2.65e-02   1.0e-02    -0.48  -1.72e-01  -8.15e-03 3.1e-03   37  17  59       6.447   2.43e-01   4.2e-02     0.17   4.72e-01   4.63e-01 8.0e-02   26  15  79      14.170   5.25e-01   5.3e-02     0.24   6.09e-01   8.97e-01 9.0e-02   24  18  86      14.960   5.84e-01   7.0e-02     0.28   6.44e-01   7.06e-01 8.5e-02   31  25  86      15.070   4.61e-01   7.0e-02     0.25  4.45e-01 6.8e-02   47  36  83      25.060     2.143     0.46     0.678   4.630   25  18  85      4      1     2                             
  285	  183523.6-003917  18:35:23.60 -00:39:18.9     2.061  -2.03e-02   9.9e-03    -0.33  -6.62e-02   9.62e-04 4.7e-04   29   9 -71       0.000   1.66e-01   3.6e-02     0.10   3.88e-01   3.44e-01 7.5e-02   28  18 -48       6.986   2.77e-01   7.8e-02     0.13   3.00e-01   3.94e-01 1.1e-01   22  18 -57       9.648   4.28e-01   1.2e-01     0.20   4.48e-01   4.69e-01 1.3e-01   28  25 -51       9.742   4.16e-01   7.3e-02     0.23  4.06e-01 7.2e-02   39  36 -65      13.310     1.123     0.24     0.349   4.734   25  18 -54      3      1     2                             
  286	  183523.8-003342  18:35:23.80 -00:33:43.6     2.234  -2.20e-02   9.8e-03    -0.43  -7.70e-02  -6.58e-03 2.9e-03   39   8 -24       1.546  -4.03e-02   2.6e-02    -0.03  -8.71e-02   1.03e-01 6.7e-02   33  14 -20       0.000   1.96e-01   7.8e-02     0.07   2.14e-01   2.46e-01 9.8e-02   22  18  53       7.946   3.66e-01   1.2e-01     0.15   3.63e-01   4.27e-01 1.4e-01   25  25  75       8.147   3.35e-01   1.2e-01     0.14  4.49e-01 1.7e-01   53  36 -19      12.350     1.210     0.18     0.313   6.706   19  18  60      2      1     0             					  no SED fit    
  287	  183524.0-003528  18:35:24.04 -00:35:29.5     1.753  -1.94e-02   1.1e-02    -0.35  -8.52e-02   3.84e-03 2.2e-03   38  11 -45       8.166   2.58e-01   4.5e-02     0.18   7.70e-01   1.18e+00 2.1e-01   33  22  59      13.450   4.97e-01   6.8e-02     0.23   7.46e-01   1.09e+00 1.5e-01   31  21  59      16.440   6.44e-01   9.5e-02     0.30   7.33e-01   9.62e-01 1.4e-01   34  25  59      11.360   2.33e-01   1.1e-01     0.11  1.14e-01 5.5e-02   50  36  50      22.760     1.660     0.34     0.562   4.913   28  18  56      4      1     3             					tentative bound 
  288	  183524.2-003413  18:35:24.23 -00:34:14.8     0.000   2.30e-02   1.8e-02     0.23   2.14e-01  -2.47e-01 2.0e-01   41  27 -71       0.000   6.19e-02   3.6e-02     0.04   2.36e-01   3.07e-01 1.8e-01   37  29 -37       6.858   1.89e-01   9.6e-02     0.08   2.35e-01   2.44e-01 1.2e-01   27  18  28       6.460   2.99e-01   1.4e-01     0.12   2.97e-01   3.06e-01 1.4e-01   25  25 -19       0.000   1.71e-01   8.0e-02     0.07  9.22e-02 4.3e-02   36  36  49       9.582     0.779     0.12     0.256   6.721   27  18 -51      2      2     0     DOBASHI 1317                  no SED fit    
  289	  183526.4-011704  18:35:26.45 -01:17:05.6     0.000   3.30e-03   1.4e-02     0.04   4.56e-02   2.14e-01 9.3e-01   69  42 -51       6.694   8.81e-02   4.9e-02     0.06   2.82e-01   4.90e-01 2.7e-01   53  19 -21       9.554   3.87e-01   1.1e-01     0.19   6.12e-01   1.02e+00 3.0e-01   32  23 -33       9.597   3.68e-01   1.1e-01     0.21   4.16e-01   6.13e-01 1.8e-01   33  25 -31       8.906   3.15e-01   1.3e-01     0.21  3.35e-01 1.4e-01   37  36 -36      14.590     1.327     0.46     0.591   2.899   33  25 -31      4      2     3                               
  290	  183531.0-003353  18:35:31.06 -00:33:54.6     1.578  -1.68e-02   1.1e-02    -0.29  -1.83e-01  -2.71e-02 1.7e-02   60  28   0       0.000   5.59e-02   3.7e-02     0.04   3.39e-01   1.33e+00 8.9e-01   64  60  28       8.140   3.67e-01   1.0e-01     0.15   8.04e-01   1.69e+00 4.6e-01   56  28  13      15.500   7.75e-01   1.8e-01     0.29   1.09e+00   2.16e+00 5.1e-01   55  29  14      17.120   8.89e-01   1.9e-01     0.36  1.45e+00 3.1e-01   60  36  10      28.170     2.678     0.31     1.393   8.513   55  24  16      3      0     2     PGCC G030.62+03.28                          
  291	  183535.0-003336  18:35:35.07 -00:33:37.4     0.000   4.95e-04   1.5e-02     0.01   2.06e-03  -3.94e-01 1.2e+01   66   8  62       0.000   6.63e-02   3.7e-02     0.04   3.27e-01   6.24e-01 3.4e-01   46  41  65      12.590   4.19e-01   9.3e-02     0.16   5.89e-01   8.29e-01 1.8e-01   29  20 -87      20.470   9.68e-01   1.8e-01     0.35   1.16e+00   1.71e+00 3.2e-01   32  28  83      21.650   1.08e+00   1.8e-01     0.40  1.26e+00 2.1e-01   36  36  50      62.460     5.365     0.66     2.166   8.137   28  24  82      3      1     2     PGCC G030.62+03.28                          
  292	  183536.1-003443  18:35:36.16 -00:34:44.6     0.565  -7.47e-03   1.3e-02    -0.10  -2.74e-02  -5.07e-02 9.0e-02   44   8  67       0.000   4.21e-02   4.6e-02     0.03   1.54e-01   4.34e-01 4.7e-01   34  29  84       7.662   2.88e-01   1.7e-01     0.12   3.88e-01   5.01e-01 2.9e-01   31  18 -86      11.800   3.46e-01   2.2e-01     0.14   3.92e-01   3.88e-01 2.5e-01   33  25 -78       7.495   2.01e-01   2.0e-01     0.07  2.63e-01 2.6e-01   54  36  77      15.600     0.924     0.14     0.350   6.503   36  18 -73      3      2     0               no SED fit      
  293	  183541.9-013417  18:35:41.90 -01:34:18.8     0.000   0.00e+00   0.0e+00     0.00   0.00e+00   0.00e+00 0.0e+00    0   0   0       6.527   1.11e-01   4.8e-02     0.07   3.29e-01   5.31e-01 2.3e-01   32  22  58       7.206   2.86e-01   5.2e-02     0.13   3.67e-01   4.41e-01 8.0e-02   28  18  65       6.584   2.29e-01   8.3e-02     0.12   2.45e-01   2.57e-01 9.3e-02   29  25  70       0.000   1.03e-01   7.8e-02     0.06  8.04e-02 6.1e-02   37  36  58       6.664     0.527     0.15     0.181   3.613   30  18  73      3      1     1                               
  294	  183542.1-003317  18:35:42.15 -00:33:18.6   562.500   9.86e+00   2.4e-02    68.28   1.12e+01   1.53e+01 3.8e-02    9   8  51    1074.000   3.43e+01   1.1e-01    19.55   3.73e+01   4.22e+01 1.3e-01   14  14  -3     889.400   2.49e+01   1.7e-01     8.84   2.39e+01   2.87e+01 2.0e-01   18  18 -82     466.500   1.47e+01   3.8e-01     4.12   1.46e+01   1.38e+01 3.6e-01   25  25 -41     238.400   7.41e+00   3.5e-01     2.66  7.16e+00 3.4e-01   36  36  31     402.100    29.760     2.65     8.296  11.230   21  18 -56      5      2     4     IRAS 18331-0035                             
  295	  183544.8-010705  18:35:44.89 -01:07:05.1     0.000   2.99e-03   1.3e-02     0.03   3.31e-02   4.60e-01 2.0e+00   58  29  27       0.000   8.44e-02   3.2e-02     0.06   4.38e-01   4.24e-01 1.6e-01   51  44  86       6.262   2.00e-01   2.7e-02     0.10   3.31e-01   5.71e-01 7.6e-02   43  20 -85       7.787   3.03e-01   3.1e-02     0.17   3.63e-01   5.60e-01 5.8e-02   39  25  90       7.830   2.62e-01   4.5e-02     0.17  2.80e-01 4.8e-02   41  36  88      11.990     0.952     0.29     0.461   3.295   42  24 -89      3      0     3             tentative bound   
  296	  183545.6+001803  18:35:45.67 +00:18:02.8     1.034  -1.17e-02   1.1e-02    -0.13  -1.56e-01   1.03e-01 9.9e-02   60  42 -33       0.000   1.76e-01   6.9e-02     0.11   9.11e-01   1.62e+00 6.3e-01   56  40 -42       7.530   3.94e-01   1.0e-01     0.20   7.95e-01   1.65e+00 4.4e-01   43  27 -49       7.986   3.76e-01   1.0e-01     0.21   5.03e-01   9.94e-01 2.7e-01   45  29 -49       7.835   3.37e-01   1.3e-01     0.21  5.29e-01 2.0e-01   51  36 -61      11.820     1.171     0.38     0.645   3.057   44  29 -49      3      1     2     [MML2017] 1075                          
  297	  183546.0-003245  18:35:46.06 -00:32:46.6     7.183   3.99e-02   2.4e-02     0.49   1.09e-01   1.00e-01 6.1e-02   16  12  47      87.670   6.89e-01   7.5e-02     0.44   7.50e-01   6.14e-01 6.7e-02   14  14  38     119.600   3.28e+00   1.7e-01     1.36   3.15e+00   1.93e+00 1.0e-01   18  18  14      95.400   8.61e-01   2.1e-01     0.31   8.58e-01   6.48e-01 1.6e-01   25  25  18      63.610   5.66e-01   1.2e-01     0.28  5.23e-01 1.1e-01   36  36   7     138.300    10.430     1.67     2.622   6.256   18  18   3      5      1     4     NAME HH 108 MMS                             
  298	  183546.5-003250  18:35:46.50 -00:32:51.8    29.490   6.87e-01   2.5e-02     7.42   7.48e-01   7.12e-01 2.6e-02    8   8  54     239.600   8.98e+00   1.3e-01     5.31   9.78e+00   6.54e+00 9.1e-02   14  14  78     259.100   7.97e+00   1.7e-01     3.24   7.65e+00   6.49e+00 1.4e-01   18  18 -27     168.200   4.92e+00   2.2e-01     1.92   4.88e+00   4.29e+00 1.9e-01   25  25  -7      79.400   2.67e+00   1.9e-01     1.23  2.47e+00 1.8e-01   39  36  14     257.000    16.610     2.25     4.415   7.382   20  18 -14      5      0     4     NAME HH 108 MMS                             
  299	  183546.5-003605  18:35:46.58 -00:36:05.0     0.000   1.77e-02   1.8e-02     0.18   2.49e-01  -3.09e-01 3.1e-01   63  46  56       0.000   1.28e-01   4.0e-02     0.09   6.47e-01   1.14e+00 3.6e-01   48  43  44      13.180   5.37e-01   8.7e-02     0.28   9.30e-01   1.58e+00 2.6e-01   38  23 -68      19.840   8.19e-01   8.2e-02     0.46   9.55e-01   1.47e+00 1.5e-01   36  25 -68      17.620   6.76e-01   1.0e-01     0.43  7.90e-01 1.2e-01   39  36  89      32.610     2.837     0.82     1.186   3.476   36  21 -70      3      1     2                               
  300	  183547.1+001659  18:35:47.13 +00:16:58.7     2.379  -1.93e-02   8.1e-03    -0.24  -8.04e-02   2.79e-03 1.2e-03   45  10 -12       0.000   1.00e-01   4.4e-02     0.06   3.76e-01   5.39e-02 2.3e-02   37  28 -80       6.319   2.21e-01   5.5e-02     0.10   3.24e-01   5.02e-01 1.3e-01   33  20 -70       6.593   2.43e-01   6.4e-02     0.13   2.81e-01   3.97e-01 1.0e-01   35  25 -76       0.000   1.85e-01   6.9e-02     0.10  1.82e-01 6.8e-02   36  36 -70       8.260     0.589     0.18     0.261   3.345   41  21 -86      2      0     0     [MML2017] 1075                no SED fit    
  301	  183547.9-003438  18:35:47.93 -00:34:39.8     0.000   3.69e-03   1.3e-02     0.05   1.52e-02   2.53e-01 8.8e-01   23  14 -59       0.000   6.75e-02   3.4e-02     0.05   3.66e-01   5.71e-01 2.9e-01   55  46  49       7.434   2.83e-01   8.5e-02     0.15   4.56e-01   7.82e-01 2.3e-01   49  18 -29       9.763   3.52e-01   1.0e-01     0.19   4.51e-01   6.44e-01 1.8e-01   50  25 -32       8.221   2.69e-01   8.2e-02     0.16  2.73e-01 8.3e-02   49  36 -39      15.240     1.135     0.28     0.451   4.082   39  19 -29      3      1     2                             
  302	  183548.5-005247  18:35:48.52 -00:52:47.2     0.000   6.42e-03   1.4e-02     0.06   6.02e-02   4.57e-01 1.0e+00   51  24 -59       0.000   1.51e-01   4.5e-02     0.09   6.94e-01   1.23e+00 3.7e-01   43  37  75       6.277   2.41e-01   3.9e-02     0.12   3.69e-01   6.17e-01 9.9e-02   29  23  63       7.103   2.49e-01   6.7e-02     0.14   2.98e-01   4.46e-01 1.2e-01   34  28  74       0.000   1.44e-01   5.5e-02     0.09  1.57e-01 5.9e-02   41  36  83       6.629     0.574     0.19     0.230   2.967   31  22  83      2      0     0               					  no SED fit    
  303	  183549.2-012733  18:35:49.21 -01:27:33.0     0.000   1.37e-02   1.9e-02     0.12   2.01e-01  -3.20e-01 4.5e-01   61  54  52       0.000   1.71e-01   6.9e-02     0.09   9.02e-01   1.75e+00 7.1e-01   60  41 -27       6.472   2.85e-01   9.4e-02     0.12   5.11e-01   9.44e-01 3.1e-01   43  22 -43       6.611   2.67e-01   1.1e-01     0.13   3.36e-01   5.81e-01 2.4e-01   45  25 -38       0.000   2.05e-01   8.9e-02     0.10  3.19e-01 1.4e-01   49  36 -33       7.416     0.636     0.17     0.318   3.781   47  24 -40      2      1     0               					  no SED fit    
  304	  183553.0-003037  18:35:53.08 -00:30:38.7     0.000   1.89e-02   1.8e-02     0.22   3.32e-01   1.11e+00 1.0e+00   95  86 -45       0.000   9.38e-02   3.5e-02     0.06   6.26e-01   1.33e+00 4.9e-01   95  69  38       0.000   2.14e-01   3.5e-02     0.09   6.62e-01   2.23e+00 3.7e-01   82  55  41       8.629   2.71e-01   5.6e-02     0.12   4.05e-01   1.15e+00 2.4e-01   83  29  33      12.900   5.24e-01   1.0e-01     0.25  1.27e+00 2.5e-01   82  36  32      17.990     1.362     0.24     0.873   5.588   73  31  34      2      0     0     [DB2002b] G30.70+3.23         no SED fit    
  305	  183554.8-010858  18:35:54.85 -01:08:59.6     3.824  -3.97e-02   1.0e-02    -0.68  -4.91e-01  -1.06e-01 2.8e-02  100  30  23       0.000   1.93e-01   4.5e-02     0.11   1.20e+00   4.32e+00 1.0e+00   70  61  45      11.380   6.16e-01   2.6e-02     0.29   1.71e+00   6.24e+00 2.7e-01   61  45  61      15.680   8.48e-01   3.4e-02     0.44   1.41e+00   4.72e+00 1.9e-01   60  45  60      16.420   7.85e-01   4.0e-02     0.46  2.10e+00 1.1e-01   59  45  62      26.020     2.866     0.86     2.069   3.337   59  45  57      3      1     2                             
  306	  183602.0+000812  18:36:02.00 +00:08:12.4     0.000   1.72e-02   1.6e-02     0.10   1.92e-01   1.26e-01 1.2e-01   50  32 -70       6.627   1.62e-01   4.0e-02     0.08   5.90e-01   7.09e-01 1.8e-01   39  26  -2       7.034   2.66e-01   4.3e-02     0.10   4.40e-01   6.74e-01 1.1e-01   33  24  48       6.840   2.19e-01   4.3e-02     0.10   2.52e-01   3.42e-01 6.7e-02   35  25  32       0.000   1.39e-01   6.2e-02     0.07  1.31e-01 5.8e-02   43  36  45       6.350     0.489     0.14     0.246   3.485   38  27  36      3      0     1     [NDS2017] 21                                       
  307	  183603.3-003512  18:36:03.37 -00:35:12.0     4.751  -5.47e-02   1.2e-02    -0.97  -2.37e-01  -2.38e-01 5.0e-02   33  12  -5       0.000   7.44e-02   3.0e-02     0.06   3.16e-01   3.01e-01 1.2e-01   38  35 -13       6.272   2.11e-01   5.2e-02     0.13   3.80e-01   5.45e-01 1.3e-01   41  24 -11       6.259   2.92e-01   5.7e-02     0.20   3.50e-01   4.56e-01 8.9e-02   39  25 -11       6.656   2.34e-01   5.6e-02     0.17  3.00e-01 7.2e-02   49  36  -9      10.070     0.771     0.28     0.344   2.790   39  22  -9      3      1     2             					tentative bound 
  308	  183604.2-002932  18:36:04.19 -00:29:33.8     0.000   4.06e-03   1.3e-02     0.05   3.82e-02   2.82e-01 8.7e-01   46  25 -44       0.000   8.03e-02   4.7e-02     0.05   3.61e-01   4.27e-01 2.5e-01   41  37  27       6.603   2.51e-01   7.0e-02     0.11   3.38e-01   4.71e-01 1.3e-01   31  18  -2       8.403   3.25e-01   9.6e-02     0.15   3.62e-01   3.68e-01 1.1e-01   32  25   9      12.370   3.28e-01   7.6e-02     0.16  2.65e-01 6.2e-02   48  36   4      15.370     1.257     0.26     0.393   4.817   25  18   0      3      1     2     DOBASHI 1327                                       
  309	  183604.7-011532  18:36:04.71 -01:15:32.0     0.000   2.34e-02   1.7e-02     0.20   2.53e-01  -1.19e-01 8.9e-02   48  31   7       0.000   8.77e-02   4.1e-02     0.05   2.89e-01   2.28e-01 1.1e-01   42  21  13       6.890   4.41e-01   5.7e-02     0.17   5.47e-01   8.17e-01 1.1e-01   23  21  31      12.620   6.57e-01   1.2e-01     0.27   6.85e-01   9.13e-01 1.7e-01   27  25 -88      20.210   7.11e-01   1.7e-01     0.34  8.36e-01 1.9e-01   37  36 -49      27.290     2.797     0.54     1.091   5.178   27  23 -74      3      1     2                             
  310	  183604.7-011704  18:36:04.70 -01:17:05.7     0.000   2.10e-03   1.2e-02     0.02   2.29e-03   2.58e-01 1.5e+00    8   8  90       0.000   4.33e-02   2.9e-02     0.03   1.83e-01   2.80e-01 1.8e-01   44  31  60       6.249   2.28e-01   3.4e-02     0.10   3.40e-01   5.26e-01 7.9e-02   38  19  78       9.232   3.92e-01   1.1e-01     0.18   4.61e-01   6.08e-01 1.6e-01   37  25  82       6.764   3.89e-01   1.2e-01     0.21  4.76e-01 1.5e-01   44  36  86      12.670     1.179     0.27     0.466   4.335   34  20  73      3      0     2                             
  311	  183605.6-011123  18:36:05.62 -01:11:23.2     0.000   1.22e-02   1.6e-02     0.10   8.43e-02   3.47e-02 4.7e-02   27  24 -77       0.000   1.27e-01   5.2e-02     0.07   4.10e-01   3.77e-01 1.5e-01   31  26  16       6.480   1.79e-01   5.2e-02     0.07   2.32e-01   3.17e-01 9.3e-02   29  18  53       6.953   1.98e-01   8.4e-02     0.09   2.20e-01   2.44e-01 1.0e-01   32  25  40       0.000   8.70e-02   8.6e-02     0.04  5.67e-02 5.6e-02   40  36  44       7.973     0.526     0.14     0.187   3.749   30  19  55      2      0     0            						  no SED fit    
  312	  183605.9-011612  18:36:05.96 -01:16:12.2     0.000   1.54e-02   1.6e-02     0.14   1.86e-01  -8.88e-02 9.5e-02   48  39  28       0.000   1.00e-01   3.9e-02     0.06   4.59e-01   7.01e-01 2.7e-01   41  38 -35       8.772   3.69e-01   4.8e-02     0.15   6.16e-01   9.93e-01 1.3e-01   35  23  79      11.060   6.64e-01   9.4e-02     0.28   7.98e-01   1.20e+00 1.7e-01   37  26  78      14.900   8.15e-01   1.4e-01     0.41  9.46e-01 1.6e-01   36  36  83      23.380     2.853     0.60     1.314   4.752   36  24  74      3      1     2            						                
  313	  183606.0-011956  18:36:06.09 -01:19:57.7     0.000   2.03e-02   1.3e-02     0.20   1.39e-01   5.42e-01 3.4e-01   34  20  35       0.000   1.83e-01   4.6e-02     0.10   5.50e-01   6.56e-01 1.6e-01   30  23  66      10.300   3.85e-01   3.9e-02     0.17   4.81e-01   6.88e-01 6.9e-02   27  18  84      12.210   4.32e-01   1.1e-01     0.21   4.77e-01   5.81e-01 1.5e-01   31  25  78       8.175   2.57e-01   1.1e-01     0.14  2.06e-01 8.9e-02   41  36  82      16.440     1.268     0.35     0.468   3.629   28  21  88      3      0     2            						                
  314	  183606.7-011530  18:36:06.69 -01:15:30.0     3.502  -3.74e-02   1.1e-02    -0.51  -5.14e-01  -5.52e-01 1.6e-01   67  42 -12       0.000   6.92e-02   4.4e-02     0.04   4.21e-01   1.30e+00 8.3e-01   65  60 -54       9.458   4.15e-01   5.1e-02     0.16   8.06e-01   1.53e+00 1.9e-01   55  23  73      17.100   8.45e-01   1.1e-01     0.34   1.19e+00   2.41e+00 3.2e-01   48  31  68      23.640   8.79e-01   1.6e-01     0.40  1.35e+00 2.4e-01   50  36  64      36.010     3.896     0.77     2.162   5.054   41  31  58      3      1     2            						                
  315	  183606.7-011148  18:36:06.70 -01:11:48.3    13.470   3.50e-01   2.4e-02     2.60   3.81e-01   2.94e-01 2.0e-02    8   8 -15       0.000   2.35e-01   5.3e-02     0.13   2.56e-01   1.30e-01 2.9e-02   14  14 -56       0.000   2.66e-02   4.7e-02     0.01   2.55e-02   4.18e-03 7.4e-03   18  18  30       0.123  -7.71e-03   6.3e-02    -0.00  -1.12e-02   2.84e-02 2.3e-01   43  36  25       0.000   2.36e-02   8.3e-02     0.01  3.47e-03 1.2e-02   36  36  24       0.000     0.004     0.00     0.001   3.730   18  18  66      1      1     4            						  no SED fit    
  316	  183608.4-002805  18:36:08.41 -00:28:06.4     3.277  -3.86e-02   1.2e-02    -0.56  -1.47e-01  -4.79e-02 1.5e-02   35  10 -12       0.000   7.83e-02   3.9e-02     0.05   2.52e-01   7.89e-02 4.0e-02   30  26  85       6.827   1.99e-01   4.3e-02     0.09   2.59e-01   3.03e-01 6.5e-02   29  18  68       8.304   2.74e-01   4.3e-02     0.13   3.20e-01   3.32e-01 5.3e-02   36  25  64       7.712   1.94e-01   4.7e-02     0.10  1.62e-01 3.9e-02   41  36  65      12.080     0.813     0.18     0.281   4.441   28  19  76      3      0     2            						                
  317	  183611.3-011130  18:36:11.34 -01:11:30.2     0.000   1.48e-03   1.2e-02     0.01   9.23e-03  -8.17e-02 6.5e-01   67  13  -6       0.000   1.49e-01   5.6e-02     0.08   6.21e-01   9.61e-01 3.6e-01   39  33 -55      13.970   4.76e-01   6.7e-02     0.18   6.53e-01   9.72e-01 1.4e-01   28  20 -15      17.920   7.06e-01   1.1e-01     0.30   8.50e-01   1.20e+00 1.8e-01   40  25 -26      14.030   4.89e-01   1.7e-01     0.23  4.99e-01 1.7e-01   46  36 -39      27.570     2.158     0.45     0.781   4.767   30  19 -21      3      0     2            						                
  318	  183611.5-013129  18:36:11.51 -01:31:29.4     0.000   4.02e-02   2.1e-02     0.30   4.37e-01  -5.31e-02 2.7e-02   41  35  29       0.000   1.49e-01   4.0e-02     0.08   6.23e-01   9.80e-01 2.7e-01   41  32 -49       0.000   2.35e-01   3.6e-02     0.09   4.02e-01   6.64e-01 1.0e-01   38  23 -76       7.975   2.72e-01   5.9e-02     0.13   3.22e-01   4.61e-01 1.0e-01   38  25 -80       6.635   2.34e-01   4.8e-02     0.13  3.22e-01 6.6e-02   55  36 -90       6.143     0.535     0.14     0.208   3.821   32  21 -90      2      3     0            						  no SED fit    
  319	  183612.1-002707  18:36:12.18 -00:27:08.7     3.041  -3.18e-02   1.0e-02    -0.40  -2.09e-01  -7.85e-03 2.6e-03   40  17 -54       0.000   7.18e-02   4.1e-02     0.05   3.73e-01   4.17e-01 2.4e-01   50  44  50       0.000   2.34e-01   3.0e-02     0.10   4.43e-01   8.12e-01 1.0e-01   46  24  18       7.817   2.80e-01   4.2e-02     0.14   3.59e-01   5.44e-01 8.2e-02   45  26  18       8.748   2.41e-01   4.9e-02     0.13  2.43e-01 4.9e-02   39  36   2      11.150     0.914     0.22     0.382   4.179   36  21   1      2      1     0            						  no SED fit    
  320	  183612.5-012655  18:36:12.50 -01:26:56.8     0.000   5.31e-02   2.0e-02     0.37   6.26e-01   1.50e-01 5.7e-02   44  39  58       0.000   1.01e-01   4.3e-02     0.06   4.07e-01   4.55e-01 1.9e-01   40  30 -89       6.520   2.40e-01   6.0e-02     0.10   3.69e-01   5.72e-01 1.4e-01   28  24 -76       6.890   2.25e-01   5.9e-02     0.10   2.51e-01   3.32e-01 8.7e-02   32  25 -76       0.000   1.54e-01   5.4e-02     0.07  1.31e-01 4.6e-02   36  36 -85       7.588     0.610     0.15     0.244   4.001   29  23  87      2      0     0            						  no SED fit    
  321	  183613.0-012113  18:36:13.04 -01:21:13.2     6.944  -5.59e-02   8.1e-03    -0.95  -7.14e-01  -3.76e-01 5.4e-02   62  37  21       0.000   1.40e-01   3.9e-02     0.07   6.92e-01   2.01e-01 5.6e-02   51  38 -82       9.961   4.00e-01   4.6e-02     0.16   7.37e-01   1.49e+00 1.7e-01   45  23 -61      11.900   5.07e-01   9.6e-02     0.22   6.63e-01   1.22e+00 2.3e-01   47  27 -68      10.350   4.52e-01   8.4e-02     0.23  5.93e-01 1.1e-01   48  36 -65      18.640     1.607     0.38     0.842   4.282   49  25 -64      3      1     2                             
  322	  183614.3-003754  18:36:14.36 -00:37:55.7     0.000   1.34e-02   1.9e-02     0.12   1.79e-01  -6.16e-01 8.7e-01   54  45 -60       0.000   4.92e-02   3.3e-02     0.04   2.75e-01   9.98e-01 6.6e-01   56  50  -9      15.950   6.33e-01   6.6e-02     0.35   1.01e+00   1.82e+00 1.9e-01   34  22  -6      25.690   1.07e+00   7.0e-02     0.65   1.21e+00   1.83e+00 1.2e-01   33  25   9      27.190   1.07e+00   6.7e-02     0.73  1.25e+00 7.9e-02   39  36  12      52.810     4.661     1.56     1.882   2.981   29  23  -1      3      1     2     [DB2002b] G30.63+3.09                              
  323	  183615.0-011252  18:36:15.02 -01:12:53.4     0.000   1.63e-02   1.7e-02     0.13   2.65e-01   3.36e-02 3.6e-02   75  67  70      19.440   6.52e-01   7.0e-02     0.33   3.02e+00   8.20e+00 8.8e-01   48  35  -4      46.310   2.42e+00   7.2e-02     0.75   5.29e+00   1.32e+01 3.9e-01   42  32 -51      63.450   3.59e+00   1.2e-01     1.35   5.47e+00   1.76e+01 5.8e-01   47  39 -61      68.310   2.98e+00   1.5e-01     1.05  5.29e+00 2.6e-01   48  38 -68     143.400    15.060     2.22     8.224   6.769   41  30 -55      4      0     2     DOBASHI 1286                                       
  324	  183620.7-013113  18:36:20.73 -01:31:12.9     0.000   3.83e-04   1.3e-02     0.00   4.17e-04   1.15e-01 4.0e+00    8   8  90       6.480   1.58e-01   3.3e-02     0.10   5.13e-01   6.17e-01 1.3e-01   42  21 -16       8.109   3.37e-01   2.2e-02     0.16   4.71e-01   8.07e-01 5.2e-02   28  21 -52       7.546   3.02e-01   3.3e-02     0.16   3.38e-01   4.77e-01 5.2e-02   32  25 -31       0.000   1.67e-01   4.4e-02     0.09  1.52e-01 4.0e-02   38  36 -31       8.946     0.780     0.25     0.288   3.149   28  21 -45      3      1     1                             
  325	  183621.4-011238  18:36:21.43 -01:12:38.3     0.000   9.82e-03   1.6e-02     0.09   1.37e-01  -1.25e-01 2.0e-01   58  48  -6       7.616   2.25e-01   4.7e-02     0.12   8.79e-01   1.48e+00 3.1e-01   40  29  22       7.560   3.26e-01   9.5e-02     0.11   6.34e-01   1.08e+00 3.2e-01   42  26  12       8.551   4.43e-01   1.1e-01     0.16   6.37e-01   1.14e+00 2.9e-01   45  34  30       7.399   3.73e-01   1.4e-01     0.16  4.54e-01 1.7e-01   36  36  72       9.224     1.033     0.19     0.624   5.571   47  33  -1      4      1     1                             
  326	  183621.7-002900  18:36:21.72 -00:29:01.8     0.000   2.12e-02   1.7e-02     0.21   3.05e-01   6.72e-01 5.4e-01   58  52 -72       0.000   2.28e-01   3.3e-02     0.15   8.22e-01   1.01e+00 1.4e-01   38  26 -59      11.770   4.26e-01   5.8e-02     0.21   6.93e-01   1.25e+00 1.7e-01   45  19 -58      15.390   6.66e-01   9.4e-02     0.38   8.39e-01   1.48e+00 2.1e-01   47  25 -57      15.570   6.32e-01   8.0e-02     0.42  8.45e-01 1.1e-01   47  36 -52      26.320     2.120     0.61     0.927   3.465   44  20 -59      3      0     2                             
  327	  183623.0+002819  18:36:23.00 +00:28:19.1     8.261   1.65e-01   2.1e-02     2.33   2.06e-01   1.44e-01 1.8e-02   10   8   7       7.951   2.34e-01   4.2e-02     0.22   2.61e-01   1.52e-01 2.7e-02   14  14 -84       0.000   1.31e-01   3.4e-02     0.09   1.30e-01   1.00e-01 2.6e-02   19  18  72       0.000   4.34e-02   3.2e-02     0.03   4.48e-02   2.87e-02 2.1e-02   27  25  89       0.000   1.50e-02   2.8e-02     0.01  7.72e-04 1.5e-03   36  36  68       0.000     0.066     0.03     0.026   2.173   28  24 -60      2      1     4             					  no SED fit    
  328	  183624.8-013451  18:36:24.80 -01:34:51.3    13.260   1.91e-01   2.5e-02     1.55   3.55e-01   4.04e-01 5.2e-02   13  10  62       0.000   1.41e-01   4.7e-02     0.09   2.38e-01   1.67e-01 5.5e-02   20  16 -18       0.000   4.79e-02   5.8e-02     0.02   5.38e-02   3.67e-02 4.5e-02   23  18  29       0.000   1.11e-02   5.7e-02     0.01   1.10e-02   6.01e-03 3.1e-02   25  25  73       0.000   2.56e-02   5.3e-02     0.02  5.51e-02 1.1e-01   50  44 -44       1.415    -0.076    -0.03    -0.028   2.730   27  22   3      1      0     4     GN 18.33.8                    no SED fit    
  329	  183627.2-011115  18:36:27.20 -01:11:16.6     0.000   5.59e-02   2.4e-02     0.35   8.68e-01   8.42e-01 3.6e-01   68  60  78       0.000   1.97e-01   6.9e-02     0.10   1.15e+00   3.86e+00 1.3e+00   66  51 -51      10.660   5.99e-01   1.2e-01     0.21   1.21e+00   2.71e+00 5.4e-01   49  25  -3      14.810   7.54e-01   2.6e-01     0.28   1.03e+00   2.11e+00 7.3e-01   52  28  -6      16.620   7.27e-01   2.9e-01     0.31  1.38e+00 5.5e-01   56  38 -36      24.620     2.613     0.47     1.362   5.578   50  25 -14      3      0     2                             
  330	  183630.1-003843  18:36:30.14 -00:38:42.9     0.000   6.20e-03   1.5e-02     0.07   1.11e-01   1.28e+00 3.1e+00  100  92  58       0.000   1.51e-01   3.1e-02     0.11   1.00e+00   4.40e+00 9.0e-01   85  73  38       6.039   3.22e-01   4.7e-02     0.20   9.75e-01   4.29e+00 6.2e-01   65  58  22       6.495   3.81e-01   4.8e-02     0.27   6.76e-01   2.89e+00 3.7e-01   62  60  -7       6.455   2.98e-01   4.4e-02     0.24  1.11e+00 1.6e-01   68  61  35       8.048     0.944     0.41     0.734   2.310   61  56 -24      3      1     2                             
  331	  183631.4-010540  18:36:31.46 -01:05:40.3     0.000   5.58e-02   2.4e-02     0.37   1.07e+00  -3.11e-02 1.3e-02  151 139  25       0.000   1.04e-01   5.2e-02     0.06   7.74e-01   7.47e+00 3.7e+00  145 139  69       6.452   3.47e-01   5.5e-02     0.16   1.10e+00   6.53e+00 1.0e+00   99  56 -80       7.793   4.30e-01   6.3e-02     0.22   8.04e-01   4.68e+00 6.8e-01  101  61 -75       8.655   4.18e-01   5.7e-02     0.24  2.26e+00 3.1e-01   99  61 -78      11.480     1.123     0.31     0.924   3.654  107  52 -82      3      1     2                             
  332	  183631.9-011138  18:36:31.91 -01:11:38.0     0.082  -1.02e-03   1.2e-02    -0.01  -1.11e-03   6.68e-03 8.1e-02    8   8  90       0.000   1.83e-01   4.5e-02     0.09   6.43e-01   7.53e-01 1.9e-01   38  25 -14      14.750   6.08e-01   1.2e-01     0.20   8.79e-01   1.33e+00 2.7e-01   36  18   8      19.520   8.24e-01   2.6e-01     0.30   9.83e-01   1.34e+00 4.3e-01   39  25   3      16.900   7.17e-01   3.2e-01     0.29  8.51e-01 3.8e-01   43  36 -25      33.070     2.856     0.46     1.132   6.266   39  19  11      3      2     2                             
  333	  183631.9-011647  18:36:31.97 -01:16:46.9     0.000   2.96e-02   1.9e-02     0.23   3.23e-01  -3.38e-01 2.2e-01   45  33  55       0.000   9.64e-02   4.0e-02     0.05   3.64e-01   2.68e-01 1.1e-01   45  25 -56       9.358   3.27e-01   7.7e-02     0.11   4.66e-01   5.27e-01 1.2e-01   34  18 -89       9.746   3.46e-01   1.1e-01     0.12   3.99e-01   4.20e-01 1.3e-01   35  25 -89       7.297   2.18e-01   1.4e-01     0.08  2.09e-01 1.3e-01   44  36  88      15.720     1.238     0.19     0.421   6.533   29  18  88      3      2     2                             
  334	  183638.7-011333  18:36:38.70 -01:13:33.3   315.900   5.50e+00   2.6e-02    32.58   6.73e+00   8.64e+00 4.1e-02   10   8  52     317.200   1.13e+01   1.3e-01     4.15   1.23e+01   1.58e+01 1.9e-01   14  14  86     225.500   7.60e+00   5.8e-01     1.25   8.08e+00   8.31e+00 6.3e-01   21  18 -82     147.300   5.17e+00   7.7e-01     0.87   5.53e+00   6.03e+00 9.0e-01   29  25 -72     122.700   3.79e+00   4.4e-01     0.75  4.52e+00 5.2e-01   40  36 -63     110.800     6.404     0.33     2.125  19.630   28  18  75      5      1     4     IRAS 18340-0116                                    
  335	  183640.0-002043  18:36:40.09 -00:20:44.7     1.588  -1.97e-02   1.2e-02    -0.23  -8.78e-02  -1.21e-02 7.6e-03   34  12  67       0.000   4.88e-02   3.9e-02     0.03   1.95e-01   5.54e-01 4.5e-01   41  29  21       7.522   3.12e-01   8.0e-02     0.13   4.29e-01   5.53e-01 1.4e-01   33  18 -87       9.307   3.54e-01   8.1e-02     0.16   4.22e-01   4.64e-01 1.1e-01   38  25  89       7.321   2.32e-01   7.9e-02     0.11  2.54e-01 8.6e-02   49  36  89      14.040     1.194     0.27     0.414   4.421   30  18  89      3      0     2                             
  336	  183640.2-003058  18:36:40.25 -00:30:58.0     0.000   1.19e-02   1.8e-02     0.12   1.35e-01   5.82e-02 8.6e-02   49  34 -67       0.000   7.29e-02   3.2e-02     0.05   3.42e-01   4.85e-01 2.1e-01   43  39 -37       6.545   2.22e-01   3.7e-02     0.12   3.22e-01   4.60e-01 7.8e-02   31  20 -77       6.760   2.31e-01   3.6e-02     0.14   2.62e-01   3.53e-01 5.5e-02   33  25 -84       0.000   1.37e-01   5.7e-02     0.09  1.38e-01 5.7e-02   39  36 -81       7.316     0.545     0.19     0.228   2.858   38  20 -86      2      1     0             					  no SED fit    
  337	  183640.6-011203  18:36:40.65 -01:12:04.7   159.100   3.40e+00   2.5e-02    24.30   3.70e+00   4.46e+00 3.3e-02    8   8 -24     171.200   5.93e+00   7.4e-02     2.66   6.46e+00   6.56e+00 8.2e-02   14  14  80     134.100   4.31e+00   3.3e-01     1.11   4.25e+00   4.47e+00 3.4e-01   19  18  77      86.930   3.02e+00   6.8e-01     0.82   3.02e+00   3.27e+00 7.4e-01   25  25  70      59.980   1.83e+00   6.8e-01     0.54  1.72e+00 6.4e-01   36  36  74      95.500     5.606     0.52     1.884  10.720   27  19  85      5      1     4             					                
  338	  183640.7+000218  18:36:40.74 +00:02:18.5     0.000   1.90e-02   1.7e-02     0.15   3.01e-01   3.16e-01 2.8e-01   70  64  74       0.000   9.62e-02   3.7e-02     0.05   5.38e-01   6.40e-01 2.5e-01   67  44  88       0.000   2.22e-01   3.6e-02     0.07   5.06e-01   1.19e+00 1.9e-01   67  28  87       6.556   2.35e-01   1.1e-01     0.09   3.26e-01   6.80e-01 3.1e-01   60  28  85       6.917   2.93e-01   1.4e-01     0.14  5.15e-01 2.4e-01   55  36  88       8.001     0.767     0.17     0.432   4.410   45  30  86      2      1     0             					  no SED fit    
  339	  183641.6-011445  18:36:41.62 -01:14:46.4     0.000   1.00e-02   1.9e-02     0.08   1.05e-01  -3.34e-01 6.4e-01   49  29 -13       0.000   2.01e-01   7.4e-02     0.08   7.82e-01   1.42e+00 5.2e-01   39  29 -87      10.770   5.94e-01   3.0e-01     0.14   9.51e-01   1.49e+00 7.6e-01   37  21  87      14.320   9.64e-01   4.3e-01     0.22   1.19e+00   2.09e+00 9.4e-01   33  30 -27      11.950   1.03e+00   3.5e-01     0.26  1.30e+00 4.4e-01   40  36 -28      25.180     3.217     0.25     1.104  12.680   27  19  90      3      0     2     DOBASHI 1287                                       
  340	  183641.6-015120  18:36:41.67 -01:51:21.8     0.000   0.00e+00   0.0e+00     0.00   0.00e+00   0.00e+00 0.0e+00    0   0   0      11.030   4.55e-01   6.3e-02     0.29   8.90e-01   1.04e+00 1.4e-01   25  15  61      12.100   4.56e-01   6.4e-02     0.21   5.22e-01   7.10e-01 9.9e-02   24  18 -89       9.415   3.60e-01   8.9e-02     0.19   3.87e-01   4.46e-01 1.1e-01   29  25 -74       0.000   1.66e-01   9.0e-02     0.09  1.09e-01 5.9e-02   36  36 -60       9.853     0.773     0.25     0.243   3.105   25  18 -61      3      2     1                             
  341	  183642.2-003311  18:36:42.29 -00:33:12.5     0.000   6.06e-03   1.5e-02     0.07   1.01e-01   1.49e-01 3.6e-01   84  67 -77       0.000   2.38e-01   3.8e-02     0.16   1.30e+00   3.69e+00 5.8e-01   70  41  51       6.205   3.46e-01   1.1e-01     0.20   9.71e-01   3.01e+00 9.3e-01   61  46  58       6.574   3.66e-01   1.0e-01     0.25   6.08e-01   1.79e+00 5.1e-01   59  45  69       7.681   3.68e-01   1.3e-01     0.28  9.45e-01 3.2e-01   62  47  66       9.222     0.954     0.37     0.709   2.612   66  45  57      3      0     2                             
  342	  183642.6-001944  18:36:42.60 -00:19:44.4     0.000   4.52e-05   1.3e-02     0.00   4.92e-05   6.56e-01 1.9e+02    8   8  90       6.696   2.54e-01   7.3e-02     0.14   8.76e-01   1.49e+00 4.2e-01   46  22  29       9.198   3.57e-01   7.5e-02     0.13   5.87e-01   1.12e+00 2.4e-01   46  19  34       9.661   4.19e-01   6.9e-02     0.17   5.49e-01   1.05e+00 1.7e-01   54  25  33       7.958   3.51e-01   9.0e-02     0.17  5.53e-01 1.4e-01   54  36  26      11.540     0.853     0.18     0.372   4.840   50  19  28      4      1     1                             
  343	  183642.9-015456  18:36:42.89 -01:54:57.7     0.000   0.00e+00   0.0e+00     0.00   0.00e+00   0.00e+00 0.0e+00    0   0   0      11.910   4.92e-01   6.7e-02     0.27   1.66e+00   2.84e+00 3.8e-01   51  20   7      13.530   4.70e-01   8.9e-02     0.17   8.15e-01   1.42e+00 2.7e-01   58  19   9      13.000   6.33e-01   7.3e-02     0.30   8.97e-01   1.89e+00 2.2e-01   53  30   5      10.760   4.57e-01   9.0e-02     0.26  1.10e+00 2.2e-01   62  42   0      12.570     2.909     0.67     1.425   4.341   72  20 -37      4      0     1                             
  344	  183643.6-011734  18:36:43.62 -01:17:35.6     0.000   1.32e-02   1.7e-02     0.12   1.80e-01   2.66e-01 3.4e-01   53  48 -60       0.000   1.23e-01   4.1e-02     0.06   6.02e-01   1.21e+00 4.0e-01   44  43 -30       0.000   2.67e-01   1.3e-01     0.08   5.69e-01   1.26e+00 6.1e-01   39  32 -25       6.389   3.15e-01   1.2e-01     0.12   4.46e-01   8.83e-01 3.5e-01   40  36 -87       6.686   2.99e-01   1.3e-01     0.12  3.99e-01 1.7e-01   43  36 -62       7.009     0.768     0.14     0.442   5.613   37  36  38      2      1     0             					  no SED fit    
  345	  183644.8-000039  18:36:44.87 -00:00:40.4     0.000   2.67e-03   1.3e-02     0.03   3.58e-02  -7.34e-02 3.7e-01   72  39  72       0.000   1.90e-01   4.6e-02     0.09   9.63e-01   1.84e+00 4.5e-01   65  35   4       7.508   2.98e-01   5.8e-02     0.12   6.23e-01   1.27e+00 2.5e-01   47  27   7       8.467   3.68e-01   1.6e-01     0.16   4.87e-01   9.73e-01 4.2e-01   46  28   3       7.424   3.14e-01   1.7e-01     0.15  4.72e-01 2.6e-01   49  36 -11      11.090     1.089     0.26     0.607   4.130   43  30  -9      3      2     2     2MASS J18364109-0000500                            
  346	  183644.9-002133  18:36:44.93 -00:21:33.0     1.050  -1.03e-02   9.8e-03    -0.13  -9.54e-02   2.68e-01 2.5e-01   54  23  76       0.000   1.89e-01   5.3e-02     0.11   9.11e-01   2.07e+00 5.8e-01   58  34  32       9.210   3.71e-01   3.9e-02     0.15   5.71e-01   1.08e+00 1.1e-01   42  18  38      12.820   5.33e-01   7.3e-02     0.24   6.86e-01   1.25e+00 1.7e-01   50  25  41      13.100   4.91e-01   1.2e-01     0.26  6.58e-01 1.6e-01   50  36  38      21.160     1.741     0.39     0.806   4.424   42  22  41      3      2     2     IRAS 18341-0113                                    
  347	  183644.9-011043  18:36:44.93 -01:10:43.3     0.000   3.18e-02   2.7e-02     0.19   1.44e-01   4.58e-01 3.9e-01   22  17 -40       7.363   9.60e-01   1.8e-01     0.29   1.30e+00   1.79e+00 3.3e-01   18  14 -10      41.710   2.97e+00   3.1e-01     0.69   2.97e+00   3.47e+00 3.6e-01   19  18  -7     112.700   3.39e+00   5.3e-01     0.84   3.36e+00   3.75e+00 5.9e-01   25  25  16     124.300   2.40e+00   2.9e-01     0.71  2.24e+00 2.7e-01   36  36  74     109.900     8.792     0.64     2.677  13.810   24  18 -46      4      1     2     [NDS2017] 48                                        
  348	  183645.1+005259  18:36:45.14 +00:52:59.2    16.770   4.16e-01   2.6e-02     4.69   4.53e-01   2.85e-01 1.7e-02    8   8 -26      15.020   5.73e-01   3.2e-02     0.58   6.24e-01   3.98e-01 2.2e-02   14  14  70      12.300   3.41e-01   2.1e-02     0.26   3.27e-01   2.32e-01 1.4e-02   18  18 -13       6.395   1.77e-01   1.9e-02     0.15   1.76e-01   1.38e-01 1.4e-02   25  25 -54       0.000   5.00e-02   2.7e-02     0.05  7.38e-03 4.0e-03   36  36 -58       6.118     0.443     0.22     0.117   2.003   19  18 -61      4      2     4     IRAS 18341-0113                                   
  349	  183646.6-011042  18:36:46.59 -01:10:42.2   535.700   1.15e+01   4.0e-02    35.47   1.31e+01   1.62e+01 5.7e-02    9   8  64     577.900   2.11e+01   3.2e-01     5.49   2.30e+01   1.89e+01 2.8e-01   14  14  14     416.500   1.22e+01   3.4e-01     2.28   1.17e+01   1.12e+01 3.1e-01   18  18  43     230.400   6.84e+00   4.9e-01     1.41   6.83e+00   7.02e+00 5.0e-01   25  25  31     167.000   3.96e+00   5.8e-01     1.07  4.93e+00 7.2e-01   43  36  66     148.800     6.415     0.40     2.189  16.100   26  20  53      5      2     4                             
  350	  183646.6-000327  18:36:46.66 -00:03:28.5    15.110   3.77e-01   2.3e-02     3.72   4.11e-01   4.05e-01 2.4e-02    8   8 -69      13.120   4.86e-01   3.7e-02     0.29   5.29e-01   3.68e-01 2.8e-02   14  14 -14       6.554   1.72e-01   4.5e-02     0.08   1.65e-01   1.35e-01 3.5e-02   18  18 -64       0.000   3.25e-02   3.4e-02     0.02   3.23e-02   1.01e-02 1.1e-02   25  25 -10       0.000   1.49e-02   3.0e-02     0.01  2.30e-03 4.6e-03   36  36 -24       0.000     0.039     0.01     0.010   3.246   18  18 -87      3      1     4             					  no SED fit    
  351	  183647.0-011046  18:36:47.07 -01:10:45.9   302.900   3.71e+00   7.1e-02     1.07   1.15e+01   1.14e+01 2.2e-01   31   8  -2     258.300   9.14e+00   2.0e-01     2.77   1.23e+01   1.56e+01 3.4e-01   18  14 -63     241.500   8.71e+00   3.9e-01     2.01   1.16e+01   1.18e+01 5.3e-01   26  21 -40     155.300   4.14e+00   5.0e-01     0.99   4.55e+00   4.53e+00 5.5e-01   31  25 -82     115.600   1.93e+00   2.9e-01     0.57  1.67e+00 2.5e-01   36  36  74      77.360     5.730     0.43     1.658  13.430   22  18 -72      5      0     4     IRAS 18341-0113                             
  352	  183648.2-011019  18:36:48.20 -01:10:19.0    22.680   4.57e-01   3.8e-02     2.52   4.98e-01   3.98e-01 3.3e-02    8   8 -67      25.630   1.05e+00   1.5e-01     0.46   1.14e+00   6.43e-01 9.1e-02   14  14   9      26.390   9.23e-01   3.5e-01     0.26   1.01e+00   7.32e-01 2.8e-01   22  18  79       0.000   7.85e-01   3.6e-01     0.21   7.79e-01   6.52e-01 3.0e-01   25  25 -88       0.000   7.95e-02   4.3e-01     0.03  2.11e-01 1.1e+00   40  36 -67       8.563     1.159     0.15     0.351   7.507   24  18 -84      3      1     4     IRAS 18341-0113               no SED fit    
  353	  183648.8-001814  18:36:48.83 -00:18:14.3     0.000   4.10e-03   1.2e-02     0.04   6.60e-02   2.66e-01 8.0e-01   73  65 -77       7.072   1.81e-01   4.7e-02     0.10   9.15e-01   2.36e+00 6.1e-01   56  38  58       8.385   3.82e-01   7.7e-02     0.15   8.58e-01   2.06e+00 4.2e-01   41  35  62       8.225   3.47e-01   9.1e-02     0.15   4.72e-01   9.34e-01 2.4e-01   41  31  61       7.148   2.45e-01   1.0e-01     0.12  3.46e-01 1.4e-01   45  36  46       9.328     0.841     0.19     0.451   4.335   39  30  57      4      3     1                             
  354	  183649.1-001606  18:36:49.16 -00:16:07.6     0.000   1.80e-02   1.7e-02     0.14   2.59e-01   3.55e-01 3.4e-01   64  49  -3       0.000   1.44e-01   5.1e-02     0.08   7.57e-01   1.71e+00 6.0e-01   56  42  28       6.560   2.85e-01   4.3e-02     0.11   5.53e-01   1.06e+00 1.6e-01   41  26  19       7.224   3.17e-01   5.6e-02     0.14   4.09e-01   7.07e-01 1.2e-01   42  28  16       6.697   2.47e-01   5.9e-02     0.12  2.97e-01 7.1e-02   42  36  18      10.370     0.940     0.23     0.440   4.053   33  26  15      3      2     2                             
  355	  183650.1-012030  18:36:50.14 -01:20:30.4     0.000   7.83e-03   1.5e-02     0.07   1.05e-01   3.21e-01 6.2e-01   55  44  -1       0.000   1.38e-01   5.0e-02     0.07   6.57e-01   1.30e+00 4.8e-01   52  36 -33       6.137   2.57e-01   5.1e-02     0.09   4.77e-01   8.11e-01 1.6e-01   40  25 -70       7.061   2.54e-01   7.5e-02     0.09   2.98e-01   4.37e-01 1.3e-01   37  25 -76       7.393   2.59e-01   9.1e-02     0.11  2.86e-01 1.0e-01   46  36 -75      10.150     0.882     0.16     0.399   5.597   37  23 -84      3      2     3             					tentative bound 
  356	  183651.2-012708  18:36:51.21 -01:27:09.6     0.000   1.89e-02   1.9e-02     0.15   3.21e-01   4.13e-01 4.1e-01   83  77  89       0.000   2.18e-01   3.5e-02     0.13   1.27e+00   4.20e+00 6.7e-01   78  46  77       7.620   4.47e-01   4.4e-02     0.23   1.20e+00   3.98e+00 3.9e-01   58  42  74       8.688   4.63e-01   4.1e-02     0.26   7.41e-01   2.24e+00 2.0e-01   56  41  66       7.885   3.99e-01   5.0e-02     0.26  9.37e-01 1.2e-01   59  41  69      10.920     1.166     0.38     0.763   3.091   56  36  52      3      1     2                             
  357	  183652.1-011849  18:36:52.11 -01:18:48.9     0.366  -5.03e-03   1.4e-02    -0.06  -8.05e-02  -1.86e-01 5.1e-01   91  55  28       0.000   1.59e-01   5.2e-02     0.08   8.37e-01   1.92e+00 6.3e-01   59  41  63       6.215   3.95e-01   1.5e-01     0.14   7.75e-01   1.82e+00 6.7e-01   37  29  88       7.870   4.89e-01   1.9e-01     0.18   7.46e-01   1.85e+00 7.2e-01   50  38  76       9.000   6.19e-01   1.7e-01     0.26  1.10e+00 3.1e-01   49  36 -87      12.980     1.921     0.34     1.128   5.707   44  33  73      3      2     2                             
  358	  183652.2-011722  18:36:52.26 -01:17:23.6    16.600   3.71e-01   2.2e-02     4.01   4.09e-01   3.92e-01 2.4e-02    9   8 -40      20.770   7.56e-01   3.8e-02     0.43   8.24e-01   6.26e-01 3.1e-02   14  14 -11      24.050   8.35e-01   1.2e-01     0.30   8.01e-01   8.14e-01 1.2e-01   18  18 -39      22.010   7.74e-01   2.2e-01     0.29   7.81e-01   8.60e-01 2.5e-01   26  25 -26      18.810   5.59e-01   2.3e-01     0.24  5.87e-01 2.4e-01   36  36  83      35.460     2.355     0.38     0.655   6.198   21  18 -35      5      2     4                             
  359	  183652.5-014557  18:36:52.53 -01:45:57.1     0.000   0.00e+00   0.0e+00     0.00   0.00e+00   0.00e+00 0.0e+00    0   0   0      10.410   2.85e-01   5.5e-02     0.17   9.96e-01   9.80e-01 1.9e-01   41  24  55       9.668   3.46e-01   5.1e-02     0.16   4.01e-01   6.13e-01 9.1e-02   24  18  27       8.052   2.67e-01   6.6e-02     0.14   2.77e-01   3.05e-01 7.5e-02   27  25  32       0.000   1.19e-01   7.5e-02     0.07  9.67e-02 6.1e-02   41  36  69       6.672     0.523     0.17     0.169   3.091   27  18  10      3      1     1                             
  360	  183655.1-011855  18:36:55.10 -01:18:55.4     0.000   4.74e-03   1.6e-02     0.05   6.52e-02  -5.33e-01 1.8e+00   63  44  84       0.000   1.57e-01   5.2e-02     0.08   5.32e-01   1.00e+00 3.3e-01   40  23   1       8.198   4.31e-01   1.7e-01     0.16   8.07e-01   1.57e+00 6.3e-01   38  26  10      10.510   4.83e-01   2.5e-01     0.18   6.10e-01   1.00e+00 5.1e-01   33  31 -68       8.836   6.60e-01   1.8e-01     0.28  8.78e-01 2.4e-01   40  36  15      14.850     1.880     0.31     0.941   5.991   33  30 -18      3      3     2                             
  361	  183655.2+000003  18:36:55.26 +00:00:02.7     1.598  -2.04e-02   1.3e-02    -0.22  -1.80e-01  -3.89e-01 2.4e-01   59  21 -65       0.000   1.69e-01   4.7e-02     0.08   6.97e-01   1.63e+00 4.5e-01   42  31  -2       6.459   3.62e-01   3.8e-02     0.13   7.30e-01   1.52e+00 1.6e-01   39  29   4       9.923   4.68e-01   1.1e-01     0.19   6.43e-01   1.26e+00 2.8e-01   41  33  -6      11.030   4.26e-01   1.3e-01     0.19  6.23e-01 1.9e-01   45  36   3      11.720     1.391     0.30     0.733   4.695   35  31 -22      3      3     2                             
  362	  183655.3-003131  18:36:55.30 -00:31:31.0    29.180   6.21e-01   2.4e-02     4.62   7.53e-01   6.17e-01 2.4e-02    9   8  -1      15.760   5.20e-01   6.2e-02     0.35   5.67e-01   4.09e-01 4.9e-02   14  14  22      10.980   2.43e-01   5.2e-02     0.12   2.33e-01   1.50e-01 3.2e-02   18  18 -73       6.121   1.11e-01   4.1e-02     0.06   1.30e-01   5.63e-02 2.1e-02   37  25 -79       0.000   2.05e-02   8.2e-02     0.01  4.75e-03 1.9e-02   36  36 -88       0.000     0.135     0.04     0.034   3.395   18  18  77      4      1     4                             
  363	  183655.6-012307  18:36:55.63 -01:23:07.4     2.019  -2.19e-02   1.1e-02    -0.25  -1.14e-01  -3.03e-03 1.5e-03   51  12 -71       0.000   7.02e-02   3.5e-02     0.04   3.21e-01   4.13e-01 2.0e-01   46  35  76       6.604   2.32e-01   5.2e-02     0.10   3.98e-01   6.49e-01 1.5e-01   32  26  44       6.456   2.50e-01   1.1e-01     0.13   2.99e-01   4.07e-01 1.7e-01   39  25  54       0.000   1.35e-01   8.7e-02     0.07  1.16e-01 7.5e-02   47  36  66       8.413     0.693     0.19     0.294   3.639   28  26  24      2      0     0             					  no SED fit    
  364	  183656.1-001751  18:36:56.12 -00:17:52.9     0.000   5.68e-03   1.7e-02     0.04   8.76e-02   1.28e-01 3.9e-01   66  60 -45       6.332   2.01e-01   4.5e-02     0.11   8.13e-01   1.36e+00 3.0e-01   49  27 -89       9.656   4.66e-01   2.6e-02     0.17   1.01e+00   2.34e+00 1.3e-01   47  29 -82      12.110   5.49e-01   6.1e-02     0.22   7.70e-01   1.68e+00 1.9e-01   50  30 -86      12.580   4.86e-01   1.1e-01     0.21  8.34e-01 1.9e-01   53  36  83      18.550     1.812     0.36     1.017   4.995   48  28 -84      4      0     2     DOBASHI 1343                tentative bound 
  365	  183657.6+000016  18:36:57.61 +00:00:15.8     0.495  -6.75e-03   1.4e-02    -0.07  -1.19e-01  -6.50e-01 1.3e+00  111  76 -89       0.000   1.84e-01   6.3e-02     0.09   1.16e+00   4.29e+00 1.5e+00   82  59 -65       6.092   3.98e-01   9.5e-02     0.15   9.41e-01   2.97e+00 7.1e-01   49  34  90      10.360   5.93e-01   1.1e-01     0.25   9.63e-01   3.17e+00 6.1e-01   60  41 -82      11.460   5.04e-01   1.2e-01     0.24  1.38e+00 3.4e-01   67  43 -79      15.060     1.946     0.45     1.259   4.326   49  38 -85      3      1     2                             
  366	  183658.1-001955  18:36:58.13 -00:19:56.8     0.251  -3.42e-03   1.4e-02    -0.04  -1.40e-02   7.59e-02 3.0e-01   62   8  68       0.000   1.49e-01   4.5e-02     0.08   6.68e-01   1.53e+00 4.6e-01   40  37  17       0.000   2.22e-01   4.5e-02     0.08   3.78e-01   7.18e-01 1.5e-01   33  25   8       6.644   2.71e-01   1.2e-01     0.11   3.37e-01   5.25e-01 2.4e-01   41  26   0       6.622   2.74e-01   1.5e-01     0.12  3.17e-01 1.7e-01   47  36   2      10.260     0.810     0.15     0.317   5.347   33  20   3      2      1     0             					  no SED fit    
  367	  183658.3-011426  18:36:58.37 -01:14:27.6     0.936  -1.26e-02   1.4e-02    -0.13  -1.15e-01   7.31e-03 7.8e-03   44  25  51       0.000   1.56e-01   3.7e-02     0.08   5.59e-01   8.87e-01 2.1e-01   52  22  15       7.991   3.90e-01   6.4e-02     0.14   6.11e-01   9.81e-01 1.6e-01   36  20  23       7.485   4.32e-01   1.1e-01     0.17   5.39e-01   8.42e-01 2.1e-01   42  26  16       7.921   3.67e-01   1.5e-01     0.16  4.57e-01 1.9e-01   44  36  14      12.470     1.500     0.30     0.706   4.953   38  24  16      3      0     2                             
  368	  183700.1-011352  18:37:00.09 -01:13:52.1     0.000   3.08e-02   2.1e-02     0.21   5.17e-01  -7.74e-01 5.2e-01   82  72  78       0.000   8.70e-02   4.1e-02     0.05   4.93e-01   3.51e-01 1.7e-01   90  40 -55       6.703   2.64e-01   7.0e-02     0.10   6.36e-01   1.33e+00 3.5e-01   55  33 -69       6.590   4.23e-01   9.9e-02     0.17   6.21e-01   1.53e+00 3.6e-01   46  35 -54       9.616   4.29e-01   1.5e-01     0.19  7.39e-01 2.6e-01   47  36 -56      14.360     1.652     0.34     0.946   4.887   38  35 -23      3      1     2                             
  369	  183701.6-012028  18:37:01.64 -01:20:28.2     0.000   1.64e-02   1.6e-02     0.16   2.04e-01   3.18e-01 3.2e-01   46  43  28       0.000   1.07e-01   3.9e-02     0.05   4.91e-01   7.98e-01 2.9e-01   41  39 -82       7.327   2.90e-01   1.0e-01     0.09   5.05e-01   7.91e-01 2.8e-01   42  22  40       7.837   3.54e-01   1.3e-01     0.11   4.43e-01   6.25e-01 2.3e-01   40  27  34       8.770   4.41e-01   2.2e-01     0.15  5.13e-01 2.6e-01   39  36  64      14.020     1.351     0.18     0.647   7.306   35  27  40      3      1     2                             
  370	  183705.4-012001  18:37:05.40 -01:20:02.6     0.000   2.30e-03   1.4e-02     0.02   3.14e-02  -1.93e-02 1.2e-01   62  43   8       0.000   1.43e-01   5.1e-02     0.07   7.67e-01   2.21e+00 7.9e-01   55  45  77      10.260   7.10e-01   9.4e-02     0.21   1.39e+00   2.82e+00 3.7e-01   45  25  82      15.320   9.48e-01   1.3e-01     0.28   1.36e+00   2.84e+00 3.9e-01   49  32 -80      21.000   1.05e+00   2.1e-01     0.33  1.98e+00 3.9e-01   55  41  86      28.910     3.852     0.43     2.008   8.895   47  25  85      3      1     2     DOBASHI 1285                                       
  371	  183705.9-003042  18:37:05.99 -00:30:42.2     0.497  -7.65e-03   1.5e-02    -0.07  -9.33e-02  -4.17e-01 8.4e-01   73  32 -34       0.000   1.47e-01   4.2e-02     0.09   9.03e-01   3.09e+00 8.7e-01   70  58  43       7.433   3.53e-01   9.2e-02     0.18   7.58e-01   1.87e+00 4.9e-01   56  27  23       7.198   3.56e-01   8.7e-02     0.21   5.20e-01   1.22e+00 3.0e-01   59  31  27       6.521   3.17e-01   1.1e-01     0.22  6.21e-01 2.2e-01   60  37  40       8.996     0.984     0.36     0.572   2.714   56  28  26      3      1     2                             
  372	  183706.9-011723  18:37:06.98 -01:17:24.8     2.792  -2.91e-02   1.0e-02    -0.40  -1.55e-01  -9.54e-02 3.4e-02   52  12  54       0.000   1.07e-01   3.8e-02     0.06   5.80e-01   1.11e+00 3.9e-01   54  46  12       7.203   3.17e-01   8.4e-02     0.12   4.29e-01   6.95e-01 1.8e-01   31  18  13       9.065   4.08e-01   1.9e-01     0.16   4.78e-01   7.03e-01 3.3e-01   37  25  17       8.364   3.19e-01   1.9e-01     0.14  3.88e-01 2.3e-01   50  36  49      14.250     1.078     0.18     0.471   5.956   44  20  72      3      0     2                             
  373	  183708.2-012215  18:37:08.24 -01:22:15.2     0.000   3.46e-02   2.0e-02     0.26   4.21e-01   3.51e-01 2.0e-01   45  41 -66       0.000   8.71e-02   4.6e-02     0.05   3.84e-01   5.45e-01 2.9e-01   39  37 -62       6.792   2.21e-01   9.6e-02     0.08   3.02e-01   4.67e-01 2.0e-01   32  18 -76       7.021   3.14e-01   1.9e-01     0.13   3.53e-01   5.05e-01 3.1e-01   32  25 -81       0.000   1.78e-01   1.6e-01     0.07  1.72e-01 1.5e-01   42  36 -87       9.734     0.868     0.18     0.359   4.915   37  20 -87      2      1     0             					  no SED fit    
  374	  183708.2-012018  18:37:08.27 -01:20:18.3     0.000   3.69e-02   2.1e-02     0.28   5.86e-01  -2.32e-02 1.3e-02   72  62  86       6.068   2.22e-01   4.9e-02     0.11   1.07e+00   2.51e+00 5.5e-01   55  35   4      11.330   9.20e-01   1.1e-01     0.29   2.28e+00   6.38e+00 8.0e-01   48  39  49      14.590   1.01e+00   1.6e-01     0.31   1.38e+00   2.89e+00 4.5e-01   42  31  45      18.740   1.11e+00   1.8e-01     0.36  1.82e+00 2.9e-01   50  36  73      23.030     3.914     0.50     2.338   7.761   47  33  59      4      1     2     DOBASHI 1285                                       
  375	  183709.7+000034  18:37:09.77 +00:00:34.4     0.000   2.33e-02   1.9e-02     0.19   3.74e-01   3.88e-02 3.1e-02   71  66 -35       0.000   1.40e-01   5.9e-02     0.07   8.51e-01   2.81e+00 1.2e+00   70  56  32       9.536   4.98e-01   7.6e-02     0.19   1.08e+00   2.78e+00 4.2e-01   42  32  58      12.320   6.04e-01   9.4e-02     0.24   8.70e-01   2.02e+00 3.2e-01   45  34  57      12.470   5.41e-01   8.4e-02     0.24  9.53e-01 1.5e-01   52  37  52      20.990     2.330     0.48     1.347   4.841   43  32  57      3      1     2                             
  376	  183711.0-011930  18:37:11.03 -01:19:30.3     6.935  -5.41e-02   7.8e-03    -1.20  -4.74e-01   1.04e-01 1.5e-02   50  22 -69       6.077   1.26e-01   5.2e-02     0.07   6.39e-01   1.86e+00 7.6e-01   52  41  25      11.760   9.95e-01   1.9e-01     0.34   1.94e+00   3.76e+00 7.0e-01   35  29  58      14.800   1.16e+00   2.5e-01     0.39   1.39e+00   2.16e+00 4.7e-01   39  25  75      14.880   1.11e+00   1.7e-01     0.40  1.53e+00 2.4e-01   43  36  72      18.680     4.073     0.61     2.152   6.685   39  29  62      5      2     2     PGCC G030.13+02.55                                
  377	  183711.4-002855  18:37:11.40 -00:28:56.5     3.519  -3.88e-02   1.1e-02    -0.45  -3.89e-01  -1.73e-02 4.9e-03   51  27  11       7.099   2.27e-01   6.0e-02     0.15   7.41e-01   1.06e+00 2.8e-01   39  22  56       8.945   3.50e-01   8.8e-02     0.18   5.09e-01   9.83e-01 2.5e-01   33  20  56      10.570   3.95e-01   6.5e-02     0.24   4.70e-01   6.97e-01 1.2e-01   38  25  58       7.814   2.78e-01   7.6e-02     0.19  3.27e-01 9.0e-02   40  36  41      11.810     0.919     0.34     0.371   2.715   39  19  63      4      1     1                             
  378	  183712.4-000136  18:37:12.39 -00:01:37.8    10.880   2.45e-01   2.2e-02     2.22   2.94e-01   2.87e-01 2.6e-02    9   8  60       0.000   1.97e-01   4.6e-02     0.10   2.40e-01   1.07e-01 2.5e-02   15  14  17       0.000   1.66e-02   2.6e-02     0.01   1.60e-02   3.64e-03 5.6e-03   18  18  62       0.593  -1.20e-02   2.0e-02    -0.01  -1.50e-02  -2.29e-02 3.9e-02   37  28  78       0.000   1.63e-03   2.3e-02     0.00 -2.56e-04 3.7e-03   36  36  25       1.551    -0.073    -0.02    -0.028   3.982   28  22  -9      1      0     4              					  no SED fit    
  379	  183713.6-011919  18:37:13.62 -01:19:20.7     0.000   2.26e-02   1.8e-02     0.19   2.64e-01   9.05e-02 7.3e-02   49  36 -88       0.000   2.14e-01   3.7e-02     0.11   7.47e-01   1.31e+00 2.3e-01   45  22  18      15.480   8.64e-01   1.8e-01     0.29   1.17e+00   1.96e+00 4.2e-01   31  18  -4      19.360   1.08e+00   2.5e-01     0.40   1.22e+00   1.86e+00 4.4e-01   31  26   5      17.080   1.03e+00   1.7e-01     0.42  1.20e+00 2.0e-01   36  36 -57      35.560     4.220     0.69     1.734   6.102   30  24 -17      3      2     2     PGCC G030.13+02.55                                 
  380	  183714.8+001448  18:37:14.89 +00:14:47.9     0.000   2.04e-02   1.8e-02     0.21   2.35e-01  -2.89e-01 2.6e-01   41  40 -54       0.000   1.62e-01   3.7e-02     0.11   6.34e-01   5.35e-01 1.2e-01   44  27  24       6.901   2.37e-01   4.4e-02     0.12   3.31e-01   4.58e-01 8.5e-02   34  18  33       6.564   2.35e-01   3.0e-02     0.14   2.65e-01   3.11e-01 4.0e-02   33  25  28       0.000   1.31e-01   3.4e-02     0.08  1.20e-01 3.1e-02   41  36  24       8.766     0.632     0.20     0.237   3.160   29  21  28      2      1     0            						  no SED fit    
  381	  183715.8-013559  18:37:15.87 -01:36:00.4     0.000   4.39e-20   1.4e-02     0.00   5.55e-19   2.66e-18 8.7e-01   49  42 -55       6.674   2.49e-01   4.5e-02     0.15   6.85e-01   1.49e+00 2.7e-01   47  16  13      10.290   5.55e-01   6.7e-02     0.24   1.06e+00   1.74e+00 2.1e-01   43  25 -28       7.422   4.41e-01   1.1e-01     0.23   6.33e-01   9.67e-01 2.3e-01   43  35 -45       0.000   1.46e-01   1.1e-01     0.09  1.03e-01 7.5e-02   36  36 -44       8.767     1.088     0.37     0.552   2.979   37  28 -41      3      1     1            						                
  382	  183716.9-005120  18:37:16.94 -00:51:19.9     0.000   4.68e-02   2.1e-02     0.31   7.56e-01  -5.71e-02 2.6e-02   73  66  74       0.000   2.74e-01   5.2e-02     0.15   1.38e+00   3.17e+00 6.1e-01   56  38  47       7.295   3.93e-01   4.1e-02     0.19   8.90e-01   2.38e+00 2.5e-01   42  34  25       7.238   3.23e-01   7.3e-02     0.17   4.56e-01   1.00e+00 2.3e-01   50  30  35       6.856   2.67e-01   5.4e-02     0.16  4.21e-01 8.6e-02   47  36  33       8.070     0.806     0.26     0.466   3.105   44  32  23      3      2     2            						                
  383	  183717.8-004851  18:37:17.86 -00:48:51.4     0.000   6.35e-02   2.3e-02     0.41   7.48e-01   3.36e-02 1.2e-02   43  40 -55       0.000   1.99e-01   4.8e-02     0.11   8.28e-01   1.29e+00 3.1e-01   40  32 -79      13.270   5.45e-01   5.4e-02     0.24   7.24e-01   1.08e+00 1.1e-01   30  18 -41      15.880   6.80e-01   8.9e-02     0.35   7.57e-01   1.05e+00 1.4e-01   32  25 -33      12.830   4.95e-01   7.7e-02     0.30  4.86e-01 7.6e-02   36  36 -47      20.130     1.788     0.52     0.670   3.431   30  21 -29      3      0     2            						                
  384	  183718.4-011613  18:37:18.47 -01:16:14.7     0.000   2.81e-02   1.8e-02     0.23   4.05e-01   2.25e-01 1.4e-01   61  50  86       6.305   2.31e-01   8.9e-02     0.13   1.06e+00   1.45e+00 5.6e-01   48  35  15      13.000   6.01e-01   1.1e-01     0.21   1.08e+00   2.11e+00 3.7e-01   35  26 -64      17.790   7.07e-01   1.5e-01     0.25   8.67e-01   1.36e+00 2.9e-01   41  26 -83      15.860   7.99e-01   9.2e-02     0.33  1.18e+00 1.4e-01   44  37 -58      27.350     2.529     0.39     1.140   6.508   41  22 -77      4      0     2            						                
  385	  183718.5+000158  18:37:18.49 +00:01:58.0     0.938  -1.31e-02   1.4e-02    -0.15  -2.21e-01   5.20e-02 5.5e-02   99  67  18       4.552  -1.04e-01   2.3e-02    -0.06  -4.83e-01  -2.64e-02 5.8e-03   96  27 -80       7.169   3.83e-01   5.1e-02     0.15   1.11e+00   3.97e+00 5.3e-01   78  44   3      13.190   6.75e-01   8.3e-02     0.29   1.13e+00   3.55e+00 4.4e-01   73  42 -13      17.090   7.69e-01   8.5e-02     0.36  1.96e+00 2.2e-01   68  42 -11      28.480     3.135     0.68     2.178   4.642   66  38  -9      3      0     2            						                
  386	  183718.5-015546  18:37:18.50 -01:55:46.3     0.000   0.00e+00   0.0e+00     0.00   0.00e+00   0.00e+00 0.0e+00    0   0   0       8.412   2.61e-01   6.0e-02     0.15   1.85e+00   1.61e+01 3.7e+00  130  87  42       8.064   4.84e-01   6.8e-02     0.23   1.61e+00   1.31e+01 1.8e+00   83  80  36       8.084   4.97e-01   8.6e-02     0.26   9.72e-01   9.09e+00 1.6e+00  106  87  10       7.562   4.41e-01   1.0e-01     0.27  3.83e+00 9.0e-01  105  89   6       6.235     0.715     0.22     0.626   3.222  103  71  -1      4      3     1            						                
  387	  183719.2-013440  18:37:19.27 -01:34:41.7     0.000   6.18e-02   2.6e-02     0.34   1.21e+00   2.19e+00 9.2e-01  189 178  70       8.723   4.09e-01   4.6e-02     0.22   2.77e+00   1.99e+01 2.2e+00  141  64  31       7.895   5.51e-01   7.4e-02     0.22   1.86e+00   1.53e+01 2.0e+00  139  68  32       7.746   4.91e-01   8.8e-02     0.23   9.48e-01   7.78e+00 1.4e+00  127  70  33       7.664   3.63e-01   8.0e-02     0.19  2.58e+00 5.7e-01  141  61  42       7.177     1.271     0.41     1.136   3.132  108  80  21      4      0     1            						                
  388	  183720.3-011721  18:37:20.29 -01:17:21.0     0.000  -7.39e-02   1.0e-30    -1.95  -6.40e-01  -1.40e-01 1.9e-30   55  21  41       0.000   1.45e-01   4.4e-02     0.08   8.37e-01   2.76e+00 8.3e-01   67  49  19      12.840   5.98e-01   1.2e-01     0.22   1.18e+00   2.48e+00 4.8e-01   49  25 -81      19.960   9.01e-01   1.3e-01     0.33   1.19e+00   2.30e+00 3.3e-01   50  26 -82      20.980   9.52e-01   1.5e-01     0.40  1.73e+00 2.8e-01   59  36 -83      37.550     3.609     0.58     1.874   6.208   49  25 -84      3      0     2            						                
  389	  183720.4-004837  18:37:20.43 -00:48:37.1     0.000   2.53e-03   1.4e-02     0.02   2.01e-02  -2.38e-02 1.4e-01   31  26  73       0.000   5.84e-02   4.6e-02     0.03   1.71e-01   1.31e-01 1.0e-01   27  25  82       7.078   2.57e-01   6.0e-02     0.11   3.14e-01   3.19e-01 7.4e-02   26  18   7       9.999   4.16e-01   1.3e-01     0.21   4.13e-01   4.73e-01 1.4e-01   25  25  15       6.008   3.33e-01   1.1e-01     0.19  2.92e-01 9.7e-02   36  36  31      11.710     1.090     0.29     0.314   3.700   22  18  16      3      0     2            						                
  390	  183722.5+000707  18:37:22.52 +00:07:06.7     0.000   2.35e-02   2.0e-02     0.21   3.31e-01  -4.32e-01 3.7e-01   54  52 -43       0.000   1.25e-01   3.8e-02     0.07   5.09e-01   7.57e-01 2.3e-01   44  29 -56       6.431   3.00e-01   8.0e-02     0.11   4.23e-01   7.05e-01 1.9e-01   28  21 -27       8.844   3.87e-01   1.2e-01     0.15   4.38e-01   7.07e-01 2.2e-01   33  25  -3       9.907   3.29e-01   1.1e-01     0.14  4.09e-01 1.4e-01   43  36  16      12.160     1.355     0.26     0.582   5.260   32  24   1      3      0     2            						                
  391	  183722.8-012002  18:37:22.80 -01:20:03.7     0.000   9.18e-03   1.5e-02     0.09   1.27e-01  -1.65e-01 2.7e-01   70  42  87       0.000   1.40e-01   3.4e-02     0.08   7.09e-01   9.19e-01 2.2e-01   59  37 -69       9.121   3.66e-01   5.9e-02     0.15   7.00e-01   1.37e+00 2.2e-01   42  25 -63      10.660   4.08e-01   1.2e-01     0.17   5.24e-01   9.24e-01 2.8e-01   46  26 -57      10.200   3.80e-01   1.2e-01     0.18  4.72e-01 1.5e-01   43  36 -54      17.670     1.387     0.28     0.670   5.015   44  23 -63      3      1     2            						                
  392	  183723.0-005907  18:37:22.99 -00:59:07.3     0.197  -2.32e-03   1.2e-02    -0.02  -2.16e-02   3.67e-01 1.9e+00   63  22 -45       0.000   6.67e-02   4.4e-02     0.04   3.84e-01   1.44e+00 9.5e-01   57  54  70       6.165   1.99e-01   3.4e-02     0.08   3.44e-01   6.63e-01 1.1e-01   44  21  61       6.295   3.15e-01   5.6e-02     0.15   3.90e-01   6.69e-01 1.2e-01   44  25  63       6.733   2.44e-01   5.1e-02     0.13  3.22e-01 6.7e-02   48  36  63       7.702     0.673     0.19     0.297   3.600   38  22  66      3      1     2            						                
  393	  183723.1-012143  18:37:23.12 -01:21:44.7     0.000   2.57e-02   1.7e-02     0.20   2.85e-01  -1.10e-02 7.5e-03   42  36   7       0.000   4.86e-02   2.8e-02     0.03   1.94e-01   1.71e-01 9.7e-02   36  32 -35       8.059   2.96e-01   3.9e-02     0.13   3.44e-01   4.19e-01 5.6e-02   24  18 -50       7.613   2.85e-01   1.2e-01     0.14   3.22e-01   3.54e-01 1.5e-01   33  25 -50       0.000   1.45e-01   5.6e-02     0.07  1.04e-01 4.0e-02   36  36 -50      12.480     1.079     0.27     0.341   3.975   26  18 -52      2      0     0            						  no SED fit    
  394	  183723.4-000754  18:37:23.43 -00:07:55.8     1.387  -1.72e-02   1.2e-02    -0.17  -2.56e-01  -1.91e-02 1.4e-02   71  50 -84       0.000   2.71e-01   5.1e-02     0.14   1.46e+00   3.97e+00 7.5e-01   68  40  71       7.632   4.03e-01   3.0e-02     0.16   8.13e-01   1.83e+00 1.4e-01   48  26  68      10.230   4.76e-01   3.6e-02     0.20   6.60e-01   1.40e+00 1.1e-01   52  29  68      10.010   4.15e-01   3.2e-02     0.20  7.37e-01 5.7e-02   58  36  74      14.290     1.527     0.35     0.868   4.375   47  29  68      3      3     2            						                
  395	  183724.6-011414  18:37:24.66 -01:14:14.3     0.031  -4.60e-04   1.5e-02    -0.00  -5.01e-04   8.32e-02 2.7e+00    8   8  90       0.000   1.08e-01   5.7e-02     0.06   3.09e-01  -6.73e-02 3.5e-02   37  19  56       7.817   2.44e-01   5.2e-02     0.09   2.34e-01   2.17e-01 4.6e-02   18  18 -88       7.690   2.09e-01   6.5e-02     0.08   2.19e-01   1.90e-01 5.9e-02   28  25  45       0.000   8.69e-02   8.0e-02     0.04  4.48e-02 4.1e-02   36  36  57      11.450     0.818     0.16     0.248   5.056   24  18 -85      2      1     0            						  no SED fit    
  396	  183725.4-004445  18:37:25.47 -00:44:45.0     3.279  -3.37e-02   1.0e-02    -0.53  -3.51e-01   2.25e-03 6.9e-04   41  33 -87       0.000   1.08e-01   4.6e-02     0.07   5.77e-01   1.61e+00 6.9e-01   51  48  59       9.580   3.55e-01   4.0e-02     0.15   5.76e-01   9.64e-01 1.1e-01   40  20   6      14.390   5.39e-01   4.4e-02     0.27   6.48e-01   1.00e+00 8.3e-02   40  25   4      13.030   4.76e-01   5.5e-02     0.29  4.69e-01 5.4e-02   37  36  -8      19.370     1.553     0.39     0.671   3.981   43  20   2      3      0     2            						                
  397	  183726.5-015038  18:37:26.51 -01:50:39.7     0.000   0.00e+00   0.0e+00     0.00   0.00e+00   0.00e+00 0.0e+00    0   0   0      11.840   3.24e-01   7.4e-02     0.14   3.64e-01   4.96e-01 1.1e-01   14  14  79      11.850   6.14e-01   1.4e-01     0.22   1.02e+00   1.74e+00 3.9e-01   34  23  74      10.630   4.07e-01   1.4e-01     0.17   4.14e-01   5.43e-01 1.9e-01   26  25  61       7.223   3.46e-01   1.4e-01     0.17  3.90e-01 1.6e-01   38  36  79       7.906     0.647     0.18     0.277   3.693   32  24  65      4      1     2            						                
  398	  183726.8-002058  18:37:26.82 -00:20:58.2     0.000   4.25e-04   1.4e-02     0.00   5.85e-03   6.95e-01 2.3e+01   88  38  76       7.337   2.16e-01   4.0e-02     0.14   1.10e+00   2.58e+00 4.8e-01   53  41 -53      12.790   5.12e-01   2.5e-02     0.25   1.25e+00   3.24e+00 1.6e-01   44  40 -61      15.810   6.46e-01   4.0e-02     0.37   9.53e-01   2.16e+00 1.3e-01   41  40 -16      14.970   6.14e-01   4.1e-02     0.40  1.03e+00 6.9e-02   43  39 -17      21.920     1.914     0.67     1.181   2.839   41  39  15      4      2     3            						tentative bound 
  399	  183729.0-004427  18:37:29.09 -00:44:27.2     0.000   5.01e-02   2.3e-02     0.35   5.90e-01   2.11e-01 9.6e-02   42  41 -36       6.374   2.09e-01   5.3e-02     0.13   6.60e-01   9.23e-01 2.3e-01   35  23 -25      17.550   7.33e-01   5.7e-02     0.30   9.86e-01   1.49e+00 1.2e-01   26  21 -51      21.500   8.53e-01   6.6e-02     0.39   9.09e-01   1.26e+00 9.7e-02   28  26 -49      15.360   7.24e-01   6.9e-02     0.40  8.61e-01 8.2e-02   38  36  13      35.960     3.052     0.71     1.067   4.297   24  22 -75      4      0     2            						                
  400	  183729.2-011151  18:37:29.22 -01:11:51.3     0.000   3.39e-02   2.0e-02     0.27   3.97e-01   2.48e-01 1.5e-01   46  38 -48       0.000   8.22e-02   3.6e-02     0.05   3.38e-01   4.66e-01 2.0e-01   43  30  40       6.799   2.55e-01   4.1e-02     0.10   3.42e-01   5.03e-01 8.2e-02   29  19  55       7.861   2.83e-01   5.2e-02     0.12   3.21e-01   4.26e-01 7.7e-02   33  25  63       0.000   1.65e-01   5.9e-02     0.07  1.58e-01 5.7e-02   40  36  38      10.300     0.765     0.16     0.286   4.643   34  19  67      2      2     0            						  no SED fit    
  401	  183730.0-015219  18:37:30.00 -01:52:20.6     0.000   0.00e+00   0.0e+00     0.00   0.00e+00   0.00e+00 0.0e+00    0   0   0      18.610   4.46e-01   8.6e-02     0.19   4.92e-01   5.87e-01 1.1e-01   14  14 -83      15.660   7.08e-01   9.4e-02     0.24   8.93e-01   1.26e+00 1.7e-01   28  18 -79      11.030   4.72e-01   9.8e-02     0.19   4.69e-01   5.35e-01 1.1e-01   25  25  88       6.384   2.95e-01   1.1e-01     0.13  3.23e-01 1.2e-01   36  36  75       8.851     0.694     0.16     0.238   4.418   28  19 -76      4      1     2                             
  402	  183730.2-011653  18:37:30.25 -01:16:53.1     0.000   2.52e-02   1.8e-02     0.23   2.38e-01   5.66e-02 4.1e-02   35  32 -32       2.409  -4.21e-02   1.7e-02    -0.03  -1.14e-01   2.92e-02 1.2e-02   33  19  -6       6.705   2.05e-01   5.3e-02     0.09   2.88e-01   3.21e-01 8.2e-02   34  18  89       8.368   2.90e-01   8.4e-02     0.13   3.42e-01   3.30e-01 9.6e-02   37  25  85       7.853   2.86e-01   8.3e-02     0.14  3.06e-01 8.9e-02   45  36  82      16.210     1.381     0.27     0.499   5.163   33  18  81      3      1     2     PGCC G030.20+02.53                                 
  403	  183730.3-004157  18:37:30.32 -00:41:58.7     0.000   2.74e-03   1.6e-02     0.03   3.42e-02  -4.73e-01 2.7e+00   49  41  59       0.000   2.23e-01   3.8e-02     0.13   7.09e-01   1.01e+00 1.7e-01   36  22  75      10.010   3.92e-01   1.0e-01     0.18   5.46e-01   8.02e-01 2.1e-01   33  18  81      13.000   4.74e-01   1.4e-01     0.24   5.68e-01   7.22e-01 2.2e-01   39  25  86      10.790   3.81e-01   1.4e-01     0.22  3.30e-01 1.2e-01   36  36  80      20.810     1.621     0.43     0.617   3.795   31  20  86      3      3     2                             
  404	  183730.7-011512  18:37:30.75 -01:15:13.7     3.246  -3.56e-02   1.1e-02    -0.63  -1.28e-01  -3.27e-02 1.0e-02   40   9  70       0.000   6.59e-02   2.7e-02     0.04   2.63e-01   2.90e-01 1.2e-01   42  29 -10       7.263   2.88e-01   6.8e-02     0.11   3.41e-01   4.79e-01 1.1e-01   25  18  84      11.140   4.74e-01   1.3e-01     0.20   4.83e-01   6.10e-01 1.7e-01   26  25  89      10.470   4.81e-01   1.5e-01     0.22  4.72e-01 1.5e-01   36  36  14      20.420     1.938     0.32     0.670   6.068   30  18  82      3      1     2                             
  405	  183731.2+000706  18:37:31.26 +00:07:05.5    46.190   1.02e+00   2.2e-02     9.01   1.11e+00   1.18e+00 2.5e-02    8   8 -45      37.620   1.30e+00   4.3e-02     0.66   2.00e+00   1.58e+00 5.2e-02   21  14  -7      38.060   1.17e+00   8.0e-02     0.35   1.44e+00   1.47e+00 1.0e-01   26  18   0      34.040   1.09e+00   1.4e-01     0.32   1.29e+00   1.32e+00 1.7e-01   38  25   1      31.220   1.06e+00   1.5e-01     0.38  1.68e+00 2.4e-01   57  36   4      38.730     2.191     0.24     0.818   9.297   30  20 -15      5      0     4     IRAS 18349+0004               no SED fit    
  406	  183731.5-011550  18:37:31.58 -01:15:50.1     0.000   7.28e-04   1.3e-02     0.01   7.93e-04   2.33e-01 4.0e+00    8   8  90       0.000   4.10e-02   2.6e-02     0.03   2.07e-01   3.21e-01 2.0e-01   49  41  30       6.034   2.53e-01   5.8e-02     0.10   4.30e-01   7.47e-01 1.7e-01   35  23 -73       6.662   4.16e-01   1.4e-01     0.17   4.64e-01   7.22e-01 2.4e-01   32  25  77      10.400   5.03e-01   1.5e-01     0.23  6.00e-01 1.8e-01   40  36  68      16.320     1.840     0.32     0.767   5.757   35  21 -88      3      1     2                             
  407	  183731.6-015353  18:37:31.61 -01:53:53.0     0.000   0.00e+00   0.0e+00     0.00   0.00e+00   0.00e+00 0.0e+00    0   0   0       6.704   2.23e-01   6.5e-02     0.10   7.27e-01   6.66e-01 1.9e-01   44  21  10      10.180   3.28e-01   4.3e-02     0.11   4.44e-01   6.82e-01 8.9e-02   24  23 -27       8.833   2.95e-01   9.9e-02     0.12   3.09e-01   4.26e-01 1.4e-01   27  25  19       0.000   2.03e-01   8.5e-02     0.09  1.98e-01 8.3e-02   36  36  57       9.869     0.826     0.21     0.338   3.978   30  23 -13      3      1     1                             
  408	  183731.9-014034  18:37:31.94 -01:40:35.9     0.000   4.66e-02   2.7e-02     0.26   8.69e-01   3.21e+00 1.8e+00  126 110  18       8.058   3.53e-01   5.0e-02     0.21   1.97e+00   7.10e+00 1.0e+00   69  43  38       7.645   4.61e-01   9.2e-02     0.21   1.38e+00   6.88e+00 1.4e+00   77  51  32       7.968   4.81e-01   7.2e-02     0.27   8.86e-01   4.85e+00 7.3e-01   86  59  24       8.218   4.96e-01   1.2e-01     0.32  2.47e+00 5.8e-01   83  64  46       6.231     0.340     0.10     0.250   3.338  120  37 -74      4      1     1                             
  409	  183731.9-004342  18:37:31.98 -00:43:42.2     0.756  -8.41e-03   1.1e-02    -0.10  -5.52e-02   1.03e-02 1.4e-02   40  17 -64       6.992   2.39e-01   6.1e-02     0.15   1.02e+00   1.96e+00 5.0e-01   44  31  26      20.410   8.70e-01   7.8e-02     0.34   1.37e+00   2.35e+00 2.1e-01   35  21   0      30.770   1.22e+00   9.4e-02     0.50   1.45e+00   2.20e+00 1.7e-01   39  25   3      30.440   1.12e+00   1.1e-01     0.56  1.49e+00 1.4e-01   41  36  22      56.640     4.648     0.85     1.963   5.484   37  21   3      4      0     2                             
  410	  183732.4-011441  18:37:32.45 -01:14:41.2     0.000   2.16e-18   1.5e-02     0.00   1.32e-17  -2.58e-02 1.8e+14   34  17 -60       0.000   4.38e-18   2.4e-02     0.00   1.36e-17  -4.95e-05 2.7e+11   30  25 -38       7.074   2.05e-01   8.7e-02     0.08   2.09e-01   2.32e-01 9.9e-02   20  18  74       7.376   3.08e-01   1.5e-01     0.12   3.18e-01   3.25e-01 1.5e-01   27  25  68       7.378   3.72e-01   1.2e-01     0.16  3.64e-01 1.2e-01   47  36  13      19.000     1.625     0.27     0.513   5.988   24  19  73      3      1     0             					  no SED fit    
  411	  183733.2-004848  18:37:33.26 -00:48:49.5     0.000   1.03e-02   1.7e-02     0.08   1.31e-01  -5.20e-03 8.8e-03   54  40 -38       0.000   1.71e-01   6.1e-02     0.09   7.68e-01   1.14e+00 4.1e-01   48  33 -32       8.241   3.29e-01   1.0e-01     0.12   4.78e-01   7.71e-01 2.4e-01   35  19 -22      10.200   4.15e-01   1.5e-01     0.18   4.87e-01   6.48e-01 2.3e-01   37  25 -12      10.280   3.92e-01   1.6e-01     0.19  4.44e-01 1.8e-01   46  36 -17      14.350     1.226     0.27     0.445   4.461   30  19  -6      3      2     2                             
  412	  183733.4-013811  18:37:33.46 -01:38:10.9     0.020  -2.57e-04   1.3e-02    -0.00  -2.80e-04  -8.40e-02 4.3e+00    8   8  90       6.243   2.09e-01   3.6e-02     0.14   3.77e-01   3.04e-01 5.2e-02   25  14 -52      10.930   3.59e-01   3.0e-02     0.17   4.12e-01   4.23e-01 3.6e-02   24  18 -74       7.322   2.42e-01   4.7e-02     0.13   2.57e-01   2.45e-01 4.8e-02   29  25 -76       0.000   9.83e-02   6.5e-02     0.06  6.92e-02 4.6e-02   36  36 -88      10.140     0.790     0.27     0.255   2.929   26  18 -78      3      0     3                             
  413	  183734.8-004251  18:37:34.88 -00:42:51.1     7.077  -5.93e-02   8.4e-03    -1.20  -2.69e-01  -7.96e-02 1.1e-02   55  10  78       6.588   2.00e-01   6.0e-02     0.12   4.40e-01   5.87e-01 1.7e-01   38  14 -16      15.310   6.00e-01   6.2e-02     0.25   1.10e+00   1.79e+00 1.8e-01   32  28  85      18.730   7.12e-01   8.2e-02     0.31   8.54e-01   1.21e+00 1.4e-01   34  28  79      15.600   6.35e-01   1.0e-01     0.31  7.24e-01 1.2e-01   40  36  86      32.500     2.694     0.57     1.224   4.748   31  27  79      4      0     2     DOBASHI 1325               tentative bound 
  414	  183735.1-015159  18:37:35.11 -01:52:00.4     0.000   0.00e+00   0.0e+00     0.00   0.00e+00   0.00e+00 0.0e+00    0   0   0       9.780   3.90e-01   7.9e-02     0.16   5.92e-01   7.03e-01 1.4e-01   20  14  54      12.130   3.92e-01   7.9e-02     0.12   4.90e-01   4.28e-01 8.7e-02   27  18  55       8.888   2.37e-01   7.5e-02     0.09   2.58e-01   1.88e-01 6.0e-02   30  25  60       0.000   1.24e-01   1.0e-01     0.05  3.97e-02 3.3e-02   36  36  61      10.870     0.760     0.17     0.221   4.587   22  18  74      3      1     1                             
  415	  183735.2-015858  18:37:35.24 -01:58:58.3     0.000   0.00e+00   0.0e+00     0.00   0.00e+00   0.00e+00 0.0e+00    0   0   0      12.050   1.92e-01   7.0e-02     0.11   6.41e-01   1.23e+00 4.4e-01   58  19  -4      12.100   6.14e-01   9.3e-02     0.28   1.11e+00   2.11e+00 3.2e-01   42  23   1       9.706   4.83e-01   9.0e-02     0.25   6.00e-01   1.03e+00 1.9e-01   44  25   4       7.771   3.60e-01   7.0e-02     0.22  5.08e-01 9.9e-02   55  36   6      10.260     1.018     0.32     0.421   3.224   38  20  15      4      0     3             				   tentative bound 
  416	  183737.2-011118  18:37:37.23 -01:11:19.6     1.773  -1.97e-02   1.1e-02    -0.24  -2.23e-01   2.78e-03 1.6e-03   70  28  83       0.000   6.20e-02   3.9e-02     0.04   3.78e-01   8.68e-01 5.4e-01   67  58  17       8.695   3.68e-01   4.9e-02     0.15   8.26e-01   1.93e+00 2.6e-01   54  29  61      15.520   5.67e-01   1.1e-01     0.24   7.91e-01   1.56e+00 3.2e-01   50  30  64      17.250   6.70e-01   1.1e-01     0.32  1.01e+00 1.7e-01   49  36  64      27.190     2.596     0.57     1.507   4.569   48  30  60      3      0     2     LDN 564                                     
  417	  183737.8+001817  18:37:37.87 +00:18:17.4     0.000   8.50e-03   1.5e-02     0.09   1.24e-01   3.39e-01 6.2e-01   62  52  83       0.000   4.56e-02   3.0e-02     0.03   2.52e-01   3.15e-01 2.1e-01   58  47  12       6.296   2.32e-01   9.3e-02     0.11   4.59e-01   8.51e-01 3.4e-01   43  26  15       8.524   3.35e-01   1.1e-01     0.17   4.22e-01   7.14e-01 2.3e-01   40  27  19       8.103   3.14e-01   9.1e-02     0.18  4.42e-01 1.3e-01   45  37 -12      13.360     0.973     0.25     0.486   3.845   43  25  21      3      1     2     2MASS J18373580+0019053                     
  418	  183739.3-002536  18:37:39.32 -00:25:36.3    14.470   3.19e-01   2.2e-02     2.24   3.52e-01   2.38e-01 1.7e-02    9   8 -59       8.949   2.95e-01   3.2e-02     0.20   3.21e-01   2.41e-01 2.6e-02   14  14 -82       7.249   2.17e-01   2.4e-02     0.11   2.08e-01   1.63e-01 1.8e-02   18  18 -53       0.000   8.44e-02   4.1e-02     0.05   8.37e-02   2.39e-02 1.2e-02   25  25 -52       0.000   1.20e-02   2.4e-02     0.01  2.12e-03 4.3e-03   36  36 -66       0.000     0.191     0.07     0.048   2.901   18  18 -85      3      1     4     2MASS J18373923-0025350       no SED fit    
  419	  183740.4-015427  18:37:40.46 -01:54:27.3     0.000   0.00e+00   0.0e+00     0.00   0.00e+00   0.00e+00 0.0e+00    0   0   0      14.500   3.89e-01   6.3e-02     0.17   1.37e+00   1.09e+00 1.8e-01   32  29 -89      14.950   4.65e-01   5.4e-02     0.15   5.39e-01   7.96e-01 9.2e-02   23  19  53      10.600   3.56e-01   1.1e-01     0.14   4.01e-01   5.54e-01 1.7e-01   31  26  60       7.826   2.49e-01   1.5e-01     0.11  2.77e-01 1.7e-01   42  36  85       6.059     0.654     0.16     0.260   4.115   33  21 -76      4      1     1                             
  420	  183741.0-000628  18:37:41.06 -00:06:29.9     0.000   2.45e-03   1.4e-02     0.02   3.06e-02  -5.63e-03 3.2e-02   50  41  48       0.000   1.28e-01   3.6e-02     0.08   6.00e-01   9.58e-01 2.7e-01   45  38  41       7.351   3.09e-01   6.1e-02     0.14   5.24e-01   8.94e-01 1.8e-01   37  22  34       7.678   3.11e-01   7.5e-02     0.15   3.83e-01   5.86e-01 1.4e-01   43  25  27       6.592   2.69e-01   8.0e-02     0.15  3.61e-01 1.1e-01   50  36  30      10.500     0.911     0.23     0.397   3.926   38  22  31      3      0     2                             
  421	  183743.1+001315  18:37:43.16 +00:13:15.0     3.047  -3.49e-02   1.1e-02    -0.39  -6.04e-01   8.23e-01 2.7e-01  168  62  77       9.363   5.77e-02   5.8e-02     0.03   3.76e-01   5.32e+00 5.4e+00  181  53  42       7.745   4.81e-01   5.8e-02     0.21   1.64e+00   1.46e+01 1.8e+00  123  74  30       9.378   5.88e-01   6.7e-02     0.27   1.15e+00   1.02e+01 1.2e+00  129  76  33      10.420   5.28e-01   6.0e-02     0.27  4.27e+00 4.9e-01  124  76  32      10.280     1.287     0.33     1.166   3.954  126  82  39      4      1     2     IRAS 18351+0010                                    
  422	  183743.2-014322  18:37:43.21 -01:43:23.8    23.950   1.33e-01   8.2e-02     0.22   4.07e-01   7.64e-01 4.7e-01   30   8  21      47.100   1.41e+00   3.6e-01     0.36   2.71e+00   2.39e+00 6.1e-01   29  14  43      45.990   1.23e+00   2.0e-01     0.26   1.37e+00   1.04e+00 1.7e-01   23  18 -68      19.910   6.27e-01   2.4e-01     0.16   6.27e-01   7.20e-01 2.7e-01   25  25  70       0.000   2.82e-01   2.5e-01     0.07  1.88e-01 1.7e-01   38  36   9      12.410     1.569     0.25     0.509   6.189   27  18 -71      4      0     4                             
  423	  183743.3-013709  18:37:43.29 -01:37:09.4     3.270  -3.80e-02   1.2e-02    -0.38  -2.91e-01   1.52e-01 4.6e-02   41  20 -33       0.000   1.86e-01   4.0e-02     0.09   6.17e-01   8.35e-01 1.8e-01   37  23  47       9.478   3.80e-01   6.7e-02     0.14   5.44e-01   7.42e-01 1.3e-01   34  19  54       6.376   2.91e-01   1.4e-01     0.13   3.44e-01   3.91e-01 1.9e-01   37  25  41       0.000   2.61e-02   6.2e-02     0.01  1.58e-02 3.8e-02   50  36  -5       7.256     0.523     0.13     0.206   4.053   40  18  43      2      0     0        						      no SED fit    
  424	  183743.4-015359  18:37:43.47 -01:54:00.8     0.000   0.00e+00   0.0e+00     0.00   0.00e+00   0.00e+00 0.0e+00    0   0   0       7.607   1.49e-01   7.4e-02     0.06   4.13e-01   6.52e-01 3.2e-01   36  19 -65      19.500   5.36e-01   1.3e-01     0.16   7.80e-01   8.29e-01 2.1e-01   37  18 -72      18.210   6.46e-01   1.7e-01     0.22   6.44e-01   7.19e-01 1.9e-01   25  25 -63      10.660   6.05e-01   1.7e-01     0.26  6.17e-01 1.8e-01   39  36  11      19.930     1.509     0.30     0.483   5.053   26  18  85      4      0     2        						                    
  425	  183743.7-004051  18:37:43.72 -00:40:52.8     0.000   2.46e-02   2.0e-02     0.20   3.52e-01  -9.70e-02 7.9e-02   57  52  36       0.000   1.27e-01   3.6e-02     0.08   5.92e-01   9.90e-01 2.8e-01   54  33   9       7.412   2.89e-01   6.0e-02     0.13   5.17e-01   8.88e-01 1.8e-01   36  25  -7       8.326   3.66e-01   1.0e-01     0.18   5.16e-01   8.90e-01 2.4e-01   41  34  43      11.510   3.79e-01   1.2e-01     0.21  4.41e-01 1.4e-01   40  36  19      15.250     1.272     0.33     0.672   3.838   40  29  43      3      1     2        						                    
  426	  183743.8-014849  18:37:43.79 -01:48:50.4    10.850   1.60e-01   2.3e-02     0.40   4.77e-01   4.59e-01 6.7e-02   18  12  36      25.430   8.01e-01   8.6e-02     0.32   9.72e-01   7.94e-01 8.6e-02   15  14  46      27.350   7.60e-01   9.1e-02     0.25   8.87e-01   7.44e-01 9.0e-02   24  18  52      11.680   4.17e-01   1.3e-01     0.17   4.53e-01   5.25e-01 1.7e-01   30  25  46       0.000   6.34e-02   1.0e-01     0.03  1.55e-02 2.5e-02   36  36  53      11.580     0.960     0.26     0.292   3.728   24  18  51      4      0     4        						                    
  427	  183743.8-014200  18:37:43.88 -01:42:00.3     9.953   5.26e-02   5.6e-02     0.15   2.75e-01   2.37e-01 2.5e-01   67  11 -89      29.720   9.27e-01   1.4e-01     0.34   1.77e+00   2.57e+00 3.9e-01   29  14   6      27.080   9.49e-01   1.4e-01     0.28   1.43e+00   2.33e+00 3.5e-01   31  21  -2      23.330   1.05e+00   2.1e-01     0.37   1.21e+00   1.87e+00 3.8e-01   32  26 -21      19.920   7.72e-01   3.8e-01     0.30  9.37e-01 4.6e-01   51  36 -20      21.980     2.574     0.51     1.155   5.030   37  23 -66      5      2     3        						    tentative bound 
  428	  183744.1-013040  18:37:44.09 -01:30:41.6     0.000   9.45e-03   1.7e-02     0.06   1.11e-01   9.61e-02 1.8e-01   46  38 -43      11.220   3.01e-01   1.3e-01     0.15   1.05e+00   1.42e+00 6.0e-01   36  26 -77      13.360   4.37e-01   1.5e-01     0.16   5.58e-01   7.13e-01 2.5e-01   28  18 -58       9.138   3.31e-01   1.4e-01     0.14   3.52e-01   4.31e-01 1.8e-01   29  25 -73       6.196   2.08e-01   1.1e-01     0.10  1.97e-01 1.1e-01   36  36  43      10.040     0.773     0.20     0.253   3.920   27  18 -68      4      0     1        						                    
  429	  183744.1-005156  18:37:44.11 -00:51:57.7     0.000   6.67e-03   1.5e-02     0.06   8.68e-02   4.26e-01 9.9e-01   53  42 -27       6.428   1.60e-01   4.8e-02     0.08   4.97e-01   8.02e-01 2.4e-01   49  18 -47       8.815   4.44e-01   1.3e-01     0.16   6.54e-01   1.12e+00 3.4e-01   37  18 -36      11.180   5.01e-01   1.7e-01     0.20   6.08e-01   8.40e-01 2.8e-01   41  25 -39       7.817   4.09e-01   1.4e-01     0.19  5.32e-01 1.8e-01   49  36 -38      11.170     1.043     0.22     0.396   4.751   31  20 -40      4      2     3        						    tentative bound 
  430	  183744.1-014233  18:37:44.14 -01:42:34.4    15.110   7.57e-02   4.8e-02     0.18   2.85e-01   7.58e-01 4.8e-01   47   8 -16      41.610   1.17e+00   3.1e-01     0.37   2.81e+00   3.70e+00 9.8e-01   26  19  24      50.670   1.66e+00   1.9e-01     0.42   1.99e+00   2.72e+00 3.1e-01   24  19  47      32.250   1.28e+00   3.3e-01     0.37   1.32e+00   1.57e+00 4.1e-01   27  25  67      15.580   7.44e-01   4.0e-01     0.24  9.05e-01 4.9e-01   45  36  88      29.400     2.870     0.50     0.845   5.711   22  19  18      5      0     4        						                    
  431	  183744.4-014358  18:37:44.40 -01:43:59.6    65.730   8.76e-01   2.6e-01     0.57   2.75e+00   3.45e+00 1.0e+00   26  10  58     127.300   4.41e+00   1.3e+00     0.74   7.48e+00   7.61e+00 2.3e+00   24  14  53      61.110   3.18e+00   7.1e-01     0.50   3.57e+00   3.78e+00 8.4e-01   23  18  61      60.850   2.20e+00   6.4e-01     0.46   2.20e+00   2.34e+00 6.8e-01   25  25  58      29.430   1.72e+00   6.6e-01     0.41  1.62e+00 6.2e-01   41  36 -69      35.770     3.315     0.44     1.044   7.586   25  18  87      5      0     4        						                    
  432	  183744.6-013438  18:37:44.59 -01:34:39.9     0.000   4.10e-02   2.1e-02     0.28   4.28e-01   5.21e-02 2.6e-02   40  34 -36       0.000   8.07e-03   2.4e-02     0.00   3.76e-02   3.11e-01 9.4e-01   52  33  35       6.829   1.80e-01   5.0e-02     0.07   2.66e-01   2.92e-01 8.2e-02   33  20 -31       7.368   2.11e-01   6.3e-02     0.09   2.29e-01   2.51e-01 7.5e-02   30  25 -76       0.000   9.20e-02   1.0e-01     0.04  5.20e-02 5.6e-02   36  36 -80       7.685     0.533     0.13     0.186   3.963   31  18 -68      2      1     0        						      no SED fit    
  433	  183744.6-015314  18:37:44.61 -01:53:14.2     0.000   0.00e+00   0.0e+00     0.00   0.00e+00   0.00e+00 0.0e+00    0   0   0       0.000   3.23e-02   5.4e-02     0.01   1.46e-01   5.59e-01 9.4e-01   53  31  38      13.180   3.94e-01   1.3e-01     0.10   7.40e-01   1.17e+00 3.9e-01   41  25  26      12.540   5.17e-01   1.9e-01     0.15   6.44e-01   9.70e-01 3.5e-01   40  26  28      12.920   6.07e-01   1.6e-01     0.23  8.38e-01 2.2e-01   44  36  -8      11.550     0.989     0.18     0.555   5.349   42  31  45      3      0     2        						                    
  434	  183744.7-003955  18:37:44.77 -00:39:56.5     0.000   5.19e-02   2.2e-02     0.38   4.93e-01   7.08e-03 3.0e-03   37  30  20       0.000   4.00e-02   2.9e-02     0.03   1.39e-01   1.42e-01 1.0e-01   37  25  22       9.547   3.19e-01   7.4e-02     0.15   3.96e-01   4.58e-01 1.1e-01   27  18  65      10.900   3.90e-01   1.2e-01     0.20   4.20e-01   4.21e-01 1.3e-01   30  25  72       6.158   2.69e-01   9.2e-02     0.16  2.33e-01 8.0e-02   44  36  66      17.000     1.373     0.38     0.464   3.639   29  18  74      3      1     2        						                    
  435	  183744.8-003719  18:37:44.83 -00:37:20.8     5.374  -4.61e-02   8.6e-03    -0.75  -4.01e-01   1.72e-02 3.2e-03   38  26 -56       6.889   1.79e-01   4.8e-02     0.11   5.38e-01   7.98e-01 2.1e-01   33  22  53      29.160   1.13e+00   9.7e-02     0.48   1.37e+00   2.22e+00 1.9e-01   25  19 -49      42.060   1.71e+00   1.4e-01     0.78   1.85e+00   2.41e+00 2.0e-01   30  25 -64      46.390   1.70e+00   1.1e-01     0.93  1.86e+00 1.2e-01   41  36 -71      98.470     7.897     1.50     2.697   5.267   29  18 -58      5      1     2        						                    
  436	  183744.8-013748  18:37:44.84 -01:37:49.6     0.000   3.62e-04   1.2e-02     0.00   3.94e-04   3.36e-01 1.2e+01    8   8  90       8.586   2.47e-01   6.4e-02     0.13   6.49e-01   8.14e-01 2.1e-01   32  19  10      12.090   4.06e-01   7.0e-02     0.14   5.34e-01   6.99e-01 1.2e-01   30  18  -6       9.103   2.94e-01   1.2e-01     0.12   3.12e-01   3.07e-01 1.3e-01   29  25 -15       8.278   1.36e-01   1.1e-01     0.06 -2.19e-02 1.8e-02   45  36 -34      12.200     0.996     0.22     0.328   4.447   26  19 -16      3      0     1        						                    
  437	  183746.4-014245  18:37:46.40 -01:42:45.3     9.936   1.82e-01   6.1e-02     0.45   2.32e-01   2.36e-01 7.9e-02   10   8  48      16.480   5.70e-01   1.6e-01     0.16   7.05e-01   3.22e-01 9.1e-02   16  14  14       0.000   3.82e-02   1.3e-01     0.01   3.67e-02   4.05e-02 1.4e-01   18  18  56       0.000   4.32e-02   1.4e-01     0.01   4.28e-02   1.33e-02 4.2e-02   25  25  35       1.339  -6.82e-01   5.1e-01    -0.15 -1.19e+00 8.9e-01   58  38  68       0.000     0.118     0.02     0.033   6.464   21  18  57      2      2     4        						      no SED fit    
  438	  183746.9-000155  18:37:46.95 -00:01:55.4    37.910   7.48e-01   2.4e-02     4.79   9.11e-01   9.67e-01 3.1e-02   10   8  66      49.290   1.78e+00   5.3e-02     1.08   1.94e+00   1.84e+00 5.4e-02   14  14  29      26.460   8.07e-01   5.2e-02     0.38   7.75e-01   7.60e-01 4.9e-02   18  18   9      10.930   3.69e-01   6.6e-02     0.20   3.66e-01   3.63e-01 6.5e-02   25  25  -2       6.022   1.54e-01   6.9e-02     0.10  1.53e-01 6.8e-02   39  36 -74       0.000     0.056     0.02     0.014   3.202   18  18 -14      5      1     1                              
  439	  183747.0-015246  18:37:47.06 -01:52:46.3     0.000   1.94e-01   2.3e-02     0.63   1.39e+00   2.14e+00 2.5e-01   45  18 -25       8.638   2.47e-01   1.0e-01     0.07   8.47e-01   9.93e-01 4.2e-01   32  28  -3      10.800   5.56e-01   2.5e-01     0.13   8.66e-01   1.26e+00 5.7e-01   30  23  16      11.200   5.97e-01   2.3e-01     0.16   6.79e-01   8.98e-01 3.5e-01   33  25  16      12.800   5.97e-01   1.7e-01     0.21  8.16e-01 2.3e-01   50  36  -2       9.892     1.331     0.24     0.663   5.604   32  31 -21      4      1     2                             
  440	  183747.3-015206  18:37:47.36 -01:52:07.8     2.442  -6.02e-02   2.5e-02    -0.20  -2.12e-01   9.00e-02 3.7e-02   31  10 -77      41.490   1.11e+00   2.7e-01     0.31   2.43e+00   3.77e+00 9.1e-01   38  14   2      46.700   1.80e+00   3.7e-01     0.41   2.31e+00   2.81e+00 5.7e-01   28  18   4      36.710   1.27e+00   3.7e-01     0.35   1.33e+00   1.40e+00 4.0e-01   27  25  -3      23.400   8.52e-01   1.6e-01     0.29  7.76e-01 1.5e-01   36  36 -19      34.260     3.044     0.56     0.870   5.477   22  18   6      4      0     2                             
  441	  183747.3-013103  18:37:47.36 -01:31:04.7     0.000   3.18e-02   2.1e-02     0.20   3.29e-01   2.58e-01 1.7e-01   37  35 -35      18.080   5.10e-01   1.2e-01     0.26   1.44e+00   1.97e+00 4.6e-01   33  20  68      18.340   6.04e-01   1.1e-01     0.22   7.80e-01   1.01e+00 1.9e-01   29  18 -78      12.900   4.91e-01   1.6e-01     0.21   5.16e-01   6.26e-01 2.0e-01   28  25 -83       6.190   2.54e-01   1.1e-01     0.13  2.41e-01 1.1e-01   37  36 -87      12.210     0.942     0.24     0.317   3.892   28  18 -82      4      1     1                             
  442	  183747.4-014407  18:37:47.39 -01:44:07.1    39.340   1.09e+00   3.7e-01     0.69   1.93e+00   2.25e+00 7.5e-01   12  10 -30     110.200   3.82e+00   1.8e+00     0.40   5.87e+00   5.16e+00 2.5e+00   21  14  -7      76.380   2.63e+00   1.2e+00     0.26   3.51e+00   3.66e+00 1.6e+00   28  20 -49      48.140   2.08e+00   1.1e+00     0.27   2.45e+00   3.15e+00 1.6e+00   37  25 -68      50.510   2.52e+00   1.7e+00     0.43  5.13e+00 3.4e+00   48  42 -39       8.093     0.022     0.00     0.008  14.400   37  18 -24      5      1     4     IRAS 18352-0147               no SED fit    
  443	  183747.4-014352  18:37:47.40 -01:43:52.0     0.000   1.79e-01   2.4e-01     0.14   1.62e+00   8.17e+00 1.1e+01   36  28   9      84.940   1.35e+00   1.4e+00     0.14   3.57e+00   4.60e+00 4.9e+00   34  18  -3      78.710   3.54e+00   1.2e+00     0.43   5.64e+00   7.18e+00 2.4e+00   43  19 -54      76.820   3.28e+00   1.0e+00     0.48   3.85e+00   4.72e+00 1.5e+00   37  25 -53      51.590   2.94e+00   8.0e-01     0.55  3.80e+00 1.0e+00   41  36  -3      72.370     5.726     0.52     1.862  10.970   25  19 -21      4      2     2     IRAS 18352-0147                             
  444	  183747.9+002747  18:37:47.93 +00:27:47.3     2.573  -3.05e-02   1.2e-02    -0.40  -1.06e-01  -8.56e-03 3.3e-03   39   8  35       0.000   1.54e-01   5.8e-02     0.09   6.31e-01   5.73e-01 2.1e-01   39  32  50      12.510   4.81e-01   5.8e-02     0.23   5.98e-01   9.93e-01 1.2e-01   24  20  62      11.240   4.59e-01   4.1e-02     0.24   4.93e-01   6.53e-01 5.8e-02   29  25  58       8.469   3.27e-01   4.2e-02     0.19  3.69e-01 4.8e-02   40  36  62      18.420     1.628     0.46     0.580   3.545   26  21  61      3      2     2                                  
  445	  183748.1-013540  18:37:48.15 -01:35:41.5     0.000   8.91e-04   1.4e-02     0.01   3.10e-03   2.67e-01 4.3e+00   39   8 -29      11.930   2.41e-01   6.7e-02     0.12   1.19e+00   2.92e+00 8.2e-01   52  38  31      19.820   7.33e-01   8.9e-02     0.25   1.52e+00   2.92e+00 3.6e-01   42  29  46      19.730   8.27e-01   2.2e-01     0.32   1.20e+00   2.35e+00 6.1e-01   44  35  28      17.260   5.94e-01   2.0e-01     0.25  6.29e-01 2.1e-01   37  36  84      19.720     1.793     0.36     0.946   4.918   41  28  45      4      1     3             					tentative bound      
  446	  183748.5+004442  18:37:48.51 +00:44:41.7     0.000   0.00e+00   0.0e+00     0.00   0.00e+00   0.00e+00 0.0e+00    0   0   0       0.000   1.37e-01   5.7e-02     0.09   5.73e-01   1.01e+00 4.3e-01   41  32  84      14.000   6.63e-01   1.0e-01     0.33   9.14e-01   1.36e+00 2.1e-01   33  18  84      18.460   7.62e-01   1.1e-01     0.41   8.80e-01   1.16e+00 1.7e-01   35  25  84      19.760   7.91e-01   1.4e-01     0.49  9.45e-01 1.6e-01   41  36  84      27.170     2.985     0.76     1.059   3.951   31  18  81      3      0     2     DOBASHI 1397                                
  447	  183749.0-014454  18:37:49.03 -01:44:55.6   170.200   6.76e-02   4.7e-01     0.02   7.36e-02   5.04e+00 3.5e+01    8   8  90     330.900   1.13e+01   2.2e+00     1.10   2.27e+01   2.78e+01 5.4e+00   32  14 -77     294.600   1.44e+01   2.3e+00     1.34   2.01e+01   2.15e+01 3.4e+00   34  18 -62     247.000   9.72e+00   1.2e+00     1.08   1.12e+01   1.23e+01 1.5e+00   35  25 -70     114.300   7.50e+00   7.7e-01     1.20  1.15e+01 1.2e+00   56  36 -64     239.000    19.680     1.49     7.283  13.210   34  18 -57      5      0     2     LZL2014] IRAS 18352-0148 P4                         
  448	  183749.1-014714  18:37:49.16 -01:47:13.9    12.380   1.26e-01   7.6e-02     0.27   1.14e+00   2.03e+00 1.2e+00   37  28 -82      19.140   6.52e-01   1.2e-01     0.21   2.00e+00   2.61e+00 4.8e-01   34  22 -77      19.440   6.22e-01   1.3e-01     0.16   8.67e-01   1.24e+00 2.7e-01   30  19 -37      16.220   5.24e-01   1.1e-01     0.16   5.61e-01   7.73e-01 1.6e-01   29  25 -50      11.320   1.49e-01   1.6e-01     0.05  1.74e-02 1.8e-02   46  36  61      13.440     1.034     0.21     0.419   5.025   33  21 -48      5      1     4                             
  449	  183749.5-011236  18:37:49.50 -01:12:37.8     3.679  -3.56e-02   9.7e-03    -0.64  -2.19e-01  -6.89e-03 1.9e-03   33  18  21       0.000   1.09e-06   3.3e-02     0.00   2.63e-06   3.22e-02 9.9e+02   23  22 -58      10.090   5.24e-01   7.6e-02     0.21   7.87e-01   1.21e+00 1.7e-01   26  24  -1      13.380   7.48e-01   1.3e-01     0.30   8.70e-01   1.16e+00 2.1e-01   33  27 -11      12.550   8.02e-01   1.2e-01     0.36  8.95e-01 1.4e-01   36  36 -42      33.030     3.771     0.68     1.471   5.513   27  24   2      3      0     2                             
  450	  183749.7-003627  18:37:49.74 -00:36:28.8     0.000   2.09e-02   1.8e-02     0.16   2.63e-01   1.32e-01 1.1e-01   50  41 -44       0.000   1.03e-01   3.2e-02     0.06   4.75e-01   9.27e-01 2.9e-01   45  36  53       8.517   3.76e-01   7.8e-02     0.16   5.22e-01   7.69e-01 1.6e-01   33  18 -78      13.220   5.24e-01   6.1e-02     0.27   6.20e-01   9.66e-01 1.1e-01   32  28 -71      14.220   5.06e-01   8.7e-02     0.30  6.58e-01 1.1e-01   46  36   9      18.640     1.592     0.42     0.529   3.802   28  18 -81      3      1     2                             
  451	  183750.2-003548  18:37:50.21 -00:35:49.6     0.000   6.92e-04   1.5e-02     0.01   1.16e-02  -7.81e-02 1.7e+00  103  63  83       0.000   1.04e-01   3.3e-02     0.06   7.05e-01   2.22e+00 7.1e-01  102  72  68       0.000   2.51e-01   3.2e-02     0.10   6.95e-01   2.01e+00 2.5e-01   92  38  56       9.280   5.16e-01   4.2e-02     0.29   8.24e-01   2.61e+00 2.1e-01   64  38  83       7.669   4.95e-01   2.9e-02     0.32  1.19e+00 6.9e-02   63  42  84       9.712     1.292     0.39     0.761   3.290   61  28 -88      2      1     0             					  no SED fit    
  452	  183750.4-014537  18:37:50.46 -01:45:37.2  2018.000   3.20e+01   3.4e-01    11.39   5.00e+01   8.04e+01 8.6e-01   11  10  31    1652.000   5.62e+01   2.7e+00     3.11   6.11e+01   7.17e+01 3.4e+00   14  14 -17     908.900   3.22e+01   2.6e+00     2.18   3.85e+01   4.54e+01 3.7e+00   25  18 -50     586.200   1.99e+01   1.5e+00     1.94   2.28e+01   3.01e+01 2.3e+00   34  25 -42     449.400   1.37e+01   2.0e+00     2.01  1.86e+01 2.7e+00   45  36 -48     163.000    14.080     0.69     4.531  20.330   24  20  20      5      0     4     [LZL2014] IRAS 18352-0148 P2                        
  453	  183751.1-014207  18:37:51.16 -01:42:08.8     0.000   1.25e-01   7.3e-02     0.26   9.83e-01   8.96e-01 5.2e-01   34  24  -4      27.680   1.70e+00   4.2e-01     0.36   4.15e+00   5.39e+00 1.3e+00   25  20 -33      90.440   4.84e+00   9.2e-01     0.62   6.03e+00   7.12e+00 1.4e+00   26  19 -14     120.700   5.34e+00   8.9e-01     0.64   5.71e+00   5.74e+00 9.6e-01   29  25 -34     105.900   4.74e+00   7.5e-01     0.83  5.12e+00 8.1e-01   36  36  48     252.000    23.300     0.88     7.547  26.420   27  18 -10      4      2     2                             
  454	  183751.3-014143  18:37:51.39 -01:41:44.7    50.330   1.14e+00   9.4e-02     3.45   1.25e+00   1.26e+00 1.0e-01    8   8 -61     148.700   5.59e+00   6.1e-01     1.11   6.08e+00   4.34e+00 4.7e-01   14  14  33     126.800   4.55e+00   1.1e+00     0.47   5.17e+00   4.14e+00 1.0e+00   23  18  85     130.300   3.79e+00   1.8e+00     0.37   4.38e+00   5.11e+00 2.4e+00   33  26 -86     169.100   5.09e+00   2.1e+00     0.61  6.81e+00 2.9e+00   45  40  82     156.800     8.086     0.20     2.699  39.570   28  18  64      5      0     4             					  no SED fit    
  455	  183751.5-014550  18:37:51.56 -01:45:51.6     1.953  -5.92e-01   3.0e-01    -0.25  -2.26e+00  -4.49e+00 2.3e+00   49   8  63     411.100   1.53e+01   2.6e+00     1.36   2.55e+01   3.64e+01 6.3e+00   23  14 -69     594.700   3.07e+01   2.6e+00     2.78   4.15e+01   4.51e+01 3.8e+00   31  18 -47     555.700   2.24e+01   1.1e+00     2.45   2.56e+01   2.83e+01 1.4e+00   34  25 -50     358.300   1.62e+01   6.9e-01     2.67  1.88e+01 8.0e-01   41  36 -49     788.300    62.500     3.83    18.060  16.320   22  18 -56      4      1     2     [LZL2014] IRAS 18352-0148 P1                        
  456	  183751.6+000714  18:37:51.61 +00:07:14.1     0.000   2.10e-02   1.8e-02     0.18   3.48e-01   1.26e+00 1.1e+00   80  69 -15       0.000   6.90e-02   3.3e-02     0.04   4.51e-01   2.74e+00 1.3e+00   80  70   4       6.027   3.11e-01   4.0e-02     0.13   7.57e-01   2.00e+00 2.6e-01   57  33 -67       6.272   3.18e-01   2.3e-02     0.14   4.90e-01   1.18e+00 8.4e-02   55  36 -76       8.112   3.22e-01   5.5e-02     0.15  7.69e-01 1.3e-01   63  46 -76       8.342     1.022     0.21     0.683   4.766   58  37 -77      3      1     2                             
  457	  183752.1-011221  18:37:52.14 -01:12:21.0     1.987  -2.08e-02   1.0e-02    -0.31  -2.63e-01   1.92e-02 9.7e-03   53  40  43      12.260   3.39e-01   4.5e-02     0.20   1.16e+00   2.04e+00 2.7e-01   38  24  45      24.200   1.16e+00   8.9e-02     0.43   2.05e+00   4.14e+00 3.2e-01   35  25  61      27.680   1.32e+00   1.3e-01     0.49   1.56e+00   2.60e+00 2.6e-01   36  25  62      26.370   1.23e+00   1.4e-01     0.51  1.71e+00 1.9e-01   44  36  78      52.650     5.404     0.91     2.500   5.957   34  25  59      4      0     2                             
  458	  183752.2-014005  18:37:52.23 -01:40:06.7     6.671   6.32e-02   2.3e-02     0.29   2.07e-01   1.37e-01 4.9e-02   32   9   8       7.809   2.06e-01   7.1e-02     0.06   3.53e-01   3.26e-01 1.1e-01   24  14 -52      15.140   4.19e-01   1.1e-01     0.07   4.91e-01   4.50e-01 1.2e-01   24  18 -87      18.240   1.22e+00   6.2e-01     0.20   1.25e+00   1.58e+00 8.1e-01   27  25 -69      10.820   2.90e+00   6.8e-01     0.69  3.78e+00 8.8e-01   42  36 -44      26.190     2.722     0.12     0.886  22.810   27  18  89      5      1     4             					  no SED fit    
  459	  183752.2-012802  18:37:52.24 -01:28:02.3     0.000   4.14e-02   2.2e-02     0.25   3.43e-01   5.58e-02 3.0e-02   31  28 -45      15.310   4.51e-01   6.9e-02     0.25   7.61e-01   8.36e-01 1.3e-01   24  14  17      12.880   4.83e-01   9.2e-02     0.21   4.98e-01   6.89e-01 1.3e-01   20  18  17       9.841   2.83e-01   1.0e-01     0.14   2.81e-01   3.08e-01 1.1e-01   25  25  38       6.866   2.00e-01   1.1e-01     0.12  2.12e-01 1.2e-01   38  36  37       7.453     0.540     0.17     0.148   3.205   21  18 -73      4      2     3                             
  460	  183752.2-011327  18:37:52.28 -01:13:27.0    67.450   1.47e+00   2.4e-02    10.75   1.61e+00   1.63e+00 2.7e-02    8   8   2     105.000   4.10e+00   6.3e-02     2.39   4.46e+00   3.02e+00 4.6e-02   14  14  89      81.760   2.40e+00   2.3e-01     0.94   2.37e+00   2.17e+00 2.1e-01   19  18 -18      43.470   1.52e+00   3.0e-01     0.63   1.62e+00   1.38e+00 2.7e-01   29  25 -17      21.590   7.13e-01   1.9e-01     0.32  6.93e-01 1.9e-01   43  36  -5      43.370     3.027     0.54     1.001   5.571   24  20   6      5      1     4                             
  461	  183752.6-014108  18:37:52.65 -01:41:09.6     0.498  -6.51e-03   1.3e-02    -0.04  -3.75e-02  -1.32e-01 2.7e-01   61  12 -84       0.000   1.23e-01   8.3e-02     0.03   5.31e-01   1.00e+00 6.7e-01   41  34 -31      28.890   1.89e+00   3.1e-01     0.29   3.83e+00   7.23e+00 1.2e+00   37  30  -3      46.450   3.32e+00   7.7e-01     0.47   4.01e+00   6.09e+00 1.4e+00   33  28 -24      56.160   3.94e+00   6.4e-01     0.73  4.34e+00 7.1e-01   36  36 -19     141.200    17.490     0.80     7.991  21.940   33  26  89      3      2     2     DOBASHI 1265                                       
  462	  183752.6-011329  18:37:52.68 -01:13:28.9    50.650   5.10e-01   2.3e-02     0.96   1.73e+00   1.70e+00 7.6e-02   28  10 -15      79.540   2.56e+00   4.9e-02     1.54   3.70e+00   3.20e+00 6.1e-02   19  14 -22      94.320   2.72e+00   8.8e-02     1.08   2.61e+00   2.56e+00 8.3e-02   18  18 -41      55.530   1.73e+00   1.4e-01     0.73   1.72e+00   1.71e+00 1.4e-01   25  25 -43      27.890   1.08e+00   1.5e-01     0.53  1.09e+00 1.5e-01   36  36  78      74.840     5.576     1.06     1.413   5.250   18  18 -53      5      1     4                            
  463	  183752.8-014302  18:37:52.80 -01:43:03.5     0.000   1.21e-01   9.6e-02     0.16   4.49e-01   6.14e-01 4.9e-01   32  10 -38      33.220   2.30e+00   8.0e-01     0.35   3.97e+00   4.73e+00 1.6e+00   25  14  12      77.510   4.50e+00   1.2e+00     0.47   4.83e+00   6.50e+00 1.7e+00   21  18   6     100.600   5.36e+00   1.0e+00     0.64   5.94e+00   7.58e+00 1.5e+00   31  25  -1      83.870   5.36e+00   7.2e-01     0.87  5.83e+00 7.8e-01   36  36 -26     129.000    11.180     0.46     3.862  24.210   25  21 -56      4      1     2                            
  464	  183752.9-015236  18:37:52.98 -01:52:37.6     2.141  -6.46e-02   3.0e-02    -0.25  -2.29e-01   2.05e-01 9.6e-02   41   8  76       0.000   5.24e-01   4.0e-01     0.12   1.28e+00   2.85e+00 2.2e+00   25  21   4      29.150   1.79e+00   4.9e-01     0.34   2.69e+00   3.40e+00 9.4e-01   26  25   7      48.020   1.96e+00   4.0e-01     0.44   2.00e+00   2.38e+00 4.8e-01   26  25  10      40.730   1.54e+00   2.1e-01     0.48  1.90e+00 2.5e-01   41  36   9      50.750     5.133     0.64     1.514   8.014   21  20  72      3      1     2     DOBASHI 1260                                       
  465	  183753.0-014329  18:37:53.01 -01:43:30.6   118.300   4.82e-01   1.3e-01     0.27   1.98e+00   3.36e+00 9.2e-01   29  12 -26     200.200   6.11e+00   1.0e+00     0.82   1.23e+01   1.96e+01 3.2e+00   24  17 -19     164.000   8.00e+00   1.4e+00     0.84   9.90e+00   1.36e+01 2.4e+00   23  20   2     139.300   7.30e+00   1.1e+00     0.95   7.51e+00   9.04e+00 1.3e+00   27  25  58      85.670   4.73e+00   6.8e-01     0.82  5.26e+00 7.6e-01   37  36  38      65.560     7.323     0.36     2.369  20.370   27  18  69      5      0     4                             
  466	  183753.1-013856  18:37:53.10 -01:38:56.0   301.600   6.59e+00   3.7e-02    27.48   7.17e+00   8.27e+00 4.6e-02    8   8 -36     249.500   9.82e+00   3.3e-01     2.48   1.07e+01   7.80e+00 2.6e-01   14  14  -9     156.800   4.13e+00   4.1e-01     0.57   3.96e+00   3.10e+00 3.1e-01   18  18 -74      52.240   2.66e+00   1.2e+00     0.36   2.91e+00   2.38e+00 1.1e+00   31  25 -78      45.690   1.85e+00   1.6e+00     0.28  2.11e+00 1.8e+00   51  36 -83       0.646    -1.124    -0.04    -0.350  25.880   25  18  33      5      1     4                             
  467	  183753.3-014416  18:37:53.34 -01:44:15.9     2.811  -1.77e-01   6.3e-02    -0.24  -1.16e+00  -1.54e+00 5.5e-01   29  21  18      11.230   4.28e-01   4.0e-01     0.07   1.05e+00   7.47e-01 6.9e-01   34  17 -79     117.200   3.78e+00   1.3e+00     0.45   3.88e+00   5.24e+00 1.8e+00   20  18 -69     155.500   5.42e+00   1.1e+00     0.72   5.38e+00   6.11e+00 1.2e+00   25  25 -72     107.500   4.97e+00   6.4e-01     0.84  5.58e+00 7.1e-01   36  36  74     339.000    24.510     1.49     6.551  16.480   20  18 -57      4      1     2                             
  468	  183753.4-013903  18:37:53.45 -01:39:04.9   112.300   3.82e-02   5.6e-02     0.08   7.59e-02   3.69e+00 5.4e+00   16   8 -42     111.900   3.37e+00   2.9e-01     0.88   4.69e+00   6.14e+00 5.3e-01   18  14  69     124.600   4.36e+00   1.4e-01     0.68   4.87e+00   4.53e+00 1.5e-01   23  18 -78      64.900   3.29e+00   5.9e-01     0.51   3.32e+00   3.11e+00 5.6e-01   26  25 -76      23.720   2.48e+00   5.9e-01     0.56  2.93e+00 7.0e-01   39  36  14      71.780     5.733     0.28     2.120  20.270   34  18 -70      5      1     2             					tentative bound 
  469	  183753.5-014150  18:37:53.51 -01:41:51.7     7.217   1.17e-01   9.6e-02     0.26   3.19e-01   2.50e-01 2.1e-01   25   8  21      60.300   2.33e+00   4.7e-01     0.49   3.98e+00   5.93e+00 1.2e+00   20  16  10     129.400   5.66e+00   3.9e-01     0.70   6.24e+00   7.97e+00 5.6e-01   22  18 -84      93.470   6.05e+00   7.2e-01     0.76   6.61e+00   7.52e+00 8.9e-01   30  25  84      85.050   4.64e+00   6.6e-01     0.73  4.94e+00 7.0e-01   36  36  11     159.700    21.250     0.88     7.071  24.080   28  18 -88      5      0     4     DOBASHI 1265                                
  470	  183753.7-013621  18:37:53.73 -01:36:22.8     8.621  -7.20e-02   8.4e-03    -0.89  -2.80e-01  -1.56e-01 1.8e-02   30  11  14      25.080   7.37e-01   1.4e-01     0.23   2.13e+00   3.20e+00 6.2e-01   27  24  75      61.330   2.20e+00   2.3e-01     0.34   3.05e+00   3.85e+00 4.0e-01   28  20  73      76.470   3.98e+00   3.3e-01     0.69   4.39e+00   6.27e+00 5.3e-01   31  25   3      51.070   4.73e+00   3.6e-01     1.16  5.66e+00 4.3e-01   40  36  19     141.500    11.710     0.51     3.903  22.960   24  20  89      4      1     2                               
  471	  183754.1-013708  18:37:54.16 -01:37:09.5     0.000   2.26e-02   2.0e-02     0.14   1.99e-01  -2.54e-01 2.3e-01   35  27 -77      15.930   9.34e-01   3.0e-01     0.26   1.69e+00   2.35e+00 7.5e-01   22  16   0      67.420   4.20e+00   2.3e-01     0.55   5.27e+00   7.12e+00 3.9e-01   27  19 -57     133.100   8.43e+00   3.9e-01     1.44   1.01e+01   1.38e+01 6.4e-01   36  26 -72     187.500   7.62e+00   4.7e-01     1.91  8.15e+00 5.0e-01   36  36 -62     311.500    35.840     1.18    12.280  30.310   27  20 -56      4      0     2     PGCC G029.94+02.26                          
  472	  183754.3-015225  18:37:54.30 -01:52:25.2   274.200   6.78e+00   9.9e-02    13.81   7.38e+00   8.00e+00 1.2e-01    8   8 -62     275.300   1.02e+01   8.0e-01     1.94   1.11e+01   8.45e+00 6.6e-01   14  14  11     232.200   6.15e+00   7.7e-01     0.87   6.07e+00   4.40e+00 5.5e-01   19  18  -2     110.500   3.84e+00   7.1e-01     0.67   4.23e+00   4.04e+00 7.5e-01   31  25  20      79.070   2.57e+00   5.6e-01     0.63  3.41e+00 7.4e-01   47  36  23      81.460     5.103     0.43     1.800  12.000   31  18  -2      5      2     4     DOBASHI 1260                                
  473	  183754.4-015428  18:37:54.41 -01:54:28.4     0.000   0.00e+00   0.0e+00     0.00   0.00e+00   0.00e+00 0.0e+00    0   0   0      23.710   5.87e-01   9.2e-02     0.23   1.65e+00   3.13e+00 4.9e-01   55  16  13      19.610   8.29e-01   1.0e-01     0.26   1.36e+00   2.53e+00 3.1e-01   47  19  17      15.620   6.61e-01   1.7e-01     0.25   8.38e-01   1.51e+00 3.9e-01   48  25  15      12.670   5.30e-01   1.9e-01     0.24  7.15e-01 2.6e-01   52  36  17      11.310     0.895     0.20     0.371   4.414   46  18  24      4      2     1                               
  474	  183754.6-013039  18:37:54.67 -01:30:40.9     0.000   3.02e-02   2.1e-02     0.22   4.49e-01   5.02e-01 3.5e-01   60  57   9      11.780   3.60e-01   3.9e-02     0.21   1.02e+00   1.82e+00 2.0e-01   31  21 -24      13.220   5.20e-01   1.3e-01     0.22   8.57e-01   1.67e+00 4.2e-01   31  25  -4      11.540   4.98e-01   1.7e-01     0.25   6.32e-01   1.14e+00 3.8e-01   35  30  -7      11.310   4.57e-01   1.6e-01     0.26  6.84e-01 2.4e-01   43  36 -68      12.650     1.143     0.32     0.539   3.547   34  26  -2      4      1     1                               
  475	  183754.9-013741  18:37:54.89 -01:37:41.2    34.070   8.14e-01   2.6e-02     5.73   8.87e-01   1.05e+00 3.4e-02    8   8 -35      79.230   2.70e+00   3.5e-01     0.63   2.94e+00   2.27e+00 2.9e-01   14  14  17      56.340   1.73e+00   1.0e+00     0.18   2.12e+00   1.10e+00 6.5e-01   26  18  28      73.030   1.09e+00   1.1e+00     0.09   1.38e+00   2.48e+00 2.5e+00   36  30  76      94.850   3.63e+00   1.5e+00     0.40  7.16e+00 3.0e+00   52  43  45       0.680    -3.519    -0.08    -1.012  41.710   22  18 -51      5      1     4     PGCC G029.94+02.26            no SED fit    
  476	  183755.0-010658  18:37:55.01 -01:06:58.2     3.288  -3.39e-02   1.0e-02    -0.38  -4.71e-01  -1.63e-02 5.0e-03   80  40  77       7.091   2.08e-01   4.8e-02     0.11   8.57e-01   1.94e+00 4.5e-01   64  25  35       7.981   3.11e-01   5.3e-02     0.11   6.97e-01   1.60e+00 2.7e-01   62  28  36       7.613   2.76e-01   4.4e-02     0.11   3.88e-01   7.85e-01 1.3e-01   59  28  34       6.557   2.42e-01   9.2e-02     0.11  4.48e-01 1.7e-01   59  36  32       7.597     0.682     0.15     0.466   4.491   62  37  29      4      1     1                               
  477	  183755.0-013841  18:37:55.04 -01:38:42.6   132.300   3.02e+00   3.7e-02    13.60   3.29e+00   3.22e+00 4.0e-02    8   8 -59     304.700   1.22e+01   1.9e-01     3.10   1.32e+01   8.55e+00 1.3e-01   14  14  -5     277.300   7.61e+00   5.4e-01     1.06   7.30e+00   5.55e+00 4.0e-01   18  18 -64     122.800   4.18e+00   1.2e+00     0.51   4.14e+00   3.35e+00 9.7e-01   25  25 -12      52.020   2.39e+00   1.5e+00     0.32  2.58e+00 1.6e+00   37  36   8     106.600     7.912     0.30     2.764  26.790   31  18 -20      5      1     4     PGCC G029.94+02.26                          
  478	  183755.2+000631  18:37:55.27 +00:06:31.3     0.000   1.42e-04   1.4e-02     0.00   2.12e-03  -4.62e-02 4.4e+00   74  50 -48       0.000   1.18e-01   3.5e-02     0.07   6.12e-01   1.17e+00 3.5e-01   48  46  68       8.628   5.21e-01   7.5e-02     0.22   1.04e+00   2.20e+00 3.2e-01   34  32 -10      11.930   5.46e-01   6.6e-02     0.24   7.14e-01   1.33e+00 1.6e-01   39  30  -6      11.640   5.88e-01   9.8e-02     0.29  8.03e-01 1.3e-01   41  36   5      21.050     2.114     0.44     1.057   4.855   38  27  -3      3      0     2                               
  479	  183755.3-014242  18:37:55.36 -01:42:43.8     1.405  -5.52e-02   3.9e-02    -0.14  -2.05e-01  -2.87e-01 2.0e-01   35  10   0      38.690   1.40e+00   4.9e-01     0.26   3.27e+00   3.55e+00 1.2e+00   36  15  62      90.660   3.42e+00   5.7e-01     0.38   4.43e+00   5.76e+00 9.5e-01   26  20  13      99.560   3.95e+00   9.2e-01     0.47   4.25e+00   5.34e+00 1.2e+00   29  26   7      58.140   4.43e+00   6.2e-01     0.73  5.06e+00 7.1e-01   36  36  65     130.100     9.759     0.45     3.603  21.900   34  18   3      4      0     2                               
  480	  183755.7-015058  18:37:55.70 -01:50:58.3     0.000   6.15e-02   2.7e-02     0.16   3.41e-01   2.06e-01 9.0e-02   24  20  10      29.510   1.01e+00   3.0e-01     0.29   1.73e+00   1.64e+00 4.9e-01   24  14  24      64.750   1.25e+00   3.8e-01     0.27   1.47e+00   7.04e-01 2.2e-01   25  18  12      29.140   7.18e-01   3.7e-01     0.17   7.52e-01   6.72e-01 3.5e-01   28  25  -1      11.250   9.38e-01   2.1e-01     0.31  1.11e+00 2.5e-01   41  36  25      34.130     2.429     0.34     0.693   7.132   22  18  40      4      2     0             					  no SED fit      
  481	  183755.9+002332  18:37:55.89 +00:23:31.8    23.200   5.42e-01   2.6e-02     4.41   6.31e-01   5.59e-01 2.7e-02    9   8  46       0.000   7.76e-02   3.3e-02     0.05   9.94e-02   5.98e-02 2.5e-02   16  14   2       3.098  -3.96e-02   1.3e-02    -0.02  -5.25e-02  -3.29e-02 1.1e-02   30  18 -57       0.000   6.08e-03   1.3e-02     0.00   7.24e-03   3.13e-02 6.5e-02   38  25  82       0.000   1.54e-02   1.3e-02     0.01  2.14e-02 1.9e-02   57  42 -16       4.245    -0.123    -0.04    -0.041   3.007   29  18 -65      1      1     4     IRAS 18353+0020               no SED fit    
  482	  183756.0-013728  18:37:56.07 -01:37:28.1     5.671  -4.91e-02   8.7e-03    -0.58  -2.03e-01  -5.28e-02 9.3e-03   38  10 -82      42.100   1.34e+00   2.4e-01     0.37   4.19e+00   7.33e+00 1.3e+00   28  27 -11      95.640   5.21e+00   2.3e-01     0.72   7.10e+00   1.07e+01 4.8e-01   25  22 -40     142.000   7.89e+00   4.5e-01     1.16   8.32e+00   1.04e+01 5.9e-01   28  25 -40     122.200   6.63e+00   4.3e-01     1.75  7.49e+00 4.9e-01   36  36 -21     327.900    32.360     1.16    10.370  27.950   25  19 -54      4      1     2     PGCC G029.94+02.26                          
  483	  183756.1-014925  18:37:56.10 -01:49:26.7     7.482   4.83e-03   2.3e-02     0.02   5.26e-03   1.38e-01 6.5e-01    8   8  90      17.250   4.63e-01   7.9e-02     0.18   1.18e+00   1.50e+00 2.6e-01   34  17   4      19.030   6.24e-01   2.3e-01     0.19   8.27e-01   1.08e+00 4.0e-01   26  20 -25      15.380   3.91e-01   1.6e-01     0.14   3.88e-01   3.59e-01 1.5e-01   25  25 -42      10.520   1.73e-01   1.3e-01     0.06 -6.20e-03 4.8e-03   36  36  22      13.630     0.951     0.21     0.300   4.522   23  20  44      4      1     1                               
  484	  183756.3-015211  18:37:56.38 -01:52:10.9     0.000   7.66e-02   4.4e-02     0.23   8.66e-01   1.61e+00 9.3e-01   43  36 -38      17.210   1.07e+00   3.3e-01     0.25   3.88e+00   7.16e+00 2.2e+00   42  25   7      44.220   2.59e+00   5.1e-01     0.47   4.72e+00   8.05e+00 1.6e+00   33  28   5      57.060   2.61e+00   3.8e-01     0.53   2.86e+00   3.93e+00 5.8e-01   31  25 -22      62.600   2.46e+00   2.2e-01     0.71  2.72e+00 2.5e-01   36  36 -34      60.350     6.324     0.76     2.804   8.307   29  27  87      4      0     2     DOBASHI 1260                                
  485	  183757.1-014043  18:37:57.16 -01:40:44.8     0.000   1.77e-02   2.3e-02     0.10   2.12e-01   2.45e-01 3.1e-01   48  38 -11      23.140   5.54e-01   1.4e-01     0.15   1.90e+00   3.17e+00 8.2e-01   41  23 -57      32.850   1.12e+00   2.5e-01     0.18   1.64e+00   2.52e+00 5.5e-01   29  21 -80      31.480   1.11e+00   5.4e-01     0.17   1.18e+00   1.42e+00 6.9e-01   29  25  75      17.890   1.37e+00   4.9e-01     0.24  2.61e+00 9.2e-01   47  36  29      43.840     3.842     0.23     1.356  17.010   25  22  59      4      1     0     DOBASHI 1265                  no SED fit    
  486	  183757.2-013845  18:37:57.28 -01:38:46.6     5.086  -4.20e-02   8.3e-03    -0.49  -1.61e-01  -4.41e-02 8.7e-03   30  11  84       0.000   1.08e-16   8.7e-02     0.00   1.58e-16   7.43e-02 6.0e+13   20  14  64      23.770   8.11e-01   1.5e-01     0.12   1.02e+00   8.95e-01 1.7e-01   27  18 -74      19.110   1.49e+00   5.6e-01     0.20   1.60e+00   1.65e+00 6.2e-01   29  25  89      33.710   3.24e+00   5.1e-01     0.68  4.99e+00 7.8e-01   52  36  89      84.380     7.943     0.34     2.550  23.160   26  18 -81      3      2     0     PGCC G029.94+02.26            no SED fit    
  487	  183757.6-014426  18:37:57.63 -01:44:26.3    24.900   8.86e-02   7.5e-02     0.12   3.04e-01   5.22e-01 4.4e-01   38   8 -43      55.230   1.63e+00   5.7e-01     0.35   3.23e+00   3.33e+00 1.2e+00   31  14 -12      84.530   2.55e+00   5.9e-01     0.42   2.44e+00   2.62e+00 6.0e-01   18  18  27      66.020   2.04e+00   6.7e-01     0.37   2.08e+00   2.10e+00 6.9e-01   26  25   8      43.040   1.93e+00   5.9e-01     0.41  2.20e+00 6.8e-01   40  36  -2      92.710     7.091     0.65     2.206  10.930   25  18  31      5      1     4             					  no SED fit    
  488	  183757.9-003205  18:37:57.89 -00:32:05.2     3.997  -3.69e-02   9.2e-03    -0.39  -3.85e-01  -1.23e-02 3.1e-03   49  29  11       0.000   1.41e-01   4.6e-02     0.08   6.11e-01   1.07e+00 3.5e-01   40  35 -42       9.625   3.10e-01   9.5e-02     0.13   4.64e-01   6.27e-01 1.9e-01   37  19 -61      10.750   4.44e-01   1.2e-01     0.22   5.27e-01   7.49e-01 2.0e-01   38  25 -74      10.530   5.03e-01   1.2e-01     0.30  6.21e-01 1.5e-01   45  36 -71      17.860     1.445     0.36     0.528   3.976   34  18 -66      3      0     2             					                
  489	  183758.0-014529  18:37:57.99 -01:45:29.3     0.000   4.37e-03   3.8e-02     0.01   1.65e-02  -2.81e-01 2.4e+00   34  10  57       6.557   2.72e-01   2.1e-01     0.07   6.82e-01   9.58e-01 7.3e-01   37  16 -72      17.150   7.42e-01   1.9e-01     0.15   1.04e+00   1.18e+00 3.1e-01   34  18 -58      16.680   7.33e-01   2.7e-01     0.17   8.86e-01   9.76e-01 3.6e-01   40  25 -62      12.910   3.84e-01   4.2e-01     0.09  2.82e-01 3.1e-01   49  36 -42      24.360     1.907     0.26     0.707   7.239   35  18 -56      4      0     2             					                
  490	  183758.4-014959  18:37:58.43 -01:49:59.3     0.000   1.69e-03   1.9e-02     0.01   1.84e-03   1.71e-02 2.0e-01    8   8  90       6.574   9.32e-02   7.1e-02     0.04   2.25e-01   3.01e-01 2.3e-01   24  21 -85      37.130   4.37e-01   2.0e-01     0.12   5.29e-01   3.87e-02 1.8e-02   26  18  35       6.606   1.16e-01   1.3e-01     0.04   1.38e-01   4.54e-02 5.0e-02   39  25  46       0.000   7.81e-02   1.6e-01     0.03  1.44e-02 2.9e-02   36  36  84      16.160     0.925     0.19     0.252   4.991   20  18  88      3      1     0             					  no SED fit    
  491	  183758.4-014231  18:37:58.46 -01:42:32.7     2.003  -6.23e-02   3.1e-02    -0.20  -2.81e-01  -4.16e-01 2.1e-01   23  16  26       0.000   1.37e-01   2.2e-01     0.03   2.23e-01   9.66e-01 1.5e+00   23  14 -45      19.410   6.56e-01   3.0e-01     0.10   7.56e-01   8.93e-01 4.1e-01   24  18  55      20.540   7.28e-01   6.0e-01     0.12   7.74e-01   7.67e-01 6.3e-01   29  25  58       0.000   1.29e-01   3.5e-01     0.02  1.85e-02 5.0e-02   36  36  71      28.240     2.277     0.18     0.712  12.760   25  18  68      2      1     0             					  no SED fit    
  492	  183759.2-014146  18:37:59.23 -01:41:47.8     1.302  -2.51e-02   1.9e-02    -0.11  -7.16e-02   9.95e-03 7.6e-03   27   8 -63      14.440   5.79e-01   1.5e-01     0.15   1.20e+00   1.17e+00 3.0e-01   34  14  39      41.530   1.60e+00   2.8e-01     0.27   1.86e+00   1.92e+00 3.4e-01   24  18  54      36.790   1.55e+00   5.5e-01     0.28   1.57e+00   1.74e+00 6.2e-01   26  25  72      29.140   8.53e-01   5.4e-01     0.16  5.56e-01 3.5e-01   53  36  50      68.040     5.554     0.45     1.636  12.310   23  18  63      4      0     2             					                
  493	  183759.3+000638  18:37:59.32 +00:06:38.2     0.000  -6.15e-02   1.0e-30    -1.66  -7.08e-01  -3.87e-01 6.3e-30   51  34  36       0.000   4.64e-02   3.0e-02     0.03   2.49e-01   3.94e-01 2.5e-01   58  43  70       8.674   3.70e-01   7.9e-02     0.15   6.49e-01   1.23e+00 2.6e-01   40  23   6      11.930   4.70e-01   8.4e-02     0.20   5.57e-01   8.73e-01 1.6e-01   38  25  10      10.590   4.70e-01   1.0e-01     0.23  6.15e-01 1.3e-01   42  36   9      19.080     1.771     0.37     0.791   4.778   36  23  14      3      2     2             					                
  494	  183759.6-015102  18:37:59.61 -01:51:03.8     6.012   5.04e-02   2.8e-02     0.13   4.03e-01   6.18e-01 3.4e-01   37  23  14      26.720   1.05e+00   3.9e-01     0.28   2.88e+00   3.84e+00 1.4e+00   33  19 -12      39.350   2.12e+00   5.2e-01     0.43   3.25e+00   4.45e+00 1.1e+00   32  21  -7      48.420   2.22e+00   3.2e-01     0.55   2.42e+00   3.10e+00 4.5e-01   30  25  -1      28.950   1.31e+00   2.1e-01     0.42  2.20e+00 3.5e-01   49  42 -84      49.020     4.458     0.62     1.896   7.174   31  24   0      5      0     4             					                
  495	  183759.8-014944  18:37:59.83 -01:49:45.8     0.901  -1.18e-02   1.3e-02    -0.06  -3.70e-02   4.45e-03 4.9e-03   24  10  -8       6.380   2.34e-01   1.5e-01     0.09   4.42e-01   5.06e-01 3.2e-01   26  14   8      25.060   3.71e-01   1.9e-01     0.10   4.94e-01  -5.45e-02 2.8e-02   30  18  23      10.860   2.99e-01   1.3e-01     0.10   3.47e-01   3.01e-01 1.3e-01   36  25  40       0.000   1.60e-01   1.9e-01     0.05  6.90e-02 8.2e-02   36  36  31      21.530     1.338     0.26     0.449   5.103   28  18  53      2      1     0             					  no SED fit    
  496	  183800.0-012450  18:37:59.99 -01:24:50.0   135.300   2.92e+00   2.5e-02    17.53   3.18e+00   3.49e+00 3.0e-02    8   8  53      72.890   2.77e+00   5.3e-02     1.89   3.02e+00   2.20e+00 4.2e-02   14  14   8      33.420   1.04e+00   8.6e-02     0.56   9.97e-01   8.70e-01 7.2e-02   18  18  -8      14.300   4.57e-01   8.0e-02     0.29   4.53e-01   4.06e-01 7.1e-02   25  25  24       6.230   1.86e-01   6.5e-02     0.14  1.30e-01 4.6e-02   36  36  17       0.000     0.089     0.03     0.022   2.744   18  18  -8      5      2     1     IRAS 18354-0127                                    
  497	  183800.1-015401  18:38:00.09 -01:54:01.0     0.000   3.49e-02   2.4e-02     0.18   3.82e-01   5.72e-02 4.0e-02   40  36  74       0.000   1.31e-01   7.3e-02     0.05   5.36e-01   5.40e-01 3.0e-01   42  30 -10       6.225   2.31e-01   1.4e-01     0.07   3.44e-01   4.16e-01 2.5e-01   39  18 -17       8.050   2.87e-01   2.1e-01     0.11   3.23e-01   3.35e-01 2.4e-01   33  25   1       0.000   9.99e-02   1.4e-01     0.04  7.16e-02 1.0e-01   38  36  16       8.767     0.585     0.13     0.216   4.632   33  19  19      2      1     0             					  no SED fit    
  498	  183800.3-014617  18:38:00.37 -01:46:18.4     0.000   3.92e-03   2.6e-02     0.01   4.17e-02  -3.32e-01 2.2e+00   45  32   2       9.559   4.12e-01   8.9e-02     0.14   1.11e+00   1.25e+00 2.7e-01   37  18 -44      25.060   7.81e-01   1.4e-01     0.20   1.17e+00   1.28e+00 2.3e-01   40  18 -51      23.120   7.77e-01   1.4e-01     0.24   9.26e-01   8.05e-01 1.5e-01   38  25 -52      18.900   4.81e-01   2.3e-01     0.14  1.88e-01 9.1e-02   36  36 -80      32.510     2.464     0.44     0.919   5.596   35  18 -51      4      0     3                             
  499	  183800.3-003120  18:38:00.38 -00:31:20.1     0.000   2.20e-03   1.2e-02     0.02   1.49e-02   1.77e-01 9.3e-01   38  18  43       0.000   8.12e-03   3.4e-02     0.00   3.29e-02   1.23e-01 5.1e-01   47  28  40       9.303   3.76e-01   8.9e-02     0.17   5.60e-01   6.97e-01 1.6e-01   39  18  -4      11.630   4.71e-01   1.3e-01     0.23   5.55e-01   6.09e-01 1.7e-01   37  25  -3      10.260   4.22e-01   1.5e-01     0.24  4.65e-01 1.7e-01   52  36  -4      19.660     1.846     0.49     0.669   3.775   33  18  -6      3      1     2                             
  500	  183800.4-003318  18:38:00.40 -00:33:18.4     1.504  -1.55e-02   1.0e-02    -0.14  -2.34e-01   2.40e-01 1.6e-01   87  47  19       6.364   2.24e-01   4.8e-02     0.13   1.32e+00   4.15e+00 8.9e-01   71  51 -54      12.500   6.91e-01   7.9e-02     0.30   1.71e+00   5.08e+00 5.8e-01   58  34 -25      15.660   8.14e-01   9.3e-02     0.39   1.23e+00   3.32e+00 3.8e-01   57  34 -24      16.900   8.08e-01   9.1e-02     0.45  1.92e+00 2.2e-01   60  41 -35      26.840     3.015     0.81     1.865   3.740   53  33 -21      4      0     2     DOBASHI 1337                                       
  501	  183800.4-015222  18:38:00.44 -01:52:22.4     0.000   6.34e-02   3.2e-02     0.19   8.13e-01   1.91e+00 9.5e-01   52  42 -14      24.280   8.16e-01   2.9e-01     0.24   3.29e+00   7.64e+00 2.7e+00   40  31 -36      37.770   1.41e+00   3.9e-01     0.27   2.34e+00   3.81e+00 1.0e+00   39  21 -52      40.830   1.81e+00   3.1e-01     0.42   2.16e+00   3.29e+00 5.7e-01   38  25 -51      31.290   1.71e+00   2.3e-01     0.49  2.68e+00 3.5e-01   51  38 -40      49.930     4.250     0.56     1.967   7.600   37  24 -57      4      0     2                             
  502	  183801.3-000706  18:38:01.31 -00:07:07.9     1.687  -1.98e-02   1.2e-02    -0.23  -9.75e-02  -2.03e-03 1.2e-03   45  11  13       0.000   8.65e-02   4.1e-02     0.05   3.76e-01   6.11e-01 2.9e-01   41  35 -44       7.023   2.53e-01   5.8e-02     0.09   3.25e-01   4.30e-01 9.8e-02   29  18  -4       8.075   3.02e-01   9.4e-02     0.12   3.23e-01   3.67e-01 1.1e-01   29  25 -18       0.000   2.10e-01   7.3e-02     0.08  1.73e-01 6.0e-02   38  36 -53      11.260     1.150     0.23     0.425   4.941   27  22 -19      2      0     0            						  no SED fit    
  503	  183801.6+000832  18:38:01.62 +00:08:32.3     0.000   1.25e-02   1.7e-02     0.10   1.78e-01   8.91e-02 1.2e-01   56  52 -71       0.000   1.89e-01   4.7e-02     0.10   8.81e-01   2.15e+00 5.4e-01   50  34  63       7.484   2.69e-01   5.3e-02     0.10   4.78e-01   6.54e-01 1.3e-01   49  21  77       9.187   4.17e-01   5.3e-02     0.18   5.62e-01   1.06e+00 1.3e-01   38  33  77       8.683   3.35e-01   6.6e-02     0.16  4.73e-01 9.3e-02   43  36  80      11.820     1.079     0.24     0.510   4.522   32  28 -73      3      2     2            						                
  504	  183801.9-015049  18:38:01.93 -01:50:50.7    37.930   6.33e-01   3.2e-02     1.66   8.12e-01   1.10e+00 5.5e-02   10   9  47     123.800   4.20e+00   4.4e-01     1.01   4.57e+00   4.69e+00 4.9e-01   14  14  36     138.200   4.29e+00   5.6e-01     0.83   4.14e+00   4.21e+00 5.5e-01   18  18  67      87.690   2.92e+00   6.1e-01     0.69   2.92e+00   2.88e+00 6.0e-01   25  25  47      58.700   1.76e+00   5.4e-01     0.52  1.81e+00 5.6e-01   46  36  35      90.820     6.628     0.80     2.072   8.240   25  18 -76      5      1     4            						                
  505	  183802.5-014923  18:38:02.57 -01:49:24.6     0.000  -7.15e-02   1.0e-30    -0.51  -2.87e-01  -1.57e-01 2.2e-30   30  11  59      19.990   6.39e-01   1.4e-01     0.25   1.21e+00   1.64e+00 3.6e-01   22  16  30      63.570   2.54e+00   3.3e-01     0.70   2.83e+00   3.42e+00 4.4e-01   23  18  45      62.930   2.72e+00   2.1e-01     0.87   2.70e+00   2.93e+00 2.3e-01   25  25  31      30.420   1.66e+00   1.9e-01     0.61  1.56e+00 1.8e-01   36  36   7     103.800    10.070     1.66     3.161   6.064   25  18  40      4      2     2            						                
  506	  183802.5-014839  18:38:02.58 -01:48:39.3     0.000  -9.74e-02   1.0e-30    -0.71  -4.46e-01  -1.58e-01 1.6e-30   32  13 -83      31.470   9.23e-01   1.4e-01     0.31   2.61e+00   4.74e+00 7.1e-01   46  17 -85      71.800   4.01e+00   1.9e-01     0.97   6.03e+00   9.72e+00 4.6e-01   38  19  87      99.860   4.99e+00   1.2e-01     1.42   5.90e+00   8.63e+00 2.1e-01   38  25 -87      97.440   4.06e+00   2.1e-01     1.51  4.76e+00 2.4e-01   40  36 -82     204.600    20.080     2.54     7.777   7.912   38  18  90      4      1     2            						                
  507	  183803.1-013943  18:38:03.17 -01:39:43.3     5.053  -4.61e-02   9.1e-03    -0.46  -1.86e-01  -1.08e-01 2.1e-02   35  10  84      16.880   4.45e-01   8.2e-02     0.17   1.15e+00   1.87e+00 3.4e-01   26  21  12      31.170   9.68e-01   9.0e-02     0.23   1.20e+00   1.68e+00 1.6e-01   25  19  14      30.580   1.05e+00   4.8e-01     0.25   1.10e+00   1.29e+00 5.9e-01   28  25  10      23.350   6.72e-01   3.8e-01     0.17  6.44e-01 3.6e-01   36  36 -17      45.420     3.415     0.37     1.106   9.333   23  20  12      4      0     3            						tentative bound 
  508	  183803.8-010956  18:38:03.87 -01:09:56.4     0.000   1.52e-02   1.6e-02     0.14   2.00e-01   7.28e-01 7.7e-01   51  45 -55       0.000   1.59e-01   4.8e-02     0.08   7.54e-01   9.58e-01 2.9e-01   44  40  59      10.230   4.14e-01   7.9e-02     0.15   6.07e-01   9.98e-01 1.9e-01   31  21  34      11.080   4.09e-01   1.1e-01     0.16   4.63e-01   6.31e-01 1.7e-01   33  25  35       9.424   3.26e-01   1.4e-01     0.14  3.36e-01 1.4e-01   41  36  31      16.840     1.454     0.29     0.599   4.973   28  25  31      3      1     2                             
  509	  183804.1-013612  18:38:04.12 -01:36:13.6     4.028  -3.46e-02   8.6e-03    -0.42  -1.21e-01   4.53e-03 1.1e-03   37   9  13      21.980   6.70e-01   6.0e-02     0.28   1.08e+00   1.67e+00 1.5e-01   19  16 -30      54.170   2.05e+00   1.3e-01     0.54   2.34e+00   3.35e+00 2.1e-01   23  18 -40      53.130   2.07e+00   1.8e-01     0.59   2.12e+00   2.54e+00 2.2e-01   27  25 -34      38.590   1.43e+00   2.7e-01     0.50  1.33e+00 2.5e-01   36  36 -25     103.800     8.354     1.16     2.661   7.218   26  18 -45      4      2     2                             
  510	  183804.2-014824  18:38:04.26 -01:48:25.9     0.000   5.75e-02   2.7e-02     0.21   3.75e-01   1.12e-01 5.3e-02   25  23 -17      38.320   1.36e+00   1.3e-01     0.47   2.02e+00   2.61e+00 2.5e-01   20  14 -75      59.790   2.81e+00   2.5e-01     0.70   2.95e+00   3.34e+00 3.0e-01   21  18  85      53.420   2.67e+00   9.2e-02     0.80   2.65e+00   2.68e+00 9.2e-02   25  25 -69      50.360   1.30e+00   1.7e-01     0.50  1.39e+00 1.8e-01   36  36 -84      59.040     8.208     1.13     2.195   7.271   20  18  80      4      0     2                             
  511	  183804.5-001043  18:38:04.49 -00:10:44.4     0.000   3.47e-02   2.2e-02     0.19   3.38e-01  -1.41e-01 8.9e-02   38  31  36       0.000   4.15e-02   4.6e-02     0.02   1.05e-01  -1.11e-01 1.2e-01   26  21  16       8.973   3.00e-01   1.2e-01     0.09   3.48e-01   3.87e-01 1.5e-01   24  18 -53       7.874   2.80e-01   1.8e-01     0.09   3.23e-01   2.87e-01 1.9e-01   35  25 -80       0.000   2.14e-01   1.7e-01     0.07  1.33e-01 1.0e-01   36  36 -63       7.596     0.697     0.11     0.242   6.297   30  18 -73      2      0     0             					  no SED fit    
  512	  183804.7-015250  18:38:04.73 -01:52:51.7     8.933   6.75e-02   2.9e-02     0.25   6.63e-01   7.85e-01 3.3e-01   40  30 -16      22.550   8.12e-01   7.3e-02     0.27   1.88e+00   2.53e+00 2.3e-01   36  15 -15      21.950   1.04e+00   1.8e-01     0.25   1.53e+00   2.32e+00 3.9e-01   37  18 -20      19.270   1.01e+00   2.2e-01     0.28   1.26e+00   1.78e+00 3.9e-01   46  25 -17      18.650   8.09e-01   2.5e-01     0.27  1.08e+00 3.3e-01   42  36 -26      18.150     1.786     0.27     0.691   6.712   38  18 -31      5      0     4     TGU H295 P2                                        
  513	  183805.2-010412  18:38:05.19 -01:04:12.1     0.000   4.29e-02   2.1e-02     0.26   7.49e-01   1.44e-01 6.9e-02   90  84 -47       7.417   2.40e-01   5.1e-02     0.12   1.37e+00   4.32e+00 9.1e-01   65  48  79       7.246   4.08e-01   6.3e-02     0.14   1.10e+00   3.64e+00 5.6e-01   66  40  84       6.762   3.90e-01   6.1e-02     0.15   6.38e-01   1.95e+00 3.0e-01   64  41  89       6.354   3.23e-01   8.8e-02     0.14  8.33e-01 2.3e-01   70  43  88       6.708     0.821     0.17     0.602   4.855   77  41  88      4      2     1                             
  514	  183806.8-013959  18:38:06.79 -01:39:59.1     0.000   6.52e-03   1.9e-02     0.04   2.95e-02  -1.42e-02 4.2e-02   20  18 -23       0.000   1.37e-01   5.4e-02     0.06   1.88e-01   1.92e-01 7.6e-02   18  14 -13      21.430   6.46e-01   1.4e-01     0.17   7.20e-01   5.98e-01 1.3e-01   23  18 -31      14.160   7.19e-01   3.0e-01     0.21   7.42e-01   7.85e-01 3.3e-01   27  25 -41       6.039   4.31e-01   2.5e-01     0.14  4.51e-01 2.6e-01   36  36  -2      23.180     2.148     0.31     0.614   6.947   22  18 -21      3      0     2           						                
  515	  183806.9-014728  18:38:06.93 -01:47:29.8     1.071  -1.66e-02   1.5e-02    -0.08  -4.22e-02   4.70e-02 4.4e-02   23   8 -60      10.650   3.34e-01   8.6e-02     0.13   5.89e-01   5.24e-01 1.3e-01   25  14 -60      18.080   3.59e-01   8.3e-02     0.10   4.19e-01  -7.25e-03 1.7e-03   24  18 -60       0.000   1.49e-01   8.8e-02     0.05   1.48e-01   8.99e-02 5.3e-02   25  25 -70       0.000   7.11e-02   7.4e-02     0.03  1.35e-01 1.4e-01   46  40 -56      10.470     0.626     0.15     0.192   4.288   24  18  83      1      0     0           						  no SED fit    
  516	  183807.9-014530  18:38:07.89 -01:45:30.2     0.000   3.97e-02   2.4e-02     0.15   3.43e-01  -1.32e-01 8.0e-02   37  26  77       0.000   6.02e-02   6.2e-02     0.02   1.83e-01   2.49e-01 2.6e-01   31  24 -11       0.000   2.21e-01   1.1e-01     0.06   2.81e-01   2.20e-01 1.1e-01   28  18 -29       7.626   2.74e-01   1.3e-01     0.09   3.16e-01   3.17e-01 1.5e-01   35  25 -12       7.393   2.12e-01   1.3e-01     0.09  1.78e-01 1.1e-01   49  36  -5       8.516     0.679     0.14     0.209   4.803   24  18 -18      2      2     0           						  no SED fit    
  517	  183808.8-014005  18:38:08.83 -01:40:06.7     0.000   2.30e-02   2.1e-02     0.13   3.24e-01  -7.21e-02 6.6e-02   57  50 -79       9.946   2.68e-01   8.7e-02     0.11   1.21e+00   1.84e+00 6.0e-01   50  32 -31      26.020   9.79e-01   2.7e-01     0.23   1.68e+00   2.49e+00 6.9e-01   51  20 -56      36.210   1.55e+00   3.3e-01     0.43   1.77e+00   2.48e+00 5.3e-01   34  25 -85      35.610   1.40e+00   3.6e-01     0.46  1.75e+00 4.5e-01   40  36 -79      62.990     5.801     0.78     2.752   7.448   37  25 -60      4      0     2           						                
  518	  183809.1-014857  18:38:09.19 -01:48:57.3     0.000   1.97e-02   2.2e-02     0.09   2.73e-01  -9.61e-02 1.1e-01   58  47  58       9.153   1.86e-01   7.4e-02     0.08   5.66e-01   9.21e-01 3.6e-01   49  18  46      10.460   3.56e-01   1.2e-01     0.12   5.79e-01   9.35e-01 3.1e-01   39  21  42       8.988   2.81e-01   7.6e-02     0.11   3.27e-01   4.02e-01 1.1e-01   36  25  33       0.000   6.79e-02   8.1e-02     0.03 -1.47e-02 1.8e-02   46  36 -25       8.767     0.752     0.18     0.397   4.132   41  28  35      3      2     1           						                
  519	  183809.5-014312  18:38:09.57 -01:43:12.0    21.130   3.71e-02   3.5e-02     0.11   1.19e-01   3.86e-01 3.6e-01   33   8 -39      34.580   9.93e-01   9.9e-02     0.36   2.25e+00   3.41e+00 3.4e-01   24  19  14      31.580   1.15e+00   1.3e-01     0.33   1.35e+00   1.99e+00 2.3e-01   23  19 -21      22.550   7.83e-01   1.5e-01     0.27   7.95e-01   9.73e-01 1.8e-01   26  25 -31      12.350   3.13e-01   1.4e-01     0.13  3.07e-01 1.4e-01   38  36  86      16.820     1.342     0.30     0.418   4.500   25  18 -39      5      1     3                             
  520	  183810.3-000921  18:38:10.35 -00:09:22.7     0.000   1.08e-02   1.8e-02     0.07   1.27e-01  -4.31e-01 7.1e-01   52  35  43       0.000   4.96e-02   4.0e-02     0.02   2.70e-01  -2.86e-01 2.3e-01   54  47 -42       6.145   2.41e-01   1.2e-01     0.07   4.38e-01   5.07e-01 2.5e-01   42  23 -46       8.596   3.35e-01   1.7e-01     0.10   3.78e-01   3.89e-01 2.0e-01   33  25 -42       7.959   2.61e-01   1.8e-01     0.09  2.69e-01 1.8e-01   48  36  -7      13.010     1.002     0.14     0.423   7.061   49  18  12      3      0     3     DOBASHI 1363                                       
  521	  183810.4-013855  18:38:10.44 -01:38:55.1     0.000  -7.50e-02   1.0e-30    -0.98  -2.90e-01  -4.63e-02 6.2e-31   34  10 -39       7.691   1.87e-01   6.2e-02     0.08   4.25e-01   4.98e-01 1.7e-01   33  15  -5      28.180   9.47e-01   1.8e-01     0.27   1.07e+00   1.27e+00 2.4e-01   23  18 -25      30.880   1.07e+00   3.2e-01     0.34   1.06e+00   1.14e+00 3.4e-01   25  25 -49      22.430   8.71e-01   2.5e-01     0.33  9.90e-01 2.9e-01   41  36 -63      57.580     4.375     0.70     1.280   6.270   23  18 -58      4      0     2                             
  522	  183810.4-015016  18:38:10.44 -01:50:16.1     8.939   4.69e-03   2.1e-02     0.02   3.90e-02   8.52e-02 3.8e-01   59  19  39      23.210   5.86e-01   1.3e-01     0.23   2.30e+00   4.34e+00 9.4e-01   37  31 -34      19.630   7.33e-01   1.7e-01     0.22   1.29e+00   1.88e+00 4.3e-01   31  27 -17      16.140   6.17e-01   7.4e-02     0.22   6.81e-01   1.01e+00 1.2e-01   31  25 -30      10.870   3.46e-01   7.0e-02     0.14  2.98e-01 6.1e-02   37  36 -37      12.140     1.003     0.22     0.438   4.486   41  21 -45      5      1     1                             
  523	  183810.8-000054  18:38:10.81 -00:00:55.6     1.455  -1.87e-02   1.3e-02    -0.22  -2.81e-01  -2.26e-02 1.6e-02   73  51 -19       0.000   1.82e-01   5.3e-02     0.10   1.12e+00   3.84e+00 1.1e+00   73  58  31      12.920   7.53e-01   4.9e-02     0.30   1.73e+00   4.67e+00 3.1e-01   49  32 -80      20.350   1.03e+00   7.9e-02     0.42   1.47e+00   3.51e+00 2.7e-01   50  32 -80      23.870   1.06e+00   8.5e-02     0.47  2.04e+00 1.6e-01   56  36 -80      41.890     4.471     0.87     2.500   5.155   47  28 -82      3      0     2                             
  524	  183810.8-013759  18:38:10.84 -01:37:59.3     3.121  -3.80e-02   1.2e-02    -0.43  -1.92e-01   2.06e-03 6.6e-04   38  13  86       6.060   1.97e-01   3.6e-02     0.09   4.94e-01   5.12e-01 9.3e-02   31  18  -3       8.998   2.75e-01   1.0e-01     0.09   3.65e-01   4.14e-01 1.6e-01   30  18   2       7.307   2.01e-01   1.9e-01     0.07   2.13e-01   2.02e-01 1.9e-01   29  25 -32       0.000   2.55e-02   6.2e-02     0.01  1.43e-02 3.5e-02   42  36 -50       8.147     0.643     0.13     0.229   5.021   30  19 -45      3      0     1                             
  525	  183811.0-002911  18:38:11.00 -00:29:12.4     0.000   9.30e-05   1.3e-02     0.00   1.01e-04   5.33e-01 7.4e+01    8   8  90       0.000   1.21e-01   5.2e-02     0.07   6.39e-01   1.17e+00 5.1e-01   62  40 -48      11.660   5.17e-01   6.2e-02     0.22   9.76e-01   1.78e+00 2.1e-01   44  24 -27      18.030   7.58e-01   9.3e-02     0.36   9.16e-01   1.47e+00 1.8e-01   40  25 -26      17.610   7.40e-01   1.2e-01     0.42  9.71e-01 1.6e-01   46  36 -32      29.090     2.386     0.61     1.023   3.891   39  21 -22      3      0     2                             
  526	  183811.1-014002  18:38:11.18 -01:40:03.5     1.863  -2.74e-02   1.5e-02    -0.21  -1.26e-01   2.63e-03 1.4e-03   24  16  36       0.000   3.12e-02   7.2e-02     0.01   5.63e-02   1.94e-02 4.5e-02   26  14  11      16.300   5.02e-01   2.2e-01     0.13   6.57e-01   5.78e-01 2.5e-01   29  18 -27       9.296   4.23e-01   2.3e-01     0.11   5.12e-01   3.98e-01 2.2e-01   40  25 -14      14.480   5.17e-01   2.5e-01     0.17  8.05e-01 3.9e-01   54  36  84      17.550     1.855     0.24     0.611   7.855   27  18 -16      3      1     0          					      no SED fit    
  527	  183811.1-001606  18:38:11.18 -00:16:07.6     0.000   3.12e-02   1.8e-02     0.18   5.55e-01   5.30e-01 3.0e-01   96  92 -36       6.218   2.44e-01   3.4e-02     0.12   1.27e+00   3.62e+00 5.1e-01   62  38  77       7.366   4.38e-01   4.6e-02     0.17   1.07e+00   3.30e+00 3.4e-01   43  40  -4       9.018   5.38e-01   5.8e-02     0.24   8.48e-01   2.56e+00 2.8e-01   48  43  29      11.590   4.82e-01   6.5e-02     0.24  1.25e+00 1.7e-01   55  47  55      10.930     1.466     0.39     0.973   3.764   47  41   6      4      1     1          					    tentative bound 
  528	  183811.9-001522  18:38:11.97 -00:15:22.0     4.594  -4.11e-02   8.9e-03    -0.36  -3.74e-01  -1.11e-02 2.4e-03   54  22 -31       0.000   1.23e-01   4.5e-02     0.06   5.43e-01   7.50e-01 2.7e-01   47  32 -76       7.488   4.12e-01   4.2e-02     0.16   7.85e-01   1.68e+00 1.7e-01   41  26 -64       7.217   5.21e-01   7.2e-02     0.22   6.94e-01   1.36e+00 1.9e-01   43  29 -61       9.398   4.78e-01   8.3e-02     0.24  7.55e-01 1.3e-01   50  36 -63      12.240     1.658     0.43     0.948   3.857   47  30 -68      3      1     2          					                    
  529	  183813.1+000304  18:38:13.09 +00:03:04.3     0.000   5.36e-03   1.7e-02     0.05   9.67e-02   2.78e-01 8.7e-01  112  90  70       0.000   9.98e-02   3.8e-02     0.06   6.91e-01   1.71e+00 6.4e-01   95  87 -74       0.000   1.97e-01   5.6e-02     0.08   5.76e-01   2.27e+00 6.4e-01   76  47  84       6.454   3.41e-01   7.7e-02     0.16   5.96e-01   2.22e+00 5.0e-01   81  47  86       9.088   3.94e-01   8.8e-02     0.20  1.16e+00 2.6e-01   82  44 -87      10.300     1.113     0.27     0.855   4.092   78  47 -88      2      1     0     				              no SED fit    
  530	  183813.5-011006  18:38:13.52 -01:10:06.1     0.391  -5.00e-03   1.3e-02    -0.05  -4.75e-02   4.88e-01 1.2e+00   62  23 -55       0.000   2.35e-01   3.5e-02     0.10   8.42e-01   1.52e+00 2.3e-01   36  27 -48      10.390   3.95e-01   1.3e-01     0.12   7.01e-01   1.40e+00 4.6e-01   36  25 -48      10.770   4.52e-01   1.7e-01     0.15   5.47e-01   1.01e+00 3.7e-01   32  30 -39       8.191   3.27e-01   1.9e-01     0.12  4.00e-01 2.3e-01   45  36 -21      14.270     1.546     0.24     0.846   6.397   45  28 -20      3      1     2                             
  531	  183814.2-013853  18:38:14.24 -01:38:53.4     0.000   5.53e-03   1.6e-02     0.04   3.67e-02  -4.20e-02 1.2e-01   61  14  67       0.000   2.73e-01   5.2e-02     0.11   7.98e-01   1.24e+00 2.4e-01   38  19  -1      12.440   4.60e-01   9.5e-02     0.13   6.96e-01   1.12e+00 2.3e-01   38  19  -1      11.580   4.48e-01   1.5e-01     0.14   5.18e-01   6.61e-01 2.3e-01   35  25  -1       6.242   3.34e-01   1.6e-01     0.13  4.04e-01 1.9e-01   48  36  52      13.940     1.102     0.18     0.409   5.958   34  19   4      3      1     2                             
  532	  183814.3-014558  18:38:14.30 -01:45:59.4     0.000   2.03e-02   2.0e-02     0.09   2.02e-01   2.61e-01 2.5e-01   37  33  53      12.940   3.80e-01   9.2e-02     0.15   8.64e-01   1.08e+00 2.6e-01   27  17 -49      15.640   5.16e-01   1.3e-01     0.16   6.63e-01   7.88e-01 2.0e-01   28  18 -56      12.010   3.42e-01   1.4e-01     0.13   3.83e-01   2.80e-01 1.1e-01   32  25 -56       0.000   1.31e-01   1.3e-01     0.05  6.85e-02 6.8e-02   36  36 -64       9.668     0.804     0.19     0.284   4.145   31  18 -64      3      1     1                             
  533	  183814.7-015230  18:38:14.71 -01:52:30.2     0.000   5.71e-02   2.7e-02     0.27   9.67e-01   1.81e+00 8.6e-01   84  74 -45      15.380   5.96e-01   4.8e-02     0.28   2.93e+00   6.89e+00 5.5e-01   54  37  18      18.980   1.04e+00   7.7e-02     0.34   2.49e+00   5.70e+00 4.2e-01   48  35  13      21.500   1.09e+00   1.4e-01     0.40   1.67e+00   4.25e+00 5.6e-01   51  38  25      20.640   9.05e-01   1.7e-01     0.38  2.05e+00 3.7e-01   52  42  34      27.200     3.468     0.73     2.036   4.753   42  34  53      4      0     3             					tentative bound 
  534	  183814.9+003539  18:38:14.92 +00:35:38.5     3.458  -3.42e-02   9.9e-03    -0.59  -2.40e-01  -1.35e-02 3.9e-03   36  19  20       0.000   7.36e-02   4.5e-02     0.05   3.61e-01   8.43e-01 5.2e-01   48  40 -58       6.050   1.79e-01   5.1e-02     0.09   3.16e-01   4.98e-01 1.4e-01   47  21 -25       7.569   2.71e-01   8.7e-02     0.14   3.52e-01   5.41e-01 1.7e-01   49  26 -24       7.546   3.13e-01   6.8e-02     0.18  3.15e-01 6.8e-02   36  36  -9       9.749     0.909     0.23     0.409   3.998   32  25   9      3      1     2                            
  535	  183814.9-011539  18:38:14.97 -01:15:39.0     0.000   3.99e-02   1.9e-02     0.31   3.76e-01   4.60e-01 2.2e-01   36  30  10       7.808   2.08e-01   3.1e-02     0.15   4.67e-01   5.42e-01 8.1e-02   24  19 -25      12.140   4.20e-01   7.5e-02     0.23   4.64e-01   6.37e-01 1.1e-01   22  18 -40       8.796   2.71e-01   6.9e-02     0.17   2.69e-01   2.66e-01 6.8e-02   25  25 -80       0.000   1.42e-01   6.0e-02     0.09  9.03e-02 3.8e-02   36  36 -87      10.850     0.798     0.30     0.226   2.677   21  19 -80      3      1     3             					tentative bound 
  536	  183815.0+000504  18:38:15.08 +00:05:03.8     0.000   2.36e-02   1.8e-02     0.20   2.70e-01   4.68e-01 3.6e-01   43  37 -77       0.000   6.72e-02   3.1e-02     0.04   3.23e-01   9.68e-01 4.5e-01   45  40 -83       6.562   2.62e-01   4.1e-02     0.11   3.96e-01   6.20e-01 9.6e-02   30  22 -64       6.716   2.22e-01   6.4e-02     0.10   2.53e-01   3.30e-01 9.6e-02   34  25 -79       0.000   1.59e-01   5.6e-02     0.07  1.36e-01 4.8e-02   37  36 -88       8.029     0.608     0.14     0.196   4.252   26  19 -68      2      2     0            						  no SED fit    
  537	  183815.4-002324  18:38:15.44 -00:23:25.7     0.000   4.54e-02   2.0e-02     0.24   7.37e-01   6.88e-01 3.0e-01   72  68 -89       0.000   1.47e-01   4.0e-02     0.07   8.87e-01   2.84e+00 7.7e-01   64  58  54      10.250   4.80e-01   5.2e-02     0.17   1.10e+00   2.75e+00 3.0e-01   48  33  14      14.760   6.54e-01   5.8e-02     0.25   9.71e-01   2.20e+00 1.9e-01   50  35  10      17.140   6.54e-01   9.0e-02     0.28  1.19e+00 1.6e-01   50  38  10      26.650     2.467     0.49     1.439   5.017   47  31  12      3      1     2            						                
  538	  183815.7-013929  18:38:15.69 -01:39:28.9     0.000   6.14e-03   1.8e-02     0.04   4.58e-02   8.16e-02 2.4e-01   35  21 -83       8.145   2.07e-01   6.2e-02     0.09   3.67e-01   4.23e-01 1.3e-01   22  15 -27      12.520   3.66e-01   9.9e-02     0.11   3.94e-01   3.44e-01 9.3e-02   21  18 -52       0.000   1.82e-01   9.4e-02     0.06   1.81e-01   1.21e-01 6.3e-02   25  25 -39       0.000   2.58e-02   1.3e-01     0.01  6.44e-03 3.3e-02   36  36 -42       7.035     0.667     0.12     0.210   5.382   25  18 -58      2      0     0            						  no SED fit    
  539	  183816.0-002147  18:38:16.00 -00:21:48.6     1.812  -2.38e-02   1.3e-02    -0.17  -9.89e-02  -8.26e-02 4.6e-02   45  10  39       0.000   1.43e-01   5.5e-02     0.07   6.05e-01   6.37e-01 2.5e-01   41  33  51      11.410   4.18e-01   5.2e-02     0.15   5.22e-01   7.63e-01 9.5e-02   27  18  77      12.700   4.40e-01   8.5e-02     0.18   4.91e-01   5.91e-01 1.1e-01   32  25  77      10.290   3.21e-01   1.2e-01     0.15  2.68e-01 1.0e-01   36  36  88      20.610     1.692     0.38     0.632   4.430   29  21  80      3      0     2     DOBASHI 1349                                        
  540	  183816.0-015125  18:38:16.04 -01:51:24.9     0.000   3.13e-03   1.8e-02     0.02   3.02e-02   5.56e-02 3.2e-01   37  31 -42       0.000   3.44e-02   3.3e-02     0.02   1.13e-01   2.90e-01 2.8e-01   36  23  -6       6.449   1.98e-01   8.3e-02     0.06   2.93e-01   4.09e-01 1.7e-01   36  19  17       8.187   2.18e-01   1.2e-01     0.08   2.55e-01   2.51e-01 1.4e-01   37  25  28       0.000   1.65e-01   1.4e-01     0.06  1.05e-01 8.7e-02   37  36   6       7.126     0.607     0.12     0.240   5.155   34  20  28      2      1     0           					      no SED fit    
  541	  183816.0-000833  18:38:16.09 -00:08:33.2     0.000   3.33e-02   2.1e-02     0.20   4.84e-01  -2.50e-01 1.6e-01   61  52 -85       0.000   5.56e-02   3.8e-02     0.02   3.10e-01   3.52e-01 2.4e-01   62  46 -83       6.165   3.37e-01   1.4e-01     0.10   7.08e-01   1.50e+00 6.3e-01   36  33  11       6.670   4.17e-01   2.0e-01     0.14   5.93e-01   1.20e+00 5.9e-01   42  35 -11       8.686   4.44e-01   2.1e-01     0.16  6.24e-01 2.9e-01   44  36  -4      10.710     1.514     0.24     0.824   6.369   44  28  -5      3      0     2           					                    
  542	  183817.0+000739  18:38:17.02 +00:07:38.7     0.000   1.90e-02   1.8e-02     0.15   3.22e-01   9.00e-01 8.3e-01   82  76 -65       0.000   1.27e-01   5.9e-02     0.07   8.24e-01   5.21e+00 2.4e+00   84  65  28       0.000   2.20e-01   6.5e-02     0.08   6.83e-01   2.79e+00 8.3e-01   73  59  40       6.539   2.50e-01   1.0e-01     0.10   4.15e-01   1.24e+00 5.0e-01   70  41  58       7.950   2.99e-01   1.3e-01     0.13  7.22e-01 3.2e-01   68  41  62       8.607     0.876     0.18     0.645   4.761   62  46  68      2      2     0           					      no SED fit    
  543	  183817.5-014536  18:38:17.59 -01:45:36.1     0.000   1.53e-02   2.0e-02     0.07   1.14e-01   1.21e-01 1.6e-01   31  24 -64       9.801   2.87e-01   7.9e-02     0.12   7.61e-01   9.58e-01 2.6e-01   29  20 -27       9.735   3.18e-01   1.1e-01     0.10   4.23e-01   5.58e-01 2.0e-01   29  19 -34       7.697   2.55e-01   1.2e-01     0.10   2.55e-01   2.58e-01 1.2e-01   25  25 -35       0.000   7.85e-02   1.0e-01     0.03  3.02e-02 4.0e-02   36  36 -39       6.802     0.515     0.13     0.191   4.077   34  18 -46      3      1     1           					                    
  544	  183819.0-010502  18:38:19.07 -01:05:01.9     0.000   5.62e-03   1.6e-02     0.05   6.19e-02   7.87e-02 2.2e-01   40  37 -20       0.000   1.67e-01   5.0e-02     0.07   6.73e-01   1.00e+00 3.0e-01   37  32 -89      14.490   6.27e-01   1.1e-01     0.18   8.48e-01   1.38e+00 2.3e-01   28  20 -77      15.190   7.63e-01   1.2e-01     0.24   8.76e-01   1.20e+00 2.0e-01   34  25 -84      15.770   6.72e-01   1.9e-01     0.25  8.45e-01 2.4e-01   49  36 -80      32.120     3.143     0.49     1.222   6.431   29  22 -80      3      1     2           					                    
  545	  183819.3+002749  18:38:19.29 +00:27:48.8     0.000   4.61e-03   1.6e-02     0.04   7.36e-02  -5.21e-01 1.8e+00   88  56 -29       0.000   1.52e-01   3.5e-02     0.09   8.66e-01   1.85e+00 4.3e-01   69  46 -82       0.000   2.25e-01   2.8e-02     0.09   4.66e-01   1.22e+00 1.5e-01   47  27  55       6.218   2.75e-01   5.3e-02     0.12   3.67e-01   7.20e-01 1.4e-01   54  26  47       6.917   2.45e-01   4.2e-02     0.12  4.41e-01 7.5e-02   65  36  49       8.245     0.685     0.15     0.374   4.594   62  24  46      2      0     0           					      no SED fit    
  546	  183819.3-000808  18:38:19.33 -00:08:08.2     1.456  -1.59e-02   1.1e-02    -0.15  -1.97e-01   5.60e-03 3.8e-03   68  33 -31       0.000   5.69e-02   3.3e-02     0.03   3.41e-01   5.58e-01 3.3e-01   70  53 -69      10.830   5.08e-01   9.3e-02     0.16   1.02e+00   2.13e+00 3.9e-01   37  30  71      18.230   8.92e-01   1.5e-01     0.30   1.20e+00   2.40e+00 4.2e-01   38  33  68      22.410   9.94e-01   1.8e-01     0.37  1.50e+00 2.7e-01   42  36  79      39.640     4.313     0.72     2.411   6.005   38  33  76      3      1     2           					                   
  547	  183819.9-010549  18:38:19.94 -01:05:49.3     2.629  -3.21e-02   1.2e-02    -0.34  -1.66e-01  -6.62e-02 2.5e-02   59  11  81       0.000   2.34e-01   5.5e-02     0.10   8.82e-01   1.45e+00 3.4e-01   38  28 -80      11.970   5.08e-01   1.5e-01     0.15   7.57e-01   1.15e+00 3.4e-01   31  21  62      14.810   6.16e-01   2.3e-01     0.19   6.89e-01   9.07e-01 3.4e-01   32  25  59      11.040   5.73e-01   2.1e-01     0.20  6.13e-01 2.3e-01   36  36  73      25.090     2.632     0.39     1.195   6.705   34  25  64      3      0     2                             
  548	  183819.9-010744  18:38:19.97 -01:07:45.8     1.403  -1.61e-02   1.1e-02    -0.16  -1.52e-01   1.36e-02 9.7e-03   63  22   8       0.000   1.25e-01   6.3e-02     0.06   6.82e-01   4.49e-01 2.3e-01   59  45  -3       7.042   2.76e-01   1.6e-01     0.08   4.94e-01   7.72e-01 4.6e-01   47  21   1       6.185   4.54e-01   2.7e-01     0.12   5.83e-01   8.75e-01 5.3e-01   51  25   3       9.770   5.59e-01   3.1e-01     0.16  8.02e-01 4.4e-01   61  36  11      21.040     1.963     0.22     1.205   8.842   46  35  17      3      1     2     TGU H279 P26                                     
  549	  183820.7-015039  18:38:20.74 -01:50:39.0     0.000   3.92e-03   1.5e-02     0.03   4.24e-02   3.78e-01 1.4e+00   47  32  -4       0.000   9.55e-02   4.1e-02     0.05   4.41e-01   2.58e-01 1.1e-01   41  39 -80       8.502   2.52e-01   9.4e-02     0.10   2.80e-01   3.53e-01 1.3e-01   22  18 -60       7.068   2.17e-01   9.9e-02     0.10   2.31e-01   2.57e-01 1.2e-01   29  25  71       0.000   1.41e-01   1.2e-01     0.07  1.19e-01 9.7e-02   46  36  45       7.398     0.637     0.17     0.228   3.829   26  22  66      2      1     0             					  no SED fit    
  550	  183820.9-012152  18:38:20.94 -01:21:53.8     0.000   1.15e-03   1.4e-02     0.01   1.87e-02   3.70e-01 4.5e+00   92  59 -42       0.000   1.23e-01   5.3e-02     0.08   7.89e-01   2.50e+00 1.1e+00   75  66 -27       8.574   4.11e-01   1.0e-01     0.23   1.09e+00   3.16e+00 8.0e-01   55  42 -58      10.190   4.69e-01   1.1e-01     0.30   7.64e-01   2.14e+00 4.8e-01   54  45 -64      10.190   4.15e-01   8.9e-02     0.30  9.44e-01 2.0e-01   56  46 -76      13.650     1.245     0.47     0.850   2.676   57  39 -58      3      0     2                             
  551	  183821.0-000458  18:38:21.07 -00:04:58.4     3.495  -3.38e-02   9.7e-03    -0.40  -2.78e-01  -6.28e-03 1.8e-03   42  22  19       0.000   9.02e-02   4.8e-02     0.05   3.13e-01   2.74e-01 1.5e-01   31  29  21       6.618   1.90e-01   8.3e-02     0.07   2.27e-01   3.19e-01 1.4e-01   25  18  -9       6.598   1.97e-01   1.1e-01     0.08   2.12e-01   2.64e-01 1.5e-01   29  25  10       0.000   1.27e-01   1.2e-01     0.06  1.13e-01 1.0e-01   41  36  50       8.378     0.516     0.11     0.176   4.620   27  19 -22      2      0     0     TGU H279 P20                  no SED fit    
  552	  183821.2+003145  18:38:21.21 +00:31:44.9     0.000   6.88e-03   1.5e-02     0.07   6.78e-02   8.42e-02 1.8e-01   44  28  26       1.639  -4.04e-02   2.5e-02    -0.02  -1.04e-01   1.62e-01 9.9e-02   52  14  67       6.081   2.08e-01   8.4e-02     0.08   3.45e-01   5.09e-01 2.0e-01   37  22  36       6.669   2.46e-01   6.2e-02     0.10   2.74e-01   3.01e-01 7.6e-02   32  25  46       0.000   1.58e-01   5.5e-02     0.06  1.11e-01 3.9e-02   36  36  23      10.700     0.966     0.17     0.372   5.774   29  22  63      2      0     0            						  no SED fit    
  553	  183821.5+003309  18:38:21.49 +00:33:08.5     0.839  -9.65e-03   1.2e-02    -0.14  -1.15e-01  -7.79e-03 9.3e-03   81  30 -30       0.000   7.27e-02   5.0e-02     0.04   4.60e-01   2.11e+00 1.5e+00   82  59  32       9.251   5.96e-01   7.0e-02     0.25   1.54e+00   3.92e+00 4.6e-01   50  42  75      17.640   9.89e-01   1.1e-01     0.41   1.55e+00   3.86e+00 4.2e-01   53  40  78      28.200   1.31e+00   9.8e-02     0.55  2.27e+00 1.7e-01   53  36  83      45.090     5.961     1.07     3.784   5.552   50  36  78      3      1     2            						                
  554	  183822.4+003515  18:38:22.45 +00:35:15.2     0.341  -4.01e-03   1.2e-02    -0.05  -1.71e-02   3.73e-02 1.1e-01   28  13  51       0.000   9.33e-02   4.1e-02     0.06   2.78e-01   4.84e-01 2.1e-01   35  21  83       0.000   2.21e-01   3.9e-02     0.09   3.20e-01   5.84e-01 1.0e-01   26  23 -72       6.579   2.29e-01   8.6e-02     0.09   2.58e-01   3.22e-01 1.2e-01   33  25 -76      11.100   3.32e-01   7.8e-02     0.15  3.34e-01 7.8e-02   36  36  77      13.240     1.074     0.19     0.330   5.508   24  18 -78      2      1     0            						  no SED fit    
  555	  183822.5-013733  18:38:22.57 -01:37:33.4     4.138  -4.71e-02   1.1e-02    -0.47  -2.25e-01  -5.06e-02 1.2e-02   49  11 -30      11.420   3.81e-01   6.4e-02     0.20   1.08e+00   1.69e+00 2.8e-01   31  21 -89      15.930   6.24e-01   1.3e-01     0.22   8.19e-01   1.34e+00 2.9e-01   29  18 -74      16.740   6.97e-01   1.7e-01     0.28   8.30e-01   1.16e+00 2.9e-01   38  25 -78      12.630   4.91e-01   1.5e-01     0.23  5.80e-01 1.8e-01   45  36 -57      20.460     1.737     0.37     0.643   4.675   34  18 -67      4      0     3            						                
  556	  183822.8-005800  18:38:22.82 -00:58:01.4     9.475   1.66e-01   2.2e-02     1.31   2.86e-01   2.47e-01 3.3e-02   12  10  76       0.000   1.86e-01   4.2e-02     0.10   2.05e-01   1.61e-01 3.6e-02   14  14 -34       0.000   3.54e-02   2.1e-02     0.01   3.40e-02   1.93e-02 1.2e-02   18  18  30       0.000   1.93e-02   2.3e-02     0.01   1.92e-02   3.83e-03 4.5e-03   25  25  54       0.000   9.36e-03   1.6e-02     0.01  1.25e-03 2.1e-03   36  36  25       1.502    -0.048    -0.01    -0.018   3.516   27  22   1      1      1     4            						  no SED fit    
  557	  183822.9+000433  18:38:22.90 +00:04:33.5     1.947  -2.13e-02   1.1e-02    -0.30  -1.77e-01  -2.18e-01 1.1e-01   52  20  40       0.000   3.68e-03   2.0e-02     0.00   1.69e-02  -4.93e-02 2.7e-01   62  30   7      10.800   4.15e-01   4.7e-02     0.18   7.49e-01   1.41e+00 1.6e-01   35  26  50      24.270   9.32e-01   6.2e-02     0.41   1.09e+00   1.74e+00 1.2e-01   33  27  45      28.920   1.03e+00   5.5e-02     0.49  1.19e+00 6.3e-02   37  36  48      57.400     5.040     1.04     2.405   4.831   34  27  48      3      0     2                             
  558	  183822.9-014200  18:38:22.95 -01:42:01.5     0.000   5.98e-03   2.0e-02     0.04   1.08e-01   6.43e-01 2.2e+00  128  84 -28       9.190   2.85e-01   5.2e-02     0.13   1.87e+00   9.22e+00 1.7e+00  103  62 -58       9.469   4.62e-01   1.3e-01     0.16   1.52e+00   7.88e+00 2.2e+00   91  69 -61       8.812   4.74e-01   1.6e-01     0.19   8.84e-01   4.90e+00 1.6e+00   85  65 -48       8.006   4.69e-01   1.8e-01     0.22  2.35e+00 9.1e-01   78  66 -27       7.913     0.957     0.23     0.830   4.085   95  71  85      4      1     1                             
  559	  183823.4-005323  18:38:23.43 -00:53:24.7     0.000   1.74e-03   1.3e-02     0.01   1.90e-03   4.57e-01 3.5e+00    8   8  90       8.727   2.05e-01   4.1e-02     0.11   6.81e-01   9.62e-01 1.9e-01   36  24 -16       8.332   3.25e-01   8.2e-02     0.13   4.78e-01   7.65e-01 1.9e-01   29  22   2       6.691   2.45e-01   8.2e-02     0.12   2.71e-01   3.73e-01 1.2e-01   31  25  18       0.000   1.56e-01   5.3e-02     0.08  1.31e-01 4.4e-02   36  36  82       6.474     0.427     0.12     0.155   3.521   33  18  22      3      1     1                             
  560	  183823.9+003248  18:38:23.92 +00:32:48.0     0.000   8.95e-03   1.6e-02     0.10   1.23e-01   3.03e-02 5.4e-02   59  45   9       0.000   9.43e-02   4.0e-02     0.06   4.49e-01   9.71e-01 4.2e-01   47  38 -19      16.000   7.49e-01   4.2e-02     0.29   1.18e+00   2.01e+00 1.1e-01   32  22 -31      30.020   1.32e+00   8.3e-02     0.48   1.51e+00   2.29e+00 1.4e-01   32  26 -46      38.400   1.54e+00   9.4e-02     0.62  1.83e+00 1.1e-01   38  36 -62      75.320     8.186     1.27     3.550   6.440   30  26 -55      3      0     2                             
  561	  183824.0-012401  18:38:24.02 -01:24:01.3     0.000   7.10e-02   2.2e-02     0.44   1.19e+00   2.00e-01 6.1e-02   81  73 -35       6.463   1.04e-01   6.6e-02     0.07   4.75e-01   1.39e+00 8.8e-01   80  27 -20      16.160   9.79e-01   1.2e-01     0.53   2.25e+00   5.93e+00 7.5e-01   45  34 -64      25.170   1.34e+00   1.2e-01     0.81   1.98e+00   4.73e+00 4.3e-01   47  35 -62      27.260   1.37e+00   1.0e-01     0.93  2.38e+00 1.8e-01   48  36 -75      49.260     5.740     1.99     3.452   2.885   45  34 -62      4      2     2                             
  562	  183824.3+003828  18:38:24.37 +00:38:27.8     0.000   8.98e-02   2.5e-02     0.59   1.14e+00   1.23e-01 3.4e-02   48  44  25       0.000   6.25e-02   3.6e-02     0.05   3.11e-01   3.69e-01 2.1e-01   50  40  53       6.939   2.88e-01   7.4e-02     0.16   4.08e-01   6.66e-01 1.7e-01   32  19  16       8.098   3.06e-01   6.8e-02     0.19   3.45e-01   4.67e-01 1.0e-01   33  25   9       0.000   1.44e-01   5.1e-02     0.09  1.29e-01 4.6e-02   36  36   4      10.500     0.921     0.29     0.348   3.173   31  20   6      2      2     0               					  no SED fit    
  563	  183824.4-011103  18:38:24.45 -01:11:04.4     3.690  -3.70e-02   1.0e-02    -0.44  -1.35e-01   2.80e-05 7.6e-06   43   8 -69      10.030   3.32e-01   2.0e-01     0.12   6.00e-01   5.79e-01 3.4e-01   26  14 -61      24.020   8.90e-01   5.8e-01     0.17   1.22e+00   1.28e+00 8.3e-01   32  18 -51      29.900   1.04e+00   7.2e-01     0.18   1.25e+00   1.02e+00 7.0e-01   39  25 -46      17.410   1.76e+00   6.6e-01     0.39  3.29e+00 1.2e+00   52  47 -33      63.840     5.078     0.30     1.860  17.100   34  18 -48      4      0     0     DOBASHI 1306                  no SED fit    
  564	  183824.7-013825  18:38:24.78 -01:38:25.3     1.651  -1.93e-02   1.2e-02    -0.16  -9.29e-02   2.50e-03 1.5e-03   41  12   8       7.092   1.65e-01   5.8e-02     0.08   4.18e-01   7.56e-01 2.7e-01   38  16 -37      14.560   5.34e-01   9.2e-02     0.17   6.96e-01   1.04e+00 1.8e-01   29  18 -40      16.090   5.63e-01   1.3e-01     0.21   6.50e-01   7.58e-01 1.8e-01   35  25 -40       9.821   3.36e-01   1.6e-01     0.14  3.34e-01 1.6e-01   36  36 -28      20.980     1.770     0.35     0.583   4.997   27  19 -36      4      0     2             					tentative bound 
  565	  183825.8-000617  18:38:25.82 -00:06:18.6     0.000   1.40e-02   1.5e-02     0.12   1.99e-01   1.53e-01 1.7e-01   60  49  19       0.000   6.41e-02   3.6e-02     0.03   3.66e-01   7.14e-01 4.0e-01   55  55  70       7.075   2.92e-01   7.2e-02     0.10   4.70e-01   8.06e-01 2.0e-01   41  20  64       8.808   3.47e-01   8.9e-02     0.13   4.48e-01   7.79e-01 2.0e-01   44  27  64       7.710   2.97e-01   9.3e-02     0.13  3.67e-01 1.1e-01   56  36  62      11.520     0.992     0.19     0.453   5.215   40  23  59      3      0     2                              
  566	  183825.8-000941  18:38:25.85 -00:09:41.4     0.935  -1.19e-02   1.3e-02    -0.07  -1.67e-01   1.88e-01 2.0e-01   75  41  83       0.000   1.44e-01   4.7e-02     0.06   9.34e-01   3.84e+00 1.3e+00   85  64  31       7.626   4.32e-01   9.4e-02     0.14   1.13e+00   3.47e+00 7.5e-01   56  41  28       9.187   4.59e-01   1.3e-01     0.16   7.43e-01   2.22e+00 6.2e-01   58  42  28       9.237   4.04e-01   1.3e-01     0.16  9.42e-01 3.1e-01   56  42  32       8.463     0.910     0.17     0.571   5.230   47  36 -39      3      1     2     IRAS 18359-0012                                    
  567	  183826.3-010951  18:38:26.29 -01:09:51.0  2433.000   4.79e+01   2.8e-02   164.32   5.29e+01   6.89e+01 4.1e-02    9   8 -18    1986.000   7.12e+01   1.9e-01    22.32   7.75e+01   8.18e+01 2.2e-01   14  14  24    1165.000   3.58e+01   5.9e-01     5.56   3.48e+01   4.39e+01 7.3e-01   19  18  20     585.000   1.94e+01   9.0e-01     2.49   1.93e+01   1.95e+01 9.0e-01   25  25  65     338.100   1.01e+01   1.2e+00     1.56  1.03e+01 1.2e+00   36  36  72     308.600    20.090     0.83     5.770  24.070   22  18 -55      5      2     4     IRAS 18358-0112                                    
  568	  183826.3-010822  18:38:26.33 -01:08:22.3     1.858  -2.35e-02   1.3e-02    -0.22  -2.52e-01  -3.06e-01 1.6e-01   67  26  -5       8.344   3.19e-01   9.8e-02     0.12   1.55e+00   3.41e+00 1.0e+00   62  33 -74      21.810   1.39e+00   4.1e-01     0.28   3.01e+00   6.98e+00 2.1e+00   54  27 -80      39.130   2.29e+00   6.0e-01     0.41   3.12e+00   6.25e+00 1.6e+00   56  27 -78      48.750   2.56e+00   6.1e-01     0.51  4.77e+00 1.1e+00   56  37 -74      87.140    11.980     0.75     6.205  16.020   48  25 -74      4      1     2                             
  569	  183826.5-013725  18:38:26.54 -01:37:25.2     0.000   2.47e-02   1.9e-02     0.17   2.80e-01   3.62e-01 2.8e-01   43  37 -61       7.166   1.69e-01   5.0e-02     0.09   5.90e-01   7.19e-01 2.1e-01   39  24 -39      11.640   1.90e-01   1.3e-01     0.07   2.52e-01   3.79e-01 2.6e-01   28  19  -2      10.880   2.74e-01   1.8e-01     0.11   3.25e-01   4.45e-01 2.9e-01   38  25 -11       8.559   1.70e-01   1.3e-01     0.08  1.50e-01 1.1e-01   36  36 -28      15.310     0.789     0.18     0.294   4.276   35  18 -17      4      0     1                             
  570	  183826.5-012408  18:38:26.55 -01:24:09.5     3.081  -3.17e-02   1.0e-02    -0.47  -1.40e-01   9.52e-03 3.1e-03   43  10  54       0.000   1.05e-01   4.7e-02     0.07   3.14e-01   5.60e-01 2.5e-01   28  25  74       8.601   5.46e-01   7.9e-02     0.27   7.32e-01   1.11e+00 1.6e-01   25  21   4      15.830   7.98e-01   1.2e-01     0.44   8.02e-01   1.02e+00 1.5e-01   26  25  50      20.190   9.65e-01   1.1e-01     0.62  1.05e+00 1.2e-01   36  36  27      25.900     3.199     0.96     1.114   3.338   24  22   4      3      0     0             					  no SED fit    
  571	  183826.9-015127  18:38:26.90 -01:51:27.3     0.000   4.89e-02   1.2e-02     0.42   8.14e-01   6.04e+00 1.4e+00   84  68  15       6.067   1.74e-01   4.8e-02     0.10   8.31e-01   2.01e+00 5.5e-01   71  30  49       9.407   4.26e-01   1.2e-01     0.19   1.00e+00   2.45e+00 7.1e-01   55  32  26      10.520   4.25e-01   8.5e-02     0.21   6.76e-01   1.86e+00 3.7e-01   61  38  33       9.201   3.42e-01   1.1e-01     0.20  6.29e-01 2.1e-01   57  36  13      12.210     1.050     0.31     0.705   3.335   57  38  20      4      1     1             					tentative bound 
  572	  183826.9-011420  18:38:26.97 -01:14:21.4     3.569  -3.99e-02   1.1e-02    -0.54  -1.75e-01  -4.78e-02 1.3e-02   43  10  62       0.000   1.32e-01   4.4e-02     0.07   4.75e-01   5.82e-01 1.9e-01   38  26  51       8.659   3.16e-01   1.3e-01     0.12   4.73e-01   5.33e-01 2.2e-01   39  18  59       8.580   2.96e-01   2.4e-01     0.10   3.61e-01   3.55e-01 2.9e-01   41  25  57       0.000   5.20e-02   2.6e-01     0.02  5.49e-02 2.7e-01   44  36  63      19.760     1.734     0.27     0.638   6.342   33  19  60      2      2     0             					  no SED fit    
  573	  183827.1-001952  18:38:27.13 -00:19:52.2     0.000   1.40e-02   1.5e-02     0.09   1.80e-01   5.44e-02 5.9e-02   50  43 -19       0.000   4.11e-02   3.5e-02     0.02   2.14e-01   3.03e-01 2.6e-01   55  41  70       6.099   1.99e-01   7.1e-02     0.07   3.05e-01   4.53e-01 1.6e-01   37  20  86       6.862   2.88e-01   1.0e-01     0.11   3.36e-01   4.57e-01 1.7e-01   36  25 -86       6.331   2.27e-01   1.4e-01     0.09  2.44e-01 1.5e-01   44  36 -13      11.050     0.905     0.18     0.371   5.061   36  20  89      3      1     2                             
  574	  183827.2+000943  18:38:27.23 +00:09:42.6     0.000   7.24e-03   1.5e-02     0.07   1.00e-01   8.38e-02 1.7e-01   65  44  83       0.000   1.31e-01   4.3e-02     0.07   6.93e-01   1.16e+00 3.8e-01   54  43   7       9.073   3.36e-01   6.5e-02     0.13   5.37e-01   9.31e-01 1.8e-01   35  21 -46      10.130   4.93e-01   9.5e-02     0.19   6.13e-01   1.13e+00 2.2e-01   35  29 -46      10.410   4.77e-01   1.0e-01     0.20  8.00e-01 1.7e-01   45  43 -55      16.370     1.811     0.30     0.847   5.952   38  24 -49      3      1     2     DOBASHI 1383                                       
  575	  183827.3-013735  18:38:27.30 -01:37:35.1     0.000   7.73e-02   2.3e-02     0.39   1.52e-01   4.46e-02 1.3e-02   16   8 -85       0.000   1.20e-01   4.3e-02     0.06   1.38e-01   1.40e-01 5.0e-02   14  14 -19      20.940   7.17e-01   1.3e-01     0.25   8.05e-01   3.15e-01 5.8e-02   23  18 -17      12.530   4.08e-01   1.8e-01     0.16   4.46e-01   5.26e-01 2.3e-01   31  25 -26       9.357   3.17e-01   1.5e-01     0.15  4.12e-01 1.9e-01   44  36 -14      12.190     1.432     0.31     0.445   4.639   25  18 -28      3      0     2                             
  576	  183828.2-005857  18:38:28.27 -00:58:57.2     6.895  -6.59e-02   9.6e-03    -0.71  -3.38e-01  -6.20e-03 9.0e-04   73  10 -41      20.560   7.12e-01   4.9e-02     0.39   3.40e+00   9.77e+00 6.7e-01   48  37  48      23.080   1.08e+00   6.7e-02     0.40   2.59e+00   7.10e+00 4.4e-01   45  38  73      22.270   1.09e+00   9.7e-02     0.45   1.66e+00   4.13e+00 3.7e-01   48  39  78      20.090   9.00e-01   9.3e-02     0.43  1.78e+00 1.8e-01   51  40  59      23.040     2.339     0.53     1.439   4.393   48  34 -87      4      1     2     GHVC G030.5+02.4-229                               
  577	  183828.3-011127  18:38:28.36 -01:11:28.7     0.000   1.27e-02   1.7e-02     0.11   9.41e-02  -3.91e-01 5.2e-01   32  23 -55       0.000   1.81e-01   9.4e-02     0.07   3.03e-01   4.77e-01 2.5e-01   18  17 -29      21.030   3.92e-02   3.8e-01     0.01   4.04e-02   1.01e-01 9.7e-01   20  18  81      38.070   2.85e-01   7.6e-01     0.05   2.95e-01   3.80e-01 1.0e+00   27  25  85      60.570   1.49e+00   6.9e-01     0.34  1.70e+00 7.8e-01   36  36 -39      80.170     9.001     0.45     3.411  19.860   31  20 -77      3      0     0     DOBASHI 1306                   no SED fit    
  578	  183828.5+003639  18:38:28.57 +00:36:39.1     0.000   6.18e-03   1.5e-02     0.07   8.79e-02  -2.45e-01 6.0e-01   72  44   7       0.526  -2.01e-02   3.8e-02    -0.01  -1.15e-01  -3.58e-02 6.8e-02   68  47 -72       0.000   2.39e-01   6.1e-02     0.10   5.79e-01   1.36e+00 3.4e-01   42  41  10       9.515   3.15e-01   9.8e-02     0.15   4.45e-01   8.35e-01 2.6e-01   43  34  17      11.200   3.79e-01   1.0e-01     0.18  5.08e-01 1.4e-01   44  36 -54      19.350     2.066     0.43     1.217   4.750   41  35  39      2      0     0     					           no SED fit    
  579	  183829.1-000239  18:38:29.16 -00:02:39.0     0.000   1.79e-02   1.6e-02     0.14   2.93e-01  -1.34e-01 1.2e-01   79  67  -5       0.000   8.53e-02   3.7e-02     0.04   5.46e-01   2.06e+00 9.0e-01   80  63  79       6.042   2.73e-01   4.7e-02     0.10   6.25e-01   1.51e+00 2.6e-01   58  29  68       6.158   3.56e-01   8.1e-02     0.14   5.32e-01   1.36e+00 3.1e-01   44  39  14       8.341   3.92e-01   7.8e-02     0.17  6.74e-01 1.3e-01   45  38 -12       9.946     1.313     0.27     0.816   4.869   45  37 -13      3      0     2                             
  580	  183829.2+000314  18:38:29.21 +00:03:13.7     0.000   2.22e-02   1.9e-02     0.20   3.16e-01  -3.57e-02 3.0e-02   56  53  23       0.000   6.68e-02   2.8e-02     0.04   3.56e-01   4.74e-01 2.0e-01   54  45 -39       7.494   2.51e-01   6.8e-02     0.11   4.12e-01   7.70e-01 2.1e-01   44  19 -77      11.540   5.09e-01   9.1e-02     0.24   6.20e-01   9.85e-01 1.8e-01   41  25 -79      11.770   4.96e-01   7.4e-02     0.27  6.11e-01 9.1e-02   48  36 -85      21.230     1.618     0.35     0.747   4.588   42  22 -80      3      2     2                             
  581	  183829.5+003422  18:38:29.56 +00:34:21.6     5.013  -4.39e-02   8.8e-03    -0.90  -4.41e-01  -1.35e-01 2.7e-02   59  25 -89       0.000   6.34e-02   3.6e-02     0.04   3.96e-01   2.03e+00 1.1e+00   73  61  86       7.350   2.26e-01   4.5e-02     0.09   4.27e-01   8.77e-01 1.8e-01   59  21  44      10.740   3.90e-01   8.0e-02     0.16   4.90e-01   8.10e-01 1.7e-01   47  25  47      10.380   3.72e-01   1.2e-01     0.17  5.16e-01 1.6e-01   43  36  41      16.600     1.260     0.21     0.551   6.006   56  18  48      3      1     2                             
  582	  183829.8-000159  18:38:29.82 -00:02:00.6     0.000   1.69e-03   1.3e-02     0.02   6.76e-03   2.78e-01 2.2e+00   57   8 -12       0.000   1.19e-18   2.4e-02     0.00   7.04e-18   6.59e-02 1.3e+15   64  55 -15       0.000   2.57e-01   4.9e-02     0.09   5.17e-01   1.19e+00 2.3e-01   44  27 -59       6.116   3.13e-01   7.6e-02     0.13   3.76e-01   6.82e-01 1.7e-01   33  28 -35       7.775   3.63e-01   7.5e-02     0.16  4.62e-01 9.5e-02   36  36 -23       9.151     1.413     0.29     0.669   4.795   32  28 -61      2      2     0     					           no SED fit    
  583	  183829.9-011325  18:38:29.94 -01:13:24.9     3.721  -3.75e-02   1.0e-02    -0.51  -1.51e-01  -1.94e-01 5.2e-02   46   9 -45       0.000   1.17e-01   5.9e-02     0.05   4.84e-01   7.22e-01 3.7e-01   45  29 -69      15.530   6.45e-01   3.0e-01     0.16   9.44e-01   1.39e+00 6.4e-01   35  19 -77      28.050   1.12e+00   5.4e-01     0.27   1.36e+00   1.82e+00 8.7e-01   41  25 -70      19.650   1.08e+00   4.5e-01     0.27  1.52e+00 6.4e-01   54  36 -68      49.460     3.853     0.29     1.524  13.260   38  19 -72      3      0     2                             
  584	  183830.2-011112  18:38:30.23 -01:11:13.8     0.000   3.23e-03   1.4e-02     0.03   4.77e-02  -3.89e-01 1.7e+00   65  52   7      11.440   4.22e-01   1.3e-01     0.18   2.34e+00   7.65e+00 2.4e+00   59  47  17      31.370   1.72e+00   5.2e-01     0.36   4.93e+00   1.51e+01 4.6e+00   60  50  30      55.650   3.05e+00   7.2e-01     0.58   4.90e+00   1.44e+01 3.4e+00   60  40  43      61.410   3.77e+00   7.0e-01     0.85  9.81e+00 1.8e+00   64  46 -29     139.100    15.490     0.92     9.990  16.760   53  36  79      4      1     2     DOBASHI 1306                                      
  585	  183830.9-011212  18:38:30.90 -01:12:12.1     5.874  -4.82e-02   8.2e-03    -0.89  -2.38e-01  -1.42e-01 2.4e-02   39  12  33       0.000   1.63e-01   7.6e-02     0.07   3.18e-01   3.91e-01 1.8e-01   30  14  88      11.900   7.73e-01   3.1e-01     0.18   1.05e+00   1.53e+00 6.1e-01   31  18 -77      18.040   1.27e+00   5.3e-01     0.25   1.58e+00   2.22e+00 9.3e-01   35  28 -48      26.800   2.13e+00   6.8e-01     0.49  2.96e+00 9.5e-01   42  36  90      45.040     5.784     0.34     2.647  17.250   36  24 -38      3      0     0              					   no SED fit    
  586	  183831.1-002107  18:38:31.09 -00:21:08.5     2.209  -2.33e-02   1.1e-02    -0.19  -2.26e-01   9.74e-03 4.4e-03   38  30  79       6.495   1.13e-01   3.5e-02     0.05   3.49e-01   5.17e-01 1.6e-01   41  20 -36       8.334   2.56e-01   5.5e-02     0.09   3.25e-01   4.37e-01 9.4e-02   28  18 -33       0.000   1.02e-01   4.6e-02     0.04   1.02e-01   8.54e-02 3.8e-02   25  25 -41       0.000   5.63e-02   9.0e-02     0.02  2.77e-02 4.4e-02   36  36 -77       6.665     0.537     0.12     0.178   4.497   26  19 -51      2      2     0              					   no SED fit    
  587	  183831.1-010815  18:38:31.11 -01:08:15.2     0.000  -5.07e-02   1.0e-30    -1.03  -3.83e-01  -3.13e-01 6.2e-30   57  17   0       0.000   2.43e-01   6.3e-02     0.09   1.13e+00   2.51e+00 6.5e-01   48  35  81      15.340   1.02e+00   3.2e-01     0.21   1.61e+00   2.92e+00 9.0e-01   32  22  10      35.690   2.31e+00   5.7e-01     0.45   2.96e+00   5.19e+00 1.3e+00   37  30  72      47.920   2.33e+00   6.1e-01     0.46  3.01e+00 7.9e-01   38  36  80      92.030    13.340     0.87     5.999  15.340   30  27  65      3      0     2     PLCKECC G030.43+02.35                             
  588	  183831.2+003224  18:38:31.24 +00:32:24.3     0.000   9.00e-03   1.6e-02     0.09   1.29e-01  -4.20e-02 7.3e-02   68  47  72       0.000   5.03e-02   3.4e-02     0.03   2.91e-01   4.19e-02 2.8e-02   60  53 -89       0.000   1.31e-01   5.1e-02     0.05   3.18e-01   6.26e-01 2.4e-01   50  36  10       6.708   2.49e-01   9.7e-02     0.10   3.07e-01   4.21e-01 1.6e-01   43  25   8       7.511   2.43e-01   8.4e-02     0.10  2.89e-01 1.0e-01   43  36  -3      12.760     1.092     0.17     0.539   6.306   42  25  -3      2      0     0             					   no SED fit    
  589	  183831.4-000549  18:38:31.43 -00:05:49.2     0.000   5.56e-02   2.1e-02     0.33   6.08e-01  -5.64e-03 2.1e-03   43  34 -43       0.000   1.53e-01   4.2e-02     0.07   5.32e-01   7.66e-01 2.1e-01   31  29  26       6.352   2.96e-01   3.4e-02     0.10   4.12e-01   5.62e-01 6.5e-02   29  20   4       6.614   3.71e-01   6.3e-02     0.14   4.54e-01   5.89e-01 1.0e-01   33  30  -4       0.000   1.67e-01   8.2e-02     0.07  1.07e-01 5.3e-02   36  36  -8       7.418     0.645     0.12     0.223   5.277   25  21   5      2      3     0             					   no SED fit    
  590	  183831.7-011440  18:38:31.73 -01:14:40.1     0.000   3.38e-03   1.6e-02     0.03   2.44e-02  -2.32e-01 1.1e+00   35  20 -83       0.000   2.24e-01   6.0e-02     0.11   5.37e-01   6.99e-01 1.9e-01   26  20 -43      11.930   5.40e-01   2.1e-01     0.16   6.83e-01   7.91e-01 3.1e-01   28  18 -46      19.950   7.06e-01   5.2e-01     0.20   7.45e-01   7.37e-01 5.5e-01   28  25 -49      21.820   7.54e-01   4.6e-01     0.24  9.14e-01 5.5e-01   46  36 -69      22.920     2.272     0.21     0.685  11.020   24  18 -48      3      0     0             					   no SED fit    
  591	  183832.2+000420  18:38:32.23 +00:04:19.9     1.768  -2.18e-02   1.2e-02    -0.32  -2.10e-01   5.79e-03 3.3e-03   60  23 -14       0.000   8.17e-02   3.9e-02     0.05   4.60e-01   2.39e-01 1.1e-01   54  53  56       0.000   1.40e-01   5.5e-02     0.06   3.58e-01   6.12e-01 2.4e-01   57  37  55       7.130   2.79e-01   6.6e-02     0.13   3.75e-01   6.83e-01 1.6e-01   45  29  55       6.823   2.90e-01   6.5e-02     0.15  4.76e-01 1.1e-01   57  37  48       9.036     0.996     0.22     0.554   4.581   47  28  59      2      0     0             					   no SED fit    
  592	  183832.5-000456  18:38:32.51 -00:04:57.9     0.000   9.97e-04   1.5e-02     0.01   1.61e-02  -6.89e-01 1.1e+01   81  61 -88       0.000   1.05e-01   4.4e-02     0.05   6.82e-01   3.55e+00 1.5e+00   87  64 -27       6.047   4.10e-01   5.5e-02     0.14   1.12e+00   2.93e+00 3.9e-01   64  41  24       7.496   5.39e-01   8.7e-02     0.21   8.64e-01   2.22e+00 3.6e-01   56  41  -1       8.986   4.07e-01   7.3e-02     0.17  9.65e-01 1.7e-01   56  46  88      14.780     1.447     0.26     0.737   5.656   52  23 -72      3      0     2                             
  593	  183833.5-010459  18:38:33.51 -01:04:59.3     0.000   1.82e-03   1.5e-02     0.01   5.18e-03   3.13e-01 2.6e+00   27   8 -19       0.000   1.18e-01   4.0e-02     0.05   4.74e-01   3.34e-01 1.1e-01   36  33 -79       7.034   2.60e-01   6.4e-02     0.09   3.30e-01   4.42e-01 1.1e-01   28  18  75       6.815   2.03e-01   7.5e-02     0.08   2.28e-01   2.56e-01 9.4e-02   33  25  58       0.000   1.13e-01   9.0e-02     0.05  7.65e-02 6.1e-02   40  36  46       7.570     0.586     0.12     0.213   4.878   30  20  51      2      0     0             					   no SED fit    
  594	  183834.0-011224  18:38:34.04 -01:12:25.7     0.000   7.27e-04   1.5e-02     0.01   2.98e-03   3.15e-01 6.4e+00   63   8 -12       0.000   8.71e-02   4.4e-02     0.04   3.92e-01   7.60e-01 3.8e-01   43  36  47      11.010   6.11e-01   1.4e-01     0.18   9.25e-01   1.52e+00 3.6e-01   31  22  21      12.290   5.58e-01   4.7e-01     0.14   7.00e-01   9.47e-01 8.0e-01   35  29  39       7.871   6.65e-01   6.0e-01     0.18  8.76e-01 7.9e-01   44  36  69      23.160     1.807     0.15     0.624  12.140   30  18  23      3      1     2                             
  595	  183834.0-010914  18:38:34.08 -01:09:14.3     0.000   2.13e-03   1.8e-02     0.02   2.44e-02  -1.01e-01 8.5e-01   43  38 -54       0.000   9.94e-02   5.1e-02     0.04   3.65e-01   3.63e-01 1.9e-01   37  28 -49       8.508   3.58e-01   1.5e-01     0.09   4.93e-01   6.92e-01 2.9e-01   32  18 -84       7.946   3.37e-01   4.1e-01     0.07   4.14e-01   4.03e-01 4.9e-01   43  25 -79       0.000   2.89e-01   5.7e-01     0.06  2.75e-01 5.4e-01   36  36  -1      14.150     1.374     0.11     0.546  12.540   34  20 -80      2      0     0     PLCKECC G030.43+02.35          no SED fit    
  596	  183834.3-010807  18:38:34.32 -01:08:08.6     0.000  -5.07e-02   1.0e-30    -1.00  -2.20e-01  -1.87e-02 3.7e-31   47  10  34       0.000   1.65e-01   4.9e-02     0.06   5.39e-01   7.78e-01 2.3e-01   40  22  53      14.830   6.16e-01   2.0e-01     0.13   7.42e-01   1.07e+00 3.5e-01   25  18  56      21.140   1.10e+00   4.9e-01     0.21   1.45e+00   1.94e+00 8.6e-01   37  32   2      26.950   1.34e+00   6.1e-01     0.29  1.79e+00 8.2e-01   40  36 -88      40.980     4.532     0.29     2.459  15.820   38  31  10      3      1     2                             
  597	  183834.3-011435  18:38:34.39 -01:14:35.4     0.000   8.12e-03   1.3e-02     0.08   1.10e-01  -5.54e-02 9.1e-02   59  44  69       0.000   2.73e-01   5.8e-02     0.13   1.28e+00   3.05e+00 6.5e-01   44  38  21      19.100   1.10e+00   1.7e-01     0.33   2.51e+00   5.61e+00 8.7e-01   45  33 -30      34.750   1.67e+00   4.5e-01     0.48   2.42e+00   5.22e+00 1.4e+00   46  34 -35      46.030   1.81e+00   4.1e-01     0.55  3.12e+00 7.1e-01   47  39 -39      76.670     7.493     0.73     3.859  10.320   42  26 -38      3      0     2                             
  598	  183834.7-014813  18:38:34.75 -01:48:13.1     0.000   2.75e-02   2.0e-02     0.18   4.14e-01   3.73e-01 2.7e-01   64  56  11       8.982   3.01e-01   4.6e-02     0.17   1.05e+00   1.46e+00 2.2e-01   32  28 -30       8.950   4.18e-01   4.0e-02     0.17   6.34e-01   1.23e+00 1.2e-01   31  22  66       7.322   3.09e-01   6.1e-02     0.14   3.62e-01   6.08e-01 1.2e-01   35  26  67       7.120   2.58e-01   8.4e-02     0.13  2.83e-01 9.2e-02   38  36  71       7.714     0.726     0.19     0.266   3.875   27  21  89      4      2     1                             
  599	  183834.8-014137  18:38:34.84 -01:41:36.9     0.000   1.16e-03   1.5e-02     0.01   2.00e-02   1.86e+00 2.4e+01  120  68  -1      11.460   4.02e-01   8.5e-02     0.20   2.18e+00   7.26e+00 1.5e+00   72  40  42      11.020   4.88e-01   9.9e-02     0.18   1.19e+00   3.43e+00 7.0e-01   66  32  28       9.930   4.39e-01   7.9e-02     0.19   6.93e-01   2.07e+00 3.7e-01   66  36  40       7.978   3.42e-01   7.8e-02     0.17  7.75e-01 1.8e-01   64  38  34       7.874     0.438     0.11     0.256   4.141   74  26  22      4      1     1                             
  600	  183835.0-011623  18:38:35.08 -01:16:24.8     0.000   2.17e-03   1.3e-02     0.02   2.83e-02   1.10e-01 6.6e-01   64  38  85       7.362   1.99e-01   4.6e-02     0.14   9.13e-01   1.92e+00 4.5e-01   52  32 -66      13.590   6.05e-01   5.0e-02     0.28   1.09e+00   2.35e+00 1.9e-01   38  24 -59      16.640   6.60e-01   1.3e-01     0.33   8.30e-01   1.48e+00 2.8e-01   42  26 -56      14.480   6.75e-01   9.8e-02     0.41  1.08e+00 1.6e-01   51  37 -74      27.020     2.671     0.71     1.473   3.765   48  28 -54      4      0     3             					 tentative bound 
  601	  183835.6+000712  18:38:35.61 +00:07:11.7     1.425  -1.69e-02   1.2e-02    -0.23  -2.46e-01   3.58e-01 2.5e-01   78  45 -49       0.000   1.38e-01   5.1e-02     0.08   8.81e-01   4.07e+00 1.5e+00   77  65 -75       6.217   2.84e-01   5.0e-02     0.12   7.56e-01   2.19e+00 3.9e-01   60  40  89       7.131   3.36e-01   8.3e-02     0.15   5.25e-01   1.32e+00 3.3e-01   56  38  90       8.380   3.21e-01   1.1e-01     0.16  6.35e-01 2.2e-01   60  38 -82      10.200     1.031     0.25     0.639   4.144   46  36  78      3      0     2             					                  
  602	  183835.8+001213  18:38:35.84 +00:12:12.6     1.849  -2.09e-02   1.1e-02    -0.22  -2.59e-01  -4.11e-01 2.2e-01   67  34  55       0.000   8.85e-02   3.7e-02     0.05   5.35e-01   1.13e+00 4.7e-01   64  59 -10       7.272   3.68e-01   6.0e-02     0.16   8.35e-01   1.88e+00 3.1e-01   41  36 -57       9.244   3.87e-01   5.1e-02     0.18   5.58e-01   1.18e+00 1.6e-01   43  35 -50       8.601   3.54e-01   7.6e-02     0.18  5.66e-01 1.2e-01   44  38 -63      13.560     1.287     0.31     0.714   4.175   42  30 -67      3      1     2             					                 
  603	  183836.0-004642  18:38:36.07 -00:46:43.6    10.450   1.98e-01   2.4e-02     1.67   2.36e-01   2.79e-01 3.4e-02    9   8  24       0.000   2.84e-02   3.2e-02     0.02   3.84e-02   5.04e-02 5.7e-02   18  14  44       0.000   2.21e-02   2.8e-02     0.01   2.12e-02   4.56e-03 5.7e-03   18  18 -68       0.000   2.29e-03   3.2e-02     0.00   2.27e-03   9.51e-04 1.3e-02   25  25 -81       0.228  -5.07e-03   2.2e-02    -0.00  1.38e-03 6.1e-03   62  38 -14       1.221    -0.066    -0.02    -0.020   3.187   24  19 -31      1      0     4             					   no SED fit    
  604	  183836.3+002830  18:38:36.29 +00:28:30.3     0.950  -1.29e-02   1.4e-02    -0.12  -3.70e-02  -4.74e-04 5.0e-04   22  10  76       0.000   5.33e-02   4.2e-02     0.03   7.56e-02  -2.60e-02 2.0e-02   19  14 -22      18.490   5.78e-01   3.8e-02     0.20   5.55e-01   2.78e-01 1.8e-02   18  18  54       9.085   2.21e-01   9.8e-02     0.08   2.71e-01   3.53e-01 1.6e-01   34  29  56       8.523   2.76e-01   7.7e-02     0.11  3.80e-01 1.1e-01   47  36  61       9.541     0.939     0.14     0.265   6.641   21  18 -39      3      0     0             					   no SED fit    
  605	  183837.2-010225  18:38:37.19 -01:02:26.8     8.243  -6.58e-02   8.0e-03    -0.77  -5.90e-01  -9.32e-02 1.1e-02   41  25  56       7.106   1.99e-01   5.3e-02     0.10   6.74e-01   8.07e-01 2.1e-01   35  25  22       8.130   3.01e-01   6.9e-02     0.11   4.58e-01   7.39e-01 1.7e-01   33  21  65       7.639   2.90e-01   9.2e-02     0.12   3.16e-01   4.50e-01 1.4e-01   30  25  53       0.000   1.73e-01   8.7e-02     0.08  1.67e-01 8.4e-02   36  36  67       7.056     0.585     0.14     0.201   4.051   29  18  75      3      0     1             					                 
  606	  183837.6+002954  18:38:37.62 +00:29:53.6     5.102  -5.12e-02   1.0e-02    -0.63  -4.31e-01  -3.40e-01 6.7e-02   42  23 -89       0.000   5.94e-02   3.6e-02     0.03   2.62e-01   1.59e-01 9.5e-02   39  37  71       7.243   2.04e-01   5.9e-02     0.07   2.83e-01   2.59e-01 7.5e-02   33  18  86       6.388   1.70e-01   8.6e-02     0.06   2.08e-01   1.65e-01 8.4e-02   42  25  81       0.000   1.50e-01   6.8e-02     0.05  6.63e-02 3.0e-02   47  36  84      15.030     1.271     0.18     0.450   6.924   31  18  86      2      1     0             					   no SED fit    
  607	  183837.9-011516  18:38:37.95 -01:15:17.7    29.220   6.59e-01   2.5e-02     5.82   7.17e-01   7.46e-01 2.8e-02    8   8  46      35.250   1.34e+00   7.9e-02     0.71   1.46e+00   1.59e+00 9.4e-02   14  14  52      48.100   1.60e+00   3.0e-01     0.49   1.89e+00   2.06e+00 3.9e-01   25  18 -43      46.150   1.68e+00   5.7e-01     0.57   1.91e+00   2.08e+00 7.0e-01   33  25 -42      42.370   1.39e+00   4.7e-01     0.55  1.50e+00 5.1e-01   49  36 -43      56.300     4.031     0.47     1.168   8.497   21  19  80      5      0     4             					                 
  608	  183838.3+003156  18:38:38.33 +00:31:56.2     7.027  -5.74e-02   8.2e-03    -1.18  -2.16e-01  -5.67e-02 8.1e-03   34  10 -29       0.000   3.14e-02   2.7e-02     0.02   1.11e-01   1.76e-01 1.5e-01   32  29 -10       6.385   2.01e-01   1.0e-01     0.06   2.80e-01   3.66e-01 1.9e-01   33  18 -48       6.857   2.50e-01   1.3e-01     0.07   2.72e-01   2.81e-01 1.5e-01   29  26 -10       0.000   1.75e-01   1.2e-01     0.05  6.29e-02 4.4e-02   36  36  33       8.912     1.030     0.09     0.420  11.670   32  22  -6      2      1     0             					   no SED fit    
  609	  183838.4-010745  18:38:38.43 -01:07:46.7     4.952  -4.85e-02   9.8e-03    -0.61  -4.78e-01   9.55e-03 1.9e-03   41  29 -82       2.760  -7.13e-02   2.6e-02    -0.03  -2.51e-01   1.13e-02 4.1e-03   38  25 -12       0.000   2.06e-01   1.6e-01     0.04   4.71e-01   8.00e-01 6.3e-01   43  35  12      13.400   5.76e-01   3.9e-01     0.13   6.68e-01   8.93e-01 6.1e-01   35  25 -56      17.730   7.14e-01   4.6e-01     0.17  8.74e-01 5.6e-01   40  36 -56      25.100     2.046     0.17     0.723  12.310   31  18 -46      2      1     0             					   no SED fit    
  610	  183838.5-014923  18:38:38.59 -01:49:23.4     0.000   5.46e-03   1.6e-02     0.04   3.28e-02   2.19e-01 6.5e-01   26  20 -20       0.000   1.23e-01   4.4e-02     0.07   4.15e-01   3.96e-01 1.4e-01   32  27  12      11.510   2.23e-01   1.0e-01     0.10   2.94e-01   1.10e-01 5.0e-02   30  18  18       6.273   2.00e-01   1.2e-01     0.10   2.40e-01   2.86e-01 1.7e-01   39  25   4       0.000   8.13e-02   8.2e-02     0.04  5.83e-02 5.9e-02   36  36 -11       7.189     0.441     0.12     0.156   3.720   31  18  12      2      1     0             					   no SED fit    
  611	  183839.4-000011  18:38:39.49 -00:00:11.2     3.174  -3.45e-02   1.1e-02    -0.48  -3.96e-01  -8.28e-02 2.6e-02   78  28  59       0.000   3.60e-02   4.1e-02     0.02   2.38e-01   1.44e+00 1.7e+00   79  77  19       0.000   2.19e-01   5.5e-02     0.09   5.61e-01   1.59e+00 4.0e-01   55  38 -65       6.275   2.48e-01   6.0e-02     0.12   4.05e-01   1.05e+00 2.6e-01   60  42 -71       7.103   2.71e-01   4.6e-02     0.15  4.88e-01 8.3e-02   51  37 -83       8.161     0.678     0.17     0.452   4.021   63  35 -75      2      0     0             					   no SED fit    
  612	  183839.9-010556  18:38:39.96 -01:05:56.1     4.929  -4.42e-02   9.0e-03    -0.58  -2.74e-01   1.89e-01 3.8e-02   93  12  77       0.000   1.42e-03   2.7e-02     0.00   8.80e-03   2.20e+00 4.2e+01  109  49 -72       0.000   3.12e-01   8.5e-02     0.08   1.02e+00   4.86e+00 1.3e+00   84  72  56       6.065   4.15e-01   1.4e-01     0.13   6.88e-01   2.17e+00 7.4e-01   81  39 -58       6.702   5.00e-01   1.5e-01     0.19  1.54e+00 4.7e-01   70  58 -72      18.290     1.754     0.27     1.345   6.406   81  46  62      2      0     0     WISE J183839.61-010614.1       no SED fit    
  613	  183840.0+003423  18:38:40.01 +00:34:23.1     0.946  -1.22e-02   1.3e-02    -0.14  -4.75e-02   7.66e-03 8.1e-03   24  13  66       0.000   1.45e-01   4.2e-02     0.08   5.06e-01   5.73e-01 1.7e-01   37  25  76       7.590   2.89e-01   1.0e-01     0.12   4.02e-01   5.42e-01 2.0e-01   33  18 -63      10.490   3.79e-01   1.4e-01     0.15   4.26e-01   4.46e-01 1.6e-01   33  25 -47       6.432   2.65e-01   1.8e-01     0.11  2.63e-01 1.7e-01   48  36 -66      16.210     1.659     0.26     0.587   6.308   31  18 -53      3      0     2                              
  614	  183841.0+004001  18:38:41.09 +00:40:00.7     1.456  -1.82e-02   1.3e-02    -0.28  -2.08e-01   8.00e-03 5.5e-03   50  34 -33       0.000   1.39e-01   5.7e-02     0.09   6.23e-01   5.54e-01 2.3e-01   42  36 -82       7.168   3.09e-01   8.5e-02     0.16   4.59e-01   7.91e-01 2.2e-01   32  21 -18       9.538   3.58e-01   6.6e-02     0.19   3.97e-01   5.75e-01 1.1e-01   31  25 -10       8.456   2.71e-01   7.0e-02     0.16  3.25e-01 8.4e-02   39  36 -11      13.780     1.144     0.31     0.462   3.682   33  21 -18      3      0     3             					 tentative bound 
  615	  183841.1+003125  18:38:41.11 +00:31:25.3     0.428  -5.60e-03   1.3e-02    -0.06  -5.90e-02  -1.32e-01 3.1e-01   51  29  86       0.000   3.69e-02   3.4e-02     0.02   1.99e-01   1.01e+00 9.3e-01   53  47 -71      18.730   8.90e-01   1.2e-01     0.27   1.59e+00   3.23e+00 4.2e-01   32  28  75      43.380   2.00e+00   1.3e-01     0.55   2.46e+00   4.55e+00 3.0e-01   33  29  39      60.710   2.73e+00   1.7e-01     0.80  4.64e+00 2.9e-01   44  37  51     158.100    15.020     1.14     6.561  13.140   32  24  57      3      0     0             					   no SED fit    
  616	  183841.6-014144  18:38:41.64 -01:41:45.8     0.000   3.00e-02   2.3e-02     0.18   5.06e-01   8.04e-01 6.2e-01   82  73 -83       0.000   1.56e-01   4.5e-02     0.08   9.94e-01   3.80e+00 1.1e+00   79  63  87       0.000   2.71e-01   7.6e-02     0.10   7.72e-01   2.58e+00 7.2e-01   71  44 -78       7.131   2.75e-01   1.4e-01     0.13   4.36e-01   1.23e+00 6.3e-01   57  39 -11       6.585   2.24e-01   1.5e-01     0.12  4.66e-01 3.1e-01   61  39 -15       6.718     0.688     0.21     0.475   3.281   49  45 -53      2      1     0             					   no SED fit    
  617	  183841.8-000658  18:38:41.79 -00:06:59.4     0.299  -4.23e-03   1.4e-02    -0.03  -2.55e-02   1.35e-01 4.5e-01   28  19 -44       0.000   3.61e-02   3.6e-02     0.02   1.18e-01   1.68e-01 1.7e-01   47  20  29       7.174   2.67e-01   5.5e-02     0.09   4.01e-01   4.94e-01 1.0e-01   40  18  31       7.429   2.08e-01   7.4e-02     0.08   2.55e-01   2.35e-01 8.4e-02   42  25  28       0.000   7.37e-02   4.6e-02     0.03  4.77e-02 3.0e-02   36  36  23       7.373     0.552     0.13     0.208   4.243   36  18  29      2      0     0             					   no SED fit    
  618	  183843.4-010513  18:38:43.46 -01:05:12.9     0.000   1.13e-02   1.4e-02     0.09   1.34e-01   2.25e-01 2.8e-01   52  35 -74       0.000   7.25e-02   3.8e-02     0.03   3.46e-01  -2.69e-01 1.4e-01   55  34  36      10.080   4.13e-01   1.2e-01     0.13   8.03e-01   1.37e+00 3.9e-01   38  28  52       9.552   3.87e-01   9.8e-02     0.13   4.67e-01   6.66e-01 1.7e-01   39  25  70       8.497   2.73e-01   1.6e-01     0.10  2.74e-01 1.6e-01   47  36 -83      14.870     1.992     0.37     1.127   5.398   42  31  74      3      0     2             					                 
  619	  183844.4-012308  18:38:44.44 -01:23:09.7     0.000   2.29e-02   1.9e-02     0.19   3.96e-01  -4.96e-01 4.0e-01   90  78 -57       0.000   8.12e-02   4.4e-02     0.06   5.33e-01   1.99e+00 1.1e+00   80  72  88       8.558   4.22e-01   1.3e-01     0.22   1.10e+00   3.24e+00 9.6e-01   58  39 -49      13.700   6.95e-01   1.1e-01     0.42   1.14e+00   3.41e+00 5.4e-01   60  43 -28      15.440   6.86e-01   9.6e-02     0.47  1.59e+00 2.2e-01   57  43 -27      22.940     2.472     0.86     1.646   2.866   52  39 -38      3      1     2             					                 
  620	  183844.6-001802  18:38:44.69 -00:18:03.4     0.000   1.42e-02   1.5e-02     0.08   2.31e-01   3.25e-02 3.5e-02   77  65 -15       8.014   2.64e-01   8.0e-02     0.11   1.37e+00   3.56e+00 1.1e+00   58  39 -73      15.470   7.96e-01   8.5e-02     0.25   1.73e+00   4.42e+00 4.7e-01   45  30 -79      19.210   9.46e-01   1.0e-01     0.33   1.39e+00   3.40e+00 3.8e-01   47  35 -74      21.880   9.82e-01   1.4e-01     0.39  1.74e+00 2.5e-01   49  36 -74      29.300     3.148     0.63     1.814   5.009   44  31 -77      4      2     2             					                 
  621	  183845.1-002139  18:38:45.13 -00:21:40.6     0.000   5.34e-02   2.2e-02     0.26   7.15e-01   9.50e-01 3.9e-01   51  47 -68      16.720   5.59e-01   6.6e-02     0.25   1.80e+00   2.85e+00 3.4e-01   39  22 -37      15.570   6.55e-01   7.1e-02     0.22   1.06e+00   1.72e+00 1.9e-01   39  20 -34      12.190   5.70e-01   5.3e-02     0.24   6.87e-01   1.07e+00 1.0e-01   40  25 -35      10.220   4.02e-01   1.0e-01     0.20  5.03e-01 1.3e-01   46  36 -34      10.570     0.863     0.23     0.323   3.735   35  18 -27      4      1     1             					                 
  622	  183845.2+003252  18:38:45.23 +00:32:52.4     4.628  -4.29e-02   9.3e-03    -0.74  -1.68e-01  -7.63e-03 1.6e-03   29  11  80       0.000   1.91e-03   2.6e-02     0.00   6.06e-03  -8.55e-02 1.2e+00   39  21 -61       9.791   5.43e-01   1.8e-01     0.17   6.94e-01   8.64e-01 2.9e-01   28  18 -86      23.530   9.75e-01   1.8e-01     0.28   1.16e+00   1.45e+00 2.7e-01   33  27  89      33.720   1.33e+00   2.3e-01     0.43  1.99e+00 3.4e-01   47  40 -60      51.770     6.749     0.58     2.549  11.610   32  19 -75      3      1     0             					   no SED fit    
  623	  183845.6-014757  18:38:45.64 -01:47:57.2     2.417  -2.61e-02   1.1e-02    -0.25  -2.31e-01  -3.15e-01 1.3e-01   66  20 -66       0.000   1.65e-01   3.7e-02     0.09   7.43e-01   1.57e+00 3.5e-01   42  36  90       6.170   2.05e-01   6.7e-02     0.08   4.78e-01   9.97e-01 3.2e-01   56  31  77       7.120   2.73e-01   8.4e-02     0.13   4.21e-01   8.30e-01 2.5e-01   55  37  69       7.022   2.50e-01   7.0e-02     0.13  3.80e-01 1.1e-01   61  36  78       9.372     0.762     0.19     0.453   3.970   51  31  70      3      1     2             					 tentative bound 
  624	  183846.0+003343  18:38:46.00 +00:33:43.3     1.705  -1.69e-02   9.9e-03    -0.23  -1.72e-01  -1.69e-01 9.9e-02   56  26  78       0.000   4.04e-02   3.9e-02     0.02   2.52e-01   4.34e-01 4.2e-01   74  60  83       8.367   6.20e-01   1.5e-01     0.23   1.54e+00   3.38e+00 8.2e-01   47  39 -11      19.160   1.15e+00   1.9e-01     0.41   1.56e+00   2.94e+00 4.8e-01   46  29  27      26.250   1.64e+00   2.9e-01     0.65  2.23e+00 3.9e-01   48  36  25      56.410     7.674     0.95     4.597   8.064   44  34  50      3      2     2             					                 
  625	  183846.1-005814  18:38:46.15 -00:58:15.7     1.249  -1.44e-02   1.2e-02    -0.14  -5.31e-02   8.95e-02 7.2e-02   44   8  12       0.000   7.99e-02   3.5e-02     0.04   3.40e-01   3.60e-01 1.6e-01   40  33  78       7.492   2.55e-01   4.2e-02     0.11   3.28e-01   4.12e-01 6.8e-02   28  18 -26       7.262   2.67e-01   9.0e-02     0.13   3.03e-01   3.29e-01 1.1e-01   34  25 -30       0.000   1.37e-01   4.1e-02     0.07  8.94e-02 2.7e-02   40  36 -48       8.611     0.762     0.22     0.286   3.417   35  18 -36      2      1     0             					   no SED fit    
  626	  183846.9-010024  18:38:46.94 -01:00:25.5     4.367  -4.19e-02   9.6e-03    -0.42  -4.49e-01   2.23e-01 5.1e-02   42  34 -85      11.360   1.52e-01   6.1e-02     0.07   4.24e-01   8.21e-01 3.3e-01   42  17  79      28.180   1.15e+00   9.7e-02     0.35   1.44e+00   2.19e+00 1.9e-01   27  18 -80      37.310   1.53e+00   1.2e-01     0.53   1.62e+00   2.32e+00 1.8e-01   29  25 -53      31.440   1.38e+00   1.2e-01     0.60  2.30e+00 2.0e-01   42  36 -64      66.890     5.999     1.13     2.365   5.308   31  21 -74      4      1     2     DOBASHI 1319                                 
  627	  183847.6-005303  18:38:47.65 -00:53:03.2     0.000   1.69e-02   1.8e-02     0.14   2.12e-01   4.43e-01 4.6e-01   47  42  12      12.730   3.73e-01   5.9e-02     0.23   1.17e+00   1.71e+00 2.7e-01   40  21 -30      12.760   5.49e-01   7.1e-02     0.24   8.31e-01   1.36e+00 1.7e-01   32  21 -31      11.340   4.58e-01   6.0e-02     0.23   5.31e-01   7.55e-01 1.0e-01   36  25 -32       8.090   3.07e-01   5.3e-02     0.18  3.54e-01 6.1e-02   43  36 -30      10.520     0.925     0.28     0.330   3.263   27  21 -53      4      1     1                               
  628	  183848.7+003408  18:38:48.71 +00:34:08.2     1.501  -1.90e-02   1.3e-02    -0.25  -7.08e-02   1.16e-03 7.7e-04   28  11  57       1.774  -4.76e-02   2.7e-02    -0.03  -1.51e-01  -1.35e-02 7.6e-03   48  19 -26       6.095   2.83e-01   9.0e-02     0.10   4.67e-01   7.55e-01 2.4e-01   38  21 -87      11.490   5.23e-01   1.9e-01     0.17   6.66e-01   1.05e+00 3.7e-01   42  27 -84      17.770   7.32e-01   3.0e-01     0.26  7.79e-01 3.2e-01   36  36 -87      17.760     3.130     0.35     1.538   9.058   38  26 -86      3      0     2                               
  629	  183850.0-005936  18:38:50.09 -00:59:36.3     0.000  -6.54e-02   1.0e-30    -0.95  -3.26e-01  -1.88e-02 2.9e-31   47  11 -44       0.000   2.55e-01   1.0e-01     0.11   1.02e+00   1.93e+00 7.6e-01   40  30  29       7.697   3.81e-01   5.2e-02     0.12   5.78e-01   8.93e-01 1.2e-01   29  23  24       6.663   4.74e-01   1.5e-01     0.18   5.43e-01   7.64e-01 2.4e-01   34  25  41       0.000   4.89e-01   1.3e-01     0.22  4.22e-01 1.1e-01   36  36  50       6.582     1.304     0.27     0.568   4.839   32  24  42      2      0     0     DOBASHI 1319                   no SED fit    
  630	  183852.3-014726  18:38:52.29 -01:47:27.8     0.000   4.91e-02   1.2e-02     0.43   3.40e-01   4.51e-01 1.1e-01   30  22  40       0.000   1.52e-02   5.5e-02     0.01   1.66e-02   2.64e-02 9.5e-02   14  14  54       8.135   3.55e-02   5.0e-02     0.01   3.41e-02   3.01e-02 4.3e-02   18  18 -66       7.342   8.04e-01   1.7e-01     0.31   8.73e-01   9.16e-01 1.9e-01   30  25  57       0.000   7.09e-01   5.9e-02     0.30  4.72e-01 3.9e-02   36  36  24      12.810     3.351     0.62     1.373   5.367   45  18  59      2      1     0     DOBASHI 1267                   no SED fit    
  631	  183852.6-010021  18:38:52.65 -01:00:21.3     0.000   2.57e-02   1.9e-02     0.17   4.15e-01  -6.28e-02 4.6e-02   77  63 -89       8.503   1.56e-01   9.6e-02     0.07   7.49e-01   1.96e+00 1.2e+00   68  31  88      20.410   1.15e+00   6.5e-02     0.38   2.75e+00   7.21e+00 4.1e-01   45  37 -69      29.850   1.80e+00   1.2e-01     0.71   2.78e+00   8.70e+00 5.6e-01   47  41 -43      31.840   1.65e+00   1.2e-01     0.75  4.88e+00 3.5e-01   55  47 -45      58.600     6.893     1.52     4.014   4.520   40  35 -44      4      1     2     DOBASHI 1319                                 
  632	  183855.9-011433  18:38:55.90 -01:14:34.8     0.000   1.14e-02   1.6e-02     0.10   1.44e-01   2.25e-01 3.1e-01   49  42 -51       0.000   1.16e-01   3.8e-02     0.08   4.65e-01   3.91e-01 1.3e-01   46  27 -37       6.085   2.59e-01   1.3e-01     0.13   3.91e-01   6.42e-01 3.1e-01   37  19 -45       7.149   3.13e-01   7.6e-02     0.18   3.75e-01   5.00e-01 1.2e-01   39  25 -44       6.287   2.42e-01   6.0e-02     0.16  2.56e-01 6.3e-02   43  36 -53      12.380     1.084     0.36     0.436   2.982   33  21 -46      3      0     2            						 tentative bound 
  633	  183856.1-013903  18:38:56.13 -01:39:04.5     0.000   3.78e-03   1.4e-02     0.03   4.61e-02   4.78e-01 1.7e+00   63  34 -12      13.110   4.14e-01   3.3e-02     0.26   1.28e+00   2.64e+00 2.1e-01   29  25  35      25.940   1.10e+00   6.9e-02     0.49   2.16e+00   4.15e+00 2.6e-01   36  29  50      28.860   1.30e+00   7.8e-02     0.65   1.66e+00   3.18e+00 1.9e-01   36  30  66      27.140   1.09e+00   7.5e-02     0.63  1.82e+00 1.2e-01   46  36  75      47.780     4.607     1.43     2.467   3.229   39  30  56      4      0     2                             
  634	  183856.8-010851  18:38:56.80 -01:08:52.6     3.148  -3.37e-02   1.1e-02    -0.36  -3.21e-01   6.75e-04 2.1e-04   43  27  -1       0.000   1.95e-01   5.1e-02     0.09   8.84e-01   1.78e+00 4.6e-01   47  34  64       7.711   3.40e-01   7.8e-02     0.13   6.39e-01   1.14e+00 2.6e-01   37  27  81       8.032   3.49e-01   1.3e-01     0.15   4.57e-01   7.74e-01 3.0e-01   38  31  73       8.535   3.00e-01   1.4e-01     0.14  4.17e-01 2.0e-01   43  38 -83      10.410     1.080     0.25     0.571   4.318   40  29 -88      3      0     2                             
  635	  183857.3-000647  18:38:57.33 -00:06:47.2     0.000   1.34e-02   1.7e-02     0.10   1.76e-01   6.49e-01 8.4e-01   49  46  66      10.250   3.12e-01   4.5e-02     0.17   1.02e+00   1.61e+00 2.3e-01   37  23  67      11.070   4.77e-01   5.3e-02     0.19   6.83e-01   1.20e+00 1.3e-01   27  22  74       8.832   3.78e-01   6.0e-02     0.17   4.28e-01   6.13e-01 9.8e-02   33  25  63       7.242   2.34e-01   5.8e-02     0.12  2.44e-01 6.0e-02   42  36  54       8.809     0.787     0.20     0.300   3.853   29  21  85      4      1     1                             
  636	  183857.9-011521  18:38:57.97 -01:15:22.4     0.000   8.43e-05   1.4e-02     0.00   9.18e-05   7.77e-02 1.3e+01    8   8  90       0.000   1.67e-01   3.8e-02     0.11   9.47e-01   2.18e+00 5.0e-01   70  45  82       6.254   3.46e-01   6.7e-02     0.18   7.20e-01   1.85e+00 3.6e-01   49  27  80       6.787   3.77e-01   7.3e-02     0.22   5.17e-01   1.16e+00 2.3e-01   47  30  74       8.551   3.33e-01   6.5e-02     0.22  5.68e-01 1.1e-01   57  36  79       9.526     1.153     0.40     0.640   2.906   46  28  80      3      1     2                             
  637	  183858.5+001718  18:38:58.49 +00:17:18.3     0.000   1.94e-02   1.7e-02     0.17   2.05e-01   2.15e-01 1.9e-01   41  34  50       0.000   1.18e-01   4.3e-02     0.07   3.57e-01   5.20e-01 1.9e-01   30  24  84       0.000   2.38e-01   5.8e-02     0.09   3.54e-01   5.47e-01 1.3e-01   28  23  40       7.349   3.49e-01   9.2e-02     0.14   4.09e-01   5.69e-01 1.5e-01   31  28  12       7.111   3.25e-01   9.2e-02     0.14  4.92e-01 1.4e-01   48  36   0       9.293     1.147     0.21     0.551   5.377   32  29 -32      2      1     0             					   no SED fit    
  638	  183858.9+003309  18:38:58.94 +00:33:09.3   571.300   1.25e+01   2.6e-02    80.27   1.36e+01   1.48e+01 3.1e-02    8   8  72     850.200   3.02e+01   1.1e-01    14.04   3.29e+01   3.02e+01 1.1e-01   14  14 -70     750.100   2.18e+01   2.7e-01     5.06   2.09e+01   2.12e+01 2.6e-01   18  18 -79     403.200   1.38e+01   4.5e-01     3.14   1.37e+01   1.38e+01 4.5e-01   25  25 -51     247.500   7.54e+00   5.8e-01     1.92  7.38e+00 5.7e-01   36  36 -61     434.800    30.010     1.78     9.603  16.870   26  18 -56      5      0     4                              
  639	  183859.8+003515  18:38:59.84 +00:35:14.9     3.281  -3.57e-02   1.1e-02    -0.58  -2.12e-01  -6.86e-03 2.1e-03   42  15  74       0.000   1.04e-01   3.5e-02     0.06   5.03e-01   1.06e+00 3.6e-01   47  39 -19       9.473   4.09e-01   5.9e-02     0.14   6.22e-01   8.34e-01 1.2e-01   41  18  -3      13.290   5.00e-01   1.3e-01     0.17   6.10e-01   7.11e-01 1.8e-01   41  25  -4      12.030   4.07e-01   1.8e-01     0.14  4.26e-01 1.9e-01   49  36  -7      24.590     2.308     0.26     0.969   8.783   45  19  -3      3      1     2                             
  640	  183900.9-013915  18:39:00.98 -01:39:15.2     0.000   4.16e-02   2.2e-02     0.26   3.15e-01   1.18e-01 6.3e-02   31  24 -60       7.524   1.70e-01   5.8e-02     0.11   4.42e-01   6.52e-01 2.2e-01   31  19   7       9.489   3.08e-01   9.7e-02     0.14   4.02e-01   4.70e-01 1.5e-01   29  18  20       0.000   2.72e-01   8.9e-02     0.12   2.95e-01   3.24e-01 1.1e-01   28  26   4       0.000   9.74e-02   6.5e-02     0.05  7.67e-02 5.1e-02   36  36 -41       6.928     0.548     0.16     0.201   3.442   34  18   7      2      0     0            						  no SED fit    
  641	  183901.3+003048  18:39:01.29 +00:30:48.2     0.225  -2.65e-03   1.2e-02    -0.03  -6.14e-03   1.13e-03 5.0e-03   20   8  63       0.000   9.33e-02   3.9e-02     0.05   2.76e-01   4.99e-02 2.1e-02   29  24  87       7.998   2.36e-01   9.8e-02     0.07   2.66e-01   2.79e-01 1.2e-01   22  19 -67       8.191   4.19e-01   1.9e-01     0.12   4.15e-01   3.29e-01 1.5e-01   25  25 -85      11.470   4.11e-01   2.3e-01     0.12  3.18e-01 1.8e-01   36  36  90      32.390     2.706     0.23     0.750  11.570   21  18 -46      3      1     2            						                
  642	  183901.3+003015  18:39:01.39 +00:30:14.5    23.410   5.05e-01   2.4e-02     4.29   5.50e-01   4.60e-01 2.2e-02    8   8  76      29.450   1.10e+00   5.4e-02     0.58   1.19e+00   1.01e+00 5.0e-02   14  14 -32      45.670   1.34e+00   1.5e-01     0.38   1.28e+00   1.22e+00 1.3e-01   18  18  83      36.220   1.11e+00   2.6e-01     0.30   1.20e+00   1.07e+00 2.5e-01   29  25 -84      29.720   9.30e-01   3.4e-01     0.27  8.60e-01 3.1e-01   54  36 -65      73.380     5.348     0.44     1.706  12.160   26  18 -87      5      0     4            						                
  643	  183901.5+001651  18:39:01.56 +00:16:50.8     0.000   1.29e-03   1.4e-02     0.01   2.26e-02   3.09e-01 3.4e+00  110  75 -32       0.000   1.73e-01   5.4e-02     0.10   9.68e-01   2.02e+00 6.4e-01   60  47 -18       7.392   1.81e-01   7.9e-02     0.07   3.55e-01   9.50e-01 4.1e-01   81  21 -28      10.790   6.20e-01   1.2e-01     0.28   1.05e+00   3.25e+00 6.5e-01   62  47  44      11.550   6.02e-01   1.1e-01     0.29  1.36e+00 2.5e-01   53  44  39      18.600     1.998     0.44     1.409   4.582   53  45  40      3      1     2            						                
  644	  183902.5-010250  18:39:02.49 -01:02:51.9     0.000   2.01e-02   1.9e-02     0.13   3.72e-01   1.29e+00 1.2e+00  117 109 -83       0.000   1.44e-01   5.1e-02     0.07   9.80e-01   3.94e+00 1.4e+00  110  70  54       0.000   3.58e-01   3.8e-02     0.12   1.07e+00   4.19e+00 4.5e-01   95  46  54       7.573   5.25e-01   1.1e-01     0.25   9.21e-01   3.70e+00 7.8e-01   70  51  47       8.535   3.56e-01   8.1e-02     0.19  1.35e+00 3.1e-01   82  49  81       8.985     1.283     0.38     0.998   3.394   64  55 -81      2      1     0            						  no SED fit    
  645	  183903.2+002831  18:39:03.23 +00:28:30.6     0.000   3.33e-03   1.5e-02     0.03   4.03e-02  -6.74e-02 3.1e-01   57  35 -84       0.000   1.04e-01   4.2e-02     0.06   4.82e-01   5.24e-01 2.1e-01   44  37  49       7.461   2.85e-01   5.5e-02     0.10   3.83e-01   6.05e-01 1.2e-01   29  19   6       8.735   3.21e-01   1.1e-01     0.12   3.92e-01   5.62e-01 1.9e-01   35  28  11       0.000   1.64e-01   6.2e-02     0.06  1.71e-01 6.5e-02   45  36 -10      11.400     1.002     0.17     0.424   6.007   37  21 -14      2      0     0            						  no SED fit    
  646	  183903.3-010834  18:39:03.38 -01:08:35.7     0.134  -1.55e-03   1.2e-02    -0.01  -2.37e-02   1.08e+00 8.1e+00  130  44 -30       6.163   2.56e-01   5.7e-02     0.14   1.55e+00   5.18e+00 1.1e+00   75  53  66      10.720   5.12e-01   1.0e-01     0.17   1.29e+00   3.96e+00 7.7e-01   56  37   4      11.750   5.57e-01   1.9e-01     0.20   9.25e-01   3.15e+00 1.0e+00   67  42  25      11.250   5.59e-01   2.4e-01     0.22  1.57e+00 6.7e-01   73  44  42      17.810     1.925     0.36     1.377   5.358   60  43  23      4      0     1            						                
  647	  183903.9+002936  18:39:03.93 +00:29:36.3     0.000   3.21e-02   2.0e-02     0.24   4.01e-01  -3.28e-01 2.1e-01   48  42  63       0.000   1.38e-01   4.4e-02     0.07   5.89e-01   7.23e-01 2.3e-01   47  30 -27      21.200   8.19e-01   1.0e-01     0.24   1.11e+00   1.58e+00 1.9e-01   32  18 -14      30.490   1.09e+00   1.7e-01     0.30   1.31e+00   1.59e+00 2.4e-01   39  25 -17      34.020   1.10e+00   2.5e-01     0.33  9.81e-01 2.3e-01   37  36 -31      85.480     6.422     0.58     2.426  11.120   34  19 -17      3      2     2            						                 
  648	  183904.0+001847  18:39:03.99 +00:18:46.7     5.266  -5.06e-02   9.6e-03    -0.97  -1.76e-01  -1.50e-01 2.8e-02   38   9  63       0.000   7.73e-02   3.5e-02     0.05   2.90e-01   5.29e-01 2.4e-01   38  28  82       8.820   3.19e-01   5.4e-02     0.12   3.99e-01   5.00e-01 8.5e-02   27  18 -77      10.540   3.82e-01   7.0e-02     0.16   4.46e-01   5.31e-01 9.7e-02   36  25 -74       7.978   2.29e-01   5.1e-02     0.10  2.29e-01 5.1e-02   50  36 -72      14.450     1.316     0.25     0.429   5.306   27  18 -77      3      0     2            						                
  649	  183904.2-013904  18:39:04.27 -01:39:05.8     6.989  -5.54e-02   7.9e-03    -0.66  -3.84e-01  -6.32e-02 9.0e-03   44  17  54       0.000   2.33e-01   6.6e-02     0.12   9.23e-01   1.45e+00 4.1e-01   41  29 -38      10.530   4.86e-01   1.4e-01     0.20   7.91e-01   1.49e+00 4.2e-01   33  23 -49      13.270   6.31e-01   1.8e-01     0.28   7.83e-01   1.30e+00 3.8e-01   36  28 -52      13.720   5.04e-01   1.4e-01     0.26  6.78e-01 1.9e-01   46  36 -57      21.050     2.010     0.50     0.847   4.042   30  24 -77      3      0     2            						                
  650	  183904.4-004255  18:39:04.45 -00:42:55.1     0.000   8.72e-04   1.3e-02     0.01   2.44e-03   1.51e-01 2.3e+00   26   8  34       0.000   5.82e-02   3.2e-02     0.03   1.56e-01   2.23e-01 1.2e-01   30  20 -45       6.925   2.17e-01   4.8e-02     0.10   2.63e-01   3.82e-01 8.4e-02   24  20  -6       7.172   2.18e-01   6.7e-02     0.11   2.29e-01   2.73e-01 8.4e-02   28  25 -45       0.000   5.58e-02   4.5e-02     0.04  2.92e-02 2.4e-02   36  36 -31       7.682     0.637     0.22     0.206   2.923   23  21  -5      2      0     0            						  no SED fit    
  651	  183905.8+003241  18:39:05.79 +00:32:41.0     0.000   1.99e-02   1.8e-02     0.18   2.58e-01  -1.76e-01 1.6e-01   54  41  28       0.000   5.82e-02   4.8e-02     0.03   3.01e-01   6.44e-01 5.3e-01   51  43  36      20.930   8.53e-01   2.4e-01     0.21   1.30e+00   2.18e+00 6.1e-01   39  19  36      35.160   1.42e+00   3.7e-01     0.31   1.75e+00   2.60e+00 6.8e-01   43  25  29      36.120   1.45e+00   4.6e-01     0.32  1.77e+00 5.6e-01   45  36  39      92.970     7.999     0.48     3.098  16.620   37  19  40      3      0     2            						                
  652	  183907.9-000416  18:39:07.97 -00:04:17.6     1.481  -1.85e-02   1.2e-02    -0.18  -2.86e-01  -4.21e-01 2.8e-01   80  53  -4       0.000   1.28e-01   6.2e-02     0.07   8.19e-01   2.25e+00 1.1e+00   79  63 -20       6.428   3.61e-01   1.0e-01     0.13   7.19e-01   1.61e+00 4.5e-01   61  23  -8      10.560   4.67e-01   8.9e-02     0.19   6.48e-01   1.37e+00 2.6e-01   62  27  -7      10.420   4.84e-01   6.0e-02     0.24  8.77e-01 1.1e-01   60  36 -11      17.490     1.505     0.33     0.787   4.605   60  23  -7      3      1     2            						                
  653	  183908.2-004711  18:39:08.25 -00:47:11.2     0.000   2.24e-02   1.9e-02     0.18   3.45e-01  -2.88e-01 2.5e-01   70  56 -58       7.319   1.90e-01   5.9e-02     0.12   8.75e-01   1.79e+00 5.6e-01   57  31  70      10.630   4.77e-01   1.1e-01     0.21   1.00e+00   2.09e+00 4.7e-01   43  29  73      11.790   4.92e-01   1.3e-01     0.25   6.74e-01   1.35e+00 3.5e-01   40  33  70       9.073   4.10e-01   6.3e-02     0.24  6.14e-01 9.5e-02   42  36  85      14.510     1.456     0.43     0.776   3.383   37  31  73      4      1     1            						tentative bound 
  654	  183908.5+001759  18:39:08.49 +00:17:59.5     6.218  -5.41e-02   8.7e-03    -0.98  -3.07e-01   1.09e-03 1.7e-04   51  13  51       0.000   1.34e-01   3.5e-02     0.08   6.43e-01   7.10e-01 1.9e-01   55  35  13       6.264   3.29e-01   5.7e-02     0.13   5.54e-01   1.08e+00 1.9e-01   38  22  19       8.382   4.29e-01   1.3e-01     0.17   5.81e-01   1.09e+00 3.4e-01   48  29  11       6.315   3.34e-01   8.9e-02     0.15  4.57e-01 1.2e-01   55  36  19      11.130     1.343     0.25     0.720   5.316   47  27  16      4      0     2                             
  655	  183908.6+003040  18:39:08.60 +00:30:40.2     3.097  -3.40e-02   1.1e-02    -0.44  -1.44e-01  -1.09e-01 3.5e-02   73   8 -24       0.000   8.19e-02   3.1e-02     0.04   5.00e-01   1.40e+00 5.4e-01   63  63  40      10.140   4.10e-01   6.7e-02     0.12   7.56e-01   1.53e+00 2.5e-01   43  24 -40      13.100   5.63e-01   1.5e-01     0.15   6.97e-01   1.16e+00 3.1e-01   44  25 -42      15.280   6.52e-01   2.2e-01     0.18  9.36e-01 3.2e-01   48  36 -44      27.950     2.502     0.24     1.167  10.360   44  22 -41      3      0     2                             
  656	  183908.7-010724  18:39:08.74 -01:07:23.9     0.951  -1.04e-02   1.1e-02    -0.11  -1.45e-01   1.76e-02 1.8e-02   90  39  86       0.000   1.46e-01   3.9e-02     0.07   9.58e-01   4.08e+00 1.1e+00   81  70 -85      10.290   5.04e-01   1.4e-01     0.16   8.86e-01   2.18e+00 6.0e-01   63  19 -50      16.540   8.16e-01   1.1e-01     0.27   1.13e+00   2.68e+00 3.6e-01   65  26 -52      16.840   9.01e-01   1.7e-01     0.35  2.22e+00 4.2e-01   70  38 -54      31.170     2.842     0.40     1.342   7.037   65  19 -50      3      0     2     DOBASHI 1312                                
  657	  183909.4+002903  18:39:09.39 +00:29:02.7     0.821  -1.14e-02   1.4e-02    -0.12  -8.18e-02   4.34e-03 5.3e-03   55  16  75       0.000   7.82e-02   4.8e-02     0.04   4.04e-01   1.24e+00 7.6e-01   49  44  15       7.687   3.02e-01   8.2e-02     0.08   5.60e-01   9.73e-01 2.7e-01   45  23 -45      12.950   4.42e-01   1.6e-01     0.11   5.50e-01   7.38e-01 2.7e-01   45  25 -41      15.320   5.07e-01   1.9e-01     0.14  5.06e-01 1.9e-01   45  36 -34      30.740     2.237     0.21     0.957  10.880   37  21 -48      3      0     2                               
  658	  183909.6+001355  18:39:09.65 +00:13:55.3   436.100   9.18e+00   2.4e-02    64.56   9.99e+00   1.07e+01 2.8e-02    8   8  47     374.000   1.34e+01   5.1e-02     7.64   1.46e+01   1.34e+01 5.1e-02   14  14  12     273.600   7.74e+00   1.7e-01     2.63   7.42e+00   8.47e+00 1.8e-01   18  18 -71     138.700   4.62e+00   2.9e-01     1.46   4.59e+00   4.42e+00 2.7e-01   25  25  46      80.500   2.54e+00   1.2e-01     0.90  2.60e+00 1.2e-01   36  36 -74     122.200     8.508     0.95     2.610   8.935   24  18 -83      5      0     4     DOBASHI 1385                                
  659	  183910.7+003253  18:39:10.71 +00:32:53.4     0.000   2.96e-04   1.5e-02     0.00   2.46e-03  -1.21e-02 6.1e-01   91  17  -3      23.130   6.10e-01   7.3e-02     0.33   2.21e+00   4.92e+00 5.9e-01   42  25   4      69.990   2.91e+00   2.5e-01     0.76   5.36e+00   1.00e+01 8.5e-01   40  25  -5      90.930   4.22e+00   4.2e-01     0.90   5.20e+00   8.65e+00 8.7e-01   43  25 -11     108.200   4.46e+00   5.0e-01     1.01  6.20e+00 6.9e-01   50  36  -8     303.100    23.490     1.10    10.520  21.370   44  21 -11      4      0     2                               
  660	  183910.7+001511  18:39:10.77 +00:15:11.2     3.113  -2.75e-02   8.8e-03    -0.37  -4.07e-01   2.02e-02 6.5e-03   61  55  22       0.000   1.20e-01   3.6e-02     0.07   6.65e-01   5.51e-01 1.7e-01   58  47  20      11.780   4.41e-01   1.7e-01     0.17   9.42e-01   1.64e+00 6.3e-01   47  28  42      19.510   7.09e-01   1.8e-01     0.26   9.41e-01   1.44e+00 3.6e-01   45  28  41      19.960   9.03e-01   1.4e-01     0.39  1.34e+00 2.0e-01   50  37 -86      38.900     3.847     0.66     2.050   5.837   36  31  39      3      0     2                               
  661	  183911.8+002509  18:39:11.86 +00:25:09.4     0.000   3.02e-02   2.0e-02     0.24   3.37e-01   3.74e-01 2.4e-01   44  35  36       7.495   2.10e-01   4.1e-02     0.10   6.49e-01   7.89e-01 1.6e-01   39  20 -47      14.440   5.58e-01   4.1e-02     0.15   7.05e-01   9.99e-01 7.3e-02   28  18 -53      20.450   7.79e-01   5.6e-02     0.22   9.09e-01   1.07e+00 7.7e-02   36  25 -63      29.770   1.04e+00   7.6e-02     0.33  9.91e-01 7.2e-02   40  36 -65      28.730     3.155     0.31     1.020  10.020   27  18 -59      4      1     2                               
  662	  183912.2+002941  18:39:12.28 +00:29:40.8     0.000   9.42e-03   1.2e-02     0.10   7.82e-02   3.72e-01 4.9e-01   31  28  44       0.000   1.28e-01   3.4e-02     0.06   4.43e-01   2.55e-01 6.7e-02   34  27 -20      12.540   3.83e-01   6.8e-02     0.11   4.04e-01   4.40e-01 7.8e-02   21  18 -29      13.230   4.27e-01   1.3e-01     0.11   4.43e-01   3.94e-01 1.2e-01   27  25 -53       8.867   3.33e-01   1.8e-01     0.09  3.60e-01 1.9e-01   37  36 -58      33.490     2.709     0.26     0.768  10.330   22  18 -42      3      1     2                               
  663	  183913.3+002719  18:39:13.39 +00:27:19.1     0.000   8.20e-04   1.6e-02     0.01   1.12e-02  -5.02e-01 9.6e+00   97  36 -52       0.000   6.31e-02   3.5e-02     0.03   3.52e-01   1.02e+00 5.8e-01   63  45 -84       7.019   3.50e-01   8.0e-02     0.10   6.67e-01   1.10e+00 2.5e-01   50  23 -73      14.250   6.78e-01   8.6e-02     0.19   8.64e-01   1.39e+00 1.8e-01   49  25 -74      22.100   8.53e-01   8.7e-02     0.26  1.09e+00 1.1e-01   61  36 -80      44.320     3.992     0.37     1.819  10.900   45  21 -85      3      0     2                               
  664	  183913.6+002843  18:39:13.62 +00:28:43.4     0.000   6.07e-03   1.5e-02     0.06   6.33e-02   2.44e-01 6.0e-01   52  28  -3       0.000   1.40e-01   4.9e-02     0.06   6.06e-01   6.89e-01 2.4e-01   44  32  -6      15.510   4.66e-01   6.9e-02     0.12   6.08e-01   7.67e-01 1.1e-01   29  18  11      15.100   5.38e-01   1.3e-01     0.13   5.61e-01   5.95e-01 1.4e-01   28  25   5      16.190   6.24e-01   1.4e-01     0.17  6.50e-01 1.5e-01   39  36  50      40.420     3.246     0.29     1.045  11.140   24  20  54      3      0     0     DOBASHI 1393                  no SED fit    
  665	  183914.2-010853  18:39:14.22 -01:08:53.1     0.000   5.58e-04   1.4e-02     0.01   6.72e-03   1.65e-02 4.1e-01   74  31 -30       9.262   2.99e-01   7.0e-02     0.17   1.75e+00   5.91e+00 1.4e+00   73  49 -13      13.740   7.58e-01   1.2e-01     0.27   2.00e+00   6.09e+00 9.4e-01   62  39 -76      16.930   9.16e-01   2.0e-01     0.36   1.51e+00   4.88e+00 1.1e+00   68  41 -66      16.460   8.03e-01   1.9e-01     0.34  2.31e+00 5.5e-01   76  47 -64      22.140     2.452     0.46     1.707   5.274   70  37 -65      4      3     2     PGCC G030.52+02.20                          
  666	  183915.5+001840  18:39:15.50 +00:18:40.2     0.000   2.70e-02   1.8e-02     0.23   2.91e-01   1.87e-01 1.2e-01   42  34  51       0.000   5.31e-02   3.4e-02     0.03   2.34e-01   3.31e-01 2.1e-01   44  33 -71       6.549   2.33e-01   3.2e-02     0.09   3.00e-01   4.15e-01 5.8e-02   25  20  14       9.837   3.22e-01   1.1e-01     0.13   3.38e-01   4.20e-01 1.5e-01   28  25  43       0.000   1.60e-01   7.6e-02     0.06  1.02e-01 4.9e-02   36  36  14      13.300     1.041     0.18     0.340   5.775   27  18  -5      2      0     0               					  no SED fit      
  667	  183916.6+003144  18:39:16.62 +00:31:43.9     0.000   2.93e-03   1.1e-02     0.04   1.06e-02   6.39e-02 2.5e-01   42   8 -83       0.000   1.04e-02   2.9e-02     0.01   2.86e-02   1.47e-01 4.0e-01   44  16  82      11.630   4.04e-01   8.2e-02     0.11   5.59e-01   5.77e-01 1.2e-01   33  18 -47      15.880   5.19e-01   2.0e-01     0.13   5.94e-01   5.99e-01 2.3e-01   34  25 -45       8.912   5.01e-01   2.7e-01     0.12  6.03e-01 3.3e-01   49  39 -66      33.990     2.679     0.20     0.817  13.590   24  18 -42      3      0     0               					  no SED fit      
  668	  183917.2-010301  18:39:17.21 -01:03:01.1     0.000   5.84e-03   1.5e-02     0.04   6.91e-02   1.85e-01 4.8e-01   48  37 -42       6.016   1.81e-01   5.2e-02     0.10   5.31e-01   5.73e-01 1.7e-01   34  21 -72       7.887   2.83e-01   6.2e-02     0.11   4.22e-01   4.90e-01 1.1e-01   32  21  70       8.488   3.03e-01   1.2e-01     0.14   3.40e-01   4.35e-01 1.7e-01   32  25 -76       0.000   1.19e-01   6.7e-02     0.06  7.06e-02 4.0e-02   36  36 -16       7.734     0.733     0.22     0.321   3.403   29  26  72      3      0     1               					                  
  669	  183917.5+002203  18:39:17.49 +00:22:02.8     0.000   1.17e-02   1.7e-02     0.11   1.93e-01  -8.66e-02 1.3e-01   81  68 -34       0.000   6.18e-02   3.4e-02     0.03   3.86e-01   7.57e-01 4.1e-01   80  57  33       6.641   2.52e-01   5.2e-02     0.07   5.57e-01   1.52e+00 3.1e-01   58  28 -62      20.170   8.08e-01   9.1e-02     0.21   1.08e+00   2.21e+00 2.5e-01   65  25 -65      27.500   1.56e+00   9.4e-02     0.45  2.59e+00 1.6e-01   66  36 -69      56.530     5.226     0.41     2.311  12.870   59  18 -69      3      1     0               					  no SED fit      
  670	  183918.5+002118  18:39:18.56 +00:21:17.6     0.000   1.27e-03   1.4e-02     0.01   9.28e-03  -1.93e-01 2.2e+00   60  16 -61       0.000   5.38e-02   3.1e-02     0.03   2.67e-01   3.08e-02 1.8e-02   52  39 -83       6.506   2.21e-01   4.6e-02     0.06   3.81e-01   5.75e-01 1.2e-01   36  24 -53      11.290   3.50e-01   1.1e-01     0.09   4.49e-01   6.85e-01 2.1e-01   39  28 -41      22.620   6.01e-01   1.2e-01     0.17  6.18e-01 1.2e-01   36  36 -44      31.570     3.069     0.28     1.508  10.930   37  27 -28      3      0     2     PGCC G031.86+02.85                          
  671	  183918.6-005932  18:39:18.62 -00:59:33.6     0.000   1.69e-02   1.6e-02     0.12   2.26e-01   2.29e-01 2.2e-01   49  48  -6      10.010   3.26e-01   4.6e-02     0.19   9.43e-01   1.37e+00 1.9e-01   39  19  -2       9.910   3.42e-01   6.9e-02     0.15   4.87e-01   7.93e-01 1.6e-01   32  19  -2       8.139   3.08e-01   8.7e-02     0.16   3.65e-01   5.38e-01 1.5e-01   38  25 -10       0.000   1.71e-01   6.6e-02     0.09  1.71e-01 6.6e-02   42  36  -3       7.475     0.628     0.20     0.273   3.079   36  22   3      3      0     1                               
  672	  183918.9+003115  18:39:18.98 +00:31:14.6     0.000   1.50e-02   1.8e-02     0.16   8.29e-02  -7.00e-02 8.3e-02   27  18 -59       0.000   1.44e-01   3.9e-02     0.07   2.44e-01   1.73e-01 4.7e-02   24  14 -20      11.820   2.35e-01   8.5e-02     0.06   2.25e-01   9.62e-02 3.5e-02   18  18  15       9.648   2.52e-01   2.3e-01     0.06   2.50e-01   2.81e-01 2.6e-01   25  25  36       0.000   4.44e-02   3.2e-01     0.01  8.26e-03 5.9e-02   36  36 -35      15.650     0.914     0.06     0.230  15.500   18  18  27      2      0     0               					  no SED fit      
  673	  183919.6-004912  18:39:19.61 -00:49:12.0     0.000   9.04e-03   1.5e-02     0.09   1.26e-01   4.45e-01 7.4e-01   58  48   5       0.000   1.70e-01   4.7e-02     0.10   8.24e-01   1.36e+00 3.7e-01   46  40 -82       6.436   2.80e-01   5.0e-02     0.13   4.31e-01   7.61e-01 1.4e-01   29  24  36       6.540   2.75e-01   4.6e-02     0.15   3.48e-01   5.91e-01 9.9e-02   35  30 -41       0.000   2.18e-01   5.7e-02     0.12  2.63e-01 6.9e-02   42  36 -68       7.787     0.720     0.24     0.341   3.043   34  27 -27      2      0     0               					  no SED fit      
  674	  183919.8-000015  18:39:19.86 -00:00:16.8     0.000   2.92e-03   1.3e-02     0.02   3.84e-02   5.25e-01 2.4e+00   50  46  29       8.271   3.06e-01   1.4e-01     0.16   1.10e+00   1.94e+00 9.0e-01   36  27  47       8.894   4.00e-01   2.3e-01     0.14   8.63e-01   1.60e+00 9.3e-01   41  32  78       8.751   4.67e-01   2.2e-01     0.19   6.49e-01   1.12e+00 5.2e-01   39  35  49       8.395   3.56e-01   1.7e-01     0.16  4.42e-01 2.1e-01   41  36  28       7.978     1.003     0.22     0.524   4.504   37  30  46      4      0     1               					                  
  675	  183919.9-010208  18:39:19.94 -01:02:07.9     0.000   2.84e-02   1.8e-02     0.17   5.08e-01   1.76e+00 1.1e+00  101  91 -54      16.020   3.31e-01   5.8e-02     0.15   1.62e+00   6.16e+00 1.1e+00   93  30 -48      12.620   7.87e-01   5.1e-02     0.31   2.19e+00   8.39e+00 5.5e-01   74  41 -35      10.350   6.28e-01   1.1e-01     0.29   1.06e+00   3.76e+00 6.6e-01   74  42 -33       9.654   4.17e-01   7.1e-02     0.21  1.16e+00 2.0e-01   82  39 -39       7.223     0.909     0.26     0.655   3.484   72  40 -29      4      0     2     IRAS 18367-0104                             
  676	  183919.9+003200  18:39:19.97 +00:32:00.1     6.000  -4.89e-02   8.1e-03    -1.62  -1.91e-01  -2.39e-02 4.0e-03   47   9   8       1.613  -3.40e-02   2.1e-02    -0.02  -1.04e-01  -1.61e-01 1.0e-01   34  22  79       6.909   2.50e-01   7.5e-02     0.07   3.56e-01   4.37e-01 1.3e-01   35  18 -47      19.480   6.29e-01   2.9e-01     0.15   6.74e-01   8.03e-01 3.7e-01   29  25 -38      22.450   9.11e-01   3.7e-01     0.23  1.03e+00 4.1e-01   36  36 -37      52.520     4.102     0.28     1.459  14.460   26  21 -27      3      1     0               					  no SED fit    
  677	  183920.7-013234  18:39:20.70 -01:32:34.0     0.000   7.59e-03   1.6e-02     0.06   1.27e-01  -2.15e-01 4.4e-01   83  72  84       0.000   9.68e-02   4.3e-02     0.05   6.06e-01   8.93e-01 4.0e-01   76  59   7       0.000   2.92e-01   7.2e-02     0.11   7.40e-01   1.86e+00 4.6e-01   50  40  12       7.333   3.39e-01   1.3e-01     0.16   5.50e-01   1.43e+00 5.6e-01   54  44   4       6.808   2.59e-01   1.0e-01     0.14  4.97e-01 2.0e-01   53  43   5       9.867     0.523     0.12     0.334   4.330   73  30   6      2      2     0               					  no SED fit    
  678	  183920.8+001732  18:39:20.82 +00:17:31.7     0.000   2.85e-02   2.1e-02     0.22   4.06e-01  -3.62e-02 2.7e-02   59  50 -82       0.000   1.37e-01   3.1e-02     0.07   6.84e-01   1.32e+00 3.0e-01   54  38 -86       6.164   2.62e-01   4.0e-02     0.09   3.89e-01   7.02e-01 1.1e-01   35  19 -75       8.290   2.96e-01   1.1e-01     0.11   3.51e-01   5.38e-01 1.9e-01   38  25 -68       6.999   2.50e-01   1.0e-01     0.10  3.03e-01 1.2e-01   44  36 -61      11.140     0.988     0.16     0.445   6.112   34  25 -14      3      0     2               					                
  679	  183921.0+002027  18:39:21.05 +00:20:27.1     0.000   3.77e-02   2.2e-02     0.27   4.15e-01  -2.94e-01 1.7e-01   42  36  44       0.000   9.57e-02   3.8e-02     0.05   3.67e-01   4.78e-01 1.9e-01   36  30 -18       8.609   2.85e-01   7.2e-02     0.08   3.96e-01   5.13e-01 1.3e-01   33  18 -15      17.270   4.21e-01   1.6e-01     0.11   4.41e-01   3.74e-01 1.4e-01   28  25  -8       7.763   3.40e-01   1.3e-01     0.10  4.71e-01 1.8e-01   48  36 -22      26.550     1.791     0.16     0.619  11.210   30  18 -17      3      2     0     PGCC G031.86+02.85            no SED fit    
  680	  183921.2+001443  18:39:21.20 +00:14:43.0     0.118  -1.31e-03   1.1e-02    -0.02  -1.05e-02   1.96e-01 1.7e+00   65  18   3       0.000   1.83e-01   4.2e-02     0.11   6.95e-01   7.45e-01 1.7e-01   47  25  45      10.060   4.85e-01   5.7e-02     0.19   7.25e-01   1.13e+00 1.3e-01   39  18  61      16.250   8.39e-01   1.3e-01     0.33   1.02e+00   1.60e+00 2.4e-01   41  25  59      17.760   8.18e-01   7.6e-02     0.36  9.26e-01 8.6e-02   47  36  62      34.890     3.389     0.53     1.479   6.423   45  20  60      3      0     2     2MASS J18392260+0014385                     
  681	  183921.8-000221  18:39:21.80 -00:02:21.1     0.000   5.71e-02   2.2e-02     0.31   6.49e-01  -1.03e-01 4.0e-02   46  35 -44       9.472   1.36e-01   7.8e-02     0.06   4.19e-01   7.29e-01 4.2e-01   44  19  70      10.570   4.47e-01   1.5e-01     0.15   6.23e-01   8.83e-01 3.0e-01   33  18  73       9.727   4.62e-01   1.5e-01     0.17   5.54e-01   6.29e-01 2.0e-01   39  25  66       6.946   2.40e-01   1.2e-01     0.10  2.28e-01 1.1e-01   50  36  62      10.440     0.999     0.19     0.399   5.127   41  18  69      4      0     1                             
  682	  183922.1+000030  18:39:22.10 +00:00:30.3     1.979  -2.41e-02   1.2e-02    -0.25  -3.73e-01  -3.22e-02 1.6e-02   74  56 -67      10.900   3.38e-01   1.3e-01     0.18   1.48e+00   3.64e+00 1.4e+00   59  28  16      14.090   7.25e-01   2.1e-01     0.27   1.59e+00   3.65e+00 1.0e+00   53  28  18      15.560   7.58e-01   2.1e-01     0.31   1.08e+00   2.34e+00 6.4e-01   52  31  24      15.570   6.69e-01   2.2e-01     0.31  1.10e+00 3.6e-01   49  36  39      18.710     2.048     0.46     1.211   4.489   50  31  32      4      0     1             					tentative bound 
  683	  183923.5+001926  18:39:23.50 +00:19:26.0     0.000   2.50e-03   1.3e-02     0.03   3.34e-02   3.01e-02 1.6e-01   64  40 -49       2.982  -6.09e-02   2.0e-02    -0.03  -1.63e-01  -3.48e-02 1.2e-02   50  15 -90       9.370   3.73e-01   6.4e-02     0.11   6.94e-01   1.17e+00 2.0e-01   47  23 -18      29.150   1.28e+00   1.4e-01     0.37   1.56e+00   2.48e+00 2.7e-01   41  25 -25      39.610   1.75e+00   1.3e-01     0.56  2.30e+00 1.8e-01   46  36 -38      89.950     8.542     0.90     4.221   9.459   38  26 -31      3      0     2                             
  684	  183923.5+001646  18:39:23.50 +00:16:45.7     0.000   8.07e-03   1.6e-02     0.08   9.27e-02  -5.86e-02 1.1e-01   46  36 -78       0.000   8.38e-02   3.8e-02     0.05   3.81e-01   6.93e-01 3.2e-01   47  34  32       9.061   2.87e-01   5.3e-02     0.10   4.23e-01   5.98e-01 1.1e-01   33  20 -25      11.770   3.80e-01   9.2e-02     0.14   4.12e-01   5.55e-01 1.3e-01   28  26 -17       0.000   1.66e-01   8.8e-02     0.06  1.27e-01 6.7e-02   36  36  71      15.320     1.060     0.17     0.414   6.339   26  24  75      2      0     0     DOBASHI 1389                  no SED fit    
  685	  183924.7+002229  18:39:24.69 +00:22:28.6     0.301  -3.93e-03   1.3e-02    -0.05  -4.28e-03   1.52e-02 5.1e-02    8   8  90       0.000   1.42e-01   3.7e-02     0.08   5.01e-01   5.30e-01 1.4e-01   36  27  -8       9.840   3.65e-01   4.9e-02     0.14   5.06e-01   7.00e-01 9.3e-02   33  18 -40      13.670   5.68e-01   1.4e-01     0.22   6.55e-01   8.23e-01 2.0e-01   35  25 -42       8.077   3.50e-01   9.2e-02     0.15  4.08e-01 1.1e-01   41  36 -69      21.830     1.760     0.29     0.687   5.996   35  20 -49      3      0     2                              
  686	  183926.1+001819  18:39:26.11 +00:18:18.8     0.000   1.78e-03   1.4e-02     0.02   6.90e-03  -3.47e-02 2.7e-01   44   9 -69       0.000   1.14e-01   3.1e-02     0.06   4.34e-01   2.48e-01 6.7e-02   36  30  75      17.870   6.09e-01   5.2e-02     0.20   8.48e-01   8.57e-01 7.3e-02   33  18 -69      27.690   8.81e-01   1.5e-01     0.27   1.06e+00   9.21e-01 1.5e-01   40  25 -69      28.030   9.18e-01   1.1e-01     0.32  9.68e-01 1.1e-01   49  36 -68      68.050     5.618     0.63     2.147   8.886   37  18 -64      3      0     0               no SED fit     
  687	  183926.5+003322  18:39:26.57 +00:33:21.6     2.242  -2.23e-02   9.9e-03    -0.43  -2.05e-01   1.38e-02 6.1e-03   49  24 -39       0.000   9.93e-02   4.7e-02     0.06   5.33e-01   1.25e+00 5.9e-01   53  46 -72      19.770   8.18e-01   5.2e-02     0.25   1.54e+00   2.63e+00 1.7e-01   35  28  45      38.300   1.79e+00   1.1e-01     0.54   2.04e+00   3.20e+00 2.0e-01   34  25  33      55.080   1.95e+00   1.5e-01     0.59  2.06e+00 1.5e-01   36  36  44     141.400    12.170     1.08     4.765  11.290   31  21  35      3      0     2                              
  688	  183926.7+003255  18:39:26.78 +00:32:55.0     0.000   1.63e-02   1.7e-02     0.20   8.06e-02  -6.22e-03 6.5e-03   28  15  79       0.000   3.44e-03   3.2e-02     0.00   7.68e-03   8.35e-03 7.8e-02   26  18  -3      12.080   4.41e-01   5.8e-02     0.13   4.27e-01   5.29e-01 7.0e-02   18  18  52      18.450   8.08e-01   1.4e-01     0.22   8.66e-01   1.03e+00 1.7e-01   29  25  26      18.320   9.48e-01   1.6e-01     0.28  1.08e+00 1.8e-01   36  36  52      40.110     4.825     0.37     1.429  12.880   23  19  17      3      2     0               no SED fit     
  689	  183927.1-000101  18:39:27.11 -00:01:00.9     0.000   1.39e-02   1.6e-02     0.11   2.40e-01   1.14e+00 1.3e+00   86  84 -87       7.911   9.60e-02   8.3e-02     0.04   3.98e-01   3.28e-01 2.9e-01   90  23 -88       8.345   4.34e-01   1.5e-01     0.12   1.22e+00   4.27e+00 1.5e+00   80  41  43       9.651   5.74e-01   1.2e-01     0.17   1.01e+00   3.72e+00 7.6e-01   81  49  43      11.320   5.45e-01   7.7e-02     0.18  1.77e+00 2.5e-01   83  49  46      10.650     1.452     0.20     0.965   7.260   81  32  44      4      3     2     IRAS 18368-0003                             
  690	  183927.3+001724  18:39:27.39 +00:17:23.6     0.363  -4.75e-03   1.3e-02    -0.06  -2.24e-02  -9.57e-02 2.6e-01   46  11 -86       9.897   2.99e-01   4.1e-02     0.16   7.66e-01   1.02e+00 1.4e-01   26  21 -51      23.750   8.55e-01   5.9e-02     0.26   1.12e+00   1.44e+00 9.9e-02   30  18 -60      29.530   9.10e-01   1.0e-01     0.27   1.06e+00   1.07e+00 1.2e-01   36  25 -61      21.690   6.23e-01   9.3e-02     0.21  5.16e-01 7.7e-02   36  36 -53      42.290     3.156     0.33     1.220   9.682   38  18 -67      4      1     2     DOBASHI 1389                tentative bound 
  691	  183927.4+000343  18:39:27.40 +00:03:43.2     0.000   4.83e-03   1.5e-02     0.05   4.48e-02   1.23e-01 3.8e-01   44  26  61       0.000   1.40e-01   4.1e-02     0.09   6.07e-01   9.64e-01 2.8e-01   39  36  21       9.031   4.06e-01   2.5e-02     0.18   6.81e-01   1.01e+00 6.2e-02   39  22 -76      10.180   4.46e-01   3.6e-02     0.22   5.15e-01   6.90e-01 5.6e-02   35  25 -88       9.150   3.58e-01   4.7e-02     0.21  4.18e-01 5.5e-02   40  36 -75      15.910     1.313     0.34     0.510   3.818   35  19  88      3      1     2                              
  692	  183928.0+003654  18:39:28.05 +00:36:53.7     0.000   7.58e-04   1.4e-02     0.01   6.76e-03   1.13e-01 2.1e+00   49  23   3       0.000   2.15e-01   3.8e-02     0.14   7.22e-01   8.51e-01 1.5e-01   35  25  62       9.790   5.35e-01   1.0e-01     0.23   8.06e-01   1.14e+00 2.1e-01   40  18  62      14.980   7.34e-01   2.0e-01     0.32   8.88e-01   1.22e+00 3.3e-01   40  25  67      13.490   4.99e-01   1.5e-01     0.23  5.81e-01 1.7e-01   52  36  69      26.360     2.545     0.45     1.058   5.680   41  19  68      3      1     2                              
  693	  183928.2+000633  18:39:28.21 +00:06:33.1     0.000   6.49e-02   2.2e-02     0.52   8.00e-01   3.70e-01 1.3e-01   46  42  66       0.000   8.62e-02   4.0e-02     0.06   3.33e-01   5.37e-01 2.5e-01   35  32  -5       6.049   2.34e-01   4.7e-02     0.12   4.18e-01   6.18e-01 1.3e-01   43  22 -45       6.940   3.27e-01   6.4e-02     0.19   3.77e-01   5.21e-01 1.0e-01   35  25 -57       6.311   3.10e-01   5.6e-02     0.21  4.41e-01 8.0e-02   47  38 -58      11.430     0.964     0.30     0.394   3.179   31  22 -72      3      3     2                              
  694	  183928.3-010630  18:39:28.35 -01:06:30.3     0.000   1.15e-02   1.7e-02     0.09   1.53e-01  -1.84e-01 2.6e-01   50  47  53       0.000   1.22e-01   4.7e-02     0.06   4.32e-01   8.80e-01 3.4e-01   33  28  45      11.920   6.79e-01   4.3e-02     0.27   1.37e+00   2.62e+00 1.7e-01   40  28  77      14.090   8.08e-01   9.0e-02     0.36   1.02e+00   1.68e+00 1.9e-01   38  28  78      11.340   7.27e-01   8.7e-02     0.37  1.04e+00 1.2e-01   40  38  57      18.420     2.287     0.58     1.155   3.923   38  27  79      3      0     2                              
  695	  183928.6-010820  18:39:28.68 -01:08:20.4     2.847  -3.08e-02   1.1e-02    -0.31  -1.13e-01   3.99e-02 1.4e-02   35   9  -7       6.100   1.64e-01   3.5e-02     0.10   5.06e-01   5.48e-01 1.2e-01   29  25   2       8.292   2.60e-01   4.7e-02     0.11   2.80e-01   3.31e-01 6.0e-02   21  18  76       7.395   1.98e-01   9.7e-02     0.09   2.56e-01   2.41e-01 1.2e-01   36  31  52       0.000   2.33e-02   5.7e-02     0.01  2.12e-02 5.1e-02   36  36  36       8.397     0.609     0.17     0.195   3.666   23  20  12      3      0     1                              
  696	  183929.3+000503  18:39:29.38 +00:05:03.4     0.000   1.19e-02   1.9e-02     0.13   1.36e-01  -1.76e-01 2.8e-01   47  35  12       0.000   8.56e-02   3.5e-02     0.06   1.55e-01   3.06e-01 1.2e-01   20  17  14       6.470   2.97e-01   4.9e-02     0.16   4.16e-01   6.57e-01 1.1e-01   26  22  -1       8.942   3.32e-01   6.4e-02     0.19   3.44e-01   4.74e-01 9.2e-02   27  25  76       9.970   3.27e-01   5.7e-02     0.21  3.82e-01 6.7e-02   38  36 -73      12.540     1.110     0.35     0.393   3.206   24  22 -86      3      0     2                              
  697	  183929.7+011034  18:39:29.74 +01:10:33.8    36.390   6.51e-01   2.5e-02     6.29   8.50e-01   9.33e-01 3.6e-02   10   8 -58      44.980   1.52e+00   3.2e-02     1.21   1.66e+00   1.68e+00 3.6e-02   14  14  29      24.790   7.25e-01   3.8e-02     0.45   6.96e-01   6.65e-01 3.5e-02   18  18 -44       8.920   2.78e-01   4.6e-02     0.19   2.76e-01   2.64e-01 4.4e-02   25  25 -31       0.000   3.78e-02   3.6e-02     0.03  6.89e-03 6.6e-03   36  36 -62       0.000     0.077     0.03     0.021   2.523   20  18  62      4      1     1     IRAS 18369+0107                             
  698	  183930.3-000007  18:39:30.29 -00:00:08.8     0.000   1.98e-02   1.5e-02     0.18   2.53e-01   4.70e-01 3.6e-01   47  45  16      10.250   3.83e-01   1.4e-01     0.20   8.59e-01   1.40e+00 5.0e-01   31  16  53      22.850   9.07e-01   2.5e-01     0.31   1.33e+00   2.13e+00 6.0e-01   38  18  60      19.300   8.81e-01   2.2e-01     0.32   1.07e+00   1.50e+00 3.8e-01   41  25  57      15.740   5.79e-01   2.1e-01     0.23  6.34e-01 2.3e-01   46  36  65      29.380     2.759     0.49     1.087   5.582   40  18  62      4      1     2                              
  699	  183930.5+000300  18:39:30.50 +00:02:59.6     0.268  -3.32e-03   1.2e-02    -0.04  -3.33e-02   1.88e-01 7.0e-01   54  26 -90       0.000   1.12e-01   3.6e-02     0.07   6.23e-01   1.13e+00 3.6e-01   57  48 -72       7.456   3.90e-01   3.4e-02     0.18   8.91e-01   1.57e+00 1.4e-01   41  36 -78       8.814   3.96e-01   6.2e-02     0.19   5.03e-01   8.34e-01 1.3e-01   45  26 -34       8.792   3.41e-01   6.5e-02     0.19  4.52e-01 8.6e-02   41  36 -53      14.740     1.132     0.27     0.533   4.252   50  21 -34      3      0     2                              
  700	  183931.0-000115  18:39:31.00 -00:01:14.9     0.000   2.72e-02   2.1e-02     0.18   3.01e-01   1.11e-01 8.4e-02   41  37  53       7.298   1.70e-01   1.2e-01     0.08   4.59e-01   6.32e-01 4.4e-01   36  18  16       8.001   4.06e-01   2.4e-01     0.13   5.48e-01   7.60e-01 4.5e-01   31  18  21       7.199   3.40e-01   1.9e-01     0.12   4.10e-01   4.68e-01 2.7e-01   40  25  19       6.072   1.99e-01   1.2e-01     0.08  2.33e-01 1.5e-01   53  36  -4       7.826     0.801     0.14     0.273   5.615   29  18  36      4      1     3                              
  701	  183932.9+003919  18:39:32.90 +00:39:18.5     0.000   7.39e-03   1.5e-02     0.09   7.39e-02  -8.05e-02 1.6e-01   39  31 -14       0.000   1.41e-01   5.3e-02     0.09   5.56e-01   7.25e-01 2.7e-01   36  32 -39      13.980   4.08e-01   9.6e-02     0.17   5.70e-01   6.89e-01 1.6e-01   34  18 -31      13.570   5.22e-01   1.7e-01     0.22   5.76e-01   6.46e-01 2.1e-01   31  25 -30      13.870   3.02e-01   1.5e-01     0.14  2.39e-01 1.2e-01   38  36 -36      22.120     1.750     0.32     0.551   5.549   25  18 -30      3      1     2                              
  702	  183935.4+000220  18:39:35.48 +00:02:19.6     1.703  -2.09e-02   1.2e-02    -0.30  -7.96e-02   1.22e-03 7.2e-04   33  10  63       0.000   1.04e-01   3.7e-02     0.06   3.15e-01   1.08e-01 3.8e-02   38  20  66       9.711   3.65e-01   5.9e-02     0.16   4.86e-01   6.73e-01 1.1e-01   30  18  46       9.288   2.98e-01   9.4e-02     0.13   3.61e-01   4.25e-01 1.3e-01   41  25  44       7.232   2.06e-01   8.7e-02     0.10  1.89e-01 8.0e-02   49  36  48      15.230     1.149     0.25     0.418   4.573   32  19  43      3      0     2     LDN 587                                     
  703	  183937.4+001024  18:39:37.40 +00:10:24.2     0.000   1.13e-02   1.5e-02     0.14   1.66e-01  -2.80e-01 3.8e-01   63  52  86       0.000   2.21e-01   4.5e-02     0.15   9.36e-01   1.45e+00 3.0e-01   44  31  26       7.595   3.56e-01   7.3e-02     0.20   7.63e-01   1.64e+00 3.4e-01   39  33  20       7.542   2.96e-01   6.6e-02     0.18   4.15e-01   8.26e-01 1.8e-01   40  35  -8       7.114   2.38e-01   6.9e-02     0.16  3.14e-01 9.1e-02   41  36 -17       9.385     0.737     0.23     0.409   3.219   36  35  10      3      1     2                             
  704	  183937.5-000145  18:39:37.57 -00:01:45.0     0.000   1.31e-02   1.7e-02     0.10   1.26e-01   1.26e-01 1.7e-01   43  27  54       0.000   1.03e-01   6.2e-02     0.05   3.64e-01   3.16e-01 1.9e-01   34  28 -53       7.413   2.11e-01   9.2e-02     0.08   3.35e-01   4.65e-01 2.0e-01   38  20 -44       6.828   2.61e-01   9.5e-02     0.10   3.05e-01   3.13e-01 1.1e-01   36  25 -45       0.000   1.56e-01   6.5e-02     0.06  8.81e-02 3.7e-02   36  36 -52      12.660     0.920     0.20     0.335   4.706   32  19 -48      2      0     0             					  no SED fit    
  705	  183939.7+003734  18:39:39.74 +00:37:34.4     0.000   6.97e-03   1.4e-02     0.09   6.70e-02   1.67e-01 3.4e-01   43  27   8       0.000   1.37e-01   4.1e-02     0.09   5.34e-01   6.74e-01 2.0e-01   38  30   9       6.855   2.17e-01   3.5e-02     0.11   2.90e-01   4.00e-01 6.5e-02   27  20  56       6.172   2.48e-01   5.4e-02     0.12   2.62e-01   2.67e-01 5.9e-02   28  25  48       7.562   2.09e-01   7.4e-02     0.12  1.98e-01 7.1e-02   36  36   5      12.100     0.863     0.21     0.306   4.114   29  20  62      3      2     3             					tentative bound 
  706	  183939.7-005913  18:39:39.76 -00:59:14.9     0.000   1.70e-02   2.0e-02     0.11   2.94e-01   1.22e+00 1.4e+00   87  82 -49      13.420   4.52e-01   6.9e-02     0.23   2.56e+00   8.32e+00 1.3e+00   76  43  44      15.560   6.95e-01   1.0e-01     0.25   1.98e+00   6.25e+00 9.2e-01   75  43  45      14.570   6.27e-01   1.0e-01     0.25   1.05e+00   3.14e+00 5.0e-01   74  42  49      14.000   6.22e-01   1.3e-01     0.29  1.44e+00 3.0e-01   66  42  48      15.450     1.496     0.37     1.164   4.047   73  50  52      4      2     1             					                
  707	  183940.0-000333  18:39:40.07 -00:03:33.2     0.000   4.62e-02   2.1e-02     0.29   4.70e-01   1.39e-01 6.3e-02   40  32 -25       0.000   1.12e-01   6.1e-02     0.05   3.94e-01   2.90e-01 1.6e-01   42  24  79       6.278   2.31e-01   7.2e-02     0.08   3.39e-01   5.35e-01 1.7e-01   37  18  87       7.978   3.07e-01   8.7e-02     0.12   3.65e-01   4.92e-01 1.4e-01   38  25  80       7.264   2.52e-01   7.1e-02     0.11  3.06e-01 8.6e-02   49  36  76       9.673     0.793     0.16     0.301   5.113   35  19  88      3      1     2             					                
  708	  183941.5-000008  18:39:41.52 -00:00:08.4     0.000   3.27e-02   1.9e-02     0.27   3.38e-01  -5.43e-02 3.1e-02   37  35   4       0.000   4.54e-02   3.6e-02     0.02   2.08e-01   5.93e-01 4.7e-01   45  36 -81       6.460   2.02e-01   6.2e-02     0.07   2.74e-01   3.88e-01 1.2e-01   30  19  67       6.878   2.06e-01   7.0e-02     0.08   2.29e-01   2.78e-01 9.5e-02   32  25  70       0.000   1.08e-01   4.9e-02     0.04  6.54e-02 3.0e-02   36  36  65       8.071     0.622     0.12     0.219   5.005   29  19  71      2      1     0             					  no SED fit    
  709	  183942.8+002107  18:39:42.83 +00:21:07.1     0.000  -6.58e-02   1.0e-30    -2.27  -1.01e+00   1.35e-01 2.1e-30   67  58  51       0.000   5.69e-02   4.7e-02     0.03   3.57e-01   1.04e+00 8.7e-01   69  65  56       7.491   3.13e-01   6.7e-02     0.12   6.10e-01   1.37e+00 2.9e-01   60  22 -76      11.020   4.24e-01   6.5e-02     0.17   5.90e-01   1.29e+00 2.0e-01   58  28 -83      12.020   5.05e-01   6.8e-02     0.23  9.49e-01 1.3e-01   58  36 -86      21.970     2.123     0.41     1.216   5.117   56  27 -79      3      0     2             					                
  710	  183943.5-010607  18:39:43.49 -01:06:07.2     3.225  -3.50e-02   1.1e-02    -0.33  -3.79e-01  -5.43e-01 1.7e-01   58  28  35       6.995   1.85e-01   4.1e-02     0.10   8.64e-01   1.82e+00 4.0e-01   50  34  68       8.882   2.32e-01   4.9e-02     0.08   4.98e-01   8.49e-01 1.8e-01   59  26  14       9.321   3.34e-01   9.9e-02     0.14   4.51e-01   7.87e-01 2.3e-01   51  28  15       8.679   3.07e-01   1.2e-01     0.15  4.91e-01 1.8e-01   50  38  30      12.610     0.701     0.16     0.425   4.412   59  30  12      4      1     1             					                
  711	  183943.9+002449  18:39:43.89 +00:24:48.6     0.000   3.88e-02   2.2e-02     0.29   6.22e-01   7.82e-01 4.4e-01   69  67 -74       6.145   1.55e-01   4.9e-02     0.09   9.09e-01   2.86e+00 9.1e-01   68  50 -32       6.888   3.28e-01   7.6e-02     0.12   6.24e-01   1.37e+00 3.2e-01   45  24 -80       6.564   3.54e-01   7.2e-02     0.14   5.45e-01   1.35e+00 2.7e-01   49  39 -71       6.049   3.09e-01   6.8e-02     0.14  5.52e-01 1.2e-01   49  37 -66       8.233     0.787     0.15     0.360   5.095   49  20 -82      4      2     1             					                
  712	  183944.9-000200  18:39:44.95 -00:01:59.9     0.000   8.72e-03   1.6e-02     0.07   9.75e-02   3.33e-02 6.1e-02   43  36 -15       0.000   7.98e-02   7.1e-02     0.04   1.79e-01   1.99e-01 1.8e-01   32  15  72       6.988   2.71e-01   7.9e-02     0.10   3.38e-01   4.38e-01 1.3e-01   27  18  66       7.769   2.47e-01   9.7e-02     0.10   2.81e-01   3.12e-01 1.2e-01   34  25  61       0.000   6.12e-02   9.2e-02     0.03  4.46e-02 6.7e-02   36  36  53       6.998     0.590     0.12     0.210   4.960   32  18  60      2      1     0             					  no SED fit    
  713	  183946.0+000257  18:39:46.05 +00:02:57.4     0.000   3.35e-02   1.9e-02     0.29   6.04e-01  -1.56e-03 9.0e-04  108  91 -59       0.000   2.42e-01   3.4e-02     0.13   1.57e+00   6.00e+00 8.4e-01   83  66  43       7.848   2.55e-01   7.0e-02     0.09   5.69e-01   2.03e+00 5.5e-01   89  25  58       8.500   3.12e-01   9.1e-02     0.12   4.55e-01   1.39e+00 4.1e-01   87  28  59      10.560   4.14e-01   7.6e-02     0.18  1.17e+00 2.1e-01   84  38  67      13.350     1.117     0.20     0.749   5.687   81  33  81      3      1     2     PGCC G031.65+02.61                                
  714	  183946.8+001454  18:39:46.89 +00:14:53.7     0.000   2.89e-04   1.4e-02     0.00   3.15e-04   2.76e-01 1.3e+01    8   8  90       0.000   4.42e-02   3.3e-02     0.03   2.88e-01   1.25e+00 9.2e-01   76  73  38       0.000   2.13e-01   4.0e-02     0.09   4.64e-01   1.09e+00 2.1e-01   39  34  18       8.702   3.18e-01   6.5e-02     0.16   4.36e-01   9.43e-01 1.9e-01   38  35  14       6.771   2.83e-01   6.4e-02     0.16  4.35e-01 9.8e-02   43  36  70      11.700     1.063     0.27     0.612   3.915   37  36  87      2      0     0              					  no SED fit    
  715	  183947.2+002344  18:39:47.25 +00:23:43.6     0.000   8.63e-03   1.5e-02     0.09   7.15e-02   1.86e-01 3.2e-01   32  27  12       8.715   2.78e-01   6.9e-02     0.17   4.41e-01   4.21e-01 1.0e-01   21  14 -57      10.020   3.19e-01   8.2e-02     0.12   3.07e-01   3.52e-01 9.0e-02   18  18 -65       7.298   1.82e-01   7.6e-02     0.08   1.91e-01   1.77e-01 7.4e-02   28  25 -87       0.000   5.69e-02   5.4e-02     0.03  2.88e-02 2.7e-02   36  36 -79       6.310     0.386     0.08     0.117   4.734   24  18  85      3      0     1              					                
  716	  183947.7-005915  18:39:47.78 -00:59:16.6     6.306  -5.47e-02   8.7e-03    -0.55  -3.90e-01  -9.24e-03 1.5e-03   44  18 -73       0.000   1.37e-01   5.5e-02     0.06   5.32e-01   6.36e-01 2.6e-01   41  28   3       6.328   2.41e-01   8.3e-02     0.08   3.43e-01   4.87e-01 1.7e-01   35  18   6       7.001   2.05e-01   9.1e-02     0.08   2.37e-01   3.12e-01 1.4e-01   33  26 -32       0.000   1.57e-01   1.2e-01     0.07  1.76e-01 1.3e-01   44  36 -45       6.208     0.441     0.10     0.198   4.540   44  21 -59      2      0     0              					  no SED fit    
  717	  183948.9+000858  18:39:48.93 +00:08:58.2     0.000   2.63e-03   1.4e-02     0.04   3.54e-02   1.69e-01 8.7e-01   56  44 -21       0.000   1.27e-01   4.1e-02     0.08   6.98e-01   2.29e+00 7.4e-01   57  47  51      10.360   4.83e-01   1.3e-01     0.20   9.83e-01   2.01e+00 5.2e-01   39  30  44      14.520   6.37e-01   9.8e-02     0.27   8.33e-01   1.49e+00 2.3e-01   41  29  49      13.110   4.98e-01   8.1e-02     0.23  6.49e-01 1.1e-01   45  36  54      23.380     2.123     0.43     1.068   4.978   36  28  49      3      2     2              					                
  718	  183950.8+001023  18:39:50.80 +00:10:23.3     0.000  -8.41e-02   1.0e-30    -6.73  -4.00e-01  -1.09e-01 1.3e-30   45  11  -3       0.000   1.46e-01   3.7e-02     0.09   7.10e-01   9.48e-01 2.4e-01   53  36 -66       7.243   2.36e-01   8.7e-02     0.10   4.91e-01   8.71e-01 3.2e-01   40  30  82       8.944   3.51e-01   7.5e-02     0.16   4.53e-01   7.19e-01 1.5e-01   45  27  82       8.349   3.00e-01   7.3e-02     0.15  3.30e-01 8.0e-02   45  36 -88      14.470     1.099     0.22     0.532   4.989   41  24  87      3      1     2              					                
  719	  183950.9+002914  18:39:50.98 +00:29:13.8     0.000   2.02e-02   1.7e-02     0.18   3.12e-01  -3.31e-01 2.8e-01   70  57  27       0.000   2.06e-01   5.5e-02     0.12   1.14e+00   2.37e+00 6.3e-01   62  45  57       6.173   2.31e-01   4.6e-02     0.09   4.96e-01   1.02e+00 2.0e-01   58  26  37       7.262   3.10e-01   5.2e-02     0.14   4.80e-01   1.05e+00 1.8e-01   57  36  40       6.938   2.55e-01   3.7e-02     0.13  3.92e-01 5.7e-02   56  36  42       8.681     0.685     0.16     0.402   4.266   58  28  37      3      1     3              					 tentative bound 
  720	  183951.8+000552  18:39:51.89 +00:05:51.6     1.339  -1.68e-02   1.3e-02    -0.26  -5.78e-02  -1.07e-02 8.0e-03   38   8 -80       0.000   8.51e-02   3.9e-02     0.05   2.49e-01   3.70e-01 1.7e-01   28  25 -89       6.199   2.21e-01   4.9e-02     0.09   2.85e-01   4.40e-01 9.8e-02   26  20 -68       6.556   3.00e-01   1.0e-01     0.13   3.23e-01   4.60e-01 1.6e-01   29  25  66       6.106   2.37e-01   6.5e-02     0.12  2.28e-01 6.3e-02   36  36  81       8.963     0.917     0.19     0.337   4.863   27  22 -82      3      1     2     					         
  721	  183954.6+002222  18:39:54.66 +00:22:22.1     0.000   3.33e-03   1.5e-02     0.04   5.32e-02  -6.02e-02 2.8e-01   78  60  17       0.000   1.84e-01   4.5e-02     0.11   9.69e-01   1.46e+00 3.6e-01   59  41  38      10.710   4.60e-01   9.1e-02     0.18   9.45e-01   2.07e+00 4.1e-01   56  25  56      13.170   6.79e-01   1.0e-01     0.28   1.00e+00   2.25e+00 3.5e-01   52  34  50      13.990   6.12e-01   9.6e-02     0.28  1.01e+00 1.6e-01   53  36  49      24.890     2.253     0.42     1.201   5.405   48  26  53      3      1     2     					         
  722	  183954.7+000035  18:39:54.76 +00:00:35.1     0.000   4.92e-02   2.3e-02     0.38   7.33e-01   2.15e-01 9.9e-02   68  52  75       0.000   1.58e-01   5.5e-02     0.09   8.06e-01   1.45e+00 5.0e-01   59  38  24       6.920   3.55e-01   7.8e-02     0.15   7.60e-01   1.57e+00 3.5e-01   43  30   0      10.900   4.48e-01   1.1e-01     0.19   6.34e-01   1.21e+00 2.9e-01   48  32  10      10.580   4.17e-01   1.2e-01     0.20  6.11e-01 1.8e-01   49  36  24      15.920     1.445     0.30     0.800   4.863   42  30  11      3      1     2              					                 
  723	  183955.4-001842  18:39:55.44 -00:18:42.2   260.100   5.50e+00   2.8e-02    31.98   5.99e+00   6.78e+00 3.4e-02    8   8 -45      30.540   1.14e+00   5.7e-02     0.73   1.24e+00   8.94e-01 4.5e-02   14  14   7       8.820   2.47e-01   5.4e-02     0.13   2.37e-01   2.03e-01 4.4e-02   18  18 -65       0.000   4.20e-02   2.9e-02     0.02   4.17e-02   1.74e-02 1.2e-02   25  25 -46       0.000   6.68e-03   2.2e-02     0.00  6.37e-04 2.1e-03   36  36  35       0.000    -0.298    -0.11    -0.075   2.611   18  18  -8      3      0     4              					  no SED fit    
  724	  183955.6+001845  18:39:55.64 +00:18:45.3     0.000   7.41e-03   1.5e-02     0.09   4.93e-02   1.30e-01 2.7e-01   32  20 -34       8.086   8.17e-02   5.8e-02     0.05   2.40e-01   4.76e-01 3.4e-01   38  19 -32       8.203   2.75e-01   5.6e-02     0.12   4.43e-01   6.38e-01 1.3e-01   28  26  41       6.664   2.17e-01   8.4e-02     0.10   2.33e-01   2.78e-01 1.1e-01   29  25  77       0.000   1.30e-01   6.8e-02     0.06  8.09e-02 4.3e-02   36  36  47       6.070     0.407     0.09     0.165   4.366   38  20  75      3      3     1              					                
  725	  183955.8+000933  18:39:55.86 +00:09:33.3     5.300  -4.43e-02   8.4e-03    -1.24  -6.87e-01  -8.92e-01 1.7e-01   91  50 -43       0.000   5.93e-02   3.9e-02     0.04   4.15e-01   4.38e+00 2.9e+00   99  91 -35       0.000   2.73e-01   3.8e-02     0.10   8.79e-01   4.64e+00 6.5e-01   86  64  30       9.339   4.63e-01   6.7e-02     0.19   8.32e-01   3.46e+00 5.0e-01   69  59  19      11.320   4.83e-01   8.9e-02     0.21  1.52e+00 2.8e-01   66  55   3      18.500     1.758     0.33     1.394   5.401   67  57  42      2      0     0              					  no SED fit    
  726	  184000.5+001048  18:40:00.50 +00:10:47.7     0.000   9.13e-04   1.4e-02     0.01   9.94e-04   5.43e-02 8.1e-01    8   8  90       7.191   1.74e-01   3.5e-02     0.11   5.79e-01   9.74e-01 2.0e-01   32  26  58       7.328   2.63e-01   3.3e-02     0.10   3.63e-01   5.07e-01 6.4e-02   28  20  88       7.516   2.26e-01   5.9e-02     0.09   2.46e-01   2.68e-01 7.0e-02   30  25  74       0.000   1.33e-01   5.7e-02     0.05  8.89e-02 3.8e-02   36  36  76       8.006     0.623     0.11     0.233   5.433   35  18  80      3      1     1              					                
  727	  184001.5+002200  18:40:01.58 +00:22:00.2     4.287  -4.42e-02   1.0e-02    -0.63  -2.06e-01  -4.54e-03 1.1e-03   31  13 -17       6.986   1.88e-01   6.4e-02     0.12   3.95e-01   4.15e-01 1.4e-01   27  16  65       9.724   3.23e-01   1.0e-01     0.14   3.58e-01   3.90e-01 1.2e-01   22  18  79       6.034   1.32e-01   1.2e-01     0.06   1.33e-01   1.38e-01 1.2e-01   26  25 -78       0.000   1.17e-01   7.9e-02     0.06  4.11e-02 2.8e-02   36  36 -77       8.821     0.668     0.15     0.182   4.336   20  18 -71      3      0     3              					                 
  728	  184004.3+001645  18:40:04.30 +00:16:45.3     0.000   5.60e-03   1.4e-02     0.07   9.32e-02   2.13e-01 5.4e-01   79  71   8       0.000   5.73e-02   3.2e-02     0.04   3.73e-01   1.62e+00 9.0e-01   76  72  86       6.066   2.70e-01   4.8e-02     0.12   5.97e-01   1.30e+00 2.3e-01   61  27  61       8.406   3.69e-01   1.0e-01     0.17   5.33e-01   1.11e+00 3.0e-01   59  30  58       7.423   2.98e-01   1.0e-01     0.15  5.15e-01 1.8e-01   63  36  55      12.610     1.267     0.25     0.717   5.020   60  26  64      3      1     2              					                
  729	  184004.9+001431  18:40:04.97 +00:14:31.3     0.000   2.92e-02   2.0e-02     0.29   4.86e-01  -4.75e-02 3.2e-02   76  74  66       0.000   2.58e-01   5.8e-02     0.14   1.41e+00   3.70e+00 8.3e-01   68  42 -86       7.135   4.19e-01   7.3e-02     0.16   8.70e-01   2.06e+00 3.6e-01   47  27 -87      10.110   5.28e-01   1.4e-01     0.21   6.84e-01   1.40e+00 3.8e-01   41  28 -83      10.890   4.16e-01   1.5e-01     0.18  6.43e-01 2.3e-01   46  36 -84      17.290     2.073     0.37     1.019   5.660   36  27 -90      3      1     2              					                
  730	  184005.2+003232  18:40:05.27 +00:32:31.7     0.000  -7.86e-02   1.0e-30    -3.57  -4.57e-01  -1.21e-01 1.5e-30   35  16 -34      10.230   3.07e-01   4.5e-02     0.21   6.36e-01   8.21e-01 1.2e-01   31  14 -33      10.250   3.86e-01   5.4e-02     0.17   4.79e-01   5.51e-01 7.8e-02   27  18 -40       8.195   2.33e-01   7.7e-02     0.11   2.68e-01   2.61e-01 8.7e-02   35  25 -46       0.000   1.34e-01   4.6e-02     0.07  6.88e-02 2.4e-02   36  36 -51       8.366     0.589     0.16     0.181   3.797   24  18 -38      3      0     1              					                
  731	  184005.8+001500  18:40:05.83 +00:14:59.6     0.000   1.04e-02   1.8e-02     0.11   1.31e-01  -9.29e-02 1.6e-01   50  40 -13       0.000   2.35e-03   4.2e-02     0.00   9.84e-03   5.08e-02 9.1e-01   37  35 -14       6.160   2.62e-01   9.4e-02     0.10   4.85e-01   9.64e-01 3.5e-01   33  28 -54       8.938   3.72e-01   1.6e-01     0.15   4.79e-01   8.16e-01 3.6e-01   34  33  35      10.380   3.47e-01   1.5e-01     0.15  3.61e-01 1.6e-01   36  36  37      15.630     1.740     0.30     0.836   5.800   34  27 -18      3      0     2              					                
  732	  184006.2+000455  18:40:06.26 +00:04:54.9     2.150  -2.38e-02   1.1e-02    -0.39  -2.45e-01   2.32e-02 1.1e-02   47  29 -58       0.000   1.91e-01   4.8e-02     0.11   5.96e-01   1.14e+00 2.9e-01   35  22  17       8.303   3.08e-01   9.2e-02     0.12   4.52e-01   7.42e-01 2.2e-01   32  20  33      12.560   5.02e-01   1.2e-01     0.21   5.71e-01   7.93e-01 1.9e-01   34  25  53       9.273   3.67e-01   1.0e-01     0.18  4.33e-01 1.2e-01   42  36  52      20.830     1.844     0.39     0.675   4.750   31  19  64      3      1     2              					                
  733	  184007.6+001552  18:40:07.62 +00:15:51.7     0.000   5.75e-02   2.3e-02     0.46   4.96e-01   1.08e-01 4.4e-02   32  29  70       0.000   2.18e-02   2.7e-02     0.01   7.68e-02   3.50e-01 4.3e-01   36  26 -51       6.786   2.17e-01   9.4e-02     0.08   2.57e-01   3.06e-01 1.3e-01   25  18 -81       9.757   3.05e-01   1.9e-01     0.12   3.02e-01   3.23e-01 2.0e-01   25  25 -79       0.000   1.67e-01   1.5e-01     0.06  9.61e-02 8.8e-02   36  36  12      18.480     1.373     0.21     0.411   6.500   23  18 -81      2      1     0              					  no SED fit    
  734	  184012.6+003548  18:40:12.65 +00:35:48.2     0.000   2.42e-02   1.8e-02     0.24   3.40e-01   3.43e-01 2.6e-01   60  48  85       0.000   6.89e-02   4.1e-02     0.04   3.87e-01   1.10e+00 6.5e-01   60  48  50       0.000   2.16e-01   5.7e-02     0.09   5.00e-01   1.01e+00 2.7e-01   54  31  64       6.821   2.69e-01   6.6e-02     0.13   3.40e-01   5.41e-01 1.3e-01   48  25  66       8.221   2.89e-01   7.9e-02     0.16  3.74e-01 1.0e-01   53  36  65      11.050     0.857     0.21     0.465   4.107   47  27  78      2      1     0              					  no SED fit    
  735	  184013.8+003110  18:40:13.85 +00:31:10.2     0.000   6.93e-04   1.4e-02     0.01   1.92e-03   1.45e-01 2.9e+00   26   8  68       0.000   1.51e-01   7.5e-02     0.09   4.91e-01   4.32e-01 2.1e-01   35  24  81       9.120   3.61e-01   8.7e-02     0.15   4.31e-01   5.28e-01 1.3e-01   25  18  83       6.766   2.22e-01   1.0e-01     0.11   2.45e-01   2.49e-01 1.1e-01   31  25  71       0.000   1.16e-01   6.8e-02     0.06  6.92e-02 4.0e-02   36  36  76       8.766     0.716     0.19     0.247   3.676   30  18  72      2      1     0              					  no SED fit    
  736	  184014.0+003224  18:40:14.09 +00:32:23.9     4.029  -4.00e-02   9.9e-03    -0.74  -3.83e-01  -1.10e-02 2.7e-03   55  24  48       6.220   2.26e-01   7.8e-02     0.14   9.39e-01   1.30e+00 4.5e-01   47  29 -47       8.312   4.21e-01   1.1e-01     0.17   7.84e-01   1.52e+00 4.1e-01   37  26  81       8.321   3.51e-01   8.1e-02     0.16   4.49e-01   8.23e-01 1.9e-01   37  30 -83       7.735   3.06e-01   7.5e-02     0.16  4.15e-01 1.0e-01   40  36 -88       9.931     1.022     0.26     0.489   3.978   41  24  71      4      0     1                             
  737	  184014.4+001403  18:40:14.48 +00:14:02.9     0.000   1.93e-02   1.7e-02     0.20   3.02e-01  -3.84e-01 3.4e-01   70  60 -84       0.000   5.49e-02   4.4e-02     0.03   3.23e-01   6.98e-02 5.5e-02   70  50 -64       0.000   2.27e-01   1.3e-01     0.08   5.92e-01   1.43e+00 7.9e-01   58  39 -55       6.247   2.96e-01   2.0e-01     0.11   4.55e-01   1.09e+00 7.4e-01   49  39 -42       6.223   3.17e-01   2.1e-01     0.11  4.91e-01 3.3e-01   49  43  74      10.300     0.988     0.12     0.585   7.968   55  29 -69      2      1     0     DOBASHI 1390                  no SED fit    
  738	  184014.9+001710  18:40:14.92 +00:17:09.7     0.251  -3.29e-03   1.3e-02    -0.04  -1.29e-02   1.09e-01 4.4e-01   54   8  34       0.000   1.05e-01   4.0e-02     0.06   4.49e-01   7.70e-01 2.9e-01   42  33 -20       6.139   2.83e-01   1.7e-01     0.10   4.33e-01   6.11e-01 3.7e-01   42  18  15       9.294   3.38e-01   3.0e-01     0.12   4.18e-01   5.22e-01 4.6e-01   44  25  13       7.717   2.23e-01   2.5e-01     0.08  2.34e-01 2.7e-01   47  36  24      17.420     1.384     0.20     0.566   7.095   44  18   3      3      0     0              					  no SED fit      
  739	  184016.0+003735  18:40:16.05 +00:37:34.7     0.000   1.80e-02   1.6e-02     0.18   2.47e-01   2.71e-01 2.4e-01   54  48  54       6.098   1.57e-01   5.8e-02     0.10   5.89e-01   8.98e-01 3.3e-01   46  25  48      12.030   5.46e-01   6.1e-02     0.24   7.57e-01   1.33e+00 1.5e-01   26  22  -6      13.190   5.39e-01   6.2e-02     0.25   5.82e-01   8.79e-01 1.0e-01   29  26  29      13.830   4.26e-01   9.2e-02     0.22  4.93e-01 1.1e-01   40  36  49      21.640     2.163     0.53     0.916   4.095   29  25 -41      4      2     3              					 tentative bound  
  740	  184017.2+001452  18:40:17.26 +00:14:51.5     0.000   7.69e-03   1.6e-02     0.09   6.17e-02  -6.18e-02 1.3e-01   55  19   8       1.632  -4.25e-02   2.6e-02    -0.03  -8.91e-02  -1.51e-02 9.2e-03   34  14  -9       8.193   2.90e-01   9.2e-02     0.10   3.70e-01   4.09e-01 1.3e-01   28  18  45      15.270   4.27e-01   1.6e-01     0.13   4.78e-01   5.18e-01 2.0e-01   32  25  52      10.290   3.26e-01   3.3e-01     0.09  3.41e-01 3.4e-01   44  36  38      30.830     2.569     0.27     0.790   9.647   22  20  49      3      1     0      PGCC G031.87+02.59           no SED fit    
  741	  184017.6+001614  18:40:17.67 +00:16:13.7    74.730   1.71e+00   2.4e-02    15.59   1.86e+00   1.96e+00 2.8e-02    8   8  41      76.260   2.82e+00   7.0e-02     1.47   3.08e+00   2.48e+00 6.1e-02   14  14 -84      63.050   1.76e+00   1.7e-01     0.48   1.73e+00   1.62e+00 1.6e-01   19  18  24      30.120   8.92e-01   2.8e-01     0.21   9.90e-01   1.04e+00 3.3e-01   32  25  11      25.110   6.23e-01   4.2e-01     0.16  1.32e+00 8.9e-01   59  36  45      15.010     0.067     0.00     0.017  15.060   18  18  19      5      0     4              					  no SED fit    
  742	  184018.5+000414  18:40:18.55 +00:04:14.3     1.438  -1.62e-02   1.1e-02    -0.22  -1.01e-01   1.43e-02 1.0e-02   56  14  48       0.000   1.21e-01   3.8e-02     0.08   7.08e-01   1.26e+00 4.0e-01   59  57 -69       7.943   3.61e-01   5.9e-02     0.18   7.77e-01   1.61e+00 2.6e-01   46  29 -84       7.831   3.87e-01   8.1e-02     0.21   5.24e-01   9.64e-01 2.0e-01   46  29 -70       7.008   2.70e-01   9.3e-02     0.17  3.87e-01 1.3e-01   50  36 -65      11.210     0.856     0.22     0.376   3.908   57  18 -56      3      0     2              					                
  743	  184019.5+004247  18:40:19.58 +00:42:47.0     0.000   1.43e-02   1.6e-02     0.13   1.54e-01  -4.02e-02 4.6e-02   39  36 -15       0.000   2.00e-01   4.1e-02     0.12   6.92e-01   8.85e-01 1.8e-01   34  27  25       6.855   3.00e-01   4.8e-02     0.14   3.92e-01   5.41e-01 8.7e-02   30  18 -89       6.966   2.35e-01   7.1e-02     0.12   2.67e-01   3.10e-01 9.4e-02   33  25  82       0.000   1.68e-01   7.0e-02     0.09  1.54e-01 6.5e-02   38  36  75       7.790     0.686     0.20     0.253   3.462   34  18  88      2      0     0              					  no SED fit    
  744	  184019.6+001613  18:40:19.69 +00:16:12.6     0.000   2.97e-04   1.3e-02     0.00   3.23e-04  -2.64e-02 1.2e+00    8   8  90       8.876   3.15e-01   4.4e-02     0.18   1.18e+00   2.42e+00 3.4e-01   43  26 -81      27.150   1.70e+00   1.6e-01     0.58   3.30e+00   7.93e+00 7.6e-01   37  28 -90      46.120   2.48e+00   2.9e-01     0.77   3.21e+00   6.64e+00 7.7e-01   39  29 -83      56.800   2.50e+00   3.9e-01     0.79  3.90e+00 6.0e-01   46  36 -71     133.400    16.030     1.86     7.849   8.617   35  27 -81      4      1     2              					                
  745	  184021.9+002020  18:40:21.98 +00:20:20.5     1.453  -1.93e-02   1.3e-02    -0.24  -2.43e-01  -9.76e-04 6.7e-04   73  33 -74      10.210   3.84e-01   4.7e-02     0.24   1.55e+00   3.78e+00 4.6e-01   40  31 -63      19.890   1.05e+00   5.7e-02     0.45   2.34e+00   5.86e+00 3.2e-01   42  33 -44      26.620   1.24e+00   7.1e-02     0.56   1.81e+00   4.06e+00 2.3e-01   46  35 -39      26.960   1.13e+00   7.7e-02     0.56  1.93e+00 1.3e-01   47  37 -44      41.920     4.436     0.98     2.481   4.526   43  30 -39      4      0     2     					 
  746	  184022.1+000708  18:40:22.17 +00:07:08.0     4.889  -4.37e-02   8.9e-03    -1.29  -6.43e-01   1.40e-02 2.9e-03   62  54  84       0.000   7.38e-02   3.2e-02     0.06   4.56e-01   2.01e+00 8.7e-01   65  64  70       6.017   2.23e-01   3.7e-02     0.12   5.72e-01   1.39e+00 2.3e-01   55  38   2       7.107   2.51e-01   5.6e-02     0.14   3.76e-01   8.07e-01 1.8e-01   55  34  13       6.655   2.49e-01   8.2e-02     0.16  4.12e-01 1.4e-01   54  36   7       9.564     0.762     0.23     0.467   3.267   53  32   8      3      1     2              					                
  747	  184022.4+001235  18:40:22.41 +00:12:35.0     0.000   5.84e-03   1.4e-02     0.08   5.80e-02   2.07e-01 5.1e-01   64  24 -63       0.000   1.16e-01   3.5e-02     0.07   5.92e-01   9.14e-01 2.7e-01   52  41 -59      11.620   5.89e-01   1.7e-01     0.22   1.13e+00   2.27e+00 6.5e-01   39  27 -60      24.310   1.13e+00   3.3e-01     0.39   1.45e+00   2.71e+00 7.9e-01   38  29 -71      28.840   1.25e+00   4.4e-01     0.45  1.72e+00 6.1e-01   46  36  89      64.070     6.541     0.88     3.392   7.400   38  29 -78      3      1     2              					                
  748	  184022.5+003051  18:40:22.53 +00:30:50.8     2.298  -2.39e-02   1.0e-02    -0.34  -9.57e-02  -3.00e-03 1.3e-03   38  10  64       0.000   1.92e-01   5.5e-02     0.11   4.22e-01   4.02e-01 1.1e-01   24  18 -59       9.051   3.44e-01   1.0e-01     0.15   3.86e-01   5.09e-01 1.5e-01   23  18 -64       7.091   2.79e-01   9.8e-02     0.14   2.84e-01   3.12e-01 1.1e-01   26  25 -45       0.000   1.53e-01   5.6e-02     0.08  1.01e-01 3.7e-02   37  36 -60       9.615     0.761     0.21     0.212   3.613   21  18 -86      2      1     0              					  no SED fit    
  749	  184022.8+000859  18:40:22.80 +00:08:58.8     1.597  -1.87e-02   1.2e-02    -0.32  -1.87e-01  -5.44e-04 3.4e-04   44  29  33       0.000   8.29e-02   3.2e-02     0.06   4.40e-01   4.70e-01 1.8e-01   55  44  51       9.646   4.19e-01   3.7e-02     0.22   6.29e-01   1.13e+00 1.0e-01   31  21 -90      12.080   4.87e-01   4.6e-02     0.28   5.56e-01   8.74e-01 8.3e-02   33  26  86      10.540   3.98e-01   5.4e-02     0.25  4.19e-01 5.6e-02   38  36  67      21.170     1.856     0.52     0.728   3.545   30  22 -90      3      0     2              					                
  750	  184023.9+001923  18:40:23.94 +00:19:22.5     0.000   2.14e-03   1.2e-02     0.02   7.49e-03   7.96e-02 4.5e-01   40   8 -46       0.000   1.39e-01   3.6e-02     0.08   3.61e-01   4.32e-01 1.1e-01   29  20  31       8.775   3.36e-01   5.2e-02     0.14   3.94e-01   5.41e-01 8.3e-02   22  20 -82       7.202   3.79e-01   1.1e-01     0.17   4.04e-01   5.15e-01 1.5e-01   29  25 -57       6.054   2.74e-01   1.1e-01     0.14  2.97e-01 1.2e-01   36  36 -53      10.540     1.257     0.26     0.443   4.879   29  19 -65      3      0     2              					                
  751	  184025.6+001905  18:40:25.61 +00:19:04.7     1.980  -2.23e-02   1.1e-02    -0.27  -1.85e-01   1.68e-02 8.5e-03   56  20 -63       0.000   2.72e-02   2.3e-02     0.02   1.55e-01   4.65e-01 4.0e-01   59  51   3       6.057   2.29e-01   5.9e-02     0.09   4.06e-01   7.82e-01 2.0e-01   48  21 -64       7.399   3.54e-01   1.1e-01     0.16   4.40e-01   7.68e-01 2.4e-01   44  25 -63       7.520   2.72e-01   9.8e-02     0.14  4.88e-01 1.8e-01   60  36 -64       9.851     1.092     0.23     0.558   4.724   46  25 -66      3      0     2              					                 
  752	  184027.8+005914  18:40:27.82 +00:59:14.3     2.930  -3.00e-02   1.0e-02    -0.56  -2.72e-01  -1.06e-02 3.6e-03   51  23  46       0.000   1.38e-01   4.3e-02     0.10   6.99e-01   9.41e-01 2.9e-01   51  41 -54       7.338   2.99e-01   5.9e-02     0.16   4.75e-01   8.51e-01 1.7e-01   39  20 -87       7.781   3.92e-01   5.8e-02     0.25   5.28e-01   9.70e-01 1.4e-01   39  32 -58       7.364   3.12e-01   6.0e-02     0.22  3.99e-01 7.6e-02   43  36 -67      11.610     1.062     0.37     0.440   2.887   33  22 -88      3      0     2              					                
  753	  184028.3+002939  18:40:28.38 +00:29:38.5     0.000   1.98e-02   1.6e-02     0.20   2.94e-01   6.48e-01 5.2e-01   61  56  70       8.465   2.32e-01   5.4e-02     0.15   1.03e+00   2.31e+00 5.3e-01   53  30 -71       9.821   3.33e-01   7.4e-02     0.15   7.40e-01   1.59e+00 3.5e-01   53  29 -73       8.324   3.19e-01   6.2e-02     0.16   4.41e-01   8.12e-01 1.6e-01   54  28 -77       7.229   2.67e-01   5.9e-02     0.16  3.13e-01 6.9e-02   49  36 -74       8.009     0.586     0.17     0.342   3.391   53  29 -76      4      3     1              					                
  754	  184028.9+001648  18:40:28.97 +00:16:47.9     0.000   1.06e-02   1.5e-02     0.11   1.69e-01   7.63e-01 1.1e+00   90  55  53       0.000   1.63e-01   5.6e-02     0.09   1.04e+00   4.70e+00 1.6e+00   82  61  -5      14.850   8.15e-01   1.2e-01     0.31   2.26e+00   7.98e+00 1.2e+00   60  45  -4      20.740   1.05e+00   1.6e-01     0.41   1.74e+00   5.56e+00 8.3e-01   60  44  -9      22.820   1.07e+00   1.4e-01     0.46  2.77e+00 3.7e-01   57  46 -19      38.710     4.424     0.82     3.088   5.392   52  44  -9      3      0     2                             
  755	  184030.0+004458  18:40:30.04 +00:44:57.7     0.000  -8.07e-02   1.0e-30    -2.96  -9.05e-01  -2.08e-01 2.6e-30   74  27  -5      11.080   3.49e-01   5.3e-02     0.21   1.63e+00   3.96e+00 6.0e-01   51  34  60      11.270   6.04e-01   1.2e-01     0.27   1.22e+00   2.89e+00 5.8e-01   37  30  54      10.410   4.65e-01   1.6e-01     0.22   6.60e-01   1.52e+00 5.4e-01   43  35  32       8.530   3.56e-01   1.1e-01     0.19  6.70e-01 2.0e-01   46  41  13       8.778     0.919     0.23     0.439   3.916   34  27  66      4      0     2                             
  756	  184031.7+004134  18:40:31.70 +00:41:34.4     0.000   3.70e-02   2.4e-02     0.24   4.77e-01  -1.78e-01 1.2e-01   49  45 -69       8.989   2.57e-01   8.0e-02     0.13   6.45e-01   9.52e-01 3.0e-01   38  16  43      11.870   4.75e-01   1.1e-01     0.17   7.28e-01   1.23e+00 2.9e-01   42  18  43       9.954   4.33e-01   9.0e-02     0.17   5.41e-01   8.00e-01 1.7e-01   45  25  34       7.241   3.23e-01   8.1e-02     0.15  4.35e-01 1.1e-01   53  36  47      11.510     0.963     0.20     0.362   4.701   36  18  44      4      0     3     DOBASHI 1399                tentative bound 
  757	  184032.6+001554  18:40:32.65 +00:15:54.1     0.000   7.02e-02   2.4e-02     0.46   7.96e-01   2.26e-01 7.7e-02   42  37  44       0.000   1.51e-01   3.7e-02     0.09   4.97e-01   6.98e-01 1.7e-01   33  25  34       6.688   2.59e-01   3.9e-02     0.11   4.03e-01   5.61e-01 8.4e-02   37  20  21       7.135   2.66e-01   6.0e-02     0.12   2.94e-01   3.92e-01 8.9e-02   31  25   2       0.000   2.16e-01   8.3e-02     0.09  1.56e-01 6.0e-02   36  36  -6      10.020     0.888     0.19     0.383   4.614   31  25  -3      2      2     0             					  no SED fit        
  758	  184034.4-003759  18:40:34.47 -00:38:00.6    14.460   2.65e-01   2.3e-02     1.93   3.18e-01   2.99e-01 2.6e-02    9   8  66      21.730   8.08e-01   3.5e-02     0.51   8.80e-01   6.26e-01 2.7e-02   14  14   3      12.680   3.58e-01   3.3e-02     0.18   3.43e-01   3.04e-01 2.8e-02   18  18 -21       6.288   1.73e-01   3.0e-02     0.10   1.73e-01   1.55e-01 2.7e-02   25  25 -30       0.000   4.83e-03   2.0e-02     0.00  1.53e-03 6.3e-03   36  36  60       0.000     0.045     0.02     0.014   2.835   24  18  25      4      0     4             					                    
  759	  184034.5+004337  18:40:34.52 +00:43:36.9     0.000   7.82e-04   1.4e-02     0.01   2.23e-03   3.15e-01 5.6e+00   27   8 -10      11.940   3.15e-01   7.2e-02     0.16   8.30e-01   1.41e+00 3.2e-01   32  19  -7      22.820   9.01e-01   1.7e-01     0.31   1.51e+00   2.63e+00 5.0e-01   35  23 -11      26.210   1.12e+00   1.7e-01     0.42   1.26e+00   1.97e+00 3.0e-01   33  25  -6      20.440   8.69e-01   1.3e-01     0.37  1.03e+00 1.5e-01   39  36  45      39.340     3.394     0.64     1.479   5.295   33  24   1      4      0     2             					                    
  760	  184035.8+004031  18:40:35.87 +00:40:31.0     0.000   3.56e-03   1.6e-02     0.03   3.01e-02   3.07e-01 1.3e+00   60  19 -17       0.000   1.49e-01   3.6e-02     0.08   4.62e-01   5.12e-01 1.2e-01   42  20  71       7.408   2.63e-01   9.8e-02     0.10   4.04e-01   5.91e-01 2.2e-01   37  20  69       6.717   2.31e-01   1.1e-01     0.10   2.77e-01   3.34e-01 1.6e-01   39  25  71       0.000   1.11e-01   8.5e-02     0.05  6.99e-02 5.4e-02   44  36  68       7.803     0.565     0.14     0.221   3.977   39  18  61      2      0     0             					  no SED fit        
  761	  184038.4+003158  18:40:38.41 +00:31:58.4     0.000   2.16e-02   1.7e-02     0.19   2.76e-01   6.00e-01 4.7e-01   51  42 -72      16.540   5.12e-01   5.7e-02     0.31   1.32e+00   2.22e+00 2.5e-01   27  21 -52      19.870   7.75e-01   6.7e-02     0.32   1.01e+00   1.67e+00 1.4e-01   29  18 -50      16.030   6.70e-01   7.0e-02     0.32   7.56e-01   9.72e-01 1.0e-01   33  25 -44      11.100   4.42e-01   6.0e-02     0.25  4.73e-01 6.4e-02   41  36 -37      18.150     1.507     0.41     0.486   3.705   26  18 -42      4      1     3                                 
  762	  184038.6+004251  18:40:38.64 +00:42:51.0     0.000   8.02e-02   2.5e-02     0.43   1.50e+00   1.17e+00 3.6e-01  128 111 -24      11.170   4.60e-01   5.6e-02     0.24   2.55e+00   1.09e+01 1.3e+00   80  40  41      11.240   9.95e-01   1.2e-01     0.37   2.81e+00   1.19e+01 1.4e+00   75  42  42      11.830   9.48e-01   1.2e-01     0.39   1.67e+00   7.49e+00 9.5e-01   80  50  36      10.910   7.18e-01   7.0e-02     0.33  2.97e+00 2.9e-01   84  55  20      14.990     2.158     0.49     1.602   4.415   66  45  52      4      0     2     IRAS 18380+0039                             
  763	  184040.6+010148  18:40:40.63 +01:01:47.5     0.000  -1.01e-01   1.0e-30     9.65  -5.30e-01  -7.68e-02 7.6e-31   35  14  49       0.000   2.44e-01   6.3e-02     0.15   6.23e-01   6.84e-01 1.8e-01   32  18  36      13.860   4.79e-01   1.0e-01     0.24   6.49e-01   1.04e+00 2.2e-01   26  21  41      17.220   6.31e-01   1.6e-01     0.33   6.86e-01   8.83e-01 2.2e-01   30  25  29      13.290   5.00e-01   2.1e-01     0.28  5.56e-01 2.3e-01   44  36  31      30.240     2.412     0.60     0.922   3.997   26  23  37      3      0     2                                 
  764	  184040.6+002155  18:40:40.67 +00:21:55.0     0.000   5.52e-03   1.5e-02     0.05   1.04e-01  -1.21e+00 3.3e+00  127 117 -70       0.000   1.95e-01   4.7e-02     0.11   1.41e+00   8.14e+00 2.0e+00  130  98  41       6.071   3.85e-01   9.5e-02     0.17   1.11e+00   4.86e+00 1.2e+00   93  42   4       7.543   4.05e-01   1.1e-01     0.20   6.88e-01   2.90e+00 7.7e-01   95  41   6       7.931   3.54e-01   7.6e-02     0.20  1.26e+00 2.7e-01   96  41   9       8.983     1.247     0.35     0.911   3.560   87  39   3      3      1     2                             
  765	  184042.3+004456  18:40:42.31 +00:44:55.8     0.000   1.74e-03   1.2e-02     0.02   1.89e-03   2.50e-01 1.8e+00    8   8  31      14.730   4.69e-01   5.9e-02     0.26   2.06e+00   5.15e+00 6.5e-01   43  34 -41      15.780   6.63e-01   1.3e-01     0.24   1.36e+00   2.97e+00 6.0e-01   45  27 -38      14.160   5.85e-01   1.5e-01     0.24   7.56e-01   1.41e+00 3.7e-01   45  27 -34      13.370   5.97e-01   1.1e-01     0.31  1.28e+00 2.3e-01   49  44 -87      13.330     1.270     0.29     0.651   4.325   42  26 -33      4      2     3            						tentative bound 
  766	  184043.3-001441  18:40:43.37 -00:14:42.8     0.000   1.69e-02   1.6e-02     0.12   1.63e-01   9.30e-02 9.0e-02   40  29 -62      12.950   3.17e-01   4.2e-02     0.20   6.81e-01   1.05e+00 1.4e-01   25  17 -28      11.800   4.11e-01   6.7e-02     0.20   4.63e-01   6.34e-01 1.0e-01   23  18 -47       8.192   2.90e-01   5.8e-02     0.16   2.88e-01   3.10e-01 6.1e-02   25  25 -44       0.000   1.22e-01   4.4e-02     0.07  8.53e-02 3.1e-02   36  36  16       7.379     0.547     0.19     0.159   2.887   22  18 -56      3      0     1                             
  767	  184044.6-002028  18:40:44.63 -00:20:28.4     0.000   4.63e-03   1.6e-02     0.03   5.13e-02  -9.15e-04 3.2e-03   52  31  48      13.660   3.09e-01   8.3e-02     0.17   9.20e-01   1.30e+00 3.5e-01   33  22 -28      11.960   4.03e-01   7.8e-02     0.17   4.81e-01   6.80e-01 1.3e-01   24  19 -22       8.570   2.86e-01   7.6e-02     0.14   2.92e-01   3.10e-01 8.3e-02   26  25 -37       0.000   1.24e-01   5.6e-02     0.07  6.56e-02 3.0e-02   36  36 -37       6.928     0.503     0.16     0.152   3.086   23  18 -33      3      0     1                             
  768	  184044.7+002911  18:40:44.78 +00:29:11.1     0.000   2.75e-02   2.1e-02     0.22   5.01e-01  -9.82e-01 7.4e-01  115  95   1       0.000   1.22e-01   5.2e-02     0.07   8.55e-01   4.09e+00 1.8e+00  101  95  65       6.117   3.52e-01   8.0e-02     0.16   9.49e-01   3.33e+00 7.6e-01   65  40  50       6.256   4.12e-01   7.8e-02     0.21   6.87e-01   2.39e+00 4.5e-01   67  43  59       6.215   2.63e-01   6.5e-02     0.15  6.26e-01 1.5e-01   90  36 -78       9.235     0.921     0.25     0.665   3.625   65  42 -46      3      1     2                             
  769	  184044.8+004713  18:40:44.83 +00:47:12.7     0.000   7.03e-02   2.2e-02     0.46   6.40e-01   3.39e-01 1.0e-01   34  30  18      11.880   4.37e-01   7.0e-02     0.29   9.03e-01   1.31e+00 2.1e-01   24  17   1      16.180   6.87e-01   9.1e-02     0.33   7.83e-01   1.07e+00 1.4e-01   23  18 -29      11.170   5.14e-01   1.3e-01     0.27   5.30e-01   6.40e-01 1.7e-01   27  25 -40       7.366   3.01e-01   8.9e-02     0.18  2.93e-01 8.6e-02   36  36 -59      14.460     1.323     0.40     0.429   3.283   25  19 -53      4      1     3                             
  770	  184045.8+002800  18:40:45.85 +00:28:00.0     0.000   2.13e-02   1.7e-02     0.19   2.31e-01  -1.10e-01 8.8e-02   39  36  72       0.000   1.82e-01   3.6e-02     0.11   4.27e-01   1.54e-01 3.0e-02   26  19 -41       7.600   2.69e-01   2.5e-02     0.13   3.73e-01   5.45e-01 5.2e-02   25  23   6       7.573   3.16e-01   3.3e-02     0.17   3.49e-01   4.74e-01 5.0e-02   31  25  29       0.000   1.48e-01   6.3e-02     0.09  9.20e-02 3.9e-02   36  36   1       9.742     0.747     0.23     0.285   3.308   30  21  -3      2      0     0           					      no SED fit    
  771	  184045.9-001135  18:40:45.89 -00:11:36.9     0.000   3.46e-02   2.2e-02     0.23   3.36e-01   7.34e-01 4.6e-01   39  30  67      20.630   6.25e-01   3.5e-02     0.39   1.15e+00   1.72e+00 9.6e-02   22  16  40      20.790   7.38e-01   4.9e-02     0.36   8.55e-01   1.26e+00 8.4e-02   23  19  46      14.440   5.15e-01   5.8e-02     0.30   5.11e-01   6.09e-01 6.9e-02   25  25  72       7.030   2.50e-01   6.8e-02     0.17  2.70e-01 7.3e-02   36  36  68      12.610     0.986     0.36     0.301   2.726   22  20  65      4      0     3           					                    
  772	  184046.7+004649  18:40:46.75 +00:46:49.2     0.000   1.11e-02   1.5e-02     0.11   1.25e-01   2.64e-01 3.6e-01   43  37  83      17.290   4.78e-01   4.8e-02     0.30   1.07e+00   1.67e+00 1.7e-01   27  17 -53      23.700   9.56e-01   6.6e-02     0.43   1.19e+00   1.62e+00 1.1e-01   27  18 -52      19.930   8.26e-01   1.2e-01     0.43   8.49e-01   9.97e-01 1.4e-01   27  25 -52      12.320   4.91e-01   8.3e-02     0.30  4.80e-01 8.1e-02   36  36 -67      27.030     2.164     0.63     0.721   3.446   28  18 -55      4      1     3           					    tentative bound 
  773	  184047.7+005843  18:40:47.76 +00:58:43.2     2.379  -2.93e-02   1.2e-02    -0.45  -2.63e-01  -4.59e-01 1.9e-01   83  19 -17       0.000   7.82e-02   5.7e-02     0.05   5.32e-01   2.69e+00 2.0e+00   86  85   5       0.000   2.84e-01   6.6e-02     0.11   7.83e-01   2.41e+00 5.6e-01   60  44  -4       8.074   3.47e-01   1.1e-01     0.18   5.85e-01   1.73e+00 5.4e-01   63  46   7       9.493   4.39e-01   1.4e-01     0.24  1.16e+00 3.7e-01   69  46   9      10.250     0.873     0.20     0.597   4.322   67  36  24      2      0     0           					      no SED fit    
  774	  184047.7+010329  18:40:47.79 +01:03:29.1     0.288  -3.81e-03   1.3e-02    -0.06  -5.53e-02  -3.99e-01 1.4e+00   73  46 -83       0.000   1.01e-01   1.1e-01     0.06   6.13e-01   1.98e+00 2.1e+00   69  58  52      10.570   8.39e-01   1.7e-01     0.36   2.02e+00   5.90e+00 1.2e+00   47  37  83      16.430   1.11e+00   2.2e-01     0.46   1.73e+00   4.61e+00 9.0e-01   56  38 -87      20.830   1.32e+00   2.5e-01     0.56  3.04e+00 5.8e-01   69  37 -79      35.450     5.624     0.92     3.543   6.106   58  32 -82      3      1     2           					                    
  775	  184050.6+010400  18:40:50.65 +01:04:00.2     0.000   3.46e-04   1.4e-02     0.01   1.18e-03   2.07e-01 8.5e+00   37   8  37       0.000   4.08e-02   5.2e-02     0.03   1.72e-01   4.31e-01 5.5e-01   45  30 -73       6.446   5.24e-01   1.2e-01     0.22   8.56e-01   1.51e+00 3.5e-01   41  20  83      11.750   9.10e-01   1.5e-01     0.38   1.15e+00   1.90e+00 3.2e-01   47  25  86      16.560   1.34e+00   1.9e-01     0.63  2.06e+00 2.9e-01   49  36  83      25.610     4.088     0.71     1.906   5.780   39  23  79      3      0     0           					      no SED fit    
  776	  184051.8+010213  18:40:51.86 +01:02:12.9   533.000   1.10e+01   2.5e-02    90.37   1.20e+01   1.48e+01 3.4e-02    8   8   8     505.000   1.73e+01   1.1e-01     9.20   1.89e+01   2.17e+01 1.4e-01   14  14 -87     365.000   1.17e+01   3.1e-01     3.21   1.12e+01   1.20e+01 3.1e-01   18  18 -65     203.200   7.20e+00   4.3e-01     1.92   7.14e+00   7.30e+00 4.3e-01   25  25 -80     138.800   4.20e+00   4.7e-01     1.32  4.53e+00 5.0e-01   39  36  88     174.700    11.630     0.90     3.525  12.890   24  18 -86      5      2     4     IRAS 18383+0059                               
  777	  184056.4+010009  18:40:56.47 +01:00:09.3     1.601  -2.01e-02   1.3e-02    -0.42  -2.06e-01  -3.55e-03 2.2e-03   85  23 -13       0.000   5.95e-02   5.6e-02     0.04   3.92e-01   2.34e+00 2.2e+00   82  72 -55      10.640   5.17e-01   1.2e-01     0.20   9.73e-01   2.41e+00 5.8e-01   71  20 -60      19.940   1.11e+00   1.4e-01     0.43   1.52e+00   3.60e+00 4.7e-01   68  26 -56      26.330   1.41e+00   1.8e-01     0.63  3.17e+00 4.0e-01   73  36 -53      45.260     4.412     0.63     2.254   7.045   68  21 -56      3      1     2     DOBASHI 1403                                
  778	  184101.3+010123  18:41:01.30 +01:01:22.8     0.000   6.67e-03   1.6e-02     0.09   6.51e-02  -7.08e-02 1.7e-01   57  24  17       0.000   1.62e-01   4.7e-02     0.10   8.15e-01   1.79e+00 5.2e-01   50  41   5       8.373   3.83e-01   8.9e-02     0.18   6.66e-01   1.39e+00 3.2e-01   31  27 -21      10.740   4.36e-01   9.2e-02     0.21   5.45e-01   9.82e-01 2.1e-01   33  31  -2      10.140   3.95e-01   7.8e-02     0.21  5.18e-01 1.0e-01   47  36  49      16.860     1.442     0.33     0.745   4.369   39  28  49      3      3     2                             
  779	  184103.2+002010  18:41:03.27 +00:20:09.6     0.000   4.86e-02   2.3e-02     0.31   6.19e-01  -2.86e-03 1.4e-03   48  44 -48      11.810   4.01e-01   5.8e-02     0.26   1.17e+00   2.18e+00 3.2e-01   30  23 -86      10.190   4.10e-01   7.3e-02     0.20   7.40e-01   1.27e+00 2.3e-01   34  26 -82       7.359   3.01e-01   6.6e-02     0.16   3.47e-01   5.27e-01 1.2e-01   34  26 -80       0.000   2.06e-01   2.8e-02     0.12  1.97e-01 2.7e-02   36  36 -77       6.320     0.502     0.17     0.203   3.028   33  21 -58      3      0     1                             
  780	  184107.2-005515  18:41:07.23 -00:55:16.8    20.330   1.89e-01   2.1e-02     1.23   2.44e-01   2.12e-01 2.3e-02   10   8  72       9.853   4.04e-01   3.9e-02     0.22   4.40e-01   2.67e-01 2.6e-02   14  14 -38       6.353   1.67e-01   5.6e-02     0.07   1.79e-01   1.93e-01 6.4e-02   21  18 -72       0.000   5.24e-02   4.2e-02     0.03   5.20e-02   1.83e-02 1.5e-02   25  25 -72       0.000   9.28e-03   2.2e-02     0.01  2.44e-03 5.8e-03   36  36  22       0.000     0.000     0.00     0.000   0.000    0   0   0      3      1     4             					  no SED fit    
  781	  184108.9+011200  18:41:08.95 +01:12:00.0     0.000   2.46e-02   1.7e-02     0.25   3.80e-01  -1.17e-01 8.1e-02   68  58 -73       7.417   2.24e-01   4.5e-02     0.16   8.37e-01   1.74e+00 3.5e-01   50  24  40       7.991   3.61e-01   6.3e-02     0.18   7.64e-01   1.65e+00 2.9e-01   47  28  51       7.429   3.47e-01   8.0e-02     0.19   4.87e-01   1.03e+00 2.4e-01   44  33  40       6.855   2.11e-01   5.8e-02     0.13  3.24e-01 8.9e-02   46  36  37       6.398     0.585     0.16     0.308   3.557   44  27  53      4      0     1             					                
  782	  184124.9+011347  18:41:24.94 +01:13:47.2     0.000   1.30e-02   1.5e-02     0.16   2.34e-01   3.82e-01 4.4e-01  102  96 -56       0.000   1.57e-01   5.2e-02     0.11   1.06e+00   4.69e+00 1.5e+00   88  76 -38       8.697   4.71e-01   4.5e-02     0.24   1.22e+00   3.96e+00 3.7e-01   62  37 -55      10.040   5.20e-01   5.5e-02     0.28   8.29e-01   2.55e+00 2.7e-01   63  38 -54      10.940   5.12e-01   4.3e-02     0.30  1.35e+00 1.1e-01   63  42 -57      15.670     1.673     0.43     1.102   3.859   63  34 -52      3      2     2             					                
  783	  184126.0+000629  18:41:26.05 +00:06:28.7    22.670   4.72e-01   2.3e-02     3.92   5.42e-01   5.35e-01 2.6e-02    9   8 -15      22.900   9.08e-01   3.6e-02     0.55   9.88e-01   6.28e-01 2.5e-02   14  14   2      14.870   4.05e-01   2.6e-02     0.19   3.89e-01   3.26e-01 2.1e-02   18  18   7       6.198   1.77e-01   3.2e-02     0.10   1.76e-01   1.34e-01 2.4e-02   25  25 -20       0.000   1.08e-02   2.8e-02     0.01  1.91e-03 4.9e-03   36  36 -29       0.000     0.132     0.04     0.033   3.223   18  18 -59      4      0     4             					                
  784	  184127.4+000843  18:41:27.44 +00:08:43.3     0.000   1.61e-02   1.7e-02     0.12   2.22e-01   5.11e-02 5.5e-02   56  47  71       0.000   1.52e-01   5.3e-02     0.08   7.69e-01   1.45e+00 5.1e-01   47  44 -48       8.713   3.41e-01   5.0e-02     0.15   5.07e-01   8.52e-01 1.2e-01   39  18  -2       8.666   3.31e-01   5.3e-02     0.17   4.05e-01   6.29e-01 1.0e-01   42  25  -4       7.243   2.28e-01   6.6e-02     0.14  2.71e-01 7.8e-02   41  36  -4      10.650     0.855     0.26     0.349   3.266   39  19  -5      3      0     3             					tentative bound 
  785	  184129.7+001217  18:41:29.73 +00:12:17.4     0.000   3.10e-02   2.2e-02     0.20   6.01e-01   5.92e+00 4.2e+00  167 158  78       7.918   4.73e-01   1.0e-01     0.27   3.11e+00   2.29e+01 4.9e+00   92  66 -85       8.396   7.39e-01   1.2e-01     0.31   2.47e+00   2.30e+01 3.8e+00   89  78  -5       8.630   6.34e-01   1.2e-01     0.30   1.20e+00   9.61e+00 1.8e+00   90  69  -7       9.232   5.60e-01   1.2e-01     0.30  4.07e+00 9.0e-01   96  71  -5       9.752     1.505     0.42     1.268   3.626   90  62  -1      4      2     2                             
  786	  184130.8-000905  18:41:30.84 -00:09:06.7     9.313   1.52e-01   2.3e-02     1.29   1.82e-01   1.93e-01 3.0e-02    9   8 -11       0.000   1.78e-01   4.0e-02     0.10   2.21e-01   8.10e-02 1.8e-02   16  14 -82       0.000   2.21e-02   2.1e-02     0.01   2.12e-02   3.08e-03 2.9e-03   18  18  69       0.000   1.21e-03   2.2e-02     0.00   1.20e-03   1.01e-03 1.9e-02   25  25  90       0.671  -1.99e-02   3.0e-02    -0.01 -1.51e-02 2.2e-02   59  45  39       2.042    -0.055    -0.02    -0.018   3.148   25  19   0      1      2     4     IRAS 18389-0012               no SED fit    
  787	  184135.3+001821  18:41:35.36 +00:18:21.2     0.000  -6.67e-02   1.0e-30    -2.61  -1.09e+00   2.72e-01 4.1e-30   98  59  33       9.054   3.27e-01   6.0e-02     0.20   1.62e+00   5.30e+00 9.8e-01   67  34  73      17.770   1.05e+00   1.0e-01     0.44   2.82e+00   1.05e+01 1.0e+00   73  38  75      24.200   1.27e+00   9.1e-02     0.56   2.10e+00   7.34e+00 5.2e-01   75  39  76      27.280   1.20e+00   7.8e-02     0.60  3.79e+00 2.5e-01   77  45  77      42.210     4.538     1.05     3.334   4.312   76  41  79      4      1     2     PGCC G032.07+02.33                          
  788	  184139.4+011718  18:41:39.42 +01:17:17.7     3.109  -3.40e-02   1.1e-02    -0.64  -3.48e-01   1.00e-02 3.2e-03   44  30  12       0.000   1.26e-01   5.3e-02     0.08   4.70e-01   9.18e-01 3.9e-01   36  29 -56       6.190   2.87e-01   4.4e-02     0.15   5.70e-01   1.09e+00 1.7e-01   37  29 -68       6.655   3.45e-01   5.8e-02     0.19   4.51e-01   7.56e-01 1.3e-01   37  31 -70       6.576   3.34e-01   1.1e-01     0.20  3.81e-01 1.3e-01   36  36 -34      10.310     1.000     0.28     0.449   3.615   34  24 -76      3      1     2                             
  789	  184140.0+010713  18:41:40.07 +01:07:13.4     0.000   1.50e-02   1.8e-02     0.16   2.53e-01   3.72e-01 4.6e-01   78  76 -80       0.000   1.77e-01   6.6e-02     0.10   1.16e+00   5.76e+00 2.2e+00   87  67 -89       9.776   3.26e-01   4.9e-02     0.12   7.53e-01   2.01e+00 3.0e-01   66  28 -64      15.430   6.12e-01   7.0e-02     0.23   9.75e-01   2.72e+00 3.1e-01   67  37 -69      20.200   8.45e-01   1.9e-01     0.36  2.00e+00 4.5e-01   63  42 -82      29.890     2.838     0.48     1.884   5.964   59  36 -77      3      1     2     DOBASHI 1408                                
  790	  184144.9+011029  18:41:44.95 +01:10:29.5     0.842  -1.04e-02   1.2e-02    -0.17  -1.68e-01   8.97e-03 1.1e-02   75  66 -73       6.557   1.32e-01   4.6e-02     0.08   6.91e-01   2.11e+00 7.4e-01   77  36  73      13.460   7.77e-01   4.4e-02     0.29   1.95e+00   5.65e+00 3.2e-01   52  38  77      21.140   1.20e+00   7.7e-02     0.44   1.91e+00   5.61e+00 3.6e-01   56  40  79      27.760   1.40e+00   1.8e-01     0.52  3.34e+00 4.4e-01   60  43  80      44.080     5.172     0.72     3.148   7.191   49  33  84      4      1     2     TGU H279 P35                                
  791	  184145.9+011202  18:41:45.90 +01:12:01.8     0.000   1.28e-02   2.0e-02     0.13   1.94e-01  -1.22e+00 1.9e+00   62  58  39       0.000   1.40e-01   4.9e-02     0.08   7.62e-01   1.87e+00 6.5e-01   56  46 -24      10.390   5.03e-01   6.4e-02     0.18   1.02e+00   2.19e+00 2.8e-01   44  27 -81      17.960   8.16e-01   7.8e-02     0.27   1.03e+00   1.91e+00 1.8e-01   44  26 -84      23.100   1.09e+00   2.1e-01     0.39  1.51e+00 2.9e-01   46  36 -88      39.350     3.890     0.53     2.040   7.291   40  28 -82      3      1     2                             
  792	  184146.0-000255  18:41:46.04 -00:02:55.0    25.330   5.84e-01   2.7e-02     4.42   8.00e-01   6.98e-01 3.2e-02   11   8  46      24.210   9.62e-01   5.7e-02     0.55   1.05e+00   7.65e-01 4.5e-02   14  14  46      15.180   4.59e-01   5.9e-02     0.20   4.40e-01   3.86e-01 4.9e-02   18  18 -22       6.064   1.84e-01   4.4e-02     0.09   1.82e-01   1.54e-01 3.7e-02   25  25 -36       0.000   2.31e-02   2.8e-02     0.01  3.86e-03 4.6e-03   36  36 -14       0.000     0.171     0.05     0.043   3.254   18  18  33      4      1     4                             
  793	  184146.0+011118  18:41:46.05 +01:11:18.3     0.000   4.25e-04   1.4e-02     0.01   3.32e-03  -1.75e-01 5.8e+00   44  20 -57       0.000   1.32e-01   4.6e-02     0.08   3.24e-01   6.51e-01 2.3e-01   24  21  16       8.776   5.36e-01   7.2e-02     0.20   6.62e-01   1.05e+00 1.4e-01   24  20 -83      15.850   8.46e-01   8.0e-02     0.30   8.62e-01   1.21e+00 1.1e-01   26  25 -60      18.360   9.58e-01   2.2e-01     0.36  1.02e+00 2.3e-01   36  36 -67      33.600     3.784     0.50     1.419   7.601   32  19  89      3      1     2                             
  794	  184149.3+011855  18:41:49.34 +01:18:55.3     0.000   2.26e-02   2.0e-02     0.21   2.67e-01  -2.86e-01 2.5e-01   44  40 -80       0.000   7.03e-02   5.4e-02     0.04   3.13e-01   5.12e-01 3.9e-01   44  34 -17       0.000   2.09e-01   3.6e-02     0.08   3.19e-01   5.34e-01 9.1e-02   41  18 -56       7.457   3.21e-01   6.8e-02     0.14   3.91e-01   4.54e-01 9.6e-02   41  25 -56      10.030   4.54e-01   1.3e-01     0.21  5.66e-01 1.6e-01   55  36 -58      12.830     1.138     0.21     0.448   5.404   40  18 -56      2      0     0            						  no SED fit    
  795	  184151.7+011140  18:41:51.77 +01:11:40.3     0.000   3.12e-02   2.1e-02     0.28   4.54e-01  -6.15e-02 4.1e-02   58  54 -52       0.000   2.97e-02   3.1e-02     0.02   1.74e-01   1.10e+00 1.2e+00   58  57  41       0.000   2.37e-01   5.3e-02     0.09   6.06e-01   1.50e+00 3.4e-01   56  38  47       8.630   3.08e-01   1.1e-01     0.12   4.06e-01   7.25e-01 2.6e-01   58  25  62       9.503   3.74e-01   2.4e-01     0.15  4.90e-01 3.2e-01   55  36  57      19.330     1.414     0.21     0.705   6.746   63  21  64      2      0     0            						  no SED fit    
  796	  184152.0+011416  18:41:52.07 +01:14:15.6     6.383  -5.42e-02   8.5e-03    -1.69  -3.66e-01  -2.40e-01 3.8e-02   51  16 -47       0.000   8.17e-02   4.7e-02     0.05   4.47e-01   1.84e-01 1.1e-01   58  45 -63      10.850   5.39e-01   8.9e-02     0.20   8.25e-01   1.30e+00 2.1e-01   39  19 -50      22.270   1.10e+00   1.4e-01     0.37   1.19e+00   1.82e+00 2.4e-01   30  25 -52      31.100   1.29e+00   2.6e-01     0.42  1.61e+00 3.3e-01   38  36 -54      74.040     7.989     0.81     3.346   9.844   33  22 -61      3      1     2     PLCKECC G032.93+02.68                          
  797	  184154.2+011412  18:41:54.24 +01:14:12.3     0.000  -6.76e-02   1.0e-30    -4.83  -4.67e-01  -2.13e-01 3.2e-30   32  21  26       0.000   2.59e-02   3.2e-02     0.02   7.60e-02   3.61e-02 4.5e-02   29  24  51      11.280   5.03e-01   1.0e-01     0.19   5.56e-01   6.57e-01 1.3e-01   22  18 -20      14.490   8.21e-01   1.3e-01     0.28   8.74e-01   1.00e+00 1.6e-01   29  25 -20      22.370   9.54e-01   2.3e-01     0.32  1.18e+00 2.9e-01   42  36 -79      45.070     5.721     0.57     2.352  10.030   35  21 -38      3      2     0     PLCKECC G032.93+02.68         no SED fit    
  798	  184154.6+011551  18:41:54.63 +01:15:50.7     0.000   2.11e-02   1.9e-02     0.21   2.85e-01   3.06e-01 2.8e-01   53  47 -79      25.510   5.92e-01   8.8e-02     0.33   1.80e+00   3.01e+00 4.5e-01   37  21  45      47.420   2.15e+00   1.3e-01     0.69   3.22e+00   5.35e+00 3.3e-01   31  21  51      76.160   3.07e+00   2.0e-01     0.92   3.30e+00   4.88e+00 3.1e-01   29  25  49      76.680   2.88e+00   2.6e-01     0.90  3.28e+00 3.0e-01   36  36  66     194.400    16.990     1.73     6.697   9.826   27  24  34      4      2     2     DOBASHI 1411                                
  799	  184156.1+011628  18:41:56.14 +01:16:27.7     0.000   2.08e-02   1.8e-02     0.20   1.28e-01   1.52e-01 1.3e-01   30  19  41       7.520   2.27e-01   6.2e-02     0.14   3.53e-01   4.63e-01 1.3e-01   21  14  27      15.380   4.40e-01   1.2e-01     0.15   5.09e-01   3.43e-01 9.6e-02   24  18 -86       9.650   3.61e-01   1.9e-01     0.11   4.16e-01   3.81e-01 2.1e-01   35  25 -88      15.890   5.44e-01   2.8e-01     0.18  6.17e-01 3.2e-01   43  36 -23      17.310     1.998     0.22     0.676   8.957   25  21 -88      4      1     0             					  no SED fit      
  800	  184157.2+011407  18:41:57.21 +01:14:06.6     2.509  -2.90e-02   1.2e-02    -0.55  -3.47e-01  -3.28e-01 1.3e-01   65  32  35       0.000   5.51e-02   3.4e-02     0.03   3.31e-01   1.26e-01 7.8e-02   63  59  54       0.000   2.18e-01   6.8e-02     0.07   5.38e-01   1.20e+00 3.7e-01   43  42 -67       9.575   4.83e-01   1.2e-01     0.17   6.68e-01   1.36e+00 3.5e-01   44  31  35      17.000   8.73e-01   2.4e-01     0.31  1.52e+00 4.2e-01   45  41  25      25.890     1.748     0.17     0.904  10.460   58  23  36      2      1     0             					  no SED fit      
  801	  184158.3+012054  18:41:58.31 +01:20:53.7     4.646  -3.70e-02   8.0e-03    -1.13  -3.57e-01   1.73e-01 3.7e-02   71  22  18       0.000   9.67e-02   4.1e-02     0.07   6.31e-01   1.68e+00 7.2e-01   78  70  88       6.190   1.99e-01   6.0e-02     0.09   4.44e-01   1.12e+00 3.4e-01   71  26  30       8.257   3.28e-01   7.4e-02     0.16   4.44e-01   1.01e+00 2.3e-01   66  25  29       9.065   3.82e-01   4.5e-02     0.21  7.41e-01 8.6e-02   65  36  31      15.010     0.949     0.19     0.477   5.017   70  21  29      3      2     2                               
  802	  184203.3+012130  18:42:03.36 +01:21:29.6     0.000   1.86e-03   1.5e-02     0.02   2.24e-02  -7.96e-02 6.6e-01   59  34 -19       0.000   1.02e-01   4.2e-02     0.07   5.18e-01   1.00e+00 4.1e-01   50  42 -33       6.277   2.09e-01   6.7e-02     0.10   4.05e-01   6.57e-01 2.1e-01   51  23  11       7.935   3.26e-01   4.6e-02     0.16   4.18e-01   6.65e-01 9.4e-02   51  25  14       7.257   2.94e-01   4.6e-02     0.17  4.10e-01 6.4e-02   54  36  10      12.220     0.903     0.21     0.378   4.376   45  19  17      3      1     2                               
  803	  184206.9+004310  18:42:06.90 +00:43:09.8     0.000   3.17e-02   2.0e-02     0.23   5.07e-01  -8.44e-02 5.4e-02   70  65  85       6.047   1.61e-01   3.8e-02     0.10   8.62e-01   2.14e+00 5.1e-01   63  41  49       6.933   3.11e-01   2.8e-02     0.14   7.43e-01   1.74e+00 1.6e-01   47  36  55       7.289   3.09e-01   3.0e-02     0.16   4.43e-01   9.36e-01 9.2e-02   45  34  66       6.809   2.36e-01   2.8e-02     0.14  3.45e-01 4.1e-02   47  36  61       7.975     0.783     0.24     0.428   3.231   41  30  60      4      0     1                               
  804	  184207.7+012116  18:42:07.76 +01:21:15.9     0.000   2.05e-02   1.6e-02     0.23   2.48e-01   1.64e-01 1.3e-01   48  39  51       0.000   2.08e-01   4.6e-02     0.14   6.94e-01   9.28e-01 2.0e-01   32  26 -51      10.130   4.21e-01   5.2e-02     0.21   7.06e-01   1.17e+00 1.5e-01   30  26 -48      12.270   4.35e-01   6.3e-02     0.23   4.65e-01   6.38e-01 9.2e-02   29  25 -25       9.207   3.16e-01   6.5e-02     0.19  3.04e-01 6.3e-02   36  36 -29      16.820     1.383     0.36     0.569   3.835   31  23 -34      3      1     2                               
  805	  184218.4+012148  18:42:18.42 +01:21:47.8     0.000   2.15e-02   1.9e-02     0.22   3.12e-01   1.17e-01 1.0e-01   59  53 -43       0.000   1.44e-01   4.9e-02     0.09   7.88e-01   1.57e+00 5.4e-01   56  47  37      17.200   7.09e-01   9.9e-02     0.30   1.32e+00   2.77e+00 3.8e-01   35  27  20      22.520   1.07e+00   1.4e-01     0.47   1.34e+00   2.43e+00 3.2e-01   37  28  31      25.260   1.01e+00   1.2e-01     0.49  1.35e+00 1.6e-01   45  36  35      46.970     4.823     0.98     2.346   4.925   36  27  34      3      1     2     PGCC G033.10+02.65                          
  806	  184223.0+010239  18:42:23.08 +01:02:39.0    13.920   3.15e-01   2.3e-02     3.02   3.92e-01   4.87e-01 3.6e-02   10   8  72      24.480   7.17e-01   4.5e-02     0.47   7.81e-01   6.97e-01 4.4e-02   14  14  23      11.930   2.09e-01   6.5e-02     0.10   2.00e-01   1.69e-01 5.3e-02   18  18 -60       6.490   8.67e-02   7.7e-02     0.05   8.60e-02   6.79e-02 6.1e-02   25  25  85       0.000   4.00e-02   6.7e-02     0.02  5.80e-03 9.7e-03   36  36  65       0.000     0.025     0.01     0.006   3.138   18  18 -24      4      1     4            						 no SED fit      
  807	  184223.7+010234  18:42:23.72 +01:02:33.9    20.100   3.01e-01   2.4e-02     2.82   3.71e-01   4.83e-01 3.8e-02   10   8  39      27.100   8.21e-01   4.7e-02     0.54   8.94e-01   8.38e-01 4.8e-02   14  14 -30      18.110   4.83e-01   6.6e-02     0.24   4.64e-01   3.99e-01 5.5e-02   18  18 -56       7.893   2.47e-01   7.9e-02     0.14   2.45e-01   2.09e-01 6.6e-02   25  25 -16       0.000   4.54e-02   6.9e-02     0.03  7.77e-03 1.2e-02   36  36  86       0.000     0.230     0.07     0.066   3.262   22  18 -78      4      0     4                               
  808	  184225.5+012223  18:42:25.58 +01:22:23.1     0.000   4.44e-03   1.4e-02     0.05   4.12e-02  -3.97e-01 1.3e+00   35  30  -3       0.000   4.33e-02   3.9e-02     0.03   1.78e-01   2.85e-01 2.6e-01   41  31  85       8.575   3.84e-01   1.0e-01     0.18   6.18e-01   9.41e-01 2.5e-01   37  21 -29      11.230   4.26e-01   1.3e-01     0.21   5.26e-01   7.66e-01 2.4e-01   39  26 -20      12.620   3.99e-01   1.1e-01     0.21  5.60e-01 1.6e-01   48  36 -21      21.370     1.637     0.37     0.710   4.387   42  20 -16      3      1     2                               
  809	  184227.4+012231  18:42:27.42 +01:22:30.7     1.126  -1.40e-02   1.2e-02    -0.24  -1.82e-01  -1.59e-01 1.4e-01   60  39  43       0.000   4.94e-02   3.7e-02     0.03   3.08e-01   6.27e-01 4.7e-01   68  63   3       8.037   4.40e-01   9.1e-02     0.20   8.98e-01   1.90e+00 4.0e-01   38  30 -19      11.950   5.82e-01   1.2e-01     0.29   8.70e-01   2.07e+00 4.3e-01   47  37 -15      12.630   5.34e-01   1.1e-01     0.29  9.25e-01 1.9e-01   46  37   2      23.770     2.646     0.64     1.489   4.140   44  30 -15      3      0     2                               
  810	  184233.8+012314  18:42:33.79 +01:23:13.9     0.000   9.95e-04   1.3e-02     0.01   1.84e-02  -1.02e+00 1.3e+01  151  91 -78       0.000   5.37e-02   4.8e-02     0.04   3.93e-01   2.95e+00 2.6e+00  124 122  44       0.000   2.15e-01   5.4e-02     0.09   7.04e-01   4.31e+00 1.1e+00  116  62  28       6.009   3.03e-01   8.1e-02     0.16   5.49e-01   2.83e+00 7.6e-01   96  51  13       6.187   3.29e-01   9.0e-02     0.19  1.38e+00 3.8e-01   92  50  14      10.890     1.174     0.30     0.962   3.897  100  53  11      2      1     0     DOBASHI 1413                 no SED fit    
  811	  184236.2+010554  18:42:36.26 +01:05:54.2     0.000   3.73e-02   1.9e-02     0.30   5.91e-01   4.67e-02 2.4e-02   69  64  36       0.000   1.26e-01   5.1e-02     0.08   7.41e-01   2.12e+00 8.5e-01   70  49 -25       6.013   2.45e-01   8.3e-02     0.12   5.53e-01   1.32e+00 4.5e-01   51  31 -45       6.218   2.42e-01   9.7e-02     0.13   3.70e-01   8.13e-01 3.3e-01   50  38 -34       6.613   2.13e-01   8.9e-02     0.13  3.89e-01 1.6e-01   51  43 -29       7.143     0.680     0.20     0.454   3.424   55  38  32      3      2     1             					tentative bound 
  812	  184238.1-000840  18:42:38.16 -00:08:41.6     0.277  -3.90e-03   1.4e-02    -0.03  -3.53e-02   9.00e-01 3.2e+00   61  21  82      11.880   3.23e-01   3.9e-02     0.18   9.01e-01   1.68e+00 2.0e-01   31  21 -46       9.520   3.96e-01   3.1e-02     0.17   6.59e-01   1.26e+00 9.9e-02   34  23 -76       7.570   3.30e-01   3.1e-02     0.17   3.84e-01   6.55e-01 6.1e-02   36  25 -71       6.843   2.11e-01   2.9e-02     0.12  2.65e-01 3.7e-02   43  36 -71       6.381     0.540     0.17     0.255   3.127   38  24 -75      4      1     1             					                
  813	  184238.3-000829  18:42:38.30 -00:08:30.9    29.570   5.88e-01   2.6e-02     3.95   6.40e-01   5.70e-01 2.5e-02    8   8  49      13.580   4.85e-01   5.4e-02     0.26   5.28e-01   4.34e-01 4.9e-02   14  14  84      12.070   4.11e-01   3.5e-02     0.17   4.75e-01   4.35e-01 3.7e-02   24  18 -76       8.967   3.28e-01   3.7e-02     0.16   3.49e-01   3.69e-01 4.1e-02   29  25 -65       6.725   1.91e-01   3.2e-02     0.11  2.17e-01 3.7e-02   45  36 -77       8.170     0.542     0.17     0.166   3.250   24  18 -55      5      1     4             					                
  814	  184240.7+005635  18:42:40.74 +00:56:35.2     4.806  -4.88e-02   1.0e-02    -0.71  -2.34e-01  -3.82e-02 7.9e-03   39  12 -70      10.760   3.24e-01   4.4e-02     0.23   8.27e-01   1.20e+00 1.6e-01   27  20  -1      12.810   4.76e-01   4.3e-02     0.26   6.17e-01   1.02e+00 9.3e-02   24  21  15       9.707   3.69e-01   3.8e-02     0.23   3.75e-01   5.19e-01 5.3e-02   26  25   6       0.000   1.84e-01   3.0e-02     0.12  1.67e-01 2.7e-02   36  36 -66       9.885     0.836     0.32     0.291   2.646   24  22  45      3      1     1             					                
  815	  184257.7+001940  18:42:57.77 +00:19:40.2     0.000   3.00e-02   2.0e-02     0.16   4.03e-01   3.65e-01 2.4e-01   54  46  87      13.910   4.51e-01   6.1e-02     0.22   1.67e+00   3.70e+00 5.0e-01   35  29 -76      11.580   5.13e-01   6.8e-02     0.19   9.68e-01   1.96e+00 2.6e-01   38  26 -72       8.697   3.71e-01   5.9e-02     0.17   4.71e-01   8.32e-01 1.3e-01   39  28 -72       6.840   2.28e-01   5.6e-02     0.12  3.21e-01 7.9e-02   50  36 -61       6.278     0.540     0.16     0.262   3.347   39  25 -73      4      1     1             					                
  816	  184315.7-000026  18:43:15.77 -00:00:26.4     9.256   1.77e-01   2.4e-02     1.01   2.44e-01   1.86e-01 2.6e-02   11   8  41      11.200   4.23e-01   4.0e-02     0.21   4.60e-01   2.25e-01 2.1e-02   14  14  27       6.275   1.60e-01   4.8e-02     0.07   1.80e-01   1.44e-01 4.3e-02   23  18  14       0.000   3.48e-02   2.9e-02     0.02   3.45e-02   1.82e-02 1.5e-02   25  25 -89       0.000   1.69e-02   2.1e-02     0.01  3.57e-03 4.3e-03   36  36 -14       0.000     0.002     0.00     0.000   2.937   18  18  63      3      0     4             					  no SED fit    
  817	  184324.7+011419  18:43:24.72 +01:14:19.2     0.735  -1.03e-02   1.4e-02    -0.17  -1.18e-01   2.89e-02 3.9e-02  101  27  78       0.000   2.06e-01   3.5e-02     0.14   1.25e+00   4.14e+00 7.1e-01   81  51 -72       7.651   4.01e-01   5.5e-02     0.22   1.00e+00   2.96e+00 4.1e-01   62  34 -64       9.291   4.59e-01   6.6e-02     0.28   7.37e-01   2.23e+00 3.2e-01   67  38 -70       9.250   4.07e-01   6.3e-02     0.28  1.05e+00 1.6e-01   68  44 -78      13.230     1.515     0.54     1.054   2.822   61  39 -74      3      3     2             					                
  818	  184324.9+011203  18:43:24.96 +01:12:02.5     0.000   6.06e-02   2.4e-02     0.43   7.79e-01   2.35e-01 9.3e-02   48  44   1       0.000   1.56e-01   4.7e-02     0.11   7.01e-01   1.14e+00 3.4e-01   41  37  23       6.315   2.32e-01   5.1e-02     0.12   3.37e-01   5.25e-01 1.2e-01   37  18  17       6.868   2.71e-01   5.4e-02     0.17   3.03e-01   4.22e-01 8.5e-02   32  25   8       0.000   1.57e-01   5.2e-02     0.10  1.73e-01 5.7e-02   41  36 -48       7.577     0.616     0.22     0.228   2.841   32  19  -1      2      0     0             					  no SED fit    
  819	  184334.6+005526  18:43:34.61 +00:55:25.5     0.000   1.84e-02   1.8e-02     0.16   2.47e-01  -3.43e-02 3.3e-02   57  44 -58       0.000   2.26e-01   5.8e-02     0.13   8.58e-01   1.50e+00 3.8e-01   42  27 -58       6.705   2.58e-01   5.3e-02     0.12   4.62e-01   7.56e-01 1.6e-01   46  22 -67       6.942   2.92e-01   5.5e-02     0.16   3.67e-01   5.62e-01 1.1e-01   46  25 -67       7.568   2.30e-01   4.9e-02     0.14  2.32e-01 4.9e-02   46  36 -68       7.605     0.605     0.18     0.252   3.364   47  18 -64      3      0     3             					tentative bound 
  820	  184335.4+010719  18:43:35.49 +01:07:19.5     2.476  -2.83e-02   1.1e-02    -0.43  -3.13e-01  -1.62e-02 6.5e-03   74  27  30       0.000   1.53e-01   4.1e-02     0.10   8.36e-01   1.26e+00 3.4e-01   57  46 -15       6.261   2.61e-01   9.7e-02     0.13   6.50e-01   1.59e+00 5.9e-01   48  39 -61       6.530   3.06e-01   1.1e-01     0.17   4.62e-01   1.08e+00 4.0e-01   44  40  85       6.765   2.25e-01   1.0e-01     0.14  4.37e-01 2.0e-01   50  44 -57       8.855     0.772     0.24     0.495   3.165   48  37  65      3      0     2                             
  821	  184338.0+010058  18:43:38.05 +01:00:57.9     0.000   2.89e-02   1.6e-02     0.25   5.03e-01   1.95e+00 1.1e+00   87  85 -55       0.000   2.50e-01   5.9e-02     0.14   1.49e+00   7.18e+00 1.7e+00   64  55 -68       6.960   3.78e-01   7.9e-02     0.16   9.99e-01   2.86e+00 6.0e-01   60  40 -73       9.678   4.26e-01   9.8e-02     0.19   6.82e-01   1.92e+00 4.4e-01   60  39 -73       8.100   3.65e-01   9.9e-02     0.19  9.04e-01 2.5e-01   61  42 -87      12.520     1.237     0.30     0.847   4.089   61  38 -74      3      0     2     DOBASHI 1410                                   
  822	  184338.3+005328  18:43:38.39 +00:53:27.7    18.540   3.82e-01   2.5e-02     3.03   4.16e-01   3.64e-01 2.4e-02    8   8  25      16.130   5.97e-01   5.2e-02     0.38   6.50e-01   5.56e-01 4.8e-02   14  14 -16       8.627   2.53e-01   8.1e-02     0.12   2.73e-01   2.48e-01 7.9e-02   21  18 -63       0.000   4.21e-02   4.9e-02     0.02   4.18e-02   1.44e-02 1.7e-02   25  25  90       0.000   2.95e-03   3.9e-02     0.00  1.80e-03 2.4e-02   36  36 -70       0.000     0.042     0.01     0.011   3.438   18  18  57      3      1     4            						  no SED fit    
  823	  184345.9+005017  18:43:45.96 +00:50:17.3     0.461  -5.68e-03   1.2e-02    -0.07  -7.80e-02   5.68e-02 1.2e-01   78  39  44       7.815   3.10e-01   5.4e-02     0.21   1.74e+00   5.77e+00 1.0e+00   64  45 -54      12.590   7.80e-01   8.9e-02     0.38   1.87e+00   5.38e+00 6.1e-01   55  33 -70      15.510   7.67e-01   9.5e-02     0.41   1.12e+00   2.81e+00 3.5e-01   54  32 -71      16.210   6.70e-01   7.5e-02     0.41  1.31e+00 1.5e-01   56  36 -75      23.360     2.416     0.69     1.306   3.477   54  25 -71      4      0     3            						tentative bound 
  824	  184346.8+010059  18:43:46.85 +01:00:59.0     0.000   1.77e-03   1.2e-02     0.02   2.92e-02  -2.47e-01 1.7e+00  108  58 -38       7.491   2.26e-01   4.7e-02     0.14   9.25e-01   1.88e+00 3.9e-01   60  25 -10       9.959   5.63e-01   7.4e-02     0.25   1.36e+00   3.59e+00 4.7e-01   51  35  -2      11.380   6.09e-01   9.0e-02     0.29   9.24e-01   2.30e+00 3.4e-01   50  37  -2      10.320   4.99e-01   9.4e-02     0.27  9.61e-01 1.8e-01   51  39 -20      14.000     1.634     0.44     1.023   3.715   44  38   6      4      1     2            						                
  825	  184347.4+005001  18:43:47.46 +00:50:01.0     0.304  -3.88e-03   1.3e-02    -0.04  -2.11e-02  -4.84e-02 1.6e-01   59  12 -68       6.163   1.48e-01   3.8e-02     0.10   1.61e-01   1.82e-01 4.7e-02   14  14  -3      11.130   4.73e-01   4.6e-02     0.23   4.82e-01   6.94e-01 6.8e-02   20  18  33      13.690   4.58e-01   7.7e-02     0.25   4.55e-01   5.83e-01 9.8e-02   25  25  26      15.440   4.54e-01   1.1e-01     0.28  4.82e-01 1.1e-01   36  36  73      19.110     1.598     0.47     0.515   3.414   24  20  65      4      0     2            						                
  826	  184358.1+004811  18:43:58.17 +00:48:10.5     1.848  -2.22e-02   1.2e-02    -0.26  -3.77e-01   9.39e-02 5.1e-02  127  62  48       0.000   1.74e-01   4.8e-02     0.11   1.19e+00   6.00e+00 1.7e+00  106  75 -56       0.000   2.81e-01   2.7e-02     0.13   8.61e-01   3.92e+00 3.8e-01   89  51  61       6.160   2.76e-01   3.1e-02     0.16   5.09e-01   2.17e+00 2.4e-01   81  62  61       6.393   2.58e-01   3.8e-02     0.18  9.65e-01 1.4e-01   69  65  49       7.290     0.823     0.29     0.716   2.800   90  75 -87      2      1     0            						  no SED fit    
  827	  184402.4+003553  18:44:02.46 +00:35:52.7    37.160   5.47e-01   2.4e-02     3.96   9.43e-01   1.48e+00 6.5e-02   12  10  67      45.510   1.40e+00   6.2e-02     0.85   1.83e+00   2.46e+00 1.1e-01   16  14  69      27.680   9.77e-01   5.4e-02     0.48   9.81e-01   1.26e+00 7.0e-02   19  18  80      14.470   5.27e-01   4.4e-02     0.31   5.24e-01   6.02e-01 5.0e-02   25  25 -68       9.456   3.04e-01   3.3e-02     0.22  3.11e-01 3.3e-02   36  36   1       7.763     0.568     0.22     0.164   2.612   22  18 -61      5      2     4            						                
  828	  184406.8+004351  18:44:06.85 +00:43:51.2     0.000   7.17e-03   1.6e-02     0.06   1.22e-01   3.51e-01 7.9e-01   86  76  54       8.361   3.51e-01   4.9e-02     0.24   1.91e+00   6.72e+00 9.3e-01   51  50  83      13.920   7.70e-01   6.3e-02     0.38   1.80e+00   5.45e+00 4.5e-01   48  34 -52      16.110   8.43e-01   5.7e-02     0.47   1.27e+00   3.57e+00 2.4e-01   49  37 -56      14.730   7.03e-01   6.2e-02     0.46  1.57e+00 1.4e-01   51  40 -58      22.320     2.608     0.88     1.526   2.968   45  32 -55      4      2     3            						tentative bound 
  829	  184421.4+005301  18:44:21.39 +00:53:01.2     0.000   4.02e-02   2.0e-02     0.26   7.46e-01   2.78e+00 1.4e+00  118 109  66       7.529   1.93e-01   5.7e-02     0.11   1.22e+00   6.52e+00 1.9e+00  109  52 -44       9.617   4.62e-01   7.2e-02     0.19   1.39e+00   6.61e+00 1.0e+00   99  46 -53      10.190   5.00e-01   7.2e-02     0.24   8.97e-01   4.16e+00 6.0e-01   98  49 -51       9.491   4.24e-01   6.0e-02     0.23  1.59e+00 2.2e-01   92  49 -49       9.705     0.968     0.28     0.761   3.469   96  46 -50      4      0     1                            
  830	  184506.3+010259  18:45:06.38 +01:02:58.8     0.000   5.09e-02   2.3e-02     0.31   6.81e-01   5.42e-01 2.5e-01   51  47 -86      16.240   5.67e-01   5.2e-02     0.31   1.63e+00   3.26e+00 3.0e-01   31  22  79      14.450   6.65e-01   4.4e-02     0.27   1.18e+00   2.33e+00 1.6e-01   32  27  83      11.180   4.81e-01   4.0e-02     0.22   5.86e-01   1.02e+00 8.4e-02   35  28 -76       7.464   3.11e-01   4.0e-02     0.16  3.64e-01 4.7e-02   38  36 -86       9.649     0.866     0.24     0.382   3.601   29  27 -79      4      0     1                            
  831	  184521.0+011441  18:45:21.06 +01:14:40.8     0.000   5.33e-02   2.2e-02     0.32   6.28e-01   2.48e-01 1.0e-01   47  37  -8       6.362   2.42e-01   4.5e-02     0.13   5.01e-01   4.60e-01 8.5e-02   32  14 -84       8.349   3.23e-01   3.8e-02     0.13   3.85e-01   6.00e-01 7.1e-02   25  18 -88       7.105   2.91e-01   3.9e-02     0.14   3.00e-01   3.97e-01 5.3e-02   27  25 -78       0.000   1.45e-01   4.7e-02     0.07  1.31e-01 4.2e-02   36  36  75       8.519     0.726     0.21     0.220   3.484   23  19  81      3      2     3                            
  832	  184525.0+010519  18:45:25.03 +01:05:18.9     0.000   4.10e-02   1.9e-02     0.27   3.77e-01   2.89e-01 1.4e-01   37  28 -42       8.525   2.37e-01   6.0e-02     0.12   4.69e-01   5.39e-01 1.4e-01   24  16 -12      14.700   5.53e-01   1.1e-01     0.20   6.15e-01   8.11e-01 1.6e-01   23  18 -51      12.030   4.27e-01   6.6e-02     0.18   4.32e-01   4.80e-01 7.4e-02   26  25 -45       9.291   3.89e-01   5.1e-02     0.19  3.89e-01 5.1e-02   36  36 -59      17.070     1.388     0.33     0.378   4.195   20  18 -31      4      1     2                            
  833	  184530.8+010413  18:45:30.87 +01:04:13.3     1.286  -1.44e-02   1.1e-02    -0.13  -1.40e-01   2.27e-01 1.8e-01   64  23  32       9.258   2.83e-01   7.3e-02     0.14   7.29e-01   1.15e+00 3.0e-01   42  16  -9      15.810   5.55e-01   1.5e-01     0.21   7.17e-01   1.14e+00 3.0e-01   29  18 -14      11.610   5.93e-01   7.1e-02     0.26   7.57e-01   1.36e+00 1.6e-01   50  25 -19       9.445   5.53e-01   5.5e-02     0.28  9.33e-01 9.3e-02   59  36 -14      15.650     1.710     0.45     0.783   3.805   47  21 -27      4      1     2                            
