No data_format specified in output block 'output1', using default
No data_format specified in output block 'output1', using default
No data_format specified in output block 'output1', using default
No data_format specified in output block 'output1', using default
No data_format specified in output block 'output1', using default
No data_format specified in output block 'output1', using default
No data_format specified in output block 'output1', using default
No data_format specified in output block 'output1', using default

Setup complete, entering main loop...

cycle=0 time=0.0000000000000000e+00 dt=2.8395721137321381e-03
cycle=1 time=2.8395721137321381e-03 dt=2.8393569396817421e-03
cycle=2 time=5.6789290534138802e-03 dt=2.8386054713025496e-03
cycle=3 time=8.5175345247164302e-03 dt=2.8372652417584274e-03
cycle=4 time=1.1354799766474858e-02 dt=2.8353951989064869e-03
cycle=5 time=1.4190194965381344e-02 dt=2.8328940244876769e-03
cycle=6 time=1.7023088989869022e-02 dt=2.8298102964997613e-03
cycle=7 time=1.9852899286368783e-02 dt=2.8261392394292838e-03
cycle=8 time=2.2679038525798067e-02 dt=2.8218649127074846e-03
cycle=9 time=2.5500903438505550e-02 dt=2.8166189175562167e-03
cycle=10 time=2.8317522356061768e-02 dt=2.8105398365542819e-03
cycle=11 time=3.1128062192616050e-02 dt=2.8036927502551614e-03
cycle=12 time=3.3931754942871213e-02 dt=2.7960635648617933e-03
cycle=13 time=3.6727818507733004e-02 dt=2.7876287287394112e-03
cycle=14 time=3.9515447236472413e-02 dt=2.7783655866563074e-03
cycle=15 time=4.2293812823128718e-02 dt=2.7682402860490945e-03
cycle=16 time=4.5062053109177810e-02 dt=2.7569457267440623e-03
cycle=17 time=4.7818998835921875e-02 dt=2.7427232595963811e-03
cycle=18 time=5.0561722095518256e-02 dt=2.6133531429991851e-03
cycle=19 time=5.3175075238517444e-02 dt=2.4937496749225210e-03
cycle=20 time=5.5668824913439968e-02 dt=2.3724152646718696e-03
cycle=21 time=5.8041240178111839e-02 dt=2.2045029506166259e-03
cycle=22 time=6.0245743128728463e-02 dt=2.0533739702961865e-03
cycle=23 time=6.2299117099024651e-02 dt=1.9166761638916572e-03
cycle=24 time=6.4215793262916307e-02 dt=1.7922985974158812e-03
cycle=25 time=6.6008091860332185e-02 dt=1.6787305032379422e-03
cycle=26 time=6.7686822363570126e-02 dt=1.5785571139961038e-03
cycle=27 time=6.9265379477566225e-02 dt=1.4896034332397923e-03
cycle=28 time=7.0754982910806022e-02 dt=1.4101302238207858e-03
cycle=29 time=7.2165113134626813e-02 dt=1.3385901649855621e-03
cycle=30 time=7.3503703299612380e-02 dt=1.2737325615796065e-03
cycle=31 time=7.4777435861191982e-02 dt=1.2146704310438282e-03
cycle=32 time=7.5992106292235809e-02 dt=1.1606656823966535e-03
cycle=33 time=7.7152771974632467e-02 dt=1.1072092690922969e-03
cycle=34 time=7.8259981243724769e-02 dt=1.0534616711490052e-03
cycle=35 time=7.9313442914873772e-02 dt=1.0053999572043088e-03
cycle=36 time=8.0318842872078078e-02 dt=9.6211907377613136e-04
cycle=37 time=8.1280961945854213e-02 dt=9.2286092519200120e-04
cycle=38 time=8.2203822871046217e-02 dt=8.8712176900652496e-04
cycle=39 time=8.3090944640052747e-02 dt=8.5430286634733321e-04
cycle=40 time=8.3945247506400075e-02 dt=8.2428523556389349e-04
cycle=41 time=8.4769532741963971e-02 dt=7.9329582182006400e-04
cycle=42 time=8.5562828563784041e-02 dt=7.6338988824575403e-04
cycle=43 time=8.6326218452029799e-02 dt=7.3550347237491260e-04
cycle=44 time=8.7061721924404714e-02 dt=7.0953863832558044e-04
cycle=45 time=8.7771260562730297e-02 dt=6.8537645539447313e-04
cycle=46 time=8.8456637018124770e-02 dt=6.6290392640547117e-04
cycle=47 time=8.9119540944530243e-02 dt=6.4198565890904741e-04
cycle=48 time=8.9761526603439293e-02 dt=6.2253592014350882e-04
cycle=49 time=9.0384062523582803e-02 dt=6.0447100088258153e-04
cycle=50 time=9.0988533524465384e-02 dt=5.8771055565285085e-04
cycle=51 time=9.1576244080118233e-02 dt=5.7215277585801253e-04
cycle=52 time=9.2148396855976242e-02 dt=5.5769728318036773e-04
cycle=53 time=9.2706094139156606e-02 dt=5.4424191442273946e-04
cycle=54 time=9.3250336053579339e-02 dt=5.3168123106689359e-04
cycle=55 time=9.3782017284646232e-02 dt=5.1990689218739394e-04
cycle=56 time=9.4301924176833626e-02 dt=5.0885440312898439e-04
cycle=57 time=9.4810778579962604e-02 dt=4.9665643855094767e-04
cycle=58 time=9.5307435018513548e-02 dt=4.8431441883476072e-04
cycle=59 time=9.5791749437348306e-02 dt=4.7251261601421307e-04
cycle=60 time=9.6264262053362512e-02 dt=4.6125234724811654e-04
cycle=61 time=9.6725514400610627e-02 dt=4.5054093359862330e-04
cycle=62 time=9.7176055334209255e-02 dt=4.4037214456949989e-04
cycle=63 time=9.7616427478778758e-02 dt=4.3073722867935734e-04
cycle=64 time=9.8047164707458112e-02 dt=4.2162639648025567e-04
cycle=65 time=9.8468791103938372e-02 dt=4.1302875862670639e-04
cycle=66 time=9.8881819862565085e-02 dt=4.0493224768484447e-04
cycle=67 time=9.9286752110249926e-02 dt=3.9732269946101263e-04
cycle=68 time=9.9684074809710935e-02 dt=3.9018156705091119e-04
cycle=69 time=1.0007425637676184e-01 dt=3.8348398864892624e-04
cycle=70 time=1.0045774036541077e-01 dt=3.7719809905181799e-04
cycle=71 time=1.0083493846446259e-01 dt=3.7127956748870796e-04
cycle=72 time=1.0120621803195130e-01 dt=3.6571841877019372e-04
cycle=73 time=1.0157193645072150e-01 dt=3.5882701496532085e-04
cycle=74 time=1.0193076346568683e-01 dt=3.5205889878507255e-04
cycle=75 time=1.0228282236447191e-01 dt=3.4552979710706353e-04
cycle=76 time=1.0262835216157896e-01 dt=3.3924715666326281e-04
cycle=77 time=1.0296759931824223e-01 dt=3.3321942810393207e-04
cycle=78 time=1.0330081874634617e-01 dt=3.2745141930331438e-04
cycle=79 time=1.0362827016564949e-01 dt=3.2194571394402225e-04
cycle=80 time=1.0395021587959351e-01 dt=3.1670452766851550e-04
cycle=81 time=1.0426692040726203e-01 dt=3.1172898626739067e-04
cycle=82 time=1.0457864939352941e-01 dt=3.0701943259658346e-04
cycle=83 time=1.0488566882612600e-01 dt=3.0257438197426792e-04
cycle=84 time=1.0518824320810027e-01 dt=2.9838896947905407e-04
cycle=85 time=1.0548663217757932e-01 dt=2.9445590344890743e-04
cycle=86 time=1.0578108808102824e-01 dt=2.9076068667268382e-04
cycle=87 time=1.0607184876770091e-01 dt=2.8727654461282862e-04
cycle=88 time=1.0635912531231374e-01 dt=2.8400765024698540e-04
cycle=89 time=1.0664313296256073e-01 dt=2.7966615347044732e-04
cycle=90 time=1.0692279911603117e-01 dt=2.7537985203632015e-04
cycle=91 time=1.0719817896806749e-01 dt=2.7122289322180777e-04
cycle=92 time=1.0746940186128930e-01 dt=2.6720357273276078e-04
cycle=93 time=1.0773660543402205e-01 dt=2.6332921839803097e-04
cycle=94 time=1.0799993465242008e-01 dt=2.5960750250252291e-04
cycle=95 time=1.0825954215492260e-01 dt=2.5604164656433878e-04
cycle=96 time=1.0851558380148695e-01 dt=2.5263540447242904e-04
cycle=97 time=1.0876821920595937e-01 dt=2.4939191542286052e-04
cycle=98 time=1.0901761112138224e-01 dt=2.4631310432201772e-04
cycle=99 time=1.0926392422570426e-01 dt=2.4340201913736952e-04
cycle=100 time=1.0950732624484164e-01 dt=2.4065917667269807e-04
cycle=101 time=1.0974798542151433e-01 dt=2.3808104532118630e-04
cycle=102 time=1.0998606646683552e-01 dt=2.3566036647035724e-04
cycle=103 time=1.1022172683330587e-01 dt=2.3337919936322569e-04
cycle=104 time=1.1045510603266910e-01 dt=2.3124233236088563e-04
cycle=105 time=1.1068634836502998e-01 dt=2.2840897895483640e-04
cycle=106 time=1.1091475734398482e-01 dt=2.2543763537680224e-04
cycle=107 time=1.1114019497936162e-01 dt=2.2254620513385067e-04
cycle=108 time=1.1136274118449546e-01 dt=2.1974182216396107e-04
cycle=109 time=1.1158248300665942e-01 dt=2.1703089309122809e-04
cycle=110 time=1.1179951389975065e-01 dt=2.1441993036288773e-04
cycle=111 time=1.1201393383011354e-01 dt=2.1191285701833724e-04
cycle=112 time=1.1222584668713188e-01 dt=2.0951294389604452e-04
cycle=113 time=1.1243535963102792e-01 dt=2.0722264075427851e-04
cycle=114 time=1.1264258227178220e-01 dt=2.0504595654339988e-04
cycle=115 time=1.1284762822832560e-01 dt=2.0298592742728659e-04
cycle=116 time=1.1305061415575289e-01 dt=2.0104410727063521e-04
cycle=117 time=1.1325165826302352e-01 dt=1.9921966875887978e-04
cycle=118 time=1.1345087793178241e-01 dt=1.9750943538253616e-04
cycle=119 time=1.1364838736716494e-01 dt=1.9590098164779985e-04
cycle=120 time=1.1384428834881274e-01 dt=1.9439557068803899e-04
cycle=121 time=1.1403868391950078e-01 dt=1.9253434460009191e-04
cycle=122 time=1.1423121826410088e-01 dt=1.9034480940176120e-04
cycle=123 time=1.1442156307350264e-01 dt=1.8820867488726978e-04
cycle=124 time=1.1460977174838990e-01 dt=1.8613204281317029e-04
cycle=125 time=1.1479590379120308e-01 dt=1.8412049963894523e-04
cycle=126 time=1.1498002429084203e-01 dt=1.8217983871077887e-04
cycle=127 time=1.1516220412955280e-01 dt=1.8031359033522147e-04
cycle=128 time=1.1534251771988803e-01 dt=1.7852354541944581e-04
cycle=129 time=1.1552104126530748e-01 dt=1.7681446770456821e-04
cycle=130 time=1.1569785573301204e-01 dt=1.7518891299209006e-04
cycle=131 time=1.1587304464600413e-01 dt=1.7364960613763474e-04
cycle=132 time=1.1604669425214177e-01 dt=1.7219875073137822e-04
cycle=133 time=1.1621889300287315e-01 dt=1.7083668687800248e-04
cycle=134 time=1.1638972968975116e-01 dt=1.6956243064535038e-04
cycle=135 time=1.1655929212039651e-01 dt=1.6836742255814136e-04
cycle=136 time=1.1672765954295465e-01 dt=1.6724995581997046e-04
cycle=137 time=1.1689490949877462e-01 dt=1.6601724929332038e-04
cycle=138 time=1.1706092674806795e-01 dt=1.6433158965196794e-04
cycle=139 time=1.1722525833771992e-01 dt=1.6268384166502042e-04
cycle=140 time=1.1738794217938495e-01 dt=1.6107936953950244e-04
cycle=141 time=1.1754902154892445e-01 dt=1.5952297572720221e-04
cycle=142 time=1.1770854452465165e-01 dt=1.5801965826486253e-04
cycle=143 time=1.1786656418291652e-01 dt=1.5657243616554409e-04
cycle=144 time=1.1802313661908206e-01 dt=1.5518358788939473e-04
cycle=145 time=1.1817832020697146e-01 dt=1.5385664874150435e-04
cycle=146 time=1.1833217685571296e-01 dt=1.5259417965035092e-04
cycle=147 time=1.1848477103536331e-01 dt=1.5139869229957557e-04
cycle=148 time=1.1863616972766289e-01 dt=1.5027237777031147e-04
cycle=149 time=1.1878644210543320e-01 dt=1.4921613169129104e-04
cycle=150 time=1.1893565823712449e-01 dt=1.4823001250218067e-04
cycle=151 time=1.1908388824962667e-01 dt=1.4730789019205278e-04
cycle=152 time=1.1923119613981872e-01 dt=1.4644650785396589e-04
cycle=153 time=1.1937764264767269e-01 dt=1.4562137863614701e-04
cycle=154 time=1.1952326402630883e-01 dt=1.4428102586362470e-04
cycle=155 time=1.1966754505217246e-01 dt=1.4296879045869494e-04
cycle=156 time=1.1981051384263115e-01 dt=1.4168933662563849e-04
cycle=157 time=1.1995220317925680e-01 dt=1.4044702314895612e-04
cycle=158 time=1.2009265020240575e-01 dt=1.3924510672492371e-04
cycle=159 time=1.2023189530913068e-01 dt=1.3808905385324823e-04
cycle=160 time=1.2036998436298393e-01 dt=1.3697873093496935e-04
cycle=161 time=1.2050696309391891e-01 dt=1.3591772615661004e-04
cycle=162 time=1.2064288082007552e-01 dt=1.3490830894346013e-04
cycle=163 time=1.2077778912901897e-01 dt=1.3395270735704426e-04
cycle=164 time=1.2091174183637601e-01 dt=1.3305294071497194e-04
cycle=165 time=1.2104479477709099e-01 dt=1.3221019020851423e-04
cycle=166 time=1.2117700496729950e-01 dt=1.3142500429676537e-04
cycle=167 time=1.2130842997159626e-01 dt=1.3069272950707859e-04
cycle=168 time=1.2143912270110334e-01 dt=1.3000955393453330e-04
cycle=169 time=1.2156913225503788e-01 dt=1.2938764470683741e-04
cycle=170 time=1.2169851989974471e-01 dt=1.2836099967014259e-04
cycle=171 time=1.2182688089941486e-01 dt=1.2728989816631025e-04
cycle=172 time=1.2195417079758117e-01 dt=1.2624455258287593e-04
cycle=173 time=1.2208041535016405e-01 dt=1.2522814687600654e-04
cycle=174 time=1.2220564349704005e-01 dt=1.2424530648942793e-04
cycle=175 time=1.2232988880352948e-01 dt=1.2329948553721335e-04
cycle=176 time=1.2245318828906669e-01 dt=1.2239081795935723e-04
cycle=177 time=1.2257557910702604e-01 dt=1.2152257919949802e-04
cycle=178 time=1.2269710168622554e-01 dt=1.2069675736654841e-04
cycle=179 time=1.2281779844359209e-01 dt=1.1991536300230689e-04
cycle=180 time=1.2293771380659439e-01 dt=1.1918008994580350e-04
cycle=181 time=1.2305689389654019e-01 dt=1.1849226811061711e-04
cycle=182 time=1.2317538616465080e-01 dt=1.1785281545065911e-04
cycle=183 time=1.2329323898010146e-01 dt=1.1725789150330293e-04
cycle=184 time=1.2341049687160476e-01 dt=1.1670345606881442e-04
cycle=185 time=1.2352720032767357e-01 dt=1.1620113788361113e-04
cycle=186 time=1.2364340146555719e-01 dt=1.1541823421247596e-04
cycle=187 time=1.2375881969976966e-01 dt=1.1452676787483711e-04
cycle=188 time=1.2387334646764450e-01 dt=1.1365611307742657e-04
cycle=189 time=1.2398700258072193e-01 dt=1.1280964291368996e-04
cycle=190 time=1.2409981222363561e-01 dt=1.1199025338545670e-04
cycle=191 time=1.2421180247702107e-01 dt=1.1120078122054989e-04
cycle=192 time=1.2432300325824162e-01 dt=1.1044326513370496e-04
cycle=193 time=1.2443344652337533e-01 dt=1.0971959475359406e-04
cycle=194 time=1.2454316611812892e-01 dt=1.0903153470044162e-04
cycle=195 time=1.2465219765282937e-01 dt=1.0838082790426344e-04
cycle=196 time=1.2476057848073363e-01 dt=1.0776912193720284e-04
cycle=197 time=1.2486834760267083e-01 dt=1.0719769379203307e-04
cycle=198 time=1.2497554529646286e-01 dt=1.0666744056981384e-04
cycle=199 time=1.2508221273703268e-01 dt=1.0617512255969363e-04
cycle=200 time=1.2518838785959238e-01 dt=1.0571694917469426e-04
cycle=201 time=1.2529410480876707e-01 dt=1.0530356865187599e-04
cycle=202 time=1.2539940837741895e-01 dt=1.0468999395549179e-04
cycle=203 time=1.2550409837137444e-01 dt=1.0393635800130719e-04
cycle=204 time=1.2560803472937573e-01 dt=1.0319987420234433e-04
cycle=205 time=1.2571123460357808e-01 dt=1.0248408302028698e-04
cycle=206 time=1.2581371868659838e-01 dt=1.0179053041792742e-04
cycle=207 time=1.2591550921701630e-01 dt=1.0112216110676307e-04
cycle=208 time=1.2601663137812308e-01 dt=1.0048092698892539e-04
cycle=209 time=1.2611711230511199e-01 dt=9.9868527716669991e-05
cycle=210 time=1.2621698083282867e-01 dt=9.9286608011031684e-05
cycle=211 time=1.2631626744083971e-01 dt=9.8736525133708231e-05
cycle=212 time=1.2641500396597341e-01 dt=9.8219918895780189e-05
cycle=213 time=1.2651322388486919e-01 dt=9.7738277524401007e-05
cycle=214 time=1.2661096216239359e-01 dt=9.7291991206966197e-05
cycle=215 time=1.2670825415360057e-01 dt=9.6878411001015817e-05
cycle=216 time=1.2680513256460157e-01 dt=9.6494077920049971e-05
cycle=217 time=1.2690162664252164e-01 dt=9.6148615721841963e-05
cycle=218 time=1.2699777525824349e-01 dt=9.5653183788022331e-05
cycle=219 time=1.2709342844203150e-01 dt=9.5007737368822299e-05
cycle=220 time=1.2718843617940032e-01 dt=9.4377213912545413e-05
cycle=221 time=1.2728281339331285e-01 dt=9.3763198286001310e-05
cycle=222 time=1.2737657659159884e-01 dt=9.3168706428899440e-05
cycle=223 time=1.2746974529802774e-01 dt=9.2595814593253247e-05
cycle=224 time=1.2756234111262099e-01 dt=9.2046285748102757e-05
cycle=225 time=1.2765438739836910e-01 dt=9.1521658165299381e-05
cycle=226 time=1.2774590905653441e-01 dt=9.1023359874891320e-05
cycle=227 time=1.2783693241640931e-01 dt=9.0552794215169200e-05
cycle=228 time=1.2792748521062447e-01 dt=9.0111299444786639e-05
cycle=229 time=1.2801759651006925e-01 dt=8.9700599029414544e-05
cycle=230 time=1.2810729710909866e-01 dt=8.9320482050845115e-05
cycle=231 time=1.2819661759114950e-01 dt=8.8968732749024413e-05
cycle=232 time=1.2828558632389853e-01 dt=8.8642451259057678e-05
cycle=233 time=1.2837422877515758e-01 dt=8.8350126245297276e-05
cycle=234 time=1.2846257890140289e-01 dt=8.7933332037573800e-05
cycle=235 time=1.2855051223344047e-01 dt=8.7375377704517954e-05
cycle=236 time=1.2863788761114497e-01 dt=8.6829437217282674e-05
cycle=237 time=1.2872471704836225e-01 dt=8.6297853112804647e-05
cycle=238 time=1.2881101490147506e-01 dt=8.5783124950434197e-05
cycle=239 time=1.2889679802642551e-01 dt=8.5287124464159219e-05
cycle=240 time=1.2898208515088966e-01 dt=8.4811451234668552e-05
cycle=241 time=1.2906689660212434e-01 dt=8.4357577476153517e-05
cycle=242 time=1.2915125417960049e-01 dt=8.3926549851189613e-05
cycle=243 time=1.2923518072945167e-01 dt=8.3519855862017810e-05
cycle=244 time=1.2931870058531370e-01 dt=8.3138780037039195e-05
cycle=245 time=1.2940183936535074e-01 dt=8.2785190662809055e-05
cycle=246 time=1.2948462455601356e-01 dt=8.2458200837530040e-05
cycle=247 time=1.2956708275685108e-01 dt=8.2155943956483294e-05
cycle=248 time=1.2964923870080758e-01 dt=8.1876101244493475e-05
cycle=249 time=1.2973111480205207e-01 dt=8.1626113889577776e-05
cycle=250 time=1.2981274091594164e-01 dt=8.1261247149435568e-05
cycle=251 time=1.2989400216309108e-01 dt=8.0774263602649741e-05
cycle=252 time=1.2997477642669372e-01 dt=8.0297332707636270e-05
cycle=253 time=1.3005507375940137e-01 dt=7.9833170056241935e-05
cycle=254 time=1.3013490692945762e-01 dt=7.9383715500895398e-05
cycle=255 time=1.3021429064495851e-01 dt=7.8950660116786341e-05
cycle=256 time=1.3029324130507530e-01 dt=7.8535459405856380e-05
cycle=257 time=1.3037177676448117e-01 dt=7.8139396863396277e-05
cycle=258 time=1.3044991616134458e-01 dt=7.7763671602850380e-05
cycle=259 time=1.3052767983294741e-01 dt=7.7409460316141761e-05
cycle=260 time=1.3060508929326356e-01 dt=7.7078571785458902e-05
cycle=261 time=1.3068216786504902e-01 dt=7.6771643478598992e-05
cycle=262 time=1.3075893950852763e-01 dt=7.6487950538419895e-05
cycle=263 time=1.3083542745906604e-01 dt=7.6225892709193686e-05
cycle=264 time=1.3091165335177524e-01 dt=7.5983786657067199e-05
cycle=265 time=1.3098763713843231e-01 dt=7.5768071658302715e-05
cycle=266 time=1.3106340521009061e-01 dt=7.5435725083587422e-05
cycle=267 time=1.3113884093517419e-01 dt=7.5007538335408906e-05
cycle=268 time=1.3121384847350961e-01 dt=7.4588077009400875e-05
cycle=269 time=1.3128843655051903e-01 dt=7.4179806899335376e-05
cycle=270 time=1.3136261635741836e-01 dt=7.3784472206174672e-05
cycle=271 time=1.3143640082962454e-01 dt=7.3403607312509691e-05
cycle=272 time=1.3150980443693705e-01 dt=7.3038574194412016e-05
cycle=273 time=1.3158284301113146e-01 dt=7.2690531425712975e-05
cycle=274 time=1.3165553354255718e-01 dt=7.2360597980356900e-05
cycle=275 time=1.3172789414053754e-01 dt=7.2050268556227308e-05
cycle=276 time=1.3179994440909376e-01 dt=7.1761013042838409e-05
cycle=277 time=1.3187170542213661e-01 dt=7.1492700624327718e-05
cycle=278 time=1.3194319812276092e-01 dt=7.1244743853784799e-05
cycle=279 time=1.3201444286661471e-01 dt=7.1015806787247507e-05
cycle=280 time=1.3208545867340196e-01 dt=7.0804679726428838e-05
cycle=281 time=1.3215626335312838e-01 dt=7.0616996172022682e-05
cycle=282 time=1.3222688034930041e-01 dt=7.0304007373835032e-05
cycle=283 time=1.3229718435667426e-01 dt=6.9925014588874426e-05
cycle=284 time=1.3236710937126314e-01 dt=6.9553852660300699e-05
cycle=285 time=1.3243666322392345e-01 dt=6.9192529317065165e-05
cycle=286 time=1.3250585575324050e-01 dt=6.8842655371256493e-05
cycle=287 time=1.3257469840861175e-01 dt=6.8505589218105224e-05
cycle=288 time=1.3264320399782986e-01 dt=6.8182580616127841e-05
cycle=289 time=1.3271138657844600e-01 dt=6.7874748210442138e-05
cycle=290 time=1.3277926132665643e-01 dt=6.7583482283985920e-05
cycle=291 time=1.3284684480894041e-01 dt=6.7310511554564243e-05
cycle=292 time=1.3291415532049497e-01 dt=6.7055970933540152e-05
cycle=293 time=1.3298121129142851e-01 dt=6.6819798243989231e-05
cycle=294 time=1.3304803108967250e-01 dt=6.6601531085969888e-05
cycle=295 time=1.3311463262075848e-01 dt=6.6400043651202296e-05
cycle=296 time=1.3318103266440970e-01 dt=6.6214584197027491e-05
cycle=297 time=1.3324724724860673e-01 dt=6.6049102388487693e-05
cycle=298 time=1.3331329635099523e-01 dt=6.5746133071410069e-05
cycle=299 time=1.3337904248406665e-01 dt=6.5408972115813921e-05
cycle=300 time=1.3344445145618247e-01 dt=6.5078930689264374e-05
cycle=301 time=1.3350953038687174e-01 dt=6.4757549462526426e-05
cycle=302 time=1.3357428793633427e-01 dt=6.4446260600286792e-05
cycle=303 time=1.3363873419693456e-01 dt=6.4146351518607237e-05
cycle=304 time=1.3370288054845317e-01 dt=6.3858978630599610e-05
cycle=305 time=1.3376673952708376e-01 dt=6.3585770182206472e-05
cycle=306 time=1.3383032529726596e-01 dt=6.3328264412587678e-05
cycle=307 time=1.3389365356167854e-01 dt=6.3086736005595769e-05
cycle=308 time=1.3395674029768415e-01 dt=6.2861366439085489e-05
cycle=309 time=1.3401960166412324e-01 dt=6.2652161120657705e-05
cycle=310 time=1.3408225382524391e-01 dt=6.2458769168929860e-05
cycle=311 time=1.3414471259441285e-01 dt=6.2280248700755933e-05
cycle=312 time=1.3420699284311360e-01 dt=6.2116177742955716e-05
cycle=313 time=1.3426910902085656e-01 dt=6.1966097986276112e-05
cycle=314 time=1.3433107511884285e-01 dt=6.1669998115967110e-05
cycle=315 time=1.3439274511695881e-01 dt=6.1368759182505624e-05
cycle=316 time=1.3445411387614131e-01 dt=6.1073776672366262e-05
cycle=317 time=1.3451518765281367e-01 dt=6.0786425759567241e-05
cycle=318 time=1.3457597407857325e-01 dt=6.0507994316378089e-05
cycle=319 time=1.3463648207288961e-01 dt=6.0239657126431778e-05
cycle=320 time=1.3469672173001604e-01 dt=5.9983742319982039e-05
cycle=321 time=1.3475670547233601e-01 dt=5.9741115476204421e-05
cycle=322 time=1.3481644658781222e-01 dt=5.9512167449827444e-05
cycle=323 time=1.3487595875526204e-01 dt=5.9297209712086609e-05
cycle=324 time=1.3493525596497413e-01 dt=5.9096467323437405e-05
cycle=325 time=1.3499435243229757e-01 dt=5.8910004976418254e-05
cycle=326 time=1.3505326243727400e-01 dt=5.8737568512366947e-05
cycle=327 time=1.3511200000578638e-01 dt=5.8578377657754713e-05
cycle=328 time=1.3517057838344412e-01 dt=5.8432213621549194e-05
cycle=329 time=1.3522901059706569e-01 dt=5.8277055109075118e-05
cycle=330 time=1.3528728765217476e-01 dt=5.8002664253923897e-05
cycle=331 time=1.3534529031642870e-01 dt=5.7732479058985625e-05
cycle=332 time=1.3540302279548769e-01 dt=5.7467707325203831e-05
cycle=333 time=1.3546049050281289e-01 dt=5.7209533732611670e-05
cycle=334 time=1.3551770003654551e-01 dt=5.6959678832882255e-05
cycle=335 time=1.3557465971537838e-01 dt=5.6720213289088782e-05
cycle=336 time=1.3563137992866747e-01 dt=5.6491781238336418e-05
cycle=337 time=1.3568787170990582e-01 dt=5.6274899418183815e-05
cycle=338 time=1.3574414660932399e-01 dt=5.6069987356500793e-05
cycle=339 time=1.3580021659668048e-01 dt=5.5877389067990208e-05
cycle=340 time=1.3585609398574847e-01 dt=5.5697364217536683e-05
cycle=341 time=1.3591179134996600e-01 dt=5.5530024648776908e-05
cycle=342 time=1.3596732137461479e-01 dt=5.5375198310697620e-05
cycle=343 time=1.3602269657292548e-01 dt=5.5232248904115007e-05
cycle=344 time=1.3607792882182959e-01 dt=5.5099702293485338e-05
cycle=345 time=1.3613302852412307e-01 dt=5.4932041745849570e-05
cycle=346 time=1.3618796056586890e-01 dt=5.4685166421105252e-05
cycle=347 time=1.3624264573229000e-01 dt=5.4441798309094085e-05
cycle=348 time=1.3629708753059910e-01 dt=5.4202850222231859e-05
cycle=349 time=1.3635129038082133e-01 dt=5.3971058715646042e-05
cycle=350 time=1.3640526143953699e-01 dt=5.3747394510179928e-05
cycle=351 time=1.3645900883404716e-01 dt=5.3532633489192549e-05
cycle=352 time=1.3651254146753636e-01 dt=5.3327422767158500e-05
cycle=353 time=1.3656586889030350e-01 dt=5.3132295588116753e-05
cycle=354 time=1.3661900118589163e-01 dt=5.2947693147675114e-05
cycle=355 time=1.3667194887903930e-01 dt=5.2773980874603367e-05
cycle=356 time=1.3672472285991391e-01 dt=5.2611441428389747e-05
cycle=357 time=1.3677733430134231e-01 dt=5.2460223158938644e-05
cycle=358 time=1.3682979452450125e-01 dt=5.2320226563766026e-05
cycle=359 time=1.3688211475106501e-01 dt=5.2190948586651272e-05
cycle=360 time=1.3693430569965168e-01 dt=5.2063518018832798e-05
cycle=361 time=1.3698636921767052e-01 dt=5.1892632455636694e-05
cycle=362 time=1.3703826185012616e-01 dt=5.1669574556869573e-05
cycle=363 time=1.3708993142468304e-01 dt=5.1449859048990873e-05
cycle=364 time=1.3714138128373202e-01 dt=5.1235273586255633e-05
cycle=365 time=1.3719261655731826e-01 dt=5.1026745983217346e-05
cycle=366 time=1.3724364330330149e-01 dt=5.0825133158269318e-05
cycle=367 time=1.3729446843645976e-01 dt=5.0631191942215767e-05
cycle=368 time=1.3734509962840197e-01 dt=5.0445567792246612e-05
cycle=369 time=1.3739554519619421e-01 dt=5.0268800797001580e-05
cycle=370 time=1.3744581399699121e-01 dt=5.0101341125819541e-05
cycle=371 time=1.3749591533811703e-01 dt=4.9943563065581180e-05
cycle=372 time=1.3754585890118262e-01 dt=4.9795761952544828e-05
cycle=373 time=1.3759565466313517e-01 dt=4.9658115175256923e-05
cycle=374 time=1.3764531277831044e-01 dt=4.9530577263372135e-05
cycle=375 time=1.3769484335557380e-01 dt=4.9410110259255905e-05
cycle=376 time=1.3774425346583305e-01 dt=4.9289457049022898e-05
cycle=377 time=1.3779354292288207e-01 dt=4.9118885317126188e-05
cycle=378 time=1.3784266180819921e-01 dt=4.8917520791695067e-05
cycle=379 time=1.3789157932899090e-01 dt=4.8719508195056626e-05
cycle=380 time=1.3794029883718595e-01 dt=4.8525707941644130e-05
cycle=381 time=1.3798882454512759e-01 dt=4.8336985899179230e-05
cycle=382 time=1.3803716153102677e-01 dt=4.8154159435627224e-05
cycle=383 time=1.3808531569046240e-01 dt=4.7977963283408956e-05
cycle=384 time=1.3813329365374580e-01 dt=4.7809032845239213e-05
cycle=385 time=1.3818110268659103e-01 dt=4.7647904686958248e-05
cycle=386 time=1.3822875059127798e-01 dt=4.7495028517430217e-05
cycle=387 time=1.3827624561979540e-01 dt=4.7350780714623625e-05
cycle=388 time=1.3832359640051003e-01 dt=4.7215465936877976e-05
cycle=389 time=1.3837081186644692e-01 dt=4.7089291778216533e-05
cycle=390 time=1.3841790115822514e-01 dt=4.6972306290009005e-05
cycle=391 time=1.3846487346451514e-01 dt=4.6855246749408169e-05
cycle=392 time=1.3851172871126455e-01 dt=4.6744196113376391e-05
cycle=393 time=1.3855847290737791e-01 dt=4.6578733296593911e-05
cycle=394 time=1.3860505164067449e-01 dt=4.6396707615321157e-05
cycle=395 time=1.3865144834828982e-01 dt=4.6217330416778358e-05
cycle=396 time=1.3869766567870659e-01 dt=4.6041386849975232e-05
cycle=397 time=1.3874370706555655e-01 dt=4.5869686206927534e-05
cycle=398 time=1.3878957675176348e-01 dt=4.5703007052958226e-05
cycle=399 time=1.3883527975881643e-01 dt=4.5542022234450499e-05
cycle=400 time=1.3888082178105088e-01 dt=4.5387375506473935e-05
cycle=401 time=1.3892620915655735e-01 dt=4.5239614251349463e-05
cycle=402 time=1.3897144877080869e-01 dt=4.5099174368548432e-05
cycle=403 time=1.3901654794517723e-01 dt=4.4966393726451273e-05
cycle=404 time=1.3906151433890368e-01 dt=4.4841516280167224e-05
cycle=405 time=1.3910635585518386e-01 dt=4.4724673417547854e-05
cycle=406 time=1.3915108052860140e-01 dt=4.4613670208176698e-05
cycle=407 time=1.3919569419880956e-01 dt=4.4501526587529867e-05
cycle=408 time=1.3924019572539709e-01 dt=4.4394015943419872e-05
cycle=409 time=1.3928458974134050e-01 dt=4.4242677627020869e-05
cycle=410 time=1.3932883241896751e-01 dt=4.4076472758114417e-05
cycle=411 time=1.3937290889172563e-01 dt=4.3912046954233351e-05
cycle=412 time=1.3941682093867985e-01 dt=4.3750235902738336e-05
cycle=413 time=1.3946057117458260e-01 dt=4.3591895451183759e-05
cycle=414 time=1.3950416307003380e-01 dt=4.3437835770190723e-05
cycle=415 time=1.3954760090580398e-01 dt=4.3288791274449449e-05
cycle=416 time=1.3959088969707842e-01 dt=4.3145393375651356e-05
cycle=417 time=1.3963403509045408e-01 dt=4.3008167470858266e-05
cycle=418 time=1.3967704325792493e-01 dt=4.2877541680948742e-05
cycle=419 time=1.3971992079960588e-01 dt=4.2753861863537524e-05
cycle=420 time=1.3976267466146941e-01 dt=4.2637402278225771e-05
cycle=421 time=1.3980531206374763e-01 dt=4.2528359677542934e-05
cycle=422 time=1.3984784042342518e-01 dt=4.2420188110244121e-05
cycle=423 time=1.3989026061153542e-01 dt=4.2315111080125049e-05
cycle=424 time=1.3993257572261555e-01 dt=4.2210001041876570e-05
cycle=425 time=1.3997478572365743e-01 dt=4.2082929116820320e-05
cycle=426 time=1.4001686865277424e-01 dt=4.1929762015448189e-05
cycle=427 time=1.4005879841478969e-01 dt=4.1778068282341307e-05
cycle=428 time=1.4010057648307203e-01 dt=4.1628593249119800e-05
cycle=429 time=1.4014220507632116e-01 dt=4.1482117706515779e-05
cycle=430 time=1.4018368719402768e-01 dt=4.1339400665137846e-05
cycle=431 time=1.4022502659469283e-01 dt=4.1201128048874490e-05
cycle=432 time=1.4026622772274169e-01 dt=4.1067911285368182e-05
cycle=433 time=1.4030729563402705e-01 dt=4.0940272391332191e-05
cycle=434 time=1.4034823590641837e-01 dt=4.0818650967854058e-05
cycle=435 time=1.4038905455738623e-01 dt=4.0703417982366437e-05
cycle=436 time=1.4042975797536861e-01 dt=4.0594886818303387e-05
cycle=437 time=1.4047035286218690e-01 dt=4.0492361612304307e-05
cycle=438 time=1.4051084522379920e-01 dt=4.0386705043563871e-05
cycle=439 time=1.4055123192884275e-01 dt=4.0286749967026422e-05
cycle=440 time=1.4059151867880978e-01 dt=4.0185514023379900e-05
cycle=441 time=1.4063170419283316e-01 dt=4.0082382713588624e-05
cycle=442 time=1.4067178657554674e-01 dt=3.9940964711127592e-05
cycle=443 time=1.4071172754025787e-01 dt=3.9800756154354929e-05
cycle=444 time=1.4075152829641224e-01 dt=3.9662409646867061e-05
cycle=445 time=1.4079119070605911e-01 dt=3.9526630117277611e-05
cycle=446 time=1.4083071733617639e-01 dt=3.9394119770712678e-05
cycle=447 time=1.4087011145594711e-01 dt=3.9265531957620393e-05
cycle=448 time=1.4090937698790473e-01 dt=3.9141455433349369e-05
cycle=449 time=1.4094851844333808e-01 dt=3.9022407965836948e-05
cycle=450 time=1.4098754085130391e-01 dt=3.8908836106760149e-05
cycle=451 time=1.4102644968741068e-01 dt=3.8800346895657789e-05
cycle=452 time=1.4106525003430634e-01 dt=3.8697965660106842e-05
cycle=453 time=1.4110394799996645e-01 dt=3.8597880933993128e-05
cycle=454 time=1.4114254588090044e-01 dt=3.8498740852414216e-05
cycle=455 time=1.4118104462175285e-01 dt=3.8400557353989673e-05
cycle=456 time=1.4121944517910684e-01 dt=3.8305076568359847e-05
cycle=457 time=1.4125775025567519e-01 dt=3.8217063548990719e-05
cycle=458 time=1.4129596731922417e-01 dt=3.8094895227194768e-05
cycle=459 time=1.4133406221445136e-01 dt=3.7965087923615843e-05
cycle=460 time=1.4137202730237497e-01 dt=3.7836793479284822e-05
cycle=461 time=1.4140986409585427e-01 dt=3.7710642172441040e-05
cycle=462 time=1.4144757473802672e-01 dt=3.7587277279783177e-05
cycle=463 time=1.4148516201530650e-01 dt=3.7467320001453394e-05
cycle=464 time=1.4152262933530796e-01 dt=3.7351336005948680e-05
cycle=465 time=1.4155998067131390e-01 dt=3.7239125352881856e-05
cycle=466 time=1.4159721979666678e-01 dt=3.7131569256772160e-05
cycle=467 time=1.4163435136592356e-01 dt=3.7029523071394203e-05
cycle=468 time=1.4167138088899495e-01 dt=3.6932604199961741e-05
cycle=469 time=1.4170831349319490e-01 dt=3.6834343065934818e-05
cycle=470 time=1.4174514783626083e-01 dt=3.6738645376575680e-05
cycle=471 time=1.4178188648163739e-01 dt=3.6644875188099330e-05
cycle=472 time=1.4181853135682548e-01 dt=3.6551798064230751e-05
cycle=473 time=1.4185508315488971e-01 dt=3.6464718563710834e-05
cycle=474 time=1.4189154787345343e-01 dt=3.6374837114029314e-05
cycle=475 time=1.4192792271056745e-01 dt=3.6255705504265032e-05
cycle=476 time=1.4196417841607170e-01 dt=3.6136558558269564e-05
cycle=477 time=1.4200031497462998e-01 dt=3.6019022268452810e-05
cycle=478 time=1.4203633399689844e-01 dt=3.5903627582074116e-05
cycle=479 time=1.4207223762448051e-01 dt=3.5790928274212700e-05
cycle=480 time=1.4210802855275473e-01 dt=3.5681468366496126e-05
cycle=481 time=1.4214371002112122e-01 dt=3.5575805835657220e-05
cycle=482 time=1.4217928582695688e-01 dt=3.5474646828026327e-05
cycle=483 time=1.4221476047378490e-01 dt=3.5376954320002628e-05
cycle=484 time=1.4225013742810491e-01 dt=3.5280834019037515e-05
cycle=485 time=1.4228541826212396e-01 dt=3.5184161348522570e-05
cycle=486 time=1.4232060242347247e-01 dt=3.5092955581060104e-05
cycle=487 time=1.4235569537905354e-01 dt=3.5001555711815817e-05
cycle=488 time=1.4239069693476536e-01 dt=3.4911466063180878e-05
cycle=489 time=1.4242560840082855e-01 dt=3.4827499872397954e-05
cycle=490 time=1.4246043590070095e-01 dt=3.4742717303749500e-05
cycle=491 time=1.4249517861800470e-01 dt=3.4652603692347705e-05
cycle=492 time=1.4252983122169705e-01 dt=3.4540129303702563e-05
cycle=493 time=1.4256437135100075e-01 dt=3.4428867360371761e-05
cycle=494 time=1.4259880021836113e-01 dt=3.4319321792662627e-05
cycle=495 time=1.4263311954015379e-01 dt=3.4212017355904823e-05
cycle=496 time=1.4266733155750969e-01 dt=3.4107672203569023e-05
cycle=497 time=1.4270143922971326e-01 dt=3.4006866089854348e-05
cycle=498 time=1.4273544609580310e-01 dt=3.3907038288415962e-05
cycle=499 time=1.4276935313409153e-01 dt=3.3810893081379428e-05
cycle=500 time=1.4280316402717291e-01 dt=3.3713254067470594e-05
cycle=501 time=1.4283687728124039e-01 dt=3.3619413812758566e-05
cycle=502 time=1.4287049669505314e-01 dt=3.3530532510868198e-05
cycle=503 time=1.4290402722756401e-01 dt=3.3437995827907215e-05
cycle=504 time=1.4293746522339193e-01 dt=3.3349336777718481e-05
cycle=505 time=1.4297081456016963e-01 dt=3.3243669438526999e-05
cycle=506 time=1.4300405822960816e-01 dt=3.3115375303372842e-05
cycle=507 time=1.4303717360491153e-01 dt=3.2987320909414135e-05
cycle=508 time=1.4307016092582095e-01 dt=3.2859932187688103e-05
cycle=509 time=1.4310302085800863e-01 dt=3.2733634777767791e-05
cycle=510 time=1.4313575449278640e-01 dt=3.2608881022842432e-05
cycle=511 time=1.4316836337380925e-01 dt=3.2486138540041608e-05
cycle=512 time=1.4320084951234929e-01 dt=2.8169229398998198e-05
cycle=513 time=1.4322901874174829e-01 dt=1.6470671864557261e-05
cycle=514 time=1.4324548941361284e-01 dt=4.5206354564284499e-06
cycle=515 time=1.4325001004906926e-01 dt=2.5686900814422863e-06
cycle=516 time=1.4325257873915070e-01 dt=1.8763138894933440e-06
cycle=517 time=1.4325445505304019e-01 dt=1.3939801179313876e-06
cycle=518 time=1.4325584903315811e-01 dt=1.0548359011198053e-06
cycle=519 time=1.4325690386905923e-01 dt=8.1367828254090087e-07
cycle=520 time=1.4325771754734176e-01 dt=6.4013447139674464e-07
cycle=521 time=1.4325835768181316e-01 dt=5.1375446119972914e-07
cycle=522 time=1.4325887143627436e-01 dt=4.2068946789022227e-07
cycle=523 time=1.4325929212574226e-01 dt=3.5147586999718835e-07
cycle=524 time=1.4325964360161225e-01 dt=2.9959588289586604e-07
cycle=525 time=1.4325994319749516e-01 dt=2.6052481392395883e-07
cycle=526 time=1.4326020372230908e-01 dt=2.3109797102862963e-07
cycle=527 time=1.4326043482028011e-01 dt=2.0909136379774875e-07
cycle=528 time=1.4326064391164392e-01 dt=1.9294108650831114e-07
cycle=529 time=1.4326083685273042e-01 dt=1.8155456435848837e-07
cycle=530 time=1.4326101840729477e-01 dt=1.7418323082638846e-07
cycle=531 time=1.4326119259052561e-01 dt=1.7033681816762078e-07
cycle=532 time=1.4326136292734379e-01 dt=1.6972631983595935e-07
cycle=533 time=1.4326153265366362e-01 dt=1.7222715670194124e-07
cycle=534 time=1.4326170488082032e-01 dt=1.7785700623543836e-07
cycle=535 time=1.4326188273782656e-01 dt=1.8676476792169506e-07
cycle=536 time=1.4326206950259449e-01 dt=1.9922753360770915e-07
cycle=537 time=1.4326226873012810e-01 dt=2.1565445468218624e-07
cycle=538 time=1.4326248438458278e-01 dt=2.3659723660412435e-07
cycle=539 time=1.4326272098181939e-01 dt=2.6276379015421848e-07
cycle=540 time=1.4326298374560953e-01 dt=2.9503367445776535e-07
cycle=541 time=1.4326327877928399e-01 dt=3.3447210119959516e-07
cycle=542 time=1.4326361325138520e-01 dt=3.8233744709066749e-07
cycle=543 time=1.4326399558883229e-01 dt=4.4007455742425970e-07
cycle=544 time=1.4326443566338973e-01 dt=5.0928298707369351e-07
cycle=545 time=1.4326494494637679e-01 dt=5.9164157733139510e-07
cycle=546 time=1.4326553658795413e-01 dt=6.8878048805891869e-07
cycle=547 time=1.4326622536844219e-01 dt=8.0206466984573018e-07
cycle=548 time=1.4326702743311204e-01 dt=9.3229970284151721e-07
cycle=549 time=1.4326795973281489e-01 dt=1.0793507428449586e-06
cycle=550 time=1.4326903908355773e-01 dt=1.2417153152368652e-06
cycle=551 time=1.4327028079887297e-01 dt=1.4161121250100811e-06
cycle=552 time=1.4327169691099798e-01 dt=1.5972580362366692e-06
cycle=553 time=1.4327329416903420e-01 dt=1.7779945786527655e-06
cycle=554 time=1.4327507216361285e-01 dt=1.9497932180529282e-06
cycle=555 time=1.4327702195683090e-01 dt=2.1042573100257124e-06
cycle=556 time=1.4327912621414093e-01 dt=2.2341174458833372e-06
cycle=557 time=1.4328136033158681e-01 dt=2.3327179322762238e-06
cycle=558 time=1.4328369304951907e-01 dt=2.3961180571552527e-06
cycle=559 time=1.4328608916757624e-01 dt=2.4233978740403845e-06
cycle=560 time=1.4328851256545028e-01 dt=2.4045902469526129e-06
cycle=561 time=1.4329091715569722e-01 dt=2.3397291805049614e-06
cycle=562 time=1.4329325688487773e-01 dt=2.2518751777687917e-06
cycle=563 time=1.4329550876005551e-01 dt=2.1578461803263878e-06
cycle=564 time=1.4329766660623583e-01 dt=2.0650315312267099e-06
cycle=565 time=1.4329973163776705e-01 dt=1.9736961012391919e-06
cycle=566 time=1.4330170533386830e-01 dt=1.8781373377576133e-06
cycle=567 time=1.4330358347120606e-01 dt=1.5845793960814643e-06
cycle=568 time=1.4330516805060214e-01 dt=1.3380864886204693e-06
cycle=569 time=1.4330650613709076e-01 dt=1.2024746711964880e-06
cycle=570 time=1.4330770861176195e-01 dt=1.0921131343619421e-06
cycle=571 time=1.4330880072489632e-01 dt=1.0022958753994881e-06
cycle=572 time=1.4330980302077173e-01 dt=9.2933163400533972e-07
cycle=573 time=1.4331073235240574e-01 dt=8.7031340317165173e-07
cycle=574 time=1.4331160266580892e-01 dt=8.2295034763919444e-07
cycle=575 time=1.4331242561615656e-01 dt=7.8543180521430272e-07
cycle=576 time=1.4331321104796177e-01 dt=7.5584653154935979e-07
cycle=577 time=1.4331396689449333e-01 dt=7.3310008387770306e-07
cycle=578 time=1.4331469999457722e-01 dt=7.1635247109613824e-07
cycle=579 time=1.4331541634704831e-01 dt=7.0491995820441139e-07
cycle=580 time=1.4331612126700652e-01 dt=6.9824038299687857e-07
cycle=581 time=1.4331681950738950e-01 dt=6.9584837836417135e-07
cycle=582 time=1.4331751535576787e-01 dt=6.9735476724796595e-07
cycle=583 time=1.4331821271053510e-01 dt=7.0242919553869269e-07
cycle=584 time=1.4331891513973063e-01 dt=7.1078559005357353e-07
cycle=585 time=1.4331962592532069e-01 dt=7.2216226086115886e-07
cycle=586 time=1.4332034808758154e-01 dt=7.3633082538769096e-07
cycle=587 time=1.4332108441840694e-01 dt=7.5306740762610925e-07
cycle=588 time=1.4332183748581456e-01 dt=7.7215819784474148e-07
cycle=589 time=1.4332260964401242e-01 dt=7.9339493505707948e-07
cycle=590 time=1.4332340303894747e-01 dt=8.1657165939558900e-07
cycle=591 time=1.4332421961060687e-01 dt=8.4149238570315045e-07
cycle=592 time=1.4332506110299259e-01 dt=8.6797081311623949e-07
cycle=593 time=1.4332592907380570e-01 dt=8.9582091641623540e-07
cycle=594 time=1.4332682489472212e-01 dt=9.2487415584490423e-07
cycle=595 time=1.4332774976887797e-01 dt=9.5500887416395018e-07
cycle=596 time=1.4332870477775214e-01 dt=9.8619143025352884e-07
cycle=597 time=1.4332969096918238e-01 dt=1.0185354504386429e-06
cycle=598 time=1.4333070950463281e-01 dt=1.0524831188791038e-06
cycle=599 time=1.4333176198775169e-01 dt=1.0904686800384154e-06
cycle=600 time=1.4333285245643174e-01 dt=1.1380777181415161e-06
cycle=601 time=1.4333399053414989e-01 dt=1.1585042754620300e-06
cycle=602 time=1.4333514903842534e-01 dt=1.1621390500838262e-06
cycle=603 time=1.4333631117747542e-01 dt=1.1389023249874170e-06
cycle=604 time=1.4333745007980039e-01 dt=1.1121391101712721e-06
cycle=605 time=1.4333856221891056e-01 dt=1.0824917294765009e-06
cycle=606 time=1.4333964471064004e-01 dt=1.0505866161447896e-06
cycle=607 time=1.4334069529725618e-01 dt=1.0170149645847636e-06
cycle=608 time=1.4334171231222076e-01 dt=9.8233822347121412e-07
cycle=609 time=1.4334269465044422e-01 dt=9.4707126007358539e-07
cycle=610 time=1.4334364172170430e-01 dt=9.1166549756658413e-07
cycle=611 time=1.4334455338720187e-01 dt=8.7651828702287407e-07
cycle=612 time=1.4334542990548890e-01 dt=8.4196540382317861e-07
cycle=613 time=1.4334627187089272e-01 dt=8.0829120048478280e-07
cycle=614 time=1.4334708016209319e-01 dt=7.7573121043506817e-07
cycle=615 time=1.4334785589330362e-01 dt=7.4452446864313407e-07
cycle=616 time=1.4334860041777225e-01 dt=7.1477832669184292e-07
cycle=617 time=1.4334931519609895e-01 dt=6.8656138574955261e-07
cycle=618 time=1.4335000175748469e-01 dt=6.5990755547230611e-07
cycle=619 time=1.4335066166504015e-01 dt=6.3482681713222028e-07
cycle=620 time=1.4335129649185729e-01 dt=6.1130892563411677e-07
cycle=621 time=1.4335190780078294e-01 dt=5.8932784275198071e-07
cycle=622 time=1.4335249712862569e-01 dt=5.6884579302370935e-07
cycle=623 time=1.4335306597441871e-01 dt=5.4981651613528662e-07
cycle=624 time=1.4335361579093486e-01 dt=5.3218793905562205e-07
cycle=625 time=1.4335414797887391e-01 dt=5.1590435493681847e-07
cycle=626 time=1.4335466388322884e-01 dt=5.0090818139555102e-07
cycle=627 time=1.4335516479141025e-01 dt=4.8714132036800705e-07
cycle=628 time=1.4335565193273062e-01 dt=4.7454620973175752e-07
cycle=629 time=1.4335612647894036e-01 dt=4.6306661347120700e-07
cycle=630 time=1.4335658954555383e-01 dt=4.5264819706688822e-07
cycle=631 time=1.4335704219375089e-01 dt=4.4323892811645551e-07
cycle=632 time=1.4335748543267901e-01 dt=4.3478933602283190e-07
cycle=633 time=1.4335792022201505e-01 dt=4.2725295910180717e-07
cycle=634 time=1.4335834747497414e-01 dt=4.2058601722464165e-07
cycle=635 time=1.4335876806099138e-01 dt=4.1474718075369909e-07
cycle=636 time=1.4335918280817214e-01 dt=4.0969781610859173e-07
cycle=637 time=1.4335959250598826e-01 dt=4.0540187579515773e-07
cycle=638 time=1.4335999790786405e-01 dt=4.0182576006906782e-07
cycle=639 time=1.4336039973362413e-01 dt=3.9893789379727477e-07
cycle=640 time=1.4336079867151794e-01 dt=3.9670881451536168e-07
cycle=641 time=1.4336119538033246e-01 dt=3.9511097451973575e-07
cycle=642 time=1.4336159049130698e-01 dt=3.9411853150797021e-07
cycle=643 time=1.4336198460983848e-01 dt=3.9370713391463705e-07
cycle=644 time=1.4336237831697241e-01 dt=3.9385364405431809e-07
cycle=645 time=1.4336277217061646e-01 dt=3.9453467601126484e-07
cycle=646 time=1.4336316670529248e-01 dt=3.9572932460121863e-07
cycle=647 time=1.4336356243461709e-01 dt=3.9741734521164449e-07
cycle=648 time=1.4336395985196229e-01 dt=3.9957894759141114e-07
cycle=649 time=1.4336435943090989e-01 dt=4.0219459598361756e-07
cycle=650 time=1.4336476162550588e-01 dt=4.0524481961193959e-07
cycle=651 time=1.4336516687032549e-01 dt=4.0871002893150363e-07
cycle=652 time=1.4336557558035443e-01 dt=4.1257034415558928e-07
cycle=653 time=1.4336598815069859e-01 dt=4.1680543811463167e-07
cycle=654 time=1.4336640495613670e-01 dt=4.2142272654555652e-07
cycle=655 time=1.4336682637886325e-01 dt=4.2640625644533354e-07
cycle=656 time=1.4336725278511969e-01 dt=4.3172900073468566e-07
cycle=657 time=1.4336768451412044e-01 dt=4.3736295533844956e-07
cycle=658 time=1.4336812187707579e-01 dt=4.4327913237915896e-07
cycle=659 time=1.4336856515620816e-01 dt=4.4944777961866438e-07
cycle=660 time=1.4336901460398779e-01 dt=4.5583778351228636e-07
cycle=661 time=1.4336947044177131e-01 dt=4.6241702173585169e-07
cycle=662 time=1.4336993285879304e-01 dt=4.6915243329544311e-07
cycle=663 time=1.4337040201122633e-01 dt=4.7601012038356262e-07
cycle=664 time=1.4337087802134671e-01 dt=4.8295548053370206e-07
cycle=665 time=1.4337136097682723e-01 dt=4.8995336534315189e-07
cycle=666 time=1.4337185093019258e-01 dt=4.9696826457142731e-07
cycle=667 time=1.4337234789845715e-01 dt=5.0396451094762517e-07
cycle=668 time=1.4337285186296811e-01 dt=5.1090649891168773e-07
cycle=669 time=1.4337336276946702e-01 dt=5.1775891180229337e-07
cycle=670 time=1.4337388052837882e-01 dt=5.2448694950001700e-07
cycle=671 time=1.4337440501532833e-01 dt=5.3105655289908644e-07
cycle=672 time=1.4337493607188123e-01 dt=5.3743461778809579e-07
cycle=673 time=1.4337547350649901e-01 dt=5.4358919217730268e-07
cycle=674 time=1.4337601709569120e-01 dt=5.4948965394159077e-07
cycle=675 time=1.4337656658534514e-01 dt=5.5510696558507515e-07
cycle=676 time=1.4337712169231073e-01 dt=5.6041374952909433e-07
cycle=677 time=1.4337768210606025e-01 dt=5.6540271314412627e-07
cycle=678 time=1.4337824750877340e-01 dt=5.7104203845196497e-07
cycle=679 time=1.4337881855081186e-01 dt=5.7772053765998611e-07
cycle=680 time=1.4337939627134952e-01 dt=5.8573717251815675e-07
cycle=681 time=1.4337998200852203e-01 dt=5.9523803366732129e-07
cycle=682 time=1.4338057724655570e-01 dt=6.0620675736010946e-07
cycle=683 time=1.4338118345331305e-01 dt=6.1848560077877305e-07
cycle=684 time=1.4338180193891384e-01 dt=6.3165164550849416e-07
cycle=685 time=1.4338243359055935e-01 dt=6.4531292428100113e-07
cycle=686 time=1.4338307890348365e-01 dt=6.5946642477083160e-07
cycle=687 time=1.4338373836990842e-01 dt=6.7412252921161447e-07
cycle=688 time=1.4338441249243764e-01 dt=6.8931525949324009e-07
cycle=689 time=1.4338510180769712e-01 dt=7.0510938044864336e-07
cycle=690 time=1.4338580691707756e-01 dt=7.2163063425850859e-07
cycle=691 time=1.4338652854771181e-01 dt=7.3909750388654882e-07
cycle=692 time=1.4338726764521570e-01 dt=7.5786765756929611e-07
cycle=693 time=1.4338802551287327e-01 dt=7.7851549957245096e-07
cycle=694 time=1.4338880402837284e-01 dt=8.0152712411254887e-07
cycle=695 time=1.4338960555549696e-01 dt=8.2825169042647586e-07
cycle=696 time=1.4339043380718738e-01 dt=8.6125327745530429e-07
cycle=697 time=1.4339129506046483e-01 dt=9.1658603003541876e-07
cycle=698 time=1.4339221164649488e-01 dt=9.8924162385449011e-07
cycle=699 time=1.4339320088811874e-01 dt=1.0534467359882130e-06
cycle=700 time=1.4339425433485473e-01 dt=1.1092963555464247e-06
cycle=701 time=1.4339536363121028e-01 dt=1.1560535606827633e-06
cycle=702 time=1.4339651968477096e-01 dt=1.1927146135728715e-06
cycle=703 time=1.4339771239938454e-01 dt=1.2183229259780815e-06
cycle=704 time=1.4339893072231052e-01 dt=1.2321358656580101e-06
cycle=705 time=1.4340016285817619e-01 dt=1.2336089706468838e-06
cycle=706 time=1.4340139646714684e-01 dt=1.2231152874534943e-06
cycle=707 time=1.4340261958243428e-01 dt=1.2014668832354348e-06
cycle=708 time=1.4340382104931751e-01 dt=1.1700182576289485e-06
cycle=709 time=1.4340499106757515e-01 dt=1.1305388066110898e-06
cycle=710 time=1.4340612160638175e-01 dt=1.0850610086200607e-06
cycle=711 time=1.4340720666739037e-01 dt=1.0357770816425173e-06
cycle=712 time=1.4340824244447201e-01 dt=9.8476096293640840e-07
cycle=713 time=1.4340922720543495e-01 dt=9.3450567685940212e-07
cycle=714 time=1.4341016171111182e-01 dt=8.8746612574244155e-07
cycle=715 time=1.4341104917723757e-01 dt=8.4604822548015995e-07
cycle=716 time=1.4341189522546305e-01 dt=8.1746575183944858e-07
cycle=717 time=1.4341271269121489e-01 dt=8.1226230538242933e-07
cycle=718 time=1.4341352495352028e-01 dt=8.1783472952641776e-07
cycle=719 time=1.4341434278824980e-01 dt=8.2951181480964484e-07
cycle=720 time=1.4341517230006462e-01 dt=8.4570344864739779e-07
cycle=721 time=1.4341601800351328e-01 dt=8.7134264728689582e-07
cycle=722 time=1.4341688934616056e-01 dt=9.1427004664150903e-07
cycle=723 time=1.4341780361620721e-01 dt=9.7870481124923524e-07
cycle=724 time=1.4341878232101846e-01 dt=1.0705734354244358e-06
cycle=725 time=1.4341985289445389e-01 dt=1.1986511550693790e-06
cycle=726 time=1.4342105154560897e-01 dt=1.3752835305123759e-06
cycle=727 time=1.4342242682913947e-01 dt=2.7505670610247518e-06
cycle=728 time=1.4342517739620050e-01 dt=5.5011341220495036e-06
cycle=729 time=1.4343067853032254e-01 dt=1.1002268244099007e-05
cycle=730 time=1.4344168079856665e-01 dt=2.2004536488198014e-05
cycle=731 time=1.4346368533505485e-01 dt=3.0523664127140196e-05
cycle=732 time=1.4349420899918200e-01 dt=2.2977590239552906e-05
cycle=733 time=1.4351718658942156e-01 dt=1.6852228090282431e-05
cycle=734 time=1.4353403881751184e-01 dt=1.1899773740545143e-05
cycle=735 time=1.4354593859125239e-01 dt=6.5679979712059061e-06
cycle=736 time=1.4355250658922361e-01 dt=2.9928843922610334e-06
cycle=737 time=1.4355549947361587e-01 dt=2.1332158592880261e-06
cycle=738 time=1.4355763268947516e-01 dt=1.6518642011669937e-06
cycle=739 time=1.4355928455367634e-01 dt=1.2997131326064129e-06
cycle=740 time=1.4356058426680895e-01 dt=1.0238870207841208e-06
cycle=741 time=1.4356160815382973e-01 dt=8.1001359162125805e-07
cycle=742 time=1.4356241816742135e-01 dt=6.4476204380180119e-07
cycle=743 time=1.4356306292946516e-01 dt=5.1703996325544756e-07
cycle=744 time=1.4356357996942842e-01 dt=4.1805225082880037e-07
cycle=745 time=1.4356399802167924e-01 dt=3.4100507233334042e-07
cycle=746 time=1.4356433902675159e-01 dt=2.8072072998046656e-07
cycle=747 time=1.4356461974748155e-01 dt=2.3327794318290060e-07
cycle=748 time=1.4356485302542474e-01 dt=1.9571385622306966e-07
cycle=749 time=1.4356504873928097e-01 dt=1.6578846626069355e-07
cycle=750 time=1.4356521452774723e-01 dt=1.4180399676009494e-07
cycle=751 time=1.4356535633174400e-01 dt=1.2246907829826254e-07
cycle=752 time=1.4356547880082229e-01 dt=1.0679732124726502e-07
cycle=753 time=1.4356558559814353e-01 dt=9.4031837002861908e-08
cycle=754 time=1.4356567962998054e-01 dt=8.3589026631184147e-08
cycle=755 time=1.4356576321900719e-01 dt=7.5016763422247171e-08
cycle=756 time=1.4356583823577060e-01 dt=6.7963029663019060e-08
cycle=757 time=1.4356590619880027e-01 dt=6.2152639342185033e-08
cycle=758 time=1.4356596835143962e-01 dt=5.7370272305428564e-08
cycle=759 time=1.4356602572171193e-01 dt=5.3446661976595150e-08
cycle=760 time=1.4356607916837391e-01 dt=5.0248852573776401e-08
cycle=761 time=1.4356612941722649e-01 dt=4.7672604945331755e-08
cycle=762 time=1.4356617708983144e-01 dt=4.5636610034874069e-08
cycle=763 time=1.4356622272644148e-01 dt=4.4078196537500039e-08
cycle=764 time=1.4356626680463802e-01 dt=4.2950098431127669e-08
cycle=765 time=1.4356630975473644e-01 dt=4.2218055210437821e-08
cycle=766 time=1.4356635197279166e-01 dt=4.1859081984539092e-08
cycle=767 time=1.4356639383187364e-01 dt=4.1860287868147283e-08
cycle=768 time=1.4356643569216151e-01 dt=4.2218158911093320e-08
cycle=769 time=1.4356647791032043e-01 dt=4.2938252191875930e-08
cycle=770 time=1.4356652084857263e-01 dt=4.4035273149071897e-08
cycle=771 time=1.4356656488384578e-01 dt=4.5533530733414236e-08
cycle=772 time=1.4356661041737651e-01 dt=4.7467786257271325e-08
cycle=773 time=1.4356665788516276e-01 dt=4.9884533330632422e-08
cycle=774 time=1.4356670776969610e-01 dt=5.2843769345834522e-08
cycle=775 time=1.4356676061346543e-01 dt=5.6421345255716064e-08
cycle=776 time=1.4356681703481070e-01 dt=6.0712005705420857e-08
cycle=777 time=1.4356687774681640e-01 dt=6.5833272791242962e-08
cycle=778 time=1.4356694358008917e-01 dt=7.1930196775764024e-08
cycle=779 time=1.4356701551028594e-01 dt=7.9181884147347962e-08
cycle=780 time=1.4356709469217011e-01 dt=8.7809021403252454e-08
cycle=781 time=1.4356718250119152e-01 dt=9.8083273558699071e-08
cycle=782 time=1.4356728058446508e-01 dt=1.1034059265513980e-07
cycle=783 time=1.4356739092505774e-01 dt=1.2499615934371312e-07
cycle=784 time=1.4356751592121708e-01 dt=1.4256269118438956e-07
cycle=785 time=1.4356765848390826e-01 dt=1.6367366532712366e-07
cycle=786 time=1.4356782215757358e-01 dt=1.8911110169366990e-07
cycle=787 time=1.4356801126867527e-01 dt=2.1983850320336383e-07
cycle=788 time=1.4356823110717848e-01 dt=2.5703872316347090e-07
cycle=789 time=1.4356848814590165e-01 dt=3.0215577678165548e-07
cycle=790 time=1.4356879030167843e-01 dt=3.5693760963715891e-07
cycle=791 time=1.4356914723928807e-01 dt=4.2347320265537087e-07
cycle=792 time=1.4356957071249071e-01 dt=5.0744074000621085e-07
cycle=793 time=1.4357007815323072e-01 dt=6.2524243417775012e-07
cycle=794 time=1.4357070339566491e-01 dt=7.8277730771665425e-07
cycle=795 time=1.4357148617297263e-01 dt=9.8406569202863086e-07
cycle=796 time=1.4357247023866465e-01 dt=1.2291475609064781e-06
cycle=797 time=1.4357369938622555e-01 dt=1.5043084562197791e-06
cycle=798 time=1.4357520369468177e-01 dt=1.8534376480029537e-06
cycle=799 time=1.4357705713232977e-01 dt=2.3107928173101158e-06
cycle=800 time=1.4357936792514708e-01 dt=2.9409931743643676e-06
cycle=801 time=1.4358230891832144e-01 dt=5.8819863487287353e-06
cycle=802 time=1.4358819090467018e-01 dt=1.1763972697457471e-05
cycle=803 time=1.4359995487736762e-01 dt=1.4908551912439311e-05
cycle=804 time=1.4361486342928007e-01 dt=1.6193521463913024e-05
cycle=805 time=1.4363105695074399e-01 dt=1.2703839246360722e-05
cycle=806 time=1.4364376078999036e-01 dt=8.6687340168670757e-06
cycle=807 time=1.4365242952400722e-01 dt=6.4206554043648762e-06
cycle=808 time=1.4365885017941160e-01 dt=5.3990779081200369e-06
cycle=809 time=1.4366424925731971e-01 dt=4.7670488820672810e-06
cycle=810 time=1.4366901630620177e-01 dt=4.3871820742580275e-06
cycle=811 time=1.4367340348827604e-01 dt=4.1483637844198445e-06
cycle=812 time=1.4367755185206046e-01 dt=3.9693703123316908e-06
cycle=813 time=1.4368152122237279e-01 dt=3.8394545470898005e-06
cycle=814 time=1.4368536067691989e-01 dt=3.7498582134274330e-06
cycle=815 time=1.4368911053513331e-01 dt=3.6934389884047700e-06
cycle=816 time=1.4369280397412171e-01 dt=3.6642760078862287e-06
cycle=817 time=1.4369646825012961e-01 dt=3.6573236075915520e-06
cycle=818 time=1.4370012557373721e-01 dt=3.6681454627083673e-06
cycle=819 time=1.4370379371919992e-01 dt=3.6927515333554352e-06
cycle=820 time=1.4370748647073328e-01 dt=3.7274827547760738e-06
cycle=821 time=1.4371121395348807e-01 dt=3.7689433627850204e-06
cycle=822 time=1.4371498289685086e-01 dt=3.8140014269424962e-06
cycle=823 time=1.4371879689827780e-01 dt=3.8599281278277885e-06
cycle=824 time=1.4372265682640561e-01 dt=3.9040682681455305e-06
cycle=825 time=1.4372656089467375e-01 dt=3.9443233027560469e-06
cycle=826 time=1.4373050521797651e-01 dt=3.9738881228524778e-06
cycle=827 time=1.4373447910609935e-01 dt=3.9853974837403528e-06
cycle=828 time=1.4373846450358310e-01 dt=3.9813095492611014e-06
cycle=829 time=1.4374244581313236e-01 dt=3.9656069685679886e-06
cycle=830 time=1.4374641142010094e-01 dt=3.9420951080473368e-06
cycle=831 time=1.4375035351520898e-01 dt=3.9134505085793175e-06
cycle=832 time=1.4375426696571755e-01 dt=3.8825608161568147e-06
cycle=833 time=1.4375814952653371e-01 dt=3.7461435058869724e-06
cycle=834 time=1.4376189567003961e-01 dt=3.6369301097467012e-06
cycle=835 time=1.4376553260014935e-01 dt=3.5462287248512368e-06
cycle=836 time=1.4376907882887419e-01 dt=3.4679563134295866e-06
cycle=837 time=1.4377254678518761e-01 dt=3.3977511346951107e-06
cycle=838 time=1.4377594453632231e-01 dt=3.3326571451282003e-06
cycle=839 time=1.4377927719346745e-01 dt=3.2703737181779275e-06
cycle=840 time=1.4378254756718561e-01 dt=3.2088054148063805e-06
cycle=841 time=1.4378575637260041e-01 dt=3.1477587722332514e-06
cycle=842 time=1.4378890413137263e-01 dt=3.0874928547917571e-06
cycle=843 time=1.4379199162422743e-01 dt=3.0285908601236067e-06
cycle=844 time=1.4379502021508755e-01 dt=2.9720046075144581e-06
cycle=845 time=1.4379799221969508e-01 dt=2.9199497212575256e-06
cycle=846 time=1.4380091216941635e-01 dt=2.8620368376346094e-06
cycle=847 time=1.4380377420625398e-01 dt=2.8040493635692737e-06
cycle=848 time=1.4380657825561755e-01 dt=2.7482312226001158e-06
cycle=849 time=1.4380932648684014e-01 dt=2.6970800612081778e-06
cycle=850 time=1.4381202356690134e-01 dt=2.6602600709065302e-06
cycle=851 time=1.4381468382697224e-01 dt=2.6356199996969328e-06
cycle=852 time=1.4381731944697193e-01 dt=2.6215326812160494e-06
cycle=853 time=1.4381994097965314e-01 dt=2.6166574257599490e-06
cycle=854 time=1.4382255763707891e-01 dt=2.6198387943109049e-06
cycle=855 time=1.4382517747587323e-01 dt=2.6301010603671880e-06
cycle=856 time=1.4382780757693359e-01 dt=2.6468120883686089e-06
cycle=857 time=1.4383045438902195e-01 dt=2.6702538422453022e-06
cycle=858 time=1.4383312464286419e-01 dt=2.6950696493320540e-06
cycle=859 time=1.4383581971251352e-01 dt=2.7218828482307557e-06
cycle=860 time=1.4383854159536175e-01 dt=2.7512263465123542e-06
cycle=861 time=1.4384129282170827e-01 dt=2.7835449900472315e-06
cycle=862 time=1.4384407636669833e-01 dt=2.8191980452603894e-06
cycle=863 time=1.4384689556474359e-01 dt=2.8590736160675431e-06
cycle=864 time=1.4384975463835967e-01 dt=2.9600957683984228e-06
cycle=865 time=1.4385271473412806e-01 dt=3.5052478137739099e-06
cycle=866 time=1.4385621998194184e-01 dt=4.5273644708132898e-06
cycle=867 time=1.4386074734641266e-01 dt=6.1913438306218461e-06
cycle=868 time=1.4386693869024328e-01 dt=8.9463065444930539e-06
cycle=869 time=1.4387588499678777e-01 dt=1.3359297122870977e-05
cycle=870 time=1.4388924429391065e-01 dt=8.6276822197456316e-06
cycle=871 time=1.4389787197613038e-01 dt=5.2212285285882960e-06
cycle=872 time=1.4390309320465897e-01 dt=3.5960748087241647e-06
cycle=873 time=1.4390668927946770e-01 dt=2.5395951109373593e-06
cycle=874 time=1.4390922887457863e-01 dt=2.0534370915295566e-06
cycle=875 time=1.4391128231167016e-01 dt=1.8688220047219891e-06
cycle=876 time=1.4391315113367489e-01 dt=1.7229193348531156e-06
cycle=877 time=1.4391487405300973e-01 dt=1.6054304081493424e-06
cycle=878 time=1.4391647948341788e-01 dt=1.5103959536541206e-06
cycle=879 time=1.4391798987937152e-01 dt=1.4334692051122779e-06
cycle=880 time=1.4391942334857663e-01 dt=1.3714237356370790e-06
cycle=881 time=1.4392079477231226e-01 dt=1.3218143479284470e-06
cycle=882 time=1.4392211658666018e-01 dt=1.2827587415616161e-06
cycle=883 time=1.4392339934540174e-01 dt=1.2527844153950657e-06
cycle=884 time=1.4392465212981714e-01 dt=1.2307235712872202e-06
cycle=885 time=1.4392588285338842e-01 dt=1.2156355750287517e-06
cycle=886 time=1.4392709848896346e-01 dt=1.2067502202685053e-06
cycle=887 time=1.4392830523918373e-01 dt=1.2034249255686311e-06
cycle=888 time=1.4392950866410931e-01 dt=1.2051113785329844e-06
cycle=889 time=1.4393071377548783e-01 dt=1.2113072599750839e-06
cycle=890 time=1.4393192508274780e-01 dt=1.2216369053447490e-06
cycle=891 time=1.4393314671965315e-01 dt=1.2356958889708488e-06
cycle=892 time=1.4393438241554213e-01 dt=1.2530972947648001e-06
cycle=893 time=1.4393563551283689e-01 dt=1.2734563953294360e-06
cycle=894 time=1.4393690896923222e-01 dt=1.2963828491188988e-06
cycle=895 time=1.4393820535208135e-01 dt=1.3214749434192640e-06
cycle=896 time=1.4393952682702477e-01 dt=1.3483161017544782e-06
cycle=897 time=1.4394087514312653e-01 dt=1.3764748794387327e-06
cycle=898 time=1.4394225161800597e-01 dt=1.4055056949782287e-06
cycle=899 time=1.4394365712370094e-01 dt=1.4349520900116582e-06
cycle=900 time=1.4394509207579095e-01 dt=1.4643564088113156e-06
cycle=901 time=1.4394655643219975e-01 dt=1.4932703760341086e-06
cycle=902 time=1.4394804970257580e-01 dt=1.5212636008032564e-06
cycle=903 time=1.4394957096617661e-01 dt=1.5479353295519190e-06
cycle=904 time=1.4395111890150616e-01 dt=1.5729255137382435e-06
cycle=905 time=1.4395269182701989e-01 dt=1.5964132484510754e-06
cycle=906 time=1.4395428824026835e-01 dt=1.8060452733341384e-06
cycle=907 time=1.4395609428554168e-01 dt=2.2701909647841879e-06
cycle=908 time=1.4395836447650645e-01 dt=3.1798602693253750e-06
cycle=909 time=1.4396154433677577e-01 dt=4.8886200270806587e-06
cycle=910 time=1.4396643295680286e-01 dt=7.7950339327855694e-06
cycle=911 time=1.4397422799073564e-01 dt=1.5590067865571139e-05
cycle=912 time=1.4398981805860123e-01 dt=2.8159521175517405e-05
cycle=913 time=1.4401797757977675e-01 dt=2.9603729484628226e-05
cycle=914 time=1.4404758130926137e-01 dt=2.9524539081457612e-05
cycle=915 time=1.4407710584834282e-01 dt=2.7058470408809135e-05
cycle=916 time=1.4410416431875164e-01 dt=1.9250055280120109e-05
cycle=917 time=1.4412341437403176e-01 dt=1.4690878159609800e-05
cycle=918 time=1.4413810525219137e-01 dt=1.1586776868386517e-05
cycle=919 time=1.4414969202905975e-01 dt=9.2172676568792619e-06
cycle=920 time=1.4415890929671663e-01 dt=7.2713016516575562e-06
cycle=921 time=1.4416618059836828e-01 dt=5.6012134775876066e-06
cycle=922 time=1.4417178181184587e-01 dt=4.1952655060840065e-06
cycle=923 time=1.4417597707735194e-01 dt=3.4090580859464882e-06
cycle=924 time=1.4417938613543788e-01 dt=3.0385629231097118e-06
cycle=925 time=1.4418242469836098e-01 dt=2.7553506863932041e-06
cycle=926 time=1.4418518004904737e-01 dt=2.5209253460614752e-06
cycle=927 time=1.4418770097439343e-01 dt=2.3263758908111944e-06
cycle=928 time=1.4419002735028424e-01 dt=2.1652127043611100e-06
cycle=929 time=1.4419219256298860e-01 dt=2.0322496447654610e-06
cycle=930 time=1.4419422481263336e-01 dt=1.9233330321628068e-06
cycle=931 time=1.4419614814566553e-01 dt=1.8351315358423636e-06
cycle=932 time=1.4419798327720137e-01 dt=1.7649732955227687e-06
cycle=933 time=1.4419974825049689e-01 dt=1.7107229186711448e-06
cycle=934 time=1.4420145897341555e-01 dt=1.6706744538547385e-06
cycle=935 time=1.4420312964786941e-01 dt=1.6434705954881643e-06
cycle=936 time=1.4420477311846489e-01 dt=1.6280373246390010e-06
cycle=937 time=1.4420640115578953e-01 dt=1.6235290458268577e-06
cycle=938 time=1.4420802468483535e-01 dt=1.6292822709902841e-06
cycle=939 time=1.4420965396710633e-01 dt=1.6447748922739892e-06
cycle=940 time=1.4421129874199862e-01 dt=1.6695895767303196e-06
cycle=941 time=1.4421296833157535e-01 dt=1.7033791687729429e-06
cycle=942 time=1.4421467171074412e-01 dt=1.7458332215157236e-06
cycle=943 time=1.4421641754396564e-01 dt=1.7966449445718680e-06
cycle=944 time=1.4421821418891020e-01 dt=1.8554890615956169e-06
cycle=945 time=1.4422006967797180e-01 dt=1.9219795867664732e-06
cycle=946 time=1.4422199165755856e-01 dt=1.9955159566741477e-06
cycle=947 time=1.4422398717351523e-01 dt=2.0753994688577677e-06
cycle=948 time=1.4422606257298409e-01 dt=2.1572182680436134e-06
cycle=949 time=1.4422821979125214e-01 dt=2.2421425787718755e-06
cycle=950 time=1.4423046193383091e-01 dt=2.3304543410857674e-06
cycle=951 time=1.4423279238817199e-01 dt=2.4301119335725166e-06
cycle=952 time=1.4423522250010556e-01 dt=2.5524209371033536e-06
cycle=953 time=1.4423777492104267e-01 dt=2.7040908736929262e-06
cycle=954 time=1.4424047901191636e-01 dt=2.8682668169488735e-06
cycle=955 time=1.4424334727873331e-01 dt=3.0326094101927962e-06
cycle=956 time=1.4424637988814351e-01 dt=3.1909908501580183e-06
cycle=957 time=1.4424957087899368e-01 dt=3.3381869394859265e-06
cycle=958 time=1.4425290906593316e-01 dt=3.4687878211748008e-06
cycle=959 time=1.4425637785375434e-01 dt=3.5680896089208114e-06
cycle=960 time=1.4425994594336325e-01 dt=3.6385269681036785e-06
cycle=961 time=1.4426358447033136e-01 dt=3.6782029909421503e-06
cycle=962 time=1.4426726267332229e-01 dt=3.9550094721226342e-06
cycle=963 time=1.4427121768279441e-01 dt=4.8987658968577737e-06
cycle=964 time=1.4427611644869126e-01 dt=6.8775065823348916e-06
cycle=965 time=1.4428299395527361e-01 dt=1.2471335752869329e-05
cycle=966 time=1.4429546529102646e-01 dt=1.5146969054181654e-05
cycle=967 time=1.4431061226008066e-01 dt=1.7263490323974955e-05
cycle=968 time=1.4432787575040462e-01 dt=1.5510692089686927e-05
cycle=969 time=1.4434338644249431e-01 dt=1.1273194674295359e-05
cycle=970 time=1.4435465963716859e-01 dt=9.2283615125927280e-06
cycle=971 time=1.4436388799868119e-01 dt=7.7487060486372033e-06
cycle=972 time=1.4437163670472983e-01 dt=6.5210525535483855e-06
cycle=973 time=1.4437815775728338e-01 dt=5.4250004673527687e-06
cycle=974 time=1.4438358275775073e-01 dt=4.4065258190161011e-06
cycle=975 time=1.4438798928356975e-01 dt=3.4535061268564617e-06
cycle=976 time=1.4439144278969659e-01 dt=2.7037441293290748e-06
cycle=977 time=1.4439414653382593e-01 dt=2.2925286458884034e-06
cycle=978 time=1.4439643906247182e-01 dt=2.0735575658294304e-06
cycle=979 time=1.4439851262003764e-01 dt=1.8914315035294115e-06
cycle=980 time=1.4440040405154117e-01 dt=1.7389139780263820e-06
cycle=981 time=1.4440214296551920e-01 dt=1.6110860674083532e-06
cycle=982 time=1.4440375405158662e-01 dt=1.5039804819672838e-06
cycle=983 time=1.4440525803206858e-01 dt=1.4144257665199159e-06
cycle=984 time=1.4440667245783509e-01 dt=1.3399546770429756e-06
cycle=985 time=1.4440801241251214e-01 dt=1.2786201265881455e-06
cycle=986 time=1.4440929103263872e-01 dt=1.2288935371095927e-06
cycle=987 time=1.4441051992617582e-01 dt=1.1895833661699335e-06
cycle=988 time=1.4441170950954199e-01 dt=1.1597765752294230e-06
cycle=989 time=1.4441286928611721e-01 dt=1.1388437308159882e-06
cycle=990 time=1.4441400812984803e-01 dt=1.1263605672764456e-06
cycle=991 time=1.4441513449041532e-01 dt=1.1220770004445032e-06
cycle=992 time=1.4441625656741577e-01 dt=1.1260387625856251e-06
cycle=993 time=1.4441738260617837e-01 dt=1.1382641242093398e-06
cycle=994 time=1.4441852087030257e-01 dt=1.1588269494022939e-06
cycle=995 time=1.4441967969725197e-01 dt=1.1878498220659474e-06
cycle=996 time=1.4442086754707403e-01 dt=1.2254259253264470e-06
cycle=997 time=1.4442209297299935e-01 dt=1.2716615385590844e-06
cycle=998 time=1.4442336463453792e-01 dt=1.3266093430280445e-06
cycle=999 time=1.4442469124388094e-01 dt=1.3902342181906920e-06
cycle=1000 time=1.4442608147809913e-01 dt=1.4623885632223439e-06
cycle=1001 time=1.4442754386666234e-01 dt=1.5427940994070022e-06
cycle=1002 time=1.4442908666076176e-01 dt=1.6602096013851497e-06
cycle=1003 time=1.4443074687036314e-01 dt=1.8335329539230104e-06
cycle=1004 time=1.4443258040331705e-01 dt=1.9460853122463680e-06
cycle=1005 time=1.4443452648862931e-01 dt=2.0865375710441731e-06
cycle=1006 time=1.4443661302620037e-01 dt=2.2696587718056068e-06
cycle=1007 time=1.4443888268497218e-01 dt=2.4679177337344783e-06
cycle=1008 time=1.4444135060270591e-01 dt=2.6803491440749988e-06
cycle=1009 time=1.4444403095184999e-01 dt=2.9052515389429922e-06
cycle=1010 time=1.4444693620338894e-01 dt=3.3492125953007510e-06
cycle=1011 time=1.4445028541598423e-01 dt=4.6220931453389150e-06
cycle=1012 time=1.4445490750912957e-01 dt=7.4330209524615876e-06
cycle=1013 time=1.4446234053008203e-01 dt=1.4025724191976944e-05
cycle=1014 time=1.4447636625427401e-01 dt=2.0877006935410545e-05
cycle=1015 time=1.4449724326120941e-01 dt=1.5773281293909199e-05
cycle=1016 time=1.4451301654250331e-01 dt=1.1532713445486953e-05
cycle=1017 time=1.4452454925594879e-01 dt=9.0459834793212789e-06
cycle=1018 time=1.4453359523942810e-01 dt=7.5600047767237465e-06
cycle=1019 time=1.4454115524420483e-01 dt=6.5230178444405596e-06
cycle=1020 time=1.4454767826204926e-01 dt=6.1268053559655892e-06
cycle=1021 time=1.4455380506740523e-01 dt=6.5768872396305733e-06
cycle=1022 time=1.4456038195464485e-01 dt=8.3788511260134520e-06
cycle=1023 time=1.4456876080577086e-01 dt=1.2802805848281221e-05
cycle=1024 time=1.4458156361161914e-01 dt=1.8777533282063575e-05
cycle=1025 time=1.4460034114490120e-01 dt=1.4000964754881412e-05
cycle=1026 time=1.4461434210965607e-01 dt=1.1646803968236066e-05
cycle=1027 time=1.4462598891362430e-01 dt=1.1019114906288825e-05
cycle=1028 time=1.4463700802853058e-01 dt=1.1742079786879652e-05
cycle=1029 time=1.4464875010831746e-01 dt=1.0391260138286267e-05
cycle=1030 time=1.4465914136845576e-01 dt=8.4073307742377537e-06
cycle=1031 time=1.4466754869922999e-01 dt=6.9050338501266947e-06
cycle=1032 time=1.4467445373308011e-01 dt=5.6511895195400928e-06
cycle=1033 time=1.4468010492259964e-01 dt=4.5461923257347467e-06
cycle=1034 time=1.4468465111492537e-01 dt=3.5529491951624505e-06
cycle=1035 time=1.4468820406412053e-01 dt=2.8366929443621757e-06
cycle=1036 time=1.4469104075706490e-01 dt=2.4825312223190620e-06
cycle=1037 time=1.4469352328828722e-01 dt=2.3079739272034541e-06
cycle=1038 time=1.4469583126221441e-01 dt=2.1713181995959702e-06
cycle=1039 time=1.4469800258041401e-01 dt=2.0628649388530899e-06
cycle=1040 time=1.4470006544535285e-01 dt=1.9791916261897065e-06
cycle=1041 time=1.4470204463697905e-01 dt=1.9175643352602966e-06
cycle=1042 time=1.4470396220131432e-01 dt=1.8758987459347444e-06
cycle=1043 time=1.4470583810006024e-01 dt=1.8526607268128845e-06
cycle=1044 time=1.4470769076078704e-01 dt=1.8467631024648547e-06
cycle=1045 time=1.4470953752388951e-01 dt=1.8574500931873556e-06
cycle=1046 time=1.4471139497398269e-01 dt=1.8841948615596552e-06
cycle=1047 time=1.4471327916884424e-01 dt=1.9266043043993962e-06
cycle=1048 time=1.4471520577314864e-01 dt=1.9824966645918315e-06
cycle=1049 time=1.4471718826981322e-01 dt=2.2210343169307846e-06
cycle=1050 time=1.4471940930413016e-01 dt=2.9448077228221975e-06
cycle=1051 time=1.4472235411185297e-01 dt=4.8281085133468221e-06
cycle=1052 time=1.4472718222036632e-01 dt=9.4904518069833433e-06
cycle=1053 time=1.4473667267217330e-01 dt=1.8980903613966687e-05
cycle=1054 time=1.4475565357578726e-01 dt=2.7727592563259359e-05
cycle=1055 time=1.4478338116835052e-01 dt=1.8575969670464618e-05
cycle=1056 time=1.4480195713802099e-01 dt=1.3451946123815092e-05
cycle=1057 time=1.4481540908414481e-01 dt=1.0452389139075813e-05
cycle=1058 time=1.4482586147328388e-01 dt=8.3128363242621384e-06
cycle=1059 time=1.4483417430960815e-01 dt=6.6208055329658229e-06
cycle=1060 time=1.4484079511514111e-01 dt=5.2232625560043509e-06
cycle=1061 time=1.4484601837769712e-01 dt=4.0274751782263487e-06
cycle=1062 time=1.4485004585287534e-01 dt=3.1567996702870733e-06
cycle=1063 time=1.4485320265254562e-01 dt=2.7305068283750693e-06
cycle=1064 time=1.4485593315937398e-01 dt=2.5214744179000743e-06
cycle=1065 time=1.4485845463379188e-01 dt=2.3537457801199391e-06
cycle=1066 time=1.4486080837957199e-01 dt=2.2065609899860573e-06
cycle=1067 time=1.4486301494056197e-01 dt=2.0903079419675831e-06
cycle=1068 time=1.4486510524850393e-01 dt=2.0001157354999363e-06
cycle=1069 time=1.4486710536423944e-01 dt=1.9322215118162756e-06
cycle=1070 time=1.4486903758575126e-01 dt=1.8837072832474426e-06
cycle=1071 time=1.4487092129303450e-01 dt=1.8522991399737916e-06
cycle=1072 time=1.4487277359217449e-01 dt=1.8362192644165478e-06
cycle=1073 time=1.4487460981143890e-01 dt=1.8340674212310338e-06
cycle=1074 time=1.4487644387886014e-01 dt=1.8447318959385397e-06
cycle=1075 time=1.4487828861075608e-01 dt=1.9104310310593664e-06
cycle=1076 time=1.4488019904178714e-01 dt=2.2246520958879303e-06
cycle=1077 time=1.4488242369388304e-01 dt=3.0338343603122835e-06
cycle=1078 time=1.4488545752824336e-01 dt=4.9781585920480926e-06
cycle=1079 time=1.4489043568683541e-01 dt=9.5269811820231199e-06
cycle=1080 time=1.4489996266801744e-01 dt=1.8711456464247945e-05
cycle=1081 time=1.4491867412448170e-01 dt=2.7342983549016347e-05
cycle=1082 time=1.4494601710803071e-01 dt=2.4292896769443731e-05
cycle=1083 time=1.4497031000480015e-01 dt=1.7796263970813751e-05
cycle=1084 time=1.4498810626877096e-01 dt=1.3786644497663357e-05
cycle=1085 time=1.4500189291326862e-01 dt=1.1064431159664369e-05
cycle=1086 time=1.4501295734442829e-01 dt=1.0023386150490288e-05
cycle=1087 time=1.4502298073057879e-01 dt=1.0411583742572735e-05
cycle=1088 time=1.4503339231432136e-01 dt=1.2462664976417379e-05
cycle=1089 time=1.4504585497929778e-01 dt=1.6222695705337789e-05
cycle=1090 time=1.4506207767500312e-01 dt=2.2860480486452364e-05
cycle=1091 time=1.4508493815548956e-01 dt=2.2931048235013034e-05
cycle=1092 time=1.4510786920372457e-01 dt=2.0967003318297979e-05
cycle=1093 time=1.4512883620704287e-01 dt=2.0162018742070288e-05
cycle=1094 time=1.4514899822578495e-01 dt=1.9736598352529991e-05
cycle=1095 time=1.4516873482413747e-01 dt=1.7844974399991419e-05
cycle=1096 time=1.4518657979853747e-01 dt=1.6907289151530650e-05
cycle=1097 time=1.4520348708768899e-01 dt=1.6847197050204797e-05
cycle=1098 time=1.4522033428473918e-01 dt=1.7729867404287092e-05
cycle=1099 time=1.4523806415214346e-01 dt=1.9853372509966251e-05
cycle=1100 time=1.4525791752465342e-01 dt=2.3794697828102055e-05
cycle=1101 time=1.4528171222248151e-01 dt=2.5857870181193500e-05
cycle=1102 time=1.4530757009266271e-01 dt=2.5903333578951383e-05
cycle=1103 time=1.4533347342624167e-01 dt=2.5231501338282269e-05
cycle=1104 time=1.4535870492757996e-01 dt=2.3851190552925099e-05
cycle=1105 time=1.4538255611813289e-01 dt=2.3594351320185872e-05
cycle=1106 time=1.4540615046945307e-01 dt=2.4343446778931174e-05
cycle=1107 time=1.4543049391623200e-01 dt=2.3963230905955053e-05
cycle=1108 time=1.4545445714713795e-01 dt=2.3836979831026659e-05
cycle=1109 time=1.4547829412696897e-01 dt=2.1774117082051951e-05
cycle=1110 time=1.4550006824405101e-01 dt=2.0944343975125819e-05
cycle=1111 time=1.4552101258802613e-01 dt=2.1781499656558780e-05
cycle=1112 time=1.4554279408768270e-01 dt=2.1970370854872563e-05
cycle=1113 time=1.4556476445853758e-01 dt=2.1722050244738257e-05
cycle=1114 time=1.4558648650878231e-01 dt=2.0141290045974308e-05
cycle=1115 time=1.4560662779882827e-01 dt=1.8686754287132165e-05
cycle=1116 time=1.4562531455311539e-01 dt=1.8740374325052454e-05
cycle=1117 time=1.4564405492744045e-01 dt=2.0102094697670612e-05
cycle=1118 time=1.4566415702213811e-01 dt=1.8952575835046730e-05
cycle=1119 time=1.4568310959797315e-01 dt=1.8278817299507396e-05
cycle=1120 time=1.4570138841527266e-01 dt=1.8867072982470582e-05
cycle=1121 time=1.4572025548825512e-01 dt=2.0263875552227205e-05
cycle=1122 time=1.4574051936380736e-01 dt=2.1594341413459204e-05
cycle=1123 time=1.4576211370522082e-01 dt=2.1414671775170822e-05
cycle=1124 time=1.4578352837699599e-01 dt=2.1306200475117331e-05
cycle=1125 time=1.4580483457747109e-01 dt=1.9941853113794981e-05
cycle=1126 time=1.4582477643058489e-01 dt=1.8112200139988894e-05
cycle=1127 time=1.4584288863072489e-01 dt=1.6978898479644948e-05
cycle=1128 time=1.4585986752920455e-01 dt=1.6390764717107160e-05
cycle=1129 time=1.4587625829392165e-01 dt=1.6280854507264813e-05
cycle=1130 time=1.4589253914842892e-01 dt=1.6628280362006208e-05
cycle=1131 time=1.4590916742879093e-01 dt=1.7454248187629027e-05
cycle=1132 time=1.4592662167697856e-01 dt=1.8798178905526450e-05
cycle=1133 time=1.4594541985588408e-01 dt=2.0787931679268314e-05
cycle=1134 time=1.4596620778756333e-01 dt=2.1702279369476534e-05
cycle=1135 time=1.4598791006693282e-01 dt=2.0622018594745044e-05
cycle=1136 time=1.4600853208552755e-01 dt=2.0498663424955355e-05
cycle=1137 time=1.4602903074895252e-01 dt=1.9859735835034239e-05
cycle=1138 time=1.4604889048478756e-01 dt=1.9360040935550042e-05
cycle=1139 time=1.4606825052572311e-01 dt=1.9039873012058290e-05
cycle=1140 time=1.4608729039873516e-01 dt=1.8281019622947378e-05
cycle=1141 time=1.4610557141835812e-01 dt=1.8300728900399044e-05
cycle=1142 time=1.4612387214725853e-01 dt=1.8983873558657012e-05
cycle=1143 time=1.4614285602081720e-01 dt=1.8683810562356256e-05
cycle=1144 time=1.4616153983137956e-01 dt=1.8053113175578889e-05
cycle=1145 time=1.4617959294455513e-01 dt=1.5852273135093478e-05
cycle=1146 time=1.4619544521769021e-01 dt=1.4522043400047944e-05
cycle=1147 time=1.4620996726109026e-01 dt=1.4060431693448076e-05
cycle=1148 time=1.4622402769278370e-01 dt=1.4306380313115928e-05
cycle=1149 time=1.4623833407309680e-01 dt=1.5196855229188781e-05
cycle=1150 time=1.4625353092832599e-01 dt=1.6744684741276176e-05
cycle=1151 time=1.4627027561306727e-01 dt=1.7783911667198458e-05
cycle=1152 time=1.4628805952473448e-01 dt=1.8431664343376135e-05
cycle=1153 time=1.4630649118907785e-01 dt=1.9339944081645822e-05
cycle=1154 time=1.4632583113315950e-01 dt=1.6715114553088252e-05
cycle=1155 time=1.4634254624771259e-01 dt=1.4788012324277959e-05
cycle=1156 time=1.4635733426003686e-01 dt=1.4237309097415372e-05
cycle=1157 time=1.4637157156913427e-01 dt=1.4649039265085762e-05
cycle=1158 time=1.4638622060839937e-01 dt=1.5844130273155300e-05
cycle=1159 time=1.4640206473867254e-01 dt=1.7779914338548705e-05
cycle=1160 time=1.4641984465301108e-01 dt=1.8416669157750865e-05
cycle=1161 time=1.4643826132216883e-01 dt=1.7934818827248750e-05
cycle=1162 time=1.4645619614099609e-01 dt=1.8650479361415087e-05
cycle=1163 time=1.4647484662035751e-01 dt=1.8156431452247736e-05
cycle=1164 time=1.4649300305180976e-01 dt=1.7608496894455325e-05
cycle=1165 time=1.4651061154870421e-01 dt=1.8398376124552269e-05
cycle=1166 time=1.4652900992482876e-01 dt=1.9803759039226458e-05
cycle=1167 time=1.4654881368386799e-01 dt=1.6608137921718738e-05
cycle=1168 time=1.4656542182178972e-01 dt=1.5216700622030784e-05
cycle=1169 time=1.4658063852241174e-01 dt=1.3969718165422586e-05
cycle=1170 time=1.4659460824057716e-01 dt=1.3973621039557523e-05
cycle=1171 time=1.4660858186161671e-01 dt=1.4083522806433999e-05
cycle=1172 time=1.4662266538442315e-01 dt=1.5583930558304061e-05
cycle=1173 time=1.4663824931498146e-01 dt=1.5236669381795943e-05
cycle=1174 time=1.4665348598436326e-01 dt=1.5456660410073628e-05
cycle=1175 time=1.4666894264477334e-01 dt=1.4600662025330012e-05
cycle=1176 time=1.4668354330679867e-01 dt=1.6853554098219103e-05
cycle=1177 time=1.4670039686089689e-01 dt=1.8291270392062769e-05
cycle=1178 time=1.4671868813128897e-01 dt=1.7457099801987904e-05
cycle=1179 time=1.4673614523109096e-01 dt=1.6255814698899654e-05
cycle=1180 time=1.4675240104578988e-01 dt=1.6402656865244716e-05
cycle=1181 time=1.4676880370265513e-01 dt=1.4717551158219001e-05
cycle=1182 time=1.4678352125381336e-01 dt=1.3332748277228930e-05
cycle=1183 time=1.4679685400209058e-01 dt=1.2368514331804447e-05
cycle=1184 time=1.4680922251642239e-01 dt=1.2553913530674879e-05
cycle=1185 time=1.4682177642995306e-01 dt=1.3600817089961530e-05
cycle=1186 time=1.4683537724704301e-01 dt=1.4090843478514948e-05
cycle=1187 time=1.4684946809052152e-01 dt=1.3446702962041477e-05
cycle=1188 time=1.4686291479348357e-01 dt=1.5593299589915421e-05
cycle=1189 time=1.4687850809307348e-01 dt=1.7678653105263399e-05
cycle=1190 time=1.4689618674617874e-01 dt=1.6369535504266630e-05
cycle=1191 time=1.4691255628168301e-01 dt=1.5319987846162096e-05
cycle=1192 time=1.4692787626952916e-01 dt=1.5313716713522892e-05
cycle=1193 time=1.4694318998624267e-01 dt=1.5119994063327971e-05
cycle=1194 time=1.4695830998030601e-01 dt=1.4428369563882261e-05
cycle=1195 time=1.4697273834986990e-01 dt=1.4670454308262532e-05
cycle=1196 time=1.4698740880417815e-01 dt=1.5764420485195166e-05
cycle=1197 time=1.4700317322466336e-01 dt=1.5944391833862030e-05
cycle=1198 time=1.4701911761649722e-01 dt=1.5776688087634338e-05
cycle=1199 time=1.4703489430458486e-01 dt=1.5186151136716491e-05
cycle=1200 time=1.4705008045572157e-01 dt=1.5206809725400432e-05
cycle=1201 time=1.4706528726544696e-01 dt=1.5124750207404516e-05
cycle=1202 time=1.4708041201565436e-01 dt=1.5867150934790832e-05
cycle=1203 time=1.4709627916658916e-01 dt=1.6181311096262662e-05
cycle=1204 time=1.4711246047768542e-01 dt=1.5088949377113762e-05
cycle=1205 time=1.4712754942706252e-01 dt=1.5024483107226411e-05
cycle=1206 time=1.4714257391016974e-01 dt=1.3722780108896513e-05
cycle=1207 time=1.4715629669027863e-01 dt=1.3801944765180555e-05
cycle=1208 time=1.4717009863504382e-01 dt=1.5143949083663141e-05
cycle=1209 time=1.4718524258412749e-01 dt=1.5764762528626050e-05
cycle=1210 time=1.4720100734665612e-01 dt=1.4418410785259632e-05
cycle=1211 time=1.4721542575744137e-01 dt=1.2592828897090427e-05
cycle=1212 time=1.4722801858633847e-01 dt=1.1298886909630135e-05
cycle=1213 time=1.4723931747324809e-01 dt=1.1109769142777959e-05
cycle=1214 time=1.4725042724239087e-01 dt=1.1768681051685553e-05
cycle=1215 time=1.4726219592344256e-01 dt=1.2919791204984770e-05
cycle=1216 time=1.4727511571464755e-01 dt=1.3623091835917595e-05
cycle=1217 time=1.4728873880648347e-01 dt=1.2425791564853573e-05
cycle=1218 time=1.4730116459804832e-01 dt=1.2213085044987523e-05
cycle=1219 time=1.4731337768309330e-01 dt=1.2822444754277193e-05
cycle=1220 time=1.4732620012784758e-01 dt=1.4198238922376739e-05
cycle=1221 time=1.4734039836676996e-01 dt=1.4006462388979852e-05
cycle=1222 time=1.4735440482915893e-01 dt=1.3688133464633915e-05
cycle=1223 time=1.4736809296262357e-01 dt=1.2666703223173597e-05
cycle=1224 time=1.4738075966584674e-01 dt=1.2768755622282656e-05
cycle=1225 time=1.4739352842146902e-01 dt=1.3839807397719611e-05
cycle=1226 time=1.4740736822886674e-01 dt=1.3487342282486320e-05
cycle=1227 time=1.4742085557114923e-01 dt=1.2215857430999424e-05
cycle=1228 time=1.4743307142858023e-01 dt=1.2156567247831352e-05
cycle=1229 time=1.4744522799582807e-01 dt=1.3068857197974297e-05
cycle=1230 time=1.4745829685302606e-01 dt=1.2148435994364279e-05
cycle=1231 time=1.4747044528902042e-01 dt=1.1331439652169963e-05
cycle=1232 time=1.4748177672867260e-01 dt=1.0703295734484797e-05
cycle=1233 time=1.4749248002440710e-01 dt=1.0509099242330031e-05
cycle=1234 time=1.4750298912364943e-01 dt=1.1065929625097335e-05
cycle=1235 time=1.4751405505327453e-01 dt=1.2258570133777412e-05
cycle=1236 time=1.4752631362340832e-01 dt=1.4065334179615675e-05
cycle=1237 time=1.4754037895758793e-01 dt=1.5175248158781152e-05
cycle=1238 time=1.4755555420574670e-01 dt=1.4096746739871437e-05
cycle=1239 time=1.4756965095248659e-01 dt=1.3668035292594595e-05
cycle=1240 time=1.4758331898777918e-01 dt=1.2500002946091242e-05
cycle=1241 time=1.4759581899072527e-01 dt=1.1653351600309455e-05
cycle=1242 time=1.4760747234232557e-01 dt=1.1632676017389418e-05
cycle=1243 time=1.4761910501834297e-01 dt=1.2644362053786262e-05
cycle=1244 time=1.4763174938039675e-01 dt=1.3576716856316168e-05
cycle=1245 time=1.4764532609725306e-01 dt=1.4244132714213352e-05
cycle=1246 time=1.4765957022996729e-01 dt=1.3535233800529974e-05
cycle=1247 time=1.4767310546376783e-01 dt=1.3501552236147129e-05
cycle=1248 time=1.4768660701600397e-01 dt=1.1721239639733303e-05
cycle=1249 time=1.4769832825564372e-01 dt=1.0248813205201124e-05
cycle=1250 time=1.4770857706884891e-01 dt=9.7385735861936350e-06
cycle=1251 time=1.4771831564243509e-01 dt=8.8777232321404662e-06
cycle=1252 time=1.4772719336566723e-01 dt=7.7064696682267892e-06
cycle=1253 time=1.4773489983533544e-01 dt=6.8173766537696718e-06
cycle=1254 time=1.4774171721198920e-01 dt=6.8700532283057304e-06
cycle=1255 time=1.4774858726521750e-01 dt=7.9969351157463648e-06
cycle=1256 time=1.4775658420033325e-01 dt=1.0535439346036934e-05
cycle=1257 time=1.4776711963967928e-01 dt=1.2106960581361228e-05
cycle=1258 time=1.4777922660026063e-01 dt=1.0823861981369399e-05
cycle=1259 time=1.4779005046224200e-01 dt=1.0544673185413627e-05
cycle=1260 time=1.4780059513542743e-01 dt=1.2103083381581009e-05
cycle=1261 time=1.4781269821880902e-01 dt=1.0853642214927553e-05
cycle=1262 time=1.4782355186102394e-01 dt=9.6284760984183205e-06
cycle=1263 time=1.4783318033712237e-01 dt=9.9827415367927263e-06
cycle=1264 time=1.4784316307865916e-01 dt=1.1878254497439584e-05
cycle=1265 time=1.4785504133315661e-01 dt=1.4295812530841758e-05
cycle=1266 time=1.4786933714568745e-01 dt=1.2691538327245442e-05
cycle=1267 time=1.4788202868401470e-01 dt=1.1148113244922207e-05
cycle=1268 time=1.4789317679725963e-01 dt=9.9098564998377279e-06
cycle=1269 time=1.4790308665375948e-01 dt=9.0566779733647159e-06
cycle=1270 time=1.4791214333173283e-01 dt=9.0044881041049372e-06
cycle=1271 time=1.4792114781983692e-01 dt=9.2591181970883699e-06
cycle=1272 time=1.4793040693803400e-01 dt=8.7683484592057918e-06
cycle=1273 time=1.4793917528649320e-01 dt=8.3353493572538878e-06
cycle=1274 time=1.4794751063585046e-01 dt=7.9934477984017862e-06
cycle=1275 time=1.4795550408364885e-01 dt=7.7559452971687104e-06
cycle=1276 time=1.4796326002894603e-01 dt=7.6219761858946137e-06
cycle=1277 time=1.4797088200513192e-01 dt=8.4740685209949292e-06
cycle=1278 time=1.4797935607365292e-01 dt=9.6122664786609356e-06
cycle=1279 time=1.4798896834013159e-01 dt=8.7881164587228918e-06
cycle=1280 time=1.4799775645659030e-01 dt=7.8203514713971877e-06
cycle=1281 time=1.4800557680806170e-01 dt=8.0942398189053238e-06
cycle=1282 time=1.4801367104788060e-01 dt=8.7630774648866669e-06
cycle=1283 time=1.4802243412534549e-01 dt=7.9808198681600600e-06
cycle=1284 time=1.4803041494521366e-01 dt=8.6007599676232884e-06
cycle=1285 time=1.4803901570518127e-01 dt=1.0701519216533232e-05
cycle=1286 time=1.4804971722439780e-01 dt=1.0782096459273933e-05
cycle=1287 time=1.4806049932085708e-01 dt=9.4969959267025932e-06
cycle=1288 time=1.4806999631678378e-01 dt=8.2193205032117038e-06
cycle=1289 time=1.4807821563728699e-01 dt=7.3303449341477756e-06
cycle=1290 time=1.4808554598222112e-01 dt=7.9618302107205903e-06
cycle=1291 time=1.4809350781243186e-01 dt=1.0221986707482438e-05
cycle=1292 time=1.4810372979913933e-01 dt=1.3682572692199785e-05
cycle=1293 time=1.4811741237183151e-01 dt=1.3406243951407562e-05
cycle=1294 time=1.4813081861578292e-01 dt=1.1074851845915611e-05
cycle=1295 time=1.4814189346762885e-01 dt=9.0455098597220680e-06
cycle=1296 time=1.4815093897748857e-01 dt=7.6373891174146744e-06
cycle=1297 time=1.4815857636660598e-01 dt=6.9477252814459570e-06
cycle=1298 time=1.4816552409188743e-01 dt=6.6780317803598924e-06
cycle=1299 time=1.4817220212366780e-01 dt=6.5407573975125621e-06
cycle=1300 time=1.4817874288106531e-01 dt=6.4450531535637497e-06
cycle=1301 time=1.4818518793421886e-01 dt=6.9126403539424239e-06
cycle=1302 time=1.4819210057457280e-01 dt=8.3469686366087474e-06
cycle=1303 time=1.4820044754320941e-01 dt=9.8596408511675055e-06
cycle=1304 time=1.4821030718406059e-01 dt=9.0452765518602312e-06
cycle=1305 time=1.4821935246061244e-01 dt=8.0520682309657824e-06
cycle=1306 time=1.4822740452884339e-01 dt=8.3161648509441473e-06
cycle=1307 time=1.4823572069369434e-01 dt=9.9618016825585657e-06
cycle=1308 time=1.4824568249537690e-01 dt=1.3492037191665895e-05
cycle=1309 time=1.4825917453256857e-01 dt=1.3214033535391360e-05
cycle=1310 time=1.4827238856610395e-01 dt=1.1735386456122722e-05
cycle=1311 time=1.4828412395256008e-01 dt=1.0430889747279402e-05
cycle=1312 time=1.4829455484230736e-01 dt=9.4780075371346497e-06
cycle=1313 time=1.4830403284984450e-01 dt=8.8972449540182031e-06
cycle=1314 time=1.4831293009479851e-01 dt=8.6116918151143432e-06
cycle=1315 time=1.4832154178661364e-01 dt=8.5169553700154334e-06
cycle=1316 time=1.4833005874198366e-01 dt=8.5259540453217381e-06
cycle=1317 time=1.4833858469602898e-01 dt=9.0043436229675865e-06
cycle=1318 time=1.4834758903965195e-01 dt=1.0079532029280567e-05
cycle=1319 time=1.4835766857168123e-01 dt=1.1800591440506098e-05
cycle=1320 time=1.4836946916312174e-01 dt=1.0740682116304796e-05
cycle=1321 time=1.4838020984523806e-01 dt=9.5095824811239030e-06
cycle=1322 time=1.4838971942771920e-01 dt=8.4233415440705513e-06
cycle=1323 time=1.4839814276926327e-01 dt=7.6118813023572675e-06
cycle=1324 time=1.4840575465056563e-01 dt=7.5272064214675563e-06
cycle=1325 time=1.4841328185698710e-01 dt=7.4475075594146144e-06
cycle=1326 time=1.4842072936454651e-01 dt=7.0766134212691833e-06
cycle=1327 time=1.4842780597796779e-01 dt=6.7642688140468303e-06
cycle=1328 time=1.4843457024678183e-01 dt=6.5123783422975365e-06
cycle=1329 time=1.4844108262512412e-01 dt=6.5251227557161580e-06
cycle=1330 time=1.4844760774787985e-01 dt=7.6106455630024274e-06
cycle=1331 time=1.4845521839344286e-01 dt=1.0043711192057414e-05
cycle=1332 time=1.4846526210463493e-01 dt=1.2753451783336822e-05
cycle=1333 time=1.4847801555641826e-01 dt=1.1465723153921420e-05
cycle=1334 time=1.4848948127957218e-01 dt=1.0136382029813829e-05
cycle=1335 time=1.4849961766160200e-01 dt=9.0532418037032416e-06
cycle=1336 time=1.4850867090340569e-01 dt=8.3302464559998495e-06
cycle=1337 time=1.4851700114986169e-01 dt=7.9560450000315311e-06
cycle=1338 time=1.4852495719486172e-01 dt=7.7637482735361761e-06
cycle=1339 time=1.4853272094313527e-01 dt=7.6477836840194525e-06
cycle=1340 time=1.4854036872681928e-01 dt=7.4701122293868180e-06
cycle=1341 time=1.4854783883904865e-01 dt=7.2526655454542196e-06
cycle=1342 time=1.4855509150459412e-01 dt=7.0686075181323768e-06
cycle=1343 time=1.4856216011211226e-01 dt=6.9126500305787879e-06
cycle=1344 time=1.4856907276214285e-01 dt=6.7778517902120909e-06
cycle=1345 time=1.4857585061393305e-01 dt=6.6577606737090750e-06
cycle=1346 time=1.4858250837460676e-01 dt=6.5473325805144497e-06
cycle=1347 time=1.4858905570718728e-01 dt=6.4430585587028002e-06
cycle=1348 time=1.4859549876574599e-01 dt=6.5628148863974864e-06
cycle=1349 time=1.4860206158063238e-01 dt=7.0590234276833176e-06
cycle=1350 time=1.4860912060406006e-01 dt=7.9927510254881989e-06
cycle=1351 time=1.4861711335508554e-01 dt=9.0431229144823622e-06
cycle=1352 time=1.4862615647800001e-01 dt=9.3118937843325638e-06
cycle=1353 time=1.4863546837178435e-01 dt=9.9791448116292412e-06
cycle=1354 time=1.4864544751659597e-01 dt=1.0933621028096285e-05
cycle=1355 time=1.4865638113762408e-01 dt=9.8245727473599368e-06
cycle=1356 time=1.4866620571037145e-01 dt=8.8078361838825205e-06
cycle=1357 time=1.4867501354655532e-01 dt=8.0434277532278672e-06
cycle=1358 time=1.4868305697430856e-01 dt=7.5857077783653542e-06
cycle=1359 time=1.4869064268208693e-01 dt=7.3575214602190637e-06
cycle=1360 time=1.4869800020354715e-01 dt=7.2439793571980185e-06
cycle=1361 time=1.4870524418290434e-01 dt=7.1525883223436732e-06
cycle=1362 time=1.4871239677122669e-01 dt=6.7692143843141950e-06
cycle=1363 time=1.4871916598561100e-01 dt=6.4369978598719225e-06
cycle=1364 time=1.4872560298347087e-01 dt=6.1735052928826206e-06
cycle=1365 time=1.4873177648876376e-01 dt=5.9739313983864167e-06
cycle=1366 time=1.4873775042016216e-01 dt=6.6843478517969832e-06
cycle=1367 time=1.4874443476801397e-01 dt=7.7363526692731794e-06
cycle=1368 time=1.4875217112068323e-01 dt=7.6947614598795282e-06
cycle=1369 time=1.4875986588214310e-01 dt=7.5257697322725023e-06
cycle=1370 time=1.4876739165187539e-01 dt=7.4338116943881276e-06
cycle=1371 time=1.4877482546356977e-01 dt=7.5235737353020066e-06
cycle=1372 time=1.4878234903730506e-01 dt=7.8413786528995304e-06
cycle=1373 time=1.4879019041595795e-01 dt=8.4297533112304132e-06
cycle=1374 time=1.4879862016926917e-01 dt=9.3281445638896417e-06
cycle=1375 time=1.4880794831383307e-01 dt=9.3917507357455543e-06
cycle=1376 time=1.4881734006456881e-01 dt=8.6012430427423727e-06
cycle=1377 time=1.4882594130761156e-01 dt=8.1220221139562921e-06
cycle=1378 time=1.4883406332972551e-01 dt=7.9931027112308656e-06
cycle=1379 time=1.4884205643243675e-01 dt=8.0572660293998074e-06
cycle=1380 time=1.4885011369846615e-01 dt=7.7633251052043202e-06
cycle=1381 time=1.4885787702357137e-01 dt=7.5199308610634587e-06
cycle=1382 time=1.4886539695443243e-01 dt=7.3269403156700055e-06
cycle=1383 time=1.4887272389474809e-01 dt=7.1873526502902104e-06
cycle=1384 time=1.4887991124739838e-01 dt=7.0941171604674758e-06
cycle=1385 time=1.4888700536455884e-01 dt=7.0315211778126286e-06
cycle=1386 time=1.4889403688573666e-01 dt=6.9860820558191424e-06
cycle=1387 time=1.4890102296779248e-01 dt=6.9039741760866767e-06
cycle=1388 time=1.4890792694196855e-01 dt=6.8193722044630355e-06
cycle=1389 time=1.4891474631417301e-01 dt=6.7447821344753583e-06
cycle=1390 time=1.4892149109630748e-01 dt=6.6782598305469116e-06
cycle=1391 time=1.4892816935613803e-01 dt=6.6177717741944032e-06
cycle=1392 time=1.4893478712791222e-01 dt=6.5618372217168667e-06
cycle=1393 time=1.4894134896513395e-01 dt=6.5091636883335250e-06
cycle=1394 time=1.4894785812882227e-01 dt=6.4587855841689019e-06
cycle=1395 time=1.4895431691440644e-01 dt=6.4099936280031355e-06
cycle=1396 time=1.4896072690803444e-01 dt=6.3644329355896977e-06
cycle=1397 time=1.4896709134097003e-01 dt=6.3270206443255568e-06
cycle=1398 time=1.4897341836161435e-01 dt=6.2942843279298902e-06
cycle=1399 time=1.4897971264594229e-01 dt=6.2636721879673699e-06
cycle=1400 time=1.4898597631813026e-01 dt=6.2335476228436328e-06
cycle=1401 time=1.4899220986575309e-01 dt=6.2025650050066523e-06
cycle=1402 time=1.4899841243075809e-01 dt=6.1697699722901949e-06
cycle=1403 time=1.4900458220073037e-01 dt=6.1349984248508233e-06
cycle=1404 time=1.4901071719915523e-01 dt=6.0982064389004386e-06
cycle=1405 time=1.4901681540559414e-01 dt=6.0595561956455119e-06
cycle=1406 time=1.4902287496178979e-01 dt=6.0497470410771729e-06
cycle=1407 time=1.4902892470883086e-01 dt=6.0852957816431604e-06
cycle=1408 time=1.4903501000461250e-01 dt=6.1769460674032364e-06
cycle=1409 time=1.4904118695067992e-01 dt=6.3416693275002068e-06
cycle=1410 time=1.4904752862000742e-01 dt=6.5913527890108529e-06
cycle=1411 time=1.4905411997279644e-01 dt=6.9390429053393359e-06
cycle=1412 time=1.4906105901570177e-01 dt=7.4145038031249808e-06
cycle=1413 time=1.4906847351950489e-01 dt=8.0568512880480583e-06
cycle=1414 time=1.4907653037079294e-01 dt=8.9140528479494846e-06
cycle=1415 time=1.4908544442364088e-01 dt=8.5760819635334730e-06
cycle=1416 time=1.4909402050560441e-01 dt=7.8085915788982054e-06
cycle=1417 time=1.4910182909718331e-01 dt=7.0836161098116491e-06
cycle=1418 time=1.4910891271329313e-01 dt=6.5108404393561793e-06
cycle=1419 time=1.4911542355373247e-01 dt=6.1365588238575074e-06
cycle=1420 time=1.4912156011255634e-01 dt=5.9554887044338923e-06
cycle=1421 time=1.4912751560126078e-01 dt=5.8843456255793574e-06
cycle=1422 time=1.4913339994688635e-01 dt=5.8710016684798932e-06
cycle=1423 time=1.4913927094855484e-01 dt=5.8981172296242676e-06
cycle=1424 time=1.4914516906578446e-01 dt=5.9410343593500594e-06
cycle=1425 time=1.4915111010014381e-01 dt=5.9792253159654116e-06
cycle=1426 time=1.4915708932545979e-01 dt=6.0011583114120666e-06
cycle=1427 time=1.4916309048377122e-01 dt=6.0022386853500384e-06
cycle=1428 time=1.4916909272245657e-01 dt=5.9829345143168636e-06
cycle=1429 time=1.4917507565697088e-01 dt=5.9468984569791380e-06
cycle=1430 time=1.4918102255542787e-01 dt=5.8993246120286080e-06
cycle=1431 time=1.4918692188003990e-01 dt=5.8456067695215189e-06
cycle=1432 time=1.4919276748680943e-01 dt=5.7904557773972405e-06
cycle=1433 time=1.4919855794258682e-01 dt=5.7374097950826801e-06
cycle=1434 time=1.4920429535238192e-01 dt=5.6886852886721251e-06
cycle=1435 time=1.4920998403767058e-01 dt=5.6452793754493885e-06
cycle=1436 time=1.4921562931704602e-01 dt=5.6072259663461780e-06
cycle=1437 time=1.4922123654301236e-01 dt=5.5739076033614271e-06
cycle=1438 time=1.4922681045061573e-01 dt=5.5443579959659344e-06
cycle=1439 time=1.4923235480861169e-01 dt=5.5175125590138063e-06
cycle=1440 time=1.4923787232117069e-01 dt=5.4923881699682534e-06
cycle=1441 time=1.4924336470934066e-01 dt=5.4681923981541415e-06
cycle=1442 time=1.4924883290173882e-01 dt=5.4621599396723312e-06
cycle=1443 time=1.4925429506167850e-01 dt=5.6495228811544770e-06
cycle=1444 time=1.4925994458455966e-01 dt=6.1175426068728268e-06
cycle=1445 time=1.4926606212716653e-01 dt=6.9985380386228175e-06
cycle=1446 time=1.4927306066520515e-01 dt=8.4818901061563440e-06
cycle=1447 time=1.4928154255531131e-01 dt=1.0708043847058185e-05
cycle=1448 time=1.4929225059915838e-01 dt=1.0051424923792503e-05
cycle=1449 time=1.4930230202408218e-01 dt=9.2950474094478020e-06
cycle=1450 time=1.4931159707149164e-01 dt=8.5623939611901038e-06
cycle=1451 time=1.4932015946545282e-01 dt=7.9057966235088287e-06
cycle=1452 time=1.4932806526207634e-01 dt=7.3574564344935835e-06
cycle=1453 time=1.4933542271851083e-01 dt=6.9292846152747915e-06
cycle=1454 time=1.4934235200312609e-01 dt=6.6173726877929432e-06
cycle=1455 time=1.4934896937581388e-01 dt=6.4136078855939526e-06
cycle=1456 time=1.4935538298369946e-01 dt=6.3007934039534328e-06
cycle=1457 time=1.4936168377710340e-01 dt=6.2569824972953484e-06
cycle=1458 time=1.4936794075960069e-01 dt=6.2610561808276121e-06
cycle=1459 time=1.4937420181578151e-01 dt=6.2978580521296470e-06
cycle=1460 time=1.4938049967383363e-01 dt=6.3468846584371336e-06
cycle=1461 time=1.4938684655849208e-01 dt=6.3985178321185110e-06
cycle=1462 time=1.4939324507632420e-01 dt=6.4454143066960071e-06
cycle=1463 time=1.4939969049063090e-01 dt=6.4860013610896631e-06
cycle=1464 time=1.4940617649199198e-01 dt=6.5251397833132476e-06
cycle=1465 time=1.4941270163177528e-01 dt=6.5591773021611995e-06
cycle=1466 time=1.4941926080907744e-01 dt=6.5856450391612697e-06
cycle=1467 time=1.4942584645411661e-01 dt=6.6031968387780509e-06
cycle=1468 time=1.4943244965095540e-01 dt=6.6114687554382188e-06
cycle=1469 time=1.4943906111971084e-01 dt=6.6101434998533713e-06
cycle=1470 time=1.4944567126321068e-01 dt=6.5978971697638884e-06
cycle=1471 time=1.4945226916038043e-01 dt=6.5724765177012573e-06
cycle=1472 time=1.4945884163689813e-01 dt=6.5343121814030194e-06
cycle=1473 time=1.4946537594907952e-01 dt=6.4898696945093716e-06
cycle=1474 time=1.4947186581877403e-01 dt=6.4437707523094887e-06
cycle=1475 time=1.4947830958952635e-01 dt=6.3990905570900851e-06
cycle=1476 time=1.4948470868008343e-01 dt=6.3577128722364690e-06
cycle=1477 time=1.4949106639295567e-01 dt=6.3206262122986849e-06
cycle=1478 time=1.4949738701916798e-01 dt=6.2881636290995699e-06
cycle=1479 time=1.4950367518279709e-01 dt=6.2601970542572061e-06
cycle=1480 time=1.4950993537985136e-01 dt=6.0726399729436708e-06
cycle=1481 time=1.4951600801982429e-01 dt=5.8034593316371225e-06
cycle=1482 time=1.4952181147915591e-01 dt=5.5729392914035171e-06
cycle=1483 time=1.4952738441844732e-01 dt=5.3942366229178246e-06
cycle=1484 time=1.4953277865507023e-01 dt=5.2659112422316429e-06
cycle=1485 time=1.4953804456631245e-01 dt=5.1750211532415708e-06
cycle=1486 time=1.4954321958746569e-01 dt=5.1056297300340278e-06
cycle=1487 time=1.4954832521719572e-01 dt=5.0495322409037737e-06
cycle=1488 time=1.4955337474943661e-01 dt=5.0017987332302715e-06
cycle=1489 time=1.4955837654816984e-01 dt=4.9585402186929729e-06
cycle=1490 time=1.4956333508838854e-01 dt=4.9163797934734016e-06
cycle=1491 time=1.4956825146818201e-01 dt=4.8729806050666780e-06
cycle=1492 time=1.4957312444878706e-01 dt=4.8271848163968206e-06
cycle=1493 time=1.4957795163360346e-01 dt=4.7787765793305349e-06
cycle=1494 time=1.4958273041018280e-01 dt=4.7281813738183846e-06
cycle=1495 time=1.4958745859155662e-01 dt=4.6761753504024363e-06
cycle=1496 time=1.4959213476690703e-01 dt=4.6236478632205315e-06
cycle=1497 time=1.4959675841477024e-01 dt=4.5714086951320591e-06
cycle=1498 time=1.4960132982346538e-01 dt=4.6089224864722773e-06
cycle=1499 time=1.4960593874595185e-01 dt=4.8770562126437775e-06
cycle=1500 time=1.4961081580216448e-01 dt=5.4871017730700580e-06
cycle=1501 time=1.4961630290393754e-01 dt=6.6237254924909525e-06
cycle=1502 time=1.4962292662943003e-01 dt=6.7600841642092887e-06
cycle=1503 time=1.4962968671359422e-01 dt=6.1488853368683535e-06
cycle=1504 time=1.4963583559893109e-01 dt=5.4346035287961675e-06
cycle=1505 time=1.4964127020245990e-01 dt=4.7789599189305817e-06
cycle=1506 time=1.4964604916237884e-01 dt=4.3205860592295367e-06
cycle=1507 time=1.4965036974843807e-01 dt=4.1420579465735296e-06
cycle=1508 time=1.4965451180638464e-01 dt=4.0412221745327411e-06
cycle=1509 time=1.4965855302855918e-01 dt=3.9698274876380851e-06
cycle=1510 time=1.4966252285604681e-01 dt=3.9219553194837635e-06
cycle=1511 time=1.4966644481136629e-01 dt=3.8924485493340918e-06
cycle=1512 time=1.4967033725991563e-01 dt=3.8766462277748585e-06
cycle=1513 time=1.4967421390614341e-01 dt=3.8704700242073047e-06
cycle=1514 time=1.4967808437616761e-01 dt=3.8703655569685147e-06
cycle=1515 time=1.4968195474172458e-01 dt=3.8734359766046639e-06
cycle=1516 time=1.4968582817770118e-01 dt=3.8772714371500669e-06
cycle=1517 time=1.4968970544913834e-01 dt=3.8801339871001719e-06
cycle=1518 time=1.4969358558312545e-01 dt=3.8810235049815853e-06
cycle=1519 time=1.4969746660663044e-01 dt=3.8758786653822969e-06
cycle=1520 time=1.4970134248529582e-01 dt=3.8620232555879465e-06
cycle=1521 time=1.4970520450855140e-01 dt=3.8387566388554313e-06
cycle=1522 time=1.4970904326519027e-01 dt=3.8069937402215409e-06
cycle=1523 time=1.4971285025893050e-01 dt=3.7686775992108097e-06
cycle=1524 time=1.4971661893652971e-01 dt=3.7262130303269645e-06
cycle=1525 time=1.4972034514956004e-01 dt=3.6819395059757319e-06
cycle=1526 time=1.4972402708906601e-01 dt=3.6378449084296625e-06
cycle=1527 time=1.4972766493397444e-01 dt=3.5953722985459869e-06
cycle=1528 time=1.4973126030627298e-01 dt=3.5553710976209937e-06
cycle=1529 time=1.4973481567737060e-01 dt=3.5181581519455191e-06
cycle=1530 time=1.4973833383552254e-01 dt=3.4836507088413626e-06
cycle=1531 time=1.4974181748623139e-01 dt=3.4515151981680333e-06
cycle=1532 time=1.4974526900142957e-01 dt=3.4212972914573984e-06
cycle=1533 time=1.4974869029872101e-01 dt=3.3925189859872557e-06
cycle=1534 time=1.4975208281770699e-01 dt=3.3647430210014686e-06
cycle=1535 time=1.4975544756072801e-01 dt=3.3376092861333107e-06
cycle=1536 time=1.4975878517001415e-01 dt=3.3108522568799727e-06
cycle=1537 time=1.4976209602227103e-01 dt=3.2843016691002498e-06
cycle=1538 time=1.4976538032394013e-01 dt=3.2578670089549373e-06
cycle=1539 time=1.4976863819094907e-01 dt=3.2315246370836900e-06
cycle=1540 time=1.4977186971558615e-01 dt=3.2053005705991557e-06
cycle=1541 time=1.4977507501615675e-01 dt=3.1792521967441994e-06
cycle=1542 time=1.4977825426835351e-01 dt=3.1534513991283606e-06
cycle=1543 time=1.4978140771975262e-01 dt=3.1279707534761596e-06
cycle=1544 time=1.4978453569050609e-01 dt=3.1028736049887838e-06
cycle=1545 time=1.4978763856411109e-01 dt=3.0782081395651023e-06
cycle=1546 time=1.4979071677225067e-01 dt=3.0540050148357091e-06
cycle=1547 time=1.4979377077726549e-01 dt=3.0302774315331158e-06
cycle=1548 time=1.4979680105469703e-01 dt=3.0070231436655036e-06
cycle=1549 time=1.4979980807784068e-01 dt=2.9842283236033298e-06
cycle=1550 time=1.4980279230616428e-01 dt=2.9618714506809784e-06
cycle=1551 time=1.4980575417761496e-01 dt=2.9399269211894336e-06
cycle=1552 time=1.4980869410453615e-01 dt=2.9183680768514995e-06
cycle=1553 time=1.4981161247261301e-01 dt=2.8971697318496528e-06
cycle=1554 time=1.4981450964234486e-01 dt=2.8763098250145006e-06
cycle=1555 time=1.4981738595216987e-01 dt=2.8557701757911683e-06
cycle=1556 time=1.4982024172234565e-01 dt=2.8355367066250296e-06
cycle=1557 time=1.4982307725905228e-01 dt=2.8155988462123584e-06
cycle=1558 time=1.4982589285789849e-01 dt=2.7959487681771329e-06
cycle=1559 time=1.4982868880666667e-01 dt=2.7765807470051588e-06
cycle=1560 time=1.4983146538741368e-01 dt=2.7574913026817767e-06
cycle=1561 time=1.4983422287871637e-01 dt=2.7386762251412747e-06
cycle=1562 time=1.4983696155494150e-01 dt=2.7201325443877474e-06
cycle=1563 time=1.4983968168748588e-01 dt=2.7018574654653257e-06
cycle=1564 time=1.4984238354495133e-01 dt=2.6838480510269589e-06
cycle=1565 time=1.4984506739300235e-01 dt=2.6661010072997808e-06
cycle=1566 time=1.4984773349400965e-01 dt=2.6486125784501400e-06
cycle=1567 time=1.4985038210658810e-01 dt=2.6313786403414334e-06
cycle=1568 time=1.4985301348522845e-01 dt=2.6143947759029745e-06
cycle=1569 time=1.4985562788000434e-01 dt=2.5976561053290537e-06
cycle=1570 time=1.4985822553610967e-01 dt=2.5811570786226720e-06
cycle=1571 time=1.4986080669318830e-01 dt=2.5648914660600499e-06
cycle=1572 time=1.4986337158465435e-01 dt=2.5488526995874211e-06
cycle=1573 time=1.4986592043735394e-01 dt=2.5330336295885749e-06
cycle=1574 time=1.4986845347098354e-01 dt=2.5174172671156483e-06
cycle=1575 time=1.4987097088825066e-01 dt=2.5019981446206701e-06
cycle=1576 time=1.4987347288639527e-01 dt=2.4867709348206350e-06
cycle=1577 time=1.4987595965733008e-01 dt=2.4717481037757595e-06
cycle=1578 time=1.4987843140543386e-01 dt=2.4569277454611238e-06
cycle=1579 time=1.4988088833317931e-01 dt=2.4423055986691637e-06
cycle=1580 time=1.4988333063877798e-01 dt=2.4278771140277584e-06
cycle=1581 time=1.4988575851589200e-01 dt=2.4136376381045743e-06
cycle=1582 time=1.4988817215353012e-01 dt=2.3995825598758391e-06
cycle=1583 time=1.4989057173608999e-01 dt=2.3857074196732330e-06
cycle=1584 time=1.4989295744350967e-01 dt=2.3720079909029374e-06
cycle=1585 time=1.4989532945150058e-01 dt=2.3584803186197091e-06
cycle=1586 time=1.4989768793181921e-01 dt=2.3451204967586099e-06
cycle=1587 time=1.4990003305231597e-01 dt=2.4143752032683096e-06
cycle=1588 time=1.4990244742751924e-01 dt=2.6884387805740830e-06
cycle=1589 time=1.4990513586629980e-01 dt=3.3754727886164143e-06
cycle=1590 time=1.4990851133908842e-01 dt=5.0228361081092136e-06
cycle=1591 time=1.4991353417519654e-01 dt=7.5722690707720775e-06
cycle=1592 time=1.4992110644426732e-01 dt=7.5146100602892072e-06
cycle=1593 time=1.4992862105432761e-01 dt=7.0649989572208380e-06
cycle=1594 time=1.4993568605328483e-01 dt=6.3116929040030990e-06
cycle=1595 time=1.4994199774618883e-01 dt=5.3337338199595336e-06
cycle=1596 time=1.4994733148000880e-01 dt=4.2274740600939937e-06
cycle=1597 time=1.4995155895406889e-01 dt=3.1201732242071551e-06
cycle=1598 time=1.4995467912729310e-01 dt=2.3876453578625611e-06
cycle=1599 time=1.4995706677265097e-01 dt=2.1475226501132330e-06
cycle=1600 time=1.4995921429530110e-01 dt=2.0034678245193508e-06
cycle=1601 time=1.4996121776312563e-01 dt=1.9022036213230485e-06
cycle=1602 time=1.4996311996674694e-01 dt=1.8369523426985200e-06
cycle=1603 time=1.4996495691908965e-01 dt=1.8028990906066607e-06
cycle=1604 time=1.4996675981818025e-01 dt=1.7966694096521095e-06
cycle=1605 time=1.4996855648758992e-01 dt=1.8159769340002220e-06
cycle=1606 time=1.4997037246452391e-01 dt=1.8592784873631274e-06
cycle=1607 time=1.4997223174301128e-01 dt=1.9254855628751184e-06
cycle=1608 time=1.4997415722857416e-01 dt=2.0136779238653394e-06
cycle=1609 time=1.4997617090649804e-01 dt=2.1228091894401624e-06
cycle=1610 time=1.4997829371568747e-01 dt=2.2513530800023363e-06
cycle=1611 time=1.4998054506876746e-01 dt=2.3862390516696240e-06
cycle=1612 time=1.4998293130781912e-01 dt=2.6517885055036520e-06
cycle=1613 time=1.4998558309632462e-01 dt=3.3758049351628397e-06
cycle=1614 time=1.4998895890125979e-01 dt=5.1722946251858753e-06
cycle=1615 time=1.4999413119588498e-01 dt=6.4595742176946067e-06
cycle=1616 time=1.5000059077010267e-01 dt=8.1819009515728511e-06
cycle=1617 time=1.5000877267105422e-01 dt=8.4305427958358906e-06
cycle=1618 time=1.5001720321385006e-01 dt=7.4590243006897471e-06
cycle=1619 time=1.5002466223815075e-01 dt=6.3705062465490021e-06
cycle=1620 time=1.5003103274439730e-01 dt=5.3052505976671707e-06
cycle=1621 time=1.5003633799499497e-01 dt=4.4038988622620777e-06
cycle=1622 time=1.5004074189385722e-01 dt=3.9046261421554102e-06
cycle=1623 time=1.5004464651999938e-01 dt=3.6952332871797361e-06
cycle=1624 time=1.5004834175328657e-01 dt=3.5619616589311391e-06
cycle=1625 time=1.5005190371494551e-01 dt=3.4653901541589601e-06
cycle=1626 time=1.5005536910509967e-01 dt=3.3989977252869058e-06
cycle=1627 time=1.5005876810282495e-01 dt=3.3575417013552888e-06
cycle=1628 time=1.5006212564452631e-01 dt=3.3366316968499969e-06
cycle=1629 time=1.5006546227622317e-01 dt=3.3324594602431622e-06
cycle=1630 time=1.5006879473568341e-01 dt=3.3416244019293826e-06
cycle=1631 time=1.5007213636008535e-01 dt=3.3610264481483624e-06
cycle=1632 time=1.5007549738653350e-01 dt=3.3878099232381489e-06
cycle=1633 time=1.5007888519645673e-01 dt=3.4193578480785498e-06
cycle=1634 time=1.5008230455430482e-01 dt=3.4532995821877669e-06
cycle=1635 time=1.5008575785388700e-01 dt=3.4875697991210242e-06
cycle=1636 time=1.5008924542368612e-01 dt=3.5204270867409946e-06
cycle=1637 time=1.5009276585077286e-01 dt=3.5504082886457368e-06
cycle=1638 time=1.5009631625906150e-01 dt=3.5769177284605703e-06
cycle=1639 time=1.5009989317678996e-01 dt=3.6072799890353944e-06
cycle=1640 time=1.5010350045677900e-01 dt=3.6344021976625324e-06
cycle=1641 time=1.5010713485897667e-01 dt=3.6469420543134188e-06
cycle=1642 time=1.5011078180103099e-01 dt=3.6442524037384986e-06
cycle=1643 time=1.5011442605343472e-01 dt=3.6283616135435133e-06
cycle=1644 time=1.5011805441504827e-01 dt=3.6023931081267373e-06
cycle=1645 time=1.5012165680815640e-01 dt=3.5698242551320140e-06
cycle=1646 time=1.5012522663241154e-01 dt=3.5339707547630792e-06
cycle=1647 time=1.5012876060316629e-01 dt=3.4976243501007290e-06
cycle=1648 time=1.5013225822751639e-01 dt=3.4628490173631526e-06
cycle=1649 time=1.5013572107653375e-01 dt=3.4309254518480707e-06
cycle=1650 time=1.5013915200198560e-01 dt=3.4024161448346700e-06
cycle=1651 time=1.5014255441813043e-01 dt=3.3773188237764091e-06
cycle=1652 time=1.5014593173695420e-01 dt=3.3552647531444613e-06
cycle=1653 time=1.5014928700170735e-01 dt=3.3357084232148137e-06
cycle=1654 time=1.5015262271013055e-01 dt=3.3188374272813435e-06
cycle=1655 time=1.5015594154755782e-01 dt=3.3061539695317906e-06
cycle=1656 time=1.5015924770152736e-01 dt=3.2963132596233832e-06
cycle=1657 time=1.5016254401478699e-01 dt=3.2881460822311532e-06
cycle=1658 time=1.5016583216086921e-01 dt=3.2806678601546285e-06
cycle=1659 time=1.5016911282872936e-01 dt=3.2730646940171966e-06
cycle=1660 time=1.5017238589342338e-01 dt=3.2647091609279323e-06
cycle=1661 time=1.5017565060258431e-01 dt=3.2551749804112714e-06
cycle=1662 time=1.5017890577756471e-01 dt=3.2442312796256650e-06
cycle=1663 time=1.5018215000884433e-01 dt=3.2318215058207013e-06
cycle=1664 time=1.5018538183035016e-01 dt=3.2180276194864564e-06
cycle=1665 time=1.5018859985796965e-01 dt=3.2023004235086003e-06
cycle=1666 time=1.5019180215839315e-01 dt=3.1841484906927206e-06
cycle=1667 time=1.5019498630688383e-01 dt=3.1642837251394776e-06
cycle=1668 time=1.5019815059060895e-01 dt=3.1439798509513119e-06
cycle=1669 time=1.5020129457045991e-01 dt=3.1241912968454696e-06
cycle=1670 time=1.5020441876175675e-01 dt=3.1055381832555548e-06
cycle=1671 time=1.5020752429994000e-01 dt=3.0884222852102075e-06
cycle=1672 time=1.5021061272222522e-01 dt=3.0731295770689475e-06
cycle=1673 time=1.5021368585180228e-01 dt=3.0598964773533563e-06
cycle=1674 time=1.5021674574827965e-01 dt=3.0489543334104190e-06
cycle=1675 time=1.5021979470261307e-01 dt=3.0398297897500147e-06
cycle=1676 time=1.5022283453240282e-01 dt=3.0321680715538480e-06
cycle=1677 time=1.5022586670047436e-01 dt=3.0257990593902327e-06
cycle=1678 time=1.5022889249953375e-01 dt=3.0205103825306444e-06
cycle=1679 time=1.5023191300991628e-01 dt=3.0160751920446298e-06
cycle=1680 time=1.5023492908510833e-01 dt=3.0122623153240830e-06
cycle=1681 time=1.5023794134742366e-01 dt=3.0081049292824275e-06
cycle=1682 time=1.5024094945235295e-01 dt=3.0030277674727603e-06
cycle=1683 time=1.5024395248012043e-01 dt=2.9971994634223219e-06
cycle=1684 time=1.5024694967958385e-01 dt=2.9908402726753345e-06
cycle=1685 time=1.5024994051985652e-01 dt=2.9841948398801657e-06
cycle=1686 time=1.5025292471469640e-01 dt=2.9775070109959431e-06
cycle=1687 time=1.5025590222170740e-01 dt=2.9709996588709208e-06
cycle=1688 time=1.5025887322136627e-01 dt=2.9648591785506152e-06
cycle=1689 time=1.5026183808054483e-01 dt=2.9592230627808187e-06
cycle=1690 time=1.5026479730360762e-01 dt=2.9541807517192608e-06
cycle=1691 time=1.5026775148435934e-01 dt=2.9500342950156385e-06
cycle=1692 time=1.5027070151865435e-01 dt=2.9474741509986630e-06
cycle=1693 time=1.5027364899280535e-01 dt=2.9461956240170703e-06
cycle=1694 time=1.5027659518842937e-01 dt=2.9458862543846630e-06
cycle=1695 time=1.5027954107468375e-01 dt=2.9467759159994513e-06
cycle=1696 time=1.5028248785059975e-01 dt=2.9487590588873784e-06
cycle=1697 time=1.5028543660965862e-01 dt=2.9640902797677775e-06
cycle=1698 time=1.5028840069993840e-01 dt=3.0767450546246142e-06
cycle=1699 time=1.5029147744499302e-01 dt=3.3770789490446437e-06
cycle=1700 time=1.5029485452394206e-01 dt=4.0568636554725140e-06
cycle=1701 time=1.5029891138759754e-01 dt=4.2129120155689834e-06
cycle=1702 time=1.5030312429961312e-01 dt=4.1133606106023068e-06
cycle=1703 time=1.5030723766022372e-01 dt=3.9201670491153451e-06
cycle=1704 time=1.5031115782727283e-01 dt=3.6623015657894154e-06
cycle=1705 time=1.5031482012883862e-01 dt=3.3735674255173166e-06
cycle=1706 time=1.5031819369626415e-01 dt=3.0899835579472632e-06
cycle=1707 time=1.5032128367982209e-01 dt=2.8629194772188068e-06
cycle=1708 time=1.5032414659929930e-01 dt=2.7236322762354390e-06
cycle=1709 time=1.5032687023157554e-01 dt=2.6439440941504626e-06
cycle=1710 time=1.5032951417566970e-01 dt=2.5829060920513860e-06
cycle=1711 time=1.5033209708176176e-01 dt=2.5344620985029254e-06
cycle=1712 time=1.5033463154386026e-01 dt=2.4974607268236801e-06
cycle=1713 time=1.5033712900458709e-01 dt=2.4708190768362641e-06
cycle=1714 time=1.5033959982366393e-01 dt=2.4535508997190590e-06
cycle=1715 time=1.5034205337456366e-01 dt=2.4447353632693223e-06
cycle=1716 time=1.5034449810992692e-01 dt=2.4431816840508688e-06
cycle=1717 time=1.5034694129161097e-01 dt=2.4475865312756135e-06
cycle=1718 time=1.5034938887814225e-01 dt=2.4572833244944418e-06
cycle=1719 time=1.5035184616146674e-01 dt=2.4715497227771308e-06
cycle=1720 time=1.5035431771118951e-01 dt=2.4895805863172527e-06
cycle=1721 time=1.5035680729177583e-01 dt=2.5106544910295688e-06
cycle=1722 time=1.5035931794626686e-01 dt=2.5347865601538489e-06
cycle=1723 time=1.5036185273282701e-01 dt=2.5613718703369505e-06
cycle=1724 time=1.5036441410469734e-01 dt=2.5896771515733119e-06
cycle=1725 time=1.5036700378184892e-01 dt=2.6172758982602178e-06
cycle=1726 time=1.5036962105774718e-01 dt=2.6457762232603826e-06
cycle=1727 time=1.5037226683397042e-01 dt=2.6745462280892480e-06
cycle=1728 time=1.5037494138019852e-01 dt=2.7026208543384610e-06
cycle=1729 time=1.5037764400105286e-01 dt=2.7287477059143593e-06
cycle=1730 time=1.5038037274875876e-01 dt=2.7518343862242804e-06
cycle=1731 time=1.5038312458314498e-01 dt=2.7711352171802945e-06
cycle=1732 time=1.5038589571836217e-01 dt=2.7862205337186371e-06
cycle=1733 time=1.5038868193889587e-01 dt=2.7969839825863804e-06
cycle=1734 time=1.5039147892287846e-01 dt=2.8036215867099232e-06
cycle=1735 time=1.5039428254446519e-01 dt=2.8065575987945517e-06
cycle=1736 time=1.5039708910206398e-01 dt=2.8059714053677951e-06
cycle=1737 time=1.5039989507346935e-01 dt=2.8021668914959258e-06
cycle=1738 time=1.5040269724036084e-01 dt=2.7960549962011475e-06
cycle=1739 time=1.5040549329535705e-01 dt=2.8065822465591325e-06
cycle=1740 time=1.5040829987760360e-01 dt=2.8858270929750933e-06
cycle=1741 time=1.5041118570469658e-01 dt=3.1061699712117820e-06
cycle=1742 time=1.5041429187466779e-01 dt=3.6248776226432840e-06
cycle=1743 time=1.5041791675229044e-01 dt=4.8067800084594931e-06
cycle=1744 time=1.5042272353229891e-01 dt=7.4323676774518825e-06
cycle=1745 time=1.5043015589997635e-01 dt=8.8348765681604632e-06
cycle=1746 time=1.5043899077654452e-01 dt=7.7546289261278659e-06
cycle=1747 time=1.5044674540547065e-01 dt=6.6486078233847853e-06
cycle=1748 time=1.5045339401329402e-01 dt=5.5405611200679976e-06
cycle=1749 time=1.5045893457441409e-01 dt=4.5067907650925833e-06
cycle=1750 time=1.5046344136517917e-01 dt=3.6944330551069988e-06
cycle=1751 time=1.5046713579823429e-01 dt=3.3043918985545348e-06
cycle=1752 time=1.5047044019013284e-01 dt=3.1300785479238933e-06
cycle=1753 time=1.5047357026868077e-01 dt=3.0059856021002304e-06
cycle=1754 time=1.5047657625428287e-01 dt=2.9166646762990705e-06
cycle=1755 time=1.5047949291895918e-01 dt=2.8570790460465217e-06
cycle=1756 time=1.5048234999800522e-01 dt=2.8221407044693565e-06
cycle=1757 time=1.5048517213870968e-01 dt=2.8082052708584644e-06
cycle=1758 time=1.5048798034398053e-01 dt=2.8123431533206006e-06
cycle=1759 time=1.5049079268713386e-01 dt=2.8318927519467423e-06
cycle=1760 time=1.5049362457988580e-01 dt=2.8643501640652034e-06
cycle=1761 time=1.5049648893004985e-01 dt=2.9072833707480331e-06
cycle=1762 time=1.5049939621342059e-01 dt=2.9582772700705621e-06
cycle=1763 time=1.5050235449069066e-01 dt=3.0148887754713185e-06
cycle=1764 time=1.5050536937946613e-01 dt=3.0746087932590034e-06
cycle=1765 time=1.5050844398825938e-01 dt=3.1352590223009217e-06
cycle=1766 time=1.5051157924728167e-01 dt=3.1903499692515659e-06
cycle=1767 time=1.5051476959725094e-01 dt=3.2423460921858087e-06
cycle=1768 time=1.5051801194334313e-01 dt=3.2872023949814648e-06
cycle=1769 time=1.5052129914573811e-01 dt=3.3208856882020563e-06
cycle=1770 time=1.5052462003142630e-01 dt=3.3412766083956224e-06
cycle=1771 time=1.5052796130803470e-01 dt=3.3478001032729547e-06
cycle=1772 time=1.5053130910813797e-01 dt=3.3412496365405603e-06
cycle=1773 time=1.5053465035777452e-01 dt=3.3234786458989442e-06
cycle=1774 time=1.5053797383642042e-01 dt=3.2970529648153571e-06
cycle=1775 time=1.5054127088938524e-01 dt=3.2648913347939214e-06
cycle=1776 time=1.5054453578072002e-01 dt=3.2299235828263806e-06
cycle=1777 time=1.5054776570430284e-01 dt=3.1948067545150791e-06
cycle=1778 time=1.5055096051105735e-01 dt=3.1617172831087635e-06
cycle=1779 time=1.5055412222834044e-01 dt=3.1322114323224712e-06
cycle=1780 time=1.5055725443977278e-01 dt=3.1072053937619752e-06
cycle=1781 time=1.5056036164516653e-01 dt=3.0870391603512637e-06
cycle=1782 time=1.5056344868432689e-01 dt=3.0715947282133264e-06
cycle=1783 time=1.5056652027905509e-01 dt=3.0604318174874773e-06
cycle=1784 time=1.5056958071087259e-01 dt=3.0529083818500732e-06
cycle=1785 time=1.5057263361925444e-01 dt=3.0482741518825571e-06
cycle=1786 time=1.5057568189340631e-01 dt=3.0457412009851868e-06
cycle=1787 time=1.5057872763460731e-01 dt=3.0445407624913224e-06
cycle=1788 time=1.5058177217536980e-01 dt=3.0439649759334753e-06
cycle=1789 time=1.5058481614034575e-01 dt=3.0434018004438416e-06
cycle=1790 time=1.5058785954214618e-01 dt=3.0423591859284654e-06
cycle=1791 time=1.5059090190133212e-01 dt=3.0404641372651880e-06
cycle=1792 time=1.5059394236546939e-01 dt=3.0374904823686225e-06
cycle=1793 time=1.5059697985595175e-01 dt=3.0333410429974790e-06
cycle=1794 time=1.5060001319699473e-01 dt=3.0280261015737011e-06
cycle=1795 time=1.5060304122309631e-01 dt=3.0216478905719038e-06
cycle=1796 time=1.5060606287098688e-01 dt=3.0143744254211657e-06
cycle=1797 time=1.5060907724541231e-01 dt=3.0064819239473713e-06
cycle=1798 time=1.5061208372733625e-01 dt=2.9983407205740919e-06
cycle=1799 time=1.5061508206805682e-01 dt=2.9903109026874845e-06
cycle=1800 time=1.5061807237895952e-01 dt=2.9827187692453787e-06
cycle=1801 time=1.5062105509772877e-01 dt=2.9758396646317306e-06
cycle=1802 time=1.5062403093739340e-01 dt=2.9698875937084405e-06
cycle=1803 time=1.5062700082498712e-01 dt=2.9650107967695262e-06
cycle=1804 time=1.5062996583578389e-01 dt=2.9612932933738537e-06
cycle=1805 time=1.5063292712907728e-01 dt=2.9587591615892486e-06
cycle=1806 time=1.5063588588823887e-01 dt=2.9573809125759363e-06
cycle=1807 time=1.5063884326915145e-01 dt=2.9570896054073940e-06
cycle=1808 time=1.5064180035875685e-01 dt=2.9577857397148682e-06
cycle=1809 time=1.5064475814449657e-01 dt=2.9593503708142902e-06
cycle=1810 time=1.5064771749486738e-01 dt=2.9616555393313344e-06
cycle=1811 time=1.5065067915040672e-01 dt=2.9645735919750666e-06
cycle=1812 time=1.5065364372399870e-01 dt=2.9967644575534149e-06
cycle=1813 time=1.5065664048845626e-01 dt=3.1294932143523386e-06
cycle=1814 time=1.5065976998167060e-01 dt=3.4573835585329819e-06
cycle=1815 time=1.5066322736522914e-01 dt=4.1821226154432461e-06
cycle=1816 time=1.5066740948784457e-01 dt=5.7435050443158055e-06
cycle=1817 time=1.5067315299288889e-01 dt=8.9049137782253886e-06
cycle=1818 time=1.5068205790666711e-01 dt=9.1937815668141293e-06
cycle=1819 time=1.5069125168823391e-01 dt=7.7801088825010429e-06
cycle=1820 time=1.5069903179711641e-01 dt=6.4893465213767886e-06
cycle=1821 time=1.5070552114363778e-01 dt=5.3455129302501204e-06
cycle=1822 time=1.5071086665656802e-01 dt=4.4347795490441310e-06
cycle=1823 time=1.5071530143611706e-01 dt=3.9665061552441289e-06
cycle=1824 time=1.5071926794227231e-01 dt=3.7603533217447101e-06
cycle=1825 time=1.5072302829559406e-01 dt=3.6369486121685299e-06
cycle=1826 time=1.5072666524420622e-01 dt=3.5494675384672753e-06
cycle=1827 time=1.5073021471174469e-01 dt=3.4650123767652577e-06
cycle=1828 time=1.5073367972412147e-01 dt=3.3981144623859733e-06
cycle=1829 time=1.5073707783858387e-01 dt=3.3510325460203744e-06
cycle=1830 time=1.5074042887112990e-01 dt=3.3193094555997644e-06
cycle=1831 time=1.5074374818058550e-01 dt=3.2989855249607578e-06
cycle=1832 time=1.5074704716611045e-01 dt=3.2865670866477564e-06
cycle=1833 time=1.5075033373319710e-01 dt=3.2790727643068520e-06
cycle=1834 time=1.5075361280596142e-01 dt=3.5723582563056570e-06
cycle=1835 time=1.5075718516421771e-01 dt=3.6854076971228293e-06
cycle=1836 time=1.5076087057191484e-01 dt=3.7533320032228508e-06
cycle=1837 time=1.5076462390391807e-01 dt=3.7957372003849182e-06
cycle=1838 time=1.5076841964111845e-01 dt=3.8131410190609591e-06
cycle=1839 time=1.5077223278213750e-01 dt=3.8089434484736135e-06
cycle=1840 time=1.5077604172558598e-01 dt=3.7880622529831216e-06
cycle=1841 time=1.5077982978783896e-01 dt=3.7573551477420651e-06
cycle=1842 time=1.5078358714298670e-01 dt=3.7222718446540850e-06
cycle=1843 time=1.5078730941483134e-01 dt=3.6876868113768568e-06
cycle=1844 time=1.5079099710164273e-01 dt=3.6566133554931571e-06
cycle=1845 time=1.5079465371499823e-01 dt=3.7084547020782810e-06
cycle=1846 time=1.5079836216970030e-01 dt=3.9797873747053215e-06
cycle=1847 time=1.5080234195707501e-01 dt=4.6003946202712331e-06
cycle=1848 time=1.5080694235169528e-01 dt=5.8083788032818363e-06
cycle=1849 time=1.5081275073049857e-01 dt=6.5947754595597702e-06
cycle=1850 time=1.5081934550595813e-01 dt=6.2036544871931034e-06
cycle=1851 time=1.5082554916044533e-01 dt=5.6653663843010364e-06
cycle=1852 time=1.5083121452682963e-01 dt=5.0545199116197515e-06
cycle=1853 time=1.5083626904674124e-01 dt=4.4628658395165100e-06
cycle=1854 time=1.5084073191258077e-01 dt=3.9737528342453454e-06
cycle=1855 time=1.5084470566541502e-01 dt=3.6775865394532699e-06
cycle=1856 time=1.5084838325195449e-01 dt=3.5387660835256219e-06
cycle=1857 time=1.5085192201803801e-01 dt=3.4774875624841036e-06
cycle=1858 time=1.5085539950560051e-01 dt=3.3704809601706451e-06
cycle=1859 time=1.5085876998656067e-01 dt=3.3083582548131236e-06
cycle=1860 time=1.5086207834481549e-01 dt=3.2716119250268108e-06
cycle=1861 time=1.5086534995674053e-01 dt=3.2458988403649185e-06
cycle=1862 time=1.5086859585558091e-01 dt=3.2243614477888969e-06
cycle=1863 time=1.5087182021702869e-01 dt=3.2037678718021954e-06
cycle=1864 time=1.5087502398490049e-01 dt=3.2434287302987980e-06
cycle=1865 time=1.5087826741363078e-01 dt=3.6893116596735030e-06
cycle=1866 time=1.5088195672529045e-01 dt=3.8575528103355926e-06
cycle=1867 time=1.5088581427810080e-01 dt=3.8872698662624479e-06
cycle=1868 time=1.5088970154796708e-01 dt=3.8837478538021517e-06
cycle=1869 time=1.5089358529582086e-01 dt=3.8511848951677646e-06
cycle=1870 time=1.5089743648071602e-01 dt=3.7960222287196230e-06
cycle=1871 time=1.5090123250294474e-01 dt=3.7259188070451455e-06
cycle=1872 time=1.5090495842175178e-01 dt=3.6490638474206727e-06
cycle=1873 time=1.5090860748559920e-01 dt=3.5733156964006774e-06
cycle=1874 time=1.5091218080129559e-01 dt=3.5042887040006871e-06
cycle=1875 time=1.5091568508999958e-01 dt=3.4457674683347697e-06
cycle=1876 time=1.5091913085746791e-01 dt=3.3996398321846596e-06
cycle=1877 time=1.5092253049730009e-01 dt=3.3661289778915126e-06
cycle=1878 time=1.5092589662627798e-01 dt=3.3442336793051449e-06
cycle=1879 time=1.5092924085995729e-01 dt=3.3322110710650895e-06
cycle=1880 time=1.5093257307102836e-01 dt=3.3279625706517759e-06
cycle=1881 time=1.5093590103359902e-01 dt=3.3292964823924280e-06
cycle=1882 time=1.5093923033008141e-01 dt=3.3341108030991379e-06
cycle=1883 time=1.5094256444088452e-01 dt=3.3405226217478151e-06
cycle=1884 time=1.5094590496350627e-01 dt=3.3469579632526360e-06
cycle=1885 time=1.5094925192146952e-01 dt=3.3522025352267556e-06
cycle=1886 time=1.5095260412400474e-01 dt=3.3554180048367438e-06
cycle=1887 time=1.5095595954200958e-01 dt=3.3561224048465695e-06
cycle=1888 time=1.5095931566441442e-01 dt=3.3541534976093476e-06
cycle=1889 time=1.5096266981791204e-01 dt=3.3496282637745144e-06
cycle=1890 time=1.5096601944617583e-01 dt=3.3428844321671413e-06
cycle=1891 time=1.5096936233060798e-01 dt=3.3344890578023477e-06
cycle=1892 time=1.5097269681966580e-01 dt=3.3251653337172462e-06
cycle=1893 time=1.5097602198499951e-01 dt=3.3157105577764073e-06
cycle=1894 time=1.5097933769555730e-01 dt=3.3068675026911045e-06
cycle=1895 time=1.5098264456305999e-01 dt=3.2992305333236947e-06
cycle=1896 time=1.5098594379359331e-01 dt=3.2932343725038536e-06
cycle=1897 time=1.5098923702796582e-01 dt=3.2891398563113089e-06
cycle=1898 time=1.5099252616782213e-01 dt=3.2870715673272657e-06
cycle=1899 time=1.5099581323938946e-01 dt=3.2870565021940169e-06
cycle=1900 time=1.5099910029589164e-01 dt=3.2890463435097934e-06
cycle=1901 time=1.5100238934223514e-01 dt=3.2929352488929343e-06
cycle=1902 time=1.5100568227748404e-01 dt=3.2986288445531308e-06
cycle=1903 time=1.5100898090632858e-01 dt=3.3061501792041676e-06
cycle=1904 time=1.5101228705650779e-01 dt=3.3718236945029765e-06
cycle=1905 time=1.5101565888020230e-01 dt=3.5655272962251387e-06
cycle=1906 time=1.5101922440749851e-01 dt=3.9899504270280721e-06
cycle=1907 time=1.5102321435792554e-01 dt=4.8438787791773743e-06
cycle=1908 time=1.5102805823670470e-01 dt=6.5062019763501965e-06
cycle=1909 time=1.5103456443868105e-01 dt=9.5175912726209360e-06
cycle=1910 time=1.5104408202995367e-01 dt=9.8415180436225167e-06
cycle=1911 time=1.5105392354799729e-01 dt=8.2450367911580580e-06
cycle=1912 time=1.5106216858478846e-01 dt=6.9428157082553335e-06
cycle=1913 time=1.5106911140049673e-01 dt=5.9320573295745010e-06
cycle=1914 time=1.5107504345782630e-01 dt=5.2847810052173311e-06
cycle=1915 time=1.5108032823883152e-01 dt=4.6104797224792606e-06
cycle=1916 time=1.5108493871855400e-01 dt=4.2640249730022320e-06
cycle=1917 time=1.5108920274352700e-01 dt=4.1082037773106912e-06
cycle=1918 time=1.5109331094730430e-01 dt=4.0086447550556338e-06
cycle=1919 time=1.5109731959205935e-01 dt=3.9352596233115616e-06
cycle=1920 time=1.5110125485168266e-01 dt=3.8808622786574747e-06
cycle=1921 time=1.5110513571396131e-01 dt=3.8396287364676135e-06
cycle=1922 time=1.5110897534269777e-01 dt=3.8068133208846388e-06
cycle=1923 time=1.5111278215601864e-01 dt=3.7693775846442468e-06
cycle=1924 time=1.5111655153360329e-01 dt=3.7248075278733204e-06
cycle=1925 time=1.5112027634113115e-01 dt=3.6846805310743300e-06
cycle=1926 time=1.5112396102166223e-01 dt=3.6480499142635730e-06
cycle=1927 time=1.5112760907157649e-01 dt=3.6409579482233578e-06
cycle=1928 time=1.5113125002952471e-01 dt=4.1668171553964539e-06
cycle=1929 time=1.5113541684668011e-01 dt=5.4431615812309098e-06
cycle=1930 time=1.5114086000826135e-01 dt=6.5097768101280759e-06
cycle=1931 time=1.5114736978507148e-01 dt=6.0314525984163556e-06
cycle=1932 time=1.5115340123766990e-01 dt=5.3329723411291623e-06
cycle=1933 time=1.5115873421001103e-01 dt=4.5731179083690731e-06
cycle=1934 time=1.5116330732791938e-01 dt=3.8895066640039720e-06
cycle=1935 time=1.5116719683458338e-01 dt=3.4425709301223718e-06
cycle=1936 time=1.5117063940551351e-01 dt=3.3072701454067991e-06
cycle=1937 time=1.5117394667565892e-01 dt=3.2592880895573284e-06
cycle=1938 time=1.5117720596374848e-01 dt=3.2455638843760722e-06
cycle=1939 time=1.5118045152763285e-01 dt=3.2480712716561943e-06
cycle=1940 time=1.5118369959890451e-01 dt=3.2554338065220076e-06
cycle=1941 time=1.5118695503271104e-01 dt=3.2640224065348625e-06
cycle=1942 time=1.5119021905511756e-01 dt=3.2779665178153380e-06
cycle=1943 time=1.5119349702163537e-01 dt=3.3106501355326833e-06
cycle=1944 time=1.5119680767177091e-01 dt=3.3527889747828892e-06
cycle=1945 time=1.5120016046074569e-01 dt=3.8012476781918297e-06
cycle=1946 time=1.5120396170842387e-01 dt=4.8170591621839644e-06
cycle=1947 time=1.5120877876758607e-01 dt=6.8025417085651139e-06
cycle=1948 time=1.5121558130929463e-01 dt=7.6249537474788971e-06
cycle=1949 time=1.5122320626304211e-01 dt=7.2293910335621137e-06
cycle=1950 time=1.5123043565407568e-01 dt=6.6892876693967914e-06
cycle=1951 time=1.5123712494174507e-01 dt=5.8442713785127855e-06
cycle=1952 time=1.5124296921312358e-01 dt=5.0280249052734790e-06
cycle=1953 time=1.5124799723802884e-01 dt=4.4794707383950524e-06
cycle=1954 time=1.5125247670876724e-01 dt=4.3349002594042117e-06
cycle=1955 time=1.5125681160902665e-01 dt=4.3540721591603856e-06
cycle=1956 time=1.5126116568118581e-01 dt=4.2782455897258641e-06
cycle=1957 time=1.5126544392677554e-01 dt=4.2692818685738519e-06
cycle=1958 time=1.5126971320864413e-01 dt=4.3108115451590526e-06
cycle=1959 time=1.5127402402018930e-01 dt=4.3865321838255274e-06
cycle=1960 time=1.5127841055237312e-01 dt=4.6643707948304662e-06
cycle=1961 time=1.5128307492316795e-01 dt=5.2402210987113157e-06
cycle=1962 time=1.5128831514426666e-01 dt=5.8602373716272935e-06
cycle=1963 time=1.5129417538163828e-01 dt=5.6654992218288749e-06
cycle=1964 time=1.5129984088086010e-01 dt=5.2992725111132578e-06
cycle=1965 time=1.5130514015337121e-01 dt=4.9225277756728156e-06
cycle=1966 time=1.5131006268114688e-01 dt=4.5986366169410665e-06
cycle=1967 time=1.5131466131776383e-01 dt=4.3619326614191842e-06
cycle=1968 time=1.5131902325042526e-01 dt=4.2249953923307160e-06
cycle=1969 time=1.5132324824581758e-01 dt=4.1537223821893032e-06
cycle=1970 time=1.5132740196819977e-01 dt=4.1158466769500939e-06
cycle=1971 time=1.5133151781487672e-01 dt=4.0947128054546285e-06
cycle=1972 time=1.5133561252768218e-01 dt=4.0822996805679114e-06
cycle=1973 time=1.5133969482736276e-01 dt=4.0793120963759216e-06
cycle=1974 time=1.5134377413945913e-01 dt=4.0875585280042893e-06
cycle=1975 time=1.5134786169798714e-01 dt=4.1017834709192237e-06
cycle=1976 time=1.5135196348145805e-01 dt=4.1157958090012434e-06
cycle=1977 time=1.5135607927726705e-01 dt=4.1255362122536231e-06
cycle=1978 time=1.5136020481347931e-01 dt=4.2071750855678571e-06
cycle=1979 time=1.5136441198856487e-01 dt=4.6857490767564940e-06
cycle=1980 time=1.5136909773764162e-01 dt=5.7316129778431199e-06
cycle=1981 time=1.5137482935061947e-01 dt=6.0242257660905965e-06
cycle=1982 time=1.5138085357638556e-01 dt=5.9065577070745884e-06
cycle=1983 time=1.5138676013409263e-01 dt=5.7283422484584784e-06
cycle=1984 time=1.5139248847634110e-01 dt=5.5078574610005717e-06
cycle=1985 time=1.5139799633380210e-01 dt=5.2659555579798635e-06
cycle=1986 time=1.5140326228936007e-01 dt=5.0217170073956534e-06
cycle=1987 time=1.5140828400636747e-01 dt=4.7968151606351454e-06
cycle=1988 time=1.5141308082152810e-01 dt=4.6001331858596857e-06
cycle=1989 time=1.5141768095471397e-01 dt=4.4326225221089038e-06
cycle=1990 time=1.5142211357723609e-01 dt=4.3037784630152683e-06
cycle=1991 time=1.5142641735569912e-01 dt=4.2222988100234043e-06
cycle=1992 time=1.5143063965450915e-01 dt=4.1711160976854911e-06
cycle=1993 time=1.5143481077060683e-01 dt=4.1366533360478767e-06
cycle=1994 time=1.5143894742394287e-01 dt=4.1147245286294520e-06
cycle=1995 time=1.5144306214847150e-01 dt=4.1035593837098633e-06
cycle=1996 time=1.5144716570785521e-01 dt=4.1010257397019062e-06
cycle=1997 time=1.5145126673359491e-01 dt=4.0693024046199798e-06
cycle=1998 time=1.5145533603599953e-01 dt=3.8682404479455949e-06
cycle=1999 time=1.5145920427644749e-01 dt=3.6706958456140340e-06
cycle=2000 time=1.5146287497229310e-01 dt=3.4999051207825836e-06
cycle=2001 time=1.5146637487741388e-01 dt=3.3672763314289669e-06
cycle=2002 time=1.5146974215374531e-01 dt=3.2753237217572684e-06
cycle=2003 time=1.5147301747746708e-01 dt=3.2145834019654239e-06
cycle=2004 time=1.5147623206086905e-01 dt=3.1675753463511385e-06
cycle=2005 time=1.5147939963621540e-01 dt=3.1267998172525301e-06
cycle=2006 time=1.5148252643603266e-01 dt=3.0914334348620772e-06
cycle=2007 time=1.5148561786946751e-01 dt=3.0614421541469537e-06
cycle=2008 time=1.5148867931162166e-01 dt=3.0343810341000983e-06
cycle=2009 time=1.5149171369265577e-01 dt=3.0079019667491809e-06
cycle=2010 time=1.5149472159462252e-01 dt=2.9802633049194902e-06
cycle=2011 time=1.5149770185792744e-01 dt=2.9504376961821512e-06
cycle=2012 time=1.5150065229562362e-01 dt=2.9271823801754829e-06
cycle=2013 time=1.5150357947800380e-01 dt=3.2833197330851805e-06
cycle=2014 time=1.5150686279773690e-01 dt=4.1957865910573033e-06
cycle=2015 time=1.5151105858432795e-01 dt=5.9043894190379848e-06
cycle=2016 time=1.5151696297374698e-01 dt=6.0424333476905799e-06
cycle=2017 time=1.5152300540709468e-01 dt=6.0725750391079593e-06
cycle=2018 time=1.5152907798213378e-01 dt=6.0526472486640795e-06
cycle=2019 time=1.5153513062938245e-01 dt=5.9906733154747704e-06
cycle=2020 time=1.5154112130269792e-01 dt=5.8769774685953378e-06
cycle=2021 time=1.5154699828016652e-01 dt=5.7302408623249964e-06
cycle=2022 time=1.5155272852102883e-01 dt=5.5691528027259365e-06
cycle=2023 time=1.5155829767383155e-01 dt=5.3823634897377872e-06
cycle=2024 time=1.5156368003732129e-01 dt=5.1702842635118659e-06
cycle=2025 time=1.5156885032158479e-01 dt=4.9405752148274240e-06
cycle=2026 time=1.5157379089679962e-01 dt=4.7010378354265917e-06
cycle=2027 time=1.5157849193463505e-01 dt=4.4717953840111964e-06
cycle=2028 time=1.5158296373001906e-01 dt=4.2767875700358048e-06
cycle=2029 time=1.5158724051758909e-01 dt=4.1377142943450234e-06
cycle=2030 time=1.5159137823188343e-01 dt=4.0687535294413925e-06
cycle=2031 time=1.5159544698541286e-01 dt=4.0726984449126397e-06
cycle=2032 time=1.5159951968385776e-01 dt=4.1549234894240745e-06
cycle=2033 time=1.5160367460734719e-01 dt=4.3390655822759298e-06
cycle=2034 time=1.5160801367292948e-01 dt=4.6523648549231062e-06
cycle=2035 time=1.5161266603778439e-01 dt=5.1268901755627082e-06
cycle=2036 time=1.5161779292795996e-01 dt=5.3686399565415711e-06
cycle=2037 time=1.5162316156791650e-01 dt=5.5467838494155757e-06
cycle=2038 time=1.5162870835176592e-01 dt=6.4095114132459547e-06
cycle=2039 time=1.5163511786317918e-01 dt=6.2659442781011166e-06
cycle=2040 time=1.5164138380745729e-01 dt=5.7945420606976729e-06
cycle=2041 time=1.5164717834951799e-01 dt=5.2992254002045142e-06
cycle=2042 time=1.5165247757491820e-01 dt=4.8537554525608279e-06
cycle=2043 time=1.5165733133037076e-01 dt=4.5182067460280977e-06
cycle=2044 time=1.5166184953711678e-01 dt=4.3219873815445263e-06
cycle=2045 time=1.5166617152449832e-01 dt=4.2326824316927938e-06
cycle=2046 time=1.5167040420693001e-01 dt=4.2075121081805546e-06
cycle=2047 time=1.5167461171903818e-01 dt=4.2211634940015554e-06
cycle=2048 time=1.5167883288253217e-01 dt=4.2627403771771765e-06
cycle=2049 time=1.5168309562290935e-01 dt=4.3165746534112164e-06
cycle=2050 time=1.5168741219756277e-01 dt=4.3696297341056751e-06
cycle=2051 time=1.5169178182729687e-01 dt=4.4131046284716216e-06
cycle=2052 time=1.5169619493192535e-01 dt=4.4422730455889727e-06
cycle=2053 time=1.5170063720497093e-01 dt=4.4562659297310059e-06
cycle=2054 time=1.5170509347090066e-01 dt=4.4559799662902135e-06
cycle=2055 time=1.5170954945086695e-01 dt=4.4438517182522434e-06
cycle=2056 time=1.5171399330258520e-01 dt=4.4232833674221646e-06
cycle=2057 time=1.5171841658595261e-01 dt=4.3983862792995473e-06
cycle=2058 time=1.5172281497223192e-01 dt=4.3728338117223199e-06
cycle=2059 time=1.5172718780604363e-01 dt=4.1473957980263610e-06
cycle=2060 time=1.5173133520184165e-01 dt=3.8557236640569880e-06
cycle=2061 time=1.5173519092550572e-01 dt=3.6123288368054700e-06
cycle=2062 time=1.5173880325434252e-01 dt=3.4484878092148400e-06
cycle=2063 time=1.5174225174215175e-01 dt=3.3640104826376739e-06
cycle=2064 time=1.5174561575263440e-01 dt=3.3104986484743851e-06
cycle=2065 time=1.5174892625128286e-01 dt=3.2706390817532663e-06
cycle=2066 time=1.5175219689036462e-01 dt=3.2374600157226129e-06
cycle=2067 time=1.5175543435038033e-01 dt=3.2070511316692954e-06
cycle=2068 time=1.5175864140151199e-01 dt=3.2664226751943208e-06
cycle=2069 time=1.5176190782418719e-01 dt=3.7251634245026419e-06
cycle=2070 time=1.5176563298761170e-01 dt=4.7883720945949512e-06
cycle=2071 time=1.5177042135970628e-01 dt=6.2430115570710606e-06
cycle=2072 time=1.5177666437126336e-01 dt=6.2766867798430375e-06
cycle=2073 time=1.5178294105804321e-01 dt=6.1994413403179168e-06
cycle=2074 time=1.5178914049938352e-01 dt=6.0359829781268247e-06
cycle=2075 time=1.5179517648236165e-01 dt=5.8117655894251551e-06
cycle=2076 time=1.5180098824795107e-01 dt=5.4586144570931151e-06
cycle=2077 time=1.5180644686240816e-01 dt=4.6060041914625123e-06
cycle=2078 time=1.5181105286659963e-01 dt=3.9658045463506060e-06
cycle=2079 time=1.5181501867114597e-01 dt=3.6894618140927914e-06
cycle=2080 time=1.5181870813296006e-01 dt=3.5724059549813327e-06
cycle=2081 time=1.5182228053891503e-01 dt=3.4936428404946421e-06
cycle=2082 time=1.5182577418175552e-01 dt=3.4383553173520506e-06
cycle=2083 time=1.5182921253707288e-01 dt=3.4002305555823077e-06
cycle=2084 time=1.5183261276762847e-01 dt=3.3742363284751926e-06
cycle=2085 time=1.5183598700395695e-01 dt=3.3562262033178551e-06
cycle=2086 time=1.5183934323016027e-01 dt=3.3428218773538358e-06
cycle=2087 time=1.5184268605203763e-01 dt=3.2562351137685601e-06
cycle=2088 time=1.5184594228715140e-01 dt=3.1294857072981812e-06
cycle=2089 time=1.5184907177285870e-01 dt=3.3180597792648553e-06
cycle=2090 time=1.5185238983263796e-01 dt=3.2990637138586876e-06
cycle=2091 time=1.5185568889635181e-01 dt=3.2678916842601069e-06
cycle=2092 time=1.5185895678803607e-01 dt=3.2265557876820432e-06
cycle=2093 time=1.5186218334382376e-01 dt=3.1782651380742540e-06
cycle=2094 time=1.5186536160896183e-01 dt=3.1265120536254487e-06
cycle=2095 time=1.5186848812101544e-01 dt=3.2931436862764582e-06
cycle=2096 time=1.5187178126470172e-01 dt=3.5216741760840011e-06
cycle=2097 time=1.5187530293887780e-01 dt=4.0061341520690585e-06
cycle=2098 time=1.5187930907302988e-01 dt=4.9492187758605779e-06
cycle=2099 time=1.5188425829180574e-01 dt=5.6684318242103056e-06
cycle=2100 time=1.5188992672362994e-01 dt=5.1775645853742437e-06
cycle=2101 time=1.5189510428821532e-01 dt=4.5282265959616917e-06
cycle=2102 time=1.5189963251481128e-01 dt=3.8453534531631251e-06
cycle=2103 time=1.5190347786826444e-01 dt=3.2454926249748964e-06
cycle=2104 time=1.5190672336088942e-01 dt=2.9024145307962490e-06
cycle=2105 time=1.5190962577542022e-01 dt=2.7705463350202695e-06
cycle=2106 time=1.5191239632175524e-01 dt=2.8271101269122008e-06
cycle=2107 time=1.5191522343188216e-01 dt=2.8895876165388656e-06
cycle=2108 time=1.5191811301949870e-01 dt=2.9654276941508819e-06
cycle=2109 time=1.5192107844719285e-01 dt=3.1306745396307639e-06
cycle=2110 time=1.5192420912173249e-01 dt=3.1661737081263136e-06
cycle=2111 time=1.5192737529544062e-01 dt=3.2497471481380756e-06
cycle=2112 time=1.5193062504258875e-01 dt=3.5142965005691972e-06
cycle=2113 time=1.5193413933908931e-01 dt=4.1545854397949508e-06
cycle=2114 time=1.5193829392452909e-01 dt=5.3326777470433508e-06
cycle=2115 time=1.5194362660227614e-01 dt=6.1057822392499871e-06
cycle=2116 time=1.5194973238451540e-01 dt=5.9863952153755813e-06
cycle=2117 time=1.5195571877973077e-01 dt=5.7717456446222136e-06
cycle=2118 time=1.5196149052537539e-01 dt=5.4806154432911370e-06
cycle=2119 time=1.5196697114081867e-01 dt=5.1513203485691001e-06
cycle=2120 time=1.5197212246116723e-01 dt=4.8195801069443291e-06
cycle=2121 time=1.5197694204127418e-01 dt=4.5092014183465659e-06
cycle=2122 time=1.5198145124269252e-01 dt=4.2389526474451601e-06
cycle=2123 time=1.5198569019533997e-01 dt=4.0189985743683239e-06
cycle=2124 time=1.5198970919391433e-01 dt=3.8684039051476465e-06
cycle=2125 time=1.5199357759781948e-01 dt=3.7747429346476784e-06
cycle=2126 time=1.5199735234075412e-01 dt=3.7163919205346235e-06
cycle=2127 time=1.5200106873267466e-01 dt=3.6843941373366931e-06
cycle=2128 time=1.5200475312681200e-01 dt=3.6814643801933410e-06
cycle=2129 time=1.5200843459119220e-01 dt=3.7090372497531532e-06
cycle=2130 time=1.5201214362844195e-01 dt=3.7689323492119742e-06
cycle=2131 time=1.5201591256079117e-01 dt=3.7742886498896622e-06
cycle=2132 time=1.5201968684944106e-01 dt=3.7829051227091232e-06
cycle=2133 time=1.5202346975456377e-01 dt=3.8725597905220883e-06
cycle=2134 time=1.5202734231435430e-01 dt=4.0721943864639991e-06
cycle=2135 time=1.5203141450874078e-01 dt=4.4219176953624542e-06
cycle=2136 time=1.5203583642643614e-01 dt=4.5551818764274907e-06
cycle=2137 time=1.5204039160831256e-01 dt=4.5553692643215142e-06
cycle=2138 time=1.5204494697757689e-01 dt=4.5284893595807461e-06
cycle=2139 time=1.5204947546693648e-01 dt=4.4834159720533750e-06
cycle=2140 time=1.5205395888290854e-01 dt=4.4279768148133369e-06
cycle=2141 time=1.5205838685972337e-01 dt=4.3691270910443781e-06
cycle=2142 time=1.5206275598681440e-01 dt=4.3123482290413231e-06
cycle=2143 time=1.5206706833504344e-01 dt=4.2613541762438703e-06
cycle=2144 time=1.5207132968921969e-01 dt=3.9428418455905478e-06
cycle=2145 time=1.5207527253106529e-01 dt=3.5665954580394901e-06
cycle=2146 time=1.5207883912652331e-01 dt=3.2763657533102248e-06
cycle=2147 time=1.5208211549227663e-01 dt=3.2126037266623358e-06
cycle=2148 time=1.5208532809600328e-01 dt=3.3491523605370486e-06
cycle=2149 time=1.5208867724836381e-01 dt=3.5519625518720071e-06
cycle=2150 time=1.5209222921091567e-01 dt=3.7089356438584891e-06
cycle=2151 time=1.5209593814655953e-01 dt=4.1323995100243858e-06
cycle=2152 time=1.5210007054606955e-01 dt=4.0804378025577302e-06
cycle=2153 time=1.5210415098387212e-01 dt=4.1040024458722841e-06
cycle=2154 time=1.5210825498631800e-01 dt=4.0914641601600038e-06
cycle=2155 time=1.5211234645047816e-01 dt=4.4014546818718311e-06
cycle=2156 time=1.5211674790516003e-01 dt=5.0125712093474082e-06
cycle=2157 time=1.5212176047636938e-01 dt=5.0638510099608305e-06
cycle=2158 time=1.5212682432737934e-01 dt=4.5928463356105239e-06
cycle=2159 time=1.5213141717371495e-01 dt=4.0272078540075387e-06
cycle=2160 time=1.5213544438156895e-01 dt=3.5142410861024363e-06
cycle=2161 time=1.5213895862265506e-01 dt=3.1936499039480443e-06
cycle=2162 time=1.5214215227255901e-01 dt=3.3264429635125919e-06
cycle=2163 time=1.5214547871552253e-01 dt=3.2484759235949821e-06
cycle=2164 time=1.5214872719144612e-01 dt=3.4708241072436645e-06
cycle=2165 time=1.5215219801555335e-01 dt=3.4869146742054429e-06
cycle=2166 time=1.5215568493022755e-01 dt=3.8547187658769467e-06
cycle=2167 time=1.5215953964899342e-01 dt=4.7381927948168351e-06
cycle=2168 time=1.5216427784178824e-01 dt=5.7975663925082217e-06
cycle=2169 time=1.5217007540818075e-01 dt=5.8984077001772896e-06
cycle=2170 time=1.5217597381588094e-01 dt=5.9209622966307348e-06
cycle=2171 time=1.5218189477817756e-01 dt=5.0725326595019722e-06
cycle=2172 time=1.5218696731083706e-01 dt=4.2869082517361876e-06
cycle=2173 time=1.5219125421908880e-01 dt=3.6993356997451483e-06
cycle=2174 time=1.5219495355478854e-01 dt=3.4750365650841262e-06
cycle=2175 time=1.5219842859135363e-01 dt=3.3747298547212635e-06
cycle=2176 time=1.5220180332120836e-01 dt=3.3050395020022879e-06
cycle=2177 time=1.5220510836071036e-01 dt=3.5134350616504969e-06
cycle=2178 time=1.5220862179577202e-01 dt=3.5735555492005507e-06
cycle=2179 time=1.5221219535132122e-01 dt=3.8106287186004110e-06
cycle=2180 time=1.5221600598003981e-01 dt=3.8265494257754042e-06
cycle=2181 time=1.5221983252946558e-01 dt=4.1627251947829639e-06
cycle=2182 time=1.5222399525466038e-01 dt=4.9039796743305840e-06
cycle=2183 time=1.5222889923433472e-01 dt=5.4847857439752272e-06
cycle=2184 time=1.5223438402007869e-01 dt=5.4702503517350348e-06
cycle=2185 time=1.5223985427043044e-01 dt=5.4152535023959961e-06
cycle=2186 time=1.5224526952393283e-01 dt=4.6888483842556956e-06
cycle=2187 time=1.5224995837231708e-01 dt=4.0003731865077384e-06
cycle=2188 time=1.5225395874550360e-01 dt=3.4822089365533947e-06
cycle=2189 time=1.5225744095444016e-01 dt=3.2713134196460816e-06
cycle=2190 time=1.5226071226785981e-01 dt=3.1754989876291339e-06
cycle=2191 time=1.5226388776684743e-01 dt=3.1059018268445226e-06
cycle=2192 time=1.5226699366867427e-01 dt=3.0565373558960431e-06
cycle=2193 time=1.5227005020603016e-01 dt=3.0225034435018092e-06
cycle=2194 time=1.5227307270947366e-01 dt=3.2196014222612655e-06
cycle=2195 time=1.5227629231089593e-01 dt=3.4492946280612766e-06
cycle=2196 time=1.5227974160552399e-01 dt=3.6716066795771673e-06
cycle=2197 time=1.5228341321220357e-01 dt=4.2575049829210467e-06
cycle=2198 time=1.5228767071718649e-01 dt=5.3547171760791715e-06
cycle=2199 time=1.5229302543436257e-01 dt=6.5603196453240457e-06
cycle=2200 time=1.5229958575400790e-01 dt=6.7083811831990723e-06
cycle=2201 time=1.5230629413519109e-01 dt=6.6218858118128395e-06
cycle=2202 time=1.5231291602100291e-01 dt=6.1323524025779211e-06
cycle=2203 time=1.5231904837340549e-01 dt=5.5204328078223341e-06
cycle=2204 time=1.5232456880621331e-01 dt=4.9890860725129476e-06
cycle=2205 time=1.5232955789228583e-01 dt=4.6156149110275005e-06
cycle=2206 time=1.5233417350719686e-01 dt=4.4245667214698897e-06
cycle=2207 time=1.5233859807391834e-01 dt=4.3296674392296098e-06
cycle=2208 time=1.5234292774135758e-01 dt=4.2776834191829259e-06
cycle=2209 time=1.5234720542477675e-01 dt=4.0329534785542240e-06
cycle=2210 time=1.5235123837825532e-01 dt=3.7717370732263483e-06
cycle=2211 time=1.5235501011532854e-01 dt=3.5611478558880947e-06
cycle=2212 time=1.5235857126318442e-01 dt=3.3946179356639116e-06
cycle=2213 time=1.5236196588112008e-01 dt=3.2674056120809495e-06
cycle=2214 time=1.5236523328673215e-01 dt=3.1713320638952113e-06
cycle=2215 time=1.5236840461879606e-01 dt=3.0979399293595120e-06
cycle=2216 time=1.5237150255872542e-01 dt=3.3371608540028635e-06
cycle=2217 time=1.5237483971957944e-01 dt=4.5913949179339748e-06
cycle=2218 time=1.5237943111449737e-01 dt=5.5878239188119682e-06
cycle=2219 time=1.5238501893841619e-01 dt=6.2060885838988379e-06
cycle=2220 time=1.5239122502700009e-01 dt=6.0891045739093062e-06
cycle=2221 time=1.5239731413157401e-01 dt=5.9219479747960523e-06
cycle=2222 time=1.5240323607954881e-01 dt=5.1734533385595369e-06
cycle=2223 time=1.5240840953288737e-01 dt=4.4192533270583334e-06
cycle=2224 time=1.5241282878621443e-01 dt=3.8318425106042688e-06
cycle=2225 time=1.5241666062872503e-01 dt=3.7322927033093671e-06
cycle=2226 time=1.5242039292142834e-01 dt=4.0537946624609447e-06
cycle=2227 time=1.5242444671609079e-01 dt=4.9022639289593657e-06
cycle=2228 time=1.5242934898001975e-01 dt=5.3778191580793456e-06
cycle=2229 time=1.5243472679917783e-01 dt=5.2208615460307654e-06
cycle=2230 time=1.5243994766072386e-01 dt=5.0436247374607950e-06
cycle=2231 time=1.5244499128546132e-01 dt=4.8663333131580880e-06
cycle=2232 time=1.5244985761877447e-01 dt=4.7108390913220575e-06
cycle=2233 time=1.5245456845786579e-01 dt=4.5877842000133465e-06
cycle=2234 time=1.5245915624206580e-01 dt=4.5012796671627562e-06
cycle=2235 time=1.5246365752173296e-01 dt=4.4470650717664041e-06
cycle=2236 time=1.5246810458680474e-01 dt=4.4185500319733612e-06
cycle=2237 time=1.5247252313683671e-01 dt=4.2814346437870340e-06
cycle=2238 time=1.5247680457148050e-01 dt=4.1530200925802120e-06
cycle=2239 time=1.5248095759157307e-01 dt=4.0551423079038517e-06
cycle=2240 time=1.5248501273388096e-01 dt=3.9847996423179132e-06
cycle=2241 time=1.5248899753352327e-01 dt=3.9336319016235733e-06
cycle=2242 time=1.5249293116542489e-01 dt=3.8934115477398752e-06
cycle=2243 time=1.5249682457697264e-01 dt=3.8584901097171667e-06
cycle=2244 time=1.5250068306708237e-01 dt=3.8252224187022158e-06
cycle=2245 time=1.5250450828950107e-01 dt=3.7914601710420913e-06
cycle=2246 time=1.5250829974967212e-01 dt=3.7562817994717504e-06
cycle=2247 time=1.5251205603147158e-01 dt=3.7196578272971787e-06
cycle=2248 time=1.5251577568929889e-01 dt=3.6820824778704087e-06
cycle=2249 time=1.5251945777177675e-01 dt=3.6442492843865979e-06
cycle=2250 time=1.5252310202106115e-01 dt=3.6068255516566555e-06
cycle=2251 time=1.5252670884661279e-01 dt=3.5703264852763485e-06
cycle=2252 time=1.5253027917309805e-01 dt=3.4700121546680638e-06
cycle=2253 time=1.5253374918525273e-01 dt=3.4709878073665478e-06
cycle=2254 time=1.5253722017306010e-01 dt=3.6370438336160349e-06
cycle=2255 time=1.5254085721689370e-01 dt=3.7537106963081709e-06
cycle=2256 time=1.5254461092759000e-01 dt=3.8491060564609613e-06
cycle=2257 time=1.5254846003364647e-01 dt=3.9441555255460955e-06
cycle=2258 time=1.5255240418917201e-01 dt=4.3675348027406583e-06
cycle=2259 time=1.5255677172397475e-01 dt=4.2561620972896785e-06
cycle=2260 time=1.5256102788607204e-01 dt=4.1965630273130104e-06
cycle=2261 time=1.5256522444909934e-01 dt=4.2817047228258215e-06
cycle=2262 time=1.5256950615382217e-01 dt=4.7118270110460457e-06
cycle=2263 time=1.5257421798083320e-01 dt=5.5253683064791366e-06
cycle=2264 time=1.5257974334913968e-01 dt=5.6303511858271478e-06
cycle=2265 time=1.5258537370032552e-01 dt=5.3760592245316135e-06
cycle=2266 time=1.5259074975955006e-01 dt=5.0652880001462293e-06
cycle=2267 time=1.5259581504755021e-01 dt=4.7354625853480593e-06
cycle=2268 time=1.5260055051013555e-01 dt=4.4317516856429332e-06
cycle=2269 time=1.5260498226182118e-01 dt=4.1760011314629911e-06
cycle=2270 time=1.5260915826295263e-01 dt=4.0057685727159577e-06
cycle=2271 time=1.5261316403152533e-01 dt=3.9315219541017458e-06
cycle=2272 time=1.5261709555347944e-01 dt=3.9014667824505671e-06
cycle=2273 time=1.5262099702026188e-01 dt=3.8923936766834452e-06
cycle=2274 time=1.5262488941393856e-01 dt=3.8937423480476951e-06
cycle=2275 time=1.5262878315628661e-01 dt=3.9002647537950879e-06
cycle=2276 time=1.5263268342104042e-01 dt=3.6539377402918003e-06
cycle=2277 time=1.5263633735878071e-01 dt=3.4397821720299322e-06
cycle=2278 time=1.5263977714095275e-01 dt=3.2726576939744256e-06
cycle=2279 time=1.5264304979864673e-01 dt=3.1414251302769565e-06
cycle=2280 time=1.5264619122377701e-01 dt=3.0379991511151227e-06
cycle=2281 time=1.5264922922292812e-01 dt=2.9620293116027430e-06
cycle=2282 time=1.5265219125223972e-01 dt=2.9083149868806196e-06
cycle=2283 time=1.5265509956722662e-01 dt=3.9251648081518226e-06
cycle=2284 time=1.5265902473203477e-01 dt=4.7038162661255693e-06
cycle=2285 time=1.5266372854830090e-01 dt=4.7368369194713805e-06
cycle=2286 time=1.5266846538522039e-01 dt=4.7125976712133770e-06
cycle=2287 time=1.5267317798289159e-01 dt=4.6378317546922568e-06
cycle=2288 time=1.5267781581464629e-01 dt=4.5242726376293910e-06
cycle=2289 time=1.5268234008728393e-01 dt=4.3866179307849438e-06
cycle=2290 time=1.5268672670521471e-01 dt=4.2442528803511760e-06
cycle=2291 time=1.5269097095809506e-01 dt=4.1127831647832481e-06
cycle=2292 time=1.5269508374125984e-01 dt=4.0030475140059824e-06
cycle=2293 time=1.5269908678877384e-01 dt=3.9172956577248776e-06
cycle=2294 time=1.5270300408443155e-01 dt=3.8584402810260548e-06
cycle=2295 time=1.5270686252471258e-01 dt=3.8279865816279097e-06
cycle=2296 time=1.5271069051129421e-01 dt=3.8153818585364115e-06
cycle=2297 time=1.5271450589315275e-01 dt=3.8130164678715311e-06
cycle=2298 time=1.5271831890962062e-01 dt=3.8167916527146716e-06
cycle=2299 time=1.5272213570127333e-01 dt=3.8252984412272981e-06
cycle=2300 time=1.5272596099971456e-01 dt=3.8356731588719567e-06
cycle=2301 time=1.5272979667287342e-01 dt=3.8461524490442756e-06
cycle=2302 time=1.5273364282532248e-01 dt=3.8566108974171227e-06
cycle=2303 time=1.5273749943621989e-01 dt=3.8659448334467870e-06
cycle=2304 time=1.5274136538105335e-01 dt=3.8737762585993767e-06
cycle=2305 time=1.5274523915731195e-01 dt=3.8794961362294793e-06
cycle=2306 time=1.5274911865344817e-01 dt=3.8826678280298654e-06
cycle=2307 time=1.5275300132127620e-01 dt=3.8830880147185254e-06
cycle=2308 time=1.5275688440929092e-01 dt=3.8807837710483900e-06
cycle=2309 time=1.5276076519306198e-01 dt=3.8759886452366560e-06
cycle=2310 time=1.5276464118170721e-01 dt=3.8690767954319713e-06
cycle=2311 time=1.5276851025850263e-01 dt=3.8605007041247973e-06
cycle=2312 time=1.5277237075920674e-01 dt=3.8507420755412664e-06
cycle=2313 time=1.5277622150128228e-01 dt=3.8402694396040252e-06
cycle=2314 time=1.5278006177072190e-01 dt=3.8295050671772901e-06
cycle=2315 time=1.5278389127578906e-01 dt=3.8188025791742846e-06
cycle=2316 time=1.5278771007836825e-01 dt=3.8084350021466247e-06
cycle=2317 time=1.5279151851337039e-01 dt=3.7985915727646809e-06
cycle=2318 time=1.5279531710494315e-01 dt=3.7893813254167152e-06
cycle=2319 time=1.5279910648626857e-01 dt=3.7808419346583108e-06
cycle=2320 time=1.5280288732820324e-01 dt=3.7729535185078808e-06
cycle=2321 time=1.5280666028172174e-01 dt=3.7763958390451687e-06
cycle=2322 time=1.5281043667756078e-01 dt=3.7974979195714637e-06
cycle=2323 time=1.5281423417548035e-01 dt=3.8426368018099052e-06
cycle=2324 time=1.5281807681228216e-01 dt=3.8334901374625714e-06
cycle=2325 time=1.5282191030241962e-01 dt=3.8162517735741211e-06
cycle=2326 time=1.5282572655419319e-01 dt=3.7963679625635050e-06
cycle=2327 time=1.5282952292215574e-01 dt=3.7756347572882530e-06
cycle=2328 time=1.5283329855691302e-01 dt=3.7554573052197550e-06
cycle=2329 time=1.5283705401421824e-01 dt=3.7368465507211207e-06
cycle=2330 time=1.5284079086076896e-01 dt=3.7204477847899515e-06
cycle=2331 time=1.5284451130855375e-01 dt=3.7065835769644880e-06
cycle=2332 time=1.5284821789213071e-01 dt=3.6953003378250997e-06
cycle=2333 time=1.5285191319246855e-01 dt=3.6864276864804462e-06
cycle=2334 time=1.5285559962015502e-01 dt=3.6796421973878047e-06
cycle=2335 time=1.5285927926235240e-01 dt=3.6802637677459719e-06
cycle=2336 time=1.5286295952612014e-01 dt=3.6921338850260257e-06
cycle=2337 time=1.5286665166000515e-01 dt=3.7354407266581975e-06
cycle=2338 time=1.5287038710073181e-01 dt=3.8271397626249631e-06
cycle=2339 time=1.5287421424049444e-01 dt=3.9895305217444240e-06
cycle=2340 time=1.5287820377101619e-01 dt=4.2547137398579504e-06
cycle=2341 time=1.5288245848475604e-01 dt=4.6811266343833203e-06
cycle=2342 time=1.5288713961139042e-01 dt=5.2111847278508153e-06
cycle=2343 time=1.5289235079611826e-01 dt=4.5203743851783484e-06
cycle=2344 time=1.5289687117050343e-01 dt=3.9980253960048229e-06
cycle=2345 time=1.5290086919589943e-01 dt=3.6134015234881431e-06
cycle=2346 time=1.5290448259742292e-01 dt=3.3299144725551510e-06
cycle=2347 time=1.5290781251189547e-01 dt=3.1198454507150958e-06
cycle=2348 time=1.5291093235734618e-01 dt=2.9643393619193197e-06
cycle=2349 time=1.5291389669670810e-01 dt=2.8494387713484379e-06
cycle=2350 time=1.5291674613547945e-01 dt=2.7667910507252511e-06
cycle=2351 time=1.5291951292653017e-01 dt=2.7067587456392950e-06
cycle=2352 time=1.5292221968527581e-01 dt=2.6621668726965908e-06
cycle=2353 time=1.5292488185214850e-01 dt=2.6279129587647268e-06
cycle=2354 time=1.5292750976510727e-01 dt=2.6004481739664683e-06
cycle=2355 time=1.5293011021328123e-01 dt=3.8412725665300552e-06
cycle=2356 time=1.5293395148584776e-01 dt=5.2331307796443209e-06
cycle=2357 time=1.5293918461662739e-01 dt=5.8667289093159728e-06
cycle=2358 time=1.5294505134553671e-01 dt=6.8841253675203223e-06
cycle=2359 time=1.5295193547090422e-01 dt=6.2894584378341407e-06
cycle=2360 time=1.5295822492934205e-01 dt=5.2449838275588669e-06
cycle=2361 time=1.5296346991316961e-01 dt=4.4146405834985886e-06
cycle=2362 time=1.5296788455375313e-01 dt=3.9939711754935741e-06
cycle=2363 time=1.5297187852492861e-01 dt=3.8693315712056179e-06
cycle=2364 time=1.5297574785649981e-01 dt=3.7984690186295079e-06
cycle=2365 time=1.5297954632551844e-01 dt=3.7600272760467950e-06
cycle=2366 time=1.5298330635279447e-01 dt=3.7452540706671414e-06
cycle=2367 time=1.5298705160686515e-01 dt=3.7468696498978299e-06
cycle=2368 time=1.5299079847651506e-01 dt=3.7587604351750428e-06
cycle=2369 time=1.5299455723695024e-01 dt=3.7759787622562039e-06
cycle=2370 time=1.5299833321571249e-01 dt=3.7951197765599625e-06
cycle=2371 time=1.5300212833548904e-01 dt=3.8128182355736974e-06
cycle=2372 time=1.5300594115372462e-01 dt=3.8267633811595035e-06
cycle=2373 time=1.5300976791710577e-01 dt=3.8396684070237848e-06
cycle=2374 time=1.5301360758551280e-01 dt=3.8428349915866578e-06
cycle=2375 time=1.5301745042050438e-01 dt=3.8328960397395249e-06
cycle=2376 time=1.5302128331654413e-01 dt=3.8121190545617537e-06
cycle=2377 time=1.5302509543559870e-01 dt=3.7840787024564291e-06
cycle=2378 time=1.5302887951430116e-01 dt=3.7525581365456172e-06
cycle=2379 time=1.5303263207243770e-01 dt=3.7203687709246254e-06
cycle=2380 time=1.5303635244120861e-01 dt=3.6893320638542140e-06
cycle=2381 time=1.5304004177327246e-01 dt=3.6603544303664500e-06
cycle=2382 time=1.5304370212770282e-01 dt=3.6335943986126725e-06
cycle=2383 time=1.5304733572210144e-01 dt=3.6088048063222854e-06
cycle=2384 time=1.5305094452690776e-01 dt=3.5856416036369026e-06
cycle=2385 time=1.5305453016851139e-01 dt=3.5636278102605731e-06
cycle=2386 time=1.5305809379632165e-01 dt=3.5423565573612524e-06
cycle=2387 time=1.5306163615287902e-01 dt=3.5215314817078225e-06
cycle=2388 time=1.5306515768436071e-01 dt=3.5009702127119489e-06
cycle=2389 time=1.5306865865457342e-01 dt=3.4805881608979960e-06
cycle=2390 time=1.5307213924273433e-01 dt=3.4603688654601061e-06
cycle=2391 time=1.5307559961159978e-01 dt=3.4403357823191882e-06
cycle=2392 time=1.5307903994738209e-01 dt=3.4205309684534347e-06
cycle=2393 time=1.5308246047835053e-01 dt=3.4009987147460382e-06
cycle=2394 time=1.5308586147706527e-01 dt=3.3817752313622459e-06
cycle=2395 time=1.5308924325229664e-01 dt=3.3628838824545604e-06
cycle=2396 time=1.5309260613617909e-01 dt=3.3443343076931765e-06
cycle=2397 time=1.5309595047048677e-01 dt=3.3261246753681367e-06
cycle=2398 time=1.5309927659516215e-01 dt=3.3082451230337393e-06
cycle=2399 time=1.5310258484028519e-01 dt=3.2906815896722673e-06
cycle=2400 time=1.5310587552187485e-01 dt=3.2734179798043594e-06
cycle=2401 time=1.5310914893985467e-01 dt=3.2564317249409555e-06
cycle=2402 time=1.5311240537157961e-01 dt=3.2396636239273337e-06
cycle=2403 time=1.5311564503520353e-01 dt=3.2230391547108854e-06
cycle=2404 time=1.5311886807435823e-01 dt=3.2064896426155016e-06
cycle=2405 time=1.5312207456400084e-01 dt=3.1899620749190187e-06
cycle=2406 time=1.5312526452607575e-01 dt=3.1734217366120368e-06
cycle=2407 time=1.5312843794781236e-01 dt=3.1568536556882311e-06
cycle=2408 time=1.5313159480146804e-01 dt=3.1402565958905849e-06
cycle=2409 time=1.5313473505806394e-01 dt=3.1236372225420123e-06
cycle=2410 time=1.5313785869528648e-01 dt=3.1070056410341012e-06
cycle=2411 time=1.5314096570092753e-01 dt=3.0903721392169530e-06
cycle=2412 time=1.5314405607306675e-01 dt=3.0737452447271631e-06
cycle=2413 time=1.5314712981831147e-01 dt=3.0571308816104961e-06
cycle=2414 time=1.5315018694919308e-01 dt=3.0405323368368825e-06
cycle=2415 time=1.5315322748152990e-01 dt=3.0239507516173756e-06
cycle=2416 time=1.5315625143228151e-01 dt=3.0073858490595536e-06
cycle=2417 time=1.5315925881813056e-01 dt=2.9908365635644729e-06
cycle=2418 time=1.5316224965469413e-01 dt=2.9743019661124112e-06
cycle=2419 time=1.5316522395666024e-01 dt=2.9577817287118474e-06
cycle=2420 time=1.5316818173838895e-01 dt=2.9412763940063737e-06
cycle=2421 time=1.5317112301478295e-01 dt=2.9247874140108829e-06
cycle=2422 time=1.5317404780219696e-01 dt=2.9083170754910084e-06
cycle=2423 time=1.5317695611927246e-01 dt=2.8918697778671273e-06
cycle=2424 time=1.5317984798905032e-01 dt=2.8771570042467175e-06
cycle=2425 time=1.5318272514605458e-01 dt=2.8643393626208613e-06
cycle=2426 time=1.5318558948541719e-01 dt=2.8525952845305364e-06
cycle=2427 time=1.5318844208070173e-01 dt=2.8412651905166430e-06
cycle=2428 time=1.5319128334589224e-01 dt=2.8298845813090820e-06
cycle=2429 time=1.5319411323047355e-01 dt=2.8601095366248590e-06
cycle=2430 time=1.5319697334001017e-01 dt=3.0953369407306316e-06
cycle=2431 time=1.5320006867695091e-01 dt=3.5969426024977936e-06
cycle=2432 time=1.5320366561955340e-01 dt=3.5655241668842971e-06
cycle=2433 time=1.5320723114372028e-01 dt=3.3840392628259554e-06
cycle=2434 time=1.5321061518298312e-01 dt=3.1707078132202479e-06
cycle=2435 time=1.5321378589079634e-01 dt=2.9744850688035201e-06
cycle=2436 time=1.5321676037586515e-01 dt=2.8279502636525884e-06
cycle=2437 time=1.5321958832612881e-01 dt=2.7667021974936025e-06
cycle=2438 time=1.5322235502832629e-01 dt=2.7353892289043669e-06
cycle=2439 time=1.5322509041755519e-01 dt=2.7128697913592632e-06
cycle=2440 time=1.5322780328734656e-01 dt=2.6974783510410001e-06
cycle=2441 time=1.5323050076569761e-01 dt=2.7304681426805649e-06
cycle=2442 time=1.5323323123384028e-01 dt=2.8375982107789546e-06
cycle=2443 time=1.5323606883205107e-01 dt=3.0181103856533371e-06
cycle=2444 time=1.5323908694243674e-01 dt=3.2915988938121293e-06
cycle=2445 time=1.5324237854133055e-01 dt=3.3682359491278550e-06
cycle=2446 time=1.5324574677727967e-01 dt=3.2437341722402667e-06
cycle=2447 time=1.5324899051145191e-01 dt=3.0921672325185717e-06
cycle=2448 time=1.5325208267868443e-01 dt=2.9487457341070441e-06
cycle=2449 time=1.5325503142441854e-01 dt=2.8367782746111193e-06
cycle=2450 time=1.5325786820269316e-01 dt=2.7787479940613061e-06
cycle=2451 time=1.5326064695068722e-01 dt=2.7517574346736801e-06
cycle=2452 time=1.5326339870812189e-01 dt=2.7341992528285539e-06
cycle=2453 time=1.5326613290737473e-01 dt=2.7218294545988475e-06
cycle=2454 time=1.5326885473682933e-01 dt=2.7135265052904513e-06
cycle=2455 time=1.5327156826333463e-01 dt=2.7082529401174152e-06
cycle=2456 time=1.5327427651627476e-01 dt=2.7050731008675764e-06
cycle=2457 time=1.5327698158937564e-01 dt=2.7031661625213023e-06
cycle=2458 time=1.5327968475553816e-01 dt=2.7016118570034735e-06
cycle=2459 time=1.5328238636739516e-01 dt=2.6980511247231177e-06
cycle=2460 time=1.5328508441851987e-01 dt=2.6934564204586523e-06
cycle=2461 time=1.5328777787494033e-01 dt=2.6886516968035580e-06
cycle=2462 time=1.5329046652663714e-01 dt=2.6877061934005094e-06
cycle=2463 time=1.5329315423283055e-01 dt=2.7519458256292154e-06
cycle=2464 time=1.5329590617865618e-01 dt=2.9332266216145961e-06
cycle=2465 time=1.5329883940527780e-01 dt=3.2776384238207397e-06
cycle=2466 time=1.5330211704370161e-01 dt=3.8654268671954321e-06
cycle=2467 time=1.5330598247056881e-01 dt=4.8236068295385545e-06
cycle=2468 time=1.5331080607739836e-01 dt=6.3053839819143509e-06
cycle=2469 time=1.5331711146138027e-01 dt=8.3380294013975666e-06
cycle=2470 time=1.5332544949078167e-01 dt=7.1891508455889234e-06
cycle=2471 time=1.5333263864162724e-01 dt=5.8177366415000201e-06
cycle=2472 time=1.5333845637826873e-01 dt=4.6744777628133527e-06
cycle=2473 time=1.5334313085603155e-01 dt=4.1649790294935915e-06
cycle=2474 time=1.5334729583506104e-01 dt=4.0222297336384430e-06
cycle=2475 time=1.5335131806479468e-01 dt=3.9406030629619451e-06
cycle=2476 time=1.5335525866785765e-01 dt=3.8976884458912746e-06
cycle=2477 time=1.5335915635630354e-01 dt=3.8817992335971912e-06
cycle=2478 time=1.5336303815553715e-01 dt=3.8834633950355250e-06
cycle=2479 time=1.5336692161893217e-01 dt=3.8950326578018329e-06
cycle=2480 time=1.5337081665158997e-01 dt=3.9104645800537086e-06
cycle=2481 time=1.5337472711617003e-01 dt=3.9251987210487570e-06
cycle=2482 time=1.5337865231489109e-01 dt=3.9359863458068404e-06
cycle=2483 time=1.5338258830123688e-01 dt=3.9438295356105027e-06
cycle=2484 time=1.5338653213077250e-01 dt=3.9401768955695752e-06
cycle=2485 time=1.5339047230766806e-01 dt=3.9216829167449379e-06
cycle=2486 time=1.5339439399058480e-01 dt=3.8903759937812707e-06
cycle=2487 time=1.5339828436657857e-01 dt=3.8503780438502302e-06
cycle=2488 time=1.5340213474462241e-01 dt=3.8060726195689560e-06
cycle=2489 time=1.5340594081724199e-01 dt=3.7610159828690539e-06
cycle=2490 time=1.5340970183322486e-01 dt=3.7175121677939559e-06
cycle=2491 time=1.5341341934539265e-01 dt=3.6766744094663938e-06
cycle=2492 time=1.5341709601980211e-01 dt=3.6387406223766821e-06
cycle=2493 time=1.5342073476042448e-01 dt=3.6034256235072766e-06
cycle=2494 time=1.5342433818604798e-01 dt=3.5702038768067047e-06
cycle=2495 time=1.5342790838992479e-01 dt=3.5384332835589202e-06
cycle=2496 time=1.5343144682320833e-01 dt=3.5077381865024546e-06
cycle=2497 time=1.5343495456139483e-01 dt=3.4637689900951846e-06
cycle=2498 time=1.5343841833038493e-01 dt=3.3019624721085394e-06
cycle=2499 time=1.5344172029285705e-01 dt=3.1797090324988808e-06
cycle=2500 time=1.5344490000188954e-01 dt=3.0858773400425739e-06
cycle=2501 time=1.5344798587922959e-01 dt=3.0195068059280513e-06
cycle=2502 time=1.5345100538603551e-01 dt=2.9698830532577877e-06
cycle=2503 time=1.5345397526908877e-01 dt=3.5242301891571922e-06
cycle=2504 time=1.5345749949927792e-01 dt=3.5197479991324511e-06
cycle=2505 time=1.5346101924727706e-01 dt=3.4641614507328350e-06
cycle=2506 time=1.5346448340872779e-01 dt=3.3821007018671759e-06
cycle=2507 time=1.5346786550942965e-01 dt=3.2940914458699288e-06
cycle=2508 time=1.5347115960087551e-01 dt=3.2156489447359067e-06
cycle=2509 time=1.5347437524982024e-01 dt=3.1546646502273821e-06
cycle=2510 time=1.5347752991447047e-01 dt=3.1112487953436773e-06
cycle=2511 time=1.5348064116326582e-01 dt=3.0815570198274757e-06
cycle=2512 time=1.5348372272028565e-01 dt=3.0596376149375098e-06
cycle=2513 time=1.5348678235790059e-01 dt=3.0420300628308913e-06
cycle=2514 time=1.5348982438796341e-01 dt=3.0272989221671204e-06
cycle=2515 time=1.5349285168688556e-01 dt=3.0143925188526620e-06
cycle=2516 time=1.5349586607940441e-01 dt=3.0020538650095756e-06
cycle=2517 time=1.5349886813326941e-01 dt=2.9891080110976051e-06
cycle=2518 time=1.5350185724128051e-01 dt=2.9748454886004834e-06
cycle=2519 time=1.5350483208676913e-01 dt=2.9590212600103973e-06
cycle=2520 time=1.5350779110802915e-01 dt=2.9417625414017569e-06
cycle=2521 time=1.5351073287057054e-01 dt=2.9234280436916570e-06
cycle=2522 time=1.5351365629861424e-01 dt=2.9044693300865496e-06
cycle=2523 time=1.5351656076794432e-01 dt=2.8853227989388721e-06
cycle=2524 time=1.5351944609074325e-01 dt=2.8663425198834835e-06
cycle=2525 time=1.5352231243326314e-01 dt=2.8477717025723704e-06
cycle=2526 time=1.5352516020496570e-01 dt=2.8297437417881853e-06
cycle=2527 time=1.5352798994870751e-01 dt=2.8123013039438775e-06
cycle=2528 time=1.5353080225001145e-01 dt=2.7954228937595614e-06
cycle=2529 time=1.5353359767290520e-01 dt=2.7790493755892593e-06
cycle=2530 time=1.5353637672228079e-01 dt=2.7631078249317365e-06
cycle=2531 time=1.5353913983010573e-01 dt=2.7475554331374813e-06
cycle=2532 time=1.5354188738553887e-01 dt=2.7323194880929937e-06
cycle=2533 time=1.5354461970502695e-01 dt=2.7173371431576345e-06
cycle=2534 time=1.5354733704217011e-01 dt=2.7025633552408385e-06
cycle=2535 time=1.5355003960552535e-01 dt=2.6879705138807559e-06
cycle=2536 time=1.5355272757603924e-01 dt=2.6735495942730398e-06
cycle=2537 time=1.5355540112563351e-01 dt=2.6593101819409749e-06
cycle=2538 time=1.5355806043581546e-01 dt=2.6452594312487399e-06
cycle=2539 time=1.5356070569524671e-01 dt=2.6314018046368761e-06
cycle=2540 time=1.5356333709705136e-01 dt=2.6177383032221328e-06
cycle=2541 time=1.5356595483535460e-01 dt=2.6042588864162179e-06
cycle=2542 time=1.5356855909424103e-01 dt=2.5909674732391211e-06
cycle=2543 time=1.5357115006171426e-01 dt=2.5778649823342529e-06
cycle=2544 time=1.5357372792669660e-01 dt=2.5649493455061449e-06
cycle=2545 time=1.5357629287604210e-01 dt=2.5522155144846816e-06
cycle=2546 time=1.5357884509155659e-01 dt=2.5396567590076152e-06
cycle=2547 time=1.5358138474831559e-01 dt=2.6007694084000483e-06
cycle=2548 time=1.5358398551772398e-01 dt=2.8194386797131639e-06
cycle=2549 time=1.5358680495640370e-01 dt=3.1694770014997806e-06
cycle=2550 time=1.5358997443340519e-01 dt=3.0795101899635914e-06
cycle=2551 time=1.5359305394359515e-01 dt=2.9322018441762925e-06
cycle=2552 time=1.5359598614543932e-01 dt=2.7852691673512806e-06
cycle=2553 time=1.5359877141460668e-01 dt=2.6960733898977044e-06
cycle=2554 time=1.5360146748799658e-01 dt=2.7245588601246570e-06
cycle=2555 time=1.5360419204685671e-01 dt=2.8967433978625937e-06
cycle=2556 time=1.5360708879025459e-01 dt=2.8927894636152793e-06
cycle=2557 time=1.5360998157971820e-01 dt=2.7742931855277570e-06
cycle=2558 time=1.5361275587290371e-01 dt=2.6584383868618297e-06
cycle=2559 time=1.5361541431129058e-01 dt=2.5637040907386304e-06
cycle=2560 time=1.5361797801538132e-01 dt=2.5078418491728252e-06
cycle=2561 time=1.5362048585723051e-01 dt=2.4811430140693938e-06
cycle=2562 time=1.5362296700024458e-01 dt=2.5629804683803556e-06
cycle=2563 time=1.5362552998071297e-01 dt=2.7727761277762297e-06
cycle=2564 time=1.5362830275684075e-01 dt=3.1706236871859138e-06
cycle=2565 time=1.5363147338052793e-01 dt=3.8356853979745383e-06
cycle=2566 time=1.5363530906592590e-01 dt=4.8987867482641534e-06
cycle=2567 time=1.5364020785267415e-01 dt=6.3962341195565477e-06
cycle=2568 time=1.5364660408679370e-01 dt=5.8679255258815236e-06
cycle=2569 time=1.5365247201231957e-01 dt=5.0353058840914360e-06
cycle=2570 time=1.5365750731820366e-01 dt=4.2622143410457896e-06
cycle=2571 time=1.5366176953254471e-01 dt=3.6511900222294963e-06
cycle=2572 time=1.5366542072256695e-01 dt=3.3455680071196170e-06
cycle=2573 time=1.5366876629057408e-01 dt=3.2023385998887465e-06
cycle=2574 time=1.5367196862917396e-01 dt=3.1106909317299933e-06
cycle=2575 time=1.5367507932010568e-01 dt=3.0471701646259247e-06
cycle=2576 time=1.5367812649027032e-01 dt=3.0061929377188165e-06
cycle=2577 time=1.5368113268320804e-01 dt=2.9831579070723539e-06
cycle=2578 time=1.5368411584111510e-01 dt=2.9741763210261536e-06
cycle=2579 time=1.5368709001743613e-01 dt=2.9759274152233492e-06
cycle=2580 time=1.5369006594485135e-01 dt=2.9879985374327022e-06
cycle=2581 time=1.5369305394338878e-01 dt=3.0845777249446227e-06
cycle=2582 time=1.5369613852111372e-01 dt=3.1691112707845324e-06
cycle=2583 time=1.5369930763238451e-01 dt=3.1925560464903683e-06
cycle=2584 time=1.5370250018843101e-01 dt=3.2263185969308804e-06
cycle=2585 time=1.5370572650702793e-01 dt=3.3461750321331166e-06
cycle=2586 time=1.5370907268206008e-01 dt=3.5771401685515350e-06
cycle=2587 time=1.5371264982222863e-01 dt=3.9390454693458575e-06
cycle=2588 time=1.5371658886769798e-01 dt=4.4660548801879830e-06
cycle=2589 time=1.5372105492257818e-01 dt=4.4656926524201422e-06
cycle=2590 time=1.5372552061523059e-01 dt=4.0182200640898616e-06
cycle=2591 time=1.5372953883529469e-01 dt=3.5752270137489818e-06
cycle=2592 time=1.5373311406230844e-01 dt=3.2324151844376600e-06
cycle=2593 time=1.5373634647749287e-01 dt=3.0662446586439534e-06
cycle=2594 time=1.5373941272215152e-01 dt=2.9983277386631440e-06
cycle=2595 time=1.5374241104989020e-01 dt=2.9553555206065511e-06
cycle=2596 time=1.5374536640541081e-01 dt=2.9259431511397445e-06
cycle=2597 time=1.5374829234856194e-01 dt=2.9062923683019057e-06
cycle=2598 time=1.5375119864093023e-01 dt=2.8933132742828734e-06
cycle=2599 time=1.5375409195420450e-01 dt=2.8846975619817036e-06
cycle=2600 time=1.5375697665176649e-01 dt=2.8783593652790513e-06
cycle=2601 time=1.5375985501113176e-01 dt=2.8716315042983065e-06
cycle=2602 time=1.5376272664263607e-01 dt=2.8605530422847080e-06
cycle=2603 time=1.5376558719567834e-01 dt=2.8481101490775575e-06
cycle=2604 time=1.5376843530582743e-01 dt=2.8331986289886170e-06
cycle=2605 time=1.5377126850445641e-01 dt=2.8150841451510729e-06
cycle=2606 time=1.5377408358860156e-01 dt=2.7938833628559226e-06
cycle=2607 time=1.5377687747196442e-01 dt=2.7702970094891755e-06
cycle=2608 time=1.5377964776897390e-01 dt=2.7452765359846393e-06
cycle=2609 time=1.5378239304550989e-01 dt=2.7197665925019929e-06
cycle=2610 time=1.5378511281210239e-01 dt=2.6945370894806569e-06
cycle=2611 time=1.5378780734919187e-01 dt=2.6701095125199730e-06
cycle=2612 time=1.5379047745870439e-01 dt=2.6467609767730778e-06
cycle=2613 time=1.5379312421968117e-01 dt=2.6735207587872977e-06
cycle=2614 time=1.5379579774043994e-01 dt=2.8870276724913804e-06
cycle=2615 time=1.5379868476811243e-01 dt=3.3225393662335446e-06
cycle=2616 time=1.5380200730747867e-01 dt=4.0502319094088461e-06
cycle=2617 time=1.5380605753938809e-01 dt=3.8554254732524945e-06
cycle=2618 time=1.5380991296486135e-01 dt=3.5432577881418147e-06
cycle=2619 time=1.5381345622264950e-01 dt=3.2099376380608126e-06
cycle=2620 time=1.5381666616028755e-01 dt=2.9295485006828359e-06
cycle=2621 time=1.5381959570878823e-01 dt=2.7614045761639394e-06
cycle=2622 time=1.5382235711336439e-01 dt=2.6979114337361672e-06
cycle=2623 time=1.5382505502479812e-01 dt=2.6601406062026635e-06
cycle=2624 time=1.5382771516540433e-01 dt=2.6347196852896223e-06
cycle=2625 time=1.5383034988508962e-01 dt=2.6188037662403555e-06
cycle=2626 time=1.5383296868885585e-01 dt=2.6099429378252329e-06
cycle=2627 time=1.5383557863179367e-01 dt=2.6060338932597525e-06
cycle=2628 time=1.5383818466568694e-01 dt=2.6052971658175838e-06
cycle=2629 time=1.5384078996285275e-01 dt=2.6062669526336678e-06
cycle=2630 time=1.5384339622980539e-01 dt=2.6077661911995539e-06
cycle=2631 time=1.5384600399599660e-01 dt=2.6088852299195345e-06
cycle=2632 time=1.5384861288122653e-01 dt=2.6092021054057265e-06
cycle=2633 time=1.5385122208333193e-01 dt=2.6067403342103657e-06
cycle=2634 time=1.5385382882366613e-01 dt=2.6002927252856141e-06
cycle=2635 time=1.5385642911639141e-01 dt=2.5898372522637913e-06
cycle=2636 time=1.5385901895364368e-01 dt=2.5760562099189834e-06
cycle=2637 time=1.5386159500985361e-01 dt=2.5600129241823488e-06
cycle=2638 time=1.5386415502277778e-01 dt=2.5428261629096484e-06
cycle=2639 time=1.5386669784894069e-01 dt=2.5254452966492660e-06
cycle=2640 time=1.5386922329423733e-01 dt=2.5277563401053296e-06
cycle=2641 time=1.5387175105057743e-01 dt=2.6208731846368514e-06
cycle=2642 time=1.5387437192376208e-01 dt=2.8701080462149084e-06
cycle=2643 time=1.5387724203180830e-01 dt=3.3082098048942105e-06
cycle=2644 time=1.5388055024161321e-01 dt=3.9950073475586228e-06
cycle=2645 time=1.5388454524896075e-01 dt=4.8883228838286620e-06
cycle=2646 time=1.5388943357184459e-01 dt=4.3966211944064623e-06
cycle=2647 time=1.5389383019303901e-01 dt=3.8069108379910109e-06
cycle=2648 time=1.5389763710387699e-01 dt=3.2802380254056578e-06
cycle=2649 time=1.5390091734190239e-01 dt=2.9335508761922568e-06
cycle=2650 time=1.5390385089277858e-01 dt=2.8252999029017014e-06
cycle=2651 time=1.5390667619268147e-01 dt=2.7657244247902717e-06
cycle=2652 time=1.5390944191710626e-01 dt=2.7298993262129871e-06
cycle=2653 time=1.5391217181643246e-01 dt=2.7127411824016384e-06
cycle=2654 time=1.5391488455761487e-01 dt=2.7098753532553982e-06
cycle=2655 time=1.5391759443296812e-01 dt=2.7171684893318094e-06
cycle=2656 time=1.5392031160145744e-01 dt=2.7309917666840339e-06
cycle=2657 time=1.5392304259322412e-01 dt=2.7484403859622202e-06
cycle=2658 time=1.5392579103361009e-01 dt=2.7671818535833716e-06
cycle=2659 time=1.5392855821546367e-01 dt=2.7851812857355522e-06
cycle=2660 time=1.5393134339674941e-01 dt=2.8012736358511351e-06
cycle=2661 time=1.5393414467038527e-01 dt=2.8145402706175032e-06
cycle=2662 time=1.5393695921065589e-01 dt=2.8277384768268158e-06
cycle=2663 time=1.5393978694913271e-01 dt=2.8386006507430417e-06
cycle=2664 time=1.5394262554978347e-01 dt=2.8404208756221245e-06
cycle=2665 time=1.5394546597065908e-01 dt=2.8336058822020117e-06
cycle=2666 time=1.5394829957654130e-01 dt=2.8200689334332190e-06
cycle=2667 time=1.5395111964547473e-01 dt=2.8026731309246479e-06
cycle=2668 time=1.5395392231860566e-01 dt=2.7840219722423717e-06
cycle=2669 time=1.5395670634057790e-01 dt=2.7659483272995720e-06
cycle=2670 time=1.5395947228890519e-01 dt=2.7494373435475352e-06
cycle=2671 time=1.5396222172624874e-01 dt=2.7347723822833533e-06
cycle=2672 time=1.5396495649863101e-01 dt=2.7217842623221277e-06
cycle=2673 time=1.5396767828289334e-01 dt=2.7100962334314848e-06
cycle=2674 time=1.5397038837912677e-01 dt=2.6992932212771500e-06
cycle=2675 time=1.5397308767234805e-01 dt=2.6890090385283567e-06
cycle=2676 time=1.5397577668138657e-01 dt=2.6789617828825149e-06
cycle=2677 time=1.5397845564316945e-01 dt=2.6689622546442862e-06
cycle=2678 time=1.5398112460542410e-01 dt=2.6588907054372047e-06
cycle=2679 time=1.5398378349612954e-01 dt=2.6487251900782034e-06
cycle=2680 time=1.5398643222131961e-01 dt=2.6384068332278910e-06
cycle=2681 time=1.5398907062815284e-01 dt=2.6278692946462125e-06
cycle=2682 time=1.5399169849744748e-01 dt=2.6045625585482297e-06
cycle=2683 time=1.5399430306000603e-01 dt=2.5664105074710988e-06
cycle=2684 time=1.5399686947051350e-01 dt=2.5330786364408442e-06
cycle=2685 time=1.5399940254914993e-01 dt=2.5067026787160218e-06
cycle=2686 time=1.5400190925182863e-01 dt=2.4869402534300789e-06
cycle=2687 time=1.5400439619208206e-01 dt=2.4721714069496693e-06
cycle=2688 time=1.5400686836348901e-01 dt=2.4606684944750608e-06
cycle=2689 time=1.5400932903198347e-01 dt=2.4512274530786058e-06
cycle=2690 time=1.5401178025943654e-01 dt=2.4430738894853126e-06
cycle=2691 time=1.5401422333332604e-01 dt=2.4353684442287534e-06
cycle=2692 time=1.5401665870177028e-01 dt=2.4289568811185195e-06
cycle=2693 time=1.5401908765865141e-01 dt=2.4767333935239952e-06
cycle=2694 time=1.5402156439204492e-01 dt=2.6458648174458778e-06
cycle=2695 time=1.5402421025686236e-01 dt=2.9559300312561560e-06
cycle=2696 time=1.5402716618689360e-01 dt=3.4418842464776180e-06
cycle=2697 time=1.5403060807114008e-01 dt=4.1516433170678267e-06
cycle=2698 time=1.5403475971445715e-01 dt=5.1280349270541415e-06
cycle=2699 time=1.5403988774938421e-01 dt=4.9578156566182267e-06
cycle=2700 time=1.5404484556504083e-01 dt=4.2280716026650076e-06
cycle=2701 time=1.5404907363664350e-01 dt=3.6101697567715582e-06
cycle=2702 time=1.5405268380640028e-01 dt=3.2481526115719152e-06
cycle=2703 time=1.5405593195901185e-01 dt=3.1536603038490735e-06
cycle=2704 time=1.5405908561931569e-01 dt=3.1035113560547748e-06
cycle=2705 time=1.5406218913067174e-01 dt=3.0814574671783111e-06
cycle=2706 time=1.5406527058813893e-01 dt=3.0807717879218006e-06
cycle=2707 time=1.5406835135992686e-01 dt=3.0956268210690834e-06
cycle=2708 time=1.5407144698674793e-01 dt=3.1209230654407673e-06
cycle=2709 time=1.5407456790981339e-01 dt=3.1523976004132791e-06
cycle=2710 time=1.5407772030741379e-01 dt=3.1867443921612848e-06
cycle=2711 time=1.5408090705180597e-01 dt=3.2213646763114794e-06
cycle=2712 time=1.5408412841648228e-01 dt=3.2543461499938427e-06
cycle=2713 time=1.5408738276263229e-01 dt=3.2844215043545840e-06
cycle=2714 time=1.5409066718413664e-01 dt=3.3107271576269722e-06
cycle=2715 time=1.5409397791129426e-01 dt=3.3330147233226906e-06
cycle=2716 time=1.5409731092601758e-01 dt=3.3530964380265372e-06
cycle=2717 time=1.5410066402245562e-01 dt=3.3720314330415386e-06
cycle=2718 time=1.5410403605388867e-01 dt=3.3889472527141654e-06
cycle=2719 time=1.5410742500114138e-01 dt=3.4014060293996008e-06
cycle=2720 time=1.5411082640717078e-01 dt=3.4082138149634913e-06
cycle=2721 time=1.5411423462098575e-01 dt=3.2766630991115466e-06
cycle=2722 time=1.5411751128408485e-01 dt=3.1502210394724620e-06
cycle=2723 time=1.5412066150512432e-01 dt=3.0565835651098768e-06
cycle=2724 time=1.5412371808868944e-01 dt=2.9999777998797408e-06
cycle=2725 time=1.5412671806648931e-01 dt=2.9736887214065471e-06
cycle=2726 time=1.5412969175521071e-01 dt=2.9633308074787974e-06
cycle=2727 time=1.5413265508601820e-01 dt=2.9631938504001254e-06
cycle=2728 time=1.5413561827986860e-01 dt=2.9672492121650447e-06
cycle=2729 time=1.5413858552908077e-01 dt=2.9705612805168232e-06
cycle=2730 time=1.5414155609036129e-01 dt=2.9702866746100805e-06
cycle=2731 time=1.5414452637703591e-01 dt=2.9658105101714872e-06
cycle=2732 time=1.5414749218754609e-01 dt=2.9578309965845803e-06
cycle=2733 time=1.5415045001854266e-01 dt=2.9469395069093247e-06
cycle=2734 time=1.5415339695804958e-01 dt=2.9341526516349233e-06
cycle=2735 time=1.5415633111070121e-01 dt=2.9205501908664825e-06
cycle=2736 time=1.5415925166089206e-01 dt=2.9070812949169151e-06
cycle=2737 time=1.5416215874218697e-01 dt=2.8943317951903954e-06
cycle=2738 time=1.5416505307398215e-01 dt=2.8825808275256654e-06
cycle=2739 time=1.5416793565480968e-01 dt=2.8718604890196437e-06
cycle=2740 time=1.5417080751529871e-01 dt=2.8620411295177721e-06
cycle=2741 time=1.5417366955642822e-01 dt=2.8529152307979773e-06
cycle=2742 time=1.5417652247165903e-01 dt=2.8442653455294193e-06
cycle=2743 time=1.5417936673700455e-01 dt=2.8359066553579425e-06
cycle=2744 time=1.5418220264365992e-01 dt=2.8277060966914454e-06
cycle=2745 time=1.5418503034975661e-01 dt=2.8195839565246381e-06
cycle=2746 time=1.5418784993371315e-01 dt=2.8115079482430986e-06
cycle=2747 time=1.5419066144166138e-01 dt=2.8823389559441384e-06
cycle=2748 time=1.5419354378061734e-01 dt=3.0801111144113931e-06
cycle=2749 time=1.5419662389173175e-01 dt=3.4660971256780204e-06
cycle=2750 time=1.5420008998885743e-01 dt=3.8196111757872208e-06
cycle=2751 time=1.5420390960003322e-01 dt=3.5739882959030294e-06
cycle=2752 time=1.5420748358832911e-01 dt=3.3209703606660352e-06
cycle=2753 time=1.5421080455868977e-01 dt=3.0674700068427585e-06
cycle=2754 time=1.5421387202869660e-01 dt=2.8195382775323158e-06
cycle=2755 time=1.5421669156697412e-01 dt=2.5825734614297932e-06
cycle=2756 time=1.5421927414043554e-01 dt=2.3614231106326186e-06
cycle=2757 time=1.5422163556354618e-01 dt=2.1602987004285549e-06
cycle=2758 time=1.5422379586224660e-01 dt=1.9827048770083720e-06
cycle=2759 time=1.5422577856712361e-01 dt=1.8404779993932536e-06
cycle=2760 time=1.5422761904512300e-01 dt=1.7404439573376515e-06
cycle=2761 time=1.5422935948908034e-01 dt=1.6686835846414995e-06
cycle=2762 time=1.5423102817266499e-01 dt=1.6160794644068567e-06
cycle=2763 time=1.5423264425212940e-01 dt=1.5760144767977213e-06
cycle=2764 time=1.5423422026660619e-01 dt=1.5405119686018083e-06
cycle=2765 time=1.5423576077857479e-01 dt=1.5086995909193893e-06
cycle=2766 time=1.5423726947816571e-01 dt=1.4802563493061046e-06
cycle=2767 time=1.5423874973451501e-01 dt=1.4548931433242377e-06
cycle=2768 time=1.5424020462765833e-01 dt=1.4323489342547480e-06
cycle=2769 time=1.5424163697659260e-01 dt=1.4123872656058446e-06
cycle=2770 time=1.5424304936385821e-01 dt=1.3947932215643654e-06
cycle=2771 time=1.5424444415707977e-01 dt=1.3793707629647393e-06
cycle=2772 time=1.5424582352784275e-01 dt=1.3659404175909297e-06
cycle=2773 time=1.5424718946826033e-01 dt=1.3543372410539592e-06
cycle=2774 time=1.5424854380550138e-01 dt=1.3444091498208982e-06
cycle=2775 time=1.5424988821465119e-01 dt=1.3360153508703393e-06
cycle=2776 time=1.5425122423000207e-01 dt=1.3290250223191612e-06
cycle=2777 time=1.5425255325502438e-01 dt=1.3233161704050671e-06
cycle=2778 time=1.5425387657119477e-01 dt=1.3187746390447326e-06
cycle=2779 time=1.5425519534583382e-01 dt=1.3152932711496906e-06
cycle=2780 time=1.5425651063910498e-01 dt=1.3127711800592686e-06
cycle=2781 time=1.5425782341028504e-01 dt=1.3111131050275618e-06
cycle=2782 time=1.5425913452339007e-01 dt=1.3102289014514996e-06
cycle=2783 time=1.5426044475229153e-01 dt=1.3100330860129587e-06
cycle=2784 time=1.5426175478537754e-01 dt=1.3104448141580073e-06
cycle=2785 time=1.5426306523019170e-01 dt=1.3113887057376711e-06
cycle=2786 time=1.5426437661889744e-01 dt=1.3127865448032787e-06
cycle=2787 time=1.5426568940544225e-01 dt=1.3145671651070096e-06
cycle=2788 time=1.5426700397260734e-01 dt=1.3166653084973623e-06
cycle=2789 time=1.5426832063791585e-01 dt=1.3190189398236059e-06
cycle=2790 time=1.5426963965685567e-01 dt=1.3215678094477897e-06
cycle=2791 time=1.5427096122466510e-01 dt=1.3242568505741936e-06
cycle=2792 time=1.5427228548151567e-01 dt=1.3271850839047118e-06
cycle=2793 time=1.5427361266659959e-01 dt=1.3311038163835089e-06
cycle=2794 time=1.5427494377041598e-01 dt=1.3352178665736854e-06
cycle=2795 time=1.5427627898828256e-01 dt=1.3391848775334854e-06
cycle=2796 time=1.5427761817316010e-01 dt=1.3428196615475081e-06
cycle=2797 time=1.5427896099282165e-01 dt=1.3459847906353029e-06
cycle=2798 time=1.5428030697761227e-01 dt=1.3485707807266909e-06
cycle=2799 time=1.5428165554839302e-01 dt=1.3504906657638750e-06
cycle=2800 time=1.5428300603905878e-01 dt=1.3516779590518046e-06
cycle=2801 time=1.5428435771701784e-01 dt=1.3520857870664363e-06
cycle=2802 time=1.5428570980280490e-01 dt=1.3516914645315560e-06
cycle=2803 time=1.5428706149426943e-01 dt=1.3505002335038780e-06
cycle=2804 time=1.5428841199450294e-01 dt=1.3485168399597382e-06
cycle=2805 time=1.5428976051134291e-01 dt=1.3457615417211512e-06
cycle=2806 time=1.5429110627288464e-01 dt=1.3422699317720264e-06
cycle=2807 time=1.5429244854281640e-01 dt=1.3380916467392215e-06
cycle=2808 time=1.5429378663446314e-01 dt=1.3332886831605948e-06
cycle=2809 time=1.5429511992314629e-01 dt=1.3279333782533355e-06
cycle=2810 time=1.5429644785652455e-01 dt=1.3221062178861123e-06
cycle=2811 time=1.5429776996274244e-01 dt=1.3158938808965211e-06
cycle=2812 time=1.5429908585662333e-01 dt=1.3093866371200348e-06
cycle=2813 time=1.5430039524326045e-01 dt=1.3026759308931253e-06
cycle=2814 time=1.5430169791919135e-01 dt=1.2958556282908458e-06
cycle=2815 time=1.5430299377481965e-01 dt=1.2890178530285900e-06
cycle=2816 time=1.5430428279267269e-01 dt=1.2822496241471305e-06
cycle=2817 time=1.5430556504229684e-01 dt=1.2672692509215494e-06
cycle=2818 time=1.5430683231154776e-01 dt=1.2461319225573974e-06
cycle=2819 time=1.5430807844347033e-01 dt=1.2248841641304442e-06
cycle=2820 time=1.5430930332763446e-01 dt=1.2040177560964667e-06
cycle=2821 time=1.5431050734539056e-01 dt=1.1840299542006945e-06
cycle=2822 time=1.5431169137534476e-01 dt=1.1655321862752730e-06
cycle=2823 time=1.5431285690753102e-01 dt=1.1465285026626032e-06
cycle=2824 time=1.5431400343603369e-01 dt=1.1247952595444356e-06
cycle=2825 time=1.5431512823129323e-01 dt=1.1066002900978028e-06
cycle=2826 time=1.5431623483158333e-01 dt=1.0929388844655174e-06
cycle=2827 time=1.5431732777046780e-01 dt=1.0825459458477268e-06
cycle=2828 time=1.5431841031641366e-01 dt=1.0743527514633110e-06
cycle=2829 time=1.5431948466916512e-01 dt=1.0670028012901319e-06
cycle=2830 time=1.5432055167196640e-01 dt=1.0601936607291845e-06
cycle=2831 time=1.5432161186562712e-01 dt=1.0539132796138814e-06
cycle=2832 time=1.5432266577890674e-01 dt=1.0481488667898154e-06
cycle=2833 time=1.5432371392777353e-01 dt=1.0428870027920419e-06
cycle=2834 time=1.5432475681477631e-01 dt=1.0381168013464095e-06
cycle=2835 time=1.5432579493157766e-01 dt=1.0338242475719869e-06
cycle=2836 time=1.5432682875582523e-01 dt=1.0299937594938755e-06
cycle=2837 time=1.5432785874958474e-01 dt=1.0266094712924483e-06
cycle=2838 time=1.5432888535905603e-01 dt=1.0236551608604678e-06
cycle=2839 time=1.5432990901421689e-01 dt=1.0211143347042365e-06
cycle=2840 time=1.5433093012855159e-01 dt=1.0189702724376571e-06
cycle=2841 time=1.5433194909882403e-01 dt=1.0172060595382319e-06
cycle=2842 time=1.5433296630488358e-01 dt=1.0158046144359027e-06
cycle=2843 time=1.5433398210949800e-01 dt=1.0147487149623079e-06
cycle=2844 time=1.5433499685821297e-01 dt=1.0140210225726571e-06
cycle=2845 time=1.5433601087923554e-01 dt=1.0136040595802844e-06
cycle=2846 time=1.5433702448329512e-01 dt=1.0134792655472754e-06
cycle=2847 time=1.5433803796256065e-01 dt=1.0136289324463582e-06
cycle=2848 time=1.5433905159149311e-01 dt=1.0140354856821032e-06
cycle=2849 time=1.5434006562697880e-01 dt=1.0146813688742371e-06
cycle=2850 time=1.5434108030834767e-01 dt=1.0155490966284204e-06
cycle=2851 time=1.5434209585744429e-01 dt=1.0166212770758363e-06
cycle=2852 time=1.5434311247872137e-01 dt=1.0178805936575879e-06
cycle=2853 time=1.5434413035931502e-01 dt=1.0193098742608588e-06
cycle=2854 time=1.5434514966918927e-01 dt=1.0208946750545770e-06
cycle=2855 time=1.5434617056386432e-01 dt=1.0226189114079612e-06
cycle=2856 time=1.5434719318277573e-01 dt=1.0244660366315132e-06
cycle=2857 time=1.5434821764881237e-01 dt=1.0264197818568944e-06
cycle=2858 time=1.5434924406859424e-01 dt=1.0284641834063079e-06
cycle=2859 time=1.5435027253277764e-01 dt=1.0305836247148764e-06
cycle=2860 time=1.5435130311640236e-01 dt=1.0327629686480276e-06
cycle=2861 time=1.5435233587937100e-01 dt=1.0349876390644677e-06
cycle=2862 time=1.5435337086701006e-01 dt=1.0372435480340897e-06
cycle=2863 time=1.5435440811055809e-01 dt=1.0395171095082861e-06
cycle=2864 time=1.5435544762766759e-01 dt=1.0417952686417720e-06
cycle=2865 time=1.5435648942293623e-01 dt=1.0440655336056005e-06
cycle=2866 time=1.5435753348846984e-01 dt=1.0463193699296410e-06
cycle=2867 time=1.5435857980783976e-01 dt=1.0487219018820386e-06
cycle=2868 time=1.5435962852974164e-01 dt=1.0514421804682817e-06
cycle=2869 time=1.5436067997192210e-01 dt=1.0545796928510511e-06
cycle=2870 time=1.5436173455161495e-01 dt=1.0579345795894697e-06
cycle=2871 time=1.5436279248619453e-01 dt=1.0612689451847231e-06
cycle=2872 time=1.5436385375513972e-01 dt=1.0644494220529360e-06
cycle=2873 time=1.5436491820456177e-01 dt=1.0673927376441774e-06
cycle=2874 time=1.5436598559729942e-01 dt=1.0700417377700222e-06
cycle=2875 time=1.5436705563903719e-01 dt=1.0723554561621283e-06
cycle=2876 time=1.5436812799449334e-01 dt=1.0743054040797587e-06
cycle=2877 time=1.5436920229989742e-01 dt=1.0758730054958189e-06
cycle=2878 time=1.5437027817290291e-01 dt=1.0770470782550062e-06
cycle=2879 time=1.5437135521998116e-01 dt=1.0778242845987603e-06
cycle=2880 time=1.5437243304426576e-01 dt=1.0782085767030804e-06
cycle=2881 time=1.5437351125284246e-01 dt=1.0782106652367719e-06
cycle=2882 time=1.5437458946350768e-01 dt=1.0778474684156758e-06
cycle=2883 time=1.5437566731097610e-01 dt=1.0771414616320663e-06
cycle=2884 time=1.5437674445243774e-01 dt=1.0761199693984986e-06
cycle=2885 time=1.5437782057240715e-01 dt=1.0748144014421047e-06
cycle=2886 time=1.5437889538680860e-01 dt=1.0732594273217116e-06
cycle=2887 time=1.5437996864623593e-01 dt=1.0714921133868278e-06
cycle=2888 time=1.5438104013834933e-01 dt=1.0695510439401200e-06
cycle=2889 time=1.5438210968939328e-01 dt=1.0674754509242966e-06
cycle=2890 time=1.5438317716484420e-01 dt=1.0653043773571623e-06
cycle=2891 time=1.5438424246922156e-01 dt=1.0630758998062955e-06
cycle=2892 time=1.5438530554512137e-01 dt=1.0608264319135406e-06
cycle=2893 time=1.5438636637155329e-01 dt=1.0585901274126742e-06
cycle=2894 time=1.5438742496168070e-01 dt=1.0563984030340505e-06
cycle=2895 time=1.5438848136008373e-01 dt=1.0542795771012183e-06
cycle=2896 time=1.5438953563966085e-01 dt=1.0522586082420901e-06
cycle=2897 time=1.5439058789826909e-01 dt=1.0503569376258384e-06
cycle=2898 time=1.5439163825520671e-01 dt=1.0485923693130083e-06
cycle=2899 time=1.5439268684757604e-01 dt=1.0469789033614647e-06
cycle=2900 time=1.5439373382647939e-01 dt=1.0455264103696237e-06
cycle=2901 time=1.5439477935288975e-01 dt=1.0442400505917566e-06
cycle=2902 time=1.5439582359294035e-01 dt=1.0431194656212495e-06
cycle=2903 time=1.5439686671240596e-01 dt=1.0421580394255439e-06
cycle=2904 time=1.5439790887044538e-01 dt=1.0413328396483401e-06
cycle=2905 time=1.5439895020328503e-01 dt=1.0406210955235413e-06
cycle=2906 time=1.5439999082438055e-01 dt=1.0400053441829283e-06
cycle=2907 time=1.5440103082972473e-01 dt=1.0394721079439811e-06
cycle=2908 time=1.5440207030183267e-01 dt=1.0390109141824099e-06
cycle=2909 time=1.5440310931274687e-01 dt=1.0386135502409922e-06
cycle=2910 time=1.5440414792629711e-01 dt=1.0382734877205730e-06
cycle=2911 time=1.5440518619978483e-01 dt=1.0379854275539240e-06
cycle=2912 time=1.5440622418521238e-01 dt=1.0377449322186473e-06
cycle=2913 time=1.5440726193014459e-01 dt=1.0375481239186587e-06
cycle=2914 time=1.5440829947826851e-01 dt=1.0373914396658274e-06
cycle=2915 time=1.5440933686970817e-01 dt=1.0372714056807131e-06
cycle=2916 time=1.5441037414111386e-01 dt=1.0371845020063414e-06
cycle=2917 time=1.5441141132561587e-01 dt=1.0371270756939225e-06
cycle=2918 time=1.5441244845269156e-01 dt=1.0370952955626475e-06
cycle=2919 time=1.5441348554798712e-01 dt=1.0370851636051924e-06
cycle=2920 time=1.5441452263315072e-01 dt=1.0370925724848725e-06
cycle=2921 time=1.5441555972572321e-01 dt=1.0371140864385567e-06
cycle=2922 time=1.5441659683980966e-01 dt=1.0371504325540832e-06
cycle=2923 time=1.5441763399024222e-01 dt=1.0372030554824066e-06
cycle=2924 time=1.5441867119329769e-01 dt=1.0372727086725733e-06
cycle=2925 time=1.5441970846600636e-01 dt=1.0373594982306475e-06
cycle=2926 time=1.5442074582550458e-01 dt=1.0374629054665811e-06
cycle=2927 time=1.5442178328841005e-01 dt=1.0375817958390223e-06
cycle=2928 time=1.5442282087020590e-01 dt=1.0377144512190951e-06
cycle=2929 time=1.5442385858465713e-01 dt=1.0378586046041264e-06
cycle=2930 time=1.5442489644326174e-01 dt=1.0380114463351418e-06
cycle=2931 time=1.5442593445470806e-01 dt=1.0381696576870515e-06
cycle=2932 time=1.5442697262436575e-01 dt=1.0383294603097401e-06
cycle=2933 time=1.5442801095382605e-01 dt=1.0384866756592474e-06
cycle=2934 time=1.5442904944050170e-01 dt=1.0386444584041637e-06
cycle=2935 time=1.5443008808496012e-01 dt=1.0387997400677713e-06
cycle=2936 time=1.5443112688470018e-01 dt=1.0389466767502180e-06
cycle=2937 time=1.5443216583137692e-01 dt=1.0390793701333834e-06
cycle=2938 time=1.5443320491074705e-01 dt=1.0391919753927721e-06
cycle=2939 time=1.5443424410272244e-01 dt=1.0392788214587705e-06
cycle=2940 time=1.5443528338154389e-01 dt=1.0393345420364788e-06
cycle=2941 time=1.5443632271608593e-01 dt=1.0393542165535745e-06
cycle=2942 time=1.5443736207030248e-01 dt=1.0393335197546465e-06
cycle=2943 time=1.5443840140382223e-01 dt=1.0392688814770653e-06
cycle=2944 time=1.5443944067270371e-01 dt=9.9085889931565847e-07
cycle=2945 time=1.5444043153160303e-01 dt=9.3854845207280322e-07
cycle=2946 time=1.5444137008005510e-01 dt=8.8407096078967806e-07
cycle=2947 time=1.5444225415101590e-01 dt=8.2897793946144930e-07
cycle=2948 time=1.5444308312895536e-01 dt=7.7510239017405181e-07
cycle=2949 time=1.5444385823134552e-01 dt=7.3458498208506018e-07
cycle=2950 time=1.5444459281632761e-01 dt=7.0550228057862681e-07
cycle=2951 time=1.5444529831860818e-01 dt=6.8432583149825491e-07
cycle=2952 time=1.5444598264443968e-01 dt=6.6459689754238773e-07
cycle=2953 time=1.5444664724133722e-01 dt=6.4604485799356469e-07
cycle=2954 time=1.5444729328619522e-01 dt=6.2865431602576261e-07
cycle=2955 time=1.5444792194051124e-01 dt=6.1239980316024442e-07
cycle=2956 time=1.5444853434031441e-01 dt=5.9726919375057870e-07
cycle=2957 time=1.5444913160950816e-01 dt=5.8319562121764107e-07
cycle=2958 time=1.5444971480512937e-01 dt=5.7013554584218647e-07
cycle=2959 time=1.5445028494067520e-01 dt=5.5804502871898662e-07
cycle=2960 time=1.5445084298570391e-01 dt=5.4688215144335076e-07
cycle=2961 time=1.5445138986785537e-01 dt=5.3660711686530869e-07
cycle=2962 time=1.5445192647497222e-01 dt=5.2718228714392437e-07
cycle=2963 time=1.5445245365725938e-01 dt=5.1857221778657863e-07
cycle=2964 time=1.5445297222947715e-01 dt=5.1074364093332787e-07
cycle=2965 time=1.5445348297311809e-01 dt=5.0366542377942995e-07
cycle=2966 time=1.5445398663854187e-01 dt=4.9730850773006948e-07
cycle=2967 time=1.5445448394704961e-01 dt=4.9164583290854946e-07
cycle=2968 time=1.5445497559288252e-01 dt=4.8665225160973375e-07
cycle=2969 time=1.5445546224513412e-01 dt=4.8230443344483715e-07
cycle=2970 time=1.5445594454956757e-01 dt=4.7858076449421350e-07
cycle=2971 time=1.5445642313033206e-01 dt=4.7546124023870325e-07
cycle=2972 time=1.5445689859157230e-01 dt=4.7292735971001906e-07
cycle=2973 time=1.5445737151893202e-01 dt=4.7096201469772314e-07
cycle=2974 time=1.5445784248094671e-01 dt=4.6954937550601063e-07
cycle=2975 time=1.5445831203032220e-01 dt=4.6867477590149810e-07
cycle=2976 time=1.5445878070509811e-01 dt=4.6832459429507593e-07
cycle=2977 time=1.5445924902969241e-01 dt=4.6848614301676847e-07
cycle=2978 time=1.5445971751583543e-01 dt=4.6914754604388126e-07
cycle=2979 time=1.5446018666338146e-01 dt=4.7029761893982409e-07
cycle=2980 time=1.5446065696100039e-01 dt=4.7192574709245724e-07
cycle=2981 time=1.5446112888674748e-01 dt=4.7402176226847015e-07
cycle=2982 time=1.5446160290850974e-01 dt=4.7657581723151853e-07
cycle=2983 time=1.5446207948432697e-01 dt=4.7957825812661231e-07
cycle=2984 time=1.5446255906258510e-01 dt=4.8302325223872706e-07
cycle=2985 time=1.5446304208583733e-01 dt=4.8690522216602284e-07
cycle=2986 time=1.5446352899105950e-01 dt=4.9121415842493627e-07
cycle=2987 time=1.5446402020521793e-01 dt=4.9593958791255869e-07
cycle=2988 time=1.5446451614480586e-01 dt=5.0107040978212733e-07
cycle=2989 time=1.5446501721521563e-01 dt=5.0659471381280565e-07
cycle=2990 time=1.5446552380992945e-01 dt=5.1249956744110520e-07
cycle=2991 time=1.5446603630949690e-01 dt=5.1877074383100356e-07
cycle=2992 time=1.5446655508024074e-01 dt=5.2541150442653889e-07
cycle=2993 time=1.5446708049174515e-01 dt=5.3241258239755003e-07
cycle=2994 time=1.5446761290432756e-01 dt=5.3975890276701088e-07
cycle=2995 time=1.5446815266323033e-01 dt=5.4743401318105475e-07
cycle=2996 time=1.5446870009724351e-01 dt=5.5542019303452855e-07
cycle=2997 time=1.5446925551743654e-01 dt=5.6369835715039363e-07
cycle=2998 time=1.5446981921579370e-01 dt=5.7224801166963851e-07
cycle=2999 time=1.5447039146380537e-01 dt=5.8104904845568400e-07
cycle=3000 time=1.5447097251285383e-01 dt=5.9007834047553559e-07
cycle=3001 time=1.5447156259119429e-01 dt=5.9930966990793986e-07
cycle=3002 time=1.5447216190086421e-01 dt=6.0871524928565163e-07
cycle=3003 time=1.5447277061611350e-01 dt=6.1828854032225168e-07
cycle=3004 time=1.5447338890465381e-01 dt=6.2799440346306220e-07
cycle=3005 time=1.5447401689905726e-01 dt=6.3779840046847579e-07
cycle=3006 time=1.5447465469745772e-01 dt=6.4766826730184796e-07
cycle=3007 time=1.5447530236572501e-01 dt=6.5757436017934315e-07
cycle=3008 time=1.5447595994008520e-01 dt=6.6810065706692339e-07
cycle=3009 time=1.5447662804074228e-01 dt=6.8068841854494989e-07
cycle=3010 time=1.5447730872916082e-01 dt=6.9576698769840902e-07
cycle=3011 time=1.5447800449614851e-01 dt=7.1353468676670973e-07
cycle=3012 time=1.5447871803083529e-01 dt=7.3119408559916148e-07
cycle=3013 time=1.5447944922492091e-01 dt=7.4835156783532607e-07
cycle=3014 time=1.5448019757648873e-01 dt=7.6491113753786638e-07
cycle=3015 time=1.5448096248762627e-01 dt=7.8078492228146285e-07
cycle=3016 time=1.5448174327254854e-01 dt=7.9587532144132102e-07
cycle=3017 time=1.5448253914787000e-01 dt=8.1007350071461956e-07
cycle=3018 time=1.5448334922137072e-01 dt=8.2326052414800405e-07
cycle=3019 time=1.5448417248189486e-01 dt=8.3530904429346405e-07
cycle=3020 time=1.5448500779093916e-01 dt=8.4608102693828702e-07
cycle=3021 time=1.5448585387196609e-01 dt=8.5543709424139770e-07
cycle=3022 time=1.5448670930906033e-01 dt=8.6323814836052554e-07
cycle=3023 time=1.5448757254720868e-01 dt=8.6934929431274316e-07
cycle=3024 time=1.5448844189650299e-01 dt=8.7364382801472858e-07
cycle=3025 time=1.5448931554033099e-01 dt=8.7600809056082081e-07
cycle=3026 time=1.5449019154842156e-01 dt=8.7634673898886058e-07
cycle=3027 time=1.5449106789516054e-01 dt=8.7458834946004471e-07
cycle=3028 time=1.5449194248351000e-01 dt=8.7069122077187709e-07
cycle=3029 time=1.5449281317473076e-01 dt=8.6464774802775276e-07
cycle=3030 time=1.5449367782247880e-01 dt=8.5649139465274592e-07
cycle=3031 time=1.5449453431387344e-01 dt=8.4630146457486185e-07
cycle=3032 time=1.5449538061533802e-01 dt=8.3420972838182225e-07
cycle=3033 time=1.5449621482506640e-01 dt=8.2039930013529214e-07
cycle=3034 time=1.5449703522436653e-01 dt=8.0510450010632968e-07
cycle=3035 time=1.5449784032886663e-01 dt=7.8860828735445158e-07
cycle=3036 time=1.5449862893715399e-01 dt=7.7123698770356170e-07
cycle=3037 time=1.5449940017414168e-01 dt=7.5335235454049280e-07
cycle=3038 time=1.5450015352649621e-01 dt=7.3534324732616681e-07
cycle=3039 time=1.5450088886974353e-01 dt=7.1764079367815128e-07
cycle=3040 time=1.5450160651053721e-01 dt=7.0187581941014538e-07
cycle=3041 time=1.5450230838635662e-01 dt=6.9017980422391198e-07
cycle=3042 time=1.5450299856616084e-01 dt=6.8140520244025466e-07
cycle=3043 time=1.5450367997136327e-01 dt=6.7408754510375916e-07
cycle=3044 time=1.5450435405890839e-01 dt=6.6709257128791686e-07
cycle=3045 time=1.5450502115147968e-01 dt=6.6042043616841363e-07
cycle=3046 time=1.5450568157191585e-01 dt=6.5406933535203140e-07
cycle=3047 time=1.5450633564125121e-01 dt=6.4801951472022877e-07
cycle=3048 time=1.5450698366076593e-01 dt=6.4229906790368101e-07
cycle=3049 time=1.5450762595983383e-01 dt=6.3692076277607512e-07
cycle=3050 time=1.5450826288059660e-01 dt=6.3188114462739745e-07
cycle=3051 time=1.5450889476174123e-01 dt=6.2717934134775163e-07
cycle=3052 time=1.5450952194108258e-01 dt=6.2281369783243563e-07
cycle=3053 time=1.5451014475478042e-01 dt=6.1878189640306696e-07
cycle=3054 time=1.5451076353667684e-01 dt=6.1508105491584954e-07
cycle=3055 time=1.5451137861773176e-01 dt=6.1170780660574804e-07
cycle=3056 time=1.5451199032553836e-01 dt=6.0865836444706361e-07
cycle=3057 time=1.5451259898390282e-01 dt=6.0592857225255503e-07
cycle=3058 time=1.5451320491247508e-01 dt=6.0351394575853367e-07
cycle=3059 time=1.5451380842642085e-01 dt=6.0140970424303431e-07
cycle=3060 time=1.5451440983612508e-01 dt=5.9961079437818828e-07
cycle=3061 time=1.5451500944691945e-01 dt=5.9811190757243125e-07
cycle=3062 time=1.5451560755882704e-01 dt=5.9690752571979868e-07
cycle=3063 time=1.5451620446635275e-01 dt=5.9599191912657542e-07
cycle=3064 time=1.5451680045827187e-01 dt=5.9535901574323290e-07
cycle=3065 time=1.5451739581728763e-01 dt=5.9500251250714068e-07
cycle=3066 time=1.5451799081980014e-01 dt=5.9491587434488863e-07
cycle=3067 time=1.5451858573567448e-01 dt=5.9509233119456998e-07
cycle=3068 time=1.5451918082800567e-01 dt=5.9552499606477165e-07
cycle=3069 time=1.5451977635300174e-01 dt=5.9620666534194322e-07
cycle=3070 time=1.5452037255966708e-01 dt=5.9712986229391342e-07
cycle=3071 time=1.5452096968952939e-01 dt=5.9828684701493308e-07
cycle=3072 time=1.5452156797637639e-01 dt=5.9966961054226778e-07
cycle=3073 time=1.5452216764598695e-01 dt=6.0126986993368647e-07
cycle=3074 time=1.5452276891585687e-01 dt=6.0307906472091765e-07
cycle=3075 time=1.5452337199492158e-01 dt=6.0508835512161619e-07
cycle=3076 time=1.5452397708327670e-01 dt=6.0728862237640504e-07
cycle=3077 time=1.5452458437189909e-01 dt=6.0967945755978013e-07
cycle=3078 time=1.5452519405135665e-01 dt=6.1225811922765287e-07
cycle=3079 time=1.5452580630947588e-01 dt=6.1501398505014864e-07
cycle=3080 time=1.5452642132346092e-01 dt=6.1793575103650874e-07
cycle=3081 time=1.5452703925921196e-01 dt=6.2101157441218372e-07
cycle=3082 time=1.5452766027078638e-01 dt=6.2422919071294435e-07
cycle=3083 time=1.5452828449997710e-01 dt=6.2757601479943822e-07
cycle=3084 time=1.5452891207599190e-01 dt=6.3103923018005314e-07
cycle=3085 time=1.5452954311522207e-01 dt=6.3460587210148264e-07
cycle=3086 time=1.5453017772109418e-01 dt=6.3826290469575879e-07
cycle=3087 time=1.5453081598399887e-01 dt=6.4199731088421996e-07
cycle=3088 time=1.5453145798130977e-01 dt=6.4579616777236900e-07
cycle=3089 time=1.5453210377747753e-01 dt=6.4964646947459658e-07
cycle=3090 time=1.5453275342394701e-01 dt=6.5353550549542990e-07
cycle=3091 time=1.5453340695945250e-01 dt=6.5745111542616575e-07
cycle=3092 time=1.5453406441056794e-01 dt=6.6138114531452751e-07
cycle=3093 time=1.5453472579171326e-01 dt=6.6530261631560296e-07
cycle=3094 time=1.5453539109432957e-01 dt=6.6919929516007787e-07
cycle=3095 time=1.5453606029362474e-01 dt=6.7316471403175693e-07
cycle=3096 time=1.5453673345833877e-01 dt=6.7765898567729503e-07
cycle=3097 time=1.5453741111732444e-01 dt=6.8291630081777220e-07
cycle=3098 time=1.5453809403362526e-01 dt=6.8909363703297626e-07
cycle=3099 time=1.5453878312726230e-01 dt=6.9552104012658763e-07
cycle=3100 time=1.5453947864830242e-01 dt=7.0179936597243313e-07
cycle=3101 time=1.5454018044766840e-01 dt=7.0780085959711923e-07
cycle=3102 time=1.5454088824852799e-01 dt=7.1345380385082390e-07
cycle=3103 time=1.5454160170233183e-01 dt=7.1870441466067820e-07
cycle=3104 time=1.5454232040674648e-01 dt=7.2350700165325703e-07
cycle=3105 time=1.5454304391374812e-01 dt=7.2782110848556911e-07
cycle=3106 time=1.5454377173485662e-01 dt=7.3161071404645988e-07
cycle=3107 time=1.5454450334557066e-01 dt=7.3484426360574067e-07
cycle=3108 time=1.5454523818983426e-01 dt=7.3749506456295813e-07
cycle=3109 time=1.5454597568489883e-01 dt=7.3954184609711788e-07
cycle=3110 time=1.5454671522674493e-01 dt=7.4096938233209449e-07
cycle=3111 time=1.5454745619612725e-01 dt=7.4176911914021914e-07
cycle=3112 time=1.5454819796524638e-01 dt=7.4193975580627652e-07
cycle=3113 time=1.5454893990500218e-01 dt=7.4148774041059690e-07
cycle=3114 time=1.5454968139274258e-01 dt=7.4042764140158916e-07
cycle=3115 time=1.5455042182038398e-01 dt=7.3878236098088426e-07
cycle=3116 time=1.5455116060274496e-01 dt=7.3658315956025869e-07
cycle=3117 time=1.5455189718590451e-01 dt=7.3386946689163724e-07
cycle=3118 time=1.5455263105537140e-01 dt=7.3068846338317136e-07
cycle=3119 time=1.5455336174383477e-01 dt=7.2709442013661400e-07
cycle=3120 time=1.5455408883825492e-01 dt=7.2314782945674851e-07
cycle=3121 time=1.5455481198608437e-01 dt=7.1891434499311167e-07
cycle=3122 time=1.5455553090042937e-01 dt=7.1446360524083265e-07
cycle=3123 time=1.5455624536403462e-01 dt=7.0986808871979879e-07
cycle=3124 time=1.5455695523212334e-01 dt=7.0520163178423512e-07
cycle=3125 time=1.5455766043375513e-01 dt=7.0054088296151048e-07
cycle=3126 time=1.5455836097463810e-01 dt=6.9596864984300549e-07
cycle=3127 time=1.5455905694328795e-01 dt=6.9159159646604397e-07
cycle=3128 time=1.5455974853488441e-01 dt=6.8763797894455948e-07
cycle=3129 time=1.5456043617286336e-01 dt=6.8454639443454095e-07
cycle=3130 time=1.5456112071925779e-01 dt=6.8210922941388764e-07
cycle=3131 time=1.5456180282848719e-01 dt=6.8012483041211734e-07
cycle=3132 time=1.5456248295331759e-01 dt=6.7838978357126192e-07
cycle=3133 time=1.5456316134310116e-01 dt=6.7674796463966482e-07
cycle=3134 time=1.5456383809106580e-01 dt=6.7519740932350881e-07
cycle=3135 time=1.5456451328847512e-01 dt=6.7373889947514448e-07
cycle=3136 time=1.5456518702737460e-01 dt=6.7237305592985170e-07
cycle=3137 time=1.5456585940043052e-01 dt=6.7110034168271500e-07
cycle=3138 time=1.5456653050077221e-01 dt=6.6992106193435960e-07
cycle=3139 time=1.5456720042183414e-01 dt=6.6883536095813921e-07
cycle=3140 time=1.5456786925719510e-01 dt=6.6784321958575627e-07
cycle=3141 time=1.5456853710041468e-01 dt=6.6694445315266183e-07
cycle=3142 time=1.5456920404486785e-01 dt=6.6613870982385038e-07
cycle=3143 time=1.5456987018357768e-01 dt=6.6542546913150300e-07
cycle=3144 time=1.5457053560904682e-01 dt=6.6480404137164028e-07
cycle=3145 time=1.5457120041308819e-01 dt=6.6427356677016055e-07
cycle=3146 time=1.5457186468665496e-01 dt=6.6383301521378234e-07
cycle=3147 time=1.5457252851967018e-01 dt=6.6348118638731929e-07
cycle=3148 time=1.5457319200085656e-01 dt=6.6321671036278570e-07
cycle=3149 time=1.5457385521756692e-01 dt=6.6303804869136269e-07
cycle=3150 time=1.5457451825561561e-01 dt=6.6294349605381863e-07
cycle=3151 time=1.5457518119911165e-01 dt=6.6293118251026956e-07
cycle=3152 time=1.5457584413029415e-01 dt=6.6299907635548340e-07
cycle=3153 time=1.5457650712937052e-01 dt=6.6314498763863678e-07
cycle=3154 time=1.5457717027435816e-01 dt=6.6336657283840194e-07
cycle=3155 time=1.5457783364093100e-01 dt=6.6366133977122830e-07
cycle=3156 time=1.5457849730227077e-01 dt=6.6402665348500496e-07
cycle=3157 time=1.5457916132892427e-01 dt=6.6445974293005406e-07
cycle=3158 time=1.5457982578866719e-01 dt=6.6495770822135320e-07
cycle=3159 time=1.5458049074637542e-01 dt=6.6551752906977739e-07
cycle=3160 time=1.5458115626390448e-01 dt=6.6613607380130762e-07
cycle=3161 time=1.5458182239997828e-01 dt=6.6681010909292264e-07
cycle=3162 time=1.5458248921008738e-01 dt=6.6753631047367476e-07
cycle=3163 time=1.5458315674639786e-01 dt=6.6831127337541129e-07
cycle=3164 time=1.5458382505767124e-01 dt=6.6913152467242333e-07
cycle=3165 time=1.5458449418919590e-01 dt=6.6999353464390819e-07
cycle=3166 time=1.5458516418273055e-01 dt=6.7089372830859392e-07
cycle=3167 time=1.5458583507645887e-01 dt=6.7182839596853903e-07
cycle=3168 time=1.5458650690485484e-01 dt=6.7279389261570985e-07
cycle=3169 time=1.5458717969874747e-01 dt=6.7378658251147909e-07
cycle=3170 time=1.5458785348532997e-01 dt=6.7480284252767201e-07
cycle=3171 time=1.5458852828817249e-01 dt=6.7583907898225110e-07
cycle=3172 time=1.5458920412725147e-01 dt=6.7689177883102504e-07
cycle=3173 time=1.5458988101903029e-01 dt=6.7795749205679713e-07
cycle=3174 time=1.5459055897652235e-01 dt=6.7903283596867500e-07
cycle=3175 time=1.5459123800935831e-01 dt=6.8011450591861925e-07
cycle=3176 time=1.5459191812386422e-01 dt=6.8119928699850858e-07
cycle=3177 time=1.5459259932315123e-01 dt=6.8228645308943779e-07
cycle=3178 time=1.5459328160960431e-01 dt=6.8342459642506851e-07
cycle=3179 time=1.5459396503420073e-01 dt=6.8466668073007986e-07
cycle=3180 time=1.5459464970088146e-01 dt=6.8601445592373612e-07
cycle=3181 time=1.5459533571533740e-01 dt=6.8742410387058814e-07
cycle=3182 time=1.5459602313944126e-01 dt=6.8886060693503577e-07
cycle=3183 time=1.5459671200004821e-01 dt=6.9029616398223289e-07
cycle=3184 time=1.5459740229621219e-01 dt=6.9170815129754331e-07
cycle=3185 time=1.5459809400436347e-01 dt=6.9307764509995221e-07
cycle=3186 time=1.5459878708200858e-01 dt=6.9438849806820179e-07
cycle=3187 time=1.5459948147050664e-01 dt=6.9562679703918773e-07
cycle=3188 time=1.5460017709730367e-01 dt=6.9678055613314291e-07
cycle=3189 time=1.5460087387785981e-01 dt=6.9783955139463521e-07
cycle=3190 time=1.5460157171741121e-01 dt=6.9879522688903152e-07
cycle=3191 time=1.5460227051263808e-01 dt=6.9964065106916671e-07
cycle=3192 time=1.5460297015328917e-01 dt=7.0037048547245865e-07
cycle=3193 time=1.5460367052377463e-01 dt=7.0098096310078932e-07
cycle=3194 time=1.5460437150473774e-01 dt=7.0146986539402970e-07
cycle=3195 time=1.5460507297460313e-01 dt=7.0183649211536686e-07
cycle=3196 time=1.5460577481109525e-01 dt=7.0208162050536617e-07
cycle=3197 time=1.5460647689271576e-01 dt=7.0220745152307477e-07
cycle=3198 time=1.5460717910016727e-01 dt=7.0221754186205203e-07
cycle=3199 time=1.5460788131770914e-01 dt=7.0211672092002199e-07
cycle=3200 time=1.5460858343443007e-01 dt=7.0191099358349005e-07
cycle=3201 time=1.5460928534542365e-01 dt=7.0160742950211111e-07
cycle=3202 time=1.5460998695285316e-01 dt=7.0121404030322526e-07
cycle=3203 time=1.5461068816689347e-01 dt=7.0073964671153070e-07
cycle=3204 time=1.5461138890654019e-01 dt=7.0019373800079730e-07
cycle=3205 time=1.5461208910027818e-01 dt=6.9958632599045626e-07
cycle=3206 time=1.5461278868660416e-01 dt=6.9892779769851951e-07
cycle=3207 time=1.5461348761440186e-01 dt=6.9822877387857351e-07
cycle=3208 time=1.5461418584317574e-01 dt=6.9749996478879728e-07
cycle=3209 time=1.5461488334314052e-01 dt=6.9675204049137613e-07
cycle=3210 time=1.5461558009518100e-01 dt=6.9599551214643401e-07
cycle=3211 time=1.5461627609069314e-01 dt=6.9524062843194532e-07
cycle=3212 time=1.5461697133132157e-01 dt=6.9449728879845708e-07
cycle=3213 time=1.5461766582861036e-01 dt=6.9377497287976228e-07
cycle=3214 time=1.5461835960358325e-01 dt=6.9308268087674680e-07
cycle=3215 time=1.5461905268626414e-01 dt=6.9242887620934606e-07
cycle=3216 time=1.5461974511514034e-01 dt=6.9182141021741964e-07
cycle=3217 time=1.5462043693655056e-01 dt=6.9126735596317621e-07
cycle=3218 time=1.5462112820390653e-01 dt=6.9077285044896103e-07
cycle=3219 time=1.5462181897675698e-01 dt=6.9034276340846924e-07
cycle=3220 time=1.5462250931952037e-01 dt=6.8998021691120319e-07
cycle=3221 time=1.5462319929973728e-01 dt=6.8968600962817160e-07
cycle=3222 time=1.5462388898574692e-01 dt=6.8945584171901539e-07
cycle=3223 time=1.5462457844158864e-01 dt=6.8927911491772214e-07
cycle=3224 time=1.5462526772070356e-01 dt=6.8914781788886750e-07
cycle=3225 time=1.5462595686852146e-01 dt=6.8905565721518700e-07
cycle=3226 time=1.5462664592417869e-01 dt=6.8899764633320913e-07
cycle=3227 time=1.5462733492182501e-01 dt=6.8896979227623004e-07
cycle=3228 time=1.5462802389161728e-01 dt=6.8896885524937273e-07
cycle=3229 time=1.5462871286047253e-01 dt=6.8899216144644654e-07
cycle=3230 time=1.5462940185263396e-01 dt=6.8903745559415255e-07
cycle=3231 time=1.5463009089008956e-01 dt=6.8910278386187321e-07
cycle=3232 time=1.5463077999287342e-01 dt=6.8918640084153720e-07
cycle=3233 time=1.5463146917927426e-01 dt=6.8928669651537193e-07
cycle=3234 time=1.5463215846597078e-01 dt=6.8940214042527295e-07
cycle=3235 time=1.5463284786811121e-01 dt=6.8953124153668342e-07
cycle=3236 time=1.5463353739935276e-01 dt=6.8967252275055409e-07
cycle=3237 time=1.5463422707187552e-01 dt=6.8982450853004634e-07
cycle=3238 time=1.5463491689638406e-01 dt=6.8998571932521749e-07
cycle=3239 time=1.5463560688210340e-01 dt=6.9015468498744541e-07
cycle=3240 time=1.5463629703678838e-01 dt=6.9032996109587156e-07
cycle=3241 time=1.5463698736674947e-01 dt=6.9051014853692854e-07
cycle=3242 time=1.5463767787689800e-01 dt=6.9069391467950048e-07
cycle=3243 time=1.5463836857081267e-01 dt=6.9088002958171163e-07
cycle=3244 time=1.5463905945084225e-01 dt=6.9106851237906700e-07
cycle=3245 time=1.5463975051935464e-01 dt=6.9126093774051042e-07
cycle=3246 time=1.5464044178029238e-01 dt=6.9145859934590075e-07
cycle=3247 time=1.5464113323889173e-01 dt=6.9166264490158091e-07
cycle=3248 time=1.5464182490153663e-01 dt=6.9187400743053514e-07
cycle=3249 time=1.5464251677554405e-01 dt=6.9209342660604634e-07
cycle=3250 time=1.5464320886897065e-01 dt=6.9232149993960209e-07
cycle=3251 time=1.5464390119047058e-01 dt=6.9255868892287512e-07
cycle=3252 time=1.5464459374915951e-01 dt=6.9280532007369323e-07
cycle=3253 time=1.5464528655447959e-01 dt=6.9306158415134696e-07
cycle=3254 time=1.5464597961606374e-01 dt=6.9332752454405677e-07
cycle=3255 time=1.5464667294358828e-01 dt=6.9360303093396446e-07
cycle=3256 time=1.5464736654661920e-01 dt=6.9388783833943095e-07
cycle=3257 time=1.5464806043445753e-01 dt=6.9418152358888944e-07
cycle=3258 time=1.5464875461598113e-01 dt=6.9448350439710478e-07
cycle=3259 time=1.5464944909948553e-01 dt=6.9479304091681465e-07
cycle=3260 time=1.5465014389252643e-01 dt=6.9510923986791048e-07
cycle=3261 time=1.5465083900176629e-01 dt=6.9543106179816885e-07
cycle=3262 time=1.5465153443282809e-01 dt=6.9575733152249025e-07
cycle=3263 time=1.5465223019015961e-01 dt=6.9608675159764316e-07
cycle=3264 time=1.5465292627691121e-01 dt=6.9641791857009659e-07
cycle=3265 time=1.5465362269482980e-01 dt=6.9674934160652248e-07
cycle=3266 time=1.5465431944417141e-01 dt=6.9707946312676028e-07
cycle=3267 time=1.5465501652363453e-01 dt=6.9740668082278099e-07
cycle=3268 time=1.5465571393031535e-01 dt=6.9772937045070520e-07
cycle=3269 time=1.5465641165968580e-01 dt=6.9804590912224783e-07
cycle=3270 time=1.5465710970559493e-01 dt=6.9835469846381115e-07
cycle=3271 time=1.5465780806029339e-01 dt=6.9865418719773658e-07
cycle=3272 time=1.5465850671448059e-01 dt=6.9894289270061562e-07
cycle=3273 time=1.5465920565737329e-01 dt=6.9921942117203086e-07
cycle=3274 time=1.5465990487679446e-01 dt=6.9948248609048126e-07
cycle=3275 time=1.5466060435928056e-01 dt=6.9973092468932261e-07
cycle=3276 time=1.5466130409020526e-01 dt=6.9996371224168036e-07
cycle=3277 time=1.5466200405391750e-01 dt=7.0017997400751104e-07
cycle=3278 time=1.5466270423389150e-01 dt=7.0037899468244558e-07
cycle=3279 time=1.5466340461288619e-01 dt=7.0056022534267739e-07
cycle=3280 time=1.5466410517311152e-01 dt=7.0072328784873729e-07
cycle=3281 time=1.5466480589639936e-01 dt=7.0086797673217223e-07
cycle=3282 time=1.5466550676437610e-01 dt=7.0099425862719695e-07
cycle=3283 time=1.5466620775863474e-01 dt=7.0110226934549460e-07
cycle=3284 time=1.5466690886090409e-01 dt=7.0119230872787468e-07
cycle=3285 time=1.5466761005321281e-01 dt=7.0126483341517381e-07
cycle=3286 time=1.5466831131804623e-01 dt=7.0132044772032806e-07
cycle=3287 time=1.5466901263849395e-01 dt=7.0135989279481808e-07
cycle=3288 time=1.5466971399838675e-01 dt=7.0138403444425858e-07
cycle=3289 time=1.5467041538242118e-01 dt=7.0139384961879663e-07
cycle=3290 time=1.5467111677627080e-01 dt=7.0139041185597732e-07
cycle=3291 time=1.5467181816668266e-01 dt=7.0137487599691838e-07
cycle=3292 time=1.5467251954155864e-01 dt=7.0134846237392830e-07
cycle=3293 time=1.5467322089002100e-01 dt=7.0131244070361257e-07
cycle=3294 time=1.5467392220246171e-01 dt=7.0126811400124209e-07
cycle=3295 time=1.5467462347057570e-01 dt=7.0121680271758548e-07
cycle=3296 time=1.5467532468737841e-01 dt=7.0115982932366095e-07
cycle=3297 time=1.5467602584720774e-01 dt=7.0109850355501412e-07
cycle=3298 time=1.5467672694571130e-01 dt=7.0103410851123891e-07
cycle=3299 time=1.5467742797981981e-01 dt=7.0096788778815634e-07
cycle=3300 time=1.5467812894770760e-01 dt=7.0090103379950008e-07
cycle=3301 time=1.5467882984874140e-01 dt=7.0083467742216284e-07
cycle=3302 time=1.5467953068341883e-01 dt=7.0076987907392811e-07
cycle=3303 time=1.5468023145329790e-01 dt=7.0070762130515254e-07
cycle=3304 time=1.5468093216091922e-01 dt=7.0064880295502511e-07
cycle=3305 time=1.5468163280972216e-01 dt=7.0059423489336740e-07
cycle=3306 time=1.5468233340395707e-01 dt=7.0054463733910650e-07
cycle=3307 time=1.5468303394859440e-01 dt=7.0050063870249005e-07
cycle=3308 time=1.5468373444923308e-01 dt=7.0046277586904645e-07
cycle=3309 time=1.5468443491200895e-01 dt=7.0043150639207349e-07
cycle=3310 time=1.5468513534351533e-01 dt=7.0040719387166122e-07
cycle=3311 time=1.5468583575070921e-01 dt=7.0039011588385107e-07
cycle=3312 time=1.5468653614082509e-01 dt=7.0038047058636416e-07
cycle=3313 time=1.5468723652129568e-01 dt=7.0037838218507017e-07
cycle=3314 time=1.5468793689967786e-01 dt=7.0038390677224646e-07
cycle=3315 time=1.5468863728358462e-01 dt=7.0039703836473350e-07
cycle=3316 time=1.5468933768062298e-01 dt=7.0041771495734468e-07
cycle=3317 time=1.5469003809833795e-01 dt=7.0044582443122659e-07
cycle=3318 time=1.5469073854416238e-01 dt=7.0048121018546425e-07
cycle=3319 time=1.5469143902537255e-01 dt=7.0052367639049153e-07
cycle=3320 time=1.5469213954904895e-01 dt=7.0057299279349843e-07
cycle=3321 time=1.5469284012204174e-01 dt=7.0062889903712082e-07
cycle=3322 time=1.5469354075094077e-01 dt=7.0069110848151129e-07
cycle=3323 time=1.5469424144204924e-01 dt=7.0075931107724901e-07
cycle=3324 time=1.5469494220136032e-01 dt=7.0083317603987163e-07
cycle=3325 time=1.5469564303453637e-01 dt=7.0091235508822352e-07
cycle=3326 time=1.5469634394689147e-01 dt=7.0099648461638926e-07
cycle=3327 time=1.5469704494337608e-01 dt=7.0108518760608235e-07
cycle=3328 time=1.5469774602856368e-01 dt=7.0117807534831926e-07
cycle=3329 time=1.5469844720663903e-01 dt=7.0127474904264403e-07
cycle=3330 time=1.5469914848138808e-01 dt=7.0137480133685181e-07
cycle=3331 time=1.5469984985618943e-01 dt=7.0147781786250790e-07
cycle=3332 time=1.5470055133400729e-01 dt=7.0158337881223391e-07
cycle=3333 time=1.5470125291738610e-01 dt=7.0169106059440893e-07
cycle=3334 time=1.5470195460844668e-01 dt=7.0180043759019318e-07
cycle=3335 time=1.5470265640888428e-01 dt=7.0191108402704648e-07
cycle=3336 time=1.5470335831996831e-01 dt=7.0202257596769264e-07
cycle=3337 time=1.5470406034254428e-01 dt=7.0091116543164713e-07
cycle=3338 time=1.5470476125370972e-01 dt=6.9937745913855151e-07
cycle=3339 time=1.5470546063116886e-01 dt=6.9776433010388881e-07
cycle=3340 time=1.5470615839549895e-01 dt=6.9609971215003866e-07
cycle=3341 time=1.5470685449521110e-01 dt=6.9441132064595109e-07
cycle=3342 time=1.5470754890653174e-01 dt=6.9272669076796390e-07
cycle=3343 time=1.5470824163322250e-01 dt=6.9107381602189350e-07
cycle=3344 time=1.5470893270703853e-01 dt=6.8948243197403700e-07
cycle=3345 time=1.5470962218947051e-01 dt=6.8798709254573676e-07
cycle=3346 time=1.5471031017656306e-01 dt=6.8663466491161008e-07
cycle=3347 time=1.5471099681122796e-01 dt=6.8550175690609291e-07
cycle=3348 time=1.5471168231298488e-01 dt=6.8462346225856089e-07
cycle=3349 time=1.5471236693644713e-01 dt=6.8393724731063127e-07
cycle=3350 time=1.5471305087369444e-01 dt=6.8339618220572568e-07
cycle=3351 time=1.5471373426987664e-01 dt=6.8296463472689858e-07
cycle=3352 time=1.5471441723451138e-01 dt=6.8261507627435798e-07
cycle=3353 time=1.5471509984958765e-01 dt=6.8232565224973030e-07
cycle=3354 time=1.5471578217523990e-01 dt=6.8207795775065339e-07
cycle=3355 time=1.5471646425319766e-01 dt=6.8186282717016429e-07
cycle=3356 time=1.5471714611602483e-01 dt=6.8168039414212027e-07
cycle=3357 time=1.5471782779641896e-01 dt=6.8153067467545356e-07
cycle=3358 time=1.5471850932709363e-01 dt=6.8141358666165777e-07
cycle=3359 time=1.5471919074068030e-01 dt=6.8132895262221075e-07
cycle=3360 time=1.5471987206963292e-01 dt=6.8127650260004760e-07
cycle=3361 time=1.5472055334613552e-01 dt=6.8125587719534684e-07
cycle=3362 time=1.5472123460201270e-01 dt=6.8126663074547085e-07
cycle=3363 time=1.5472191586864345e-01 dt=6.8130823464840410e-07
cycle=3364 time=1.5472259717687809e-01 dt=6.8138008082824385e-07
cycle=3365 time=1.5472327855695892e-01 dt=6.8148148534049986e-07
cycle=3366 time=1.5472396003844427e-01 dt=6.8161169212249666e-07
cycle=3367 time=1.5472464165013639e-01 dt=6.8176987688046615e-07
cycle=3368 time=1.5472532342001327e-01 dt=6.8195515115086794e-07
cycle=3369 time=1.5472600537516443e-01 dt=6.8216656624464372e-07
cycle=3370 time=1.5472668754173066e-01 dt=6.8240311830762077e-07
cycle=3371 time=1.5472736994484898e-01 dt=6.8266375421681858e-07
cycle=3372 time=1.5472805260860320e-01 dt=6.8294737467853487e-07
cycle=3373 time=1.5472873555597788e-01 dt=6.8325283818011309e-07
cycle=3374 time=1.5472941880881605e-01 dt=6.8357896546560304e-07
cycle=3375 time=1.5473010238778151e-01 dt=6.8392454382868348e-07
cycle=3376 time=1.5473078631232534e-01 dt=6.8428833160993146e-07
cycle=3377 time=1.5473147060065695e-01 dt=6.8466906278562040e-07
cycle=3378 time=1.5473215526971973e-01 dt=6.8506545156753827e-07
cycle=3379 time=1.5473284033517129e-01 dt=6.8547540984522569e-07
cycle=3380 time=1.5473352581058114e-01 dt=6.8588891671967974e-07
cycle=3381 time=1.5473421169949786e-01 dt=6.8629485958684802e-07
cycle=3382 time=1.5473489799435744e-01 dt=6.8668469686200764e-07
cycle=3383 time=1.5473558467905429e-01 dt=6.8705855396091595e-07
cycle=3384 time=1.5473627173760826e-01 dt=6.8742394087252260e-07
cycle=3385 time=1.5473695916154914e-01 dt=6.8778584006546039e-07
cycle=3386 time=1.5473764694738920e-01 dt=6.8814759259925779e-07
cycle=3387 time=1.5473833509498180e-01 dt=6.8851139986897058e-07
cycle=3388 time=1.5473902360638167e-01 dt=6.8887864018663429e-07
cycle=3389 time=1.5473971248502186e-01 dt=6.8924999345450071e-07
cycle=3390 time=1.5474040173501530e-01 dt=6.8962561597701343e-07
cycle=3391 time=1.5474109136063127e-01 dt=6.9000522770867654e-07
cycle=3392 time=1.5474178136585898e-01 dt=6.9038818465778134e-07
cycle=3393 time=1.5474247175404363e-01 dt=6.9077354476260576e-07
cycle=3394 time=1.5474316252758838e-01 dt=6.9116011070294712e-07
cycle=3395 time=1.5474385368769908e-01 dt=6.9154648096898612e-07
cycle=3396 time=1.5474454523418005e-01 dt=6.9193109281956792e-07
cycle=3397 time=1.5474523716527286e-01 dt=6.9231226628310980e-07
cycle=3398 time=1.5474592947753915e-01 dt=6.9268824225809969e-07
cycle=3399 time=1.5474662216578142e-01 dt=6.9305721845632789e-07
cycle=3400 time=1.5474731522299986e-01 dt=6.9341738448707757e-07
cycle=3401 time=1.5474800864038435e-01 dt=6.9376695470887267e-07
cycle=3402 time=1.5474870240733907e-01 dt=6.9410419871077079e-07
cycle=3403 time=1.5474939651153777e-01 dt=6.9442746925135966e-07
cycle=3404 time=1.5475009093900702e-01 dt=6.9473522747982795e-07
cycle=3405 time=1.5475078567423450e-01 dt=6.9502606532630051e-07
cycle=3406 time=1.5475148070029984e-01 dt=6.9529872485209891e-07
cycle=3407 time=1.5475217599902469e-01 dt=6.9555211453492957e-07
cycle=3408 time=1.5475287155113923e-01 dt=6.9578532241681177e-07
cycle=3409 time=1.5475356733646164e-01 dt=6.9599762608852389e-07
cycle=3410 time=1.5475426333408773e-01 dt=6.9618849952539346e-07
cycle=3411 time=1.5475495952258725e-01 dt=6.9635761632651162e-07
cycle=3412 time=1.5475565588020357e-01 dt=6.9650485030761583e-07
cycle=3413 time=1.5475635238505386e-01 dt=6.9663027397857054e-07
cycle=3414 time=1.5475704901532783e-01 dt=6.9673415366755211e-07
cycle=3415 time=1.5475774574948151e-01 dt=6.9681694209263892e-07
cycle=3416 time=1.5475844256642360e-01 dt=6.9687926859465177e-07
cycle=3417 time=1.5475913944569220e-01 dt=6.9692192726188657e-07
cycle=3418 time=1.5475983636761945e-01 dt=6.9694586320160187e-07
cycle=3419 time=1.5476053331348263e-01 dt=6.9695215721632972e-07
cycle=3420 time=1.5476123026563984e-01 dt=6.9694200920290153e-07
cycle=3421 time=1.5476192720764906e-01 dt=6.9691672055614154e-07
cycle=3422 time=1.5476262412436961e-01 dt=6.9687767780785521e-07
cycle=3423 time=1.5476332100204743e-01 dt=6.9682633468411428e-07
cycle=3424 time=1.5476401782838212e-01 dt=6.9676418734560325e-07
cycle=3425 time=1.5476471459256946e-01 dt=6.9669275862111775e-07
cycle=3426 time=1.5476541128532809e-01 dt=6.9661357978866608e-07
cycle=3427 time=1.5476610789890788e-01 dt=6.9652817307007900e-07
cycle=3428 time=1.5476680442708096e-01 dt=6.9643803507672088e-07
cycle=3429 time=1.5476750086511604e-01 dt=6.9634462142111120e-07
cycle=3430 time=1.5476819720973745e-01 dt=6.9624933268371284e-07
cycle=3431 time=1.5476889345907013e-01 dt=6.9615350189615439e-07
cycle=3432 time=1.5476958961257203e-01 dt=6.9605838367161328e-07
cycle=3433 time=1.5477028567095572e-01 dt=6.9596514508021092e-07
cycle=3434 time=1.5477098163610079e-01 dt=6.9587485833257059e-07
cycle=3435 time=1.5477167751095910e-01 dt=6.9578849529812844e-07
cycle=3436 time=1.5477237329945440e-01 dt=6.9570692384693319e-07
cycle=3437 time=1.5477306900637824e-01 dt=6.9563090596536572e-07
cycle=3438 time=1.5477376463728421e-01 dt=6.9556109755823015e-07
cycle=3439 time=1.5477446019838176e-01 dt=6.9549804981443591e-07
cycle=3440 time=1.5477515569643158e-01 dt=6.9544221198332263e-07
cycle=3441 time=1.5477585113864356e-01 dt=6.9539393535471417e-07
cycle=3442 time=1.5477654653257891e-01 dt=6.9535347826049678e-07
cycle=3443 time=1.5477724188605718e-01 dt=6.9532101188225302e-07
cycle=3444 time=1.5477793720706906e-01 dt=6.9529662660614131e-07
cycle=3445 time=1.5477863250369567e-01 dt=6.9528033869033447e-07
cycle=3446 time=1.5477932778403436e-01 dt=6.9527209707180705e-07
cycle=3447 time=1.5478002305613142e-01 dt=6.9527179013886500e-07
cycle=3448 time=1.5478071832792156e-01 dt=6.9527925230300100e-07
cycle=3449 time=1.5478141360717387e-01 dt=6.9529427023393378e-07
cycle=3450 time=1.5478210890144412e-01 dt=6.9531658866995051e-07
cycle=3451 time=1.5478280421803278e-01 dt=6.9534591574601129e-07
cycle=3452 time=1.5478349956394852e-01 dt=6.9538192781423130e-07
cycle=3453 time=1.5478419494587634e-01 dt=6.9542427376050970e-07
cycle=3454 time=1.5478489037015009e-01 dt=6.9547257884434944e-07
cycle=3455 time=1.5478558584272892e-01 dt=6.9552644810762238e-07
cycle=3456 time=1.5478628136917702e-01 dt=6.9558546941083552e-07
cycle=3457 time=1.5478697695464644e-01 dt=6.9564921616304090e-07
cycle=3458 time=1.5478767260386261e-01 dt=6.9571724981388459e-07
cycle=3459 time=1.5478836832111242e-01 dt=6.9578912217459054e-07
cycle=3460 time=1.5478906411023460e-01 dt=6.9586437762949766e-07
cycle=3461 time=1.5478975997461222e-01 dt=6.9594255528930895e-07
cycle=3462 time=1.5479045591716750e-01 dt=6.9602319113798319e-07
cycle=3463 time=1.5479115194035864e-01 dt=6.9610582020241020e-07
cycle=3464 time=1.5479184804617885e-01 dt=6.9618997876487611e-07
cycle=3465 time=1.5479254423615763e-01 dt=6.9627520662889736e-07
cycle=3466 time=1.5479324051136426e-01 dt=6.9636104944854054e-07
cycle=3467 time=1.5479393687241369e-01 dt=6.9644706110636854e-07
cycle=3468 time=1.5479463331947479e-01 dt=6.9653280612778394e-07
cycle=3469 time=1.5479532985228092e-01 dt=6.9661786211051189e-07
cycle=3470 time=1.5479602647014304e-01 dt=6.9670182214118629e-07
cycle=3471 time=1.5479672317196519e-01 dt=6.9678429716845902e-07
cycle=3472 time=1.5479741995626237e-01 dt=6.9686491829961425e-07
cycle=3473 time=1.5479811682118066e-01 dt=6.9694333898676451e-07
cycle=3474 time=1.5479881376451965e-01 dt=6.9701923706903071e-07
cycle=3475 time=1.5479951078375673e-01 dt=6.9709231663859734e-07
cycle=3476 time=1.5480020787607338e-01 dt=6.9716230970088391e-07
cycle=3477 time=1.5480090503838306e-01 dt=6.9722897760222502e-07
cycle=3478 time=1.5480160226736067e-01 dt=6.9729211220224791e-07
cycle=3479 time=1.5480229955947286e-01 dt=6.9735153677239235e-07
cycle=3480 time=1.5480299691100963e-01 dt=6.9740710660671830e-07
cycle=3481 time=1.5480369431811625e-01 dt=6.9745870933602456e-07
cycle=3482 time=1.5480439177682559e-01 dt=6.9750626494136230e-07
cycle=3483 time=1.5480508928309053e-01 dt=6.9754972546754996e-07
cycle=3484 time=1.5480578683281601e-01 dt=6.9758907392733809e-07
cycle=3485 time=1.5480648442188993e-01 dt=6.9762432440480704e-07
cycle=3486 time=1.5480718204621433e-01 dt=6.9765552049929534e-07
cycle=3487 time=1.5480787970173482e-01 dt=6.9768273391631722e-07
cycle=3488 time=1.5480857738446874e-01 dt=6.9770606284663026e-07
cycle=3489 time=1.5480927509053158e-01 dt=6.9772563013810800e-07
cycle=3490 time=1.5480997281616171e-01 dt=6.9774158128681432e-07
cycle=3491 time=1.5481067055774300e-01 dt=6.9775408227657055e-07
cycle=3492 time=1.5481136831182526e-01 dt=6.9776331729548198e-07
cycle=3493 time=1.5481206607514256e-01 dt=6.9776948635945301e-07
cycle=3494 time=1.5481276384462891e-01 dt=6.9777280287430278e-07
cycle=3495 time=1.5481346161743179e-01 dt=6.9777349116659073e-07
cycle=3496 time=1.5481415939092294e-01 dt=6.9777178401271581e-07
cycle=3497 time=1.5481485716270696e-01 dt=6.9776792019465421e-07
cycle=3498 time=1.5481555493062715e-01 dt=6.9776214210908811e-07
cycle=3499 time=1.5481625269276927e-01 dt=6.9775469345469013e-07
cycle=3500 time=1.5481695044746274e-01 dt=6.9774581702007339e-07
cycle=3501 time=1.5481764819327976e-01 dt=6.9773575259237333e-07
cycle=3502 time=1.5481834592903235e-01 dt=6.9772473500374934e-07
cycle=3503 time=1.5481904365376736e-01 dt=6.9771299233023201e-07
cycle=3504 time=1.5481974136675969e-01 dt=6.9770074425452054e-07
cycle=3505 time=1.5482043906750395e-01 dt=6.9768820060147098e-07
cycle=3506 time=1.5482113675570455e-01 dt=6.9767556005228880e-07
cycle=3507 time=1.5482183443126460e-01 dt=6.9766300904087831e-07
cycle=3508 time=1.5482253209427363e-01 dt=6.9765072083342597e-07
cycle=3509 time=1.5482322974499446e-01 dt=6.9763885478975850e-07
cycle=3510 time=1.5482392738384926e-01 dt=6.9762755580562172e-07
cycle=3511 time=1.5482462501140506e-01 dt=6.9761695393352442e-07
cycle=3512 time=1.5482532262835899e-01 dt=6.9760716417951026e-07
cycle=3513 time=1.5482602023552317e-01 dt=6.9759828647911670e-07
cycle=3514 time=1.5482671783380964e-01 dt=6.9759040588327095e-07
cycle=3515 time=1.5482741542421552e-01 dt=6.9758359224044204e-07
cycle=3516 time=1.5482811300780777e-01 dt=6.9757790010539862e-07
cycle=3517 time=1.5482881058570788e-01 dt=6.9757336911780710e-07
cycle=3518 time=1.5482950815907701e-01 dt=6.9757002447729788e-07
cycle=3519 time=1.5483020572910147e-01 dt=6.9756787750390376e-07
cycle=3520 time=1.5483090329697899e-01 dt=6.9756692621896319e-07
cycle=3521 time=1.5483160086390521e-01 dt=6.9756715600340049e-07
cycle=3522 time=1.5483229843106122e-01 dt=6.9756854043439112e-07
cycle=3523 time=1.5483299599960165e-01 dt=6.9757104208062651e-07
cycle=3524 time=1.5483369357064372e-01 dt=6.9757461333419708e-07
cycle=3525 time=1.5483439114525704e-01 dt=6.9757919727018723e-07
cycle=3526 time=1.5483508872445431e-01 dt=6.9758472852591490e-07
cycle=3527 time=1.5483578630918285e-01 dt=6.9759112710574677e-07
cycle=3528 time=1.5483648390030996e-01 dt=6.9759831194725146e-07
cycle=3529 time=1.5483718149862191e-01 dt=6.9760619784242163e-07
cycle=3530 time=1.5483787910481975e-01 dt=6.9761469480341863e-07
cycle=3531 time=1.5483857671951456e-01 dt=6.9762370894926932e-07
cycle=3532 time=1.5483927434322350e-01 dt=6.9763314337941046e-07
cycle=3533 time=1.5483997197636690e-01 dt=6.9764289903200310e-07
cycle=3534 time=1.5484066961926593e-01 dt=6.9765287552185197e-07
cycle=3535 time=1.5484136727214146e-01 dt=6.9766297195329995e-07
cycle=3536 time=1.5484206493511340e-01 dt=6.9767308770491278e-07
cycle=3537 time=1.5484276260820112e-01 dt=6.9768312318229217e-07
cycle=3538 time=1.5484346029132431e-01 dt=6.9769298053548857e-07
cycle=3539 time=1.5484415798430484e-01 dt=6.9770256433758540e-07
cycle=3540 time=1.5484485568686918e-01 dt=6.9771178222124191e-07
cycle=3541 time=1.5484555339865139e-01 dt=6.9772054547012414e-07
cycle=3542 time=1.5484625111919686e-01 dt=6.9772876956243768e-07
cycle=3543 time=1.5484694884796643e-01 dt=6.9773637466399921e-07
cycle=3544 time=1.5484764658434111e-01 dt=6.9774328606860851e-07
cycle=3545 time=1.5484834432762717e-01 dt=6.9774943458386190e-07
cycle=3546 time=1.5484904207706177e-01 dt=6.9775475686090915e-07
cycle=3547 time=1.5484973983181863e-01 dt=6.9775919566709045e-07
cycle=3548 time=1.5485043759101430e-01 dt=6.9776270010084099e-07
cycle=3549 time=1.5485113535371439e-01 dt=6.9776522574842844e-07
cycle=3550 time=1.5485183311894013e-01 dt=6.9776673478375825e-07
cycle=3551 time=1.5485253088567491e-01 dt=6.9776719601114846e-07
cycle=3552 time=1.5485322865287093e-01 dt=6.9776658485259131e-07
cycle=3553 time=1.5485392641945578e-01 dt=6.9776488328133638e-07
cycle=3554 time=1.5485462418433907e-01 dt=6.9776207970402572e-07
cycle=3555 time=1.5485532194641877e-01 dt=6.9775816879402890e-07
cycle=3556 time=1.5485601970458757e-01 dt=6.9775315127900821e-07
cycle=3557 time=1.5485671745773885e-01 dt=6.9774703368612596e-07
cycle=3558 time=1.5485741520477253e-01 dt=6.9773982804860334e-07
cycle=3559 time=1.5485811294460058e-01 dt=6.9773155157760299e-07
cycle=3560 time=1.5485881067615218e-01 dt=6.9772222630364041e-07
cycle=3561 time=1.5485950839837848e-01 dt=6.9771187869186721e-07
cycle=3562 time=1.5486020611025716e-01 dt=6.9770053923569989e-07
cycle=3563 time=1.5486090381079640e-01 dt=6.9768824203330684e-07
cycle=3564 time=1.5486160149903844e-01 dt=6.9767502435146482e-07
cycle=3565 time=1.5486229917406280e-01 dt=6.9766092618126858e-07
cycle=3566 time=1.5486299683498897e-01 dt=6.9764598979006475e-07
cycle=3567 time=1.5486369448097875e-01 dt=6.9763025927382783e-07
cycle=3568 time=1.5486439211123804e-01 dt=6.9761378011403309e-07
cycle=3569 time=1.5486508972501814e-01 dt=6.9759659874281639e-07
cycle=3570 time=1.5486578732161688e-01 dt=6.9757876211999359e-07
cycle=3571 time=1.5486648490037899e-01 dt=6.9756031732522131e-07
cycle=3572 time=1.5486718246069631e-01 dt=6.9754131116825529e-07
cycle=3573 time=1.5486788000200746e-01 dt=6.9752178981996955e-07
cycle=3574 time=1.5486857752379729e-01 dt=6.9750179846642849e-07
cycle=3575 time=1.5486927502559575e-01 dt=6.9748138098799977e-07
cycle=3576 time=1.5486997250697673e-01 dt=6.9746057966512853e-07
cycle=3577 time=1.5487066996755638e-01 dt=6.9743943491205277e-07
cycle=3578 time=1.5487136740699128e-01 dt=6.9741798503942356e-07
cycle=3579 time=1.5487206482497631e-01 dt=6.9739626604645615e-07
cycle=3580 time=1.5487276222124235e-01 dt=6.9737431144293161e-07
cycle=3581 time=1.5487345959555379e-01 dt=6.9735215210107692e-07
cycle=3582 time=1.5487415694770590e-01 dt=6.9732981613707929e-07
cycle=3583 time=1.5487485427752204e-01 dt=6.9730732882173873e-07
cycle=3584 time=1.5487555158485086e-01 dt=6.9728471033837801e-07
cycle=3585 time=1.5487624886956119e-01 dt=6.9726196830628137e-07
cycle=3586 time=1.5487694613152950e-01 dt=6.9723910635017946e-07
cycle=3587 time=1.5487764337063584e-01 dt=6.9721612612010951e-07
cycle=3588 time=1.5487834058676195e-01 dt=6.9719302736910412e-07
cycle=3589 time=1.5487903777978931e-01 dt=6.9716980805769812e-07
cycle=3590 time=1.5487973494959736e-01 dt=6.9714646446993076e-07
cycle=3591 time=1.5488043209606184e-01 dt=6.9712299133762726e-07
cycle=3592 time=1.5488112921905317e-01 dt=6.9709938197155361e-07
cycle=3593 time=1.5488182631843514e-01 dt=6.9707562839806553e-07
cycle=3594 time=1.5488252339406353e-01 dt=6.9705172149394065e-07
cycle=3595 time=1.5488322044578501e-01 dt=6.9702765124079208e-07
cycle=3596 time=1.5488391747343624e-01 dt=6.9700340684420886e-07
cycle=3597 time=1.5488461447684310e-01 dt=6.9697897678719560e-07
cycle=3598 time=1.5488531145581988e-01 dt=6.9695434897403119e-07
cycle=3599 time=1.5488600841016886e-01 dt=6.9692951087229227e-07
cycle=3600 time=1.5488670533967974e-01 dt=6.9690444965198084e-07
cycle=3601 time=1.5488740224412939e-01 dt=6.9687915232078548e-07
cycle=3602 time=1.5488809912328172e-01 dt=6.9685360585456402e-07
cycle=3603 time=1.5488879597688757e-01 dt=6.9682779732221533e-07
cycle=3604 time=1.5488949280468489e-01 dt=6.9680171400419135e-07
cycle=3605 time=1.5489018960639889e-01 dt=6.9677534350398171e-07
cycle=3606 time=1.5489088638174239e-01 dt=6.9674867385198067e-07
cycle=3607 time=1.5489158313041623e-01 dt=6.9672169360124946e-07
cycle=3608 time=1.5489227985210982e-01 dt=6.9669439191473208e-07
cycle=3609 time=1.5489297654650175e-01 dt=6.9666675864362629e-07
cycle=3610 time=1.5489367321326039e-01 dt=6.9663878439663250e-07
cycle=3611 time=1.5489436985204480e-01 dt=6.9661046059994334e-07
cycle=3612 time=1.5489506646250539e-01 dt=6.9658177954787436e-07
cycle=3613 time=1.5489576304428493e-01 dt=6.9655273444416628e-07
cycle=3614 time=1.5489645959701936e-01 dt=6.9652331943400127e-07
cycle=3615 time=1.5489715612033880e-01 dt=6.9649352962683916e-07
cycle=3616 time=1.5489785261386843e-01 dt=6.9646336111033059e-07
cycle=3617 time=1.5489854907722955e-01 dt=6.9643281095557929e-07
cycle=3618 time=1.5489924551004050e-01 dt=6.9640187721411992e-07
cycle=3619 time=1.5489994191191772e-01 dt=6.9637055890699509e-07
cycle=3620 time=1.5490063828247663e-01 dt=6.9633885600624743e-07
cycle=3621 time=1.5490133462133263e-01 dt=6.9630676940948167e-07
cycle=3622 time=1.5490203092810204e-01 dt=6.9627430090797809e-07
cycle=3623 time=1.5490272720240295e-01 dt=6.9624145314888999e-07
cycle=3624 time=1.5490342344385610e-01 dt=6.9620822959202647e-07
cycle=3625 time=1.5490411965208570e-01 dt=6.9617463446187563e-07
cycle=3626 time=1.5490481582672017e-01 dt=6.9614067269560457e-07
cycle=3627 time=1.5490551196739286e-01 dt=6.9610634988779137e-07
cycle=3628 time=1.5490620807374275e-01 dt=6.9607167223237824e-07
cycle=3629 time=1.5490690414541500e-01 dt=6.9603664646214767e-07
cycle=3630 time=1.5490760018206146e-01 dt=6.9600127978661331e-07
cycle=3631 time=1.5490829618334123e-01 dt=6.9596557982883938e-07
cycle=3632 time=1.5490899214892107e-01 dt=6.9592955456179453e-07
cycle=3633 time=1.5490968807847563e-01 dt=6.9589321224480980e-07
cycle=3634 time=1.5491038397168788e-01 dt=6.9585656136068596e-07
cycle=3635 time=1.5491107982824925e-01 dt=6.9581960973017952e-07
cycle=3636 time=1.5491177564785899e-01 dt=6.9578236517451627e-07
cycle=3637 time=1.5491247143022416e-01 dt=6.9574483564509751e-07
cycle=3638 time=1.5491316717505979e-01 dt=6.9570702917176160e-07
cycle=3639 time=1.5491386288208897e-01 dt=6.9566895381283515e-07
cycle=3640 time=1.5491455855104277e-01 dt=6.9563061760731760e-07
cycle=3641 time=1.5491525418166038e-01 dt=6.9559202853361185e-07
cycle=3642 time=1.5491594977368892e-01 dt=6.9555319447468075e-07
cycle=3643 time=1.5491664532688340e-01 dt=6.9551412316307199e-07
cycle=3644 time=1.5491734084100656e-01 dt=6.9547482214434870e-07
cycle=3645 time=1.5491803631582871e-01 dt=6.9543529874380830e-07
cycle=3646 time=1.5491873175112744e-01 dt=6.9539556003661399e-07
cycle=3647 time=1.5491942714668747e-01 dt=6.9535561282142531e-07
cycle=3648 time=1.5492012250230028e-01 dt=6.9531546359758832e-07
cycle=3649 time=1.5492081781776387e-01 dt=6.9527511854589419e-07
cycle=3650 time=1.5492151309288241e-01 dt=6.9523458351290779e-07
cycle=3651 time=1.5492220832746592e-01 dt=6.9519386399883311e-07
cycle=3652 time=1.5492290352132992e-01 dt=6.9515296514891356e-07
cycle=3653 time=1.5492359867429506e-01 dt=6.9511189174807288e-07
cycle=3654 time=1.5492429378618680e-01 dt=6.9507064821880360e-07
cycle=3655 time=1.5492498885683503e-01 dt=6.9502923862217512e-07
cycle=3656 time=1.5492568388607367e-01 dt=6.9498766666179400e-07
cycle=3657 time=1.5492637887374033e-01 dt=6.9494593569054370e-07
cycle=3658 time=1.5492707381967602e-01 dt=6.9490404871990694e-07
cycle=3659 time=1.5492776872372474e-01 dt=6.9486200842547454e-07
cycle=3660 time=1.5492846358573317e-01 dt=6.9481981716167900e-07
cycle=3661 time=1.5492915840555033e-01 dt=6.9477747698135113e-07
cycle=3662 time=1.5492985318302732e-01 dt=6.9473498965403815e-07
cycle=3663 time=1.5493054791801697e-01 dt=6.9469235668581272e-07
cycle=3664 time=1.5493124261037367e-01 dt=6.9464957934033852e-07
cycle=3665 time=1.5493193725995300e-01 dt=6.9460665866094415e-07
cycle=3666 time=1.5493263186661166e-01 dt=6.9456359552160189e-07
cycle=3667 time=1.5493332643020719e-01 dt=6.9452039226615389e-07
cycle=3668 time=1.5493402095059944e-01 dt=6.9447705010477687e-07
cycle=3669 time=1.5493471542764956e-01 dt=6.9443357009762879e-07
cycle=3670 time=1.5493540986121965e-01 dt=6.9438995319951316e-07
cycle=3671 time=1.5493610425117285e-01 dt=6.9434620023291241e-07
cycle=3672 time=1.5493679859737308e-01 dt=6.9430231190816160e-07
cycle=3673 time=1.5493749289968500e-01 dt=6.9425828884356515e-07
cycle=3674 time=1.5493818715797383e-01 dt=6.9421413158529360e-07
cycle=3675 time=1.5493888137210543e-01 dt=6.9416984062689346e-07
cycle=3676 time=1.5493957554194607e-01 dt=6.9412541642827577e-07
cycle=3677 time=1.5494026966736249e-01 dt=6.9408085943403818e-07
cycle=3678 time=1.5494096374822192e-01 dt=6.9403617009099788e-07
cycle=3679 time=1.5494165778439201e-01 dt=6.9399134886482318e-07
cycle=3680 time=1.5494235177574087e-01 dt=6.9394639625566429e-07
cycle=3681 time=1.5494304572213713e-01 dt=6.9390131281270062e-07
cycle=3682 time=1.5494373962344996e-01 dt=6.9385609914753125e-07
cycle=3683 time=1.5494443347954912e-01 dt=6.9381075594634076e-07
cycle=3684 time=1.5494512729030507e-01 dt=6.9376528398080061e-07
cycle=3685 time=1.5494582105558904e-01 dt=6.9371968411766819e-07
cycle=3686 time=1.5494651477527316e-01 dt=6.9367395732705350e-07
cycle=3687 time=1.5494720844923049e-01 dt=6.9362810468933490e-07
cycle=3688 time=1.5494790207733519e-01 dt=6.9358212740078887e-07
cycle=3689 time=1.5494859565946259e-01 dt=6.9353602677787751e-07
cycle=3690 time=1.5494928919548936e-01 dt=6.9348980425573362e-07
cycle=3691 time=1.5494998268529361e-01 dt=6.9344346139780807e-07
cycle=3692 time=1.5495067612875502e-01 dt=6.9339699989359913e-07
cycle=3693 time=1.5495136952575492e-01 dt=6.9335042155750527e-07
cycle=3694 time=1.5495206287617647e-01 dt=6.9330372832707496e-07
cycle=3695 time=1.5495275617990478e-01 dt=6.9325692226020916e-07
cycle=3696 time=1.5495344943682704e-01 dt=6.9321000553140578e-07
cycle=3697 time=1.5495414264683258e-01 dt=6.9316298042708656e-07
cycle=3698 time=1.5495483580981301e-01 dt=6.9311584934013442e-07
cycle=3699 time=1.5495552892566236e-01 dt=6.9306861476867112e-07
cycle=3700 time=1.5495622199427714e-01 dt=6.9302127937343446e-07
cycle=3701 time=1.5495691501555650e-01 dt=6.9297384596731604e-07
cycle=3702 time=1.5495760798940247e-01 dt=6.9292631745117785e-07
cycle=3703 time=1.5495830091571994e-01 dt=6.9287869680212101e-07
cycle=3704 time=1.5495899379441674e-01 dt=6.9283098706144686e-07
cycle=3705 time=1.5495968662540380e-01 dt=6.9278319132478035e-07
cycle=3706 time=1.5496037940859511e-01 dt=6.9273531273538716e-07
cycle=3707 time=1.5496107214390784e-01 dt=6.9268735446758784e-07
cycle=3708 time=1.5496176483126231e-01 dt=6.9263931971437261e-07
cycle=3709 time=1.5496245747058202e-01 dt=6.9259120985207896e-07
cycle=3710 time=1.5496315006179187e-01 dt=6.9254302785605189e-07
cycle=3711 time=1.5496384260481974e-01 dt=6.9249477706206935e-07
cycle=3712 time=1.5496453509959679e-01 dt=6.9244646078457073e-07
cycle=3713 time=1.5496522754605757e-01 dt=6.9239808230379076e-07
cycle=3714 time=1.5496591994413988e-01 dt=6.9234964484358140e-07
cycle=3715 time=1.5496661229378472e-01 dt=6.9230115157582408e-07
cycle=3716 time=1.5496730459493629e-01 dt=6.9225260561021338e-07
cycle=3717 time=1.5496799684754189e-01 dt=6.9220400998487787e-07
cycle=3718 time=1.5496868905155187e-01 dt=6.9215536765787874e-07
cycle=3719 time=1.5496938120691953e-01 dt=6.9210668149962757e-07
cycle=3720 time=1.5497007331360102e-01 dt=6.9205795428624045e-07
cycle=3721 time=1.5497076537155530e-01 dt=6.9200918869380678e-07
cycle=3722 time=1.5497145738074400e-01 dt=6.9196038729358796e-07
cycle=3723 time=1.5497214934113129e-01 dt=6.9191155254815364e-07
cycle=3724 time=1.5497284125268385e-01 dt=6.9186268680837400e-07
cycle=3725 time=1.5497353311537065e-01 dt=6.9181379231135983e-07
cycle=3726 time=1.5497422492916296e-01 dt=6.9176487117929362e-07
cycle=3727 time=1.5497491669403415e-01 dt=6.9171592541909670e-07
cycle=3728 time=1.5497560840995958e-01 dt=6.9166695692292855e-07
cycle=3729 time=1.5497630007691651e-01 dt=6.9161796746946688e-07
cycle=3730 time=1.5497699169488399e-01 dt=6.9156895872588799e-07
cycle=3731 time=1.5497768326384273e-01 dt=6.9151993225046198e-07
cycle=3732 time=1.5497837478377499e-01 dt=6.9147088949572638e-07
cycle=3733 time=1.5497906625466448e-01 dt=6.9142183181220121e-07
cycle=3734 time=1.5497975767649630e-01 dt=6.9137276045261283e-07
cycle=3735 time=1.5498044904925676e-01 dt=6.9132367657655645e-07
cycle=3736 time=1.5498114037293334e-01 dt=6.9127458125555054e-07
cycle=3737 time=1.5498183164751458e-01 dt=6.9122547548446465e-07
cycle=3738 time=1.5498252287299008e-01 dt=6.9117636018225349e-07
cycle=3739 time=1.5498321404935025e-01 dt=6.9112723619580993e-07
cycle=3740 time=1.5498390517658645e-01 dt=6.9107810430482378e-07
cycle=3741 time=1.5498459625469074e-01 dt=6.9102896522849928e-07
cycle=3742 time=1.5498528728365596e-01 dt=6.9097981963152414e-07
cycle=3743 time=1.5498597826347560e-01 dt=6.9093066813002548e-07
cycle=3744 time=1.5498666919414372e-01 dt=6.9088151129745836e-07
cycle=3745 time=1.5498736007565503e-01 dt=6.9083234967037718e-07
cycle=3746 time=1.5498805090800469e-01 dt=6.9078318375405838e-07
cycle=3747 time=1.5498874169118845e-01 dt=6.9073401402792672e-07
cycle=3748 time=1.5498943242520249e-01 dt=6.9068484095072118e-07
cycle=3749 time=1.5499012311004345e-01 dt=6.9063566496541521e-07
cycle=3750 time=1.5499081374570842e-01 dt=6.9058648650383045e-07
cycle=3751 time=1.5499150433219491e-01 dt=6.9053730599093136e-07
cycle=3752 time=1.5499219486950092e-01 dt=6.9048812384877900e-07
cycle=3753 time=1.5499288535762476e-01 dt=6.9043894050011822e-07
cycle=3754 time=1.5499357579656525e-01 dt=6.9038975637162225e-07
cycle=3755 time=1.5499426618632162e-01 dt=6.9034057189683624e-07
cycle=3756 time=1.5499495652689352e-01 dt=6.9029138751851077e-07
cycle=3757 time=1.5499564681828104e-01 dt=6.9024220369066110e-07
cycle=3758 time=1.5499633706048474e-01 dt=6.9019302088024094e-07
cycle=3759 time=1.5499702725350561e-01 dt=6.9014383956842577e-07
cycle=3760 time=1.5499771739734519e-01 dt=6.9009466025126224e-07
cycle=3761 time=1.5499840749200544e-01 dt=6.9004548346826934e-07
cycle=3762 time=1.5499909753748892e-01 dt=6.8999630986656628e-07
cycle=3763 time=1.5499978753379878e-01 dt=6.8994714021674743e-07
cycle=3764 time=1.5500047748093901e-01 dt=6.8989797544805112e-07
cycle=3765 time=1.5500116737891445e-01 dt=6.8984881648760414e-07
cycle=3766 time=1.5500185722773094e-01 dt=6.8979966389345606e-07
cycle=3767 time=1.5500254702739483e-01 dt=6.8975051824190744e-07
cycle=3768 time=1.5500323677791306e-01 dt=6.8970138012319477e-07
cycle=3769 time=1.5500392647929317e-01 dt=6.8965225013869608e-07
cycle=3770 time=1.5500461613154332e-01 dt=6.8960312889776710e-07
cycle=3771 time=1.5500530573467222e-01 dt=6.8955401701429134e-07
cycle=3772 time=1.5500599528868925e-01 dt=6.8950491510302426e-07
cycle=3773 time=1.5500668479360435e-01 dt=6.8945582377294760e-07
cycle=3774 time=1.5500737424942812e-01 dt=6.8940674344779881e-07
cycle=3775 time=1.5500806365617156e-01 dt=6.8935767432797794e-07
cycle=3776 time=1.5500875301384590e-01 dt=6.8930861634737555e-07
cycle=3777 time=1.5500944232246225e-01 dt=6.8925956917351204e-07
cycle=3778 time=1.5501013158203142e-01 dt=6.8921053219576603e-07
cycle=3779 time=1.5501082079256362e-01 dt=6.8916150450009155e-07
cycle=3780 time=1.5501150995406812e-01 dt=6.8911248482545242e-07
cycle=3781 time=1.5501219906655295e-01 dt=6.8906347149418670e-07
cycle=3782 time=1.5501288813002445e-01 dt=6.8901446230286165e-07
cycle=3783 time=1.5501357714448674e-01 dt=6.8896545434990140e-07
cycle=3784 time=1.5501426610994110e-01 dt=6.8891644375400101e-07
cycle=3785 time=1.5501495502638485e-01 dt=6.8886742518487148e-07
cycle=3786 time=1.5501564389381003e-01 dt=6.8881839101920741e-07
cycle=3787 time=1.5501633271220105e-01 dt=6.8876932969849089e-07
cycle=3788 time=1.5501702148153076e-01 dt=6.8872024077140848e-07
cycle=3789 time=1.5501771020177155e-01 dt=6.8867112881035923e-07
cycle=3790 time=1.5501839887290036e-01 dt=6.8862199849858808e-07
cycle=3791 time=1.5501908749489887e-01 dt=6.8857285458808709e-07
cycle=3792 time=1.5501977606775347e-01 dt=6.8852370185689512e-07
cycle=3793 time=1.5502046459145533e-01 dt=6.8847454506711587e-07
cycle=3794 time=1.5502115306600039e-01 dt=6.8842538892489023e-07
cycle=3795 time=1.5502184149138931e-01 dt=6.8837623804269188e-07
cycle=3796 time=1.5502252986762735e-01 dt=6.8832709690429478e-07
cycle=3797 time=1.5502321819472425e-01 dt=6.8827796983246034e-07
cycle=3798 time=1.5502390647269410e-01 dt=6.8822886095948918e-07
cycle=3799 time=1.5502459470155505e-01 dt=6.8817977421201419e-07
cycle=3800 time=1.5502528288132927e-01 dt=6.8813071327992602e-07
cycle=3801 time=1.5502597101204255e-01 dt=6.8808168159268056e-07
cycle=3802 time=1.5502665909372415e-01 dt=6.8803268230188772e-07
cycle=3803 time=1.5502734712640645e-01 dt=6.8798371826701944e-07
cycle=3804 time=1.5502803511012472e-01 dt=6.8793479204358865e-07
cycle=3805 time=1.5502872304491677e-01 dt=6.8788590587371578e-07
cycle=3806 time=1.5502941093082265e-01 dt=6.8783706168051376e-07
cycle=3807 time=1.5503009876788432e-01 dt=6.8778826106543222e-07
cycle=3808 time=1.5503078655614538e-01 dt=6.8773950530833349e-07
cycle=3809 time=1.5503147429565070e-01 dt=6.8769079537019963e-07
cycle=3810 time=1.5503216198644607e-01 dt=6.8764213189831119e-07
cycle=3811 time=1.5503284962857797e-01 dt=6.8759351523375121e-07
cycle=3812 time=1.5503353722209320e-01 dt=6.8754494541977510e-07
cycle=3813 time=1.5503422476703863e-01 dt=6.8749642221042472e-07
cycle=3814 time=1.5503491226346083e-01 dt=6.8744794508233789e-07
cycle=3815 time=1.5503559971140590e-01 dt=6.8739951325025949e-07
cycle=3816 time=1.5503628711091916e-01 dt=6.8735112568409729e-07
cycle=3817 time=1.5503697446204484e-01 dt=6.8730278112715701e-07
cycle=3818 time=1.5503766176482597e-01 dt=6.8725447811531476e-07
cycle=3819 time=1.5503834901930408e-01 dt=6.8720621499690923e-07
cycle=3820 time=1.5503903622551907e-01 dt=6.8715798995444449e-07
cycle=3821 time=1.5503972338350902e-01 dt=6.8710980102695146e-07
cycle=3822 time=1.5504041049331005e-01 dt=6.8706164612802898e-07
cycle=3823 time=1.5504109755495618e-01 dt=6.8701352312295401e-07
cycle=3824 time=1.5504178456847931e-01 dt=6.8696542986105527e-07
cycle=3825 time=1.5504247153390918e-01 dt=6.8691736411970548e-07
cycle=3826 time=1.5504315845127331e-01 dt=6.8686932362370915e-07
cycle=3827 time=1.5504384532059692e-01 dt=6.8682130606412254e-07
cycle=3828 time=1.5504453214190297e-01 dt=6.8677330911639830e-07
cycle=3829 time=1.5504521891521209e-01 dt=6.8672533045981640e-07
cycle=3830 time=1.5504590564054255e-01 dt=6.8667736779303024e-07
cycle=3831 time=1.5504659231791035e-01 dt=6.8662941884958972e-07
cycle=3832 time=1.5504727894732920e-01 dt=6.8658148140760091e-07
cycle=3833 time=1.5504796552881062e-01 dt=6.8653355329335776e-07
cycle=3834 time=1.5504865206236390e-01 dt=6.8648563238938029e-07
cycle=3835 time=1.5504933854799630e-01 dt=6.8643771664537963e-07
cycle=3836 time=1.5505002498571294e-01 dt=6.8638980408799611e-07
cycle=3837 time=1.5505071137551701e-01 dt=6.8634189282927630e-07
cycle=3838 time=1.5505139771740983e-01 dt=6.8629398107388359e-07
cycle=3839 time=1.5505208401139089e-01 dt=6.8624606712504432e-07
cycle=3840 time=1.5505277025745803e-01 dt=6.8619814938922291e-07
cycle=3841 time=1.5505345645560742e-01 dt=6.8615022637956379e-07
cycle=3842 time=1.5505414260583381e-01 dt=6.8610229671816530e-07
cycle=3843 time=1.5505482870813053e-01 dt=6.8605435913718473e-07
cycle=3844 time=1.5505551476248966e-01 dt=6.8600641247878754e-07
cycle=3845 time=1.5505620076890214e-01 dt=6.8595845569545729e-07
cycle=3846 time=1.5505688672735785e-01 dt=6.8591048785213706e-07
cycle=3847 time=1.5505757263784570e-01 dt=6.8586250812279322e-07
cycle=3848 time=1.5505825850035382e-01 dt=6.8581451578559785e-07
cycle=3849 time=1.5505894431486961e-01 dt=6.8576651021823108e-07
cycle=3850 time=1.5505963008137982e-01 dt=6.8571849088904780e-07
cycle=3851 time=1.5506031579987070e-01 dt=6.8567045735303067e-07
cycle=3852 time=1.5506100147032806e-01 dt=6.8562240924378500e-07
cycle=3853 time=1.5506168709273729e-01 dt=6.8557434626558364e-07
cycle=3854 time=1.5506237266708356e-01 dt=6.8552626818501131e-07
cycle=3855 time=1.5506305819335175e-01 dt=6.8547817482291174e-07
cycle=3856 time=1.5506374367152659e-01 dt=6.8543006604725675e-07
cycle=3857 time=1.5506442910159263e-01 dt=6.8538194176490459e-07
cycle=3858 time=1.5506511448353438e-01 dt=6.8533380191302934e-07
cycle=3859 time=1.5506579981733629e-01 dt=6.8528564645059733e-07
cycle=3860 time=1.5506648510298274e-01 dt=6.8523747534857016e-07
cycle=3861 time=1.5506717034045808e-01 dt=6.8518928856853415e-07
cycle=3862 time=1.5506785552974664e-01 dt=6.8514108600970454e-07
cycle=3863 time=1.5506854067083264e-01 dt=6.8509286750302690e-07
cycle=3864 time=1.5506922576370014e-01 dt=6.8504463281043098e-07
cycle=3865 time=1.5506991080833293e-01 dt=6.8499638162242893e-07
cycle=3866 time=1.5507059580471455e-01 dt=6.8494811355767044e-07
cycle=3867 time=1.5507128075282811e-01 dt=6.8489982816281637e-07
cycle=3868 time=1.5507196565265627e-01 dt=6.8485152490988482e-07
cycle=3869 time=1.5507265050418118e-01 dt=6.8480320319657185e-07
cycle=3870 time=1.5507333530738437e-01 dt=6.8475486234717344e-07
cycle=3871 time=1.5507402006224671e-01 dt=6.8470650161942996e-07
cycle=3872 time=1.5507470476874832e-01 dt=6.8465812021054656e-07
cycle=3873 time=1.5507538942686852e-01 dt=6.8460956651497745e-07
cycle=3874 time=1.5507607403643503e-01 dt=6.8456072581927474e-07
cycle=3875 time=1.5507675859716086e-01 dt=6.8451161621823546e-07
cycle=3876 time=1.5507744310877708e-01 dt=6.8446225691192558e-07
cycle=3877 time=1.5507812757103398e-01 dt=6.8441266797405450e-07
cycle=3878 time=1.5507881198370196e-01 dt=6.8436287013670482e-07
cycle=3879 time=1.5507949634657209e-01 dt=6.8431288457177741e-07
cycle=3880 time=1.5508018065945667e-01 dt=6.8426273267824551e-07
cycle=3881 time=1.5508086492218934e-01 dt=6.8421243587769327e-07
cycle=3882 time=1.5508154913462521e-01 dt=6.8416201542049321e-07
cycle=3883 time=1.5508223329664064e-01 dt=6.8411149220029948e-07
cycle=3884 time=1.5508291740813285e-01 dt=6.8406088657875054e-07
cycle=3885 time=1.5508360146901942e-01 dt=6.8401021822497771e-07
cycle=3886 time=1.5508428547923764e-01 dt=6.8395950596887546e-07
cycle=3887 time=1.5508496943874361e-01 dt=6.8390876766883031e-07
cycle=3888 time=1.5508565334751129e-01 dt=6.8385802009441866e-07
cycle=3889 time=1.5508633720553139e-01 dt=6.8380727882440981e-07
cycle=3890 time=1.5508702101281022e-01 dt=6.8375655822490523e-07
cycle=3891 time=1.5508770476936845e-01 dt=6.8370587143833598e-07
cycle=3892 time=1.5508838847523990e-01 dt=6.8365523019267758e-07
cycle=3893 time=1.5508907213047010e-01 dt=6.8360464475979238e-07
cycle=3894 time=1.5508975573511485e-01 dt=6.8355412392860310e-07
cycle=3895 time=1.5509043928923877e-01 dt=6.8350367509927596e-07
cycle=3896 time=1.5509112279291387e-01 dt=6.8345330434586591e-07
cycle=3897 time=1.5509180624621821e-01 dt=6.8340301627038014e-07
cycle=3898 time=1.5509248964923447e-01 dt=6.8335281401185458e-07
cycle=3899 time=1.5509317300204847e-01 dt=6.8330269927894143e-07
cycle=3900 time=1.5509385630474776e-01 dt=6.8325267239552525e-07
cycle=3901 time=1.5509453955742014e-01 dt=6.8320273235709854e-07
cycle=3902 time=1.5509522276015250e-01 dt=6.8315287689633802e-07
cycle=3903 time=1.5509590591302941e-01 dt=6.8310305881106819e-07
cycle=3904 time=1.5509658901608822e-01 dt=6.8305327494738241e-07
cycle=3905 time=1.5509727206936316e-01 dt=6.8300352181015200e-07
cycle=3906 time=1.5509795507288499e-01 dt=6.8295379522671066e-07
cycle=3907 time=1.5509863802668022e-01 dt=6.8290409040698945e-07
cycle=3908 time=1.5509932093077064e-01 dt=6.8285440200663220e-07
cycle=3909 time=1.5510000378517264e-01 dt=6.8280472419185819e-07
cycle=3910 time=1.5510068658989681e-01 dt=6.8275505070542825e-07
cycle=3911 time=1.5510136934494753e-01 dt=6.8270537493308954e-07
cycle=3912 time=1.5510205205032246e-01 dt=6.8265568996987997e-07
cycle=3913 time=1.5510273470601244e-01 dt=6.8260598868477939e-07
cycle=3914 time=1.5510341731200111e-01 dt=6.8255626378682594e-07
cycle=3915 time=1.5510409986826490e-01 dt=6.8250650788744883e-07
cycle=3916 time=1.5510478237477279e-01 dt=6.8245671356034366e-07
cycle=3917 time=1.5510546483148635e-01 dt=6.8240687339844437e-07
cycle=3918 time=1.5510614723835975e-01 dt=6.8235698006903332e-07
cycle=3919 time=1.5510682959533981e-01 dt=6.8230702636479918e-07
cycle=3920 time=1.5510751190236619e-01 dt=6.8225700526402812e-07
cycle=3921 time=1.5510819415937144e-01 dt=6.8220690997070344e-07
cycle=3922 time=1.5510887636628140e-01 dt=6.8215673394385937e-07
cycle=3923 time=1.5510955852301533e-01 dt=6.8210647093277626e-07
cycle=3924 time=1.5511024062948628e-01 dt=6.8205611500791610e-07
cycle=3925 time=1.5511092268560128e-01 dt=6.8200566053374191e-07
cycle=3926 time=1.5511160469126181e-01 dt=6.8195510231938729e-07
cycle=3927 time=1.5511228664636414e-01 dt=6.8190443556665687e-07
cycle=3928 time=1.5511296855079970e-01 dt=6.8185365587702999e-07
cycle=3929 time=1.5511365040445557e-01 dt=6.8180275892247142e-07
cycle=3930 time=1.5511433220721449e-01 dt=6.8175174055939118e-07
cycle=3931 time=1.5511501395895505e-01 dt=6.8170059732617239e-07
cycle=3932 time=1.5511569565955238e-01 dt=6.8164932621587382e-07
cycle=3933 time=1.5511637730887859e-01 dt=6.8159792467395389e-07
cycle=3934 time=1.5511705890680327e-01 dt=6.8154639054846177e-07
cycle=3935 time=1.5511774045319382e-01 dt=6.8149472212860901e-07
cycle=3936 time=1.5511842194791595e-01 dt=6.8144291812815258e-07
cycle=3937 time=1.5511910339083407e-01 dt=6.8139097766581590e-07
cycle=3938 time=1.5511978478181174e-01 dt=6.8133890024307296e-07
cycle=3939 time=1.5512046612071198e-01 dt=6.8128668571961751e-07
cycle=3940 time=1.5512114740739771e-01 dt=6.8123433428685000e-07
cycle=3941 time=1.5512182864173199e-01 dt=6.8118184643971051e-07
cycle=3942 time=1.5512250982357842e-01 dt=6.8112922294719761e-07
cycle=3943 time=1.5512319095280136e-01 dt=6.8107646482935748e-07
cycle=3944 time=1.5512387202926620e-01 dt=6.8102357335286862e-07
cycle=3945 time=1.5512455305283954e-01 dt=6.8097054992400137e-07
cycle=3946 time=1.5512523402338946e-01 dt=6.8091739609794762e-07
cycle=3947 time=1.5512591494078556e-01 dt=6.8086411354751126e-07
cycle=3948 time=1.5512659580489913e-01 dt=6.8081070403229470e-07
cycle=3949 time=1.5512727661560316e-01 dt=6.8075716936863929e-07
cycle=3950 time=1.5512795737277252e-01 dt=6.8070351140054497e-07
cycle=3951 time=1.5512863807628391e-01 dt=6.8064973197177695e-07
cycle=3952 time=1.5512931872601587e-01 dt=6.8059583289920289e-07
cycle=3953 time=1.5512999932184876e-01 dt=6.8054181594718300e-07
cycle=3954 time=1.5513067986366472e-01 dt=6.8048768280459256e-07
cycle=3955 time=1.5513136035134753e-01 dt=6.8043343506534238e-07
cycle=3956 time=1.5513204078478260e-01 dt=6.8037907421487086e-07
cycle=3957 time=1.5513272116385682e-01 dt=6.8032460159834022e-07
cycle=3958 time=1.5513340148845842e-01 dt=6.8027001840572640e-07
cycle=3959 time=1.5513408175847682e-01 dt=6.8021532565903533e-07
cycle=3960 time=1.5513476197380247e-01 dt=6.8016052420165199e-07
cycle=3961 time=1.5513544213432667e-01 dt=6.8010561468982267e-07
cycle=3962 time=1.5513612223994136e-01 dt=6.8005059758624008e-07
cycle=3963 time=1.5513680229053894e-01 dt=6.7999547315572779e-07
cycle=3964 time=1.5513748228601210e-01 dt=6.7994024146291834e-07
cycle=3965 time=1.5513816222625357e-01 dt=6.7988490237229133e-07
cycle=3966 time=1.5513884211115594e-01 dt=6.7982945555032043e-07
cycle=3967 time=1.5513952194061151e-01 dt=6.7977390046872137e-07
cycle=3968 time=1.5514020171451198e-01 dt=6.7971823640918119e-07
cycle=3969 time=1.5514088143274840e-01 dt=6.7966246246936967e-07
cycle=3970 time=1.5514156109521088e-01 dt=6.7960657757058115e-07
cycle=3971 time=1.5514224070178845e-01 dt=6.7955058046648509e-07
cycle=3972 time=1.5514292025236892e-01 dt=6.7949446975293994e-07
cycle=3973 time=1.5514359974683867e-01 dt=6.7943824392814136e-07
cycle=3974 time=1.5514427918508258e-01 dt=6.7938190149264061e-07
cycle=3975 time=1.5514495856698407e-01 dt=6.7932544064899205e-07
cycle=3976 time=1.5514563789242472e-01 dt=6.7926885948554375e-07
cycle=3977 time=1.5514631716128421e-01 dt=6.7921215598352674e-07
cycle=3978 time=1.5514699637344020e-01 dt=6.7915532684146608e-07
cycle=3979 time=1.5514767552876704e-01 dt=6.7909836708685083e-07
cycle=3980 time=1.5514835462713414e-01 dt=6.7904127182904639e-07
cycle=3981 time=1.5514903366840596e-01 dt=6.7898403628871667e-07
cycle=3982 time=1.5514971265244226e-01 dt=6.7892665582467106e-07
cycle=3983 time=1.5515039157909807e-01 dt=6.7886912595820464e-07
cycle=3984 time=1.5515107044822404e-01 dt=6.7881144239491838e-07
cycle=3985 time=1.5515174925966643e-01 dt=6.7875359516209487e-07
cycle=3986 time=1.5515242801326160e-01 dt=6.7869557308175699e-07
cycle=3987 time=1.5515310670883467e-01 dt=6.7863734771711027e-07
cycle=3988 time=1.5515378534618238e-01 dt=6.7857886974802301e-07
cycle=3989 time=1.5515446392505214e-01 dt=6.7852008570574759e-07
cycle=3990 time=1.5515514244513784e-01 dt=6.7846094133275194e-07
cycle=3991 time=1.5515582090607918e-01 dt=6.7840139714605286e-07
cycle=3992 time=1.5515649930747633e-01 dt=6.7834142948537780e-07
cycle=3993 time=1.5515717764890580e-01 dt=6.7828102676401421e-07
cycle=3994 time=1.5515785592993256e-01 dt=6.7822018768251552e-07
cycle=3995 time=1.5515853415012024e-01 dt=6.7815892015040264e-07
cycle=3996 time=1.5515921230904040e-01 dt=6.7809724041825604e-07
cycle=3997 time=1.5515989040628081e-01 dt=6.7803517222090779e-07
cycle=3998 time=1.5516056844145304e-01 dt=6.7797274593975323e-07
cycle=3999 time=1.5516124641419898e-01 dt=6.7790999645193935e-07
cycle=4000 time=1.5516192432419543e-01 dt=6.7784696052419214e-07
cycle=4001 time=1.5516260217115596e-01 dt=6.7778367546417878e-07
cycle=4002 time=1.5516327995483142e-01 dt=6.7772017861648246e-07
cycle=4003 time=1.5516395767501004e-01 dt=6.7765650687191472e-07
cycle=4004 time=1.5516463533151692e-01 dt=6.7759269625042323e-07
cycle=4005 time=1.5516531292421318e-01 dt=6.7752878148910200e-07
cycle=4006 time=1.5516599045299467e-01 dt=6.7746479566531077e-07
cycle=4007 time=1.5516666791779035e-01 dt=6.7740076986141716e-07
cycle=4008 time=1.5516734531856022e-01 dt=6.7733673287510267e-07
cycle=4009 time=1.5516802265529309e-01 dt=6.7727271098014710e-07
cycle=4010 time=1.5516869992800406e-01 dt=6.7720872774104938e-07
cycle=4011 time=1.5516937713673179e-01 dt=6.7714480388033716e-07
cycle=4012 time=1.5517005428153566e-01 dt=6.7708095747270548e-07
cycle=4013 time=1.5517073136249313e-01 dt=6.7701720386753694e-07
cycle=4014 time=1.5517140837969698e-01 dt=6.7695355521755079e-07
cycle=4015 time=1.5517208533325219e-01 dt=6.7689002077546220e-07
cycle=4016 time=1.5517276222327298e-01 dt=6.7682660698830648e-07
cycle=4017 time=1.5517343904987996e-01 dt=6.7676331735105148e-07
cycle=4018 time=1.5517411581319732e-01 dt=6.7670015286721778e-07
cycle=4019 time=1.5517479251335017e-01 dt=6.7663711318193078e-07
cycle=4020 time=1.5517546915046335e-01 dt=6.7657419702598518e-07
cycle=4021 time=1.5517614572466037e-01 dt=6.7651140146512958e-07
cycle=4022 time=1.5517682223606183e-01 dt=6.7644872263224680e-07
cycle=4023 time=1.5517749868478445e-01 dt=6.7638612715067834e-07
cycle=4024 time=1.5517817507091161e-01 dt=6.7632358094413021e-07
cycle=4025 time=1.5517885139449256e-01 dt=6.7626104942695282e-07
cycle=4026 time=1.5517952765554199e-01 dt=6.7619849781529889e-07
cycle=4027 time=1.5518020385403980e-01 dt=6.7613589142302248e-07
cycle=4028 time=1.5518087998993121e-01 dt=6.7607319594151295e-07
cycle=4029 time=1.5518155606312717e-01 dt=6.7601037770178005e-07
cycle=4030 time=1.5518223207350487e-01 dt=6.7594740391735952e-07
cycle=4031 time=1.5518290802090878e-01 dt=6.7588424290766767e-07
cycle=4032 time=1.5518358390515169e-01 dt=6.7582086429951385e-07
cycle=4033 time=1.5518425972601599e-01 dt=6.7575723922029501e-07
cycle=4034 time=1.5518493548325521e-01 dt=6.7569334044675528e-07
cycle=4035 time=1.5518561117659566e-01 dt=6.7562915467945587e-07
cycle=4036 time=1.5518628680575033e-01 dt=6.7556468277843931e-07
cycle=4037 time=1.5518696237043311e-01 dt=6.7549992334576760e-07
cycle=4038 time=1.5518763787035647e-01 dt=6.7543487299125047e-07
cycle=4039 time=1.5518831330522947e-01 dt=6.7536947258795271e-07
cycle=4040 time=1.5518898867470207e-01 dt=6.7530363861780517e-07
cycle=4041 time=1.5518966397834069e-01 dt=6.7523736159988611e-07
cycle=4042 time=1.5519033921570230e-01 dt=6.7517063327078944e-07
cycle=4043 time=1.5519101438633556e-01 dt=6.7510344673275815e-07
cycle=4044 time=1.5519168948978229e-01 dt=6.7503579658257564e-07
cycle=4045 time=1.5519236452557889e-01 dt=6.7496767897389483e-07
cycle=4046 time=1.5519303949325786e-01 dt=6.7489909165179998e-07
cycle=4047 time=1.5519371439234950e-01 dt=6.7483003395678870e-07
cycle=4048 time=1.5519438922238346e-01 dt=6.7476050680191793e-07
cycle=4049 time=1.5519506398289026e-01 dt=6.7469051262629708e-07
cycle=4050 time=1.5519573867340289e-01 dt=6.7462005532764577e-07
cycle=4051 time=1.5519641329345821e-01 dt=6.7454914017650792e-07
cycle=4052 time=1.5519708784259839e-01 dt=6.7447777371454155e-07
cycle=4053 time=1.5519776232037211e-01 dt=6.7440596363919847e-07
cycle=4054 time=1.5519843672633574e-01 dt=6.7433371867707533e-07
cycle=4055 time=1.5519911106005441e-01 dt=6.7426104829717907e-07
cycle=4056 time=1.5519978532110271e-01 dt=6.7418796169288978e-07
cycle=4057 time=1.5520045950906439e-01 dt=6.7411446874919905e-07
cycle=4058 time=1.5520113362353313e-01 dt=6.7404057989740436e-07
cycle=4059 time=1.5520180766411304e-01 dt=6.7396630597078031e-07
cycle=4060 time=1.5520248163041900e-01 dt=6.7389165805972529e-07
cycle=4061 time=1.5520315552207706e-01 dt=6.7381664736647108e-07
cycle=4062 time=1.5520382933872442e-01 dt=6.7374128506284810e-07
cycle=4063 time=1.5520450308000949e-01 dt=6.7366558215205299e-07
cycle=4064 time=1.5520517674559164e-01 dt=6.7358954933602050e-07
cycle=4065 time=1.5520585033514098e-01 dt=6.7351319688974532e-07
cycle=4066 time=1.5520652384833786e-01 dt=6.7343653454554105e-07
cycle=4067 time=1.5520719728487239e-01 dt=6.7335957164397720e-07
cycle=4068 time=1.5520787064444405e-01 dt=6.7328231694136117e-07
cycle=4069 time=1.5520854392676101e-01 dt=6.7320477849685824e-07
cycle=4070 time=1.5520921713153951e-01 dt=6.7312696358180251e-07
cycle=4071 time=1.5520989025850310e-01 dt=6.7304887859875522e-07
cycle=4072 time=1.5521056330738170e-01 dt=6.7297052901111750e-07
cycle=4073 time=1.5521123627791070e-01 dt=6.7289191928409132e-07
cycle=4074 time=1.5521190916982999e-01 dt=6.7281305283745846e-07
cycle=4075 time=1.5521258198288282e-01 dt=6.7273393201215501e-07
cycle=4076 time=1.5521325471681482e-01 dt=6.7258906367288377e-07
cycle=4077 time=1.5521392730587849e-01 dt=6.7241902756967921e-07
cycle=4078 time=1.5521459972490606e-01 dt=6.7224473042391696e-07
cycle=4079 time=1.5521527196963650e-01 dt=6.7206732597864508e-07
cycle=4080 time=1.5521594403696248e-01 dt=6.7188793061466155e-07
cycle=4081 time=1.5521661592489311e-01 dt=6.7170761262311729e-07
cycle=4082 time=1.5521728763250572e-01 dt=6.7152738277192904e-07
cycle=4083 time=1.5521795915988851e-01 dt=6.7134818614216063e-07
cycle=4084 time=1.5521863050807466e-01 dt=6.7117089558074412e-07
cycle=4085 time=1.5521930167897025e-01 dt=6.7099630656812337e-07
cycle=4086 time=1.5521997267527682e-01 dt=6.7082513350979367e-07
cycle=4087 time=1.5522064350041032e-01 dt=6.7065800742476703e-07
cycle=4088 time=1.5522131415841775e-01 dt=6.7049547495508669e-07
cycle=4089 time=1.5522198465389270e-01 dt=6.7033799859531397e-07
cycle=4090 time=1.5522265499189128e-01 dt=6.7018595802018982e-07
cycle=4091 time=1.5522332517784929e-01 dt=6.7003965231548557e-07
cycle=4092 time=1.5522399521750160e-01 dt=6.6989930285733651e-07
cycle=4093 time=1.5522466511680447e-01 dt=6.6976505751464188e-07
cycle=4094 time=1.5522533488186199e-01 dt=6.6963699482336786e-07
cycle=4095 time=1.5522600451885682e-01 dt=6.6951512853467328e-07
cycle=4096 time=1.5522667403398535e-01 dt=6.6939941246004973e-07
cycle=4097 time=1.5522734343339781e-01 dt=6.6928974542737403e-07
cycle=4098 time=1.5522801272314324e-01 dt=6.6918597625238166e-07
cycle=4099 time=1.5522868190911948e-01 dt=6.6908790864846677e-07
cycle=4100 time=1.5522935099702814e-01 dt=6.6899530601745734e-07
cycle=4101 time=1.5523001999233416e-01 dt=6.6890789609309201e-07
cycle=4102 time=1.5523068890023026e-01 dt=6.6882537544758004e-07
cycle=4103 time=1.5523135772560570e-01 dt=6.6874741367398929e-07
cycle=4104 time=1.5523202647301937e-01 dt=6.6867365719047229e-07
cycle=4105 time=1.5523269514667656e-01 dt=6.6860373296392014e-07
cycle=4106 time=1.5523336375040953e-01 dt=6.6853725274704872e-07
cycle=4107 time=1.5523403228766228e-01 dt=6.6847381675038863e-07
cycle=4108 time=1.5523470076147902e-01 dt=6.6841301701597951e-07
cycle=4109 time=1.5523536917449604e-01 dt=6.6835444076428200e-07
cycle=4110 time=1.5523603752893680e-01 dt=6.6829767363287501e-07
cycle=4111 time=1.5523670582661045e-01 dt=6.6824230281165200e-07
cycle=4112 time=1.5523737406891325e-01 dt=6.6818792007456222e-07
cycle=4113 time=1.5523804225683333e-01 dt=6.6813412470345591e-07
cycle=4114 time=1.5523871039095802e-01 dt=6.6808052629453028e-07
cycle=4115 time=1.5523937847148431e-01 dt=6.6772943215575900e-07
cycle=4116 time=1.5524004620091647e-01 dt=6.6730990098919183e-07
cycle=4117 time=1.5524071351081745e-01 dt=6.6687197369054837e-07
cycle=4118 time=1.5524138038279114e-01 dt=6.6642057801842560e-07
cycle=4119 time=1.5524204680336917e-01 dt=6.6596054169903011e-07
cycle=4120 time=1.5524271276391088e-01 dt=6.6549652806382481e-07
cycle=4121 time=1.5524337826043894e-01 dt=6.6503297614730566e-07
cycle=4122 time=1.5524404329341510e-01 dt=6.6457404635904979e-07
cycle=4123 time=1.5524470786746145e-01 dt=6.6412356649282999e-07
cycle=4124 time=1.5524537199102795e-01 dt=6.6368499282007006e-07
cycle=4125 time=1.5524603567602077e-01 dt=6.6326137843798829e-07
cycle=4126 time=1.5524669893739920e-01 dt=6.6285534385594674e-07
cycle=4127 time=1.5524736179274307e-01 dt=6.6246905909638949e-07
cycle=4128 time=1.5524802426180218e-01 dt=6.6210423631353390e-07
cycle=4129 time=1.5524868636603850e-01 dt=6.6176213422997382e-07
cycle=4130 time=1.5524934812817273e-01 dt=6.6144357482867702e-07
cycle=4131 time=1.5525000957174756e-01 dt=6.6114897226562899e-07
cycle=4132 time=1.5525067072071982e-01 dt=6.6087837331558521e-07
cycle=4133 time=1.5525133159909313e-01 dt=6.6063150717910937e-07
cycle=4134 time=1.5525199223060029e-01 dt=6.6040784151868383e-07
cycle=4135 time=1.5525265263844182e-01 dt=6.6020664089546851e-07
cycle=4136 time=1.5525331284508270e-01 dt=6.6002702372009343e-07
cycle=4137 time=1.5525397287210643e-01 dt=6.5986801400448328e-07
cycle=4138 time=1.5525463274012044e-01 dt=6.5972858413736179e-07
cycle=4139 time=1.5525529246870456e-01 dt=6.5960768968932086e-07
cycle=4140 time=1.5525595207639425e-01 dt=6.5950313935130506e-07
cycle=4141 time=1.5525661157953360e-01 dt=6.5941372181335142e-07
cycle=4142 time=1.5525727099325543e-01 dt=6.5933972476504427e-07
cycle=4143 time=1.5525793033298019e-01 dt=6.5928020158669456e-07
cycle=4144 time=1.5525858961318179e-01 dt=6.5923422958076417e-07
cycle=4145 time=1.5525924884741138e-01 dt=6.5920090303040951e-07
cycle=4146 time=1.5525990804831441e-01 dt=6.5917932324213256e-07
cycle=4147 time=1.5526056722763765e-01 dt=6.5916859097366571e-07
cycle=4148 time=1.5526122639622861e-01 dt=6.5916779798647982e-07
cycle=4149 time=1.5526188556402659e-01 dt=6.5917601982008376e-07
cycle=4150 time=1.5526254474004642e-01 dt=6.5919231094567791e-07
cycle=4151 time=1.5526320393235737e-01 dt=6.5921570070262957e-07
cycle=4152 time=1.5526386314805807e-01 dt=6.5924519216421365e-07
cycle=4153 time=1.5526452239325023e-01 dt=6.5927976322390326e-07
cycle=4154 time=1.5526518167301345e-01 dt=6.5931836962075859e-07
cycle=4155 time=1.5526584099138308e-01 dt=6.5935994974298328e-07
cycle=4156 time=1.5526650035133283e-01 dt=6.5940343123850981e-07
cycle=4157 time=1.5526715975476407e-01 dt=6.5944773884409824e-07
cycle=4158 time=1.5526781920250290e-01 dt=6.5949180315938631e-07
cycle=4159 time=1.5526847869430607e-01 dt=6.5953457014902394e-07
cycle=4160 time=1.5526913822887622e-01 dt=6.5957501107772161e-07
cycle=4161 time=1.5526979780388731e-01 dt=6.5961213253425509e-07
cycle=4162 time=1.5527045741601983e-01 dt=6.5964498629722622e-07
cycle=4163 time=1.5527111706100613e-01 dt=6.5967267879757893e-07
cycle=4164 time=1.5527177673368492e-01 dt=6.5969437996148060e-07
cycle=4165 time=1.5527243642806488e-01 dt=6.5970933123741940e-07
cycle=4166 time=1.5527309613739612e-01 dt=6.5971685271548899e-07
cycle=4167 time=1.5527375585424882e-01 dt=6.5971634917602501e-07
cycle=4168 time=1.5527441557059801e-01 dt=6.5970731498086603e-07
cycle=4169 time=1.5527507527791298e-01 dt=6.5968933775048260e-07
cycle=4170 time=1.5527573496725072e-01 dt=6.5966210079168322e-07
cycle=4171 time=1.5527639462935153e-01 dt=6.5962538427042371e-07
cycle=4172 time=1.5527705425473579e-01 dt=6.5957906513479214e-07
cycle=4173 time=1.5527771383380093e-01 dt=6.5952311529569644e-07
cycle=4174 time=1.5527837335691622e-01 dt=6.5945760005741976e-07
cycle=4175 time=1.5527903281451627e-01 dt=6.5938267442927103e-07
cycle=4176 time=1.5527969219719071e-01 dt=6.5929857848668513e-07
cycle=4177 time=1.5528035149576919e-01 dt=6.5920563194695061e-07
cycle=4178 time=1.5528101070140113e-01 dt=6.5910422795804948e-07
cycle=4179 time=1.5528166980562907e-01 dt=6.5899482622019176e-07
cycle=4180 time=1.5528232880045528e-01 dt=6.5887794557418012e-07
cycle=4181 time=1.5528298767840085e-01 dt=6.5875415621512941e-07
cycle=4182 time=1.5528364643255707e-01 dt=6.5862407176591387e-07
cycle=4183 time=1.5528430505662882e-01 dt=6.5848833593826111e-07
cycle=4184 time=1.5528496354496477e-01 dt=6.5834761704623238e-07
cycle=4185 time=1.5528562189258180e-01 dt=6.5820260570534872e-07
cycle=4186 time=1.5528628009518750e-01 dt=6.5805400224742743e-07
cycle=4187 time=1.5528693814918973e-01 dt=6.5790250885069157e-07
cycle=4188 time=1.5528759605169859e-01 dt=6.5774882206744546e-07
cycle=4189 time=1.5528825380052066e-01 dt=6.5759362580567722e-07
cycle=4190 time=1.5528891139414647e-01 dt=6.5743758487155922e-07
cycle=4191 time=1.5528956883173134e-01 dt=6.5728133912362076e-07
cycle=4192 time=1.5529022611307047e-01 dt=6.5712549828510174e-07
cycle=4193 time=1.5529088323856877e-01 dt=6.5697063744915788e-07
cycle=4194 time=1.5529154020920621e-01 dt=6.5681729329592414e-07
cycle=4195 time=1.5529219702649952e-01 dt=6.5666596102777207e-07
cycle=4196 time=1.5529285369246054e-01 dt=6.5651709201371001e-07
cycle=4197 time=1.5529351020955257e-01 dt=6.5637109212161862e-07
cycle=4198 time=1.5529416658064468e-01 dt=6.5622832070539621e-07
cycle=4199 time=1.5529482280896539e-01 dt=6.5608909020398901e-07
cycle=4200 time=1.5529547889805559e-01 dt=6.5595366630115092e-07
cycle=4201 time=1.5529613485172189e-01 dt=6.5582226858822407e-07
cycle=4202 time=1.5529679067399046e-01 dt=6.5569507166828289e-07
cycle=4203 time=1.5529744636906212e-01 dt=6.5557220663794445e-07
cycle=4204 time=1.5529810194126875e-01 dt=6.5545376288325229e-07
cycle=4205 time=1.5529875739503163e-01 dt=6.5533979011264471e-07
cycle=4206 time=1.5529941273482173e-01 dt=6.5523030073322931e-07
cycle=4207 time=1.5530006796512247e-01 dt=6.5512527225081140e-07
cycle=4208 time=1.5530072309039472e-01 dt=6.5502464954050467e-07
cycle=4209 time=1.5530137811504427e-01 dt=6.5492834738070128e-07
cycle=4210 time=1.5530203304339166e-01 dt=6.5483625301070742e-07
cycle=4211 time=1.5530268787964466e-01 dt=6.5474822868400440e-07
cycle=4212 time=1.5530334262787335e-01 dt=6.5466411419682145e-07
cycle=4213 time=1.5530399729198754e-01 dt=6.5458372937752576e-07
cycle=4214 time=1.5530465187571693e-01 dt=6.5450687652721522e-07
cycle=4215 time=1.5530530638259346e-01 dt=6.5443334280459635e-07
cycle=4216 time=1.5530596081593626e-01 dt=6.5436290255273615e-07
cycle=4217 time=1.5530661517883881e-01 dt=6.5429531956654062e-07
cycle=4218 time=1.5530726947415838e-01 dt=6.5423034930089808e-07
cycle=4219 time=1.5530792370450769e-01 dt=6.5416774101867877e-07
cycle=4220 time=1.5530857787224872e-01 dt=6.5410723987942128e-07
cycle=4221 time=1.5530923197948859e-01 dt=6.5404858897132981e-07
cycle=4222 time=1.5530988602807758e-01 dt=6.5399153127912170e-07
cycle=4223 time=1.5531054001960887e-01 dt=6.5393581158605986e-07
cycle=4224 time=1.5531119395542045e-01 dt=6.5388117830519340e-07
cycle=4225 time=1.5531184783659877e-01 dt=6.5382738518870890e-07
cycle=4226 time=1.5531250166398394e-01 dt=6.5377419289894714e-07
cycle=4227 time=1.5531315543817684e-01 dt=6.5372137066509715e-07
cycle=4228 time=1.5531380915954751e-01 dt=6.5366869776755038e-07
cycle=4229 time=1.5531446282824529e-01 dt=6.5361596491204915e-07
cycle=4230 time=1.5531511644421020e-01 dt=6.5356297548464105e-07
cycle=4231 time=1.5531577000718569e-01 dt=6.5350954667871382e-07
cycle=4232 time=1.5531642351673236e-01 dt=6.5345551048561155e-07
cycle=4233 time=1.5531707697224284e-01 dt=6.5340071454169018e-07
cycle=4234 time=1.5531773037295737e-01 dt=6.5334502282572012e-07
cycle=4235 time=1.5531838371798021e-01 dt=6.5328831620174475e-07
cycle=4236 time=1.5531903700629640e-01 dt=6.5323049280451932e-07
cycle=4237 time=1.5531969023678921e-01 dt=6.5317146826550861e-07
cycle=4238 time=1.5532034340825748e-01 dt=6.5311117578015803e-07
cycle=4239 time=1.5532099651943326e-01 dt=6.5304956601536301e-07
cycle=4240 time=1.5532164956899927e-01 dt=6.5298660686564167e-07
cycle=4241 time=1.5532230255560614e-01 dt=6.5292228306480646e-07
cycle=4242 time=1.5532295547788921e-01 dt=6.5285659565801132e-07
cycle=4243 time=1.5532360833448486e-01 dt=6.5278956134305645e-07
cycle=4244 time=1.5532426112404621e-01 dt=6.5272121169260750e-07
cycle=4245 time=1.5532491384525790e-01 dt=6.5265159226487669e-07
cycle=4246 time=1.5532556649685017e-01 dt=6.5258076162481395e-07
cycle=4247 time=1.5532621907761179e-01 dt=6.5250879027325147e-07
cycle=4248 time=1.5532687158640207e-01 dt=6.5243582414084806e-07
cycle=4249 time=1.5532752402222622e-01 dt=6.5236202812046153e-07
cycle=4250 time=1.5532817638425434e-01 dt=6.5228749297692135e-07
cycle=4251 time=1.5532882867174730e-01 dt=6.5221231626527174e-07
cycle=4252 time=1.5532948088406356e-01 dt=6.5213660017083052e-07
cycle=4253 time=1.5533013302066373e-01 dt=6.5206045096919137e-07
cycle=4254 time=1.5533078508111470e-01 dt=6.5198397788802274e-07
cycle=4255 time=1.5533143706509259e-01 dt=6.5190729199277093e-07
cycle=4256 time=1.5533208897238457e-01 dt=6.5183050511020805e-07
cycle=4257 time=1.5533274080288967e-01 dt=6.5175372879581500e-07
cycle=4258 time=1.5533339255661846e-01 dt=6.5167707335417337e-07
cycle=4259 time=1.5533404423369182e-01 dt=6.5160064691967793e-07
cycle=4260 time=1.5533469583433873e-01 dt=6.5152455460347800e-07
cycle=4261 time=1.5533534735889334e-01 dt=6.5144889771316823e-07
cycle=4262 time=1.5533599880779106e-01 dt=6.5137377304441371e-07
cycle=4263 time=1.5533665018156409e-01 dt=6.5129927225065856e-07
cycle=4264 time=1.5533730148083635e-01 dt=6.5122548129274338e-07
cycle=4265 time=1.5533795270631764e-01 dt=6.5115248205644215e-07
cycle=4266 time=1.5533860385879969e-01 dt=6.5108036689738644e-07
cycle=4267 time=1.5533925493916659e-01 dt=6.5100920064132889e-07
cycle=4268 time=1.5533990594836722e-01 dt=6.5093904092563976e-07
cycle=4269 time=1.5534055688740814e-01 dt=6.5086993806159580e-07
cycle=4270 time=1.5534120775734619e-01 dt=6.5080193496571497e-07
cycle=4271 time=1.5534185855928115e-01 dt=6.5073506715830476e-07
cycle=4272 time=1.5534250929434831e-01 dt=6.5066936282394569e-07
cycle=4273 time=1.5534315996371115e-01 dt=6.5060484292944571e-07
cycle=4274 time=1.5534381056855406e-01 dt=6.5054152139496195e-07
cycle=4275 time=1.5534446111007547e-01 dt=6.5047940531357445e-07
cycle=4276 time=1.5534511158948078e-01 dt=6.5041849521458724e-07
cycle=4277 time=1.5534576200797598e-01 dt=6.5035878536577841e-07
cycle=4278 time=1.5534641236676133e-01 dt=6.5030026410980676e-07
cycle=4279 time=1.5534706266702544e-01 dt=6.5024291422992621e-07
cycle=4280 time=1.5534771290993968e-01 dt=6.5018671334166515e-07
cycle=4281 time=1.5534836309665301e-01 dt=6.5013163430480863e-07
cycle=4282 time=1.5534901322828731e-01 dt=6.5007764565189301e-07
cycle=4283 time=1.5534966330593297e-01 dt=6.5002471202916894e-07
cycle=4284 time=1.5535031333064500e-01 dt=6.4997279464617837e-07
cycle=4285 time=1.5535096330343964e-01 dt=6.4992185173043460e-07
cycle=4286 time=1.5535161322529137e-01 dt=6.4987183898334324e-07
cycle=4287 time=1.5535226309713035e-01 dt=6.4982271003433005e-07
cycle=4288 time=1.5535291291984038e-01 dt=6.4977441689014677e-07
cycle=4289 time=1.5535356269425726e-01 dt=6.4972691041719729e-07
cycle=4290 time=1.5535421242116768e-01 dt=6.4968014081375425e-07
cycle=4291 time=1.5535486210130850e-01 dt=6.4963405779552252e-07
cycle=4292 time=1.5535551173536630e-01 dt=6.4958864566736476e-07
cycle=4293 time=1.5535616132401198e-01 dt=6.4954386420449934e-07
cycle=4294 time=1.5535681086787617e-01 dt=6.4949965633499497e-07
cycle=4295 time=1.5535746036753251e-01 dt=6.4945576710528296e-07
cycle=4296 time=1.5535810982329962e-01 dt=6.4941206444967265e-07
cycle=4297 time=1.5535875923536407e-01 dt=6.4936851215284519e-07
cycle=4298 time=1.5535940860387623e-01 dt=6.4932507779599666e-07
cycle=4299 time=1.5536005792895402e-01 dt=6.4928173282373561e-07
cycle=4300 time=1.5536070721068684e-01 dt=6.4923845250659792e-07
cycle=4301 time=1.5536135644913934e-01 dt=6.4919521552738026e-07
cycle=4302 time=1.5536200564435487e-01 dt=6.4915200763473508e-07
cycle=4303 time=1.5536265479636252e-01 dt=6.4910881829101952e-07
cycle=4304 time=1.5536330390518080e-01 dt=6.4906564060377402e-07
cycle=4305 time=1.5536395297082140e-01 dt=6.4902247124766390e-07
cycle=4306 time=1.5536460199329263e-01 dt=6.4897931035945523e-07
cycle=4307 time=1.5536525097260298e-01 dt=6.4893616155269772e-07
cycle=4308 time=1.5536589990876454e-01 dt=6.4889303201160114e-07
cycle=4309 time=1.5536654880179654e-01 dt=6.4884993058284380e-07
cycle=4310 time=1.5536719765172713e-01 dt=6.4880686847046504e-07
cycle=4311 time=1.5536784645859561e-01 dt=6.4876385954128689e-07
cycle=4312 time=1.5536849522245516e-01 dt=6.4872092010888143e-07
cycle=4313 time=1.5536914394337528e-01 dt=6.4867806870087846e-07
cycle=4314 time=1.5536979262144399e-01 dt=6.4863532582100802e-07
cycle=4315 time=1.5537044125676980e-01 dt=6.4859271369824479e-07
cycle=4316 time=1.5537108984948350e-01 dt=6.4855025602976399e-07
cycle=4317 time=1.5537173839973953e-01 dt=6.4850797771788768e-07
cycle=4318 time=1.5537238690771724e-01 dt=6.4846590460325845e-07
cycle=4319 time=1.5537303537362185e-01 dt=6.4842406319774413e-07
cycle=4320 time=1.5537368379768504e-01 dt=6.4838248033876245e-07
cycle=4321 time=1.5537433218016539e-01 dt=6.4834118297653687e-07
cycle=4322 time=1.5537498052134835e-01 dt=6.4830019791785949e-07
cycle=4323 time=1.5537562882154626e-01 dt=6.4825955158057737e-07
cycle=4324 time=1.5537627708109786e-01 dt=6.4821926975825840e-07
cycle=4325 time=1.5537692530036762e-01 dt=6.4817937740209082e-07
cycle=4326 time=1.5537757347974501e-01 dt=6.4813989825784528e-07
cycle=4327 time=1.5537822161964326e-01 dt=6.4810085478455920e-07
cycle=4328 time=1.5537886972049805e-01 dt=6.4806226826681836e-07
cycle=4329 time=1.5537951778276632e-01 dt=6.4802415814202545e-07
cycle=4330 time=1.5538016580692446e-01 dt=6.4798654211870063e-07
cycle=4331 time=1.5538081379346658e-01 dt=6.4794943605252625e-07
cycle=4332 time=1.5538146174290263e-01 dt=6.4791285384331480e-07
cycle=4333 time=1.5538210965575647e-01 dt=6.4787680735255641e-07
cycle=4334 time=1.5538275753256381e-01 dt=6.4784130634203125e-07
cycle=4335 time=1.5538340537387016e-01 dt=6.4780637266545566e-07
cycle=4336 time=1.5538405318024281e-01 dt=6.4777205716012071e-07
cycle=4337 time=1.5538470095229998e-01 dt=6.4773835064834639e-07
cycle=4338 time=1.5538534869065063e-01 dt=6.4770524206495813e-07
cycle=4339 time=1.5538599639589268e-01 dt=6.4767271862669489e-07
cycle=4340 time=1.5538664406861130e-01 dt=6.4764076600777165e-07
cycle=4341 time=1.5538729170937732e-01 dt=6.4760936851977779e-07
cycle=4342 time=1.5538793931874584e-01 dt=6.4757850929838432e-07
cycle=4343 time=1.5538858689725513e-01 dt=6.4754817049554591e-07
cycle=4344 time=1.5538923444542563e-01 dt=6.4751833345129127e-07
cycle=4345 time=1.5538988196375908e-01 dt=6.4748897887573708e-07
cycle=4346 time=1.5539052945273796e-01 dt=6.4746008702815580e-07
cycle=4347 time=1.5539117691282497e-01 dt=6.4743163789180364e-07
cycle=4348 time=1.5539182434446286e-01 dt=6.4740361134332300e-07
cycle=4349 time=1.5539247174807419e-01 dt=6.4737598731567295e-07
cycle=4350 time=1.5539311912406151e-01 dt=6.4734874595358793e-07
cycle=4351 time=1.5539376647280745e-01 dt=6.4732191698391921e-07
cycle=4352 time=1.5539441379472443e-01 dt=6.4729549205388896e-07
cycle=4353 time=1.5539506109021647e-01 dt=6.4726945442310130e-07
cycle=4354 time=1.5539570835967090e-01 dt=6.4724378721389640e-07
cycle=4355 time=1.5539635560345810e-01 dt=6.4721847355896764e-07
cycle=4356 time=1.5539700282193167e-01 dt=6.4719349674387020e-07
cycle=4357 time=1.5539765001542841e-01 dt=6.4716884034326451e-07
cycle=4358 time=1.5539829718426876e-01 dt=6.4714448835054663e-07
cycle=4359 time=1.5539894432875712e-01 dt=6.4712042529764197e-07
cycle=4360 time=1.5539959144918242e-01 dt=6.4709663636723642e-07
cycle=4361 time=1.5540023854581878e-01 dt=6.4707310749483917e-07
cycle=4362 time=1.5540088561892626e-01 dt=6.4704982549157167e-07
cycle=4363 time=1.5540153266875176e-01 dt=6.4702677808621075e-07
cycle=4364 time=1.5540217969552986e-01 dt=6.4700395399586929e-07
cycle=4365 time=1.5540282669948385e-01 dt=6.4698134298559588e-07
cycle=4366 time=1.5540347368082683e-01 dt=6.4695893591599098e-07
cycle=4367 time=1.5540412063976275e-01 dt=6.4693672478096504e-07
cycle=4368 time=1.5540476757648752e-01 dt=6.4691470284465318e-07
cycle=4369 time=1.5540541449119036e-01 dt=6.4689286454100805e-07
cycle=4370 time=1.5540606138405491e-01 dt=6.4687120547771425e-07
cycle=4371 time=1.5540670825526040e-01 dt=6.4684972242943220e-07
cycle=4372 time=1.5540735510498283e-01 dt=6.4682841332233949e-07
cycle=4373 time=1.5540800193339616e-01 dt=6.4680727721356626e-07
cycle=4374 time=1.5540864874067337e-01 dt=6.4678631422822742e-07
cycle=4375 time=1.5540929552698760e-01 dt=6.4676552557292565e-07
cycle=4376 time=1.5540994229251318e-01 dt=6.4674491389862950e-07
cycle=4377 time=1.5541058903742708e-01 dt=6.4672448305769307e-07
cycle=4378 time=1.5541123576191013e-01 dt=6.4670423776952774e-07
cycle=4379 time=1.5541188246614790e-01 dt=6.4668418354793026e-07
cycle=4380 time=1.5541252915033144e-01 dt=6.4666432662541246e-07
cycle=4381 time=1.5541317581465805e-01 dt=6.4664467387784158e-07
cycle=4382 time=1.5541382245933194e-01 dt=6.4662523274942577e-07
cycle=4383 time=1.5541446908456469e-01 dt=6.4660601117032125e-07
cycle=4384 time=1.5541511569057587e-01 dt=6.4658701747408699e-07
cycle=4385 time=1.5541576227759335e-01 dt=6.4656826031523521e-07
cycle=4386 time=1.5541640884585367e-01 dt=6.4654974858752716e-07
cycle=4387 time=1.5541705539560227e-01 dt=6.4653149134331565e-07
cycle=4388 time=1.5541770192709362e-01 dt=6.4651349771979559e-07
cycle=4389 time=1.5541834844059133e-01 dt=6.4649577685330777e-07
cycle=4390 time=1.5541899493636818e-01 dt=6.4647833783811544e-07
cycle=4391 time=1.5541964141470602e-01 dt=6.4646118964908061e-07
cycle=4392 time=1.5542028787589568e-01 dt=6.4644434108006524e-07
cycle=4393 time=1.5542093432023676e-01 dt=6.4642780068703659e-07
cycle=4394 time=1.5542158074803744e-01 dt=6.4641157673616409e-07
cycle=4395 time=1.5542222715961418e-01 dt=6.4639567715713854e-07
cycle=4396 time=1.5542287355529133e-01 dt=6.4638010950189573e-07
cycle=4397 time=1.5542351993540082e-01 dt=6.4636488090886968e-07
cycle=4398 time=1.5542416630028172e-01 dt=6.4634999807284722e-07
cycle=4399 time=1.5542481265027980e-01 dt=6.4633546722046338e-07
cycle=4400 time=1.5542545898574703e-01 dt=6.4632129409175708e-07
cycle=4401 time=1.5542610530704112e-01 dt=6.4630748392662005e-07
cycle=4402 time=1.5542675161452504e-01 dt=6.4629404145664038e-07
cycle=4403 time=1.5542739790856649e-01 dt=6.4628097090247545e-07
cycle=4404 time=1.5542804418953740e-01 dt=6.4626827597635653e-07
cycle=4405 time=1.5542869045781338e-01 dt=6.4625595988952581e-07
cycle=4406 time=1.5542933671377326e-01 dt=6.4624402536435618e-07
cycle=4407 time=1.5542998295779864e-01 dt=6.4623247465140710e-07
cycle=4408 time=1.5543062919027328e-01 dt=6.4622130955298976e-07
cycle=4409 time=1.5543127541158283e-01 dt=6.4621053144838307e-07
cycle=4410 time=1.5543192162211428e-01 dt=6.4620014131763665e-07
cycle=4411 time=1.5543256782225559e-01 dt=6.4619013977295692e-07
cycle=4412 time=1.5543321401239538e-01 dt=6.4593083383187981e-07
cycle=4413 time=1.5543385994322920e-01 dt=6.4544234860900725e-07
cycle=4414 time=1.5543450538557779e-01 dt=6.4492658649280435e-07
cycle=4415 time=1.5543515031216429e-01 dt=6.4439087352180740e-07
cycle=4416 time=1.5543579470303781e-01 dt=6.4384246421904247e-07
cycle=4417 time=1.5543643854550204e-01 dt=6.4328844571163437e-07
cycle=4418 time=1.5543708183394775e-01 dt=6.4273564697930099e-07
cycle=4419 time=1.5543772456959473e-01 dt=6.4219055305480663e-07
cycle=4420 time=1.5543836676014780e-01 dt=6.4165922327017739e-07
cycle=4421 time=1.5543900841937108e-01 dt=6.4114721114819904e-07
cycle=4422 time=1.5543964956658224e-01 dt=6.4065948371456848e-07
cycle=4423 time=1.5544029022606595e-01 dt=6.4020033847369712e-07
cycle=4424 time=1.5544093042640442e-01 dt=6.3977331732715417e-07
cycle=4425 time=1.5544157019972174e-01 dt=6.3938112113034608e-07
cycle=4426 time=1.5544220958084287e-01 dt=6.3902553324260233e-07
cycle=4427 time=1.5544284860637611e-01 dt=6.3870736614353593e-07
cycle=4428 time=1.5544348731374225e-01 dt=6.3842645392746098e-07
cycle=4429 time=1.5544412574019617e-01 dt=6.3818170864042162e-07
cycle=4430 time=1.5544476392190482e-01 dt=6.3797149512056785e-07
cycle=4431 time=1.5544540189339995e-01 dt=6.3779334462281131e-07
cycle=4432 time=1.5544603968674456e-01 dt=6.3764436476820662e-07
cycle=4433 time=1.5544667733110934e-01 dt=6.3752154688518125e-07
cycle=4434 time=1.5544731485265623e-01 dt=6.3742197598582238e-07
cycle=4435 time=1.5544795227463221e-01 dt=6.3734298476029782e-07
cycle=4436 time=1.5544858961761696e-01 dt=6.3728224523631096e-07
cycle=4437 time=1.5544922689986218e-01 dt=6.3723780501374050e-07
cycle=4438 time=1.5544986413766720e-01 dt=6.3720808173137505e-07
cycle=4439 time=1.5545050134574895e-01 dt=6.3719183162080424e-07
cycle=4440 time=1.5545113853758058e-01 dt=6.3718810410342056e-07
cycle=4441 time=1.5545177572568469e-01 dt=6.3719619139004296e-07
cycle=4442 time=1.5545241292187609e-01 dt=6.3721557866886283e-07
cycle=4443 time=1.5545305013745475e-01 dt=6.3724589780926784e-07
cycle=4444 time=1.5545368738335255e-01 dt=6.3728688575385423e-07
cycle=4445 time=1.5545432467023831e-01 dt=6.3733834779787941e-07
cycle=4446 time=1.5545496200858611e-01 dt=6.3740012549674761e-07
cycle=4447 time=1.5545559940871159e-01 dt=6.3747206876324735e-07
cycle=4448 time=1.5545623688078036e-01 dt=6.3755401173422720e-07
cycle=4449 time=1.5545687443479209e-01 dt=6.3764575212075618e-07
cycle=4450 time=1.5545751208054420e-01 dt=6.3774703382399205e-07
cycle=4451 time=1.5545814982757802e-01 dt=6.3785753270871487e-07
cycle=4452 time=1.5545878768511073e-01 dt=6.3797684549069766e-07
cycle=4453 time=1.5545942566195622e-01 dt=6.3810448172811516e-07
cycle=4454 time=1.5546006376643795e-01 dt=6.3823985890456252e-07
cycle=4455 time=1.5546070200629686e-01 dt=6.3838230056231951e-07
cycle=4456 time=1.5546134038859741e-01 dt=6.3853103739819595e-07
cycle=4457 time=1.5546197891963481e-01 dt=6.3868521129990562e-07
cycle=4458 time=1.5546261760484612e-01 dt=6.3884388187233474e-07
cycle=4459 time=1.5546325644872799e-01 dt=6.3900603520772828e-07
cycle=4460 time=1.5546389545476319e-01 dt=6.3917059471685013e-07
cycle=4461 time=1.5546453462535792e-01 dt=6.3933643365289891e-07
cycle=4462 time=1.5546517396179158e-01 dt=6.3950238895199712e-07
cycle=4463 time=1.5546581346418054e-01 dt=6.3966727614720223e-07
cycle=4464 time=1.5546645313145668e-01 dt=6.3982990766710564e-07
cycle=4465 time=1.5546709296136435e-01 dt=6.3998918489418500e-07
cycle=4466 time=1.5546773295054925e-01 dt=6.4014404008156176e-07
cycle=4467 time=1.5546837309458933e-01 dt=6.4029334678624598e-07
cycle=4468 time=1.5546901338793612e-01 dt=6.4043603099041136e-07
cycle=4469 time=1.5546965382396710e-01 dt=6.4057108446314839e-07
cycle=4470 time=1.5547029439505156e-01 dt=6.4069757694349397e-07
cycle=4471 time=1.5547093509262849e-01 dt=6.4081466701783239e-07
cycle=4472 time=1.5547157590729552e-01 dt=6.4092161153690382e-07
cycle=4473 time=1.5547221682890705e-01 dt=6.4101777346226895e-07
cycle=4474 time=1.5547285784668052e-01 dt=6.4110262806643025e-07
cycle=4475 time=1.5547349894930859e-01 dt=6.4117576744130668e-07
cycle=4476 time=1.5547414012507604e-01 dt=6.4123690329962788e-07
cycle=4477 time=1.5547478136197934e-01 dt=6.4128586808207960e-07
cycle=4478 time=1.5547542264784742e-01 dt=6.4132261547420545e-07
cycle=4479 time=1.5547606397046290e-01 dt=6.4134721771337207e-07
cycle=4480 time=1.5547670531768062e-01 dt=6.4135986127839188e-07
cycle=4481 time=1.5547734667754190e-01 dt=6.4136084182283962e-07
cycle=4482 time=1.5547798803838372e-01 dt=6.4135055782684976e-07
cycle=4483 time=1.5547862938894155e-01 dt=6.4132950311372114e-07
cycle=4484 time=1.5547927071844467e-01 dt=6.4129825835318281e-07
cycle=4485 time=1.5547991201670303e-01 dt=6.4125748173460958e-07
cycle=4486 time=1.5548055327418475e-01 dt=6.4120789897508893e-07
cycle=4487 time=1.5548119448208372e-01 dt=6.4115029283361710e-07
cycle=4488 time=1.5548183563237655e-01 dt=6.4108549233054422e-07
cycle=4489 time=1.5548247671786888e-01 dt=6.4101436173489350e-07
cycle=4490 time=1.5548311773223061e-01 dt=6.4093778959306065e-07
cycle=4491 time=1.5548375867002021e-01 dt=6.4085667793658979e-07
cycle=4492 time=1.5548439952669815e-01 dt=6.4077193182053892e-07
cycle=4493 time=1.5548504029862997e-01 dt=6.4068444933624962e-07
cycle=4494 time=1.5548568098307930e-01 dt=6.4059511214117711e-07
cycle=4495 time=1.5548632157819145e-01 dt=6.4050475053620301e-07
cycle=4496 time=1.5548696208294199e-01 dt=6.4041415844893619e-07
cycle=4497 time=1.5548760249710045e-01 dt=6.4032408930787039e-07
cycle=4498 time=1.5548824282118975e-01 dt=6.4023525025692563e-07
cycle=4499 time=1.5548888305644001e-01 dt=6.4014829739203574e-07
cycle=4500 time=1.5548952320473741e-01 dt=6.4006383194771097e-07
cycle=4501 time=1.5549016326856935e-01 dt=6.3998239747625095e-07
cycle=4502 time=1.5549080325096681e-01 dt=6.3990447799402974e-07
cycle=4503 time=1.5549144315544480e-01 dt=6.3983049706688964e-07
cycle=4504 time=1.5549208298594186e-01 dt=6.3976081771681916e-07
cycle=4505 time=1.5549272274675957e-01 dt=6.3969574313938531e-07
cycle=4506 time=1.5549336244250270e-01 dt=6.3963551812249989e-07
cycle=4507 time=1.5549400207802083e-01 dt=6.3958033105291393e-07
cycle=4508 time=1.5549464165835189e-01 dt=6.3953031643235022e-07
cycle=4509 time=1.5549528118866832e-01 dt=6.3948555778392454e-07
cycle=4510 time=1.5549592067422610e-01 dt=6.3944609085376461e-07
cycle=4511 time=1.5549656012031696e-01 dt=6.3941190701327636e-07
cycle=4512 time=1.5549719953222396e-01 dt=6.3938295677618571e-07
cycle=4513 time=1.5549783891518074e-01 dt=6.3935915335558520e-07
cycle=4514 time=1.5549847827433408e-01 dt=6.3934037619774524e-07
cycle=4515 time=1.5549911761471027e-01 dt=6.3932826789236065e-07
cycle=4516 time=1.5549975694297816e-01 dt=6.3932125448063983e-07
cycle=4517 time=1.5550039626423265e-01 dt=6.3931885051161938e-07
cycle=4518 time=1.5550103558308315e-01 dt=6.3932081244513272e-07
cycle=4519 time=1.5550167490389560e-01 dt=6.3932687952440239e-07
cycle=4520 time=1.5550231423077512e-01 dt=6.3933677657169627e-07
cycle=4521 time=1.5550295356755170e-01 dt=6.3935021662801363e-07
cycle=4522 time=1.5550359291776833e-01 dt=6.3936690345144207e-07
cycle=4523 time=1.5550423228467178e-01 dt=6.3938653389001058e-07
cycle=4524 time=1.5550487167120566e-01 dt=6.3940880014458717e-07
cycle=4525 time=1.5550551108000582e-01 dt=6.3943339193578799e-07
cycle=4526 time=1.5550615051339775e-01 dt=6.3945999858687401e-07
cycle=4527 time=1.5550678997339634e-01 dt=6.3948831103059836e-07
cycle=4528 time=1.5550742946170737e-01 dt=6.3951802374467508e-07
cycle=4529 time=1.5550806897973110e-01 dt=6.3954883671129633e-07
cycle=4530 time=1.5550870852856782e-01 dt=6.3958045740337215e-07
cycle=4531 time=1.5550934810902522e-01 dt=6.3961260217994438e-07
cycle=4532 time=1.5550998772162741e-01 dt=6.3964499800705224e-07
cycle=4533 time=1.5551062736662541e-01 dt=6.3967738354053090e-07
cycle=4534 time=1.5551126704400894e-01 dt=6.3970951029762882e-07
cycle=4535 time=1.5551190675351925e-01 dt=6.3974114473261632e-07
cycle=4536 time=1.5551254649466398e-01 dt=6.3977206945445489e-07
cycle=4537 time=1.5551318626673344e-01 dt=6.3980208431012040e-07
cycle=4538 time=1.5551382606881775e-01 dt=6.3983100731814677e-07
cycle=4539 time=1.5551446589982507e-01 dt=6.3985867546224221e-07
cycle=4540 time=1.5551510575850053e-01 dt=6.3988494530353619e-07
cycle=4541 time=1.5551574564344584e-01 dt=6.3990969342303347e-07
cycle=4542 time=1.5551638555313926e-01 dt=6.3993281668669441e-07
cycle=4543 time=1.5551702548595595e-01 dt=6.3995423233584190e-07
cycle=4544 time=1.5551766544018827e-01 dt=6.3997387790038619e-07
cycle=4545 time=1.5551830541406617e-01 dt=6.3999171091117474e-07
cycle=4546 time=1.5551894540577707e-01 dt=6.4000770849185522e-07
cycle=4547 time=1.5551958541348557e-01 dt=6.4002186671819005e-07
cycle=4548 time=1.5552022543535229e-01 dt=6.4003419990467521e-07
cycle=4549 time=1.5552086546955221e-01 dt=6.4004473973756716e-07
cycle=4550 time=1.5552150551429195e-01 dt=6.4005353425644656e-07
cycle=4551 time=1.5552214556782620e-01 dt=6.4006064672001050e-07
cycle=4552 time=1.5552278562847294e-01 dt=6.4006615434406051e-07
cycle=4553 time=1.5552342569462729e-01 dt=6.4007014713218197e-07
cycle=4554 time=1.5552406576477443e-01 dt=6.4007272627269059e-07
cycle=4555 time=1.5552470583750069e-01 dt=6.4007400279312083e-07
cycle=4556 time=1.5552534591150349e-01 dt=6.4007409609247903e-07
cycle=4557 time=1.5552598598559958e-01 dt=6.4007313159860630e-07
cycle=4558 time=1.5552662605873119e-01 dt=6.4007123786519214e-07
cycle=4559 time=1.5552726612996906e-01 dt=6.4006854759051342e-07
cycle=4560 time=1.5552790619851664e-01 dt=6.4006519620197011e-07
cycle=4561 time=1.5552854626371285e-01 dt=6.4006132048409563e-07
cycle=4562 time=1.5552918632503332e-01 dt=6.4005705726329881e-07
cycle=4563 time=1.5552982638209059e-01 dt=6.4005254216095471e-07
cycle=4564 time=1.5553046643463275e-01 dt=6.4004790842490714e-07
cycle=4565 time=1.5553110648254118e-01 dt=6.4004328584792277e-07
cycle=4566 time=1.5553174652582702e-01 dt=6.4003879978005375e-07
cycle=4567 time=1.5553238656462681e-01 dt=6.4003457024026635e-07
cycle=4568 time=1.5553302659919704e-01 dt=6.4003071113108579e-07
cycle=4569 time=1.5553366662990817e-01 dt=6.4002732955850625e-07
cycle=4570 time=1.5553430665723772e-01 dt=6.4002452525793216e-07
cycle=4571 time=1.5553494668176299e-01 dt=6.4002239012485226e-07
cycle=4572 time=1.5553558670415310e-01 dt=6.4002100785180215e-07
cycle=4573 time=1.5553622672516096e-01 dt=6.4002045368054744e-07
cycle=4574 time=1.5553686674561465e-01 dt=6.4002079422608448e-07
cycle=4575 time=1.5553750676640887e-01 dt=6.4002208736398825e-07
cycle=4576 time=1.5553814678849623e-01 dt=6.4002438226653146e-07
cycle=4577 time=1.5553878681287850e-01 dt=6.4002771949216085e-07
cycle=4578 time=1.5553942684059799e-01 dt=6.4003213114651308e-07
cycle=4579 time=1.5554006687272914e-01 dt=6.4003764110957946e-07
cycle=4580 time=1.5554070691037025e-01 dt=6.4004426532091989e-07
cycle=4581 time=1.5554134695463556e-01 dt=6.4005201211811643e-07
cycle=4582 time=1.5554198700664768e-01 dt=6.4006088262009895e-07
cycle=4583 time=1.5554262706753030e-01 dt=6.4007087114844710e-07
cycle=4584 time=1.5554326713840144e-01 dt=6.4008196568006955e-07
cycle=4585 time=1.5554390722036712e-01 dt=6.4009414832496797e-07
cycle=4586 time=1.5554454731451545e-01 dt=6.4010739582316034e-07
cycle=4587 time=1.5554518742191126e-01 dt=6.4012168003267927e-07
cycle=4588 time=1.5554582754359128e-01 dt=6.4013696846491063e-07
cycle=4589 time=1.5554646768055974e-01 dt=6.4015322481559613e-07
cycle=4590 time=1.5554710783378456e-01 dt=6.4017040948958530e-07
cycle=4591 time=1.5554774800419405e-01 dt=6.4018848011850664e-07
cycle=4592 time=1.5554838819267416e-01 dt=6.4020739207892701e-07
cycle=4593 time=1.5554902840006624e-01 dt=6.4022709905122206e-07
cycle=4594 time=1.5554966862716529e-01 dt=6.4024755355778459e-07
cycle=4595 time=1.5555030887471885e-01 dt=6.4026870728610753e-07
cycle=4596 time=1.5555094914342613e-01 dt=6.4029051153585573e-07
cycle=4597 time=1.5555158943393765e-01 dt=6.4031291764448121e-07
cycle=4598 time=1.5555222974685529e-01 dt=6.4033587738800848e-07
cycle=4599 time=1.5555287008273266e-01 dt=6.4035934327588916e-07
cycle=4600 time=1.5555351044207594e-01 dt=6.4038326845048824e-07
cycle=4601 time=1.5555415082534438e-01 dt=6.4040760690068550e-07
cycle=4602 time=1.5555479123295127e-01 dt=6.4043231415961695e-07
cycle=4603 time=1.5555543166526542e-01 dt=6.4045734759148429e-07
cycle=4604 time=1.5555607212261302e-01 dt=6.4048266664799541e-07
cycle=4605 time=1.5555671260527967e-01 dt=6.4050823305024521e-07
cycle=4606 time=1.5555735311351274e-01 dt=6.4053493246773882e-07
cycle=4607 time=1.5555799364844519e-01 dt=6.4056375933051976e-07
cycle=4608 time=1.5555863421220453e-01 dt=6.4059454375234531e-07
cycle=4609 time=1.5555927480674828e-01 dt=6.4062711193514273e-07
cycle=4610 time=1.5555991543386022e-01 dt=6.4066128764310228e-07
cycle=4611 time=1.5556055609514785e-01 dt=6.4069689361313382e-07
cycle=4612 time=1.5556119679204147e-01 dt=6.4073375289995451e-07
cycle=4613 time=1.5556183752579436e-01 dt=6.4077169015444595e-07
cycle=4614 time=1.5556247829748451e-01 dt=6.4081053283320731e-07
cycle=4615 time=1.5556311910801734e-01 dt=6.4085011233724030e-07
cycle=4616 time=1.5556375995812968e-01 dt=6.4089026507250001e-07
cycle=4617 time=1.5556440084839476e-01 dt=6.4093083344238224e-07
cycle=4618 time=1.5556504177922820e-01 dt=6.4097166676005178e-07
cycle=4619 time=1.5556568275089497e-01 dt=6.4101262207654068e-07
cycle=4620 time=1.5556632376351703e-01 dt=6.4105356492377212e-07
cycle=4621 time=1.5556696481708196e-01 dt=6.4109437048677290e-07
cycle=4622 time=1.5556760591145244e-01 dt=6.4113492503846106e-07
cycle=4623 time=1.5556824704637748e-01 dt=6.4117512490138268e-07
cycle=4624 time=1.5556888822150239e-01 dt=6.4121487681707261e-07
cycle=4625 time=1.5556952943637919e-01 dt=6.4125409822138767e-07
cycle=4626 time=1.5557017069047741e-01 dt=6.4129271742487591e-07
cycle=4627 time=1.5557081198319483e-01 dt=6.4133067369052359e-07
cycle=4628 time=1.5557145331386851e-01 dt=6.4136791721629653e-07
cycle=4629 time=1.5557209468178573e-01 dt=6.4140440909651572e-07
cycle=4630 time=1.5557273608619482e-01 dt=6.4144012108762023e-07
cycle=4631 time=1.5557337752631589e-01 dt=6.4147503533208836e-07
cycle=4632 time=1.5557401900135123e-01 dt=6.4150914420441504e-07
cycle=4633 time=1.5557466051049543e-01 dt=6.4154244976390826e-07
cycle=4634 time=1.5557530205294520e-01 dt=6.4157496323359469e-07
cycle=4635 time=1.5557594362790844e-01 dt=6.4160670450086879e-07
cycle=4636 time=1.5557658523461293e-01 dt=6.4163770152325195e-07
cycle=4637 time=1.5557722687231446e-01 dt=6.4166798953718582e-07
cycle=4638 time=1.5557786854030400e-01 dt=6.4169760321532607e-07
cycle=4639 time=1.5557851023790722e-01 dt=6.4172654750291002e-07
cycle=4640 time=1.5557915196445474e-01 dt=6.4175483676250256e-07
cycle=4641 time=1.5557979371929151e-01 dt=6.4178249375976384e-07
cycle=4642 time=1.5558043550178527e-01 dt=6.4180954895722913e-07
cycle=4643 time=1.5558107731133422e-01 dt=6.4183603980300239e-07
cycle=4644 time=1.5558171914737404e-01 dt=6.4186200999359049e-07
cycle=4645 time=1.5558236100938402e-01 dt=6.4185312061795229e-07
cycle=4646 time=1.5558300286250465e-01 dt=6.4181616558491577e-07
cycle=4647 time=1.5558364467867022e-01 dt=6.4177650314174857e-07
cycle=4648 time=1.5558428645517336e-01 dt=6.4173497684288848e-07
cycle=4649 time=1.5558492819015021e-01 dt=6.4169240195548736e-07
cycle=4650 time=1.5558556988255218e-01 dt=6.4164955789337466e-07
cycle=4651 time=1.5558621153211008e-01 dt=6.4160838448273027e-07
cycle=4652 time=1.5558685314049456e-01 dt=6.4156958861030167e-07
cycle=4653 time=1.5558749471008318e-01 dt=6.4153371503439910e-07
cycle=4654 time=1.5558813624379822e-01 dt=6.4150124650494608e-07
cycle=4655 time=1.5558877774504473e-01 dt=6.4147260300696500e-07
cycle=4656 time=1.5558941921764774e-01 dt=6.4144814194070341e-07
cycle=4657 time=1.5559006066578968e-01 dt=6.4142815934727598e-07
cycle=4658 time=1.5559070209394901e-01 dt=6.4141289136665767e-07
cycle=4659 time=1.5559134350684037e-01 dt=6.4140251692025061e-07
cycle=4660 time=1.5559198490935730e-01 dt=6.4139716051784628e-07
cycle=4661 time=1.5559262630651782e-01 dt=6.4139689477084347e-07
cycle=4662 time=1.5559326770341259e-01 dt=6.4140174508410168e-07
cycle=4663 time=1.5559390910515766e-01 dt=6.4141169314785561e-07
cycle=4664 time=1.5559455051685081e-01 dt=6.4142668069301400e-07
cycle=4665 time=1.5559519194353150e-01 dt=6.4144661164186527e-07
cycle=4666 time=1.5559583339014313e-01 dt=6.4147135880582902e-07
cycle=4667 time=1.5559647486150194e-01 dt=6.4150076707944338e-07
cycle=4668 time=1.5559711636226903e-01 dt=6.4153465617594892e-07
cycle=4669 time=1.5559775789692520e-01 dt=6.4157285696825144e-07
cycle=4670 time=1.5559839946978218e-01 dt=6.4161518018862220e-07
cycle=4671 time=1.5559904108496236e-01 dt=6.4166141759981256e-07
cycle=4672 time=1.5559968274637997e-01 dt=6.4171136349083660e-07
cycle=4673 time=1.5560032445774347e-01 dt=6.4176483733775298e-07
cycle=4674 time=1.5560096622258079e-01 dt=6.4182158536260262e-07
cycle=4675 time=1.5560160804416615e-01 dt=6.4188134472113297e-07
cycle=4676 time=1.5560224992551086e-01 dt=6.4194384575411763e-07
cycle=4677 time=1.5560289186935661e-01 dt=6.4200881413116406e-07
cycle=4678 time=1.5560353387817075e-01 dt=6.4207597289860745e-07
cycle=4679 time=1.5560417595414364e-01 dt=6.4214504444119044e-07
cycle=4680 time=1.5560481809918808e-01 dt=6.4221575236450923e-07
cycle=4681 time=1.5560546031494044e-01 dt=6.4228782330239220e-07
cycle=4682 time=1.5560610260276375e-01 dt=6.4236098861154469e-07
cycle=4683 time=1.5560674496375237e-01 dt=6.4243498589047107e-07
cycle=4684 time=1.5560738739873828e-01 dt=6.4250956054441374e-07
cycle=4685 time=1.5560802990829883e-01 dt=6.4258446771209084e-07
cycle=4686 time=1.5560867249276655e-01 dt=6.4265947320799249e-07
cycle=4687 time=1.5560931515223977e-01 dt=6.4273435476192075e-07
cycle=4688 time=1.5560995788659454e-01 dt=6.4280890325663332e-07
cycle=4689 time=1.5561060069549779e-01 dt=6.4288292385179064e-07
cycle=4690 time=1.5561124357842163e-01 dt=6.4295623719111402e-07
cycle=4691 time=1.5561188653465882e-01 dt=6.4302868002696517e-07
cycle=4692 time=1.5561252956333885e-01 dt=6.4310010589863884e-07
cycle=4693 time=1.5561317266344474e-01 dt=6.4317038566052294e-07
cycle=4694 time=1.5561381583383041e-01 dt=6.4323940785499278e-07
cycle=4695 time=1.5561445907323826e-01 dt=6.4330707892784327e-07
cycle=4696 time=1.5561510238031720e-01 dt=6.4337332328534005e-07
cycle=4697 time=1.5561574575364048e-01 dt=6.4343808319298537e-07
cycle=4698 time=1.5561638919172369e-01 dt=6.4350131852189456e-07
cycle=4699 time=1.5561703269304220e-01 dt=6.4356300634641098e-07
cycle=4700 time=1.5561767625604855e-01 dt=6.4362314040020575e-07
cycle=4701 time=1.5561831987918895e-01 dt=6.4368173039828408e-07
cycle=4702 time=1.5561896356091934e-01 dt=6.4373880123629732e-07
cycle=4703 time=1.5561960729972057e-01 dt=6.4379439207849239e-07
cycle=4704 time=1.5562025109411265e-01 dt=6.4384855534712473e-07
cycle=4705 time=1.5562089494266801e-01 dt=6.4390135562712851e-07
cycle=4706 time=1.5562153884402363e-01 dt=6.4395286850053572e-07
cycle=4707 time=1.5562218279689213e-01 dt=6.4400317932585155e-07
cycle=4708 time=1.5562282680007145e-01 dt=6.4405238197989913e-07
cycle=4709 time=1.5562347085245343e-01 dt=6.4410057757047138e-07
cycle=4710 time=1.5562411495303100e-01 dt=6.4414787313959222e-07
cycle=4711 time=1.5562475910090415e-01 dt=6.4419438037167600e-07
cycle=4712 time=1.5562540329528451e-01 dt=6.4424021432026727e-07
cycle=4713 time=1.5562604753549883e-01 dt=6.4428549216611853e-07
cycle=4714 time=1.5562669182099101e-01 dt=6.4433033201006628e-07
cycle=4715 time=1.5562733615132301e-01 dt=6.4437485174238029e-07
cycle=4716 time=1.5562798052617477e-01 dt=6.4441915884566728e-07
cycle=4717 time=1.5562862494533361e-01 dt=6.4446336689878044e-07
cycle=4718 time=1.5562926940870050e-01 dt=6.4450758768830080e-07
cycle=4719 time=1.5562991391628819e-01 dt=6.4455192896476623e-07
cycle=4720 time=1.5563055846821716e-01 dt=6.4459649367626340e-07
cycle=4721 time=1.5563120306471084e-01 dt=6.4464137929317558e-07
cycle=4722 time=1.5563184770609015e-01 dt=6.4468667722601539e-07
cycle=4723 time=1.5563249239276739e-01 dt=6.4473247233677850e-07
cycle=4724 time=1.5563313712523971e-01 dt=6.4477884254318218e-07
cycle=4725 time=1.5563378190408225e-01 dt=6.4482585851394385e-07
cycle=4726 time=1.5563442672994077e-01 dt=6.4487358345141653e-07
cycle=4727 time=1.5563507160352422e-01 dt=6.4492207296288745e-07
cycle=4728 time=1.5563571652559718e-01 dt=6.4497137500858552e-07
cycle=4729 time=1.5563636149697219e-01 dt=6.4502152992192170e-07
cycle=4730 time=1.5563700651850210e-01 dt=6.4507257052463526e-07
cycle=4731 time=1.5563765159107262e-01 dt=6.4512452229129451e-07
cycle=4732 time=1.5563829671559493e-01 dt=6.4517740356412284e-07
cycle=4733 time=1.5563894189299848e-01 dt=6.4523122582353208e-07
cycle=4734 time=1.5563958712422429e-01 dt=6.4528599400262633e-07
cycle=4735 time=1.5564023241021829e-01 dt=6.4534170683724239e-07
cycle=4736 time=1.5564087775192514e-01 dt=6.4539835724946938e-07
cycle=4737 time=1.5564152315028240e-01 dt=6.4545593275904298e-07
cycle=4738 time=1.5564216860621516e-01 dt=6.4551441591513714e-07
cycle=4739 time=1.5564281412063108e-01 dt=6.4557378473037935e-07
cycle=4740 time=1.5564345969441581e-01 dt=6.4563401313170498e-07
cycle=4741 time=1.5564410532842896e-01 dt=6.4569507143322890e-07
cycle=4742 time=1.5564475102350039e-01 dt=6.4575692681179484e-07
cycle=4743 time=1.5564539678042721e-01 dt=6.4581954378116426e-07
cycle=4744 time=1.5564604259997100e-01 dt=6.4588288466090094e-07
cycle=4745 time=1.5564668848285565e-01 dt=6.4594691003665995e-07
cycle=4746 time=1.5564733442976569e-01 dt=6.4601157920803120e-07
cycle=4747 time=1.5564798044134490e-01 dt=6.4607685062124576e-07
cycle=4748 time=1.5564862651819553e-01 dt=6.4614268228435381e-07
cycle=4749 time=1.5564927266087780e-01 dt=6.4620903216233301e-07
cycle=4750 time=1.5564991886990998e-01 dt=6.4627585855004355e-07
cycle=4751 time=1.5565056514576853e-01 dt=6.4634312042124578e-07
cycle=4752 time=1.5565121148888894e-01 dt=6.4641077775214862e-07
cycle=4753 time=1.5565185789966671e-01 dt=6.4647879181789841e-07
cycle=4754 time=1.5565250437845851e-01 dt=6.4654712546140100e-07
cycle=4755 time=1.5565315092558396e-01 dt=6.4661574333375186e-07
cycle=4756 time=1.5565379754132730e-01 dt=6.4668461210578729e-07
cycle=4757 time=1.5565444422593941e-01 dt=6.4675370065062863e-07
cycle=4758 time=1.5565509097964006e-01 dt=6.4682298019643311e-07
cycle=4759 time=1.5565573780262026e-01 dt=6.4689242445136157e-07
cycle=4760 time=1.5565638469504472e-01 dt=6.4696200963722156e-07
cycle=4761 time=1.5565703165705436e-01 dt=6.4703171448991884e-07
cycle=4762 time=1.5565767868876884e-01 dt=6.4710152039037443e-07
cycle=4763 time=1.5565832579028924e-01 dt=6.4717141138494807e-07
cycle=4764 time=1.5565897296170061e-01 dt=6.4724137418133024e-07
cycle=4765 time=1.5565962020307481e-01 dt=6.4731139812120097e-07
cycle=4766 time=1.5566026751447293e-01 dt=6.4738119617263931e-07
cycle=4767 time=1.5566091489566911e-01 dt=6.4745029119206646e-07
cycle=4768 time=1.5566156234596029e-01 dt=6.4751871600749028e-07
cycle=4769 time=1.5566220986467630e-01 dt=6.4758651002761246e-07
cycle=4770 time=1.5566285745118633e-01 dt=6.4765371908239206e-07
cycle=4771 time=1.5566350510490540e-01 dt=6.4772039457550005e-07
cycle=4772 time=1.5566415282529997e-01 dt=6.4778659225351403e-07
cycle=4773 time=1.5566480061189222e-01 dt=6.4785237147081563e-07
cycle=4774 time=1.5566544846426369e-01 dt=6.4791779445892249e-07
cycle=4775 time=1.5566609638205817e-01 dt=6.4798292560743250e-07
cycle=4776 time=1.5566674436498376e-01 dt=6.4804783076328844e-07
cycle=4777 time=1.5566739241281452e-01 dt=6.4811257655470639e-07
cycle=4778 time=1.5566804052539107e-01 dt=6.4817722974846053e-07
cycle=4779 time=1.5566868870262082e-01 dt=6.4824185664626739e-07
cycle=4780 time=1.5566933694447746e-01 dt=6.4830652251324156e-07
cycle=4781 time=1.5566998525099998e-01 dt=6.4837129105149404e-07
cycle=4782 time=1.5567063362229103e-01 dt=6.4843621865667764e-07
cycle=4783 time=1.5567128205850969e-01 dt=6.4850135898935457e-07
cycle=4784 time=1.5567193055986869e-01 dt=6.4856676428129631e-07
cycle=4785 time=1.5567257912663299e-01 dt=6.4863248472026199e-07
cycle=4786 time=1.5567322775911771e-01 dt=6.4869856796289734e-07
cycle=4787 time=1.5567387645768568e-01 dt=6.4876505877036633e-07
cycle=4788 time=1.5567452522274444e-01 dt=6.4883199865235276e-07
cycle=4789 time=1.5567517405474310e-01 dt=6.4889942565121383e-07
cycle=4790 time=1.5567582295416876e-01 dt=6.4896737413471410e-07
cycle=4791 time=1.5567647192154291e-01 dt=6.4903587467066074e-07
cycle=4792 time=1.5567712095741759e-01 dt=6.4910495395318749e-07
cycle=4793 time=1.5567777006237155e-01 dt=6.4917463477593666e-07
cycle=4794 time=1.5567841923700632e-01 dt=6.4924493604713762e-07
cycle=4795 time=1.5567906848194235e-01 dt=6.4931587284296629e-07
cycle=4796 time=1.5567971779781520e-01 dt=6.4938745649538765e-07
cycle=4797 time=1.5568036718527170e-01 dt=6.4945969471006740e-07
cycle=4798 time=1.5568101664496642e-01 dt=6.4953259170493972e-07
cycle=4799 time=1.5568166617755813e-01 dt=6.4960614839661466e-07
cycle=4800 time=1.5568231578370653e-01 dt=6.4968036257789725e-07
cycle=4801 time=1.5568296546406912e-01 dt=6.4975522913060932e-07
cycle=4802 time=1.5568361521929824e-01 dt=6.4983074024744207e-07
cycle=4803 time=1.5568426505003849e-01 dt=6.4990688566591994e-07
cycle=4804 time=1.5568491495692416e-01 dt=6.4998365291070326e-07
cycle=4805 time=1.5568556494057706e-01 dt=6.5006102754173062e-07
cycle=4806 time=1.5568621500160459e-01 dt=6.5013899340549661e-07
cycle=4807 time=1.5568686514059801e-01 dt=6.5021753288783749e-07
cycle=4808 time=1.5568751535813091e-01 dt=6.5029662716667744e-07
cycle=4809 time=1.5568816565475807e-01 dt=6.5037625640038930e-07
cycle=4810 time=1.5568881603101448e-01 dt=6.5045639987590192e-07
cycle=4811 time=1.5568946648741436e-01 dt=6.5053703684161929e-07
cycle=4812 time=1.5569011702445121e-01 dt=6.5061814626486692e-07
cycle=4813 time=1.5569076764259748e-01 dt=6.5069970704436056e-07
cycle=4814 time=1.5569141834230452e-01 dt=6.5078169821101494e-07
cycle=4815 time=1.5569206912400274e-01 dt=6.5086411158315564e-07
cycle=4816 time=1.5569271998811432e-01 dt=6.5094693962969742e-07
cycle=4817 time=1.5569337093505395e-01 dt=6.5103017411052390e-07
cycle=4818 time=1.5569402196522805e-01 dt=6.5111380621829024e-07
cycle=4819 time=1.5569467307903426e-01 dt=6.5119782670482317e-07
cycle=4820 time=1.5569532427686097e-01 dt=6.5128222600486347e-07
cycle=4821 time=1.5569597555908699e-01 dt=6.5136699435091256e-07
cycle=4822 time=1.5569662692608133e-01 dt=6.5145212180380715e-07
cycle=4823 time=1.5569727837820313e-01 dt=6.5153759850781726e-07
cycle=4824 time=1.5569792991580164e-01 dt=6.5162341473750180e-07
cycle=4825 time=1.5569858153921637e-01 dt=6.5170956097726024e-07
cycle=4826 time=1.5569923324877735e-01 dt=6.5179602801686839e-07
cycle=4827 time=1.5569988504480536e-01 dt=6.5188280703487907e-07
cycle=4828 time=1.5570053692761240e-01 dt=6.5196988967398676e-07
cycle=4829 time=1.5570118889750209e-01 dt=6.5205726810668313e-07
cycle=4830 time=1.5570184095477019e-01 dt=6.5214493509469301e-07
cycle=4831 time=1.5570249309970527e-01 dt=6.5223288403936294e-07
cycle=4832 time=1.5570314533258930e-01 dt=6.5232110900622231e-07
cycle=4833 time=1.5570379765369832e-01 dt=6.5240960472095040e-07
cycle=4834 time=1.5570445006330305e-01 dt=6.5249836663674982e-07
cycle=4835 time=1.5570510256166969e-01 dt=6.5258739095353210e-07
cycle=4836 time=1.5570575514906065e-01 dt=6.5267667462959990e-07
cycle=4837 time=1.5570640782573528e-01 dt=6.5276621538600718e-07
cycle=4838 time=1.5570706059195066e-01 dt=6.5285601170399790e-07
cycle=4839 time=1.5570771344796236e-01 dt=6.5294606281681636e-07
cycle=4840 time=1.5570836639402519e-01 dt=6.5303636868081272e-07
cycle=4841 time=1.5570901943039386e-01 dt=6.5312692994231590e-07
cycle=4842 time=1.5570967255732382e-01 dt=6.5321774491885270e-07
cycle=4843 time=1.5571032577506874e-01 dt=6.5330881521821004e-07
cycle=4844 time=1.5571097908388395e-01 dt=6.5340014357800825e-07
cycle=4845 time=1.5571163248402753e-01 dt=6.5349173334938748e-07
cycle=4846 time=1.5571228597576087e-01 dt=6.5358358843889547e-07
cycle=4847 time=1.5571293955934931e-01 dt=6.5367571322616921e-07
cycle=4848 time=1.5571359323506254e-01 dt=6.5376811249474669e-07
cycle=4849 time=1.5571424700317504e-01 dt=6.5386079226489893e-07
cycle=4850 time=1.5571490086396730e-01 dt=6.5395375899956577e-07
cycle=4851 time=1.5571555481772631e-01 dt=6.5404701935358554e-07
cycle=4852 time=1.5571620886474566e-01 dt=6.5414058012862613e-07
cycle=4853 time=1.5571686300532578e-01 dt=6.5423444822958409e-07
cycle=4854 time=1.5571751723977401e-01 dt=6.5432863062262810e-07
cycle=4855 time=1.5571817156840462e-01 dt=6.5442313430909311e-07
cycle=4856 time=1.5571882599153894e-01 dt=6.5451796628111964e-07
cycle=4857 time=1.5571948050950521e-01 dt=6.5461313347487086e-07
cycle=4858 time=1.5572013512263869e-01 dt=6.5470864273785544e-07
cycle=4859 time=1.5572078983128143e-01 dt=6.5480448151261705e-07
cycle=4860 time=1.5572144463576296e-01 dt=6.5490065292695591e-07
cycle=4861 time=1.5572209953641589e-01 dt=6.5499716412435795e-07
cycle=4862 time=1.5572275453358000e-01 dt=6.5509402218807340e-07
cycle=4863 time=1.5572340962760220e-01 dt=6.5519123410837835e-07
cycle=4864 time=1.5572406481883630e-01 dt=6.5528880675148599e-07
cycle=4865 time=1.5572472010764304e-01 dt=6.5538674683145431e-07
cycle=4866 time=1.5572537549438989e-01 dt=6.5548506088514755e-07
cycle=4867 time=1.5572603097945079e-01 dt=6.5558375525028750e-07
cycle=4868 time=1.5572668656320604e-01 dt=6.5568283604659552e-07
cycle=4869 time=1.5572734224604209e-01 dt=6.5578230915996611e-07
cycle=4870 time=1.5572799802835124e-01 dt=6.5588218022961389e-07
cycle=4871 time=1.5572865391053148e-01 dt=6.5598245463808171e-07
cycle=4872 time=1.5572930989298611e-01 dt=6.5608313750397347e-07
cycle=4873 time=1.5572996597612362e-01 dt=6.5618423367726652e-07
cycle=4874 time=1.5573062216035730e-01 dt=6.5628574773700023e-07
cycle=4875 time=1.5573127844610504e-01 dt=6.5638768399114287e-07
cycle=4876 time=1.5573193483378903e-01 dt=6.5649004665529918e-07
cycle=4877 time=1.5573259132383568e-01 dt=6.5659284399823772e-07
cycle=4878 time=1.5573324791667970e-01 dt=6.5669608396507819e-07
cycle=4879 time=1.5573390461276365e-01 dt=6.5679977399165051e-07
cycle=4880 time=1.5573456141253764e-01 dt=6.5690392100542614e-07
cycle=4881 time=1.5573521831645865e-01 dt=6.5700853142934771e-07
cycle=4882 time=1.5573587532499009e-01 dt=6.5711361119007256e-07
cycle=4883 time=1.5573653243860128e-01 dt=6.5721916572927916e-07
cycle=4884 time=1.5573718965776701e-01 dt=6.5732519976919462e-07
cycle=4885 time=1.5573784698296678e-01 dt=6.5743171781574367e-07
cycle=4886 time=1.5573850441468459e-01 dt=6.5753872396969213e-07
cycle=4887 time=1.5573916195340856e-01 dt=6.5764622193975438e-07
cycle=4888 time=1.5573981959963051e-01 dt=6.5775421507146990e-07
cycle=4889 time=1.5574047735384558e-01 dt=6.5786270637805919e-07
cycle=4890 time=1.5574113521655195e-01 dt=6.5797169859266178e-07
cycle=4891 time=1.5574179318825054e-01 dt=6.5808119432677119e-07
cycle=4892 time=1.5574245126944486e-01 dt=6.5819119579082780e-07
cycle=4893 time=1.5574310946064066e-01 dt=6.5830170499536710e-07
cycle=4894 time=1.5574376776234566e-01 dt=6.5841272378868626e-07
cycle=4895 time=1.5574442617506945e-01 dt=6.5852425389040084e-07
cycle=4896 time=1.5574508469932333e-01 dt=6.5863629692579228e-07
cycle=4897 time=1.5574574333562025e-01 dt=6.5874885445933370e-07
cycle=4898 time=1.5574640208447471e-01 dt=6.5886192802714880e-07
cycle=4899 time=1.5574706094640273e-01 dt=6.5897551919508724e-07
cycle=4900 time=1.5574771992192193e-01 dt=6.5908962961630640e-07
cycle=4901 time=1.5574837901155156e-01 dt=6.5920426092188998e-07
cycle=4902 time=1.5574903821581249e-01 dt=6.5931941480903081e-07
cycle=4903 time=1.5574969753522730e-01 dt=6.5943509307732757e-07
cycle=4904 time=1.5575035697032039e-01 dt=6.5955129766018780e-07
cycle=4905 time=1.5575101652161805e-01 dt=6.5966803064339170e-07
cycle=4906 time=1.5575167618964869e-01 dt=6.5978529428298813e-07
cycle=4907 time=1.5575233597494298e-01 dt=6.5990309101960777e-07
cycle=4908 time=1.5575299587803401e-01 dt=6.6002142349552510e-07
cycle=4909 time=1.5575365589945750e-01 dt=6.6014029456639811e-07
cycle=4910 time=1.5575431603975207e-01 dt=6.6025970731016050e-07
cycle=4911 time=1.5575497629945936e-01 dt=6.6037966503370640e-07
cycle=4912 time=1.5575563667912440e-01 dt=6.6050017127745131e-07
cycle=4913 time=1.5575629717929568e-01 dt=6.6062122980507634e-07
cycle=4914 time=1.5575695780052548e-01 dt=6.6074287634468765e-07
cycle=4915 time=1.5575761854340184e-01 dt=6.6086512174644291e-07
cycle=4916 time=1.5575827940852358e-01 dt=6.6098794343095765e-07
cycle=4917 time=1.5575894039646701e-01 dt=6.6111131798582139e-07
cycle=4918 time=1.5575960150778501e-01 dt=6.6123522289754299e-07
cycle=4919 time=1.5576026274300792e-01 dt=6.6135963673034817e-07
cycle=4920 time=1.5576092410264464e-01 dt=6.6148453928469981e-07
cycle=4921 time=1.5576158558718392e-01 dt=6.6160991173465497e-07
cycle=4922 time=1.5576224719709567e-01 dt=6.6173573674430997e-07
cycle=4923 time=1.5576290893283240e-01 dt=6.6186199856348715e-07
cycle=4924 time=1.5576357079483097e-01 dt=6.6198868310298597e-07
cycle=4925 time=1.5576423278351406e-01 dt=6.6211577798992691e-07
cycle=4926 time=1.5576489489929204e-01 dt=6.6224327260385438e-07
cycle=4927 time=1.5576555714256465e-01 dt=6.6237115809440678e-07
cycle=4928 time=1.5576621951372274e-01 dt=6.6249942738148569e-07
cycle=4929 time=1.5576688201315012e-01 dt=6.6262807513896783e-07
cycle=4930 time=1.5576754464122525e-01 dt=6.6275709776310674e-07
cycle=4931 time=1.5576820739832301e-01 dt=6.6288649332689538e-07
cycle=4932 time=1.5576887028481634e-01 dt=6.6301626152167135e-07
cycle=4933 time=1.5576953330107787e-01 dt=6.6314640358568541e-07
cycle=4934 time=1.5577019644748147e-01 dt=6.6327692153927464e-07
cycle=4935 time=1.5577085972440302e-01 dt=6.6340781820907765e-07
cycle=4936 time=1.5577152313222123e-01 dt=6.6353909910753807e-07
cycle=4937 time=1.5577218667132034e-01 dt=6.6367077092360743e-07
cycle=4938 time=1.5577285034209126e-01 dt=6.6380284678871934e-07
cycle=4939 time=1.5577351414493806e-01 dt=6.6393534567188740e-07
cycle=4940 time=1.5577417808028374e-01 dt=6.6406828662067649e-07
cycle=4941 time=1.5577484214857035e-01 dt=6.6420168864564495e-07
cycle=4942 time=1.5577550635025900e-01 dt=6.6433557057349276e-07
cycle=4943 time=1.5577617068582958e-01 dt=6.6446995092567127e-07
cycle=4944 time=1.5577683515578050e-01 dt=6.6460484778650108e-07
cycle=4945 time=1.5577749976062830e-01 dt=6.6474027866494210e-07
cycle=4946 time=1.5577816450090695e-01 dt=6.6487626041591186e-07
cycle=4947 time=1.5577882937716736e-01 dt=6.6501281002755406e-07
cycle=4948 time=1.5577949438997737e-01 dt=6.6514994387235352e-07
cycle=4949 time=1.5578015953992125e-01 dt=6.6528767610641030e-07
cycle=4950 time=1.5578082482759736e-01 dt=6.6542601993334768e-07
cycle=4951 time=1.5578149025361729e-01 dt=6.6556498756194005e-07
cycle=4952 time=1.5578215581860486e-01 dt=6.6570459015988209e-07
cycle=4953 time=1.5578282152319500e-01 dt=6.6584483781574615e-07
cycle=4954 time=1.5578348736803282e-01 dt=6.6598573954178599e-07
cycle=4955 time=1.5578415335377235e-01 dt=6.6612730328580661e-07
cycle=4956 time=1.5578481948107564e-01 dt=6.6626953595236086e-07
cycle=4957 time=1.5578548575061160e-01 dt=6.6641244344708508e-07
cycle=4958 time=1.5578615216305505e-01 dt=6.6655603069672712e-07
cycle=4959 time=1.5578681871908576e-01 dt=6.6670030164985272e-07
cycle=4960 time=1.5578748541938742e-01 dt=6.6684525886510532e-07
cycle=4961 time=1.5578815226464629e-01 dt=6.6699090414155262e-07
cycle=4962 time=1.5578881925555044e-01 dt=6.6713723858128580e-07
cycle=4963 time=1.5578948639278903e-01 dt=6.6728426266110544e-07
cycle=4964 time=1.5579015367705168e-01 dt=6.6743197630639311e-07
cycle=4965 time=1.5579082110902798e-01 dt=6.6758037896156508e-07
cycle=4966 time=1.5579148868940693e-01 dt=6.6772946967829460e-07
cycle=4967 time=1.5579215641887662e-01 dt=6.6787924715927702e-07
cycle=4968 time=1.5579282429812377e-01 dt=6.6802970983145081e-07
cycle=4969 time=1.5579349232783360e-01 dt=6.6818085590536188e-07
cycle=4970 time=1.5579416050868949e-01 dt=6.6833268318022849e-07
cycle=4971 time=1.5579482884137266e-01 dt=6.6848518821655741e-07
cycle=4972 time=1.5579549732656087e-01 dt=6.6863836662079573e-07
cycle=4973 time=1.5579616596492749e-01 dt=6.6879221336852908e-07
cycle=4974 time=1.5579683475714085e-01 dt=6.6894672307560250e-07
cycle=4975 time=1.5579750370386392e-01 dt=6.6910189022804038e-07
cycle=4976 time=1.5579817280575414e-01 dt=6.6925770937694438e-07
cycle=4977 time=1.5579884206346353e-01 dt=6.6941417530404403e-07
cycle=4978 time=1.5579951147763885e-01 dt=6.6957128316186220e-07
cycle=4979 time=1.5580018104892202e-01 dt=6.6972902859150542e-07
cycle=4980 time=1.5580085077795061e-01 dt=6.6988740782046427e-07
cycle=4981 time=1.5580152066535843e-01 dt=6.7004641774235552e-07
cycle=4982 time=1.5580219071177617e-01 dt=6.7020605598035964e-07
cycle=4983 time=1.5580286091783216e-01 dt=6.7036632093644890e-07
cycle=4984 time=1.5580353128415309e-01 dt=6.7052721182433999e-07
cycle=4985 time=1.5580420181136492e-01 dt=6.7068872869106101e-07
cycle=4986 time=1.5580487250009362e-01 dt=6.7085087242731001e-07
cycle=4987 time=1.5580554335096605e-01 dt=6.7101364476668632e-07
cycle=4988 time=1.5580621436461081e-01 dt=6.7117704827523435e-07
cycle=4989 time=1.5580688554165908e-01 dt=6.7134108633224316e-07
cycle=4990 time=1.5580755688274542e-01 dt=6.7150576310323870e-07
cycle=4991 time=1.5580822838850852e-01 dt=6.7167108350608524e-07
cycle=4992 time=1.5580890005959203e-01 dt=6.7181812188115583e-07
cycle=4993 time=1.5580957187771391e-01 dt=6.7194732005770422e-07
cycle=4994 time=1.5581024382503397e-01 dt=6.7205991444822787e-07
cycle=4995 time=1.5581091588494841e-01 dt=6.7215725956577445e-07
cycle=4996 time=1.5581158804220799e-01 dt=6.7224080881944605e-07
cycle=4997 time=1.5581226028301681e-01 dt=6.7231209383031224e-07
cycle=4998 time=1.5581293259511064e-01 dt=6.7237270280213701e-07
cycle=4999 time=1.5581360496781343e-01 dt=6.7242425846044046e-07
cycle=5000 time=1.5581427739207190e-01 dt=6.7246839605129689e-07
cycle=5001 time=1.5581494986046796e-01 dt=6.7250674186568982e-07
cycle=5002 time=1.5581562236720983e-01 dt=6.7254089272445724e-07
cycle=5003 time=1.5581629490810256e-01 dt=6.7257239682188798e-07
cycle=5004 time=1.5581696748049939e-01 dt=6.7260273628176731e-07
cycle=5005 time=1.5581764008323568e-01 dt=6.7263331172720135e-07
cycle=5006 time=1.5581831271654739e-01 dt=6.7266542910503133e-07
cycle=5007 time=1.5581898538197650e-01 dt=6.7270028893808192e-07
cycle=5008 time=1.5581965808226544e-01 dt=6.7273897810482094e-07
cycle=5009 time=1.5582033082124355e-01 dt=6.7278246416867090e-07
cycle=5010 time=1.5582100360370771e-01 dt=6.7283159221406246e-07
cycle=5011 time=1.5582167643529993e-01 dt=6.7288708400251611e-07
cycle=5012 time=1.5582234932238392e-01 dt=6.7294953931345044e-07
cycle=5013 time=1.5582302227192324e-01 dt=6.7301943924312361e-07
cycle=5014 time=1.5582369529136247e-01 dt=6.7309715108494883e-07
cycle=5015 time=1.5582436838851355e-01 dt=6.7318293450726834e-07
cycle=5016 time=1.5582504157144805e-01 dt=6.7327694869539859e-07
cycle=5017 time=1.5582571484839675e-01 dt=6.7337926014188895e-07
cycle=5018 time=1.5582638822765688e-01 dt=6.7348985079138629e-07
cycle=5019 time=1.5582706171750765e-01 dt=6.7360862627528650e-07
cycle=5020 time=1.5582773532613392e-01 dt=6.7373542405444036e-07
cycle=5021 time=1.5582840906155798e-01 dt=6.7387002126454100e-07
cycle=5022 time=1.5582908293157924e-01 dt=6.7401214217310275e-07
cycle=5023 time=1.5582975694372142e-01 dt=6.7416146517461321e-07
cycle=5024 time=1.5583043110518660e-01 dt=6.7431762929282558e-07
cycle=5025 time=1.5583110542281589e-01 dt=6.7448024019206267e-07
cycle=5026 time=1.5583177990305608e-01 dt=6.7285346157573190e-07
cycle=5027 time=1.5583245275651766e-01 dt=6.7104947617533648e-07
cycle=5028 time=1.5583312380599385e-01 dt=6.6916863384595448e-07
cycle=5029 time=1.5583379297462768e-01 dt=6.6724547956467235e-07
cycle=5030 time=1.5583446022010725e-01 dt=6.6531372836216031e-07
cycle=5031 time=1.5583512553383561e-01 dt=6.6340611359788511e-07
cycle=5032 time=1.5583578893994920e-01 dt=6.6155473548377394e-07
cycle=5033 time=1.5583645049468470e-01 dt=6.5979244570517423e-07
cycle=5034 time=1.5583711028713040e-01 dt=6.5815663677673444e-07
cycle=5035 time=1.5583776844376718e-01 dt=6.5669965382495102e-07
cycle=5036 time=1.5583842514342100e-01 dt=6.5551450842814320e-07
cycle=5037 time=1.5583908065792942e-01 dt=6.5459558591365412e-07
cycle=5038 time=1.5583973525351533e-01 dt=6.5387334184685895e-07
cycle=5039 time=1.5584038912685719e-01 dt=6.5329568671409438e-07
cycle=5040 time=1.5584104242254390e-01 dt=6.5282297548921832e-07
cycle=5041 time=1.5584169524551938e-01 dt=6.5242385491240220e-07
cycle=5042 time=1.5584234766937430e-01 dt=6.5207178954841616e-07
cycle=5043 time=1.5584299974116383e-01 dt=6.5175856027721670e-07
cycle=5044 time=1.5584365149972412e-01 dt=6.5148403141657590e-07
cycle=5045 time=1.5584430298375554e-01 dt=6.5124794287002805e-07
cycle=5046 time=1.5584495423169842e-01 dt=6.5104991564838192e-07
cycle=5047 time=1.5584560528161406e-01 dt=6.5088945749348453e-07
cycle=5048 time=1.5584625617107156e-01 dt=6.5076596859821520e-07
cycle=5049 time=1.5584690693704015e-01 dt=6.5067874741117177e-07
cycle=5050 time=1.5584755761578756e-01 dt=6.5062699651505242e-07
cycle=5051 time=1.5584820824278406e-01 dt=6.5060982856758125e-07
cycle=5052 time=1.5584885885261263e-01 dt=6.5062627229382395e-07
cycle=5053 time=1.5584950947888493e-01 dt=6.5067527851867806e-07
cycle=5054 time=1.5585016015416345e-01 dt=6.5075572622811221e-07
cycle=5055 time=1.5585081090988967e-01 dt=6.5086642865124114e-07
cycle=5056 time=1.5585146177631831e-01 dt=6.5100613934827234e-07
cycle=5057 time=1.5585211278245767e-01 dt=6.5117355828622992e-07
cycle=5058 time=1.5585276395601597e-01 dt=6.5136733789490885e-07
cycle=5059 time=1.5585341532335387e-01 dt=6.5158608942237253e-07
cycle=5060 time=1.5585406690944328e-01 dt=6.5182838961988594e-07
cycle=5061 time=1.5585471873783291e-01 dt=6.5209278654356789e-07
cycle=5062 time=1.5585537083061946e-01 dt=6.5237780524778239e-07
cycle=5063 time=1.5585602320842470e-01 dt=6.5268195338526593e-07
cycle=5064 time=1.5585667589037808e-01 dt=6.5300372677682112e-07
cycle=5065 time=1.5585732889410486e-01 dt=6.5334161515317864e-07
cycle=5066 time=1.5585798223572001e-01 dt=6.5369410684978272e-07
cycle=5067 time=1.5585863592982685e-01 dt=6.5405705368577606e-07
cycle=5068 time=1.5585928998688053e-01 dt=6.5441663309319069e-07
cycle=5069 time=1.5585994440351364e-01 dt=6.5476787523039466e-07
cycle=5070 time=1.5586059917138886e-01 dt=6.5511687674734236e-07
cycle=5071 time=1.5586125428826561e-01 dt=6.5546752092894710e-07
cycle=5072 time=1.5586190975578654e-01 dt=6.5582206650806670e-07
cycle=5073 time=1.5586256557785305e-01 dt=6.5618157982826339e-07
cycle=5074 time=1.5586322175943287e-01 dt=6.5654621899889085e-07
cycle=5075 time=1.5586387830565188e-01 dt=6.5691543994163192e-07
cycle=5076 time=1.5586453522109181e-01 dt=6.5728814279300931e-07
cycle=5077 time=1.5586519250923461e-01 dt=6.5766279531491012e-07
cycle=5078 time=1.5586585017202992e-01 dt=6.5803753801863356e-07
cycle=5079 time=1.5586650820956793e-01 dt=6.5841027526781469e-07
cycle=5080 time=1.5586716661984321e-01 dt=6.5877875552463385e-07
cycle=5081 time=1.5586782539859872e-01 dt=6.5914064302430912e-07
cycle=5082 time=1.5586848453924174e-01 dt=6.5949358193759581e-07
cycle=5083 time=1.5586914403282368e-01 dt=6.5983525362497987e-07
cycle=5084 time=1.5586980386807731e-01 dt=6.6016342731475442e-07
cycle=5085 time=1.5587046403150462e-01 dt=6.6047600440563620e-07
cycle=5086 time=1.5587112450750903e-01 dt=6.6077105652986593e-07
cycle=5087 time=1.5587178527856557e-01 dt=6.6104685749567525e-07
cycle=5088 time=1.5587244632542308e-01 dt=6.6130190924586292e-07
cycle=5089 time=1.5587310762733231e-01 dt=6.6153496194175666e-07
cycle=5090 time=1.5587376916229426e-01 dt=6.6174502834623607e-07
cycle=5091 time=1.5587443090732261e-01 dt=6.6193139283354079e-07
cycle=5092 time=1.5587509283871545e-01 dt=6.6209361521036583e-07
cycle=5093 time=1.5587575493233066e-01 dt=6.6223152963029978e-07
cycle=5094 time=1.5587641716386030e-01 dt=6.6234523899552342e-07
cycle=5095 time=1.5587707950909929e-01 dt=6.6243510518420444e-07
cycle=5096 time=1.5587774194420448e-01 dt=6.6250173552052552e-07
cycle=5097 time=1.5587840444594001e-01 dt=6.6254596593149737e-07
cycle=5098 time=1.5587906699190593e-01 dt=6.6256884113497223e-07
cycle=5099 time=1.5587972956074705e-01 dt=6.6257159264653854e-07
cycle=5100 time=1.5588039213233970e-01 dt=6.6255561495434180e-07
cycle=5101 time=1.5588105468795466e-01 dt=6.6252244023006197e-07
cycle=5102 time=1.5588171721039490e-01 dt=6.6247371216465171e-07
cycle=5103 time=1.5588237968410706e-01 dt=6.6241115941495417e-07
cycle=5104 time=1.5588304209526649e-01 dt=6.6233656912782774e-07
cycle=5105 time=1.5588370443183561e-01 dt=6.6225176098863231e-07
cycle=5106 time=1.5588436668359659e-01 dt=6.6215819137954302e-07
cycle=5107 time=1.5588502884178798e-01 dt=6.6205767640840146e-07
cycle=5108 time=1.5588569089946439e-01 dt=6.6195200842096780e-07
cycle=5109 time=1.5588635285147281e-01 dt=6.6184292528927522e-07
cycle=5110 time=1.5588701469439811e-01 dt=6.6173209182649663e-07
cycle=5111 time=1.5588767642648993e-01 dt=6.6162108353940178e-07
cycle=5112 time=1.5588833804757346e-01 dt=6.6151137287748526e-07
cycle=5113 time=1.5588899955894633e-01 dt=6.6140431807011763e-07
cycle=5114 time=1.5588966096326440e-01 dt=6.6130115459043562e-07
cycle=5115 time=1.5589032226441898e-01 dt=6.6120298922468010e-07
cycle=5116 time=1.5589098346740821e-01 dt=6.6111079664385558e-07
cycle=5117 time=1.5589164457820484e-01 dt=6.6102541842911831e-07
cycle=5118 time=1.5589230560362327e-01 dt=6.6094756430055900e-07
cycle=5119 time=1.5589296655118756e-01 dt=6.6087781533520703e-07
cycle=5120 time=1.5589362742900290e-01 dt=6.6081662890756188e-07
cycle=5121 time=1.5589428824563181e-01 dt=6.6076434505736216e-07
cycle=5122 time=1.5589494900997686e-01 dt=6.6072119397098700e-07
cycle=5123 time=1.5589560973117084e-01 dt=6.6068730425824741e-07
cycle=5124 time=1.5589627041847509e-01 dt=6.6066271171483030e-07
cycle=5125 time=1.5589693108118680e-01 dt=6.6064736828286036e-07
cycle=5126 time=1.5589759172855508e-01 dt=6.6064115095481901e-07
cycle=5127 time=1.5589825236970603e-01 dt=6.6064387040779012e-07
cycle=5128 time=1.5589891301357645e-01 dt=6.6065527920173833e-07
cycle=5129 time=1.5589957366885565e-01 dt=6.6067507942691382e-07
cycle=5130 time=1.5590023434393507e-01 dt=6.6070292973280337e-07
cycle=5131 time=1.5590089504686480e-01 dt=6.6073845171560860e-07
cycle=5132 time=1.5590155578531650e-01 dt=6.6078123567952106e-07
cycle=5133 time=1.5590221656655218e-01 dt=6.6083084581704964e-07
cycle=5134 time=1.5590287739739800e-01 dt=6.6088682487507117e-07
cycle=5135 time=1.5590353828422288e-01 dt=6.6094869838616236e-07
cycle=5136 time=1.5590419923292126e-01 dt=6.6101597852963694e-07
cycle=5137 time=1.5590486024889980e-01 dt=6.6108816779163844e-07
cycle=5138 time=1.5590552133706759e-01 dt=6.6116476236727453e-07
cycle=5139 time=1.5590618250182994e-01 dt=6.6124525544334145e-07
cycle=5140 time=1.5590684374708538e-01 dt=6.6132914041685081e-07
cycle=5141 time=1.5590750507622581e-01 dt=6.6141591405871193e-07
cycle=5142 time=1.5590816649213987e-01 dt=6.6150507969510990e-07
cycle=5143 time=1.5590882799721956e-01 dt=6.6159615053355014e-07
cycle=5144 time=1.5590948959337009e-01 dt=6.6168865266263533e-07
cycle=5145 time=1.5591015128202276e-01 dt=6.6178212803197722e-07
cycle=5146 time=1.5591081306415080e-01 dt=6.6187613742589093e-07
cycle=5147 time=1.5591147494028823e-01 dt=6.6197026336577423e-07
cycle=5148 time=1.5591213691055159e-01 dt=6.6206410803672863e-07
cycle=5149 time=1.5591279897465962e-01 dt=6.6215727032482908e-07
cycle=5150 time=1.5591346113192994e-01 dt=6.6224937688044337e-07
cycle=5151 time=1.5591412338130684e-01 dt=6.6234008377026267e-07
cycle=5152 time=1.5591478572139061e-01 dt=6.6242907909550596e-07
cycle=5153 time=1.5591544815046970e-01 dt=6.6251608459662144e-07
cycle=5154 time=1.5591611066655431e-01 dt=6.6260085691840357e-07
cycle=5155 time=1.5591677326741124e-01 dt=6.6268318851891179e-07
cycle=5156 time=1.5591743595059976e-01 dt=6.6276290821071888e-07
cycle=5157 time=1.5591809871350798e-01 dt=6.6283988136573174e-07
cycle=5158 time=1.5591876155338935e-01 dt=6.6291400951158623e-07
cycle=5159 time=1.5591942446739887e-01 dt=6.6298522988188638e-07
cycle=5160 time=1.5592008745262875e-01 dt=6.6305351446700017e-07
cycle=5161 time=1.5592075050614321e-01 dt=6.6311886872911854e-07
cycle=5162 time=1.5592141362501194e-01 dt=6.6318133000640070e-07
cycle=5163 time=1.5592207680634196e-01 dt=6.6324096562981411e-07
cycle=5164 time=1.5592274004730758e-01 dt=6.6329787079580934e-07
cycle=5165 time=1.5592340334517837e-01 dt=6.6335216622495087e-07
cycle=5166 time=1.5592406669734460e-01 dt=6.6340399564071124e-07
cycle=5167 time=1.5592473010134025e-01 dt=6.6345352311230254e-07
cycle=5168 time=1.5592539355486337e-01 dt=6.6350093030073626e-07
cycle=5169 time=1.5592605705579368e-01 dt=6.6354641364702760e-07
cycle=5170 time=1.5592672060220733e-01 dt=6.6359018154100232e-07
cycle=5171 time=1.5592738419238888e-01 dt=6.6363245150770537e-07
cycle=5172 time=1.5592804782484040e-01 dt=6.6367344744620682e-07
cycle=5173 time=1.5592871149828785e-01 dt=6.6371339695299581e-07
cycle=5174 time=1.5592937521168482e-01 dt=6.6375252875916636e-07
cycle=5175 time=1.5593003896421356e-01 dt=6.6379107030671953e-07
cycle=5176 time=1.5593070275528387e-01 dt=6.6382924548854097e-07
cycle=5177 time=1.5593136658452936e-01 dt=6.6386727256965949e-07
cycle=5178 time=1.5593203045180193e-01 dt=6.6390536229753904e-07
cycle=5179 time=1.5593269435716423e-01 dt=6.6394371621326191e-07
cycle=5180 time=1.5593335830088043e-01 dt=6.6398252517374133e-07
cycle=5181 time=1.5593402228340561e-01 dt=6.6402196808777991e-07
cycle=5182 time=1.5593468630537369e-01 dt=6.6406216249309672e-07
cycle=5183 time=1.5593535036753617e-01 dt=6.6410273561604875e-07
cycle=5184 time=1.5593601447027178e-01 dt=6.6414437232053965e-07
cycle=5185 time=1.5593667861464411e-01 dt=6.6418720292314413e-07
cycle=5186 time=1.5593734280184704e-01 dt=6.6423134225568474e-07
cycle=5187 time=1.5593800703318930e-01 dt=6.6427689105629822e-07
cycle=5188 time=1.5593867131008035e-01 dt=6.6432393341056188e-07
cycle=5189 time=1.5593933563401377e-01 dt=6.6437253739315951e-07
cycle=5190 time=1.5594000000655117e-01 dt=6.6442275600050738e-07
cycle=5191 time=1.5594066442930718e-01 dt=6.6447462759865856e-07
cycle=5192 time=1.5594132890393478e-01 dt=6.6452817648144949e-07
cycle=5193 time=1.5594199343211126e-01 dt=6.6458341352223301e-07
cycle=5194 time=1.5594265801552479e-01 dt=6.6464033690506725e-07
cycle=5195 time=1.5594332265586169e-01 dt=6.6469893292182109e-07
cycle=5196 time=1.5594398735479462e-01 dt=6.6475917682246032e-07
cycle=5197 time=1.5594465211397143e-01 dt=6.6482103618747088e-07
cycle=5198 time=1.5594531693500763e-01 dt=6.6488448586780254e-07
cycle=5199 time=1.5594598181949348e-01 dt=6.6494947007193445e-07
cycle=5200 time=1.5594664676896355e-01 dt=6.6501592561500071e-07
cycle=5201 time=1.5594731178488916e-01 dt=6.6508378292359491e-07
cycle=5202 time=1.5594797686867209e-01 dt=6.6515296700582659e-07
cycle=5203 time=1.5594864202163911e-01 dt=6.6522339842373508e-07
cycle=5204 time=1.5594930724503753e-01 dt=6.6529499425306036e-07
cycle=5205 time=1.5594997254003179e-01 dt=6.6536766900565526e-07
cycle=5206 time=1.5595063790770081e-01 dt=6.6544133552021379e-07
cycle=5207 time=1.5595130334903631e-01 dt=6.6551590581665021e-07
cycle=5208 time=1.5595196886494214e-01 dt=6.6559129190956070e-07
cycle=5209 time=1.5595263445623406e-01 dt=6.6566740657699849e-07
cycle=5210 time=1.5595330012364064e-01 dt=6.6574416408109932e-07
cycle=5211 time=1.5595396586780472e-01 dt=6.6582147683403536e-07
cycle=5212 time=1.5595463168928156e-01 dt=6.6589924336824382e-07
cycle=5213 time=1.5595529758852492e-01 dt=6.6597736717558677e-07
cycle=5214 time=1.5595596356589209e-01 dt=6.6605575679181940e-07
cycle=5215 time=1.5595662962164888e-01 dt=6.6613432750267580e-07
cycle=5216 time=1.5595729575597639e-01 dt=6.6621300116355339e-07
cycle=5217 time=1.5595796196897754e-01 dt=6.6629170626758614e-07
cycle=5218 time=1.5595862826068382e-01 dt=6.6637037822236415e-07
cycle=5219 time=1.5595929463106203e-01 dt=6.6644895954968714e-07
cycle=5220 time=1.5595996108002158e-01 dt=6.6652740001038808e-07
cycle=5221 time=1.5596062760742160e-01 dt=6.6660565665609455e-07
cycle=5222 time=1.5596129421307825e-01 dt=6.6668369381049855e-07
cycle=5223 time=1.5596196089677206e-01 dt=6.6676148298394497e-07
cycle=5224 time=1.5596262765825503e-01 dt=6.6683900272503441e-07
cycle=5225 time=1.5596329449725777e-01 dt=6.6691623841336717e-07
cycle=5226 time=1.5596396141349617e-01 dt=6.6699318199870570e-07
cycle=5227 time=1.5596462840667816e-01 dt=6.6706983169089807e-07
cycle=5228 time=1.5596529547650984e-01 dt=6.6714619161021957e-07
cycle=5229 time=1.5596596262270143e-01 dt=6.6722227139328104e-07
cycle=5230 time=1.5596662984497284e-01 dt=6.6729808577019021e-07
cycle=5231 time=1.5596729714305860e-01 dt=6.6737365411532247e-07
cycle=5232 time=1.5596796451671271e-01 dt=6.6744899997527843e-07
cycle=5233 time=1.5596863196571270e-01 dt=6.6752415058151766e-07
cycle=5234 time=1.5596929948986329e-01 dt=6.6759913635981675e-07
cycle=5235 time=1.5596996708899966e-01 dt=6.6767399043652221e-07
cycle=5236 time=1.5597063476299008e-01 dt=6.6774874814706270e-07
cycle=5237 time=1.5597130251173824e-01 dt=6.6782344655163721e-07
cycle=5238 time=1.5597197033518478e-01 dt=6.6789812396265735e-07
cycle=5239 time=1.5597263823330876e-01 dt=6.6797281948811626e-07
cycle=5240 time=1.5597330620612826e-01 dt=6.6804757259185208e-07
cycle=5241 time=1.5597397425370085e-01 dt=6.6812242267288374e-07
cycle=5242 time=1.5597464237612352e-01 dt=6.6819740870390379e-07
cycle=5243 time=1.5597531057353223e-01 dt=6.6827256885404324e-07
cycle=5244 time=1.5597597884610109e-01 dt=6.6834794016550269e-07
cycle=5245 time=1.5597664719404125e-01 dt=6.6842356380825542e-07
cycle=5246 time=1.5597731561760506e-01 dt=6.6849948093116243e-07
cycle=5247 time=1.5597798411708599e-01 dt=6.6857573031481577e-07
cycle=5248 time=1.5597865269281630e-01 dt=6.6865234814064356e-07
cycle=5249 time=1.5597932134516443e-01 dt=6.6872936780032455e-07
cycle=5250 time=1.5597999007453223e-01 dt=6.6880681975484730e-07
cycle=5251 time=1.5598065888135199e-01 dt=6.6888473144521984e-07
cycle=5252 time=1.5598132776608342e-01 dt=6.6896312717016610e-07
cycle=5253 time=1.5598199672921059e-01 dt=6.6904202804126963e-07
cycle=5254 time=1.5598266577123862e-01 dt=6.6912145197581835e-07
cycle=5255 time=1.5598333489269059e-01 dt=6.6920141696364327e-07
cycle=5256 time=1.5598400409410756e-01 dt=6.6928193504935439e-07
cycle=5257 time=1.5598467337604260e-01 dt=6.6936301471294264e-07
cycle=5258 time=1.5598534273905731e-01 dt=6.6944466149581117e-07
cycle=5259 time=1.5598601218371880e-01 dt=6.6952687813117765e-07
cycle=5260 time=1.5598668171059693e-01 dt=6.6960966469220011e-07
cycle=5261 time=1.5598735132026162e-01 dt=6.6969301875555498e-07
cycle=5262 time=1.5598802101328038e-01 dt=6.6977693557791693e-07
cycle=5263 time=1.5598869079021596e-01 dt=6.6986140828287302e-07
cycle=5264 time=1.5598936065162425e-01 dt=6.6994642805585155e-07
cycle=5265 time=1.5599003059805230e-01 dt=6.7003198434476414e-07
cycle=5266 time=1.5599070063003664e-01 dt=6.7011806571606211e-07
cycle=5267 time=1.5599137074810235e-01 dt=6.7020465954221281e-07
cycle=5268 time=1.5599204095276190e-01 dt=6.7029175203116690e-07
cycle=5269 time=1.5599271124451392e-01 dt=6.7037932842487305e-07
cycle=5270 time=1.5599338162384235e-01 dt=6.7046737319439289e-07
cycle=5271 time=1.5599405209121556e-01 dt=6.7055587023006197e-07
cycle=5272 time=1.5599472264708578e-01 dt=6.7064480302529821e-07
cycle=5273 time=1.5599539329188880e-01 dt=6.7073415485276578e-07
cycle=5274 time=1.5599606402604366e-01 dt=6.7082390893177987e-07
cycle=5275 time=1.5599673484995258e-01 dt=6.7091404858592184e-07
cycle=5276 time=1.5599740576400117e-01 dt=6.7100455739010592e-07
cycle=5277 time=1.5599807676855856e-01 dt=6.7109541930639397e-07
cycle=5278 time=1.5599874786397788e-01 dt=6.7118661880800969e-07
cycle=5279 time=1.5599941905059669e-01 dt=6.7127814099112854e-07
cycle=5280 time=1.5600009032873768e-01 dt=6.7136997167416703e-07
cycle=5281 time=1.5600076169870936e-01 dt=6.7146209748441601e-07
cycle=5282 time=1.5600143316080683e-01 dt=6.7155450593199690e-07
cycle=5283 time=1.5600210471531276e-01 dt=6.7164718547792131e-07
cycle=5284 time=1.5600277636249824e-01 dt=6.7174012560026719e-07
cycle=5285 time=1.5600344810262384e-01 dt=6.7183331682819823e-07
cycle=5286 time=1.5600411993594068e-01 dt=6.7192675644706552e-07
cycle=5287 time=1.5600479186269714e-01 dt=6.7202048183538556e-07
cycle=5288 time=1.5600546388317899e-01 dt=6.7211452727082847e-07
cycle=5289 time=1.5600613599770627e-01 dt=6.7220892415874951e-07
cycle=5290 time=1.5600680820663043e-01 dt=6.7230370091703512e-07
cycle=5291 time=1.5600748051033134e-01 dt=6.7239888371156081e-07
cycle=5292 time=1.5600815290921505e-01 dt=6.7249449718735539e-07
cycle=5293 time=1.5600882540371225e-01 dt=6.7259056267546377e-07
cycle=5294 time=1.5600949799427494e-01 dt=6.7268709820134961e-07
cycle=5295 time=1.5601017068137313e-01 dt=6.7278411852856511e-07
cycle=5296 time=1.5601084346549166e-01 dt=6.7288163523059988e-07
cycle=5297 time=1.5601151634712690e-01 dt=6.7297965678111552e-07
cycle=5298 time=1.5601218932678368e-01 dt=6.7307818866800823e-07
cycle=5299 time=1.5601286240497234e-01 dt=6.7317723352743552e-07
cycle=5300 time=1.5601353558220588e-01 dt=6.7327679133767324e-07
cycle=5301 time=1.5601420885899722e-01 dt=6.7337685959437752e-07
cycle=5302 time=1.5601488223585683e-01 dt=6.7347743343754045e-07
cycle=5303 time=1.5601555571329026e-01 dt=6.7357850587840266e-07
cycle=5304 time=1.5601622929179615e-01 dt=6.7368006803958176e-07
cycle=5305 time=1.5601690297186419e-01 dt=6.7378210927973148e-07
cycle=5306 time=1.5601757675397346e-01 dt=6.7388461739504591e-07
cycle=5307 time=1.5601825063859084e-01 dt=6.7398757882179842e-07
cycle=5308 time=1.5601892462616967e-01 dt=6.7409097883787252e-07
cycle=5309 time=1.5601959871714852e-01 dt=6.7419480176113484e-07
cycle=5310 time=1.5602027291195028e-01 dt=6.7429903114242004e-07
cycle=5311 time=1.5602094721098142e-01 dt=6.7440364995102695e-07
cycle=5312 time=1.5602162161463137e-01 dt=6.7450864075022382e-07
cycle=5313 time=1.5602229612327212e-01 dt=6.7461398585963117e-07
cycle=5314 time=1.5602297073725799e-01 dt=6.7471966749991128e-07
cycle=5315 time=1.5602364545692549e-01 dt=6.7482566792709569e-07
cycle=5316 time=1.5602432028259342e-01 dt=6.7493198362270185e-07
cycle=5317 time=1.5602499521457705e-01 dt=6.7503860110537052e-07
cycle=5318 time=1.5602567025317815e-01 dt=6.7514550461946357e-07
cycle=5319 time=1.5602634539868276e-01 dt=6.7525267905854945e-07
cycle=5320 time=1.5602702065136181e-01 dt=6.7536010984026373e-07
cycle=5321 time=1.5602769601147165e-01 dt=6.7546778296351687e-07
cycle=5322 time=1.5602837147925461e-01 dt=6.7557568509979238e-07
cycle=5323 time=1.5602904705493970e-01 dt=6.7568380367877626e-07
cycle=5324 time=1.5602972273874338e-01 dt=6.7579212695550936e-07
cycle=5325 time=1.5603039853087033e-01 dt=6.7590064405918946e-07
cycle=5326 time=1.5603107443151440e-01 dt=6.7600934503747780e-07
cycle=5327 time=1.5603175044085943e-01 dt=6.7611822088897166e-07
cycle=5328 time=1.5603242655908031e-01 dt=6.7622726287037927e-07
cycle=5329 time=1.5603310278634319e-01 dt=6.7633876373393572e-07
cycle=5330 time=1.5603377912510694e-01 dt=6.7645262297740813e-07
cycle=5331 time=1.5603445557772991e-01 dt=6.7656857228478988e-07
cycle=5332 time=1.5603513214630219e-01 dt=6.7668631365313728e-07
cycle=5333 time=1.5603580883261584e-01 dt=6.7680563331721450e-07
cycle=5334 time=1.5603648563824915e-01 dt=6.7692631872900452e-07
cycle=5335 time=1.5603716256456787e-01 dt=6.7704816034261957e-07
cycle=5336 time=1.5603783961272821e-01 dt=6.7717095327577501e-07
cycle=5337 time=1.5603851678368150e-01 dt=6.7729449884287318e-07
cycle=5338 time=1.5603919407818034e-01 dt=6.7741860595623700e-07
cycle=5339 time=1.5603987149678630e-01 dt=6.7754309239216303e-07
cycle=5340 time=1.5604054903987868e-01 dt=6.7766778591864526e-07
cycle=5341 time=1.5604122670766460e-01 dt=6.7779252528196825e-07
cycle=5342 time=1.5604190450018987e-01 dt=6.7791716104995652e-07
cycle=5343 time=1.5604258241735092e-01 dt=6.7804155631019954e-07
cycle=5344 time=1.5604326045890723e-01 dt=6.7816558722249313e-07
cycle=5345 time=1.5604393862449445e-01 dt=6.7828914342696700e-07
cycle=5346 time=1.5604461691363788e-01 dt=6.7841212830839939e-07
cycle=5347 time=1.5604529532576619e-01 dt=6.7853445911981207e-07
cycle=5348 time=1.5604597386022531e-01 dt=6.7865606696944545e-07
cycle=5349 time=1.5604665251629229e-01 dt=6.7877689643342942e-07
cycle=5350 time=1.5604733129318873e-01 dt=6.7889690553152775e-07
cycle=5351 time=1.5604801019009426e-01 dt=6.7901606535941421e-07
cycle=5352 time=1.5604868920615961e-01 dt=6.7913435962797721e-07
cycle=5353 time=1.5604936834051925e-01 dt=6.7925178421819824e-07
cycle=5354 time=1.5605004759230345e-01 dt=6.7936834648821143e-07
cycle=5355 time=1.5605072696064995e-01 dt=6.7948406431918342e-07
cycle=5356 time=1.5605140644471427e-01 dt=6.7959896529130318e-07
cycle=5357 time=1.5605208604367957e-01 dt=6.7971308580728070e-07
cycle=5358 time=1.5605276575676538e-01 dt=6.7982647017558000e-07
cycle=5359 time=1.5605344558323556e-01 dt=6.7993916966547825e-07
cycle=5360 time=1.5605412552240522e-01 dt=6.8005124154599702e-07
cycle=5361 time=1.5605480557364676e-01 dt=6.8016274812020556e-07
cycle=5362 time=1.5605548573639488e-01 dt=6.8027375576592060e-07
cycle=5363 time=1.5605616601015065e-01 dt=6.8038433399317197e-07
cycle=5364 time=1.5605684639448464e-01 dt=6.8049455452801665e-07
cycle=5365 time=1.5605752688903918e-01 dt=6.8060447759318907e-07
cycle=5366 time=1.5605820749351676e-01 dt=6.8071414322614441e-07
cycle=5367 time=1.5605888820765998e-01 dt=6.8082362678457766e-07
cycle=5368 time=1.5605956903128676e-01 dt=6.8093300298482719e-07
cycle=5369 time=1.5606024996428974e-01 dt=6.8104234517715980e-07
cycle=5370 time=1.5606093100663493e-01 dt=6.8115172468438435e-07
cycle=5371 time=1.5606161215835962e-01 dt=6.8126121147717755e-07
cycle=5372 time=1.5606229341957109e-01 dt=6.8137087578115524e-07
cycle=5373 time=1.5606297479044687e-01 dt=6.8148078384415147e-07
cycle=5374 time=1.5606365627123070e-01 dt=6.8159099750038399e-07
cycle=5375 time=1.5606433786222820e-01 dt=6.8170157381906038e-07
cycle=5376 time=1.5606501956380203e-01 dt=6.8181256485334443e-07
cycle=5377 time=1.5606570137636688e-01 dt=6.8192401743405067e-07
cycle=5378 time=1.5606638330038430e-01 dt=6.8203597304923891e-07
cycle=5379 time=1.5606706533635736e-01 dt=6.8214846778902691e-07
cycle=5380 time=1.5606774748482516e-01 dt=6.8226153235148397e-07
cycle=5381 time=1.5606842974635751e-01 dt=6.8237519210493481e-07
cycle=5382 time=1.5606911212154961e-01 dt=6.8248946719533114e-07
cycle=5383 time=1.5606979461101680e-01 dt=6.8260437270289866e-07
cycle=5384 time=1.5607047721538950e-01 dt=6.8271991885107232e-07
cycle=5385 time=1.5607115993530835e-01 dt=6.8283611131345700e-07
cycle=5386 time=1.5607184277141967e-01 dt=6.8295295132956810e-07
cycle=5387 time=1.5607252572437100e-01 dt=6.8307043609199496e-07
cycle=5388 time=1.5607320879480710e-01 dt=6.8318855905980199e-07
cycle=5389 time=1.5607389198336616e-01 dt=6.8330731028800648e-07
cycle=5390 time=1.5607457529067645e-01 dt=6.8342667676887837e-07
cycle=5391 time=1.5607525871735323e-01 dt=6.8354664277631289e-07
cycle=5392 time=1.5607594226399601e-01 dt=6.8366719022418443e-07
cycle=5393 time=1.5607662593118624e-01 dt=6.8378829901576861e-07
cycle=5394 time=1.5607730971948525e-01 dt=6.8390994739130339e-07
cycle=5395 time=1.5607799362943264e-01 dt=6.8403211226850209e-07
cycle=5396 time=1.5607867766154490e-01 dt=6.8415476957290258e-07
cycle=5397 time=1.5607936181631446e-01 dt=6.8427789455542038e-07
cycle=5398 time=1.5608004609420903e-01 dt=6.8440146209665077e-07
cycle=5399 time=1.5608073049567112e-01 dt=6.8452544699535990e-07
cycle=5400 time=1.5608141502111811e-01 dt=6.8464982412949363e-07
cycle=5401 time=1.5608209967094225e-01 dt=6.8477456846037655e-07
cycle=5402 time=1.5608278444551071e-01 dt=6.8489965602703562e-07
cycle=5403 time=1.5608346934516673e-01 dt=6.8502506373078707e-07
cycle=5404 time=1.5608415437023046e-01 dt=6.8515076951686581e-07
cycle=5405 time=1.5608483952099997e-01 dt=6.8527675253392243e-07
cycle=5406 time=1.5608552479775251e-01 dt=6.8540299892123865e-07
cycle=5407 time=1.5608621020075142e-01 dt=6.8552949484203809e-07
cycle=5408 time=1.5608689573024626e-01 dt=6.8565622210209370e-07
cycle=5409 time=1.5608758138646836e-01 dt=6.8578316416697188e-07
cycle=5410 time=1.5608826716963253e-01 dt=6.8591030620324659e-07
cycle=5411 time=1.5608895307993872e-01 dt=6.8603763512400014e-07
cycle=5412 time=1.5608963911757384e-01 dt=6.8616513961151571e-07
cycle=5413 time=1.5609032528271347e-01 dt=6.8629281011613813e-07
cycle=5414 time=1.5609101157552357e-01 dt=6.8642063883899239e-07
cycle=5415 time=1.5609169799616240e-01 dt=6.8654861970246294e-07
cycle=5416 time=1.5609238454478211e-01 dt=6.8667674830518710e-07
cycle=5417 time=1.5609307122153041e-01 dt=6.8680502186453692e-07
cycle=5418 time=1.5609375802655226e-01 dt=6.8693343915583077e-07
cycle=5419 time=1.5609444495999142e-01 dt=6.8706200043976157e-07
cycle=5420 time=1.5609513202199185e-01 dt=6.8719070745471410e-07
cycle=5421 time=1.5609581921269930e-01 dt=6.8731956330611601e-07
cycle=5422 time=1.5609650653226262e-01 dt=6.8744857260653614e-07
cycle=5423 time=1.5609719398083521e-01 dt=6.8757774151732254e-07
cycle=5424 time=1.5609788155857673e-01 dt=6.8770707735104671e-07
cycle=5425 time=1.5609856926565407e-01 dt=6.8783658835199434e-07
cycle=5426 time=1.5609925710224243e-01 dt=6.8796743094503152e-07
cycle=5427 time=1.5609994506967337e-01 dt=6.8809994268826512e-07
cycle=5428 time=1.5610063316961606e-01 dt=6.8823398911885278e-07
cycle=5429 time=1.5610132140360519e-01 dt=6.8836942508118503e-07
cycle=5430 time=1.5610200977303026e-01 dt=6.8850610900313231e-07
cycle=5431 time=1.5610269827913928e-01 dt=6.8864390581043105e-07
cycle=5432 time=1.5610338692304510e-01 dt=6.8878268253531682e-07
cycle=5433 time=1.5610407570572762e-01 dt=6.8892230948852182e-07
cycle=5434 time=1.5610476462803710e-01 dt=6.8906266131668918e-07
cycle=5435 time=1.5610545369069842e-01 dt=6.8920361794464724e-07
cycle=5436 time=1.5610614289431637e-01 dt=6.8934506540260768e-07
cycle=5437 time=1.5610683223938177e-01 dt=6.8948689653899706e-07
cycle=5438 time=1.5610752172627831e-01 dt=6.8962901161913474e-07
cycle=5439 time=1.5610821135528993e-01 dt=6.8977131881451978e-07
cycle=5440 time=1.5610890112660875e-01 dt=6.8991373495861398e-07
cycle=5441 time=1.5610959104034369e-01 dt=6.9005618583514087e-07
cycle=5442 time=1.5611028109652952e-01 dt=6.9019860585884461e-07
cycle=5443 time=1.5611097129513538e-01 dt=6.9034093815566765e-07
cycle=5444 time=1.5611166163607354e-01 dt=6.9048313454994780e-07
cycle=5445 time=1.5611235211920810e-01 dt=6.9062515546634689e-07
cycle=5446 time=1.5611304274436355e-01 dt=6.9076696975256733e-07
cycle=5447 time=1.5611373351133331e-01 dt=6.9090855442932779e-07
cycle=5448 time=1.5611442441988774e-01 dt=6.9104989437447112e-07
cycle=5449 time=1.5611511546978210e-01 dt=6.9119098194837022e-07
cycle=5450 time=1.5611580666076405e-01 dt=6.9133181656805307e-07
cycle=5451 time=1.5611649799258062e-01 dt=6.9147240423756439e-07
cycle=5452 time=1.5611718946498485e-01 dt=6.9161275704221462e-07
cycle=5453 time=1.5611788107774188e-01 dt=6.9175289261428777e-07
cycle=5454 time=1.5611857283063449e-01 dt=6.9189283357770679e-07
cycle=5455 time=1.5611926472346807e-01 dt=6.9203260697735703e-07
cycle=5456 time=1.5611995675607504e-01 dt=6.9217224370349752e-07
cycle=5457 time=1.5612064892831876e-01 dt=6.9231177791626420e-07
cycle=5458 time=1.5612134124009666e-01 dt=6.9245124647633385e-07
cycle=5459 time=1.5612203369134314e-01 dt=6.9259068838760243e-07
cycle=5460 time=1.5612272628203153e-01 dt=6.9273014425717024e-07
cycle=5461 time=1.5612341901217577e-01 dt=6.9286965577741626e-07
cycle=5462 time=1.5612411188183156e-01 dt=6.9300926523506045e-07
cycle=5463 time=1.5612480489109679e-01 dt=6.9314901504936625e-07
cycle=5464 time=1.5612549804011183e-01 dt=6.9328894734314440e-07
cycle=5465 time=1.5612619132905917e-01 dt=6.9342910354897784e-07
cycle=5466 time=1.5612688475816272e-01 dt=6.9356952405244331e-07
cycle=5467 time=1.5612757832768678e-01 dt=6.9371024787360536e-07
cycle=5468 time=1.5612827203793467e-01 dt=6.9385131240113631e-07
cycle=5469 time=1.5612896588924707e-01 dt=6.9399275317006750e-07
cycle=5470 time=1.5612965988200025e-01 dt=6.9413460365764020e-07
cycle=5471 time=1.5613035401660391e-01 dt=6.9427689511717780e-07
cycle=5472 time=1.5613104829349903e-01 dt=6.9441965644885845e-07
cycle=5473 time=1.5613174271315547e-01 dt=6.9456291410597370e-07
cycle=5474 time=1.5613243727606957e-01 dt=6.9470669203494617e-07
cycle=5475 time=1.5613313198276160e-01 dt=6.9485101164712170e-07
cycle=5476 time=1.5613382683377325e-01 dt=6.9499589182019655e-07
cycle=5477 time=1.5613452182966506e-01 dt=6.9514134892717156e-07
cycle=5478 time=1.5613521697101398e-01 dt=6.9528739688979843e-07
cycle=5479 time=1.5613591225841086e-01 dt=6.9543404725428945e-07
cycle=5480 time=1.5613660769245813e-01 dt=6.9558130928668891e-07
cycle=5481 time=1.5613730327376740e-01 dt=6.9572919008533547e-07
cycle=5482 time=1.5613799900295749e-01 dt=6.9587769470783860e-07
cycle=5483 time=1.5613869488065221e-01 dt=6.9602682631005715e-07
cycle=5484 time=1.5613939090747853e-01 dt=6.9617658629462557e-07
cycle=5485 time=1.5614008708406482e-01 dt=6.9632697446672333e-07
cycle=5486 time=1.5614078341103929e-01 dt=6.9647798919483241e-07
cycle=5487 time=1.5614147988902849e-01 dt=6.9662962757439415e-07
cycle=5488 time=1.5614217651865606e-01 dt=6.9678188559239566e-07
cycle=5489 time=1.5614287330054163e-01 dt=6.9693475829108439e-07
cycle=5490 time=1.5614357023529993e-01 dt=6.9708823992915530e-07
cycle=5491 time=1.5614426732353986e-01 dt=6.9724232413890893e-07
cycle=5492 time=1.5614496456586399e-01 dt=6.9739700407805972e-07
cycle=5493 time=1.5614566196286808e-01 dt=6.9755227257500650e-07
cycle=5494 time=1.5614635951514066e-01 dt=6.9770812226657697e-07
cycle=5495 time=1.5614705722326294e-01 dt=6.9786454572737837e-07
cycle=5496 time=1.5614775508780868e-01 dt=6.9802153559457892e-07
cycle=5497 time=1.5614845310934428e-01 dt=6.9817908467852536e-07
cycle=5498 time=1.5614915128842896e-01 dt=6.9833718606168481e-07
cycle=5499 time=1.5614984962561501e-01 dt=6.9849583032598558e-07
cycle=5500 time=1.5615054812144533e-01 dt=6.9865500081955139e-07
cycle=5501 time=1.5615124677644615e-01 dt=6.9881468107488288e-07
cycle=5502 time=1.5615194559112722e-01 dt=6.9897485496770142e-07
cycle=5503 time=1.5615264456598218e-01 dt=6.9913550686670354e-07
cycle=5504 time=1.5615334370148906e-01 dt=6.9929662176716848e-07
cycle=5505 time=1.5615404299811084e-01 dt=6.9945818540785576e-07
cycle=5506 time=1.5615474245629624e-01 dt=6.9962018437097819e-07
cycle=5507 time=1.5615544207648061e-01 dt=6.9978260616559533e-07
cycle=5508 time=1.5615614185908677e-01 dt=6.9994543929482288e-07
cycle=5509 time=1.5615684180452608e-01 dt=7.0010867330737755e-07
cycle=5510 time=1.5615754191319939e-01 dt=7.0027229883387946e-07
cycle=5511 time=1.5615824218549823e-01 dt=7.0043626590385779e-07
cycle=5512 time=1.5615894262176414e-01 dt=7.0060055411169412e-07
cycle=5513 time=1.5615964322231823e-01 dt=7.0076516172397258e-07
cycle=5514 time=1.5616034398747997e-01 dt=7.0093008828769444e-07
cycle=5515 time=1.5616104491756824e-01 dt=7.0109533454414663e-07
cycle=5516 time=1.5616174601290278e-01 dt=7.0126090233653584e-07
cycle=5517 time=1.5616244727380513e-01 dt=7.0142679451283395e-07
cycle=5518 time=1.5616314870059964e-01 dt=7.0159301482527336e-07
cycle=5519 time=1.5616385029361446e-01 dt=7.0175956782781289e-07
cycle=5520 time=1.5616455205318228e-01 dt=7.0192645875119747e-07
cycle=5521 time=1.5616525397964104e-01 dt=7.0209369332630082e-07
cycle=5522 time=1.5616595607333436e-01 dt=7.0226127776179344e-07
cycle=5523 time=1.5616665833461213e-01 dt=7.0242921864773429e-07
cycle=5524 time=1.5616736076383078e-01 dt=7.0259752286176779e-07
cycle=5525 time=1.5616806336135364e-01 dt=7.0276619748083028e-07
cycle=5526 time=1.5616876612755112e-01 dt=7.0293524969728773e-07
cycle=5527 time=1.5616946906280083e-01 dt=7.0310468674021494e-07
cycle=5528 time=1.5617017216748758e-01 dt=7.0327451580242522e-07
cycle=5529 time=1.5617087544200337e-01 dt=7.0344474397359471e-07
cycle=5530 time=1.5617157888674735e-01 dt=7.0361537817973352e-07
cycle=5531 time=1.5617228250212553e-01 dt=7.0378642512918960e-07
cycle=5532 time=1.5617298628855067e-01 dt=7.0395789126517000e-07
cycle=5533 time=1.5617369024644193e-01 dt=7.0412978272498026e-07
cycle=5534 time=1.5617439437622466e-01 dt=7.0430210530575114e-07
cycle=5535 time=1.5617509867832996e-01 dt=7.0447486443657917e-07
cycle=5536 time=1.5617580315319440e-01 dt=7.0464806515108227e-07
cycle=5537 time=1.5617650780125955e-01 dt=7.0482171204894993e-07
cycle=5538 time=1.5617721262297160e-01 dt=7.0499580927276564e-07
cycle=5539 time=1.5617791761878089e-01 dt=7.0517036050640817e-07
cycle=5540 time=1.5617862278914138e-01 dt=7.0534536897854061e-07
cycle=5541 time=1.5617932813451035e-01 dt=7.0552083747077821e-07
cycle=5542 time=1.5618003365534783e-01 dt=7.0569676833003675e-07
cycle=5543 time=1.5618073935211615e-01 dt=7.0587316348462349e-07
cycle=5544 time=1.5618144522527963e-01 dt=7.0605002446357497e-07
cycle=5545 time=1.5618215127530410e-01 dt=7.0622735241878846e-07
cycle=5546 time=1.5618285750265654e-01 dt=7.0640514814946708e-07
cycle=5547 time=1.5618356390780469e-01 dt=7.0658341212843561e-07
cycle=5548 time=1.5618427049121683e-01 dt=7.0676214452989233e-07
cycle=5549 time=1.5618497725336136e-01 dt=7.0694134525817279e-07
cycle=5550 time=1.5618568419470663e-01 dt=7.0712101397712341e-07
cycle=5551 time=1.5618639131572060e-01 dt=7.0730115013984475e-07
cycle=5552 time=1.5618709861687075e-01 dt=7.0748175301733081e-07
cycle=5553 time=1.5618780609862376e-01 dt=7.0766282172715665e-07
cycle=5554 time=1.5618851376144549e-01 dt=7.0784435526198474e-07
cycle=5555 time=1.5618922160580076e-01 dt=7.0802635251071197e-07
cycle=5556 time=1.5618992963215328e-01 dt=7.0820881229421260e-07
cycle=5557 time=1.5619063784096557e-01 dt=7.0839173338585002e-07
cycle=5558 time=1.5619134623269895e-01 dt=7.0857511453532601e-07
cycle=5559 time=1.5619205480781348e-01 dt=7.0875895449084878e-07
cycle=5560 time=1.5619276356676798e-01 dt=7.0894325201864255e-07
cycle=5561 time=1.5619347251002000e-01 dt=7.0912800592858948e-07
cycle=5562 time=1.5619418163802593e-01 dt=7.0931321508318055e-07
cycle=5563 time=1.5619489095124101e-01 dt=7.0949887841255417e-07
cycle=5564 time=1.5619560045011943e-01 dt=7.0968499492750642e-07
cycle=5565 time=1.5619631013511437e-01 dt=7.0987156373021498e-07
cycle=5566 time=1.5619702000667809e-01 dt=7.1005858401810119e-07
cycle=5567 time=1.5619773006526211e-01 dt=7.1024605509599115e-07
cycle=5568 time=1.5619844031131722e-01 dt=7.1043397638184024e-07
cycle=5569 time=1.5619915074529359e-01 dt=7.1062234741021095e-07
cycle=5570 time=1.5619986136764100e-01 dt=7.1081116783417625e-07
cycle=5571 time=1.5620057217880884e-01 dt=7.1100043742572357e-07
cycle=5572 time=1.5620128317924625e-01 dt=7.1119015607478617e-07
cycle=5573 time=1.5620199436940232e-01 dt=7.1138032378716483e-07
cycle=5574 time=1.5620270574972611e-01 dt=7.1157094068114835e-07
cycle=5575 time=1.5620341732066678e-01 dt=7.1176200698248626e-07
cycle=5576 time=1.5620412908267375e-01 dt=7.1195352301557046e-07
cycle=5577 time=1.5620484103619678e-01 dt=7.1214548919381848e-07
cycle=5578 time=1.5620555318168597e-01 dt=7.1233790600641523e-07
cycle=5579 time=1.5620626551959196e-01 dt=7.1253077410314732e-07
cycle=5580 time=1.5620697805036607e-01 dt=7.1272409456832069e-07
cycle=5581 time=1.5620769077446064e-01 dt=7.1291786891648319e-07
cycle=5582 time=1.5620840369232955e-01 dt=7.1311209900762346e-07
cycle=5583 time=1.5620911680442856e-01 dt=7.1330678696746892e-07
cycle=5584 time=1.5620983011121553e-01 dt=7.1350193509954454e-07
cycle=5585 time=1.5621054361315062e-01 dt=7.1369754550825157e-07
cycle=5586 time=1.5621125731069613e-01 dt=7.1389361957024841e-07
cycle=5587 time=1.5621197120431571e-01 dt=7.1409015960355593e-07
cycle=5588 time=1.5621268529447532e-01 dt=7.1428716792139484e-07
cycle=5589 time=1.5621339958164324e-01 dt=7.1448464674639082e-07
cycle=5590 time=1.5621411406628999e-01 dt=7.1468259817655787e-07
cycle=5591 time=1.5621482874888817e-01 dt=7.1488102415719366e-07
cycle=5592 time=1.5621554362991233e-01 dt=7.1507992646051812e-07
cycle=5593 time=1.5621625870983880e-01 dt=7.1527930666938775e-07
cycle=5594 time=1.5621697398914547e-01 dt=7.1547916616588261e-07
cycle=5595 time=1.5621768946831163e-01 dt=7.1567950612437342e-07
cycle=5596 time=1.5621840514781776e-01 dt=7.1588032750871909e-07
cycle=5597 time=1.5621912102814528e-01 dt=7.1608163107319855e-07
cycle=5598 time=1.5621983710977635e-01 dt=7.1628341736679673e-07
cycle=5599 time=1.5622055339319371e-01 dt=7.1648568674043946e-07
cycle=5600 time=1.5622126987888046e-01 dt=7.1668843935682327e-07
cycle=5601 time=1.5622198656731981e-01 dt=7.1689167520244029e-07
cycle=5602 time=1.5622270345899500e-01 dt=7.1709539410144194e-07
cycle=5603 time=1.5622342055438909e-01 dt=7.1729959573094709e-07
cycle=5604 time=1.5622413785398481e-01 dt=7.1750427963756590e-07
cycle=5605 time=1.5622485535826444e-01 dt=7.1770944526825998e-07
cycle=5606 time=1.5622557306770971e-01 dt=7.1791509198867405e-07
cycle=5607 time=1.5622629098280169e-01 dt=7.1812121907974270e-07
cycle=5608 time=1.5622700910402076e-01 dt=7.1832782575840355e-07
cycle=5609 time=1.5622772743184651e-01 dt=7.1853491119666653e-07
cycle=5610 time=1.5622844596675772e-01 dt=7.1874247454130066e-07
cycle=5611 time=1.5622916470923226e-01 dt=7.1895051493217149e-07
cycle=5612 time=1.5622988365974719e-01 dt=7.1915903186715619e-07
cycle=5613 time=1.5623060281877904e-01 dt=7.1936802471041362e-07
cycle=5614 time=1.5623132218680374e-01 dt=7.1957749790974882e-07
cycle=5615 time=1.5623204176430167e-01 dt=7.1978745546278936e-07
cycle=5616 time=1.5623276155175714e-01 dt=7.1999790105607845e-07
cycle=5617 time=1.5623348154965819e-01 dt=7.2020883803209999e-07
cycle=5618 time=1.5623420175849623e-01 dt=7.2042026927302292e-07
cycle=5619 time=1.5623492217876550e-01 dt=7.2063219721744769e-07
cycle=5620 time=1.5623564281096272e-01 dt=7.2084462388142622e-07
cycle=5621 time=1.5623636365558660e-01 dt=7.2105755088452075e-07
cycle=5622 time=1.5623708471313749e-01 dt=7.2127097948468713e-07
cycle=5623 time=1.5623780598411699e-01 dt=7.2148491058206854e-07
cycle=5624 time=1.5623852746902758e-01 dt=7.2169934475109414e-07
cycle=5625 time=1.5623924916837234e-01 dt=7.2191428227276669e-07
cycle=5626 time=1.5623997108265461e-01 dt=7.2212972317021696e-07
cycle=5627 time=1.5624069321237777e-01 dt=7.2234566724510594e-07
cycle=5628 time=1.5624141555804502e-01 dt=7.2256211411466293e-07
cycle=5629 time=1.5624213812015914e-01 dt=7.2277519835192897e-07
cycle=5630 time=1.5624286089535749e-01 dt=7.2297428598546958e-07
cycle=5631 time=1.5624358386964349e-01 dt=7.2316065492529499e-07
cycle=5632 time=1.5624430703029840e-01 dt=7.2333563256460845e-07
cycle=5633 time=1.5624503036593096e-01 dt=7.2350058071316249e-07
cycle=5634 time=1.5624575386651168e-01 dt=7.2365687712777917e-07
cycle=5635 time=1.5624647752338880e-01 dt=7.2380589740710538e-07
cycle=5636 time=1.5624720132928621e-01 dt=7.2394899764578558e-07
cycle=5637 time=1.5624792527828385e-01 dt=7.2408749827687140e-07
cycle=5638 time=1.5624864936578212e-01 dt=7.2422266940658413e-07
cycle=5639 time=1.5624937358845153e-01 dt=7.2435571788485698e-07
cycle=5640 time=1.5625009794416941e-01 dt=7.2448777629080116e-07
cycle=5641 time=1.5625082243194571e-01 dt=7.2461989394532474e-07
cycle=5642 time=1.5625154705183966e-01 dt=7.2475302999807947e-07
cycle=5643 time=1.5625227180486967e-01 dt=7.2488804857411246e-07
cycle=5644 time=1.5625299669291826e-01 dt=7.2502571590869562e-07
cycle=5645 time=1.5625372171863416e-01 dt=7.2516669934856726e-07
cycle=5646 time=1.5625444688533352e-01 dt=7.2531156805588257e-07
cycle=5647 time=1.5625517219690158e-01 dt=7.2546079521864224e-07
cycle=5648 time=1.5625589765769679e-01 dt=7.2561476154995907e-07
cycle=5649 time=1.5625662327245834e-01 dt=7.2577375984704173e-07
cycle=5650 time=1.5625734904621819e-01 dt=7.2593800037453594e-07
cycle=5651 time=1.5625807498421856e-01 dt=7.2610761696534451e-07
cycle=5652 time=1.5625880109183554e-01 dt=7.2628267396336696e-07
cycle=5653 time=1.5625952737450952e-01 dt=7.2646317324222557e-07
cycle=5654 time=1.5626025383768274e-01 dt=7.2664906067328409e-07
cycle=5655 time=1.5626098048674342e-01 dt=7.2684023253467823e-07
cycle=5656 time=1.5626170732697595e-01 dt=7.2703654171014245e-07
cycle=5657 time=1.5626243436351767e-01 dt=7.2723780363045267e-07
cycle=5658 time=1.5626316160132131e-01 dt=7.2744380193362966e-07
cycle=5659 time=1.5626388904512326e-01 dt=7.2765429377809118e-07
cycle=5660 time=1.5626461669941705e-01 dt=7.2786901481614302e-07
cycle=5661 time=1.5626534456843186e-01 dt=7.2808768381497811e-07
cycle=5662 time=1.5626607265611567e-01 dt=7.2831000686731140e-07
cycle=5663 time=1.5626680096612253e-01 dt=7.2853568129184916e-07
cycle=5664 time=1.5626752950180381e-01 dt=7.2876439922986139e-07
cycle=5665 time=1.5626825826620303e-01 dt=7.2899585094070337e-07
cycle=5666 time=1.5626898726205396e-01 dt=7.2922972781291127e-07
cycle=5667 time=1.5626971649178178e-01 dt=7.2946572510904886e-07
cycle=5668 time=1.5627044595750689e-01 dt=7.2970354445650684e-07
cycle=5669 time=1.5627117566105134e-01 dt=7.2994289610434478e-07
cycle=5670 time=1.5627190560394744e-01 dt=7.3018350094364297e-07
cycle=5671 time=1.5627263578744838e-01 dt=7.3042509230324880e-07
cycle=5672 time=1.5627336621254068e-01 dt=7.3066741752599954e-07
cycle=5673 time=1.5627409687995819e-01 dt=7.3091023932911978e-07
cycle=5674 time=1.5627482779019752e-01 dt=7.3115333695156900e-07
cycle=5675 time=1.5627555894353448e-01 dt=7.3139650709070847e-07
cycle=5676 time=1.5627629034004156e-01 dt=7.3163956422419095e-07
cycle=5677 time=1.5627702197960577e-01 dt=7.3188233755972765e-07
cycle=5678 time=1.5627775386194334e-01 dt=7.3212467658544227e-07
cycle=5679 time=1.5627848598661992e-01 dt=7.3236645100876428e-07
cycle=5680 time=1.5627921835307093e-01 dt=7.3260755052354561e-07
cycle=5681 time=1.5627995096062144e-01 dt=7.3284788441365188e-07
cycle=5682 time=1.5628068380850585e-01 dt=7.3308738100297603e-07
cycle=5683 time=1.5628141689588684e-01 dt=7.3332598696207110e-07
cycle=5684 time=1.5628215022187381e-01 dt=7.3356366648316186e-07
cycle=5685 time=1.5628288378554028e-01 dt=7.3380040033633819e-07
cycle=5686 time=1.5628361758594062e-01 dt=7.3403618482096525e-07
cycle=5687 time=1.5628435162212542e-01 dt=7.3427103062156448e-07
cycle=5688 time=1.5628508589315604e-01 dt=7.3450496124738520e-07
cycle=5689 time=1.5628582039811728e-01 dt=7.3473801120598344e-07
cycle=5690 time=1.5628655513612849e-01 dt=7.3497022464541352e-07
cycle=5691 time=1.5628729010635314e-01 dt=7.3520165417195927e-07
cycle=5692 time=1.5628802530800731e-01 dt=7.3543235965468251e-07
cycle=5693 time=1.5628876074036696e-01 dt=7.3566240703126092e-07
cycle=5694 time=1.5628949640277398e-01 dt=7.3589186712890629e-07
cycle=5695 time=1.5629023229464112e-01 dt=7.3612081451321032e-07
cycle=5696 time=1.5629096841545564e-01 dt=7.3634932637669126e-07
cycle=5697 time=1.5629170476478202e-01 dt=7.3657748147764730e-07
cycle=5698 time=1.5629244134226350e-01 dt=7.3680535913866548e-07
cycle=5699 time=1.5629317814762264e-01 dt=7.3703303831258722e-07
cycle=5700 time=1.5629391518066096e-01 dt=7.3726059672249244e-07
cycle=5701 time=1.5629465244125768e-01 dt=7.3748811008076999e-07
cycle=5702 time=1.5629538992936776e-01 dt=7.3771565139100795e-07
cycle=5703 time=1.5629612764501916e-01 dt=7.3794329033497175e-07
cycle=5704 time=1.5629686558830949e-01 dt=7.3817109274573738e-07
cycle=5705 time=1.5629760375940224e-01 dt=7.3839912016683244e-07
cycle=5706 time=1.5629834215852240e-01 dt=7.3862742949609352e-07
cycle=5707 time=1.5629908078595189e-01 dt=7.3885607271196574e-07
cycle=5708 time=1.5629981964202461e-01 dt=7.3908509667907561e-07
cycle=5709 time=1.5630055872712129e-01 dt=7.3931454302912860e-07
cycle=5710 time=1.5630129804166432e-01 dt=7.3954444811255845e-07
cycle=5711 time=1.5630203758611244e-01 dt=7.3977484301580702e-07
cycle=5712 time=1.5630277736095546e-01 dt=7.4000575363853602e-07
cycle=5713 time=1.5630351736670911e-01 dt=7.4023720082116792e-07
cycle=5714 time=1.5630425760390992e-01 dt=7.4046920052282465e-07
cycle=5715 time=1.5630499807311043e-01 dt=7.4070176404554655e-07
cycle=5716 time=1.5630573877487447e-01 dt=7.4093489829428956e-07
cycle=5717 time=1.5630647970977277e-01 dt=7.4116860606675619e-07
cycle=5718 time=1.5630722087837884e-01 dt=7.4140288634854876e-07
cycle=5719 time=1.5630796228126520e-01 dt=7.4163773477419320e-07
cycle=5720 time=1.5630870391899998e-01 dt=7.4187314383721174e-07
cycle=5721 time=1.5630944579214381e-01 dt=7.4210910324647996e-07
cycle=5722 time=1.5631018790124707e-01 dt=7.4234560028585011e-07
cycle=5723 time=1.5631093024684736e-01 dt=7.4258262017225447e-07
cycle=5724 time=1.5631167282946754e-01 dt=7.4282014640810823e-07
cycle=5725 time=1.5631241564961396e-01 dt=7.4305816112448948e-07
cycle=5726 time=1.5631315870777507e-01 dt=7.4329664541247026e-07
cycle=5727 time=1.5631390200442047e-01 dt=7.4353557963877322e-07
cycle=5728 time=1.5631464554000010e-01 dt=7.4377459897960403e-07
cycle=5729 time=1.5631538931459907e-01 dt=7.4401344815201856e-07
cycle=5730 time=1.5631613332804722e-01 dt=7.4425217507076046e-07
cycle=5731 time=1.5631687758022231e-01 dt=7.4449082745435938e-07
cycle=5732 time=1.5631762207104977e-01 dt=7.4472945243504316e-07
cycle=5733 time=1.5631836680050221e-01 dt=7.4496809621109782e-07
cycle=5734 time=1.5631911176859842e-01 dt=7.4520680370310467e-07
cycle=5735 time=1.5631985697540213e-01 dt=7.4544561822639781e-07
cycle=5736 time=1.5632060242102036e-01 dt=7.4568458118804172e-07
cycle=5737 time=1.5632134810560155e-01 dt=7.4592373180802775e-07
cycle=5738 time=1.5632209402933336e-01 dt=7.4616310686774973e-07
cycle=5739 time=1.5632284019244022e-01 dt=7.4640274052580147e-07
cycle=5740 time=1.5632358659518075e-01 dt=7.4664266415196581e-07
cycle=5741 time=1.5632433323784489e-01 dt=7.4688290620589522e-07
cycle=5742 time=1.5632508012075111e-01 dt=7.4712349215474900e-07
cycle=5743 time=1.5632582724424327e-01 dt=7.4736444442899341e-07
cycle=5744 time=1.5632657460868771e-01 dt=7.4760578241384522e-07
cycle=5745 time=1.5632732221447013e-01 dt=7.4784752247489980e-07
cycle=5746 time=1.5632807006199259e-01 dt=7.4808967801612234e-07
cycle=5747 time=1.5632881815167060e-01 dt=7.4833225956624663e-07
cycle=5748 time=1.5632956648393018e-01 dt=7.4857527494455239e-07
cycle=5749 time=1.5633031505920511e-01 dt=7.4881872933360933e-07
cycle=5750 time=1.5633106387793444e-01 dt=7.4906262541794703e-07
cycle=5751 time=1.5633181294055987e-01 dt=7.4930696355699640e-07
cycle=5752 time=1.5633256224752343e-01 dt=7.4955174197778672e-07
cycle=5753 time=1.5633331179926541e-01 dt=7.4979695697572317e-07
cycle=5754 time=1.5633406159622237e-01 dt=7.5004260311636102e-07
cycle=5755 time=1.5633481163882548e-01 dt=7.5028867343988256e-07
cycle=5756 time=1.5633556192749892e-01 dt=7.5053515966654834e-07
cycle=5757 time=1.5633631246265858e-01 dt=7.5078205894810611e-07
cycle=5758 time=1.5633706324471752e-01 dt=7.5102936554594661e-07
cycle=5759 time=1.5633781427408308e-01 dt=7.5127706707834614e-07
cycle=5760 time=1.5633856555115017e-01 dt=7.5152515063298199e-07
cycle=5761 time=1.5633931707630080e-01 dt=7.5177360295787685e-07
cycle=5762 time=1.5634006884990376e-01 dt=7.5202241064192481e-07
cycle=5763 time=1.5634082087231441e-01 dt=7.5227156028282964e-07
cycle=5764 time=1.5634157314387470e-01 dt=7.5252103864139111e-07
cycle=5765 time=1.5634232566491335e-01 dt=7.5277083278132710e-07
cycle=5766 time=1.5634307843574613e-01 dt=7.5302093019404692e-07
cycle=5767 time=1.5634383145667632e-01 dt=7.5327131890804969e-07
cycle=5768 time=1.5634458472799523e-01 dt=7.5352198758284358e-07
cycle=5769 time=1.5634533824998281e-01 dt=7.5377292558747254e-07
cycle=5770 time=1.5634609202290839e-01 dt=7.5402412306394416e-07
cycle=5771 time=1.5634684604703145e-01 dt=7.5427557097593942e-07
cycle=5772 time=1.5634760032260242e-01 dt=7.5452726114345947e-07
cycle=5773 time=1.5634835484986356e-01 dt=7.5477918626407718e-07
cycle=5774 time=1.5634910962904983e-01 dt=7.5503133992160990e-07
cycle=5775 time=1.5634986466038975e-01 dt=7.5528371658312840e-07
cycle=5776 time=1.5635061994410634e-01 dt=7.5553631158525298e-07
cycle=5777 time=1.5635137548041794e-01 dt=7.5578912111079261e-07
cycle=5778 time=1.5635213126953906e-01 dt=7.5604214215685623e-07
cycle=5779 time=1.5635288731168123e-01 dt=7.5629537249541349e-07
cycle=5780 time=1.5635364360705373e-01 dt=7.5654881062728381e-07
cycle=5781 time=1.5635440015586435e-01 dt=7.5680245573171800e-07
cycle=5782 time=1.5635515695832009e-01 dt=7.5705631352194345e-07
cycle=5783 time=1.5635591401463361e-01 dt=7.5731039262196151e-07
cycle=5784 time=1.5635667132502623e-01 dt=7.5756469295831136e-07
cycle=5785 time=1.5635742888971918e-01 dt=7.5781921456818388e-07
cycle=5786 time=1.5635818670893376e-01 dt=7.5807395762827988e-07
cycle=5787 time=1.5635894478289139e-01 dt=7.5832892247039847e-07
cycle=5788 time=1.5635970311181385e-01 dt=7.5858410959811345e-07
cycle=5789 time=1.5636046169592346e-01 dt=7.5883951969204322e-07
cycle=5790 time=1.5636122053544316e-01 dt=7.5909515358039180e-07
cycle=5791 time=1.5636197963059673e-01 dt=7.5935101221190451e-07
cycle=5792 time=1.5636273898160893e-01 dt=7.5960709635207720e-07
cycle=5793 time=1.5636349858870530e-01 dt=7.5986340672413741e-07
cycle=5794 time=1.5636425845211202e-01 dt=7.6011994407774795e-07
cycle=5795 time=1.5636501857205609e-01 dt=7.6037670917187078e-07
cycle=5796 time=1.5636577894876527e-01 dt=7.6063370275752807e-07
cycle=5797 time=1.5636653958246802e-01 dt=7.6089092556093931e-07
cycle=5798 time=1.5636730047339359e-01 dt=7.6114837826841029e-07
cycle=5799 time=1.5636806162177186e-01 dt=7.6140606151064450e-07
cycle=5800 time=1.5636882302783336e-01 dt=7.6166397584883493e-07
cycle=5801 time=1.5636958469180923e-01 dt=7.6192212176278806e-07
cycle=5802 time=1.5637034661393098e-01 dt=7.6218049964074810e-07
cycle=5803 time=1.5637110879443061e-01 dt=7.6243910977087578e-07
cycle=5804 time=1.5637187123354038e-01 dt=7.6269795233388864e-07
cycle=5805 time=1.5637263393149270e-01 dt=7.6295702739712622e-07
cycle=5806 time=1.5637339688852009e-01 dt=7.6321637779296881e-07
cycle=5807 time=1.5637416010489788e-01 dt=7.6347668829735050e-07
cycle=5808 time=1.5637492358158617e-01 dt=7.6373788519593787e-07
cycle=5809 time=1.5637568731947135e-01 dt=7.6399989212438694e-07
cycle=5810 time=1.5637645131936348e-01 dt=7.6426263125410862e-07
cycle=5811 time=1.5637721558199474e-01 dt=7.6452602440061642e-07
cycle=5812 time=1.5637798010801915e-01 dt=7.6478999404716299e-07
cycle=5813 time=1.5637874489801321e-01 dt=7.6505446427795172e-07
cycle=5814 time=1.5637950995247749e-01 dt=7.6531936161691489e-07
cycle=5815 time=1.5638027527183909e-01 dt=7.6558461576893409e-07
cycle=5816 time=1.5638104085645485e-01 dt=7.6585016026224044e-07
cycle=5817 time=1.5638180670661511e-01 dt=7.6611593299178150e-07
cycle=5818 time=1.5638257282254811e-01 dt=7.6638187666457420e-07
cycle=5819 time=1.5638333920442476e-01 dt=7.6664793914896285e-07
cycle=5820 time=1.5638410585236392e-01 dt=7.6691407373102187e-07
cycle=5821 time=1.5638487276643764e-01 dt=7.6718023928167312e-07
cycle=5822 time=1.5638563994667692e-01 dt=7.6744640037046132e-07
cycle=5823 time=1.5638640739307730e-01 dt=7.6771252724817186e-07
cycle=5824 time=1.5638717510560454e-01 dt=7.6797859575221095e-07
cycle=5825 time=1.5638794308420029e-01 dt=7.6824458716815538e-07
cycle=5826 time=1.5638871132878746e-01 dt=7.6851048803135416e-07
cycle=5827 time=1.5638947983927548e-01 dt=7.6877628987559968e-07
cycle=5828 time=1.5639024861556536e-01 dt=7.6904198893608334e-07
cycle=5829 time=1.5639101765755428e-01 dt=7.6930758581392590e-07
cycle=5830 time=1.5639178696514008e-01 dt=7.6957308510947159e-07
cycle=5831 time=1.5639255653822520e-01 dt=7.6983849503139455e-07
cycle=5832 time=1.5639332637672024e-01 dt=7.7010382698859021e-07
cycle=5833 time=1.5639409648054722e-01 dt=7.7036909517152193e-07
cycle=5834 time=1.5639486684964241e-01 dt=7.7063431612930334e-07
cycle=5835 time=1.5639563748395854e-01 dt=7.7089950834833596e-07
cycle=5836 time=1.5639640838346688e-01 dt=7.7116469198136893e-07
cycle=5837 time=1.5639717954815888e-01 dt=7.7142990381916428e-07
cycle=5838 time=1.5639795097806269e-01 dt=7.7169516694192689e-07
cycle=5839 time=1.5639872267322963e-01 dt=7.7196050301366345e-07
cycle=5840 time=1.5639949463373265e-01 dt=7.7222593353229831e-07
cycle=5841 time=1.5640026685966618e-01 dt=7.7249147954031779e-07
cycle=5842 time=1.5640103935114572e-01 dt=7.7275716136432747e-07
cycle=5843 time=1.5640181210830709e-01 dt=7.7302299838469287e-07
cycle=5844 time=1.5640258513130548e-01 dt=7.7328900883648073e-07
cycle=5845 time=1.5640335842031430e-01 dt=7.7355520964102833e-07
cycle=5846 time=1.5640413197552394e-01 dt=7.7382161626823931e-07
cycle=5847 time=1.5640490579714020e-01 dt=7.7408824262903837e-07
cycle=5848 time=1.5640567988538281e-01 dt=7.7435510099318427e-07
cycle=5849 time=1.5640645424048380e-01 dt=7.7462220194775154e-07
cycle=5850 time=1.5640722886268574e-01 dt=7.7488955436979552e-07
cycle=5851 time=1.5640800375224012e-01 dt=7.7515716542828289e-07
cycle=5852 time=1.5640877890940555e-01 dt=7.7542504060820005e-07
cycle=5853 time=1.5640955433444614e-01 dt=7.7569318375547767e-07
cycle=5854 time=1.5641033002762991e-01 dt=7.7596159714050613e-07
cycle=5855 time=1.5641110598922706e-01 dt=7.7623028153791518e-07
cycle=5856 time=1.5641188221950861e-01 dt=7.7649923632028463e-07
cycle=5857 time=1.5641265871874493e-01 dt=7.7676845956343113e-07
cycle=5858 time=1.5641343548720449e-01 dt=7.7703794816096786e-07
cycle=5859 time=1.5641421252515264e-01 dt=7.7730769794585356e-07
cycle=5860 time=1.5641498983285060e-01 dt=7.7757770381692663e-07
cycle=5861 time=1.5641576741055441e-01 dt=7.7784795986803354e-07
cycle=5862 time=1.5641654525851428e-01 dt=7.7811845951795562e-07
cycle=5863 time=1.5641732337697381e-01 dt=7.7838919563933551e-07
cycle=5864 time=1.5641810176616944e-01 dt=7.7866016068572003e-07
cycle=5865 time=1.5641888042633012e-01 dt=7.7893134681376272e-07
cycle=5866 time=1.5641965935767693e-01 dt=7.7920274599888742e-07
cycle=5867 time=1.5642043856042293e-01 dt=7.7947435014531055e-07
cycle=5868 time=1.5642121803477307e-01 dt=7.7974615118847536e-07
cycle=5869 time=1.5642199778092425e-01 dt=7.8001814119591470e-07
cycle=5870 time=1.5642277779906544e-01 dt=7.8029031239714715e-07
cycle=5871 time=1.5642355808937783e-01 dt=7.8056265734990926e-07
cycle=5872 time=1.5642433865203517e-01 dt=7.8083516898310444e-07
cycle=5873 time=1.5642511948720417e-01 dt=7.8110784064955228e-07
cycle=5874 time=1.5642590059504483e-01 dt=7.8138066617141163e-07
cycle=5875 time=1.5642668197571100e-01 dt=7.8165363987566989e-07
cycle=5876 time=1.5642746362935087e-01 dt=7.8192675662000805e-07
cycle=5877 time=1.5642824555610749e-01 dt=7.8220001180943309e-07
cycle=5878 time=1.5642902775611930e-01 dt=7.8247340140415996e-07
cycle=5879 time=1.5642981022952071e-01 dt=7.8274692191929978e-07
cycle=5880 time=1.5643059297644263e-01 dt=7.8302057041700007e-07
cycle=5881 time=1.5643137599701304e-01 dt=7.8329434449170210e-07
cycle=5882 time=1.5643215929135754e-01 dt=7.8356824224926602e-07
cycle=5883 time=1.5643294285959980e-01 dt=7.8384226228069572e-07
cycle=5884 time=1.5643372670186209e-01 dt=7.8411640363124277e-07
cycle=5885 time=1.5643451081826573e-01 dt=7.8439066576566641e-07
cycle=5886 time=1.5643529520893149e-01 dt=7.8466504853036251e-07
cycle=5887 time=1.5643607987398001e-01 dt=7.8493955211207453e-07
cycle=5888 time=1.5643686481353211e-01 dt=7.8521417699792063e-07
cycle=5889 time=1.5643765002770910e-01 dt=7.8548892056227717e-07
cycle=5890 time=1.5643843551662967e-01 dt=7.8576377919099858e-07
cycle=5891 time=1.5643922128040885e-01 dt=7.8603875466620269e-07
cycle=5892 time=1.5644000731916352e-01 dt=7.8631384895341355e-07
cycle=5893 time=1.5644079363301247e-01 dt=7.8658906414806575e-07
cycle=5894 time=1.5644158022207663e-01 dt=7.8686440242432738e-07
cycle=5895 time=1.5644236708647904e-01 dt=7.8713986598678579e-07
cycle=5896 time=1.5644315422634503e-01 dt=7.8741545702543410e-07
cycle=5897 time=1.5644394164180206e-01 dt=7.8769117767432787e-07
cycle=5898 time=1.5644472933297973e-01 dt=7.8796702997402452e-07
cycle=5899 time=1.5644551730000972e-01 dt=7.8824301583541187e-07
cycle=5900 time=1.5644630554302555e-01 dt=7.8851913700595550e-07
cycle=5901 time=1.5644709406216256e-01 dt=7.8879539504264471e-07
cycle=5902 time=1.5644788285755759e-01 dt=7.8907179129799100e-07
cycle=5903 time=1.5644867192934889e-01 dt=7.8934832690959774e-07
cycle=5904 time=1.5644946127767578e-01 dt=7.8962500278837558e-07
cycle=5905 time=1.5645025090267858e-01 dt=7.8990181961016556e-07
cycle=5906 time=1.5645104080449820e-01 dt=7.9017877781141337e-07
cycle=5907 time=1.5645183098327600e-01 dt=7.9045587758855706e-07
cycle=5908 time=1.5645262143915359e-01 dt=7.9073311890084661e-07
cycle=5909 time=1.5645341217227249e-01 dt=7.9101050147858760e-07
cycle=5910 time=1.5645420318277398e-01 dt=7.9128802476439368e-07
cycle=5911 time=1.5645499447079875e-01 dt=7.9156568788892213e-07
cycle=5912 time=1.5645578603648663e-01 dt=7.9184348980858610e-07
cycle=5913 time=1.5645657787997644e-01 dt=7.9212142932171478e-07
cycle=5914 time=1.5645737000140575e-01 dt=7.9239950508581929e-07
cycle=5915 time=1.5645816240091084e-01 dt=7.9267771563546010e-07
cycle=5916 time=1.5645895507862648e-01 dt=7.9295605940038774e-07
cycle=5917 time=1.5645974803468587e-01 dt=7.9323453472369267e-07
cycle=5918 time=1.5646054126922060e-01 dt=7.9351313987969212e-07
cycle=5919 time=1.5646133478236049e-01 dt=7.9379187309175027e-07
cycle=5920 time=1.5646212857423358e-01 dt=7.9407073254939136e-07
cycle=5921 time=1.5646292264496614e-01 dt=7.9434971642367063e-07
cycle=5922 time=1.5646371699468256e-01 dt=7.9462882288195286e-07
cycle=5923 time=1.5646451162350544e-01 dt=7.9490805010166141e-07
cycle=5924 time=1.5646530653155555e-01 dt=7.9518739628268152e-07
cycle=5925 time=1.5646610171895184e-01 dt=7.9546685965828754e-07
cycle=5926 time=1.5646689718581150e-01 dt=7.9574643850463889e-07
cycle=5927 time=1.5646769293224999e-01 dt=7.9602613114885440e-07
cycle=5928 time=1.5646848895838114e-01 dt=7.9630593597560444e-07
cycle=5929 time=1.5646928526431711e-01 dt=7.9658585143106994e-07
cycle=5930 time=1.5647008185016853e-01 dt=7.9686587602591279e-07
cycle=5931 time=1.5647087871604456e-01 dt=7.9714600833748068e-07
cycle=5932 time=1.5647167586205291e-01 dt=7.9742624701074472e-07
cycle=5933 time=1.5647247328829991e-01 dt=7.9770659061085759e-07
cycle=5934 time=1.5647327099489053e-01 dt=7.9798703779886304e-07
cycle=5935 time=1.5647406898192834e-01 dt=7.9826758789217885e-07
cycle=5936 time=1.5647486724951623e-01 dt=7.9854824082301070e-07
cycle=5937 time=1.5647566579775704e-01 dt=7.9882899709082589e-07
cycle=5938 time=1.5647646462675413e-01 dt=7.9910985771002290e-07
cycle=5939 time=1.5647726373661183e-01 dt=7.9939082415383345e-07
cycle=5940 time=1.5647806312743598e-01 dt=7.9967189829575814e-07
cycle=5941 time=1.5647886279933426e-01 dt=7.9995308234918756e-07
cycle=5942 time=1.5647966275241662e-01 dt=8.0023437880651223e-07
cycle=5943 time=1.5648046298679544e-01 dt=8.0051579037863802e-07
cycle=5944 time=1.5648126350258582e-01 dt=8.0079731993574148e-07
cycle=5945 time=1.5648206429990574e-01 dt=8.0107897045006163e-07
cycle=5946 time=1.5648286537887621e-01 dt=8.0136074494134146e-07
cycle=5947 time=1.5648366673962114e-01 dt=8.0164264642555389e-07
cycle=5948 time=1.5648446838226757e-01 dt=8.0192467786741377e-07
cycle=5949 time=1.5648527030694542e-01 dt=8.0220684213706937e-07
cycle=5950 time=1.5648607251378757e-01 dt=8.0248914197129198e-07
cycle=5951 time=1.5648687500292954e-01 dt=8.0277157993926170e-07
cycle=5952 time=1.5648767777450948e-01 dt=8.0305415841345629e-07
cycle=5953 time=1.5648848082866790e-01 dt=8.0333687954545126e-07
cycle=5954 time=1.5648928416554744e-01 dt=8.0361974524681658e-07
cycle=5955 time=1.5649008778529269e-01 dt=8.0390275717524973e-07
cycle=5956 time=1.5649089168804986e-01 dt=8.0418591672594441e-07
cycle=5957 time=1.5649169587396658e-01 dt=8.0446922502666549e-07
cycle=5958 time=1.5649250034319159e-01 dt=8.0475268293414858e-07
cycle=5959 time=1.5649330509587453e-01 dt=8.0503629103390499e-07
cycle=5960 time=1.5649411013216558e-01 dt=8.0532004964558642e-07
cycle=5961 time=1.5649491545221522e-01 dt=8.0560395883253389e-07
cycle=5962 time=1.5649572105617404e-01 dt=8.0588801841418517e-07
cycle=5963 time=1.5649652694419244e-01 dt=8.0617222798083478e-07
cycle=5964 time=1.5649733311642042e-01 dt=8.0645658691039693e-07
cycle=5965 time=1.5649813957300732e-01 dt=8.0674109438676809e-07
cycle=5966 time=1.5649894631410172e-01 dt=8.0702574941968363e-07
cycle=5967 time=1.5649975333985114e-01 dt=8.0731055086551630e-07
cycle=5968 time=1.5650056065040199e-01 dt=8.0759549744817347e-07
cycle=5969 time=1.5650136824589944e-01 dt=8.0788058778006919e-07
cycle=5970 time=1.5650217612648723e-01 dt=8.0816581941684539e-07
cycle=5971 time=1.5650298429230663e-01 dt=8.0845118279785116e-07
cycle=5972 time=1.5650379274348944e-01 dt=8.0873666814664778e-07
cycle=5973 time=1.5650460148015757e-01 dt=8.0902226658703818e-07
cycle=5974 time=1.5650541050242417e-01 dt=8.0930797019678389e-07
cycle=5975 time=1.5650621981039436e-01 dt=8.0959377204269238e-07
cycle=5976 time=1.5650702940416641e-01 dt=8.0987966619797966e-07
cycle=5977 time=1.5650783928383261e-01 dt=8.1016564774295440e-07
cycle=5978 time=1.5650864944948034e-01 dt=8.1045171275202377e-07
cycle=5979 time=1.5650945990119308e-01 dt=8.1073786767399201e-07
cycle=5980 time=1.5651027063906076e-01 dt=8.1102412110211902e-07
cycle=5981 time=1.5651108166318187e-01 dt=8.1131047247884313e-07
cycle=5982 time=1.5651189297365434e-01 dt=8.1159692160731335e-07
cycle=5983 time=1.5651270457057595e-01 dt=8.1188346861065874e-07
cycle=5984 time=1.5651351645404457e-01 dt=8.1217011388897912e-07
cycle=5985 time=1.5651432862415846e-01 dt=8.1245685807550298e-07
cycle=5986 time=1.5651514108101652e-01 dt=8.1274370199307836e-07
cycle=5987 time=1.5651595382471853e-01 dt=8.1303064661164491e-07
cycle=5988 time=1.5651676685536514e-01 dt=8.1331769300650418e-07
cycle=5989 time=1.5651758017305814e-01 dt=8.1360484231627810e-07
cycle=5990 time=1.5651839377790044e-01 dt=8.1389209570434079e-07
cycle=5991 time=1.5651920766999614e-01 dt=8.1417945432290270e-07
cycle=5992 time=1.5652002184945046e-01 dt=8.1446691928055887e-07
cycle=5993 time=1.5652083631636973e-01 dt=8.1475449161394261e-07
cycle=5994 time=1.5652165107086136e-01 dt=8.1504217226237874e-07
cycle=5995 time=1.5652246611303361e-01 dt=8.1532996204449020e-07
cycle=5996 time=1.5652328144299565e-01 dt=8.1561786163652818e-07
cycle=5997 time=1.5652409706085729e-01 dt=8.1590587155550656e-07
cycle=5998 time=1.5652491296672885e-01 dt=8.1619399214794122e-07
cycle=5999 time=1.5652572916072099e-01 dt=8.1648222358232841e-07
cycle=6000 time=1.5652654564294458e-01 dt=8.1677056584491442e-07
cycle=6001 time=1.5652736241351042e-01 dt=8.1705901873873308e-07
cycle=6002 time=1.5652817947252917e-01 dt=8.1734758188553293e-07
cycle=6003 time=1.5652899682011107e-01 dt=8.1763625473009933e-07
cycle=6004 time=1.5652981445636580e-01 dt=8.1792503654558367e-07
cycle=6005 time=1.5653063238140233e-01 dt=8.1821392643888511e-07
cycle=6006 time=1.5653145059532877e-01 dt=8.1850292335965738e-07
cycle=6007 time=1.5653226909825213e-01 dt=8.1879202611935486e-07
cycle=6008 time=1.5653308789027826e-01 dt=8.1908123341099439e-07
cycle=6009 time=1.5653390697151168e-01 dt=8.1937054382403380e-07
cycle=6010 time=1.5653472634205551e-01 dt=8.1965995585889984e-07
cycle=6011 time=1.5653554600201136e-01 dt=8.1994946794231881e-07
cycle=6012 time=1.5653636595147929e-01 dt=8.2023907844294369e-07
cycle=6013 time=1.5653718619055773e-01 dt=8.2052878568702497e-07
cycle=6014 time=1.5653800671934343e-01 dt=8.2081858797375704e-07
cycle=6015 time=1.5653882753793139e-01 dt=8.2110848359022677e-07
cycle=6016 time=1.5653964864641498e-01 dt=8.2139847082551888e-07
cycle=6017 time=1.5654047004488580e-01 dt=8.2168854798325889e-07
cycle=6018 time=1.5654129173343379e-01 dt=8.2197871339162166e-07
cycle=6019 time=1.5654211371214719e-01 dt=8.2226896541228717e-07
cycle=6020 time=1.5654293598111260e-01 dt=8.2255930244885349e-07
cycle=6021 time=1.5654375854041505e-01 dt=8.2284972295446524e-07
cycle=6022 time=1.5654458139013799e-01 dt=8.2314022543820076e-07
cycle=6023 time=1.5654540453036342e-01 dt=8.2343080847010633e-07
cycle=6024 time=1.5654622796117190e-01 dt=8.2372147068523113e-07
cycle=6025 time=1.5654705168264257e-01 dt=8.2401221078661165e-07
cycle=6026 time=1.5654787569485337e-01 dt=8.2430302754559389e-07
cycle=6027 time=1.5654869999788093e-01 dt=8.2459392061896253e-07
cycle=6028 time=1.5654952459180155e-01 dt=8.2488489877148459e-07
cycle=6029 time=1.5655034947670032e-01 dt=8.2517596994327010e-07
cycle=6030 time=1.5655117465267027e-01 dt=8.2546714117190311e-07
cycle=6031 time=1.5655200011981144e-01 dt=8.2575841853500426e-07
cycle=6032 time=1.5655282587822997e-01 dt=8.2604980711274480e-07
cycle=6033 time=1.5655365192803708e-01 dt=8.2634131096903498e-07
cycle=6034 time=1.5655447826934804e-01 dt=8.2663293315029740e-07
cycle=6035 time=1.5655530490228120e-01 dt=8.2692467570062003e-07
cycle=6036 time=1.5655613182695691e-01 dt=8.2721653969182703e-07
cycle=6037 time=1.5655695904349659e-01 dt=8.2750852526687120e-07
cycle=6038 time=1.5655778655202185e-01 dt=8.2780063169486401e-07
cycle=6039 time=1.5655861435265356e-01 dt=8.2809285743600395e-07
cycle=6040 time=1.5655944244551098e-01 dt=8.2838520021462415e-07
cycle=6041 time=1.5656027083071120e-01 dt=8.2867765709788742e-07
cycle=6042 time=1.5656109950836830e-01 dt=8.2897022457196917e-07
cycle=6043 time=1.5656192847859288e-01 dt=8.2926289863564934e-07
cycle=6044 time=1.5656275774149150e-01 dt=8.2955567488872550e-07
cycle=6045 time=1.5656358729716638e-01 dt=8.2984854861970573e-07
cycle=6046 time=1.5656441714571501e-01 dt=8.3014151489209132e-07
cycle=6047 time=1.5656524728722990e-01 dt=8.3043456862799526e-07
cycle=6048 time=1.5656607772179854e-01 dt=8.3072770468796531e-07
cycle=6049 time=1.5656690844950322e-01 dt=8.3102091784782919e-07
cycle=6050 time=1.5656773947042107e-01 dt=8.3131420269671122e-07
cycle=6051 time=1.5656857078462377e-01 dt=8.3160755385673506e-07
cycle=6052 time=1.5656940239217762e-01 dt=8.3190096605096188e-07
cycle=6053 time=1.5657023429314368e-01 dt=8.3219443419597630e-07
cycle=6054 time=1.5657106648757788e-01 dt=8.3248795343101600e-07
cycle=6055 time=1.5657189897553131e-01 dt=8.3278151916194389e-07
cycle=6056 time=1.5657273175705047e-01 dt=8.3307512710074461e-07
cycle=6057 time=1.5657356483217758e-01 dt=8.3336877329738591e-07
cycle=6058 time=1.5657439820095087e-01 dt=8.3366245416419461e-07
cycle=6059 time=1.5657523186340502e-01 dt=8.3395616649302103e-07
cycle=6060 time=1.5657606581957151e-01 dt=8.3424990746512271e-07
cycle=6061 time=1.5657690006947897e-01 dt=8.3454367465367909e-07
cycle=6062 time=1.5657773461315364e-01 dt=8.3483746601961675e-07
cycle=6063 time=1.5657856945061965e-01 dt=8.3513127990117426e-07
cycle=6064 time=1.5657940458189956e-01 dt=8.3542511499871126e-07
cycle=6065 time=1.5658024000701457e-01 dt=8.3571897035664470e-07
cycle=6066 time=1.5658107572598493e-01 dt=8.3601284534244179e-07
cycle=6067 time=1.5658191173883027e-01 dt=8.3630673962172412e-07
cycle=6068 time=1.5658274804556988e-01 dt=8.3660065313041163e-07
cycle=6069 time=1.5658358464622302e-01 dt=8.3689458604458425e-07
cycle=6070 time=1.5658442154080907e-01 dt=8.3718853874889575e-07
cycle=6071 time=1.5658525872934781e-01 dt=8.3748251180432683e-07
cycle=6072 time=1.5658609621185962e-01 dt=8.3777650591585242e-07
cycle=6073 time=1.5658693398836554e-01 dt=8.3807052190056762e-07
cycle=6074 time=1.5658777205888744e-01 dt=8.3836456065675745e-07
cycle=6075 time=1.5658861042344810e-01 dt=8.3865862312078346e-07
cycle=6076 time=1.5658944908207123e-01 dt=8.3895270986294998e-07
cycle=6077 time=1.5659028803478109e-01 dt=8.3924682107706047e-07
cycle=6078 time=1.5659112728160215e-01 dt=8.3954095658116263e-07
cycle=6079 time=1.5659196682255874e-01 dt=8.3983511582653464e-07
cycle=6080 time=1.5659280665767458e-01 dt=8.4012929790942146e-07
cycle=6081 time=1.5659364678697249e-01 dt=8.4042350158865513e-07
cycle=6082 time=1.5659448721047409e-01 dt=8.4071772530786162e-07
cycle=6083 time=1.5659532792819938e-01 dt=8.4101196722129527e-07
cycle=6084 time=1.5659616894016662e-01 dt=8.4130622522278282e-07
cycle=6085 time=1.5659701024639183e-01 dt=8.4160049697646119e-07
cycle=6086 time=1.5659785184688882e-01 dt=8.4189477994944617e-07
cycle=6087 time=1.5659869374166877e-01 dt=8.4218907144578647e-07
cycle=6088 time=1.5659953593074022e-01 dt=8.4248336864080912e-07
cycle=6089 time=1.5660037841410887e-01 dt=8.4277766861525275e-07
cycle=6090 time=1.5660122119177750e-01 dt=8.4307196838865650e-07
cycle=6091 time=1.5660206426374587e-01 dt=8.4336626495149049e-07
cycle=6092 time=1.5660290763001083e-01 dt=8.4366055529562035e-07
cycle=6093 time=1.5660375129056614e-01 dt=8.4395483644269208e-07
cycle=6094 time=1.5660459524540257e-01 dt=8.4424910547012122e-07
cycle=6095 time=1.5660543949450803e-01 dt=8.4454335953442006e-07
cycle=6096 time=1.5660628403786755e-01 dt=8.4483759589175676e-07
cycle=6097 time=1.5660712887546344e-01 dt=8.4513181191559206e-07
cycle=6098 time=1.5660797400727536e-01 dt=8.4542600511128624e-07
cycle=6099 time=1.5660881943328048e-01 dt=8.4572017312768071e-07
cycle=6100 time=1.5660966515345359e-01 dt=8.4601431376568292e-07
cycle=6101 time=1.5661051116776736e-01 dt=8.4630842498394790e-07
cycle=6102 time=1.5661135747619234e-01 dt=8.4660250490176827e-07
cycle=6103 time=1.5661220407869725e-01 dt=8.4689655179661583e-07
cycle=6104 time=1.5661305097524905e-01 dt=8.4719056410519375e-07
cycle=6105 time=1.5661389816581317e-01 dt=8.4748454042010703e-07
cycle=6106 time=1.5661474565035360e-01 dt=8.4777847948419699e-07
cycle=6107 time=1.5661559342883308e-01 dt=8.4807238018311693e-07
cycle=6108 time=1.5661644150121326e-01 dt=8.4836624153642664e-07
cycle=6109 time=1.5661728986745480e-01 dt=8.4866006268747914e-07
cycle=6110 time=1.5661813852751749e-01 dt=8.4895384289236838e-07
cycle=6111 time=1.5661898748136038e-01 dt=8.4924758150832710e-07
cycle=6112 time=1.5661983672894189e-01 dt=8.4954127798249850e-07
cycle=6113 time=1.5662068627021988e-01 dt=8.4983493184288966e-07
cycle=6114 time=1.5662153610515173e-01 dt=8.5012854269148584e-07
cycle=6115 time=1.5662238623369443e-01 dt=8.5042211018842745e-07
cycle=6116 time=1.5662323665580460e-01 dt=8.5071563402959959e-07
cycle=6117 time=1.5662408737143863e-01 dt=8.5100911393504497e-07
cycle=6118 time=1.5662493838055255e-01 dt=8.5130254964125237e-07
cycle=6119 time=1.5662578968310220e-01 dt=8.5159594089413943e-07
cycle=6120 time=1.5662664127904311e-01 dt=8.5188928743915402e-07
cycle=6121 time=1.5662749316833055e-01 dt=8.5218258875999048e-07
cycle=6122 time=1.5662834535091932e-01 dt=8.5247584377980683e-07
cycle=6123 time=1.5662919782676310e-01 dt=8.5276905088000940e-07
cycle=6124 time=1.5663005059581397e-01 dt=8.5306220778701034e-07
cycle=6125 time=1.5663090365802176e-01 dt=8.5335531184754715e-07
cycle=6126 time=1.5663175701333362e-01 dt=8.5364836002022032e-07
cycle=6127 time=1.5663261066169365e-01 dt=8.5394134886897984e-07
cycle=6128 time=1.5663346460304253e-01 dt=8.5423427461057188e-07
cycle=6129 time=1.5663431883731715e-01 dt=8.5452713316352680e-07
cycle=6130 time=1.5663517336445032e-01 dt=8.5481992019726370e-07
cycle=6131 time=1.5663602818437053e-01 dt=8.5511263118147654e-07
cycle=6132 time=1.5663688329700171e-01 dt=8.5540526143998303e-07
cycle=6133 time=1.5663773870226314e-01 dt=8.5569780620848319e-07
cycle=6134 time=1.5663859440006933e-01 dt=8.5599026068706767e-07
cycle=6135 time=1.5663945039033003e-01 dt=8.5628262008639039e-07
cycle=6136 time=1.5664030667295012e-01 dt=8.5657487966952397e-07
cycle=6137 time=1.5664116324782978e-01 dt=8.5686703478555981e-07
cycle=6138 time=1.5664202011486458e-01 dt=8.5715908089395829e-07
cycle=6139 time=1.5664287727394546e-01 dt=8.5745101359498295e-07
cycle=6140 time=1.5664373472495907e-01 dt=8.5774282865558941e-07
cycle=6141 time=1.5664459246778772e-01 dt=8.5803452203062104e-07
cycle=6142 time=1.5664545050230977e-01 dt=8.5832608987928286e-07
cycle=6143 time=1.5664630882839964e-01 dt=8.5861752857692523e-07
cycle=6144 time=1.5664716744592821e-01 dt=8.5890883472225061e-07
cycle=6145 time=1.5664802635476294e-01 dt=8.5920000514004068e-07
cycle=6146 time=1.5664888555476808e-01 dt=8.5949103687929800e-07
cycle=6147 time=1.5664974504580495e-01 dt=8.5978192720790243e-07
cycle=6148 time=1.5665060482773216e-01 dt=8.6007267360439115e-07
cycle=6149 time=1.5665146490040577e-01 dt=8.6036327374682040e-07
cycle=6150 time=1.5665232526367950e-01 dt=8.6065372549889937e-07
cycle=6151 time=1.5665318591740501e-01 dt=8.6094402689402932e-07
cycle=6152 time=1.5665404686143192e-01 dt=8.6123417611771810e-07
cycle=6153 time=1.5665490809560803e-01 dt=8.6152417148870714e-07
cycle=6154 time=1.5665576961977951e-01 dt=8.6181401143923058e-07
cycle=6155 time=1.5665663143379094e-01 dt=8.6210369449457865e-07
cycle=6156 time=1.5665749353748543e-01 dt=8.6239321925321845e-07
cycle=6157 time=1.5665835593070468e-01 dt=8.6268258436783946e-07
cycle=6158 time=1.5665921861328905e-01 dt=8.6297178852718905e-07
cycle=6159 time=1.5666008158507758e-01 dt=8.6326083043623389e-07
cycle=6160 time=1.5666094484590801e-01 dt=8.6354970879582946e-07
cycle=6161 time=1.5666180839561680e-01 dt=8.6383842228659416e-07
cycle=6162 time=1.5666267223403910e-01 dt=8.6412696955367856e-07
cycle=6163 time=1.5666353636100866e-01 dt=8.6441534919534964e-07
cycle=6164 time=1.5666440077635785e-01 dt=8.6470355975939738e-07
cycle=6165 time=1.5666526547991760e-01 dt=8.6499159975028367e-07
cycle=6166 time=1.5666613047151737e-01 dt=8.6527946759194956e-07
cycle=6167 time=1.5666699575098497e-01 dt=8.6556716158885012e-07
cycle=6168 time=1.5666786131814656e-01 dt=8.6585468000431783e-07
cycle=6169 time=1.5666872717282657e-01 dt=8.6614202101840986e-07
cycle=6170 time=1.5666959331484759e-01 dt=8.6642918272920458e-07
cycle=6171 time=1.5667045974403032e-01 dt=8.6671616315507635e-07
cycle=6172 time=1.5667132646019347e-01 dt=8.6700296024078697e-07
cycle=6173 time=1.5667219346315370e-01 dt=8.6728957303842207e-07
cycle=6174 time=1.5667306075272674e-01 dt=8.6757600888156845e-07
cycle=6175 time=1.5667392832873564e-01 dt=8.6786226532166119e-07
cycle=6176 time=1.5667479619100097e-01 dt=8.6814833966733068e-07
cycle=6177 time=1.5667566433934063e-01 dt=8.6843422901392055e-07
cycle=6178 time=1.5667653277356963e-01 dt=8.6871993027371904e-07
cycle=6179 time=1.5667740149349990e-01 dt=8.6900544020752731e-07
cycle=6180 time=1.5667827049894012e-01 dt=8.6929075545673193e-07
cycle=6181 time=1.5667913978969558e-01 dt=8.6957587257531477e-07
cycle=6182 time=1.5668000936556817e-01 dt=8.6986078806115068e-07
cycle=6183 time=1.5668087922635623e-01 dt=8.7014549838610919e-07
cycle=6184 time=1.5668174937185461e-01 dt=8.7043000002449666e-07
cycle=6185 time=1.5668261980185463e-01 dt=8.7071428947950116e-07
cycle=6186 time=1.5668349051614411e-01 dt=8.7099836330707358e-07
cycle=6187 time=1.5668436151450740e-01 dt=8.7128221813714893e-07
cycle=6188 time=1.5668523279672553e-01 dt=8.7156585069218923e-07
cycle=6189 time=1.5668610436257621e-01 dt=8.7184925780152242e-07
cycle=6190 time=1.5668697621183400e-01 dt=8.7213239687074974e-07
cycle=6191 time=1.5668784834423088e-01 dt=8.7241517759218932e-07
cycle=6192 time=1.5668872075940848e-01 dt=8.7269751241262321e-07
cycle=6193 time=1.5668959345692091e-01 dt=8.7297931795713048e-07
cycle=6194 time=1.5669046643623885e-01 dt=8.7326051626420683e-07
cycle=6195 time=1.5669133969675511e-01 dt=8.7354103582565963e-07
cycle=6196 time=1.5669221323779092e-01 dt=8.7382081243187288e-07
cycle=6197 time=1.5669308705860335e-01 dt=8.7409979342960666e-07
cycle=6198 time=1.5669396115839679e-01 dt=8.7437795257957351e-07
cycle=6199 time=1.5669483553634936e-01 dt=8.7465524908980608e-07
cycle=6200 time=1.5669571019159845e-01 dt=8.7493165058919508e-07
cycle=6201 time=1.5669658512324905e-01 dt=8.7520713310560419e-07
cycle=6202 time=1.5669746033038215e-01 dt=8.7548168088907856e-07
cycle=6203 time=1.5669833581206305e-01 dt=8.7575528609453295e-07
cycle=6204 time=1.5669921156734914e-01 dt=8.7602794833930489e-07
cycle=6205 time=1.5670008759529749e-01 dt=8.7629967415338630e-07
cycle=6206 time=1.5670096389497165e-01 dt=8.7657047634053970e-07
cycle=6207 time=1.5670184046544799e-01 dt=8.7684037326839302e-07
cycle=6208 time=1.5670271730582128e-01 dt=8.7710938810574719e-07
cycle=6209 time=1.5670359441520937e-01 dt=8.7737754802517756e-07
cycle=6210 time=1.5670447179275740e-01 dt=8.7764488338892751e-07
cycle=6211 time=1.5670534943764078e-01 dt=8.7791142693730468e-07
cycle=6212 time=1.5670622734906772e-01 dt=8.7817721299781608e-07
cycle=6213 time=1.5670710552628073e-01 dt=8.7844227440697865e-07
cycle=6214 time=1.5670798396855512e-01 dt=8.7870664462256574e-07
cycle=6215 time=1.5670886267519973e-01 dt=8.7897035873188053e-07
cycle=6216 time=1.5670974164555845e-01 dt=8.7923345062148034e-07
cycle=6217 time=1.5671062087900908e-01 dt=8.7949595241647312e-07
cycle=6218 time=1.5671150037496151e-01 dt=8.7975789399335319e-07
cycle=6219 time=1.5671238013285552e-01 dt=8.8001930257065009e-07
cycle=6220 time=1.5671326015215808e-01 dt=8.8028020237970140e-07
cycle=6221 time=1.5671414043236045e-01 dt=8.8054061441601687e-07
cycle=6222 time=1.5671502097297488e-01 dt=8.8080055627010505e-07
cycle=6223 time=1.5671590177353115e-01 dt=8.8106004203525385e-07
cycle=6224 time=1.5671678283357318e-01 dt=8.8131908228880426e-07
cycle=6225 time=1.5671766415265548e-01 dt=8.8157768414140612e-07
cycle=6226 time=1.5671854573033961e-01 dt=8.8183585134828692e-07
cycle=6227 time=1.5671942756619095e-01 dt=8.8209358447606958e-07
cycle=6228 time=1.5672030965977543e-01 dt=8.8235088111801332e-07
cycle=6229 time=1.5672119201065654e-01 dt=8.8260773615008262e-07
cycle=6230 time=1.5672207461839269e-01 dt=8.8286414202001094e-07
cycle=6231 time=1.5672295748253470e-01 dt=8.8312008906474337e-07
cycle=6232 time=1.5672384060262376e-01 dt=8.8337556482973078e-07
cycle=6233 time=1.5672472397818860e-01 dt=8.8363055520848846e-07
cycle=6234 time=1.5672560760874379e-01 dt=8.8388504517240570e-07
cycle=6235 time=1.5672649149378898e-01 dt=8.8413901911981145e-07
cycle=6236 time=1.5672737563280809e-01 dt=8.8439246120875066e-07
cycle=6237 time=1.5672826002526929e-01 dt=8.8464535567365362e-07
cycle=6238 time=1.5672914467062496e-01 dt=8.8489768712177969e-07
cycle=6239 time=1.5673002956831208e-01 dt=8.8514944079315052e-07
cycle=6240 time=1.5673091471775288e-01 dt=8.8540060279042064e-07
cycle=6241 time=1.5673180011835566e-01 dt=8.8565116029205899e-07
cycle=6242 time=1.5673268576951596e-01 dt=8.8590110171612351e-07
cycle=6243 time=1.5673357167061769e-01 dt=8.8615041684792922e-07
cycle=6244 time=1.5673445782103454e-01 dt=8.8639909693180845e-07
cycle=6245 time=1.5673534422013147e-01 dt=8.8664713472778595e-07
cycle=6246 time=1.5673623086726621e-01 dt=8.8689452453462165e-07
cycle=6247 time=1.5673711776179075e-01 dt=8.8714126218120821e-07
cycle=6248 time=1.5673800490305292e-01 dt=8.8738734498878159e-07
cycle=6249 time=1.5673889229039792e-01 dt=8.8763277170680300e-07
cycle=6250 time=1.5673977992316962e-01 dt=8.8787754242564767e-07
cycle=6251 time=1.5674066780071205e-01 dt=8.8812165846889110e-07
cycle=6252 time=1.5674155592237052e-01 dt=8.8836512226938342e-07
cycle=6253 time=1.5674244428749279e-01 dt=8.8860793723306942e-07
cycle=6254 time=1.5674333289543002e-01 dt=8.8885010759383790e-07
cycle=6255 time=1.5674422174553762e-01 dt=8.8909163826276851e-07
cycle=6256 time=1.5674511083717588e-01 dt=8.8933253467595290e-07
cycle=6257 time=1.5674600016971055e-01 dt=8.8957280264602773e-07
cycle=6258 time=1.5674688974251319e-01 dt=8.8981244822013093e-07
cycle=6259 time=1.5674777955496141e-01 dt=8.9005147753747567e-07
cycle=6260 time=1.5674866960643896e-01 dt=8.9028989668225577e-07
cycle=6261 time=1.5674955989633566e-01 dt=8.9052771155450327e-07
cycle=6262 time=1.5675045042404720e-01 dt=8.9076492776013451e-07
cycle=6263 time=1.5675134118897496e-01 dt=8.9100155051457287e-07
cycle=6264 time=1.5675223219052548e-01 dt=8.9123758456056874e-07
cycle=6265 time=1.5675312342811004e-01 dt=8.9147303410105502e-07
cycle=6266 time=1.5675401490114416e-01 dt=8.9170790274734283e-07
cycle=6267 time=1.5675490660904690e-01 dt=8.9194219348234783e-07
cycle=6268 time=1.5675579855124039e-01 dt=8.9217590863916383e-07
cycle=6269 time=1.5675669072714904e-01 dt=8.9240904989383673e-07
cycle=6270 time=1.5675758313619895e-01 dt=8.9264161827153719e-07
cycle=6271 time=1.5675847577781721e-01 dt=8.9287361416582042e-07
cycle=6272 time=1.5675936865143136e-01 dt=8.9310503736848795e-07
cycle=6273 time=1.5676026175646873e-01 dt=8.9333588709182783e-07
cycle=6274 time=1.5676115509235583e-01 dt=8.9356616203354259e-07
cycle=6275 time=1.5676204865851787e-01 dt=8.9379586043208393e-07
cycle=6276 time=1.5676294245437830e-01 dt=8.9402498012584191e-07
cycle=6277 time=1.5676383647935843e-01 dt=8.9425351861588899e-07
cycle=6278 time=1.5676473073287706e-01 dt=8.9448147313074133e-07
cycle=6279 time=1.5676562521435020e-01 dt=8.9470884069092602e-07
cycle=6280 time=1.5676651992319088e-01 dt=8.9493561817173278e-07
cycle=6281 time=1.5676741485880905e-01 dt=8.9516180236357709e-07
cycle=6282 time=1.5676831002061140e-01 dt=8.9538733542491285e-07
cycle=6283 time=1.5676920540794681e-01 dt=8.9561203939217201e-07
cycle=6284 time=1.5677010101998620e-01 dt=8.9583574763090480e-07
cycle=6285 time=1.5677099685573384e-01 dt=8.9605830720004858e-07
cycle=6286 time=1.5677189291404103e-01 dt=8.9627958099247934e-07
cycle=6287 time=1.5677278919362203e-01 dt=8.9649944939210058e-07
cycle=6288 time=1.5677368569307143e-01 dt=8.9671781146311288e-07
cycle=6289 time=1.5677458241088288e-01 dt=8.9693458568177347e-07
cycle=6290 time=1.5677547934546857e-01 dt=8.9714971022951773e-07
cycle=6291 time=1.5677637649517878e-01 dt=8.9736314287269857e-07
cycle=6292 time=1.5677727385832166e-01 dt=8.9757486046105270e-07
cycle=6293 time=1.5677817143318212e-01 dt=8.9778485808218880e-07
cycle=6294 time=1.5677906921804022e-01 dt=8.9799314790649989e-07
cycle=6295 time=1.5677996721118811e-01 dt=8.9819975784916048e-07
cycle=6296 time=1.5678086541094596e-01 dt=8.9840472994858389e-07
cycle=6297 time=1.5678176381567591e-01 dt=8.9860811857784140e-07
cycle=6298 time=1.5678266242379449e-01 dt=8.9880998853984067e-07
cycle=6299 time=1.5678356123378304e-01 dt=8.9901041309273927e-07
cycle=6300 time=1.5678446024419612e-01 dt=8.9920947194993501e-07
cycle=6301 time=1.5678535945366806e-01 dt=8.9940724771833089e-07
cycle=6302 time=1.5678625886091577e-01 dt=8.9960382399013846e-07
cycle=6303 time=1.5678715846473976e-01 dt=8.9979928854351839e-07
cycle=6304 time=1.5678805826402831e-01 dt=8.9999372820746767e-07
cycle=6305 time=1.5678895825775652e-01 dt=9.0018722727701367e-07
cycle=6306 time=1.5678985844498380e-01 dt=9.0037986609552595e-07
cycle=6307 time=1.5679075882484991e-01 dt=9.0057171982047774e-07
cycle=6308 time=1.5679165939656972e-01 dt=9.0076285738407583e-07
cycle=6309 time=1.5679256015942711e-01 dt=9.0095334065541331e-07
cycle=6310 time=1.5679346111276776e-01 dt=9.0114322380621308e-07
cycle=6311 time=1.5679436225599158e-01 dt=9.0133255287798658e-07
cycle=6312 time=1.5679526358854445e-01 dt=9.0152136554446724e-07
cycle=6313 time=1.5679616510990999e-01 dt=9.0170969106004043e-07
cycle=6314 time=1.5679706681960104e-01 dt=9.0189755038582192e-07
cycle=6315 time=1.5679796871715143e-01 dt=9.0208495649520158e-07
cycle=6316 time=1.5679887080210791e-01 dt=9.0227191478506582e-07
cycle=6317 time=1.5679977307402271e-01 dt=9.0245842356344578e-07
cycle=6318 time=1.5680067553244628e-01 dt=9.0264447470494319e-07
cycle=6319 time=1.5680157817692097e-01 dt=9.0283005438296289e-07
cycle=6320 time=1.5680248100697536e-01 dt=9.0301514385707797e-07
cycle=6321 time=1.5680338402211921e-01 dt=9.0319972029898583e-07
cycle=6322 time=1.5680428722183951e-01 dt=9.0338375763774196e-07
cycle=6323 time=1.5680519060559714e-01 dt=9.0356722740986266e-07
cycle=6324 time=1.5680609417282454e-01 dt=9.0375009959157889e-07
cycle=6325 time=1.5680699792292413e-01 dt=9.0393234340723422e-07
cycle=6326 time=1.5680790185526752e-01 dt=9.0411392809072747e-07
cycle=6327 time=1.5680880596919561e-01 dt=9.0429482358497475e-07
cycle=6328 time=1.5680971026401919e-01 dt=9.0447500117583497e-07
cycle=6329 time=1.5681061473902036e-01 dt=9.0465443405018404e-07
cycle=6330 time=1.5681151939345442e-01 dt=9.0483309777191859e-07
cycle=6331 time=1.5681242422655220e-01 dt=9.0501097066984964e-07
cycle=6332 time=1.5681332923752286e-01 dt=9.0518803413624973e-07
cycle=6333 time=1.5681423442555700e-01 dt=9.0536427284726740e-07
cycle=6334 time=1.5681513978982986e-01 dt=9.0553967491627268e-07
cycle=6335 time=1.5681604532950477e-01 dt=9.0571423195952032e-07
cycle=6336 time=1.5681695104373672e-01 dt=9.0588793898350844e-07
cycle=6337 time=1.5681785693167571e-01 dt=9.0606079412928917e-07
cycle=6338 time=1.5681876299246986e-01 dt=9.0623279468902452e-07
cycle=6339 time=1.5681966922526455e-01 dt=9.0640394008198709e-07
cycle=6340 time=1.5682057562920462e-01 dt=9.0657423357274732e-07
cycle=6341 time=1.5682148220343820e-01 dt=9.0674368195802062e-07
cycle=6342 time=1.5682238894712014e-01 dt=9.0691229510100579e-07
cycle=6343 time=1.5682329585941523e-01 dt=9.0708008545411812e-07
cycle=6344 time=1.5682420293950070e-01 dt=9.0724706769213606e-07
cycle=6345 time=1.5682511018656839e-01 dt=9.0741325832512545e-07
cycle=6346 time=1.5682601759982673e-01 dt=9.0757867530242130e-07
cycle=6347 time=1.5682692517850202e-01 dt=9.0774333761586154e-07
cycle=6348 time=1.5682783292183963e-01 dt=9.0790726491000859e-07
cycle=6349 time=1.5682874082910453e-01 dt=9.0807047710686293e-07
cycle=6350 time=1.5682964889958165e-01 dt=9.0823299405168900e-07
cycle=6351 time=1.5683055713257571e-01 dt=9.0839483518565169e-07
cycle=6352 time=1.5683146552741090e-01 dt=9.0855601924999827e-07
cycle=6353 time=1.5683237408343015e-01 dt=9.0871656402777593e-07
cycle=6354 time=1.5683328279999417e-01 dt=9.0887648621192344e-07
cycle=6355 time=1.5683419167648038e-01 dt=9.0903580128511400e-07
cycle=6356 time=1.5683510071228166e-01 dt=9.0919452336643752e-07
cycle=6357 time=1.5683600990680502e-01 dt=9.0935266509627202e-07
cycle=6358 time=1.5683691925947010e-01 dt=9.0951023755891322e-07
cycle=6359 time=1.5683782876970767e-01 dt=9.0966725024168248e-07
cycle=6360 time=1.5683873843695792e-01 dt=9.0982371102866221e-07
cycle=6361 time=1.5683964826066896e-01 dt=9.0997962622670442e-07
cycle=6362 time=1.5684055824029519e-01 dt=9.1013500062081744e-07
cycle=6363 time=1.5684146837529581e-01 dt=9.1028983759092033e-07
cycle=6364 time=1.5684237866513340e-01 dt=9.1044413920493869e-07
cycle=6365 time=1.5684328910927262e-01 dt=9.1059790646056118e-07
cycle=6366 time=1.5684419970717908e-01 dt=9.1075113948436798e-07
cycle=6367 time=1.5684511045831856e-01 dt=9.1090383767120869e-07
cycle=6368 time=1.5684602136215622e-01 dt=9.1105599982366489e-07
cycle=6369 time=1.5684693241815606e-01 dt=9.1120762423254927e-07
cycle=6370 time=1.5684784362578030e-01 dt=9.1135870879565405e-07
cycle=6371 time=1.5684875498448911e-01 dt=9.1150925115292288e-07
cycle=6372 time=1.5684966649374027e-01 dt=9.1165924880869621e-07
cycle=6373 time=1.5685057815298908e-01 dt=9.1180869924481328e-07
cycle=6374 time=1.5685148996168832e-01 dt=9.1195760002405452e-07
cycle=6375 time=1.5685240191928834e-01 dt=9.1210594888291877e-07
cycle=6376 time=1.5685331402523722e-01 dt=9.1225374381295052e-07
cycle=6377 time=1.5685422627898105e-01 dt=9.1240098312981914e-07
cycle=6378 time=1.5685513867996417e-01 dt=9.1254766552886625e-07
cycle=6379 time=1.5685605122762969e-01 dt=9.1269379012717944e-07
cycle=6380 time=1.5685696392141982e-01 dt=9.1283935649266592e-07
cycle=6381 time=1.5685787676077631e-01 dt=9.1298436466051864e-07
cycle=6382 time=1.5685878974514098e-01 dt=9.1312881513827031e-07
cycle=6383 time=1.5685970287395612e-01 dt=9.1327270889817913e-07
cycle=6384 time=1.5686061614666502e-01 dt=9.1341604735620011e-07
cycle=6385 time=1.5686152956271238e-01 dt=9.1355883233871385e-07
cycle=6386 time=1.5686244312154471e-01 dt=9.1370106604493815e-07
cycle=6387 time=1.5686335682261077e-01 dt=9.1384275101620354e-07
cycle=6388 time=1.5686427066536179e-01 dt=9.1398389010250556e-07
cycle=6389 time=1.5686518464925189e-01 dt=9.1412448641544325e-07
cycle=6390 time=1.5686609877373831e-01 dt=9.1426454327511228e-07
cycle=6391 time=1.5686701303828157e-01 dt=9.1440406415586370e-07
cycle=6392 time=1.5686792744234573e-01 dt=9.1454305263228732e-07
cycle=6393 time=1.5686884198539836e-01 dt=9.1468151232613126e-07
cycle=6394 time=1.5686975666691069e-01 dt=9.1481944685532554e-07
cycle=6395 time=1.5687067148635755e-01 dt=9.1495685978601738e-07
cycle=6396 time=1.5687158644321733e-01 dt=9.1509375458836056e-07
cycle=6397 time=1.5687250153697191e-01 dt=9.1523013459671023e-07
cycle=6398 time=1.5687341676710650e-01 dt=9.1536600297462202e-07
cycle=6399 time=1.5687433213310947e-01 dt=9.1550136268389295e-07
cycle=6400 time=1.5687524763447216e-01 dt=9.1563621645985455e-07
cycle=6401 time=1.5687616327068862e-01 dt=9.1577056679309139e-07
cycle=6402 time=1.5687707904125542e-01 dt=9.1590441591676135e-07
cycle=6403 time=1.5687799494567134e-01 dt=9.1603776579937409e-07
cycle=6404 time=1.5687891098343715e-01 dt=9.1617061814278175e-07
cycle=6405 time=1.5687982715405530e-01 dt=9.1630297438504986e-07
cycle=6406 time=1.5688074345702968e-01 dt=9.1643483570778928e-07
cycle=6407 time=1.5688165989186539e-01 dt=9.1656620304747699e-07
cycle=6408 time=1.5688257645806844e-01 dt=9.1669707711108682e-07
cycle=6409 time=1.5688349315514555e-01 dt=9.1682745839949062e-07
cycle=6410 time=1.5688440998260395e-01 dt=9.1695734724173371e-07
cycle=6411 time=1.5688532693995119e-01 dt=9.1708674381355922e-07
cycle=6412 time=1.5688624402669502e-01 dt=9.1721564813107252e-07
cycle=6413 time=1.5688716124234314e-01 dt=9.1734406007151080e-07
cycle=6414 time=1.5688807858640322e-01 dt=9.1747197940204514e-07
cycle=6415 time=1.5688899605838261e-01 dt=9.1759940580540231e-07
cycle=6416 time=1.5688991365778840e-01 dt=9.1772633890362899e-07
cycle=6417 time=1.5689083138412729e-01 dt=9.1785277828023698e-07
cycle=6418 time=1.5689174923690558e-01 dt=9.1797872350060848e-07
cycle=6419 time=1.5689266721562908e-01 dt=9.1810417413045466e-07
cycle=6420 time=1.5689358531980321e-01 dt=9.1822912975211682e-07
cycle=6421 time=1.5689450354893297e-01 dt=9.1835358997920382e-07
cycle=6422 time=1.5689542190252295e-01 dt=9.1847755446872937e-07
cycle=6423 time=1.5689634038007741e-01 dt=9.1860102293041019e-07
cycle=6424 time=1.5689725898110035e-01 dt=9.1872399513330932e-07
cycle=6425 time=1.5689817770509548e-01 dt=9.1884647091000625e-07
cycle=6426 time=1.5689909655156639e-01 dt=9.1896845015846972e-07
cycle=6427 time=1.5690001552001656e-01 dt=9.1908993284145473e-07
cycle=6428 time=1.5690093460994942e-01 dt=9.1921091898396242e-07
cycle=6429 time=1.5690185382086841e-01 dt=9.1933140866914717e-07
cycle=6430 time=1.5690277315227708e-01 dt=9.1945140203231870e-07
cycle=6431 time=1.5690369260367912e-01 dt=9.1957089925207801e-07
cycle=6432 time=1.5690461217457838e-01 dt=9.1968990053844408e-07
cycle=6433 time=1.5690553186447892e-01 dt=9.1980840612050745e-07
cycle=6434 time=1.5690645167288503e-01 dt=9.1992641623721251e-07
cycle=6435 time=1.5690737159930127e-01 dt=9.2004393113421162e-07
cycle=6436 time=1.5690829164323239e-01 dt=9.2016095106129386e-07
cycle=6437 time=1.5690921180418346e-01 dt=9.2027747626597007e-07
cycle=6438 time=1.5691013208165974e-01 dt=9.2039350698514819e-07
cycle=6439 time=1.5691105247516673e-01 dt=9.2050904343676174e-07
cycle=6440 time=1.5691197298421017e-01 dt=9.2062408581199505e-07
cycle=6441 time=1.5691289360829597e-01 dt=9.2073863426828042e-07
cycle=6442 time=1.5691381434693025e-01 dt=9.2085268892316453e-07
cycle=6443 time=1.5691473519961918e-01 dt=9.2096624984910333e-07
cycle=6444 time=1.5691565616586903e-01 dt=9.2107931706929290e-07
cycle=6445 time=1.5691657724518610e-01 dt=9.2119189055454758e-07
cycle=6446 time=1.5691749843707664e-01 dt=9.2130397022120771e-07
cycle=6447 time=1.5691841974104687e-01 dt=9.2141555620571558e-07
cycle=6448 time=1.5691934115660308e-01 dt=9.2152664943638723e-07
cycle=6449 time=1.5692026268325251e-01 dt=9.2163725012722754e-07
cycle=6450 time=1.5692118432050264e-01 dt=9.2174735796192730e-07
cycle=6451 time=1.5692210606786061e-01 dt=9.2185697214766336e-07
cycle=6452 time=1.5692302792483276e-01 dt=9.2196609147396168e-07
cycle=6453 time=1.5692394989092423e-01 dt=9.2207471437504099e-07
cycle=6454 time=1.5692487196563862e-01 dt=9.2218283899410364e-07
cycle=6455 time=1.5692579414847760e-01 dt=9.2229046324818888e-07
cycle=6456 time=1.5692671643894085e-01 dt=9.2239758489400037e-07
cycle=6457 time=1.5692763883652575e-01 dt=9.2250415261092324e-07
cycle=6458 time=1.5692856134067837e-01 dt=9.2261008478808212e-07
cycle=6459 time=1.5692948395076314e-01 dt=9.2271538755829825e-07
cycle=6460 time=1.5693040666615071e-01 dt=9.2282006901854508e-07
cycle=6461 time=1.5693132948621974e-01 dt=9.2292413890935857e-07
cycle=6462 time=1.5693225241035866e-01 dt=9.2302760827770344e-07
cycle=6463 time=1.5693317543796695e-01 dt=9.2313048913719198e-07
cycle=6464 time=1.5693409856845608e-01 dt=9.2323279413318604e-07
cycle=6465 time=1.5693502180125021e-01 dt=9.2333453621946776e-07
cycle=6466 time=1.5693594513578643e-01 dt=9.2343572835255664e-07
cycle=6467 time=1.5693686857151479e-01 dt=9.2353638320887576e-07
cycle=6468 time=1.5693779210789799e-01 dt=9.2363651293017307e-07
cycle=6469 time=1.5693871574441093e-01 dt=9.2373612889741565e-07
cycle=6470 time=1.5693963948053982e-01 dt=9.2383524153878716e-07
cycle=6471 time=1.5694056331578135e-01 dt=9.2393386017234999e-07
cycle=6472 time=1.5694148724964152e-01 dt=9.2403199288406795e-07
cycle=6473 time=1.5694241128163441e-01 dt=9.2412964643266987e-07
cycle=6474 time=1.5694333541128086e-01 dt=9.2422682620657756e-07
cycle=6475 time=1.5694425963810707e-01 dt=9.2432353620452110e-07
cycle=6476 time=1.5694518396164328e-01 dt=9.2441977904090180e-07
cycle=6477 time=1.5694610838142231e-01 dt=9.2451555599207854e-07
cycle=6478 time=1.5694703289697831e-01 dt=9.2461086706496906e-07
cycle=6479 time=1.5694795750784538e-01 dt=9.2470571108943554e-07
cycle=6480 time=1.5694888221355646e-01 dt=9.2480008582575973e-07
cycle=6481 time=1.5694980701364228e-01 dt=9.2489398808527200e-07
cycle=6482 time=1.5695073190763037e-01 dt=9.2498741386060327e-07
cycle=6483 time=1.5695165689504423e-01 dt=9.2508035846398310e-07
cycle=6484 time=1.5695258197540268e-01 dt=9.2517281667243597e-07
cycle=6485 time=1.5695350714821935e-01 dt=9.2526478287177054e-07
cycle=6486 time=1.5695443241300222e-01 dt=9.2535625119465577e-07
cycle=6487 time=1.5695535776925343e-01 dt=9.2544721565302982e-07
cycle=6488 time=1.5695628321646909e-01 dt=9.2553767026312489e-07
cycle=6489 time=1.5695720875413935e-01 dt=9.2562760916031556e-07
cycle=6490 time=1.5695813438174852e-01 dt=9.2571702670174712e-07
cycle=6491 time=1.5695906009877522e-01 dt=9.2580591755608037e-07
cycle=6492 time=1.5695998590469279e-01 dt=9.2589427677966046e-07
cycle=6493 time=1.5696091179896957e-01 dt=9.2598209987819908e-07
cycle=6494 time=1.5696183778106945e-01 dt=9.2606938285361335e-07
cycle=6495 time=1.5696276385045230e-01 dt=9.2615612223562995e-07
cycle=6496 time=1.5696369000657454e-01 dt=9.2624231510092651e-07
cycle=6497 time=1.5696461624888963e-01 dt=9.2632795907811858e-07
cycle=6498 time=1.5696554257684872e-01 dt=9.2641305234164063e-07
cycle=6499 time=1.5696646898990108e-01 dt=9.2649759360166338e-07
cycle=6500 time=1.5696739548749467e-01 dt=9.2658158206705192e-07
cycle=6501 time=1.5696832206907674e-01 dt=9.2666501740792810e-07
cycle=6502 time=1.5696924873409415e-01 dt=9.2674789971112753e-07
cycle=6503 time=1.5697017548199385e-01 dt=9.2683022943010219e-07
cycle=6504 time=1.5697110231222328e-01 dt=9.2691200733078797e-07
cycle=6505 time=1.5697202922423062e-01 dt=9.2699323443492039e-07
cycle=6506 time=1.5697295621746504e-01 dt=9.2707391196223398e-07
cycle=6507 time=1.5697388329137701e-01 dt=9.2715404127289224e-07
cycle=6508 time=1.5697481044541828e-01 dt=9.2723362381138407e-07
cycle=6509 time=1.5697573767904208e-01 dt=9.2731266105299353e-07
cycle=6510 time=1.5697666499170312e-01 dt=9.2739115445381992e-07
cycle=6511 time=1.5697759238285758e-01 dt=9.2746910540569137e-07
cycle=6512 time=1.5697851985196298e-01 dt=9.2754651520174554e-07
cycle=6513 time=1.5697944739847819e-01 dt=9.2762338501625736e-07
cycle=6514 time=1.5698037502186321e-01 dt=9.2769971583328767e-07
cycle=6515 time=1.5698130272157904e-01 dt=9.2777550843842608e-07
cycle=6516 time=1.5698223049708748e-01 dt=9.2785076340862548e-07
cycle=6517 time=1.5698315834785090e-01 dt=9.2792548109969752e-07
cycle=6518 time=1.5698408627333199e-01 dt=9.2799966164051232e-07
cycle=6519 time=1.5698501427299363e-01 dt=9.2807330493283547e-07
cycle=6520 time=1.5698594234629856e-01 dt=9.2814641065607727e-07
cycle=6521 time=1.5698687049270921e-01 dt=9.2821897827795374e-07
cycle=6522 time=1.5698779871168750e-01 dt=9.2829100706821385e-07
cycle=6523 time=1.5698872700269456e-01 dt=9.2836249611912416e-07
cycle=6524 time=1.5698965536519069e-01 dt=9.2843344436169107e-07
cycle=6525 time=1.5699058379863506e-01 dt=9.2850385058551150e-07
cycle=6526 time=1.5699151230248565e-01 dt=9.2857371346475600e-07
cycle=6527 time=1.5699244087619912e-01 dt=9.2864303164567714e-07
cycle=6528 time=1.5699336951923076e-01 dt=9.2871180383691856e-07
cycle=6529 time=1.5699429823103461e-01 dt=9.2878003692566419e-07
cycle=6530 time=1.5699522701107155e-01 dt=9.2884774007625569e-07
cycle=6531 time=1.5699615585881163e-01 dt=9.2891492136971245e-07
cycle=6532 time=1.5699708477373300e-01 dt=9.2898158770528435e-07
cycle=6533 time=1.5699801375532071e-01 dt=9.2904774473016632e-07
cycle=6534 time=1.5699894280306545e-01 dt=9.2911339677529828e-07
cycle=6535 time=1.5699987191646222e-01 dt=9.2917854687838665e-07
cycle=6536 time=1.5700080109500911e-01 dt=9.2924319679728789e-07
cycle=6537 time=1.5700173033820591e-01 dt=9.2930734706985302e-07
cycle=6538 time=1.5700265964555299e-01 dt=9.2937099708499878e-07
cycle=6539 time=1.5700358901655007e-01 dt=9.2943414517665172e-07
cycle=6540 time=1.5700451845069524e-01 dt=9.2949678873383224e-07
cycle=6541 time=1.5700544794748397e-01 dt=9.2955892432310816e-07
cycle=6542 time=1.5700637750640831e-01 dt=9.2962054781797978e-07
cycle=6543 time=1.5700730712695612e-01 dt=9.2968165453446351e-07
cycle=6544 time=1.5700823680861065e-01 dt=9.2974223937084541e-07
cycle=6545 time=1.5700916655085001e-01 dt=9.2980229694529580e-07
cycle=6546 time=1.5701009635314694e-01 dt=9.2986182169019546e-07
cycle=6547 time=1.5701102621496862e-01 dt=9.2992080797611375e-07
cycle=6548 time=1.5701195613577659e-01 dt=9.2997925023167653e-07
cycle=6549 time=1.5701288611502681e-01 dt=9.3003714305291631e-07
cycle=6550 time=1.5701381615216986e-01 dt=9.3009448130083295e-07
cycle=6551 time=1.5701474624665115e-01 dt=9.3015126018698106e-07
cycle=6552 time=1.5701567639791134e-01 dt=9.3020747534393139e-07
cycle=6553 time=1.5701660660538669e-01 dt=9.3026312288101068e-07
cycle=6554 time=1.5701753686850958e-01 dt=9.3031819942571014e-07
cycle=6555 time=1.5701846718670900e-01 dt=9.3037270215038307e-07
cycle=6556 time=1.5701939755941116e-01 dt=9.3042662878496052e-07
cycle=6557 time=1.5702032798603996e-01 dt=9.3047997761650502e-07
cycle=6558 time=1.5702125846601758e-01 dt=9.3053274747665648e-07
cycle=6559 time=1.5702218899876505e-01 dt=9.3058493772015040e-07
cycle=6560 time=1.5702311958370277e-01 dt=9.3063654820034272e-07
cycle=6561 time=1.5702405022025098e-01 dt=9.3046701312238494e-07
cycle=6562 time=1.5702498068726412e-01 dt=9.3015180641768284e-07
cycle=6563 time=1.5702591083907053e-01 dt=9.2981841343651076e-07
cycle=6564 time=1.5702684065748396e-01 dt=9.2947617049108505e-07
cycle=6565 time=1.5702777013365446e-01 dt=9.2913387673476274e-07
cycle=6566 time=1.5702869926753119e-01 dt=9.2879962830915001e-07
cycle=6567 time=1.5702962806715950e-01 dt=9.2848068342295807e-07
cycle=6568 time=1.5703055654784293e-01 dt=9.2818330229077154e-07
cycle=6569 time=1.5703148473114523e-01 dt=9.2791266944207364e-07
cycle=6570 time=1.5703241264381468e-01 dt=9.2767292698741529e-07
cycle=6571 time=1.5703334031674165e-01 dt=9.2746716695748490e-07
cycle=6572 time=1.5703426778390861e-01 dt=9.2729745001103892e-07
cycle=6573 time=1.5703519508135863e-01 dt=9.2716484703540201e-07
cycle=6574 time=1.5703612224620567e-01 dt=9.2706950018761705e-07
cycle=6575 time=1.5703704931570586e-01 dt=9.2701069951415772e-07
cycle=6576 time=1.5703797632640537e-01 dt=9.2698697145351705e-07
cycle=6577 time=1.5703890331337683e-01 dt=9.2699617579860624e-07
cycle=6578 time=1.5703983030955262e-01 dt=9.2703560800701817e-07
cycle=6579 time=1.5704075734516063e-01 dt=9.2710210411742131e-07
cycle=6580 time=1.5704168444726474e-01 dt=9.2719215129983188e-07
cycle=6581 time=1.5704261163941605e-01 dt=9.2730199021043657e-07
cycle=6582 time=1.5704353894140627e-01 dt=9.2742770935611090e-07
cycle=6583 time=1.5704446636911562e-01 dt=9.2756533978943256e-07
cycle=6584 time=1.5704539393445541e-01 dt=9.2771094352022669e-07
cycle=6585 time=1.5704632164539892e-01 dt=9.2786069453444886e-07
cycle=6586 time=1.5704724950609344e-01 dt=9.2801095148578289e-07
cycle=6587 time=1.5704817751704492e-01 dt=9.2815832129307940e-07
cycle=6588 time=1.5704910567536620e-01 dt=9.2829971305963534e-07
cycle=6589 time=1.5705003397507927e-01 dt=9.2843238190327712e-07
cycle=6590 time=1.5705096240746116e-01 dt=9.2855396247583088e-07
cycle=6591 time=1.5705189096142363e-01 dt=9.2866249214933709e-07
cycle=6592 time=1.5705281962391579e-01 dt=9.2875642404104945e-07
cycle=6593 time=1.5705374838033984e-01 dt=9.2883463023692142e-07
cycle=6594 time=1.5705467721497007e-01 dt=9.2889639576195586e-07
cycle=6595 time=1.5705560611136585e-01 dt=9.2894140400631883e-07
cycle=6596 time=1.5705653505276984e-01 dt=9.2896971446481394e-07
cycle=6597 time=1.5705746402248430e-01 dt=9.2898173377049615e-07
cycle=6598 time=1.5705839300421806e-01 dt=9.2897818109999834e-07
cycle=6599 time=1.5705932198239916e-01 dt=9.2896004909160687e-07
cycle=6600 time=1.5706025094244824e-01 dt=9.2892856146458239e-07
cycle=6601 time=1.5706117987100970e-01 dt=9.2888512852449832e-07
cycle=6602 time=1.5706210875613824e-01 dt=9.2883130171849373e-07
cycle=6603 time=1.5706303758743995e-01 dt=9.2876872835426535e-07
cycle=6604 time=1.5706396635616829e-01 dt=9.2869910751903578e-07
cycle=6605 time=1.5706489505527579e-01 dt=9.2862414813696610e-07
cycle=6606 time=1.5706582367942393e-01 dt=9.2854552998799783e-07
cycle=6607 time=1.5706675222495392e-01 dt=9.2846486835575767e-07
cycle=6608 time=1.5706768068982227e-01 dt=9.2838368284957772e-07
cycle=6609 time=1.5706860907350512e-01 dt=9.2830337084987942e-07
cycle=6610 time=1.5706953737687596e-01 dt=9.2822518579625666e-07
cycle=6611 time=1.5707046560206175e-01 dt=9.2815022044193247e-07
cycle=6612 time=1.5707139375228218e-01 dt=9.2807939506632042e-07
cycle=6613 time=1.5707232183167724e-01 dt=9.2801345051513201e-07
cycle=6614 time=1.5707324984512774e-01 dt=9.2795294583307473e-07
cycle=6615 time=1.5707417779807359e-01 dt=9.2789826016582976e-07
cycle=6616 time=1.5707510569633376e-01 dt=9.2784959853641301e-07
cycle=6617 time=1.5707603354593230e-01 dt=9.2780700104192879e-07
cycle=6618 time=1.5707696135293334e-01 dt=9.2777035498363635e-07
cycle=6619 time=1.5707788912328832e-01 dt=9.2773940941816592e-07
cycle=6620 time=1.5707881686269773e-01 dt=9.2771379160826249e-07
cycle=6621 time=1.5707974457648935e-01 dt=9.2769302485542686e-07
cycle=6622 time=1.5708067226951419e-01 dt=9.2767654721143422e-07
cycle=6623 time=1.5708159994606141e-01 dt=9.2766373058969901e-07
cycle=6624 time=1.5708252760979199e-01 dt=9.2765389982916847e-07
cycle=6625 time=1.5708345526369183e-01 dt=9.2764635130071334e-07
cycle=6626 time=1.5708438291004312e-01 dt=9.2764037069072988e-07
cycle=6627 time=1.5708531055041380e-01 dt=9.2763524964291620e-07
cycle=6628 time=1.5708623818566345e-01 dt=9.2763030098568327e-07
cycle=6629 time=1.5708716581596444e-01 dt=9.2762487232555355e-07
cycle=6630 time=1.5708809344083677e-01 dt=9.2761835783732850e-07
cycle=6631 time=1.5708902105919462e-01 dt=9.2761020813248071e-07
cycle=6632 time=1.5708994866940276e-01 dt=9.2759993813661435e-07
cycle=6633 time=1.5709087626934090e-01 dt=9.2758713295448578e-07
cycle=6634 time=1.5709180385647387e-01 dt=9.2757145174502679e-07
cycle=6635 time=1.5709273142792562e-01 dt=9.2755262967029521e-07
cycle=6636 time=1.5709365898055530e-01 dt=9.2753047806545662e-07
cycle=6637 time=1.5709458651103336e-01 dt=9.2750488297668705e-07
cycle=6638 time=1.5709551401591634e-01 dt=9.2747580205438789e-07
cycle=6639 time=1.5709644149171839e-01 dt=9.2744326009394741e-07
cycle=6640 time=1.5709736893497850e-01 dt=9.2740734342350564e-07
cycle=6641 time=1.5709829634232192e-01 dt=9.2736819334937127e-07
cycle=6642 time=1.5709922371051527e-01 dt=9.2732599887537326e-07
cycle=6643 time=1.5710015103651415e-01 dt=9.2728098891286717e-07
cycle=6644 time=1.5710107831750306e-01 dt=9.2723342419362994e-07
cycle=6645 time=1.5710200555092724e-01 dt=9.2718358908890052e-07
cycle=6646 time=1.5710293273451634e-01 dt=9.2713178352531424e-07
cycle=6647 time=1.5710385986629985e-01 dt=9.2707831516856653e-07
cycle=6648 time=1.5710478694461502e-01 dt=9.2702348697447704e-07
cycle=6649 time=1.5710571396810200e-01 dt=9.2696759542442858e-07
cycle=6650 time=1.5710664093569743e-01 dt=9.2691092503526039e-07
cycle=6651 time=1.5710756784662247e-01 dt=9.2685374300891999e-07
cycle=6652 time=1.5710849470036548e-01 dt=9.2679629467340185e-07
cycle=6653 time=1.5710942149666016e-01 dt=9.2673879976281541e-07
cycle=6654 time=1.5711034823545991e-01 dt=9.2668144955584451e-07
cycle=6655 time=1.5711127491690946e-01 dt=9.2662440487168823e-07
cycle=6656 time=1.5711220154131433e-01 dt=9.2656779490132682e-07
cycle=6657 time=1.5711312810910924e-01 dt=9.2651171682145349e-07
cycle=6658 time=1.5711405462082606e-01 dt=9.2645623614995723e-07
cycle=6659 time=1.5711498107706220e-01 dt=9.2640138779043419e-07
cycle=6660 time=1.5711590747845000e-01 dt=9.2634717767037624e-07
cycle=6661 time=1.5711683382562766e-01 dt=9.2629358489674102e-07
cycle=6662 time=1.5711776011921255e-01 dt=9.2624056451819665e-07
cycle=6663 time=1.5711868635977708e-01 dt=9.2618805050019093e-07
cycle=6664 time=1.5711961254782758e-01 dt=9.2613595886540955e-07
cycle=6665 time=1.5712053868378645e-01 dt=9.2608419101552649e-07
cycle=6666 time=1.5712146476797748e-01 dt=9.2603263710519389e-07
cycle=6667 time=1.5712239080061458e-01 dt=9.2598117940270141e-07
cycle=6668 time=1.5712331678179398e-01 dt=9.2592969556645343e-07
cycle=6669 time=1.5712424271148953e-01 dt=9.2587806177100087e-07
cycle=6670 time=1.5712516858955131e-01 dt=9.2582615562419510e-07
cycle=6671 time=1.5712609441570694e-01 dt=9.2577385882675723e-07
cycle=6672 time=1.5712702018956576e-01 dt=9.2572105979661134e-07
cycle=6673 time=1.5712794591062557e-01 dt=9.2566765813181366e-07
cycle=6674 time=1.5712887157828370e-01 dt=9.2561356075872906e-07
cycle=6675 time=1.5712979719184447e-01 dt=9.2555868595186379e-07
cycle=6676 time=1.5713072275053042e-01 dt=9.2550296432336057e-07
cycle=6677 time=1.5713164825349474e-01 dt=9.2544633946206455e-07
cycle=6678 time=1.5713257369983419e-01 dt=9.2538876823345730e-07
cycle=6679 time=1.5713349908860241e-01 dt=9.2533022075962708e-07
cycle=6680 time=1.5713442441882317e-01 dt=9.2527068010439491e-07
cycle=6681 time=1.5713534968950327e-01 dt=9.2521014169314410e-07
cycle=6682 time=1.5713627489964496e-01 dt=9.2514861250056682e-07
cycle=6683 time=1.5713720004825746e-01 dt=9.2508611004217584e-07
cycle=6684 time=1.5713812513436751e-01 dt=9.2502266120707211e-07
cycle=6685 time=1.5713905015702873e-01 dt=9.2495830097015286e-07
cycle=6686 time=1.5713997511532971e-01 dt=9.2489306308042203e-07
cycle=6687 time=1.5714090000839279e-01 dt=9.2482691171622451e-07
cycle=6688 time=1.5714182483530451e-01 dt=9.2475981690714269e-07
cycle=6689 time=1.5714274959512142e-01 dt=9.2469175480641853e-07
cycle=6690 time=1.5714367428687623e-01 dt=9.2462270782358782e-07
cycle=6691 time=1.5714459890958404e-01 dt=9.2455266461165269e-07
cycle=6692 time=1.5714552346224867e-01 dt=9.2448161990138051e-07
cycle=6693 time=1.5714644794386856e-01 dt=9.2440957421529904e-07
cycle=6694 time=1.5714737235344278e-01 dt=9.2433653348497798e-07
cycle=6695 time=1.5714829668997626e-01 dt=9.2426250857481809e-07
cycle=6696 time=1.5714922095248485e-01 dt=9.2418751472871473e-07
cycle=6697 time=1.5715014513999959e-01 dt=9.2411157096206596e-07
cycle=6698 time=1.5715106925157055e-01 dt=9.2403469941687600e-07
cycle=6699 time=1.5715199328626997e-01 dt=9.2395692469643905e-07
cycle=6700 time=1.5715291724319466e-01 dt=9.2387827319579592e-07
cycle=6701 time=1.5715384112146785e-01 dt=9.2379877244327017e-07
cycle=6702 time=1.5715476492024030e-01 dt=9.2371845046685698e-07
cycle=6703 time=1.5715568863869078e-01 dt=9.2363733520188834e-07
cycle=6704 time=1.5715661227602598e-01 dt=9.2355545394131768e-07
cycle=6705 time=1.5715753583147993e-01 dt=9.2347283284323416e-07
cycle=6706 time=1.5715845930431277e-01 dt=9.2338949650171046e-07
cycle=6707 time=1.5715938269380927e-01 dt=9.2330546758526710e-07
cycle=6708 time=1.5716030599927686e-01 dt=9.2322076654579039e-07
cycle=6709 time=1.5716122922004341e-01 dt=9.2313541139903079e-07
cycle=6710 time=1.5716215235545480e-01 dt=9.2304941757598029e-07
cycle=6711 time=1.5716307540487237e-01 dt=9.2296279784100708e-07
cycle=6712 time=1.5716399836767020e-01 dt=9.2287556225714275e-07
cycle=6713 time=1.5716492124323245e-01 dt=9.2278771819411772e-07
cycle=6714 time=1.5716584403095063e-01 dt=9.2269927051302559e-07
cycle=6715 time=1.5716676673022115e-01 dt=9.2261022172245323e-07
cycle=6716 time=1.5716768934044287e-01 dt=9.2252057217407632e-07
cycle=6717 time=1.5716861186101505e-01 dt=9.2243032029373952e-07
cycle=6718 time=1.5716953429133534e-01 dt=9.2233946284910547e-07
cycle=6719 time=1.5717045663079821e-01 dt=9.2224799528194092e-07
cycle=6720 time=1.5717137887879348e-01 dt=9.2215591188137927e-07
cycle=6721 time=1.5717230103470536e-01 dt=9.2206320596428430e-07
cycle=6722 time=1.5717322309791132e-01 dt=9.2196987019907635e-07
cycle=6723 time=1.5717414506778152e-01 dt=9.2187589690228822e-07
cycle=6724 time=1.5717506694367842e-01 dt=9.2178127831212493e-07
cycle=6725 time=1.5717598872495672e-01 dt=9.2168600683919531e-07
cycle=6726 time=1.5717691041096357e-01 dt=9.2159007529129981e-07
cycle=6727 time=1.5717783200103885e-01 dt=9.2149347707020785e-07
cycle=6728 time=1.5717875349451593e-01 dt=9.2139620633857228e-07
cycle=6729 time=1.5717967489072227e-01 dt=9.2129825815580039e-07
cycle=6730 time=1.5718059618898042e-01 dt=9.2119962858243753e-07
cycle=6731 time=1.5718151738860900e-01 dt=9.2110031475306378e-07
cycle=6732 time=1.5718243848892374e-01 dt=9.2100031491873241e-07
cycle=6733 time=1.5718335948923867e-01 dt=9.2089962846033696e-07
cycle=6734 time=1.5718428038886714e-01 dt=9.2079825587488144e-07
cycle=6735 time=1.5718520118712301e-01 dt=9.2069619873707569e-07
cycle=6736 time=1.5718612188332173e-01 dt=9.2059345963902962e-07
cycle=6737 time=1.5718704247678136e-01 dt=9.2049004211111346e-07
cycle=6738 time=1.5718796296682347e-01 dt=9.2038595052721001e-07
cycle=6739 time=1.5718888335277401e-01 dt=9.2028118999769994e-07
cycle=6740 time=1.5718980363396401e-01 dt=9.2017576625352497e-07
cycle=6741 time=1.5719072380973026e-01 dt=9.2006968552460639e-07
cycle=6742 time=1.5719164387941578e-01 dt=9.1996295441579848e-07
cycle=6743 time=1.5719256384237021e-01 dt=9.1985557978336888e-07
cycle=6744 time=1.5719348369795000e-01 dt=9.1974756861473335e-07
cycle=6745 time=1.5719440344551860e-01 dt=9.1963892791391003e-07
cycle=6746 time=1.5719532308444653e-01 dt=9.1952966459480504e-07
cycle=6747 time=1.5719624261411114e-01 dt=9.1941978538415054e-07
cycle=6748 time=1.5719716203389653e-01 dt=9.1930929673550643e-07
cycle=6749 time=1.5719808134319327e-01 dt=9.1919820475543848e-07
cycle=6750 time=1.5719900054139802e-01 dt=9.1908651514261368e-07
cycle=6751 time=1.5719991962791316e-01 dt=9.1897423314026032e-07
cycle=6752 time=1.5720083860214629e-01 dt=9.1886136350438465e-07
cycle=6753 time=1.5720175746350978e-01 dt=9.1874791048380567e-07
cycle=6754 time=1.5720267621142026e-01 dt=9.1863387780939329e-07
cycle=6755 time=1.5720359484529806e-01 dt=9.1851926869323991e-07
cycle=6756 time=1.5720451336456676e-01 dt=9.1840408584328076e-07
cycle=6757 time=1.5720543176865259e-01 dt=9.1828833148816106e-07
cycle=6758 time=1.5720635005698408e-01 dt=9.1817200740979554e-07
cycle=6759 time=1.5720726822899148e-01 dt=9.1805511498262308e-07
cycle=6760 time=1.5720818628410646e-01 dt=9.1793765521856038e-07
cycle=6761 time=1.5720910422176168e-01 dt=9.1781962881631421e-07
cycle=6762 time=1.5721002204139051e-01 dt=9.1770103621702442e-07
cycle=6763 time=1.5721093974242673e-01 dt=9.1758187765661943e-07
cycle=6764 time=1.5721185732430437e-01 dt=9.1746215321823755e-07
cycle=6765 time=1.5721277478645759e-01 dt=9.1734186288379758e-07
cycle=6766 time=1.5721369212832048e-01 dt=9.1722100658345011e-07
cycle=6767 time=1.5721460934932707e-01 dt=9.1709958424209986e-07
cycle=6768 time=1.5721552644891132e-01 dt=9.1697759582216364e-07
cycle=6769 time=1.5721644342650715e-01 dt=9.1685504136143227e-07
cycle=6770 time=1.5721736028154851e-01 dt=9.1673192100606921e-07
cycle=6771 time=1.5721827701346952e-01 dt=9.1660823503816217e-07
cycle=6772 time=1.5721919362170456e-01 dt=9.1648398389765636e-07
cycle=6773 time=1.5722011010568845e-01 dt=9.1635916819860957e-07
cycle=6774 time=1.5722102646485664e-01 dt=9.1623378873986567e-07
cycle=6775 time=1.5722194269864537e-01 dt=9.1610784651034146e-07
cycle=6776 time=1.5722285880649187e-01 dt=9.1598134268924497e-07
cycle=6777 time=1.5722377478783456e-01 dt=9.1585427864155519e-07
cycle=6778 time=1.5722469064211320e-01 dt=9.1572665590915085e-07
cycle=6779 time=1.5722560636876912e-01 dt=9.1559847619859211e-07
cycle=6780 time=1.5722652196724532e-01 dt=9.1546974136532064e-07
cycle=6781 time=1.5722743743698669e-01 dt=9.1534045339499628e-07
cycle=6782 time=1.5722835277744010e-01 dt=9.1521061438352361e-07
cycle=6783 time=1.5722926798805448e-01 dt=9.1508022651591452e-07
cycle=6784 time=1.5723018306828099e-01 dt=9.1494929204403480e-07
cycle=6785 time=1.5723109801757304e-01 dt=9.1481781326422752e-07
cycle=6786 time=1.5723201283538629e-01 dt=9.1468579249280835e-07
cycle=6787 time=1.5723292752117879e-01 dt=9.1455323204107556e-07
cycle=6788 time=1.5723384207441082e-01 dt=9.1442013419474057e-07
cycle=6789 time=1.5723475649454502e-01 dt=9.1428650120447749e-07
cycle=6790 time=1.5723567078104622e-01 dt=9.1415233526077494e-07
cycle=6791 time=1.5723658493338150e-01 dt=9.1401763848821315e-07
cycle=6792 time=1.5723749895101999e-01 dt=9.1388241293565482e-07
cycle=6793 time=1.5723841283343293e-01 dt=9.1374666056600753e-07
cycle=6794 time=1.5723932658009349e-01 dt=9.1361038324860872e-07
cycle=6795 time=1.5724024019047672e-01 dt=9.1347358296850585e-07
cycle=6796 time=1.5724115366405969e-01 dt=9.1333626161408061e-07
cycle=6797 time=1.5724206700032131e-01 dt=9.1319842094360845e-07
cycle=6798 time=1.5724298019874225e-01 dt=9.1306006258461882e-07
cycle=6799 time=1.5724389325880483e-01 dt=9.1292118803579081e-07
cycle=6800 time=1.5724480617999287e-01 dt=9.1278179867100320e-07
cycle=6801 time=1.5724571896179154e-01 dt=9.1264189574461861e-07
cycle=6802 time=1.5724663160368729e-01 dt=9.1250148039982223e-07
cycle=6803 time=1.5724754410516770e-01 dt=9.1236055367855502e-07
cycle=6804 time=1.5724845646572139e-01 dt=9.1221911653236828e-07
cycle=6805 time=1.5724936868483791e-01 dt=9.1207716983419076e-07
cycle=6806 time=1.5725028076200775e-01 dt=9.1193471439068044e-07
cycle=6807 time=1.5725119269672214e-01 dt=9.1179175095582134e-07
cycle=6808 time=1.5725210448847310e-01 dt=9.1164828024299511e-07
cycle=6809 time=1.5725301613675335e-01 dt=9.1150430293628800e-07
cycle=6810 time=1.5725392764105628e-01 dt=9.1135981970018126e-07
cycle=6811 time=1.5725483900087597e-01 dt=9.1121483117322371e-07
cycle=6812 time=1.5725575021570715e-01 dt=9.1106933798174538e-07
cycle=6813 time=1.5725666128504512e-01 dt=9.1092334075162697e-07
cycle=6814 time=1.5725757220838588e-01 dt=9.1077684006867233e-07
cycle=6815 time=1.5725848298522593e-01 dt=9.1062983646644393e-07
cycle=6816 time=1.5725939361506239e-01 dt=9.1048233061100686e-07
cycle=6817 time=1.5726030409739300e-01 dt=9.1033432322341636e-07
cycle=6818 time=1.5726121443171623e-01 dt=9.1018581508628459e-07
cycle=6819 time=1.5726212461753131e-01 dt=9.1003680703075426e-07
cycle=6820 time=1.5726303465433833e-01 dt=9.0988729996865359e-07
cycle=6821 time=1.5726394454163831e-01 dt=9.0973729487066784e-07
cycle=6822 time=1.5726485427893316e-01 dt=9.0958679275923946e-07
cycle=6823 time=1.5726576386572591e-01 dt=9.0943579470424464e-07
cycle=6824 time=1.5726667330152061e-01 dt=9.0928430181724591e-07
cycle=6825 time=1.5726758258582244e-01 dt=9.0913231524464484e-07
cycle=6826 time=1.5726849171813767e-01 dt=9.0897983616076115e-07
cycle=6827 time=1.5726940069797382e-01 dt=9.0882686575998785e-07
cycle=6828 time=1.5727030952483959e-01 dt=9.0867340524863113e-07
cycle=6829 time=1.5727121819824483e-01 dt=9.0851945583734471e-07
cycle=6830 time=1.5727212671770066e-01 dt=9.0836501873376358e-07
cycle=6831 time=1.5727303508271939e-01 dt=9.0821009513584643e-07
cycle=6832 time=1.5727394329281452e-01 dt=9.0805468622528619e-07
cycle=6833 time=1.5727485134750074e-01 dt=9.0789879316151032e-07
cycle=6834 time=1.5727575924629392e-01 dt=9.0774241707467605e-07
cycle=6835 time=1.5727666698871098e-01 dt=9.0758555906061381e-07
cycle=6836 time=1.5727757457427005e-01 dt=9.0742822017850253e-07
cycle=6837 time=1.5727848200249023e-01 dt=9.0727040144941702e-07
cycle=6838 time=1.5727938927289167e-01 dt=9.0711210385567515e-07
cycle=6839 time=1.5728029638499552e-01 dt=9.0695332834095846e-07
cycle=6840 time=1.5728120333832385e-01 dt=9.0679407581111827e-07
cycle=6841 time=1.5728211013239965e-01 dt=9.0663434713561273e-07
cycle=6842 time=1.5728301676674677e-01 dt=9.0647414314947996e-07
cycle=6843 time=1.5728392324088991e-01 dt=9.0631346465581413e-07
cycle=6844 time=1.5728482955435458e-01 dt=9.0615231242866868e-07
cycle=6845 time=1.5728573570666701e-01 dt=9.0599068721625543e-07
cycle=6846 time=1.5728664169735423e-01 dt=9.0582858974437374e-07
cycle=6847 time=1.5728754752594398e-01 dt=9.0566602071997721e-07
cycle=6848 time=1.5728845319196469e-01 dt=9.0550298083544560e-07
cycle=6849 time=1.5728935869494554e-01 dt=9.0533947077350992e-07
cycle=6850 time=1.5729026403441632e-01 dt=9.0517549121180425e-07
cycle=6851 time=1.5729116920990752e-01 dt=9.0501104282533868e-07
cycle=6852 time=1.5729207422095035e-01 dt=9.0484612628673657e-07
cycle=6853 time=1.5729297906707662e-01 dt=9.0468074226807684e-07
cycle=6854 time=1.5729388374781889e-01 dt=9.0451489144382822e-07
cycle=6855 time=1.5729478826271032e-01 dt=9.0434857449332330e-07
cycle=6856 time=1.5729569261128482e-01 dt=9.0418179210263962e-07
cycle=6857 time=1.5729659679307692e-01 dt=9.0401454496596757e-07
cycle=6858 time=1.5729750080762189e-01 dt=9.0384683378659882e-07
cycle=6859 time=1.5729840465445569e-01 dt=9.0367865927793809e-07
cycle=6860 time=1.5729930833311495e-01 dt=9.0351002213718783e-07
cycle=6861 time=1.5730021184313708e-01 dt=9.0334092311521798e-07
cycle=6862 time=1.5730111518406020e-01 dt=9.0317136293543563e-07
cycle=6863 time=1.5730201835542315e-01 dt=9.0300134232685548e-07
cycle=6864 time=1.5730292135676549e-01 dt=9.0283086205699292e-07
cycle=6865 time=1.5730382418762756e-01 dt=9.0265992292672291e-07
cycle=6866 time=1.5730472684755048e-01 dt=9.0248852576493970e-07
cycle=6867 time=1.5730562933607625e-01 dt=9.0231667142311947e-07
cycle=6868 time=1.5730653165274769e-01 dt=9.0214436076990074e-07
cycle=6869 time=1.5730743379710846e-01 dt=9.0197159468580052e-07
cycle=6870 time=1.5730833576870315e-01 dt=9.0179837405816387e-07
cycle=6871 time=1.5730923756707721e-01 dt=9.0162469977644143e-07
cycle=6872 time=1.5731013919177700e-01 dt=9.0145057272786814e-07
cycle=6873 time=1.5731104064234971e-01 dt=9.0127599379359925e-07
cycle=6874 time=1.5731194191834350e-01 dt=9.0110096384535353e-07
cycle=6875 time=1.5731284301930734e-01 dt=9.0092548374257010e-07
cycle=6876 time=1.5731374394479108e-01 dt=9.0074955433009222e-07
cycle=6877 time=1.5731464469434542e-01 dt=9.0057317643639911e-07
cycle=6878 time=1.5731554526752187e-01 dt=9.0039635087238579e-07
cycle=6879 time=1.5731644566387273e-01 dt=9.0021907843069247e-07
cycle=6880 time=1.5731734588295115e-01 dt=9.0004135988554252e-07
cycle=6881 time=1.5731824592431104e-01 dt=8.9986319599307504e-07
cycle=6882 time=1.5731914578750703e-01 dt=8.9968458749211824e-07
cycle=6883 time=1.5732004547209452e-01 dt=8.9950553510563569e-07
cycle=6884 time=1.5732094497762963e-01 dt=8.9932603954293872e-07
cycle=6885 time=1.5732184430366919e-01 dt=8.9914610150208602e-07
cycle=6886 time=1.5732274344977068e-01 dt=8.9896572167824411e-07
cycle=6887 time=1.5732364241549235e-01 dt=8.9878490085282723e-07
cycle=6888 time=1.5732454120039321e-01 dt=8.9860363967192003e-07
cycle=6889 time=1.5732543980403288e-01 dt=8.9842193879780107e-07
cycle=6890 time=1.5732633822597167e-01 dt=8.9823979892605338e-07
cycle=6891 time=1.5732723646577060e-01 dt=8.9805722085128512e-07
cycle=6892 time=1.5732813452299144e-01 dt=8.9787420542024739e-07
cycle=6893 time=1.5732903239719687e-01 dt=8.9769075337973251e-07
cycle=6894 time=1.5732993008795024e-01 dt=8.9750686541026772e-07
cycle=6895 time=1.5733082759481565e-01 dt=8.9732254215128845e-07
cycle=6896 time=1.5733172491735781e-01 dt=8.9713778421840756e-07
cycle=6897 time=1.5733262205514204e-01 dt=8.9695259221629053e-07
cycle=6898 time=1.5733351900773426e-01 dt=8.9676696674814149e-07
cycle=6899 time=1.5733441577470100e-01 dt=8.9658090841108352e-07
cycle=6900 time=1.5733531235560941e-01 dt=8.9639441778194734e-07
cycle=6901 time=1.5733620875002718e-01 dt=8.9620749541869312e-07
cycle=6902 time=1.5733710495752259e-01 dt=8.9602014186908448e-07
cycle=6903 time=1.5733800097766446e-01 dt=8.9565510907802228e-07
cycle=6904 time=1.5733889663277353e-01 dt=8.9441813181297977e-07
cycle=6905 time=1.5733979105090534e-01 dt=8.9311965733543195e-07
cycle=6906 time=1.5734068417056268e-01 dt=8.9181242288232229e-07
cycle=6907 time=1.5734157598298557e-01 dt=8.9053482819217643e-07
cycle=6908 time=1.5734246651781375e-01 dt=8.8931342906267632e-07
cycle=6909 time=1.5734335583124281e-01 dt=8.8816462228641172e-07
cycle=6910 time=1.5734424399586511e-01 dt=8.8709726390321587e-07
cycle=6911 time=1.5734513109312900e-01 dt=8.8611494912160343e-07
cycle=6912 time=1.5734601720807811e-01 dt=8.8521705355835452e-07
cycle=6913 time=1.5734690242513166e-01 dt=8.8439965159200515e-07
cycle=6914 time=1.5734778682478326e-01 dt=8.8365928829023248e-07
cycle=6915 time=1.5734867048407156e-01 dt=8.8299345869886173e-07
cycle=6916 time=1.5734955347753027e-01 dt=8.8247192303486793e-07
cycle=6917 time=1.5735043594945330e-01 dt=8.8213260703494181e-07
cycle=6918 time=1.5735131808206035e-01 dt=8.8197495576429909e-07
cycle=6919 time=1.5735220005701611e-01 dt=8.8199714276915091e-07
cycle=6920 time=1.5735308205415888e-01 dt=8.8226649112009921e-07
cycle=6921 time=1.5735396432064999e-01 dt=8.8288057701194179e-07
cycle=6922 time=1.5735484720122700e-01 dt=8.8382251038722496e-07
cycle=6923 time=1.5735573102373740e-01 dt=8.8507501506204210e-07
cycle=6924 time=1.5735661609875246e-01 dt=8.8661123925616226e-07
cycle=6925 time=1.5735750270999171e-01 dt=8.8840171166381771e-07
cycle=6926 time=1.5735839111170338e-01 dt=8.9041589224347001e-07
cycle=6927 time=1.5735928152759562e-01 dt=8.9262255717688824e-07
cycle=6928 time=1.5736017415015280e-01 dt=8.9499127251041105e-07
cycle=6929 time=1.5736106914142531e-01 dt=8.9749363594067845e-07
cycle=6930 time=1.5736196663506125e-01 dt=9.0010413613997224e-07
cycle=6931 time=1.5736286673919739e-01 dt=9.0280067431933912e-07
cycle=6932 time=1.5736376953987172e-01 dt=9.0557079519086543e-07
cycle=6933 time=1.5736467511066690e-01 dt=9.0841657962838988e-07
cycle=6934 time=1.5736558352724653e-01 dt=9.0916242069075872e-07
cycle=6935 time=1.5736649268966721e-01 dt=9.0898064474818270e-07
cycle=6936 time=1.5736740167031196e-01 dt=9.0835754908753420e-07
cycle=6937 time=1.5736831002786106e-01 dt=9.0733018796759994e-07
cycle=6938 time=1.5736921735804901e-01 dt=9.0594322517730070e-07
cycle=6939 time=1.5737012330127420e-01 dt=9.0424750067509892e-07
cycle=6940 time=1.5737102754877488e-01 dt=9.0229845071486353e-07
cycle=6941 time=1.5737192984722559e-01 dt=9.0015443625532778e-07
cycle=6942 time=1.5737283000166186e-01 dt=8.9787503949675051e-07
cycle=6943 time=1.5737372787670134e-01 dt=8.9551938956706470e-07
cycle=6944 time=1.5737462339609090e-01 dt=8.9314457550670346e-07
cycle=6945 time=1.5737551654066642e-01 dt=8.9080419788583128e-07
cycle=6946 time=1.5737640734486430e-01 dt=8.8854710060760639e-07
cycle=6947 time=1.5737729589196492e-01 dt=8.8641631647902423e-07
cycle=6948 time=1.5737818230828141e-01 dt=8.8444825564907847e-07
cycle=6949 time=1.5737906675653707e-01 dt=8.8267210994541051e-07
cycle=6950 time=1.5737994942864703e-01 dt=8.8110954945247996e-07
cycle=6951 time=1.5738083053819649e-01 dt=8.7977471769818205e-07
cycle=6952 time=1.5738171031291417e-01 dt=8.7867454934597818e-07
cycle=6953 time=1.5738258898746352e-01 dt=8.7780940638102624e-07
cycle=6954 time=1.5738346679686990e-01 dt=8.7717396947855748e-07
cycle=6955 time=1.5738434397083939e-01 dt=8.7675825578846104e-07
cycle=6956 time=1.5738522072909519e-01 dt=8.7654860796160593e-07
cycle=6957 time=1.5738609727770317e-01 dt=8.7652853629714865e-07
cycle=6958 time=1.5738697380623948e-01 dt=8.7667937408596161e-07
cycle=6959 time=1.5738785048561357e-01 dt=8.7698077739685174e-07
cycle=6960 time=1.5738872746639096e-01 dt=8.7741113306091977e-07
cycle=6961 time=1.5738960487752401e-01 dt=8.7794793371920034e-07
cycle=6962 time=1.5739048282545773e-01 dt=8.7856815552252450e-07
cycle=6963 time=1.5739136139361326e-01 dt=8.7924865053245461e-07
cycle=6964 time=1.5739224064226379e-01 dt=8.7996654959090219e-07
cycle=6965 time=1.5739312060881339e-01 dt=8.8069966369098781e-07
cycle=6966 time=1.5739400130847708e-01 dt=8.8142686973512528e-07
cycle=6967 time=1.5739488273534682e-01 dt=8.8212847096190558e-07
cycle=6968 time=1.5739576486381779e-01 dt=8.8278652207415939e-07
cycle=6969 time=1.5739664765033987e-01 dt=8.8338509316465443e-07
cycle=6970 time=1.5739753103543302e-01 dt=8.8391049029342424e-07
cycle=6971 time=1.5739841494592333e-01 dt=8.8435142042481340e-07
cycle=6972 time=1.5739929929734375e-01 dt=8.8469909962445216e-07
cycle=6973 time=1.5740018399644337e-01 dt=8.8494730296963964e-07
cycle=6974 time=1.5740106894374634e-01 dt=8.8509235715943714e-07
cycle=6975 time=1.5740195403610349e-01 dt=8.8513307778697305e-07
cycle=6976 time=1.5740283916918127e-01 dt=8.8507065443001868e-07
cycle=6977 time=1.5740372423983570e-01 dt=8.8490848786501892e-07
cycle=6978 time=1.5740460914832358e-01 dt=8.8465198478855556e-07
cycle=6979 time=1.5740549380030835e-01 dt=8.8430831551004654e-07
cycle=6980 time=1.5740637810862387e-01 dt=8.8388614313346015e-07
cycle=6981 time=1.5740726199476701e-01 dt=8.8339533362025268e-07
cycle=6982 time=1.5740814539010065e-01 dt=8.8284665153582772e-07
cycle=6983 time=1.5740902823675218e-01 dt=8.8225145132108454e-07
cycle=6984 time=1.5740991048820349e-01 dt=8.8162137236423113e-07
cycle=6985 time=1.5741079210957584e-01 dt=8.8096804575367873e-07
cycle=6986 time=1.5741167307762161e-01 dt=8.8030281993892705e-07
cycle=6987 time=1.5741255338044155e-01 dt=8.7963651161660113e-07
cycle=6988 time=1.5741343301695318e-01 dt=8.7897918717280760e-07
cycle=6989 time=1.5741431199614037e-01 dt=8.7833997856399296e-07
cycle=6990 time=1.5741519033611892e-01 dt=8.7772693631457318e-07
cycle=6991 time=1.5741606806305525e-01 dt=8.7714692092220785e-07
cycle=6992 time=1.5741694520997618e-01 dt=8.7660553245019712e-07
cycle=6993 time=1.5741782181550862e-01 dt=8.7610707741006761e-07
cycle=6994 time=1.5741869792258603e-01 dt=8.7565456976414187e-07
cycle=6995 time=1.5741957357715580e-01 dt=8.7524976293652800e-07
cycle=6996 time=1.5742044882691875e-01 dt=8.7489321475138962e-07
cycle=6997 time=1.5742132372013351e-01 dt=8.7458435582088997e-07
cycle=6998 time=1.5742219830448934e-01 dt=8.7432159668904206e-07
cycle=6999 time=1.5742307262608601e-01 dt=8.7410244174374764e-07
cycle=7000 time=1.5742394672852775e-01 dt=8.7392361313523115e-07
cycle=7001 time=1.5742482065214089e-01 dt=8.7378118094270926e-07
cycle=7002 time=1.5742569443332183e-01 dt=8.7367069636151197e-07
cycle=7003 time=1.5742656810401820e-01 dt=8.7358732505772430e-07
cycle=7004 time=1.5742744169134326e-01 dt=8.7352597817189950e-07
cycle=7005 time=1.5742831521732142e-01 dt=8.7348143875187175e-07
cycle=7006 time=1.5742918869876019e-01 dt=8.7344848165883226e-07
cycle=7007 time=1.5743006214724184e-01 dt=8.7342198522792004e-07
cycle=7008 time=1.5743093556922708e-01 dt=8.7339703318299544e-07
cycle=7009 time=1.5743180896626027e-01 dt=8.7336900564483060e-07
cycle=7010 time=1.5743268233526592e-01 dt=8.7333365790537835e-07
cycle=7011 time=1.5743355566892384e-01 dt=8.7328718633977114e-07
cycle=7012 time=1.5743442895611018e-01 dt=8.7322628096370284e-07
cycle=7013 time=1.5743530218239113e-01 dt=8.7314816429839093e-07
cycle=7014 time=1.5743617533055543e-01 dt=8.7305061652492226e-07
cycle=7015 time=1.5743704838117195e-01 dt=8.7293198717541812e-07
cycle=7016 time=1.5743792131315912e-01 dt=8.7279119386474182e-07
cycle=7017 time=1.5743879410435299e-01 dt=8.7262770881063673e-07
cycle=7018 time=1.5743966673206181e-01 dt=8.7244153410485940e-07
cycle=7019 time=1.5744053917359591e-01 dt=8.7223316693881121e-07
cycle=7020 time=1.5744141140676285e-01 dt=8.7200355610499572e-07
cycle=7021 time=1.5744228341031896e-01 dt=8.7175405122608107e-07
cycle=7022 time=1.5744315516437019e-01 dt=8.7148634628556621e-07
cycle=7023 time=1.5744402665071647e-01 dt=8.7120241907485188e-07
cycle=7024 time=1.5744489785313553e-01 dt=8.7090446816550453e-07
cycle=7025 time=1.5744576875760369e-01 dt=8.7059484904357606e-07
cycle=7026 time=1.5744663935245273e-01 dt=8.7027601090853131e-07
cycle=7027 time=1.5744750962846363e-01 dt=8.6995043555156342e-07
cycle=7028 time=1.5744837957889918e-01 dt=8.6962057960369214e-07
cycle=7029 time=1.5744924919947878e-01 dt=8.6928882127420572e-07
cycle=7030 time=1.5745011848830007e-01 dt=8.6895741251671398e-07
cycle=7031 time=1.5745098744571259e-01 dt=8.6862843736322600e-07
cycle=7032 time=1.5745185607414997e-01 dt=8.6830377696325079e-07
cycle=7033 time=1.5745272437792693e-01 dt=8.6798508166172414e-07
cycle=7034 time=1.5745359236300860e-01 dt=8.6767375025289750e-07
cycle=7035 time=1.5745446003675886e-01 dt=8.6737091636291932e-07
cycle=7036 time=1.5745532740767523e-01 dt=8.6707743944276882e-07
cycle=7037 time=1.5745619448511466e-01 dt=8.6679390264493619e-07
cycle=7038 time=1.5745706127901732e-01 dt=8.6652062359934319e-07
cycle=7039 time=1.5745792779964091e-01 dt=8.6625766589490781e-07
cycle=7040 time=1.5745879405730681e-01 dt=8.6600485535011343e-07
cycle=7041 time=1.5745966006216217e-01 dt=8.6576180035422532e-07
cycle=7042 time=1.5746052582396253e-01 dt=8.6552791552943207e-07
cycle=7043 time=1.5746139135187806e-01 dt=8.6530244798348475e-07
cycle=7044 time=1.5746225665432603e-01 dt=8.6508450524667156e-07
cycle=7045 time=1.5746312173883129e-01 dt=8.6487308443880071e-07
cycle=7046 time=1.5746398661191571e-01 dt=8.6466710164598411e-07
cycle=7047 time=1.5746485127901735e-01 dt=8.6446542111038594e-07
cycle=7048 time=1.5746571574443846e-01 dt=8.6426688379944681e-07
cycle=7049 time=1.5746658001132227e-01 dt=8.6407033405541943e-07
cycle=7050 time=1.5746744408165633e-01 dt=8.6387464456825273e-07
cycle=7051 time=1.5746830795630090e-01 dt=8.6367873905194731e-07
cycle=7052 time=1.5746917163503996e-01 dt=8.6348161229733543e-07
cycle=7053 time=1.5747003511665225e-01 dt=8.6328234735000108e-07
cycle=7054 time=1.5747089839899961e-01 dt=8.6308012963489160e-07
cycle=7055 time=1.5747176147912925e-01 dt=8.6287425792928867e-07
cycle=7056 time=1.5747262435338719e-01 dt=8.6266415215679300e-07
cycle=7057 time=1.5747348701753935e-01 dt=8.6244935803140967e-07
cycle=7058 time=1.5747434946689740e-01 dt=8.6222954868907455e-07
cycle=7059 time=1.5747521169644607e-01 dt=8.6200452346171116e-07
cycle=7060 time=1.5747607370096953e-01 dt=8.6177420394465314e-07
cycle=7061 time=1.5747693547517347e-01 dt=8.6153862756645981e-07
cycle=7062 time=1.5747779701380105e-01 dt=8.6129793910641185e-07
cycle=7063 time=1.5747865831174016e-01 dt=8.6105238045216625e-07
cycle=7064 time=1.5747951936412061e-01 dt=8.6080227883093846e-07
cycle=7065 time=1.5748038016639943e-01 dt=8.6054803405861725e-07
cycle=7066 time=1.5748124071443348e-01 dt=8.6029010500357167e-07
cycle=7067 time=1.5748210100453849e-01 dt=8.6002899561456800e-07
cycle=7068 time=1.5748296103353410e-01 dt=8.5976524089007293e-07
cycle=7069 time=1.5748382079877499e-01 dt=8.5949939309043263e-07
cycle=7070 time=1.5748468029816809e-01 dt=8.5923200848282713e-07
cycle=7071 time=1.5748553953017658e-01 dt=8.5896363487702655e-07
cycle=7072 time=1.5748639849381146e-01 dt=8.5869480017529063e-07
cycle=7073 time=1.5748725718861165e-01 dt=8.5842600212207364e-07
cycle=7074 time=1.5748811561461376e-01 dt=8.5815769939993822e-07
cycle=7075 time=1.5748897377231316e-01 dt=8.5789030417808609e-07
cycle=7076 time=1.5748983166261735e-01 dt=8.5762417618015669e-07
cycle=7077 time=1.5749068928679352e-01 dt=8.5735961829965886e-07
cycle=7078 time=1.5749154664641182e-01 dt=8.5709687375495084e-07
cycle=7079 time=1.5749240374328558e-01 dt=8.5683612474219892e-07
cycle=7080 time=1.5749326057941032e-01 dt=8.5657749251442573e-07
cycle=7081 time=1.5749411715690284e-01 dt=8.5632103878661265e-07
cycle=7082 time=1.5749497347794164e-01 dt=8.5606676834728953e-07
cycle=7083 time=1.5749582954470998e-01 dt=8.5581463274174099e-07
cycle=7084 time=1.5749668535934272e-01 dt=8.5556453487065405e-07
cycle=7085 time=1.5749754092387758e-01 dt=8.5531633436032713e-07
cycle=7086 time=1.5749839624021195e-01 dt=8.5506985348335002e-07
cycle=7087 time=1.5749925131006542e-01 dt=8.5482488351770601e-07
cycle=7088 time=1.5750010613494894e-01 dt=8.5458119135945706e-07
cycle=7089 time=1.5750096071614031e-01 dt=8.5433852622860563e-07
cycle=7090 time=1.5750181505466654e-01 dt=8.5409662631735047e-07
cycle=7091 time=1.5750266915129285e-01 dt=8.5385522524120511e-07
cycle=7092 time=1.5750352300651810e-01 dt=8.5361405816873969e-07
cycle=7093 time=1.5750437662057626e-01 dt=8.5337286752222503e-07
cycle=7094 time=1.5750522999344377e-01 dt=8.5313140813931981e-07
cycle=7095 time=1.5750608312485190e-01 dt=8.5288945181145055e-07
cycle=7096 time=1.5750693601430371e-01 dt=8.5264679118103382e-07
cycle=7097 time=1.5750778866109488e-01 dt=8.5240324293232429e-07
cycle=7098 time=1.5750864106433782e-01 dt=8.5215865025089031e-07
cycle=7099 time=1.5750949322298807e-01 dt=8.5191288454858998e-07
cycle=7100 time=1.5751034513587261e-01 dt=8.5166584646411108e-07
cycle=7101 time=1.5751119680171907e-01 dt=8.5141746616495220e-07
cycle=7102 time=1.5751204821918524e-01 dt=8.5116770299929955e-07
cycle=7103 time=1.5751289938688823e-01 dt=8.5091654452086010e-07
cycle=7104 time=1.5751375030343276e-01 dt=8.5066400495657351e-07
cycle=7105 time=1.5751460096743772e-01 dt=8.5041012354329310e-07
cycle=7106 time=1.5751545137756126e-01 dt=8.5015496189861283e-07
cycle=7107 time=1.5751630153252316e-01 dt=8.4989860110996607e-07
cycle=7108 time=1.5751715143112427e-01 dt=8.4646142862983148e-07
cycle=7109 time=1.5751799789255289e-01 dt=8.3888638140211435e-07
cycle=7110 time=1.5751883677893430e-01 dt=8.3152200954475463e-07
cycle=7111 time=1.5751966830094385e-01 dt=8.2453873836249063e-07
cycle=7112 time=1.5752049283968222e-01 dt=8.1853337305716574e-07
cycle=7113 time=1.5752131137305528e-01 dt=8.1502419212429733e-07
cycle=7114 time=1.5752212639724741e-01 dt=8.1263804912884432e-07
cycle=7115 time=1.5752293903529654e-01 dt=8.1080243363046893e-07
cycle=7116 time=1.5752374983773018e-01 dt=8.0925287502628383e-07
cycle=7117 time=1.5752455909060520e-01 dt=8.0786142692112045e-07
cycle=7118 time=1.5752536695203212e-01 dt=8.0656476165535945e-07
cycle=7119 time=1.5752617351679377e-01 dt=8.0533114740029618e-07
cycle=7120 time=1.5752697884794117e-01 dt=8.0414460834394248e-07
cycle=7121 time=1.5752778299254952e-01 dt=8.0299710665332272e-07
cycle=7122 time=1.5752858598965616e-01 dt=8.0188461030161009e-07
cycle=7123 time=1.5752938787426646e-01 dt=8.0080509106134897e-07
cycle=7124 time=1.5753018867935753e-01 dt=7.9975749503260127e-07
cycle=7125 time=1.5753098843685256e-01 dt=7.9874120542039552e-07
cycle=7126 time=1.5753178717805799e-01 dt=7.9775577115582588e-07
cycle=7127 time=1.5753258493382916e-01 dt=7.9680076883277047e-07
cycle=7128 time=1.5753338173459799e-01 dt=7.9587573674367073e-07
cycle=7129 time=1.5753417761033472e-01 dt=7.9498014495636540e-07
cycle=7130 time=1.5753497259047969e-01 dt=7.9411337975244328e-07
cycle=7131 time=1.5753576670385944e-01 dt=7.9327475056701580e-07
cycle=7132 time=1.5753655997860999e-01 dt=7.9246349690672788e-07
cycle=7133 time=1.5753735244210690e-01 dt=7.9167879655740722e-07
cycle=7134 time=1.5753814412090344e-01 dt=7.9091990207892262e-07
cycle=7135 time=1.5753893504080552e-01 dt=7.9018592555664914e-07
cycle=7136 time=1.5753972522673107e-01 dt=7.8947587334616221e-07
cycle=7137 time=1.5754051470260441e-01 dt=7.8878874815620200e-07
cycle=7138 time=1.5754130349135256e-01 dt=7.8812355137047232e-07
cycle=7139 time=1.5754209161490393e-01 dt=7.8747928646303745e-07
cycle=7140 time=1.5754287909419040e-01 dt=7.8685496353072018e-07
cycle=7141 time=1.5754366594915392e-01 dt=7.8624960355300995e-07
cycle=7142 time=1.5754445219875748e-01 dt=7.8566224219135373e-07
cycle=7143 time=1.5754523786099967e-01 dt=7.8509193380824061e-07
cycle=7144 time=1.5754602295293346e-01 dt=7.8453775486757648e-07
cycle=7145 time=1.5754680749068833e-01 dt=7.8399880666499079e-07
cycle=7146 time=1.5754759148949499e-01 dt=7.8347421759586636e-07
cycle=7147 time=1.5754837496371257e-01 dt=7.8296314490805912e-07
cycle=7148 time=1.5754915792685747e-01 dt=7.8246477984043695e-07
cycle=7149 time=1.5754994039163731e-01 dt=7.8197834553539936e-07
cycle=7150 time=1.5755072236998285e-01 dt=7.8150309271370800e-07
cycle=7151 time=1.5755150387307557e-01 dt=7.8103830116113790e-07
cycle=7152 time=1.5755228491137674e-01 dt=7.8058328018141593e-07
cycle=7153 time=1.5755306549465692e-01 dt=7.8013711745481754e-07
cycle=7154 time=1.5755384563177438e-01 dt=7.7969917319010923e-07
cycle=7155 time=1.5755462533094758e-01 dt=7.7926896625853412e-07
cycle=7156 time=1.5755540459991385e-01 dt=7.7884598868605489e-07
cycle=7157 time=1.5755618344590253e-01 dt=7.7842972672684954e-07
cycle=7158 time=1.5755696187562926e-01 dt=7.7801967208745891e-07
cycle=7159 time=1.5755773989530134e-01 dt=7.7761532828452884e-07
cycle=7160 time=1.5755851751062963e-01 dt=7.7721621222774036e-07
cycle=7161 time=1.5755929472684185e-01 dt=7.7682185329471219e-07
cycle=7162 time=1.5756007154869514e-01 dt=7.7643179251223578e-07
cycle=7163 time=1.5756084798048764e-01 dt=7.7604558384953755e-07
cycle=7164 time=1.5756162402607149e-01 dt=7.7566278577414019e-07
cycle=7165 time=1.5756239968885727e-01 dt=7.7528295932388351e-07
cycle=7166 time=1.5756317497181660e-01 dt=7.7490566595698946e-07
cycle=7167 time=1.5756394987748257e-01 dt=7.7453046384949286e-07
cycle=7168 time=1.5756472440794642e-01 dt=7.7415690373241603e-07
cycle=7169 time=1.5756549856485014e-01 dt=7.7378452422575682e-07
cycle=7170 time=1.5756627234937437e-01 dt=7.7341284656620297e-07
cycle=7171 time=1.5756704576222094e-01 dt=7.7304136860163700e-07
cycle=7172 time=1.5756781880358955e-01 dt=7.7266955668043017e-07
cycle=7173 time=1.5756859147314622e-01 dt=7.7229724816336139e-07
cycle=7174 time=1.5756936377039438e-01 dt=7.7192539974949932e-07
cycle=7175 time=1.5757013569579412e-01 dt=7.7155461559127755e-07
cycle=7176 time=1.5757090725040970e-01 dt=7.7138858356253673e-07
cycle=7177 time=1.5757167863899327e-01 dt=7.7142067290216162e-07
cycle=7178 time=1.5757245005966616e-01 dt=7.7160308055304687e-07
cycle=7179 time=1.5757322166274670e-01 dt=7.7189327492618302e-07
cycle=7180 time=1.5757399355602164e-01 dt=7.7225437250291499e-07
cycle=7181 time=1.5757476581039415e-01 dt=7.7265470037884748e-07
cycle=7182 time=1.5757553846509453e-01 dt=7.7306756779982467e-07
cycle=7183 time=1.5757631153266233e-01 dt=7.7347082648724494e-07
cycle=7184 time=1.5757708500348883e-01 dt=7.7384642499889066e-07
cycle=7185 time=1.5757785884991382e-01 dt=7.7417998285619112e-07
cycle=7186 time=1.5757863302989666e-01 dt=7.7446039799042236e-07
cycle=7187 time=1.5757940749029464e-01 dt=7.7467948363153980e-07
cycle=7188 time=1.5758018216977829e-01 dt=7.7483163343632695e-07
cycle=7189 time=1.5758095700141173e-01 dt=7.7491351804862371e-07
cycle=7190 time=1.5758173191492977e-01 dt=7.7492380308806616e-07
cycle=7191 time=1.5758250683873287e-01 dt=7.7486288163968321e-07
cycle=7192 time=1.5758328170161451e-01 dt=7.7473260624420890e-07
cycle=7193 time=1.5758405643422074e-01 dt=7.7453605430758496e-07
cycle=7194 time=1.5758483097027506e-01 dt=7.7427730654596058e-07
cycle=7195 time=1.5758560524758161e-01 dt=7.7396122853119912e-07
cycle=7196 time=1.5758637920881013e-01 dt=7.7359326684127495e-07
cycle=7197 time=1.5758715280207697e-01 dt=7.7317926049815501e-07
cycle=7198 time=1.5758792598133747e-01 dt=7.7272526857304203e-07
cycle=7199 time=1.5758869870660605e-01 dt=7.7223741552733050e-07
cycle=7200 time=1.5758947094402156e-01 dt=7.7172175465891962e-07
cycle=7201 time=1.5759024266577623e-01 dt=7.7118415060101362e-07
cycle=7202 time=1.5759101384992683e-01 dt=7.7063017764739381e-07
cycle=7203 time=1.5759178448010447e-01 dt=7.7006504144085351e-07
cycle=7204 time=1.5759255454514590e-01 dt=7.6949351649622905e-07
cycle=7205 time=1.5759332403866239e-01 dt=7.6891990045544796e-07
cycle=7206 time=1.5759409295856283e-01 dt=7.6834798453895818e-07
cycle=7207 time=1.5759486130654737e-01 dt=7.6778103884153360e-07
cycle=7208 time=1.5759562908758620e-01 dt=7.6722181072888494e-07
cycle=7209 time=1.5759639630939692e-01 dt=7.6667253567465275e-07
cycle=7210 time=1.5759716298193260e-01 dt=7.6613495793215322e-07
cycle=7211 time=1.5759792911689052e-01 dt=7.6561035941038642e-07
cycle=7212 time=1.5759869472724994e-01 dt=7.6509959480909307e-07
cycle=7213 time=1.5759945982684476e-01 dt=7.6460313193129979e-07
cycle=7214 time=1.5760022442997668e-01 dt=7.6412109570681775e-07
cycle=7215 time=1.5760098855107238e-01 dt=7.6365334491944288e-07
cycle=7216 time=1.5760175220441730e-01 dt=7.6319949410426173e-07
cycle=7217 time=1.5760251540391140e-01 dt=7.6275894294942479e-07
cycle=7218 time=1.5760327816285435e-01 dt=7.6233089003279269e-07
cycle=7219 time=1.5760404049374438e-01 dt=7.6191436532053874e-07
cycle=7220 time=1.5760480240810970e-01 dt=7.6150831494268162e-07
cycle=7221 time=1.5760556391642463e-01 dt=7.6111163674778882e-07
cycle=7222 time=1.5760632502806138e-01 dt=7.6072321411701232e-07
cycle=7223 time=1.5760708575127549e-01 dt=7.6034196158954818e-07
cycle=7224 time=1.5760784609323708e-01 dt=7.5996682325591307e-07
cycle=7225 time=1.5760860606006033e-01 dt=7.5959679242920325e-07
cycle=7226 time=1.5760936565685277e-01 dt=7.5923092777655920e-07
cycle=7227 time=1.5761012488778053e-01 dt=7.5886836566503168e-07
cycle=7228 time=1.5761088375614621e-01 dt=7.5850832843081912e-07
cycle=7229 time=1.5761164226447463e-01 dt=7.5815012068052968e-07
cycle=7230 time=1.5761240041459532e-01 dt=7.5779315847783736e-07
cycle=7231 time=1.5761315820775379e-01 dt=7.5743695332534890e-07
cycle=7232 time=1.5761391564470711e-01 dt=7.5708111020118483e-07
cycle=7233 time=1.5761467272581731e-01 dt=7.5672532374062258e-07
cycle=7234 time=1.5761542945114104e-01 dt=7.5636937240189610e-07
cycle=7235 time=1.5761618582051345e-01 dt=7.5601310989822757e-07
cycle=7236 time=1.5761694183362335e-01 dt=7.5565642293862264e-07
cycle=7237 time=1.5761769749004628e-01 dt=7.5529927136759112e-07
cycle=7238 time=1.5761845278931766e-01 dt=7.5494167915949425e-07
cycle=7239 time=1.5761920773099683e-01 dt=7.5458372483567940e-07
cycle=7240 time=1.5761996231472167e-01 dt=7.5422553223236093e-07
cycle=7241 time=1.5762071654025389e-01 dt=7.5386727470005661e-07
cycle=7242 time=1.5762147040752858e-01 dt=7.5350914669086072e-07
cycle=7243 time=1.5762222391667527e-01 dt=7.5315135637822084e-07
cycle=7244 time=1.5762297706803166e-01 dt=7.5279411870380843e-07
cycle=7245 time=1.5762372986215037e-01 dt=7.5243764880598295e-07
cycle=7246 time=1.5762448229979917e-01 dt=7.5208215633152979e-07
cycle=7247 time=1.5762523438195550e-01 dt=7.5172784061866336e-07
cycle=7248 time=1.5762598610979611e-01 dt=7.5137488661485198e-07
cycle=7249 time=1.5762673748468273e-01 dt=7.5102346158763108e-07
cycle=7250 time=1.5762748850814431e-01 dt=7.5067371292178530e-07
cycle=7251 time=1.5762823918185723e-01 dt=7.5032576650074557e-07
cycle=7252 time=1.5762898950762372e-01 dt=7.4997972557749177e-07
cycle=7253 time=1.5762973948734929e-01 dt=7.4963567086353135e-07
cycle=7254 time=1.5763048912302016e-01 dt=7.4929366039251988e-07
cycle=7255 time=1.5763123841668056e-01 dt=7.4895373019396824e-07
cycle=7256 time=1.5763198737041076e-01 dt=7.4861589539456550e-07
cycle=7257 time=1.5763273598630614e-01 dt=7.4828015166320720e-07
cycle=7258 time=1.5763348426645782e-01 dt=7.4794647684411259e-07
cycle=7259 time=1.5763423221293466e-01 dt=7.4761483299377332e-07
cycle=7260 time=1.5763497982776764e-01 dt=7.4728516842228808e-07
cycle=7261 time=1.5763572711293605e-01 dt=7.4695741769247009e-07
cycle=7262 time=1.5763647407035375e-01 dt=7.4663150100553017e-07
cycle=7263 time=1.5763722070185476e-01 dt=7.4630733318446448e-07
cycle=7264 time=1.5763796700918795e-01 dt=7.4598482546828729e-07
cycle=7265 time=1.5763871299401341e-01 dt=7.4566388714481086e-07
cycle=7266 time=1.5763945865790055e-01 dt=7.4534442706562885e-07
cycle=7267 time=1.5764020400232762e-01 dt=7.4502635492259491e-07
cycle=7268 time=1.5764094902868253e-01 dt=7.4470958297396716e-07
cycle=7269 time=1.5764169373826550e-01 dt=7.4439402732388735e-07
cycle=7270 time=1.5764243813229284e-01 dt=7.4407960831625683e-07
cycle=7271 time=1.5764318221190116e-01 dt=7.4376625067100102e-07
cycle=7272 time=1.5764392597815183e-01 dt=7.4345388362447404e-07
cycle=7273 time=1.5764466943203545e-01 dt=7.4314244373991646e-07
cycle=7274 time=1.5764541257447920e-01 dt=7.4283187488964994e-07
cycle=7275 time=1.5764615540635410e-01 dt=7.4252212814802673e-07
cycle=7276 time=1.5764689792848224e-01 dt=7.4221316132954797e-07
cycle=7277 time=1.5764764014164356e-01 dt=7.4190493899724996e-07
cycle=7278 time=1.5764838204658255e-01 dt=7.4159743794534069e-07
cycle=7279 time=1.5764912364402051e-01 dt=7.4129065362625844e-07
cycle=7280 time=1.5764986493467414e-01 dt=7.4098456378207980e-07
cycle=7281 time=1.5765060591923793e-01 dt=7.4067915032131520e-07
cycle=7282 time=1.5765134659838825e-01 dt=7.4037439955920832e-07
cycle=7283 time=1.5765208697278782e-01 dt=7.4007029882040229e-07
cycle=7284 time=1.5765282704308664e-01 dt=7.3976684030242378e-07
cycle=7285 time=1.5765356680992695e-01 dt=7.3946402046384679e-07
cycle=7286 time=1.5765430627394741e-01 dt=7.3916183994453471e-07
cycle=7287 time=1.5765504543578737e-01 dt=7.3886029461982249e-07
cycle=7288 time=1.5765578429608199e-01 dt=7.3855943213128166e-07
cycle=7289 time=1.5765652285551413e-01 dt=7.3825933947739675e-07
cycle=7290 time=1.5765726111485359e-01 dt=7.3796009751975726e-07
cycle=7291 time=1.5765799907495112e-01 dt=7.3766177938792648e-07
cycle=7292 time=1.5765873673673050e-01 dt=7.3736444941320408e-07
cycle=7293 time=1.5765947410117992e-01 dt=7.3706816195980937e-07
cycle=7294 time=1.5766021116934187e-01 dt=7.3677296122792274e-07
cycle=7295 time=1.5766094794230309e-01 dt=7.3647888129144901e-07
cycle=7296 time=1.5766168442118439e-01 dt=7.3618594687054297e-07
cycle=7297 time=1.5766242060713126e-01 dt=7.3589417350544251e-07
cycle=7298 time=1.5766315650130477e-01 dt=7.3560356792938193e-07
cycle=7299 time=1.5766389210487269e-01 dt=7.3531412856794700e-07
cycle=7300 time=1.5766462741900125e-01 dt=7.3502584805381074e-07
cycle=7301 time=1.5766536244484930e-01 dt=7.3473871175825305e-07
cycle=7302 time=1.5766609718356106e-01 dt=7.3445269850938715e-07
cycle=7303 time=1.5766683163625958e-01 dt=7.3416778144097542e-07
cycle=7304 time=1.5766756580404101e-01 dt=7.3388392917012108e-07
cycle=7305 time=1.5766829968797019e-01 dt=7.3360110669271503e-07
cycle=7306 time=1.5766903328907689e-01 dt=7.3331927619714594e-07
cycle=7307 time=1.5766976660835308e-01 dt=7.3303839796552498e-07
cycle=7308 time=1.5767049964675103e-01 dt=7.3275843120130731e-07
cycle=7309 time=1.5767123240518224e-01 dt=7.3247933477153592e-07
cycle=7310 time=1.5767196488451701e-01 dt=7.3220106789984282e-07
cycle=7311 time=1.5767269708558490e-01 dt=7.3192359070292200e-07
cycle=7312 time=1.5767342900917561e-01 dt=7.3164686564538942e-07
cycle=7313 time=1.5767416065604126e-01 dt=7.3137085760120477e-07
cycle=7314 time=1.5767489202689886e-01 dt=7.3109553388453075e-07
cycle=7315 time=1.5767562312243275e-01 dt=7.3082086425981893e-07
cycle=7316 time=1.5767635394329702e-01 dt=7.3054682094684248e-07
cycle=7317 time=1.5767708449011797e-01 dt=7.3027337860505449e-07
cycle=7318 time=1.5767781476349657e-01 dt=7.3000051429353234e-07
cycle=7319 time=1.5767854476401086e-01 dt=7.2972820741743839e-07
cycle=7320 time=1.5767927449221827e-01 dt=7.2945643964941065e-07
cycle=7321 time=1.5768000394865792e-01 dt=7.2918519486441482e-07
cycle=7322 time=1.5768073313385278e-01 dt=7.2891445896718653e-07
cycle=7323 time=1.5768146204831174e-01 dt=7.2864421981180866e-07
cycle=7324 time=1.5768219069253156e-01 dt=7.2837446699674486e-07
cycle=7325 time=1.5768291906699855e-01 dt=7.2810519180034560e-07
cycle=7326 time=1.5768364717219036e-01 dt=7.2783638382990180e-07
cycle=7327 time=1.5768437500857418e-01 dt=7.2756802851390038e-07
cycle=7328 time=1.5768510257660270e-01 dt=7.2730012527480918e-07
cycle=7329 time=1.5768582987672797e-01 dt=7.2703267371440371e-07
cycle=7330 time=1.5768655690940167e-01 dt=7.2676567355405290e-07
cycle=7331 time=1.5768728367507523e-01 dt=7.2649912459270352e-07
cycle=7332 time=1.5768801017419981e-01 dt=7.2623302667317507e-07
cycle=7333 time=1.5768873640722647e-01 dt=7.2596737965456065e-07
cycle=7334 time=1.5768946237460613e-01 dt=7.2570218349135002e-07
cycle=7335 time=1.5769018807678961e-01 dt=7.2543743796259242e-07
cycle=7336 time=1.5769091351422757e-01 dt=7.2517314252854828e-07
cycle=7337 time=1.5769163868737010e-01 dt=7.2490929661767452e-07
cycle=7338 time=1.5769236359666672e-01 dt=7.2464590032382882e-07
cycle=7339 time=1.5769308824256703e-01 dt=7.2438295420179597e-07
cycle=7340 time=1.5769381262552123e-01 dt=7.2412045947372295e-07
cycle=7341 time=1.5769453674598072e-01 dt=7.2385841821967832e-07
cycle=7342 time=1.5769526060439895e-01 dt=7.2359683360541499e-07
cycle=7343 time=1.5769598420123257e-01 dt=7.2333571020182431e-07
cycle=7344 time=1.5769670753694276e-01 dt=7.2307505441509436e-07
cycle=7345 time=1.5769743061199717e-01 dt=7.2281487495606784e-07
cycle=7346 time=1.5769815342687213e-01 dt=7.2255518797075846e-07
cycle=7347 time=1.5769887598206009e-01 dt=7.2229600661643645e-07
cycle=7348 time=1.5769959827806670e-01 dt=7.2203734673823250e-07
cycle=7349 time=1.5770032031541345e-01 dt=7.2177922662334419e-07
cycle=7350 time=1.5770104209464009e-01 dt=7.2152166675432649e-07
cycle=7351 time=1.5770176361630683e-01 dt=7.2126468979223299e-07
cycle=7352 time=1.5770248488099661e-01 dt=7.2100832051605574e-07
cycle=7353 time=1.5770320588931713e-01 dt=7.2075258571167983e-07
cycle=7354 time=1.5770392664190283e-01 dt=7.2049751395474060e-07
cycle=7355 time=1.5770464713941679e-01 dt=7.2024313530017893e-07
cycle=7356 time=1.5770536738255209e-01 dt=7.1998948102489181e-07
cycle=7357 time=1.5770608737203312e-01 dt=7.1973658337186695e-07
cycle=7358 time=1.5770680710861648e-01 dt=7.1948447545401957e-07
cycle=7359 time=1.5770752659309192e-01 dt=7.1923319098247907e-07
cycle=7360 time=1.5770824582628290e-01 dt=7.1898276391904966e-07
cycle=7361 time=1.5770896480904681e-01 dt=7.1873322812305646e-07
cycle=7362 time=1.5770968354227494e-01 dt=7.1848461694181136e-07
cycle=7363 time=1.5771040202689188e-01 dt=7.1823696284696656e-07
cycle=7364 time=1.5771112026385473e-01 dt=7.1799029706125859e-07
cycle=7365 time=1.5771183825415178e-01 dt=7.1774466455693078e-07
cycle=7366 time=1.5771255599881634e-01 dt=7.1750011679726903e-07
cycle=7367 time=1.5771327349893313e-01 dt=7.1725670694744401e-07
cycle=7368 time=1.5771399075564008e-01 dt=7.1701448915000394e-07
cycle=7369 time=1.5771470777012922e-01 dt=7.1677351792036475e-07
cycle=7370 time=1.5771542454364715e-01 dt=7.1653384784725413e-07
cycle=7371 time=1.5771614107749499e-01 dt=7.1629553347819364e-07
cycle=7372 time=1.5771685737302846e-01 dt=7.1605862938478745e-07
cycle=7373 time=1.5771757343165785e-01 dt=7.1582318193025469e-07
cycle=7374 time=1.5771828925483977e-01 dt=7.1558917293882525e-07
cycle=7375 time=1.5771900484401272e-01 dt=7.1535668936578904e-07
cycle=7376 time=1.5771972020070207e-01 dt=7.1512579400421083e-07
cycle=7377 time=1.5772043532649607e-01 dt=7.1489655271140096e-07
cycle=7378 time=1.5772115022304878e-01 dt=7.1466903532918096e-07
cycle=7379 time=1.5772186489208412e-01 dt=7.1444331518123275e-07
cycle=7380 time=1.5772257933539929e-01 dt=7.1421947943091532e-07
cycle=7381 time=1.5772329355487871e-01 dt=7.1399762808601592e-07
cycle=7382 time=1.5772400755250679e-01 dt=7.1377786918248227e-07
cycle=7383 time=1.5772472133037596e-01 dt=7.1356032652410249e-07
cycle=7384 time=1.5772543489070248e-01 dt=7.1334514747470499e-07
cycle=7385 time=1.5772614823584996e-01 dt=7.1313250687675890e-07
cycle=7386 time=1.5772686136835684e-01 dt=7.1292268715517348e-07
cycle=7387 time=1.5772757429104400e-01 dt=7.1271605710352403e-07
cycle=7388 time=1.5772828700710112e-01 dt=7.1251300824682204e-07
cycle=7389 time=1.5772899952010935e-01 dt=7.1231392441581636e-07
cycle=7390 time=1.5772971183403378e-01 dt=7.1211915771804144e-07
cycle=7391 time=1.5773042395319151e-01 dt=7.1192900956453497e-07
cycle=7392 time=1.5773113588220108e-01 dt=7.1174371637238477e-07
cycle=7393 time=1.5773184762591747e-01 dt=7.1156343214163292e-07
cycle=7394 time=1.5773255918934961e-01 dt=7.1138821893243220e-07
cycle=7395 time=1.5773327057756856e-01 dt=7.1121805875019107e-07
cycle=7396 time=1.5773398179562731e-01 dt=7.1105285302138973e-07
cycle=7397 time=1.5773469284848032e-01 dt=7.1089242532932375e-07
cycle=7398 time=1.5773540374090567e-01 dt=7.1073652721852918e-07
cycle=7399 time=1.5773611447743288e-01 dt=7.1058484417425521e-07
cycle=7400 time=1.5773682506227707e-01 dt=7.1043700082053381e-07
cycle=7401 time=1.5773753549927788e-01 dt=7.1029256558754232e-07
cycle=7402 time=1.5773824579184348e-01 dt=7.1015105575754244e-07
cycle=7403 time=1.5773895594289924e-01 dt=7.1001194257320900e-07
cycle=7404 time=1.5773966595484182e-01 dt=7.0987465438909320e-07
cycle=7405 time=1.5774037582949621e-01 dt=7.0973857971114571e-07
cycle=7406 time=1.5774108556807592e-01 dt=7.0960306999112327e-07
cycle=7407 time=1.5774179517114592e-01 dt=7.0946744174307564e-07
cycle=7408 time=1.5774250463858766e-01 dt=7.0933097878464967e-07
cycle=7409 time=1.5774321396956645e-01 dt=7.0919296853681277e-07
cycle=7410 time=1.5774392316253499e-01 dt=7.0905276632609348e-07
cycle=7411 time=1.5774463221530133e-01 dt=7.0890978936792807e-07
cycle=7412 time=1.5774534112509070e-01 dt=7.0876348569202083e-07
cycle=7413 time=1.5774604988857638e-01 dt=7.0861329391420046e-07
cycle=7414 time=1.5774675850187028e-01 dt=7.0844736143272661e-07
cycle=7415 time=1.5774746694923172e-01 dt=7.0825813957042570e-07
cycle=7416 time=1.5774817520737131e-01 dt=7.0805373502238627e-07
cycle=7417 time=1.5774888326110634e-01 dt=7.0783912749573352e-07
cycle=7418 time=1.5774959110023384e-01 dt=7.0761775470753439e-07
cycle=7419 time=1.5775029871798854e-01 dt=7.0739251373615998e-07
cycle=7420 time=1.5775100611050227e-01 dt=7.0716551885343889e-07
cycle=7421 time=1.5775171327602114e-01 dt=7.0693815507445026e-07
cycle=7422 time=1.5775242021417621e-01 dt=7.0671118316162496e-07
cycle=7423 time=1.5775312692535937e-01 dt=7.0648485506677314e-07
cycle=7424 time=1.5775383341021443e-01 dt=7.0625888629672597e-07
cycle=7425 time=1.5775453966910072e-01 dt=7.0603223322632723e-07
cycle=7426 time=1.5775524570133395e-01 dt=7.0580318810598500e-07
cycle=7427 time=1.5775595150452207e-01 dt=7.0556960142236389e-07
cycle=7428 time=1.5775665707412348e-01 dt=7.0532907925599175e-07
cycle=7429 time=1.5775736240320273e-01 dt=7.0507915532105769e-07
cycle=7430 time=1.5775806748235804e-01 dt=7.0481743821984492e-07
cycle=7431 time=1.5775877229979626e-01 dt=7.0454173110473368e-07
cycle=7432 time=1.5775947684152736e-01 dt=7.0425011799022066e-07
cycle=7433 time=1.5776018109164536e-01 dt=7.0394104730214700e-07
cycle=7434 time=1.5776088503269267e-01 dt=7.0361334532509595e-07
cycle=7435 time=1.5776158864603801e-01 dt=7.0326624956389797e-07
cycle=7436 time=1.5776229191228758e-01 dt=7.0289942807633590e-07
cycle=7437 time=1.5776299481171566e-01 dt=7.0251297723020059e-07
cycle=7438 time=1.5776369732469289e-01 dt=7.0210741029512545e-07
cycle=7439 time=1.5776439943210319e-01 dt=7.0168363359615112e-07
cycle=7440 time=1.5776510111573677e-01 dt=7.0124291431934188e-07
cycle=7441 time=1.5776580235865109e-01 dt=7.0078684219037907e-07
cycle=7442 time=1.5776650314549329e-01 dt=7.0031728720182997e-07
cycle=7443 time=1.5776720346278048e-01 dt=6.9983635458613209e-07
cycle=7444 time=1.5776790329913506e-01 dt=6.9934633962981038e-07
cycle=7445 time=1.5776860264547468e-01 dt=6.9884968821643017e-07
cycle=7446 time=1.5776930149516291e-01 dt=6.9834895864172654e-07
cycle=7447 time=1.5776999984412154e-01 dt=6.9784490723356856e-07
cycle=7448 time=1.5777069768902877e-01 dt=6.9733509022398346e-07
cycle=7449 time=1.5777139502411899e-01 dt=6.9681838189529563e-07
cycle=7450 time=1.5777209184250088e-01 dt=6.9629474594563436e-07
cycle=7451 time=1.5777278813724682e-01 dt=6.9576502140555666e-07
cycle=7452 time=1.5777348390226822e-01 dt=6.9523072670835417e-07
cycle=7453 time=1.5777417913299494e-01 dt=6.9469387975814269e-07
cycle=7454 time=1.5777487382687469e-01 dt=6.9415683622983633e-07
cycle=7455 time=1.5777556798371092e-01 dt=6.9362216294405808e-07
cycle=7456 time=1.5777626160587388e-01 dt=6.9309248383943403e-07
cycle=7457 time=1.5777695469835773e-01 dt=6.9257033255847783e-07
cycle=7458 time=1.5777764726869029e-01 dt=6.9205808999333970e-07
cycle=7459 time=1.5777833932678029e-01 dt=6.9155795286242493e-07
cycle=7460 time=1.5777903088473316e-01 dt=6.9107188034824023e-07
cycle=7461 time=1.5777972195661352e-01 dt=6.9060155556328171e-07
cycle=7462 time=1.5778041255816908e-01 dt=6.9014836046480007e-07
cycle=7463 time=1.5778110270652954e-01 dt=6.8971335995480085e-07
cycle=7464 time=1.5778179241988949e-01 dt=6.8929729013160301e-07
cycle=7465 time=1.5778248171717962e-01 dt=6.8890056561713308e-07
cycle=7466 time=1.5778317061774524e-01 dt=6.8852330246262355e-07
cycle=7467 time=1.5778385914104770e-01 dt=6.8816534299500112e-07
cycle=7468 time=1.5778454730639069e-01 dt=6.8782628257535173e-07
cycle=7469 time=1.5778523513267326e-01 dt=6.8750549798226379e-07
cycle=7470 time=1.5778592263817123e-01 dt=6.8720217695281753e-07
cycle=7471 time=1.5778660984034817e-01 dt=6.8691534825297679e-07
cycle=7472 time=1.5778729675569642e-01 dt=6.8664391173962172e-07
cycle=7473 time=1.5778798339960814e-01 dt=6.8638666795618217e-07
cycle=7474 time=1.5778866978627609e-01 dt=6.8614234647463604e-07
cycle=7475 time=1.5778935592862256e-01 dt=6.8592122627936300e-07
cycle=7476 time=1.5779004184984885e-01 dt=6.8575022040488049e-07
cycle=7477 time=1.5779072760006926e-01 dt=6.8562103794309784e-07
cycle=7478 time=1.5779141322110721e-01 dt=6.8552553766582098e-07
cycle=7479 time=1.5779209874664488e-01 dt=6.8545588035183142e-07
cycle=7480 time=1.5779278420252524e-01 dt=6.8540465364709037e-07
cycle=7481 time=1.5779346960717888e-01 dt=6.8536497113693211e-07
cycle=7482 time=1.5779415497215002e-01 dt=6.8533054878507554e-07
cycle=7483 time=1.5779484030269880e-01 dt=6.8529576234322771e-07
cycle=7484 time=1.5779552559846113e-01 dt=6.8525568585084724e-07
cycle=7485 time=1.5779621085414700e-01 dt=6.8520611168710101e-07
cycle=7486 time=1.5779689606025868e-01 dt=6.8514355344422159e-07
cycle=7487 time=1.5779758120381213e-01 dt=6.8506523646035373e-07
cycle=7488 time=1.5779826626904858e-01 dt=6.8496907581456782e-07
cycle=7489 time=1.5779895123812440e-01 dt=6.8485361338606965e-07
cycle=7490 time=1.5779963609173778e-01 dt=6.8471791269637803e-07
cycle=7491 time=1.5780032080965048e-01 dt=6.8456167951882747e-07
cycle=7492 time=1.5780100537132999e-01 dt=6.8438518598916095e-07
cycle=7493 time=1.5780168975651598e-01 dt=6.8418919425985513e-07
cycle=7494 time=1.5780237394571026e-01 dt=6.8397487823096097e-07
cycle=7495 time=1.5780305792058849e-01 dt=6.8374374733149862e-07
cycle=7496 time=1.5780374166433583e-01 dt=6.8349757308697534e-07
cycle=7497 time=1.5780442516190893e-01 dt=6.8323831896353392e-07
cycle=7498 time=1.5780510840022791e-01 dt=6.8296807454300930e-07
cycle=7499 time=1.5780579136830244e-01 dt=6.8268899489332768e-07
cycle=7500 time=1.5780647405729734e-01 dt=6.8240324566495288e-07
cycle=7501 time=1.5780715646054300e-01 dt=6.8211294759384385e-07
cycle=7502 time=1.5780783857349059e-01 dt=6.8182014251590330e-07
cycle=7503 time=1.5780852039363311e-01 dt=6.8152675768132009e-07
cycle=7504 time=1.5780920192039077e-01 dt=6.8123457611288725e-07
cycle=7505 time=1.5780988315496688e-01 dt=6.8094521333129959e-07
cycle=7506 time=1.5781056410018021e-01 dt=6.8066010026842644e-07
cycle=7507 time=1.5781124476028047e-01 dt=6.8038052524715718e-07
cycle=7508 time=1.5781192514080572e-01 dt=6.8010775050660809e-07
cycle=7509 time=1.5781260524855623e-01 dt=6.7984276192174458e-07
cycle=7510 time=1.5781328509131815e-01 dt=6.7958628046905775e-07
cycle=7511 time=1.5781396467759862e-01 dt=6.7933878013407522e-07
cycle=7512 time=1.5781464401637876e-01 dt=6.7910050798816423e-07
cycle=7513 time=1.5781532311688676e-01 dt=6.7887150880735714e-07
cycle=7514 time=1.5781600198839557e-01 dt=6.7865164269379831e-07
cycle=7515 time=1.5781668064003826e-01 dt=6.7844060902387645e-07
cycle=7516 time=1.5781735908064728e-01 dt=6.7823797072349903e-07
cycle=7517 time=1.5781803731861802e-01 dt=6.7804317834193178e-07
cycle=7518 time=1.5781871536179637e-01 dt=6.7785559341367656e-07
cycle=7519 time=1.5781939321738978e-01 dt=6.7767451086210871e-07
cycle=7520 time=1.5782007089190064e-01 dt=6.7749877621167214e-07
cycle=7521 time=1.5782074839067686e-01 dt=6.7732760360409631e-07
cycle=7522 time=1.5782142571828048e-01 dt=6.7716037032925492e-07
cycle=7523 time=1.5782210287865081e-01 dt=6.7699640511872291e-07
cycle=7524 time=1.5782277987505594e-01 dt=6.7683503208925392e-07
cycle=7525 time=1.5782345671008802e-01 dt=6.7667559152341532e-07
cycle=7526 time=1.5782413338567955e-01 dt=6.7651745414161470e-07
cycle=7527 time=1.5782480990313369e-01 dt=6.7636003067118579e-07
cycle=7528 time=1.5782548626316437e-01 dt=6.7620277691111109e-07
cycle=7529 time=1.5782616246594128e-01 dt=6.7604519802250124e-07
cycle=7530 time=1.5782683851113929e-01 dt=6.7588685319208761e-07
cycle=7531 time=1.5782751439799247e-01 dt=6.7572735855739001e-07
cycle=7532 time=1.5782819012535104e-01 dt=6.7556638857289389e-07
cycle=7533 time=1.5782886569173962e-01 dt=6.7540367602001139e-07
cycle=7534 time=1.5782954109541564e-01 dt=6.7523901081515323e-07
cycle=7535 time=1.5783021633442645e-01 dt=6.7507223777585019e-07
cycle=7536 time=1.5783089140666423e-01 dt=6.7490325351017020e-07
cycle=7537 time=1.5783156630991774e-01 dt=6.7473200260527716e-07
cycle=7538 time=1.5783224104192034e-01 dt=6.7455847327325356e-07
cycle=7539 time=1.5783291560039361e-01 dt=6.7438269259987260e-07
cycle=7540 time=1.5783358998308622e-01 dt=6.7420472160007945e-07
cycle=7541 time=1.5783426418780783e-01 dt=6.7402465010299516e-07
cycle=7542 time=1.5783493821245792e-01 dt=6.7384259170430348e-07
cycle=7543 time=1.5783561205504962e-01 dt=6.7365867874383567e-07
cycle=7544 time=1.5783628571372837e-01 dt=6.7347305739683439e-07
cycle=7545 time=1.5783695918678578e-01 dt=6.7328588311062950e-07
cycle=7546 time=1.5783763247266888e-01 dt=6.7309731631037412e-07
cycle=7547 time=1.5783830556998518e-01 dt=6.7290751852368935e-07
cycle=7548 time=1.5783897847750369e-01 dt=6.7271664888416557e-07
cycle=7549 time=1.5783965119415258e-01 dt=6.7252486109853417e-07
cycle=7550 time=1.5784032371901369e-01 dt=6.7233230086832827e-07
cycle=7551 time=1.5784099605131455e-01 dt=6.7213910238184082e-07
cycle=7552 time=1.5784166819041692e-01 dt=6.7194538693743812e-07
cycle=7553 time=1.5784234013580387e-01 dt=6.7175126285812420e-07
cycle=7554 time=1.5784301188706673e-01 dt=6.7155682496051485e-07
cycle=7555 time=1.5784368344389169e-01 dt=6.7136215431328454e-07
cycle=7556 time=1.5784435480604600e-01 dt=6.7116731815682588e-07
cycle=7557 time=1.5784502597336417e-01 dt=6.7097237012308845e-07
cycle=7558 time=1.5784569694573428e-01 dt=6.7077735074341816e-07
cycle=7559 time=1.5784636772308502e-01 dt=6.7058228823122560e-07
cycle=7560 time=1.5784703830537325e-01 dt=6.7038719940588825e-07
cycle=7561 time=1.5784770869257267e-01 dt=6.7019209070719941e-07
cycle=7562 time=1.5784837888466338e-01 dt=6.6999695929023745e-07
cycle=7563 time=1.5784904888162268e-01 dt=6.6980179418575207e-07
cycle=7564 time=1.5784971868341688e-01 dt=6.6960657752676179e-07
cycle=7565 time=1.5785038828999440e-01 dt=6.6941128579413178e-07
cycle=7566 time=1.5785105770128019e-01 dt=6.6921589101610806e-07
cycle=7567 time=1.5785172691717120e-01 dt=6.6902027865421844e-07
cycle=7568 time=1.5785239593744985e-01 dt=6.6882414208223278e-07
cycle=7569 time=1.5785306476159192e-01 dt=6.6862733530860692e-07
cycle=7570 time=1.5785373338892722e-01 dt=6.6842975053076064e-07
cycle=7571 time=1.5785440181867774e-01 dt=6.6823131531832123e-07
cycle=7572 time=1.5785507004999305e-01 dt=6.6803198988847932e-07
cycle=7573 time=1.5785573808198294e-01 dt=6.6783176422925117e-07
cycle=7574 time=1.5785640591374717e-01 dt=6.6763065415182959e-07
cycle=7575 time=1.5785707354440132e-01 dt=6.6742869735760278e-07
cycle=7576 time=1.5785774097309868e-01 dt=6.6722594959916066e-07
cycle=7577 time=1.5785840819904828e-01 dt=6.6702248096160776e-07
cycle=7578 time=1.5785907522152925e-01 dt=6.6681837231503417e-07
cycle=7579 time=1.5785974203990158e-01 dt=6.6661371199612660e-07
cycle=7580 time=1.5786040865361359e-01 dt=6.6640859274497556e-07
cycle=7581 time=1.5786107506220634e-01 dt=6.6620310893517596e-07
cycle=7582 time=1.5786174126531527e-01 dt=6.6599735411753725e-07
cycle=7583 time=1.5786240726266940e-01 dt=6.6579141889302677e-07
cycle=7584 time=1.5786307305408828e-01 dt=6.6558538911457981e-07
cycle=7585 time=1.5786373863947739e-01 dt=6.6537934441210519e-07
cycle=7586 time=1.5786440401882179e-01 dt=6.6517335704506355e-07
cycle=7587 time=1.5786506919217883e-01 dt=6.6496749103877612e-07
cycle=7588 time=1.5786573415966987e-01 dt=6.6476180177525929e-07
cycle=7589 time=1.5786639892147164e-01 dt=6.6455633454521664e-07
cycle=7590 time=1.5786706347780619e-01 dt=6.6435112571818854e-07
cycle=7591 time=1.5786772782893191e-01 dt=6.6414620288344299e-07
cycle=7592 time=1.5786839197513480e-01 dt=6.6394158518506662e-07
cycle=7593 time=1.5786905591671999e-01 dt=6.6373728380870018e-07
cycle=7594 time=1.5786971965400379e-01 dt=6.6353330521786840e-07
cycle=7595 time=1.5787038318730900e-01 dt=6.6332964837306872e-07
cycle=7596 time=1.5787104651695738e-01 dt=6.6312630360915822e-07
cycle=7597 time=1.5787170964326100e-01 dt=6.6292325623071263e-07
cycle=7598 time=1.5787237256651723e-01 dt=6.6272046616116839e-07
cycle=7599 time=1.5787303528698340e-01 dt=6.6251790686479232e-07
cycle=7600 time=1.5787369780489027e-01 dt=6.6231555346089909e-07
cycle=7601 time=1.5787436012044373e-01 dt=6.6211338716381707e-07
cycle=7602 time=1.5787502223383090e-01 dt=6.6191138672930900e-07
cycle=7603 time=1.5787568414521763e-01 dt=6.6170952919216266e-07
cycle=7604 time=1.5787634585474683e-01 dt=6.6150779061342754e-07
cycle=7605 time=1.5787700736253743e-01 dt=6.6130614670390829e-07
cycle=7606 time=1.5787766866868413e-01 dt=6.6110457218881029e-07
cycle=7607 time=1.5787832977325633e-01 dt=6.6090304272284523e-07
cycle=7608 time=1.5787899067629904e-01 dt=6.6070153568377882e-07
cycle=7609 time=1.5787965137783472e-01 dt=6.6050003056105797e-07
cycle=7610 time=1.5788031187786528e-01 dt=6.6029850928389362e-07
cycle=7611 time=1.5788097217637456e-01 dt=6.6009696336332105e-07
cycle=7612 time=1.5788163227333793e-01 dt=6.5989541769473422e-07
cycle=7613 time=1.5788229216875563e-01 dt=6.5969389255874315e-07
cycle=7614 time=1.5788295186264820e-01 dt=6.5949240398304152e-07
cycle=7615 time=1.5788361135505219e-01 dt=6.5929096408095594e-07
cycle=7616 time=1.5788427064601626e-01 dt=6.5908958148823770e-07
cycle=7617 time=1.5788492973559776e-01 dt=6.5888826177944812e-07
cycle=7618 time=1.5788558862385954e-01 dt=6.5868700787508268e-07
cycle=7619 time=1.5788624731086742e-01 dt=6.5848582100667350e-07
cycle=7620 time=1.5788690579668843e-01 dt=6.5828470058198712e-07
cycle=7621 time=1.5788756408138901e-01 dt=6.5808364445016028e-07
cycle=7622 time=1.5788822216503345e-01 dt=6.5788264925771479e-07
cycle=7623 time=1.5788888004768270e-01 dt=6.5768171079438181e-07
cycle=7624 time=1.5788953772939349e-01 dt=6.5748082431020999e-07
cycle=7625 time=1.5789019521021780e-01 dt=6.5727998482352965e-07
cycle=7626 time=1.5789085249020263e-01 dt=6.5707918736759157e-07
cycle=7627 time=1.5789150956938999e-01 dt=6.5687842721536956e-07
cycle=7628 time=1.5789216644781720e-01 dt=6.5667770009227767e-07
cycle=7629 time=1.5789282312551731e-01 dt=6.5647700231570092e-07
cycle=7630 time=1.5789347960251962e-01 dt=6.5627633091660196e-07
cycle=7631 time=1.5789413587885054e-01 dt=6.5607568435066184e-07
cycle=7632 time=1.5789479195453490e-01 dt=6.5587506221641353e-07
cycle=7633 time=1.5789544782959711e-01 dt=6.5567446718805809e-07
cycle=7634 time=1.5789610350406430e-01 dt=6.5547390010182468e-07
cycle=7635 time=1.5789675897796440e-01 dt=6.5527336187014459e-07
cycle=7636 time=1.5789741425132628e-01 dt=6.5507285311237562e-07
cycle=7637 time=1.5789806932417938e-01 dt=6.5487237367904166e-07
cycle=7638 time=1.5789872419655307e-01 dt=6.5467192240985294e-07
cycle=7639 time=1.5789937886847549e-01 dt=6.5447149794673856e-07
cycle=7640 time=1.5790003333997343e-01 dt=6.5427110164186253e-07
cycle=7641 time=1.5790068761107506e-01 dt=6.5407073048425904e-07
cycle=7642 time=1.5790134168180556e-01 dt=6.5387038250371443e-07
cycle=7643 time=1.5790199555218806e-01 dt=6.5367005787601598e-07
cycle=7644 time=1.5790264922224595e-01 dt=6.5346977324805181e-07
cycle=7645 time=1.5790330269201919e-01 dt=6.5326954519224547e-07
cycle=7646 time=1.5790395596156437e-01 dt=6.5306939060889108e-07
cycle=7647 time=1.5790460903095499e-01 dt=6.5286932679735757e-07
cycle=7648 time=1.5790526190028178e-01 dt=6.5266937142165139e-07
cycle=7649 time=1.5790591456965319e-01 dt=6.5246954239764676e-07
cycle=7650 time=1.5790656703919559e-01 dt=6.5226986506594812e-07
cycle=7651 time=1.5790721930906065e-01 dt=6.5207036071077682e-07
cycle=7652 time=1.5790787137942136e-01 dt=6.5187104686591231e-07
cycle=7653 time=1.5790852325046822e-01 dt=6.5167193991096456e-07
cycle=7654 time=1.5790917492240814e-01 dt=6.5147305470510983e-07
cycle=7655 time=1.5790982639546283e-01 dt=6.5127440431549957e-07
cycle=7656 time=1.5791047766986716e-01 dt=6.5107597175385051e-07
cycle=7657 time=1.5791112874583890e-01 dt=6.5087773785750165e-07
cycle=7658 time=1.5791177962357675e-01 dt=6.5067968673306294e-07
cycle=7659 time=1.5791243030326349e-01 dt=6.5048180558167608e-07
cycle=7660 time=1.5791308078506908e-01 dt=6.5028408445048305e-07
cycle=7661 time=1.5791373106915352e-01 dt=6.5008651592867922e-07
cycle=7662 time=1.5791438115566944e-01 dt=6.4988908727774372e-07
cycle=7663 time=1.5791503104475671e-01 dt=6.4969176367796166e-07
cycle=7664 time=1.5791568073652038e-01 dt=6.4949451774368148e-07
cycle=7665 time=1.5791633023103813e-01 dt=6.4929732898526684e-07
cycle=7666 time=1.5791697952836711e-01 dt=6.4910018318825623e-07
cycle=7667 time=1.5791762862855030e-01 dt=6.4890307171359515e-07
cycle=7668 time=1.5791827753162202e-01 dt=6.4870599078094876e-07
cycle=7669 time=1.5791892623761281e-01 dt=6.4850894074618769e-07
cycle=7670 time=1.5791957474655355e-01 dt=6.4831192535786958e-07
cycle=7671 time=1.5792022305847891e-01 dt=6.4811495102234548e-07
cycle=7672 time=1.5792087117342993e-01 dt=6.4791802608781872e-07
cycle=7673 time=1.5792151909145602e-01 dt=6.4772116017601414e-07
cycle=7674 time=1.5792216681261620e-01 dt=6.4752436356937450e-07
cycle=7675 time=1.5792281433697977e-01 dt=6.4732764669082721e-07
cycle=7676 time=1.5792346166462645e-01 dt=6.4713101986104350e-07
cycle=7677 time=1.5792410879564631e-01 dt=6.4693449316994581e-07
cycle=7678 time=1.5792475573013948e-01 dt=6.4673807541120436e-07
cycle=7679 time=1.5792540246821488e-01 dt=6.4654177396648830e-07
cycle=7680 time=1.5792604900998886e-01 dt=6.4634559485393020e-07
cycle=7681 time=1.5792669535558371e-01 dt=6.4614954264601528e-07
cycle=7682 time=1.5792734150512636e-01 dt=6.4595362095390758e-07
cycle=7683 time=1.5792798745874731e-01 dt=6.4575783234008876e-07
cycle=7684 time=1.5792863321657966e-01 dt=6.4556217805998299e-07
cycle=7685 time=1.5792927877875770e-01 dt=6.4536665790609228e-07
cycle=7686 time=1.5792992414541562e-01 dt=6.4517128099495951e-07
cycle=7687 time=1.5793056931669661e-01 dt=6.4497604927000902e-07
cycle=7688 time=1.5793121429274587e-01 dt=6.4478095709945809e-07
cycle=7689 time=1.5793185907370297e-01 dt=6.4458599652148162e-07
cycle=7690 time=1.5793250365969949e-01 dt=6.4439115729417468e-07
cycle=7691 time=1.5793314805085679e-01 dt=6.4419642701478514e-07
cycle=7692 time=1.5793379224728379e-01 dt=6.4400179127224722e-07
cycle=7693 time=1.5793443624907508e-01 dt=6.4380723500188599e-07
cycle=7694 time=1.5793508005631007e-01 dt=6.4361274087832279e-07
cycle=7695 time=1.5793572366905095e-01 dt=6.4341828982570870e-07
cycle=7696 time=1.5793636708734077e-01 dt=6.4322386134231554e-07
cycle=7697 time=1.5793701031120211e-01 dt=6.4302943371156672e-07
cycle=7698 time=1.5793765334063581e-01 dt=6.4283498423528814e-07
cycle=7699 time=1.5793829617562005e-01 dt=6.4264048929744474e-07
cycle=7700 time=1.5793893881610935e-01 dt=6.4244592432391421e-07
cycle=7701 time=1.5793958126203367e-01 dt=6.4225126494279373e-07
cycle=7702 time=1.5794022351329862e-01 dt=6.4205648738215774e-07
cycle=7703 time=1.5794086556978601e-01 dt=6.4186156892606205e-07
cycle=7704 time=1.5794150743135493e-01 dt=6.4166648829056207e-07
cycle=7705 time=1.5794214909784321e-01 dt=6.4147122592409551e-07
cycle=7706 time=1.5794279056906912e-01 dt=6.4127576429425561e-07
cycle=7707 time=1.5794343184483342e-01 dt=6.4108008814699513e-07
cycle=7708 time=1.5794407292492157e-01 dt=6.4088418468974845e-07
cycle=7709 time=1.5794471380910627e-01 dt=6.4068804368227074e-07
cycle=7710 time=1.5794535449714994e-01 dt=6.4049165733644399e-07
cycle=7711 time=1.5794599498880729e-01 dt=6.4029502017309645e-07
cycle=7712 time=1.5794663528382746e-01 dt=6.4009812908533456e-07
cycle=7713 time=1.5794727538195655e-01 dt=6.3990098347281715e-07
cycle=7714 time=1.5794791528294003e-01 dt=6.3970358528824158e-07
cycle=7715 time=1.5794855498652532e-01 dt=6.3950593902851338e-07
cycle=7716 time=1.5794919449246436e-01 dt=6.3930805173423288e-07
cycle=7717 time=1.5794983380051611e-01 dt=6.3910993310077752e-07
cycle=7718 time=1.5795047291044920e-01 dt=6.3891159508919771e-07
cycle=7719 time=1.5795111182204430e-01 dt=6.3871305173450931e-07
cycle=7720 time=1.5795175053509602e-01 dt=6.3851431894829580e-07
cycle=7721 time=1.5795238904941497e-01 dt=6.3831541321222209e-07
cycle=7722 time=1.5795302736482819e-01 dt=6.3811635401287417e-07
cycle=7723 time=1.5795366548118220e-01 dt=6.3791716708959976e-07
cycle=7724 time=1.5795430339834929e-01 dt=6.3771787734673992e-07
cycle=7725 time=1.5795494111622663e-01 dt=6.3751850895396635e-07
cycle=7726 time=1.5795557863473558e-01 dt=6.3731908529436916e-07
cycle=7727 time=1.5795621595382087e-01 dt=6.3711962896945584e-07
cycle=7728 time=1.5795685307344984e-01 dt=6.3692016179664038e-07
cycle=7729 time=1.5795748999361164e-01 dt=6.3672070477343130e-07
cycle=7730 time=1.5795812671431642e-01 dt=6.3652127805532233e-07
cycle=7731 time=1.5795876323559446e-01 dt=6.3632190100151702e-07
cycle=7732 time=1.5795939955749547e-01 dt=6.3612259218224331e-07
cycle=7733 time=1.5796003568008765e-01 dt=6.3592336932594694e-07
cycle=7734 time=1.5796067160345698e-01 dt=6.3572424928142689e-07
cycle=7735 time=1.5796130732770625e-01 dt=6.3552524794468260e-07
cycle=7736 time=1.5796194285295420e-01 dt=6.3532638018508343e-07
cycle=7737 time=1.5796257817933437e-01 dt=6.3512765971792800e-07
cycle=7738 time=1.5796321330699409e-01 dt=6.3492909905390491e-07
cycle=7739 time=1.5796384823609314e-01 dt=6.3473070947359756e-07
cycle=7740 time=1.5796448296680260e-01 dt=6.3453250121786701e-07
cycle=7741 time=1.5796511749930381e-01 dt=6.3433448326544737e-07
cycle=7742 time=1.5796575183378708e-01 dt=6.3413666312968329e-07
cycle=7743 time=1.5796638597045021e-01 dt=6.3393904683802841e-07
cycle=7744 time=1.5796701990949705e-01 dt=6.3374163892000475e-07
cycle=7745 time=1.5796765365113596e-01 dt=6.3354444240749475e-07
cycle=7746 time=1.5796828719557837e-01 dt=6.3334745860661274e-07
cycle=7747 time=1.5796892054303699e-01 dt=6.3315068709618819e-07
cycle=7748 time=1.5796955369372409e-01 dt=6.3295412599230920e-07
cycle=7749 time=1.5797018664785009e-01 dt=6.3275777201678748e-07
cycle=7750 time=1.5797081940562210e-01 dt=6.3256162056088139e-07
cycle=7751 time=1.5797145196724266e-01 dt=6.3236566574252511e-07
cycle=7752 time=1.5797208433290841e-01 dt=6.3216990083572636e-07
cycle=7753 time=1.5797271650280925e-01 dt=6.3197431863754778e-07
cycle=7754 time=1.5797334847712788e-01 dt=6.3177891126883394e-07
cycle=7755 time=1.5797398025603915e-01 dt=6.3158367019019666e-07
cycle=7756 time=1.5797461183970934e-01 dt=6.3155869533757884e-07
cycle=7757 time=1.5797524339840469e-01 dt=6.3150579753376487e-07
cycle=7758 time=1.5797587490420223e-01 dt=6.3142302808479752e-07
cycle=7759 time=1.5797650632723031e-01 dt=6.3130902441806975e-07
cycle=7760 time=1.5797713763625473e-01 dt=6.3116304980965909e-07
cycle=7761 time=1.5797776879930453e-01 dt=6.3098501866769876e-07
cycle=7762 time=1.5797839978432321e-01 dt=6.3077550609088700e-07
cycle=7763 time=1.5797903055982929e-01 dt=6.3053574092837573e-07
cycle=7764 time=1.5797966109557021e-01 dt=6.3026758211649600e-07
cycle=7765 time=1.5798029136315234e-01 dt=6.2997347853147954e-07
cycle=7766 time=1.5798092133663086e-01 dt=6.2965641297998318e-07
cycle=7767 time=1.5798155099304384e-01 dt=6.2931983196962010e-07
cycle=7768 time=1.5798218031287581e-01 dt=6.2896756297219212e-07
cycle=7769 time=1.5798280928043879e-01 dt=6.2860369001833334e-07
cycle=7770 time=1.5798343788412880e-01 dt=6.2823255380369737e-07
cycle=7771 time=1.5798406611668261e-01 dt=6.2785950343617952e-07
cycle=7772 time=1.5798469397618606e-01 dt=6.2748901276114887e-07
cycle=7773 time=1.5798532146519881e-01 dt=6.2712533084160831e-07
cycle=7774 time=1.5798594859052964e-01 dt=6.2677248371193818e-07
cycle=7775 time=1.5798657536301336e-01 dt=6.2645944875560169e-07
cycle=7776 time=1.5798720182246212e-01 dt=6.2618506787029361e-07
cycle=7777 time=1.5798782800753000e-01 dt=6.2594650340318994e-07
cycle=7778 time=1.5798845395403341e-01 dt=6.2574068390111344e-07
cycle=7779 time=1.5798907969471732e-01 dt=6.2556436088927891e-07
cycle=7780 time=1.5798970525907821e-01 dt=6.2541416298152261e-07
cycle=7781 time=1.5799033067324120e-01 dt=6.2528664674372883e-07
cycle=7782 time=1.5799095595988794e-01 dt=6.2517834933156362e-07
cycle=7783 time=1.5799158113823727e-01 dt=6.2508583707164166e-07
cycle=7784 time=1.5799220622407434e-01 dt=6.2500574977053798e-07
cycle=7785 time=1.5799283122982410e-01 dt=6.2493484126440696e-07
cycle=7786 time=1.5799345616466537e-01 dt=6.2487001564005103e-07
cycle=7787 time=1.5799408103468102e-01 dt=6.2480835909598977e-07
cycle=7788 time=1.5799470584304012e-01 dt=6.2474716729013052e-07
cycle=7789 time=1.5799533059020740e-01 dt=6.2468396791507404e-07
cycle=7790 time=1.5799595527417531e-01 dt=6.2461653871673840e-07
cycle=7791 time=1.5799657989071403e-01 dt=6.2454292061834936e-07
cycle=7792 time=1.5799720443363466e-01 dt=6.2446142630318936e-07
cycle=7793 time=1.5799782889506095e-01 dt=6.2437064433514143e-07
cycle=7794 time=1.5799845326570527e-01 dt=6.2426945383251146e-07
cycle=7795 time=1.5799907753515910e-01 dt=6.2415701113121621e-07
cycle=7796 time=1.5799970169217023e-01 dt=6.2403273290399075e-07
cycle=7797 time=1.5800032572490313e-01 dt=6.2389628501488379e-07
cycle=7798 time=1.5800094962118816e-01 dt=6.2374756837942240e-07
cycle=7799 time=1.5800157336875653e-01 dt=6.2358670203638545e-07
cycle=7800 time=1.5800219695545856e-01 dt=6.2341400379392177e-07
cycle=7801 time=1.5800282036946234e-01 dt=6.2322996949065537e-07
cycle=7802 time=1.5800344359943183e-01 dt=6.2303525127041006e-07
cycle=7803 time=1.5800406663468311e-01 dt=6.2283063469206821e-07
cycle=7804 time=1.5800468946531782e-01 dt=6.2261701552591743e-07
cycle=7805 time=1.5800531208233334e-01 dt=6.2239537644688105e-07
cycle=7806 time=1.5800593447770980e-01 dt=6.2216676397931173e-07
cycle=7807 time=1.5800655664447377e-01 dt=6.2193226609655283e-07
cycle=7808 time=1.5800717857673988e-01 dt=6.2169299422330712e-07
cycle=7809 time=1.5800780026973410e-01 dt=6.2145005902466994e-07
cycle=7810 time=1.5800842171979312e-01 dt=6.2120455177466888e-07
cycle=7811 time=1.5800904292434489e-01 dt=6.2095752753814867e-07
cycle=7812 time=1.5800966388187243e-01 dt=6.2070999018097597e-07
cycle=7813 time=1.5801028459186262e-01 dt=6.2046287941502439e-07
cycle=7814 time=1.5801090505474202e-01 dt=6.2021705993598216e-07
cycle=7815 time=1.5801152527180196e-01 dt=6.1997331265426917e-07
cycle=7816 time=1.5801214524511462e-01 dt=6.1973232800950724e-07
cycle=7817 time=1.5801276497744263e-01 dt=6.1949470132499860e-07
cycle=7818 time=1.5801338447214394e-01 dt=6.1926093010269384e-07
cycle=7819 time=1.5801400373307403e-01 dt=6.1903141321984184e-07
cycle=7820 time=1.5801462276448724e-01 dt=6.1880645160959152e-07
cycle=7821 time=1.5801524157093885e-01 dt=6.1858625084731806e-07
cycle=7822 time=1.5801586015718969e-01 dt=6.1837092501540940e-07
cycle=7823 time=1.5801647852811471e-01 dt=6.1816049868107413e-07
cycle=7824 time=1.5801709668861338e-01 dt=6.1795491253351395e-07
cycle=7825 time=1.5801771464352593e-01 dt=6.1775403529710259e-07
cycle=7826 time=1.5801833239756122e-01 dt=6.1755767140940279e-07
cycle=7827 time=1.5801894995523263e-01 dt=6.1736556905139758e-07
cycle=7828 time=1.5801956732080169e-01 dt=6.1717742845309927e-07
cycle=7829 time=1.5802018449823013e-01 dt=6.1699291034957017e-07
cycle=7830 time=1.5802080149114048e-01 dt=6.1681164445023196e-07
cycle=7831 time=1.5802141830278493e-01 dt=6.1663323776256240e-07
cycle=7832 time=1.5802203493602268e-01 dt=6.1645728264193428e-07
cycle=7833 time=1.5802265139330532e-01 dt=6.1628336444208030e-07
cycle=7834 time=1.5802326767666977e-01 dt=6.1611106877530581e-07
cycle=7835 time=1.5802388378773854e-01 dt=6.1593998818864663e-07
cycle=7836 time=1.5802449972772672e-01 dt=6.1576972822376269e-07
cycle=7837 time=1.5802511549745496e-01 dt=6.1559991281712027e-07
cycle=7838 time=1.5802573109736778e-01 dt=6.1543018900447752e-07
cycle=7839 time=1.5802634652755679e-01 dt=6.1526023090663623e-07
cycle=7840 time=1.5802696178778769e-01 dt=6.1508974259503789e-07
cycle=7841 time=1.5802757687753027e-01 dt=6.1491844326617494e-07
cycle=7842 time=1.5802819179597355e-01 dt=6.1474610262353109e-07
cycle=7843 time=1.5802880654207618e-01 dt=6.1457252659201757e-07
cycle=7844 time=1.5802942111460277e-01 dt=6.1439755783246517e-07
cycle=7845 time=1.5803003551216060e-01 dt=6.1422107560954374e-07
cycle=7846 time=1.5803064973323622e-01 dt=6.1404299508904516e-07
cycle=7847 time=1.5803126377623131e-01 dt=6.1386326491224993e-07
cycle=7848 time=1.5803187763949622e-01 dt=6.1368186772472480e-07
cycle=7849 time=1.5803249132136393e-01 dt=6.1349881712978088e-07
cycle=7850 time=1.5803310482018107e-01 dt=6.1331415496937744e-07
cycle=7851 time=1.5803371813433603e-01 dt=6.1312794865600114e-07
cycle=7852 time=1.5803433126228469e-01 dt=6.1294028866394965e-07
cycle=7853 time=1.5803494420257336e-01 dt=6.1275128494900171e-07
cycle=7854 time=1.5803555695385832e-01 dt=6.1256106366378051e-07
cycle=7855 time=1.5803616951492197e-01 dt=6.1236976390745367e-07
cycle=7856 time=1.5803678188468587e-01 dt=6.1217754129866127e-07
cycle=7857 time=1.5803739406222717e-01 dt=6.1198455581548098e-07
cycle=7858 time=1.5803800604678298e-01 dt=6.1179096872438402e-07
cycle=7859 time=1.5803861783775169e-01 dt=6.1159694205211806e-07
cycle=7860 time=1.5803922943469376e-01 dt=6.1140263597033830e-07
cycle=7861 time=1.5803984083732972e-01 dt=6.1120820636273792e-07
cycle=7862 time=1.5804045204553607e-01 dt=6.1101380262833935e-07
cycle=7863 time=1.5804106305933871e-01 dt=6.1081956573797234e-07
cycle=7864 time=1.5804167387890444e-01 dt=6.1062562654687488e-07
cycle=7865 time=1.5804228450453098e-01 dt=6.1043210448388928e-07
cycle=7866 time=1.5804289493663545e-01 dt=6.1023910645635020e-07
cycle=7867 time=1.5804350517574192e-01 dt=6.1004672604616316e-07
cycle=7868 time=1.5804411522246797e-01 dt=6.0985504306007968e-07
cycle=7869 time=1.5804472507751102e-01 dt=6.0966412325962930e-07
cycle=7870 time=1.5804533474163429e-01 dt=6.0947401832670096e-07
cycle=7871 time=1.5804594421565263e-01 dt=6.0928476606075338e-07
cycle=7872 time=1.5804655350041869e-01 dt=6.0909639078711866e-07
cycle=7873 time=1.5804716259680948e-01 dt=6.0890890395048405e-07
cycle=7874 time=1.5804777150571342e-01 dt=6.0872230483798209e-07
cycle=7875 time=1.5804838022801826e-01 dt=6.0853658147170186e-07
cycle=7876 time=1.5804898876459972e-01 dt=6.0835171162790005e-07
cycle=7877 time=1.5804959711631134e-01 dt=6.0816766394867951e-07
cycle=7878 time=1.5805020528397529e-01 dt=6.0798439912334715e-07
cycle=7879 time=1.5805081326837442e-01 dt=6.0780187111167371e-07
cycle=7880 time=1.5805142107024553e-01 dt=6.0762002837321493e-07
cycle=7881 time=1.5805202869027390e-01 dt=6.0743881508911664e-07
cycle=7882 time=1.5805263612908899e-01 dt=6.0725817236292777e-07
cycle=7883 time=1.5805324338726134e-01 dt=6.0707803939766486e-07
cycle=7884 time=1.5805385046530074e-01 dt=6.0689835461754856e-07
cycle=7885 time=1.5805445736365537e-01 dt=6.0671905672136019e-07
cycle=7886 time=1.5805506408271208e-01 dt=6.0654008565791460e-07
cycle=7887 time=1.5805567062279774e-01 dt=6.0636138356432641e-07
cycle=7888 time=1.5805627698418132e-01 dt=6.0618289548078184e-07
cycle=7889 time=1.5805688316707681e-01 dt=6.0600457005894657e-07
cycle=7890 time=1.5805748917164686e-01 dt=6.0582636012367369e-07
cycle=7891 time=1.5805809499800699e-01 dt=6.0564822311784175e-07
cycle=7892 time=1.5805870064623012e-01 dt=6.0547012143675941e-07
cycle=7893 time=1.5805930611635155e-01 dt=6.0529202267837918e-07
cycle=7894 time=1.5805991140837422e-01 dt=6.0511389980155845e-07
cycle=7895 time=1.5806051652227401e-01 dt=6.0493573118730793e-07
cycle=7896 time=1.5806112145800519e-01 dt=6.0475750076037248e-07
cycle=7897 time=1.5806172621550596e-01 dt=6.0457919915103416e-07
cycle=7898 time=1.5806233079470511e-01 dt=6.0440082176745833e-07
cycle=7899 time=1.5806293519552689e-01 dt=6.0422236855889162e-07
cycle=7900 time=1.5806353941789544e-01 dt=6.0404384361064031e-07
cycle=7901 time=1.5806414346173905e-01 dt=6.0386525436409342e-07
cycle=7902 time=1.5806474732699341e-01 dt=6.0368661191953544e-07
cycle=7903 time=1.5806535101360533e-01 dt=6.0350793052314236e-07
cycle=7904 time=1.5806595452153585e-01 dt=6.0332922713562812e-07
cycle=7905 time=1.5806655785076298e-01 dt=6.0315052087511397e-07
cycle=7906 time=1.5806716100128385e-01 dt=6.0297183261444763e-07
cycle=7907 time=1.5806776397311645e-01 dt=6.0279318459117566e-07
cycle=7908 time=1.5806836676630104e-01 dt=6.0261460000638332e-07
cycle=7909 time=1.5806896938090104e-01 dt=6.0243610262853819e-07
cycle=7910 time=1.5806957181700365e-01 dt=6.0225771641525236e-07
cycle=7911 time=1.5807017407472007e-01 dt=6.0207946516272177e-07
cycle=7912 time=1.5807077615418524e-01 dt=6.0190137227417727e-07
cycle=7913 time=1.5807137805555752e-01 dt=6.0172346121936764e-07
cycle=7914 time=1.5807197977901874e-01 dt=6.0154575868024014e-07
cycle=7915 time=1.5807258132477742e-01 dt=6.0136828564592024e-07
cycle=7916 time=1.5807318269306306e-01 dt=6.0119106104140968e-07
cycle=7917 time=1.5807378388412410e-01 dt=6.0101410156319756e-07
cycle=7918 time=1.5807438489822567e-01 dt=6.0083742156626613e-07
cycle=7919 time=1.5807498573564724e-01 dt=6.0066103288149821e-07
cycle=7920 time=1.5807558639668012e-01 dt=6.0048494498137177e-07
cycle=7921 time=1.5807618688162511e-01 dt=6.0030916514916843e-07
cycle=7922 time=1.5807678719079027e-01 dt=6.0013369869947984e-07
cycle=7923 time=1.5807738732448898e-01 dt=5.9995854901550723e-07
cycle=7924 time=1.5807798728303799e-01 dt=5.9978371752948260e-07
cycle=7925 time=1.5807858706675551e-01 dt=5.9960920486798069e-07
cycle=7926 time=1.5807918667596038e-01 dt=5.9943501266225471e-07
cycle=7927 time=1.5807978611097304e-01 dt=5.9926113712384339e-07
cycle=7928 time=1.5808038537211017e-01 dt=5.9908757123502912e-07
cycle=7929 time=1.5808098445968141e-01 dt=5.9891430768938785e-07
cycle=7930 time=1.5808158337398909e-01 dt=5.9874133748216356e-07
cycle=7931 time=1.5808218211532657e-01 dt=5.9856865091548048e-07
cycle=7932 time=1.5808278068397749e-01 dt=5.9839623785856823e-07
cycle=7933 time=1.5808337908021536e-01 dt=5.9822408795578337e-07
cycle=7934 time=1.5808397730430332e-01 dt=5.9805219080584982e-07
cycle=7935 time=1.5808457535649412e-01 dt=5.9788053580522916e-07
cycle=7936 time=1.5808517323702992e-01 dt=5.9770911259948749e-07
cycle=7937 time=1.5808577094614251e-01 dt=5.9753791139756612e-07
cycle=7938 time=1.5808636848405391e-01 dt=5.9736692277204339e-07
cycle=7939 time=1.5808696585097667e-01 dt=5.9719613831853081e-07
cycle=7940 time=1.5808756304711499e-01 dt=5.9702555041649700e-07
cycle=7941 time=1.5808816007266541e-01 dt=5.9685515225520277e-07
cycle=7942 time=1.5808875692781765e-01 dt=5.9668493787499820e-07
cycle=7943 time=1.5808935361275553e-01 dt=5.9651490219925982e-07
cycle=7944 time=1.5808995012765772e-01 dt=5.9634504105439341e-07
cycle=7945 time=1.5809054647269877e-01 dt=5.9617535118606016e-07
cycle=7946 time=1.5809114264804996e-01 dt=5.9600583026581817e-07
cycle=7947 time=1.5809173865388024e-01 dt=5.9583647688249467e-07
cycle=7948 time=1.5809233449035712e-01 dt=5.9566729065423671e-07
cycle=7949 time=1.5809293015764778e-01 dt=5.9549827212423605e-07
cycle=7950 time=1.5809352565591991e-01 dt=5.9532942265058477e-07
cycle=7951 time=1.5809412098534256e-01 dt=5.9516074428698592e-07
cycle=7952 time=1.5809471614608686e-01 dt=5.9499223977520109e-07
cycle=7953 time=1.5809531113832664e-01 dt=5.9482391365379321e-07
cycle=7954 time=1.5809590596224030e-01 dt=5.9465576908913863e-07
cycle=7955 time=1.5809650061800939e-01 dt=5.9448780932429960e-07
cycle=7956 time=1.5809709510581871e-01 dt=5.9432003777187933e-07
cycle=7957 time=1.5809768942585647e-01 dt=5.9415245765310918e-07
cycle=7958 time=1.5809828357831412e-01 dt=5.9398507176443252e-07
cycle=7959 time=1.5809887756338589e-01 dt=5.9381788070071541e-07
cycle=7960 time=1.5809947138126659e-01 dt=5.9365088334496756e-07
cycle=7961 time=1.5810006503214993e-01 dt=5.9348407722052319e-07
cycle=7962 time=1.5810065851622715e-01 dt=5.9331745884036914e-07
cycle=7963 time=1.5810125183368598e-01 dt=5.9315101960442310e-07
cycle=7964 time=1.5810184498470559e-01 dt=5.9298475583955486e-07
cycle=7965 time=1.5810243796946141e-01 dt=5.9281866363539129e-07
cycle=7966 time=1.5810303078812504e-01 dt=5.9265273883560492e-07
cycle=7967 time=1.5810362344086387e-01 dt=5.9248697718009003e-07
cycle=7968 time=1.5810421592784105e-01 dt=5.9232137490755626e-07
cycle=7969 time=1.5810480824921597e-01 dt=5.9215592887463958e-07
cycle=7970 time=1.5810540040514484e-01 dt=5.9199063659781470e-07
cycle=7971 time=1.5810599239578144e-01 dt=5.9182549632041620e-07
cycle=7972 time=1.5810658422127777e-01 dt=5.9166050965885620e-07
cycle=7973 time=1.5810717588178744e-01 dt=5.9149567588822189e-07
cycle=7974 time=1.5810776737746332e-01 dt=5.9133099490725428e-07
cycle=7975 time=1.5810835870845824e-01 dt=5.9116646721071984e-07
cycle=7976 time=1.5810894987492546e-01 dt=5.9100208036756334e-07
cycle=7977 time=1.5810954087700582e-01 dt=5.9083757087629469e-07
cycle=7978 time=1.5811013171457669e-01 dt=5.9067296220914194e-07
cycle=7979 time=1.5811072238753890e-01 dt=5.9050828007565801e-07
cycle=7980 time=1.5811131289581898e-01 dt=5.9034355194499887e-07
cycle=7981 time=1.5811190323937091e-01 dt=5.9017880748992986e-07
cycle=7982 time=1.5811249341817840e-01 dt=5.9001407817706493e-07
cycle=7983 time=1.5811308343225658e-01 dt=5.8984939652031379e-07
cycle=7984 time=1.5811367328165310e-01 dt=5.8968479556965067e-07
cycle=7985 time=1.5811426296644868e-01 dt=5.8952030828715138e-07
cycle=7986 time=1.5811485248675697e-01 dt=5.8935596682417583e-07
cycle=7987 time=1.5811544184272380e-01 dt=5.8919180251761974e-07
cycle=7988 time=1.5811603103452632e-01 dt=5.8902784505388611e-07
cycle=7989 time=1.5811662006237137e-01 dt=5.8886412202082046e-07
cycle=7990 time=1.5811720892649339e-01 dt=5.8870065854400450e-07
cycle=7991 time=1.5811779762715195e-01 dt=5.8853747703054185e-07
cycle=7992 time=1.5811838616462898e-01 dt=5.8837459698894783e-07
cycle=7993 time=1.5811897453922596e-01 dt=5.8821203492007013e-07
cycle=7994 time=1.5811956275126088e-01 dt=5.8804980426744828e-07
cycle=7995 time=1.5812015080106515e-01 dt=5.8788791541796546e-07
cycle=7996 time=1.5812073868898055e-01 dt=5.8772637574005699e-07
cycle=7997 time=1.5812132641535628e-01 dt=5.8756519013927332e-07
cycle=7998 time=1.5812191398054642e-01 dt=5.8740436098586325e-07
cycle=7999 time=1.5812250138490741e-01 dt=5.8724388821864475e-07
cycle=8000 time=1.5812308862879562e-01 dt=5.8708376938801325e-07
cycle=8001 time=1.5812367571256500e-01 dt=5.8692399962754021e-07
cycle=8002 time=1.5812426263656462e-01 dt=5.8676457211959624e-07
cycle=8003 time=1.5812484940113675e-01 dt=5.8660547831352966e-07
cycle=8004 time=1.5812543600661505e-01 dt=5.8644671149711458e-07
cycle=8005 time=1.5812602245332655e-01 dt=5.8628826379854094e-07
cycle=8006 time=1.5812660874159035e-01 dt=5.8613012547574452e-07
cycle=8007 time=1.5812719487171581e-01 dt=5.8597228533154270e-07
cycle=8008 time=1.5812778084400114e-01 dt=5.8581473088307010e-07
cycle=8009 time=1.5812836665873203e-01 dt=5.8565744885551426e-07
cycle=8010 time=1.5812895231618088e-01 dt=5.8550042553370085e-07
cycle=8011 time=1.5812953781660641e-01 dt=5.8534364704244659e-07
cycle=8012 time=1.5813012316025346e-01 dt=5.8518709958251634e-07
cycle=8013 time=1.5813070834735304e-01 dt=5.8503076964530710e-07
cycle=8014 time=1.5813129337812268e-01 dt=5.8487464447627777e-07
cycle=8015 time=1.5813187825276714e-01 dt=5.8471871229488329e-07
cycle=8016 time=1.5813246297147943e-01 dt=5.8456296253438958e-07
cycle=8017 time=1.5813304753444196e-01 dt=5.8440738598665063e-07
cycle=8018 time=1.5813363194182795e-01 dt=5.8425197412356847e-07
cycle=8019 time=1.5813421619380208e-01 dt=5.8409671892303774e-07
cycle=8020 time=1.5813480029052102e-01 dt=5.8394161348265780e-07
cycle=8021 time=1.5813538423213450e-01 dt=5.8378665222343109e-07
cycle=8022 time=1.5813596801878671e-01 dt=5.8363183079675017e-07
cycle=8023 time=1.5813655165061752e-01 dt=5.8347714525488333e-07
cycle=8024 time=1.5813713512776278e-01 dt=5.8332259320888975e-07
cycle=8025 time=1.5813771845035599e-01 dt=5.8316817401303133e-07
cycle=8026 time=1.5813830161852999e-01 dt=5.8301389797641742e-07
cycle=8027 time=1.5813888463242795e-01 dt=5.8285994518487503e-07
cycle=8028 time=1.5813946749237315e-01 dt=5.8270648080842714e-07
cycle=8029 time=1.5814005019885397e-01 dt=5.8255365589374338e-07
cycle=8030 time=1.5814063275250986e-01 dt=5.8240157999094727e-07
cycle=8031 time=1.5814121515408985e-01 dt=5.8225031510886416e-07
cycle=8032 time=1.5814179740440495e-01 dt=5.8209987838871272e-07
cycle=8033 time=1.5814237950428334e-01 dt=5.8195024724075793e-07
cycle=8034 time=1.5814296145453058e-01 dt=5.8180136455694413e-07
cycle=8035 time=1.5814354325589514e-01 dt=5.8165314392686627e-07
cycle=8036 time=1.5814412490903906e-01 dt=5.8150547478635925e-07
cycle=8037 time=1.5814470641451384e-01 dt=5.8135822744531724e-07
cycle=8038 time=1.5814528777274128e-01 dt=5.8121125793745997e-07
cycle=8039 time=1.5814586898399921e-01 dt=5.8106441264029190e-07
cycle=8040 time=1.5814645004841185e-01 dt=5.8091753261904703e-07
cycle=8041 time=1.5814703096594446e-01 dt=5.8077045765381636e-07
cycle=8042 time=1.5814761173640210e-01 dt=5.8062302991976692e-07
cycle=8043 time=1.5814819235943203e-01 dt=5.8047509727943624e-07
cycle=8044 time=1.5814877283452930e-01 dt=5.8032651965447042e-07
cycle=8045 time=1.5814935316104894e-01 dt=5.8017716955105661e-07
cycle=8046 time=1.5814993333821850e-01 dt=5.8002693546933877e-07
cycle=8047 time=1.5815051336515398e-01 dt=5.7987584670905085e-07
cycle=8048 time=1.5815109324100068e-01 dt=5.7972401939576156e-07
cycle=8049 time=1.5815167296502008e-01 dt=5.7957157414986579e-07
cycle=8050 time=1.5815225253659423e-01 dt=5.7941863129885540e-07
cycle=8051 time=1.5815283195522553e-01 dt=5.7926530644888452e-07
cycle=8052 time=1.5815341122053198e-01 dt=5.7911171513644963e-07
cycle=8053 time=1.5815399033224711e-01 dt=5.7895797101533372e-07
cycle=8054 time=1.5815456929021812e-01 dt=5.7880418417308346e-07
cycle=8055 time=1.5815514809440229e-01 dt=5.7865046028427351e-07
cycle=8056 time=1.5815572674486258e-01 dt=5.7849690000790645e-07
cycle=8057 time=1.5815630524176258e-01 dt=5.7834359791312979e-07
cycle=8058 time=1.5815688358536048e-01 dt=5.7819064149242616e-07
cycle=8059 time=1.5815746177600198e-01 dt=5.7803811109274586e-07
cycle=8060 time=1.5815803981411308e-01 dt=5.7788607682556384e-07
cycle=8061 time=1.5815861770018991e-01 dt=5.7773459802833667e-07
cycle=8062 time=1.5815919543478793e-01 dt=5.7758372304453659e-07
cycle=8063 time=1.5815977301851097e-01 dt=5.7743348919814769e-07
cycle=8064 time=1.5816035045200016e-01 dt=5.7728392292078535e-07
cycle=8065 time=1.5816092773592308e-01 dt=5.7713504007032449e-07
cycle=8066 time=1.5816150487096314e-01 dt=5.7698684638682531e-07
cycle=8067 time=1.5816208185780953e-01 dt=5.7683933808983568e-07
cycle=8068 time=1.5816265869714763e-01 dt=5.7669250257507198e-07
cycle=8069 time=1.5816323538965021e-01 dt=5.7654631916852758e-07
cycle=8070 time=1.5816381193596937e-01 dt=5.7640075998474992e-07
cycle=8071 time=1.5816438833672936e-01 dt=5.7625579084776269e-07
cycle=8072 time=1.5816496459252019e-01 dt=5.7611137227332222e-07
cycle=8073 time=1.5816554070389247e-01 dt=5.7596746041547039e-07
cycle=8074 time=1.5816611667135289e-01 dt=5.7582400794261522e-07
cycle=8075 time=1.5816669249536083e-01 dt=5.7568096486733350e-07
cycle=8076 time=1.5816726817632570e-01 dt=5.7553827999183258e-07
cycle=8077 time=1.5816784371460568e-01 dt=5.7539590149092736e-07
cycle=8078 time=1.5816841911050716e-01 dt=5.7525377777344787e-07
cycle=8079 time=1.5816899436428494e-01 dt=5.7511185828530604e-07
cycle=8080 time=1.5816956947614322e-01 dt=5.7497009423368659e-07
cycle=8081 time=1.5817014444623745e-01 dt=5.7482843923247435e-07
cycle=8082 time=1.5817071927467669e-01 dt=5.7468684987442665e-07
cycle=8083 time=1.5817129396152657e-01 dt=5.7454528621480090e-07
cycle=8084 time=1.5817186850681278e-01 dt=5.7440371216547633e-07
cycle=8085 time=1.5817244291052496e-01 dt=5.7426209625011368e-07
cycle=8086 time=1.5817301717262119e-01 dt=5.7412041147146136e-07
cycle=8087 time=1.5817359129303266e-01 dt=5.7397863545493412e-07
cycle=8088 time=1.5817416527166811e-01 dt=5.7383675049624772e-07
cycle=8089 time=1.5817473910841862e-01 dt=5.7369474353506256e-07
cycle=8090 time=1.5817531280316216e-01 dt=5.7355260606021073e-07
cycle=8091 time=1.5817588635576821e-01 dt=5.7341033393917434e-07
cycle=8092 time=1.5817645976610215e-01 dt=5.7326792719913384e-07
cycle=8093 time=1.5817703303402936e-01 dt=5.7312538976635534e-07
cycle=8094 time=1.5817760615941912e-01 dt=5.7298272915585744e-07
cycle=8095 time=1.5817817914214827e-01 dt=5.7283995610971071e-07
cycle=8096 time=1.5817875198210438e-01 dt=5.7269708422769172e-07
cycle=8097 time=1.5817932467918860e-01 dt=5.7255412958213903e-07
cycle=8098 time=1.5817989723331818e-01 dt=5.7241111040197662e-07
cycle=8099 time=1.5818046964442858e-01 dt=5.7226804674222599e-07
cycle=8100 time=1.5818104191247534e-01 dt=5.7212496001706359e-07
cycle=8101 time=1.5818161403743536e-01 dt=5.7198187261696448e-07
cycle=8102 time=1.5818218601930797e-01 dt=5.7183880753316217e-07
cycle=8103 time=1.5818275785811550e-01 dt=5.7169578799233111e-07
cycle=8104 time=1.5818332955390349e-01 dt=5.7155283711530985e-07
cycle=8105 time=1.5818390110674060e-01 dt=5.7140997756431032e-07
cycle=8106 time=1.5818447251671816e-01 dt=5.7126723123260834e-07
cycle=8107 time=1.5818504378394940e-01 dt=5.7112461784155758e-07
cycle=8108 time=1.5818561490856725e-01 dt=5.7098215522975057e-07
cycle=8109 time=1.5818618589072247e-01 dt=5.7083986247339832e-07
cycle=8110 time=1.5818675673058494e-01 dt=5.7069775686178160e-07
cycle=8111 time=1.5818732742834180e-01 dt=5.7055585385522231e-07
cycle=8112 time=1.5818789798419566e-01 dt=5.7041416675551242e-07
cycle=8113 time=1.5818846839836243e-01 dt=5.7027270670197565e-07
cycle=8114 time=1.5818903867106912e-01 dt=5.7013148277378293e-07
cycle=8115 time=1.5818960880255190e-01 dt=5.6999050199461055e-07
cycle=8116 time=1.5819017879305389e-01 dt=5.6984976936008095e-07
cycle=8117 time=1.5819074864282326e-01 dt=5.6970928788804760e-07
cycle=8118 time=1.5819131835211114e-01 dt=5.6956905867959011e-07
cycle=8119 time=1.5819188792116981e-01 dt=5.6942908094092076e-07
cycle=8120 time=1.5819245735025075e-01 dt=5.6928935208474894e-07
cycle=8121 time=1.5819302663960283e-01 dt=5.6914986774713307e-07
cycle=8122 time=1.5819359578947056e-01 dt=5.6901062139241158e-07
cycle=8123 time=1.5819416480009196e-01 dt=5.6887160530713773e-07
cycle=8124 time=1.5819473367169726e-01 dt=5.6873280986860366e-07
cycle=8125 time=1.5819530240450713e-01 dt=5.6859421897126593e-07
cycle=8126 time=1.5819587099872609e-01 dt=5.6845581734776342e-07
cycle=8127 time=1.5819643945454342e-01 dt=5.6831759075179795e-07
cycle=8128 time=1.5819700777213419e-01 dt=5.6817952611766142e-07
cycle=8129 time=1.5819757595166031e-01 dt=5.6804161178544229e-07
cycle=8130 time=1.5819814399327209e-01 dt=5.6790383744566992e-07
cycle=8131 time=1.5819871189710955e-01 dt=5.6776619432195285e-07
cycle=8132 time=1.5819927966330385e-01 dt=5.6762867524138228e-07
cycle=8133 time=1.5819984729197908e-01 dt=5.6749127467636711e-07
cycle=8134 time=1.5820041478325375e-01 dt=5.6735398876027213e-07
cycle=8135 time=1.5820098213724251e-01 dt=5.6721681524360578e-07
cycle=8136 time=1.5820154935405775e-01 dt=5.6707975337830723e-07
cycle=8137 time=1.5820211643381113e-01 dt=5.6694280344346513e-07
cycle=8138 time=1.5820268337661458e-01 dt=5.6680596596603955e-07
cycle=8139 time=1.5820325018258055e-01 dt=5.6666924278641327e-07
cycle=8140 time=1.5820381685182333e-01 dt=5.6653263699825841e-07
cycle=8141 time=1.5820438338446033e-01 dt=5.6639615176183647e-07
cycle=8142 time=1.5820494978061209e-01 dt=5.6625979173866315e-07
cycle=8143 time=1.5820551604040384e-01 dt=5.6612356395900255e-07
cycle=8144 time=1.5820608216396781e-01 dt=5.6598747602907764e-07
cycle=8145 time=1.5820664815144383e-01 dt=5.6585153001475425e-07
cycle=8146 time=1.5820721400297386e-01 dt=5.6571570994038557e-07
cycle=8147 time=1.5820777971868380e-01 dt=5.6557998689373238e-07
cycle=8148 time=1.5820834529867070e-01 dt=5.6544431403142010e-07
cycle=8149 time=1.5820891074298474e-01 dt=5.6530863101738004e-07
cycle=8150 time=1.5820947605161575e-01 dt=5.6517287626196630e-07
cycle=8151 time=1.5821004122449200e-01 dt=5.6503699666873679e-07
cycle=8152 time=1.5821060626148867e-01 dt=5.6490095447612056e-07
cycle=8153 time=1.5821117116244315e-01 dt=5.6476473180510274e-07
cycle=8154 time=1.5821173592717497e-01 dt=5.6462833350900649e-07
cycle=8155 time=1.5821230055550847e-01 dt=5.6449178838600109e-07
cycle=8156 time=1.5821286504729687e-01 dt=5.6435514908336285e-07
cycle=8157 time=1.5821342940244595e-01 dt=5.6421849084525257e-07
cycle=8158 time=1.5821399362093680e-01 dt=5.6408190938304137e-07
cycle=8159 time=1.5821455770284618e-01 dt=5.6394551794690677e-07
cycle=8160 time=1.5821512164836413e-01 dt=5.6380944383928488e-07
cycle=8161 time=1.5821568545780795e-01 dt=5.6367382628967312e-07
cycle=8162 time=1.5821624913163423e-01 dt=5.6353882020653256e-07
cycle=8163 time=1.5821681267045445e-01 dt=5.6340459409689593e-07
cycle=8164 time=1.5821737607504854e-01 dt=5.6327131974803016e-07
cycle=8165 time=1.5821793934636830e-01 dt=5.6313916414026700e-07
cycle=8166 time=1.5821850248553243e-01 dt=5.6300828188103245e-07
cycle=8167 time=1.5821906549381431e-01 dt=5.6287880937057378e-07
cycle=8168 time=1.5821962837262368e-01 dt=5.6275085981875981e-07
cycle=8169 time=1.5822019112348351e-01 dt=5.6262451970750949e-07
cycle=8170 time=1.5822075374800321e-01 dt=5.6249984631471402e-07
cycle=8171 time=1.5822131624784952e-01 dt=5.6237686674721207e-07
cycle=8172 time=1.5822187862471626e-01 dt=5.6225557770144228e-07
cycle=8173 time=1.5822244088029397e-01 dt=5.6213594618622923e-07
cycle=8174 time=1.5822300301624015e-01 dt=5.6201791100977597e-07
cycle=8175 time=1.5822356503415116e-01 dt=5.6190138831814783e-07
cycle=8176 time=1.5822412693553947e-01 dt=5.6178628504038958e-07
cycle=8177 time=1.5822468872182452e-01 dt=5.6167250598876703e-07
cycle=8178 time=1.5822525039433050e-01 dt=5.6155995020918382e-07
cycle=8179 time=1.5822581195428070e-01 dt=5.6144850813883678e-07
cycle=8180 time=1.5822637340278883e-01 dt=5.6133805942914408e-07
cycle=8181 time=1.5822693474084826e-01 dt=5.6122847241033068e-07
cycle=8182 time=1.5822749596932068e-01 dt=5.6111960421647926e-07
cycle=8183 time=1.5822805708892490e-01 dt=5.6101129604286930e-07
cycle=8184 time=1.5822861810022093e-01 dt=5.6090336319485752e-07
cycle=8185 time=1.5822917900358413e-01 dt=5.6079560053481609e-07
cycle=8186 time=1.5822973979918467e-01 dt=5.6068779033332954e-07
cycle=8187 time=1.5823030048697501e-01 dt=5.6057970942189987e-07
cycle=8188 time=1.5823086106668444e-01 dt=5.6047113562766357e-07
cycle=8189 time=1.5823142153782008e-01 dt=5.6036185346737528e-07
cycle=8190 time=1.5823198189967355e-01 dt=5.6025165909653850e-07
cycle=8191 time=1.5823254215133264e-01 dt=5.6014036452047722e-07
cycle=8192 time=1.5823310229169715e-01 dt=5.6002780107987911e-07
cycle=8193 time=1.5823366231949823e-01 dt=5.5991382223837104e-07
cycle=8194 time=1.5823422223332048e-01 dt=5.5979830567647790e-07
cycle=8195 time=1.5823478203162616e-01 dt=5.5968115473356478e-07
cycle=8196 time=1.5823534171278089e-01 dt=5.5956229925136935e-07
cycle=8197 time=1.5823590127508014e-01 dt=5.5944169585318563e-07
cycle=8198 time=1.5823646071677600e-01 dt=5.5931932767741291e-07
cycle=8199 time=1.5823702003610368e-01 dt=5.5919511464245844e-07
cycle=8200 time=1.5823757923121831e-01 dt=5.5906904447399288e-07
cycle=8201 time=1.5823813830026279e-01 dt=5.5894117364910138e-07
cycle=8202 time=1.5823869724143644e-01 dt=5.5881161432776283e-07
cycle=8203 time=1.5823925605305075e-01 dt=5.5868052239604392e-07
cycle=8204 time=1.5823981473357315e-01 dt=5.5854808660389815e-07
cycle=8205 time=1.5824037328165977e-01 dt=5.5841451840373705e-07
cycle=8206 time=1.5824093169617817e-01 dt=5.5828004371264539e-07
cycle=8207 time=1.5824148997622189e-01 dt=5.5814479964710849e-07
cycle=8208 time=1.5824204812102155e-01 dt=5.5800895767865898e-07
cycle=8209 time=1.5824260612997923e-01 dt=5.5787273548019957e-07
cycle=8210 time=1.5824316400271471e-01 dt=5.5773638505273832e-07
cycle=8211 time=1.5824372173909976e-01 dt=5.5760019057876408e-07
cycle=8212 time=1.5824427933929033e-01 dt=5.5746445468919193e-07
cycle=8213 time=1.5824483680374501e-01 dt=5.5732947927992569e-07
cycle=8214 time=1.5824539413322430e-01 dt=5.5719554969576937e-07
cycle=8215 time=1.5824595132877400e-01 dt=5.5706292084273965e-07
cycle=8216 time=1.5824650839169485e-01 dt=5.5693180836608678e-07
cycle=8217 time=1.5824706532350322e-01 dt=5.5680238271103913e-07
cycle=8218 time=1.5824762212588592e-01 dt=5.5667476544503402e-07
cycle=8219 time=1.5824817880065137e-01 dt=5.5654902769945710e-07
cycle=8220 time=1.5824873534967906e-01 dt=5.5642519045157283e-07
cycle=8221 time=1.5824929177486952e-01 dt=5.5630322629373348e-07
cycle=8222 time=1.5824984807809581e-01 dt=5.5618306196569923e-07
cycle=8223 time=1.5825040426115777e-01 dt=5.5606458273168105e-07
cycle=8224 time=1.5825096032574051e-01 dt=5.5594763723896213e-07
cycle=8225 time=1.5825151627337775e-01 dt=5.5583204295151405e-07
cycle=8226 time=1.5825207210542069e-01 dt=5.5571759198777276e-07
cycle=8227 time=1.5825262782301269e-01 dt=5.5560405717307808e-07
cycle=8228 time=1.5825318342706987e-01 dt=5.5549119816283664e-07
cycle=8229 time=1.5825373891826802e-01 dt=5.5537876745221095e-07
cycle=8230 time=1.5825429429703547e-01 dt=5.5526651619614581e-07
cycle=8231 time=1.5825484956355165e-01 dt=5.5515420086480887e-07
cycle=8232 time=1.5825540471775251e-01 dt=5.5504158717483698e-07
cycle=8233 time=1.5825595975933968e-01 dt=5.5492845455449822e-07
cycle=8234 time=1.5825651468779423e-01 dt=5.5481460267842034e-07
cycle=8235 time=1.5825706950239690e-01 dt=5.5469985399010195e-07
cycle=8236 time=1.5825762420225090e-01 dt=5.5458405401355890e-07
cycle=8237 time=1.5825817878630491e-01 dt=5.5446707390143389e-07
cycle=8238 time=1.5825873325337880e-01 dt=5.5434881237126647e-07
cycle=8239 time=1.5825928760219118e-01 dt=5.5422919701592015e-07
cycle=8240 time=1.5825984183138819e-01 dt=5.5410818496705631e-07
cycle=8241 time=1.5826039593957317e-01 dt=5.5398576294935456e-07
cycle=8242 time=1.5826094992533613e-01 dt=5.5386194676180007e-07
cycle=8243 time=1.5826150378728288e-01 dt=5.5373678022829592e-07
cycle=8244 time=1.5826205752406311e-01 dt=5.5361033360344309e-07
cycle=8245 time=1.5826261113439671e-01 dt=5.5348270184110489e-07
cycle=8246 time=1.5826316461709855e-01 dt=5.5335400281868220e-07
cycle=8247 time=1.5826371797110136e-01 dt=5.5322437525180909e-07
cycle=8248 time=1.5826427119547662e-01 dt=5.5309397617203494e-07
cycle=8249 time=1.5826482428945279e-01 dt=5.5296297811257195e-07
cycle=8250 time=1.5826537725243089e-01 dt=5.5283156603503717e-07
cycle=8251 time=1.5826593008399692e-01 dt=5.5269993411664479e-07
cycle=8252 time=1.5826648278393105e-01 dt=5.5256828614242664e-07
cycle=8253 time=1.5826703535221720e-01 dt=5.5243685855212707e-07
cycle=8254 time=1.5826758778907576e-01 dt=5.5230584889186346e-07
cycle=8255 time=1.5826814009492465e-01 dt=5.5217544613851250e-07
cycle=8256 time=1.5826869227037080e-01 dt=5.5204583214041307e-07
cycle=8257 time=1.5826924431620293e-01 dt=5.5191717826718851e-07
cycle=8258 time=1.5826979623338119e-01 dt=5.5178964278442998e-07
cycle=8259 time=1.5827034802302398e-01 dt=5.5166336872869466e-07
cycle=8260 time=1.5827089968639271e-01 dt=5.5153848210077614e-07
cycle=8261 time=1.5827145122487482e-01 dt=5.5141520192291472e-07
cycle=8262 time=1.5827200264007674e-01 dt=5.5129371826105534e-07
cycle=8263 time=1.5827255393379500e-01 dt=5.5117416024434400e-07
cycle=8264 time=1.5827310510795525e-01 dt=5.5105660126854663e-07
cycle=8265 time=1.5827365616455652e-01 dt=5.5094106455864595e-07
cycle=8266 time=1.5827420710562107e-01 dt=5.5082752875475283e-07
cycle=8267 time=1.5827475793314982e-01 dt=5.5071593359138227e-07
cycle=8268 time=1.5827530864908340e-01 dt=5.5060618524675908e-07
cycle=8269 time=1.5827585925526866e-01 dt=5.5049816181597898e-07
cycle=8270 time=1.5827640975343046e-01 dt=5.5039171861657400e-07
cycle=8271 time=1.5827696014514908e-01 dt=5.5028669328267348e-07
cycle=8272 time=1.5827751043184238e-01 dt=5.5018291063553347e-07
cycle=8273 time=1.5827806061475302e-01 dt=5.5008018268769010e-07
cycle=8274 time=1.5827861069493571e-01 dt=5.4997830441090764e-07
cycle=8275 time=1.5827916067324010e-01 dt=5.4987706026427092e-07
cycle=8276 time=1.5827971055030038e-01 dt=5.4977623243800156e-07
cycle=8277 time=1.5828026032653281e-01 dt=5.4967560817101387e-07
cycle=8278 time=1.5828081000214098e-01 dt=5.4957498695418971e-07
cycle=8279 time=1.5828135957712794e-01 dt=5.4947419316630610e-07
cycle=8280 time=1.5828190905132111e-01 dt=5.4937306955252024e-07
cycle=8281 time=1.5828245842439068e-01 dt=5.4927147989876142e-07
cycle=8282 time=1.5828300769587059e-01 dt=5.4916931086785188e-07
cycle=8283 time=1.5828355686518145e-01 dt=5.4906647304910652e-07
cycle=8284 time=1.5828410593165448e-01 dt=5.4896290105963583e-07
cycle=8285 time=1.5828465489455554e-01 dt=5.4885855291544721e-07
cycle=8286 time=1.5828520375310845e-01 dt=5.4875340894258876e-07
cycle=8287 time=1.5828575250651739e-01 dt=5.4864747030529075e-07
cycle=8288 time=1.5828630115398770e-01 dt=5.4854075719643833e-07
cycle=8289 time=1.5828684969474491e-01 dt=5.4843330690795073e-07
cycle=8290 time=1.5828739812805181e-01 dt=5.4832517179647635e-07
cycle=8291 time=1.5828794645322361e-01 dt=5.4821641860896422e-07
cycle=8292 time=1.5828849466964223e-01 dt=5.4810712207394660e-07
cycle=8293 time=1.5828904277676431e-01 dt=5.4799736136110576e-07
cycle=8294 time=1.5828959077412566e-01 dt=5.4788749334827203e-07
cycle=8295 time=1.5829013866161901e-01 dt=5.4777784589636602e-07
cycle=8296 time=1.5829068643946489e-01 dt=5.4766863341649404e-07
cycle=8297 time=1.5829123410809831e-01 dt=5.4755997741603721e-07
cycle=8298 time=1.5829178166807573e-01 dt=5.4745208066342603e-07
cycle=8299 time=1.5829232912015639e-01 dt=5.4734510745348373e-07
cycle=8300 time=1.5829287646526385e-01 dt=5.4723918560908644e-07
cycle=8301 time=1.5829342370444946e-01 dt=5.4713440952749814e-07
cycle=8302 time=1.5829397083885899e-01 dt=5.4703078814937182e-07
cycle=8303 time=1.5829451786964713e-01 dt=5.4692830271919246e-07
cycle=8304 time=1.5829506479794986e-01 dt=5.4682693736190498e-07
cycle=8305 time=1.5829561162488723e-01 dt=5.4672667605495771e-07
cycle=8306 time=1.5829615835156327e-01 dt=5.4662750012020742e-07
cycle=8307 time=1.5829670497906340e-01 dt=5.4652938621999749e-07
cycle=8308 time=1.5829725150844962e-01 dt=5.4643230628917488e-07
cycle=8309 time=1.5829779794075591e-01 dt=5.4633618619027604e-07
cycle=8310 time=1.5829834427694209e-01 dt=5.4624090994955402e-07
cycle=8311 time=1.5829889051785204e-01 dt=5.4614635707304248e-07
cycle=8312 time=1.5829943666420912e-01 dt=5.4605240321774420e-07
cycle=8313 time=1.5829998271661233e-01 dt=5.4595892096190004e-07
cycle=8314 time=1.5830052867553329e-01 dt=5.4586578064921274e-07
cycle=8315 time=1.5830107454131395e-01 dt=5.4577285156378154e-07
cycle=8316 time=1.5830162031416550e-01 dt=5.4568000373842788e-07
cycle=8317 time=1.5830216599416924e-01 dt=5.4558710872790787e-07
cycle=8318 time=1.5830271158127798e-01 dt=5.4549403468494268e-07
cycle=8319 time=1.5830325707531268e-01 dt=5.4540064553162235e-07
cycle=8320 time=1.5830380247595821e-01 dt=5.4530680742476523e-07
cycle=8321 time=1.5830434778276564e-01 dt=5.4521238904122587e-07
cycle=8322 time=1.5830489299515468e-01 dt=5.4511731207438473e-07
cycle=8323 time=1.5830543811246675e-01 dt=5.4502154160361534e-07
cycle=8324 time=1.5830598313400834e-01 dt=5.4492508302638762e-07
cycle=8325 time=1.5830652805909137e-01 dt=5.4482798571031837e-07
cycle=8326 time=1.5830707288707707e-01 dt=5.4473033899699080e-07
cycle=8327 time=1.5830761761741607e-01 dt=5.4463225612593670e-07
cycle=8328 time=1.5830816224967220e-01 dt=5.4453386755910757e-07
cycle=8329 time=1.5830870678353975e-01 dt=5.4443531992781790e-07
cycle=8330 time=1.5830925121885969e-01 dt=5.4433677434593039e-07
cycle=8331 time=1.5830979555563404e-01 dt=5.4423838951034967e-07
cycle=8332 time=1.5831033979402356e-01 dt=5.4414024691117271e-07
cycle=8333 time=1.5831088393427048e-01 dt=5.4404245131808273e-07
cycle=8334 time=1.5831142797672179e-01 dt=5.4394474777162287e-07
cycle=8335 time=1.5831197192146956e-01 dt=5.4384709395059112e-07
cycle=8336 time=1.5831251576856351e-01 dt=5.4374968881967613e-07
cycle=8337 time=1.5831305951825234e-01 dt=5.4365273848375413e-07
cycle=8338 time=1.5831360317099083e-01 dt=5.4355645293279246e-07
cycle=8339 time=1.5831414672744376e-01 dt=5.4346104307448828e-07
cycle=8340 time=1.5831469018848685e-01 dt=5.4336671801109479e-07
cycle=8341 time=1.5831523355520485e-01 dt=5.4327368272921636e-07
cycle=8342 time=1.5831577682888759e-01 dt=5.4318213584632963e-07
cycle=8343 time=1.5831632001102344e-01 dt=5.4309226754929011e-07
cycle=8344 time=1.5831686310329099e-01 dt=5.4300425803294071e-07
cycle=8345 time=1.5831740610754902e-01 dt=5.4291827578239103e-07
cycle=8346 time=1.5831794902582480e-01 dt=5.4283447718020545e-07
cycle=8347 time=1.5831849186030197e-01 dt=5.4275300542808697e-07
cycle=8348 time=1.5831903461330740e-01 dt=5.4267398852349335e-07
cycle=8349 time=1.5831957728729593e-01 dt=5.4259753901530215e-07
cycle=8350 time=1.5832011988483494e-01 dt=5.4252375409848831e-07
cycle=8351 time=1.5832066240858902e-01 dt=5.4245271579976903e-07
cycle=8352 time=1.5832120486130483e-01 dt=5.4238449135382213e-07
cycle=8353 time=1.5832174724579617e-01 dt=5.4231913377283935e-07
cycle=8354 time=1.5832228956492994e-01 dt=5.4225668256622731e-07
cycle=8355 time=1.5832283182161250e-01 dt=5.4219716459667760e-07
cycle=8356 time=1.5832337401877711e-01 dt=5.4214059510317438e-07
cycle=8357 time=1.5832391615937222e-01 dt=5.4208697880625207e-07
cycle=8358 time=1.5832445824635102e-01 dt=5.4203631113009268e-07
cycle=8359 time=1.5832500028266216e-01 dt=5.4198857942401954e-07
cycle=8360 time=1.5832554227124160e-01 dt=5.4194376409667588e-07
cycle=8361 time=1.5832608421500569e-01 dt=5.4190184004445394e-07
cycle=8362 time=1.5832662611684573e-01 dt=5.4186277796213024e-07
cycle=8363 time=1.5832716797962368e-01 dt=5.4182654560692048e-07
cycle=8364 time=1.5832770980616928e-01 dt=5.4179310895524568e-07
cycle=8365 time=1.5832825159927824e-01 dt=5.4176243335372545e-07
cycle=8366 time=1.5832879336171160e-01 dt=5.4173448460710396e-07
cycle=8367 time=1.5832933509619621e-01 dt=5.4170922904572523e-07
cycle=8368 time=1.5832987680542526e-01 dt=5.4168663481781015e-07
cycle=8369 time=1.5833041849206009e-01 dt=5.4166667999957900e-07
cycle=8370 time=1.5833096015874010e-01 dt=5.4164934842033057e-07
cycle=8371 time=1.5833150180808853e-01 dt=5.4163462642382708e-07
cycle=8372 time=1.5833204344271495e-01 dt=5.4162250343771765e-07
cycle=8373 time=1.5833258506521838e-01 dt=5.4161297268931348e-07
cycle=8374 time=1.5833312667819108e-01 dt=5.4160603115063728e-07
cycle=8375 time=1.5833366828422224e-01 dt=5.4160167963303704e-07
cycle=8376 time=1.5833420988590188e-01 dt=5.4159996636147249e-07
cycle=8377 time=1.5833475148586826e-01 dt=5.4160097032764511e-07
cycle=8378 time=1.5833529308683858e-01 dt=5.4160475469899511e-07
cycle=8379 time=1.5833583469159329e-01 dt=5.4161138308784296e-07
cycle=8380 time=1.5833637630297637e-01 dt=5.4162091848434339e-07
cycle=8381 time=1.5833691792389484e-01 dt=5.4163342235314692e-07
cycle=8382 time=1.5833745955731721e-01 dt=5.4164895171896044e-07
cycle=8383 time=1.5833800120626892e-01 dt=5.4166755883974761e-07
cycle=8384 time=1.5833854287382776e-01 dt=5.4168929115727078e-07
cycle=8385 time=1.5833908456311890e-01 dt=5.4171419129211525e-07
cycle=8386 time=1.5833962627731019e-01 dt=5.4174229662865816e-07
cycle=8387 time=1.5834016801960682e-01 dt=5.4177363876299153e-07
cycle=8388 time=1.5834070979324558e-01 dt=5.4180824466828050e-07
cycle=8389 time=1.5834125160149023e-01 dt=5.4184614521096535e-07
cycle=8390 time=1.5834179344763544e-01 dt=5.4188736922870046e-07
cycle=8391 time=1.5834233533500466e-01 dt=5.4193194235030592e-07
cycle=8392 time=1.5834287726694701e-01 dt=5.4197988696115840e-07
cycle=8393 time=1.5834341924683398e-01 dt=5.4203122165693866e-07
cycle=8394 time=1.5834396127805564e-01 dt=5.4208596149840061e-07
cycle=8395 time=1.5834450336401715e-01 dt=5.4214411847325988e-07
cycle=8396 time=1.5834504550813561e-01 dt=5.4220570279113662e-07
cycle=8397 time=1.5834558771383839e-01 dt=5.4227072285807982e-07
cycle=8398 time=1.5834612998456124e-01 dt=5.4233918501384479e-07
cycle=8399 time=1.5834667232374625e-01 dt=5.4241109343125485e-07
cycle=8400 time=1.5834721473483968e-01 dt=5.4248645073474282e-07
cycle=8401 time=1.5834775722129041e-01 dt=5.4256525812293325e-07
cycle=8402 time=1.5834829978654852e-01 dt=5.4264754427367305e-07
cycle=8403 time=1.5834884243409278e-01 dt=5.4273397397439664e-07
cycle=8404 time=1.5834938516806676e-01 dt=5.4282519152753458e-07
cycle=8405 time=1.5834992799325828e-01 dt=5.4292179094432694e-07
cycle=8406 time=1.5835047091504922e-01 dt=5.4302431231508580e-07
cycle=8407 time=1.5835101393936155e-01 dt=5.4313323819818169e-07
cycle=8408 time=1.5835155707259974e-01 dt=5.4324899144636115e-07
cycle=8409 time=1.5835210032159119e-01 dt=5.4337193501339742e-07
cycle=8410 time=1.5835264369352620e-01 dt=5.4350237189849961e-07
cycle=8411 time=1.5835318719589808e-01 dt=5.4364054569230129e-07
cycle=8412 time=1.5835373083644377e-01 dt=5.4378664187624279e-07
cycle=8413 time=1.5835427462308566e-01 dt=5.4394079016430940e-07
cycle=8414 time=1.5835481856387582e-01 dt=5.4410306878637429e-07
cycle=8415 time=1.5835536266694461e-01 dt=5.4427345423659078e-07
cycle=8416 time=1.5835590694039886e-01 dt=5.4445182607881153e-07
cycle=8417 time=1.5835645139222493e-01 dt=5.4463804034559132e-07
cycle=8418 time=1.5835699603026526e-01 dt=5.4483192578087399e-07
cycle=8419 time=1.5835754086219103e-01 dt=5.4503327916832015e-07
cycle=8420 time=1.5835808589547021e-01 dt=5.4524185793756033e-07
cycle=8421 time=1.5835863113732815e-01 dt=5.4545736594102071e-07
cycle=8422 time=1.5835917659469409e-01 dt=5.4567998910841435e-07
cycle=8423 time=1.5835972227468320e-01 dt=5.4590989531184517e-07
cycle=8424 time=1.5836026818457852e-01 dt=5.4614715858241087e-07
cycle=8425 time=1.5836081433173710e-01 dt=5.4639177535471664e-07
cycle=8426 time=1.5836136072351245e-01 dt=5.4664367748788285e-07
cycle=8427 time=1.5836190736718994e-01 dt=5.4690274344548491e-07
cycle=8428 time=1.5836245426993339e-01 dt=5.4716880808065359e-07
cycle=8429 time=1.5836300143874146e-01 dt=5.4744167227927345e-07
cycle=8430 time=1.5836354888041373e-01 dt=5.4772104687947470e-07
cycle=8431 time=1.5836409660146061e-01 dt=5.4800633748717989e-07
cycle=8432 time=1.5836464460779809e-01 dt=5.4830198017652430e-07
cycle=8433 time=1.5836519290977827e-01 dt=5.4860769818825667e-07
cycle=8434 time=1.5836574151747645e-01 dt=5.4892254496208182e-07
cycle=8435 time=1.5836629044002143e-01 dt=5.4924562261580224e-07
cycle=8436 time=1.5836683968564405e-01 dt=5.4957608392729234e-07
cycle=8437 time=1.5836738926172797e-01 dt=5.4991313550607997e-07
cycle=8438 time=1.5836793917486347e-01 dt=5.5025604213787319e-07
cycle=8439 time=1.5836848943090562e-01 dt=5.5060412783292223e-07
cycle=8440 time=1.5836904003503344e-01 dt=5.5095677884096058e-07
cycle=8441 time=1.5836959099181228e-01 dt=5.5131345120173096e-07
cycle=8442 time=1.5837014230526347e-01 dt=5.5167366769043596e-07
cycle=8443 time=1.5837069397893117e-01 dt=5.5203701899486677e-07
cycle=8444 time=1.5837124601595015e-01 dt=5.5240316456231175e-07
cycle=8445 time=1.5837179841911472e-01 dt=5.5277183277707069e-07
cycle=8446 time=1.5837235119094750e-01 dt=5.5314282043717260e-07
cycle=8447 time=1.5837290433376794e-01 dt=5.5351599146035760e-07
cycle=8448 time=1.5837345784975940e-01 dt=5.5389127510042350e-07
cycle=8449 time=1.5837401174103449e-01 dt=5.5426866346636413e-07
cycle=8450 time=1.5837456600969796e-01 dt=5.5464805637314035e-07
cycle=8451 time=1.5837512065775433e-01 dt=5.5502955163755834e-07
cycle=8452 time=1.5837567568730596e-01 dt=5.5541332762407955e-07
cycle=8453 time=1.5837623110063359e-01 dt=5.5579961147771706e-07
cycle=8454 time=1.5837678690024506e-01 dt=5.5618867431442325e-07
cycle=8455 time=1.5837734308891938e-01 dt=5.5658082591007888e-07
cycle=8456 time=1.5837789966974528e-01 dt=5.5697640896106984e-07
cycle=8457 time=1.5837845664615424e-01 dt=5.5737579111169581e-07
cycle=8458 time=1.5837901402194535e-01 dt=5.5777936102564040e-07
cycle=8459 time=1.5837957180130638e-01 dt=5.5818752290199422e-07
cycle=8460 time=1.5838012998882928e-01 dt=5.5860069072876544e-07
cycle=8461 time=1.5838068858952001e-01 dt=5.5901928259575631e-07
cycle=8462 time=1.5838124760880259e-01 dt=5.5944371525711364e-07
cycle=8463 time=1.5838180705251786e-01 dt=5.5987439869010687e-07
cycle=8464 time=1.5838236692691657e-01 dt=5.6031173213107533e-07
cycle=8465 time=1.5838292723864869e-01 dt=5.6075609844453325e-07
cycle=8466 time=1.5838348799474714e-01 dt=5.6120785998877136e-07
cycle=8467 time=1.5838404920260712e-01 dt=5.6166735499912058e-07
cycle=8468 time=1.5838461086996211e-01 dt=5.6213489292401652e-07
cycle=8469 time=1.5838517300485502e-01 dt=5.6261075216947261e-07
cycle=8470 time=1.5838573561560720e-01 dt=5.6309517843862641e-07
cycle=8471 time=1.5838629871078563e-01 dt=5.6358838382480616e-07
cycle=8472 time=1.5838686229916946e-01 dt=5.6409054617323024e-07
cycle=8473 time=1.5838742638971562e-01 dt=5.6460180871711033e-07
cycle=8474 time=1.5838799099152434e-01 dt=5.6512228008171118e-07
cycle=8475 time=1.5838855611380442e-01 dt=5.6565203470788577e-07
cycle=8476 time=1.5838912176583914e-01 dt=5.6619111380008459e-07
cycle=8477 time=1.5838968795695293e-01 dt=5.6673952713836234e-07
cycle=8478 time=1.5839025469648008e-01 dt=5.6729725529696832e-07
cycle=8479 time=1.5839082199373539e-01 dt=5.6786425133956018e-07
cycle=8480 time=1.5839138985798673e-01 dt=5.6844044293536312e-07
cycle=8481 time=1.5839195829842967e-01 dt=5.6902555004156148e-07
cycle=8482 time=1.5839252732397971e-01 dt=5.6961942004078437e-07
cycle=8483 time=1.5839309694339976e-01 dt=5.7022192502609272e-07
cycle=8484 time=1.5839366716532480e-01 dt=5.7083292630523352e-07
cycle=8485 time=1.5839423799825111e-01 dt=5.7145227765585438e-07
cycle=8486 time=1.5839480945052878e-01 dt=5.7207982744650313e-07
cycle=8487 time=1.5839538153035623e-01 dt=5.7271542134440208e-07
cycle=8488 time=1.5839595424577757e-01 dt=5.7335890606022954e-07
cycle=8489 time=1.5839652760468362e-01 dt=5.7401013289076520e-07
cycle=8490 time=1.5839710161481652e-01 dt=5.7466896116744723e-07
cycle=8491 time=1.5839767628377768e-01 dt=5.7533526150261498e-07
cycle=8492 time=1.5839825161903920e-01 dt=5.7600891877466449e-07
cycle=8493 time=1.5839882762795798e-01 dt=5.7668983488614161e-07
cycle=8494 time=1.5839940431779287e-01 dt=5.7737794222930008e-07
cycle=8495 time=1.5839998169573510e-01 dt=5.7807321343275702e-07
cycle=8496 time=1.5840055976894854e-01 dt=5.7877566018819672e-07
cycle=8497 time=1.5840113854460872e-01 dt=5.7948533891925266e-07
cycle=8498 time=1.5840171802994762e-01 dt=5.8020234916440340e-07
cycle=8499 time=1.5840229823229679e-01 dt=5.8092682999762263e-07
cycle=8500 time=1.5840287915912679e-01 dt=5.8165895518904553e-07
cycle=8501 time=1.5840346081808199e-01 dt=5.8239893087739141e-07
cycle=8502 time=1.5840404321701287e-01 dt=5.8314699334231129e-07
cycle=8503 time=1.5840462636400621e-01 dt=5.8390340592964312e-07
cycle=8504 time=1.5840521026741214e-01 dt=5.8466845494230479e-07
cycle=8505 time=1.5840579493586709e-01 dt=5.8544244855823068e-07
cycle=8506 time=1.5840638037831564e-01 dt=5.8622571406548443e-07
cycle=8507 time=1.5840696660402970e-01 dt=5.8701859482061299e-07
cycle=8508 time=1.5840755362262451e-01 dt=5.8782145168624068e-07
cycle=8509 time=1.5840814144407619e-01 dt=5.8863466629415848e-07
cycle=8510 time=1.5840873007874248e-01 dt=5.8945860701827824e-07
cycle=8511 time=1.5840931953734949e-01 dt=5.9029364566313809e-07
cycle=8512 time=1.5840990983099515e-01 dt=5.9114015440255338e-07
cycle=8513 time=1.5841050097114956e-01 dt=5.9199850286639429e-07
cycle=8514 time=1.5841109296965242e-01 dt=5.9286905602856254e-07
cycle=8515 time=1.5841168583870843e-01 dt=5.9375217192048518e-07
cycle=8516 time=1.5841227959088036e-01 dt=5.9464819848415071e-07
cycle=8517 time=1.5841287423907885e-01 dt=5.9555747149356309e-07
cycle=8518 time=1.5841346979655035e-01 dt=5.9648031271597003e-07
cycle=8519 time=1.5841406627686308e-01 dt=5.9741702836006209e-07
cycle=8520 time=1.5841466369389143e-01 dt=5.9836790777626134e-07
cycle=8521 time=1.5841526206179921e-01 dt=5.9933322235283586e-07
cycle=8522 time=1.5841586139502156e-01 dt=6.0031322448591199e-07
cycle=8523 time=1.5841646170824605e-01 dt=6.0130814835418946e-07
cycle=8524 time=1.5841706301639441e-01 dt=6.0231824581967881e-07
cycle=8525 time=1.5841766533464022e-01 dt=6.0334395189099913e-07
cycle=8526 time=1.5841826867859210e-01 dt=6.0438569945542832e-07
cycle=8527 time=1.5841887306429156e-01 dt=6.0544392559163224e-07
cycle=8528 time=1.5841947850821717e-01 dt=6.0651906843897235e-07
cycle=8529 time=1.5842008502728561e-01 dt=6.0761156362008585e-07
cycle=8530 time=1.5842069263884923e-01 dt=6.0872184099694340e-07
cycle=8531 time=1.5842130136069021e-01 dt=6.0985032049705531e-07
cycle=8532 time=1.5842191121101071e-01 dt=6.1099740663645089e-07
cycle=8533 time=1.5842252220841735e-01 dt=6.1070308110906977e-07
cycle=8534 time=1.5842313291149845e-01 dt=6.0437158912252241e-07
cycle=8535 time=1.5842373728308759e-01 dt=5.9726897679851267e-07
cycle=8536 time=1.5842433455206439e-01 dt=5.8956462875609099e-07
cycle=8537 time=1.5842492411669315e-01 dt=5.8143052551175627e-07
cycle=8538 time=1.5842550554721865e-01 dt=5.7305579757120410e-07
cycle=8539 time=1.5842607860301622e-01 dt=5.6464273398070721e-07
cycle=8540 time=1.5842664324575020e-01 dt=5.5640655675007218e-07
cycle=8541 time=1.5842719965230695e-01 dt=5.4909154971481545e-07
cycle=8542 time=1.5842774874385668e-01 dt=5.4362147710944402e-07
cycle=8543 time=1.5842829236533379e-01 dt=5.3955675852585662e-07
cycle=8544 time=1.5842883192209231e-01 dt=5.3656182578370727e-07
cycle=8545 time=1.5842936848391809e-01 dt=5.3438064849942250e-07
cycle=8546 time=1.5842990286456660e-01 dt=5.3281802075257559e-07
cycle=8547 time=1.5843043568258736e-01 dt=5.3172513460822010e-07
cycle=8548 time=1.5843096740772197e-01 dt=5.3098850022849156e-07
cycle=8549 time=1.5843149839622220e-01 dt=5.3052146416460273e-07
cycle=8550 time=1.5843202891768637e-01 dt=5.3025777030699899e-07
cycle=8551 time=1.5843255917545668e-01 dt=5.3014667833220509e-07
cycle=8552 time=1.5843308932213501e-01 dt=5.3014928244663683e-07
cycle=8553 time=1.5843361947141746e-01 dt=5.3023573472761194e-07
cycle=8554 time=1.5843414970715219e-01 dt=5.3038314142399333e-07
cycle=8555 time=1.5843468009029363e-01 dt=5.3057396028772792e-07
cycle=8556 time=1.5843521066425392e-01 dt=5.3079477296601180e-07
cycle=8557 time=1.5843574145902689e-01 dt=5.3103534082377909e-07
cycle=8558 time=1.5843627249436770e-01 dt=5.3128787658601769e-07
cycle=8559 time=1.5843680378224428e-01 dt=5.3154648172864819e-07
cycle=8560 time=1.5843733532872600e-01 dt=5.3180671170219161e-07
cycle=8561 time=1.5843786713543770e-01 dt=5.3206524000350488e-07
cycle=8562 time=1.5843839920067770e-01 dt=5.3231959876410823e-07
cycle=8563 time=1.5843893152027647e-01 dt=5.3256797857371985e-07
cycle=8564 time=1.5843946408825504e-01 dt=5.3280907470173111e-07
cycle=8565 time=1.5843999689732974e-01 dt=5.3304197580132782e-07
cycle=8566 time=1.5844052993930555e-01 dt=5.3326605581619348e-07
cycle=8567 time=1.5844106320536136e-01 dt=5.3348091230221835e-07
cycle=8568 time=1.5844159668627367e-01 dt=5.3368631509242271e-07
cycle=8569 time=1.5844213037258875e-01 dt=5.3388215831094924e-07
cycle=8570 time=1.5844266425474707e-01 dt=5.3406843057379837e-07
cycle=8571 time=1.5844319832317763e-01 dt=5.3424519124646915e-07
cycle=8572 time=1.5844373256836888e-01 dt=5.3441255201741619e-07
cycle=8573 time=1.5844426698092090e-01 dt=5.3457066269652559e-07
cycle=8574 time=1.5844480155158361e-01 dt=5.3471970033667922e-07
cycle=8575 time=1.5844533627128393e-01 dt=5.3485986114648401e-07
cycle=8576 time=1.5844587113114508e-01 dt=5.3499135411736800e-07
cycle=8577 time=1.5844640612249919e-01 dt=5.3511439605463944e-07
cycle=8578 time=1.5844694123689523e-01 dt=5.3522920784285235e-07
cycle=8579 time=1.5844747646610308e-01 dt=5.3535295431609830e-07
cycle=8580 time=1.5844801181905740e-01 dt=5.3551474009191737e-07
cycle=8581 time=1.5844854733379748e-01 dt=5.3572883136308955e-07
cycle=8582 time=1.5844908306262884e-01 dt=5.3600205486677524e-07
cycle=8583 time=1.5844961906468372e-01 dt=5.3633672668480854e-07
cycle=8584 time=1.5845015540141041e-01 dt=5.3673191544888853e-07
cycle=8585 time=1.5845069213332585e-01 dt=5.3718413717810029e-07
cycle=8586 time=1.5845122931746303e-01 dt=5.3768783749130704e-07
cycle=8587 time=1.5845176700530053e-01 dt=5.3823578760969273e-07
cycle=8588 time=1.5845230524108814e-01 dt=5.3881943910285556e-07
cycle=8589 time=1.5845284406052723e-01 dt=5.3942925207350456e-07
cycle=8590 time=1.5845338348977930e-01 dt=5.4005500089058151e-07
cycle=8591 time=1.5845392354478019e-01 dt=5.4068605695396831e-07
cycle=8592 time=1.5845446423083714e-01 dt=5.4131164836032169e-07
cycle=8593 time=1.5845500554248551e-01 dt=5.4192109782473081e-07
cycle=8594 time=1.5845554746358334e-01 dt=5.4250403848436788e-07
cycle=8595 time=1.5845608996762184e-01 dt=5.4305060794721081e-07
cycle=8596 time=1.5845663301822979e-01 dt=5.4355162123968631e-07
cycle=8597 time=1.5845717656985103e-01 dt=5.4399872275901555e-07
cycle=8598 time=1.5845772056857380e-01 dt=5.4438451743789537e-07
cycle=8599 time=1.5845826495309123e-01 dt=5.4470268102342346e-07
cycle=8600 time=1.5845880965577225e-01 dt=5.4494804918080425e-07
cycle=8601 time=1.5845935460382143e-01 dt=5.4511668500271849e-07
cycle=8602 time=1.5845989972050645e-01 dt=5.4520592447606553e-07
cycle=8603 time=1.5846044492643091e-01 dt=5.4521439948528351e-07
cycle=8604 time=1.5846099014083040e-01 dt=5.4514203810042201e-07
cycle=8605 time=1.5846153528286849e-01 dt=5.4499004213988871e-07
cycle=8606 time=1.5846208027291064e-01 dt=5.4476084232249255e-07
cycle=8607 time=1.5846262503375297e-01 dt=5.4445803172200882e-07
cycle=8608 time=1.5846316949178468e-01 dt=5.4408627868340100e-07
cycle=8609 time=1.5846371357806335e-01 dt=5.4365122083002035e-07
cycle=8610 time=1.5846425722928417e-01 dt=5.4315934225832445e-07
cycle=8611 time=1.5846480038862643e-01 dt=5.4261783645637871e-07
cycle=8612 time=1.5846534300646289e-01 dt=5.4203445787556802e-07
cycle=8613 time=1.5846588504092077e-01 dt=5.4141736535937523e-07
cycle=8614 time=1.5846642645828612e-01 dt=5.4077496089899777e-07
cycle=8615 time=1.5846696723324702e-01 dt=5.4011572727577011e-07
cycle=8616 time=1.5846750734897430e-01 dt=5.3944806793636417e-07
cycle=8617 time=1.5846804679704224e-01 dt=5.3878015300463638e-07
cycle=8618 time=1.5846858557719523e-01 dt=5.3811977443966148e-07
cycle=8619 time=1.5846912369696967e-01 dt=5.3747421361025070e-07
cycle=8620 time=1.5846966117118327e-01 dt=5.3685012428131491e-07
cycle=8621 time=1.5847019802130755e-01 dt=5.3625343380511034e-07
cycle=8622 time=1.5847073427474134e-01 dt=5.3568926511015529e-07
cycle=8623 time=1.5847126996400646e-01 dt=5.3516188173461609e-07
cycle=8624 time=1.5847180512588818e-01 dt=5.3467465757623113e-07
cycle=8625 time=1.5847233980054576e-01 dt=5.3423007209357462e-07
cycle=8626 time=1.5847287403061786e-01 dt=5.3382973033340332e-07
cycle=8627 time=1.5847340786034819e-01 dt=5.3347440546103068e-07
cycle=8628 time=1.5847394133475365e-01 dt=5.3316409970688778e-07
cycle=8629 time=1.5847447449885335e-01 dt=5.3289811822527928e-07
cycle=8630 time=1.5847500739697157e-01 dt=5.3267514970179650e-07
cycle=8631 time=1.5847554007212128e-01 dt=5.3249334786979017e-07
cycle=8632 time=1.5847607256546914e-01 dt=5.3235040933003726e-07
cycle=8633 time=1.5847660491587848e-01 dt=5.3224364485921126e-07
cycle=8634 time=1.5847713715952333e-01 dt=5.3217004326098877e-07
cycle=8635 time=1.5847766932956658e-01 dt=5.3212632833558467e-07
cycle=8636 time=1.5847820145589492e-01 dt=5.3210901048267466e-07
cycle=8637 time=1.5847873356490541e-01 dt=5.3211443478326175e-07
cycle=8638 time=1.5847926567934020e-01 dt=5.3213882725693715e-07
cycle=8639 time=1.5847979781816746e-01 dt=5.3217834061381487e-07
cycle=8640 time=1.5848032999650807e-01 dt=5.3222909992010919e-07
cycle=8641 time=1.5848086222560800e-01 dt=5.3228724878594544e-07
cycle=8642 time=1.5848139451285678e-01 dt=5.3234899554368073e-07
cycle=8643 time=1.5848192686185233e-01 dt=5.3241065893970141e-07
cycle=8644 time=1.5848245927251128e-01 dt=5.3246871260771871e-07
cycle=8645 time=1.5848299174122388e-01 dt=5.3251982751291552e-07
cycle=8646 time=1.5848352426105139e-01 dt=5.3256091155305552e-07
cycle=8647 time=1.5848405682196295e-01 dt=5.3258914555094634e-07
cycle=8648 time=1.5848458941110852e-01 dt=5.3260201495416937e-07
cycle=8649 time=1.5848512201312348e-01 dt=5.3259733665912119e-07
cycle=8650 time=1.5848565461046013e-01 dt=5.3257328048814238e-07
cycle=8651 time=1.5848618718374061e-01 dt=5.3252838496513309e-07
cycle=8652 time=1.5848671971212558e-01 dt=5.3246156715318084e-07
cycle=8653 time=1.5848725217369272e-01 dt=5.3237212643544236e-07
cycle=8654 time=1.5848778454581916e-01 dt=5.3225974223655623e-07
cycle=8655 time=1.5848831680556139e-01 dt=5.3212446579572612e-07
cycle=8656 time=1.5848884893002718e-01 dt=5.3196670621243817e-07
cycle=8657 time=1.5848938089673340e-01 dt=5.3178721097247187e-07
cycle=8658 time=1.5848991268394436e-01 dt=5.3158704169659431e-07
cycle=8659 time=1.5849044427098605e-01 dt=5.3136754542229348e-07
cycle=8660 time=1.5849097563853146e-01 dt=5.3113032197130482e-07
cycle=8661 time=1.5849150676885343e-01 dt=5.3087718811910947e-07
cycle=8662 time=1.5849203764604156e-01 dt=5.3061013929036902e-07
cycle=8663 time=1.5849256825618085e-01 dt=5.3033130954297755e-07
cycle=8664 time=1.5849309858749039e-01 dt=5.3004293063137030e-07
cycle=8665 time=1.5849362863042102e-01 dt=5.2974729094046016e-07
cycle=8666 time=1.5849415837771197e-01 dt=5.2944669507064492e-07
cycle=8667 time=1.5849468782440704e-01 dt=5.2914342483849498e-07
cycle=8668 time=1.5849521696783186e-01 dt=5.2883970239727597e-07
cycle=8669 time=1.5849574580753426e-01 dt=5.2853765612037917e-07
cycle=8670 time=1.5849627434519037e-01 dt=5.2823928980985348e-07
cycle=8671 time=1.5849680258448018e-01 dt=5.2794645569606289e-07
cycle=8672 time=1.5849733053093587e-01 dt=5.2766083158573128e-07
cycle=8673 time=1.5849785819176745e-01 dt=5.2738390239756240e-07
cycle=8674 time=1.5849838557566986e-01 dt=5.2711694620140078e-07
cycle=8675 time=1.5849891269261607e-01 dt=5.2686102475375138e-07
cycle=8676 time=1.5849943955364082e-01 dt=5.2661697840522452e-07
cycle=8677 time=1.5849996617061923e-01 dt=5.2638542514986884e-07
cycle=8678 time=1.5850049255604437e-01 dt=5.2616676349818260e-07
cycle=8679 time=1.5850101872280786e-01 dt=5.2596117878892735e-07
cycle=8680 time=1.5850154468398664e-01 dt=5.2576865251575276e-07
cycle=8681 time=1.5850207045263914e-01 dt=5.2558897422495736e-07
cycle=8682 time=1.5850259604161338e-01 dt=5.2542175551159532e-07
cycle=8683 time=1.5850312146336890e-01 dt=5.2526644572577850e-07
cycle=8684 time=1.5850364672981462e-01 dt=5.2512234898639626e-07
cycle=8685 time=1.5850417185216362e-01 dt=5.2498864216000711e-07
cycle=8686 time=1.5850469684080579e-01 dt=5.2486439346754160e-07
cycle=8687 time=1.5850522170519926e-01 dt=5.2474858146842359e-07
cycle=8688 time=1.5850574645378074e-01 dt=5.2464011417596872e-07
cycle=8689 time=1.5850627109389492e-01 dt=5.2453784808570892e-07
cycle=8690 time=1.5850679563174300e-01 dt=5.2444060691861594e-07
cycle=8691 time=1.5850732007234991e-01 dt=5.2434719989432672e-07
cycle=8692 time=1.5850784441954979e-01 dt=5.2425643935869385e-07
cycle=8693 time=1.5850836867598916e-01 dt=5.2416715759703040e-07
cycle=8694 time=1.5850889284314676e-01 dt=5.2407822267130895e-07
cycle=8695 time=1.5850941692136944e-01 dt=5.2398855312747080e-07
cycle=8696 time=1.5850994090992257e-01 dt=5.2389713142858644e-07
cycle=8697 time=1.5851046480705400e-01 dt=5.2380301598184279e-07
cycle=8698 time=1.5851098861006999e-01 dt=5.2370535164292521e-07
cycle=8699 time=1.5851151231542163e-01 dt=5.2360337859969321e-07
cycle=8700 time=1.5851203591880023e-01 dt=5.2349643955788231e-07
cycle=8701 time=1.5851255941523978e-01 dt=5.2338398517473789e-07
cycle=8702 time=1.5851308279922496e-01 dt=5.2326557771134314e-07
cycle=8703 time=1.5851360606480266e-01 dt=5.2314089290043151e-07
cycle=8704 time=1.5851412920569558e-01 dt=5.2300972005302205e-07
cycle=8705 time=1.5851465221541564e-01 dt=5.2287196045368941e-07
cycle=8706 time=1.5851517508737609e-01 dt=5.2272762412005869e-07
cycle=8707 time=1.5851569781500022e-01 dt=5.2257682502666130e-07
cycle=8708 time=1.5851622039182525e-01 dt=5.2241977491606011e-07
cycle=8709 time=1.5851674281160016e-01 dt=5.2225677584059981e-07
cycle=8710 time=1.5851726506837602e-01 dt=5.2208821159589557e-07
cycle=8711 time=1.5851778715658763e-01 dt=5.2191453822179424e-07
cycle=8712 time=1.5851830907112585e-01 dt=5.2173627375774423e-07
cycle=8713 time=1.5851883080739962e-01 dt=5.2155398744704977e-07
cycle=8714 time=1.5851935236138706e-01 dt=5.2136828858820387e-07
cycle=8715 time=1.5851987372967566e-01 dt=5.2117981523133606e-07
cycle=8716 time=1.5852039490949088e-01 dt=5.2098922283418128e-07
cycle=8717 time=1.5852091589871373e-01 dt=5.2079717321840032e-07
cycle=8718 time=1.5852143669588695e-01 dt=5.2060432402428216e-07
cycle=8719 time=1.5852195730021096e-01 dt=5.2041131863522866e-07
cycle=8720 time=1.5852247771152958e-01 dt=5.2021877680654863e-07
cycle=8721 time=1.5852299793030639e-01 dt=5.2002728612226082e-07
cycle=8722 time=1.5852351795759251e-01 dt=5.1983739438241155e-07
cycle=8723 time=1.5852403779498689e-01 dt=5.1964960299898781e-07
cycle=8724 time=1.5852455744458988e-01 dt=5.1946436145632382e-07
cycle=8725 time=1.5852507690895132e-01 dt=5.1928206287360034e-07
cycle=8726 time=1.5852559619101420e-01 dt=5.1910304068466621e-07
cycle=8727 time=1.5852611529405489e-01 dt=5.1892756642646496e-07
cycle=8728 time=1.5852663422162130e-01 dt=5.1875584860780611e-07
cycle=8729 time=1.5852715297746992e-01 dt=5.1858803261376134e-07
cycle=8730 time=1.5852767156550254e-01 dt=5.1842420158659107e-07
cycle=8731 time=1.5852818998970414e-01 dt=5.1826437821198898e-07
cycle=8732 time=1.5852870825408236e-01 dt=5.1810852732974895e-07
cycle=8733 time=1.5852922636260969e-01 dt=5.1795655928065412e-07
cycle=8734 time=1.5852974431916897e-01 dt=5.1780833389632263e-07
cycle=8735 time=1.5853026212750287e-01 dt=5.1766366503594781e-07
cycle=8736 time=1.5853077979116792e-01 dt=5.1752232557303961e-07
cycle=8737 time=1.5853129731349350e-01 dt=5.1738405273010172e-07
cycle=8738 time=1.5853181469754624e-01 dt=5.1724855367340903e-07
cycle=8739 time=1.5853233194609992e-01 dt=5.1711551126958722e-07
cycle=8740 time=1.5853284906161119e-01 dt=5.1698458991547701e-07
cycle=8741 time=1.5853336604620111e-01 dt=5.1685544135593141e-07
cycle=8742 time=1.5853388290164247e-01 dt=5.1672771040891066e-07
cycle=8743 time=1.5853439962935287e-01 dt=5.1660104052256927e-07
cycle=8744 time=1.5853491623039340e-01 dt=5.1647507909482118e-07
cycle=8745 time=1.5853543270547249e-01 dt=5.1634948249206819e-07
cycle=8746 time=1.5853594905495499e-01 dt=5.1622392071039296e-07
cycle=8747 time=1.5853646527887572e-01 dt=5.1609808162945564e-07
cycle=8748 time=1.5853698137695735e-01 dt=5.1597167481663491e-07
cycle=8749 time=1.5853749734863218e-01 dt=5.1584443484650422e-07
cycle=8750 time=1.5853801319306701e-01 dt=5.1571612410954564e-07
cycle=8751 time=1.5853852890919112e-01 dt=5.1558653509182033e-07
cycle=8752 time=1.5853904449572623e-01 dt=5.1545549210877469e-07
cycle=8753 time=1.5853955995121832e-01 dt=5.1532285246559184e-07
cycle=8754 time=1.5854007527407080e-01 dt=5.1518850713417190e-07
cycle=8755 time=1.5854059046257793e-01 dt=5.1505238155441155e-07
cycle=8756 time=1.5854110551495948e-01 dt=5.1491443462219979e-07
cycle=8757 time=1.5854162042939410e-01 dt=5.1477465921899678e-07
cycle=8758 time=1.5854213520405333e-01 dt=5.1463307749116406e-07
cycle=8759 time=1.5854264983713082e-01 dt=5.1448974055768359e-07
cycle=8760 time=1.5854316432687138e-01 dt=5.1434472643811046e-07
cycle=8761 time=1.5854367867159783e-01 dt=5.1419813766480853e-07
cycle=8762 time=1.5854419286973548e-01 dt=5.1405009862923231e-07
cycle=8763 time=1.5854470691983411e-01 dt=5.1390075271448980e-07
cycle=8764 time=1.5854522082058681e-01 dt=5.1375025932708775e-07
cycle=8765 time=1.5854573457084614e-01 dt=5.1359879072523014e-07
cycle=8766 time=1.5854624816963686e-01 dt=5.1344652874673359e-07
cycle=8767 time=1.5854676161616560e-01 dt=5.1329366161987333e-07
cycle=8768 time=1.5854727490982723e-01 dt=5.1314038081851192e-07
cycle=8769 time=1.5854778805020805e-01 dt=5.1298687801340043e-07
cycle=8770 time=1.5854830103708606e-01 dt=5.1283334216160734e-07
cycle=8771 time=1.5854881387042821e-01 dt=5.1267995677185910e-07
cycle=8772 time=1.5854932655038498e-01 dt=5.1252689738112800e-07
cycle=8773 time=1.5854983907728237e-01 dt=5.1237432928210232e-07
cycle=8774 time=1.5855035145161164e-01 dt=5.1222240550721593e-07
cycle=8775 time=1.5855086367401716e-01 dt=5.1207126508948637e-07
cycle=8776 time=1.5855137574528225e-01 dt=5.1192103161841937e-07
cycle=8777 time=1.5855188766631387e-01 dt=5.1177181209883492e-07
cycle=8778 time=1.5855239943812596e-01 dt=5.1162369610276954e-07
cycle=8779 time=1.5855291106182207e-01 dt=5.1147675521017921e-07
cycle=8780 time=1.5855342253857727e-01 dt=5.1133104278052819e-07
cycle=8781 time=1.5855393386962005e-01 dt=5.1118658330622243e-07
cycle=8782 time=1.5855444505620336e-01 dt=5.1104338427846070e-07
cycle=8783 time=1.5855495609958764e-01 dt=5.1090143688162426e-07
cycle=8784 time=1.5855546700102452e-01 dt=5.1076071689180537e-07
cycle=8785 time=1.5855597776174141e-01 dt=5.1062118576107733e-07
cycle=8786 time=1.5855648838292716e-01 dt=5.1048279184543996e-07
cycle=8787 time=1.5855699886571900e-01 dt=5.1034547176521560e-07
cycle=8788 time=1.5855750921119077e-01 dt=5.1020915191402293e-07
cycle=8789 time=1.5855801942034270e-01 dt=5.1007374997234507e-07
cycle=8790 time=1.5855852949409266e-01 dt=5.0993917658009390e-07
cycle=8791 time=1.5855903943326924e-01 dt=5.0980533698983143e-07
cycle=8792 time=1.5855954923860624e-01 dt=5.0967213271438694e-07
cycle=8793 time=1.5856005891073896e-01 dt=5.0953946315196412e-07
cycle=8794 time=1.5856056845020211e-01 dt=5.0940722716614499e-07
cycle=8795 time=1.5856107785742929e-01 dt=5.0927532459991712e-07
cycle=8796 time=1.5856158713275390e-01 dt=5.0914365770493840e-07
cycle=8797 time=1.5856209627641160e-01 dt=5.0901213246909254e-07
cycle=8798 time=1.5856260528854407e-01 dt=5.0888065982738024e-07
cycle=8799 time=1.5856311416920391e-01 dt=5.0874915674397372e-07
cycle=8800 time=1.5856362291836065e-01 dt=5.0861754715553273e-07
cycle=8801 time=1.5856413153590782e-01 dt=5.0848576276827614e-07
cycle=8802 time=1.5856464002167059e-01 dt=5.0835374370365493e-07
cycle=8803 time=1.5856514837541430e-01 dt=5.0822143898987045e-07
cycle=8804 time=1.5856565659685329e-01 dt=5.0808880691556903e-07
cycle=8805 time=1.5856616468566020e-01 dt=5.0795581539923846e-07
cycle=8806 time=1.5856667264147561e-01 dt=5.0782244190307574e-07
cycle=8807 time=1.5856718046391752e-01 dt=5.0768867321439655e-07
cycle=8808 time=1.5856768815259073e-01 dt=5.0755450510163670e-07
cycle=8809 time=1.5856819570709582e-01 dt=5.0741994185577647e-07
cycle=8810 time=1.5856870312703766e-01 dt=5.0728499572948731e-07
cycle=8811 time=1.5856921041203340e-01 dt=5.0714968628684867e-07
cycle=8812 time=1.5856971756171967e-01 dt=5.0701403967741521e-07
cycle=8813 time=1.5857022457575934e-01 dt=5.0687808784703432e-07
cycle=8814 time=1.5857073145384717e-01 dt=5.0674186770158383e-07
cycle=8815 time=1.5857123819571486e-01 dt=5.0660542023869104e-07
cycle=8816 time=1.5857174480113509e-01 dt=5.0646878966062864e-07
cycle=8817 time=1.5857225126992475e-01 dt=5.0633202249149990e-07
cycle=8818 time=1.5857275760194725e-01 dt=5.0619516668762712e-07
cycle=8819 time=1.5857326379711395e-01 dt=5.0605827075161833e-07
cycle=8820 time=1.5857376985538471e-01 dt=5.0592138290689314e-07
cycle=8821 time=1.5857427577676761e-01 dt=5.0578455031719738e-07
cycle=8822 time=1.5857478156131793e-01 dt=5.0564781836014137e-07
cycle=8823 time=1.5857528720913630e-01 dt=5.0551122996303945e-07
cycle=8824 time=1.5857579272036626e-01 dt=5.0537482500810601e-07
cycle=8825 time=1.5857629809519128e-01 dt=5.0523863981256996e-07
cycle=8826 time=1.5857680333383109e-01 dt=5.0510270669492829e-07
cycle=8827 time=1.5857730843653778e-01 dt=5.0496705358716880e-07
cycle=8828 time=1.5857781340359137e-01 dt=5.0483170368861580e-07
cycle=8829 time=1.5857831823529506e-01 dt=5.0469667527768559e-07
cycle=8830 time=1.5857882293197034e-01 dt=5.0456198160701012e-07
cycle=8831 time=1.5857932749395195e-01 dt=5.0442763087948929e-07
cycle=8832 time=1.5857983192158284e-01 dt=5.0429362630173245e-07
cycle=8833 time=1.5858033621520914e-01 dt=5.0415996621040385e-07
cycle=8834 time=1.5858084037517536e-01 dt=5.0402664426608634e-07
cycle=8835 time=1.5858134440181962e-01 dt=5.0389364970856762e-07
cycle=8836 time=1.5858184829546931e-01 dt=5.0376096766685466e-07
cycle=8837 time=1.5858235205643698e-01 dt=5.0362857951673790e-07
cycle=8838 time=1.5858285568501648e-01 dt=5.0349646327836299e-07
cycle=8839 time=1.5858335918147975e-01 dt=5.0336459404615971e-07
cycle=8840 time=1.5858386254607379e-01 dt=5.0323294445511289e-07
cycle=8841 time=1.5858436577901824e-01 dt=5.0310148518279435e-07
cycle=8842 time=1.5858486888050344e-01 dt=5.0297018542573628e-07
cycle=8843 time=1.5858537185068886e-01 dt=5.0283901337682044e-07
cycle=8844 time=1.5858587468970223e-01 dt=5.0270793669663299e-07
cycle=8845 time=1.5858637739763892e-01 dt=5.0257692297215517e-07
cycle=8846 time=1.5858687997456189e-01 dt=5.0244594015666451e-07
cycle=8847 time=1.5858738242050205e-01 dt=5.0231495698526426e-07
cycle=8848 time=1.5858788473545904e-01 dt=5.0218394336106635e-07
cycle=8849 time=1.5858838691940241e-01 dt=5.0205287070773410e-07
cycle=8850 time=1.5858888897227313e-01 dt=5.0192171228476507e-07
cycle=8851 time=1.5858939089398541e-01 dt=5.0179044346439192e-07
cycle=8852 time=1.5858989268442888e-01 dt=5.0165904196219859e-07
cycle=8853 time=1.5859039434347086e-01 dt=5.0152748802596247e-07
cycle=8854 time=1.5859089587095890e-01 dt=5.0139576457988232e-07
cycle=8855 time=1.5859139726672347e-01 dt=5.0126385732252997e-07
cycle=8856 time=1.5859189853058078e-01 dt=5.0113175475997665e-07
cycle=8857 time=1.5859239966233554e-01 dt=5.0099944827249787e-07
cycle=8858 time=1.5859290066178380e-01 dt=5.0086693213912606e-07
cycle=8859 time=1.5859340152871595e-01 dt=5.0073420351782439e-07
cycle=8860 time=1.5859390226291947e-01 dt=5.0060126238363588e-07
cycle=8861 time=1.5859440286418186e-01 dt=5.0046811148073224e-07
cycle=8862 time=1.5859490333229334e-01 dt=5.0033475613303126e-07
cycle=8863 time=1.5859540366704947e-01 dt=5.0020120407075533e-07
cycle=8864 time=1.5859590386825353e-01 dt=5.0006746523283307e-07
cycle=8865 time=1.5859640393571878e-01 dt=4.9993355154507080e-07
cycle=8866 time=1.5859690386927033e-01 dt=4.9979947667846256e-07
cycle=8867 time=1.5859740366874700e-01 dt=4.9966525579230352e-07
cycle=8868 time=1.5859790333400278e-01 dt=4.9953090526666813e-07
cycle=8869 time=1.5859840286490806e-01 dt=4.9939644242863874e-07
cycle=8870 time=1.5859890226135048e-01 dt=4.9926188527661062e-07
cycle=8871 time=1.5859940152323576e-01 dt=4.9912725220681345e-07
cycle=8872 time=1.5859990065048796e-01 dt=4.9899256174597686e-07
cycle=8873 time=1.5860039964304970e-01 dt=4.9885783229379584e-07
cycle=8874 time=1.5860089850088199e-01 dt=4.9872308187852559e-07
cycle=8875 time=1.5860139722396388e-01 dt=4.9858832792870353e-07
cycle=8876 time=1.5860189581229181e-01 dt=4.9845358706361107e-07
cycle=8877 time=1.5860239426587888e-01 dt=4.9831887490470427e-07
cycle=8878 time=1.5860289258475380e-01 dt=4.9818420590975959e-07
cycle=8879 time=1.5860339076895971e-01 dt=4.9804959323115195e-07
cycle=8880 time=1.5860388881855295e-01 dt=4.9791504859923037e-07
cycle=8881 time=1.5860438673360155e-01 dt=4.9778058223134333e-07
cycle=8882 time=1.5860488451418378e-01 dt=4.9764620276665471e-07
cycle=8883 time=1.5860538216038655e-01 dt=4.9751191722653444e-07
cycle=8884 time=1.5860587967230377e-01 dt=4.9737773099986289e-07
cycle=8885 time=1.5860637705003477e-01 dt=4.9724364785236938e-07
cycle=8886 time=1.5860687429368261e-01 dt=4.9710966995189372e-07
cycle=8887 time=1.5860737140335257e-01 dt=4.9697579792359387e-07
cycle=8888 time=1.5860786837915050e-01 dt=4.9684203092730356e-07
cycle=8889 time=1.5860836522118144e-01 dt=4.9670836674807653e-07
cycle=8890 time=1.5860886192954818e-01 dt=4.9657480190215648e-07
cycle=8891 time=1.5860935850435007e-01 dt=4.9644133175613152e-07
cycle=8892 time=1.5860985494568183e-01 dt=4.9630795065690322e-07
cycle=8893 time=1.5861035125363249e-01 dt=4.9617465207013482e-07
cycle=8894 time=1.5861084742828455e-01 dt=4.9604142872477298e-07
cycle=8895 time=1.5861134346971328e-01 dt=4.9590827276131377e-07
cycle=8896 time=1.5861183937798604e-01 dt=4.9577517588149758e-07
cycle=8897 time=1.5861233515316192e-01 dt=4.9564212949723651e-07
cycle=8898 time=1.5861283079529143e-01 dt=4.9550912487665180e-07
cycle=8899 time=1.5861332630441630e-01 dt=4.9537615328591052e-07
cycle=8900 time=1.5861382168056959e-01 dt=4.9524320612311250e-07
cycle=8901 time=1.5861431692377570e-01 dt=4.9511027504323863e-07
cycle=8902 time=1.5861481203405076e-01 dt=4.9497735207525827e-07
cycle=8903 time=1.5861530701140283e-01 dt=4.9484442972730646e-07
cycle=8904 time=1.5861580185583257e-01 dt=4.9471150107999782e-07
cycle=8905 time=1.5861629656733364e-01 dt=4.9457855986716939e-07
cycle=8906 time=1.5861679114589350e-01 dt=4.9444560054850011e-07
cycle=8907 time=1.5861728559149404e-01 dt=4.9431261835657250e-07
cycle=8908 time=1.5861777990411241e-01 dt=4.9417960933623852e-07
cycle=8909 time=1.5861827408372176e-01 dt=4.9404657037106629e-07
cycle=8910 time=1.5861876813029213e-01 dt=4.9391349919595313e-07
cycle=8911 time=1.5861926204379131e-01 dt=4.9378039439672849e-07
cycle=8912 time=1.5861975582418572e-01 dt=4.9364725539732508e-07
cycle=8913 time=1.5862024947144113e-01 dt=4.9351408243524784e-07
cycle=8914 time=1.5862074298552356e-01 dt=4.9338087652635060e-07
cycle=8915 time=1.5862123636640008e-01 dt=4.9324763941987414e-07
cycle=8916 time=1.5862172961403950e-01 dt=4.9311437354483545e-07
cycle=8917 time=1.5862222272841306e-01 dt=4.9298108194894357e-07
cycle=8918 time=1.5862271570949502e-01 dt=4.9284776823668856e-07
cycle=8919 time=1.5862320855726325e-01 dt=4.9271443649248520e-07
cycle=8920 time=1.5862370127169975e-01 dt=4.9258109120384427e-07
cycle=8921 time=1.5862419385279095e-01 dt=4.9244773718287144e-07
cycle=8922 time=1.5862468630052812e-01 dt=4.9231437948661142e-07
cycle=8923 time=1.5862517861490760e-01 dt=4.9218102333742035e-07
cycle=8924 time=1.5862567079593093e-01 dt=4.9204764923955612e-07
cycle=8925 time=1.5862616284358017e-01 dt=4.9191425313787858e-07
cycle=8926 time=1.5862665475783330e-01 dt=4.9178084218286802e-07
cycle=8927 time=1.5862714653867549e-01 dt=4.9164742377029023e-07
cycle=8928 time=1.5862763818609926e-01 dt=4.9151400543449186e-07
cycle=8929 time=1.5862812970010470e-01 dt=4.9138059473723184e-07
cycle=8930 time=1.5862862108069944e-01 dt=4.9124719936932379e-07
cycle=8931 time=1.5862911232789881e-01 dt=4.9111382743467975e-07
cycle=8932 time=1.5862960344172625e-01 dt=4.9098048621384107e-07
cycle=8933 time=1.5863009442221246e-01 dt=4.9084718259342215e-07
cycle=8934 time=1.5863058526939505e-01 dt=4.9071392298873353e-07
cycle=8935 time=1.5863107598331805e-01 dt=4.9058071327670992e-07
cycle=8936 time=1.5863156656403132e-01 dt=4.9044755873963058e-07
cycle=8937 time=1.5863205701159006e-01 dt=4.9031446401994831e-07
cycle=8938 time=1.5863254732605409e-01 dt=4.9018143308644783e-07
cycle=8939 time=1.5863303750748717e-01 dt=4.9004846921147843e-07
cycle=8940 time=1.5863352755595639e-01 dt=4.8991557495948104e-07
cycle=8941 time=1.5863401747153136e-01 dt=4.8978275214680252e-07
cycle=8942 time=1.5863450725428349e-01 dt=4.8965000188494196e-07
cycle=8943 time=1.5863499690428537e-01 dt=4.8951732462705625e-07
cycle=8944 time=1.5863548642160999e-01 dt=4.8938472037950568e-07
cycle=8945 time=1.5863597580633038e-01 dt=4.8925218840074972e-07
cycle=8946 time=1.5863646505851878e-01 dt=4.8911972734312976e-07
cycle=8947 time=1.5863695417824611e-01 dt=4.8898733534589449e-07
cycle=8948 time=1.5863744316558145e-01 dt=4.8885501008746224e-07
cycle=8949 time=1.5863793202059154e-01 dt=4.8872274884183800e-07
cycle=8950 time=1.5863842074334039e-01 dt=4.8859054853817772e-07
cycle=8951 time=1.5863890933388894e-01 dt=4.8845840582251352e-07
cycle=8952 time=1.5863939779229477e-01 dt=4.8832631712065096e-07
cycle=8953 time=1.5863988611861191e-01 dt=4.8819427870127778e-07
cycle=8954 time=1.5864037431289060e-01 dt=4.8806228673838924e-07
cycle=8955 time=1.5864086237517736e-01 dt=4.8793033737216844e-07
cycle=8956 time=1.5864135030551474e-01 dt=4.8779842676752008e-07
cycle=8957 time=1.5864183810394150e-01 dt=4.8766655116953873e-07
cycle=8958 time=1.5864232577049267e-01 dt=4.8753470695526141e-07
cycle=8959 time=1.5864281330519964e-01 dt=4.8740289068114174e-07
cycle=8960 time=1.5864330070809032e-01 dt=4.8727109912576709e-07
cycle=8961 time=1.5864378797918946e-01 dt=4.8713932917508669e-07
cycle=8962 time=1.5864427511851864e-01 dt=4.8700757798713454e-07
cycle=8963 time=1.5864476212609663e-01 dt=4.8687584304938444e-07
cycle=8964 time=1.5864524900193969e-01 dt=4.8674412220134016e-07
cycle=8965 time=1.5864573574606189e-01 dt=4.8661241365107045e-07
cycle=8966 time=1.5864622235847553e-01 dt=4.8648071598573104e-07
cycle=8967 time=1.5864670883919152e-01 dt=4.8634902817620750e-07
cycle=8968 time=1.5864719518821971e-01 dt=4.8621734955831683e-07
cycle=8969 time=1.5864768140556926e-01 dt=4.8608567997029300e-07
cycle=8970 time=1.5864816749124921e-01 dt=4.8595401965659480e-07
cycle=8971 time=1.5864865344526888e-01 dt=4.8582236913313527e-07
cycle=8972 time=1.5864913926763802e-01 dt=4.8569072917056311e-07
cycle=8973 time=1.5864962495836718e-01 dt=4.8555910077508293e-07
cycle=8974 time=1.5865011051746797e-01 dt=4.8542748516721649e-07
cycle=8975 time=1.5865059594495315e-01 dt=4.8529588375751716e-07
cycle=8976 time=1.5865108124083691e-01 dt=4.8516429811801065e-07
cycle=8977 time=1.5865156640513503e-01 dt=4.8503272995173654e-07
cycle=8978 time=1.5865205143786498e-01 dt=4.8490118106341318e-07
cycle=8979 time=1.5865253633904605e-01 dt=4.8476965333129558e-07
cycle=8980 time=1.5865302110869939e-01 dt=4.8463814867977897e-07
cycle=8981 time=1.5865350574684806e-01 dt=4.8450666905277717e-07
cycle=8982 time=1.5865399025351712e-01 dt=4.8437521638809965e-07
cycle=8983 time=1.5865447462873350e-01 dt=4.8424379259309447e-07
cycle=8984 time=1.5865495887252609e-01 dt=4.8411239952182950e-07
cycle=8985 time=1.5865544298492562e-01 dt=4.8398103895405660e-07
cycle=8986 time=1.5865592696596459e-01 dt=4.8384971257618288e-07
cycle=8987 time=1.5865641081567716e-01 dt=4.8371842196442000e-07
cycle=8988 time=1.5865689453409912e-01 dt=4.8358716857025090e-07
cycle=8989 time=1.5865737812126768e-01 dt=4.8345595370831595e-07
cycle=8990 time=1.5865786157722139e-01 dt=4.8332477854674853e-07
cycle=8991 time=1.5865834490199993e-01 dt=4.8319364410007907e-07
cycle=8992 time=1.5865882809564402e-01 dt=4.8306255122453401e-07
cycle=8993 time=1.5865931115819526e-01 dt=4.8293150061570019e-07
cycle=8994 time=1.5865979408969588e-01 dt=4.8280049280860830e-07
cycle=8995 time=1.5866027689018869e-01 dt=4.8266952818013453e-07
cycle=8996 time=1.5866075955971687e-01 dt=4.8253860695362474e-07
cycle=8997 time=1.5866124209832383e-01 dt=4.8240772920549952e-07
cycle=8998 time=1.5866172450605304e-01 dt=4.8227689487355160e-07
cycle=8999 time=1.5866220678294790e-01 dt=4.8214610376669511e-07
cycle=9000 time=1.5866268892905167e-01 dt=4.8201535557594906e-07
cycle=9001 time=1.5866317094440724e-01 dt=4.8188464988653009e-07
cycle=9002 time=1.5866365282905712e-01 dt=4.8175398619103107e-07
cycle=9003 time=1.5866413458304332e-01 dt=4.8162336390325922e-07
cycle=9004 time=1.5866461620640723e-01 dt=4.8149278237264678e-07
cycle=9005 time=1.5866509769918960e-01 dt=4.8136224089875309e-07
cycle=9006 time=1.5866557906143050e-01 dt=4.8123173874580021e-07
cycle=9007 time=1.5866606029316924e-01 dt=4.8110127515721991e-07
cycle=9008 time=1.5866654139444439e-01 dt=4.8097084936969828e-07
cycle=9009 time=1.5866702236529376e-01 dt=4.8084046062661415e-07
cycle=9010 time=1.5866750320575437e-01 dt=4.8071010819070570e-07
cycle=9011 time=1.5866798391586256e-01 dt=4.8057979135581447e-07
cycle=9012 time=1.5866846449565392e-01 dt=4.8044950945759474e-07
cycle=9013 time=1.5866894494516337e-01 dt=4.8031926188311059e-07
cycle=9014 time=1.5866942526442526e-01 dt=4.8018904807925439e-07
cycle=9015 time=1.5866990545347334e-01 dt=4.8005886755993414e-07
cycle=9016 time=1.5867038551234089e-01 dt=4.7992871991203399e-07
cycle=9017 time=1.5867086544106079e-01 dt=4.7979860480040014e-07
cycle=9018 time=1.5867134523966558e-01 dt=4.7966852197091415e-07
cycle=9019 time=1.5867182490818754e-01 dt=4.7953847125209959e-07
cycle=9020 time=1.5867230444665881e-01 dt=4.7940845255547063e-07
cycle=9021 time=1.5867278385511135e-01 dt=4.7927846587679126e-07
cycle=9022 time=1.5867326313357724e-01 dt=4.7914851129449334e-07
cycle=9023 time=1.5867374228208853e-01 dt=4.7901858896688003e-07
cycle=9024 time=1.5867422130067749e-01 dt=4.7888869912835319e-07
cycle=9025 time=1.5867470018937663e-01 dt=4.7875884208474222e-07
cycle=9026 time=1.5867517894821873e-01 dt=4.7862901822343266e-07
cycle=9027 time=1.5867565757723695e-01 dt=4.7849922799394118e-07
cycle=9028 time=1.5867613607646494e-01 dt=4.7836947189685453e-07
cycle=9029 time=1.5867661444593684e-01 dt=4.7823975047698555e-07
cycle=9030 time=1.5867709268568730e-01 dt=4.7811006431582460e-07
cycle=9031 time=1.5867757079575162e-01 dt=4.7798041402382462e-07
cycle=9032 time=1.5867804877616565e-01 dt=4.7785080023262960e-07
cycle=9033 time=1.5867852662696588e-01 dt=4.7772122358736092e-07
cycle=9034 time=1.5867900434818946e-01 dt=4.7759168473896552e-07
cycle=9035 time=1.5867948193987419e-01 dt=4.7746218433664268e-07
cycle=9036 time=1.5867995940205853e-01 dt=4.7733272302045773e-07
cycle=9037 time=1.5868043673478155e-01 dt=4.7720330141493145e-07
cycle=9038 time=1.5868091393808295e-01 dt=4.7707392012407826e-07
cycle=9039 time=1.5868139101200307e-01 dt=4.7694457972657011e-07
cycle=9040 time=1.5868186795658279e-01 dt=4.7681528077088461e-07
cycle=9041 time=1.5868234477186355e-01 dt=4.7668602377099145e-07
cycle=9042 time=1.5868282145788731e-01 dt=4.7655680920276094e-07
cycle=9043 time=1.5868329801469652e-01 dt=4.7642763750108991e-07
cycle=9044 time=1.5868377444233403e-01 dt=4.7629850905773381e-07
cycle=9045 time=1.5868425074084308e-01 dt=4.7616942421989233e-07
cycle=9046 time=1.5868472691026730e-01 dt=4.7604038328934246e-07
cycle=9047 time=1.5868520295065058e-01 dt=4.7591138652230135e-07
cycle=9048 time=1.5868567886203711e-01 dt=4.7578243413373245e-07
cycle=9049 time=1.5868615464447125e-01 dt=4.7565352630254384e-07
cycle=9050 time=1.5868663029799757e-01 dt=4.7552466316194967e-07
cycle=9051 time=1.5868710582266074e-01 dt=4.7539584480163452e-07
cycle=9052 time=1.5868758121850554e-01 dt=4.7526707127041470e-07
cycle=9053 time=1.5868805648557682e-01 dt=4.7513834257933255e-07
cycle=9054 time=1.5868853162391941e-01 dt=4.7500965871337479e-07
cycle=9055 time=1.5868900663357813e-01 dt=4.7488102013681734e-07
cycle=9056 time=1.5868948151459827e-01 dt=4.7475242715755464e-07
cycle=9057 time=1.5868995626702542e-01 dt=4.7462387992816890e-07
cycle=9058 time=1.5869043089090534e-01 dt=4.7449537844946441e-07
cycle=9059 time=1.5869090538628380e-01 dt=4.7436692257704425e-07
cycle=9060 time=1.5869137975320638e-01 dt=4.7423851202904496e-07
cycle=9061 time=1.5869185399171840e-01 dt=4.7411014639511477e-07
cycle=9062 time=1.5869232810186479e-01 dt=4.7398182514678024e-07
cycle=9063 time=1.5869280208368994e-01 dt=4.7385354764903918e-07
cycle=9064 time=1.5869327593723759e-01 dt=4.7372531317293071e-07
cycle=9065 time=1.5869374966255076e-01 dt=4.7359712090887889e-07
cycle=9066 time=1.5869422325967167e-01 dt=4.7346896998059012e-07
cycle=9067 time=1.5869469672864164e-01 dt=4.7334085945927606e-07
cycle=9068 time=1.5869517006950110e-01 dt=4.7321278837799389e-07
cycle=9069 time=1.5869564328228947e-01 dt=4.7308475574582542e-07
cycle=9070 time=1.5869611636704523e-01 dt=4.7295676056215567e-07
cycle=9071 time=1.5869658932380579e-01 dt=4.7282880183059931e-07
cycle=9072 time=1.5869706215260762e-01 dt=4.7270087857152733e-07
cycle=9073 time=1.5869753485348620e-01 dt=4.7257298983393675e-07
cycle=9074 time=1.5869800742647602e-01 dt=4.7244513470642961e-07
cycle=9075 time=1.5869847987161073e-01 dt=4.7231731232720737e-07
cycle=9076 time=1.5869895218892305e-01 dt=4.7218952189298137e-07
cycle=9077 time=1.5869942437844495e-01 dt=4.7206176266672774e-07
cycle=9078 time=1.5869989644020763e-01 dt=4.7193403398422982e-07
cycle=9079 time=1.5870036837424162e-01 dt=4.7180633525938212e-07
cycle=9080 time=1.5870084018057687e-01 dt=4.7167866598937607e-07
cycle=9081 time=1.5870131185924286e-01 dt=4.7155102576216180e-07
cycle=9082 time=1.5870178341026861e-01 dt=4.7142341424519573e-07
cycle=9083 time=1.5870225483368286e-01 dt=4.7129583119267046e-07
cycle=9084 time=1.5870272612951405e-01 dt=4.7116827644473427e-07
cycle=9085 time=1.5870319729779050e-01 dt=4.7104074992564695e-07
cycle=9086 time=1.5870366833854044e-01 dt=4.7091325164088579e-07
cycle=9087 time=1.5870413925179208e-01 dt=4.7078578167312469e-07
cycle=9088 time=1.5870461003757375e-01 dt=4.7065834017739810e-07
cycle=9089 time=1.5870508069591394e-01 dt=4.7053092737556164e-07
cycle=9090 time=1.5870555122684132e-01 dt=4.7040354355015067e-07
cycle=9091 time=1.5870602163038489e-01 dt=4.7027618903775786e-07
cycle=9092 time=1.5870649190657393e-01 dt=4.7014886422203668e-07
cycle=9093 time=1.5870696205543816e-01 dt=4.7002156952644532e-07
cycle=9094 time=1.5870743207700769e-01 dt=4.6989430540684425e-07
cycle=9095 time=1.5870790197131310e-01 dt=4.6976707234405358e-07
cycle=9096 time=1.5870837173838545e-01 dt=4.6963987083647354e-07
cycle=9097 time=1.5870884137825628e-01 dt=4.6951270139286646e-07
cycle=9098 time=1.5870931089095766e-01 dt=4.6938556452530532e-07
cycle=9099 time=1.5870978027652219e-01 dt=4.6925846074248953e-07
cycle=9100 time=1.5871024953498294e-01 dt=4.6913139054351085e-07
cycle=9101 time=1.5871071866637348e-01 dt=4.6900435441213701e-07
cycle=9102 time=1.5871118767072789e-01 dt=4.6887735281165262e-07
cycle=9103 time=1.5871165654808070e-01 dt=4.6875038618027824e-07
cycle=9104 time=1.5871212529846687e-01 dt=4.6862345492717873e-07
cycle=9105 time=1.5871259392192180e-01 dt=4.6849655942907534e-07
cycle=9106 time=1.5871306241848124e-01 dt=4.6836970002747471e-07
cycle=9107 time=1.5871353078818126e-01 dt=4.6824287702655355e-07
cycle=9108 time=1.5871399903105829e-01 dt=4.6811609069169281e-07
cycle=9109 time=1.5871446714714899e-01 dt=4.6798934124914949e-07
cycle=9110 time=1.5871493513649024e-01 dt=4.6786262888613539e-07
cycle=9111 time=1.5871540299911913e-01 dt=4.6773595375016511e-07
cycle=9112 time=1.5871587073507287e-01 dt=4.6760931595001743e-07
cycle=9113 time=1.5871633834438884e-01 dt=4.6748271555500939e-07
cycle=9114 time=1.5871680582710440e-01 dt=4.6735615258558298e-07
cycle=9115 time=1.5871727318325698e-01 dt=4.6722962701152458e-07
cycle=9116 time=1.5871774041288400e-01 dt=4.6710313875521579e-07
cycle=9117 time=1.5871820751602275e-01 dt=4.6697668769601096e-07
cycle=9118 time=1.5871867449271046e-01 dt=4.6685027367500920e-07
cycle=9119 time=1.5871914134298412e-01 dt=4.6672389650016256e-07
cycle=9120 time=1.5871960806688062e-01 dt=4.6659755595163080e-07
cycle=9121 time=1.5872007466443658e-01 dt=4.6647125178729701e-07
cycle=9122 time=1.5872054113568837e-01 dt=4.6634498374836102e-07
cycle=9123 time=1.5872100748067211e-01 dt=4.6621875156492971e-07
cycle=9124 time=1.5872147369942369e-01 dt=4.6609255496152879e-07
cycle=9125 time=1.5872193979197866e-01 dt=4.6596639366246158e-07
cycle=9126 time=1.5872240575837232e-01 dt=4.6584026739691764e-07
cycle=9127 time=1.5872287159863971e-01 dt=4.6571417590482882e-07
cycle=9128 time=1.5872333731281563e-01 dt=4.6558811894067898e-07
cycle=9129 time=1.5872380290093457e-01 dt=4.6546209627758828e-07
cycle=9130 time=1.5872426836303086e-01 dt=4.6533610771098900e-07
cycle=9131 time=1.5872473369913856e-01 dt=4.6521015306186098e-07
cycle=9132 time=1.5872519890929163e-01 dt=4.6508423217946530e-07
cycle=9133 time=1.5872566399352381e-01 dt=4.6495834494364000e-07
cycle=9134 time=1.5872612895186874e-01 dt=4.6483249126660277e-07
cycle=9135 time=1.5872659378436002e-01 dt=4.6470667109426855e-07
cycle=9136 time=1.5872705849103111e-01 dt=4.6458088440712350e-07
cycle=9137 time=1.5872752307191551e-01 dt=4.6445513122057970e-07
cycle=9138 time=1.5872798752704673e-01 dt=4.6432941158489505e-07
cycle=9139 time=1.5872845185645831e-01 dt=4.6420372558467222e-07
cycle=9140 time=1.5872891606018391e-01 dt=4.6407807333794477e-07
cycle=9141 time=1.5872938013825724e-01 dt=4.6395245499488480e-07
cycle=9142 time=1.5872984409071222e-01 dt=4.6382687073616657e-07
cycle=9143 time=1.5873030791758297e-01 dt=4.6370132077102712e-07
cycle=9144 time=1.5873077161890373e-01 dt=4.6357580533505966e-07
cycle=9145 time=1.5873123519470905e-01 dt=4.6345032468777513e-07
cycle=9146 time=1.5873169864503375e-01 dt=4.6332487910996892e-07
cycle=9147 time=1.5873216196991285e-01 dt=4.6319946890099408e-07
cycle=9148 time=1.5873262516938175e-01 dt=4.6307409437593139e-07
cycle=9149 time=1.5873308824347612e-01 dt=4.6294875586271320e-07
cycle=9150 time=1.5873355119223198e-01 dt=4.6282345369923580e-07
cycle=9151 time=1.5873401401568568e-01 dt=4.6269818823050215e-07
cycle=9152 time=1.5873447671387392e-01 dt=4.6257295980582964e-07
cycle=9153 time=1.5873493928683372e-01 dt=4.6244776877615780e-07
cycle=9154 time=1.5873540173460249e-01 dt=4.6232261549148355e-07
cycle=9155 time=1.5873586405721798e-01 dt=4.6219750029845421e-07
cycle=9156 time=1.5873632625471829e-01 dt=4.6207242353813910e-07
cycle=9157 time=1.5873678832714183e-01 dt=4.6194738554406511e-07
cycle=9158 time=1.5873725027452737e-01 dt=4.6182238664059007e-07
cycle=9159 time=1.5873771209691401e-01 dt=4.6169742714131908e-07
cycle=9160 time=1.5873817379434116e-01 dt=4.6157250734736378e-07
cycle=9161 time=1.5873863536684851e-01 dt=4.6144762754587918e-07
cycle=9162 time=1.5873909681447607e-01 dt=4.6132278793865841e-07
cycle=9163 time=1.5873955813726401e-01 dt=4.6119798824759481e-07
cycle=9164 time=1.5874001933525225e-01 dt=4.6107322764460138e-07
cycle=9165 time=1.5874048040847991e-01 dt=4.6094850570271350e-07
cycle=9166 time=1.5874094135698560e-01 dt=4.6082382244865124e-07
cycle=9167 time=1.5874140218080807e-01 dt=4.6069917838772375e-07
cycle=9168 time=1.5874186287998646e-01 dt=4.6057457447689916e-07
cycle=9169 time=1.5874232345456094e-01 dt=4.6045001210524322e-07
cycle=9170 time=1.5874278390457305e-01 dt=4.6032549305732264e-07
cycle=9171 time=1.5874324423006611e-01 dt=4.6020101947149194e-07
cycle=9172 time=1.5874370443108557e-01 dt=4.6007659379602955e-07
cycle=9173 time=1.5874416450767936e-01 dt=4.5995221874347828e-07
cycle=9174 time=1.5874462445989812e-01 dt=4.5982789724375200e-07
cycle=9175 time=1.5874508428779535e-01 dt=4.5970363239681224e-07
cycle=9176 time=1.5874554399142776e-01 dt=4.5957942742552524e-07
cycle=9177 time=1.5874600357085519e-01 dt=4.5945528562929340e-07
cycle=9178 time=1.5874646302614082e-01 dt=4.5933121033902580e-07
cycle=9179 time=1.5874692235735116e-01 dt=4.5920720487395665e-07
cycle=9180 time=1.5874738156455603e-01 dt=4.5908327250078527e-07
cycle=9181 time=1.5874784064782854e-01 dt=4.5895941639555753e-07
cycle=9182 time=1.5874829960724493e-01 dt=4.5883563960865496e-07
cycle=9183 time=1.5874875844288455e-01 dt=4.5871194503319683e-07
cycle=9184 time=1.5874921715482959e-01 dt=4.5858833537709470e-07
cycle=9185 time=1.5874967574316498e-01 dt=4.5846481313894684e-07
cycle=9186 time=1.5875013420797812e-01 dt=4.5834138058789178e-07
cycle=9187 time=1.5875059254935872e-01 dt=4.5821803974743454e-07
cycle=9188 time=1.5875105076739845e-01 dt=4.5809479238292815e-07
cycle=9189 time=1.5875150886219083e-01 dt=4.5797163999352129e-07
cycle=9190 time=1.5875196683383083e-01 dt=4.5784858380813003e-07
cycle=9191 time=1.5875242468241463e-01 dt=4.5772562478512349e-07
cycle=9192 time=1.5875288240803942e-01 dt=4.5760276361552263e-07
cycle=9193 time=1.5875334001080305e-01 dt=4.5748000071734939e-07
cycle=9194 time=1.5875379749080376e-01 dt=4.5735733625480062e-07
cycle=9195 time=1.5875425484814001e-01 dt=4.5723477015274663e-07
cycle=9196 time=1.5875471208291017e-01 dt=4.5711230211184629e-07
cycle=9197 time=1.5875516919521229e-01 dt=4.5698993162582302e-07
cycle=9198 time=1.5875562618514391e-01 dt=4.5686765800057420e-07
cycle=9199 time=1.5875608305280192e-01 dt=4.5674548037474905e-07
cycle=9200 time=1.5875653979828230e-01 dt=4.5662339774136009e-07
cycle=9201 time=1.5875699642168004e-01 dt=4.5650140897022152e-07
cycle=9202 time=1.5875745292308902e-01 dt=4.5637951283125917e-07
cycle=9203 time=1.5875790930260184e-01 dt=4.5625770801763944e-07
cycle=9204 time=1.5875836556030987e-01 dt=4.5613599427633527e-07
cycle=9205 time=1.5875882169630415e-01 dt=4.5601437177515394e-07
cycle=9206 time=1.5875927771067591e-01 dt=4.5589283928872348e-07
cycle=9207 time=1.5875973360351520e-01 dt=4.5577139556247185e-07
cycle=9208 time=1.5876018937491077e-01 dt=4.5565003933213180e-07
cycle=9209 time=1.5876064502495010e-01 dt=4.5552876934237250e-07
cycle=9210 time=1.5876110055371945e-01 dt=4.5540758436436700e-07
cycle=9211 time=1.5876155596130381e-01 dt=4.5528648321211113e-07
cycle=9212 time=1.5876201124778702e-01 dt=4.5516546475734124e-07
cycle=9213 time=1.5876246641325178e-01 dt=4.5504452794293422e-07
cycle=9214 time=1.5876292145777973e-01 dt=4.5492367179469132e-07
cycle=9215 time=1.5876337638145152e-01 dt=4.5480289543142939e-07
cycle=9216 time=1.5876383118434695e-01 dt=4.5468219807330549e-07
cycle=9217 time=1.5876428586654504e-01 dt=4.5456157904838408e-07
cycle=9218 time=1.5876474042812408e-01 dt=4.5444103779745011e-07
cycle=9219 time=1.5876519486916188e-01 dt=4.5432057387708760e-07
cycle=9220 time=1.5876564918973576e-01 dt=4.5420018696107764e-07
cycle=9221 time=1.5876610338992272e-01 dt=4.5407987684018111e-07
cycle=9222 time=1.5876655746979956e-01 dt=4.5395964342023194e-07
cycle=9223 time=1.5876701142944299e-01 dt=4.5383948671884312e-07
cycle=9224 time=1.5876746526892971e-01 dt=4.5371940686101421e-07
cycle=9225 time=1.5876791898833656e-01 dt=4.5359940407348354e-07
cycle=9226 time=1.5876837258774062e-01 dt=4.5347947867805619e-07
cycle=9227 time=1.5876882606721932e-01 dt=4.5335963108402733e-07
cycle=9228 time=1.5876927942685040e-01 dt=4.5323986176944973e-07
cycle=9229 time=1.5876973266671218e-01 dt=4.5312017123514064e-07
cycle=9230 time=1.5877018578688343e-01 dt=4.5300055999722651e-07
cycle=9231 time=1.5877063878744344e-01 dt=4.5288102858058459e-07
cycle=9232 time=1.5877109166847200e-01 dt=4.5276157751252628e-07
cycle=9233 time=1.5877154443004951e-01 dt=4.5264220731679119e-07
cycle=9234 time=1.5877199707225684e-01 dt=4.5252291850790137e-07
cycle=9235 time=1.5877244959517534e-01 dt=4.5240371158593405e-07
cycle=9236 time=1.5877290199888691e-01 dt=4.5228458703175679e-07
cycle=9237 time=1.5877335428347394e-01 dt=4.5216554530276069e-07
cycle=9238 time=1.5877380644901926e-01 dt=4.5204658682912215e-07
cycle=9239 time=1.5877425849560609e-01 dt=4.5192771201061704e-07
cycle=9240 time=1.5877471042331809e-01 dt=4.5180892121399326e-07
cycle=9241 time=1.5877516223223931e-01 dt=4.5169021477126672e-07
cycle=9242 time=1.5877561392245407e-01 dt=4.5157159297865659e-07
cycle=9243 time=1.5877606549404705e-01 dt=4.5145305609994354e-07
cycle=9244 time=1.5877651694710315e-01 dt=4.5133460436500453e-07
cycle=9245 time=1.5877696828170751e-01 dt=4.5121623795944877e-07
cycle=9246 time=1.5877741949794547e-01 dt=4.5109795702816873e-07
cycle=9247 time=1.5877787059590248e-01 dt=4.5097976167868590e-07
cycle=9248 time=1.5877832157566416e-01 dt=4.5086165198593942e-07
cycle=9249 time=1.5877877243731614e-01 dt=4.5074362800089267e-07
cycle=9250 time=1.5877922318094415e-01 dt=4.5062568975625196e-07
cycle=9251 time=1.5877967380663391e-01 dt=4.5050783727167001e-07
cycle=9252 time=1.5878012431447119e-01 dt=4.5039007055882860e-07
cycle=9253 time=1.5878057470454177e-01 dt=4.5027238962626753e-07
cycle=9254 time=1.5878102497693139e-01 dt=4.5015479448382608e-07
cycle=9255 time=1.5878147513172589e-01 dt=4.5003728514667585e-07
cycle=9256 time=1.5878192516901105e-01 dt=4.4991986163891035e-07
cycle=9257 time=1.5878237508887269e-01 dt=4.4980252399668086e-07
cycle=9258 time=1.5878282489139670e-01 dt=4.4968527227086483e-07
cycle=9259 time=1.5878327457666896e-01 dt=4.4956810652925523e-07
cycle=9260 time=1.5878372414477548e-01 dt=4.4945102685826789e-07
cycle=9261 time=1.5878417359580235e-01 dt=4.4933403336417057e-07
cycle=9262 time=1.5878462292983572e-01 dt=4.4921712615136579e-07
cycle=9263 time=1.5878507214696189e-01 dt=4.4910030539604408e-07
cycle=9264 time=1.5878552124726728e-01 dt=4.4898357134235100e-07
cycle=9265 time=1.5878597023083862e-01 dt=4.4886692418198009e-07
cycle=9266 time=1.5878641909776281e-01 dt=4.4875036414704713e-07
