run_id,tag,f,beta,mturb,theta,seed,status,runtime_s,lW,lW_status,t_frag,morphology,tau_peak_max,tau_peak_mean,survives_0p1,n_peaks_final,n_peak_events,peak_analysis_status,n_athdf_purged,returncode
RTC_CG_f1p0_b0p3_m2p0_t0_s3,CG,1.0,0.3,2.0,0,3,failed,120.60534954071045,,no_athdf,0.309018,RADIAL_COLLAPSE,0.19952090084552765,0.13959606736898422,True,4,4,ok,31,-2
RTC_CG_f1p0_b0p3_m2p0_t90_s3,CG,1.0,0.3,2.0,90,3,failed,301.3703682422638,,no_athdf,0.339035,RADIAL_COLLAPSE,0.22925028949975967,0.1347117517143488,True,3,4,ok,34,-2
RTC_CG_f1p0_b0p3_m2p0_t90_s1,CG,1.0,0.3,2.0,90,1,failed,406.93883061408997,,no_athdf,0.368,RADIAL_COLLAPSE,0.21957512199878693,0.14291473726431528,True,2,3,ok,37,-2
RTC_CG_f1p0_b0p3_m2p0_t90_s2,CG,1.0,0.3,2.0,90,2,failed,406.9180951118469,,no_athdf,0.338033,RADIAL_COLLAPSE,0.22992512583732605,0.10996200144290924,True,2,3,ok,34,-2
RTC_CG_f1p0_b0p3_m2p0_t0_s2,CG,1.0,0.3,2.0,0,2,failed,467.3260598182678,,no_athdf,0.327005,RADIAL_COLLAPSE,0.2200881913304329,0.10171103924512863,True,4,5,ok,33,-2
RTC_CG_f1p0_b0p5_m2p0_t0_s3,CG,1.0,0.5,2.0,0,3,failed,135.6958725452423,,no_athdf,0.308056,RADIAL_COLLAPSE,0.19883286207914352,0.13930381648242474,True,4,4,ok,31,-2
RTC_CG_f1p0_b0p5_m2p0_t90_s1,CG,1.0,0.5,2.0,90,1,failed,271.3210813999176,,no_athdf,0.358034,RADIAL_COLLAPSE,0.20956794917583466,0.13320513566335043,True,2,3,ok,36,-2
RTC_CG_f1p0_b0p5_m2p0_t90_s2,CG,1.0,0.5,2.0,90,2,failed,301.51258397102356,,no_athdf,0.331019,RADIAL_COLLAPSE,0.22906926274299622,0.09953729063272476,True,3,4,ok,34,-2
RTC_CG_f1p0_b0p5_m2p0_t90_s3,CG,1.0,0.5,2.0,90,3,failed,1040.0903165340424,,no_athdf,0.358011,RADIAL_COLLAPSE,0.24968358129262924,0.1669881585985422,True,2,4,ok,36,-2
RTC_CG_f1p0_b0p5_m2p0_t0_s1,CG,1.0,0.5,2.0,0,1,failed,2170.4583060741425,,no_athdf,0.387,RADIAL_COLLAPSE,0.23948617279529572,0.09237427583762578,True,4,7,ok,39,-2
RTC_CG_f1p0_b1p0_m2p0_t0_s2,CG,1.0,1.0,2.0,0,2,failed,1778.382455587387,,no_athdf,0.321,RADIAL_COLLAPSE,0.21926163136959076,0.10176604092121125,True,4,5,ok,33,-2
RTC_CG_f1p0_b1p0_m2p0_t90_s1,CG,1.0,1.0,2.0,90,1,failed,376.8312363624573,,no_athdf,0.336014,RADIAL_COLLAPSE,0.19006970524787903,0.0946120172739029,True,2,4,ok,34,-2
RTC_CG_f1p0_b1p0_m2p0_t90_s2,CG,1.0,1.0,2.0,90,2,failed,226.0252034664154,,no_athdf,0.307027,RADIAL_COLLAPSE,0.19998924434185028,0.11982363959153493,True,3,3,ok,31,-2
RTC_CG_f1p0_b1p0_m2p0_t90_s3,CG,1.0,1.0,2.0,90,3,failed,135.67397689819336,,no_athdf,0.30607,RADIAL_COLLAPSE,0.1990954726934433,0.13679750636219978,True,4,4,ok,31,-2
RTC_CG_f1p0_b0p3_m2p0_t0_s1,CG,1.0,0.3,2.0,0,1,failed,3798.2767066955566,,no_athdf,0.386,RADIAL_COLLAPSE,0.2391619086265564,0.09111058924879346,True,4,7,ok,39,-2
RTC_CG_f1p0_b1p0_m2p0_t0_s1,CG,1.0,1.0,2.0,0,1,failed,3511.7843532562256,,no_athdf,0.400001,RADIAL_COLLAPSE,0.25981834530830383,0.09112431667745113,True,5,8,ok,41,-2
RTC_CG_f1p0_b0p5_m2p0_t0_s2,CG,1.0,0.5,2.0,0,2,failed,3949.2071442604065,,no_athdf,0.329,RADIAL_COLLAPSE,0.21969807147979736,0.10177241861820222,True,4,5,ok,33,-2
RTC_CG_f1p0_b2p0_m2p0_t0_s1,CG,1.0,2.0,2.0,0,1,failed,1522.4234549999237,,no_athdf,0.387,RADIAL_COLLAPSE,0.2386689931154251,0.09251698638711657,True,4,7,ok,39,-2
RTC_CG_f1p0_b2p0_m2p0_t90_s1,CG,1.0,2.0,2.0,90,1,failed,120.61083030700684,,no_athdf,0.337036,RADIAL_COLLAPSE,0.18887144327163696,0.09929632022976875,True,3,4,ok,34,-2
RTC_CG_f1p0_b2p0_m2p0_t90_s2,CG,1.0,2.0,2.0,90,2,failed,180.90780758857727,,no_athdf,0.299154,RADIAL_COLLAPSE,0.18945297598838806,0.0924709104001522,True,3,4,ok,30,-2
RTC_CG_f1p2_b0p3_m2p0_t0_s2,CG,1.2,0.3,2.0,0,2,failed,135.59302926063538,,no_athdf,0.310006,RADIAL_COLLAPSE,0.20875167101621628,0.09747089892625808,True,4,5,ok,32,-2
RTC_CG_f1p0_b2p0_m2p0_t90_s3,CG,1.0,2.0,2.0,90,3,failed,512.5457870960236,,no_athdf,0.357013,RADIAL_COLLAPSE,0.24840600788593292,0.1791374683380127,True,3,4,ok,36,-2
RTC_CG_f1p2_b0p3_m2p0_t90_s1,CG,1.2,0.3,2.0,90,1,failed,452.15481758117676,,no_athdf,0.353022,RADIAL_COLLAPSE,0.20996402204036713,0.13656583428382874,True,2,3,ok,36,-2
RTC_CG_f1p2_b0p3_m2p0_t90_s2,CG,1.2,0.3,2.0,90,2,failed,180.85958409309387,,no_athdf,0.310024,RADIAL_COLLAPSE,0.2088250145316124,0.09928254534800847,True,2,3,ok,32,-2
RTC_CG_f1p2_b0p3_m2p0_t0_s3,CG,1.2,0.3,2.0,0,3,failed,1024.9486243724823,,no_athdf,0.379022,RADIAL_COLLAPSE,0.2692665681242943,0.16350899487733841,True,4,5,ok,38,-2
RTC_CG_f1p2_b0p3_m2p0_t90_s3,CG,1.2,0.3,2.0,90,3,failed,286.34741377830505,,no_athdf,0.316057,RADIAL_COLLAPSE,0.20936135202646255,0.12183641828596592,True,3,4,ok,32,-2
RTC_CG_f1p2_b0p5_m2p0_t0_s1,CG,1.2,0.5,2.0,0,1,failed,150.68440413475037,,no_athdf,0.342042,RADIAL_COLLAPSE,0.19974595308303833,0.08152564615011215,True,3,6,ok,35,-2
RTC_CG_f1p2_b0p5_m2p0_t0_s3,CG,1.2,0.5,2.0,0,3,failed,90.46485209465027,,no_athdf,0.281414,RADIAL_COLLAPSE,0.17908058315515518,0.119668735191226,True,4,4,ok,29,-2
RTC_CG_f1p2_b0p5_m2p0_t0_s2,CG,1.2,0.5,2.0,0,2,failed,120.58111667633057,,no_athdf,0.301188,RADIAL_COLLAPSE,0.19979219138622284,0.09184857904911041,True,3,5,ok,31,-2
RTC_CG_f1p2_b0p5_m2p0_t90_s2,CG,1.2,0.5,2.0,90,2,failed,286.41497445106506,,no_athdf,0.298042,RADIAL_COLLAPSE,0.18927010893821716,0.10286598900953929,True,2,3,ok,30,-2
RTC_CG_f1p2_b0p5_m2p0_t90_s1,CG,1.2,0.5,2.0,90,1,failed,391.93896770477295,,no_athdf,0.348017,RADIAL_COLLAPSE,0.1999143809080124,0.12978318333625793,True,2,3,ok,35,-2
RTC_CG_f1p0_b1p0_m2p0_t0_s3,CG,1.0,1.0,2.0,0,3,failed,4838.4779686927795,,no_athdf,0.394001,RADIAL_COLLAPSE,0.28992318361997604,0.14979647969206175,True,4,6,ok,40,-2
RTC_CG_f1p2_b0p5_m2p0_t90_s3,CG,1.2,0.5,2.0,90,3,failed,301.4814147949219,,no_athdf,0.306019,RADIAL_COLLAPSE,0.1998443901538849,0.13201086968183517,True,3,4,ok,31,-2
RTC_CG_f1p2_b0p3_m2p0_t0_s1,CG,1.2,0.3,2.0,0,1,failed,3798.0788340568542,,no_athdf,0.382,RADIAL_COLLAPSE,0.23939280211925507,0.091346908892904,True,4,7,ok,39,-2
RTC_CG_f1p2_b1p0_m2p0_t90_s1,CG,1.2,1.0,2.0,90,1,failed,195.92220664024353,,no_athdf,0.322091,RADIAL_COLLAPSE,0.17910489439964294,0.0897093340754509,True,2,4,ok,33,-2
RTC_CG_f1p2_b1p0_m2p0_t90_s2,CG,1.2,1.0,2.0,90,2,failed,241.17172861099243,,no_athdf,0.287097,RADIAL_COLLAPSE,0.17866642028093338,0.1096470629175504,True,2,3,ok,29,-2
RTC_CG_f1p2_b1p0_m2p0_t90_s3,CG,1.2,1.0,2.0,90,3,failed,753.6188373565674,,no_athdf,0.306032,RADIAL_COLLAPSE,0.19925415515899658,0.13687439635396004,True,4,4,ok,31,-2
RTC_CG_f1p0_b2p0_m2p0_t0_s3,CG,1.0,2.0,2.0,0,3,failed,5561.7578682899475,,no_athdf,0.399,RADIAL_COLLAPSE,0.2894332781434059,0.14948299899697304,True,4,6,ok,40,-2
RTC_CG_f1p2_b1p0_m2p0_t0_s1,CG,1.2,1.0,2.0,0,1,failed,3587.3695867061615,,no_athdf,0.365001,RADIAL_COLLAPSE,0.21875271201133728,0.08265618979930878,True,4,7,ok,37,-2
RTC_CG_f1p0_b2p0_m2p0_t0_s2,CG,1.0,2.0,2.0,0,2,failed,7204.23784160614,7.34375,ok:5_peaks,0.3600001037120819,FULL,0.25878003239631653,0.0969056785106659,True,5,7,ok,37,-9
RTC_CG_f1p2_b2p0_m2p0_t90_s1,CG,1.2,2.0,2.0,90,1,failed,150.6637544631958,,no_athdf,0.322151,RADIAL_COLLAPSE,0.1793513298034668,0.09707643464207649,True,2,4,ok,33,-2
RTC_CG_f1p2_b2p0_m2p0_t90_s2,CG,1.2,2.0,2.0,90,2,failed,135.6540298461914,,no_athdf,0.287023,RADIAL_COLLAPSE,0.1795596107840538,0.08979061804711819,True,3,4,ok,29,-2
RTC_CG_f1p2_b2p0_m2p0_t90_s3,CG,1.2,2.0,2.0,90,3,failed,874.1456305980682,,no_athdf,0.356034,RADIAL_COLLAPSE,0.24854499846696854,0.17921951226890087,True,4,4,ok,36,-2
RTC_CG_f1p5_b0p3_m2p0_t0_s1,CG,1.5,0.3,2.0,0,1,failed,211.0501368045807,,no_athdf,0.328066,RADIAL_COLLAPSE,0.17980355024337769,0.08589379489421844,True,4,5,ok,33,-2
RTC_CG_f1p5_b0p3_m2p0_t0_s2,CG,1.5,0.3,2.0,0,2,failed,105.53853487968445,,no_athdf,0.27219,RADIAL_COLLAPSE,0.1689591184258461,0.09447960369288921,True,3,4,ok,28,-2
RTC_CG_f1p5_b0p3_m2p0_t0_s3,CG,1.5,0.3,2.0,0,3,failed,210.9715404510498,,no_athdf,0.291161,RADIAL_COLLAPSE,0.18937526643276215,0.1295233555138111,True,4,4,ok,30,-2
RTC_CG_f1p2_b1p0_m2p0_t0_s3,CG,1.2,1.0,2.0,0,3,failed,5756.853799581528,,no_athdf,0.391001,RADIAL_COLLAPSE,0.28838006407022476,0.14763441557685533,True,4,6,ok,40,-2
RTC_CG_f1p5_b0p3_m2p0_t90_s1,CG,1.5,0.3,2.0,90,1,failed,557.7523317337036,,no_athdf,0.333042,RADIAL_COLLAPSE,0.1894897222518921,0.1795457899570465,True,3,2,ok,34,-2
RTC_CG_f1p5_b0p3_m2p0_t90_s2,CG,1.5,0.3,2.0,90,2,failed,512.4704301357269,,no_athdf,0.292011,RADIAL_COLLAPSE,0.1890573501586914,0.0930938720703125,True,2,3,ok,30,-2
RTC_CG_f1p5_b0p3_m2p0_t90_s3,CG,1.5,0.3,2.0,90,3,failed,512.3912100791931,,no_athdf,0.297029,RADIAL_COLLAPSE,0.18959956616163254,0.1120834369212389,True,3,4,ok,30,-2
RTC_CG_f1p2_b1p0_m2p0_t0_s2,CG,1.2,1.0,2.0,0,2,failed,7204.036502599716,7.447916666666667,ok:5_peaks,0.35000014305114746,FULL,0.24935661256313324,0.09547153753893715,True,5,7,ok,36,-9
RTC_CG_f1p5_b0p5_m2p0_t0_s3,CG,1.5,0.5,2.0,0,3,failed,226.02500438690186,,no_athdf,0.31801,RADIAL_COLLAPSE,0.2090878263115883,0.14962897635996342,True,4,4,ok,32,-2
RTC_CG_f1p2_b2p0_m2p0_t0_s1,CG,1.2,2.0,2.0,0,1,failed,4747.82452249527,,no_athdf,0.398,RADIAL_COLLAPSE,0.21908687055110931,0.07855333387851715,True,5,9,ok,40,-2
RTC_CG_f1p5_b0p5_m2p0_t90_s1,CG,1.5,0.5,2.0,90,1,failed,211.06007838249207,,no_athdf,0.309017,RADIAL_COLLAPSE,0.15934714674949646,0.1493014097213745,True,2,2,ok,31,-2
RTC_CG_f1p5_b0p5_m2p0_t90_s2,CG,1.5,0.5,2.0,90,2,failed,150.73142099380493,,no_athdf,0.278001,RADIAL_COLLAPSE,0.1695384457707405,0.08983136465152104,True,2,3,ok,28,-2
RTC_CG_f1p5_b0p5_m2p0_t90_s3,CG,1.5,0.5,2.0,90,3,failed,331.5964992046356,,no_athdf,0.315023,RADIAL_COLLAPSE,0.20868148654699326,0.14425449632108212,True,3,4,ok,32,-2
RTC_CG_f1p2_b2p0_m2p0_t0_s3,CG,1.2,2.0,2.0,0,3,failed,5848.174911737442,,no_athdf,0.398,RADIAL_COLLAPSE,0.28960610926151276,0.1496103877822558,True,4,6,ok,40,-2
RTC_CG_f1p2_b2p0_m2p0_t0_s2,CG,1.2,2.0,2.0,0,2,failed,7204.215003967285,7.291666666666667,ok:5_peaks,0.3600010871887207,FULL,0.2589656710624695,0.1010561500276838,True,5,7,ok,37,-9
RTC_CG_f1p5_b1p0_m2p0_t90_s1,CG,1.5,1.0,2.0,90,1,failed,195.97497606277466,,no_athdf,0.305086,RADIAL_COLLAPSE,0.15970809757709503,0.08222805336117744,True,2,4,ok,31,-2
RTC_CG_f1p5_b1p0_m2p0_t90_s2,CG,1.5,1.0,2.0,90,2,failed,135.63304138183594,,no_athdf,0.268011,RADIAL_COLLAPSE,0.15899500250816345,0.09631665050983429,True,2,3,ok,27,-2
RTC_CG_f1p5_b1p0_m2p0_t90_s3,CG,1.5,1.0,2.0,90,3,failed,256.19917392730713,,no_athdf,0.270048,RADIAL_COLLAPSE,0.16950538754463196,0.1068580150604248,True,4,4,ok,28,-2
RTC_CG_f1p5_b0p5_m2p0_t0_s2,CG,1.5,0.5,2.0,0,2,failed,6104.146953344345,,no_athdf,0.334,RADIAL_COLLAPSE,0.22988859564065933,0.09640199815233548,True,5,6,ok,34,-2
RTC_CG_f1p5_b1p0_m2p0_t0_s1,CG,1.5,1.0,2.0,0,1,failed,4958.657843112946,,no_athdf,0.385001,RADIAL_COLLAPSE,0.21888123452663422,0.0958479642868042,True,5,8,ok,39,-2
RTC_CG_f1p5_b0p5_m2p0_t0_s1,CG,1.5,0.5,2.0,0,1,failed,6812.522904396057,,no_athdf,0.391001,RADIAL_COLLAPSE,0.21884827315807343,0.07894614785909652,True,5,10,ok,40,-2
RTC_CG_f1p5_b2p0_m2p0_t90_s1,CG,1.5,2.0,2.0,90,1,failed,135.68552613258362,,no_athdf,0.305204,RADIAL_COLLAPSE,0.1600978970527649,0.08493505045771599,True,2,4,ok,31,-2
RTC_CG_f1p5_b2p0_m2p0_t90_s2,CG,1.5,2.0,2.0,90,2,failed,241.1981041431427,,no_athdf,0.277127,RADIAL_COLLAPSE,0.16973167657852173,0.08720095455646515,True,2,4,ok,28,-2
RTC_CG_f1p5_b2p0_m2p0_t90_s3,CG,1.5,2.0,2.0,90,3,failed,135.66787123680115,,no_athdf,0.277105,RADIAL_COLLAPSE,0.1688118353486061,0.10936643742024899,True,4,4,ok,28,-2
RTC_CG_f2p0_b0p3_m2p0_t0_s1,CG,2.0,0.3,2.0,0,1,failed,376.8774836063385,,no_athdf,0.322019,RADIAL_COLLAPSE,0.17905737459659576,0.061041250824928284,True,6,8,ok,33,-2
RTC_CG_f2p0_b0p3_m2p0_t0_s2,CG,2.0,0.3,2.0,0,2,failed,135.68625807762146,,no_athdf,0.263062,RADIAL_COLLAPSE,0.15906469523906708,0.09721072018146515,True,4,4,ok,27,-2
RTC_CG_f2p0_b0p3_m2p0_t0_s3,CG,2.0,0.3,2.0,0,3,failed,226.09762573242188,,no_athdf,0.276095,RADIAL_COLLAPSE,0.16956038773059845,0.1093456894159317,True,4,4,ok,28,-2
RTC_CG_f2p0_b0p3_m2p0_t90_s1,CG,2.0,0.3,2.0,90,1,failed,346.59946608543396,,no_athdf,0.289034,RADIAL_COLLAPSE,0.13943371176719666,0.1292562410235405,True,2,2,ok,29,-2
RTC_CG_f1p5_b2p0_m2p0_t0_s1,CG,1.5,2.0,2.0,0,1,failed,4340.664453029633,,no_athdf,0.389,RADIAL_COLLAPSE,0.2199150025844574,0.08531672424740261,True,5,9,ok,39,-2
RTC_CG_f1p5_b1p0_m2p0_t0_s2,CG,1.5,1.0,2.0,0,2,failed,7204.345324039459,7.5,ok:5_peaks,0.3500051200389862,FULL,0.2495163530111313,0.09828656911849976,True,5,7,ok,36,-9
RTC_CG_f2p0_b0p3_m2p0_t90_s2,CG,2.0,0.3,2.0,90,2,failed,467.23306703567505,,no_athdf,0.26405,RADIAL_COLLAPSE,0.15948232263326645,0.07651750991741817,True,2,3,ok,27,-2
RTC_CG_f2p0_b0p5_m2p0_t0_s1,CG,2.0,0.5,2.0,0,1,failed,135.69108748435974,,no_athdf,0.286167,RADIAL_COLLAPSE,0.13954085111618042,0.08966320753097534,True,2,4,ok,29,-2
RTC_CG_f2p0_b0p3_m2p0_t90_s3,CG,2.0,0.3,2.0,90,3,failed,437.14203453063965,,no_athdf,0.269025,RADIAL_COLLAPSE,0.1599968820810318,0.0948355682194233,True,4,4,ok,27,-2
RTC_CG_f2p0_b0p5_m2p0_t0_s2,CG,2.0,0.5,2.0,0,2,failed,346.69550371170044,,no_athdf,0.300107,RADIAL_COLLAPSE,0.19879332929849625,0.09123038376371066,True,4,6,ok,31,-2
RTC_CG_f2p0_b0p5_m2p0_t0_s3,CG,2.0,0.5,2.0,0,3,failed,226.12675189971924,,no_athdf,0.26905,RADIAL_COLLAPSE,0.15926458686590195,0.09941980056464672,True,4,4,ok,27,-2
RTC_CG_f2p0_b0p5_m2p0_t90_s1,CG,2.0,0.5,2.0,90,1,failed,105.52928376197815,,no_athdf,0.269082,RADIAL_COLLAPSE,0.11922739446163177,0.10943663120269775,True,2,2,ok,27,-2
RTC_CG_f2p0_b0p5_m2p0_t90_s2,CG,2.0,0.5,2.0,90,2,failed,165.83552646636963,,no_athdf,0.253028,RADIAL_COLLAPSE,0.14985574781894684,0.08336324989795685,True,2,3,ok,26,-2
RTC_CG_f2p0_b0p5_m2p0_t90_s3,CG,2.0,0.5,2.0,90,3,failed,452.1100239753723,,no_athdf,0.300117,RADIAL_COLLAPSE,0.19912970066070557,0.1370595581829548,True,4,4,ok,31,-2
RTC_CG_f1p5_b1p0_m2p0_t0_s3,CG,1.5,1.0,2.0,0,3,failed,7204.568474769592,6.458333333333334,ok:4_peaks,0.3800002932548523,FULL,0.27853595465421677,0.14444145684440932,True,4,6,ok,39,-9
RTC_CG_f2p0_b1p0_m2p0_t90_s1,CG,2.0,1.0,2.0,90,1,failed,135.6694357395172,,no_athdf,0.273053,RADIAL_COLLAPSE,0.12957334518432617,0.06731343269348145,True,2,4,ok,28,-2
RTC_CG_f2p0_b1p0_m2p0_t0_s2,CG,2.0,1.0,2.0,0,2,failed,934.4133775234222,,no_athdf,0.297,RADIAL_COLLAPSE,0.18977544456720352,0.10176562517881393,True,4,5,ok,30,-2
RTC_CG_f2p0_b1p0_m2p0_t90_s2,CG,2.0,1.0,2.0,90,2,failed,90.38180589675903,,no_athdf,0.247206,RADIAL_COLLAPSE,0.13942692428827286,0.06957773305475712,True,3,4,ok,25,-2
RTC_CG_f2p0_b1p0_m2p0_t90_s3,CG,2.0,1.0,2.0,90,3,failed,120.49759769439697,,no_athdf,0.250138,RADIAL_COLLAPSE,0.14996610581874847,0.08950422704219818,True,4,4,ok,26,-2
RTC_CG_f1p5_b2p0_m2p0_t0_s2,CG,1.5,2.0,2.0,0,2,failed,4386.142399549484,,no_athdf,0.352,RADIAL_COLLAPSE,0.2492414340376854,0.09680509035076414,True,5,7,ok,36,-2
RTC_CG_f1p5_b2p0_m2p0_t0_s3,CG,1.5,2.0,2.0,0,3,failed,7204.9117176532745,5.729166666666667,ok:4_peaks,0.39000067114830017,FULL,0.2898654043674469,0.15299860636393228,True,4,6,ok,40,-9
RTC_CG_f2p0_b2p0_m2p0_t90_s1,CG,2.0,2.0,2.0,90,1,failed,105.53061604499817,,no_athdf,0.281145,RADIAL_COLLAPSE,0.13957828283309937,0.07982517033815384,True,2,4,ok,29,-2
RTC_CG_f2p0_b2p0_m2p0_t90_s2,CG,2.0,2.0,2.0,90,2,failed,105.53898286819458,,no_athdf,0.251021,RADIAL_COLLAPSE,0.1485510841012001,0.07921353168785572,True,3,4,ok,26,-2
RTC_CG_f2p0_b2p0_m2p0_t90_s3,CG,2.0,2.0,2.0,90,3,failed,286.4123115539551,,no_athdf,0.261016,RADIAL_COLLAPSE,0.15913255512714386,0.09926312416791916,True,4,4,ok,27,-2
RTC_CG_f1p0_b0p3_m2p5_t0_s1,CG,1.0,0.3,2.5,0,1,failed,572.731969833374,,no_athdf,0.354,RADIAL_COLLAPSE,0.23006772249937057,0.08851552541766848,True,4,7,ok,36,-2
RTC_CG_f1p0_b0p3_m2p5_t0_s2,CG,1.0,0.3,2.5,0,2,failed,195.9903609752655,,no_athdf,0.296013,RADIAL_COLLAPSE,0.2094551846385002,0.09983223527669907,True,4,5,ok,30,-2
RTC_CG_f1p0_b0p3_m2p5_t0_s3,CG,1.0,0.3,2.5,0,3,failed,452.2415783405304,,no_athdf,0.295056,RADIAL_COLLAPSE,0.19888455420732498,0.14945824444293976,True,4,4,ok,30,-2
RTC_CG_f1p0_b0p3_m2p5_t90_s1,CG,1.0,0.3,2.5,90,1,failed,497.3337354660034,,no_athdf,0.348012,RADIAL_COLLAPSE,0.2196487933397293,0.13981951276461282,True,2,3,ok,35,-2
RTC_CG_f2p0_b1p0_m2p0_t0_s1,CG,2.0,1.0,2.0,0,1,failed,6707.432606220245,,no_athdf,0.382,RADIAL_COLLAPSE,0.23986263573169708,0.09558181961377461,True,5,9,ok,39,-2
RTC_CG_f1p0_b0p3_m2p5_t90_s3,CG,1.0,0.3,2.5,90,3,failed,422.01227498054504,,no_athdf,0.320032,RADIAL_COLLAPSE,0.22979094088077545,0.14713246934115887,True,2,4,ok,33,-2
RTC_CG_f2p0_b1p0_m2p0_t0_s3,CG,2.0,1.0,2.0,0,3,failed,7038.771975278854,,no_athdf,0.373001,RADIAL_COLLAPSE,0.2687939777970314,0.14956537509957948,True,4,6,ok,38,-2
RTC_CG_f1p0_b0p3_m2p5_t90_s2,CG,1.0,0.3,2.5,90,2,failed,904.380701303482,,no_athdf,0.334003,RADIAL_COLLAPSE,0.24996139854192734,0.10749438591301441,True,2,4,ok,34,-2
RTC_CG_f1p0_b0p5_m2p5_t0_s2,CG,1.0,0.5,2.5,0,2,failed,346.66606187820435,,no_athdf,0.298105,RADIAL_COLLAPSE,0.20945607870817184,0.0996348962187767,True,4,5,ok,30,-2
RTC_CG_f1p0_b0p5_m2p5_t0_s3,CG,1.0,0.5,2.5,0,3,failed,361.7378730773926,,no_athdf,0.300076,RADIAL_COLLAPSE,0.20939559489488602,0.15929222479462624,True,3,4,ok,31,-2
RTC_CG_f1p0_b0p5_m2p5_t0_s1,CG,1.0,0.5,2.5,0,1,failed,753.5769691467285,,no_athdf,0.349,RADIAL_COLLAPSE,0.21953292191028595,0.08277653157711029,True,4,7,ok,35,-2
RTC_CG_f1p0_b0p5_m2p5_t90_s1,CG,1.0,0.5,2.5,90,1,failed,407.01544189453125,,no_athdf,0.336003,RADIAL_COLLAPSE,0.20977795124053955,0.13318921625614166,True,2,3,ok,34,-2
RTC_CG_f2p0_b2p0_m2p0_t0_s1,CG,2.0,2.0,2.0,0,1,failed,7204.759822130203,5.729166666666667,ok:6_peaks,0.3800005614757538,FULL,0.2393786460161209,0.09863001273738013,True,6,9,ok,39,-9
RTC_CG_f2p0_b2p0_m2p0_t0_s2,CG,2.0,2.0,2.0,0,2,failed,7204.784874916077,7.5,ok:5_peaks,0.37000134587287903,FULL,0.2696949318051338,0.12830664536782674,True,5,7,ok,38,-9
RTC_CG_f2p0_b2p0_m2p0_t0_s3,CG,2.0,2.0,2.0,0,3,failed,7204.306339025497,5.104166666666667,ok:5_peaks,0.38000091910362244,FULL,0.2785790115594864,0.15285986413558325,True,5,6,ok,39,-9
RTC_CG_f1p0_b1p0_m2p5_t90_s1,CG,1.0,1.0,2.5,90,1,failed,467.2990188598633,,no_athdf,0.336038,RADIAL_COLLAPSE,0.20922543108463287,0.0778161808848381,True,3,6,ok,34,-2
RTC_CG_f1p0_b0p5_m2p5_t90_s3,CG,1.0,0.5,2.5,90,3,failed,1024.966969013214,,no_athdf,0.326075,RADIAL_COLLAPSE,0.229677215218544,0.16438565775752068,True,2,4,ok,33,-2
RTC_CG_f1p0_b1p0_m2p5_t90_s2,CG,1.0,1.0,2.5,90,2,failed,241.14693474769592,,no_athdf,0.288057,RADIAL_COLLAPSE,0.19898919761180878,0.09708043560385704,True,3,4,ok,29,-2
RTC_CG_f1p0_b0p5_m2p5_t90_s2,CG,1.0,0.5,2.5,90,2,failed,1401.7946858406067,,no_athdf,0.37204,RADIAL_COLLAPSE,0.2893320769071579,0.12579953372478486,True,4,5,ok,38,-2
RTC_CG_f1p0_b1p0_m2p5_t0_s1,CG,1.0,1.0,2.5,0,1,failed,1386.8395292758942,,no_athdf,0.354,RADIAL_COLLAPSE,0.2288314774632454,0.08949912126575198,True,4,7,ok,36,-2
RTC_CG_f1p0_b1p0_m2p5_t90_s3,CG,1.0,1.0,2.5,90,3,failed,1055.213398218155,,no_athdf,0.379022,RADIAL_COLLAPSE,0.2799113243818283,0.1619007632136345,True,3,5,ok,38,-2
RTC_CG_f1p0_b2p0_m2p5_t90_s1,CG,1.0,2.0,2.5,90,1,failed,180.88858699798584,,no_athdf,0.323043,RADIAL_COLLAPSE,0.19906587153673172,0.07476327940821648,True,3,6,ok,33,-2
RTC_CG_f1p0_b2p0_m2p5_t0_s2,CG,1.0,2.0,2.5,0,2,failed,949.3731110095978,,no_athdf,0.299,RADIAL_COLLAPSE,0.20858986675739288,0.09972540587186814,True,4,5,ok,30,-2
RTC_CG_f1p0_b2p0_m2p5_t0_s1,CG,1.0,2.0,2.5,0,1,failed,1236.0021958351135,,no_athdf,0.359,RADIAL_COLLAPSE,0.229993037879467,0.08819994862590518,True,4,7,ok,36,-2
RTC_CG_f1p0_b1p0_m2p5_t0_s2,CG,1.0,1.0,2.5,0,2,failed,2396.637849330902,,no_athdf,0.299,RADIAL_COLLAPSE,0.20930428057909012,0.09978221654891968,True,4,5,ok,30,-2
RTC_CG_f1p2_b0p3_m2p5_t0_s2,CG,1.2,0.3,2.5,0,2,failed,286.2985005378723,,no_athdf,0.290031,RADIAL_COLLAPSE,0.209402434527874,0.08478668083747228,True,4,6,ok,30,-2
RTC_CG_f1p0_b1p0_m2p5_t0_s3,CG,1.0,1.0,2.5,0,3,failed,4039.5520601272583,,no_athdf,0.361001,RADIAL_COLLAPSE,0.2697904109954834,0.1446468954284986,True,4,6,ok,37,-2
RTC_CG_f1p2_b0p3_m2p5_t0_s1,CG,1.2,0.3,2.5,0,1,failed,2396.5757105350494,,no_athdf,0.352,RADIAL_COLLAPSE,0.22907496988773346,0.0884146775518145,True,4,7,ok,36,-2
RTC_CG_f1p2_b0p3_m2p5_t90_s1,CG,1.2,0.3,2.5,90,1,failed,693.374457359314,,no_athdf,0.333008,RADIAL_COLLAPSE,0.20989258587360382,0.1330466022094091,True,2,3,ok,34,-2
RTC_CG_f1p2_b0p3_m2p5_t90_s3,CG,1.2,0.3,2.5,90,3,failed,241.14226007461548,,no_athdf,0.300087,RADIAL_COLLAPSE,0.20996031910181046,0.13718387857079506,True,3,4,ok,31,-2
RTC_CG_f1p0_b2p0_m2p5_t0_s3,CG,1.0,2.0,2.5,0,3,failed,3979.2129185199738,,no_athdf,0.365001,RADIAL_COLLAPSE,0.2792137637734413,0.14633954813083014,True,4,6,ok,37,-2
RTC_CG_f1p2_b0p3_m2p5_t90_s2,CG,1.2,0.3,2.5,90,2,failed,1311.2914712429047,,no_athdf,0.314031,RADIAL_COLLAPSE,0.22890585660934448,0.12296558668216069,True,3,3,ok,32,-2
RTC_CG_f1p2_b0p5_m2p5_t0_s3,CG,1.2,0.5,2.5,0,3,failed,934.3632478713989,,no_athdf,0.338015,RADIAL_COLLAPSE,0.23953642696142197,0.14769869893789292,True,3,5,ok,34,-2
RTC_CG_f1p2_b0p5_m2p5_t90_s1,CG,1.2,0.5,2.5,90,1,failed,271.34166741371155,,no_athdf,0.320043,RADIAL_COLLAPSE,0.19898882508277893,0.09949927031993866,True,2,4,ok,33,-2
RTC_CG_f1p2_b0p3_m2p5_t0_s3,CG,1.2,0.3,2.5,0,3,failed,4612.501363039017,,no_athdf,0.35,RADIAL_COLLAPSE,0.2589433044195175,0.13459237292408943,True,4,6,ok,36,-2
RTC_CG_f1p2_b0p5_m2p5_t90_s3,CG,1.2,0.5,2.5,90,3,failed,361.7687039375305,,no_athdf,0.291027,RADIAL_COLLAPSE,0.2087710201740265,0.14438930340111256,True,3,4,ok,30,-2
RTC_CG_f1p2_b0p5_m2p5_t90_s2,CG,1.2,0.5,2.5,90,2,failed,648.094744682312,,no_athdf,0.314031,RADIAL_COLLAPSE,0.22941884398460388,0.10721712000668049,True,3,4,ok,32,-2
RTC_CG_f1p2_b0p5_m2p5_t0_s2,CG,1.2,0.5,2.5,0,2,failed,2547.3639409542084,,no_athdf,0.296,RADIAL_COLLAPSE,0.2094765231013298,0.08475806315739949,True,4,6,ok,30,-2
RTC_CG_f1p0_b2p0_m2p5_t90_s2,CG,1.0,2.0,2.5,90,2,failed,6179.968991518021,,no_athdf,0.44501,RADIAL_COLLAPSE,0.35926878452301025,0.13473492953926325,True,3,8,ok,45,-2
RTC_CG_f1p2_b1p0_m2p5_t90_s1,CG,1.2,1.0,2.5,90,1,failed,165.8247754573822,,no_athdf,0.302038,RADIAL_COLLAPSE,0.17946553975343704,0.09482650272548199,True,3,4,ok,31,-2
RTC_CG_f1p0_b2p0_m2p5_t90_s3,CG,1.0,2.0,2.5,90,3,failed,6451.356371164322,,no_athdf,0.462001,RADIAL_COLLAPSE,0.36983928084373474,0.17974881206949553,True,3,6,ok,47,-2
RTC_CG_f1p2_b1p0_m2p5_t90_s2,CG,1.2,1.0,2.5,90,2,failed,180.88689470291138,,no_athdf,0.271064,RADIAL_COLLAPSE,0.1890181377530098,0.08954331651329994,True,3,4,ok,28,-2
RTC_CG_f1p2_b0p5_m2p5_t0_s1,CG,1.2,0.5,2.5,0,1,failed,3376.102368593216,,no_athdf,0.36,RADIAL_COLLAPSE,0.23963042348623276,0.09669309322323118,True,5,7,ok,37,-2
RTC_CG_f1p2_b1p0_m2p5_t90_s3,CG,1.2,1.0,2.5,90,3,failed,437.0487003326416,,no_athdf,0.304034,RADIAL_COLLAPSE,0.20866654813289642,0.15667003393173218,True,3,4,ok,31,-2
RTC_CG_f1p2_b2p0_m2p5_t0_s1,CG,1.2,2.0,2.5,0,1,failed,1477.050033569336,,no_athdf,0.355,RADIAL_COLLAPSE,0.22901684790849686,0.08982742577791214,True,4,7,ok,36,-2
RTC_CG_f1p2_b2p0_m2p5_t90_s1,CG,1.2,2.0,2.5,90,1,failed,271.3151605129242,,no_athdf,0.312081,RADIAL_COLLAPSE,0.18932398408651352,0.08594760149717331,True,3,5,ok,32,-2
RTC_CG_f1p2_b2p0_m2p5_t90_s2,CG,1.2,2.0,2.5,90,2,failed,195.95432353019714,,no_athdf,0.272098,RADIAL_COLLAPSE,0.18937948346138,0.08173073083162308,True,3,5,ok,28,-2
RTC_CG_f1p2_b1p0_m2p5_t0_s1,CG,1.2,1.0,2.5,0,1,failed,4039.694655895233,,no_athdf,0.367,RADIAL_COLLAPSE,0.2390294447541237,0.0968614358987127,True,5,7,ok,37,-2
RTC_CG_f1p5_b0p3_m2p5_t0_s1,CG,1.5,0.3,2.5,0,1,failed,120.5717568397522,,no_athdf,0.288085,RADIAL_COLLAPSE,0.15937112271785736,0.09687872976064682,True,3,4,ok,29,-2
RTC_CG_f1p5_b0p3_m2p5_t0_s2,CG,1.5,0.3,2.5,0,2,failed,120.58477735519409,,no_athdf,0.269156,RADIAL_COLLAPSE,0.1795070692896843,0.08177531808614731,True,3,5,ok,27,-2
RTC_CG_f1p2_b1p0_m2p5_t0_s3,CG,1.2,1.0,2.5,0,3,failed,4687.56533408165,,no_athdf,0.360001,RADIAL_COLLAPSE,0.2698720395565033,0.14483804628252983,True,4,6,ok,37,-2
RTC_CG_f1p5_b0p3_m2p5_t90_s1,CG,1.5,0.3,2.5,90,1,failed,301.4327244758606,,no_athdf,0.310064,RADIAL_COLLAPSE,0.18932395428419113,0.11974351853132248,True,2,3,ok,32,-2
RTC_CG_f1p2_b1p0_m2p5_t0_s2,CG,1.2,1.0,2.5,0,2,failed,6390.981701374054,,no_athdf,0.324001,RADIAL_COLLAPSE,0.23930128663778305,0.09139107061283928,True,5,7,ok,33,-2
RTC_CG_f1p5_b0p3_m2p5_t90_s2,CG,1.5,0.3,2.5,90,2,failed,1266.0756402015686,,no_athdf,0.300007,RADIAL_COLLAPSE,0.21899303793907166,0.11972850064436595,True,3,3,ok,31,-2
RTC_CG_f1p2_b2p0_m2p5_t0_s3,CG,1.2,2.0,2.5,0,3,failed,5456.221562862396,,no_athdf,0.368,RADIAL_COLLAPSE,0.2793113887310028,0.14607620115081468,True,4,6,ok,37,-2
RTC_CG_f1p5_b0p3_m2p5_t90_s3,CG,1.5,0.3,2.5,90,3,failed,633.066912651062,,no_athdf,0.316028,RADIAL_COLLAPSE,0.2188863828778267,0.14688512310385704,True,2,4,ok,32,-2
RTC_CG_f1p2_b2p0_m2p5_t0_s2,CG,1.2,2.0,2.5,0,2,failed,7204.77437210083,7.291666666666667,ok:5_peaks,0.33000150322914124,FULL,0.24864870309829712,0.09797953601394381,True,5,7,ok,34,-9
RTC_CG_f1p5_b0p5_m2p5_t0_s1,CG,1.5,0.5,2.5,0,1,failed,1959.4372696876526,,no_athdf,0.34,RADIAL_COLLAPSE,0.19988657534122467,0.07101781335141924,True,4,9,ok,35,-2
RTC_CG_f1p5_b0p5_m2p5_t90_s1,CG,1.5,0.5,2.5,90,1,failed,422.05050015449524,,no_athdf,0.306033,RADIAL_COLLAPSE,0.17937084287405014,0.11661163220802943,True,3,3,ok,31,-2
RTC_CG_f1p5_b0p5_m2p5_t90_s3,CG,1.5,0.5,2.5,90,3,failed,271.2625997066498,,no_athdf,0.265009,RADIAL_COLLAPSE,0.17890659719705582,0.11946719512343407,True,4,4,ok,27,-2
RTC_CG_f1p5_b0p3_m2p5_t0_s3,CG,1.5,0.3,2.5,0,3,failed,4913.674712181091,,no_athdf,0.346,RADIAL_COLLAPSE,0.25877659022808075,0.13293441385030746,True,4,6,ok,35,-2
RTC_CG_f1p2_b2p0_m2p5_t90_s3,CG,1.2,2.0,2.5,90,3,failed,7204.506848812103,30.833333333333336,ok:2_peaks,0.47000283002853394,PARTIAL,0.3885796219110489,0.2044502223531405,True,2,6,ok,48,-9
RTC_CG_f1p5_b0p5_m2p5_t90_s2,CG,1.5,0.5,2.5,90,2,failed,1522.2910311222076,,no_athdf,0.376013,RADIAL_COLLAPSE,0.2895316034555435,0.1358669251203537,True,4,5,ok,38,-2
RTC_CG_f1p5_b1p0_m2p5_t90_s1,CG,1.5,1.0,2.5,90,1,failed,271.3546018600464,,no_athdf,0.288037,RADIAL_COLLAPSE,0.15994875878095627,0.08443636633455753,True,2,4,ok,29,-2
RTC_CG_f1p5_b1p0_m2p5_t90_s2,CG,1.5,1.0,2.5,90,2,failed,135.67466163635254,,no_athdf,0.252099,RADIAL_COLLAPSE,0.16912169009447098,0.10611408452192943,True,3,3,ok,26,-2
RTC_CG_f1p5_b1p0_m2p5_t90_s3,CG,1.5,1.0,2.5,90,3,failed,241.08868312835693,,no_athdf,0.256048,RADIAL_COLLAPSE,0.15890683978796005,0.10917213745415211,True,4,4,ok,26,-2
RTC_CG_f1p5_b1p0_m2p5_t0_s1,CG,1.5,1.0,2.5,0,1,failed,2577.5026547908783,,no_athdf,0.351,RADIAL_COLLAPSE,0.20933037251234055,0.07766173200474845,True,5,9,ok,36,-2
RTC_CG_f1p5_b0p5_m2p5_t0_s3,CG,1.5,0.5,2.5,0,3,failed,4838.527067184448,,no_athdf,0.349,RADIAL_COLLAPSE,0.25872041285037994,0.13452418893575668,True,4,6,ok,35,-2
RTC_CG_f1p5_b0p5_m2p5_t0_s2,CG,1.5,0.5,2.5,0,2,failed,6677.225414514542,,no_athdf,0.313,RADIAL_COLLAPSE,0.2294326052069664,0.08556829180036273,True,5,7,ok,32,-2
RTC_CG_f1p5_b2p0_m2p5_t90_s1,CG,1.5,2.0,2.5,90,1,failed,135.684419631958,,no_athdf,0.289023,RADIAL_COLLAPSE,0.15974851697683334,0.08961178176105022,True,2,4,ok,29,-2
RTC_CG_f1p5_b2p0_m2p5_t90_s2,CG,1.5,2.0,2.5,90,2,failed,256.2634332180023,,no_athdf,0.267136,RADIAL_COLLAPSE,0.17960681021213531,0.07761689275503159,True,3,5,ok,27,-2
RTC_CG_f1p5_b2p0_m2p5_t90_s3,CG,1.5,2.0,2.5,90,3,failed,1808.7022602558136,,no_athdf,0.368009,RADIAL_COLLAPSE,0.27870237082242966,0.14452444886167845,True,4,6,ok,37,-2
RTC_CG_f2p0_b0p3_m2p5_t0_s1,CG,2.0,0.3,2.5,0,1,failed,437.11322569847107,,no_athdf,0.296015,RADIAL_COLLAPSE,0.1697305589914322,0.07334874073664348,True,6,6,ok,30,-2
RTC_CG_f2p0_b0p3_m2p5_t0_s2,CG,2.0,0.3,2.5,0,2,failed,90.45260190963745,,no_athdf,0.233124,RADIAL_COLLAPSE,0.14975124597549438,0.0846729427576065,True,3,4,ok,24,-2
RTC_CG_f1p5_b1p0_m2p5_t0_s3,CG,1.5,1.0,2.5,0,3,failed,6240.04695057869,,no_athdf,0.359001,RADIAL_COLLAPSE,0.2686130106449127,0.1410707781712214,True,4,6,ok,36,-2
RTC_CG_f1p5_b1p0_m2p5_t0_s2,CG,1.5,1.0,2.5,0,2,failed,7204.627983093262,7.395833333333334,ok:5_peaks,0.32000041007995605,FULL,0.2393898144364357,0.09263321544442858,True,5,7,ok,33,-9
RTC_CG_f2p0_b0p3_m2p5_t0_s3,CG,2.0,0.3,2.5,0,3,failed,391.9355733394623,,no_athdf,0.288037,RADIAL_COLLAPSE,0.19889461249113083,0.14444762095808983,True,4,4,ok,29,-2
RTC_CG_f2p0_b0p3_m2p5_t90_s1,CG,2.0,0.3,2.5,90,1,failed,316.5961043834686,,no_athdf,0.28307,RADIAL_COLLAPSE,0.15996941179037094,0.1499713845551014,True,2,2,ok,29,-2
RTC_CG_f1p5_b2p0_m2p5_t0_s1,CG,1.5,2.0,2.5,0,1,failed,6481.354289531708,,no_athdf,0.368001,RADIAL_COLLAPSE,0.21918562054634094,0.08525245885054271,True,5,9,ok,37,-2
RTC_CG_f2p0_b0p5_m2p5_t0_s2,CG,2.0,0.5,2.5,0,2,failed,135.67946934700012,,no_athdf,0.240035,RADIAL_COLLAPSE,0.15959174185991287,0.07360387146472931,True,3,5,ok,25,-2
RTC_CG_f2p0_b0p5_m2p5_t0_s3,CG,2.0,0.5,2.5,0,3,failed,135.65560388565063,,no_athdf,0.251037,RADIAL_COLLAPSE,0.16890306025743484,0.11423185653984547,True,4,4,ok,26,-2
RTC_CG_f2p0_b0p5_m2p5_t90_s1,CG,2.0,0.5,2.5,90,1,failed,150.7156801223755,,no_athdf,0.264016,RADIAL_COLLAPSE,0.1390150785446167,0.08976021409034729,True,2,3,ok,27,-2
RTC_CG_f1p5_b2p0_m2p5_t0_s3,CG,1.5,2.0,2.5,0,3,failed,5621.616242647171,,no_athdf,0.363,RADIAL_COLLAPSE,0.2794562131166458,0.14788076529900232,True,4,6,ok,37,-2
RTC_CG_f2p0_b0p3_m2p5_t90_s3,CG,2.0,0.3,2.5,90,3,failed,1160.5999591350555,,no_athdf,0.253028,RADIAL_COLLAPSE,0.159170962870121,0.10677601769566536,True,4,4,ok,26,-2
RTC_CG_f2p0_b0p5_m2p5_t90_s3,CG,2.0,0.5,2.5,90,3,failed,165.791268825531,,no_athdf,0.237005,RADIAL_COLLAPSE,0.14909043163061142,0.09186838008463383,True,4,4,ok,24,-2
RTC_CG_f2p0_b0p5_m2p5_t90_s2,CG,2.0,0.5,2.5,90,2,failed,226.10387063026428,,no_athdf,0.240047,RADIAL_COLLAPSE,0.15976690500974655,0.09308163324991862,True,2,3,ok,25,-2
RTC_CG_f2p0_b0p3_m2p5_t90_s2,CG,2.0,0.3,2.5,90,2,failed,1582.478868484497,,no_athdf,0.268011,RADIAL_COLLAPSE,0.17921137809753418,0.09609067191680272,True,2,3,ok,27,-2
RTC_CG_f2p0_b1p0_m2p5_t90_s1,CG,2.0,1.0,2.5,90,1,failed,120.56065559387207,,no_athdf,0.26106,RADIAL_COLLAPSE,0.1394234523177147,0.07426721416413784,True,2,4,ok,27,-2
RTC_CG_f2p0_b1p0_m2p5_t90_s2,CG,2.0,1.0,2.5,90,2,failed,105.49838352203369,,no_athdf,0.235098,RADIAL_COLLAPSE,0.14936907589435577,0.07436844892799854,True,2,4,ok,24,-2
RTC_CG_f2p0_b1p0_m2p5_t90_s3,CG,2.0,1.0,2.5,90,3,failed,90.41824960708618,,no_athdf,0.230054,RADIAL_COLLAPSE,0.1391744390130043,0.09168015234172344,True,4,4,ok,24,-2
RTC_CG_f1p5_b2p0_m2p5_t0_s2,CG,1.5,2.0,2.5,0,2,failed,7205.024654150009,7.239583333333334,ok:5_peaks,0.3300008475780487,FULL,0.24880263209342957,0.09963462821074895,True,5,7,ok,34,-9
RTC_CG_f2p0_b0p5_m2p5_t0_s1,CG,2.0,0.5,2.5,0,1,failed,5139.788843631744,,no_athdf,0.345001,RADIAL_COLLAPSE,0.1992054432630539,0.08185934523741405,True,5,9,ok,35,-2
RTC_CG_f2p0_b1p0_m2p5_t0_s1,CG,2.0,1.0,2.5,0,1,failed,5260.373852968216,,no_athdf,0.354002,RADIAL_COLLAPSE,0.20941872894763947,0.0898917027645641,True,5,9,ok,36,-2
RTC_CG_f2p0_b2p0_m2p5_t0_s2,CG,2.0,2.0,2.5,0,2,failed,4537.003381252289,,no_athdf,0.322,RADIAL_COLLAPSE,0.2390587329864502,0.10101691207715444,True,5,7,ok,33,-2
RTC_CG_f2p0_b2p0_m2p5_t90_s1,CG,2.0,2.0,2.5,90,1,failed,286.4092664718628,,no_athdf,0.270118,RADIAL_COLLAPSE,0.14923834055662155,0.08685586042702198,True,2,4,ok,28,-2
RTC_CG_f2p0_b2p0_m2p5_t90_s2,CG,2.0,2.0,2.5,90,2,failed,180.86989212036133,,no_athdf,0.245084,RADIAL_COLLAPSE,0.15970884263515472,0.08476806618273258,True,3,4,ok,25,-2
RTC_CG_f2p0_b1p0_m2p5_t0_s2,CG,2.0,1.0,2.5,0,2,failed,7204.775741100311,7.34375,ok:5_peaks,0.320000022649765,FULL,0.23953703790903091,0.09982039353677205,True,5,7,ok,33,-9
RTC_CG_f2p0_b1p0_m2p5_t0_s3,CG,2.0,1.0,2.5,0,3,failed,7204.4696979522705,5.9375,ok:4_peaks,0.35000014305114746,FULL,0.26876136660575867,0.1461316260198752,True,4,6,ok,36,-9
RTC_CG_f1p0_b0p3_m3p0_t0_s2,CG,1.0,0.3,3.0,0,2,failed,331.515465259552,,no_athdf,0.278052,RADIAL_COLLAPSE,0.19940245896577835,0.08149868870774905,True,4,6,ok,28,-2
RTC_CG_f2p0_b2p0_m2p5_t0_s1,CG,2.0,2.0,2.5,0,1,failed,7204.833295583725,7.604166666666667,ok:5_peaks,0.3500008285045624,FULL,0.22892192006111145,0.0929559353325102,True,5,9,ok,36,-9
RTC_CG_f1p0_b0p3_m3p0_t90_s1,CG,1.0,0.3,3.0,90,1,failed,527.3467905521393,,no_athdf,0.326023,RADIAL_COLLAPSE,0.21957264095544815,0.13986372699340185,True,2,3,ok,33,-2
RTC_CG_f1p0_b0p3_m3p0_t90_s2,CG,1.0,0.3,3.0,90,2,failed,331.6153450012207,,no_athdf,0.295029,RADIAL_COLLAPSE,0.2196052372455597,0.09716031700372696,True,3,4,ok,30,-2
RTC_CG_f1p0_b0p5_m3p0_t0_s1,CG,1.0,0.5,3.0,0,1,failed,301.3889670372009,,no_athdf,0.326001,RADIAL_COLLAPSE,0.2192375734448433,0.08566264063119888,True,4,7,ok,33,-2
RTC_CG_f1p0_b0p3_m3p0_t90_s3,CG,1.0,0.3,3.0,90,3,failed,452.2407808303833,,no_athdf,0.304011,RADIAL_COLLAPSE,0.22892525047063828,0.15196333825588226,True,2,4,ok,31,-2
RTC_CG_f1p0_b0p5_m3p0_t0_s2,CG,1.0,0.5,3.0,0,2,failed,180.88498091697693,,no_athdf,0.276059,RADIAL_COLLAPSE,0.2001245692372322,0.08151523396372795,True,4,6,ok,28,-2
RTC_CG_f1p0_b0p5_m3p0_t90_s1,CG,1.0,0.5,3.0,90,1,failed,1039.9450278282166,,no_athdf,0.334066,RADIAL_COLLAPSE,0.22984325885772705,0.0916582852602005,True,2,5,ok,34,-2
RTC_CG_f1p0_b0p3_m3p0_t0_s1,CG,1.0,0.3,3.0,0,1,failed,4356.034578084946,,no_athdf,0.364004,RADIAL_COLLAPSE,0.25944897532463074,0.09731398522853851,True,5,8,ok,37,-2
RTC_CG_f1p0_b0p5_m3p0_t90_s3,CG,1.0,0.5,3.0,90,3,failed,723.5629851818085,,no_athdf,0.336026,RADIAL_COLLAPSE,0.25892483443021774,0.1795787401497364,True,2,4,ok,34,-2
RTC_CG_f1p0_b0p5_m3p0_t0_s3,CG,1.0,0.5,3.0,0,3,failed,2562.375632762909,,no_athdf,0.295001,RADIAL_COLLAPSE,0.21921651810407639,0.1354528173804283,True,4,5,ok,30,-2
RTC_CG_f2p0_b2p0_m2p5_t0_s3,CG,2.0,2.0,2.5,0,3,failed,7204.410886764526,5.9375,ok:4_peaks,0.3500003516674042,FULL,0.26969610899686813,0.14655619487166405,True,4,6,ok,36,-9
RTC_CG_f1p0_b1p0_m3p0_t0_s1,CG,1.0,1.0,3.0,0,1,failed,829.0707173347473,,no_athdf,0.329,RADIAL_COLLAPSE,0.22007346153259277,0.08545376786163875,True,4,7,ok,33,-2
RTC_CG_f1p0_b1p0_m3p0_t90_s1,CG,1.0,1.0,3.0,90,1,failed,180.82066988945007,,no_athdf,0.302057,RADIAL_COLLAPSE,0.19944605231285095,0.07318962613741557,True,3,6,ok,31,-2
RTC_CG_f1p0_b1p0_m3p0_t90_s2,CG,1.0,1.0,3.0,90,2,failed,346.6362271308899,,no_athdf,0.276017,RADIAL_COLLAPSE,0.1999247744679451,0.0876231998205185,True,3,5,ok,28,-2
RTC_CG_f1p0_b1p0_m3p0_t90_s3,CG,1.0,1.0,3.0,90,3,failed,211.04238152503967,,no_athdf,0.277057,RADIAL_COLLAPSE,0.19921677559614182,0.14696531929075718,True,3,4,ok,28,-2
RTC_CG_f1p0_b0p3_m3p0_t0_s3,CG,1.0,0.3,3.0,0,3,failed,5215.253067731857,,no_athdf,0.301,RADIAL_COLLAPSE,0.22965951263904572,0.14354478120803832,True,3,5,ok,31,-2
RTC_CG_f2p0_b2p0_m2p5_t90_s3,CG,2.0,2.0,2.5,90,3,failed,7204.899852275848,11.979166666666668,ok:4_peaks,0.4500000774860382,FULL,0.36889855563640594,0.15981000382453203,True,4,8,ok,46,-9
RTC_CG_f1p0_b1p0_m3p0_t0_s2,CG,1.0,1.0,3.0,0,2,failed,1658.0425970554352,,no_athdf,0.312004,RADIAL_COLLAPSE,0.2394617348909378,0.09692656568118505,True,5,7,ok,32,-2
RTC_CG_f1p0_b2p0_m3p0_t0_s2,CG,1.0,2.0,3.0,0,2,failed,346.63313722610474,,no_athdf,0.282,RADIAL_COLLAPSE,0.20942580699920654,0.08802316710352898,True,5,6,ok,29,-2
RTC_CG_f1p0_b2p0_m3p0_t90_s2,CG,1.0,2.0,3.0,90,2,failed,271.3177447319031,,no_athdf,0.272084,RADIAL_COLLAPSE,0.19955848157405853,0.09209314584732056,True,4,5,ok,28,-2
RTC_CG_f1p0_b2p0_m3p0_t0_s1,CG,1.0,2.0,3.0,0,1,failed,3225.705456495285,,no_athdf,0.342,RADIAL_COLLAPSE,0.23967420309782028,0.08599037397652864,True,5,8,ok,35,-2
RTC_CG_f1p0_b0p5_m3p0_t90_s2,CG,1.0,0.5,3.0,90,2,failed,7205.202696084976,44.375,ok:2_peaks,0.4400017559528351,PARTIAL,0.36963143199682236,0.19775450378656387,True,2,5,ok,45,-9
RTC_CG_f1p0_b1p0_m3p0_t0_s3,CG,1.0,1.0,3.0,0,3,failed,7204.82343173027,3.75,ok:4_peaks,0.2800508737564087,FULL,0.2099996656179428,0.15976972319185734,True,4,4,ok,29,-9
RTC_CG_f1p0_b2p0_m3p0_t90_s3,CG,1.0,2.0,3.0,90,3,failed,5727.621732950211,,no_athdf,0.466006,RADIAL_COLLAPSE,0.3899611532688141,0.16415461259228842,True,2,7,ok,47,-2
RTC_CG_f1p2_b0p3_m3p0_t0_s1,CG,1.2,0.3,3.0,0,1,failed,3888.211578607559,,no_athdf,0.325,RADIAL_COLLAPSE,0.21955491602420807,0.0871097764798573,True,4,7,ok,33,-2
RTC_CG_f1p2_b0p3_m3p0_t90_s1,CG,1.2,0.3,3.0,90,1,failed,557.7492241859436,,no_athdf,0.317012,RADIAL_COLLAPSE,0.20971960574388504,0.13635416080554327,True,2,3,ok,32,-2
RTC_CG_f1p2_b0p3_m3p0_t0_s2,CG,1.2,0.3,3.0,0,2,failed,2517.1644344329834,,no_athdf,0.276001,RADIAL_COLLAPSE,0.19932258874177933,0.08129717409610748,True,4,6,ok,28,-2
RTC_CG_f1p2_b0p3_m3p0_t90_s3,CG,1.2,0.3,3.0,90,3,failed,376.79473519325256,,no_athdf,0.285039,RADIAL_COLLAPSE,0.20901698619127274,0.1418666485697031,True,3,4,ok,29,-2
RTC_CG_f1p2_b0p3_m3p0_t90_s2,CG,1.2,0.3,3.0,90,2,failed,497.43988943099976,,no_athdf,0.280036,RADIAL_COLLAPSE,0.20967480540275574,0.09230798482894897,True,3,4,ok,29,-2
RTC_CG_f1p0_b2p0_m3p0_t0_s3,CG,1.0,2.0,3.0,0,3,failed,7204.875848293304,6.458333333333334,ok:4_peaks,0.3300011157989502,FULL,0.25989980250597,0.1380861463646094,True,4,6,ok,34,-9
RTC_CG_f1p0_b2p0_m3p0_t90_s1,CG,1.0,2.0,3.0,90,1,failed,7204.570374250412,6.979166666666667,ok:5_peaks,0.44000107049942017,FULL,0.33895576000213623,0.14228512533009052,True,5,8,ok,45,-9
RTC_CG_f1p2_b0p5_m3p0_t90_s2,CG,1.2,0.5,3.0,90,2,failed,422.01060223579407,,no_athdf,0.283074,RADIAL_COLLAPSE,0.20971406251192093,0.10484627448022366,True,3,4,ok,29,-2
RTC_CG_f1p2_b0p5_m3p0_t0_s1,CG,1.2,0.5,3.0,0,1,failed,994.7580077648163,,no_athdf,0.322015,RADIAL_COLLAPSE,0.2192971631884575,0.08676291470016752,True,4,7,ok,33,-2
RTC_CG_f1p2_b0p5_m3p0_t90_s3,CG,1.2,0.5,3.0,90,3,failed,211.06317830085754,,no_athdf,0.274003,RADIAL_COLLAPSE,0.19902076572179794,0.14441285096108913,True,3,4,ok,28,-2
RTC_CG_f1p2_b0p5_m3p0_t90_s1,CG,1.2,0.5,3.0,90,1,failed,1100.3084771633148,,no_athdf,0.313005,RADIAL_COLLAPSE,0.21000365912914276,0.08389292657375336,True,2,5,ok,32,-2
RTC_CG_f1p2_b1p0_m3p0_t0_s1,CG,1.2,1.0,3.0,0,1,failed,1311.4414587020874,,no_athdf,0.327,RADIAL_COLLAPSE,0.21898312866687775,0.08689148085457939,True,4,7,ok,33,-2
RTC_CG_f1p2_b1p0_m3p0_t90_s1,CG,1.2,1.0,3.0,90,1,failed,376.7232036590576,,no_athdf,0.29905,RADIAL_COLLAPSE,0.1895817071199417,0.06822408239046733,True,3,6,ok,30,-2
RTC_CG_f1p2_b0p5_m3p0_t0_s3,CG,1.2,0.5,3.0,0,3,failed,2426.7500352859497,,no_athdf,0.296,RADIAL_COLLAPSE,0.21924642473459244,0.13557996451854706,True,4,5,ok,30,-2
RTC_CG_f1p2_b1p0_m3p0_t90_s2,CG,1.2,1.0,3.0,90,2,failed,286.4064824581146,,no_athdf,0.26303,RADIAL_COLLAPSE,0.19000162929296494,0.08396823555231095,True,3,5,ok,27,-2
RTC_CG_f1p2_b0p5_m3p0_t0_s2,CG,1.2,0.5,3.0,0,2,failed,2773.542657852173,,no_athdf,0.288,RADIAL_COLLAPSE,0.20997254550457,0.08807533482710521,True,5,6,ok,29,-2
RTC_CG_f1p2_b0p3_m3p0_t0_s3,CG,1.2,0.3,3.0,0,3,failed,4732.637741088867,,no_athdf,0.324001,RADIAL_COLLAPSE,0.2496897131204605,0.13140657792488733,True,4,6,ok,33,-2
RTC_CG_f1p2_b2p0_m3p0_t0_s1,CG,1.2,2.0,3.0,0,1,failed,859.1009776592255,,no_athdf,0.327,RADIAL_COLLAPSE,0.21985290944576263,0.08691399012293134,True,4,7,ok,33,-2
RTC_CG_f1p2_b2p0_m3p0_t90_s1,CG,1.2,2.0,3.0,90,1,failed,241.05043077468872,,no_athdf,0.29511,RADIAL_COLLAPSE,0.1892332211136818,0.07496750478943189,True,3,6,ok,30,-2
RTC_CG_f1p2_b2p0_m3p0_t90_s2,CG,1.2,2.0,3.0,90,2,failed,497.4049918651581,,no_athdf,0.261027,RADIAL_COLLAPSE,0.18952350318431854,0.08788803964853287,True,4,5,ok,27,-2
RTC_CG_f1p2_b2p0_m3p0_t90_s3,CG,1.2,2.0,3.0,90,3,failed,135.64703011512756,,no_athdf,0.255106,RADIAL_COLLAPSE,0.1787904128432274,0.13172812946140766,True,4,4,ok,26,-2
RTC_CG_f1p5_b0p3_m3p0_t0_s1,CG,1.5,0.3,3.0,0,1,failed,165.83103394508362,,no_athdf,0.291098,RADIAL_COLLAPSE,0.18971436470746994,0.06991210899182729,True,4,7,ok,30,-2
RTC_CG_f1p2_b1p0_m3p0_t0_s3,CG,1.2,1.0,3.0,0,3,failed,3873.5354895591736,,no_athdf,0.333,RADIAL_COLLAPSE,0.2599908635020256,0.13793107494711876,True,4,6,ok,34,-2
RTC_CG_f1p5_b0p3_m3p0_t0_s3,CG,1.5,0.3,3.0,0,3,failed,226.11912298202515,,no_athdf,0.254032,RADIAL_COLLAPSE,0.1797555610537529,0.13195368647575378,True,4,4,ok,26,-2
RTC_CG_f1p5_b0p3_m3p0_t90_s1,CG,1.5,0.3,3.0,90,1,failed,844.0366127490997,,no_athdf,0.30702,RADIAL_COLLAPSE,0.19994660466909409,0.12992914021015167,True,2,3,ok,31,-2
RTC_CG_f1p5_b0p3_m3p0_t90_s2,CG,1.5,0.3,3.0,90,2,failed,301.3507876396179,,no_athdf,0.256065,RADIAL_COLLAPSE,0.17974897474050522,0.09978749603033066,True,2,3,ok,26,-2
RTC_CG_f1p5_b0p3_m3p0_t90_s3,CG,1.5,0.3,3.0,90,3,failed,376.8431408405304,,no_athdf,0.263051,RADIAL_COLLAPSE,0.18909438699483871,0.12958779372274876,True,3,4,ok,27,-2
RTC_CG_f1p5_b0p5_m3p0_t0_s1,CG,1.5,0.5,3.0,0,1,failed,316.5017514228821,,no_athdf,0.306086,RADIAL_COLLAPSE,0.19947554171085358,0.07552493257181984,True,4,7,ok,31,-2
RTC_CG_f1p2_b2p0_m3p0_t0_s3,CG,1.2,2.0,3.0,0,3,failed,4506.61354970932,,no_athdf,0.340001,RADIAL_COLLAPSE,0.269966185092926,0.14483340457081795,True,4,6,ok,35,-2
RTC_CG_f1p2_b1p0_m3p0_t0_s2,CG,1.2,1.0,3.0,0,2,failed,7204.657907485962,7.447916666666667,ok:5_peaks,0.30000025033950806,FULL,0.22950366139411926,0.08974509899105344,True,5,7,ok,31,-9
RTC_CG_f1p5_b0p5_m3p0_t90_s1,CG,1.5,0.5,3.0,90,1,failed,738.4212551116943,,no_athdf,0.29403,RADIAL_COLLAPSE,0.1892639547586441,0.0759613573551178,True,2,5,ok,30,-2
RTC_CG_f1p5_b0p5_m3p0_t90_s2,CG,1.5,0.5,3.0,90,2,failed,361.68767070770264,,no_athdf,0.297076,RADIAL_COLLAPSE,0.2197931706905365,0.11492833308875561,True,3,4,ok,30,-2
RTC_CG_f1p2_b1p0_m3p0_t90_s3,CG,1.2,1.0,3.0,90,3,failed,7204.403213739395,31.145833333333336,ok:2_peaks,0.4700017273426056,PARTIAL,0.39922618865966797,0.21361062973737716,True,2,5,ok,48,-9
RTC_CG_f1p2_b2p0_m3p0_t0_s2,CG,1.2,2.0,3.0,0,2,failed,7204.710982322693,7.239583333333334,ok:5_peaks,0.31000056862831116,FULL,0.239471934735775,0.0969704847250666,True,5,7,ok,32,-9
RTC_CG_f1p5_b0p5_m3p0_t90_s3,CG,1.5,0.5,3.0,90,3,failed,904.3436045646667,,no_athdf,0.264018,RADIAL_COLLAPSE,0.18910538405179977,0.13668406940996647,True,3,4,ok,27,-2
RTC_CG_f1p5_b0p3_m3p0_t0_s2,CG,1.5,0.3,3.0,0,2,failed,5682.35706281662,,no_athdf,0.318,RADIAL_COLLAPSE,0.23934191465377808,0.0997368682708059,True,5,7,ok,32,-2
RTC_CG_f1p5_b1p0_m3p0_t90_s1,CG,1.5,1.0,3.0,90,1,failed,165.8047173023224,,no_athdf,0.273033,RADIAL_COLLAPSE,0.16989577561616898,0.08976525627076626,True,3,4,ok,28,-2
RTC_CG_f1p5_b0p5_m3p0_t0_s2,CG,1.5,0.5,3.0,0,2,failed,5154.953676223755,,no_athdf,0.289001,RADIAL_COLLAPSE,0.2088853344321251,0.09126586342851321,True,5,6,ok,29,-2
RTC_CG_f1p5_b1p0_m3p0_t90_s3,CG,1.5,1.0,3.0,90,3,failed,256.27000093460083,,no_athdf,0.275027,RADIAL_COLLAPSE,0.19938482344150543,0.14708714745938778,True,3,4,ok,28,-2
RTC_CG_f1p5_b0p5_m3p0_t0_s3,CG,1.5,0.5,3.0,0,3,failed,5591.999007225037,,no_athdf,0.332,RADIAL_COLLAPSE,0.2592986598610878,0.1412095067401727,True,4,6,ok,34,-2
RTC_CG_f1p5_b1p0_m3p0_t90_s2,CG,1.5,1.0,3.0,90,2,failed,3240.728553056717,,no_athdf,0.34,RADIAL_COLLAPSE,0.2688734009861946,0.1069496242063386,True,4,7,ok,35,-2
RTC_CG_f1p5_b1p0_m3p0_t0_s1,CG,1.5,1.0,3.0,0,1,failed,4024.3618245124817,,no_athdf,0.339,RADIAL_COLLAPSE,0.22917195409536362,0.08245888818055391,True,5,8,ok,34,-2
RTC_CG_f1p5_b2p0_m3p0_t90_s1,CG,1.5,2.0,3.0,90,1,failed,256.1956353187561,,no_athdf,0.279038,RADIAL_COLLAPSE,0.16937550157308578,0.07763056606054305,True,4,5,ok,28,-2
RTC_CG_f1p5_b2p0_m3p0_t0_s3,CG,1.5,2.0,3.0,0,3,failed,964.5279083251953,,no_athdf,0.297001,RADIAL_COLLAPSE,0.21871226280927658,0.137295725941658,True,4,5,ok,30,-2
RTC_CG_f1p5_b1p0_m3p0_t0_s3,CG,1.5,1.0,3.0,0,3,failed,4732.567430734634,,no_athdf,0.332001,RADIAL_COLLAPSE,0.258759044110775,0.14110641678174338,True,4,6,ok,34,-2
RTC_CG_f1p5_b2p0_m3p0_t90_s3,CG,1.5,2.0,3.0,90,3,failed,1145.4137575626373,,no_athdf,0.306002,RADIAL_COLLAPSE,0.22880910336971283,0.14348267167806625,True,3,5,ok,31,-2
RTC_CG_f1p5_b1p0_m3p0_t0_s2,CG,1.5,1.0,3.0,0,2,failed,7204.919017076492,7.34375,ok:5_peaks,0.3000003695487976,FULL,0.2295677810907364,0.09246511225189481,True,5,7,ok,31,-9
RTC_CG_f1p5_b2p0_m3p0_t0_s1,CG,1.5,2.0,3.0,0,1,failed,5109.484781503677,,no_athdf,0.353,RADIAL_COLLAPSE,0.19897543638944626,0.07766279056668282,True,5,10,ok,36,-2
RTC_CG_f2p0_b0p3_m3p0_t0_s1,CG,2.0,0.3,3.0,0,1,failed,2939.219874858856,,no_athdf,0.311,RADIAL_COLLAPSE,0.18993163108825684,0.0848125396296382,True,5,8,ok,32,-2
RTC_CG_f2p0_b0p3_m3p0_t90_s2,CG,2.0,0.3,3.0,90,2,failed,301.4595694541931,,no_athdf,0.238033,RADIAL_COLLAPSE,0.15987183898687363,0.09311300267775853,True,2,3,ok,24,-2
RTC_CG_f2p0_b0p3_m3p0_t90_s1,CG,2.0,0.3,3.0,90,1,failed,376.8703691959381,,no_athdf,0.265016,RADIAL_COLLAPSE,0.1594107672572136,0.10306805123885472,True,2,3,ok,27,-2
RTC_CG_f2p0_b0p5_m3p0_t0_s1,CG,2.0,0.5,3.0,0,1,failed,165.77163577079773,,no_athdf,0.260103,RADIAL_COLLAPSE,0.1598392128944397,0.06675512095292409,True,5,6,ok,27,-2
RTC_CG_f2p0_b0p3_m3p0_t90_s3,CG,2.0,0.3,3.0,90,3,failed,633.1026704311371,,no_athdf,0.242044,RADIAL_COLLAPSE,0.16921459138393402,0.11951801367104053,True,3,4,ok,25,-2
RTC_CG_f1p5_b2p0_m3p0_t0_s2,CG,1.5,2.0,3.0,0,2,failed,7204.473347663879,7.083333333333334,ok:5_peaks,0.31000080704689026,FULL,0.23957762122154236,0.09979934671095439,True,5,7,ok,32,-9
RTC_CG_f2p0_b0p5_m3p0_t90_s1,CG,2.0,0.5,3.0,90,1,failed,135.68312859535217,,no_athdf,0.252032,RADIAL_COLLAPSE,0.14965954422950745,0.07734867557883263,True,2,4,ok,26,-2
RTC_CG_f2p0_b0p5_m3p0_t90_s2,CG,2.0,0.5,3.0,90,2,failed,180.86739039421082,,no_athdf,0.227058,RADIAL_COLLAPSE,0.14993147552013397,0.0722520537674427,True,2,4,ok,23,-2
RTC_CG_f1p5_b2p0_m3p0_t90_s2,CG,1.5,2.0,3.0,90,2,failed,7204.661298274994,23.28125,ok:3_peaks,0.4300011396408081,FULL,0.35960154235363007,0.14481239300221205,True,3,8,ok,44,-9
RTC_CG_f2p0_b0p5_m3p0_t90_s3,CG,2.0,0.5,3.0,90,3,failed,617.8589115142822,,no_athdf,0.231011,RADIAL_COLLAPSE,0.15920861065387726,0.1093225721269846,True,4,4,ok,24,-2
RTC_CG_f2p0_b0p3_m3p0_t0_s2,CG,2.0,0.3,3.0,0,2,failed,6074.133851528168,,no_athdf,0.279,RADIAL_COLLAPSE,0.19941223412752151,0.08976676190892856,True,5,6,ok,28,-2
RTC_CG_f2p0_b0p3_m3p0_t0_s3,CG,2.0,0.3,3.0,0,3,failed,5697.030786752701,,no_athdf,0.316001,RADIAL_COLLAPSE,0.239812932908535,0.12645544608434042,True,4,6,ok,32,-2
RTC_CG_f2p0_b1p0_m3p0_t90_s1,CG,2.0,1.0,3.0,90,1,failed,195.95169067382812,,no_athdf,0.25309,RADIAL_COLLAPSE,0.14921639114618301,0.08185981027781963,True,2,4,ok,26,-2
RTC_CG_f2p0_b1p0_m3p0_t90_s2,CG,2.0,1.0,3.0,90,2,failed,150.75336837768555,,no_athdf,0.222136,RADIAL_COLLAPSE,0.14907217770814896,0.07704736478626728,True,3,4,ok,23,-2
RTC_CG_f2p0_b0p5_m3p0_t0_s3,CG,2.0,0.5,3.0,0,3,failed,6632.457286834717,,no_athdf,0.325,RADIAL_COLLAPSE,0.24939052015542984,0.13309302056829134,True,4,6,ok,33,-2
RTC_CG_f2p0_b0p5_m3p0_t0_s2,CG,2.0,0.5,3.0,0,2,failed,7129.532407283783,,no_athdf,0.29,RADIAL_COLLAPSE,0.21897930651903152,0.09259604236909322,True,5,7,ok,30,-2
RTC_CG_f2p0_b1p0_m3p0_t90_s3,CG,2.0,1.0,3.0,90,3,failed,2215.4989898204803,,no_athdf,0.312,RADIAL_COLLAPSE,0.23945803940296173,0.12459160263339679,True,4,6,ok,32,-2
RTC_CG_f2p0_b1p0_m3p0_t0_s1,CG,2.0,1.0,3.0,0,1,failed,4973.798152685165,,no_athdf,0.330001,RADIAL_COLLAPSE,0.2094511315226555,0.08652355190780428,True,5,9,ok,34,-2
RTC_CG_f2p0_b2p0_m3p0_t90_s1,CG,2.0,2.0,3.0,90,1,failed,617.9191837310791,,no_athdf,0.262016,RADIAL_COLLAPSE,0.1597350314259529,0.07377213090658188,True,3,5,ok,27,-2
RTC_CG_f2p0_b2p0_m3p0_t90_s2,CG,2.0,2.0,3.0,90,2,failed,150.6715052127838,,no_athdf,0.229046,RADIAL_COLLAPSE,0.14980540424585342,0.06777890920639038,True,3,5,ok,23,-2
RTC_CG_f2p0_b2p0_m3p0_t90_s3,CG,2.0,2.0,3.0,90,3,failed,376.8563196659088,,no_athdf,0.233048,RADIAL_COLLAPSE,0.15898682177066803,0.11188894137740135,True,4,4,ok,24,-2
RTC_CG_f2p0_b1p0_m3p0_t0_s3,CG,2.0,1.0,3.0,0,3,failed,6812.941073656082,,no_athdf,0.33,RADIAL_COLLAPSE,0.2588677778840065,0.1395503245294094,True,4,6,ok,34,-2
RTC_CG_f2p0_b1p0_m3p0_t0_s2,CG,2.0,1.0,3.0,0,2,failed,7204.999820947647,6.927083333333334,ok:5_peaks,0.3100028932094574,FULL,0.23967641592025757,0.10540875579629626,True,5,7,ok,32,-9
RTC_CG_f1p0_b0p3_m3p5_t0_s2,CG,1.0,0.3,3.5,0,2,failed,482.3024296760559,,no_athdf,0.266005,RADIAL_COLLAPSE,0.19917721673846245,0.08632251806557178,True,5,6,ok,27,-2
RTC_CG_f2p0_b2p0_m3p0_t0_s1,CG,2.0,2.0,3.0,0,1,failed,4009.1996722221375,,no_athdf,0.347,RADIAL_COLLAPSE,0.21979496628046036,0.09323877427313063,True,5,9,ok,35,-2
RTC_CG_f1p0_b0p3_m3p5_t90_s1,CG,1.0,0.3,3.5,90,1,failed,331.62567591667175,,no_athdf,0.307008,RADIAL_COLLAPSE,0.20986074209213257,0.1364256665110588,True,2,3,ok,31,-2
RTC_CG_f1p0_b0p3_m3p5_t0_s1,CG,1.0,0.3,3.5,0,1,failed,2351.092131614685,,no_athdf,0.304001,RADIAL_COLLAPSE,0.20927615463733673,0.08422742677586419,True,4,7,ok,31,-2
RTC_CG_f1p0_b0p3_m3p5_t90_s3,CG,1.0,0.3,3.5,90,3,failed,361.625923871994,,no_athdf,0.289002,RADIAL_COLLAPSE,0.21975649520754814,0.14733692724257708,True,2,4,ok,29,-2
RTC_CG_f1p0_b0p3_m3p5_t90_s2,CG,1.0,0.3,3.5,90,2,failed,874.1493103504181,,no_athdf,0.317019,RADIAL_COLLAPSE,0.24930477887392044,0.12712679989635944,True,3,4,ok,32,-2
RTC_CG_f1p0_b0p5_m3p5_t0_s1,CG,1.0,0.5,3.5,0,1,failed,1311.342380285263,,no_athdf,0.308005,RADIAL_COLLAPSE,0.20956578850746155,0.08398518817765373,True,4,7,ok,31,-2
RTC_CG_f1p0_b0p5_m3p5_t0_s2,CG,1.0,0.5,3.5,0,2,failed,1296.1485705375671,,no_athdf,0.265004,RADIAL_COLLAPSE,0.19939521327614784,0.08649482391774654,True,5,6,ok,27,-2
RTC_CG_f2p0_b2p0_m3p0_t0_s3,CG,2.0,2.0,3.0,0,3,failed,5772.472230672836,,no_athdf,0.333001,RADIAL_COLLAPSE,0.25887778401374817,0.14118541032075882,True,4,6,ok,34,-2
RTC_CG_f1p0_b0p5_m3p5_t90_s3,CG,1.0,0.5,3.5,90,3,failed,331.60214257240295,,no_athdf,0.27702,RADIAL_COLLAPSE,0.20935345441102982,0.1521060597151518,True,2,4,ok,28,-2
RTC_CG_f1p0_b0p5_m3p5_t90_s1,CG,1.0,0.5,3.5,90,1,failed,602.9361824989319,,no_athdf,0.304006,RADIAL_COLLAPSE,0.20981495082378387,0.08606328517198562,True,2,5,ok,31,-2
RTC_CG_f1p0_b1p0_m3p5_t0_s2,CG,1.0,1.0,3.5,0,2,failed,150.74614834785461,,no_athdf,0.255194,RADIAL_COLLAPSE,0.18968486040830612,0.0799240047732989,True,4,6,ok,26,-2
RTC_CG_f1p0_b0p5_m3p5_t90_s2,CG,1.0,0.5,3.5,90,2,failed,708.4279291629791,,no_athdf,0.283006,RADIAL_COLLAPSE,0.21993843466043472,0.11976343020796776,True,3,4,ok,29,-2
RTC_CG_f1p0_b1p0_m3p5_t0_s1,CG,1.0,1.0,3.5,0,1,failed,301.44354462623596,,no_athdf,0.303,RADIAL_COLLAPSE,0.20988547801971436,0.08269161624567849,True,4,7,ok,31,-2
RTC_CG_f1p0_b1p0_m3p5_t90_s1,CG,1.0,1.0,3.5,90,1,failed,286.2286422252655,,no_athdf,0.296015,RADIAL_COLLAPSE,0.19995471835136414,0.0780349796017011,True,4,6,ok,30,-2
RTC_CG_f2p0_b2p0_m3p0_t0_s2,CG,2.0,2.0,3.0,0,2,failed,7204.122522830963,7.03125,ok:5_peaks,0.3100014626979828,FULL,0.23975283652544022,0.10680441451924187,True,5,7,ok,32,-9
RTC_CG_f1p0_b0p3_m3p5_t0_s3,CG,1.0,0.3,3.5,0,3,failed,4626.973264932632,,no_athdf,0.282,RADIAL_COLLAPSE,0.21956168487668037,0.13767775669693946,True,3,5,ok,29,-2
RTC_CG_f1p0_b1p0_m3p5_t90_s2,CG,1.0,1.0,3.5,90,2,failed,1627.8732380867004,,no_athdf,0.333067,RADIAL_COLLAPSE,0.2696876600384712,0.10833860614470073,True,4,7,ok,34,-2
RTC_CG_f1p0_b1p0_m3p5_t90_s3,CG,1.0,1.0,3.5,90,3,failed,2848.754234790802,,no_athdf,0.389002,RADIAL_COLLAPSE,0.31899940967559814,0.17948963344097138,True,2,5,ok,39,-2
RTC_CG_f1p0_b2p0_m3p5_t90_s1,CG,1.0,2.0,3.5,90,1,failed,542.4941761493683,,no_athdf,0.306,RADIAL_COLLAPSE,0.20989155024290085,0.07701206100838524,True,4,7,ok,31,-2
RTC_CG_f1p0_b2p0_m3p5_t0_s1,CG,1.0,2.0,3.5,0,1,failed,3029.6355319023132,,no_athdf,0.347007,RADIAL_COLLAPSE,0.24995409697294235,0.10703059818063464,True,4,7,ok,35,-2
RTC_CG_f1p0_b0p5_m3p5_t0_s3,CG,1.0,0.5,3.5,0,3,failed,5425.927792549133,,no_athdf,0.287001,RADIAL_COLLAPSE,0.2198229469358921,0.1356140948832035,True,3,5,ok,29,-2
RTC_CG_f1p0_b2p0_m3p5_t90_s3,CG,1.0,2.0,3.5,90,3,failed,241.17559099197388,,no_athdf,0.262044,RADIAL_COLLAPSE,0.19899290800094604,0.14928419515490532,True,3,4,ok,27,-2
RTC_CG_f1p0_b2p0_m3p5_t90_s2,CG,1.0,2.0,3.5,90,2,failed,391.9503560066223,,no_athdf,0.258015,RADIAL_COLLAPSE,0.18971791863441467,0.07640914370616277,True,4,6,ok,26,-2
RTC_CG_f1p2_b0p3_m3p5_t0_s1,CG,1.2,0.3,3.5,0,1,failed,331.50605964660645,,no_athdf,0.300004,RADIAL_COLLAPSE,0.20920384675264359,0.0825204434139388,True,4,7,ok,31,-2
RTC_CG_f1p2_b0p3_m3p5_t0_s2,CG,1.2,0.3,3.5,0,2,failed,331.54733443260193,,no_athdf,0.25409,RADIAL_COLLAPSE,0.18921108543872833,0.08146352072556813,True,4,6,ok,26,-2
RTC_CG_f1p2_b0p3_m3p5_t0_s3,CG,1.2,0.3,3.5,0,3,failed,602.8552675247192,,no_athdf,0.253,RADIAL_COLLAPSE,0.18973849713802338,0.14487707428634167,True,3,4,ok,26,-2
RTC_CG_f1p0_b2p0_m3p5_t0_s2,CG,1.0,2.0,3.5,0,2,failed,3526.92578291893,,no_athdf,0.288,RADIAL_COLLAPSE,0.2188996784389019,0.08964719782982554,True,5,7,ok,29,-2
RTC_CG_f1p2_b0p3_m3p5_t90_s1,CG,1.2,0.3,3.5,90,1,failed,1205.759806394577,,no_athdf,0.367008,RADIAL_COLLAPSE,0.2700103372335434,0.1798921450972557,True,2,3,ok,37,-2
RTC_CG_f1p2_b0p3_m3p5_t90_s3,CG,1.2,0.3,3.5,90,3,failed,633.0183525085449,,no_athdf,0.273012,RADIAL_COLLAPSE,0.20974232628941536,0.1447338806465268,True,2,4,ok,28,-2
RTC_CG_f1p2_b0p3_m3p5_t90_s2,CG,1.2,0.3,3.5,90,2,failed,1085.1807715892792,,no_athdf,0.298003,RADIAL_COLLAPSE,0.22933605313301086,0.1147418562322855,True,3,4,ok,30,-2
RTC_CG_f1p0_b1p0_m3p5_t0_s3,CG,1.0,1.0,3.5,0,3,failed,5757.939013242722,,no_athdf,0.294001,RADIAL_COLLAPSE,0.2289252206683159,0.14136595129966736,True,4,5,ok,30,-2
RTC_CG_f1p2_b0p5_m3p5_t0_s2,CG,1.2,0.5,3.5,0,2,failed,1099.9895808696747,,no_athdf,0.262,RADIAL_COLLAPSE,0.199419304728508,0.08805616696675618,True,5,6,ok,27,-2
RTC_CG_f1p2_b0p5_m3p5_t90_s1,CG,1.2,0.5,3.5,90,1,failed,1085.2491519451141,,no_athdf,0.306007,RADIAL_COLLAPSE,0.20989848673343658,0.10480581596493721,True,3,4,ok,31,-2
RTC_CG_f1p2_b1p0_m3p5_t0_s1,CG,1.2,1.0,3.5,0,1,failed,874.2130496501923,,no_athdf,0.302,RADIAL_COLLAPSE,0.20989903807640076,0.08266940180744443,True,4,7,ok,31,-2
RTC_CG_f1p2_b1p0_m3p5_t0_s2,CG,1.2,1.0,3.5,0,2,failed,211.02201223373413,,no_athdf,0.254068,RADIAL_COLLAPSE,0.18978017941117287,0.08168999788661797,True,4,6,ok,26,-2
RTC_CG_f1p2_b0p5_m3p5_t0_s1,CG,1.2,0.5,3.5,0,1,failed,3723.0807287693024,,no_athdf,0.337,RADIAL_COLLAPSE,0.23957397043704987,0.0910419449210167,True,5,8,ok,34,-2
RTC_CG_f1p2_b0p5_m3p5_t90_s2,CG,1.2,0.5,3.5,90,2,failed,3210.4428465366364,,no_athdf,0.311024,RADIAL_COLLAPSE,0.24992531165480614,0.11995439901947975,True,4,5,ok,32,-2
RTC_CG_f1p0_b2p0_m3p5_t0_s3,CG,1.0,2.0,3.5,0,3,failed,7204.361368894577,6.354166666666667,ok:4_peaks,0.3100004196166992,FULL,0.24934789910912514,0.13302797513703504,True,4,6,ok,32,-9
RTC_CG_f1p2_b1p0_m3p5_t90_s3,CG,1.2,1.0,3.5,90,3,failed,135.6785135269165,,no_athdf,0.249046,RADIAL_COLLAPSE,0.17904836684465408,0.13207807019352913,True,3,4,ok,25,-2
RTC_CG_f1p2_b1p0_m3p5_t90_s2,CG,1.2,1.0,3.5,90,2,failed,286.28935837745667,,no_athdf,0.265125,RADIAL_COLLAPSE,0.19976192712783813,0.09188921004533768,True,4,5,ok,27,-2
RTC_CG_f1p2_b1p0_m3p5_t90_s1,CG,1.2,1.0,3.5,90,1,failed,663.2547397613525,,no_athdf,0.301091,RADIAL_COLLAPSE,0.20906885713338852,0.07550644129514694,True,4,7,ok,31,-2
RTC_CG_f1p2_b0p5_m3p5_t0_s3,CG,1.2,0.5,3.5,0,3,failed,5426.201774120331,,no_athdf,0.285001,RADIAL_COLLAPSE,0.21984775736927986,0.13777370527386665,True,3,5,ok,29,-2
RTC_CG_f1p2_b1p0_m3p5_t0_s3,CG,1.2,1.0,3.5,0,3,failed,4039.4287626743317,,no_athdf,0.313001,RADIAL_COLLAPSE,0.24895690008997917,0.1328431386500597,True,4,6,ok,32,-2
RTC_CG_f1p2_b2p0_m3p5_t0_s1,CG,1.2,2.0,3.5,0,1,failed,2682.854709148407,,no_athdf,0.316,RADIAL_COLLAPSE,0.21906712651252747,0.08980656628097806,True,5,7,ok,32,-2
RTC_CG_f1p2_b2p0_m3p5_t90_s2,CG,1.2,2.0,3.5,90,2,failed,150.75803685188293,,no_athdf,0.246091,RADIAL_COLLAPSE,0.17968053370714188,0.08384183794260025,True,4,5,ok,25,-2
RTC_CG_f1p5_b0p3_m3p5_t0_s1,CG,1.5,0.3,3.5,0,1,failed,663.0951218605042,,no_athdf,0.297,RADIAL_COLLAPSE,0.19933396577835083,0.07821001218897956,True,4,7,ok,30,-2
RTC_CG_f1p5_b0p3_m3p5_t0_s2,CG,1.5,0.3,3.5,0,2,failed,256.2428386211395,,no_athdf,0.246011,RADIAL_COLLAPSE,0.17930493131279945,0.07644570929308732,True,4,6,ok,25,-2
RTC_CG_f1p5_b0p3_m3p5_t0_s3,CG,1.5,0.3,3.5,0,3,failed,376.7741765975952,,no_athdf,0.244062,RADIAL_COLLAPSE,0.17962050810456276,0.13682656828314066,True,4,4,ok,25,-2
RTC_CG_f1p2_b2p0_m3p5_t90_s3,CG,1.2,2.0,3.5,90,3,failed,1899.1642076969147,,no_athdf,0.352032,RADIAL_COLLAPSE,0.28896043077111244,0.1562905367463827,True,4,6,ok,36,-2
RTC_CG_f1p2_b0p5_m3p5_t90_s3,CG,1.2,0.5,3.5,90,3,failed,7204.511592388153,31.875,ok:2_peaks,0.46000102162361145,PARTIAL,0.39930716902017593,0.2056681290268898,True,2,5,ok,47,-9
RTC_CG_f1p5_b0p3_m3p5_t90_s2,CG,1.5,0.3,3.5,90,2,failed,271.31761503219604,,no_athdf,0.250056,RADIAL_COLLAPSE,0.1894354671239853,0.08989876694977283,True,3,4,ok,26,-2
RTC_CG_f1p5_b0p3_m3p5_t90_s3,CG,1.5,0.3,3.5,90,3,failed,226.14079594612122,,no_athdf,0.251012,RADIAL_COLLAPSE,0.18981359899044037,0.13225809298455715,True,3,4,ok,26,-2
RTC_CG_f1p2_b2p0_m3p5_t0_s3,CG,1.2,2.0,3.5,0,3,failed,4913.605234861374,,no_athdf,0.319,RADIAL_COLLAPSE,0.24939299747347832,0.1330430724968513,True,4,6,ok,32,-2
RTC_CG_f1p5_b0p3_m3p5_t90_s1,CG,1.5,0.3,3.5,90,1,failed,1386.5393998622894,,no_athdf,0.294005,RADIAL_COLLAPSE,0.19928722083568573,0.10235828533768654,True,2,4,ok,30,-2
RTC_CG_f1p5_b0p5_m3p5_t0_s2,CG,1.5,0.5,3.5,0,2,failed,1461.789837360382,,no_athdf,0.247,RADIAL_COLLAPSE,0.17946697771549225,0.0763986421128114,True,4,6,ok,25,-2
RTC_CG_f1p5_b0p5_m3p5_t90_s2,CG,1.5,0.5,3.5,90,2,failed,316.46178817749023,,no_athdf,0.240093,RADIAL_COLLAPSE,0.1800626441836357,0.09251539036631584,True,3,4,ok,25,-2
RTC_CG_f1p5_b0p5_m3p5_t0_s1,CG,1.5,0.5,3.5,0,1,failed,2260.993977546692,,no_athdf,0.307001,RADIAL_COLLAPSE,0.20967119187116623,0.08398193546703883,True,5,7,ok,31,-2
RTC_CG_f1p2_b2p0_m3p5_t0_s2,CG,1.2,2.0,3.5,0,2,failed,7204.71005654335,7.864583333333334,ok:5_peaks,0.26000112295150757,FULL,0.19894807040691376,0.08814739932616551,True,5,6,ok,27,-9
RTC_CG_f1p5_b0p5_m3p5_t90_s1,CG,1.5,0.5,3.5,90,1,failed,2637.8109583854675,,no_athdf,0.337,RADIAL_COLLAPSE,0.23914159834384918,0.07975356812988009,True,3,7,ok,34,-2
RTC_CG_f1p2_b2p0_m3p5_t90_s1,CG,1.2,2.0,3.5,90,1,failed,7204.602702140808,7.083333333333334,ok:5_peaks,0.4100005626678467,FULL,0.3199733719229698,0.13355118222534657,True,5,8,ok,42,-9
RTC_CG_f1p5_b1p0_m3p5_t0_s1,CG,1.5,1.0,3.5,0,1,failed,1989.5230617523193,,no_athdf,0.311,RADIAL_COLLAPSE,0.21903925389051437,0.07962960936129093,True,5,8,ok,32,-2
RTC_CG_f1p5_b1p0_m3p5_t90_s1,CG,1.5,1.0,3.5,90,1,failed,271.30243372917175,,no_athdf,0.262001,RADIAL_COLLAPSE,0.1693049892783165,0.07776144444942475,True,3,5,ok,27,-2
RTC_CG_f1p5_b0p5_m3p5_t0_s3,CG,1.5,0.5,3.5,0,3,failed,3903.7367391586304,,no_athdf,0.309,RADIAL_COLLAPSE,0.2398836314678192,0.12811468914151192,True,4,6,ok,31,-2
RTC_CG_f1p5_b1p0_m3p5_t90_s3,CG,1.5,1.0,3.5,90,3,failed,241.12065386772156,,no_athdf,0.232022,RADIAL_COLLAPSE,0.16908535733819008,0.1219816179946065,True,4,4,ok,24,-2
RTC_CG_f1p5_b1p0_m3p5_t90_s2,CG,1.5,1.0,3.5,90,2,failed,512.5248348712921,,no_athdf,0.251,RADIAL_COLLAPSE,0.18978796526789665,0.08970124647021294,True,4,5,ok,26,-2
RTC_CG_f1p5_b0p5_m3p5_t90_s3,CG,1.5,0.5,3.5,90,3,failed,3979.256771326065,,no_athdf,0.427,RADIAL_COLLAPSE,0.35936155915260315,0.1915780007839203,True,2,5,ok,43,-2
RTC_CG_f1p5_b2p0_m3p5_t90_s1,CG,1.5,2.0,3.5,90,1,failed,180.78797483444214,,no_athdf,0.270031,RADIAL_COLLAPSE,0.17917383462190628,0.07483845949172974,True,4,6,ok,28,-2
RTC_CG_f1p5_b2p0_m3p5_t90_s2,CG,1.5,2.0,3.5,90,2,failed,241.19416046142578,,no_athdf,0.238071,RADIAL_COLLAPSE,0.16975294798612595,0.07794496417045593,True,3,5,ok,24,-2
RTC_CG_f1p5_b2p0_m3p5_t0_s1,CG,1.5,2.0,3.5,0,1,failed,2019.781371831894,,no_athdf,0.312,RADIAL_COLLAPSE,0.21930716186761856,0.07971703074872494,True,5,8,ok,32,-2
RTC_CG_f1p5_b2p0_m3p5_t90_s3,CG,1.5,2.0,3.5,90,3,failed,813.882495880127,,no_athdf,0.281062,RADIAL_COLLAPSE,0.21908212453126907,0.1337009221315384,True,3,5,ok,29,-2
RTC_CG_f2p0_b0p3_m3p5_t0_s2,CG,2.0,0.3,3.5,0,2,failed,226.12709784507751,,no_athdf,0.235001,RADIAL_COLLAPSE,0.16937484219670296,0.07152620889246464,True,4,6,ok,24,-2
RTC_CG_f1p5_b1p0_m3p5_t0_s3,CG,1.5,1.0,3.5,0,3,failed,4054.520453929901,,no_athdf,0.311001,RADIAL_COLLAPSE,0.2489982806146145,0.13626934525867304,True,4,6,ok,32,-2
RTC_CG_f2p0_b0p3_m3p5_t90_s1,CG,2.0,0.3,3.5,90,1,failed,406.95119166374207,,no_athdf,0.261011,RADIAL_COLLAPSE,0.16958238184452057,0.08730001375079155,True,2,4,ok,27,-2
RTC_CG_f2p0_b0p3_m3p5_t90_s2,CG,2.0,0.3,3.5,90,2,failed,271.3406808376312,,no_athdf,0.224026,RADIAL_COLLAPSE,0.15947727859020233,0.09621550639470418,True,3,3,ok,23,-2
RTC_CG_f2p0_b0p3_m3p5_t90_s3,CG,2.0,0.3,3.5,90,3,failed,331.55313515663147,,no_athdf,0.231045,RADIAL_COLLAPSE,0.16993200033903122,0.1195004228502512,True,3,4,ok,24,-2
RTC_CG_f1p5_b1p0_m3p5_t0_s2,CG,1.5,1.0,3.5,0,2,failed,7204.542196273804,7.291666666666667,ok:5_peaks,0.28000059723854065,FULL,0.21969370543956757,0.09130862142358508,True,5,7,ok,29,-9
RTC_CG_f2p0_b0p3_m3p5_t0_s1,CG,2.0,0.3,3.5,0,1,failed,3557.0079448223114,,no_athdf,0.302,RADIAL_COLLAPSE,0.20951202511787415,0.07656880136993197,True,5,9,ok,31,-2
RTC_CG_f1p5_b2p0_m3p5_t0_s3,CG,1.5,2.0,3.5,0,3,failed,5305.700786113739,,no_athdf,0.32,RADIAL_COLLAPSE,0.2594590298831463,0.1429654179761807,True,4,6,ok,33,-2
RTC_CG_f2p0_b0p5_m3p5_t90_s1,CG,2.0,0.5,3.5,90,1,failed,422.0895006656647,,no_athdf,0.25502,RADIAL_COLLAPSE,0.1595286950469017,0.08466518111526966,True,4,4,ok,26,-2
RTC_CG_f2p0_b0p5_m3p5_t90_s2,CG,2.0,0.5,3.5,90,2,failed,120.61489057540894,,no_athdf,0.209025,RADIAL_COLLAPSE,0.13915253430604935,0.08612057814995448,True,2,3,ok,21,-2
RTC_CG_f2p0_b0p5_m3p5_t0_s1,CG,2.0,0.5,3.5,0,1,failed,2698.033720254898,,no_athdf,0.299001,RADIAL_COLLAPSE,0.19988535344600677,0.07997044362127781,True,5,8,ok,30,-2
RTC_CG_f1p5_b2p0_m3p5_t0_s2,CG,1.5,2.0,3.5,0,2,failed,7204.737483501434,7.083333333333334,ok:5_peaks,0.290000319480896,FULL,0.22901811078190804,0.09823612176946231,True,5,7,ok,30,-9
RTC_CG_f2p0_b1p0_m3p5_t0_s1,CG,2.0,1.0,3.5,0,1,failed,2487.092484474182,,no_athdf,0.303001,RADIAL_COLLAPSE,0.17928577959537506,0.06870727315545082,True,5,10,ok,31,-2
RTC_CG_f2p0_b0p3_m3p5_t0_s3,CG,2.0,0.3,3.5,0,3,failed,7204.515908241272,6.979166666666667,ok:4_peaks,0.29000043869018555,FULL,0.22966966032981873,0.12143141652146976,True,4,6,ok,30,-9
RTC_CG_f2p0_b0p5_m3p5_t0_s3,CG,2.0,0.5,3.5,0,3,failed,4973.982790231705,,no_athdf,0.303,RADIAL_COLLAPSE,0.23994504287838936,0.12970776172975698,True,4,6,ok,31,-2
RTC_CG_f2p0_b1p0_m3p5_t90_s2,CG,2.0,1.0,3.5,90,2,failed,331.59399008750916,,no_athdf,0.21201,RADIAL_COLLAPSE,0.1498410999774933,0.06574046313762665,True,3,5,ok,22,-2
RTC_CG_f2p0_b1p0_m3p5_t90_s3,CG,2.0,1.0,3.5,90,3,failed,226.09862422943115,,no_athdf,0.214178,RADIAL_COLLAPSE,0.14920205622911453,0.10437433049082756,True,4,4,ok,22,-2
RTC_CG_f2p0_b0p5_m3p5_t0_s2,CG,2.0,0.5,3.5,0,2,failed,7204.208908319473,7.34375,ok:5_peaks,0.2700001001358032,FULL,0.20951887965202332,0.08687058091163635,True,5,7,ok,28,-9
RTC_CG_f2p0_b0p5_m3p5_t90_s3,CG,2.0,0.5,3.5,90,3,failed,7203.949280500412,15.3125,ok:3_peaks,0.3600006103515625,FULL,0.2994457818567753,0.1479433880498012,True,3,6,ok,37,-9
RTC_CG_f2p0_b2p0_m3p5_t0_s1,CG,2.0,2.0,3.5,0,1,failed,2321.155218601227,,no_athdf,0.311,RADIAL_COLLAPSE,0.20946422964334488,0.08323017838928434,True,5,9,ok,32,-2
RTC_CG_f2p0_b2p0_m3p5_t90_s1,CG,2.0,2.0,3.5,90,1,failed,211.0353662967682,,no_athdf,0.258039,RADIAL_COLLAPSE,0.15945077687501907,0.07783608585596084,True,4,5,ok,26,-2
RTC_CG_f2p0_b2p0_m3p5_t90_s2,CG,2.0,2.0,3.5,90,2,failed,195.98573565483093,,no_athdf,0.223066,RADIAL_COLLAPSE,0.15981243178248405,0.07387931868433953,True,3,5,ok,23,-2
RTC_CG_f2p0_b2p0_m3p5_t90_s3,CG,2.0,2.0,3.5,90,3,failed,241.16810941696167,,no_athdf,0.222028,RADIAL_COLLAPSE,0.15913542360067368,0.11450547352433205,True,4,4,ok,23,-2
RTC_CG_f2p0_b1p0_m3p5_t0_s3,CG,2.0,1.0,3.5,0,3,failed,5154.656029224396,,no_athdf,0.308001,RADIAL_COLLAPSE,0.2390703558921814,0.12956306710839272,True,4,6,ok,31,-2
RTC_CG_f2p0_b1p0_m3p5_t0_s2,CG,2.0,1.0,3.5,0,2,failed,7204.520706415176,7.083333333333334,ok:5_peaks,0.2800006866455078,FULL,0.21976419165730476,0.09405851417354175,True,5,7,ok,29,-9
RTC_CG_f1p0_b0p3_m4p0_t0_s2,CG,1.0,0.3,4.0,0,2,failed,497.3717710971832,,no_athdf,0.253,RADIAL_COLLAPSE,0.1992126703262329,0.07681663760117122,True,5,7,ok,26,-2
RTC_CG_f1p0_b0p3_m4p0_t0_s1,CG,1.0,0.3,4.0,0,1,failed,708.4983875751495,,no_athdf,0.284,RADIAL_COLLAPSE,0.19965701550245285,0.07982820698193141,True,4,7,ok,29,-2
RTC_CG_f1p0_b0p3_m4p0_t90_s1,CG,1.0,0.3,4.0,90,1,failed,241.1769139766693,,no_athdf,0.294023,RADIAL_COLLAPSE,0.2092614769935608,0.10468327440321445,True,2,4,ok,30,-2
RTC_CG_f1p0_b0p3_m4p0_t90_s2,CG,1.0,0.3,4.0,90,2,failed,301.46052384376526,,no_athdf,0.270011,RADIAL_COLLAPSE,0.20943506434559822,0.1097062798216939,True,3,4,ok,28,-2
RTC_CG_f1p0_b0p3_m4p0_t90_s3,CG,1.0,0.3,4.0,90,3,failed,241.21609091758728,,no_athdf,0.279029,RADIAL_COLLAPSE,0.20951999351382256,0.1495556691661477,True,2,4,ok,28,-2
RTC_CG_f1p0_b0p3_m4p0_t0_s3,CG,1.0,0.3,4.0,0,3,failed,1537.455229997635,,no_athdf,0.262,RADIAL_COLLAPSE,0.1994248442351818,0.12974102273583413,True,3,5,ok,27,-2
RTC_CG_f2p0_b1p0_m3p5_t90_s1,CG,2.0,1.0,3.5,90,1,failed,6315.114261388779,,no_athdf,0.395,RADIAL_COLLAPSE,0.2995355501770973,0.12849972676485777,True,5,8,ok,40,-2
RTC_CG_f1p0_b0p5_m4p0_t90_s1,CG,1.0,0.5,4.0,90,1,failed,482.348073720932,,no_athdf,0.289009,RADIAL_COLLAPSE,0.19968707859516144,0.08367729187011719,True,2,5,ok,29,-2
RTC_CG_f1p0_b0p5_m4p0_t90_s2,CG,1.0,0.5,4.0,90,2,failed,376.76837682724,,no_athdf,0.263001,RADIAL_COLLAPSE,0.20924368873238564,0.11716541182249784,True,4,4,ok,27,-2
RTC_CG_f1p0_b0p5_m4p0_t0_s2,CG,1.0,0.5,4.0,0,2,failed,3270.681601524353,,no_athdf,0.268002,RADIAL_COLLAPSE,0.1995423138141632,0.08269284346273967,True,5,7,ok,27,-2
RTC_CG_f2p0_b2p0_m3p5_t0_s2,CG,2.0,2.0,3.5,0,2,failed,7204.598838329315,6.979166666666667,ok:5_peaks,0.2900010049343109,FULL,0.22913623228669167,0.10109151527285576,True,5,7,ok,30,-9
RTC_CG_f2p0_b2p0_m3p5_t0_s3,CG,2.0,2.0,3.5,0,3,failed,6722.103796958923,,no_athdf,0.32,RADIAL_COLLAPSE,0.25957003235816956,0.1430141714711984,True,4,6,ok,33,-2
RTC_CG_f1p0_b0p5_m4p0_t0_s1,CG,1.0,0.5,4.0,0,1,failed,5064.2832708358765,,no_athdf,0.314001,RADIAL_COLLAPSE,0.22965314984321594,0.0873380545526743,True,5,8,ok,32,-2
RTC_CG_f1p0_b0p5_m4p0_t0_s3,CG,1.0,0.5,4.0,0,3,failed,4732.630691766739,,no_athdf,0.27,RADIAL_COLLAPSE,0.2095700241625309,0.13569941893219947,True,4,5,ok,28,-2
RTC_CG_f1p0_b1p0_m4p0_t90_s2,CG,1.0,1.0,4.0,90,2,failed,150.67963290214539,,no_athdf,0.242021,RADIAL_COLLAPSE,0.17985078692436218,0.07337996984521548,True,4,6,ok,25,-2
RTC_CG_f1p0_b1p0_m4p0_t90_s1,CG,1.0,1.0,4.0,90,1,failed,2109.910305738449,,no_athdf,0.307004,RADIAL_COLLAPSE,0.21939248591661453,0.08122584010873522,True,4,7,ok,31,-2
RTC_CG_f1p0_b1p0_m4p0_t0_s2,CG,1.0,1.0,4.0,0,2,failed,3556.9935789108276,,no_athdf,0.313001,RADIAL_COLLAPSE,0.24975785613059998,0.09995162207633257,True,4,8,ok,32,-2
RTC_CG_f1p0_b1p0_m4p0_t0_s1,CG,1.0,1.0,4.0,0,1,failed,4838.251391410828,,no_athdf,0.305,RADIAL_COLLAPSE,0.2195761725306511,0.09129304225955691,True,5,7,ok,31,-2
RTC_CG_f1p0_b2p0_m4p0_t0_s1,CG,1.0,2.0,4.0,0,1,failed,1537.3984785079956,,no_athdf,0.293,RADIAL_COLLAPSE,0.20912926644086838,0.08539948825325284,True,5,7,ok,30,-2
RTC_CG_f1p0_b0p5_m4p0_t90_s3,CG,1.0,0.5,4.0,90,3,failed,7204.785558462143,32.395833333333336,ok:2_peaks,0.4300026595592499,PARTIAL,0.36906901374459267,0.19760519191622733,True,2,5,ok,44,-9
RTC_CG_f1p0_b1p0_m4p0_t90_s3,CG,1.0,1.0,4.0,90,3,failed,3466.35391330719,,no_athdf,0.425016,RADIAL_COLLAPSE,0.35985877737402916,0.19971828535199165,True,2,5,ok,43,-2
RTC_CG_f1p0_b2p0_m4p0_t90_s2,CG,1.0,2.0,4.0,90,2,failed,150.7108039855957,,no_athdf,0.243032,RADIAL_COLLAPSE,0.17976507917046547,0.07814057233432929,True,4,6,ok,25,-2
RTC_CG_f1p0_b2p0_m4p0_t0_s2,CG,1.0,2.0,4.0,0,2,failed,1808.6208577156067,,no_athdf,0.263,RADIAL_COLLAPSE,0.19912214577198029,0.08267290358032499,True,5,7,ok,27,-2
RTC_CG_f1p2_b0p3_m4p0_t0_s2,CG,1.2,0.3,4.0,0,2,failed,150.73367738723755,,no_athdf,0.234049,RADIAL_COLLAPSE,0.17933546006679535,0.0747767190138499,True,4,6,ok,24,-2
RTC_CG_f1p0_b1p0_m4p0_t0_s3,CG,1.0,1.0,4.0,0,3,failed,5772.819729566574,,no_athdf,0.277001,RADIAL_COLLAPSE,0.20979664102196693,0.13572045490145684,True,4,5,ok,28,-2
RTC_CG_f1p0_b2p0_m4p0_t0_s3,CG,1.0,2.0,4.0,0,3,failed,2773.0986437797546,,no_athdf,0.254001,RADIAL_COLLAPSE,0.18912207707762718,0.12158584222197533,True,4,5,ok,26,-2
RTC_CG_f1p2_b0p3_m4p0_t90_s1,CG,1.2,0.3,4.0,90,1,failed,376.75020575523376,,no_athdf,0.284049,RADIAL_COLLAPSE,0.19934850186109543,0.09972275048494339,True,2,4,ok,29,-2
RTC_CG_f1p2_b0p3_m4p0_t90_s3,CG,1.2,0.3,4.0,90,3,failed,693.321768283844,,no_athdf,0.285008,RADIAL_COLLAPSE,0.21949855610728264,0.15474552940577269,True,2,4,ok,29,-2
RTC_CG_f1p2_b0p5_m4p0_t0_s1,CG,1.2,0.5,4.0,0,1,failed,165.8327076435089,,no_athdf,0.282078,RADIAL_COLLAPSE,0.19970876723527908,0.08117529324122838,True,4,7,ok,29,-2
RTC_CG_f1p2_b0p3_m4p0_t90_s2,CG,1.2,0.3,4.0,90,2,failed,1190.8133149147034,,no_athdf,0.287003,RADIAL_COLLAPSE,0.22912702336907387,0.12219975236803293,True,3,4,ok,29,-2
RTC_CG_f1p2_b0p5_m4p0_t0_s2,CG,1.2,0.5,4.0,0,2,failed,1055.18750333786,,no_athdf,0.266013,RADIAL_COLLAPSE,0.19960401952266693,0.08397773866142545,True,5,7,ok,27,-2
RTC_CG_f1p2_b0p5_m4p0_t90_s1,CG,1.2,0.5,4.0,90,1,failed,813.7868404388428,,no_athdf,0.289,RADIAL_COLLAPSE,0.19972741603851318,0.07160515834887822,True,3,6,ok,29,-2
RTC_CG_f1p2_b0p5_m4p0_t90_s2,CG,1.2,0.5,4.0,90,2,failed,738.6365582942963,,no_athdf,0.284004,RADIAL_COLLAPSE,0.2292490117251873,0.1096548743546009,True,5,5,ok,29,-2
RTC_CG_f1p2_b0p3_m4p0_t0_s3,CG,1.2,0.3,4.0,0,3,failed,5079.204427719116,,no_athdf,0.264,RADIAL_COLLAPSE,0.19937407970428467,0.12961617410182952,True,3,5,ok,27,-2
RTC_CG_f1p2_b0p5_m4p0_t90_s3,CG,1.2,0.5,4.0,90,3,failed,813.9441230297089,,no_athdf,0.264007,RADIAL_COLLAPSE,0.1991099864244461,0.1493871733546257,True,2,4,ok,27,-2
RTC_CG_f1p0_b2p0_m4p0_t90_s3,CG,1.0,2.0,4.0,90,3,failed,6134.619163036346,,no_athdf,0.409015,RADIAL_COLLAPSE,0.33979305252432823,0.1864642221480608,True,3,6,ok,41,-2
RTC_CG_f1p0_b2p0_m4p0_t90_s1,CG,1.0,2.0,4.0,90,1,failed,7204.673318386078,6.40625,ok:5_peaks,0.42000049352645874,FULL,0.3396012857556343,0.1511749718338251,True,5,8,ok,43,-9
RTC_CG_f1p2_b1p0_m4p0_t0_s3,CG,1.2,1.0,4.0,0,3,failed,482.2549731731415,,no_athdf,0.239,RADIAL_COLLAPSE,0.16988392546772957,0.13485271390527487,True,3,4,ok,24,-2
RTC_CG_f1p2_b1p0_m4p0_t90_s2,CG,1.2,1.0,4.0,90,2,failed,210.97132992744446,,no_athdf,0.236011,RADIAL_COLLAPSE,0.169860128313303,0.0796976439654827,True,4,5,ok,24,-2
RTC_CG_f1p2_b1p0_m4p0_t90_s3,CG,1.2,1.0,4.0,90,3,failed,195.98865580558777,,no_athdf,0.239029,RADIAL_COLLAPSE,0.16995598003268242,0.13464426901191473,True,3,4,ok,24,-2
RTC_CG_f1p2_b1p0_m4p0_t0_s1,CG,1.2,1.0,4.0,0,1,failed,1296.1337218284607,,no_athdf,0.282,RADIAL_COLLAPSE,0.19967835396528244,0.08131554190601621,True,4,7,ok,29,-2
RTC_CG_f1p2_b0p3_m4p0_t0_s1,CG,1.2,0.3,4.0,0,1,failed,7204.831067562103,12.1875,ok:4_peaks,0.3000004291534424,FULL,0.2196536660194397,0.09261284129960197,True,4,7,ok,31,-9
RTC_CG_f1p2_b0p5_m4p0_t0_s3,CG,1.2,0.5,4.0,0,3,failed,5260.1549680233,,no_athdf,0.268,RADIAL_COLLAPSE,0.19959645345807076,0.12964484617114067,True,3,5,ok,27,-2
RTC_CG_f1p2_b2p0_m4p0_t90_s1,CG,1.2,2.0,4.0,90,1,failed,241.19330215454102,,no_athdf,0.273086,RADIAL_COLLAPSE,0.18968598544597626,0.06988494949681419,True,4,7,ok,28,-2
RTC_CG_f1p2_b2p0_m4p0_t0_s1,CG,1.2,2.0,4.0,0,1,failed,1612.7726454734802,,no_athdf,0.281,RADIAL_COLLAPSE,0.1992429867386818,0.08122888420309339,True,4,7,ok,29,-2
RTC_CG_f1p2_b2p0_m4p0_t90_s3,CG,1.2,2.0,4.0,90,3,failed,241.18090867996216,,no_athdf,0.24313,RADIAL_COLLAPSE,0.17983823642134666,0.14211601857095957,True,4,4,ok,25,-2
RTC_CG_f1p2_b2p0_m4p0_t90_s2,CG,1.2,2.0,4.0,90,2,failed,829.060400724411,,no_athdf,0.321022,RADIAL_COLLAPSE,0.25978897884488106,0.11963227338024549,True,5,7,ok,33,-2
RTC_CG_f1p5_b0p3_m4p0_t0_s2,CG,1.5,0.3,4.0,0,2,failed,120.54273843765259,,no_athdf,0.227065,RADIAL_COLLAPSE,0.16925176978111267,0.06972234199444453,True,4,6,ok,23,-2
RTC_CG_f1p2_b1p0_m4p0_t0_s2,CG,1.2,1.0,4.0,0,2,failed,3632.118006706238,,no_athdf,0.269,RADIAL_COLLAPSE,0.19978434965014458,0.08395986312202044,True,5,7,ok,27,-2
RTC_CG_f1p5_b0p3_m4p0_t0_s3,CG,1.5,0.3,4.0,0,3,failed,1326.349511384964,,no_athdf,0.281004,RADIAL_COLLAPSE,0.21941795200109482,0.11979275445143382,True,4,6,ok,29,-2
RTC_CG_f1p2_b1p0_m4p0_t90_s1,CG,1.2,1.0,4.0,90,1,failed,4220.292567253113,,no_athdf,0.383,RADIAL_COLLAPSE,0.2994536757469177,0.1009491276409891,True,3,9,ok,39,-2
RTC_CG_f1p5_b0p3_m4p0_t90_s2,CG,1.5,0.3,4.0,90,2,failed,211.01837182044983,,no_athdf,0.237038,RADIAL_COLLAPSE,0.17921028286218643,0.08730238117277622,True,3,4,ok,24,-2
RTC_CG_f1p5_b0p3_m4p0_t0_s1,CG,1.5,0.3,4.0,0,1,failed,2109.999451160431,,no_athdf,0.287,RADIAL_COLLAPSE,0.19974054396152496,0.08122107918773379,True,4,7,ok,29,-2
RTC_CG_f1p2_b2p0_m4p0_t0_s2,CG,1.2,2.0,4.0,0,2,failed,3933.8144776821136,,no_athdf,0.269001,RADIAL_COLLAPSE,0.19917017221450806,0.08387269931180137,True,5,7,ok,27,-2
RTC_CG_f1p5_b0p3_m4p0_t90_s3,CG,1.5,0.3,4.0,90,3,failed,241.19161701202393,,no_athdf,0.246019,RADIAL_COLLAPSE,0.17955517023801804,0.13238364458084106,True,3,4,ok,25,-2
RTC_CG_f1p5_b0p5_m4p0_t0_s2,CG,1.5,0.5,4.0,0,2,failed,241.17242813110352,,no_athdf,0.23201,RADIAL_COLLAPSE,0.16975438967347145,0.07658188976347446,True,4,6,ok,24,-2
RTC_CG_f1p5_b0p5_m4p0_t90_s1,CG,1.5,0.5,4.0,90,1,failed,391.8975496292114,,no_athdf,0.272034,RADIAL_COLLAPSE,0.18984650075435638,0.07164579009016354,True,3,6,ok,28,-2
RTC_CG_f1p5_b0p5_m4p0_t90_s2,CG,1.5,0.5,4.0,90,2,failed,331.65290999412537,,no_athdf,0.242048,RADIAL_COLLAPSE,0.18939582630991936,0.10485463123768568,True,4,4,ok,25,-2
RTC_CG_f1p5_b0p5_m4p0_t90_s3,CG,1.5,0.5,4.0,90,3,failed,663.1629972457886,,no_athdf,0.234023,RADIAL_COLLAPSE,0.16916028410196304,0.12966081500053406,True,3,4,ok,24,-2
RTC_CG_f1p5_b0p3_m4p0_t90_s1,CG,1.5,0.3,4.0,90,1,failed,2772.952512025833,,no_athdf,0.29704,RADIAL_COLLAPSE,0.2094801813364029,0.10478271171450615,True,2,4,ok,30,-2
RTC_CG_f1p5_b1p0_m4p0_t0_s1,CG,1.5,1.0,4.0,0,1,failed,1160.3772704601288,,no_athdf,0.285,RADIAL_COLLAPSE,0.19974789768457413,0.08261643350124359,True,4,7,ok,29,-2
RTC_CG_f1p2_b2p0_m4p0_t0_s3,CG,1.2,2.0,4.0,0,3,failed,5727.516055822372,,no_athdf,0.288001,RADIAL_COLLAPSE,0.21916720271110535,0.11975850040713946,True,4,6,ok,29,-2
RTC_CG_f1p5_b1p0_m4p0_t90_s1,CG,1.5,1.0,4.0,90,1,failed,286.4030508995056,,no_athdf,0.254063,RADIAL_COLLAPSE,0.16960053890943527,0.06658953552444775,True,3,6,ok,26,-2
RTC_CG_f1p5_b1p0_m4p0_t90_s3,CG,1.5,1.0,4.0,90,3,failed,150.7490153312683,,no_athdf,0.22602,RADIAL_COLLAPSE,0.15991583466529846,0.12457718327641487,True,4,4,ok,23,-2
RTC_CG_f1p5_b1p0_m4p0_t90_s2,CG,1.5,1.0,4.0,90,2,failed,482.32611298561096,,no_athdf,0.23307,RADIAL_COLLAPSE,0.16991958394646645,0.07996340319514275,True,4,5,ok,24,-2
RTC_CG_f1p5_b2p0_m4p0_t0_s2,CG,1.5,2.0,4.0,0,2,failed,587.8158800601959,,no_athdf,0.235,RADIAL_COLLAPSE,0.16924862191081047,0.07480738125741482,True,4,6,ok,24,-2
RTC_CG_f1p5_b1p0_m4p0_t0_s3,CG,1.5,1.0,4.0,0,3,failed,4853.274634599686,,no_athdf,0.284,RADIAL_COLLAPSE,0.2198701649904251,0.11971503371993701,True,4,6,ok,29,-2
RTC_CG_f1p5_b2p0_m4p0_t90_s1,CG,1.5,2.0,4.0,90,1,failed,195.97767114639282,,no_athdf,0.257087,RADIAL_COLLAPSE,0.1698302999138832,0.07147599756717682,True,4,6,ok,26,-2
RTC_CG_f1p5_b0p5_m4p0_t0_s1,CG,1.5,0.5,4.0,0,1,failed,7204.244297742844,13.229166666666668,ok:4_peaks,0.2700332701206207,FULL,0.18978779762983322,0.0769564179437501,True,4,7,ok,28,-9
RTC_CG_f1p5_b2p0_m4p0_t90_s3,CG,1.5,2.0,4.0,90,3,failed,120.60954689979553,,no_athdf,0.225065,RADIAL_COLLAPSE,0.1599532775580883,0.12469042930752039,True,4,4,ok,23,-2
RTC_CG_f1p5_b0p5_m4p0_t0_s3,CG,1.5,0.5,4.0,0,3,failed,7204.7817578315735,15.260416666666668,ok:3_peaks,0.2300025224685669,FULL,0.16963773220777512,0.1345322448760271,True,3,4,ok,24,-9
RTC_CG_f1p5_b1p0_m4p0_t0_s2,CG,1.5,1.0,4.0,0,2,failed,6315.22016787529,,no_athdf,0.269001,RADIAL_COLLAPSE,0.19982855394482613,0.08558612582939011,True,5,7,ok,27,-2
RTC_CG_f2p0_b0p3_m4p0_t0_s2,CG,2.0,0.3,4.0,0,2,failed,346.6042559146881,,no_athdf,0.228001,RADIAL_COLLAPSE,0.1693386361002922,0.07323029761513074,True,4,6,ok,23,-2
RTC_CG_f2p0_b0p3_m4p0_t90_s1,CG,2.0,0.3,4.0,90,1,failed,572.6607353687286,,no_athdf,0.24901,RADIAL_COLLAPSE,0.1596945896744728,0.08215860091149807,True,2,4,ok,25,-2
RTC_CG_f2p0_b0p3_m4p0_t90_s2,CG,2.0,0.3,4.0,90,2,failed,211.04581809043884,,no_athdf,0.220032,RADIAL_COLLAPSE,0.16922761872410774,0.06974227353930473,True,3,5,ok,23,-2
RTC_CG_f2p0_b0p3_m4p0_t0_s3,CG,2.0,0.3,4.0,0,3,failed,1024.8660426139832,,no_athdf,0.261055,RADIAL_COLLAPSE,0.19946836680173874,0.1296577587723732,True,4,5,ok,27,-2
RTC_CG_f2p0_b0p3_m4p0_t90_s3,CG,2.0,0.3,4.0,90,3,failed,346.6425404548645,,no_athdf,0.227024,RADIAL_COLLAPSE,0.15963561460375786,0.11966713797301054,True,3,4,ok,23,-2
RTC_CG_f2p0_b0p5_m4p0_t0_s2,CG,2.0,0.5,4.0,0,2,failed,180.8828854560852,,no_athdf,0.219,RADIAL_COLLAPSE,0.1592070646584034,0.07975853607058525,True,4,5,ok,22,-2
RTC_CG_f1p5_b2p0_m4p0_t0_s1,CG,1.5,2.0,4.0,0,1,failed,7203.88573718071,12.8125,ok:4_peaks,0.2800000309944153,FULL,0.1993779018521309,0.08275270249162402,True,4,7,ok,29,-9
RTC_CG_f2p0_b0p5_m4p0_t90_s1,CG,2.0,0.5,4.0,90,1,failed,587.8509421348572,,no_athdf,0.247029,RADIAL_COLLAPSE,0.15921258181333542,0.06965679526329041,True,3,5,ok,25,-2
RTC_CG_f2p0_b0p3_m4p0_t0_s1,CG,2.0,0.3,4.0,0,1,failed,2969.164543867111,,no_athdf,0.281001,RADIAL_COLLAPSE,0.19989610463380814,0.07611212879419327,True,5,8,ok,29,-2
RTC_CG_f2p0_b0p5_m4p0_t90_s2,CG,2.0,0.5,4.0,90,2,failed,226.11971926689148,,no_athdf,0.210063,RADIAL_COLLAPSE,0.15938138589262962,0.08230351004749537,True,3,4,ok,22,-2
RTC_CG_f1p5_b2p0_m4p0_t0_s3,CG,1.5,2.0,4.0,0,3,failed,7204.539783716202,6.041666666666667,ok:4_peaks,0.2900000512599945,FULL,0.22923554852604866,0.12634505269428095,True,4,6,ok,30,-9
RTC_CG_f2p0_b0p5_m4p0_t90_s3,CG,2.0,0.5,4.0,90,3,failed,226.08385229110718,,no_athdf,0.209008,RADIAL_COLLAPSE,0.13928547874093056,0.10464542079716921,True,4,4,ok,21,-2
RTC_CG_f1p5_b2p0_m4p0_t90_s2,CG,1.5,2.0,4.0,90,2,failed,4175.115865468979,,no_athdf,0.373005,RADIAL_COLLAPSE,0.30983346700668335,0.14706332875149591,True,3,7,ok,38,-2
RTC_CG_f2p0_b0p5_m4p0_t0_s1,CG,2.0,0.5,4.0,0,1,failed,2381.2843430042267,,no_athdf,0.285,RADIAL_COLLAPSE,0.19991569966077805,0.07738354802131653,True,5,8,ok,29,-2
RTC_CG_f2p0_b1p0_m4p0_t90_s2,CG,2.0,1.0,4.0,90,2,failed,120.58132576942444,,no_athdf,0.204008,RADIAL_COLLAPSE,0.14000533893704414,0.06576230749487877,True,3,5,ok,21,-2
RTC_CG_f2p0_b1p0_m4p0_t90_s1,CG,2.0,1.0,4.0,90,1,failed,482.30258679389954,,no_athdf,0.242037,RADIAL_COLLAPSE,0.15978004783391953,0.06639014805356662,True,3,6,ok,25,-2
RTC_CG_f2p0_b0p5_m4p0_t0_s3,CG,2.0,0.5,4.0,0,3,failed,3677.4324250221252,,no_athdf,0.287,RADIAL_COLLAPSE,0.2197120599448681,0.1214305441826582,True,4,6,ok,29,-2
RTC_CG_f2p0_b1p0_m4p0_t90_s3,CG,2.0,1.0,4.0,90,3,failed,2426.7022528648376,,no_athdf,0.290065,RADIAL_COLLAPSE,0.23006121441721916,0.12323147368927796,True,4,6,ok,30,-2
RTC_CG_f2p0_b1p0_m4p0_t0_s1,CG,2.0,1.0,4.0,0,1,failed,3390.9828548431396,,no_athdf,0.295001,RADIAL_COLLAPSE,0.20992320030927658,0.07439234770006603,True,5,9,ok,30,-2
RTC_CG_f2p0_b2p0_m4p0_t90_s1,CG,2.0,2.0,4.0,90,1,failed,150.67795300483704,,no_athdf,0.240037,RADIAL_COLLAPSE,0.1591401919722557,0.06641993795831998,True,4,6,ok,25,-2
RTC_CG_f2p0_b1p0_m4p0_t0_s3,CG,2.0,1.0,4.0,0,3,failed,5154.885698795319,,no_athdf,0.289,RADIAL_COLLAPSE,0.21994388848543167,0.12146269157528877,True,4,6,ok,29,-2
RTC_CG_f2p0_b2p0_m4p0_t0_s1,CG,2.0,2.0,4.0,0,1,failed,4371.069791555405,,no_athdf,0.309,RADIAL_COLLAPSE,0.17963581532239914,0.0718726672232151,True,5,10,ok,31,-2
RTC_CG_f2p0_b2p0_m4p0_t90_s3,CG,2.0,2.0,4.0,90,3,failed,150.75079798698425,,no_athdf,0.210056,RADIAL_COLLAPSE,0.150020781904459,0.11486160662025213,True,4,4,ok,22,-2
RTC_CG_f2p0_b2p0_m4p0_t0_s3,CG,2.0,2.0,4.0,0,3,failed,2426.70680809021,,no_athdf,0.284,RADIAL_COLLAPSE,0.2193589173257351,0.12303979508578777,True,4,6,ok,29,-2
RTC_NC_f1p0_b0p3_m2p0_t0_s3,NC,1.0,0.3,2.0,0,3,failed,120.5943398475647,,no_athdf,0.309018,RADIAL_COLLAPSE,0.19952090084552765,0.13959606736898422,True,4,4,ok,31,-2
RTC_CG_f2p0_b2p0_m4p0_t90_s2,CG,2.0,2.0,4.0,90,2,failed,2366.468227148056,,no_athdf,0.306002,RADIAL_COLLAPSE,0.2399240955710411,0.10847417158739907,True,4,7,ok,31,-2
RTC_NC_f1p0_b0p3_m2p0_t0_s2,NC,1.0,0.3,2.0,0,2,failed,482.29378032684326,,no_athdf,0.327005,RADIAL_COLLAPSE,0.2200881913304329,0.10171103924512863,True,4,5,ok,33,-2
RTC_NC_f1p0_b0p3_m2p0_t0_s4,NC,1.0,0.3,2.0,0,4,failed,512.4433746337891,,no_athdf,0.354001,RADIAL_COLLAPSE,0.23930475860834122,0.16923964209854603,True,2,4,ok,36,-2
RTC_NC_f1p0_b0p3_m2p0_t0_s6,NC,1.0,0.3,2.0,0,6,failed,361.7802987098694,,no_athdf,0.373014,RADIAL_COLLAPSE,0.2291492372751236,0.17211856693029404,True,4,4,ok,38,-2
RTC_NC_f1p0_b0p3_m2p0_t0_s5,NC,1.0,0.3,2.0,0,5,failed,1145.372501373291,,no_athdf,0.352001,RADIAL_COLLAPSE,0.248933345079422,0.1376055061817169,True,3,5,ok,36,-2
RTC_NC_f1p0_b0p5_m2p0_t0_s3,NC,1.0,0.5,2.0,0,3,failed,135.66912460327148,,no_athdf,0.308056,RADIAL_COLLAPSE,0.19883286207914352,0.13930381648242474,True,4,4,ok,31,-2
RTC_CG_f2p0_b1p0_m4p0_t0_s2,CG,2.0,1.0,4.0,0,2,failed,7204.820168018341,7.239583333333334,ok:5_peaks,0.26000118255615234,FULL,0.1999015286564827,0.08837195805140904,True,5,7,ok,27,-9
RTC_NC_f1p0_b0p5_m2p0_t0_s4,NC,1.0,0.5,2.0,0,4,failed,120.58066749572754,,no_athdf,0.33416,RADIAL_COLLAPSE,0.2195202186703682,0.15698983520269394,True,2,4,ok,34,-2
RTC_NC_f1p0_b0p5_m2p0_t0_s6,NC,1.0,0.5,2.0,0,6,failed,180.8800687789917,,no_athdf,0.358073,RADIAL_COLLAPSE,0.20955343544483185,0.15448537468910217,True,4,4,ok,36,-2
RTC_NC_f1p0_b0p5_m2p0_t0_s1,NC,1.0,0.5,2.0,0,1,failed,2155.271784067154,,no_athdf,0.387,RADIAL_COLLAPSE,0.23948617279529572,0.09237427583762578,True,4,7,ok,39,-2
RTC_NC_f1p0_b0p3_m2p0_t0_s1,NC,1.0,0.3,2.0,0,1,failed,3768.340069293976,,no_athdf,0.386,RADIAL_COLLAPSE,0.2391619086265564,0.09111058924879346,True,4,7,ok,39,-2
RTC_CG_f2p0_b2p0_m4p0_t0_s2,CG,2.0,2.0,4.0,0,2,failed,7204.422005176544,7.03125,ok:5_peaks,0.27000150084495544,FULL,0.20936105027794838,0.09543777842606817,True,5,7,ok,28,-9
RTC_NC_f1p0_b1p0_m2p0_t0_s4,NC,1.0,1.0,2.0,0,4,failed,120.60521841049194,,no_athdf,0.325197,RADIAL_COLLAPSE,0.20980308204889297,0.15223579481244087,True,2,4,ok,33,-2
RTC_NC_f1p0_b1p0_m2p0_t0_s2,NC,1.0,1.0,2.0,0,2,failed,1793.691442489624,,no_athdf,0.321,RADIAL_COLLAPSE,0.21926163136959076,0.10176604092121125,True,4,5,ok,33,-2
RTC_NC_f1p0_b0p5_m2p0_t0_s2,NC,1.0,0.5,2.0,0,2,failed,3949.1635756492615,,no_athdf,0.329,RADIAL_COLLAPSE,0.21969807147979736,0.10177241861820222,True,4,5,ok,33,-2
RTC_NC_f1p0_b1p0_m2p0_t0_s6,NC,1.0,1.0,2.0,0,6,failed,195.9247817993164,,no_athdf,0.356095,RADIAL_COLLAPSE,0.2098696082830429,0.15220480412244797,True,4,4,ok,36,-2
RTC_NC_f1p0_b1p0_m2p0_t0_s1,NC,1.0,1.0,2.0,0,1,failed,3526.9496734142303,,no_athdf,0.400001,RADIAL_COLLAPSE,0.25981834530830383,0.09112431667745113,True,5,8,ok,41,-2
RTC_NC_f1p0_b0p5_m2p0_t0_s5,NC,1.0,0.5,2.0,0,5,failed,4416.196837425232,,no_athdf,0.348001,RADIAL_COLLAPSE,0.23996568471193314,0.12955445796251297,True,4,5,ok,35,-2
RTC_NC_f1p0_b2p0_m2p0_t0_s1,NC,1.0,2.0,2.0,0,1,failed,1567.5221054553986,,no_athdf,0.387,RADIAL_COLLAPSE,0.2386689931154251,0.09251698638711657,True,4,7,ok,39,-2
RTC_NC_f1p0_b1p0_m2p0_t0_s3,NC,1.0,1.0,2.0,0,3,failed,4853.324017047882,,no_athdf,0.394001,RADIAL_COLLAPSE,0.28992318361997604,0.14979647969206175,True,4,6,ok,40,-2
RTC_NC_f1p0_b1p0_m2p0_t0_s5,NC,1.0,1.0,2.0,0,5,failed,6737.101172924042,,no_athdf,0.362,RADIAL_COLLAPSE,0.25956449657678604,0.14560510367155075,True,3,5,ok,37,-2
RTC_NC_f1p0_b2p0_m2p0_t0_s3,NC,1.0,2.0,2.0,0,3,failed,5486.531273126602,,no_athdf,0.399,RADIAL_COLLAPSE,0.2894332781434059,0.14948299899697304,True,4,6,ok,40,-2
RTC_NC_f1p2_b0p3_m2p0_t0_s2,NC,1.2,0.3,2.0,0,2,failed,135.59156155586243,,no_athdf,0.310006,RADIAL_COLLAPSE,0.20875167101621628,0.09747089892625808,True,4,5,ok,32,-2
RTC_NC_f1p0_b2p0_m2p0_t0_s2,NC,1.0,2.0,2.0,0,2,failed,7204.300807952881,7.34375,ok:5_peaks,0.3600001037120819,FULL,0.25878003239631653,0.0969056785106659,True,5,7,ok,37,-9
RTC_NC_f1p2_b0p3_m2p0_t0_s3,NC,1.2,0.3,2.0,0,3,failed,1024.8095240592957,,no_athdf,0.379022,RADIAL_COLLAPSE,0.2692665681242943,0.16350899487733841,True,4,5,ok,38,-2
RTC_NC_f1p2_b0p3_m2p0_t0_s4,NC,1.2,0.3,2.0,0,4,failed,135.6859200000763,,no_athdf,0.317041,RADIAL_COLLAPSE,0.1996033564209938,0.14957578852772713,True,2,4,ok,32,-2
RTC_NC_f1p0_b2p0_m2p0_t0_s5,NC,1.0,2.0,2.0,0,5,failed,6074.066056728363,,no_athdf,0.367001,RADIAL_COLLAPSE,0.259076364338398,0.14552005976438523,True,3,5,ok,37,-2
RTC_NC_f1p2_b0p3_m2p0_t0_s6,NC,1.2,0.3,2.0,0,6,failed,316.53785490989685,,no_athdf,0.335,RADIAL_COLLAPSE,0.18932966887950897,0.13470656797289848,True,4,4,ok,34,-2
RTC_NC_f1p2_b0p5_m2p0_t0_s1,NC,1.2,0.5,2.0,0,1,failed,150.72406387329102,,no_athdf,0.342042,RADIAL_COLLAPSE,0.19974595308303833,0.08152564615011215,True,3,6,ok,35,-2
RTC_NC_f1p2_b0p5_m2p0_t0_s3,NC,1.2,0.5,2.0,0,3,failed,90.4019763469696,,no_athdf,0.281414,RADIAL_COLLAPSE,0.17908058315515518,0.119668735191226,True,4,4,ok,29,-2
RTC_NC_f1p2_b0p5_m2p0_t0_s2,NC,1.2,0.5,2.0,0,2,failed,120.61352396011353,,no_athdf,0.301188,RADIAL_COLLAPSE,0.19979219138622284,0.09184857904911041,True,3,5,ok,31,-2
RTC_NC_f1p2_b0p5_m2p0_t0_s4,NC,1.2,0.5,2.0,0,4,failed,226.09591245651245,,no_athdf,0.312039,RADIAL_COLLAPSE,0.19966118037700653,0.14964531734585762,True,2,4,ok,32,-2
RTC_NC_f1p2_b0p5_m2p0_t0_s6,NC,1.2,0.5,2.0,0,6,failed,120.58997440338135,,no_athdf,0.319139,RADIAL_COLLAPSE,0.16986319422721863,0.1530512124300003,True,4,3,ok,32,-2
RTC_NC_f1p0_b2p0_m2p0_t0_s4,NC,1.0,2.0,2.0,0,4,failed,7204.097641706467,7.760416666666667,ok:3_peaks,0.3800009787082672,FULL,0.2684280127286911,0.14941554218530656,True,3,5,ok,39,-9
RTC_NC_f1p2_b0p3_m2p0_t0_s1,NC,1.2,0.3,2.0,0,1,failed,3813.274017572403,,no_athdf,0.382,RADIAL_COLLAPSE,0.23939280211925507,0.091346908892904,True,4,7,ok,39,-2
RTC_NC_f1p2_b0p3_m2p0_t0_s5,NC,1.2,0.3,2.0,0,5,failed,2547.424885749817,,no_athdf,0.388001,RADIAL_COLLAPSE,0.2789991497993469,0.1574905425310135,True,3,5,ok,39,-2
RTC_NC_f1p2_b1p0_m2p0_t0_s4,NC,1.2,1.0,2.0,0,4,failed,105.53450846672058,,no_athdf,0.303209,RADIAL_COLLAPSE,0.18993225693702698,0.14174788817763329,True,2,4,ok,31,-2
RTC_NC_f1p0_b2p0_m2p0_t0_s6,NC,1.0,2.0,2.0,0,6,failed,7204.605334997177,4.375,ok:4_peaks,0.3900013566017151,FULL,0.24856820702552795,0.19169485941529274,True,4,4,ok,40,-9
RTC_NC_f1p2_b1p0_m2p0_t0_s1,NC,1.2,1.0,2.0,0,1,failed,3602.4191098213196,,no_athdf,0.365001,RADIAL_COLLAPSE,0.21875271201133728,0.08265618979930878,True,4,7,ok,37,-2
RTC_NC_f1p2_b0p5_m2p0_t0_s5,NC,1.2,0.5,2.0,0,5,failed,7084.238788127899,,no_athdf,0.350001,RADIAL_COLLAPSE,0.24860340356826782,0.1395143210887909,True,3,5,ok,36,-2
RTC_NC_f1p2_b1p0_m2p0_t0_s3,NC,1.2,1.0,2.0,0,3,failed,5712.589730024338,,no_athdf,0.391001,RADIAL_COLLAPSE,0.28838006407022476,0.14763441557685533,True,4,6,ok,40,-2
RTC_NC_f1p2_b1p0_m2p0_t0_s2,NC,1.2,1.0,2.0,0,2,failed,7205.066810131073,7.447916666666667,ok:5_peaks,0.35000014305114746,FULL,0.24935661256313324,0.09547153753893715,True,5,7,ok,36,-9
RTC_NC_f1p2_b2p0_m2p0_t0_s4,NC,1.2,2.0,2.0,0,4,failed,120.59340953826904,,no_athdf,0.316127,RADIAL_COLLAPSE,0.19869843125343323,0.14908451959490776,True,2,4,ok,32,-2
RTC_NC_f1p2_b2p0_m2p0_t0_s1,NC,1.2,2.0,2.0,0,1,failed,4717.9978103637695,,no_athdf,0.398,RADIAL_COLLAPSE,0.21908687055110931,0.07855333387851715,True,5,9,ok,40,-2
RTC_NC_f1p2_b1p0_m2p0_t0_s5,NC,1.2,1.0,2.0,0,5,failed,7204.600666761398,18.802083333333336,ok:3_peaks,0.3600013554096222,FULL,0.2596680745482445,0.14565332978963852,True,3,5,ok,37,-9
RTC_NC_f1p0_b0p3_m2p5_t0_s1,NC,1.0,0.3,2.5,0,1,failed,557.6869132518768,,no_athdf,0.354,RADIAL_COLLAPSE,0.23006772249937057,0.08851552541766848,True,4,7,ok,36,-2
RTC_NC_f1p2_b1p0_m2p0_t0_s6,NC,1.2,1.0,2.0,0,6,failed,6993.685704231262,,no_athdf,0.386001,RADIAL_COLLAPSE,0.23859234154224396,0.18174560740590096,True,4,4,ok,39,-2
RTC_NC_f1p0_b0p3_m2p5_t0_s2,NC,1.0,0.3,2.5,0,2,failed,195.91779136657715,,no_athdf,0.296013,RADIAL_COLLAPSE,0.2094551846385002,0.09983223527669907,True,4,5,ok,30,-2
RTC_NC_f1p0_b0p3_m2p5_t0_s3,NC,1.0,0.3,2.5,0,3,failed,452.2575149536133,,no_athdf,0.295056,RADIAL_COLLAPSE,0.19888455420732498,0.14945824444293976,True,4,4,ok,30,-2
RTC_NC_f1p0_b0p3_m2p5_t0_s4,NC,1.0,0.3,2.5,0,4,failed,391.895738363266,,no_athdf,0.328094,RADIAL_COLLAPSE,0.22965749353170395,0.162127997726202,True,3,4,ok,33,-2
RTC_NC_f1p0_b0p3_m2p5_t0_s5,NC,1.0,0.3,2.5,0,5,failed,180.86693334579468,,no_athdf,0.304173,RADIAL_COLLAPSE,0.21975462138652802,0.11767905950546265,True,4,5,ok,31,-2
RTC_NC_f1p0_b0p3_m2p5_t0_s6,NC,1.0,0.3,2.5,0,6,failed,708.3051812648773,,no_athdf,0.339001,RADIAL_COLLAPSE,0.21904326975345612,0.16194996610283852,True,4,4,ok,34,-2
RTC_NC_f1p0_b0p5_m2p5_t0_s1,NC,1.0,0.5,2.5,0,1,failed,753.5417201519012,,no_athdf,0.349,RADIAL_COLLAPSE,0.21953292191028595,0.08277653157711029,True,4,7,ok,35,-2
RTC_NC_f1p0_b0p5_m2p5_t0_s2,NC,1.0,0.5,2.5,0,2,failed,331.5558297634125,,no_athdf,0.298105,RADIAL_COLLAPSE,0.20945607870817184,0.0996348962187767,True,4,5,ok,30,-2
RTC_NC_f1p0_b0p5_m2p5_t0_s3,NC,1.0,0.5,2.5,0,3,failed,361.7595257759094,,no_athdf,0.300076,RADIAL_COLLAPSE,0.20939559489488602,0.15929222479462624,True,3,4,ok,31,-2
RTC_NC_f1p2_b2p0_m2p0_t0_s3,NC,1.2,2.0,2.0,0,3,failed,5863.214899778366,,no_athdf,0.398,RADIAL_COLLAPSE,0.28960610926151276,0.1496103877822558,True,4,6,ok,40,-2
RTC_NC_f1p0_b0p5_m2p5_t0_s4,NC,1.0,0.5,2.5,0,4,failed,2682.7804107666016,,no_athdf,0.333001,RADIAL_COLLAPSE,0.23884037882089615,0.13547250628471375,True,3,5,ok,34,-2
RTC_NC_f1p2_b2p0_m2p0_t0_s2,NC,1.2,2.0,2.0,0,2,failed,7204.514228343964,7.291666666666667,ok:5_peaks,0.3600010871887207,FULL,0.2589656710624695,0.1010561500276838,True,5,7,ok,37,-9
RTC_NC_f1p0_b0p5_m2p5_t0_s5,NC,1.0,0.5,2.5,0,5,failed,2652.6616508960724,,no_athdf,0.326006,RADIAL_COLLAPSE,0.23958607763051987,0.1335253521800041,True,3,5,ok,33,-2
RTC_NC_f1p2_b2p0_m2p0_t0_s6,NC,1.2,2.0,2.0,0,6,failed,6481.062009334564,,no_athdf,0.394,RADIAL_COLLAPSE,0.24900242686271667,0.19216421619057655,True,4,4,ok,40,-2
RTC_NC_f1p2_b2p0_m2p0_t0_s5,NC,1.2,2.0,2.0,0,5,failed,7204.180594921112,18.958333333333336,ok:3_peaks,0.37000197172164917,FULL,0.26925499737262726,0.1513216644525528,True,3,5,ok,38,-9
RTC_NC_f1p0_b1p0_m2p5_t0_s1,NC,1.0,1.0,2.5,0,1,failed,1401.8386759757996,,no_athdf,0.354,RADIAL_COLLAPSE,0.2288314774632454,0.08949912126575198,True,4,7,ok,36,-2
RTC_NC_f1p0_b0p5_m2p5_t0_s6,NC,1.0,0.5,2.5,0,6,failed,2878.7760961055756,,no_athdf,0.346,RADIAL_COLLAPSE,0.21914062649011612,0.1695434395223856,True,4,4,ok,35,-2
RTC_NC_f1p0_b1p0_m2p5_t0_s6,NC,1.0,1.0,2.5,0,6,failed,979.5980069637299,,no_athdf,0.329,RADIAL_COLLAPSE,0.1999390944838524,0.14981800876557827,True,4,4,ok,33,-2
RTC_NC_f1p0_b1p0_m2p5_t0_s2,NC,1.0,1.0,2.5,0,2,failed,2381.2660467624664,,no_athdf,0.299,RADIAL_COLLAPSE,0.20930428057909012,0.09978221654891968,True,4,5,ok,30,-2
RTC_NC_f1p0_b2p0_m2p5_t0_s2,NC,1.0,2.0,2.5,0,2,failed,949.5769762992859,,no_athdf,0.299,RADIAL_COLLAPSE,0.20858986675739288,0.09972540587186814,True,4,5,ok,30,-2
RTC_NC_f1p0_b2p0_m2p5_t0_s1,NC,1.0,2.0,2.5,0,1,failed,1235.8266587257385,,no_athdf,0.359,RADIAL_COLLAPSE,0.229993037879467,0.08819994862590518,True,4,7,ok,36,-2
RTC_NC_f1p0_b1p0_m2p5_t0_s3,NC,1.0,1.0,2.5,0,3,failed,4084.7934396266937,,no_athdf,0.361001,RADIAL_COLLAPSE,0.2697904109954834,0.1446468954284986,True,4,6,ok,37,-2
RTC_NC_f1p0_b1p0_m2p5_t0_s4,NC,1.0,1.0,2.5,0,4,failed,3858.200778245926,,no_athdf,0.34,RADIAL_COLLAPSE,0.24925124645233154,0.14180343002080917,True,3,5,ok,35,-2
RTC_NC_f1p0_b1p0_m2p5_t0_s5,NC,1.0,1.0,2.5,0,5,failed,4205.054649114609,,no_athdf,0.323,RADIAL_COLLAPSE,0.23954463750123978,0.13354368656873702,True,3,5,ok,33,-2
RTC_NC_f1p2_b0p3_m2p5_t0_s2,NC,1.2,0.3,2.5,0,2,failed,286.34785056114197,,no_athdf,0.290031,RADIAL_COLLAPSE,0.209402434527874,0.08478668083747228,True,4,6,ok,30,-2
RTC_NC_f1p0_b2p0_m2p5_t0_s3,NC,1.0,2.0,2.5,0,3,failed,3933.7466344833374,,no_athdf,0.365001,RADIAL_COLLAPSE,0.2792137637734413,0.14633954813083014,True,4,6,ok,37,-2
RTC_NC_f1p2_b0p3_m2p5_t0_s1,NC,1.2,0.3,2.5,0,1,failed,2411.7565121650696,,no_athdf,0.352,RADIAL_COLLAPSE,0.22907496988773346,0.0884146775518145,True,4,7,ok,36,-2
RTC_NC_f1p2_b0p3_m2p5_t0_s5,NC,1.2,0.3,2.5,0,5,failed,150.7318127155304,,no_athdf,0.277031,RADIAL_COLLAPSE,0.18978896737098694,0.1197782326489687,True,4,4,ok,28,-2
RTC_NC_f1p2_b0p3_m2p5_t0_s6,NC,1.2,0.3,2.5,0,6,failed,180.82004046440125,,no_athdf,0.328075,RADIAL_COLLAPSE,0.20911039412021637,0.15453146770596504,True,4,4,ok,33,-2
RTC_NC_f1p2_b0p3_m2p5_t0_s4,NC,1.2,0.3,2.5,0,4,failed,1507.014496564865,,no_athdf,0.328001,RADIAL_COLLAPSE,0.22971445322036743,0.1622491255402565,True,3,4,ok,33,-2
RTC_NC_f1p0_b2p0_m2p5_t0_s4,NC,1.0,2.0,2.5,0,4,failed,6752.164444446564,,no_athdf,0.354,RADIAL_COLLAPSE,0.25942593812942505,0.14767574220895768,True,3,5,ok,36,-2
RTC_NC_f1p2_b0p3_m2p5_t0_s3,NC,1.2,0.3,2.5,0,3,failed,4642.350405931473,,no_athdf,0.35,RADIAL_COLLAPSE,0.2589433044195175,0.13459237292408943,True,4,6,ok,36,-2
RTC_NC_f1p2_b0p5_m2p5_t0_s2,NC,1.2,0.5,2.5,0,2,failed,2546.9778311252594,,no_athdf,0.296,RADIAL_COLLAPSE,0.2094765231013298,0.08475806315739949,True,4,6,ok,30,-2
RTC_NC_f1p2_b0p5_m2p5_t0_s4,NC,1.2,0.5,2.5,0,4,failed,316.56596279144287,,no_athdf,0.311028,RADIAL_COLLAPSE,0.21895739436149597,0.15705982595682144,True,2,4,ok,32,-2
RTC_NC_f1p0_b2p0_m2p5_t0_s5,NC,1.0,2.0,2.5,0,5,failed,7069.0804080963135,,no_athdf,0.328,RADIAL_COLLAPSE,0.23883884400129318,0.13355665802955627,True,3,5,ok,33,-2
RTC_NC_f1p2_b0p5_m2p5_t0_s1,NC,1.2,0.5,2.5,0,1,failed,3376.321314573288,,no_athdf,0.36,RADIAL_COLLAPSE,0.23963042348623276,0.09669309322323118,True,5,7,ok,37,-2
RTC_NC_f1p2_b0p5_m2p5_t0_s3,NC,1.2,0.5,2.5,0,3,failed,934.5044116973877,,no_athdf,0.338015,RADIAL_COLLAPSE,0.23953642696142197,0.14769869893789292,True,3,5,ok,34,-2
RTC_NC_f1p2_b0p5_m2p5_t0_s6,NC,1.2,0.5,2.5,0,6,failed,602.9425246715546,,no_athdf,0.337039,RADIAL_COLLAPSE,0.20938818901777267,0.1620312537997961,True,4,4,ok,34,-2
RTC_NC_f1p2_b1p0_m2p5_t0_s4,NC,1.2,1.0,2.5,0,4,failed,180.82233142852783,,no_athdf,0.310012,RADIAL_COLLAPSE,0.2193458080291748,0.1572329495102167,True,2,4,ok,32,-2
RTC_NC_f1p0_b2p0_m2p5_t0_s6,NC,1.0,2.0,2.5,0,6,failed,7204.507849931717,4.166666666666667,ok:4_peaks,0.36000123620033264,FULL,0.23970352113246918,0.18946673721075058,True,4,4,ok,37,-9
RTC_NC_f1p2_b1p0_m2p5_t0_s6,NC,1.2,1.0,2.5,0,6,failed,226.07092261314392,,no_athdf,0.323064,RADIAL_COLLAPSE,0.20005794614553452,0.1523768212646246,True,4,4,ok,33,-2
RTC_NC_f1p2_b0p5_m2p5_t0_s5,NC,1.2,0.5,2.5,0,5,failed,2170.385134458542,,no_athdf,0.314001,RADIAL_COLLAPSE,0.22963498532772064,0.12760439217090608,True,4,5,ok,32,-2
RTC_NC_f1p2_b2p0_m2p5_t0_s1,NC,1.2,2.0,2.5,0,1,failed,1477.1716265678406,,no_athdf,0.355,RADIAL_COLLAPSE,0.22901684790849686,0.08982742577791214,True,4,7,ok,36,-2
RTC_NC_f1p2_b1p0_m2p5_t0_s1,NC,1.2,1.0,2.5,0,1,failed,4069.3252861499786,,no_athdf,0.367,RADIAL_COLLAPSE,0.2390294447541237,0.0968614358987127,True,5,7,ok,37,-2
RTC_NC_f1p2_b1p0_m2p5_t0_s3,NC,1.2,1.0,2.5,0,3,failed,4672.495976924896,,no_athdf,0.360001,RADIAL_COLLAPSE,0.2698720395565033,0.14483804628252983,True,4,6,ok,37,-2
RTC_NC_f1p2_b1p0_m2p5_t0_s2,NC,1.2,1.0,2.5,0,2,failed,6465.901309728622,,no_athdf,0.324001,RADIAL_COLLAPSE,0.23930128663778305,0.09139107061283928,True,5,7,ok,33,-2
RTC_NC_f1p2_b1p0_m2p5_t0_s5,NC,1.2,1.0,2.5,0,5,failed,6692.066211700439,,no_athdf,0.333001,RADIAL_COLLAPSE,0.24960367381572723,0.14164359569549562,True,3,5,ok,34,-2
RTC_NC_f1p2_b2p0_m2p5_t0_s3,NC,1.2,2.0,2.5,0,3,failed,5456.312573671341,,no_athdf,0.368,RADIAL_COLLAPSE,0.2793113887310028,0.14607620115081468,True,4,6,ok,37,-2
RTC_NC_f1p0_b0p3_m3p0_t0_s2,NC,1.0,0.3,3.0,0,2,failed,316.5553255081177,,no_athdf,0.278052,RADIAL_COLLAPSE,0.19940245896577835,0.08149868870774905,True,4,6,ok,28,-2
RTC_NC_f1p2_b2p0_m2p5_t0_s2,NC,1.2,2.0,2.5,0,2,failed,7204.697422981262,7.291666666666667,ok:5_peaks,0.33000150322914124,FULL,0.24864870309829712,0.09797953601394381,True,5,7,ok,34,-9
RTC_NC_f1p0_b0p3_m3p0_t0_s4,NC,1.0,0.3,3.0,0,4,failed,180.8840208053589,,no_athdf,0.309052,RADIAL_COLLAPSE,0.2194415032863617,0.15690804086625576,True,3,4,ok,31,-2
RTC_NC_f1p2_b2p0_m2p5_t0_s4,NC,1.2,2.0,2.5,0,4,failed,7204.38086771965,7.5,ok:3_peaks,0.3500005900859833,FULL,0.2595653459429741,0.147981721162796,True,3,5,ok,36,-9
RTC_NC_f1p0_b0p3_m3p0_t0_s1,NC,1.0,0.3,3.0,0,1,failed,4401.138889789581,,no_athdf,0.364004,RADIAL_COLLAPSE,0.25944897532463074,0.09731398522853851,True,5,8,ok,37,-2
RTC_NC_f1p0_b0p5_m3p0_t0_s1,NC,1.0,0.5,3.0,0,1,failed,301.34653329849243,,no_athdf,0.326001,RADIAL_COLLAPSE,0.2192375734448433,0.08566264063119888,True,4,7,ok,33,-2
RTC_NC_f1p0_b0p5_m3p0_t0_s2,NC,1.0,0.5,3.0,0,2,failed,165.8204481601715,,no_athdf,0.276059,RADIAL_COLLAPSE,0.2001245692372322,0.08151523396372795,True,4,6,ok,28,-2
RTC_NC_f1p2_b2p0_m2p5_t0_s5,NC,1.2,2.0,2.5,0,5,failed,7204.640335798264,18.958333333333336,ok:3_peaks,0.340000182390213,FULL,0.2589375600218773,0.14756186455488204,True,3,5,ok,35,-9
RTC_NC_f1p0_b0p3_m3p0_t0_s3,NC,1.0,0.3,3.0,0,3,failed,5260.56209897995,,no_athdf,0.301,RADIAL_COLLAPSE,0.22965951263904572,0.14354478120803832,True,3,5,ok,31,-2
RTC_NC_f1p0_b0p5_m3p0_t0_s5,NC,1.0,0.5,3.0,0,5,failed,301.43040895462036,,no_athdf,0.288,RADIAL_COLLAPSE,0.20915386080741882,0.1177964985370636,True,4,5,ok,29,-2
RTC_NC_f1p2_b2p0_m2p5_t0_s6,NC,1.2,2.0,2.5,0,6,failed,7204.587543010712,4.166666666666667,ok:4_peaks,0.3600001335144043,FULL,0.23999209702014923,0.19188819080591202,True,4,4,ok,37,-9
RTC_NC_f1p0_b0p5_m3p0_t0_s4,NC,1.0,0.5,3.0,0,4,failed,1688.3081314563751,,no_athdf,0.317,RADIAL_COLLAPSE,0.2293098419904709,0.13139784336090088,True,3,5,ok,32,-2
RTC_NC_f1p0_b0p5_m3p0_t0_s6,NC,1.0,0.5,3.0,0,6,failed,617.9804940223694,,no_athdf,0.316001,RADIAL_COLLAPSE,0.2091393917798996,0.16197859682142735,True,4,4,ok,32,-2
RTC_NC_f1p0_b0p5_m3p0_t0_s3,NC,1.0,0.5,3.0,0,3,failed,2547.344652891159,,no_athdf,0.295001,RADIAL_COLLAPSE,0.21921651810407639,0.1354528173804283,True,4,5,ok,30,-2
RTC_NC_f1p0_b1p0_m3p0_t0_s1,NC,1.0,1.0,3.0,0,1,failed,829.0024526119232,,no_athdf,0.329,RADIAL_COLLAPSE,0.22007346153259277,0.08545376786163875,True,4,7,ok,33,-2
RTC_NC_f1p0_b0p3_m3p0_t0_s6,NC,1.0,0.3,3.0,0,6,failed,3768.3394927978516,,no_athdf,0.334,RADIAL_COLLAPSE,0.22941040992736816,0.1822376735508442,True,4,4,ok,34,-2
RTC_NC_f1p0_b1p0_m3p0_t0_s2,NC,1.0,1.0,3.0,0,2,failed,1657.9794483184814,,no_athdf,0.312004,RADIAL_COLLAPSE,0.2394617348909378,0.09692656568118505,True,5,7,ok,32,-2
RTC_NC_f1p0_b0p3_m3p0_t0_s5,NC,1.0,0.3,3.0,0,5,failed,6872.587513923645,,no_athdf,0.297,RADIAL_COLLAPSE,0.21945955604314804,0.12558194547891616,True,4,5,ok,30,-2
RTC_NC_f1p0_b2p0_m3p0_t0_s2,NC,1.0,2.0,3.0,0,2,failed,346.6841838359833,,no_athdf,0.282,RADIAL_COLLAPSE,0.20942580699920654,0.08802316710352898,True,5,6,ok,29,-2
RTC_NC_f1p0_b1p0_m3p0_t0_s4,NC,1.0,1.0,3.0,0,4,failed,2320.8722553253174,,no_athdf,0.315001,RADIAL_COLLAPSE,0.22923901677131653,0.12957451939582826,True,3,5,ok,32,-2
RTC_NC_f1p0_b1p0_m3p0_t0_s5,NC,1.0,1.0,3.0,0,5,failed,2818.654943704605,,no_athdf,0.304001,RADIAL_COLLAPSE,0.22969409823417664,0.13377259075641632,True,3,5,ok,31,-2
RTC_NC_f1p0_b2p0_m3p0_t0_s5,NC,1.0,2.0,3.0,0,5,failed,165.80654382705688,,no_athdf,0.284,RADIAL_COLLAPSE,0.2098124399781227,0.1176445096731186,True,4,5,ok,29,-2
RTC_NC_f1p0_b2p0_m3p0_t0_s1,NC,1.0,2.0,3.0,0,1,failed,3225.526479244232,,no_athdf,0.342,RADIAL_COLLAPSE,0.23967420309782028,0.08599037397652864,True,5,8,ok,35,-2
RTC_NC_f1p0_b1p0_m3p0_t0_s6,NC,1.0,1.0,3.0,0,6,failed,4687.6578669548035,,no_athdf,0.332001,RADIAL_COLLAPSE,0.2299807369709015,0.18205792270600796,True,4,4,ok,34,-2
RTC_NC_f1p0_b2p0_m3p0_t0_s4,NC,1.0,2.0,3.0,0,4,failed,4491.853652000427,,no_athdf,0.324,RADIAL_COLLAPSE,0.23993639647960663,0.13608911633491516,True,3,5,ok,33,-2
RTC_NC_f1p0_b1p0_m3p0_t0_s3,NC,1.0,1.0,3.0,0,3,failed,7204.538069963455,3.75,ok:4_peaks,0.2800508737564087,FULL,0.2099996656179428,0.15976972319185734,True,4,4,ok,29,-9
RTC_NC_f1p2_b0p3_m3p0_t0_s2,NC,1.2,0.3,3.0,0,2,failed,2517.205248594284,,no_athdf,0.276001,RADIAL_COLLAPSE,0.19932258874177933,0.08129717409610748,True,4,6,ok,28,-2
RTC_NC_f1p2_b0p3_m3p0_t0_s5,NC,1.2,0.3,3.0,0,5,failed,165.79594564437866,,no_athdf,0.277042,RADIAL_COLLAPSE,0.19964978098869324,0.10979861915111541,True,4,5,ok,28,-2
RTC_NC_f1p2_b0p3_m3p0_t0_s4,NC,1.2,0.3,3.0,0,4,failed,859.1039774417877,,no_athdf,0.302,RADIAL_COLLAPSE,0.219389446079731,0.12752990871667863,True,3,5,ok,31,-2
RTC_NC_f1p2_b0p3_m3p0_t0_s1,NC,1.2,0.3,3.0,0,1,failed,3903.6256098747253,,no_athdf,0.325,RADIAL_COLLAPSE,0.21955491602420807,0.0871097764798573,True,4,7,ok,33,-2
RTC_NC_f1p0_b2p0_m3p0_t0_s6,NC,1.0,2.0,3.0,0,6,failed,5214.983136892319,,no_athdf,0.31,RADIAL_COLLAPSE,0.2096642404794693,0.1620817556977272,True,4,4,ok,32,-2
RTC_NC_f1p2_b0p5_m3p0_t0_s1,NC,1.2,0.5,3.0,0,1,failed,994.6550304889679,,no_athdf,0.322015,RADIAL_COLLAPSE,0.2192971631884575,0.08676291470016752,True,4,7,ok,33,-2
RTC_NC_f1p0_b2p0_m3p0_t0_s3,NC,1.0,2.0,3.0,0,3,failed,7204.87234711647,6.458333333333334,ok:4_peaks,0.3300011157989502,FULL,0.25989980250597,0.1380861463646094,True,4,6,ok,34,-9
RTC_NC_f1p2_b0p3_m3p0_t0_s6,NC,1.2,0.3,3.0,0,6,failed,1582.5618860721588,,no_athdf,0.308004,RADIAL_COLLAPSE,0.1996029019355774,0.1519202459603548,True,4,4,ok,31,-2
RTC_NC_f1p2_b0p5_m3p0_t0_s3,NC,1.2,0.5,3.0,0,3,failed,2396.663074016571,,no_athdf,0.296,RADIAL_COLLAPSE,0.21924642473459244,0.13557996451854706,True,4,5,ok,30,-2
RTC_NC_f1p2_b0p5_m3p0_t0_s2,NC,1.2,0.5,3.0,0,2,failed,2788.0445890426636,,no_athdf,0.288,RADIAL_COLLAPSE,0.20997254550457,0.08807533482710521,True,5,6,ok,29,-2
RTC_NC_f1p2_b0p5_m3p0_t0_s4,NC,1.2,0.5,3.0,0,4,failed,2110.201477766037,,no_athdf,0.298,RADIAL_COLLAPSE,0.20937391370534897,0.15193078108131886,True,3,4,ok,30,-2
RTC_NC_f1p2_b0p3_m3p0_t0_s3,NC,1.2,0.3,3.0,0,3,failed,4747.673240184784,,no_athdf,0.324001,RADIAL_COLLAPSE,0.2496897131204605,0.13140657792488733,True,4,6,ok,33,-2
RTC_NC_f1p2_b1p0_m3p0_t0_s1,NC,1.2,1.0,3.0,0,1,failed,1296.1085243225098,,no_athdf,0.327,RADIAL_COLLAPSE,0.21898312866687775,0.08689148085457939,True,4,7,ok,33,-2
RTC_NC_f1p2_b0p5_m3p0_t0_s6,NC,1.2,0.5,3.0,0,6,failed,4220.077818155289,,no_athdf,0.321001,RADIAL_COLLAPSE,0.21922758221626282,0.17202223278582096,True,4,4,ok,33,-2
RTC_NC_f1p2_b0p5_m3p0_t0_s5,NC,1.2,0.5,3.0,0,5,failed,5441.153162240982,,no_athdf,0.285001,RADIAL_COLLAPSE,0.20903339236974716,0.11768429726362228,True,4,5,ok,29,-2
RTC_NC_f1p2_b1p0_m3p0_t0_s3,NC,1.2,1.0,3.0,0,3,failed,3888.630283355713,,no_athdf,0.333,RADIAL_COLLAPSE,0.2599908635020256,0.13793107494711876,True,4,6,ok,34,-2
RTC_NC_f1p2_b2p0_m3p0_t0_s1,NC,1.2,2.0,3.0,0,1,failed,859.1218478679657,,no_athdf,0.327,RADIAL_COLLAPSE,0.21985290944576263,0.08691399012293134,True,4,7,ok,33,-2
RTC_NC_f1p2_b1p0_m3p0_t0_s6,NC,1.2,1.0,3.0,0,6,failed,1974.770271062851,,no_athdf,0.301001,RADIAL_COLLAPSE,0.19887829571962357,0.15193270333111286,True,4,4,ok,31,-2
RTC_NC_f1p2_b1p0_m3p0_t0_s4,NC,1.2,1.0,3.0,0,4,failed,4461.80131649971,,no_athdf,0.315001,RADIAL_COLLAPSE,0.22930138558149338,0.13165357410907746,True,3,5,ok,32,-2
RTC_NC_f1p2_b1p0_m3p0_t0_s5,NC,1.2,1.0,3.0,0,5,failed,5245.014706850052,,no_athdf,0.302,RADIAL_COLLAPSE,0.2297355905175209,0.13368476182222366,True,3,5,ok,31,-2
RTC_NC_f1p2_b1p0_m3p0_t0_s2,NC,1.2,1.0,3.0,0,2,failed,7204.1208753585815,7.447916666666667,ok:5_peaks,0.30000025033950806,FULL,0.22950366139411926,0.08974509899105344,True,5,7,ok,31,-9
RTC_NC_f1p2_b2p0_m3p0_t0_s3,NC,1.2,2.0,3.0,0,3,failed,4521.69601893425,,no_athdf,0.340001,RADIAL_COLLAPSE,0.269966185092926,0.14483340457081795,True,4,6,ok,35,-2
RTC_NC_f1p0_b0p3_m3p5_t0_s2,NC,1.0,0.3,3.5,0,2,failed,482.29614639282227,,no_athdf,0.266005,RADIAL_COLLAPSE,0.19917721673846245,0.08632251806557178,True,5,6,ok,27,-2
RTC_NC_f1p0_b0p3_m3p5_t0_s1,NC,1.0,0.3,3.5,0,1,failed,2366.2090125083923,,no_athdf,0.304001,RADIAL_COLLAPSE,0.20927615463733673,0.08422742677586419,True,4,7,ok,31,-2
RTC_NC_f1p0_b0p3_m3p5_t0_s4,NC,1.0,0.3,3.5,0,4,failed,150.74203729629517,,no_athdf,0.29215,RADIAL_COLLAPSE,0.21922948956489563,0.12576182186603546,True,3,5,ok,30,-2
RTC_NC_f1p0_b0p3_m3p5_t0_s5,NC,1.0,0.3,3.5,0,5,failed,211.0054371356964,,no_athdf,0.27103,RADIAL_COLLAPSE,0.20942086726427078,0.12169781774282455,True,3,5,ok,28,-2
RTC_NC_f1p0_b0p3_m3p5_t0_s6,NC,1.0,0.3,3.5,0,6,failed,1040.0745401382446,,no_athdf,0.306,RADIAL_COLLAPSE,0.20990297943353653,0.16467811353504658,True,4,4,ok,31,-2
RTC_NC_f1p2_b2p0_m3p0_t0_s2,NC,1.2,2.0,3.0,0,2,failed,7204.572608470917,7.239583333333334,ok:5_peaks,0.31000056862831116,FULL,0.239471934735775,0.0969704847250666,True,5,7,ok,32,-9
RTC_NC_f1p2_b2p0_m3p0_t0_s4,NC,1.2,2.0,3.0,0,4,failed,7204.516330003738,7.1875,ok:3_peaks,0.3300006091594696,FULL,0.24872290343046188,0.14367340207099916,True,3,5,ok,34,-9
RTC_NC_f1p0_b0p5_m3p5_t0_s1,NC,1.0,0.5,3.5,0,1,failed,1296.3024468421936,,no_athdf,0.308005,RADIAL_COLLAPSE,0.20956578850746155,0.08398518817765373,True,4,7,ok,31,-2
RTC_NC_f1p2_b2p0_m3p0_t0_s5,NC,1.2,2.0,3.0,0,5,failed,7204.359770536423,18.802083333333336,ok:3_peaks,0.30000075697898865,FULL,0.22970253974199295,0.13366172164678575,True,3,5,ok,31,-9
RTC_NC_f1p0_b0p5_m3p5_t0_s4,NC,1.0,0.5,3.5,0,4,failed,135.67276883125305,,no_athdf,0.286143,RADIAL_COLLAPSE,0.20979470759630203,0.1496102772653103,True,3,4,ok,29,-2
RTC_NC_f1p0_b0p5_m3p5_t0_s2,NC,1.0,0.5,3.5,0,2,failed,1281.0232348442078,,no_athdf,0.265004,RADIAL_COLLAPSE,0.19939521327614784,0.08649482391774654,True,5,6,ok,27,-2
RTC_NC_f1p0_b0p5_m3p5_t0_s5,NC,1.0,0.5,3.5,0,5,failed,211.01384329795837,,no_athdf,0.269004,RADIAL_COLLAPSE,0.19978056102991104,0.11393719762563706,True,4,5,ok,27,-2
RTC_NC_f1p0_b1p0_m3p5_t0_s2,NC,1.0,1.0,3.5,0,2,failed,150.737872838974,,no_athdf,0.255194,RADIAL_COLLAPSE,0.18968486040830612,0.0799240047732989,True,4,6,ok,26,-2
RTC_NC_f1p0_b1p0_m3p5_t0_s1,NC,1.0,1.0,3.5,0,1,failed,316.52268171310425,,no_athdf,0.303,RADIAL_COLLAPSE,0.20988547801971436,0.08269161624567849,True,4,7,ok,31,-2
RTC_NC_f1p0_b1p0_m3p5_t0_s4,NC,1.0,1.0,3.5,0,4,failed,195.96037483215332,,no_athdf,0.295027,RADIAL_COLLAPSE,0.21934757381677628,0.12569379210472106,True,3,5,ok,30,-2
RTC_NC_f1p0_b1p0_m3p5_t0_s5,NC,1.0,1.0,3.5,0,5,failed,286.40062069892883,,no_athdf,0.269029,RADIAL_COLLAPSE,0.19993438571691513,0.11372866481542587,True,4,5,ok,27,-2
RTC_NC_f1p2_b2p0_m3p0_t0_s6,NC,1.2,2.0,3.0,0,6,failed,7204.150326490402,3.9583333333333335,ok:4_peaks,0.34000030159950256,FULL,0.23984504491090775,0.1922423020005226,True,4,4,ok,35,-9
RTC_NC_f1p0_b1p0_m3p5_t0_s6,NC,1.0,1.0,3.5,0,6,failed,331.65040731430054,,no_athdf,0.297,RADIAL_COLLAPSE,0.19960907846689224,0.1547731515020132,True,4,4,ok,30,-2
RTC_NC_f1p0_b0p3_m3p5_t0_s3,NC,1.0,0.3,3.5,0,3,failed,4597.130276918411,,no_athdf,0.282,RADIAL_COLLAPSE,0.21956168487668037,0.13767775669693946,True,3,5,ok,29,-2
RTC_NC_f1p0_b0p5_m3p5_t0_s6,NC,1.0,0.5,3.5,0,6,failed,1883.8079478740692,,no_athdf,0.311,RADIAL_COLLAPSE,0.21915729343891144,0.17451268061995506,True,4,4,ok,32,-2
RTC_NC_f1p0_b2p0_m3p5_t0_s1,NC,1.0,2.0,3.5,0,1,failed,3044.3992590904236,,no_athdf,0.347007,RADIAL_COLLAPSE,0.24995409697294235,0.10703059818063464,True,4,7,ok,35,-2
RTC_NC_f1p0_b2p0_m3p5_t0_s4,NC,1.0,2.0,3.5,0,4,failed,2291.064041376114,,no_athdf,0.301001,RADIAL_COLLAPSE,0.2292119339108467,0.13159431517124176,True,3,5,ok,31,-2
RTC_NC_f1p0_b2p0_m3p5_t0_s2,NC,1.0,2.0,3.5,0,2,failed,3466.545224428177,,no_athdf,0.288,RADIAL_COLLAPSE,0.2188996784389019,0.08964719782982554,True,5,7,ok,29,-2
RTC_NC_f1p0_b0p5_m3p5_t0_s3,NC,1.0,0.5,3.5,0,3,failed,5471.615182638168,,no_athdf,0.287001,RADIAL_COLLAPSE,0.2198229469358921,0.1356140948832035,True,3,5,ok,29,-2
RTC_NC_f1p2_b0p3_m3p5_t0_s1,NC,1.2,0.3,3.5,0,1,failed,331.60178208351135,,no_athdf,0.300004,RADIAL_COLLAPSE,0.20920384675264359,0.0825204434139388,True,4,7,ok,31,-2
RTC_NC_f1p2_b0p3_m3p5_t0_s2,NC,1.2,0.3,3.5,0,2,failed,331.59518551826477,,no_athdf,0.25409,RADIAL_COLLAPSE,0.18921108543872833,0.08146352072556813,True,4,6,ok,26,-2
RTC_NC_f1p2_b0p3_m3p5_t0_s4,NC,1.2,0.3,3.5,0,4,failed,271.282573223114,,no_athdf,0.285,RADIAL_COLLAPSE,0.20922929793596268,0.12183900475502014,True,3,5,ok,29,-2
RTC_NC_f1p2_b0p3_m3p5_t0_s3,NC,1.2,0.3,3.5,0,3,failed,602.9033167362213,,no_athdf,0.253,RADIAL_COLLAPSE,0.18973849713802338,0.14487707428634167,True,3,4,ok,26,-2
RTC_NC_f1p2_b0p3_m3p5_t0_s5,NC,1.2,0.3,3.5,0,5,failed,286.40259075164795,,no_athdf,0.266004,RADIAL_COLLAPSE,0.19942906126379967,0.11367722377181053,True,4,5,ok,27,-2
RTC_NC_f1p0_b1p0_m3p5_t0_s3,NC,1.0,1.0,3.5,0,3,failed,5757.876863479614,,no_athdf,0.294001,RADIAL_COLLAPSE,0.2289252206683159,0.14136595129966736,True,4,5,ok,30,-2
RTC_NC_f1p2_b0p3_m3p5_t0_s6,NC,1.2,0.3,3.5,0,6,failed,1447.0886495113373,,no_athdf,0.31,RADIAL_COLLAPSE,0.21986189484596252,0.17475529946386814,True,4,4,ok,32,-2
RTC_NC_f1p2_b0p5_m3p5_t0_s2,NC,1.2,0.5,3.5,0,2,failed,1115.0562074184418,,no_athdf,0.262,RADIAL_COLLAPSE,0.199419304728508,0.08805616696675618,True,5,6,ok,27,-2
RTC_NC_f1p0_b2p0_m3p5_t0_s3,NC,1.0,2.0,3.5,0,3,failed,7204.888429880142,6.354166666666667,ok:4_peaks,0.3100004196166992,FULL,0.24934789910912514,0.13302797513703504,True,4,6,ok,32,-9
RTC_NC_f1p2_b0p5_m3p5_t0_s4,NC,1.2,0.5,3.5,0,4,failed,1688.0174942016602,,no_athdf,0.284001,RADIAL_COLLAPSE,0.20978329330682755,0.1217442810535431,True,3,5,ok,29,-2
RTC_NC_f1p2_b0p5_m3p5_t0_s6,NC,1.2,0.5,3.5,0,6,failed,211.04830265045166,,no_athdf,0.29,RADIAL_COLLAPSE,0.1992383971810341,0.15438373759388924,True,4,4,ok,30,-2
RTC_NC_f1p0_b2p0_m3p5_t0_s6,NC,1.0,2.0,3.5,0,6,failed,5079.72422003746,,no_athdf,0.319,RADIAL_COLLAPSE,0.2196807712316513,0.1746065430343151,True,4,4,ok,32,-2
RTC_NC_f1p2_b1p0_m3p5_t0_s2,NC,1.2,1.0,3.5,0,2,failed,210.96674394607544,,no_athdf,0.254068,RADIAL_COLLAPSE,0.18978017941117287,0.08168999788661797,True,4,6,ok,26,-2
RTC_NC_f1p2_b0p5_m3p5_t0_s1,NC,1.2,0.5,3.5,0,1,failed,3737.9679837226868,,no_athdf,0.337,RADIAL_COLLAPSE,0.23957397043704987,0.0910419449210167,True,5,8,ok,34,-2
RTC_NC_f1p2_b1p0_m3p5_t0_s1,NC,1.2,1.0,3.5,0,1,failed,874.1582853794098,,no_athdf,0.302,RADIAL_COLLAPSE,0.20989903807640076,0.08266940180744443,True,4,7,ok,31,-2
RTC_NC_f1p2_b0p5_m3p5_t0_s5,NC,1.2,0.5,3.5,0,5,failed,1265.9674718379974,,no_athdf,0.266001,RADIAL_COLLAPSE,0.19973452016711235,0.11358345076441764,True,4,5,ok,27,-2
RTC_NC_f1p2_b1p0_m3p5_t0_s6,NC,1.2,1.0,3.5,0,6,failed,135.63530850410461,,no_athdf,0.285074,RADIAL_COLLAPSE,0.18975858390331268,0.14487298764288425,True,4,4,ok,29,-2
RTC_NC_f1p0_b2p0_m3p5_t0_s5,NC,1.0,2.0,3.5,0,5,failed,6571.696368932724,,no_athdf,0.300001,RADIAL_COLLAPSE,0.2391110695898533,0.1395762674510479,True,3,5,ok,31,-2
RTC_NC_f1p2_b0p5_m3p5_t0_s3,NC,1.2,0.5,3.5,0,3,failed,5410.907004117966,,no_athdf,0.285001,RADIAL_COLLAPSE,0.21984775736927986,0.13777370527386665,True,3,5,ok,29,-2
RTC_NC_f1p2_b1p0_m3p5_t0_s4,NC,1.2,1.0,3.5,0,4,failed,3029.4837007522583,,no_athdf,0.294,RADIAL_COLLAPSE,0.2193223014473915,0.1275710493326187,True,3,5,ok,30,-2
RTC_NC_f1p2_b2p0_m3p5_t0_s1,NC,1.2,2.0,3.5,0,1,failed,2652.665782690048,,no_athdf,0.316,RADIAL_COLLAPSE,0.21906712651252747,0.08980656628097806,True,5,7,ok,32,-2
RTC_NC_f1p2_b1p0_m3p5_t0_s5,NC,1.2,1.0,3.5,0,5,failed,3331.1183001995087,,no_athdf,0.281001,RADIAL_COLLAPSE,0.21987054497003555,0.12776035517454148,True,3,5,ok,29,-2
RTC_NC_f1p2_b1p0_m3p5_t0_s3,NC,1.2,1.0,3.5,0,3,failed,4054.5941071510315,,no_athdf,0.313001,RADIAL_COLLAPSE,0.24895690008997917,0.1328431386500597,True,4,6,ok,32,-2
RTC_NC_f1p0_b0p3_m4p0_t0_s1,NC,1.0,0.3,4.0,0,1,failed,708.346631526947,,no_athdf,0.284,RADIAL_COLLAPSE,0.19965701550245285,0.07982820698193141,True,4,7,ok,29,-2
RTC_NC_f1p0_b0p3_m4p0_t0_s2,NC,1.0,0.3,4.0,0,2,failed,497.4631645679474,,no_athdf,0.253,RADIAL_COLLAPSE,0.1992126703262329,0.07681663760117122,True,5,7,ok,26,-2
RTC_NC_f1p0_b0p3_m4p0_t0_s3,NC,1.0,0.3,4.0,0,3,failed,1552.3702700138092,,no_athdf,0.262,RADIAL_COLLAPSE,0.1994248442351818,0.12974102273583413,True,3,5,ok,27,-2
RTC_NC_f1p2_b2p0_m3p5_t0_s3,NC,1.2,2.0,3.5,0,3,failed,5003.548732757568,,no_athdf,0.319,RADIAL_COLLAPSE,0.24939299747347832,0.1330430724968513,True,4,6,ok,32,-2
RTC_NC_f1p2_b2p0_m3p5_t0_s2,NC,1.2,2.0,3.5,0,2,failed,7204.090118646622,7.864583333333334,ok:5_peaks,0.26000112295150757,FULL,0.19894807040691376,0.08814739932616551,True,5,6,ok,27,-9
RTC_NC_f1p2_b2p0_m3p5_t0_s5,NC,1.2,2.0,3.5,0,5,failed,5094.189576387405,,no_athdf,0.29,RADIAL_COLLAPSE,0.2291560359299183,0.1335962973535061,True,3,5,ok,30,-2
RTC_NC_f1p0_b0p3_m4p0_t0_s6,NC,1.0,0.3,4.0,0,6,failed,180.89737629890442,,no_athdf,0.288016,RADIAL_COLLAPSE,0.19951632618904114,0.15983403474092484,True,4,4,ok,29,-2
RTC_NC_f1p2_b2p0_m3p5_t0_s4,NC,1.2,2.0,3.5,0,4,failed,6134.438061952591,,no_athdf,0.307001,RADIAL_COLLAPSE,0.22928445786237717,0.1337240070104599,True,3,5,ok,31,-2
RTC_NC_f1p0_b0p3_m4p0_t0_s4,NC,1.0,0.3,4.0,0,4,failed,4205.038873434067,,no_athdf,0.286,RADIAL_COLLAPSE,0.21999255940318108,0.12389261201024056,True,3,5,ok,29,-2
RTC_NC_f1p2_b2p0_m3p5_t0_s6,NC,1.2,2.0,3.5,0,6,failed,7204.579114437103,3.75,ok:4_peaks,0.3200004994869232,FULL,0.22981803864240646,0.18459662608802319,True,4,4,ok,33,-9
RTC_NC_f1p0_b0p3_m4p0_t0_s5,NC,1.0,0.3,4.0,0,5,failed,3255.288913965225,,no_athdf,0.262045,RADIAL_COLLAPSE,0.2093583233654499,0.12159485295414925,True,3,5,ok,27,-2
RTC_NC_f1p0_b0p5_m4p0_t0_s4,NC,1.0,0.5,4.0,0,4,failed,331.5714011192322,,no_athdf,0.28004,RADIAL_COLLAPSE,0.21926918998360634,0.12548088282346725,True,3,5,ok,29,-2
RTC_NC_f1p0_b0p5_m4p0_t0_s5,NC,1.0,0.5,4.0,0,5,failed,437.1515119075775,,no_athdf,0.253,RADIAL_COLLAPSE,0.19920597970485687,0.1135975182056427,True,4,5,ok,26,-2
RTC_NC_f1p0_b0p5_m4p0_t0_s2,NC,1.0,0.5,4.0,0,2,failed,3225.597566127777,,no_athdf,0.268002,RADIAL_COLLAPSE,0.1995423138141632,0.08269284346273967,True,5,7,ok,27,-2
RTC_NC_f1p0_b0p5_m4p0_t0_s6,NC,1.0,0.5,4.0,0,6,failed,889.2931966781616,,no_athdf,0.29,RADIAL_COLLAPSE,0.20930484682321548,0.1695612035691738,True,4,4,ok,30,-2
RTC_NC_f1p0_b0p5_m4p0_t0_s1,NC,1.0,0.5,4.0,0,1,failed,5048.998032331467,,no_athdf,0.314001,RADIAL_COLLAPSE,0.22965314984321594,0.0873380545526743,True,5,8,ok,32,-2
RTC_NC_f1p0_b0p5_m4p0_t0_s3,NC,1.0,0.5,4.0,0,3,failed,4732.130058050156,,no_athdf,0.27,RADIAL_COLLAPSE,0.2095700241625309,0.13569941893219947,True,4,5,ok,28,-2
RTC_NC_f1p0_b1p0_m4p0_t0_s5,NC,1.0,1.0,4.0,0,5,failed,497.44699358940125,,no_athdf,0.253001,RADIAL_COLLAPSE,0.19910459965467453,0.11346352398395539,True,4,5,ok,26,-2
RTC_NC_f1p0_b1p0_m4p0_t0_s6,NC,1.0,1.0,4.0,0,6,failed,633.0733194351196,,no_athdf,0.285,RADIAL_COLLAPSE,0.19928571581840515,0.1593880970031023,True,4,4,ok,29,-2
RTC_NC_f1p0_b1p0_m4p0_t0_s2,NC,1.0,1.0,4.0,0,2,failed,3541.9536967277527,,no_athdf,0.313001,RADIAL_COLLAPSE,0.24975785613059998,0.09995162207633257,True,4,8,ok,32,-2
RTC_NC_f1p0_b1p0_m4p0_t0_s4,NC,1.0,1.0,4.0,0,4,failed,2938.8202998638153,,no_athdf,0.28,RADIAL_COLLAPSE,0.21942677348852158,0.12548021972179413,True,3,5,ok,29,-2
RTC_NC_f1p0_b2p0_m4p0_t0_s1,NC,1.0,2.0,4.0,0,1,failed,1552.4356207847595,,no_athdf,0.293,RADIAL_COLLAPSE,0.20912926644086838,0.08539948825325284,True,5,7,ok,30,-2
RTC_NC_f1p0_b2p0_m4p0_t0_s5,NC,1.0,2.0,4.0,0,5,failed,437.164959192276,,no_athdf,0.254001,RADIAL_COLLAPSE,0.20003772154450417,0.1138715885579586,True,4,5,ok,26,-2
RTC_NC_f1p0_b2p0_m4p0_t0_s4,NC,1.0,2.0,4.0,0,4,failed,1115.4761238098145,,no_athdf,0.283,RADIAL_COLLAPSE,0.21982626989483833,0.1258426085114479,True,3,5,ok,29,-2
RTC_NC_f1p0_b1p0_m4p0_t0_s1,NC,1.0,1.0,4.0,0,1,failed,4883.341913461685,,no_athdf,0.305,RADIAL_COLLAPSE,0.2195761725306511,0.09129304225955691,True,5,7,ok,31,-2
RTC_NC_f1p0_b2p0_m4p0_t0_s2,NC,1.0,2.0,4.0,0,2,failed,1778.532686471939,,no_athdf,0.263,RADIAL_COLLAPSE,0.19912214577198029,0.08267290358032499,True,5,7,ok,27,-2
RTC_NC_f1p2_b0p3_m4p0_t0_s2,NC,1.2,0.3,4.0,0,2,failed,165.80715894699097,,no_athdf,0.234049,RADIAL_COLLAPSE,0.17933546006679535,0.0747767190138499,True,4,6,ok,24,-2
RTC_NC_f1p2_b0p3_m4p0_t0_s4,NC,1.2,0.3,4.0,0,4,failed,226.08687543869019,,no_athdf,0.274015,RADIAL_COLLAPSE,0.20999955758452415,0.11987842097878457,True,3,5,ok,28,-2
RTC_NC_f1p2_b0p3_m4p0_t0_s5,NC,1.2,0.3,4.0,0,5,failed,497.32582449913025,,no_athdf,0.253,RADIAL_COLLAPSE,0.19937103986740112,0.11367216110229492,True,3,5,ok,26,-2
RTC_NC_f1p0_b1p0_m4p0_t0_s3,NC,1.0,1.0,4.0,0,3,failed,5802.842851161957,,no_athdf,0.277001,RADIAL_COLLAPSE,0.20979664102196693,0.13572045490145684,True,4,5,ok,28,-2
RTC_NC_f1p2_b0p3_m4p0_t0_s6,NC,1.2,0.3,4.0,0,6,failed,648.1333773136139,,no_athdf,0.28,RADIAL_COLLAPSE,0.19937700778245926,0.15969375520944595,True,4,4,ok,29,-2
RTC_NC_f1p0_b2p0_m4p0_t0_s3,NC,1.0,2.0,4.0,0,3,failed,2758.0588426589966,,no_athdf,0.254001,RADIAL_COLLAPSE,0.18912207707762718,0.12158584222197533,True,4,5,ok,26,-2
RTC_NC_f1p2_b0p5_m4p0_t0_s1,NC,1.2,0.5,4.0,0,1,failed,165.7882215976715,,no_athdf,0.282078,RADIAL_COLLAPSE,0.19970876723527908,0.08117529324122838,True,4,7,ok,29,-2
RTC_NC_f1p2_b0p5_m4p0_t0_s4,NC,1.2,0.5,4.0,0,4,failed,211.01362442970276,,no_athdf,0.26704,RADIAL_COLLAPSE,0.19935330748558044,0.11563021242618561,True,3,5,ok,27,-2
RTC_NC_f1p2_b0p5_m4p0_t0_s5,NC,1.2,0.5,4.0,0,5,failed,361.7788784503937,,no_athdf,0.249025,RADIAL_COLLAPSE,0.1894468031823635,0.10583027377724648,True,4,5,ok,25,-2
RTC_NC_f1p2_b0p5_m4p0_t0_s6,NC,1.2,0.5,4.0,0,6,failed,180.8816065788269,,no_athdf,0.277049,RADIAL_COLLAPSE,0.1893874928355217,0.14968273229897022,True,4,4,ok,28,-2
RTC_NC_f1p2_b0p5_m4p0_t0_s2,NC,1.2,0.5,4.0,0,2,failed,1055.2121744155884,,no_athdf,0.266013,RADIAL_COLLAPSE,0.19960401952266693,0.08397773866142545,True,5,7,ok,27,-2
RTC_NC_f1p2_b1p0_m4p0_t0_s1,NC,1.2,1.0,4.0,0,1,failed,1296.2317769527435,,no_athdf,0.282,RADIAL_COLLAPSE,0.19967835396528244,0.08131554190601621,True,4,7,ok,29,-2
RTC_NC_f1p0_b2p0_m4p0_t0_s6,NC,1.0,2.0,4.0,0,6,failed,3813.3300745487213,,no_athdf,0.299001,RADIAL_COLLAPSE,0.2098357453942299,0.16955890506505966,True,4,4,ok,30,-2
RTC_NC_f1p2_b1p0_m4p0_t0_s3,NC,1.2,1.0,4.0,0,3,failed,482.30082654953003,,no_athdf,0.239,RADIAL_COLLAPSE,0.16988392546772957,0.13485271390527487,True,3,4,ok,24,-2
RTC_NC_f1p2_b1p0_m4p0_t0_s4,NC,1.2,1.0,4.0,0,4,failed,557.6179113388062,,no_athdf,0.271,RADIAL_COLLAPSE,0.2094571813941002,0.12154583036899566,True,3,5,ok,28,-2
RTC_NC_f1p2_b0p3_m4p0_t0_s3,NC,1.2,0.3,4.0,0,3,failed,5094.729148387909,,no_athdf,0.264,RADIAL_COLLAPSE,0.19937407970428467,0.12961617410182952,True,3,5,ok,27,-2
RTC_NC_f1p2_b1p0_m4p0_t0_s6,NC,1.2,1.0,4.0,0,6,failed,1025.0036323070526,,no_athdf,0.277001,RADIAL_COLLAPSE,0.18949293345212936,0.14965941570699215,True,4,4,ok,28,-2
RTC_NC_f1p2_b1p0_m4p0_t0_s2,NC,1.2,1.0,4.0,0,2,failed,3602.265587091446,,no_athdf,0.269,RADIAL_COLLAPSE,0.19978434965014458,0.08395986312202044,True,5,7,ok,27,-2
RTC_NC_f1p2_b2p0_m4p0_t0_s1,NC,1.2,2.0,4.0,0,1,failed,1582.6396734714508,,no_athdf,0.281,RADIAL_COLLAPSE,0.1992429867386818,0.08122888420309339,True,4,7,ok,29,-2
RTC_NC_f1p2_b0p5_m4p0_t0_s3,NC,1.2,0.5,4.0,0,3,failed,5290.494421005249,,no_athdf,0.268,RADIAL_COLLAPSE,0.19959645345807076,0.12964484617114067,True,3,5,ok,27,-2
RTC_NC_f1p2_b0p3_m4p0_t0_s1,NC,1.2,0.3,4.0,0,1,failed,7204.355953454971,12.1875,ok:4_peaks,0.3000004291534424,FULL,0.2196536660194397,0.09261284129960197,True,4,7,ok,31,-9
RTC_NC_f1p2_b2p0_m4p0_t0_s2,NC,1.2,2.0,4.0,0,2,failed,3873.5992629528046,,no_athdf,0.269001,RADIAL_COLLAPSE,0.19917017221450806,0.08387269931180137,True,5,7,ok,27,-2
RTC_SC_f1p5_b0p3_m2p0_t0_s1,SC,1.5,0.3,2.0,0,1,failed,210.96598720550537,,no_athdf,0.328066,RADIAL_COLLAPSE,0.17980355024337769,0.08589379489421844,True,4,5,ok,33,-2
RTC_SC_f1p5_b0p3_m2p0_t0_s2,SC,1.5,0.3,2.0,0,2,failed,105.54109954833984,,no_athdf,0.27219,RADIAL_COLLAPSE,0.1689591184258461,0.09447960369288921,True,3,4,ok,28,-2
RTC_SC_f1p5_b0p3_m2p0_t0_s3,SC,1.5,0.3,2.0,0,3,failed,211.04738926887512,,no_athdf,0.291161,RADIAL_COLLAPSE,0.18937526643276215,0.1295233555138111,True,4,4,ok,30,-2
RTC_NC_f1p2_b2p0_m4p0_t0_s4,NC,1.2,2.0,4.0,0,4,failed,3361.140373945236,,no_athdf,0.283001,RADIAL_COLLAPSE,0.21987241879105568,0.12788037210702896,True,3,5,ok,29,-2
RTC_NC_f1p2_b1p0_m4p0_t0_s5,NC,1.2,1.0,4.0,0,5,failed,6043.730202436447,,no_athdf,0.276001,RADIAL_COLLAPSE,0.2190387174487114,0.1256173372268677,True,3,5,ok,28,-2
RTC_SC_f1p5_b0p3_m2p0_t90_s1,SC,1.5,0.3,2.0,90,1,failed,557.6896147727966,,no_athdf,0.333042,RADIAL_COLLAPSE,0.1894897222518921,0.1795457899570465,True,3,2,ok,34,-2
RTC_SC_f1p5_b0p3_m2p0_t90_s2,SC,1.5,0.3,2.0,90,2,failed,527.6065192222595,,no_athdf,0.292011,RADIAL_COLLAPSE,0.1890573501586914,0.0930938720703125,True,2,3,ok,30,-2
RTC_SC_f1p5_b0p3_m2p0_t90_s3,SC,1.5,0.3,2.0,90,3,failed,512.4787764549255,,no_athdf,0.297029,RADIAL_COLLAPSE,0.18959956616163254,0.1120834369212389,True,3,4,ok,30,-2
RTC_SC_f1p5_b0p5_m2p0_t0_s3,SC,1.5,0.5,2.0,0,3,failed,226.0905692577362,,no_athdf,0.31801,RADIAL_COLLAPSE,0.2090878263115883,0.14962897635996342,True,4,4,ok,32,-2
RTC_SC_f1p5_b0p5_m2p0_t90_s1,SC,1.5,0.5,2.0,90,1,failed,211.05755758285522,,no_athdf,0.309017,RADIAL_COLLAPSE,0.15934714674949646,0.1493014097213745,True,2,2,ok,31,-2
RTC_SC_f1p5_b0p5_m2p0_t90_s2,SC,1.5,0.5,2.0,90,2,failed,150.73352909088135,,no_athdf,0.278001,RADIAL_COLLAPSE,0.1695384457707405,0.08983136465152104,True,2,3,ok,28,-2
RTC_SC_f1p5_b0p5_m2p0_t90_s3,SC,1.5,0.5,2.0,90,3,failed,331.6183705329895,,no_athdf,0.315023,RADIAL_COLLAPSE,0.20868148654699326,0.14425449632108212,True,3,4,ok,32,-2
RTC_NC_f1p2_b2p0_m4p0_t0_s3,NC,1.2,2.0,4.0,0,3,failed,5772.707609176636,,no_athdf,0.288001,RADIAL_COLLAPSE,0.21916720271110535,0.11975850040713946,True,4,6,ok,29,-2
RTC_NC_f1p2_b2p0_m4p0_t0_s6,NC,1.2,2.0,4.0,0,6,failed,6587.00892996788,,no_athdf,0.304001,RADIAL_COLLAPSE,0.21993519365787506,0.17960257455706596,True,4,4,ok,31,-2
RTC_NC_f1p2_b2p0_m4p0_t0_s5,NC,1.2,2.0,4.0,0,5,failed,7204.57498717308,18.697916666666668,ok:3_peaks,0.2500026822090149,FULL,0.19988280534744263,0.11378909051418304,True,3,5,ok,26,-9
RTC_SC_f1p5_b1p0_m2p0_t90_s1,SC,1.5,1.0,2.0,90,1,failed,195.97912526130676,,no_athdf,0.305086,RADIAL_COLLAPSE,0.15970809757709503,0.08222805336117744,True,2,4,ok,31,-2
RTC_SC_f1p5_b1p0_m2p0_t90_s2,SC,1.5,1.0,2.0,90,2,failed,135.65726113319397,,no_athdf,0.268011,RADIAL_COLLAPSE,0.15899500250816345,0.09631665050983429,True,2,3,ok,27,-2
RTC_SC_f1p5_b1p0_m2p0_t90_s3,SC,1.5,1.0,2.0,90,3,failed,256.2882573604584,,no_athdf,0.270048,RADIAL_COLLAPSE,0.16950538754463196,0.1068580150604248,True,4,4,ok,28,-2
RTC_SC_f1p5_b1p0_m2p0_t0_s1,SC,1.5,1.0,2.0,0,1,failed,4958.840262413025,,no_athdf,0.385001,RADIAL_COLLAPSE,0.21888123452663422,0.0958479642868042,True,5,8,ok,39,-2
RTC_SC_f1p5_b0p5_m2p0_t0_s2,SC,1.5,0.5,2.0,0,2,failed,6149.497181653976,,no_athdf,0.334,RADIAL_COLLAPSE,0.22988859564065933,0.09640199815233548,True,5,6,ok,34,-2
RTC_SC_f1p5_b0p5_m2p0_t0_s1,SC,1.5,0.5,2.0,0,1,failed,6812.487506866455,,no_athdf,0.391001,RADIAL_COLLAPSE,0.21884827315807343,0.07894614785909652,True,5,10,ok,40,-2
RTC_SC_f1p5_b2p0_m2p0_t90_s1,SC,1.5,2.0,2.0,90,1,failed,135.67202949523926,,no_athdf,0.305204,RADIAL_COLLAPSE,0.1600978970527649,0.08493505045771599,True,2,4,ok,31,-2
RTC_SC_f1p5_b2p0_m2p0_t90_s2,SC,1.5,2.0,2.0,90,2,failed,256.2786936759949,,no_athdf,0.277127,RADIAL_COLLAPSE,0.16973167657852173,0.08720095455646515,True,2,4,ok,28,-2
RTC_SC_f1p5_b2p0_m2p0_t90_s3,SC,1.5,2.0,2.0,90,3,failed,135.5543978214264,,no_athdf,0.277105,RADIAL_COLLAPSE,0.1688118353486061,0.10936643742024899,True,4,4,ok,28,-2
RTC_SC_f2p0_b0p3_m2p0_t0_s1,SC,2.0,0.3,2.0,0,1,failed,376.8638277053833,,no_athdf,0.322019,RADIAL_COLLAPSE,0.17905737459659576,0.061041250824928284,True,6,8,ok,33,-2
RTC_SC_f2p0_b0p3_m2p0_t0_s2,SC,2.0,0.3,2.0,0,2,failed,135.64194011688232,,no_athdf,0.263062,RADIAL_COLLAPSE,0.15906469523906708,0.09721072018146515,True,4,4,ok,27,-2
RTC_SC_f2p0_b0p3_m2p0_t0_s3,SC,2.0,0.3,2.0,0,3,failed,226.09601163864136,,no_athdf,0.276095,RADIAL_COLLAPSE,0.16956038773059845,0.1093456894159317,True,4,4,ok,28,-2
RTC_SC_f2p0_b0p3_m2p0_t90_s1,SC,2.0,0.3,2.0,90,1,failed,361.78058195114136,,no_athdf,0.289034,RADIAL_COLLAPSE,0.13943371176719666,0.1292562410235405,True,2,2,ok,29,-2
RTC_SC_f1p5_b2p0_m2p0_t0_s1,SC,1.5,2.0,2.0,0,1,failed,4326.04553437233,,no_athdf,0.389,RADIAL_COLLAPSE,0.2199150025844574,0.08531672424740261,True,5,9,ok,39,-2
RTC_SC_f1p5_b1p0_m2p0_t0_s2,SC,1.5,1.0,2.0,0,2,failed,7204.3080542087555,7.5,ok:5_peaks,0.3500051200389862,FULL,0.2495163530111313,0.09828656911849976,True,5,7,ok,36,-9
RTC_SC_f2p0_b0p3_m2p0_t90_s2,SC,2.0,0.3,2.0,90,2,failed,467.2721643447876,,no_athdf,0.26405,RADIAL_COLLAPSE,0.15948232263326645,0.07651750991741817,True,2,3,ok,27,-2
RTC_SC_f2p0_b0p5_m2p0_t0_s1,SC,2.0,0.5,2.0,0,1,failed,135.65290188789368,,no_athdf,0.286167,RADIAL_COLLAPSE,0.13954085111618042,0.08966320753097534,True,2,4,ok,29,-2
RTC_SC_f2p0_b0p3_m2p0_t90_s3,SC,2.0,0.3,2.0,90,3,failed,452.1869294643402,,no_athdf,0.269025,RADIAL_COLLAPSE,0.1599968820810318,0.0948355682194233,True,4,4,ok,27,-2
RTC_SC_f2p0_b0p5_m2p0_t0_s3,SC,2.0,0.5,2.0,0,3,failed,211.0538523197174,,no_athdf,0.26905,RADIAL_COLLAPSE,0.15926458686590195,0.09941980056464672,True,4,4,ok,27,-2
RTC_SC_f2p0_b0p5_m2p0_t0_s2,SC,2.0,0.5,2.0,0,2,failed,346.68841648101807,,no_athdf,0.300107,RADIAL_COLLAPSE,0.19879332929849625,0.09123038376371066,True,4,6,ok,31,-2
RTC_SC_f2p0_b0p5_m2p0_t90_s1,SC,2.0,0.5,2.0,90,1,failed,105.53547096252441,,no_athdf,0.269082,RADIAL_COLLAPSE,0.11922739446163177,0.10943663120269775,True,2,2,ok,27,-2
RTC_SC_f2p0_b0p5_m2p0_t90_s2,SC,2.0,0.5,2.0,90,2,failed,165.74948620796204,,no_athdf,0.253028,RADIAL_COLLAPSE,0.14985574781894684,0.08336324989795685,True,2,3,ok,26,-2
RTC_SC_f2p0_b0p5_m2p0_t90_s3,SC,2.0,0.5,2.0,90,3,failed,452.23571705818176,,no_athdf,0.300117,RADIAL_COLLAPSE,0.19912970066070557,0.1370595581829548,True,4,4,ok,31,-2
RTC_SC_f2p0_b1p0_m2p0_t0_s2,SC,2.0,1.0,2.0,0,2,failed,964.5993096828461,,no_athdf,0.297,RADIAL_COLLAPSE,0.18977544456720352,0.10176562517881393,True,4,5,ok,30,-2
RTC_SC_f2p0_b1p0_m2p0_t90_s1,SC,2.0,1.0,2.0,90,1,failed,135.66158056259155,,no_athdf,0.273053,RADIAL_COLLAPSE,0.12957334518432617,0.06731343269348145,True,2,4,ok,28,-2
RTC_SC_f2p0_b1p0_m2p0_t90_s2,SC,2.0,1.0,2.0,90,2,failed,90.46478223800659,,no_athdf,0.247206,RADIAL_COLLAPSE,0.13942692428827286,0.06957773305475712,True,3,4,ok,25,-2
RTC_SC_f1p5_b1p0_m2p0_t0_s3,SC,1.5,1.0,2.0,0,3,failed,7204.038053750992,6.458333333333334,ok:4_peaks,0.3800002932548523,FULL,0.27853595465421677,0.14444145684440932,True,4,6,ok,39,-9
RTC_SC_f2p0_b1p0_m2p0_t90_s3,SC,2.0,1.0,2.0,90,3,failed,120.61112856864929,,no_athdf,0.250138,RADIAL_COLLAPSE,0.14996610581874847,0.08950422704219818,True,4,4,ok,26,-2
RTC_SC_f1p5_b2p0_m2p0_t0_s2,SC,1.5,2.0,2.0,0,2,failed,4416.325763702393,,no_athdf,0.352,RADIAL_COLLAPSE,0.2492414340376854,0.09680509035076414,True,5,7,ok,36,-2
RTC_SC_f1p5_b2p0_m2p0_t0_s3,SC,1.5,2.0,2.0,0,3,failed,7204.5677971839905,5.729166666666667,ok:4_peaks,0.39000067114830017,FULL,0.2898654043674469,0.15299860636393228,True,4,6,ok,40,-9
RTC_SC_f2p0_b2p0_m2p0_t90_s1,SC,2.0,2.0,2.0,90,1,failed,105.52696061134338,,no_athdf,0.281145,RADIAL_COLLAPSE,0.13957828283309937,0.07982517033815384,True,2,4,ok,29,-2
RTC_SC_f2p0_b2p0_m2p0_t90_s2,SC,2.0,2.0,2.0,90,2,failed,120.60240888595581,,no_athdf,0.251021,RADIAL_COLLAPSE,0.1485510841012001,0.07921353168785572,True,3,4,ok,26,-2
RTC_SC_f2p0_b2p0_m2p0_t90_s3,SC,2.0,2.0,2.0,90,3,failed,286.3859989643097,,no_athdf,0.261016,RADIAL_COLLAPSE,0.15913255512714386,0.09926312416791916,True,4,4,ok,27,-2
RTC_SC_f1p5_b0p3_m2p5_t0_s1,SC,1.5,0.3,2.5,0,1,failed,120.59613728523254,,no_athdf,0.288085,RADIAL_COLLAPSE,0.15937112271785736,0.09687872976064682,True,3,4,ok,29,-2
RTC_SC_f1p5_b0p3_m2p5_t0_s2,SC,1.5,0.3,2.5,0,2,failed,120.59251046180725,,no_athdf,0.269156,RADIAL_COLLAPSE,0.1795070692896843,0.08177531808614731,True,3,5,ok,27,-2
RTC_SC_f2p0_b1p0_m2p0_t0_s1,SC,2.0,1.0,2.0,0,1,failed,6646.974426031113,,no_athdf,0.382,RADIAL_COLLAPSE,0.23986263573169708,0.09558181961377461,True,5,9,ok,39,-2
RTC_SC_f1p5_b0p3_m2p5_t90_s1,SC,1.5,0.3,2.5,90,1,failed,301.50428557395935,,no_athdf,0.310064,RADIAL_COLLAPSE,0.18932395428419113,0.11974351853132248,True,2,3,ok,32,-2
RTC_SC_f2p0_b1p0_m2p0_t0_s3,SC,2.0,1.0,2.0,0,3,failed,6993.566451311111,,no_athdf,0.373001,RADIAL_COLLAPSE,0.2687939777970314,0.14956537509957948,True,4,6,ok,38,-2
RTC_SC_f1p5_b0p3_m2p5_t90_s3,SC,1.5,0.3,2.5,90,3,failed,633.089608669281,,no_athdf,0.316028,RADIAL_COLLAPSE,0.2188863828778267,0.14688512310385704,True,2,4,ok,32,-2
RTC_SC_f1p5_b0p3_m2p5_t90_s2,SC,1.5,0.3,2.5,90,2,failed,1266.0193531513214,,no_athdf,0.300007,RADIAL_COLLAPSE,0.21899303793907166,0.11972850064436595,True,3,3,ok,31,-2
RTC_SC_f2p0_b2p0_m2p0_t0_s1,SC,2.0,2.0,2.0,0,1,failed,7204.537168264389,5.729166666666667,ok:6_peaks,0.3800005614757538,FULL,0.2393786460161209,0.09863001273738013,True,6,9,ok,39,-9
RTC_SC_f2p0_b2p0_m2p0_t0_s2,SC,2.0,2.0,2.0,0,2,failed,7204.70153260231,7.5,ok:5_peaks,0.37000134587287903,FULL,0.2696949318051338,0.12830664536782674,True,5,7,ok,38,-9
RTC_SC_f2p0_b2p0_m2p0_t0_s3,SC,2.0,2.0,2.0,0,3,failed,7204.501390695572,5.104166666666667,ok:5_peaks,0.38000091910362244,FULL,0.2785790115594864,0.15285986413558325,True,5,6,ok,39,-9
RTC_SC_f1p5_b0p5_m2p5_t90_s1,SC,1.5,0.5,2.5,90,1,failed,422.0123407840729,,no_athdf,0.306033,RADIAL_COLLAPSE,0.17937084287405014,0.11661163220802943,True,3,3,ok,31,-2
RTC_SC_f1p5_b0p5_m2p5_t90_s3,SC,1.5,0.5,2.5,90,3,failed,271.3068072795868,,no_athdf,0.265009,RADIAL_COLLAPSE,0.17890659719705582,0.11946719512343407,True,4,4,ok,27,-2
RTC_SC_f1p5_b0p5_m2p5_t0_s1,SC,1.5,0.5,2.5,0,1,failed,1959.5371041297913,,no_athdf,0.34,RADIAL_COLLAPSE,0.19988657534122467,0.07101781335141924,True,4,9,ok,35,-2
RTC_SC_f1p5_b0p3_m2p5_t0_s3,SC,1.5,0.3,2.5,0,3,failed,4943.424592256546,,no_athdf,0.346,RADIAL_COLLAPSE,0.25877659022808075,0.13293441385030746,True,4,6,ok,35,-2
RTC_SC_f1p5_b0p5_m2p5_t90_s2,SC,1.5,0.5,2.5,90,2,failed,1537.3355360031128,,no_athdf,0.376013,RADIAL_COLLAPSE,0.2895316034555435,0.1358669251203537,True,4,5,ok,38,-2
RTC_SC_f1p5_b1p0_m2p5_t90_s1,SC,1.5,1.0,2.5,90,1,failed,271.298547744751,,no_athdf,0.288037,RADIAL_COLLAPSE,0.15994875878095627,0.08443636633455753,True,2,4,ok,29,-2
RTC_SC_f1p5_b1p0_m2p5_t90_s2,SC,1.5,1.0,2.5,90,2,failed,135.66992020606995,,no_athdf,0.252099,RADIAL_COLLAPSE,0.16912169009447098,0.10611408452192943,True,3,3,ok,26,-2
RTC_SC_f1p5_b1p0_m2p5_t90_s3,SC,1.5,1.0,2.5,90,3,failed,241.16082906723022,,no_athdf,0.256048,RADIAL_COLLAPSE,0.15890683978796005,0.10917213745415211,True,4,4,ok,26,-2
RTC_SC_f1p5_b1p0_m2p5_t0_s1,SC,1.5,1.0,2.5,0,1,failed,2576.8945643901825,,no_athdf,0.351,RADIAL_COLLAPSE,0.20933037251234055,0.07766173200474845,True,5,9,ok,36,-2
RTC_SC_f1p5_b0p5_m2p5_t0_s3,SC,1.5,0.5,2.5,0,3,failed,4853.11357831955,,no_athdf,0.349,RADIAL_COLLAPSE,0.25872041285037994,0.13452418893575668,True,4,6,ok,35,-2
RTC_SC_f1p5_b0p5_m2p5_t0_s2,SC,1.5,0.5,2.5,0,2,failed,6751.958965063095,,no_athdf,0.313,RADIAL_COLLAPSE,0.2294326052069664,0.08556829180036273,True,5,7,ok,32,-2
RTC_SC_f1p5_b2p0_m2p5_t90_s1,SC,1.5,2.0,2.5,90,1,failed,135.6580047607422,,no_athdf,0.289023,RADIAL_COLLAPSE,0.15974851697683334,0.08961178176105022,True,2,4,ok,29,-2
RTC_SC_f1p5_b2p0_m2p5_t90_s2,SC,1.5,2.0,2.5,90,2,failed,256.2543246746063,,no_athdf,0.267136,RADIAL_COLLAPSE,0.17960681021213531,0.07761689275503159,True,3,5,ok,27,-2
RTC_SC_f1p5_b1p0_m2p5_t0_s3,SC,1.5,1.0,2.5,0,3,failed,6345.477346420288,,no_athdf,0.359001,RADIAL_COLLAPSE,0.2686130106449127,0.1410707781712214,True,4,6,ok,36,-2
RTC_SC_f2p0_b0p3_m2p5_t0_s1,SC,2.0,0.3,2.5,0,1,failed,437.0288755893707,,no_athdf,0.296015,RADIAL_COLLAPSE,0.1697305589914322,0.07334874073664348,True,6,6,ok,30,-2
RTC_SC_f2p0_b0p3_m2p5_t0_s2,SC,2.0,0.3,2.5,0,2,failed,90.41951274871826,,no_athdf,0.233124,RADIAL_COLLAPSE,0.14975124597549438,0.0846729427576065,True,3,4,ok,24,-2
RTC_SC_f1p5_b2p0_m2p5_t90_s3,SC,1.5,2.0,2.5,90,3,failed,1808.5980899333954,,no_athdf,0.368009,RADIAL_COLLAPSE,0.27870237082242966,0.14452444886167845,True,4,6,ok,37,-2
RTC_SC_f1p5_b1p0_m2p5_t0_s2,SC,1.5,1.0,2.5,0,2,failed,7204.404790639877,7.395833333333334,ok:5_peaks,0.32000041007995605,FULL,0.2393898144364357,0.09263321544442858,True,5,7,ok,33,-9
RTC_SC_f1p5_b2p0_m2p5_t0_s1,SC,1.5,2.0,2.5,0,1,failed,6451.518513679504,,no_athdf,0.368001,RADIAL_COLLAPSE,0.21918562054634094,0.08525245885054271,True,5,9,ok,37,-2
RTC_SC_f2p0_b0p3_m2p5_t0_s3,SC,2.0,0.3,2.5,0,3,failed,391.8483953475952,,no_athdf,0.288037,RADIAL_COLLAPSE,0.19889461249113083,0.14444762095808983,True,4,4,ok,29,-2
RTC_SC_f2p0_b0p3_m2p5_t90_s1,SC,2.0,0.3,2.5,90,1,failed,331.61173582077026,,no_athdf,0.28307,RADIAL_COLLAPSE,0.15996941179037094,0.1499713845551014,True,2,2,ok,29,-2
RTC_SC_f2p0_b0p5_m2p5_t0_s2,SC,2.0,0.5,2.5,0,2,failed,135.68146061897278,,no_athdf,0.240035,RADIAL_COLLAPSE,0.15959174185991287,0.07360387146472931,True,3,5,ok,25,-2
RTC_SC_f2p0_b0p5_m2p5_t0_s3,SC,2.0,0.5,2.5,0,3,failed,135.6631577014923,,no_athdf,0.251037,RADIAL_COLLAPSE,0.16890306025743484,0.11423185653984547,True,4,4,ok,26,-2
RTC_SC_f2p0_b0p5_m2p5_t90_s1,SC,2.0,0.5,2.5,90,1,failed,150.76010179519653,,no_athdf,0.264016,RADIAL_COLLAPSE,0.1390150785446167,0.08976021409034729,True,2,3,ok,27,-2
RTC_SC_f2p0_b0p5_m2p5_t90_s2,SC,2.0,0.5,2.5,90,2,failed,226.1274700164795,,no_athdf,0.240047,RADIAL_COLLAPSE,0.15976690500974655,0.09308163324991862,True,2,3,ok,25,-2
RTC_SC_f2p0_b0p5_m2p5_t90_s3,SC,2.0,0.5,2.5,90,3,failed,165.82900714874268,,no_athdf,0.237005,RADIAL_COLLAPSE,0.14909043163061142,0.09186838008463383,True,4,4,ok,24,-2
RTC_SC_f2p0_b0p3_m2p5_t90_s3,SC,2.0,0.3,2.5,90,3,failed,1160.640151500702,,no_athdf,0.253028,RADIAL_COLLAPSE,0.159170962870121,0.10677601769566536,True,4,4,ok,26,-2
RTC_SC_f2p0_b0p3_m2p5_t90_s2,SC,2.0,0.3,2.5,90,2,failed,1582.5838403701782,,no_athdf,0.268011,RADIAL_COLLAPSE,0.17921137809753418,0.09609067191680272,True,2,3,ok,27,-2
RTC_SC_f1p5_b2p0_m2p5_t0_s3,SC,1.5,2.0,2.5,0,3,failed,5606.878548622131,,no_athdf,0.363,RADIAL_COLLAPSE,0.2794562131166458,0.14788076529900232,True,4,6,ok,37,-2
RTC_SC_f1p5_b2p0_m2p5_t0_s2,SC,1.5,2.0,2.5,0,2,failed,7204.609953403473,7.239583333333334,ok:5_peaks,0.3300008475780487,FULL,0.24880263209342957,0.09963462821074895,True,5,7,ok,34,-9
RTC_SC_f2p0_b1p0_m2p5_t90_s1,SC,2.0,1.0,2.5,90,1,failed,120.603675365448,,no_athdf,0.26106,RADIAL_COLLAPSE,0.1394234523177147,0.07426721416413784,True,2,4,ok,27,-2
RTC_SC_f2p0_b1p0_m2p5_t90_s2,SC,2.0,1.0,2.5,90,2,failed,105.53021192550659,,no_athdf,0.235098,RADIAL_COLLAPSE,0.14936907589435577,0.07436844892799854,True,2,4,ok,24,-2
RTC_SC_f2p0_b1p0_m2p5_t90_s3,SC,2.0,1.0,2.5,90,3,failed,90.44721174240112,,no_athdf,0.230054,RADIAL_COLLAPSE,0.1391744390130043,0.09168015234172344,True,4,4,ok,24,-2
RTC_SC_f2p0_b0p5_m2p5_t0_s1,SC,2.0,0.5,2.5,0,1,failed,5169.645608663559,,no_athdf,0.345001,RADIAL_COLLAPSE,0.1992054432630539,0.08185934523741405,True,5,9,ok,35,-2
RTC_SC_f2p0_b1p0_m2p5_t0_s1,SC,2.0,1.0,2.5,0,1,failed,5200.048330545425,,no_athdf,0.354002,RADIAL_COLLAPSE,0.20941872894763947,0.0898917027645641,True,5,9,ok,36,-2
RTC_SC_f2p0_b2p0_m2p5_t90_s1,SC,2.0,2.0,2.5,90,1,failed,286.41336154937744,,no_athdf,0.270118,RADIAL_COLLAPSE,0.14923834055662155,0.08685586042702198,True,2,4,ok,28,-2
RTC_SC_f2p0_b2p0_m2p5_t0_s2,SC,2.0,2.0,2.5,0,2,failed,4536.692281484604,,no_athdf,0.322,RADIAL_COLLAPSE,0.2390587329864502,0.10101691207715444,True,5,7,ok,33,-2
RTC_SC_f2p0_b2p0_m2p5_t90_s2,SC,2.0,2.0,2.5,90,2,failed,180.8416042327881,,no_athdf,0.245084,RADIAL_COLLAPSE,0.15970884263515472,0.08476806618273258,True,3,4,ok,25,-2
RTC_SC_f1p5_b0p3_m3p0_t0_s1,SC,1.5,0.3,3.0,0,1,failed,165.80400323867798,,no_athdf,0.291098,RADIAL_COLLAPSE,0.18971436470746994,0.06991210899182729,True,4,7,ok,30,-2
RTC_SC_f2p0_b1p0_m2p5_t0_s2,SC,2.0,1.0,2.5,0,2,failed,7204.281190633774,7.34375,ok:5_peaks,0.320000022649765,FULL,0.23953703790903091,0.09982039353677205,True,5,7,ok,33,-9
RTC_SC_f1p5_b0p3_m3p0_t0_s3,SC,1.5,0.3,3.0,0,3,failed,226.10442733764648,,no_athdf,0.254032,RADIAL_COLLAPSE,0.1797555610537529,0.13195368647575378,True,4,4,ok,26,-2
RTC_SC_f2p0_b1p0_m2p5_t0_s3,SC,2.0,1.0,2.5,0,3,failed,7204.554756641388,6.458333333333334,ok:4_peaks,0.34000036120414734,FULL,0.25876158475875854,0.1394651047885418,True,4,6,ok,35,-9
RTC_SC_f1p5_b0p3_m3p0_t90_s2,SC,1.5,0.3,3.0,90,2,failed,301.4327886104584,,no_athdf,0.256065,RADIAL_COLLAPSE,0.17974897474050522,0.09978749603033066,True,2,3,ok,26,-2
RTC_SC_f2p0_b2p0_m2p5_t0_s1,SC,2.0,2.0,2.5,0,1,failed,7204.294505596161,7.604166666666667,ok:5_peaks,0.3500008285045624,FULL,0.22892192006111145,0.0929559353325102,True,5,9,ok,36,-9
RTC_SC_f1p5_b0p3_m3p0_t90_s3,SC,1.5,0.3,3.0,90,3,failed,376.82592248916626,,no_athdf,0.263051,RADIAL_COLLAPSE,0.18909438699483871,0.12958779372274876,True,3,4,ok,27,-2
RTC_SC_f1p5_b0p3_m3p0_t90_s1,SC,1.5,0.3,3.0,90,1,failed,844.1311182975769,,no_athdf,0.30702,RADIAL_COLLAPSE,0.19994660466909409,0.12992914021015167,True,2,3,ok,31,-2
RTC_SC_f1p5_b0p5_m3p0_t0_s1,SC,1.5,0.5,3.0,0,1,failed,316.5219886302948,,no_athdf,0.306086,RADIAL_COLLAPSE,0.19947554171085358,0.07552493257181984,True,4,7,ok,31,-2
RTC_SC_f1p5_b0p5_m3p0_t90_s1,SC,1.5,0.5,3.0,90,1,failed,753.6710872650146,,no_athdf,0.29403,RADIAL_COLLAPSE,0.1892639547586441,0.0759613573551178,True,2,5,ok,30,-2
RTC_SC_f1p5_b0p5_m3p0_t90_s2,SC,1.5,0.5,3.0,90,2,failed,361.7483620643616,,no_athdf,0.297076,RADIAL_COLLAPSE,0.2197931706905365,0.11492833308875561,True,3,4,ok,30,-2
RTC_SC_f1p5_b0p5_m3p0_t90_s3,SC,1.5,0.5,3.0,90,3,failed,1100.2758843898773,,no_athdf,0.268013,RADIAL_COLLAPSE,0.18910538405179977,0.13668406940996647,True,3,4,ok,27,-2
RTC_SC_f1p5_b0p3_m3p0_t0_s2,SC,1.5,0.3,3.0,0,2,failed,5636.477863073349,,no_athdf,0.318,RADIAL_COLLAPSE,0.23934191465377808,0.0997368682708059,True,5,7,ok,32,-2
RTC_SC_f2p0_b2p0_m2p5_t0_s3,SC,2.0,2.0,2.5,0,3,failed,7204.624557256699,5.9375,ok:4_peaks,0.3500003516674042,FULL,0.26969610899686813,0.14655619487166405,True,4,6,ok,36,-9
RTC_SC_f2p0_b2p0_m2p5_t90_s3,SC,2.0,2.0,2.5,90,3,failed,7204.356601238251,11.979166666666668,ok:4_peaks,0.4500000774860382,FULL,0.36889855563640594,0.15981000382453203,True,4,8,ok,46,-9
RTC_SC_f1p5_b1p0_m3p0_t90_s1,SC,1.5,1.0,3.0,90,1,failed,165.7573480606079,,no_athdf,0.273033,RADIAL_COLLAPSE,0.16989577561616898,0.08976525627076626,True,3,4,ok,28,-2
RTC_SC_f1p5_b0p5_m3p0_t0_s2,SC,1.5,0.5,3.0,0,2,failed,5139.563574075699,,no_athdf,0.289001,RADIAL_COLLAPSE,0.2088853344321251,0.09126586342851321,True,5,6,ok,29,-2
RTC_SC_f1p5_b1p0_m3p0_t90_s3,SC,1.5,1.0,3.0,90,3,failed,256.2468891143799,,no_athdf,0.275027,RADIAL_COLLAPSE,0.19938482344150543,0.14708714745938778,True,3,4,ok,28,-2
RTC_SC_f1p5_b0p5_m3p0_t0_s3,SC,1.5,0.5,3.0,0,3,failed,5561.793528556824,,no_athdf,0.332,RADIAL_COLLAPSE,0.2592986598610878,0.1412095067401727,True,4,6,ok,34,-2
RTC_SC_f1p5_b1p0_m3p0_t0_s1,SC,1.5,1.0,3.0,0,1,failed,4084.4179651737213,,no_athdf,0.339,RADIAL_COLLAPSE,0.22917195409536362,0.08245888818055391,True,5,8,ok,34,-2
RTC_SC_f1p5_b2p0_m3p0_t0_s3,SC,1.5,2.0,3.0,0,3,failed,979.6480922698975,,no_athdf,0.297001,RADIAL_COLLAPSE,0.21871226280927658,0.137295725941658,True,4,5,ok,30,-2
RTC_SC_f1p5_b2p0_m3p0_t90_s1,SC,1.5,2.0,3.0,90,1,failed,256.25468015670776,,no_athdf,0.279038,RADIAL_COLLAPSE,0.16937550157308578,0.07763056606054305,True,4,5,ok,28,-2
RTC_SC_f1p5_b1p0_m3p0_t90_s2,SC,1.5,1.0,3.0,90,2,failed,3270.7820856571198,,no_athdf,0.34,RADIAL_COLLAPSE,0.2688734009861946,0.1069496242063386,True,4,7,ok,35,-2
RTC_SC_f1p5_b1p0_m3p0_t0_s3,SC,1.5,1.0,3.0,0,3,failed,4747.689638376236,,no_athdf,0.332001,RADIAL_COLLAPSE,0.258759044110775,0.14110641678174338,True,4,6,ok,34,-2
RTC_SC_f1p5_b2p0_m3p0_t90_s3,SC,1.5,2.0,3.0,90,3,failed,1145.5124769210815,,no_athdf,0.306002,RADIAL_COLLAPSE,0.22880910336971283,0.14348267167806625,True,3,5,ok,31,-2
RTC_SC_f1p5_b1p0_m3p0_t0_s2,SC,1.5,1.0,3.0,0,2,failed,7203.899165868759,7.34375,ok:5_peaks,0.3000003695487976,FULL,0.2295677810907364,0.09246511225189481,True,5,7,ok,31,-9
RTC_SC_f1p5_b2p0_m3p0_t0_s1,SC,1.5,2.0,3.0,0,1,failed,5033.968791723251,,no_athdf,0.353,RADIAL_COLLAPSE,0.19897543638944626,0.07766279056668282,True,5,10,ok,36,-2
RTC_SC_f2p0_b0p3_m3p0_t0_s1,SC,2.0,0.3,3.0,0,1,failed,2939.303183555603,,no_athdf,0.311,RADIAL_COLLAPSE,0.18993163108825684,0.0848125396296382,True,5,8,ok,32,-2
RTC_SC_f2p0_b0p3_m3p0_t90_s1,SC,2.0,0.3,3.0,90,1,failed,391.8262107372284,,no_athdf,0.265016,RADIAL_COLLAPSE,0.1594107672572136,0.10306805123885472,True,2,3,ok,27,-2
RTC_SC_f2p0_b0p3_m3p0_t90_s2,SC,2.0,0.3,3.0,90,2,failed,301.3912751674652,,no_athdf,0.238033,RADIAL_COLLAPSE,0.15987183898687363,0.09311300267775853,True,2,3,ok,24,-2
RTC_SC_f2p0_b0p5_m3p0_t0_s1,SC,2.0,0.5,3.0,0,1,failed,165.7550811767578,,no_athdf,0.260103,RADIAL_COLLAPSE,0.1598392128944397,0.06675512095292409,True,5,6,ok,27,-2
RTC_SC_f2p0_b0p3_m3p0_t90_s3,SC,2.0,0.3,3.0,90,3,failed,647.9883878231049,,no_athdf,0.242044,RADIAL_COLLAPSE,0.16921459138393402,0.11951801367104053,True,3,4,ok,25,-2
RTC_SC_f1p5_b2p0_m3p0_t0_s2,SC,1.5,2.0,3.0,0,2,failed,7204.714830636978,7.083333333333334,ok:5_peaks,0.31000080704689026,FULL,0.23957762122154236,0.09979934671095439,True,5,7,ok,32,-9
RTC_SC_f2p0_b0p5_m3p0_t90_s1,SC,2.0,0.5,3.0,90,1,failed,135.66883254051208,,no_athdf,0.252032,RADIAL_COLLAPSE,0.14965954422950745,0.07734867557883263,True,2,4,ok,26,-2
RTC_SC_f2p0_b0p5_m3p0_t90_s2,SC,2.0,0.5,3.0,90,2,failed,180.8987603187561,,no_athdf,0.227058,RADIAL_COLLAPSE,0.14993147552013397,0.0722520537674427,True,2,4,ok,23,-2
RTC_SC_f2p0_b0p5_m3p0_t90_s3,SC,2.0,0.5,3.0,90,3,failed,617.9102392196655,,no_athdf,0.231011,RADIAL_COLLAPSE,0.15920861065387726,0.1093225721269846,True,4,4,ok,24,-2
RTC_SC_f1p5_b2p0_m3p0_t90_s2,SC,1.5,2.0,3.0,90,2,failed,7204.030332565308,23.28125,ok:3_peaks,0.4300011396408081,FULL,0.35960154235363007,0.14481239300221205,True,3,8,ok,44,-9
RTC_SC_f2p0_b0p3_m3p0_t0_s2,SC,2.0,0.3,3.0,0,2,failed,6073.714437484741,,no_athdf,0.279,RADIAL_COLLAPSE,0.19941223412752151,0.08976676190892856,True,5,6,ok,28,-2
RTC_SC_f2p0_b0p3_m3p0_t0_s3,SC,2.0,0.3,3.0,0,3,failed,5622.058434009552,,no_athdf,0.316001,RADIAL_COLLAPSE,0.239812932908535,0.12645544608434042,True,4,6,ok,32,-2
RTC_SC_f2p0_b1p0_m3p0_t90_s1,SC,2.0,1.0,3.0,90,1,failed,195.97202324867249,,no_athdf,0.25309,RADIAL_COLLAPSE,0.14921639114618301,0.08185981027781963,True,2,4,ok,26,-2
RTC_SC_f2p0_b1p0_m3p0_t90_s2,SC,2.0,1.0,3.0,90,2,failed,150.76865339279175,,no_athdf,0.222136,RADIAL_COLLAPSE,0.14907217770814896,0.07704736478626728,True,3,4,ok,23,-2
RTC_SC_f2p0_b0p5_m3p0_t0_s3,SC,2.0,0.5,3.0,0,3,failed,6677.49876832962,,no_athdf,0.325,RADIAL_COLLAPSE,0.24939052015542984,0.13309302056829134,True,4,6,ok,33,-2
RTC_SC_f2p0_b0p5_m3p0_t0_s2,SC,2.0,0.5,3.0,0,2,failed,7174.311679363251,,no_athdf,0.29,RADIAL_COLLAPSE,0.21897930651903152,0.09259604236909322,True,5,7,ok,30,-2
RTC_SC_f2p0_b1p0_m3p0_t90_s3,SC,2.0,1.0,3.0,90,3,failed,2230.675854921341,,no_athdf,0.312,RADIAL_COLLAPSE,0.23945803940296173,0.12459160263339679,True,4,6,ok,32,-2
RTC_SC_f2p0_b1p0_m3p0_t0_s1,SC,2.0,1.0,3.0,0,1,failed,5018.570448637009,,no_athdf,0.330001,RADIAL_COLLAPSE,0.2094511315226555,0.08652355190780428,True,5,9,ok,34,-2
RTC_SC_f2p0_b2p0_m3p0_t90_s1,SC,2.0,2.0,3.0,90,1,failed,633.1388721466064,,no_athdf,0.262016,RADIAL_COLLAPSE,0.1597350314259529,0.07377213090658188,True,3,5,ok,27,-2
RTC_SC_f2p0_b2p0_m3p0_t90_s2,SC,2.0,2.0,3.0,90,2,failed,150.75916934013367,,no_athdf,0.229046,RADIAL_COLLAPSE,0.14980540424585342,0.06777890920639038,True,3,5,ok,23,-2
RTC_SC_f2p0_b2p0_m3p0_t90_s3,SC,2.0,2.0,3.0,90,3,failed,376.886146068573,,no_athdf,0.233048,RADIAL_COLLAPSE,0.15898682177066803,0.11188894137740135,True,4,4,ok,24,-2
RTC_SC_f1p5_b0p3_m3p5_t0_s1,SC,1.5,0.3,3.5,0,1,failed,663.0463643074036,,no_athdf,0.297,RADIAL_COLLAPSE,0.19933396577835083,0.07821001218897956,True,4,7,ok,30,-2
RTC_SC_f1p5_b0p3_m3p5_t0_s2,SC,1.5,0.3,3.5,0,2,failed,256.26136922836304,,no_athdf,0.246011,RADIAL_COLLAPSE,0.17930493131279945,0.07644570929308732,True,4,6,ok,25,-2
RTC_SC_f1p5_b0p3_m3p5_t0_s3,SC,1.5,0.3,3.5,0,3,failed,376.7266068458557,,no_athdf,0.244062,RADIAL_COLLAPSE,0.17962050810456276,0.13682656828314066,True,4,4,ok,25,-2
RTC_SC_f2p0_b1p0_m3p0_t0_s3,SC,2.0,1.0,3.0,0,3,failed,6752.699666023254,,no_athdf,0.33,RADIAL_COLLAPSE,0.2588677778840065,0.1395503245294094,True,4,6,ok,34,-2
RTC_SC_f2p0_b1p0_m3p0_t0_s2,SC,2.0,1.0,3.0,0,2,failed,7204.299028158188,6.927083333333334,ok:5_peaks,0.3100028932094574,FULL,0.23967641592025757,0.10540875579629626,True,5,7,ok,32,-9
RTC_SC_f1p5_b0p3_m3p5_t90_s2,SC,1.5,0.3,3.5,90,2,failed,271.2923231124878,,no_athdf,0.250056,RADIAL_COLLAPSE,0.1894354671239853,0.08989876694977283,True,3,4,ok,26,-2
RTC_SC_f2p0_b2p0_m3p0_t0_s1,SC,2.0,2.0,3.0,0,1,failed,4009.070337295532,,no_athdf,0.347,RADIAL_COLLAPSE,0.21979496628046036,0.09323877427313063,True,5,9,ok,35,-2
RTC_SC_f1p5_b0p3_m3p5_t90_s3,SC,1.5,0.3,3.5,90,3,failed,211.03515696525574,,no_athdf,0.251012,RADIAL_COLLAPSE,0.18981359899044037,0.13225809298455715,True,3,4,ok,26,-2
RTC_SC_f1p5_b0p3_m3p5_t90_s1,SC,1.5,0.3,3.5,90,1,failed,1386.5474197864532,,no_athdf,0.294005,RADIAL_COLLAPSE,0.19928722083568573,0.10235828533768654,True,2,4,ok,30,-2
RTC_SC_f1p5_b0p5_m3p5_t0_s2,SC,1.5,0.5,3.5,0,2,failed,1446.9148936271667,,no_athdf,0.247,RADIAL_COLLAPSE,0.17946697771549225,0.0763986421128114,True,4,6,ok,25,-2
RTC_SC_f1p5_b0p5_m3p5_t90_s2,SC,1.5,0.5,3.5,90,2,failed,316.51725459098816,,no_athdf,0.240093,RADIAL_COLLAPSE,0.1800626441836357,0.09251539036631584,True,3,4,ok,25,-2
RTC_SC_f2p0_b2p0_m3p0_t0_s3,SC,2.0,2.0,3.0,0,3,failed,5772.175700426102,,no_athdf,0.333001,RADIAL_COLLAPSE,0.25887778401374817,0.14118541032075882,True,4,6,ok,34,-2
RTC_SC_f1p5_b0p5_m3p5_t0_s1,SC,1.5,0.5,3.5,0,1,failed,2290.965801000595,,no_athdf,0.307001,RADIAL_COLLAPSE,0.20967119187116623,0.08398193546703883,True,5,7,ok,31,-2
RTC_SC_f1p5_b0p5_m3p5_t90_s1,SC,1.5,0.5,3.5,90,1,failed,2652.6068546772003,,no_athdf,0.337,RADIAL_COLLAPSE,0.23914159834384918,0.07975356812988009,True,3,7,ok,34,-2
RTC_SC_f2p0_b2p0_m3p0_t0_s2,SC,2.0,2.0,3.0,0,2,failed,7204.487574100494,7.03125,ok:5_peaks,0.3100014626979828,FULL,0.23975283652544022,0.10680441451924187,True,5,7,ok,32,-9
RTC_SC_f1p5_b1p0_m3p5_t90_s1,SC,1.5,1.0,3.5,90,1,failed,271.3252022266388,,no_athdf,0.262001,RADIAL_COLLAPSE,0.1693049892783165,0.07776144444942475,True,3,5,ok,27,-2
RTC_SC_f1p5_b0p5_m3p5_t0_s3,SC,1.5,0.5,3.5,0,3,failed,3903.5045158863068,,no_athdf,0.309,RADIAL_COLLAPSE,0.2398836314678192,0.12811468914151192,True,4,6,ok,31,-2
RTC_SC_f1p5_b1p0_m3p5_t0_s1,SC,1.5,1.0,3.5,0,1,failed,1989.6410777568817,,no_athdf,0.311,RADIAL_COLLAPSE,0.21903925389051437,0.07962960936129093,True,5,8,ok,32,-2
RTC_SC_f1p5_b1p0_m3p5_t90_s3,SC,1.5,1.0,3.5,90,3,failed,241.1957459449768,,no_athdf,0.232022,RADIAL_COLLAPSE,0.16908535733819008,0.1219816179946065,True,4,4,ok,24,-2
RTC_SC_f1p5_b1p0_m3p5_t90_s2,SC,1.5,1.0,3.5,90,2,failed,512.4306857585907,,no_athdf,0.251,RADIAL_COLLAPSE,0.18978796526789665,0.08970124647021294,True,4,5,ok,26,-2
RTC_SC_f1p5_b0p5_m3p5_t90_s3,SC,1.5,0.5,3.5,90,3,failed,3994.2244794368744,,no_athdf,0.427,RADIAL_COLLAPSE,0.35936155915260315,0.1915780007839203,True,2,5,ok,43,-2
RTC_SC_f1p5_b2p0_m3p5_t90_s1,SC,1.5,2.0,3.5,90,1,failed,180.86066484451294,,no_athdf,0.270031,RADIAL_COLLAPSE,0.17917383462190628,0.07483845949172974,True,4,6,ok,28,-2
RTC_SC_f1p5_b2p0_m3p5_t0_s1,SC,1.5,2.0,3.5,0,1,failed,2034.7297790050507,,no_athdf,0.312,RADIAL_COLLAPSE,0.21930716186761856,0.07971703074872494,True,5,8,ok,32,-2
RTC_SC_f1p5_b2p0_m3p5_t90_s2,SC,1.5,2.0,3.5,90,2,failed,241.20581889152527,,no_athdf,0.238071,RADIAL_COLLAPSE,0.16975294798612595,0.07794496417045593,True,3,5,ok,24,-2
RTC_SC_f1p5_b2p0_m3p5_t90_s3,SC,1.5,2.0,3.5,90,3,failed,813.930876493454,,no_athdf,0.281062,RADIAL_COLLAPSE,0.21908212453126907,0.1337009221315384,True,3,5,ok,29,-2
RTC_SC_f2p0_b0p3_m3p5_t0_s2,SC,2.0,0.3,3.5,0,2,failed,226.0734314918518,,no_athdf,0.235001,RADIAL_COLLAPSE,0.16937484219670296,0.07152620889246464,True,4,6,ok,24,-2
RTC_SC_f1p5_b1p0_m3p5_t0_s3,SC,1.5,1.0,3.5,0,3,failed,4084.4789254665375,,no_athdf,0.311001,RADIAL_COLLAPSE,0.2489982806146145,0.13626934525867304,True,4,6,ok,32,-2
RTC_SC_f2p0_b0p3_m3p5_t90_s1,SC,2.0,0.3,3.5,90,1,failed,406.975111246109,,no_athdf,0.261011,RADIAL_COLLAPSE,0.16958238184452057,0.08730001375079155,True,2,4,ok,27,-2
RTC_SC_f2p0_b0p3_m3p5_t90_s2,SC,2.0,0.3,3.5,90,2,failed,271.33537101745605,,no_athdf,0.224026,RADIAL_COLLAPSE,0.15947727859020233,0.09621550639470418,True,3,3,ok,23,-2
RTC_SC_f2p0_b0p3_m3p5_t90_s3,SC,2.0,0.3,3.5,90,3,failed,331.6064088344574,,no_athdf,0.231045,RADIAL_COLLAPSE,0.16993200033903122,0.1195004228502512,True,3,4,ok,24,-2
RTC_SC_f1p5_b1p0_m3p5_t0_s2,SC,1.5,1.0,3.5,0,2,failed,7204.3080241680145,7.291666666666667,ok:5_peaks,0.28000059723854065,FULL,0.21969370543956757,0.09130862142358508,True,5,7,ok,29,-9
RTC_SC_f1p5_b2p0_m3p5_t0_s3,SC,1.5,2.0,3.5,0,3,failed,5350.8236339092255,,no_athdf,0.32,RADIAL_COLLAPSE,0.2594590298831463,0.1429654179761807,True,4,6,ok,33,-2
RTC_SC_f2p0_b0p3_m3p5_t0_s1,SC,2.0,0.3,3.5,0,1,failed,3556.7508959770203,,no_athdf,0.302,RADIAL_COLLAPSE,0.20951202511787415,0.07656880136993197,True,5,9,ok,31,-2
RTC_SC_f2p0_b0p5_m3p5_t90_s1,SC,2.0,0.5,3.5,90,1,failed,437.127165555954,,no_athdf,0.25502,RADIAL_COLLAPSE,0.1595286950469017,0.08466518111526966,True,4,4,ok,26,-2
RTC_SC_f2p0_b0p5_m3p5_t90_s2,SC,2.0,0.5,3.5,90,2,failed,120.59048223495483,,no_athdf,0.209025,RADIAL_COLLAPSE,0.13915253430604935,0.08612057814995448,True,2,3,ok,21,-2
RTC_SC_f2p0_b0p5_m3p5_t0_s1,SC,2.0,0.5,3.5,0,1,failed,2728.215410232544,,no_athdf,0.299001,RADIAL_COLLAPSE,0.19988535344600677,0.07997044362127781,True,5,8,ok,30,-2
RTC_SC_f1p5_b2p0_m3p5_t0_s2,SC,1.5,2.0,3.5,0,2,failed,7204.703124284744,7.083333333333334,ok:5_peaks,0.290000319480896,FULL,0.22901811078190804,0.09823612176946231,True,5,7,ok,30,-9
RTC_SC_f2p0_b1p0_m3p5_t0_s1,SC,2.0,1.0,3.5,0,1,failed,2456.799238204956,,no_athdf,0.303001,RADIAL_COLLAPSE,0.17928577959537506,0.06870727315545082,True,5,10,ok,31,-2
RTC_SC_f2p0_b0p3_m3p5_t0_s3,SC,2.0,0.3,3.5,0,3,failed,7204.752239704132,6.979166666666667,ok:4_peaks,0.29000043869018555,FULL,0.22966966032981873,0.12143141652146976,True,4,6,ok,30,-9
RTC_SC_f2p0_b0p5_m3p5_t0_s3,SC,2.0,0.5,3.5,0,3,failed,4974.16904258728,,no_athdf,0.303,RADIAL_COLLAPSE,0.23994504287838936,0.12970776172975698,True,4,6,ok,31,-2
RTC_SC_f2p0_b1p0_m3p5_t90_s2,SC,2.0,1.0,3.5,90,2,failed,331.59195351600647,,no_athdf,0.21201,RADIAL_COLLAPSE,0.1498410999774933,0.06574046313762665,True,3,5,ok,22,-2
RTC_SC_f2p0_b1p0_m3p5_t90_s3,SC,2.0,1.0,3.5,90,3,failed,211.0090847015381,,no_athdf,0.214178,RADIAL_COLLAPSE,0.14920205622911453,0.10437433049082756,True,4,4,ok,22,-2
RTC_SC_f2p0_b0p5_m3p5_t0_s2,SC,2.0,0.5,3.5,0,2,failed,7204.297220945358,7.34375,ok:5_peaks,0.2700001001358032,FULL,0.20951887965202332,0.08687058091163635,True,5,7,ok,28,-9
RTC_SC_f2p0_b0p5_m3p5_t90_s3,SC,2.0,0.5,3.5,90,3,failed,7204.350717306137,15.3125,ok:3_peaks,0.3600006103515625,FULL,0.2994457818567753,0.1479433880498012,True,3,6,ok,37,-9
RTC_SC_f2p0_b2p0_m3p5_t0_s1,SC,2.0,2.0,3.5,0,1,failed,2366.340317964554,,no_athdf,0.311,RADIAL_COLLAPSE,0.20946422964334488,0.08323017838928434,True,5,9,ok,32,-2
RTC_SC_f2p0_b2p0_m3p5_t90_s1,SC,2.0,2.0,3.5,90,1,failed,211.00187420845032,,no_athdf,0.258039,RADIAL_COLLAPSE,0.15945077687501907,0.07783608585596084,True,4,5,ok,26,-2
RTC_SC_f2p0_b2p0_m3p5_t90_s2,SC,2.0,2.0,3.5,90,2,failed,195.97165322303772,,no_athdf,0.223066,RADIAL_COLLAPSE,0.15981243178248405,0.07387931868433953,True,3,5,ok,23,-2
RTC_SC_f2p0_b2p0_m3p5_t90_s3,SC,2.0,2.0,3.5,90,3,failed,241.07170987129211,,no_athdf,0.222028,RADIAL_COLLAPSE,0.15913542360067368,0.11450547352433205,True,4,4,ok,23,-2
RTC_SC_f2p0_b1p0_m3p5_t0_s3,SC,2.0,1.0,3.5,0,3,failed,5064.376118898392,,no_athdf,0.308001,RADIAL_COLLAPSE,0.2390703558921814,0.12956306710839272,True,4,6,ok,31,-2
RTC_SC_f1p5_b0p3_m4p0_t0_s2,SC,1.5,0.3,4.0,0,2,failed,120.55865955352783,,no_athdf,0.227065,RADIAL_COLLAPSE,0.16925176978111267,0.06972234199444453,True,4,6,ok,23,-2
RTC_SC_f2p0_b1p0_m3p5_t0_s2,SC,2.0,1.0,3.5,0,2,failed,7204.463657855988,7.083333333333334,ok:5_peaks,0.2800006866455078,FULL,0.21976419165730476,0.09405851417354175,True,5,7,ok,29,-9
RTC_SC_f1p5_b0p3_m4p0_t0_s3,SC,1.5,0.3,4.0,0,3,failed,1341.55370926857,,no_athdf,0.281004,RADIAL_COLLAPSE,0.21941795200109482,0.11979275445143382,True,4,6,ok,29,-2
RTC_SC_f1p5_b0p3_m4p0_t90_s2,SC,1.5,0.3,4.0,90,2,failed,211.04965591430664,,no_athdf,0.237038,RADIAL_COLLAPSE,0.17921028286218643,0.08730238117277622,True,3,4,ok,24,-2
RTC_SC_f1p5_b0p3_m4p0_t0_s1,SC,1.5,0.3,4.0,0,1,failed,2140.089234352112,,no_athdf,0.287,RADIAL_COLLAPSE,0.19974054396152496,0.08122107918773379,True,4,7,ok,29,-2
RTC_SC_f1p5_b0p3_m4p0_t90_s3,SC,1.5,0.3,4.0,90,3,failed,241.20339345932007,,no_athdf,0.246019,RADIAL_COLLAPSE,0.17955517023801804,0.13238364458084106,True,3,4,ok,25,-2
RTC_SC_f1p5_b0p5_m4p0_t0_s2,SC,1.5,0.5,4.0,0,2,failed,241.20252656936646,,no_athdf,0.23201,RADIAL_COLLAPSE,0.16975438967347145,0.07658188976347446,True,4,6,ok,24,-2
RTC_SC_f2p0_b1p0_m3p5_t90_s1,SC,2.0,1.0,3.5,90,1,failed,6299.977600812912,,no_athdf,0.395,RADIAL_COLLAPSE,0.2995355501770973,0.12849972676485777,True,5,8,ok,40,-2
RTC_SC_f1p5_b0p5_m4p0_t90_s1,SC,1.5,0.5,4.0,90,1,failed,391.80349254608154,,no_athdf,0.272034,RADIAL_COLLAPSE,0.18984650075435638,0.07164579009016354,True,3,6,ok,28,-2
RTC_SC_f1p5_b0p5_m4p0_t90_s2,SC,1.5,0.5,4.0,90,2,failed,331.51472091674805,,no_athdf,0.242048,RADIAL_COLLAPSE,0.18939582630991936,0.10485463123768568,True,4,4,ok,25,-2
RTC_SC_f1p5_b0p3_m4p0_t90_s1,SC,1.5,0.3,4.0,90,1,failed,2803.583065509796,,no_athdf,0.29704,RADIAL_COLLAPSE,0.2094801813364029,0.10478271171450615,True,2,4,ok,30,-2
RTC_SC_f1p5_b0p5_m4p0_t90_s3,SC,1.5,0.5,4.0,90,3,failed,678.3305177688599,,no_athdf,0.234023,RADIAL_COLLAPSE,0.16916028410196304,0.12966081500053406,True,3,4,ok,24,-2
RTC_SC_f1p5_b1p0_m4p0_t0_s1,SC,1.5,1.0,4.0,0,1,failed,1160.5008668899536,,no_athdf,0.285,RADIAL_COLLAPSE,0.19974789768457413,0.08261643350124359,True,4,7,ok,29,-2
RTC_SC_f2p0_b2p0_m3p5_t0_s2,SC,2.0,2.0,3.5,0,2,failed,7204.386207580566,6.979166666666667,ok:5_peaks,0.2900010049343109,FULL,0.22913623228669167,0.10109151527285576,True,5,7,ok,30,-9
RTC_SC_f1p5_b1p0_m4p0_t90_s1,SC,1.5,1.0,4.0,90,1,failed,286.3599503040314,,no_athdf,0.254063,RADIAL_COLLAPSE,0.16960053890943527,0.06658953552444775,True,3,6,ok,26,-2
RTC_SC_f2p0_b2p0_m3p5_t0_s3,SC,2.0,2.0,3.5,0,3,failed,6782.497953891754,,no_athdf,0.32,RADIAL_COLLAPSE,0.25957003235816956,0.1430141714711984,True,4,6,ok,33,-2
RTC_SC_f1p5_b1p0_m4p0_t90_s3,SC,1.5,1.0,4.0,90,3,failed,150.64568567276,,no_athdf,0.22602,RADIAL_COLLAPSE,0.15991583466529846,0.12457718327641487,True,4,4,ok,23,-2
RTC_SC_f1p5_b1p0_m4p0_t90_s2,SC,1.5,1.0,4.0,90,2,failed,497.39640069007874,,no_athdf,0.23307,RADIAL_COLLAPSE,0.16991958394646645,0.07996340319514275,True,4,5,ok,24,-2
RTC_SC_f1p5_b2p0_m4p0_t0_s2,SC,1.5,2.0,4.0,0,2,failed,572.7170011997223,,no_athdf,0.235,RADIAL_COLLAPSE,0.16924862191081047,0.07480738125741482,True,4,6,ok,24,-2
RTC_SC_f1p5_b1p0_m4p0_t0_s3,SC,1.5,1.0,4.0,0,3,failed,4913.449112415314,,no_athdf,0.284,RADIAL_COLLAPSE,0.2198701649904251,0.11971503371993701,True,4,6,ok,29,-2
RTC_SC_f1p5_b0p5_m4p0_t0_s1,SC,1.5,0.5,4.0,0,1,failed,7204.64532828331,13.229166666666668,ok:4_peaks,0.2700332701206207,FULL,0.18978779762983322,0.0769564179437501,True,4,7,ok,28,-9
RTC_SC_f1p5_b2p0_m4p0_t90_s1,SC,1.5,2.0,4.0,90,1,failed,195.71323013305664,,no_athdf,0.257087,RADIAL_COLLAPSE,0.1698302999138832,0.07147599756717682,True,4,6,ok,26,-2
RTC_SC_f1p5_b2p0_m4p0_t90_s3,SC,1.5,2.0,4.0,90,3,failed,120.5481960773468,,no_athdf,0.225065,RADIAL_COLLAPSE,0.1599532775580883,0.12469042930752039,True,4,4,ok,23,-2
RTC_SC_f1p5_b0p5_m4p0_t0_s3,SC,1.5,0.5,4.0,0,3,failed,7204.724778413773,15.260416666666668,ok:3_peaks,0.2300025224685669,FULL,0.16963773220777512,0.1345322448760271,True,3,4,ok,24,-9
RTC_SC_f2p0_b0p3_m4p0_t0_s2,SC,2.0,0.3,4.0,0,2,failed,346.7131841182709,,no_athdf,0.228001,RADIAL_COLLAPSE,0.1693386361002922,0.07323029761513074,True,4,6,ok,23,-2
RTC_SC_f1p5_b1p0_m4p0_t0_s2,SC,1.5,1.0,4.0,0,2,failed,6360.519306898117,,no_athdf,0.269001,RADIAL_COLLAPSE,0.19982855394482613,0.08558612582939011,True,5,7,ok,27,-2
RTC_SC_f2p0_b0p3_m4p0_t90_s1,SC,2.0,0.3,4.0,90,1,failed,587.8015942573547,,no_athdf,0.24901,RADIAL_COLLAPSE,0.1596945896744728,0.08215860091149807,True,2,4,ok,25,-2
RTC_SC_f2p0_b0p3_m4p0_t0_s3,SC,2.0,0.3,4.0,0,3,failed,1039.9507293701172,,no_athdf,0.261055,RADIAL_COLLAPSE,0.19946836680173874,0.1296577587723732,True,4,5,ok,27,-2
RTC_SC_f2p0_b0p3_m4p0_t90_s2,SC,2.0,0.3,4.0,90,2,failed,226.13819217681885,,no_athdf,0.220032,RADIAL_COLLAPSE,0.16922761872410774,0.06974227353930473,True,3,5,ok,23,-2
RTC_SC_f2p0_b0p3_m4p0_t90_s3,SC,2.0,0.3,4.0,90,3,failed,346.72262835502625,,no_athdf,0.227024,RADIAL_COLLAPSE,0.15963561460375786,0.11966713797301054,True,3,4,ok,23,-2
RTC_SC_f2p0_b0p5_m4p0_t0_s2,SC,2.0,0.5,4.0,0,2,failed,180.9002366065979,,no_athdf,0.219,RADIAL_COLLAPSE,0.1592070646584034,0.07975853607058525,True,4,5,ok,22,-2
RTC_SC_f2p0_b0p3_m4p0_t0_s1,SC,2.0,0.3,4.0,0,1,failed,2938.9574105739594,,no_athdf,0.281001,RADIAL_COLLAPSE,0.19989610463380814,0.07611212879419327,True,5,8,ok,29,-2
RTC_SC_f2p0_b0p5_m4p0_t90_s1,SC,2.0,0.5,4.0,90,1,failed,587.746383190155,,no_athdf,0.247029,RADIAL_COLLAPSE,0.15921258181333542,0.06965679526329041,True,3,5,ok,25,-2
RTC_SC_f2p0_b0p5_m4p0_t90_s2,SC,2.0,0.5,4.0,90,2,failed,226.1048548221588,,no_athdf,0.210063,RADIAL_COLLAPSE,0.15938138589262962,0.08230351004749537,True,3,4,ok,22,-2
RTC_SC_f1p5_b2p0_m4p0_t0_s1,SC,1.5,2.0,4.0,0,1,failed,7204.866114139557,12.8125,ok:4_peaks,0.2800000309944153,FULL,0.1993779018521309,0.08275270249162402,True,4,7,ok,29,-9
RTC_SC_f2p0_b0p5_m4p0_t0_s1,SC,2.0,0.5,4.0,0,1,failed,2366.1097009181976,,no_athdf,0.285,RADIAL_COLLAPSE,0.19991569966077805,0.07738354802131653,True,5,8,ok,29,-2
RTC_SC_f1p5_b2p0_m4p0_t90_s2,SC,1.5,2.0,4.0,90,2,failed,4160.131836175919,,no_athdf,0.373005,RADIAL_COLLAPSE,0.30983346700668335,0.14706332875149591,True,3,7,ok,38,-2
RTC_SC_f2p0_b0p5_m4p0_t90_s3,SC,2.0,0.5,4.0,90,3,failed,226.0589792728424,,no_athdf,0.209008,RADIAL_COLLAPSE,0.13928547874093056,0.10464542079716921,True,4,4,ok,21,-2
RTC_SC_f2p0_b1p0_m4p0_t90_s1,SC,2.0,1.0,4.0,90,1,failed,482.2430009841919,,no_athdf,0.242037,RADIAL_COLLAPSE,0.15978004783391953,0.06639014805356662,True,3,6,ok,25,-2
RTC_SC_f1p5_b2p0_m4p0_t0_s3,SC,1.5,2.0,4.0,0,3,failed,7204.268998146057,6.041666666666667,ok:4_peaks,0.2900000512599945,FULL,0.22923554852604866,0.12634505269428095,True,4,6,ok,30,-9
RTC_SC_f2p0_b1p0_m4p0_t90_s2,SC,2.0,1.0,4.0,90,2,failed,120.6033582687378,,no_athdf,0.204008,RADIAL_COLLAPSE,0.14000533893704414,0.06576230749487877,True,3,5,ok,21,-2
RTC_SC_f2p0_b0p5_m4p0_t0_s3,SC,2.0,0.5,4.0,0,3,failed,3677.643506526947,,no_athdf,0.287,RADIAL_COLLAPSE,0.2197120599448681,0.1214305441826582,True,4,6,ok,29,-2
RTC_SC_f2p0_b1p0_m4p0_t90_s3,SC,2.0,1.0,4.0,90,3,failed,2396.2702538967133,,no_athdf,0.290065,RADIAL_COLLAPSE,0.23006121441721916,0.12323147368927796,True,4,6,ok,30,-2
RTC_SC_f2p0_b1p0_m4p0_t0_s1,SC,2.0,1.0,4.0,0,1,failed,3330.544455766678,,no_athdf,0.295001,RADIAL_COLLAPSE,0.20992320030927658,0.07439234770006603,True,5,9,ok,30,-2
RTC_SC_f2p0_b2p0_m4p0_t90_s1,SC,2.0,2.0,4.0,90,1,failed,150.72252702713013,,no_athdf,0.240037,RADIAL_COLLAPSE,0.1591401919722557,0.06641993795831998,True,4,6,ok,25,-2
RTC_SC_f2p0_b2p0_m4p0_t0_s1,SC,2.0,2.0,4.0,0,1,failed,4355.9637949466705,,no_athdf,0.309,RADIAL_COLLAPSE,0.17963581532239914,0.0718726672232151,True,5,10,ok,31,-2
RTC_SC_f2p0_b1p0_m4p0_t0_s3,SC,2.0,1.0,4.0,0,3,failed,5199.775068283081,,no_athdf,0.289,RADIAL_COLLAPSE,0.21994388848543167,0.12146269157528877,True,4,6,ok,29,-2
RTC_SC_f2p0_b2p0_m4p0_t90_s3,SC,2.0,2.0,4.0,90,3,failed,150.7411026954651,,no_athdf,0.210056,RADIAL_COLLAPSE,0.150020781904459,0.11486160662025213,True,4,4,ok,22,-2
RTC_SC_f2p0_b2p0_m4p0_t0_s3,SC,2.0,2.0,4.0,0,3,failed,2411.4513030052185,,no_athdf,0.284,RADIAL_COLLAPSE,0.2193589173257351,0.12303979508578777,True,4,6,ok,29,-2
RTC_PF_f1p0_b0p3_m2p0_t90_s1,PF,1.0,0.3,2.0,90,1,failed,406.91811966896057,,no_athdf,0.368,RADIAL_COLLAPSE,0.21957512199878693,0.14291473726431528,True,2,3,ok,37,-2
RTC_PF_f1p0_b0p3_m2p0_t90_s2,PF,1.0,0.3,2.0,90,2,failed,406.9481589794159,,no_athdf,0.338033,RADIAL_COLLAPSE,0.22992512583732605,0.10996200144290924,True,2,3,ok,34,-2
RTC_SC_f2p0_b2p0_m4p0_t90_s2,SC,2.0,2.0,4.0,90,2,failed,2306.080363512039,,no_athdf,0.306002,RADIAL_COLLAPSE,0.2399240955710411,0.10847417158739907,True,4,7,ok,31,-2
RTC_PF_f1p0_b0p3_m2p0_t90_s3,PF,1.0,0.3,2.0,90,3,failed,301.3743131160736,,no_athdf,0.339035,RADIAL_COLLAPSE,0.22925028949975967,0.1347117517143488,True,3,4,ok,34,-2
RTC_PF_f1p0_b0p5_m2p0_t90_s1,PF,1.0,0.5,2.0,90,1,failed,271.24942111968994,,no_athdf,0.358034,RADIAL_COLLAPSE,0.20956794917583466,0.13320513566335043,True,2,3,ok,36,-2
RTC_PF_f1p0_b0p5_m2p0_t90_s2,PF,1.0,0.5,2.0,90,2,failed,301.4752585887909,,no_athdf,0.331019,RADIAL_COLLAPSE,0.22906926274299622,0.09953729063272476,True,3,4,ok,34,-2
RTC_PF_f1p0_b1p0_m2p0_t90_s3,PF,1.0,1.0,2.0,90,3,failed,135.68041110038757,,no_athdf,0.30607,RADIAL_COLLAPSE,0.1990954726934433,0.13679750636219978,True,4,4,ok,31,-2
RTC_PF_f1p0_b1p0_m2p0_t90_s2,PF,1.0,1.0,2.0,90,2,failed,241.20647978782654,,no_athdf,0.307027,RADIAL_COLLAPSE,0.19998924434185028,0.11982363959153493,True,3,3,ok,31,-2
RTC_PF_f1p0_b1p0_m2p0_t90_s1,PF,1.0,1.0,2.0,90,1,failed,376.86809515953064,,no_athdf,0.336014,RADIAL_COLLAPSE,0.19006970524787903,0.0946120172739029,True,2,4,ok,34,-2
RTC_PF_f1p0_b2p0_m2p0_t90_s1,PF,1.0,2.0,2.0,90,1,failed,120.60877561569214,,no_athdf,0.337036,RADIAL_COLLAPSE,0.18887144327163696,0.09929632022976875,True,3,4,ok,34,-2
RTC_PF_f1p0_b2p0_m2p0_t90_s2,PF,1.0,2.0,2.0,90,2,failed,180.9126214981079,,no_athdf,0.299154,RADIAL_COLLAPSE,0.18945297598838806,0.0924709104001522,True,3,4,ok,30,-2
RTC_PF_f1p2_b0p3_m2p0_t90_s2,PF,1.2,0.3,2.0,90,2,failed,180.8919005393982,,no_athdf,0.310024,RADIAL_COLLAPSE,0.2088250145316124,0.09928254534800847,True,2,3,ok,32,-2
RTC_PF_f1p0_b2p0_m2p0_t90_s3,PF,1.0,2.0,2.0,90,3,failed,497.43213510513306,,no_athdf,0.357013,RADIAL_COLLAPSE,0.24840600788593292,0.1791374683380127,True,3,4,ok,36,-2
RTC_PF_f1p2_b0p3_m2p0_t90_s1,PF,1.2,0.3,2.0,90,1,failed,467.2719466686249,,no_athdf,0.353022,RADIAL_COLLAPSE,0.20996402204036713,0.13656583428382874,True,2,3,ok,36,-2
RTC_PF_f1p2_b0p3_m2p0_t90_s3,PF,1.2,0.3,2.0,90,3,failed,286.3595733642578,,no_athdf,0.316057,RADIAL_COLLAPSE,0.20936135202646255,0.12183641828596592,True,3,4,ok,32,-2
RTC_PF_f1p0_b0p5_m2p0_t90_s3,PF,1.0,0.5,2.0,90,3,failed,1039.9114081859589,,no_athdf,0.358011,RADIAL_COLLAPSE,0.24968358129262924,0.1669881585985422,True,2,4,ok,36,-2
RTC_PF_f1p2_b0p5_m2p0_t90_s2,PF,1.2,0.5,2.0,90,2,failed,286.37636065483093,,no_athdf,0.298042,RADIAL_COLLAPSE,0.18927010893821716,0.10286598900953929,True,2,3,ok,30,-2
RTC_PF_f1p2_b1p0_m2p0_t90_s1,PF,1.2,1.0,2.0,90,1,failed,195.98470830917358,,no_athdf,0.322091,RADIAL_COLLAPSE,0.17910489439964294,0.0897093340754509,True,2,4,ok,33,-2
RTC_PF_f1p2_b0p5_m2p0_t90_s1,PF,1.2,0.5,2.0,90,1,failed,391.8968126773834,,no_athdf,0.348017,RADIAL_COLLAPSE,0.1999143809080124,0.12978318333625793,True,2,3,ok,35,-2
RTC_PF_f1p2_b0p5_m2p0_t90_s3,PF,1.2,0.5,2.0,90,3,failed,301.3859643936157,,no_athdf,0.306019,RADIAL_COLLAPSE,0.1998443901538849,0.13201086968183517,True,3,4,ok,31,-2
RTC_SC_f2p0_b1p0_m4p0_t0_s2,SC,2.0,1.0,4.0,0,2,failed,7204.408929824829,7.239583333333334,ok:5_peaks,0.26000118255615234,FULL,0.1999015286564827,0.08837195805140904,True,5,7,ok,27,-9
RTC_PF_f1p2_b2p0_m2p0_t90_s1,PF,1.2,2.0,2.0,90,1,failed,150.7471148967743,,no_athdf,0.322151,RADIAL_COLLAPSE,0.1793513298034668,0.09707643464207649,True,2,4,ok,33,-2
RTC_PF_f1p2_b2p0_m2p0_t90_s2,PF,1.2,2.0,2.0,90,2,failed,135.62370419502258,,no_athdf,0.287023,RADIAL_COLLAPSE,0.1795596107840538,0.08979061804711819,True,3,4,ok,29,-2
RTC_PF_f1p2_b1p0_m2p0_t90_s2,PF,1.2,1.0,2.0,90,2,failed,241.16314601898193,,no_athdf,0.287097,RADIAL_COLLAPSE,0.17866642028093338,0.1096470629175504,True,2,3,ok,29,-2
RTC_PF_f1p5_b0p3_m2p0_t90_s2,PF,1.5,0.3,2.0,90,2,failed,512.4566993713379,,no_athdf,0.292011,RADIAL_COLLAPSE,0.1890573501586914,0.0930938720703125,True,2,3,ok,30,-2
RTC_PF_f1p5_b0p3_m2p0_t90_s3,PF,1.5,0.3,2.0,90,3,failed,512.4663279056549,,no_athdf,0.297029,RADIAL_COLLAPSE,0.18959956616163254,0.1120834369212389,True,3,4,ok,30,-2
RTC_PF_f1p2_b1p0_m2p0_t90_s3,PF,1.2,1.0,2.0,90,3,failed,753.6351494789124,,no_athdf,0.306032,RADIAL_COLLAPSE,0.19925415515899658,0.13687439635396004,True,4,4,ok,31,-2
RTC_PF_f1p5_b0p3_m2p0_t90_s1,PF,1.5,0.3,2.0,90,1,failed,557.7778389453888,,no_athdf,0.333042,RADIAL_COLLAPSE,0.1894897222518921,0.1795457899570465,True,3,2,ok,34,-2
RTC_PF_f1p5_b0p5_m2p0_t90_s2,PF,1.5,0.5,2.0,90,2,failed,150.75146222114563,,no_athdf,0.278001,RADIAL_COLLAPSE,0.1695384457707405,0.08983136465152104,True,2,3,ok,28,-2
RTC_PF_f1p5_b0p5_m2p0_t90_s1,PF,1.5,0.5,2.0,90,1,failed,195.96904015541077,,no_athdf,0.309017,RADIAL_COLLAPSE,0.15934714674949646,0.1493014097213745,True,2,2,ok,31,-2
RTC_PF_f1p5_b1p0_m2p0_t90_s1,PF,1.5,1.0,2.0,90,1,failed,195.86774802207947,,no_athdf,0.305086,RADIAL_COLLAPSE,0.15970809757709503,0.08222805336117744,True,2,4,ok,31,-2
RTC_PF_f1p5_b1p0_m2p0_t90_s2,PF,1.5,1.0,2.0,90,2,failed,135.67150902748108,,no_athdf,0.268011,RADIAL_COLLAPSE,0.15899500250816345,0.09631665050983429,True,2,3,ok,27,-2
RTC_PF_f1p2_b2p0_m2p0_t90_s3,PF,1.2,2.0,2.0,90,3,failed,874.1723976135254,,no_athdf,0.356034,RADIAL_COLLAPSE,0.24854499846696854,0.17921951226890087,True,4,4,ok,36,-2
RTC_PF_f1p5_b0p5_m2p0_t90_s3,PF,1.5,0.5,2.0,90,3,failed,331.60490369796753,,no_athdf,0.315023,RADIAL_COLLAPSE,0.20868148654699326,0.14425449632108212,True,3,4,ok,32,-2
RTC_PF_f1p5_b2p0_m2p0_t90_s1,PF,1.5,2.0,2.0,90,1,failed,135.6742594242096,,no_athdf,0.305204,RADIAL_COLLAPSE,0.1600978970527649,0.08493505045771599,True,2,4,ok,31,-2
RTC_PF_f1p5_b1p0_m2p0_t90_s3,PF,1.5,1.0,2.0,90,3,failed,256.210396528244,,no_athdf,0.270048,RADIAL_COLLAPSE,0.16950538754463196,0.1068580150604248,True,4,4,ok,28,-2
RTC_PF_f1p5_b2p0_m2p0_t90_s3,PF,1.5,2.0,2.0,90,3,failed,135.69049739837646,,no_athdf,0.277105,RADIAL_COLLAPSE,0.1688118353486061,0.10936643742024899,True,4,4,ok,28,-2
RTC_PF_f1p5_b2p0_m2p0_t90_s2,PF,1.5,2.0,2.0,90,2,failed,241.20883059501648,,no_athdf,0.277127,RADIAL_COLLAPSE,0.16973167657852173,0.08720095455646515,True,2,4,ok,28,-2
RTC_PF_f2p0_b0p5_m2p0_t90_s1,PF,2.0,0.5,2.0,90,1,failed,105.54020738601685,,no_athdf,0.269082,RADIAL_COLLAPSE,0.11922739446163177,0.10943663120269775,True,2,2,ok,27,-2
RTC_PF_f2p0_b0p3_m2p0_t90_s1,PF,2.0,0.3,2.0,90,1,failed,346.6709816455841,,no_athdf,0.289034,RADIAL_COLLAPSE,0.13943371176719666,0.1292562410235405,True,2,2,ok,29,-2
RTC_PF_f2p0_b0p5_m2p0_t90_s2,PF,2.0,0.5,2.0,90,2,failed,165.818927526474,,no_athdf,0.253028,RADIAL_COLLAPSE,0.14985574781894684,0.08336324989795685,True,2,3,ok,26,-2
RTC_PF_f2p0_b1p0_m2p0_t90_s2,PF,2.0,1.0,2.0,90,2,failed,90.40390610694885,,no_athdf,0.247206,RADIAL_COLLAPSE,0.13942692428827286,0.06957773305475712,True,3,4,ok,25,-2
RTC_PF_f2p0_b0p3_m2p0_t90_s2,PF,2.0,0.3,2.0,90,2,failed,467.23308086395264,,no_athdf,0.26405,RADIAL_COLLAPSE,0.15948232263326645,0.07651750991741817,True,2,3,ok,27,-2
RTC_PF_f2p0_b1p0_m2p0_t90_s1,PF,2.0,1.0,2.0,90,1,failed,135.66865062713623,,no_athdf,0.273053,RADIAL_COLLAPSE,0.12957334518432617,0.06731343269348145,True,2,4,ok,28,-2
RTC_PF_f2p0_b0p3_m2p0_t90_s3,PF,2.0,0.3,2.0,90,3,failed,452.1721248626709,,no_athdf,0.269025,RADIAL_COLLAPSE,0.1599968820810318,0.0948355682194233,True,4,4,ok,27,-2
RTC_PF_f2p0_b1p0_m2p0_t90_s3,PF,2.0,1.0,2.0,90,3,failed,120.61482810974121,,no_athdf,0.250138,RADIAL_COLLAPSE,0.14996610581874847,0.08950422704219818,True,4,4,ok,26,-2
RTC_PF_f2p0_b2p0_m2p0_t90_s1,PF,2.0,2.0,2.0,90,1,failed,105.5225899219513,,no_athdf,0.281145,RADIAL_COLLAPSE,0.13957828283309937,0.07982517033815384,True,2,4,ok,29,-2
RTC_PF_f2p0_b2p0_m2p0_t90_s2,PF,2.0,2.0,2.0,90,2,failed,105.50407576560974,,no_athdf,0.251021,RADIAL_COLLAPSE,0.1485510841012001,0.07921353168785572,True,3,4,ok,26,-2
RTC_PF_f2p0_b0p5_m2p0_t90_s3,PF,2.0,0.5,2.0,90,3,failed,452.2431890964508,,no_athdf,0.300117,RADIAL_COLLAPSE,0.19912970066070557,0.1370595581829548,True,4,4,ok,31,-2
RTC_PF_f2p0_b2p0_m2p0_t90_s3,PF,2.0,2.0,2.0,90,3,failed,286.4080412387848,,no_athdf,0.261016,RADIAL_COLLAPSE,0.15913255512714386,0.09926312416791916,True,4,4,ok,27,-2
RTC_SC_f2p0_b2p0_m4p0_t0_s2,SC,2.0,2.0,4.0,0,2,failed,7204.484877347946,7.03125,ok:5_peaks,0.27000150084495544,FULL,0.20936105027794838,0.09543777842606817,True,5,7,ok,28,-9
RTC_PF_f1p0_b0p3_m2p5_t90_s3,PF,1.0,0.3,2.5,90,3,failed,422.0497074127197,,no_athdf,0.320032,RADIAL_COLLAPSE,0.22979094088077545,0.14713246934115887,True,2,4,ok,33,-2
RTC_PF_f1p0_b0p5_m2p5_t90_s1,PF,1.0,0.5,2.5,90,1,failed,391.88233757019043,,no_athdf,0.336003,RADIAL_COLLAPSE,0.20977795124053955,0.13318921625614166,True,2,3,ok,34,-2
RTC_PF_f1p0_b0p3_m2p5_t90_s1,PF,1.0,0.3,2.5,90,1,failed,497.4218924045563,,no_athdf,0.348012,RADIAL_COLLAPSE,0.2196487933397293,0.13981951276461282,True,2,3,ok,35,-2
RTC_PF_f1p0_b1p0_m2p5_t90_s2,PF,1.0,1.0,2.5,90,2,failed,241.16757321357727,,no_athdf,0.288057,RADIAL_COLLAPSE,0.19898919761180878,0.09708043560385704,True,3,4,ok,29,-2
RTC_PF_f1p0_b1p0_m2p5_t90_s1,PF,1.0,1.0,2.5,90,1,failed,467.2115578651428,,no_athdf,0.336038,RADIAL_COLLAPSE,0.20922543108463287,0.0778161808848381,True,3,6,ok,34,-2
RTC_PF_f1p0_b2p0_m2p5_t90_s1,PF,1.0,2.0,2.5,90,1,failed,180.91669392585754,,no_athdf,0.323043,RADIAL_COLLAPSE,0.19906587153673172,0.07476327940821648,True,3,6,ok,33,-2
RTC_PF_f1p0_b0p3_m2p5_t90_s2,PF,1.0,0.3,2.5,90,2,failed,904.3388845920563,,no_athdf,0.334003,RADIAL_COLLAPSE,0.24996139854192734,0.10749438591301441,True,2,4,ok,34,-2
RTC_PF_f1p0_b0p5_m2p5_t90_s3,PF,1.0,0.5,2.5,90,3,failed,1024.9153099060059,,no_athdf,0.326075,RADIAL_COLLAPSE,0.229677215218544,0.16438565775752068,True,2,4,ok,33,-2
RTC_PF_f1p0_b1p0_m2p5_t90_s3,PF,1.0,1.0,2.5,90,3,failed,1039.9484050273895,,no_athdf,0.379022,RADIAL_COLLAPSE,0.2799113243818283,0.1619007632136345,True,3,5,ok,38,-2
RTC_PF_f1p2_b0p3_m2p5_t90_s1,PF,1.2,0.3,2.5,90,1,failed,693.3641042709351,,no_athdf,0.333008,RADIAL_COLLAPSE,0.20989258587360382,0.1330466022094091,True,2,3,ok,34,-2
RTC_PF_f1p0_b0p5_m2p5_t90_s2,PF,1.0,0.5,2.5,90,2,failed,1401.734271287918,,no_athdf,0.37204,RADIAL_COLLAPSE,0.2893320769071579,0.12579953372478486,True,4,5,ok,38,-2
RTC_PF_f1p2_b0p3_m2p5_t90_s3,PF,1.2,0.3,2.5,90,3,failed,241.10227227210999,,no_athdf,0.300087,RADIAL_COLLAPSE,0.20996031910181046,0.13718387857079506,True,3,4,ok,31,-2
RTC_PF_f1p2_b0p5_m2p5_t90_s1,PF,1.2,0.5,2.5,90,1,failed,256.16851592063904,,no_athdf,0.320043,RADIAL_COLLAPSE,0.19898882508277893,0.09949927031993866,True,2,4,ok,33,-2
RTC_PF_f1p2_b1p0_m2p5_t90_s1,PF,1.2,1.0,2.5,90,1,failed,165.79649305343628,,no_athdf,0.302038,RADIAL_COLLAPSE,0.17946553975343704,0.09482650272548199,True,3,4,ok,31,-2
RTC_PF_f1p2_b0p5_m2p5_t90_s3,PF,1.2,0.5,2.5,90,3,failed,361.6494357585907,,no_athdf,0.291027,RADIAL_COLLAPSE,0.2087710201740265,0.14438930340111256,True,3,4,ok,30,-2
RTC_PF_f1p2_b1p0_m2p5_t90_s2,PF,1.2,1.0,2.5,90,2,failed,180.88024592399597,,no_athdf,0.271064,RADIAL_COLLAPSE,0.1890181377530098,0.08954331651329994,True,3,4,ok,28,-2
RTC_PF_f1p2_b0p5_m2p5_t90_s2,PF,1.2,0.5,2.5,90,2,failed,647.9127314090729,,no_athdf,0.314031,RADIAL_COLLAPSE,0.22941884398460388,0.10721712000668049,True,3,4,ok,32,-2
RTC_PF_f1p2_b2p0_m2p5_t90_s1,PF,1.2,2.0,2.5,90,1,failed,271.30594086647034,,no_athdf,0.312081,RADIAL_COLLAPSE,0.18932398408651352,0.08594760149717331,True,3,5,ok,32,-2
RTC_PF_f1p2_b2p0_m2p5_t90_s2,PF,1.2,2.0,2.5,90,2,failed,195.9731788635254,,no_athdf,0.272098,RADIAL_COLLAPSE,0.18937948346138,0.08173073083162308,True,3,5,ok,28,-2
RTC_PF_f1p2_b1p0_m2p5_t90_s3,PF,1.2,1.0,2.5,90,3,failed,437.0919735431671,,no_athdf,0.304034,RADIAL_COLLAPSE,0.20866654813289642,0.15667003393173218,True,3,4,ok,31,-2
RTC_PF_f1p2_b0p3_m2p5_t90_s2,PF,1.2,0.3,2.5,90,2,failed,1311.1958487033844,,no_athdf,0.314031,RADIAL_COLLAPSE,0.22890585660934448,0.12296558668216069,True,3,3,ok,32,-2
RTC_PF_f1p5_b0p3_m2p5_t90_s1,PF,1.5,0.3,2.5,90,1,failed,301.49294257164,,no_athdf,0.310064,RADIAL_COLLAPSE,0.18932395428419113,0.11974351853132248,True,2,3,ok,32,-2
RTC_PF_f1p5_b0p5_m2p5_t90_s1,PF,1.5,0.5,2.5,90,1,failed,422.0064232349396,,no_athdf,0.306033,RADIAL_COLLAPSE,0.17937084287405014,0.11661163220802943,True,3,3,ok,31,-2
RTC_PF_f1p5_b0p3_m2p5_t90_s3,PF,1.5,0.3,2.5,90,3,failed,632.9725532531738,,no_athdf,0.316028,RADIAL_COLLAPSE,0.2188863828778267,0.14688512310385704,True,2,4,ok,32,-2
RTC_PF_f1p5_b0p5_m2p5_t90_s3,PF,1.5,0.5,2.5,90,3,failed,271.271027803421,,no_athdf,0.265009,RADIAL_COLLAPSE,0.17890659719705582,0.11946719512343407,True,4,4,ok,27,-2
RTC_PF_f1p5_b1p0_m2p5_t90_s1,PF,1.5,1.0,2.5,90,1,failed,271.3113296031952,,no_athdf,0.288037,RADIAL_COLLAPSE,0.15994875878095627,0.08443636633455753,True,2,4,ok,29,-2
RTC_PF_f1p5_b0p3_m2p5_t90_s2,PF,1.5,0.3,2.5,90,2,failed,1251.0769352912903,,no_athdf,0.300007,RADIAL_COLLAPSE,0.21899303793907166,0.11972850064436595,True,3,3,ok,31,-2
RTC_PF_f1p5_b1p0_m2p5_t90_s2,PF,1.5,1.0,2.5,90,2,failed,135.64178323745728,,no_athdf,0.252099,RADIAL_COLLAPSE,0.16912169009447098,0.10611408452192943,True,3,3,ok,26,-2
RTC_PF_f1p5_b1p0_m2p5_t90_s3,PF,1.5,1.0,2.5,90,3,failed,241.18286156654358,,no_athdf,0.256048,RADIAL_COLLAPSE,0.15890683978796005,0.10917213745415211,True,4,4,ok,26,-2
RTC_PF_f1p5_b2p0_m2p5_t90_s1,PF,1.5,2.0,2.5,90,1,failed,135.66634225845337,,no_athdf,0.289023,RADIAL_COLLAPSE,0.15974851697683334,0.08961178176105022,True,2,4,ok,29,-2
RTC_PF_f1p5_b2p0_m2p5_t90_s2,PF,1.5,2.0,2.5,90,2,failed,256.2376425266266,,no_athdf,0.267136,RADIAL_COLLAPSE,0.17960681021213531,0.07761689275503159,True,3,5,ok,27,-2
RTC_PF_f2p0_b0p3_m2p5_t90_s1,PF,2.0,0.3,2.5,90,1,failed,331.6106240749359,,no_athdf,0.28307,RADIAL_COLLAPSE,0.15996941179037094,0.1499713845551014,True,2,2,ok,29,-2
RTC_PF_f1p5_b0p5_m2p5_t90_s2,PF,1.5,0.5,2.5,90,2,failed,1507.2245054244995,,no_athdf,0.376013,RADIAL_COLLAPSE,0.2895316034555435,0.1358669251203537,True,4,5,ok,38,-2
RTC_PF_f1p5_b2p0_m2p5_t90_s3,PF,1.5,2.0,2.5,90,3,failed,1778.6065084934235,,no_athdf,0.368009,RADIAL_COLLAPSE,0.27870237082242966,0.14452444886167845,True,4,6,ok,37,-2
RTC_PF_f2p0_b0p3_m2p5_t90_s3,PF,2.0,0.3,2.5,90,3,failed,1160.6666514873505,,no_athdf,0.253028,RADIAL_COLLAPSE,0.159170962870121,0.10677601769566536,True,4,4,ok,26,-2
RTC_PF_f2p0_b0p5_m2p5_t90_s1,PF,2.0,0.5,2.5,90,1,failed,150.72379279136658,,no_athdf,0.264016,RADIAL_COLLAPSE,0.1390150785446167,0.08976021409034729,True,2,3,ok,27,-2
RTC_PF_f2p0_b0p5_m2p5_t90_s2,PF,2.0,0.5,2.5,90,2,failed,241.1698181629181,,no_athdf,0.240047,RADIAL_COLLAPSE,0.15976690500974655,0.09308163324991862,True,2,3,ok,25,-2
RTC_PF_f2p0_b0p5_m2p5_t90_s3,PF,2.0,0.5,2.5,90,3,failed,165.8213255405426,,no_athdf,0.237005,RADIAL_COLLAPSE,0.14909043163061142,0.09186838008463383,True,4,4,ok,24,-2
RTC_PF_f2p0_b0p3_m2p5_t90_s2,PF,2.0,0.3,2.5,90,2,failed,1582.3873896598816,,no_athdf,0.268011,RADIAL_COLLAPSE,0.17921137809753418,0.09609067191680272,True,2,3,ok,27,-2
RTC_PF_f2p0_b1p0_m2p5_t90_s1,PF,2.0,1.0,2.5,90,1,failed,120.58634042739868,,no_athdf,0.26106,RADIAL_COLLAPSE,0.1394234523177147,0.07426721416413784,True,2,4,ok,27,-2
RTC_PF_f2p0_b1p0_m2p5_t90_s2,PF,2.0,1.0,2.5,90,2,failed,105.53309941291809,,no_athdf,0.235098,RADIAL_COLLAPSE,0.14936907589435577,0.07436844892799854,True,2,4,ok,24,-2
RTC_PF_f2p0_b1p0_m2p5_t90_s3,PF,2.0,1.0,2.5,90,3,failed,75.38857197761536,,no_athdf,0.230054,RADIAL_COLLAPSE,0.1391744390130043,0.09168015234172344,True,4,4,ok,24,-2
RTC_PF_f2p0_b2p0_m2p5_t90_s2,PF,2.0,2.0,2.5,90,2,failed,180.8823390007019,,no_athdf,0.245084,RADIAL_COLLAPSE,0.15970884263515472,0.08476806618273258,True,3,4,ok,25,-2
RTC_PF_f2p0_b2p0_m2p5_t90_s1,PF,2.0,2.0,2.5,90,1,failed,286.3828444480896,,no_athdf,0.270118,RADIAL_COLLAPSE,0.14923834055662155,0.08685586042702198,True,2,4,ok,28,-2
RTC_PF_f1p0_b0p3_m3p0_t90_s2,PF,1.0,0.3,3.0,90,2,failed,331.6578207015991,,no_athdf,0.295029,RADIAL_COLLAPSE,0.2196052372455597,0.09716031700372696,True,3,4,ok,30,-2
RTC_PF_f1p0_b0p3_m3p0_t90_s1,PF,1.0,0.3,3.0,90,1,failed,512.542843580246,,no_athdf,0.326023,RADIAL_COLLAPSE,0.21957264095544815,0.13986372699340185,True,2,3,ok,33,-2
RTC_PF_f1p0_b2p0_m2p5_t90_s2,PF,1.0,2.0,2.5,90,2,failed,6164.461028575897,,no_athdf,0.44501,RADIAL_COLLAPSE,0.35926878452301025,0.13473492953926325,True,3,8,ok,45,-2
RTC_PF_f1p0_b0p3_m3p0_t90_s3,PF,1.0,0.3,3.0,90,3,failed,452.2659947872162,,no_athdf,0.304011,RADIAL_COLLAPSE,0.22892525047063828,0.15196333825588226,True,2,4,ok,31,-2
RTC_PF_f1p0_b2p0_m2p5_t90_s3,PF,1.0,2.0,2.5,90,3,failed,6481.33266210556,,no_athdf,0.462001,RADIAL_COLLAPSE,0.36983928084373474,0.17974881206949553,True,3,6,ok,47,-2
RTC_PF_f1p0_b1p0_m3p0_t90_s1,PF,1.0,1.0,3.0,90,1,failed,180.90760326385498,,no_athdf,0.302057,RADIAL_COLLAPSE,0.19944605231285095,0.07318962613741557,True,3,6,ok,31,-2
RTC_PF_f1p0_b1p0_m3p0_t90_s2,PF,1.0,1.0,3.0,90,2,failed,346.6603400707245,,no_athdf,0.276017,RADIAL_COLLAPSE,0.1999247744679451,0.0876231998205185,True,3,5,ok,28,-2
RTC_PF_f1p0_b0p5_m3p0_t90_s1,PF,1.0,0.5,3.0,90,1,failed,1024.927500963211,,no_athdf,0.334066,RADIAL_COLLAPSE,0.22984325885772705,0.0916582852602005,True,2,5,ok,34,-2
RTC_PF_f1p0_b0p5_m3p0_t90_s3,PF,1.0,0.5,3.0,90,3,failed,708.3873121738434,,no_athdf,0.336026,RADIAL_COLLAPSE,0.25892483443021774,0.1795787401497364,True,2,4,ok,34,-2
RTC_PF_f1p0_b1p0_m3p0_t90_s3,PF,1.0,1.0,3.0,90,3,failed,211.0450041294098,,no_athdf,0.277057,RADIAL_COLLAPSE,0.19921677559614182,0.14696531929075718,True,3,4,ok,28,-2
RTC_PF_f1p0_b2p0_m3p0_t90_s2,PF,1.0,2.0,3.0,90,2,failed,256.1943051815033,,no_athdf,0.272084,RADIAL_COLLAPSE,0.19955848157405853,0.09209314584732056,True,4,5,ok,28,-2
RTC_PF_f1p2_b2p0_m2p5_t90_s3,PF,1.2,2.0,2.5,90,3,failed,7204.34529709816,30.833333333333336,ok:2_peaks,0.47000283002853394,PARTIAL,0.3885796219110489,0.2044502223531405,True,2,6,ok,48,-9
RTC_PF_f1p2_b0p3_m3p0_t90_s2,PF,1.2,0.3,3.0,90,2,failed,497.39078974723816,,no_athdf,0.280036,RADIAL_COLLAPSE,0.20967480540275574,0.09230798482894897,True,3,4,ok,29,-2
RTC_PF_f1p2_b0p3_m3p0_t90_s3,PF,1.2,0.3,3.0,90,3,failed,376.8155574798584,,no_athdf,0.285039,RADIAL_COLLAPSE,0.20901698619127274,0.1418666485697031,True,3,4,ok,29,-2
RTC_PF_f1p2_b0p3_m3p0_t90_s1,PF,1.2,0.3,3.0,90,1,failed,2622.735461473465,,no_athdf,0.349022,RADIAL_COLLAPSE,0.23971376568078995,0.15635026743014654,True,2,3,ok,35,-2
RTC_PF_f1p2_b0p5_m3p0_t90_s2,PF,1.2,0.5,3.0,90,2,failed,407.00647735595703,,no_athdf,0.283074,RADIAL_COLLAPSE,0.20971406251192093,0.10484627448022366,True,3,4,ok,29,-2
RTC_PF_f1p2_b0p5_m3p0_t90_s3,PF,1.2,0.5,3.0,90,3,failed,210.985591173172,,no_athdf,0.274003,RADIAL_COLLAPSE,0.19902076572179794,0.14441285096108913,True,3,4,ok,28,-2
RTC_PF_f1p2_b0p5_m3p0_t90_s1,PF,1.2,0.5,3.0,90,1,failed,1100.2821717262268,,no_athdf,0.313005,RADIAL_COLLAPSE,0.21000365912914276,0.08389292657375336,True,2,5,ok,32,-2
RTC_PF_f1p2_b1p0_m3p0_t90_s1,PF,1.2,1.0,3.0,90,1,failed,376.8189902305603,,no_athdf,0.29905,RADIAL_COLLAPSE,0.1895817071199417,0.06822408239046733,True,3,6,ok,30,-2
RTC_PF_f1p2_b1p0_m3p0_t90_s2,PF,1.2,1.0,3.0,90,2,failed,286.3863160610199,,no_athdf,0.26303,RADIAL_COLLAPSE,0.19000162929296494,0.08396823555231095,True,3,5,ok,27,-2
RTC_PF_f1p2_b2p0_m3p0_t90_s1,PF,1.2,2.0,3.0,90,1,failed,241.16193342208862,,no_athdf,0.29511,RADIAL_COLLAPSE,0.1892332211136818,0.07496750478943189,True,3,6,ok,30,-2
RTC_PF_f1p2_b2p0_m3p0_t90_s2,PF,1.2,2.0,3.0,90,2,failed,497.2641668319702,,no_athdf,0.261027,RADIAL_COLLAPSE,0.18952350318431854,0.08788803964853287,True,4,5,ok,27,-2
RTC_PF_f1p2_b2p0_m3p0_t90_s3,PF,1.2,2.0,3.0,90,3,failed,135.65761303901672,,no_athdf,0.255106,RADIAL_COLLAPSE,0.1787904128432274,0.13172812946140766,True,4,4,ok,26,-2
RTC_PF_f2p0_b2p0_m2p5_t90_s3,PF,2.0,2.0,2.5,90,3,failed,7204.317187070847,11.979166666666668,ok:4_peaks,0.4500000774860382,FULL,0.36889855563640594,0.15981000382453203,True,4,8,ok,46,-9
RTC_PF_f1p5_b0p3_m3p0_t90_s1,PF,1.5,0.3,3.0,90,1,failed,828.9921517372131,,no_athdf,0.30702,RADIAL_COLLAPSE,0.19994660466909409,0.12992914021015167,True,2,3,ok,31,-2
RTC_PF_f1p0_b2p0_m3p0_t90_s3,PF,1.0,2.0,3.0,90,3,failed,5652.229456424713,,no_athdf,0.466006,RADIAL_COLLAPSE,0.3899611532688141,0.16415461259228842,True,2,7,ok,47,-2
RTC_PF_f1p5_b0p3_m3p0_t90_s2,PF,1.5,0.3,3.0,90,2,failed,301.4611177444458,,no_athdf,0.256065,RADIAL_COLLAPSE,0.17974897474050522,0.09978749603033066,True,2,3,ok,26,-2
RTC_PF_f1p5_b0p3_m3p0_t90_s3,PF,1.5,0.3,3.0,90,3,failed,376.8260853290558,,no_athdf,0.263051,RADIAL_COLLAPSE,0.18909438699483871,0.12958779372274876,True,3,4,ok,27,-2
RTC_PF_f1p5_b0p5_m3p0_t90_s2,PF,1.5,0.5,3.0,90,2,failed,346.6761999130249,,no_athdf,0.297076,RADIAL_COLLAPSE,0.2197931706905365,0.11492833308875561,True,3,4,ok,30,-2
RTC_PF_f1p0_b0p5_m3p0_t90_s2,PF,1.0,0.5,3.0,90,2,failed,7204.889557123184,44.375,ok:2_peaks,0.4400017559528351,PARTIAL,0.36963143199682236,0.19775450378656387,True,2,5,ok,45,-9
RTC_PF_f1p5_b1p0_m3p0_t90_s1,PF,1.5,1.0,3.0,90,1,failed,165.8241102695465,,no_athdf,0.273033,RADIAL_COLLAPSE,0.16989577561616898,0.08976525627076626,True,3,4,ok,28,-2
RTC_PF_f1p5_b0p5_m3p0_t90_s1,PF,1.5,0.5,3.0,90,1,failed,738.5003736019135,,no_athdf,0.29403,RADIAL_COLLAPSE,0.1892639547586441,0.0759613573551178,True,2,5,ok,30,-2
RTC_PF_f1p5_b1p0_m3p0_t90_s3,PF,1.5,1.0,3.0,90,3,failed,256.24262142181396,,no_athdf,0.275027,RADIAL_COLLAPSE,0.19938482344150543,0.14708714745938778,True,3,4,ok,28,-2
RTC_PF_f1p5_b2p0_m3p0_t90_s1,PF,1.5,2.0,3.0,90,1,failed,256.2356696128845,,no_athdf,0.279038,RADIAL_COLLAPSE,0.16937550157308578,0.07763056606054305,True,4,5,ok,28,-2
RTC_PF_f1p5_b0p5_m3p0_t90_s3,PF,1.5,0.5,3.0,90,3,failed,1100.3050315380096,,no_athdf,0.268013,RADIAL_COLLAPSE,0.18910538405179977,0.13668406940996647,True,3,4,ok,27,-2
RTC_PF_f1p0_b2p0_m3p0_t90_s1,PF,1.0,2.0,3.0,90,1,failed,7204.232257604599,6.979166666666667,ok:5_peaks,0.44000107049942017,FULL,0.33895576000213623,0.14228512533009052,True,5,8,ok,45,-9
RTC_PF_f2p0_b0p3_m3p0_t90_s1,PF,2.0,0.3,3.0,90,1,failed,376.8113844394684,,no_athdf,0.265016,RADIAL_COLLAPSE,0.1594107672572136,0.10306805123885472,True,2,3,ok,27,-2
RTC_PF_f2p0_b0p3_m3p0_t90_s2,PF,2.0,0.3,3.0,90,2,failed,301.4222433567047,,no_athdf,0.238033,RADIAL_COLLAPSE,0.15987183898687363,0.09311300267775853,True,2,3,ok,24,-2
RTC_PF_f2p0_b0p5_m3p0_t90_s1,PF,2.0,0.5,3.0,90,1,failed,135.68449068069458,,no_athdf,0.252032,RADIAL_COLLAPSE,0.14965954422950745,0.07734867557883263,True,2,4,ok,26,-2
RTC_PF_f2p0_b0p5_m3p0_t90_s2,PF,2.0,0.5,3.0,90,2,failed,180.89403438568115,,no_athdf,0.227058,RADIAL_COLLAPSE,0.14993147552013397,0.0722520537674427,True,2,4,ok,23,-2
RTC_PF_f1p5_b2p0_m3p0_t90_s3,PF,1.5,2.0,3.0,90,3,failed,1130.4925026893616,,no_athdf,0.306002,RADIAL_COLLAPSE,0.22880910336971283,0.14348267167806625,True,3,5,ok,31,-2
RTC_PF_f2p0_b1p0_m3p0_t90_s1,PF,2.0,1.0,3.0,90,1,failed,180.86417984962463,,no_athdf,0.25309,RADIAL_COLLAPSE,0.14921639114618301,0.08185981027781963,True,2,4,ok,26,-2
RTC_PF_f2p0_b0p3_m3p0_t90_s3,PF,2.0,0.3,3.0,90,3,failed,648.1616024971008,,no_athdf,0.242044,RADIAL_COLLAPSE,0.16921459138393402,0.11951801367104053,True,3,4,ok,25,-2
RTC_PF_f2p0_b1p0_m3p0_t90_s2,PF,2.0,1.0,3.0,90,2,failed,150.71106243133545,,no_athdf,0.222136,RADIAL_COLLAPSE,0.14907217770814896,0.07704736478626728,True,3,4,ok,23,-2
RTC_PF_f2p0_b0p5_m3p0_t90_s3,PF,2.0,0.5,3.0,90,3,failed,602.875510931015,,no_athdf,0.231011,RADIAL_COLLAPSE,0.15920861065387726,0.1093225721269846,True,4,4,ok,24,-2
RTC_PF_f2p0_b2p0_m3p0_t90_s2,PF,2.0,2.0,3.0,90,2,failed,150.7607216835022,,no_athdf,0.229046,RADIAL_COLLAPSE,0.14980540424585342,0.06777890920639038,True,3,5,ok,23,-2
RTC_PF_f2p0_b2p0_m3p0_t90_s1,PF,2.0,2.0,3.0,90,1,failed,617.9102773666382,,no_athdf,0.262016,RADIAL_COLLAPSE,0.1597350314259529,0.07377213090658188,True,3,5,ok,27,-2
RTC_PF_f2p0_b2p0_m3p0_t90_s3,PF,2.0,2.0,3.0,90,3,failed,376.87500762939453,,no_athdf,0.233048,RADIAL_COLLAPSE,0.15898682177066803,0.11188894137740135,True,4,4,ok,24,-2
RTC_PF_f1p0_b0p3_m3p5_t90_s1,PF,1.0,0.3,3.5,90,1,failed,331.5360219478607,,no_athdf,0.307008,RADIAL_COLLAPSE,0.20986074209213257,0.1364256665110588,True,2,3,ok,31,-2
RTC_PF_f1p5_b1p0_m3p0_t90_s2,PF,1.5,1.0,3.0,90,2,failed,3225.698611497879,,no_athdf,0.34,RADIAL_COLLAPSE,0.2688734009861946,0.1069496242063386,True,4,7,ok,35,-2
RTC_PF_f1p0_b0p3_m3p5_t90_s3,PF,1.0,0.3,3.5,90,3,failed,361.7747251987457,,no_athdf,0.289002,RADIAL_COLLAPSE,0.21975649520754814,0.14733692724257708,True,2,4,ok,29,-2
RTC_PF_f1p0_b0p3_m3p5_t90_s2,PF,1.0,0.3,3.5,90,2,failed,874.297609090805,,no_athdf,0.317019,RADIAL_COLLAPSE,0.24930477887392044,0.12712679989635944,True,3,4,ok,32,-2
RTC_PF_f1p0_b0p5_m3p5_t90_s1,PF,1.0,0.5,3.5,90,1,failed,587.7812011241913,,no_athdf,0.304006,RADIAL_COLLAPSE,0.20981495082378387,0.08606328517198562,True,2,5,ok,31,-2
RTC_PF_f1p0_b0p5_m3p5_t90_s3,PF,1.0,0.5,3.5,90,3,failed,331.60451078414917,,no_athdf,0.27702,RADIAL_COLLAPSE,0.20935345441102982,0.1521060597151518,True,2,4,ok,28,-2
RTC_PF_f1p0_b0p5_m3p5_t90_s2,PF,1.0,0.5,3.5,90,2,failed,708.4668374061584,,no_athdf,0.283006,RADIAL_COLLAPSE,0.21993843466043472,0.11976343020796776,True,3,4,ok,29,-2
RTC_PF_f1p0_b1p0_m3p5_t90_s1,PF,1.0,1.0,3.5,90,1,failed,286.41310238838196,,no_athdf,0.296015,RADIAL_COLLAPSE,0.19995471835136414,0.0780349796017011,True,4,6,ok,30,-2
RTC_PF_f2p0_b1p0_m3p0_t90_s3,PF,2.0,1.0,3.0,90,3,failed,2215.787986755371,,no_athdf,0.312,RADIAL_COLLAPSE,0.23945803940296173,0.12459160263339679,True,4,6,ok,32,-2
RTC_PF_f1p0_b2p0_m3p5_t90_s2,PF,1.0,2.0,3.5,90,2,failed,376.80597853660583,,no_athdf,0.258015,RADIAL_COLLAPSE,0.18971791863441467,0.07640914370616277,True,4,6,ok,26,-2
RTC_PF_f1p0_b2p0_m3p5_t90_s1,PF,1.0,2.0,3.5,90,1,failed,557.7109949588776,,no_athdf,0.306,RADIAL_COLLAPSE,0.20989155024290085,0.07701206100838524,True,4,7,ok,31,-2
RTC_PF_f1p0_b2p0_m3p5_t90_s3,PF,1.0,2.0,3.5,90,3,failed,241.20035219192505,,no_athdf,0.262044,RADIAL_COLLAPSE,0.19899290800094604,0.14928419515490532,True,3,4,ok,27,-2
RTC_PF_f1p2_b1p0_m3p0_t90_s3,PF,1.2,1.0,3.0,90,3,failed,7204.856513261795,31.145833333333336,ok:2_peaks,0.4700017273426056,PARTIAL,0.39922618865966797,0.21361062973737716,True,2,5,ok,48,-9
RTC_PF_f1p2_b0p3_m3p5_t90_s3,PF,1.2,0.3,3.5,90,3,failed,633.0788161754608,,no_athdf,0.273012,RADIAL_COLLAPSE,0.20974232628941536,0.1447338806465268,True,2,4,ok,28,-2
RTC_PF_f1p0_b1p0_m3p5_t90_s2,PF,1.0,1.0,3.5,90,2,failed,1627.8315432071686,,no_athdf,0.333067,RADIAL_COLLAPSE,0.2696876600384712,0.10833860614470073,True,4,7,ok,34,-2
RTC_PF_f1p2_b0p3_m3p5_t90_s2,PF,1.2,0.3,3.5,90,2,failed,1085.1707065105438,,no_athdf,0.298003,RADIAL_COLLAPSE,0.22933605313301086,0.1147418562322855,True,3,4,ok,30,-2
RTC_PF_f1p2_b0p3_m3p5_t90_s1,PF,1.2,0.3,3.5,90,1,failed,1205.8173995018005,,no_athdf,0.367008,RADIAL_COLLAPSE,0.2700103372335434,0.1798921450972557,True,2,3,ok,37,-2
RTC_PF_f1p2_b1p0_m3p5_t90_s1,PF,1.2,1.0,3.5,90,1,failed,663.2057282924652,,no_athdf,0.301091,RADIAL_COLLAPSE,0.20906885713338852,0.07550644129514694,True,4,7,ok,31,-2
RTC_PF_f1p2_b0p5_m3p5_t90_s1,PF,1.2,0.5,3.5,90,1,failed,1085.1284265518188,,no_athdf,0.306007,RADIAL_COLLAPSE,0.20989848673343658,0.10480581596493721,True,3,4,ok,31,-2
RTC_PF_f1p2_b1p0_m3p5_t90_s3,PF,1.2,1.0,3.5,90,3,failed,135.66289448738098,,no_athdf,0.249046,RADIAL_COLLAPSE,0.17904836684465408,0.13207807019352913,True,3,4,ok,25,-2
RTC_PF_f1p2_b1p0_m3p5_t90_s2,PF,1.2,1.0,3.5,90,2,failed,286.3568375110626,,no_athdf,0.265125,RADIAL_COLLAPSE,0.19976192712783813,0.09188921004533768,True,4,5,ok,27,-2
RTC_PF_f1p0_b1p0_m3p5_t90_s3,PF,1.0,1.0,3.5,90,3,failed,2848.6294226646423,,no_athdf,0.389002,RADIAL_COLLAPSE,0.31899940967559814,0.17948963344097138,True,2,5,ok,39,-2
RTC_PF_f1p2_b2p0_m3p5_t90_s2,PF,1.2,2.0,3.5,90,2,failed,150.7271671295166,,no_athdf,0.246091,RADIAL_COLLAPSE,0.17968053370714188,0.08384183794260025,True,4,5,ok,25,-2
RTC_PF_f1p5_b2p0_m3p0_t90_s2,PF,1.5,2.0,3.0,90,2,failed,7204.301994800568,23.28125,ok:3_peaks,0.4300011396408081,FULL,0.35960154235363007,0.14481239300221205,True,3,8,ok,44,-9
RTC_PF_f1p5_b0p3_m3p5_t90_s2,PF,1.5,0.3,3.5,90,2,failed,256.27488684654236,,no_athdf,0.250056,RADIAL_COLLAPSE,0.1894354671239853,0.08989876694977283,True,3,4,ok,26,-2
RTC_PF_f1p5_b0p3_m3p5_t90_s3,PF,1.5,0.3,3.5,90,3,failed,226.04820084571838,,no_athdf,0.251012,RADIAL_COLLAPSE,0.18981359899044037,0.13225809298455715,True,3,4,ok,26,-2
RTC_PF_f1p5_b0p3_m3p5_t90_s1,PF,1.5,0.3,3.5,90,1,failed,1341.553689956665,,no_athdf,0.294005,RADIAL_COLLAPSE,0.19928722083568573,0.10235828533768654,True,2,4,ok,30,-2
RTC_PF_f1p5_b0p5_m3p5_t90_s2,PF,1.5,0.5,3.5,90,2,failed,316.5598237514496,,no_athdf,0.240093,RADIAL_COLLAPSE,0.1800626441836357,0.09251539036631584,True,3,4,ok,25,-2
RTC_PF_f1p2_b2p0_m3p5_t90_s3,PF,1.2,2.0,3.5,90,3,failed,1899.134765625,,no_athdf,0.352032,RADIAL_COLLAPSE,0.28896043077111244,0.1562905367463827,True,4,6,ok,36,-2
RTC_PF_f1p2_b0p5_m3p5_t90_s2,PF,1.2,0.5,3.5,90,2,failed,3210.756694793701,,no_athdf,0.311024,RADIAL_COLLAPSE,0.24992531165480614,0.11995439901947975,True,4,5,ok,32,-2
RTC_PF_f1p5_b1p0_m3p5_t90_s1,PF,1.5,1.0,3.5,90,1,failed,256.28878688812256,,no_athdf,0.262001,RADIAL_COLLAPSE,0.1693049892783165,0.07776144444942475,True,3,5,ok,27,-2
RTC_PF_f1p5_b1p0_m3p5_t90_s3,PF,1.5,1.0,3.5,90,3,failed,241.18641829490662,,no_athdf,0.232022,RADIAL_COLLAPSE,0.16908535733819008,0.1219816179946065,True,4,4,ok,24,-2
RTC_PF_f1p5_b1p0_m3p5_t90_s2,PF,1.5,1.0,3.5,90,2,failed,512.5272958278656,,no_athdf,0.251,RADIAL_COLLAPSE,0.18978796526789665,0.08970124647021294,True,4,5,ok,26,-2
RTC_PF_f1p5_b2p0_m3p5_t90_s1,PF,1.5,2.0,3.5,90,1,failed,180.90169286727905,,no_athdf,0.270031,RADIAL_COLLAPSE,0.17917383462190628,0.07483845949172974,True,4,6,ok,28,-2
RTC_PF_f1p5_b2p0_m3p5_t90_s2,PF,1.5,2.0,3.5,90,2,failed,241.18209290504456,,no_athdf,0.238071,RADIAL_COLLAPSE,0.16975294798612595,0.07794496417045593,True,3,5,ok,24,-2
RTC_PF_f2p0_b0p3_m3p5_t90_s1,PF,2.0,0.3,3.5,90,1,failed,406.89652490615845,,no_athdf,0.261011,RADIAL_COLLAPSE,0.16958238184452057,0.08730001375079155,True,2,4,ok,27,-2
RTC_PF_f2p0_b0p3_m3p5_t90_s2,PF,2.0,0.3,3.5,90,2,failed,256.2587127685547,,no_athdf,0.224026,RADIAL_COLLAPSE,0.15947727859020233,0.09621550639470418,True,3,3,ok,23,-2
RTC_PF_f1p5_b2p0_m3p5_t90_s3,PF,1.5,2.0,3.5,90,3,failed,798.8649437427521,,no_athdf,0.281062,RADIAL_COLLAPSE,0.21908212453126907,0.1337009221315384,True,3,5,ok,29,-2
RTC_PF_f2p0_b0p3_m3p5_t90_s3,PF,2.0,0.3,3.5,90,3,failed,331.54587984085083,,no_athdf,0.231045,RADIAL_COLLAPSE,0.16993200033903122,0.1195004228502512,True,3,4,ok,24,-2
RTC_PF_f2p0_b0p5_m3p5_t90_s2,PF,2.0,0.5,3.5,90,2,failed,120.6050226688385,,no_athdf,0.209025,RADIAL_COLLAPSE,0.13915253430604935,0.08612057814995448,True,2,3,ok,21,-2
RTC_PF_f2p0_b0p5_m3p5_t90_s1,PF,2.0,0.5,3.5,90,1,failed,422.0186438560486,,no_athdf,0.25502,RADIAL_COLLAPSE,0.1595286950469017,0.08466518111526966,True,4,4,ok,26,-2
RTC_PF_f1p5_b0p5_m3p5_t90_s1,PF,1.5,0.5,3.5,90,1,failed,2667.682429075241,,no_athdf,0.337,RADIAL_COLLAPSE,0.23914159834384918,0.07975356812988009,True,3,7,ok,34,-2
RTC_PF_f2p0_b1p0_m3p5_t90_s2,PF,2.0,1.0,3.5,90,2,failed,331.64940190315247,,no_athdf,0.21201,RADIAL_COLLAPSE,0.1498410999774933,0.06574046313762665,True,3,5,ok,22,-2
RTC_PF_f2p0_b1p0_m3p5_t90_s3,PF,2.0,1.0,3.5,90,3,failed,211.03989934921265,,no_athdf,0.214178,RADIAL_COLLAPSE,0.14920205622911453,0.10437433049082756,True,4,4,ok,22,-2
RTC_PF_f2p0_b2p0_m3p5_t90_s1,PF,2.0,2.0,3.5,90,1,failed,210.92802739143372,,no_athdf,0.258039,RADIAL_COLLAPSE,0.15945077687501907,0.07783608585596084,True,4,5,ok,26,-2
RTC_PF_f2p0_b2p0_m3p5_t90_s2,PF,2.0,2.0,3.5,90,2,failed,195.94748950004578,,no_athdf,0.223066,RADIAL_COLLAPSE,0.15981243178248405,0.07387931868433953,True,3,5,ok,23,-2
RTC_PF_f2p0_b2p0_m3p5_t90_s3,PF,2.0,2.0,3.5,90,3,failed,241.14365434646606,,no_athdf,0.222028,RADIAL_COLLAPSE,0.15913542360067368,0.11450547352433205,True,4,4,ok,23,-2
RTC_PF_f1p0_b0p3_m4p0_t90_s1,PF,1.0,0.3,4.0,90,1,failed,241.1426658630371,,no_athdf,0.294023,RADIAL_COLLAPSE,0.2092614769935608,0.10468327440321445,True,2,4,ok,30,-2
RTC_PF_f1p0_b0p3_m4p0_t90_s2,PF,1.0,0.3,4.0,90,2,failed,301.35674595832825,,no_athdf,0.270011,RADIAL_COLLAPSE,0.20943506434559822,0.1097062798216939,True,3,4,ok,28,-2
RTC_PF_f1p5_b0p5_m3p5_t90_s3,PF,1.5,0.5,3.5,90,3,failed,3948.5907385349274,,no_athdf,0.427,RADIAL_COLLAPSE,0.35936155915260315,0.1915780007839203,True,2,5,ok,43,-2
RTC_PF_f1p0_b0p3_m4p0_t90_s3,PF,1.0,0.3,4.0,90,3,failed,241.1977972984314,,no_athdf,0.279029,RADIAL_COLLAPSE,0.20951999351382256,0.1495556691661477,True,2,4,ok,28,-2
RTC_PF_f1p2_b0p5_m3p5_t90_s3,PF,1.2,0.5,3.5,90,3,failed,7204.50844669342,31.875,ok:2_peaks,0.46000102162361145,PARTIAL,0.39930716902017593,0.2056681290268898,True,2,5,ok,47,-9
RTC_PF_f1p0_b0p5_m4p0_t90_s2,PF,1.0,0.5,4.0,90,2,failed,376.7792785167694,,no_athdf,0.263001,RADIAL_COLLAPSE,0.20924368873238564,0.11716541182249784,True,4,4,ok,27,-2
RTC_PF_f1p0_b0p5_m4p0_t90_s1,PF,1.0,0.5,4.0,90,1,failed,482.28089904785156,,no_athdf,0.289009,RADIAL_COLLAPSE,0.19968707859516144,0.08367729187011719,True,2,5,ok,29,-2
RTC_PF_f1p0_b1p0_m4p0_t90_s2,PF,1.0,1.0,4.0,90,2,failed,150.74708557128906,,no_athdf,0.242021,RADIAL_COLLAPSE,0.17985078692436218,0.07337996984521548,True,4,6,ok,25,-2
RTC_PF_f1p2_b2p0_m3p5_t90_s1,PF,1.2,2.0,3.5,90,1,failed,7204.478873968124,7.083333333333334,ok:5_peaks,0.4100005626678467,FULL,0.3199733719229698,0.13355118222534657,True,5,8,ok,42,-9
RTC_PF_f1p0_b1p0_m4p0_t90_s1,PF,1.0,1.0,4.0,90,1,failed,2094.9810223579407,,no_athdf,0.307004,RADIAL_COLLAPSE,0.21939248591661453,0.08122584010873522,True,4,7,ok,31,-2
RTC_PF_f1p0_b2p0_m4p0_t90_s2,PF,1.0,2.0,4.0,90,2,failed,150.74069261550903,,no_athdf,0.243032,RADIAL_COLLAPSE,0.17976507917046547,0.07814057233432929,True,4,6,ok,25,-2
RTC_PF_f1p0_b1p0_m4p0_t90_s3,PF,1.0,1.0,4.0,90,3,failed,3406.279443502426,,no_athdf,0.425016,RADIAL_COLLAPSE,0.35985877737402916,0.19971828535199165,True,2,5,ok,43,-2
RTC_PF_f2p0_b1p0_m3p5_t90_s1,PF,2.0,1.0,3.5,90,1,failed,6345.410863399506,,no_athdf,0.395,RADIAL_COLLAPSE,0.2995355501770973,0.12849972676485777,True,5,8,ok,40,-2
RTC_PF_f1p2_b0p3_m4p0_t90_s1,PF,1.2,0.3,4.0,90,1,failed,376.89410877227783,,no_athdf,0.284049,RADIAL_COLLAPSE,0.19934850186109543,0.09972275048494339,True,2,4,ok,29,-2
RTC_PF_f1p2_b0p3_m4p0_t90_s3,PF,1.2,0.3,4.0,90,3,failed,693.3021824359894,,no_athdf,0.285008,RADIAL_COLLAPSE,0.21949855610728264,0.15474552940577269,True,2,4,ok,29,-2
RTC_PF_f2p0_b0p5_m3p5_t90_s3,PF,2.0,0.5,3.5,90,3,failed,7204.51420545578,15.3125,ok:3_peaks,0.3600006103515625,FULL,0.2994457818567753,0.1479433880498012,True,3,6,ok,37,-9
RTC_PF_f1p2_b0p3_m4p0_t90_s2,PF,1.2,0.3,4.0,90,2,failed,1190.6496257781982,,no_athdf,0.287003,RADIAL_COLLAPSE,0.22912702336907387,0.12219975236803293,True,3,4,ok,29,-2
RTC_PF_f1p2_b0p5_m4p0_t90_s1,PF,1.2,0.5,4.0,90,1,failed,798.8445286750793,,no_athdf,0.289,RADIAL_COLLAPSE,0.19972741603851318,0.07160515834887822,True,3,6,ok,29,-2
RTC_PF_f1p2_b0p5_m4p0_t90_s2,PF,1.2,0.5,4.0,90,2,failed,723.3016073703766,,no_athdf,0.284004,RADIAL_COLLAPSE,0.2292490117251873,0.1096548743546009,True,5,5,ok,29,-2
RTC_PF_f1p2_b1p0_m4p0_t90_s2,PF,1.2,1.0,4.0,90,2,failed,211.04078435897827,,no_athdf,0.236011,RADIAL_COLLAPSE,0.169860128313303,0.0796976439654827,True,4,5,ok,24,-2
RTC_PF_f1p2_b1p0_m4p0_t90_s3,PF,1.2,1.0,4.0,90,3,failed,195.97549510002136,,no_athdf,0.239029,RADIAL_COLLAPSE,0.16995598003268242,0.13464426901191473,True,3,4,ok,24,-2
RTC_PF_f1p2_b0p5_m4p0_t90_s3,PF,1.2,0.5,4.0,90,3,failed,798.9121465682983,,no_athdf,0.264007,RADIAL_COLLAPSE,0.1991099864244461,0.1493871733546257,True,2,4,ok,27,-2
RTC_PF_f1p2_b2p0_m4p0_t90_s1,PF,1.2,2.0,4.0,90,1,failed,241.123193025589,,no_athdf,0.273086,RADIAL_COLLAPSE,0.18968598544597626,0.06988494949681419,True,4,7,ok,28,-2
RTC_PF_f1p2_b2p0_m4p0_t90_s3,PF,1.2,2.0,4.0,90,3,failed,241.14963054656982,,no_athdf,0.24313,RADIAL_COLLAPSE,0.17983823642134666,0.14211601857095957,True,4,4,ok,25,-2
RTC_PF_f1p2_b2p0_m4p0_t90_s2,PF,1.2,2.0,4.0,90,2,failed,813.821355342865,,no_athdf,0.321022,RADIAL_COLLAPSE,0.25978897884488106,0.11963227338024549,True,5,7,ok,33,-2
RTC_PF_f1p5_b0p3_m4p0_t90_s2,PF,1.5,0.3,4.0,90,2,failed,211.05465126037598,,no_athdf,0.237038,RADIAL_COLLAPSE,0.17921028286218643,0.08730238117277622,True,3,4,ok,24,-2
RTC_PF_f1p0_b0p5_m4p0_t90_s3,PF,1.0,0.5,4.0,90,3,failed,7204.572501897812,32.395833333333336,ok:2_peaks,0.4300026595592499,PARTIAL,0.36906901374459267,0.19760519191622733,True,2,5,ok,44,-9
RTC_PF_f1p5_b0p3_m4p0_t90_s3,PF,1.5,0.3,4.0,90,3,failed,241.12529015541077,,no_athdf,0.246019,RADIAL_COLLAPSE,0.17955517023801804,0.13238364458084106,True,3,4,ok,25,-2
RTC_PF_f1p5_b0p5_m4p0_t90_s2,PF,1.5,0.5,4.0,90,2,failed,331.5732972621918,,no_athdf,0.242048,RADIAL_COLLAPSE,0.18939582630991936,0.10485463123768568,True,4,4,ok,25,-2
RTC_PF_f1p5_b0p5_m4p0_t90_s1,PF,1.5,0.5,4.0,90,1,failed,391.81797218322754,,no_athdf,0.272034,RADIAL_COLLAPSE,0.18984650075435638,0.07164579009016354,True,3,6,ok,28,-2
RTC_PF_f1p5_b1p0_m4p0_t90_s1,PF,1.5,1.0,4.0,90,1,failed,286.3299639225006,,no_athdf,0.254063,RADIAL_COLLAPSE,0.16960053890943527,0.06658953552444775,True,3,6,ok,26,-2
RTC_PF_f1p0_b2p0_m4p0_t90_s1,PF,1.0,2.0,4.0,90,1,failed,7204.34762430191,6.40625,ok:5_peaks,0.42000049352645874,FULL,0.3396012857556343,0.1511749718338251,True,5,8,ok,43,-9
RTC_PF_f1p5_b0p5_m4p0_t90_s3,PF,1.5,0.5,4.0,90,3,failed,663.2619693279266,,no_athdf,0.234023,RADIAL_COLLAPSE,0.16916028410196304,0.12966081500053406,True,3,4,ok,24,-2
RTC_PF_f1p5_b1p0_m4p0_t90_s3,PF,1.5,1.0,4.0,90,3,failed,150.76568293571472,,no_athdf,0.22602,RADIAL_COLLAPSE,0.15991583466529846,0.12457718327641487,True,4,4,ok,23,-2
RTC_PF_f1p5_b1p0_m4p0_t90_s2,PF,1.5,1.0,4.0,90,2,failed,482.26637864112854,,no_athdf,0.23307,RADIAL_COLLAPSE,0.16991958394646645,0.07996340319514275,True,4,5,ok,24,-2
RTC_PF_f1p0_b2p0_m4p0_t90_s3,PF,1.0,2.0,4.0,90,3,failed,6104.2143931388855,,no_athdf,0.409015,RADIAL_COLLAPSE,0.33979305252432823,0.1864642221480608,True,3,6,ok,41,-2
RTC_PF_f1p5_b2p0_m4p0_t90_s1,PF,1.5,2.0,4.0,90,1,failed,195.98032879829407,,no_athdf,0.257087,RADIAL_COLLAPSE,0.1698302999138832,0.07147599756717682,True,4,6,ok,26,-2
RTC_PF_f1p5_b2p0_m4p0_t90_s3,PF,1.5,2.0,4.0,90,3,failed,120.6104211807251,,no_athdf,0.225065,RADIAL_COLLAPSE,0.1599532775580883,0.12469042930752039,True,4,4,ok,23,-2
RTC_PF_f2p0_b0p3_m4p0_t90_s2,PF,2.0,0.3,4.0,90,2,failed,226.12198734283447,,no_athdf,0.220032,RADIAL_COLLAPSE,0.16922761872410774,0.06974227353930473,True,3,5,ok,23,-2
RTC_PF_f2p0_b0p3_m4p0_t90_s3,PF,2.0,0.3,4.0,90,3,failed,346.7089602947235,,no_athdf,0.227024,RADIAL_COLLAPSE,0.15963561460375786,0.11966713797301054,True,3,4,ok,23,-2
RTC_PF_f2p0_b0p3_m4p0_t90_s1,PF,2.0,0.3,4.0,90,1,failed,572.6875829696655,,no_athdf,0.24901,RADIAL_COLLAPSE,0.1596945896744728,0.08215860091149807,True,2,4,ok,25,-2
RTC_PF_f2p0_b0p5_m4p0_t90_s2,PF,2.0,0.5,4.0,90,2,failed,226.01720118522644,,no_athdf,0.210063,RADIAL_COLLAPSE,0.15938138589262962,0.08230351004749537,True,3,4,ok,22,-2
RTC_PF_f2p0_b0p5_m4p0_t90_s3,PF,2.0,0.5,4.0,90,3,failed,226.14244031906128,,no_athdf,0.209008,RADIAL_COLLAPSE,0.13928547874093056,0.10464542079716921,True,4,4,ok,21,-2
RTC_PF_f1p5_b0p3_m4p0_t90_s1,PF,1.5,0.3,4.0,90,1,failed,2758.5634331703186,,no_athdf,0.29704,RADIAL_COLLAPSE,0.2094801813364029,0.10478271171450615,True,2,4,ok,30,-2
RTC_PF_f2p0_b0p5_m4p0_t90_s1,PF,2.0,0.5,4.0,90,1,failed,572.7870588302612,,no_athdf,0.247029,RADIAL_COLLAPSE,0.15921258181333542,0.06965679526329041,True,3,5,ok,25,-2
RTC_PF_f2p0_b1p0_m4p0_t90_s2,PF,2.0,1.0,4.0,90,2,failed,120.58054447174072,,no_athdf,0.204008,RADIAL_COLLAPSE,0.14000533893704414,0.06576230749487877,True,3,5,ok,21,-2
RTC_PF_f2p0_b2p0_m4p0_t90_s1,PF,2.0,2.0,4.0,90,1,failed,150.75548243522644,,no_athdf,0.240037,RADIAL_COLLAPSE,0.1591401919722557,0.06641993795831998,True,4,6,ok,25,-2
RTC_PF_f2p0_b2p0_m4p0_t90_s3,PF,2.0,2.0,4.0,90,3,failed,150.73137068748474,,no_athdf,0.210056,RADIAL_COLLAPSE,0.150020781904459,0.11486160662025213,True,4,4,ok,22,-2
RTC_PF_f2p0_b1p0_m4p0_t90_s1,PF,2.0,1.0,4.0,90,1,failed,482.2681174278259,,no_athdf,0.242037,RADIAL_COLLAPSE,0.15978004783391953,0.06639014805356662,True,3,6,ok,25,-2
RTC_PF_f1p2_b1p0_m4p0_t90_s1,PF,1.2,1.0,4.0,90,1,failed,4144.560958147049,,no_athdf,0.383,RADIAL_COLLAPSE,0.2994536757469177,0.1009491276409891,True,3,9,ok,39,-2
RTC_PF_f2p0_b2p0_m4p0_t90_s2,PF,2.0,2.0,4.0,90,2,failed,1355.4767532348633,,no_athdf,0.306002,RADIAL_COLLAPSE,0.2399240955710411,0.10847417158739907,True,4,7,ok,31,-2
RTC_PF_f2p0_b1p0_m4p0_t90_s3,PF,2.0,1.0,4.0,90,3,failed,1461.527937412262,,no_athdf,0.290065,RADIAL_COLLAPSE,0.23006121441721916,0.12323147368927796,True,4,6,ok,30,-2
RTC_PF_f1p5_b2p0_m4p0_t90_s2,PF,1.5,2.0,4.0,90,2,failed,2712.1402111053467,,no_athdf,0.373005,RADIAL_COLLAPSE,0.30983346700668335,0.14706332875149591,True,3,7,ok,38,-2
