|
| TABLE A.1: Catalog of dense cores identified in the Herschel Gould Belt survey maps of the Corona Australis molecular cloudPublished in 
|
| Published in Bresnahan, D.W. et al. 2017: "The dense cores and filamentary structure of the molecular cloud in Corona Australis: Herschel SPIRE and PACS observations from the Herschel Gould Belt Survey"
|
| "First-generation" product from the Herschel Gould Belt survey (HGBS - Andre et al. 2010, A&A, 518, L102)
|
| Acknowledgements: If you use this HGBS product for a publication, please refer to the above two papers (Bresnahan et al. 2017 and Andre et al. 2010).
|
| Description of columns:
|
| (1)      Core running number.
| (2)      Core name. The full name consists of the HGBS_J prefix followed by the tabulated label derived from J2000 sexagesimal coordinates.
| (3)      Core right ascension (J2000}
| (4)      Core declination (J2000)
| (5)      Sig_70: Detection significance from monochromatic single scales in the image at the specified wavelength. Non-detections receive a value of 0.0
| (6-7)    (I_70)peak: Estimate of the peak intensity and its uncertainty [Jy/beam].
| (8)      (I_70)peak/Ibg: Contrast of the peak intensity over the local background.
| (9)      (I_70)conv,500: Peak intensity after smoothing to a resolution corresponding to the 500 micron beam [Jy/beam].
| (10-11)  S_70: Estimate of the total flux and its uncertainty [Jy].
| (12)     a_70: Estimate of source size (FWHM) along major axis [arcsec].
| (13)     b_70: Estimate of source size (FWHM) along minor axis [arcsec].
| (14)     PA_70: Position angle of source major axis, east of north [deg].
| (15)     Sig_160: Detection significance from monochromatic single scales in the image at the specified wavelength. Non-detections receive a value of 0.0
| (16-17)  (I_160)peak: Estimate of the peak intensity and its uncertainty [Jy/beam].
| (18)     (I_160)peak/Ibg: Contrast of the peak intensity over the local background.
| (19)     (I_160)conv,500: Peak intensity after smoothing to a resolution corresponding to the 500 micron beam [Jy/beam].
| (20-21)  S_160: Estimate of the total flux and its uncertainty [Jy].
| (22)     a_160: Estimate of source size (FWHM) along major axis [arcsec].
| (23)     b_160: Estimate of source size (FWHM) along minor axis [arcsec].
| (24)     PA_160: Position angle of source major axis, east of north [deg].
| (25)     Sig_250: Detection significance from monochromatic single scales in the image at the specified wavelength. Non-detections receive a value of 0.0
| (26-27)  (I_250)peak: Estimate of the peak intensity and its uncertainty [Jy/beam].
| (28)     (I_250)peak/Ibg: Contrast of the peak intensity over the local background.
| (29)     (I_250)conv,500: Peak intensity after smoothing to a resolution corresponding to the 500 micron beam [Jy/beam].
| (30-31)  S_250: Estimate of the total flux and its uncertainty [Jy].
| (32)     a_250: Estimate of source size (FWHM) along major axis [arcsec].
| (33)     b_250: Estimate of source size (FWHM) along minor axis [arcsec].
| (34)     PA_250: Position angle of source major axis, east of north [deg].
| (35)     Sig_350: Detection significance from monochromatic single scales in the image at the specified wavelength. Non-detections receive a value of 0.0
| (36-37)  (I_350)peak: Estimate of the peak intensity and its uncertainty [Jy/beam].
| (38)     (I_350)peak/Ibg: Contrast of the peak intensity over the local background.
| (39)     (I_350)conv,500: Peak intensity after smoothing to a resolution corresponding to the 500 micron beam [Jy/beam].
| (40-41)  S_350: Estimate of the total flux and its uncertainty [Jy].
| (42)     a_350: Estimate of source size (FWHM) along major axis [arcsec].
| (43)     b_350: Estimate of source size (FWHM) along minor axis [arcsec].
| (44)     PA_350: Position angle of source major axis, east of north [deg].
| (45)     Sig_500: Detection significance from monochromatic single scales in the image at the specified wavelength. Non-detections receive a value of 0.0
| (46-47)  (I_500)peak: Estimate of the peak intensity and its uncertainty [Jy/beam].
| (48)     (I_500)peak/Ibg: Contrast of the peak intensity over the local background.
| (49-50)  S_500: Estimate of the total flux and its uncertainty Jy].
| (51)     a_500: Estimate of source size (FWHM) along major axis [arcsec].
| (52)     b_500: Estimate of source size (FWHM) along minor axis [arcsec].
| (53)     PA_500: Position angle of source major axis, east of north [deg].
| (54)     Sig(N_H2)): Detection significance from single scales on high-res column density map
| (55)     (N_H2)peak: Peak column density at 18.2" resolution, estimated by getsources [10^21 cm^-2]
| (56)     (N_H2)peak/(N_H2)bg: Contrast of peak column density over the local background.
| (57)     (N_H2)conv,500: Peak column density estimated by getsources after smoothing to a resolution corresponding to the 500 micron beam [10^21 cm^-2].
| (58)     (N_H2)bg: Column density of local background [10^21 cm^-2].
| (59)     a_(N_H2): Estimate of source size (FWHM) along major axis in column density map [arcsec].
| (60)     b_(N_H2): Estimate of source size (FWHM) along minor axis in column density map [arcsec].
| (61)     PA_(N_H2): Position angle of source major axis in column density map [deg].
| (62)     N_SED: Number of bands in which the source is significant (Sig_lambda > 5)
| (63)     CSAR flag, equal to 1 if source found independently by CSAR within 6" of getsources source, 2 if source found within source 50% elliptical contour of getsources source, 3 if source found within the mask regions extracted using CSAR, and 0 otherwise.
| (64)     CuTEx flag, equal to 1 if source found independently by CuTEx within 6" of getsources source, 2 if source found within source 50% elliptical contour of getsources source, and 0 otherwise.
| (65)     Core type:  1=unbound starless, 2=prestellar, 3=candidate prestellar (non-robust), 4=dense core with embedded protostar, or -1=tentative additional candidate core
| (66)     SIMBAD association: Gives the names of the WISE candidate as found in Marton et al. 2016 all-sky YSO catalogue.
| (67)     WISE association: Gives the names of the WISE candidate as found in Marton et al. 2016 all-sky YSO catalogue.
| (68)     Spitzer association: Gives the names of the Spitzer candidate as found in Peterson et al. 2011 Spitzer Gould Belt Survey catalogue, as found in tables 4 and 7.
| (69)     Comments.
|     (1)        (2)             (3)           (4)          (5)	    (6)	            (7)	             (8)	    (9)	           (10)	           (11)	        (12)	(13)	(14)	(15)	   (16)	           (17)	             (18)	   (19)	           (20)	           (21)	        (22)	(23)	(24)	(25)	 (26)	            (27)	     (28)	   (29)	           (30)	           (31)	        (32)    (33)	(34)	 (35)	    (36)	   (37)	             (38)	    (39)	   (40)	           (41)	        (42)	(43)	(44)	(45)	   (46)	           (47)	             (48)	 (49)	   (50)	        (51)    (52)	(53)	(54)	  (55)	    (56)	   (57)    (58) (59)	(60)	(61)  (62)       (63)    (64)  (65)             (66)                                       (67)          (68)                       (69)
|
       1  185752.5-371441   18 57 52.59   -37 14 41.2      125	 1.60e+00	 1.69e-02	    78.56	 5.70e+01	 2.49e+00	 2.63e-02	 10	  8	 87	  52	 1.34e+00	 2.57e-02	    12.43	 3.81e+01	 1.32e+00	 2.54e-02	 13	 13	141	  34	 4.23e-01	 1.06e-02	     3.53	 1.06e+01	 3.69e-01	 9.26e-03	 18	 18	124	  11	 1.56e-01	 1.31e-02	     1.81	 4.05e+00	 1.31e-01	 1.10e-02	 24	 24	138	-999	 5.41e-02	 2.01e-02	     0.42      1.83e-02	 6.81e-03	 36	 36	156	  14	  0.69	     2.19	   0.17	   0.32	 18	 18	123	4	   0	   2	-1	LEDA 90315                              	             	CrA- 2       	spatially unresolved in col. dens, low mass candidate                                               
       2  185754.9-371433   18 57 54.91   -37 14 33.8       14	 2.20e-01	 1.65e-02	    25.31	 7.17e+00	 3.23e-01	 2.42e-02	  9	  8	108	  20	 5.17e-01	 2.79e-02	     5.03	 1.61e+01	 6.32e-01	 3.41e-02	 15	 13	 93	  24	 3.05e-01	 1.09e-02	     2.39	 7.65e+00	 2.59e-01	 9.29e-03	 18	 18	 67	   8	 1.22e-01	 1.34e-02	     1.32	 3.15e+00	 1.10e-01	 1.21e-02	 24	 24	 47	-999	 3.42e-02	 2.04e-02	     0.28      1.34e-02	 8.04e-03	 36	 36	 54	  11	  0.55	     1.36	   0.14	   0.41	 18	 18	 44	4	   0	   2	-1	2MASX J18575481-3714346                 	             	             	spatially unresolved in col. dens, low mass candidate                                               
       3  185936.3-370208   18 59 36.37   -37 02 08.1     -999	 7.44e-03	 7.84e-03	     0.48	 1.81e+00	 6.59e-02	 6.94e-02	 43	 25	 50	-999	 9.42e-03	 1.63e-02	     0.03	 1.08e+00	 9.52e-02	 1.65e-01	 41	 34	  1	   9	 1.30e-01	 1.88e-02	     0.24	 5.27e+00	 2.92e-01	 4.24e-02	 43	 18	 98	   7	 1.29e-01	 2.06e-02	     0.24	 4.14e+00	 1.45e-01	 2.32e-02	 42	 24	 95	-999	 7.25e-02	 2.59e-02	     0.12      4.11e-02	 1.47e-02	 42	 36	 95	   8	  0.60	     0.37	   0.23	   1.62	 35	 18	 97	2	   0	   0	 1	                                        	             	             	no SED fit                                                                                          
       4  185941.6-371156   18 59 41.69   -37 11 56.7       17	 2.15e-01	 1.48e-02	    17.83	 7.75e+00	 4.41e-01	 3.02e-02	 10	  8	135	  38	 9.44e-01	 2.31e-02	     3.09	 3.29e+01	 1.48e+00	 3.61e-02	 17	 13	117	  45	 6.29e-01	 1.47e-02	     1.34	 1.74e+01	 7.25e-01	 1.69e-02	 20	 18	113	  18	 2.81e-01	 9.65e-03	     0.66	 7.30e+00	 2.67e-01	 9.15e-03	 24	 24	115	   8	 1.18e-01	 1.41e-02	     0.32      1.02e-01	 1.21e-02	 36	 36	128	  18	  1.06	     0.93	   0.27	   1.14	 18	 18	108	5	   2	   2	 4	2MFGC 14676                             	             	             	spatially unresolved in col. dens                                                                   
       5  190008.1-370137   19 00 08.16   -37 01 37.9        8	-2.30e-02	 2.91e-03	    -4.47	-3.03e+00	-1.17e-01	 1.49e-02	 59	 10	100	  12	 1.70e-01	 2.56e-02	     0.28	 1.77e+01	 1.24e+00	 1.86e-01	 42	 28	 64	  25	 3.58e-01	 2.92e-02	     0.32	 1.68e+01	 1.17e+00	 9.55e-02	 37	 24	 54	  22	 3.55e-01	 2.91e-02	     0.32	 1.11e+01	 6.59e-01	 5.40e-02	 36	 25	 64	  14	 2.36e-01	 4.76e-02	     0.23      2.57e-01	 5.18e-02	 42	 36	 67	  19	  1.28	     0.41	   0.59	   3.15	 35	 24	 53	4	   2	   1	 3	                                        	             	             	                                                                                                    
       6  190011.2-365728   19 00 11.24   -36 57 28.5       16	-2.14e-02	 1.30e-03	   -44.00	-6.94e+00	-1.33e-01	 8.11e-03	 64	 34	148	   7	 1.12e-01	 2.19e-02	     0.20	 8.85e+00	 6.01e-01	 1.18e-01	 59	 16	 77	  13	 1.74e-01	 3.23e-02	     0.19	 8.47e+00	 6.29e-01	 1.17e-01	 40	 24	 69	  11	 1.62e-01	 4.71e-02	     0.18	 6.02e+00	 4.82e-01	 1.41e-01	 41	 35	 76	   9	 1.57e-01	 6.13e-02	     0.19      2.44e-01	 9.52e-02	 42	 37	 39	   8	  0.53	     0.21	   0.28	   2.55	 40	 29	 79	4	   0	   1	 1	2MASS J19001553-3657578                 	             	             	                                                                                                    
       7  190016.6-370043   19 00 16.68   -37 00 43.5        2	-1.42e-02	 8.05e-03	    -0.68	-3.83e+00	-9.13e-03	 5.17e-03	 55	 26	 76	  20	 2.88e-01	 7.26e-02	     0.34	 2.85e+01	 2.21e+00	 5.57e-01	 44	 25	 68	  37	 5.70e-01	 4.15e-02	     0.42	 3.18e+01	 2.75e+00	 2.01e-01	 43	 30	 82	  31	 5.30e-01	 4.24e-02	     0.40	 1.98e+01	 1.59e+00	 1.27e-01	 44	 33	 84	  23	 4.22e-01	 5.39e-02	     0.35      6.58e-01	 8.40e-02	 49	 36	 84	  20	  1.49	     0.45	   0.83	   3.29	 40	 31	 85	4	   2	   2	 3	                                        	             	             	                                                                                                    
       8  190021.9-370008   19 00 21.90   -37 00 08.5     -999	 6.10e-03	 1.05e-02	     0.15	 2.28e+00	 2.09e-01	 3.59e-01	 63	 47	 23	  13	 1.29e-01	 5.18e-02	     0.13	 9.22e+00	 6.99e-01	 2.80e-01	 57	 14	114	  22	 3.33e-01	 5.70e-02	     0.24	 1.82e+01	 1.48e+00	 2.54e-01	 40	 30	120	  17	 2.90e-01	 4.66e-02	     0.21	 9.91e+00	 6.82e-01	 1.10e-01	 43	 27	126	  10	 2.38e-01	 5.48e-02	     0.19      3.17e-01	 7.32e-02	 46	 36	128	  11	  0.84	     0.26	   0.43	   3.31	 39	 27	125	4	   3	   0	 3	                                        	             	             	no SED fit                                                                                          
       9  190023.0-365835   19 00 23.06   -36 58 35.4     -999	 1.11e-02	 1.12e-02	     0.32	 4.51e+00	-2.16e-03	-2.17e-03	 66	 59	 68	  12	 1.17e-01	 5.42e-02	     0.14	 1.40e+01	 1.30e+00	 6.01e-01	 60	 30	114	  21	 2.93e-01	 3.24e-02	     0.19	 1.49e+01	 1.17e+00	 1.29e-01	 44	 25	115	  19	 2.89e-01	 4.08e-02	     0.19	 9.64e+00	 6.70e-01	 9.44e-02	 46	 25	110	  15	 3.07e-01	 7.31e-02	     0.22      4.82e-01	 1.15e-01	 50	 36	102	  11	  0.73	     0.15	   0.31	   4.76	 44	 18	108	4	   0	   0	 3	DOBASHI 7605                            	             	             	                                                                                                    
      10  190023.5-371224   19 00 23.54   -37 12 24.8       21	 2.23e-01	 1.48e-02	     1.06	 1.52e+01	 9.35e-01	 6.18e-02	 14	 12	106	  49	 9.94e-01	 2.35e-02	     5.99	 4.19e+01	 2.59e+00	 6.11e-02	 18	 15	103	  53	 7.60e-01	 1.85e-02	     4.32	 2.29e+01	 1.39e+00	 3.39e-02	 21	 19	 59	  25	 4.10e-01	 1.29e-02	     2.78	 1.09e+01	 5.50e-01	 1.74e-02	 26	 24	 30	  12	 1.79e-01	 1.85e-02	     1.46      1.73e-01	 1.79e-02	 36	 36	 40	  19	  1.33	     2.67	   0.37	   0.50	 20	 18	 30	5	   2	   2	 4	6dFGS gJ190023.5-371224                 	             	CrA-39       	                                                                                                    
      11  190029.9-365719   19 00 29.98   -36 57 19.6        3	-1.24e-02	 4.12e-03	    -1.03	-1.26e+00	 3.82e-03	-1.27e-03	 51	  8	  4	-999	 6.42e-02	 2.71e-02	     0.08	 7.13e+00	 3.20e-01	 1.35e-01	 53	 27	 84	  18	 2.28e-01	 4.12e-02	     0.15	 9.33e+00	 5.51e-01	 9.96e-02	 38	 19	 77	  15	 2.72e-01	 3.80e-02	     0.18	 8.73e+00	 4.28e-01	 5.98e-02	 42	 24	 83	  11	 1.92e-01	 6.48e-02	     0.13      1.78e-01	 6.01e-02	 54	 36	 83	  15	  1.04	     0.21	   0.38	   5.03	 32	 18	 76	3	   0	   1	 3	ISO-CrA 85                              	             	             	no SED fit                                                                                          
      12  190044.4-365717   19 00 44.44   -36 57 17.9     -999	 1.03e-02	 1.04e-02	     0.29	 3.98e+00	-1.36e-01	-1.38e-01	 69	 49	108	-999	 8.55e-02	 2.29e-02	     0.10	 1.19e+01	 7.25e-01	 1.94e-01	 58	 42	 82	  10	 1.02e-01	 2.65e-02	     0.07	 6.22e+00	 5.67e-01	 1.47e-01	 57	 30	 92	   8	 1.24e-01	 3.21e-02	     0.08	 4.39e+00	 3.09e-01	 7.99e-02	 56	 26	 96	   7	 1.33e-01	 6.23e-02	     0.10      1.64e-01	 7.66e-02	 66	 36	 93	   8	  0.44	     0.11	   0.31	   4.15	 55	 43	 74	3	   0	   0	 1	                                        	             	             	                                                                                                    
      13  190047.2-365532   19 00 47.29   -36 55 32.2        8	-2.97e-02	 3.86e-03	     4.80	-3.85e+00	-5.82e-02	 7.58e-03	 51	 10	161	-999	 5.86e-02	 2.59e-02	     0.07	 8.06e+00	 7.42e-01	 3.28e-01	 51	 44	 29	  21	 3.27e-01	 8.10e-02	     0.19	 1.65e+01	 1.17e+00	 2.89e-01	 41	 25	134	  28	 5.43e-01	 1.37e-01	     0.28	 1.79e+01	 1.15e+00	 2.89e-01	 42	 26	133	  24	 6.27e-01	 1.15e-01	     0.34      8.23e-01	 1.50e-01	 46	 36	136	  31	  2.42	     0.31	   1.13	   7.75	 44	 22	132	3	   3	   2	 3	[WGL92] iras 16d                        	             	             	                                                                                                    
      14  190054.6-365517   19 00 54.62   -36 55 17.8     -999	 3.23e-04	 9.46e-03	     0.02	 1.51e-01	-5.35e-01	-1.57e+01	106	 86	 75	   7	 3.13e-02	 2.91e-02	     0.03	 2.83e+00	 3.44e-01	 3.20e-01	 86	 18	 47	  45	 8.42e-01	 9.14e-02	     0.50	 6.03e+01	 8.06e+00	 8.75e-01	 55	 45	 91	  76	 1.47e+00	 1.37e-01	     0.74	 6.46e+01	 8.35e+00	 7.75e-01	 59	 46	100	  93	 1.76e+00	 1.07e-01	     0.85      5.05e+00	 3.07e-01	 61	 49	103	 125	  9.35	     1.28	   6.60	   7.30	 55	 43	 98	4	   2	   2	 2	[SHK2011b] 8                            	             	             	no SED fit                                                                                          
      15  190058.7-364951   19 00 58.77   -36 49 51.5     -999	 1.03e-02	 7.56e-03	     0.70	 4.36e+00	 4.07e-01	 3.00e-01	 74	 67	 42	-999	 8.51e-02	 2.44e-02	     0.21	 1.37e+01	 1.67e+00	 4.79e-01	 70	 58	150	   9	 1.38e-01	 3.88e-02	     0.25	 9.14e+00	 8.52e-01	 2.39e-01	 50	 38	 49	   9	 1.39e-01	 4.71e-02	     0.26	 5.47e+00	 4.18e-01	 1.42e-01	 50	 35	 33	   6	 1.02e-01	 4.55e-02	     0.20      1.45e-01	 6.44e-02	 50	 36	 16	   7	  0.46	     0.28	   0.27	   1.63	 53	 28	 57	3	   0	   0	 1	CRTS J190100.7-364942                   	             	             	no SED fit                                                                                          
      16  190100.5-365809   19 01 00.58   -36 58 09.7     -999	 2.99e-02	 1.38e-02	     0.57	 1.22e+01	 2.46e-01	 1.13e-01	 70	 58	 32	-999	 2.14e-02	 2.87e-02	     0.03	 3.37e+00	 5.68e-01	 7.60e-01	 62	 58	113	  14	 1.98e-01	 6.96e-02	     0.20	 1.22e+01	 7.96e-01	 2.80e-01	 48	 33	 50	  12	 1.79e-01	 7.42e-02	     0.19	 6.75e+00	 4.46e-01	 1.85e-01	 50	 31	 58	  11	 1.66e-01	 8.35e-02	     0.19      1.91e-01	 9.61e-02	 42	 36	 51	  12	  0.61	     0.21	   0.27	   2.94	 52	 18	 51	3	   0	   0	 1	2MASS J19010110-3658344                 	             	             	no SED fit                                                                                          
      17  190101.8-365358   19 01 01.90   -36 53 58.2     -999	 7.16e-03	 5.58e-03	     0.70	 1.72e+00	 1.47e-01	 1.14e-01	 39	 26	  5	-999	 2.65e-02	 2.62e-02	     0.03	 2.40e+00	 1.23e-01	 1.21e-01	 39	 23	156	  16	 3.52e-01	 8.97e-02	     0.19	 1.63e+01	 9.99e-01	 2.55e-01	 33	 26	160	  22	 6.60e-01	 1.13e-01	     0.32	 2.12e+01	 1.19e+00	 2.05e-01	 32	 30	 93	  28	 8.02e-01	 9.05e-02	     0.40      1.11e+00	 1.25e-01	 49	 36	 93	  30	  3.63	     0.52	   1.65	   7.03	 32	 25	174	3	   3	   2	 2	GAL 359-17                              	             	             	                                                                                                    
      18  190104.3-365440   19 01 04.35   -36 54 40.5        0	-2.80e-02	 1.00e-30	   -75.16	-3.55e+00	 4.84e-02	-1.73e-30	 37	 12	 37	   8	 1.16e-01	 3.82e-02	     0.12	 8.33e+00	 4.39e-01	 1.44e-01	 32	 19	130	  23	 5.04e-01	 8.43e-02	     0.28	 2.14e+01	 1.31e+00	 2.19e-01	 31	 23	103	  19	 5.84e-01	 1.29e-01	     0.28	 2.07e+01	 1.26e+00	 2.79e-01	 40	 31	169	  16	 8.06e-01	 9.64e-02	     0.44      1.22e+00	 1.46e-01	 48	 36	171	  13	  3.02	     0.52	   1.59	   5.78	 35	 31	162	4	   3	   1	 2	[SHK2011b] 17                           	             	             	                                                                                                    
      19  190106.7-365417   19 01 06.78   -36 54 17.1     -999	 6.41e-03	 8.98e-03	     0.30	 3.06e+00	 1.98e-01	 2.77e-01	111	 97	145	  12	 1.85e-01	 4.31e-02	     0.18	 2.45e+01	 2.52e+00	 5.86e-01	 70	 34	149	  36	 8.26e-01	 1.19e-01	     0.44	 5.51e+01	 7.39e+00	 1.07e+00	 55	 37	115	  46	 1.11e+00	 1.25e-01	     0.51	 4.90e+01	 6.75e+00	 7.66e-01	 60	 47	 28	  58	 1.45e+00	 1.03e-01	     0.87      3.43e+00	 2.44e-01	 62	 39	 35	  64	  6.63	     1.33	   4.79	   5.00	 56	 46	 10	4	   1	   1	 2	[CKR2003] MMS 3                         	             	             	                                                                                                    
      20  190108.7-365721   19 01 08.74   -36 57 21.6      822	 1.29e+01	 1.78e-02	   151.22	 4.61e+02	 2.02e+01	 2.78e-02	 10	  8	139	 521	 1.47e+01	 1.11e-01	    17.60	 4.19e+02	 1.38e+01	 1.04e-01	 13	 13	139	 568	 8.31e+00	 1.55e-01	     7.60	 2.09e+02	 6.44e+00	 1.20e-01	 18	 18	 90	 266	 4.47e+00	 1.17e-01	     4.28	 1.16e+02	 3.82e+00	 9.99e-02	 24	 24	 34	 132	 2.20e+00	 1.05e-01	     2.27      1.75e+00	 8.34e-02	 36	 36	 31	 271	 17.97	     7.15	   4.52	   2.51	 18	 18	 69	5	   2	   2	 4	V S CrA                                 	J190108.61-36	S CrA        	spatially unresolved in col. dens                                                                   
      21  190110.8-365415   19 01 10.83   -36 54 15.3     -999	 3.09e-19	 6.82e-03	     0.00	 7.75e-17	 6.94e-19	 1.53e-02	 39	 28	 14	   8	 1.88e-01	 6.46e-02	     0.18	 5.37e+00	 2.58e-01	 8.87e-02	 13	 13	 20	  26	 5.34e-01	 1.64e-01	     0.25	 1.43e+01	 7.23e-01	 2.21e-01	 19	 18	 31	  20	 9.53e-01	 2.58e-01	     0.46	 2.60e+01	 1.27e+00	 3.44e-01	 27	 24	 41	  31	 1.06e+00	 1.70e-01	     0.56      1.44e+00	 2.30e-01	 43	 36	 29	  19	  3.92	     0.71	   1.06	   5.51	 19	 18	 50	4	   3	   2	 2	[CKR2003] MMS 4                         	             	             	no SED fit                                                                                          
      22  190111.8-365933   19 01 11.88   -36 59 33.9     -999	 9.31e-04	 8.86e-03	     0.04	 2.65e-02	 1.50e-01	 1.42e+00	  8	  8	  0	-999	 4.76e-02	 1.54e-02	     0.09	 4.73e+00	 1.98e-01	 6.43e-02	 38	 28	127	  13	 1.70e-01	 2.10e-02	     0.24	 4.84e+00	 2.23e-01	 2.76e-02	 20	 19	 16	   9	 1.43e-01	 2.60e-02	     0.21	 3.83e+00	 1.36e-01	 2.48e-02	 26	 24	 46	-999	 2.75e-02	 5.98e-02	     0.04      1.15e-02	 2.49e-02	 37	 36	 21	   8	  0.58	     0.31	   0.17	   1.85	 22	 18	 25	2	   0	   1	 3	                                        	             	             	no SED fit                                                                                          
      23  190114.2-365405   19 01 14.24   -36 54 05.3        5	-1.75e-02	 3.79e-03	    -2.50	-7.71e+00	-6.63e-01	 1.44e-01	 87	 70	 78	   8	 7.12e-03	 3.21e-02	     0.01	 7.53e-01	 6.69e-01	 3.02e+00	101	 21	 32	  27	 1.81e-01	 1.51e-01	     0.06	 1.07e+01	 1.59e+00	 1.33e+00	107	 24	113	  32	 8.72e-01	 2.72e-01	     0.38	 3.84e+01	 4.41e+00	 1.38e+00	 67	 43	 77	  36	 9.06e-01	 2.35e-01	     0.43      2.83e+00	 7.34e-01	 57	 55	141	  46	  4.65	     0.76	   3.63	   6.11	 65	 54	 30	4	   3	   1	 3	[CKR2003] MMS 5                         	             	             	no SED fit                                                                                          
      24  190116.2-365429   19 01 16.27   -36 54 29.2        3	-1.62e-02	 6.26e-03	    -1.38	-2.57e+00	-4.42e-02	 1.71e-02	 46	 14	162	-999	 1.81e-02	 1.13e-02	     0.01	 1.77e+00	 7.92e-02	 4.97e-02	 40	 26	 41	  13	 2.00e-01	 1.31e-01	     0.07	 8.03e+00	 3.96e-01	 2.59e-01	 40	 18	 50	  13	 5.06e-01	 2.95e-01	     0.19	 1.78e+01	 1.09e+00	 6.33e-01	 48	 28	 94	  13	 4.12e-01	 2.50e-01	     0.17      6.53e-01	 3.97e-01	 48	 39	 74	  16	  1.54	     0.21	   0.55	   7.38	 31	 18	  1	3	   3	   1	 3	[SHK2011b] 18                           	             	             	no SED fit                                                                                          
      25  190119.6-365927   19 01 19.70   -36 59 27.3     -999	 3.11e-02	 1.39e-02	     0.59	 1.09e+01	 4.99e-02	 2.23e-02	 54	 45	  6	   9	 1.22e-01	 2.08e-02	     0.17	 1.12e+01	 6.77e-01	 1.15e-01	 36	 25	134	  25	 4.03e-01	 2.97e-02	     0.35	 2.08e+01	 1.38e+00	 1.01e-01	 34	 30	 69	  23	 5.18e-01	 4.24e-02	     0.46	 1.62e+01	 9.62e-01	 7.88e-02	 32	 28	 35	  16	 3.34e-01	 3.79e-02	     0.33      3.11e-01	 3.53e-02	 36	 36	 81	  19	  1.80	     0.61	   0.95	   2.95	 36	 30	 46	4	   0	   1	 3	[FP2007] J190118.29-365906.7            	             	             	                                                                                                    
      26  190121.6-365423   19 01 21.61   -36 54 23.9     -999	 1.50e-02	 1.44e-02	     0.32	 4.50e+00	 1.33e-01	 1.28e-01	 46	 35	101	  33	 4.38e-01	 5.05e-02	     0.31	 3.07e+01	 1.88e+00	 2.16e-01	 34	 18	119	  77	 1.00e+00	 2.08e-01	     0.37	 3.67e+01	 2.10e+00	 4.35e-01	 31	 19	113	  61	 9.86e-01	 4.61e-01	     0.36	 2.96e+01	 1.50e+00	 7.04e-01	 34	 24	116	  40	 7.55e-01	 3.71e-01	     0.31      7.44e-01	 3.66e-01	 36	 36	125	  45	  3.55	     0.43	   1.29	   8.32	 28	 20	123	4	   2	   2	 3	[SHJ2008] G-100                         	             	             	no SED fit                                                                                          
      27  190126.1-370143   19 01 26.12   -37 01 43.9     -999	 6.94e-03	 1.28e-02	     0.21	 3.12e+00	-1.70e-01	-3.12e-01	 94	 74	157	   7	 1.16e-01	 5.40e-02	     0.26	 1.76e+01	 1.79e+00	 8.34e-01	 67	 48	 52	  14	 1.76e-01	 8.92e-02	     0.23	 1.11e+01	 1.12e+00	 5.68e-01	 58	 31	 94	  10	 1.64e-01	 7.34e-02	     0.22	 6.09e+00	 5.78e-01	 2.59e-01	 58	 29	 94	   7	 8.75e-02	 9.11e-02	     0.11      1.30e-01	 1.36e-01	 58	 36	 89	   8	  0.59	     0.30	   0.37	   1.96	 66	 29	 93	4	   0	   0	 1	ISO-CrA 132                             	             	             	no SED fit                                                                                          
      28  190129.8-370016   19 01 29.84   -37 00 16.2     -999	 4.13e-02	 1.55e-02	     0.68	 1.37e+01	 2.83e-01	 1.06e-01	 51	 41	 44	  13	 1.71e-01	 5.17e-02	     0.23	 1.55e+01	 9.09e-01	 2.74e-01	 41	 23	137	  23	 2.40e-01	 1.29e-01	     0.21	 1.18e+01	 7.02e-01	 3.78e-01	 40	 25	109	  15	 2.78e-01	 1.99e-01	     0.26	 8.80e+00	 5.26e-01	 3.77e-01	 34	 27	 83	-999	 7.90e-02	 7.45e-02	     0.07      4.94e-02	 4.66e-02	 42	 36	 72	  13	  0.87	     0.31	   0.45	   2.80	 41	 27	130	3	   0	   1	 1	[WMB97] 185809.2-370450                 	             	             	no SED fit                                                                                          
      29  190131.8-372125   19 01 31.88   -37 21 25.8     -999	 2.89e-02	 1.31e-02	     0.84	 1.16e+01	 2.55e-01	 1.15e-01	 65	 59	 93	   9	 1.43e-01	 1.84e-02	     0.40	 1.60e+01	 9.23e-01	 1.18e-01	 50	 29	 92	  11	 1.89e-01	 2.36e-02	     0.32	 1.00e+01	 8.37e-01	 1.04e-01	 42	 27	 81	  13	 2.02e-01	 4.62e-02	     0.33	 6.51e+00	 4.30e-01	 9.86e-02	 43	 24	 81	  14	 2.14e-01	 6.15e-02	     0.44      3.27e-01	 9.41e-02	 47	 36	 77	   7	  0.63	     0.37	   0.33	   1.69	 42	 26	 80	4	   3	   0	 1	                                        	             	             	                                                                                                    
      30  190133.2-365623   19 01 33.26   -36 56 23.7     -999	 2.11e-02	 1.91e-02	     0.21	 7.68e+00	 1.78e-01	 1.61e-01	 60	 46	 59	  56	 9.60e-01	 1.43e-01	     0.37	 8.81e+01	 6.66e+00	 9.89e-01	 38	 24	141	 122	 1.84e+00	 7.19e-01	     0.41	 8.88e+01	 6.65e+00	 2.60e+00	 37	 25	138	 119	 2.00e+00	 1.12e+00	     0.44	 6.87e+01	 4.80e+00	 2.69e+00	 42	 28	139	  81	 1.52e+00	 9.00e-01	     0.40      1.90e+00	 1.13e+00	 38	 36	171	  79	  6.11	     0.54	   3.00	  11.33	 38	 25	143	4	   1	   1	 3	[PCB2011] Spitzer outflow 2             	             	             	no SED fit                                                                                          
      31  190138.0-370840   19 01 38.07   -37 08 40.9     -999	 2.29e-02	 1.24e-02	     0.63	 8.86e+00	-5.44e-02	-2.94e-02	 58	 57	128	   7	 8.21e-02	 2.54e-02	     0.30	 9.37e+00	 8.04e-01	 2.49e-01	 42	 33	170	  13	 2.68e-01	 3.54e-02	     0.57	 1.75e+01	 1.62e+00	 2.14e-01	 45	 41	134	  12	 2.82e-01	 6.33e-02	     0.61	 1.09e+01	 8.52e-01	 1.91e-01	 48	 35	162	  11	 2.15e-01	 9.33e-02	     0.49      3.41e-01	 1.48e-01	 44	 38	150	   8	  0.82	     0.56	   0.43	   1.46	 48	 25	168	4	   0	   0	 3	                                        	             	             	                                                                                                    
      32  190138.5-371639   19 01 38.54   -37 16 39.1        2	-8.03e-03	 3.62e-03	    -1.26	-1.12e+00	 2.35e-02	-1.06e-02	 43	 12	102	   6	 4.83e-02	 2.44e-02	     0.11	 3.86e+00	 3.03e-01	 1.53e-01	 54	 17	149	  19	 2.79e-01	 1.05e-01	     0.45	 1.17e+01	 7.17e-01	 2.70e-01	 33	 22	105	  17	 2.21e-01	 7.89e-02	     0.37	 6.39e+00	 2.43e-01	 8.67e-02	 31	 24	120	-999	 6.78e-02	 4.95e-02	     0.10      6.42e-02	 4.69e-02	 42	 36	171	  11	  0.85	     0.50	   0.36	   1.70	 34	 21	118	3	   3	   0	 1	                                        	             	             	no SED fit                                                                                          
      33  190139.0-365302   19 01 39.03   -36 53 02.7     1823	 1.19e+01	 9.66e-01	     0.66	 1.74e+03	 1.01e+02	 8.21e+00	 31	 15	 96	1093	 1.93e+01	 1.95e+00	     1.23	 1.07e+03	 6.40e+01	 6.44e+00	 26	 16	105	 638	 1.01e+01	 1.50e+00	     0.84	 3.30e+02	 1.77e+01	 2.64e+00	 25	 18	 72	 305	 5.21e+00	 1.65e+00	     0.59	 1.55e+02	 7.14e+00	 2.27e+00	 33	 24	 64	 191	 3.04e+00	 1.65e+00	     0.47      3.65e+00	 1.98e+00	 38	 36	 51	 120	 10.66	     1.54	   3.41	   6.91	 26	 18	 71	5	   0	   2	 3	[HHD2008] A 346                         	             	             	reflection nebula?                                                                                  
      34  190141.6-365249   19 01 41.67   -36 52 49.7     2373	 2.69e+01	 7.76e-01	     0.92	 3.01e+03	 1.93e+02	 5.58e+00	 18	 17	125	1315	 2.67e+01	 1.93e+00	     2.03	 1.40e+03	 8.78e+01	 6.37e+00	 21	 17	 84	 660	 1.06e+01	 1.77e+00	     0.96	 3.92e+02	 2.07e+01	 3.46e+00	 27	 21	 76	 273	 4.76e+00	 1.80e+00	     0.62	 1.33e+02	 6.19e+00	 2.35e+00	 28	 24	 62	 138	 2.69e+00	 1.60e+00	     0.49      2.55e+00	 1.51e+00	 36	 36	 44	 150	 11.43	     2.14	   3.36	   5.34	 22	 18	 75	5	   0	   2	 2	AX 1858.3-3656                          	             	             	no SED fit, reflection nebula?                                                                      
      35  190141.6-365717   19 01 41.69   -36 57 17.6        9	 8.46e-02	 3.17e-02	     0.35	 5.47e+00	 2.14e-01	 8.01e-02	 21	  8	131	  35	 1.05e+00	 1.09e-01	     0.30	 4.69e+01	 1.36e+00	 1.41e-01	 21	 14	167	  61	 9.79e-01	 3.90e-01	     0.17	 2.63e+01	 5.74e-01	 2.29e-01	 20	 18	158	  19	 3.98e-01	 8.23e-01	     0.07	 1.03e+01	-3.05e-01	-6.31e-01	 24	 24	172	-999	 8.22e-01	 5.27e-01	     0.15      1.14e+00	 7.35e-01	 45	 36	127	  40	  2.73	     0.24	   0.76	  11.50	 20	 18	 94	3	   2	   2	 3	[SHJ2008] G-122                         	             	             	no SED fit                                                                                          
      36  190141.7-365832   19 01 41.71   -36 58 32.8     2708	 5.37e+01	 3.26e-02	   317.73	 1.53e+03	 7.95e+01	 4.82e-02	  8	  8	 20	2138	 5.76e+01	 7.29e-01	    12.02	 1.64e+03	 5.72e+01	 7.23e-01	 13	 13	150	2264	 3.42e+01	 9.75e-01	     6.22	 8.59e+02	 3.05e+01	 8.70e-01	 18	 18	 42	 988	 1.67e+01	 1.71e+00	     3.69	 4.34e+02	 1.57e+01	 1.61e+00	 24	 24	 60	 486	 8.18e+00	 1.78e+00	     1.94      7.20e+00	 1.57e+00	 36	 36	177	 934	 69.27	     8.77	  17.41	   7.90	 18	 18	 53	5	   2	   2	 4	2MASS J19014156-3658312                 	J190141.58-36	IRS 2        	spatially unresolved in col. dens                                                                   
      37  190144.9-370131   19 01 44.95   -37 01 31.8     -999	 2.05e-03	 6.83e-03	     0.16	 9.43e-01	 6.78e-02	 2.25e-01	 93	 84	135	   8	 1.27e-01	 6.59e-02	     0.21	 1.79e+01	 1.41e+00	 7.34e-01	 66	 40	153	  17	 2.18e-01	 1.82e-01	     0.15	 9.91e+00	 1.41e-01	 1.18e-01	 32	 25	144	  12	 1.95e-01	 2.87e-01	     0.13	 6.84e+00	 3.73e-01	 5.50e-01	 61	 25	154	  16	 2.18e-01	 3.45e-02	     0.20      1.94e-01	 3.07e-02	 63	 38	127	  11	  0.92	     0.24	   0.55	   3.87	 66	 27	155	4	   0	   1	-1	[WMB97] 185824.1-370511                 	             	             	no SED fit, low 250 micron flux                                                                     
      38  190146.1-365535   19 01 46.10   -36 55 35.7        1	-1.13e-02	 1.65e-02	    -0.06	-9.54e-01	-6.37e-03	 9.31e-03	 33	  8	119	-999	 3.64e-19	 7.76e-01	     0.00	 1.04e-17	 2.14e-01	 4.56e+17	 13	 13	 87	 249	 3.36e+00	 1.50e+00	     0.24	 1.12e+02	 6.12e+00	 2.73e+00	 27	 18	  2	 467	 8.76e+00	 1.09e+00	     0.71	 2.43e+02	 1.15e+01	 1.43e+00	 28	 24	175	 573	 1.00e+01	 1.44e+00	     1.27      1.24e+01	 1.79e+00	 41	 36	179	 430	 35.90	     0.88	  13.80	  40.64	 28	 21	146	3	   2	   2	 2	JCMTSF J190145.9-365533                 	             	             	no SED fit                                                                                          
      39  190146.2-370311   19 01 46.23   -37 03 11.6     -999	 1.86e-03	 7.82e-03	     0.12	 4.17e-01	-9.28e-02	-3.91e-01	 33	 27	173	-999	 1.03e-01	 2.97e-02	     0.20	 8.20e+00	 3.54e-01	 1.02e-01	 32	 22	 58	  11	 1.85e-01	 8.07e-02	     0.23	 6.27e+00	 2.60e-01	 1.14e-01	 27	 18	 37	   8	 1.40e-01	 7.20e-02	     0.17	 3.77e+00	 1.43e-01	 7.35e-02	 26	 24	 38	-999	 3.99e-02	 1.84e-01	     0.05      2.20e-02	 1.02e-01	 36	 36	 54	   6	  0.52	     0.20	   0.16	   2.57	 23	 18	 29	2	   0	   0	 3	[FP2007] J190146.18-370241.8            	             	             	no SED fit                                                                                          
      40  190147.2-365639   19 01 47.28   -36 56 39.8     -999	 7.67e-02	 5.26e-02	     0.18	 1.41e+01	 7.01e-01	 4.81e-01	 30	 21	 23	  63	 2.33e+00	 1.45e+00	     0.24	 1.30e+02	 6.50e+00	 4.05e+00	 35	 13	168	 396	 1.13e+01	 2.03e+00	     0.83	 4.35e+02	 2.25e+01	 4.05e+00	 32	 19	176	 312	 1.22e+01	 1.38e+00	     1.08	 3.62e+02	 1.82e+01	 2.06e+00	 33	 24	165	 295	 1.17e+01	 1.25e+00	     1.61      1.24e+01	 1.32e+00	 36	 36	 39	 297	 37.15	     1.42	  12.53	  26.24	 28	 18	  1	4	   3	   1	 2	JCMTSF J190146.0-365627                 	             	             	                                                                                                    
      41  190150.7-365634   19 01 50.77   -36 56 34.5      187	 2.03e+00	 3.04e-01	     0.81	 1.77e+02	 7.78e+00	 1.16e+00	 19	 13	 75	 403	 9.10e+00	 2.94e+00	     0.80	 3.45e+02	 1.46e+01	 4.72e+00	 17	 15	107	 482	 8.23e+00	 2.39e+00	     0.53	 2.65e+02	 1.03e+01	 2.99e+00	 26	 18	 94	 159	 6.60e+00	 1.42e+00	     0.56	 1.85e+02	 9.29e+00	 2.00e+00	 28	 25	178	  22	 7.65e+00	 1.26e+00	     0.95      1.24e+01	 2.03e+00	 54	 36	  0	 180	 18.26	     0.86	   5.66	  21.27	 24	 18	 95	5	   2	   2	 4	AX 1858.4-3700                          	             	CrA-42       	no SED fit                                                                                          
      42  190150.9-365809   19 01 50.99   -36 58 09.7     3285	 6.26e+01	 4.16e-01	    20.19	 2.13e+03	 9.88e+01	 6.56e-01	 10	  8	 95	1871	 5.52e+01	 6.20e+00	     3.60	 1.57e+03	 5.06e+01	 5.69e+00	 13	 13	170	1456	 2.86e+01	 2.38e+00	     1.49	 7.18e+02	 2.51e+01	 2.09e+00	 18	 18	 52	 496	 2.22e+01	 1.97e+00	     1.98	 6.58e+02	 2.95e+01	 2.61e+00	 33	 24	 17	  91	 1.31e+01	 1.32e+00	     1.76      1.36e+01	 1.37e+00	 36	 36	 21	 496	 51.02	     2.09	  14.06	  24.42	 20	 18	 37	5	   3	   2	 4	V V710 CrA                              	             	IRS 1        	                                                                                                    
      43  190153.6-365448   19 01 53.61   -36 54 48.5        1	-1.42e-02	 1.31e-02	    -0.14	-1.14e+00	 1.66e-03	-1.54e-03	 30	  8	 89	  30	 6.63e-01	 2.82e-01	     0.23	 4.66e+01	 2.40e+00	 1.02e+00	 26	 22	 95	  92	 1.66e+00	 6.24e-01	     0.34	 6.20e+01	 3.62e+00	 1.36e+00	 25	 23	 91	  55	 1.20e+00	 8.03e-01	     0.25	 3.35e+01	 1.55e+00	 1.04e+00	 28	 25	104	  12	 6.02e-01	 9.13e-01	     0.13      6.15e-01	 9.33e-01	 47	 36	161	  43	  3.57	     0.33	   1.46	  10.85	 28	 23	116	4	   2	   1	 3	[HHD2008] A 466                         	             	             	no SED fit                                                                                          
      44  190154.4-365748   19 01 54.45   -36 57 48.9     -999	 3.79e-01	 9.23e-01	     0.08	 3.27e+01	 1.92e+00	 4.69e+00	 18	 13	 82	1056	 3.23e+01	 8.91e+00	     0.75	 1.18e+03	 5.20e+01	 1.43e+01	 18	 13	  4	4048	 7.56e+01	 2.54e+00	     2.36	 2.34e+03	 9.46e+01	 3.17e+00	 24	 18	 20	3739	 4.64e+01	 1.66e+00	     2.62	 1.20e+03	 4.87e+01	 1.75e+00	 24	 24	 27	3051	 1.33e+01	 1.24e+00	     1.70      1.34e+01	 1.25e+00	 36	 36	 11	1572	134.30	     4.02	  37.23	  33.37	 20	 18	  7	4	   3	   2	 2	vdA 2                                   	             	             	                                                                                                    
      45  190155.4-370052   19 01 55.48   -37 00 52.9       19	-2.33e-02	 1.25e-03	    10.45	-2.86e+00	-7.46e-02	 3.99e-03	 38	 11	 91	  24	 4.52e-01	 7.63e-02	     0.33	 4.58e+01	 3.23e+00	 5.45e-01	 38	 29	 26	  91	 1.70e+00	 1.23e-01	     0.53	 8.76e+01	 5.79e+00	 4.20e-01	 34	 30	175	 117	 2.28e+00	 6.83e-01	     0.63	 7.18e+01	 4.00e+00	 1.20e+00	 33	 27	 33	 120	 1.80e+00	 9.76e-01	     0.52      2.12e+00	 1.15e+00	 39	 36	 53	 113	  9.62	     0.68	   4.78	  14.23	 35	 28	 14	4	   1	   2	 2	[SHK2011b] 9                            	             	             	                                                                                                    
      46  190155.7-364715   19 01 55.73   -36 47 15.9     -999	 1.51e-02	 1.19e-02	     0.49	 6.30e+00	 5.49e-01	 4.31e-01	 69	 64	 53	-999	 7.25e-02	 2.57e-02	     0.15	 1.15e+01	 1.29e+00	 4.56e-01	 65	 58	 34	   7	 1.18e-01	 4.80e-02	     0.16	 5.36e+00	 4.12e-01	 1.67e-01	 42	 21	 70	   7	 1.44e-01	 5.32e-02	     0.20	 5.00e+00	 3.97e-01	 1.47e-01	 44	 28	 64	-999	 1.12e-01	 5.09e-02	     0.15      1.42e-01	 6.49e-02	 51	 36	 52	   6	  0.58	     0.31	   0.30	   1.92	 41	 26	 64	2	   0	   0	 1	2MASS J19015877-3647177                 	             	             	no SED fit                                                                                          
      47  190155.8-365746   19 01 55.86   -36 57 46.9      741	 8.00e+00	 2.16e+00	     0.67	 6.65e+02	 3.48e+01	 9.38e+00	 16	 14	161	5025	 9.00e+01	 9.14e+00	     2.14	 4.96e+03	 2.28e+02	 2.31e+01	 28	 15	176	6869	 1.11e+02	 2.51e+00	     4.02	 3.55e+03	 1.69e+02	 3.82e+00	 26	 18	  3	4742	 7.20e+01	 1.69e+00	     4.71	 1.87e+03	 7.63e+01	 1.79e+00	 24	 24	 12	3272	 3.75e+01	 1.22e+00	     4.77      3.65e+01	 1.19e+00	 36	 36	 15	2187	173.50	     5.20	  53.45	  33.37	 24	 18	176	5	   1	   2	 2	CHLT 13                                 	             	             	                                                                                                    
      48  190156.4-365729   19 01 56.40   -36 57 29.4     1850	 5.59e+01	 5.58e+00	     3.41	 1.96e+03	 1.52e+02	 1.52e+01	 10	  8	 16	3948	 1.41e+02	 8.45e+00	     3.25	 4.74e+03	 2.05e+02	 1.23e+01	 16	 13	173	4962	 1.05e+02	 2.60e+00	     3.79	 2.66e+03	 1.23e+02	 3.05e+00	 18	 18	173	3457	 5.60e+01	 1.74e+00	     3.51	 1.45e+03	 5.83e+01	 1.81e+00	 24	 24	138	2798	 2.37e+01	 1.25e+00	     2.87      2.36e+01	 1.24e+00	 36	 36	140	1053	120.80	     4.53	  31.54	  26.64	 19	 18	  8	5	   3	   2	 4	[NWA2005] SMM 1B                        	             	IRS 7B (=7E) 	                                                                                                    
      49  190158.5-370106   19 01 58.57   -37 01 06.1     -999	 7.45e-03	 8.33e-03	     0.47	 1.76e+00	 2.79e-03	 3.12e-03	 38	 26	 16	  14	 3.01e-01	 5.48e-02	     0.21	 1.55e+01	 7.98e-01	 1.45e-01	 25	 15	 32	  47	 1.09e+00	 7.49e-02	     0.33	 3.41e+01	 1.55e+00	 1.07e-01	 25	 18	 70	  59	 1.41e+00	 4.70e-01	     0.38	 3.70e+01	 1.64e+00	 5.48e-01	 25	 24	 29	  62	 1.02e+00	 8.28e-01	     0.28      1.23e+00	 1.00e+00	 44	 36	 26	  52	  5.87	     0.39	   1.87	  15.07	 24	 18	 67	4	   3	   1	 2	[GMM2009] CrA 9                         	             	G09 CrA-9    	no SED fit                                                                                          
      50  190158.9-365709   19 01 58.94   -36 57 09.9      173	 3.24e+00	 8.77e-01	     0.77	 2.28e+02	 7.19e+00	 1.95e+00	 19	 10	120	 478	 1.34e+01	 4.50e+00	     0.87	 4.87e+02	 1.34e+01	 4.50e+00	 18	 13	 97	 871	 2.22e+01	 2.27e+00	     1.75	 6.09e+02	 2.56e+01	 2.61e+00	 20	 18	144	 231	 1.24e+01	 1.85e+00	     0.98	 3.38e+02	 1.40e+01	 2.08e+00	 27	 24	 16	  59	 1.03e+01	 1.26e+00	     1.34      1.06e+01	 1.29e+00	 36	 36	 13	 582	 41.09	     2.79	  10.33	  14.74	 18	 18	 30	5	   2	   2	 2	[GMM2009] CrA 10                        	             	CrA-43       	spatially unresolved in col. dens                                                                   
      51  190159.0-371916   19 01 59.10   -37 19 16.1     -999	 8.59e-03	 9.09e-03	     0.48	 3.34e+00	 2.24e-01	 2.37e-01	 59	 57	 39	-999	 6.87e-02	 2.50e-02	     0.17	 9.66e+00	 9.20e-01	 3.36e-01	 54	 45	 34	  12	 2.57e-01	 4.27e-02	     0.45	 1.54e+01	 1.27e+00	 2.11e-01	 44	 34	 56	   9	 1.70e-01	 3.54e-02	     0.28	 6.17e+00	 4.22e-01	 8.80e-02	 40	 33	 68	-999	 1.26e-01	 2.28e-02	     0.17      1.78e-01	 3.23e-02	 44	 36	114	   9	  0.90	     0.48	   0.51	   1.89	 43	 31	 69	2	   3	   0	 1	                                        	             	             	no SED fit                                                                                          
      52  190159.8-371814   19 01 59.89   -37 18 14.3       15	-9.67e-03	 6.50e-04	    -8.76	-1.32e+00	-1.28e-01	 8.62e-03	 67	 10	 38	-999	 9.19e-02	 2.65e-02	     0.18	 1.05e+01	 9.69e-01	 2.79e-01	 38	 36	 74	  17	 3.03e-01	 1.01e-01	     0.41	 1.51e+01	 1.19e+00	 3.98e-01	 37	 27	 53	  19	 3.10e-01	 1.08e-01	     0.40	 1.17e+01	 8.74e-01	 3.05e-01	 45	 34	 72	  14	 2.56e-01	 1.01e-01	     0.35      3.26e-01	 1.29e-01	 43	 36	 53	  16	  1.31	     0.51	   0.65	   2.55	 39	 25	 72	3	   3	   2	 3	                                        	             	             	no SED fit                                                                                          
      53  190200.7-365508   19 02 00.79   -36 55 08.8        2	-1.85e-02	 1.17e-02	    -0.24	-4.72e+00	 1.07e-02	-6.78e-03	 41	 28	 19	  23	 3.92e-01	 3.42e-01	     0.21	 3.78e+01	 2.62e+00	 2.28e+00	 41	 25	102	  85	 1.24e+00	 3.15e-01	     0.40	 6.13e+01	 4.37e+00	 1.11e+00	 34	 28	113	  86	 1.33e+00	 6.73e-01	     0.42	 4.28e+01	 2.48e+00	 1.26e+00	 35	 28	111	  54	 8.06e-01	 5.87e-01	     0.26      7.60e-01	 5.54e-01	 37	 36	 89	  64	  4.29	     0.55	   1.96	   7.83	 32	 25	110	4	   2	   1	 3	[FP2007] J190200.49-365507.2            	             	             	no SED fit                                                                                          
      54  190204.1-371719   19 02 04.12   -37 17 19.6        3	-1.06e-02	 3.30e-03	     1.83	-1.56e+00	-1.87e-03	 5.84e-04	 43	 13	  7	-999	 6.93e-02	 2.41e-02	     0.17	 5.54e+00	 3.48e-01	 1.21e-01	 31	 23	 36	  12	 1.79e-01	 8.21e-02	     0.26	 8.51e+00	 5.42e-01	 2.49e-01	 32	 27	 76	  11	 1.49e-01	 5.75e-02	     0.21	 4.45e+00	 2.35e-01	 9.05e-02	 30	 27	 97	-999	 1.06e-01	 3.63e-02	     0.13      9.12e-02	 3.11e-02	 36	 36	 61	  10	  0.77	     0.33	   0.38	   2.35	 33	 28	 82	2	   3	   0	 1	                                        	             	             	no SED fit                                                                                          
      55  190204.9-365447   19 02 04.98   -36 54 47.7       10	 9.19e-02	 2.28e-02	     0.73	 9.58e+00	 4.95e-01	 1.23e-01	 24	 13	 96	  17	 3.10e-01	 5.72e-02	     0.25	 2.12e+01	 1.04e+00	 1.92e-01	 26	 21	142	  29	 3.89e-01	 2.32e-01	     0.17	 9.76e+00	 4.33e-01	 2.59e-01	 18	 18	 50	  14	 1.72e-01	 3.38e-02	     0.07	 5.06e+00	 1.09e-01	 2.16e-02	 32	 24	 92	   0	-4.27e-02	 2.73e-01	    -0.02     -2.80e-02	 1.79e-01	 52	 43	 43	  14	  0.95	     0.15	   0.32	   6.42	 28	 18	 19	4	   0	   1	 1	HH 99                                   	             	             	no SED fit                                                                                          
      56  190205.9-370007   19 02 05.90   -37 00 07.5     -999	 6.10e-04	 9.17e-03	     0.02	 5.58e-02	 1.38e-01	 2.07e+00	 39	  8	 37	  25	 2.60e-01	 5.80e-02	     0.15	 1.60e+01	 8.07e-01	 1.80e-01	 31	 16	167	  53	 7.60e-01	 1.04e-01	     0.21	 2.50e+01	 1.27e+00	 1.74e-01	 26	 18	148	  43	 9.39e-01	 3.92e-01	     0.23	 2.63e+01	 1.13e+00	 4.72e-01	 28	 24	119	  50	 9.05e-01	 5.67e-01	     0.24      9.89e-01	 6.19e-01	 40	 36	 89	  39	  3.40	     0.23	   1.16	  14.71	 29	 18	128	4	   0	   0	 3	[CKR2003] MMS 17                        	             	             	no SED fit                                                                                          
      57  190208.4-370033   19 02 08.43   -37 00 33.8     -999	 8.12e-03	 1.07e-02	     0.29	 2.18e+00	 1.29e-01	 1.70e-01	 40	 32	 99	  13	 2.96e-01	 2.99e-02	     0.19	 1.71e+01	 9.90e-01	 1.00e-01	 30	 15	 94	  43	 7.97e-01	 9.41e-02	     0.23	 3.35e+01	 2.02e+00	 2.38e-01	 31	 23	  8	  41	 1.15e+00	 3.81e-01	     0.28	 3.33e+01	 1.71e+00	 5.65e-01	 31	 24	 13	  76	 1.42e+00	 6.08e-01	     0.37      1.86e+00	 7.94e-01	 42	 36	 37	  49	  4.73	     0.30	   1.80	  15.95	 33	 19	 13	4	   1	   2	 2	[CKR2003] MMS 18                        	             	             	no SED fit                                                                                          
      58  190210.0-370755   19 02 10.01   -37 07 55.2     -999	 3.71e-02	 1.44e-02	     0.82	 1.25e+01	 9.50e-01	 3.69e-01	 49	 43	107	   7	 1.40e-01	 3.43e-02	     0.24	 1.27e+01	 8.09e-01	 1.98e-01	 31	 28	 18	  13	 2.57e-01	 2.62e-02	     0.25	 1.19e+01	 8.16e-01	 8.34e-02	 36	 24	 85	  11	 2.28e-01	 5.15e-02	     0.22	 7.41e+00	 4.48e-01	 1.01e-01	 36	 28	 81	   8	 1.85e-01	 6.55e-02	     0.19      2.38e-01	 8.44e-02	 37	 36	 10	   7	  0.63	     0.22	   0.28	   2.86	 29	 26	 49	4	   0	   1	 1	                                        	             	             	                                                                                                    
      59  190210.1-365620   19 02 10.11   -36 56 20.3        3	-3.15e-02	 9.21e-03	    -1.23	-1.18e+01	-2.21e-02	 6.47e-03	 87	 41	146	  18	 2.67e-01	 1.90e-01	     0.15	 2.78e+01	 2.63e+00	 1.87e+00	 78	 22	 83	  61	 1.40e+00	 1.13e-01	     0.41	 7.95e+01	 8.25e+00	 6.68e-01	 59	 26	 90	  92	 1.90e+00	 7.52e-01	     0.54	 8.09e+01	 9.29e+00	 3.67e+00	 59	 41	 94	 110	 2.49e+00	 9.36e-01	     0.83      5.01e+00	 1.88e+00	 54	 37	 98	 120	 11.28	     1.07	   7.49	  10.58	 58	 36	 97	4	   1	   1	 2	[SHK2011b] 11                           	             	             	no SED fit                                                                                          
      60  190210.7-370227   19 02 10.76   -37 02 27.9        2	-1.50e-02	 8.70e-03	    -0.81	-1.26e+00	-8.30e-02	 4.83e-02	 33	  8	117	   9	 1.82e-01	 1.00e-30	     0.21	 8.56e+00	 3.90e-01	 2.14e-30	 26	 13	163	  26	 4.26e-01	 1.26e-02	     0.22	 1.42e+01	 6.17e-01	 1.83e-02	 28	 18	176	  21	 3.38e-01	 7.94e-02	     0.15	 1.04e+01	 3.46e-01	 8.13e-02	 36	 24	178	-999	 1.31e-01	 2.24e-01	     0.05      7.64e-02	 1.30e-01	 41	 36	178	  22	  1.80	     0.23	   0.60	   7.69	 28	 18	  0	3	   0	   1	 3	[WMB97] 185850.5-370623                 	             	             	                                                                                                    
      61  190210.9-370906   19 02 10.92   -37 09 06.7        7	-2.13e-02	 3.17e-03	     4.99	-9.19e+00	 1.10e-01	-1.63e-02	109	 57	120	  15	 2.43e-01	 2.81e-02	     0.48	 3.78e+01	 6.33e+00	 7.30e-01	 61	 57	132	  22	 5.25e-01	 4.64e-02	     0.58	 4.13e+01	 7.44e+00	 6.58e-01	 63	 57	 87	  22	 5.19e-01	 5.36e-02	     0.58	 2.39e+01	 4.07e+00	 4.21e-01	 64	 54	111	  23	 4.38e-01	 4.40e-02	     0.52      1.79e+00	 1.80e-01	 68	 58	118	  14	  1.36	     0.50	   0.95	   2.69	 58	 40	118	5	   0	   0	 3	                                        	             	             	                                                                                                    
      62  190212.7-370042   19 02 12.76   -37 00 42.4     -999	 2.47e-02	 1.31e-02	     0.59	 8.61e+00	 2.31e-01	 1.23e-01	 51	 46	102	  37	 5.45e-01	 4.01e-02	     0.41	 6.03e+01	 5.06e+00	 3.72e-01	 38	 34	129	  96	 1.53e+00	 2.60e-01	     0.51	 8.16e+01	 6.26e+00	 1.06e+00	 33	 33	  0	  95	 1.98e+00	 3.88e-01	     0.54	 6.68e+01	 4.39e+00	 8.59e-01	 34	 31	171	 113	 2.10e+00	 5.48e-01	     0.58      2.98e+00	 7.81e-01	 42	 38	 39	  97	  9.65	     0.76	   5.28	  12.66	 45	 28	 29	4	   2	   1	 3	JCMTSF J190212.6-370033                 	             	             	                                                                                                    
      63  190213.2-365717   19 02 13.22   -36 57 17.1        1	-1.30e-02	 9.91e-03	    -0.34	-1.19e+00	-5.70e-03	 4.35e-03	 39	  8	125	  65	 7.04e-01	 7.56e-02	     0.36	 4.51e+01	 2.69e+00	 2.89e-01	 36	 15	 54	 171	 2.66e+00	 4.25e-01	     0.74	 8.68e+01	 4.69e+00	 7.48e-01	 25	 19	 46	 151	 2.88e+00	 6.49e-01	     0.83	 7.96e+01	 4.03e+00	 9.08e-01	 28	 24	 46	  93	 1.92e+00	 6.75e-01	     0.63      2.15e+00	 7.53e-01	 37	 36	 76	 134	 11.34	     1.00	   3.97	  11.38	 25	 21	 35	4	   2	   2	 2	[SHL2013] 19 North                      	             	             	                                                                                                    
      64  190214.0-370608   19 02 14.06   -37 06 08.2       50	-2.12e-02	 4.22e-04	    29.11	-2.35e+00	-1.59e-02	 3.16e-04	 34	 11	150	-999	 4.90e-02	 2.32e-02	     0.07	 5.01e+00	 2.80e-01	 1.33e-01	 34	 32	133	   8	 1.22e-01	 4.42e-02	     0.10	 4.22e+00	 2.02e-01	 7.32e-02	 30	 18	 40	   7	 1.01e-01	 5.35e-02	     0.08	 2.84e+00	 9.66e-02	 5.11e-02	 29	 24	 35	-999	 6.71e-02	 6.48e-02	     0.05      3.38e-02	 3.26e-02	 36	 36	 24	   7	  0.50	     0.13	   0.16	   3.81	 23	 18	 24	2	   0	   2	 1	[FP2007] J190210.72-370559.2            	             	             	no SED fit                                                                                          
      65  190215.8-365746   19 02 15.89   -36 57 46.9     -999	 1.57e-03	 1.13e-02	     0.04	 1.37e-01	-4.19e-02	-3.01e-01	 35	  8	145	  35	 6.21e-01	 2.92e-02	     0.44	 2.99e+01	 1.33e+00	 6.26e-02	 26	 13	 55	 106	 1.55e+00	 1.62e-01	     0.55	 4.80e+01	 1.74e+00	 1.81e-01	 24	 18	 22	  69	 1.27e+00	 3.11e-01	     0.44	 3.64e+01	 1.36e+00	 3.31e-01	 30	 24	 48	  33	 8.42e-01	 3.39e-01	     0.31      6.64e-01	 2.68e-01	 36	 36	 59	  74	  5.72	     0.59	   1.75	   9.64	 24	 18	 30	4	   0	   2	 3	[SHL2013] 19 South                      	             	             	                                                                                                    
      66  190217.5-370135   19 02 17.51   -37 01 35.8        0	-1.82e-03	 4.39e-03	    -0.21	-2.00e-01	-3.87e-03	 9.35e-03	 71	  8	164	   9	 8.01e-02	 1.59e-02	     0.09	 1.11e+01	 1.36e+00	 2.70e-01	 51	 45	160	  67	 9.31e-01	 1.34e-01	     0.33	 4.50e+01	 3.67e+00	 5.28e-01	 60	 20	125	 116	 2.14e+00	 2.38e-01	     0.70	 7.17e+01	 5.18e+00	 5.76e-01	 49	 25	128	 164	 2.77e+00	 4.85e-01	     1.04      5.09e+00	 8.92e-01	 57	 36	146	 190	 15.76	     1.24	   8.02	  12.66	 43	 25	130	4	   1	   1	 2	JCMTSF J190217.0-370133                 	             	             	                                                                                                    
      67  190218.2-370411   19 02 18.30   -37 04 11.8     -999	 1.22e-02	 1.15e-02	     0.45	 5.78e+00	-1.03e+00	-9.72e-01	104	 97	172	  16	 2.15e-01	 5.45e-02	     0.26	 3.40e+01	 5.84e+00	 1.48e+00	 86	 49	 97	  29	 5.98e-01	 1.39e-01	     0.34	 4.27e+01	 5.97e+00	 1.39e+00	 66	 40	100	  43	 8.17e-01	 1.58e-01	     0.41	 3.69e+01	 5.43e+00	 1.05e+00	 74	 46	103	  47	 6.79e-01	 1.55e-01	     0.32      2.00e+00	 4.56e-01	 79	 42	 95	  31	  2.64	     0.40	   1.89	   6.68	 65	 41	 98	4	   0	   1	 3	[WMB97] 185856.9-370834                 	             	             	                                                                                                    
      68  190220.2-365859   19 02 20.26   -36 58 59.2     -999	 4.33e-03	 1.04e-02	     0.16	 1.83e+00	-5.79e-01	-1.38e+00	 75	 64	 27	   9	 1.06e-01	 2.04e-02	     0.11	 1.43e+01	 1.72e+00	 3.31e-01	 72	 34	 32	  34	 4.61e-01	 4.32e-02	     0.23	 3.16e+01	 3.45e+00	 3.24e-01	 61	 38	 48	  40	 7.06e-01	 1.70e-01	     0.31	 2.93e+01	 2.76e+00	 6.66e-01	 63	 37	 55	  43	 7.82e-01	 4.24e-01	     0.35      1.45e+00	 7.86e-01	 62	 38	 46	  41	  3.12	     0.41	   2.22	   7.70	 65	 40	 44	4	   1	   1	 3	ISO-CrA 149                             	             	             	                                                                                                    
      69  190222.9-365737   19 02 22.96   -36 57 37.3     -999	 1.92e-02	 1.26e-02	     0.56	 6.01e+00	 3.23e-02	 2.13e-02	 47	 38	129	   8	 1.62e-01	 4.05e-03	     0.16	 1.02e+01	 6.00e-01	 1.50e-02	 30	 17	127	  22	 4.18e-01	 6.15e-02	     0.19	 1.44e+01	 8.19e-01	 1.20e-01	 29	 18	 91	  24	 5.54e-01	 2.09e-01	     0.23	 1.82e+01	 9.45e-01	 3.56e-01	 46	 24	 78	  22	 5.08e-01	 3.56e-01	     0.22      7.84e-01	 5.49e-01	 53	 36	 78	  23	  2.42	     0.30	   1.12	   8.17	 46	 21	 83	4	   3	   2	 3	[SHK2011b] 16                           	             	             	no SED fit                                                                                          
      70  190224.2-365640   19 02 24.29   -36 56 40.6        4	-1.55e-02	 3.60e-03	    -2.44	-4.31e+00	-1.87e-01	 4.33e-02	 83	 24	 82	  29	 4.56e-01	 6.10e-02	     0.54	 6.04e+01	 7.71e+00	 1.03e+00	 54	 39	118	  64	 1.25e+00	 2.30e-01	     0.75	 8.03e+01	 9.30e+00	 1.71e+00	 46	 38	 99	  73	 1.52e+00	 2.41e-01	     0.81	 6.25e+01	 6.59e+00	 1.04e+00	 52	 39	103	  65	 1.29e+00	 2.13e-01	     0.71      2.67e+00	 4.40e-01	 52	 41	 91	  62	  6.06	     1.02	   3.99	   5.94	 52	 37	 94	4	   1	   1	 3	[SHK2011b] 16                           	             	             	                                                                                                    
      71  190224.5-370147   19 02 24.52   -37 01 47.7     -999	 4.92e-02	 1.38e-02	     0.92	 5.91e+00	 6.14e-02	 1.72e-02	 20	 17	  0	-999	 2.45e-02	 1.53e-02	     0.02	 1.43e+00	 8.38e-02	 5.24e-02	 28	 16	 66	  12	 1.46e-01	 7.95e-02	     0.06	 4.54e+00	 1.09e-01	 5.93e-02	 24	 18	  7	  10	 4.14e-01	 1.74e-01	     0.16	 1.19e+01	 5.61e-01	 2.36e-01	 31	 24	169	  22	 7.59e-01	 2.95e-01	     0.31      1.03e+00	 3.99e-01	 39	 36	 14	  19	  1.60	     0.15	   0.54	  10.90	 28	 18	173	3	   0	   2	-1	[WMB97] 185902.4-370524                 	             	             	no SED fit, low 250 micron flux                                                                     
      72  190225.4-370010   19 02 25.45   -37 00 10.6     -999	 4.45e-04	 8.23e-03	     0.02	 1.27e-02	 1.80e-02	 3.32e-01	  8	  8	  0	   6	 9.04e-02	 9.50e-03	     0.12	 7.82e+00	 3.19e-01	 3.35e-02	 34	 24	 64	  22	 2.83e-01	 2.91e-02	     0.17	 8.69e+00	 4.41e-01	 4.53e-02	 21	 20	175	  18	 2.50e-01	 6.17e-02	     0.14	 6.93e+00	 1.84e-01	 4.56e-02	 28	 24	  8	  11	 9.74e-02	 9.91e-02	     0.05      3.64e-03	 3.71e-03	 50	 36	 26	  18	  1.35	     0.21	   0.43	   6.41	 26	 18	 29	4	   0	   2	-1	[WMB97] 185903.0-370420                 	             	             	no SED fit, low mass candidate                                                                      
      73  190226.1-370246   19 02 26.14   -37 02 46.9        7	-2.89e-02	 4.28e-03	     3.59	-4.99e+00	-1.08e-01	 1.60e-02	 30	 20	163	-999	 1.01e-01	 4.22e-02	     0.11	 8.24e+00	 4.20e-01	 1.75e-01	 28	 26	  7	  15	 2.22e-01	 9.78e-02	     0.10	 7.18e+00	 3.51e-01	 1.54e-01	 26	 18	177	  12	 2.29e-01	 1.71e-01	     0.09	 6.93e+00	 2.74e-01	 2.04e-01	 35	 24	  8	   8	 4.19e-01	 2.18e-01	     0.17      5.98e-01	 3.11e-01	 48	 36	174	  16	  1.25	     0.12	   0.47	  10.18	 33	 18	  8	3	   0	   1	 3	[WMB97] 185901.7-370710                 	             	             	no SED fit                                                                                          
      74  190226.6-370442   19 02 26.62   -37 04 42.1       20	-1.66e-02	 8.14e-04	    11.56	-2.26e+00	-7.55e-04	 3.70e-05	 40	 12	111	-999	 9.69e-02	 2.10e-02	     0.11	 9.91e+00	 5.13e-01	 1.11e-01	 37	 30	 67	  13	 1.65e-01	 6.86e-02	     0.09	 6.08e+00	 2.91e-01	 1.21e-01	 24	 23	112	  14	 2.21e-01	 7.23e-02	     0.11	 6.24e+00	 2.50e-01	 8.17e-02	 29	 24	 95	  11	 1.71e-01	 8.97e-02	     0.09      1.42e-01	 7.44e-02	 36	 36	139	  12	  0.88	     0.13	   0.36	   6.93	 29	 23	 31	3	   0	   2	 1	[WMB97] 185903.5-370939                 	             	             	no SED fit                                                                                          
      75  190227.3-370154   19 02 27.36   -37 01 54.4     -999	 1.33e-02	 1.06e-02	     0.55	 3.48e+00	 2.31e-01	 1.84e-01	 39	 31	 32	   6	 1.11e-01	 4.32e-02	     0.13	 6.45e+00	 3.10e-01	 1.20e-01	 24	 18	114	  14	 2.65e-01	 9.32e-02	     0.13	 7.41e+00	 3.76e-01	 1.32e-01	 21	 18	152	  15	 5.97e-01	 1.72e-01	     0.26	 1.63e+01	 8.24e-01	 2.37e-01	 27	 24	 44	  23	 7.52e-01	 2.24e-01	     0.34      8.80e-01	 2.62e-01	 36	 36	 29	  14	  1.60	     0.17	   0.53	   9.26	 23	 20	 17	4	   0	   2	 3	                                        	             	             	no SED fit                                                                                          
      76  190229.2-371053   19 02 29.27   -37 10 53.8       29	-2.09e-02	 7.18e-04	   -16.06	-2.40e+00	-7.11e-02	 2.44e-03	 59	  9	 77	-999	 6.91e-02	 2.19e-02	     0.13	 9.70e+00	 4.41e-01	 1.40e-01	 52	 46	145	  12	 1.54e-01	 2.13e-02	     0.16	 7.44e+00	 5.28e-01	 7.34e-02	 43	 23	141	  11	 2.12e-01	 3.23e-02	     0.22	 7.16e+00	 4.98e-01	 7.61e-02	 38	 29	128	  11	 1.70e-01	 3.01e-02	     0.18      2.12e-01	 3.75e-02	 43	 36	124	   8	  0.66	     0.20	   0.30	   3.32	 33	 24	105	3	   0	   0	 3	                                        	             	             	                                                                                                    
      77  190230.1-365825   19 02 30.20   -36 58 25.4        6	-1.70e-02	 3.06e-03	    -3.18	-2.94e+00	-6.53e-02	 1.17e-02	 43	 16	101	   7	 1.07e-01	 3.73e-02	     0.14	 7.39e+00	 3.66e-01	 1.28e-01	 44	 15	118	  15	 2.27e-01	 3.39e-02	     0.16	 6.62e+00	 3.82e-01	 5.72e-02	 22	 18	 78	  11	 2.04e-01	 5.03e-02	     0.13	 6.53e+00	 3.22e-01	 7.91e-02	 41	 24	107	-999	 1.53e-01	 8.41e-02	     0.09      1.53e-01	 8.37e-02	 45	 36	130	  10	  0.85	     0.18	   0.27	   4.83	 25	 18	 52	3	   0	   1	 3	[WGL92] iras 28                         	             	             	no SED fit                                                                                          
      78  190232.1-370207   19 02 32.18   -37 02 07.3     -999	 9.89e-03	 7.92e-03	     0.60	 4.39e+00	 7.56e-01	 6.05e-01	 85	 73	126	  15	 2.36e-01	 5.80e-02	     0.31	 3.44e+01	 4.24e+00	 1.04e+00	 53	 51	 34	  30	 4.56e-01	 9.74e-02	     0.24	 3.07e+01	 3.14e+00	 6.71e-01	 54	 38	 92	  38	 7.56e-01	 1.15e-01	     0.39	 3.42e+01	 4.18e+00	 6.37e-01	 62	 51	 95	  52	 7.75e-01	 1.78e-01	     0.40      1.92e+00	 4.40e-01	 65	 46	 84	  24	  2.00	     0.28	   1.54	   7.08	 68	 50	 77	4	   0	   1	 3	[SHK2011b] 19                           	             	             	                                                                                                    
      79  190236.4-370318   19 02 36.47   -37 03 18.3     -999	 4.16e-02	 1.27e-02	     1.30	 9.73e+00	 1.14e-01	 3.50e-02	 33	 29	165	-999	 3.62e-02	 2.17e-02	     0.05	 2.57e+00	 1.73e-01	 1.03e-01	 35	 18	138	  10	 1.30e-01	 8.77e-02	     0.08	 4.02e+00	 1.34e-01	 9.02e-02	 24	 18	133	   7	 9.74e-02	 9.14e-02	     0.05	 3.11e+00	 5.88e-02	 5.52e-02	 40	 25	133	-999	 9.21e-02	 9.68e-02	     0.05      5.26e-02	 5.52e-02	 36	 36	109	   8	  0.67	     0.10	   0.22	   6.72	 27	 18	129	2	   0	   2	-1	[WMB97] 185914.1-370725                 	             	             	no SED fit, low 250 micron flux                                                                     
      80  190237.8-365815   19 02 37.80   -36 58 15.0     -999	 1.01e-02	 1.02e-02	     0.42	 2.20e+00	 2.56e-02	 2.59e-02	 34	 25	119	-999	 1.39e-02	 3.12e-02	     0.02	 6.01e-01	 3.44e-02	 7.70e-02	 23	 13	 68	  12	 1.40e-01	 8.09e-02	     0.12	 3.51e+00	 1.27e-01	 7.34e-02	 18	 18	 48	   7	 9.45e-02	 6.06e-02	     0.08	 2.45e+00	 8.61e-02	 5.52e-02	 24	 24	 49	-999	 3.66e-02	 6.60e-02	     0.03      1.36e-02	 2.45e-02	 36	 36	141	   8	  0.51	     0.12	   0.17	   4.30	 29	 18	 60	2	   3	   0	-1	EQ 185910.7-370245                      	             	             	no SED fit, low 250 micron flux                                                                     
      81  190238.8-370905   19 02 38.81   -37 09 05.3     -999	 5.28e-03	 1.90e-03	     1.53	 9.09e-01	 1.36e-01	 4.91e-02	 40	 16	100	   7	 1.18e-01	 5.25e-02	     0.17	 7.98e+00	 3.87e-01	 1.73e-01	 29	 19	 97	  15	 3.96e-01	 5.25e-02	     0.25	 1.34e+01	 6.96e-01	 9.21e-02	 28	 18	 94	  15	 4.28e-01	 6.52e-02	     0.25	 1.31e+01	 6.39e-01	 9.75e-02	 36	 24	 91	  23	 4.71e-01	 8.02e-02	     0.31      6.70e-01	 1.14e-01	 51	 36	 91	  12	  1.45	     0.22	   0.53	   6.66	 31	 18	 82	4	   3	   1	 3	[CKR2003] MMS 22                        	             	             	no SED fit                                                                                          
      82  190241.8-365849   19 02 41.85   -36 58 49.0        9	-6.67e-03	 7.38e-04	     5.09	-8.56e-01	 2.31e-02	-2.56e-03	 43	 11	 45	-999	 3.27e-02	 2.31e-02	     0.04	 1.80e+00	 1.18e-01	 8.31e-02	 23	 17	149	   8	 9.79e-02	 6.28e-02	     0.08	 2.63e+00	 1.31e-01	 8.40e-02	 20	 18	127	   7	 1.14e-01	 7.57e-02	     0.09	 3.45e+00	 1.80e-01	 1.20e-01	 35	 24	133	-999	 7.14e-02	 6.73e-02	     0.06      4.97e-02	 4.68e-02	 36	 36	  1	   7	  0.46	     0.10	   0.18	   4.39	 33	 20	112	3	   3	   0	-1	ISO-CrA 171                             	             	             	no SED fit, low 250 micron flux                                                                     
      83  190242.8-371415   19 02 42.89   -37 14 15.8     -999	 1.34e-03	 4.17e-03	     0.18	 4.30e-01	 4.73e-02	 1.47e-01	 51	 37	 56	-999	 7.57e-03	 1.34e-02	     0.03	 1.09e+00	 5.59e-01	 9.90e-01	 55	 48	 39	  13	 2.02e-01	 3.80e-02	     0.32	 9.06e+00	 5.81e-01	 1.09e-01	 37	 22	 47	  14	 2.38e-01	 4.50e-02	     0.34	 7.72e+00	 4.58e-01	 8.68e-02	 40	 26	 47	  15	 2.11e-01	 5.08e-02	     0.31      2.12e-01	 5.10e-02	 46	 36	 49	  13	  1.14	     0.42	   0.48	   2.75	 33	 22	 48	3	   2	   2	 3	                                        	             	             	                                                                                                    
      84  190243.3-370726   19 02 43.32   -37 07 26.8     -999	 8.47e-03	 7.54e-03	     0.56	 4.13e+00	 4.50e-02	 4.00e-02	120	114	116	  15	 3.26e-01	 4.42e-02	     0.50	 5.05e+01	 8.14e+00	 1.10e+00	 74	 49	 66	  18	 4.83e-01	 1.22e-01	     0.29	 3.70e+01	 6.18e+00	 1.56e+00	 93	 43	 73	  23	 6.93e-01	 1.39e-01	     0.40	 3.32e+01	 6.46e+00	 1.30e+00	 92	 55	 79	  31	 7.42e-01	 9.84e-02	     0.44      2.47e+00	 3.28e-01	 86	 45	 63	  13	  1.18	     0.15	   0.83	   7.68	 96	 34	 79	4	   3	   1	 3	[HHM93] B                               	             	             	                                                                                                    
      85  190244.0-370249   19 02 44.08   -37 02 49.5     -999	 2.00e-03	 2.67e-03	     0.43	 4.69e-01	-2.84e-02	-3.80e-02	 37	 26	126	   6	 1.22e-01	 2.79e-02	     0.21	 7.70e+00	 3.75e-01	 8.60e-02	 34	 16	133	  15	 2.47e-01	 9.29e-02	     0.19	 9.06e+00	 4.52e-01	 1.70e-01	 33	 18	134	  13	 2.23e-01	 1.09e-01	     0.17	 7.10e+00	 3.26e-01	 1.60e-01	 40	 24	127	  12	 1.66e-01	 6.63e-02	     0.13      1.91e-01	 7.62e-02	 56	 36	116	  13	  1.07	     0.23	   0.42	   4.74	 37	 18	133	4	   0	   2	 3	ISO-CrA 170                             	             	             	no SED fit                                                                                          
      86  190244.5-370024   19 02 44.52   -37 00 24.3     -999	 1.73e-03	 5.89e-03	     0.16	 3.13e-01	-1.10e-01	-3.76e-01	 43	 17	 74	   3	-3.13e-02	 1.20e-02	    -0.06	-2.60e+00	 1.31e-01	-5.00e-02	 44	 19	172	  10	 1.41e-01	 3.31e-02	     0.12	 5.18e+00	 2.50e-01	 5.86e-02	 33	 18	 22	   7	 1.14e-01	 4.15e-02	     0.10	 3.35e+00	 1.23e-01	 4.49e-02	 32	 24	 18	-999	 6.57e-02	 5.56e-02	     0.05      3.02e-02	 2.56e-02	 36	 36	 30	   8	  0.60	     0.16	   0.21	   3.85	 30	 18	 20	2	   0	   1	 1	ISO-CrA 166                             	             	             	no SED fit                                                                                          
      87  190245.3-370622   19 02 45.34   -37 06 22.1       12	-9.13e-03	 7.69e-04	     6.91	-1.65e+00	 5.14e-02	-4.33e-03	 46	 16	105	   8	 1.75e-01	 5.24e-02	     0.23	 1.26e+01	 7.46e-01	 2.23e-01	 33	 19	 14	  18	 3.24e-01	 1.56e-01	     0.17	 1.61e+01	 9.21e-01	 4.43e-01	 42	 24	 94	  18	 3.53e-01	 1.34e-01	     0.18	 1.04e+01	 5.17e-01	 1.97e-01	 32	 24	 11	  23	 5.37e-01	 1.28e-01	     0.29      7.88e-01	 1.87e-01	 46	 36	 93	  11	  1.37	     0.18	   0.56	   7.55	 28	 24	 42	5	   3	   2	 3	                                        	             	             	no SED fit                                                                                          
      88  190246.2-372534   19 02 46.25   -37 25 34.9        5	-2.16e-02	 4.18e-03	     2.87	-5.14e+00	-1.91e-01	 3.69e-02	 62	 21	 53	-999	 8.89e-02	 1.95e-02	     0.27	 1.29e+01	 6.99e-01	 1.54e-01	 66	 42	148	  10	 1.20e-01	 1.82e-02	     0.23	 5.44e+00	 3.90e-01	 5.91e-02	 56	 19	138	   9	 1.22e-01	 1.53e-02	     0.25	 4.14e+00	 2.87e-01	 3.59e-02	 51	 25	131	   8	 1.13e-01	 1.88e-02	     0.26      1.68e-01	 2.80e-02	 52	 36	138	   6	  0.34	     0.19	   0.17	   1.79	 60	 20	132	3	   0	   0	 1	                                        	             	             	no SED fit                                                                                          
      89  190247.8-365852   19 02 47.90   -36 58 52.7       23	-1.58e-02	 6.98e-04	    12.56	-3.53e+00	-1.23e-01	 5.45e-03	 60	 19	 46	   7	 1.41e-01	 3.25e-02	     0.22	 1.08e+01	 6.29e-01	 1.46e-01	 43	 18	 95	  18	 2.78e-01	 3.74e-02	     0.22	 1.42e+01	 1.15e+00	 1.55e-01	 37	 27	111	  17	 3.20e-01	 4.42e-02	     0.25	 1.23e+01	 8.75e-01	 1.21e-01	 44	 36	  9	  14	 2.96e-01	 6.27e-02	     0.25      5.51e-01	 1.17e-01	 50	 48	124	  14	  1.11	     0.27	   0.54	   4.18	 39	 25	121	4	   1	   1	 3	ISO-CrA 171                             	             	             	                                                                                                    
      90  190248.6-365746   19 02 48.61   -36 57 46.2     -999	 4.60e-03	 7.95e-03	     0.30	 1.70e+00	-4.49e-01	-7.77e-01	 57	 49	 40	-999	 1.54e-01	 2.71e-02	     0.25	 1.65e+01	 1.30e+00	 2.30e-01	 38	 32	 74	  10	 1.56e-01	 3.46e-02	     0.13	 8.59e+00	 5.78e-01	 1.28e-01	 51	 26	 89	  10	 2.04e-01	 4.74e-02	     0.17	 7.94e+00	 5.97e-01	 1.39e-01	 49	 35	 92	   8	 2.75e-01	 6.15e-02	     0.26      4.19e-01	 9.39e-02	 50	 36	  0	   7	  0.57	     0.14	   0.26	   4.00	 35	 24	136	3	   3	   1	 1	                                        	             	             	                                                                                                    
      91  190248.8-370629   19 02 48.82   -37 06 29.9        4	-5.10e-03	 1.42e-03	     1.90	-2.09e+00	-3.87e-02	 1.08e-02	 73	 57	 81	   6	 1.44e-01	 6.64e-02	     0.19	 1.52e+01	 8.57e-01	 3.96e-01	 40	 30	 31	  12	 2.59e-01	 1.64e-01	     0.14	 1.17e+01	 8.08e-01	 5.12e-01	 37	 23	 75	  15	 2.84e-01	 1.71e-01	     0.13	 1.15e+01	 1.04e+00	 6.26e-01	 56	 36	147	  20	 6.64e-01	 1.16e-01	     0.37      1.02e+00	 1.77e-01	 48	 36	 86	  13	  1.45	     0.18	   0.74	   8.02	 39	 27	 81	4	   3	   1	 3	[DB2002b] G359.84-18.10                 	             	             	no SED fit                                                                                          
      92  190249.7-371422   19 02 49.80   -37 14 22.1     -999	 7.38e-02	 1.48e-02	     1.06	 2.24e+01	 1.68e-01	 3.37e-02	 43	 38	 37	-999	 1.53e-01	 2.38e-02	     0.40	 1.29e+01	 4.28e-01	 6.66e-02	 39	 21	 20	  11	 1.58e-01	 2.70e-02	     0.28	 4.57e+00	 2.73e-01	 4.66e-02	 21	 18	 22	   9	 1.23e-01	 5.06e-02	     0.18	 3.47e+00	 1.69e-01	 6.96e-02	 29	 24	 36	-999	 6.43e-02	 6.15e-02	     0.09      6.95e-02	 6.64e-02	 41	 36	 58	   6	  0.47	     0.18	   0.18	   2.68	 30	 20	 38	2	   0	   0	 1	                                        	             	             	no SED fit                                                                                          
      93  190256.0-365818   19 02 56.02   -36 58 18.5     -999	 1.47e-02	 8.88e-03	     0.84	 5.20e+00	 6.43e-02	 3.89e-02	 52	 47	 35	-999	 2.05e-02	 2.01e-02	     0.04	 2.98e+00	 3.91e-01	 3.83e-01	 54	 49	 57	   9	 1.33e-01	 2.65e-02	     0.13	 6.08e+00	 3.70e-01	 7.37e-02	 33	 25	 58	   8	 1.34e-01	 3.15e-02	     0.12	 3.89e+00	 2.23e-01	 5.23e-02	 30	 25	179	-999	 9.66e-02	 4.91e-02	     0.08      8.99e-02	 4.57e-02	 36	 36	 49	   7	  0.53	     0.15	   0.22	   3.57	 28	 24	  6	2	   0	   0	 1	ISO-CrA 181                             	             	             	no SED fit                                                                                          
      94  190258.8-371306   19 02 58.85   -37 13 06.6     -999	 2.28e-02	 1.21e-02	     0.80	 8.83e+00	 7.00e-01	 3.70e-01	 60	 54	167	-999	 7.53e-03	 1.88e-02	     0.02	 1.01e+00	 3.77e-02	 9.41e-02	 52	 41	155	  15	 2.45e-01	 8.53e-02	     0.22	 1.13e+01	 7.25e-01	 2.52e-01	 37	 23	165	  20	 3.06e-01	 1.06e-01	     0.21	 9.49e+00	 5.50e-01	 1.91e-01	 37	 24	166	  16	 2.93e-01	 1.34e-01	     0.20      3.48e-01	 1.59e-01	 46	 36	169	  35	  2.66	     0.39	   1.27	   6.74	 39	 24	  3	3	   1	   1	 3	                                        	             	             	no SED fit                                                                                          
      95  190258.8-370321   19 02 58.88   -37 03 21.3        4	-1.23e-02	 2.86e-03	     2.53	-3.08e+00	 1.19e-03	-2.78e-04	 58	 23	105	   6	 1.09e-01	 3.98e-02	     0.19	 1.42e+01	 1.14e+00	 4.16e-01	 53	 38	116	  21	 4.45e-01	 3.46e-02	     0.36	 2.65e+01	 2.12e+00	 1.65e-01	 43	 33	124	  22	 4.57e-01	 4.44e-02	     0.34	 1.70e+01	 1.27e+00	 1.24e-01	 44	 33	118	  26	 4.05e-01	 6.31e-02	     0.30      6.21e-01	 9.67e-02	 43	 36	119	  26	  2.49	     0.56	   1.39	   4.42	 42	 30	116	4	   1	   1	 3	                                        	             	             	                                                                                                    
      96  190258.9-370736   19 02 58.92   -37 07 36.7     1576	 2.30e+01	 1.93e-02	   312.79	 7.62e+02	 4.88e+01	 4.09e-02	  9	  8	  4	1452	 3.81e+01	 1.60e-01	    16.73	 1.09e+03	 4.64e+01	 1.95e-01	 13	 13	150	1586	 2.46e+01	 3.44e-01	     7.31	 6.18e+02	 2.57e+01	 3.59e-01	 18	 18	 25	 835	 1.37e+01	 3.19e-01	     4.51	 3.56e+02	 1.40e+01	 3.27e-01	 24	 24	128	 502	 6.64e+00	 1.32e-01	     3.19      6.62e+00	 1.32e-01	 36	 36	 83	 638	 43.56	     3.59	  10.95	  12.15	 18	 18	 42	5	   2	   2	 4	[NWA2005] SMM 8                         	             	CrA-44       	spatially unresolved in col. dens                                                                   
      97  190259.1-375646   19 02 59.14   -37 56 46.5       11	 1.05e-01	 1.59e-02	     1.11	 8.06e+00	 3.14e-01	 4.78e-02	 16	 12	 91	   0	 0.00e+00	 0.00e+00	     0.00	 0.00e+00	 0.00e+00	 0.00e+00	  0	  0	  0	  24	 2.84e-01	 9.37e-03	  -195.32	 7.13e+00	 3.21e-01	 1.06e-02	 18	 18	 26	  12	 1.42e-01	 9.02e-03	   -20.44	 3.68e+00	 1.54e-01	 9.79e-03	 24	 24	138	-999	 5.82e-02	 9.85e-03	     1.26      3.33e-02	 5.64e-03	 36	 36	164	   9	  0.49	     1.41	   0.12	   0.35	 18	 18	 32	3	   0	   2	 2	2MASX J19025909-3756441                 	             	             	no SED fit, spatially unresolved in col. dens                                                       
      98  190302.5-370351   19 03 02.51   -37 03 51.5     -999	 3.87e-02	 1.50e-02	     1.09	 1.03e+01	 1.84e-03	 7.15e-04	 36	 35	144	-999	 1.13e-02	 1.97e-02	     0.02	 1.15e+00	-2.62e-01	-4.57e-01	 41	 28	127	   8	 1.10e-01	 2.48e-02	     0.10	 3.65e+00	 1.43e-01	 3.21e-02	 27	 18	100	   9	 1.54e-01	 4.79e-02	     0.13	 4.00e+00	 1.38e-01	 4.28e-02	 24	 24	113	-999	 8.48e-02	 6.34e-02	     0.07      5.04e-02	 3.77e-02	 36	 36	 86	  13	  1.08	     0.26	   0.38	   4.12	 25	 21	102	2	   0	   1	-1	                                        	             	             	no SED fit, low 250 micron flux                                                                     
      99  190304.8-370845   19 03 04.82   -37 08 45.3        1	-1.55e-02	 1.04e-02	     0.76	-1.78e+00	 7.89e-03	-5.30e-03	 47	  9	105	-999	 4.19e-02	 2.81e-02	     0.08	 5.15e+00	 3.36e-01	 2.26e-01	 44	 37	 48	  10	 1.67e-01	 5.26e-02	     0.14	 7.23e+00	 4.19e-01	 1.32e-01	 32	 23	  7	  11	 1.75e-01	 6.01e-02	     0.12	 5.42e+00	 2.46e-01	 8.45e-02	 37	 24	  7	-999	 8.86e-02	 9.76e-02	     0.05      7.98e-02	 8.79e-02	 47	 36	 28	  12	  0.83	     0.13	   0.36	   6.57	 37	 21	165	2	   3	   1	 1	                                        	             	             	no SED fit                                                                                          
     100  190305.2-371436   19 03 05.25   -37 14 36.8     -999	 4.70e-03	 3.38e-03	     0.79	 8.44e-01	 1.04e-01	 7.48e-02	 46	 16	129	  15	 1.82e-01	 5.46e-02	     0.26	 1.26e+01	 6.39e-01	 1.91e-01	 31	 19	143	  40	 8.09e-01	 1.98e-01	     0.53	 2.91e+01	 1.52e+00	 3.71e-01	 26	 21	 88	  55	 8.14e-01	 2.76e-01	     0.40	 2.20e+01	 1.03e+00	 3.50e-01	 27	 24	 67	  86	 8.09e-01	 2.15e-01	     0.38      1.22e+00	 3.24e-01	 44	 39	179	  37	  1.85	     0.17	   0.47	  10.79	 18	 18	146	4	   3	   1	 2	[SHK2011b] 7                            	             	             	no SED fit, spatially unresolved in col. dens                                                       
     101  190306.0-371856   19 03 06.00   -37 18 56.8        1	-1.37e-02	 1.12e-02	     0.57	-1.07e+00	-2.40e-03	 1.95e-03	 28	  8	 78	-999	 5.37e-02	 1.97e-02	     0.17	 5.25e+00	 2.26e-01	 8.26e-02	 34	 30	158	  12	 1.78e-01	 3.46e-02	     0.25	 5.36e+00	 2.35e-01	 4.58e-02	 23	 18	 40	   9	 1.18e-01	 3.48e-02	     0.15	 3.45e+00	 1.33e-01	 3.92e-02	 32	 24	 45	-999	 6.02e-02	 2.16e-02	     0.07      4.08e-02	 1.46e-02	 36	 36	 62	   8	  0.53	     0.16	   0.18	   3.35	 30	 18	 48	2	   0	   0	 1	HH 863B                                 	             	             	no SED fit                                                                                          
     102  190307.0-371250   19 03 07.00   -37 12 50.2     4476	 6.57e+01	 1.63e-02	   832.98	 2.12e+03	 1.16e+02	 2.90e-02	  9	  8	128	2179	 5.73e+01	 8.95e-02	    19.44	 1.63e+03	 5.86e+01	 9.16e-02	 13	 13	129	1799	 2.62e+01	 2.43e-01	     8.55	 6.57e+02	 2.40e+01	 2.22e-01	 18	 18	 51	 802	 1.24e+01	 2.22e-01	     5.39	 3.22e+02	 1.15e+01	 2.07e-01	 24	 24	137	 398	 5.49e+00	 1.74e-01	     2.84      5.34e+00	 1.70e-01	 36	 36	 53	 719	 49.69	    15.26	  12.49	   3.26	 18	 18	 55	5	   2	   2	 4	V VV CrA                                	             	VV CrA       	spatially unresolved in col. dens                                                                   
     103  190307.2-371449   19 03 07.29   -37 14 49.5     -999	 2.52e-03	 3.33e-03	     0.43	 8.37e-01	 2.49e-01	 3.29e-01	 83	 32	118	  17	 1.75e-01	 7.76e-02	     0.28	 1.45e+01	 5.92e-01	 2.63e-01	 54	 18	 69	  48	 1.01e+00	 2.05e-01	     0.81	 5.90e+01	 5.11e+00	 1.03e+00	 38	 35	 86	  78	 1.51e+00	 3.05e-01	     0.92	 5.78e+01	 4.74e+00	 9.59e-01	 46	 35	 14	 108	 1.70e+00	 2.15e-01	     1.05      2.54e+00	 3.22e-01	 42	 36	178	 123	  9.69	     1.23	   6.25	   7.86	 53	 35	 10	4	   3	   1	 3	[SHK2011b] 7                            	             	             	no SED fit                                                                                          
     104  190311.0-372322   19 03 11.00   -37 23 22.7     -999	 1.89e-02	 1.13e-02	     0.80	 5.98e+00	-1.79e-01	-1.06e-01	 43	 41	120	-999	 8.05e-02	 2.39e-02	     0.24	 9.37e+00	 6.86e-01	 2.04e-01	 42	 35	161	  10	 1.37e-01	 5.52e-02	     0.23	 5.51e+00	 3.05e-01	 1.23e-01	 42	 18	147	  10	 1.40e-01	 4.80e-02	     0.22	 4.35e+00	 1.88e-01	 6.47e-02	 38	 24	148	   8	 1.32e-01	 5.50e-02	     0.23      1.16e-01	 4.86e-02	 36	 36	164	   9	  0.55	     0.22	   0.18	   2.44	 28	 18	136	3	   0	   0	 3	HH 863A                                 	             	             	no SED fit                                                                                          
     105  190312.1-371956   19 03 12.20   -37 19 56.5     -999	 6.17e-03	 6.70e-03	     0.51	 2.01e+00	-7.64e-02	-8.29e-02	 50	 39	165	-999	 3.54e-02	 1.67e-02	     0.15	 4.64e+00	 3.96e-01	 1.86e-01	 49	 40	170	   7	 8.23e-02	 2.47e-02	     0.17	 4.44e+00	 2.57e-01	 7.72e-02	 37	 31	178	   7	 1.03e-01	 3.37e-02	     0.18	 2.88e+00	 1.46e-01	 4.77e-02	 29	 24	 81	-999	 7.33e-02	 4.31e-02	     0.12      5.50e-02	 3.23e-02	 36	 36	 54	   6	  0.43	     0.19	   0.17	   2.23	 27	 23	118	2	   0	   0	 1	HH 863B                                 	             	             	no SED fit                                                                                          
     106  190313.4-371149   19 03 13.41   -37 11 49.7        4	-4.15e-02	 1.02e-02	     2.11	-1.78e+01	-2.07e+00	 5.07e-01	 78	 67	 49	   8	 1.07e-01	 2.77e-02	     0.23	 1.67e+01	 2.13e+00	 5.53e-01	 69	 52	111	  25	 3.84e-01	 1.11e-01	     0.27	 2.39e+01	 2.47e+00	 7.14e-01	 60	 30	 83	  33	 6.24e-01	 1.12e-01	     0.41	 2.49e+01	 2.24e+00	 4.02e-01	 49	 37	 95	  35	 6.16e-01	 1.10e-01	     0.38      1.33e+00	 2.36e-01	 59	 40	 97	  49	  4.03	     0.68	   2.78	   5.93	 53	 42	125	4	   1	   2	 3	                                        	             	             	                                                                                                    
     107  190313.6-371329   19 03 13.63   -37 13 29.4        6	-2.05e-02	 3.64e-03	    -3.23	-7.82e+00	-4.14e-01	 7.36e-02	 58	 54	114	  38	 6.23e-01	 1.21e-01	     1.16	 4.91e+01	 3.27e+00	 6.33e-01	 31	 23	 83	  87	 1.42e+00	 3.13e-01	     1.23	 6.08e+01	 4.43e+00	 9.71e-01	 30	 24	177	  85	 1.33e+00	 2.63e-01	     0.98	 4.04e+01	 2.56e+00	 5.07e-01	 31	 27	  3	  59	 8.57e-01	 1.89e-01	     0.61      1.21e+00	 2.67e-01	 42	 36	146	  70	  5.51	     1.07	   2.59	   5.17	 35	 25	173	4	   1	   1	 3	2MASS J19031609-3714080                 	             	             	                                                                                                    
     108  190314.7-372411   19 03 14.74   -37 24 11.3     -999	 2.67e-03	 2.91e-03	     0.54	 1.09e+00	 6.54e-02	 7.11e-02	 66	 61	131	-999	 5.36e-02	 2.73e-02	     0.15	 8.71e+00	 1.61e+00	 8.20e-01	 66	 64	119	   9	 1.39e-01	 4.62e-02	     0.19	 7.67e+00	 5.45e-01	 1.81e-01	 50	 26	 27	  11	 1.44e-01	 3.88e-02	     0.19	 5.28e+00	 3.99e-01	 1.08e-01	 52	 29	174	  13	 1.70e-01	 4.43e-02	     0.25      3.00e-01	 7.82e-02	 53	 39	 15	  10	  0.50	     0.17	   0.22	   2.97	 51	 18	171	3	   0	   1	 3	VSS VIII-8                              	             	             	                                                                                                    
     109  190316.4-371408   19 03 16.46   -37 14 09.0       80	 9.72e-01	 1.71e-02	    51.00	 3.91e+01	 1.62e+00	 2.85e-02	 12	  8	130	  38	 9.34e-01	 3.72e-02	     2.28	 2.76e+01	 8.39e-01	 3.34e-02	 14	 13	129	  33	 5.44e-01	 1.21e-01	     0.61	 1.37e+01	 4.40e-01	 9.81e-02	 18	 18	 33	  15	 3.24e-01	 1.23e-01	     0.32	 8.40e+00	 3.28e-01	 1.25e-01	 24	 24	  6	-999	 1.87e-01	 1.18e-01	     0.15      5.34e-02	 3.38e-02	 36	 36	140	  12	  1.05	     0.27	   0.26	   3.84	 18	 18	 91	4	   0	   2	 4	2MASS J19031609-3714080                 	J190316.10-37	CrA-45       	no SED fit, spatially unresolved in col. dens                                                       
     110  190318.8-370958   19 03 18.83   -37 09 58.9        2	-1.54e-02	 6.56e-03	     1.25	-2.68e+00	-3.14e-03	 1.33e-03	 37	 17	124	-999	 2.81e-02	 1.83e-02	     0.07	 3.20e+00	 1.77e-01	 1.15e-01	 41	 34	 70	   6	 1.15e-01	 2.00e-02	     0.13	 3.45e+00	 1.54e-01	 2.67e-02	 23	 18	 11	   7	 1.22e-01	 3.18e-02	     0.12	 3.58e+00	 1.35e-01	 3.53e-02	 32	 24	178	   7	 1.16e-01	 3.37e-02	     0.11      1.17e-01	 3.39e-02	 48	 36	  4	   9	  0.84	     0.21	   0.27	   3.99	 26	 18	  5	3	   0	   2	 3	                                        	             	             	                                                                                                    
     111  190321.5-371757   19 03 21.51   -37 17 57.7     -999	 2.28e-03	 1.81e-03	    -0.73	 9.37e-01	 3.97e-01	 3.14e-01	 70	 60	133	  10	 3.11e-02	 3.32e-02	     0.11	 3.40e+00	 6.78e-01	 7.25e-01	 67	 24	  3	  26	 3.41e-01	 6.38e-02	     0.49	 1.54e+01	 1.11e+00	 2.08e-01	 48	 20	  2	  34	 4.86e-01	 1.16e-01	     0.72	 1.62e+01	 1.08e+00	 2.57e-01	 49	 24	  4	  29	 4.60e-01	 1.20e-01	     0.79      5.96e-01	 1.56e-01	 50	 36	  3	  38	  2.52	     0.69	   1.21	   3.63	 46	 22	  3	4	   2	   2	 3	                                        	             	             	                                                                                                    
     112  190322.8-371114   19 03 22.89   -37 11 14.7        5	-1.79e-02	 3.36e-03	     2.81	-3.93e+00	-3.22e-03	 6.06e-04	 48	 21	 86	-999	 1.48e-01	 2.11e-02	     0.24	 1.65e+01	 6.62e-01	 9.43e-02	 46	 30	 14	  17	 2.39e-01	 3.77e-02	     0.19	 1.02e+01	 6.23e-01	 9.83e-02	 44	 19	  4	  20	 2.67e-01	 3.29e-02	     0.19	 8.72e+00	 5.07e-01	 6.25e-02	 45	 24	  2	  18	 2.15e-01	 4.81e-02	     0.16      2.12e-01	 4.74e-02	 39	 36	  8	  21	  1.26	     0.21	   0.57	   6.06	 44	 21	  2	3	   2	   1	 1	                                        	             	             	                                                                                                    
     113  190324.8-371222   19 03 24.87   -37 12 22.1        3	-1.62e-02	 6.39e-03	     1.39	-2.66e+00	-6.63e-03	 2.62e-03	 43	 15	  4	-999	 9.62e-02	 1.95e-02	     0.16	 9.47e+00	 5.07e-01	 1.03e-01	 40	 26	129	  12	 1.66e-01	 4.27e-02	     0.14	 6.13e+00	 3.16e-01	 8.15e-02	 34	 18	116	  10	 1.63e-01	 4.94e-02	     0.12	 5.20e+00	 2.21e-01	 6.68e-02	 41	 24	126	-999	 8.50e-02	 4.03e-02	     0.05      8.50e-02	 4.03e-02	 42	 36	 84	  12	  0.82	     0.15	   0.29	   5.64	 31	 18	117	2	   3	   2	 1	DOBASHI 7602                            	             	             	no SED fit                                                                                          
     114  190325.6-371431   19 03 25.66   -37 14 31.7     -999	 3.07e-02	 1.38e-02	     0.94	 1.16e+01	 1.42e-01	 6.41e-02	 61	 49	 83	-999	 2.59e-08	 2.37e-02	     0.00	 2.52e-06	 1.08e-07	 9.84e-02	 40	 26	 28	   9	 2.31e-01	 5.97e-02	     0.24	 1.16e+01	 8.14e-01	 2.10e-01	 65	 21	174	  13	 1.86e-01	 7.70e-02	     0.15	 6.50e+00	 4.28e-01	 1.78e-01	 64	 24	180	  12	 1.23e-01	 1.57e-01	     0.09      1.14e-01	 1.45e-01	 41	 36	103	  14	  0.84	     0.16	   0.34	   5.19	 45	 18	168	3	   0	   1	 1	2MASS J19032429-3715076                 	             	             	no SED fit                                                                                          
     115  190325.8-370309   19 03 25.88   -37 03 09.6        5	-8.39e-03	 1.61e-03	     2.98	-1.19e+00	-9.45e-02	 1.82e-02	 32	 15	 92	-999	 9.64e-03	 1.73e-02	     0.03	 1.22e+00	 5.14e-02	 9.20e-02	 46	 39	 77	   9	 1.30e-01	 2.30e-02	     0.23	 4.50e+00	 2.05e-01	 3.64e-02	 30	 18	 29	   7	 1.27e-01	 2.39e-02	     0.22	 3.73e+00	 1.76e-01	 3.30e-02	 32	 24	 48	-999	 7.72e-02	 1.95e-02	     0.12      5.32e-02	 1.34e-02	 36	 36	 73	   7	  0.55	     0.25	   0.19	   2.17	 29	 18	 54	2	   0	   0	 1	ISO-CrA 212                             	             	             	no SED fit                                                                                          
     116  190329.3-370816   19 03 29.32   -37 08 16.7        3	-1.21e-02	 3.72e-03	     1.85	-1.90e+00	-1.61e-03	 4.96e-04	 59	 12	118	-999	 6.38e-02	 1.94e-02	     0.18	 8.01e+00	 2.58e-01	 7.84e-02	 47	 38	 25	   8	 1.12e-01	 2.04e-02	     0.16	 4.46e+00	 2.51e-01	 4.56e-02	 33	 20	151	   8	 1.35e-01	 2.50e-02	     0.18	 4.24e+00	 2.20e-01	 4.09e-02	 39	 24	163	-999	 1.05e-01	 2.39e-02	     0.12      1.00e-01	 2.29e-02	 40	 36	151	   7	  0.54	     0.19	   0.22	   2.81	 34	 20	169	2	   0	   0	 1	                                        	             	             	no SED fit                                                                                          
     117  190331.3-371326   19 03 31.39   -37 13 26.3     -999	 5.91e-03	 3.19e-03	     1.01	 1.55e+00	 1.29e-02	 6.98e-03	 39	 30	 20	-999	 5.94e-02	 2.01e-02	     0.10	 5.94e+00	 5.21e-01	 1.77e-01	 36	 29	 85	  17	 2.73e-01	 5.22e-02	     0.19	 9.31e+00	 4.25e-01	 8.12e-02	 29	 18	 14	  17	 2.75e-01	 8.93e-02	     0.17	 8.34e+00	 2.89e-01	 9.39e-02	 35	 24	 13	  12	 1.98e-01	 9.46e-02	     0.12      1.72e-01	 8.23e-02	 45	 36	  9	  21	  1.65	     0.26	   0.55	   6.39	 28	 18	 18	3	   3	   2	 3	                                        	             	             	no SED fit                                                                                          
     118  190334.2-371035   19 03 34.22   -37 10 35.1     -999	 3.01e-03	 4.26e-03	     0.38	 7.74e-01	 1.64e-01	 2.33e-01	 42	 28	144	-999	 4.99e-02	 1.97e-02	     0.13	 4.98e+00	 2.41e-01	 9.47e-02	 36	 29	168	   8	 1.03e-01	 2.28e-02	     0.13	 4.16e+00	 2.22e-01	 4.91e-02	 34	 20	165	   8	 1.25e-01	 2.09e-02	     0.14	 3.67e+00	 1.64e-01	 2.73e-02	 32	 24	156	-999	 6.70e-02	 3.69e-02	     0.07      4.35e-02	 2.40e-02	 38	 36	167	   8	  0.52	     0.15	   0.19	   3.47	 29	 19	161	2	   0	   0	 1	                                        	             	             	no SED fit                                                                                          
     119  190335.7-372351   19 03 35.71   -37 23 51.2     -999	 5.09e-03	 3.92e-03	     0.72	 1.98e+00	-2.38e-01	-1.84e-01	 59	 56	 13	-999	 6.35e-02	 2.32e-02	     0.12	 7.88e+00	 3.58e-01	 1.31e-01	 58	 32	 87	   9	 1.46e-01	 4.30e-02	     0.14	 6.25e+00	 3.54e-01	 1.04e-01	 52	 18	103	  10	 1.51e-01	 4.56e-02	     0.14	 4.97e+00	 2.72e-01	 8.23e-02	 46	 24	106	   7	 1.87e-01	 4.63e-02	     0.18      2.28e-01	 5.65e-02	 42	 36	114	  11	  0.77	     0.18	   0.32	   4.21	 44	 18	103	3	   3	   1	 3	2MASS J19033113-3723302                 	             	             	no SED fit                                                                                          
     120  190339.2-371547   19 03 39.21   -37 15 47.9     -999	 4.82e-04	 3.10e-04	     0.91	 4.57e-02	 1.83e-01	 1.18e-01	 42	  8	 42	-999	 6.42e-02	 2.47e-02	     0.11	 5.95e+00	 5.11e-02	 1.96e-02	 39	 24	 32	  14	 2.07e-01	 3.56e-02	     0.18	 5.85e+00	 2.59e-01	 4.47e-02	 21	 18	 26	  10	 1.40e-01	 1.05e-01	     0.11	 3.97e+00	 1.36e-01	 1.02e-01	 29	 24	 29	   8	 1.10e-01	 1.10e-01	     0.09      1.06e-01	 1.06e-01	 37	 36	172	  10	  0.87	     0.18	   0.25	   4.82	 22	 18	 17	3	   0	   1	 3	                                        	             	             	no SED fit                                                                                          
     121  190341.9-371346   19 03 41.95   -37 13 46.6     -999	 1.59e-02	 9.49e-03	     0.85	 5.13e+00	-1.01e-01	-6.02e-02	 46	 42	139	-999	 1.53e-02	 2.26e-02	     0.03	 2.02e+00	-3.35e-01	-4.96e-01	 50	 40	168	  12	 2.10e-01	 5.93e-02	     0.14	 8.82e+00	 5.96e-01	 1.68e-01	 48	 18	 12	  16	 3.56e-01	 1.39e-01	     0.20	 1.13e+01	 6.39e-01	 2.49e-01	 40	 24	  2	  20	 2.89e-01	 2.02e-01	     0.16      3.53e-01	 2.46e-01	 59	 36	169	  24	  2.00	     0.26	   0.76	   7.82	 36	 18	 11	3	   2	   0	 3	                                        	             	             	no SED fit                                                                                          
     122  190345.7-371523   19 03 45.73   -37 15 23.9     -999	 8.91e-04	 2.21e-03	    -0.23	 2.54e-02	 2.27e-02	 5.65e-02	  8	  8	  0	-999	 4.56e-02	 1.92e-02	     0.08	 4.67e+00	 1.22e-01	 5.12e-02	 39	 29	163	  10	 1.64e-01	 3.46e-02	     0.13	 5.49e+00	 3.27e-01	 6.89e-02	 25	 19	 17	  12	 1.76e-01	 1.26e-01	     0.11	 5.14e+00	 2.21e-01	 1.58e-01	 31	 24	 11	   8	 1.71e-01	 1.96e-01	     0.10      1.77e-01	 2.03e-01	 36	 36	  9	  16	  1.13	     0.17	   0.43	   6.59	 34	 19	  0	3	   0	   2	 3	[DB2002b] G359.78-18.30                 	             	             	no SED fit                                                                                          
     123  190349.5-372024   19 03 49.59   -37 20 24.3     -999	 2.38e-03	 2.56e-03	    -0.51	 7.55e-01	 4.95e-01	 5.31e-01	 95	 29	163	   9	 7.08e-02	 2.53e-02	     0.15	 1.01e+01	 1.64e+00	 5.86e-01	 98	 36	130	  18	 4.47e-01	 5.69e-02	     0.48	 3.07e+01	 4.28e+00	 5.45e-01	 56	 39	 96	  23	 5.25e-01	 9.19e-02	     0.50	 2.31e+01	 3.20e+00	 5.59e-01	 62	 45	108	  27	 4.65e-01	 1.07e-01	     0.42      1.51e+00	 3.48e-01	 66	 53	134	  24	  2.33	     0.59	   1.59	   3.94	 53	 40	 89	4	   3	   2	 3	                                        	             	             	                                                                                                    
     124  190353.2-371927   19 03 53.21   -37 19 27.7        2	-1.34e-02	 8.10e-03	     0.89	-2.34e+00	 1.10e-02	-6.61e-03	 32	 19	172	-999	 3.31e-02	 2.05e-02	     0.07	 2.56e+00	 1.96e-01	 1.22e-01	 28	 24	 68	  12	 2.16e-01	 4.72e-02	     0.19	 6.47e+00	 3.35e-01	 7.30e-02	 21	 19	 32	  10	 2.21e-01	 8.44e-02	     0.17	 6.28e+00	 2.89e-01	 1.10e-01	 29	 25	120	   6	 2.03e-01	 1.13e-01	     0.17      2.68e-01	 1.49e-01	 43	 36	119	  13	  1.04	     0.20	   0.30	   5.20	 20	 19	132	3	   3	   2	 3	1FGL J1903.8-3718c                      	             	             	no SED fit                                                                                          
     125  190356.0-372013   19 03 56.06   -37 20 13.3     -999	 1.56e-02	 6.45e-03	     1.28	 5.97e+00	-3.44e-01	-1.42e-01	 57	 56	143	-999	 4.85e-02	 2.51e-02	     0.10	 6.36e+00	 3.30e-01	 1.70e-01	 49	 40	172	  15	 2.40e-01	 5.52e-02	     0.21	 1.26e+01	 7.47e-01	 1.72e-01	 50	 24	106	  20	 3.59e-01	 9.26e-02	     0.29	 1.27e+01	 8.39e-01	 2.16e-01	 39	 32	 93	  18	 3.20e-01	 6.11e-02	     0.27      4.37e-01	 8.33e-02	 41	 37	 49	  23	  1.53	     0.27	   0.80	   5.58	 49	 25	104	3	   2	   2	 3	                                        	             	             	                                                                                                    
     126  190358.3-371808   19 03 58.30   -37 18 09.0        4	-1.69e-02	 4.49e-03	     2.06	-3.69e+00	 2.50e-03	-6.67e-04	 48	 20	130	-999	 1.03e-01	 2.62e-02	     0.19	 1.04e+01	 5.08e-01	 1.29e-01	 38	 29	134	   9	 1.44e-01	 6.54e-02	     0.12	 6.22e+00	 3.92e-01	 1.78e-01	 32	 23	 12	  11	 2.28e-01	 6.83e-02	     0.17	 7.36e+00	 4.22e-01	 1.26e-01	 34	 28	146	   8	 1.81e-01	 1.03e-01	     0.13      2.03e-01	 1.16e-01	 43	 36	158	  11	  0.83	     0.15	   0.40	   5.54	 34	 26	171	3	   0	   1	 3	                                        	             	             	no SED fit                                                                                          
     127  190401.2-371618   19 04 01.23   -37 16 18.9     -999	 8.49e-03	 8.88e-03	     0.48	 3.07e+00	-1.44e-01	-1.51e-01	 56	 47	 25	   7	 1.72e-01	 2.29e-02	     0.31	 8.21e+00	 5.57e-01	 7.40e-02	 23	 14	147	  32	 9.17e-01	 7.15e-02	     0.65	 5.61e+01	 5.51e+00	 4.30e-01	 47	 34	131	  53	 1.23e+00	 9.41e-02	     0.80	 4.44e+01	 3.53e+00	 2.71e-01	 51	 28	170	  73	 1.42e+00	 1.33e-01	     0.88      2.48e+00	 2.31e-01	 45	 39	168	  91	  8.12	     1.11	   5.57	   7.29	 58	 39	164	4	   3	   1	 2	JCMTSF J190359.6-371614                 	             	             	                                                                                                    
     128  190401.3-371846   19 04 01.33   -37 18 46.1        7	-1.84e-02	 2.55e-03	     4.13	-2.21e+00	-2.08e-03	 2.87e-04	 33	 12	 48	-999	 3.42e-18	 1.59e-02	     0.00	 3.33e-16	 2.32e-17	 1.08e-01	 36	 28	117	   7	 1.01e-01	 6.58e-02	     0.09	 3.78e+00	 1.44e-01	 9.44e-02	 34	 18	 88	   7	 1.01e-01	 6.62e-02	     0.08	 3.00e+00	 1.21e-01	 7.95e-02	 33	 24	 84	   7	 1.08e-01	 8.30e-02	     0.09      1.46e-01	 1.12e-01	 46	 36	 63	  10	  0.91	     0.18	   0.29	   5.14	 21	 21	 94	3	   0	   1	-1	                                        	             	             	no SED fit, low 250 micron flux                                                                     
     129  190402.8-364716   19 04 02.89   -36 47 16.2     -999	 2.89e-03	 1.13e-03	     1.47	 1.22e+00	 9.07e-03	 3.55e-03	 82	 60	161	   6	 1.26e-01	 3.44e-02	     1.06	 1.74e+01	 1.55e+00	 4.24e-01	 55	 42	 70	  10	 1.47e-01	 2.40e-02	     0.72	 9.03e+00	 8.36e-01	 1.37e-01	 44	 36	101	   9	 1.45e-01	 2.85e-02	     0.67	 5.28e+00	 4.35e-01	 8.58e-02	 44	 31	 96	   8	 1.14e-01	 3.07e-02	     0.61      1.93e-01	 5.20e-02	 50	 39	 95	   6	  0.46	     0.56	   0.33	   0.81	 57	 45	 55	4	   0	   0	 1	                                        	             	             	                                                                                                    
     130  190406.2-371651   19 04 06.20   -37 16 51.1     -999	 9.33e-03	 6.52e-03	     0.78	 3.27e+00	-1.53e-01	-1.07e-01	 51	 47	 71	-999	 4.35e-02	 2.25e-02	     0.07	 4.75e+00	 2.39e-01	 1.24e-01	 37	 34	 60	  17	 3.60e-01	 6.74e-02	     0.22	 2.06e+01	 1.40e+00	 2.62e-01	 43	 31	 73	  23	 7.60e-01	 9.67e-02	     0.42	 2.70e+01	 1.80e+00	 2.29e-01	 50	 28	 82	  30	 9.51e-01	 1.21e-01	     0.51      1.75e+00	 2.24e-01	 55	 43	 89	  40	  5.60	     0.72	   3.21	   7.78	 50	 28	 80	3	   3	   2	 2	                                        	             	             	                                                                                                    
     131  190406.6-371359   19 04 06.60   -37 13 59.8     -999	 4.84e-04	 9.45e-04	    -0.29	 1.41e-01	-7.61e-02	-1.49e-01	 85	 26	 25	-999	 2.24e-02	 1.78e-02	     0.04	 3.02e+00	 9.38e-03	 7.48e-03	 49	 43	  8	  19	 2.88e-01	 4.24e-02	     0.21	 1.34e+01	 9.15e-01	 1.35e-01	 35	 25	159	  26	 4.72e-01	 7.36e-02	     0.28	 1.61e+01	 1.12e+00	 1.75e-01	 37	 30	160	  32	 6.14e-01	 1.11e-01	     0.36      1.03e+00	 1.86e-01	 55	 37	176	  43	  3.88	     0.54	   2.25	   7.17	 45	 31	156	3	   2	   1	 3	                                        	             	             	no SED fit                                                                                          
     132  190409.3-372319   19 04 09.39   -37 23 19.2     -999	 1.36e-04	 6.62e-04	     0.12	 3.88e-03	-4.87e-02	-2.37e-01	  8	  8	 22	  11	 1.31e-01	 2.37e-02	     0.43	 1.35e+01	 1.09e+00	 1.96e-01	 53	 24	 37	  40	 5.37e-01	 3.48e-02	     0.67	 2.40e+01	 1.74e+00	 1.13e-01	 42	 21	 27	  45	 6.72e-01	 3.76e-02	     0.78	 2.22e+01	 1.48e+00	 8.29e-02	 44	 25	 30	  44	 6.47e-01	 4.52e-02	     0.82      9.19e-01	 6.43e-02	 47	 36	 33	  51	  3.90	     1.16	   1.94	   3.37	 41	 25	 29	4	   2	   1	 3	                                        	             	             	                                                                                                    
     133  190418.7-373556   19 04 18.80   -37 35 56.7     -999	 6.97e-02	 1.35e-02	     1.10	 1.35e+01	 1.94e-01	 3.75e-02	 31	 23	172	  17	 3.69e-01	 2.22e-02	     4.84	 1.19e+01	 6.19e-01	 3.73e-02	 15	 13	 59	  21	 2.89e-01	 1.81e-02	     1.84	 7.32e+00	 3.19e-01	 1.99e-02	 18	 18	 45	  10	 1.30e-01	 1.69e-02	     0.79	 3.39e+00	 1.44e-01	 1.86e-02	 25	 24	 53	-999	 9.63e-02	 3.00e-02	     0.38      4.04e-02	 1.26e-02	 36	 36	 86	   8	  0.56	     0.71	   0.15	   0.80	 18	 18	 43	3	   0	   0	-1	LEDA 210214                             	             	             	low mass candidate                                                                                  
     134  190420.8-373010   19 04 20.82   -37 30 10.7        2	-6.08e-03	 3.02e-03	     1.14	-1.80e+00	 1.05e-01	-5.21e-02	 56	 30	 47	   8	 1.40e-01	 2.13e-02	     0.50	 1.57e+01	 1.29e+00	 1.97e-01	 42	 32	  2	  21	 3.07e-01	 1.90e-02	     0.47	 1.58e+01	 1.16e+00	 7.17e-02	 43	 25	179	  19	 3.17e-01	 2.08e-02	     0.43	 1.09e+01	 7.17e-01	 4.72e-02	 43	 28	169	  17	 3.19e-01	 4.13e-02	     0.51      5.89e-01	 7.62e-02	 51	 36	177	  15	  1.20	     0.45	   0.60	   2.66	 43	 24	178	4	   3	   1	 3	                                        	             	             	                                                                                                    
     135  190426.4-372943   19 04 26.44   -37 29 43.4        2	-7.86e-03	 4.17e-03	     1.09	-2.52e+00	 4.39e-02	-2.33e-02	 83	 30	 33	   8	 1.30e-01	 2.50e-02	     0.57	 2.07e+01	 2.98e+00	 5.72e-01	 69	 56	 70	  24	 4.14e-01	 4.41e-02	     0.70	 2.88e+01	 3.60e+00	 3.83e-01	 56	 41	101	  28	 4.69e-01	 3.75e-02	     0.70	 1.98e+01	 2.30e+00	 1.84e-01	 56	 42	 96	  29	 4.68e-01	 5.51e-02	     0.73      1.25e+00	 1.47e-01	 58	 47	 96	  31	  2.28	     0.88	   1.56	   2.59	 52	 41	105	4	   2	   1	 3	                                        	             	             	                                                                                                    
     136  190427.4-372258   19 04 27.41   -37 22 58.1     -999	 3.64e-02	 1.37e-02	     1.12	 1.55e+01	 1.89e-01	 7.11e-02	 77	 64	 83	-999	 1.01e-01	 2.55e-02	     0.36	 1.54e+01	 1.24e+00	 3.13e-01	 63	 51	102	  15	 2.53e-01	 1.36e-02	     0.50	 1.44e+01	 1.34e+00	 7.16e-02	 55	 27	164	  17	 2.92e-01	 1.29e-02	     0.52	 1.07e+01	 9.08e-01	 4.02e-02	 56	 28	164	  16	 2.59e-01	 1.59e-02	     0.50      5.19e-01	 3.19e-02	 61	 36	165	  17	  1.25	     0.54	   0.71	   2.33	 57	 26	161	3	   1	   0	 3	                                        	             	             	                                                                                                    
     137  190445.3-371112   19 04 45.31   -37 11 12.7        2	-1.67e-02	 8.18e-03	     1.02	-6.64e+00	-1.10e-02	 5.42e-03	 68	 55	  7	-999	 4.72e-02	 2.31e-02	     0.15	 7.67e+00	 8.02e-01	 3.92e-01	 67	 63	 16	   9	 1.32e-01	 2.19e-02	     0.22	 6.91e+00	 6.04e-01	 1.00e-01	 53	 24	 18	  11	 1.65e-01	 2.76e-02	     0.26	 5.78e+00	 4.78e-01	 8.01e-02	 63	 25	 15	  11	 1.57e-01	 2.31e-02	     0.28      2.57e-01	 3.78e-02	 61	 36	 19	   9	  0.56	     0.22	   0.28	   2.52	 62	 21	 12	3	   0	   0	 3	2MASS J19044942-3711139                 	             	             	                                                                                                    
     138  190605.2-375924   19 06 05.22   -37 59 24.9       18	 2.03e-01	 1.54e-02	   167.57	 8.00e+00	 3.19e-01	 2.42e-02	 11	  8	 85	  22	 5.17e-01	 2.05e-02	    21.47	 1.47e+01	 5.06e-01	 2.00e-02	 13	 13	122	  26	 2.74e-01	 9.98e-03	   -45.21	 6.89e+00	 2.43e-01	 8.84e-03	 18	 18	 60	   9	 9.14e-02	 9.41e-03	   -27.61	 2.37e+00	 9.53e-02	 9.81e-03	 24	 24	156	-999	 2.69e-02	 1.06e-02	     0.88      1.20e-02	 4.75e-03	 36	 36	 66	  10	  0.48	     1.98	   0.12	   0.24	 18	 18	 42	4	   0	   2	 4	2MFGC 14736                             	             	             	no SED fit, spatially unresolved in col. dens                                                       
     139  190644.1-371417   19 06 44.11   -37 14 17.7        2	-2.00e-02	 1.02e-02	     1.02	-7.88e+00	 2.46e-02	-1.25e-02	 80	 48	 86	-999	 6.96e-02	 2.01e-02	     0.24	 1.18e+01	 1.48e+00	 4.29e-01	 83	 63	135	  11	 1.80e-01	 2.01e-02	     0.36	 1.11e+01	 1.12e+00	 1.24e-01	 51	 32	154	  13	 1.82e-01	 5.85e-02	     0.31	 7.02e+00	 6.18e-01	 1.99e-01	 56	 32	133	  12	 1.54e-01	 7.79e-02	     0.30      2.90e-01	 1.46e-01	 54	 39	119	   9	  0.73	     0.33	   0.45	   2.20	 47	 35	171	3	   3	   0	 1	                                        	             	             	                                                                                                    
     140  190644.2-371646   19 06 44.26   -37 16 46.9     -999	 2.20e-02	 1.13e-02	     0.97	 1.06e+01	 7.82e-01	 4.02e-01	111	102	 47	-999	 5.57e-02	 1.98e-02	     0.19	 1.02e+01	 2.17e+00	 7.71e-01	 96	 90	 97	  13	 2.68e-01	 2.56e-02	     0.65	 2.17e+01	 3.94e+00	 3.76e-01	 71	 59	 63	  19	 3.71e-01	 5.52e-02	     0.76	 1.75e+01	 3.27e+00	 4.87e-01	 72	 58	112	  21	 3.86e-01	 6.86e-02	     0.91      1.62e+00	 2.88e-01	 70	 63	 81	  18	  1.48	     0.73	   1.08	   2.03	 62	 44	109	3	   1	   1	 3	                                        	             	             	                                                                                                    
     141  190651.9-365733   19 06 52.00   -36 57 33.1       26	 2.78e-01	 1.58e-02	    10.93	 1.33e+01	 6.75e-01	 3.84e-02	 13	  9	 41	  33	 6.83e-01	 3.49e-02	     2.09	 2.71e+01	 1.64e+00	 8.36e-02	 20	 13	166	  32	 4.69e-01	 4.47e-02	     0.76	 1.28e+01	 5.36e-01	 5.10e-02	 20	 18	167	  17	 2.42e-01	 5.83e-02	     0.41	 6.71e+00	 2.93e-01	 7.07e-02	 28	 24	145	  10	 1.39e-01	 6.30e-02	     0.26      1.71e-01	 7.76e-02	 43	 36	144	   7	  0.54	     0.29	   0.15	   1.86	 19	 18	168	5	   3	   0	-1	2MASX J19065170-3657305                 	             	             	low mass candidate                                                                                  
     142  190704.4-371343   19 07 04.41   -37 13 43.6     -999	 2.34e-02	 1.18e-02	     0.90	 9.59e+00	 1.58e-01	 7.95e-02	 65	 64	132	-999	 5.35e-02	 1.84e-02	     0.16	 8.40e+00	 1.14e+00	 3.92e-01	 64	 56	119	  10	 1.89e-01	 3.51e-02	     0.29	 1.06e+01	 8.25e-01	 1.53e-01	 43	 29	163	  13	 1.86e-01	 5.86e-02	     0.25	 6.63e+00	 4.67e-01	 1.47e-01	 47	 28	148	  13	 1.75e-01	 7.07e-02	     0.25      2.90e-01	 1.18e-01	 47	 39	159	  13	  0.96	     0.35	   0.54	   2.75	 46	 29	160	3	   1	   0	 1	                                        	             	             	no SED fit                                                                                          
     143  190718.7-371409   19 07 18.73   -37 14 09.1     -999	 1.68e-02	 1.10e-02	     0.75	 5.39e+00	 5.43e-02	 3.55e-02	 44	 42	175	-999	 6.30e-02	 2.05e-02	     0.21	 7.41e+00	 3.17e-01	 1.03e-01	 46	 33	146	   7	 1.05e-01	 1.84e-02	     0.19	 4.06e+00	 2.37e-01	 4.17e-02	 32	 20	139	   8	 1.20e-01	 4.76e-02	     0.20	 3.87e+00	 1.86e-01	 7.39e-02	 43	 24	142	   8	 1.40e-01	 6.19e-02	     0.25      1.19e-01	 5.26e-02	 45	 36	138	   7	  0.56	     0.24	   0.19	   2.39	 27	 18	131	3	   3	   0	 3	                                        	             	             	no SED fit                                                                                          
     144  190845.1-375739   19 08 45.12   -37 57 39.5     -999	 2.34e-02	 9.97e-03	     0.91	 5.24e+00	 2.88e-02	 1.23e-02	 33	 27	 52	-999	 6.59e-02	 1.67e-02	     0.50	 5.09e+00	 1.77e-01	 4.49e-02	 33	 21	 77	   9	 8.81e-02	 9.34e-03	     0.53	 2.83e+00	 1.10e-01	 1.17e-02	 26	 18	 70	   6	 6.32e-02	 1.15e-02	     0.37	 1.82e+00	 5.71e-02	 1.04e-02	 30	 24	100	-999	 1.42e-02	 8.68e-03	     0.08      1.06e-02	 6.48e-03	 37	 36	123	   5	  0.32	     0.40	   0.11	   0.80	 29	 18	 72	2	   0	   0	-1	                                        	             	             	no SED fit, low 250 micron flux                                                                     
     145  190848.1-375630   19 08 48.17   -37 56 30.6       23	 1.96e-01	 1.09e-02	    20.08	 7.70e+00	 2.99e-01	 1.67e-02	 11	  8	 94	  20	 4.77e-01	 1.65e-02	     5.49	 1.36e+01	 5.10e-01	 1.77e-02	 13	 13	 67	  25	 2.53e-01	 1.10e-02	     1.64	 6.36e+00	 2.04e-01	 8.89e-03	 18	 18	115	   9	 8.86e-02	 9.94e-03	     0.61	 2.30e+00	 8.30e-02	 9.32e-03	 24	 24	106	-999	 2.17e-03	 9.58e-03	     0.01      4.30e-03	 1.90e-02	 36	 36	 32	   7	  0.34	     0.49	   0.08	   0.69	 18	 18	 80	4	   0	   2	-1	                                        	             	             	spatially unresolved in col. dens, low mass candidate                                               
     146  190911.9-374958   19 09 12.00   -37 49 58.0     -999	 1.55e-03	 4.69e-04	     1.88	 4.42e-02	 7.98e-02	 2.41e-02	  8	  8	  0	-999	 7.19e-02	 1.57e-02	     0.83	 4.62e+00	 1.95e-01	 4.25e-02	 25	 20	 18	  16	 1.38e-01	 1.25e-02	     1.72	 3.45e+00	 1.24e-01	 1.12e-02	 18	 18	 73	  14	 1.41e-01	 1.15e-02	     1.73	 3.66e+00	 1.25e-01	 1.02e-02	 24	 24	  2	   9	 8.74e-02	 1.27e-02	     1.13      8.12e-02	 1.18e-02	 36	 36	 86	  13	  0.67	     1.03	   0.17	   0.65	 18	 18	 88	3	   0	   2	-1	                                        	             	             	spatially unresolved in col. dens, low 250 micron flux                                              
     147  190925.6-380459   19 09 25.66   -38 04 59.2     -999	 1.04e-02	 6.62e-03	     0.84	 2.22e+00	 3.28e-02	 2.10e-02	 31	 26	154	-999	 7.81e-02	 1.75e-02	     0.63	 5.88e+00	 1.71e-01	 3.83e-02	 29	 22	 95	  11	 1.06e-01	 9.37e-03	     0.90	 2.98e+00	 1.01e-01	 8.96e-03	 21	 18	 90	   8	 7.34e-02	 9.97e-03	     0.65	 1.91e+00	 6.52e-02	 8.86e-03	 24	 24	 94	   4	 5.13e-02	 1.19e-02	     0.49      4.22e-02	 9.75e-03	 38	 36	141	   7	  0.37	     0.57	   0.10	   0.66	 20	 18	134	2	   0	   0	-1	                                        	             	             	no SED fit, low 250 micron flux                                                                     
     148  190930.7-374307   19 09 30.75   -37 43 07.2     -999	 1.59e-02	 5.24e-03	     1.58	 3.69e+00	-8.14e-02	-2.68e-02	 32	 29	 29	-999	 6.81e-02	 1.40e-02	     1.53	 4.88e+00	 1.28e-01	 2.63e-02	 30	 20	 19	  12	 1.17e-01	 1.30e-02	    27.55	 3.19e+00	 1.28e-01	 1.43e-02	 20	 18	118	  10	 9.44e-02	 1.25e-02	    33.66	 2.50e+00	 9.63e-02	 1.27e-02	 25	 24	114	   6	 7.51e-02	 1.01e-02	    17.91      5.67e-02	 7.59e-03	 36	 36	139	   9	  0.51	     1.21	   0.15	   0.42	 22	 18	114	3	   0	   0	-1	                                        	             	             	low 250 micron flux                                                                                 
     149  190932.4-371245   19 09 32.44   -37 12 45.7        4	-1.76e-02	 4.16e-03	     2.31	-4.69e+00	 3.55e-02	-8.40e-03	 52	 26	116	-999	 3.95e-02	 2.36e-02	     0.26	 5.88e+00	 3.97e-01	 2.37e-01	 59	 50	 84	  11	 1.26e-01	 3.41e-02	     0.54	 5.48e+00	 4.08e-01	 1.10e-01	 37	 21	 41	   8	 1.32e-01	 4.13e-02	     0.51	 4.14e+00	 2.50e-01	 7.79e-02	 38	 24	 45	   7	 1.17e-01	 4.20e-02	     0.47      1.37e-01	 4.94e-02	 44	 36	 43	   8	  0.69	     0.58	   0.32	   1.20	 31	 27	 51	3	   0	   0	 1	VSS VIII-38                             	             	             	no SED fit                                                                                          
     150  190945.9-370427   19 09 45.98   -37 04 27.9       63	 8.30e-01	 1.62e-02	    40.63	 3.23e+01	 1.85e+00	 3.61e-02	 11	  8	 97	  59	 1.41e+00	 1.99e-02	     5.63	 4.54e+01	 1.78e+00	 2.52e-02	 15	 13	103	 122	 1.51e+00	 2.66e-02	     2.91	 3.80e+01	 1.33e+00	 2.33e-02	 18	 18	173	  76	 1.03e+00	 4.31e-02	     1.83	 2.67e+01	 8.45e-01	 3.54e-02	 24	 24	 32	  34	 6.08e-01	 7.03e-02	     1.13      5.45e-01	 6.30e-02	 36	 36	 18	  59	  4.50	     1.96	   1.13	   2.30	 18	 18	 18	5	   2	   2	 4	V V721 CrA                              	J190945.92-37	             	spatially unresolved in col. dens                                                                   
     151  191020.1-370826   19 10 20.17   -37 08 27.0        6	 8.14e-02	 1.58e-02	     1.26	 4.90e+00	 1.49e-01	 2.88e-02	 17	  9	142	 216	 5.49e+00	 5.00e-02	     8.97	 1.56e+02	 5.10e+00	 4.65e-02	 13	 13	115	 655	 8.89e+00	 2.43e-01	     3.94	 2.23e+02	 7.49e+00	 2.05e-01	 18	 18	 40	 534	 7.99e+00	 3.43e-01	     2.72	 2.08e+02	 8.34e+00	 3.58e-01	 24	 24	 21	 291	 6.54e+00	 4.53e-01	     2.21      6.77e+00	 4.69e-01	 36	 36	  8	 550	 48.11	     1.83	  13.83	  26.35	 21	 18	 67	5	   2	   2	 2	[YMS99b] 5                              	             	             	                                                                                                    
     152  191038.0-381518   19 10 38.05   -38 15 19.0     -999	 3.70e-02	 1.19e-02	     1.54	 9.02e+00	 1.96e-01	 6.31e-02	 36	 29	132	-999	 7.10e-02	 1.93e-02	     0.82	 6.59e+00	 8.67e-02	 2.35e-02	 34	 27	 89	  14	 1.29e-01	 1.03e-02	     2.26	 3.23e+00	 1.19e-01	 9.50e-03	 18	 18	163	  11	 9.63e-02	 1.51e-02	     1.83	 2.56e+00	 1.01e-01	 1.58e-02	 26	 24	135	   6	 6.15e-02	 1.46e-02	     1.30      4.53e-02	 1.08e-02	 36	 36	 20	  11	  0.59	     1.22	   0.16	   0.48	 21	 18	148	3	   0	   1	-1	                                        	             	             	low 250 micron flux                                                                                 
     153  191045.0-380748   19 10 45.10   -38 07 48.4       20	 2.52e-01	 1.53e-02	    24.11	 1.10e+01	 5.57e-01	 3.37e-02	 12	  9	106	  33	 7.25e-01	 2.23e-02	    17.23	 2.07e+01	 9.00e-01	 2.77e-02	 13	 13	 71	  52	 5.02e-01	 9.63e-03	     6.72	 1.26e+01	 4.89e-01	 9.38e-03	 18	 18	170	  20	 1.99e-01	 8.04e-03	     2.92	 5.16e+00	 1.95e-01	 7.90e-03	 24	 24	170	   6	 5.92e-02	 8.56e-03	     0.94      5.06e-02	 7.32e-03	 44	 36	141	  17	  0.85	     1.82	   0.21	   0.46	 18	 18	 69	5	   0	   2	 4	IRAS 19074-3813                         	             	             	spatially unresolved in col. dens                                                                   
     154  191116.8-375114   19 11 16.84   -37 51 14.8     -999	 5.69e-02	 1.22e-02	     1.23	 9.45e+00	 1.12e-01	 2.41e-02	 32	 18	  4	   7	 1.46e-01	 2.27e-02	    -6.25	 6.79e+00	 1.27e-01	 1.97e-02	 25	 13	102	  20	 1.78e-01	 1.09e-02	    -3.47	 4.48e+00	 1.70e-01	 1.04e-02	 18	 18	127	  11	 1.02e-01	 5.81e-03	    -2.07	 2.65e+00	 8.99e-02	 5.11e-03	 24	 24	156	-999	 4.53e-02	 1.00e-30	   -11.15      2.38e-02	 5.25e-31	 36	 36	 39	  11	  0.55	     2.40	   0.16	   0.23	 21	 18	143	3	   0	   1	-1	                                        	             	             	low mass candidate                                                                                  
     155  191124.0-382435   19 11 24.08   -38 24 35.3        0	 0.00e+00	 0.00e+00	     0.00	 0.00e+00	 0.00e+00	 0.00e+00	  0	  0	  0	   0	 0.00e+00	 0.00e+00	     0.00	 0.00e+00	 0.00e+00	 0.00e+00	  0	  0	  0	  15	 1.23e-01	 1.10e-02	     5.55	 3.09e+00	 1.07e-01	 9.54e-03	 18	 18	144	   7	 6.84e-02	 1.37e-02	     5.36	 1.83e+00	 6.35e-02	 1.27e-02	 26	 24	 80	-999	 1.86e-02	 1.35e-02	     0.66      8.13e-03	 5.91e-03	 36	 36	 35	   5	  0.22	     0.52	   0.06	   0.42	 20	 18	 58	2	   0	   0	-1	                                        	             	             	no SED fit, low 250 micron flux                                                                     
     156  191128.5-371431   19 11 28.51   -37 14 31.4     -999	 5.16e-03	 2.30e-03	     1.23	 2.55e+00	-4.51e-02	-2.01e-02	146	114	176	   6	 3.23e-02	 1.53e-02	     3.45	 5.88e+00	 2.01e+00	 9.54e-01	145	 72	108	  11	 1.04e-01	 1.52e-02	     3.99	 9.20e+00	 2.73e+00	 3.97e-01	 93	 81	 73	  12	 1.11e-01	 1.42e-02	     3.49	 5.55e+00	 1.61e+00	 2.06e-01	 86	 77	 85	  12	 1.25e-01	 1.89e-02	     3.70      8.68e-01	 1.31e-01	 94	 78	 95	  10	  0.39	     0.71	   0.35	   0.55	111	 92	 86	4	   0	   0	 1	                                        	             	             	                                                                                                    
     157  191210.4-381458   19 12 10.42   -38 14 58.8       41	-1.13e-02	 2.75e-04	   -23.86	-1.01e+00	-3.26e-02	 7.92e-04	 29	  9	 47	   6	-3.79e-02	 6.55e-03	    -0.20	-2.69e+00	-6.94e-02	 1.20e-02	 35	 18	 34	   6	 3.56e-02	 1.60e-02	     0.10	 1.85e+00	 1.20e-01	 5.38e-02	 41	 27	145	   7	 6.16e-02	 2.56e-02	     0.16	 1.80e+00	 7.86e-02	 3.27e-02	 32	 24	129	   7	 7.36e-02	 3.69e-02	     0.21      9.39e-02	 4.70e-02	 44	 36	141	   7	  0.31	     0.22	   0.13	   1.46	 30	 22	137	3	   3	   0	-1	                                        	             	             	no SED fit, low 250 micron flux                                                                     
     158  191211.1-380640   19 12 11.16   -38 06 40.1     -999	 2.18e-02	 1.11e-02	     0.94	 7.75e+00	 9.05e-02	 4.61e-02	 50	 49	 54	-999	 6.51e-02	 2.29e-02	     0.76	 8.98e+00	 1.18e-01	 4.15e-02	 56	 41	 59	   7	 8.23e-02	 2.47e-02	     0.89	 3.52e+00	 2.23e-01	 6.67e-02	 30	 24	176	   6	 6.26e-02	 2.08e-02	     0.59	 1.79e+00	 9.60e-02	 3.18e-02	 30	 24	143	   4	 3.76e-02	 3.52e-02	     0.41      4.71e-02	 4.41e-02	 47	 38	175	   5	  0.35	     0.46	   0.13	   0.75	 32	 18	164	2	   0	   0	 1	                                        	             	             	no SED fit                                                                                          
     159  191215.5-371109   19 12 15.60   -37 11 09.7     -999	 4.73e-02	 1.07e-02	     1.30	 6.53e+00	 3.23e-02	 7.32e-03	 21	 20	160	-999	 8.36e-02	 1.45e-02	     1.47	 3.46e+00	 9.00e-02	 1.56e-02	 21	 13	169	  12	 1.17e-01	 8.21e-03	     2.58	 2.95e+00	 1.06e-01	 7.45e-03	 18	 18	159	   7	 7.93e-02	 9.55e-03	     1.97	 2.06e+00	 6.98e-02	 8.40e-03	 24	 24	168	-999	 2.16e-02	 1.28e-02	     0.29      8.49e-03	 5.03e-03	 36	 36	172	   8	  0.42	     0.64	   0.10	   0.65	 18	 18	179	2	   0	   0	-1	                                        	             	             	no SED fit, spatially unresolved in col. dens, low 250 micron flux                                  
     160  191232.9-380621   19 12 32.95   -38 06 22.0        9	-7.81e-03	 8.87e-04	    -4.90	-1.02e+00	 5.02e-02	-5.70e-03	 57	 10	163	   6	 4.87e-02	 2.25e-02	     0.38	 4.89e+00	 2.60e-01	 1.20e-01	 47	 25	100	  11	 7.56e-02	 1.46e-02	     0.30	 3.41e+00	 2.14e-01	 4.13e-02	 44	 20	100	  10	 8.01e-02	 1.35e-02	     0.31	 2.68e+00	 1.67e-01	 2.82e-02	 50	 24	 97	   8	 5.96e-02	 1.36e-02	     0.26      7.58e-02	 1.73e-02	 53	 36	 92	   6	  0.23	     0.21	   0.11	   1.11	 49	 22	 93	5	   3	   0	 1	                                        	             	             	                                                                                                    
     161  191233.0-374303   19 12 33.08   -37 43 03.5     -999	 2.01e-02	 9.25e-03	     1.06	 4.92e+00	-1.76e-01	-8.09e-02	 38	 28	 29	-999	 2.68e-02	 1.91e-02	     0.55	 2.75e+00	 3.37e-02	 2.40e-02	 40	 28	153	   9	 7.54e-02	 1.19e-02	     1.99	 2.46e+00	 1.12e-01	 1.76e-02	 26	 18	  5	   9	 9.41e-02	 1.31e-02	     2.10	 2.44e+00	 8.05e-02	 1.12e-02	 24	 24	  2	-999	 3.35e-02	 1.34e-02	     0.39      2.53e-02	 1.01e-02	 36	 36	 19	   9	  0.47	     1.02	   0.15	   0.46	 25	 18	178	2	   0	   0	-1	                                        	             	             	no SED fit, low 250 micron flux                                                                     
     162  191245.5-381158   19 12 45.53   -38 11 58.9     -999	 3.20e-02	 1.17e-02	     1.30	 1.32e+01	 7.54e-01	 2.74e-01	 71	 60	 72	  13	-7.81e-02	 6.18e-03	    -0.40	-5.41e+00	-1.00e-01	 7.92e-03	 71	 13	 77	  11	 8.07e-02	 1.77e-02	     0.24	 5.57e+00	 5.33e-01	 1.17e-01	 48	 45	 92	  10	 8.61e-02	 1.40e-02	     0.23	 3.36e+00	 2.79e-01	 4.54e-02	 47	 36	 68	   9	 8.09e-02	 1.88e-02	     0.22      1.52e-01	 3.52e-02	 61	 36	169	   9	  0.38	     0.25	   0.23	   1.53	 48	 31	167	3	   3	   0	 1	                                        	             	             	                                                                                                    
     163  191247.6-381610   19 12 47.62   -38 16 10.1       10	-5.59e-03	 5.79e-04	     5.41	-1.74e+00	-3.32e-02	 3.44e-03	 81	 29	 64	-999	 1.18e-02	 1.74e-02	     0.30	 2.04e+00	 3.45e-01	 5.09e-01	 82	 71	125	  12	 9.67e-02	 4.00e-02	     1.10	 5.72e+00	 5.46e-01	 2.26e-01	 57	 28	115	  12	 1.06e-01	 3.71e-02	     1.10	 3.94e+00	 3.52e-01	 1.23e-01	 56	 29	111	   8	 9.83e-02	 4.00e-02	     1.45      2.06e-01	 8.42e-02	 57	 38	115	   9	  0.47	     0.70	   0.29	   0.67	 57	 31	113	3	   3	   0	 1	                                        	             	             	no SED fit                                                                                          
     164  191249.4-380041   19 12 49.47   -38 00 41.8        4	-2.56e-02	 6.92e-03	     2.00	-6.06e+00	-7.35e-02	 1.99e-02	 38	 26	  6	   5	 6.81e-02	 2.36e-02	     0.71	 5.47e+00	 3.05e-01	 1.06e-01	 32	 23	 43	  15	 1.61e-01	 1.44e-02	     0.84	 4.95e+00	 2.77e-01	 2.47e-02	 24	 18	 87	  10	 1.20e-01	 1.19e-02	     0.59	 3.27e+00	 1.57e-01	 1.56e-02	 27	 24	 88	   7	 8.96e-02	 1.29e-02	     0.49      1.21e-01	 1.75e-02	 51	 36	 95	   7	  0.46	     0.49	   0.15	   0.94	 24	 19	106	4	   0	   0	 3	                                        	             	             	                                                                                                    
     165  191252.1-381048   19 12 52.10   -38 10 48.3        3	-4.23e-02	 1.34e-02	     1.22	-1.02e+01	-1.84e-02	 5.81e-03	 72	 20	105	-999	 1.15e-03	 1.29e-02	     0.01	 1.63e-01	 2.74e-01	 3.08e+00	 92	 36	153	   8	 5.45e-02	 1.69e-02	     0.15	 4.15e+00	 4.86e-01	 1.51e-01	 62	 51	128	   7	 4.98e-02	 1.48e-02	     0.12	 2.07e+00	 1.78e-01	 5.29e-02	 58	 38	 95	   7	 6.24e-02	 1.48e-02	     0.17      1.10e-01	 2.60e-02	 62	 36	 81	   6	  0.26	     0.16	   0.17	   1.62	 47	 37	 87	3	   3	   0	 1	                                        	             	             	                                                                                                    
     166  191304.7-365521   19 13 04.72   -36 55 21.1        2	-5.89e-03	 3.89e-03	     0.83	-5.80e-01	 2.67e-03	-1.77e-03	 29	 10	168	-999	 5.22e-03	 1.35e-02	     0.07	 5.18e-01	-1.53e-02	-3.95e-02	 41	 26	 14	   9	 8.77e-02	 1.77e-02	     0.79	 2.87e+00	 1.14e-01	 2.30e-02	 27	 18	 59	   8	 7.71e-02	 1.83e-02	     0.59	 2.21e+00	 5.76e-02	 1.37e-02	 30	 24	 77	   5	 3.93e-02	 2.46e-02	     0.24      1.42e-02	 8.91e-03	 48	 36	100	   8	  0.47	     0.71	   0.15	   0.67	 25	 18	 83	2	   0	   0	-1	                                        	             	             	no SED fit, low 250 micron flux                                                                     
     167  191312.2-365721   19 13 12.24   -36 57 21.8     -999	 1.45e-02	 7.90e-03	     0.82	 6.70e+00	 2.48e-01	 1.35e-01	 96	 85	 32	   5	 2.88e-02	 1.38e-02	     0.59	 5.04e+00	 1.11e+00	 5.31e-01	 98	 68	137	  11	 1.11e-01	 2.19e-02	     1.12	 8.05e+00	 1.05e+00	 2.08e-01	 55	 47	120	  10	 9.71e-02	 2.37e-02	     0.81	 4.24e+00	 5.03e-01	 1.23e-01	 60	 45	147	   8	 5.95e-02	 1.99e-02	     0.41      1.60e-01	 5.36e-02	 81	 40	 91	   9	  0.33	     0.40	   0.25	   0.82	 84	 46	 87	3	   0	   0	 1	                                        	             	             	no SED fit                                                                                          
     168  191315.2-381346   19 13 15.23   -38 13 46.8     -999	 2.05e-02	 1.09e-02	     0.87	 4.55e+00	 1.39e-01	 7.34e-02	 37	 24	141	   0	-1.80e-03	 1.11e-02	    -0.01	-5.12e-02	 8.60e-02	-5.29e-01	 13	 13	  0	   8	 6.90e-02	 2.34e-02	     0.19	 2.29e+00	 1.13e-01	 3.84e-02	 27	 18	 49	   6	 6.78e-02	 3.40e-02	     0.18	 1.91e+00	 7.95e-02	 3.99e-02	 29	 24	 33	-999	 8.69e-03	 3.13e-02	     0.02      9.17e-03	 3.31e-02	 36	 36	 10	   6	  0.32	     0.23	   0.12	   1.44	 32	 18	 36	2	   3	   0	-1	                                        	             	             	no SED fit, low 250 micron flux                                                                     
     169  191319.0-381022   19 13 19.03   -38 10 22.4     -999	 1.67e-02	 1.14e-02	     0.69	 5.66e+00	-1.62e-01	-1.11e-01	 57	 39	136	-999	 2.52e-02	 2.02e-02	     0.12	 2.75e+00	 2.13e-01	 1.71e-01	 36	 35	103	   7	 5.45e-02	 2.30e-02	     0.15	 3.06e+00	 1.31e-01	 5.53e-02	 42	 30	 62	   7	 7.19e-02	 2.34e-02	     0.18	 2.18e+00	 8.75e-02	 2.85e-02	 35	 24	 67	   5	 2.78e-02	 2.91e-02	     0.07      3.81e-02	 4.00e-02	 51	 44	  0	   6	  0.36	     0.24	   0.21	   1.47	 48	 29	 76	2	   3	   0	-1	2MASS J19131907-3810245                 	             	             	no SED fit, low 250 micron flux                                                                     
     170  191319.2-372802   19 13 19.21   -37 28 03.0     -999	 2.37e-03	 5.04e-03	    -0.24	 2.22e-01	 5.62e-02	 1.19e-01	 41	  8	 87	-999	 1.24e-03	 1.26e-02	    -0.04	 6.61e-02	 5.45e-02	 5.54e-01	 32	 13	119	  11	 1.06e-01	 1.42e-02	    -4.52	 2.86e+00	 1.21e-01	 1.61e-02	 20	 18	 42	   8	 8.18e-02	 1.71e-02	    -3.99	 2.14e+00	 7.24e-02	 1.52e-02	 25	 24	166	-999	 3.09e-02	 8.15e-03	     2.23      2.45e-02	 6.46e-03	 45	 36	 61	  10	  0.53	     1.34	   0.15	   0.40	 20	 18	159	2	   0	   2	-1	                                        	             	             	no SED fit, low 250 micron flux                                                                     
     171  191324.2-381455   19 13 24.23   -38 14 55.5     -999	 1.31e-14	 6.24e-03	     0.00	 5.01e-12	-4.19e-03	-2.00e+09	 63	 51	 20	-999	 1.29e-02	 2.04e-02	     0.06	 1.63e+00	 1.94e-01	 3.07e-01	 46	 39	 29	   7	 1.07e-01	 5.78e-02	     0.29	 4.20e+00	 2.89e-01	 1.56e-01	 26	 24	 79	   8	 1.06e-01	 3.88e-02	     0.23	 3.52e+00	 2.49e-01	 9.16e-02	 48	 25	 80	   6	 8.38e-02	 5.02e-02	     0.19      1.16e-01	 6.97e-02	 42	 36	 80	   5	  0.35	     0.23	   0.12	   1.55	 24	 21	 73	3	   3	   0	 3	                                        	             	             	no SED fit                                                                                          
     172  191327.4-370700   19 13 27.43   -37 07 00.6     -999	 3.24e-02	 1.11e-02	     1.18	 1.15e+01	 6.87e-02	 2.35e-02	 52	 47	107	-999	 5.66e-04	 7.12e-03	    -0.04	 7.79e-02	 1.44e-01	 1.81e+00	 58	 40	  4	   6	 3.80e-02	 1.07e-02	    44.99	 2.25e+00	 1.52e-01	 4.30e-02	 47	 31	 48	   7	 6.54e-02	 8.36e-03	  -264.54	 2.29e+00	 1.32e-01	 1.68e-02	 38	 31	 21	-999	 2.85e-02	 1.06e-02	     0.95      4.81e-02	 1.79e-02	 55	 45	115	   6	  0.28	     0.68	   0.15	   0.41	 37	 31	 18	2	   0	   0	 1	                                        	             	             	no SED fit                                                                                          
     173  191333.5-381410   19 13 33.59   -38 14 10.6     -999	 1.44e-03	 3.45e-03	     0.23	 5.20e-01	-6.39e-02	-1.53e-01	 64	 43	168	   5	 5.86e-02	 2.46e-02	     0.22	 7.59e+00	 4.98e-01	 2.09e-01	 53	 37	144	   9	 1.34e-01	 3.24e-02	     0.28	 7.82e+00	 7.63e-01	 1.84e-01	 41	 34	150	   9	 1.29e-01	 3.93e-02	     0.25	 5.08e+00	 4.61e-01	 1.41e-01	 45	 39	106	   7	 1.12e-01	 5.60e-02	     0.21      1.68e-01	 8.41e-02	 38	 36	110	   6	  0.41	     0.23	   0.25	   1.81	 40	 35	148	3	   3	   0	 1	MBM 152                                 	             	             	no SED fit                                                                                          
     174  191333.6-381224   19 13 33.64   -38 12 24.1        0	-1.41e-02	 1.00e-30	   -61.21	-1.62e+00	-4.08e-02	 2.90e-30	 46	 10	128	   1	-1.80e-02	 2.29e-02	    -0.06	-1.51e+00	-1.96e-04	 2.50e-04	 52	 18	 23	  12	 1.10e-01	 4.76e-02	     0.21	 5.71e+00	 4.15e-01	 1.80e-01	 33	 31	 41	   9	 9.94e-02	 5.51e-02	     0.18	 3.19e+00	 1.95e-01	 1.08e-01	 34	 28	 30	   7	 9.69e-02	 6.97e-02	     0.18      1.17e-01	 8.39e-02	 39	 36	 60	   6	  0.36	     0.19	   0.18	   1.93	 33	 28	 14	3	   3	   0	 1	DCld 359.9-20.4                         	             	             	no SED fit                                                                                          
     175  191337.4-381223   19 13 37.44   -38 12 23.9     -999	 1.72e-02	 9.61e-03	     0.94	 5.57e+00	-5.00e-02	-2.80e-02	 46	 42	143	-999	 5.53e-02	 2.76e-02	     0.20	 4.44e+00	 2.93e-01	 1.46e-01	 29	 24	117	   8	 9.33e-02	 5.53e-02	     0.19	 4.65e+00	 3.26e-01	 1.94e-01	 33	 29	124	   9	 1.14e-01	 7.58e-02	     0.22	 3.46e+00	 1.96e-01	 1.31e-01	 35	 24	175	   8	 7.95e-02	 8.21e-02	     0.15      9.88e-02	 1.02e-01	 37	 36	170	   7	  0.41	     0.23	   0.17	   1.81	 39	 19	  3	3	   3	   0	 1	[YMS99b] 1                              	             	             	no SED fit                                                                                          
     176  191346.3-363845   19 13 46.33   -36 38 46.0        0	 0.00e+00	 0.00e+00	     0.00	 0.00e+00	 0.00e+00	 0.00e+00	  0	  0	  0	   0	 0.00e+00	 0.00e+00	     0.00	 0.00e+00	 0.00e+00	 0.00e+00	  0	  0	  0	  15	 1.23e-01	 1.93e-02	   -13.72	 3.10e+00	 1.06e-01	 1.66e-02	 18	 18	 97	   6	 5.41e-02	 1.79e-02	    -5.60	 1.40e+00	 4.08e-02	 1.35e-02	 24	 24	172	-999	 1.64e-02	 4.37e-03	     2.19      8.28e-03	 2.21e-03	 36	 36	 93	   5	  0.24	     0.92	   0.07	   0.26	 20	 18	 90	2	   0	   0	-1	                                        	             	             	no SED fit, low 250 micron flux                                                                     
     177  191352.7-370332   19 13 52.74   -37 03 32.5        2	-1.54e-02	 6.90e-03	     1.14	-4.18e+00	-7.03e-03	 3.15e-03	 36	 35	175	-999	 4.52e-02	 1.74e-02	     0.89	 5.10e+00	 1.70e-02	 6.54e-03	 39	 34	  1	  10	 6.87e-02	 1.70e-02	     1.33	 2.57e+00	 1.16e-01	 2.87e-02	 35	 18	 87	   7	 7.49e-02	 1.55e-02	     1.37	 2.19e+00	 9.52e-02	 1.97e-02	 32	 24	100	   6	 6.53e-02	 1.71e-02	     1.24      5.62e-02	 1.47e-02	 36	 36	 98	   7	  0.35	     0.57	   0.14	   0.62	 37	 18	100	3	   0	   0	-1	                                        	             	             	no SED fit, low 250 micron flux                                                                     
     178  191358.4-365138   19 13 58.43   -36 51 38.6     -999	 1.62e-02	 9.48e-03	     0.86	 6.24e+00	-2.13e-01	-1.25e-01	 60	 54	 60	   5	 2.64e-03	 2.33e-02	     0.01	 3.23e-01	 1.41e-01	 1.24e+00	 58	 31	 42	  13	 8.90e-02	 5.22e-02	     0.17	 5.37e+00	 3.93e-01	 2.30e-01	 54	 30	 67	  13	 1.31e-01	 5.00e-02	     0.26	 5.54e+00	 4.86e-01	 1.85e-01	 49	 46	102	  13	 1.54e-01	 8.74e-02	     0.32      2.75e-01	 1.55e-01	 49	 46	  0	   8	  0.48	     0.26	   0.27	   1.86	 41	 31	 15	3	   3	   0	 1	                                        	             	             	no SED fit                                                                                          
     179  191403.0-382617   19 14 03.03   -38 26 17.8     -999	 6.82e-02	 1.33e-02	     1.14	 1.03e+01	 8.34e-02	 1.62e-02	 28	 18	111	  10	 2.17e-01	 2.42e-02	     6.22	 6.70e+00	 2.16e-01	 2.40e-02	 14	 13	 59	  15	 1.47e-01	 3.50e-02	     2.22	 3.69e+00	 1.24e-01	 2.96e-02	 18	 18	132	   6	 4.46e-02	 2.84e-02	     0.65	 1.23e+00	 4.97e-02	 3.17e-02	 28	 24	144	-999	 3.34e-02	 1.47e-02	     0.39      1.49e-02	 6.55e-03	 36	 36	 63	   5	  0.28	     0.54	   0.07	   0.51	 19	 18	  6	3	   0	   0	-1	                                        	             	             	no SED fit, low 250 micron flux                                                                     
     180  191430.1-381259   19 14 30.15   -38 12 59.5     -999	 1.95e-02	 9.37e-03	     1.03	 8.05e+00	 3.70e-01	 1.78e-01	 69	 61	 53	   5	-4.65e-02	 9.02e-03	    -1.55	-5.34e+00	 9.55e-03	-1.85e-03	 66	 27	 34	   8	 5.88e-02	 1.43e-02	     0.48	 4.02e+00	 3.95e-01	 9.57e-02	 57	 39	141	   6	 4.57e-02	 1.32e-02	     0.35	 1.91e+00	 1.76e-01	 5.07e-02	 57	 39	138	   5	 4.88e-02	 1.97e-02	     0.42      8.24e-02	 3.32e-02	 55	 41	150	   7	  0.27	     0.37	   0.16	   0.72	 53	 31	154	3	   0	   0	 1	                                        	             	             	no SED fit                                                                                          
     181  191434.4-380529   19 14 34.50   -38 05 29.7     -999	 4.21e-02	 1.19e-02	     1.17	 8.36e+00	 2.72e-01	 7.68e-02	 29	 25	 99	   8	 1.58e-01	 2.16e-02	     6.75	 6.82e+00	 3.08e-01	 4.20e-02	 20	 14	 96	  22	 2.13e-01	 1.47e-02	    15.53	 5.35e+00	 2.16e-01	 1.49e-02	 18	 18	 93	  10	 9.13e-02	 1.64e-02	     4.25	 2.37e+00	 8.16e-02	 1.46e-02	 24	 24	 78	   4	 3.72e-02	 1.60e-02	     3.27      4.89e-02	 2.11e-02	 53	 38	 85	   9	  0.49	     1.48	   0.12	   0.33	 18	 18	 65	3	   0	   2	-1	                                        	             	             	spatially unresolved in col. dens, low mass candidate                                               
     182  191440.3-374145   19 14 40.34   -37 41 45.8     -999	 3.48e-02	 1.22e-02	     1.30	 6.39e+00	 1.75e-01	 6.10e-02	 27	 24	 57	   8	 1.68e-01	 2.26e-02	     6.10	 4.79e+00	 1.40e-01	 1.88e-02	 13	 13	117	  15	 1.46e-01	 1.23e-02	     4.40	 3.66e+00	 1.16e-01	 9.78e-03	 18	 18	148	   6	 6.49e-02	 1.02e-02	     2.09	 1.75e+00	 6.92e-02	 1.09e-02	 27	 24	167	-999	 1.52e-02	 1.01e-02	     0.43      3.84e-02	 2.55e-02	 54	 48	 86	   5	  0.26	     0.61	   0.07	   0.43	 18	 18	129	3	   0	   0	-1	                                        	             	             	spatially unresolved in col. dens, low 250 micron flux, low mass candidate                          
     183  191441.8-380242   19 14 41.83   -38 02 42.6     -999	 2.51e-02	 9.43e-03	     1.36	 6.59e+00	 3.31e-01	 1.25e-01	 37	 32	 92	-999	 3.73e-02	 1.62e-02	     1.08	 4.46e+00	 2.85e-02	 1.24e-02	 45	 35	  8	   9	 7.64e-02	 9.17e-03	     8.16	 2.42e+00	 1.17e-01	 1.41e-02	 23	 19	125	   8	 7.59e-02	 9.38e-03	     7.56	 1.97e+00	 7.32e-02	 9.05e-03	 24	 24	 85	   4	 3.50e-02	 1.11e-02	    14.81      3.98e-02	 1.26e-02	 51	 41	138	   8	  0.42	     1.09	   0.13	   0.39	 25	 18	 92	2	   0	   0	-1	                                        	             	             	no SED fit, low 250 micron flux                                                                     
     184  191503.6-370143   19 15 03.65   -37 01 43.7     -999	 5.03e-02	 1.53e-02	     1.07	 1.71e+01	-1.14e-01	-3.47e-02	 60	 38	135	-999	 3.21e-02	 1.90e-02	     0.23	 4.31e+00	 3.95e-01	 2.33e-01	 52	 41	 91	   8	 6.12e-02	 1.10e-02	     0.28	 2.94e+00	 1.79e-01	 3.21e-02	 46	 22	138	   7	 7.92e-02	 8.59e-03	     0.34	 2.46e+00	 1.17e-01	 1.27e-02	 38	 24	140	   5	 5.37e-02	 1.59e-02	     0.24      5.63e-02	 1.67e-02	 43	 36	149	   7	  0.37	     0.37	   0.20	   1.00	 42	 27	 14	2	   0	   0	 1	                                        	             	             	no SED fit                                                                                          
     185  191513.5-363841   19 15 13.51   -36 38 41.8     -999	 1.53e-02	 4.77e-03	     1.85	 3.74e+00	 1.87e-01	 5.82e-02	 35	 29	 15	-999	 2.70e-02	 1.55e-03	    10.06	 2.84e+00	 2.06e-01	 1.18e-02	 37	 31	149	  11	 9.88e-02	 1.08e-02	    -3.16	 3.57e+00	 1.28e-01	 1.40e-02	 32	 18	134	   6	 5.70e-02	 6.98e-03	    -1.88	 1.74e+00	 6.75e-02	 8.27e-03	 36	 24	116	-999	 2.69e-02	 1.00e-30	   -15.85      2.55e-02	 9.48e-31	 39	 36	156	   6	  0.32	     1.13	   0.10	   0.28	 25	 18	139	2	   0	   0	-1	                                        	             	             	no SED fit, low 250 micron flux                                                                     
     186  191523.4-372229   19 15 23.48   -37 22 29.4     -999	 7.23e-02	 1.61e-02	     1.20	 1.01e+01	 8.18e-02	 1.82e-02	 26	 17	 72	   6	 1.34e-01	 2.17e-02	   -53.45	 4.78e+00	 1.38e-01	 2.22e-02	 17	 13	132	  11	 1.07e-01	 1.57e-02	    -7.79	 3.46e+00	 1.12e-01	 1.65e-02	 26	 18	133	   5	 4.00e-02	 1.10e-02	    -6.17	 1.25e+00	 2.77e-02	 7.62e-03	 38	 24	147	   1	-7.39e-03	 5.59e-03	     1.92     -1.38e-02	 1.04e-02	 50	 45	169	   5	  0.25	     0.92	   0.07	   0.27	 21	 18	135	2	   0	   0	-1	                                        	             	             	no SED fit, low 250 micron flux                                                                     
     187  191527.1-365626   19 15 27.13   -36 56 26.7        2	-7.75e-03	 4.60e-03	     1.30	-2.81e+00	 1.55e-01	-9.24e-02	 77	 40	104	   3	-3.55e-02	 1.27e-02	    -0.20	-2.91e+00	-1.03e-02	 3.70e-03	 64	 16	 22	  13	 1.02e-01	 1.76e-02	     0.32	 6.64e+00	 5.98e-01	 1.03e-01	 57	 34	 73	  14	 1.26e-01	 1.87e-02	     0.35	 4.90e+00	 3.76e-01	 5.60e-02	 55	 33	 74	  13	 1.32e-01	 2.47e-02	     0.38      2.44e-01	 4.59e-02	 61	 36	 58	  11	  0.45	     0.30	   0.27	   1.49	 57	 29	 69	3	   3	   0	 1	                                        	             	             	                                                                                                    
     188  191532.8-365917   19 15 32.89   -36 59 17.0     -999	 9.05e-03	 5.39e-03	     0.91	 3.07e+00	-8.00e-02	-4.76e-02	 54	 41	128	   6	 1.09e-01	 2.40e-02	     0.63	 3.39e+00	 1.80e-01	 3.98e-02	 15	 13	132	  22	 2.43e-01	 3.37e-02	     0.72	 1.14e+01	 8.44e-01	 1.17e-01	 36	 24	158	  22	 2.58e-01	 3.75e-02	     0.76	 7.21e+00	 3.87e-01	 5.61e-02	 28	 24	179	  19	 1.90e-01	 4.63e-02	     0.60      2.20e-01	 5.36e-02	 36	 36	144	  16	  1.03	     0.80	   0.42	   1.29	 31	 22	169	4	   3	   1	 3	[YMS99b] 6                              	             	             	                                                                                                    
     189  191536.9-365918   19 15 36.99   -36 59 18.1     -999	 5.21e-03	 2.59e-03	     1.12	 2.65e+00	 3.51e-01	 1.75e-01	167	158	 29	  10	 1.39e-01	 2.30e-02	     0.77	 2.37e+01	 3.90e+00	 6.47e-01	 89	 64	 45	  23	 2.52e-01	 3.13e-02	     0.62	 1.88e+01	 3.71e+00	 4.60e-01	 70	 44	 29	  27	 3.44e-01	 4.24e-02	     1.02	 1.68e+01	 4.65e+00	 5.73e-01	 78	 69	 46	  25	 3.42e-01	 4.17e-02	     1.12      2.71e+00	 3.30e-01	 91	 74	 87	  21	  1.19	     0.94	   0.98	   1.27	 80	 59	 51	4	   1	   0	 3	[YMS99b] 6                              	             	             	                                                                                                    
     190  191539.6-365722   19 15 39.66   -36 57 23.0        3	-2.12e-02	 7.61e-03	     1.46	-6.01e+00	-1.39e-02	 4.97e-03	 56	 28	 84	   2	-1.92e-02	 9.43e-03	    -0.11	-1.55e+00	-4.73e-03	 2.32e-03	 71	 16	 10	  10	 9.16e-02	 1.66e-02	     0.22	 4.05e+00	 2.48e-01	 4.48e-02	 58	 18	155	  12	 1.10e-01	 2.31e-02	     0.26	 4.09e+00	 2.86e-01	 6.01e-02	 55	 29	143	   9	 1.01e-01	 3.31e-02	     0.26      1.52e-01	 4.98e-02	 52	 38	172	  11	  0.63	     0.41	   0.31	   1.53	 38	 25	145	3	   3	   0	 3	HD 179831                               	             	             	                                                                                                    
     191  191545.4-382528   19 15 45.47   -38 25 28.4     -999	 6.79e-03	 3.69e-03	     1.04	 1.74e+00	 1.21e-01	 6.56e-02	 41	 28	 96	-999	 6.16e-02	 1.73e-02	     1.38	 5.95e+00	 1.60e-01	 4.48e-02	 39	 26	 62	   9	 8.53e-02	 1.03e-02	    -7.72	 2.85e+00	 1.35e-01	 1.63e-02	 25	 19	 13	   8	 7.62e-02	 1.01e-02	    -5.94	 1.98e+00	 6.67e-02	 8.85e-03	 24	 24	125	   5	 5.78e-02	 6.94e-03	    -4.20      5.21e-02	 6.25e-03	 40	 36	 61	   6	  0.33	     1.07	   0.10	   0.31	 24	 18	179	3	   0	   0	-1	                                        	             	             	low 250 micron flux                                                                                 
     192  191546.7-365710   19 15 46.79   -36 57 10.8     -999	 1.79e-02	 6.27e-03	     1.60	 5.10e+00	 1.95e-01	 6.83e-02	 40	 35	 83	-999	 5.41e-02	 1.95e-02	     0.29	 6.08e+00	 3.71e-01	 1.34e-01	 39	 35	 45	  10	 7.47e-02	 1.59e-02	     0.27	 3.01e+00	 1.66e-01	 3.54e-02	 28	 23	 59	   8	 6.27e-02	 2.97e-02	     0.21	 1.81e+00	 7.03e-02	 3.33e-02	 31	 24	 80	-999	 3.49e-02	 2.16e-02	     0.10      2.54e-02	 1.57e-02	 36	 36	  8	   6	  0.27	     0.22	   0.11	   1.23	 30	 22	 90	2	   3	   0	 1	                                        	             	             	no SED fit                                                                                          
     193  191550.8-373151   19 15 50.81   -37 31 51.2     -999	 4.68e-02	 1.49e-02	     0.95	 8.67e+00	 6.26e-02	 2.00e-02	 29	 23	 31	  10	 2.03e-01	 1.78e-02	   226.98	 5.80e+00	 2.11e-01	 1.84e-02	 13	 13	  0	  15	 1.34e-01	 9.93e-03	   -32.92	 3.35e+00	 1.05e-01	 7.84e-03	 18	 18	111	   5	 5.17e-02	 9.22e-03	    -4.37	 1.34e+00	 4.36e-02	 7.77e-03	 24	 24	 38	-999	 3.10e-02	 6.91e-03	     1.98      1.00e-02	 2.24e-03	 36	 36	 63	   6	  0.26	     0.85	   0.06	   0.30	 18	 18	116	3	   0	   0	-1	                                        	             	             	spatially unresolved in col. dens, low 250 micron flux, low mass candidate                          
     194  191554.1-370356   19 15 54.18   -37 03 56.6        2	-1.03e-02	 5.41e-03	     1.03	-2.81e+00	 6.41e-03	-3.36e-03	 47	 29	103	   6	 4.79e-02	 2.27e-02	     0.22	 3.84e+00	 2.14e-01	 1.02e-01	 47	 18	 85	   9	 6.69e-02	 1.32e-02	     0.17	 3.10e+00	 1.83e-01	 3.59e-02	 46	 21	 89	   9	 1.25e-01	 2.59e-02	     0.32	 3.72e+00	 2.05e-01	 4.23e-02	 33	 24	  3	   9	 1.13e-01	 3.90e-02	     0.30      1.34e-01	 4.63e-02	 36	 36	 71	   5	  0.33	     0.23	   0.14	   1.44	 29	 24	171	4	   3	   0	 1	                                        	             	             	no SED fit                                                                                          
     195  191559.7-363717   19 15 59.79   -36 37 17.6        2	-1.08e-02	 5.87e-03	     0.99	-5.10e+00	 4.95e-01	-2.69e-01	108	 91	 97	  14	 1.63e-01	 2.40e-02	     0.73	 2.55e+01	 3.07e+00	 4.52e-01	 72	 51	 25	  38	 3.73e-01	 2.23e-02	     0.95	 2.90e+01	 4.88e+00	 2.91e-01	 66	 53	113	  41	 4.53e-01	 4.13e-02	     1.05	 2.03e+01	 3.05e+00	 2.78e-01	 62	 49	113	  40	 4.40e-01	 6.68e-02	     0.97      1.65e+00	 2.51e-01	 75	 58	 89	  32	  1.71	     1.01	   1.22	   1.69	 57	 43	118	4	   1	   1	 3	                                        	             	             	                                                                                                    
     196  191606.4-363633   19 16 06.48   -36 36 33.2     -999	 2.41e-02	 9.33e-03	     1.30	 1.04e+01	 9.50e-01	 3.67e-01	 74	 70	 72	   6	 9.84e-03	 2.10e-02	     0.03	 8.56e-01	 1.41e-01	 3.00e-01	 94	 16	170	  16	 1.53e-01	 1.70e-02	     0.33	 1.11e+01	 1.22e+00	 1.35e-01	 57	 46	 87	  18	 2.01e-01	 3.52e-02	     0.39	 8.56e+00	 8.32e-01	 1.45e-01	 52	 44	 83	  19	 2.40e-01	 7.61e-02	     0.47      5.75e-01	 1.83e-01	 55	 50	151	  13	  0.73	     0.37	   0.50	   1.97	 52	 41	 79	4	   3	   0	 3	                                        	             	             	                                                                                                    
     197  191614.8-370522   19 16 14.89   -37 05 23.0     -999	 2.13e-03	 3.88e-03	     0.30	 7.50e-01	 2.97e-01	 5.40e-01	 60	 42	131	-999	 8.65e-02	 2.26e-02	     0.50	 1.04e+01	 3.99e-01	 1.05e-01	 41	 38	 37	  11	 9.13e-02	 1.47e-02	     0.47	 3.51e+00	 1.69e-01	 2.73e-02	 32	 20	111	  10	 8.48e-02	 1.52e-02	     0.43	 2.70e+00	 1.46e-01	 2.62e-02	 38	 25	 96	   6	 7.09e-02	 1.50e-02	     0.38      5.79e-02	 1.23e-02	 36	 36	 81	   7	  0.34	     0.37	   0.14	   0.92	 37	 20	102	3	   0	   0	 1	                                        	             	             	                                                                                                    
     198  191616.0-381801   19 16 16.02   -38 18 01.3     -999	 9.90e-02	 1.43e-02	     1.17	 8.30e+00	 1.53e-01	 2.20e-02	 22	 10	107	  13	 2.54e-01	 2.24e-02	     7.24	 7.25e+00	 1.70e-01	 1.50e-02	 13	 13	 99	  17	 1.34e-01	 1.57e-02	     2.46	 3.37e+00	 1.10e-01	 1.28e-02	 18	 18	 91	   7	 5.58e-02	 1.59e-02	     0.97	 1.45e+00	 2.61e-02	 7.42e-03	 24	 24	 45	-999	 2.32e-02	 9.60e-03	     0.38      9.38e-03	 3.88e-03	 36	 36	 87	   6	  0.27	     0.61	   0.07	   0.44	 20	 18	 84	3	   0	   0	-1	                                        	             	             	low 250 micron flux, low mass candidate                                                             
     199  191618.4-370211   19 16 18.45   -37 02 11.1        3	-1.24e-02	 3.87e-03	     1.86	-2.17e+00	-2.74e-03	 8.55e-04	 39	 17	 25	-999	 8.22e-02	 2.13e-02	     0.48	 8.19e+00	 5.91e-01	 1.53e-01	 34	 31	120	  10	 9.23e-02	 3.27e-02	     0.37	 4.29e+00	 2.57e-01	 9.11e-02	 42	 22	 98	   9	 1.17e-01	 2.90e-02	     0.47	 3.29e+00	 1.48e-01	 3.64e-02	 29	 24	114	   6	 6.71e-02	 1.77e-02	     0.28      7.38e-02	 1.95e-02	 56	 36	108	   8	  0.53	     0.51	   0.22	   1.05	 38	 20	101	3	   0	   0	 1	                                        	             	             	                                                                                                    
     200  191620.3-370354   19 16 20.34   -37 03 54.5     -999	 7.82e-04	 1.80e-03	     0.24	 2.23e-02	-2.17e-02	-5.01e-02	  8	  8	  0	   5	 4.41e-02	 2.46e-02	     0.35	 2.79e+00	 1.15e-01	 6.38e-02	 31	 16	 77	  10	 8.90e-02	 2.25e-02	     0.44	 3.30e+00	 1.51e-01	 3.82e-02	 34	 18	174	   7	 5.57e-02	 2.27e-02	     0.26	 1.81e+00	 9.30e-02	 3.79e-02	 41	 25	 13	   5	 5.19e-02	 1.87e-02	     0.25      3.72e-02	 1.34e-02	 36	 36	 43	   5	  0.32	     0.36	   0.15	   0.88	 32	 25	 13	3	   0	   0	 1	                                        	             	             	no SED fit                                                                                          
     201  191625.1-364833   19 16 25.16   -36 48 34.0     -999	 1.05e-02	 4.01e-03	     1.42	 3.66e+00	-1.11e-01	-4.24e-02	 57	 42	138	-999	 7.33e-02	 2.64e-02	     0.46	 9.11e+00	 3.78e-01	 1.36e-01	 43	 39	 46	   8	 7.28e-02	 2.54e-02	     0.42	 2.85e+00	 1.76e-01	 6.12e-02	 39	 18	 34	   7	 6.06e-02	 2.11e-02	     0.34	 1.99e+00	 1.20e-01	 4.17e-02	 37	 28	 36	   6	 5.11e-02	 1.86e-02	     0.29      6.85e-02	 2.49e-02	 46	 36	142	   5	  0.25	     0.31	   0.11	   0.83	 32	 25	 46	3	   0	   0	 1	                                        	             	             	no SED fit                                                                                          
     202  191629.6-363634   19 16 29.61   -36 36 34.1     -999	 7.07e-04	 2.58e-03	     0.15	 2.57e-01	-1.12e-01	-4.10e-01	 70	 41	169	   5	 5.81e-03	 2.46e-02	     0.02	 3.86e-01	 6.67e-02	 2.82e-01	 58	 13	164	  38	 3.42e-01	 5.22e-02	     0.45	 2.28e+01	 2.13e+00	 3.26e-01	 53	 38	167	  56	 6.10e-01	 9.66e-02	     0.68	 2.73e+01	 2.81e+00	 4.45e-01	 62	 49	178	  61	 8.06e-01	 8.15e-02	     0.93      1.63e+00	 1.65e-01	 55	 45	 69	  67	  3.11	     0.71	   1.86	   4.37	 47	 32	176	4	   3	   1	 2	PLCKERC -143 G001.33-20.49              	             	             	                                                                                                    
     203  191633.1-363658   19 16 33.10   -36 36 58.6     -999	 1.36e-02	 6.75e-03	     1.07	 6.04e+00	-5.86e-01	-2.91e-01	 81	 77	 33	   0	-3.57e-03	 1.98e-02	    -0.01	-4.36e-01	 7.81e-01	-4.32e+00	 52	 33	 40	  45	 4.50e-01	 5.30e-02	     0.70	 2.91e+01	 3.08e+00	 3.64e-01	 53	 35	  6	  67	 5.87e-01	 9.61e-02	     0.67	 2.15e+01	 1.79e+00	 2.93e-01	 57	 28	  8	  73	 8.04e-01	 6.96e-02	     1.18      1.81e+00	 1.57e-01	 71	 37	178	  85	  4.40	     1.42	   2.96	   3.11	 53	 39	  9	3	   3	   1	 3	[LM99] 293                              	             	             	no SED fit                                                                                          
     204  191633.4-365112   19 16 33.49   -36 51 12.2        2	-2.98e-02	 1.37e-02	     0.97	-9.29e+00	-2.23e-02	 1.03e-02	 69	 30	 27	   1	-2.00e-02	 1.63e-02	    -0.22	-1.93e+00	 2.06e-02	-1.69e-02	 76	 20	154	   8	 8.05e-02	 1.79e-02	     0.57	 4.99e+00	 4.86e-01	 1.08e-01	 51	 33	170	   8	 9.36e-02	 2.12e-02	     0.59	 3.45e+00	 2.81e-01	 6.37e-02	 48	 31	179	   6	 5.50e-02	 1.81e-02	     0.35      9.40e-02	 3.10e-02	 45	 40	162	   6	  0.30	     0.39	   0.17	   0.76	 53	 27	  5	3	   0	   0	 1	                                        	             	             	                                                                                                    
     205  191643.8-372342   19 16 43.83   -37 23 42.3     -999	 4.39e-02	 1.49e-02	     1.22	 5.14e+00	 1.86e-01	 6.33e-02	 21	 16	 64	   6	 1.75e-01	 2.16e-02	   -17.36	 4.98e+00	 1.02e-01	 1.26e-02	 13	 13	111	  14	 1.34e-01	 1.30e-02	    -4.47	 3.37e+00	 1.23e-01	 1.20e-02	 18	 18	126	   5	 5.88e-02	 9.81e-03	    -2.34	 1.53e+00	 4.51e-02	 7.52e-03	 25	 24	144	-999	 8.01e-03	 6.12e-03	    -0.74      2.45e-03	 1.88e-03	 36	 36	 53	   6	  0.33	     1.20	   0.09	   0.28	 19	 18	 88	2	   0	   0	-1	                                        	             	             	no SED fit, low 250 micron flux                                                                     
     206  191651.0-363906   19 16 51.07   -36 39 06.2        2	-1.29e-02	 6.81e-03	     1.08	-1.93e+00	-6.24e-03	 3.30e-03	 43	 13	154	-999	 8.36e-03	 1.45e-02	     0.04	 9.37e-01	 1.37e-01	 2.38e-01	 40	 33	110	   9	 8.29e-02	 1.49e-02	     0.21	 3.19e+00	 1.74e-01	 3.12e-02	 34	 19	 89	   8	 6.67e-02	 3.78e-02	     0.13	 1.86e+00	 8.46e-02	 4.79e-02	 28	 24	 73	-999	 5.39e-02	 6.58e-02	     0.10      3.53e-02	 4.31e-02	 36	 36	 75	   7	  0.37	     0.20	   0.16	   1.80	 36	 21	 80	2	   3	   0	 1	DOBASHI 0065                            	             	             	no SED fit                                                                                          
     207  191654.3-364320   19 16 54.35   -36 43 20.3       18	 2.07e-01	 1.56e-02	   -37.58	 8.57e+00	 3.85e-01	 2.90e-02	 11	  9	134	  17	 3.71e-01	 2.57e-02	     5.20	 1.07e+01	 4.63e-01	 3.21e-02	 13	 13	  0	  28	 2.75e-01	 9.89e-03	     2.53	 6.90e+00	 2.07e-01	 7.44e-03	 18	 18	119	  11	 1.13e-01	 1.08e-02	     1.03	 2.93e+00	 9.79e-02	 9.40e-03	 24	 24	 88	-999	 4.28e-02	 1.89e-02	     0.29      1.89e-02	 8.33e-03	 42	 36	  6	  10	  0.54	     0.88	   0.13	   0.61	 18	 18	104	4	   0	   2	-1	                                        	             	             	spatially unresolved in col. dens, low mass candidate                                               
     208  191734.6-362523   19 17 34.62   -36 25 24.0     -999	 8.87e-02	 1.52e-02	     1.09	 8.34e+00	 1.42e-01	 2.44e-02	 26	 10	 51	   8	 1.36e-01	 2.31e-02	    22.52	 6.48e+00	 2.15e-01	 3.65e-02	 26	 13	 32	  15	 1.46e-01	 6.89e-03	    -2.40	 3.66e+00	 1.10e-01	 5.22e-03	 18	 18	113	   6	 5.44e-02	 5.22e-03	    -0.84	 1.46e+00	 5.95e-02	 5.72e-03	 26	 24	118	-999	 2.44e-02	 9.55e-03	    -0.74      1.15e-02	 4.50e-03	 36	 36	 32	   6	  0.29	     2.52	   0.07	   0.12	 18	 18	127	3	   0	   0	-1	TYC 7435-801-1                          	             	             	spatially unresolved in col. dens, low 250 micron flux, low mass candidate                          
     209  191740.2-370306   19 17 40.30   -37 03 06.6     -999	 1.88e-03	 2.86e-03	     0.38	 3.59e-01	 1.21e-01	 1.84e-01	 37	 20	169	-999	 6.09e-04	 1.18e-02	     0.01	 6.09e-02	 1.25e-02	 2.41e-01	 37	 29	135	   7	 4.96e-02	 1.08e-02	     0.26	 2.06e+00	 1.11e-01	 2.42e-02	 37	 20	165	   6	 6.31e-02	 8.97e-03	     0.32	 1.87e+00	 6.60e-02	 9.38e-03	 33	 24	138	   5	 4.35e-02	 1.47e-02	     0.24      5.69e-02	 1.93e-02	 50	 36	132	   7	  0.37	     0.43	   0.12	   0.85	 22	 20	148	2	   0	   0	-1	                                        	             	             	no SED fit, low 250 micron flux                                                                     
     210  191743.0-372112   19 17 43.02   -37 21 12.4     -999	 1.61e-02	 5.27e-03	     1.68	 3.87e+00	 2.42e-01	 7.93e-02	 36	 28	 13	-999	 6.81e-02	 1.87e-02	     1.04	 4.16e+00	-7.01e-02	-1.93e-02	 29	 17	102	  12	 1.19e-01	 1.24e-02	    -6.03	 2.99e+00	 1.28e-01	 1.34e-02	 18	 18	127	   9	 8.88e-02	 1.15e-02	    -5.00	 2.31e+00	 7.17e-02	 9.26e-03	 24	 24	158	   5	 4.82e-02	 7.81e-03	    -1.92      5.72e-02	 9.27e-03	 44	 36	 90	   9	  0.49	     1.88	   0.14	   0.26	 20	 18	159	3	   0	   0	-1	                                        	             	             	low 250 micron flux                                                                                 
     211  191753.2-380202   19 17 53.22   -38 02 02.0     -999	 2.78e-02	 1.15e-02	     1.18	 1.17e+01	-1.22e-01	-5.02e-02	 72	 65	 96	   6	 2.90e-03	 2.33e-02	     0.03	 1.69e-01	 8.79e-02	 7.05e-01	 39	 13	140	  12	 1.21e-01	 1.43e-02	     0.94	 7.01e+00	 5.81e-01	 6.84e-02	 44	 31	137	  11	 9.67e-02	 1.75e-02	     0.72	 3.88e+00	 3.47e-01	 6.29e-02	 50	 38	141	  10	 8.91e-02	 1.52e-02	     0.70      1.49e-01	 2.55e-02	 52	 36	123	   8	  0.41	     0.55	   0.23	   0.74	 50	 27	126	4	   0	   0	 1	                                        	             	             	                                                                                                    
     212  191756.1-380410   19 17 56.20   -38 04 10.2        0	-1.09e-03	 2.54e-03	     0.25	-8.12e-02	-3.04e-02	 7.10e-02	 26	  8	 57	-999	 1.02e-02	 1.49e-02	     0.23	 1.13e+00	 2.10e-01	 3.08e-01	 38	 34	147	  10	 1.01e-01	 1.43e-02	     1.04	 2.86e+00	 1.36e-01	 1.92e-02	 21	 18	 25	   8	 8.46e-02	 2.01e-02	     0.85	 2.36e+00	 9.08e-02	 2.16e-02	 28	 24	176	   5	 4.90e-02	 1.61e-02	     0.57      5.39e-02	 1.78e-02	 43	 36	139	   7	  0.43	     0.64	   0.15	   0.67	 29	 18	  8	3	   0	   0	-1	                                        	             	             	low 250 micron flux                                                                                 
     213  191806.7-364054   19 18 06.72   -36 40 55.0     -999	 4.71e-04	 9.45e-04	     0.29	 1.34e-02	 1.47e-02	 2.95e-02	  8	  8	  0	-999	 9.78e-02	 2.09e-02	     0.79	 7.09e+00	 4.64e-02	 9.94e-03	 36	 18	 21	   9	 7.49e-02	 1.28e-02	     3.43	 2.43e+00	 1.02e-01	 1.75e-02	 25	 18	 21	   8	 7.56e-02	 1.59e-02	     2.71	 1.96e+00	 6.89e-02	 1.45e-02	 24	 24	  1	   4	 5.22e-02	 1.40e-02	     2.66      4.77e-02	 1.28e-02	 41	 36	132	   7	  0.35	     1.03	   0.10	   0.34	 22	 18	 54	2	   0	   0	-1	                                        	             	             	no SED fit, low 250 micron flux                                                                     
     214  191819.9-373825   19 18 19.98   -37 38 25.7     -999	 1.61e-02	 4.81e-03	     1.86	 3.50e+00	 5.39e-02	 1.61e-02	 31	 27	133	-999	 1.55e-02	 8.67e-03	     1.00	 1.15e+00	 1.29e-01	 7.18e-02	 28	 22	161	  11	 1.08e-01	 1.45e-02	     8.94	 2.71e+00	 1.05e-01	 1.41e-02	 18	 18	163	   8	 7.82e-02	 1.81e-02	    12.18	 2.03e+00	 7.86e-02	 1.82e-02	 24	 24	 95	   5	 5.48e-02	 1.70e-02	     9.17      4.09e-02	 1.27e-02	 43	 36	129	   8	  0.42	     1.05	   0.10	   0.39	 18	 18	137	2	   0	   0	-1	                                        	             	             	no SED fit, spatially unresolved in col. dens, low 250 micron flux                                  
     215  191830.5-371224   19 18 30.59   -37 12 24.2     -999	 2.78e-02	 1.32e-02	     0.96	 7.20e+00	-5.06e-02	-2.41e-02	 36	 32	 12	   5	 7.78e-02	 2.09e-02	     1.11	 4.13e+00	 1.25e-01	 3.35e-02	 31	 13	104	  11	 1.06e-01	 1.10e-02	     1.09	 2.71e+00	 1.27e-01	 1.32e-02	 18	 18	 92	   8	 6.12e-02	 1.05e-02	     0.64	 1.72e+00	 7.33e-02	 1.26e-02	 29	 24	 94	   4	 4.56e-02	 1.10e-02	     0.55      3.81e-02	 9.21e-03	 41	 36	 17	   5	  0.28	     0.51	   0.08	   0.55	 21	 18	 44	2	   0	   0	-1	                                        	             	             	no SED fit, low 250 micron flux                                                                     
     216  191832.6-375241   19 18 32.69   -37 52 41.7     -999	 2.81e-03	 3.01e-03	     0.48	 6.74e-01	 5.87e-02	 6.28e-02	 40	 26	 54	-999	 8.24e-02	 2.56e-02	     1.05	 4.76e+00	 2.83e-01	 8.79e-02	 24	 18	 24	  13	 1.24e-01	 1.32e-02	     1.22	 3.26e+00	 1.48e-01	 1.57e-02	 19	 18	 22	  10	 1.29e-01	 1.82e-02	     1.37	 3.72e+00	 1.76e-01	 2.48e-02	 30	 24	 13	   6	 9.59e-02	 2.57e-02	     1.16      1.44e-01	 3.85e-02	 49	 40	176	   9	  0.46	     0.70	   0.14	   0.66	 23	 18	 25	3	   0	   2	-1	                                        	             	             	low 250 micron flux                                                                                 
     217  191858.4-364037   19 18 58.46   -36 40 37.3        6	-1.77e-02	 2.99e-03	     3.37	-2.86e+00	-6.52e-02	 1.10e-02	 51	 14	134	-999	 3.73e-02	 2.04e-02	     0.36	 4.95e+00	 5.30e-02	 2.89e-02	 52	 40	 18	   9	 7.49e-02	 1.63e-02	     0.72	 2.77e+00	 1.42e-01	 3.09e-02	 34	 18	 50	  10	 1.04e-01	 1.72e-02	     1.17	 2.99e+00	 1.50e-01	 2.48e-02	 30	 24	 57	   7	 6.57e-02	 2.04e-02	     0.81      6.84e-02	 2.12e-02	 50	 36	 65	   9	  0.44	     0.81	   0.15	   0.54	 30	 18	 56	3	   0	   0	-1	                                        	             	             	low 250 micron flux                                                                                 
     218  191910.3-375314   19 19 10.37   -37 53 15.0     -999	 1.98e-02	 9.28e-03	     1.14	 4.32e+00	 3.54e-02	 1.66e-02	 31	 28	 64	-999	 1.92e-02	 1.60e-02	     0.30	 1.73e+00	 7.75e-02	 6.46e-02	 33	 26	 22	  12	 1.18e-01	 1.35e-02	     1.20	 2.97e+00	 1.24e-01	 1.41e-02	 18	 18	 15	  10	 8.94e-02	 1.94e-02	     0.95	 2.38e+00	 9.40e-02	 2.04e-02	 26	 24	 38	   6	 6.51e-02	 2.12e-02	     0.85      6.66e-02	 2.17e-02	 41	 36	 36	   9	  0.49	     0.79	   0.13	   0.62	 19	 18	 42	3	   0	   2	-1	                                        	             	             	low 250 micron flux                                                                                 
     219  191917.2-371311   19 19 17.28   -37 13 11.3     -999	 1.58e-02	 3.83e-03	     2.39	 3.42e+00	 1.12e-01	 2.73e-02	 30	 28	152	   7	 1.82e-01	 2.33e-02	     7.67	 5.78e+00	 2.23e-01	 2.85e-02	 15	 13	130	  14	 1.18e-01	 1.00e-02	     3.11	 3.14e+00	 1.30e-01	 1.11e-02	 19	 18	143	   9	 7.60e-02	 8.55e-03	     2.16	 2.00e+00	 7.53e-02	 8.47e-03	 25	 24	145	   5	 6.43e-02	 1.15e-02	     2.60      6.93e-02	 1.23e-02	 42	 36	176	   7	  0.33	     0.78	   0.11	   0.42	 29	 18	  2	4	   0	   0	-1	                                        	             	             	low 250 micron flux, low mass candidate                                                             
     220  191936.4-362946   19 19 36.43   -36 29 46.6       11	 1.68e-01	 1.48e-02	   -27.01	 6.39e+00	 3.24e-01	 2.85e-02	 11	  8	 10	  16	 3.81e-01	 2.19e-02	    10.57	 1.08e+01	 4.09e-01	 2.36e-02	 13	 13	173	  25	 2.07e-01	 1.07e-02	     7.41	 5.19e+00	 1.94e-01	 1.01e-02	 18	 18	148	  11	 1.12e-01	 1.40e-02	     3.64	 2.91e+00	 7.68e-02	 9.57e-03	 24	 24	 92	-999	 6.42e-03	 1.91e-02	     0.15      1.70e-03	 5.05e-03	 36	 36	164	  10	  0.43	     1.31	   0.11	   0.33	 18	 18	162	4	   0	   2	 4	                                        	             	             	no SED fit, spatially unresolved in col. dens                                                       
     221  191944.5-363354   19 19 44.58   -36 33 54.6       12	 1.31e-01	 1.63e-02	     1.08	 8.28e+00	 3.66e-01	 4.54e-02	 16	 10	 77	  21	 4.62e-01	 2.09e-02	    17.09	 1.42e+01	 5.88e-01	 2.66e-02	 14	 13	 31	  30	 2.94e-01	 1.01e-02	   108.46	 7.38e+00	 2.59e-01	 8.92e-03	 18	 18	 91	  11	 1.16e-01	 9.68e-03	   -43.87	 3.00e+00	 1.06e-01	 8.84e-03	 24	 24	 68	   5	 3.96e-02	 1.37e-02	    -7.71      4.12e-02	 1.43e-02	 50	 36	 84	  11	  0.56	     2.44	   0.14	   0.23	 18	 18	 88	4	   0	   2	-1	                                        	             	             	spatially unresolved in col. dens, low mass candidate                                               
     222  191945.5-373117   19 19 45.53   -37 31 17.0       13	 2.12e-01	 1.58e-02	  -108.05	 6.03e+00	 3.99e-01	 2.98e-02	  8	  8	 75	  15	 3.61e-01	 2.03e-02	    17.69	 1.03e+01	 4.00e-01	 2.25e-02	 13	 13	147	  17	 1.71e-01	 1.16e-02	    11.72	 4.29e+00	 1.41e-01	 9.58e-03	 18	 18	 67	   9	 7.58e-02	 9.81e-03	     5.90	 1.97e+00	 6.02e-02	 7.80e-03	 24	 24	  4	-999	 8.58e-03	 7.78e-03	     0.39      3.39e-03	 3.07e-03	 36	 36	 24	   6	  0.31	     1.00	   0.08	   0.31	 18	 18	 23	4	   0	   0	-1	                                        	             	             	no SED fit, spatially unresolved in col. dens, low 250 micron flux                                  
     223  191954.6-365145   19 19 54.65   -36 51 45.4        2	-2.35e-02	 1.12e-02	     1.01	-8.36e+00	-4.25e-03	 2.02e-03	 63	 41	 71	   5	 3.17e-02	 2.24e-02	     0.15	 4.55e+00	 4.48e-01	 3.16e-01	 63	 43	161	  14	 1.28e-01	 1.51e-02	     0.37	 7.21e+00	 6.41e-01	 7.58e-02	 45	 29	  1	  14	 1.03e-01	 2.36e-02	     0.27	 3.63e+00	 2.85e-01	 6.55e-02	 51	 27	179	  12	 9.74e-02	 2.79e-02	     0.29      1.83e-01	 5.24e-02	 57	 37	179	   9	  0.49	     0.40	   0.29	   1.21	 46	 32	 11	3	   3	   0	 1	                                        	             	             	                                                                                                    
     224  191958.3-365421   19 19 58.39   -36 54 21.5     -999	 5.59e-02	 1.40e-02	     0.98	 1.11e+01	 3.59e-02	 8.97e-03	 32	 23	162	   7	 1.63e-01	 2.20e-02	     0.88	 5.34e+00	 2.57e-01	 3.45e-02	 15	 13	117	  15	 1.21e-01	 2.10e-02	     0.34	 3.08e+00	 1.45e-01	 2.52e-02	 18	 18	127	   8	 6.41e-02	 2.41e-02	     0.17	 1.84e+00	 7.53e-02	 2.83e-02	 30	 24	 87	   5	 4.04e-02	 2.07e-02	     0.12      4.96e-02	 2.54e-02	 56	 36	 57	   5	  0.25	     0.19	   0.08	   1.31	 22	 20	103	4	   3	   0	-1	                                        	             	             	no SED fit, low 250 micron flux                                                                     
     225  192000.8-365937   19 20 00.86   -36 59 37.2     -999	 3.77e-02	 1.29e-02	     1.11	 8.76e+00	 1.47e-01	 5.04e-02	 31	 30	  8	   5	 9.44e-02	 1.95e-02	     0.67	 4.07e+00	 1.50e-01	 3.09e-02	 22	 13	179	  11	 8.67e-02	 1.45e-02	     0.37	 3.08e+00	 1.14e-01	 1.90e-02	 31	 18	154	   7	 7.10e-02	 1.53e-02	     0.31	 2.15e+00	 7.14e-02	 1.54e-02	 35	 24	165	-999	 4.19e-02	 8.36e-03	     0.16      2.84e-02	 5.68e-03	 36	 36	155	   6	  0.28	     0.31	   0.11	   0.90	 35	 18	156	3	   3	   0	-1	                                        	             	             	low 250 micron flux, low mass candidate                                                             
     226  192020.8-372745   19 20 20.80   -37 27 45.5     -999	 2.98e-02	 1.17e-02	     1.21	 6.08e+00	-1.24e-01	-4.86e-02	 31	 24	 40	  11	 2.34e-01	 2.00e-02	    48.52	 8.22e+00	 3.28e-01	 2.80e-02	 16	 14	  7	  17	 1.51e-01	 1.11e-02	   -64.85	 3.86e+00	 1.61e-01	 1.18e-02	 18	 18	129	  10	 9.12e-02	 1.15e-02	   -12.44	 2.37e+00	 8.20e-02	 1.03e-02	 24	 24	127	-999	 3.38e-02	 8.76e-03	     1.46      1.48e-02	 3.83e-03	 36	 36	164	   7	  0.32	     1.13	   0.08	   0.28	 18	 18	131	3	   0	   2	-1	                                        	             	             	spatially unresolved in col. dens, low mass candidate                                               
     227  192054.7-370108   19 20 54.75   -37 01 08.4        3	-2.98e-02	 1.09e-02	     1.27	-4.24e+00	-7.04e-02	 2.57e-02	 48	 12	136	   4	 2.45e-02	 2.75e-02	     0.13	 2.23e+00	 1.59e-01	 1.78e-01	 42	 23	132	   8	 8.36e-02	 2.11e-02	     0.24	 3.55e+00	 2.12e-01	 5.34e-02	 37	 21	121	  10	 7.95e-02	 3.28e-02	     0.21	 2.18e+00	 9.82e-02	 4.05e-02	 27	 24	110	   6	 6.23e-02	 3.88e-02	     0.17      5.12e-02	 3.19e-02	 36	 36	115	   7	  0.33	     0.23	   0.15	   1.42	 40	 22	163	3	   3	   0	 1	                                        	             	             	no SED fit                                                                                          
     228  192059.1-370004   19 20 59.18   -37 00 04.0     -999	 1.92e-02	 9.28e-03	     1.05	 9.55e+00	 1.65e+00	 7.99e-01	134	133	 27	   9	 7.69e-02	 2.47e-02	     0.38	 1.36e+01	 2.74e+00	 8.80e-01	126	 64	  4	  19	 2.01e-01	 2.30e-02	     0.61	 1.69e+01	 3.98e+00	 4.55e-01	 75	 70	 83	  19	 2.55e-01	 3.69e-02	     0.79	 1.26e+01	 3.32e+00	 4.80e-01	 81	 72	134	  18	 2.47e-01	 4.01e-02	     0.78      1.42e+00	 2.31e-01	 83	 68	119	  16	  0.72	     0.48	   0.56	   1.49	 76	 51	 80	4	   2	   0	 3	                                        	             	             	                                                                                                    
     229  192101.0-370457   19 21 01.02   -37 04 57.5        3	-2.74e-02	 1.03e-02	     1.34	-5.08e+00	-5.80e-03	 2.17e-03	 41	 18	 35	   3	-4.05e-02	 1.43e-02	    -0.23	-3.12e+00	-7.44e-02	 2.62e-02	 60	 15	  8	   9	 8.21e-02	 1.52e-02	     0.28	 3.64e+00	 2.43e-01	 4.50e-02	 37	 22	 79	   8	 7.65e-02	 3.07e-02	     0.25	 2.46e+00	 1.51e-01	 6.05e-02	 40	 25	 81	   4	 4.88e-02	 3.73e-02	     0.17      6.27e-02	 4.80e-02	 52	 36	 96	   8	  0.38	     0.33	   0.18	   1.14	 41	 24	 78	2	   3	   0	 1	                                        	             	             	no SED fit                                                                                          
     230  192121.0-370026   19 21 21.04   -37 00 26.9     -999	 1.30e-03	 5.73e-04	     1.29	 5.59e-01	 6.81e-02	 3.00e-02	 82	 64	 55	-999	 2.54e-02	 1.78e-02	     0.15	 4.30e+00	 1.02e+00	 7.14e-01	 81	 65	 69	   8	 4.47e-02	 1.32e-02	     0.14	 3.15e+00	 2.97e-01	 8.74e-02	 68	 38	112	   7	 6.60e-02	 2.08e-02	     0.22	 2.69e+00	 2.41e-01	 7.60e-02	 55	 38	 88	   8	 6.78e-02	 2.62e-02	     0.26      1.85e-01	 7.16e-02	 61	 52	 78	   8	  0.37	     0.33	   0.26	   1.11	 50	 46	 89	3	   3	   0	 1	                                        	             	             	no SED fit                                                                                          
     231  192134.7-363302   19 21 34.77   -36 33 02.1     -999	 1.70e-02	 1.18e-02	     0.72	 4.26e+00	 4.95e-02	 3.41e-02	 35	 31	 24	-999	 6.27e-02	 2.06e-02	     0.52	 5.66e+00	 4.40e-01	 1.45e-01	 37	 24	 98	  11	 1.09e-01	 1.18e-02	     0.43	 3.49e+00	 1.94e-01	 2.09e-02	 25	 18	 80	   8	 9.84e-02	 2.20e-02	     0.48	 2.73e+00	 1.50e-01	 3.36e-02	 28	 24	 63	   6	 8.86e-02	 2.46e-02	     0.40      1.13e-01	 3.13e-02	 42	 36	 93	   6	  0.35	     0.35	   0.17	   1.00	 30	 28	 12	3	   3	   0	 1	                                        	             	             	                                                                                                    
     232  192135.3-372023   19 21 35.37   -37 20 23.2     -999	 5.68e-03	 8.18e-03	     0.38	 1.00e+00	-2.58e-02	-3.72e-02	 27	 22	143	-999	 3.31e-02	 1.52e-02	     1.04	 3.12e+00	 1.24e-01	 5.70e-02	 35	 27	 39	  10	 9.28e-02	 1.04e-02	     3.35	 2.82e+00	 1.15e-01	 1.29e-02	 24	 18	 98	   7	 7.85e-02	 1.31e-02	     3.68	 2.04e+00	 6.71e-02	 1.12e-02	 24	 24	101	-999	 3.05e-02	 1.14e-02	     0.53      1.79e-02	 6.71e-03	 36	 36	131	   9	  0.46	     1.10	   0.12	   0.41	 19	 18	105	2	   0	   2	-1	                                        	             	             	no SED fit, low 250 micron flux                                                                     
     233  192140.6-363121   19 21 40.69   -36 31 21.6     -999	 6.15e-19	 1.00e-30	     0.00	 1.88e-16	 6.64e-18	 1.08e-29	 45	 37	 92	   5	 5.82e-02	 2.24e-02	     0.39	 2.47e+00	 9.27e-02	 3.57e-02	 22	 13	175	  11	 1.26e-01	 1.04e-02	     0.65	 6.30e+00	 3.81e-01	 3.13e-02	 42	 24	 95	   9	 1.19e-01	 1.07e-02	     0.65	 3.11e+00	 1.62e-01	 1.45e-02	 25	 25	155	   6	 1.01e-01	 1.57e-02	     0.54      1.34e-01	 2.07e-02	 52	 36	 86	   6	  0.37	     0.42	   0.10	   0.88	 20	 19	 33	4	   3	   0	 3	                                        	             	             	no SED fit                                                                                          
     234  192155.5-370826   19 21 55.56   -37 08 26.7     -999	 1.35e-02	 7.09e-03	     1.02	 3.13e+00	-6.66e-02	-3.51e-02	 31	 30	 20	-999	 4.97e-02	 1.73e-02	     0.34	 4.31e+00	 1.08e-01	 3.76e-02	 35	 24	 62	  15	 1.27e-01	 1.57e-02	     0.66	 3.22e+00	 1.13e-01	 1.39e-02	 18	 18	112	  14	 1.39e-01	 1.39e-02	     0.72	 3.62e+00	 1.00e-01	 1.00e-02	 24	 24	 94	   8	 8.76e-02	 1.32e-02	     0.51      7.24e-02	 1.09e-02	 36	 36	 72	  14	  0.72	     0.85	   0.20	   0.84	 20	 18	108	3	   3	   2	-1	                                        	             	             	low 250 micron flux                                                                                 
     235  192157.9-365622   19 21 57.91   -36 56 23.0     -999	 5.35e-03	 1.24e-03	     2.43	 1.82e+00	 6.75e-02	 1.57e-02	 51	 43	 74	   3	-3.28e-02	 1.13e-02	    -0.24	-2.24e+00	-7.80e-02	 2.69e-02	 40	 16	160	   7	 5.74e-02	 1.56e-02	     0.25	 3.35e+00	 2.25e-01	 6.12e-02	 43	 32	103	   6	 5.65e-02	 1.32e-02	     0.24	 1.76e+00	 9.09e-02	 2.12e-02	 38	 24	124	   4	 4.52e-02	 1.29e-02	     0.21      5.17e-02	 1.48e-02	 50	 36	106	   5	  0.26	     0.26	   0.10	   0.97	 33	 19	140	2	   3	   0	 1	                                        	             	             	no SED fit                                                                                          
     236  192214.9-365024   19 22 14.94   -36 50 24.0     -999	 7.58e-02	 1.44e-02	     1.22	 1.05e+01	 1.33e-01	 2.53e-02	 23	 18	 78	   8	 1.75e-01	 1.91e-02	     1.46	 4.99e+00	 1.98e-01	 2.16e-02	 13	 13	111	  17	 1.57e-01	 9.47e-03	     0.85	 3.94e+00	 1.21e-01	 7.32e-03	 18	 18	 15	   9	 7.93e-02	 1.00e-02	     0.43	 2.06e+00	 6.56e-02	 8.31e-03	 24	 24	 39	-999	 1.14e-02	 6.66e-03	     0.06      1.10e-02	 6.47e-03	 36	 36	166	   7	  0.36	     0.47	   0.09	   0.77	 18	 18	 73	3	   3	   0	-1	                                        	             	             	spatially unresolved in col. dens, low 250 micron flux, low mass candidate                          
     237  192221.7-365252   19 22 21.73   -36 52 52.9        3	-4.47e-03	 1.67e-03	     1.55	-5.66e-01	 2.58e-02	-9.67e-03	 30	 13	112	-999	 7.20e-02	 2.16e-02	     0.53	 5.58e+00	-4.17e-02	-1.25e-02	 28	 24	112	  13	 1.42e-01	 1.05e-02	     1.07	 3.57e+00	 1.14e-01	 8.38e-03	 18	 18	 61	  12	 1.13e-01	 7.96e-03	     0.82	 2.94e+00	 7.52e-02	 5.29e-03	 24	 24	160	   5	 6.17e-02	 1.29e-02	     0.48      3.73e-02	 7.78e-03	 36	 36	136	  13	  0.69	     0.96	   0.17	   0.71	 18	 18	 29	3	   3	   2	-1	                                        	             	             	spatially unresolved in col. dens, low 250 micron flux                                              
     238  192255.0-371214   19 22 55.04   -37 12 14.4        0	 0.00e+00	 0.00e+00	     0.00	 0.00e+00	 0.00e+00	 0.00e+00	  0	  0	  0	  14	 3.36e-01	 2.38e-02	     7.48	 9.56e+00	 2.93e-01	 2.08e-02	 13	 13	 49	  19	 1.77e-01	 1.75e-02	     3.04	 4.46e+00	 1.62e-01	 1.60e-02	 18	 18	 55	   7	 6.40e-02	 1.73e-02	     1.16	 1.66e+00	 5.78e-02	 1.56e-02	 24	 24	160	-999	 2.00e-02	 1.59e-02	     0.27      8.41e-03	 6.68e-03	 36	 36	 21	   6	  0.34	     0.81	   0.08	   0.42	 18	 18	 71	3	   0	   0	-1	                                        	             	             	spatially unresolved in col. dens, low mass candidate                                               
     239  192351.4-365301   19 23 51.49   -36 53 01.4     -999	 2.98e-02	 1.05e-02	     1.37	 4.72e+00	-8.62e-03	-3.06e-03	 30	 18	 47	-999	 7.67e-02	 2.02e-02	     1.28	 4.64e+00	 1.70e-01	 4.46e-02	 23	 20	 19	  16	 1.51e-01	 1.07e-02	     8.52	 3.79e+00	 1.23e-01	 8.77e-03	 18	 18	139	   9	 9.90e-02	 8.97e-03	     6.43	 2.57e+00	 6.94e-02	 6.29e-03	 24	 24	 91	-999	 9.61e-03	 9.75e-03	     0.33      8.99e-03	 9.12e-03	 36	 36	102	  10	  0.49	     1.15	   0.12	   0.43	 18	 18	 97	2	   0	   2	-1	                                        	             	             	no SED fit, spatially unresolved in col. dens, low 250 micron flux                                  
